map_id	from_code	to_code	from_area	to_area	count	d_total	share_of_map_d
1	B	A	AUS	AF	0	433	0
2	B	A	AUS	AF	0	440	0
3	B	A	AUS	AF	0	440	0
4	B	A	AUS	AF	0	434	0
5	B	A	AUS	AF	0	436	0
6	B	A	AUS	AF	0	437	0
7	B	A	AUS	AF	0	432	0
8	B	A	AUS	AF	0	442	0
9	B	A	AUS	AF	0	431	0
10	B	A	AUS	AF	0	433	0
11	B	A	AUS	AF	0	437	0
12	B	A	AUS	AF	0	436	0
13	B	A	AUS	AF	0	444	0
14	B	A	AUS	AF	0	442	0
15	B	A	AUS	AF	0	427	0
16	B	A	AUS	AF	0	444	0
17	B	A	AUS	AF	0	438	0
18	B	A	AUS	AF	0	440	0
19	B	A	AUS	AF	0	429	0
20	B	A	AUS	AF	0	430	0
21	B	A	AUS	AF	0	429	0
22	B	A	AUS	AF	0	435	0
23	B	A	AUS	AF	0	430	0
24	B	A	AUS	AF	0	443	0
25	B	A	AUS	AF	0	434	0
26	B	A	AUS	AF	0	438	0
27	B	A	AUS	AF	0	436	0
28	B	A	AUS	AF	0	438	0
29	B	A	AUS	AF	0	436	0
30	B	A	AUS	AF	0	439	0
31	B	A	AUS	AF	0	438	0
32	B	A	AUS	AF	0	439	0
33	B	A	AUS	AF	0	436	0
34	B	A	AUS	AF	0	438	0
35	B	A	AUS	AF	0	438	0
36	B	A	AUS	AF	0	440	0
37	B	A	AUS	AF	0	442	0
38	B	A	AUS	AF	0	437	0
39	B	A	AUS	AF	0	434	0
40	B	A	AUS	AF	0	442	0
41	B	A	AUS	AF	0	444	0
42	B	A	AUS	AF	0	427	0
43	B	A	AUS	AF	0	434	0
44	B	A	AUS	AF	0	430	0
45	B	A	AUS	AF	0	431	0
46	B	A	AUS	AF	0	429	0
47	B	A	AUS	AF	0	444	0
48	B	A	AUS	AF	0	441	0
49	B	A	AUS	AF	0	431	0
50	B	A	AUS	AF	0	424	0
51	B	A	AUS	AF	0	428	0
52	B	A	AUS	AF	0	428	0
53	B	A	AUS	AF	0	444	0
54	B	A	AUS	AF	0	439	0
55	B	A	AUS	AF	0	435	0
56	B	A	AUS	AF	0	437	0
57	B	A	AUS	AF	0	433	0
58	B	A	AUS	AF	0	441	0
59	B	A	AUS	AF	0	424	0
60	B	A	AUS	AF	0	440	0
61	B	A	AUS	AF	0	436	0
62	B	A	AUS	AF	0	422	0
63	B	A	AUS	AF	0	433	0
64	B	A	AUS	AF	0	433	0
65	B	A	AUS	AF	0	432	0
66	B	A	AUS	AF	0	445	0
67	B	A	AUS	AF	0	430	0
68	B	A	AUS	AF	0	438	0
69	B	A	AUS	AF	0	438	0
70	B	A	AUS	AF	0	439	0
71	B	A	AUS	AF	0	432	0
72	B	A	AUS	AF	0	436	0
73	B	A	AUS	AF	0	435	0
74	B	A	AUS	AF	0	436	0
75	B	A	AUS	AF	0	452	0
76	B	A	AUS	AF	0	441	0
77	B	A	AUS	AF	0	441	0
78	B	A	AUS	AF	0	435	0
79	B	A	AUS	AF	0	425	0
80	B	A	AUS	AF	0	440	0
81	B	A	AUS	AF	0	436	0
82	B	A	AUS	AF	0	435	0
83	B	A	AUS	AF	0	426	0
84	B	A	AUS	AF	0	447	0
85	B	A	AUS	AF	0	434	0
86	B	A	AUS	AF	0	431	0
87	B	A	AUS	AF	0	432	0
88	B	A	AUS	AF	0	445	0
89	B	A	AUS	AF	0	432	0
90	B	A	AUS	AF	0	431	0
91	B	A	AUS	AF	0	436	0
92	B	A	AUS	AF	0	442	0
93	B	A	AUS	AF	0	426	0
94	B	A	AUS	AF	0	426	0
95	B	A	AUS	AF	0	431	0
96	B	A	AUS	AF	0	439	0
97	B	A	AUS	AF	0	436	0
98	B	A	AUS	AF	0	433	0
99	B	A	AUS	AF	0	434	0
100	B	A	AUS	AF	0	439	0
101	B	A	AUS	AF	0	435	0
102	B	A	AUS	AF	0	448	0
103	B	A	AUS	AF	0	438	0
104	B	A	AUS	AF	0	431	0
105	B	A	AUS	AF	0	435	0
106	B	A	AUS	AF	0	435	0
107	B	A	AUS	AF	0	443	0
108	B	A	AUS	AF	0	426	0
109	B	A	AUS	AF	0	444	0
110	B	A	AUS	AF	0	427	0
111	B	A	AUS	AF	0	447	0
112	B	A	AUS	AF	0	436	0
113	B	A	AUS	AF	0	432	0
114	B	A	AUS	AF	0	442	0
115	B	A	AUS	AF	0	435	0
116	B	A	AUS	AF	0	445	0
117	B	A	AUS	AF	0	441	0
118	B	A	AUS	AF	0	436	0
119	B	A	AUS	AF	0	439	0
120	B	A	AUS	AF	0	451	0
121	B	A	AUS	AF	0	443	0
122	B	A	AUS	AF	0	432	0
123	B	A	AUS	AF	0	442	0
124	B	A	AUS	AF	0	437	0
125	B	A	AUS	AF	0	433	0
126	B	A	AUS	AF	0	438	0
127	B	A	AUS	AF	0	436	0
128	B	A	AUS	AF	0	436	0
129	B	A	AUS	AF	0	435	0
130	B	A	AUS	AF	0	433	0
131	B	A	AUS	AF	0	446	0
132	B	A	AUS	AF	0	442	0
133	B	A	AUS	AF	0	441	0
134	B	A	AUS	AF	0	444	0
135	B	A	AUS	AF	0	433	0
136	B	A	AUS	AF	0	432	0
137	B	A	AUS	AF	0	433	0
138	B	A	AUS	AF	0	438	0
139	B	A	AUS	AF	0	433	0
140	B	A	AUS	AF	0	433	0
141	B	A	AUS	AF	0	427	0
142	B	A	AUS	AF	0	425	0
143	B	A	AUS	AF	0	430	0
144	B	A	AUS	AF	0	434	0
145	B	A	AUS	AF	0	446	0
146	B	A	AUS	AF	0	439	0
147	B	A	AUS	AF	0	433	0
148	B	A	AUS	AF	0	437	0
149	B	A	AUS	AF	0	425	0
150	B	A	AUS	AF	0	440	0
151	B	A	AUS	AF	0	445	0
152	B	A	AUS	AF	0	435	0
153	B	A	AUS	AF	0	438	0
154	B	A	AUS	AF	0	445	0
155	B	A	AUS	AF	0	432	0
156	B	A	AUS	AF	0	429	0
157	B	A	AUS	AF	0	432	0
158	B	A	AUS	AF	0	435	0
159	B	A	AUS	AF	0	441	0
160	B	A	AUS	AF	0	439	0
161	B	A	AUS	AF	0	438	0
162	B	A	AUS	AF	0	436	0
163	B	A	AUS	AF	0	434	0
164	B	A	AUS	AF	0	437	0
165	B	A	AUS	AF	0	428	0
166	B	A	AUS	AF	0	436	0
167	B	A	AUS	AF	0	433	0
168	B	A	AUS	AF	0	435	0
169	B	A	AUS	AF	0	434	0
170	B	A	AUS	AF	0	432	0
171	B	A	AUS	AF	0	434	0
172	B	A	AUS	AF	0	444	0
173	B	A	AUS	AF	0	440	0
174	B	A	AUS	AF	0	435	0
175	B	A	AUS	AF	0	429	0
176	B	A	AUS	AF	0	437	0
177	B	A	AUS	AF	0	434	0
178	B	A	AUS	AF	0	442	0
179	B	A	AUS	AF	0	447	0
180	B	A	AUS	AF	0	442	0
181	B	A	AUS	AF	0	435	0
182	B	A	AUS	AF	0	441	0
183	B	A	AUS	AF	0	437	0
184	B	A	AUS	AF	0	436	0
185	B	A	AUS	AF	0	434	0
186	B	A	AUS	AF	0	437	0
187	B	A	AUS	AF	0	433	0
188	B	A	AUS	AF	0	430	0
189	B	A	AUS	AF	0	443	0
190	B	A	AUS	AF	0	434	0
191	B	A	AUS	AF	0	429	0
192	B	A	AUS	AF	0	430	0
193	B	A	AUS	AF	0	431	0
194	B	A	AUS	AF	0	423	0
195	B	A	AUS	AF	0	433	0
196	B	A	AUS	AF	0	436	0
197	B	A	AUS	AF	0	444	0
198	B	A	AUS	AF	0	446	0
199	B	A	AUS	AF	0	434	0
200	B	A	AUS	AF	0	431	0
201	B	A	AUS	AF	0	435	0
202	B	A	AUS	AF	0	427	0
203	B	A	AUS	AF	0	433	0
204	B	A	AUS	AF	0	437	0
205	B	A	AUS	AF	0	431	0
206	B	A	AUS	AF	0	435	0
207	B	A	AUS	AF	0	442	0
208	B	A	AUS	AF	0	434	0
209	B	A	AUS	AF	0	438	0
210	B	A	AUS	AF	0	434	0
211	B	A	AUS	AF	0	440	0
212	B	A	AUS	AF	0	447	0
213	B	A	AUS	AF	0	436	0
214	B	A	AUS	AF	0	428	0
215	B	A	AUS	AF	0	448	0
216	B	A	AUS	AF	0	442	0
217	B	A	AUS	AF	0	433	0
218	B	A	AUS	AF	0	431	0
219	B	A	AUS	AF	0	434	0
220	B	A	AUS	AF	0	445	0
221	B	A	AUS	AF	0	422	0
222	B	A	AUS	AF	0	425	0
223	B	A	AUS	AF	0	431	0
224	B	A	AUS	AF	0	432	0
225	B	A	AUS	AF	0	431	0
226	B	A	AUS	AF	0	430	0
227	B	A	AUS	AF	0	441	0
228	B	A	AUS	AF	0	444	0
229	B	A	AUS	AF	0	446	0
230	B	A	AUS	AF	0	439	0
231	B	A	AUS	AF	0	435	0
232	B	A	AUS	AF	0	434	0
233	B	A	AUS	AF	0	437	0
234	B	A	AUS	AF	0	435	0
235	B	A	AUS	AF	0	434	0
236	B	A	AUS	AF	0	431	0
237	B	A	AUS	AF	0	447	0
238	B	A	AUS	AF	0	438	0
239	B	A	AUS	AF	0	427	0
240	B	A	AUS	AF	0	437	0
241	B	A	AUS	AF	0	431	0
242	B	A	AUS	AF	0	441	0
243	B	A	AUS	AF	0	440	0
244	B	A	AUS	AF	0	438	0
245	B	A	AUS	AF	0	435	0
246	B	A	AUS	AF	0	441	0
247	B	A	AUS	AF	0	433	0
248	B	A	AUS	AF	0	435	0
249	B	A	AUS	AF	0	445	0
250	B	A	AUS	AF	0	431	0
251	B	A	AUS	AF	0	444	0
252	B	A	AUS	AF	0	439	0
253	B	A	AUS	AF	0	431	0
254	B	A	AUS	AF	0	428	0
255	B	A	AUS	AF	0	436	0
256	B	A	AUS	AF	0	431	0
257	B	A	AUS	AF	0	436	0
258	B	A	AUS	AF	0	440	0
259	B	A	AUS	AF	0	436	0
260	B	A	AUS	AF	0	431	0
261	B	A	AUS	AF	0	445	0
262	B	A	AUS	AF	0	435	0
263	B	A	AUS	AF	0	430	0
264	B	A	AUS	AF	0	438	0
265	B	A	AUS	AF	0	434	0
266	B	A	AUS	AF	0	429	0
267	B	A	AUS	AF	0	437	0
268	B	A	AUS	AF	0	431	0
269	B	A	AUS	AF	0	433	0
270	B	A	AUS	AF	0	430	0
271	B	A	AUS	AF	0	428	0
272	B	A	AUS	AF	0	433	0
273	B	A	AUS	AF	0	438	0
274	B	A	AUS	AF	0	435	0
275	B	A	AUS	AF	0	443	0
276	B	A	AUS	AF	0	425	0
277	B	A	AUS	AF	0	433	0
278	B	A	AUS	AF	0	439	0
279	B	A	AUS	AF	0	434	0
280	B	A	AUS	AF	0	434	0
281	B	A	AUS	AF	0	446	0
282	B	A	AUS	AF	0	440	0
283	B	A	AUS	AF	0	430	0
284	B	A	AUS	AF	0	437	0
285	B	A	AUS	AF	0	430	0
286	B	A	AUS	AF	0	425	0
287	B	A	AUS	AF	0	430	0
288	B	A	AUS	AF	0	444	0
289	B	A	AUS	AF	0	435	0
290	B	A	AUS	AF	0	426	0
291	B	A	AUS	AF	0	434	0
292	B	A	AUS	AF	0	427	0
293	B	A	AUS	AF	0	437	0
294	B	A	AUS	AF	0	437	0
295	B	A	AUS	AF	0	436	0
296	B	A	AUS	AF	0	432	0
297	B	A	AUS	AF	0	441	0
298	B	A	AUS	AF	0	437	0
299	B	A	AUS	AF	0	431	0
300	B	A	AUS	AF	0	435	0
1	C	A	CAM	AF	0	433	0
2	C	A	CAM	AF	0	440	0
3	C	A	CAM	AF	0	440	0
4	C	A	CAM	AF	0	434	0
5	C	A	CAM	AF	0	436	0
6	C	A	CAM	AF	0	437	0
7	C	A	CAM	AF	0	432	0
8	C	A	CAM	AF	0	442	0
9	C	A	CAM	AF	0	431	0
10	C	A	CAM	AF	0	433	0
11	C	A	CAM	AF	0	437	0
12	C	A	CAM	AF	0	436	0
13	C	A	CAM	AF	0	444	0
14	C	A	CAM	AF	0	442	0
15	C	A	CAM	AF	0	427	0
16	C	A	CAM	AF	0	444	0
17	C	A	CAM	AF	0	438	0
18	C	A	CAM	AF	0	440	0
19	C	A	CAM	AF	0	429	0
20	C	A	CAM	AF	0	430	0
21	C	A	CAM	AF	0	429	0
22	C	A	CAM	AF	0	435	0
23	C	A	CAM	AF	0	430	0
24	C	A	CAM	AF	0	443	0
25	C	A	CAM	AF	0	434	0
26	C	A	CAM	AF	0	438	0
27	C	A	CAM	AF	0	436	0
28	C	A	CAM	AF	0	438	0
29	C	A	CAM	AF	0	436	0
30	C	A	CAM	AF	0	439	0
31	C	A	CAM	AF	0	438	0
32	C	A	CAM	AF	0	439	0
33	C	A	CAM	AF	0	436	0
34	C	A	CAM	AF	0	438	0
35	C	A	CAM	AF	0	438	0
36	C	A	CAM	AF	0	440	0
37	C	A	CAM	AF	0	442	0
38	C	A	CAM	AF	0	437	0
39	C	A	CAM	AF	0	434	0
40	C	A	CAM	AF	0	442	0
41	C	A	CAM	AF	0	444	0
42	C	A	CAM	AF	0	427	0
43	C	A	CAM	AF	0	434	0
44	C	A	CAM	AF	0	430	0
45	C	A	CAM	AF	0	431	0
46	C	A	CAM	AF	0	429	0
47	C	A	CAM	AF	0	444	0
48	C	A	CAM	AF	0	441	0
49	C	A	CAM	AF	0	431	0
50	C	A	CAM	AF	0	424	0
51	C	A	CAM	AF	0	428	0
52	C	A	CAM	AF	0	428	0
53	C	A	CAM	AF	0	444	0
54	C	A	CAM	AF	0	439	0
55	C	A	CAM	AF	0	435	0
56	C	A	CAM	AF	0	437	0
57	C	A	CAM	AF	0	433	0
58	C	A	CAM	AF	0	441	0
59	C	A	CAM	AF	0	424	0
60	C	A	CAM	AF	0	440	0
61	C	A	CAM	AF	0	436	0
62	C	A	CAM	AF	0	422	0
63	C	A	CAM	AF	0	433	0
64	C	A	CAM	AF	0	433	0
65	C	A	CAM	AF	0	432	0
66	C	A	CAM	AF	0	445	0
67	C	A	CAM	AF	0	430	0
68	C	A	CAM	AF	0	438	0
69	C	A	CAM	AF	0	438	0
70	C	A	CAM	AF	0	439	0
71	C	A	CAM	AF	0	432	0
72	C	A	CAM	AF	0	436	0
73	C	A	CAM	AF	0	435	0
74	C	A	CAM	AF	0	436	0
75	C	A	CAM	AF	0	452	0
76	C	A	CAM	AF	0	441	0
77	C	A	CAM	AF	0	441	0
78	C	A	CAM	AF	0	435	0
79	C	A	CAM	AF	0	425	0
80	C	A	CAM	AF	0	440	0
81	C	A	CAM	AF	0	436	0
82	C	A	CAM	AF	0	435	0
83	C	A	CAM	AF	0	426	0
84	C	A	CAM	AF	0	447	0
85	C	A	CAM	AF	0	434	0
86	C	A	CAM	AF	0	431	0
87	C	A	CAM	AF	0	432	0
88	C	A	CAM	AF	0	445	0
89	C	A	CAM	AF	0	432	0
90	C	A	CAM	AF	0	431	0
91	C	A	CAM	AF	0	436	0
92	C	A	CAM	AF	0	442	0
93	C	A	CAM	AF	0	426	0
94	C	A	CAM	AF	0	426	0
95	C	A	CAM	AF	0	431	0
96	C	A	CAM	AF	0	439	0
97	C	A	CAM	AF	0	436	0
98	C	A	CAM	AF	0	433	0
99	C	A	CAM	AF	0	434	0
100	C	A	CAM	AF	0	439	0
101	C	A	CAM	AF	0	435	0
102	C	A	CAM	AF	0	448	0
103	C	A	CAM	AF	0	438	0
104	C	A	CAM	AF	0	431	0
105	C	A	CAM	AF	0	435	0
106	C	A	CAM	AF	0	435	0
107	C	A	CAM	AF	0	443	0
108	C	A	CAM	AF	0	426	0
109	C	A	CAM	AF	0	444	0
110	C	A	CAM	AF	0	427	0
111	C	A	CAM	AF	0	447	0
112	C	A	CAM	AF	0	436	0
113	C	A	CAM	AF	0	432	0
114	C	A	CAM	AF	0	442	0
115	C	A	CAM	AF	0	435	0
116	C	A	CAM	AF	0	445	0
117	C	A	CAM	AF	0	441	0
118	C	A	CAM	AF	0	436	0
119	C	A	CAM	AF	0	439	0
120	C	A	CAM	AF	0	451	0
121	C	A	CAM	AF	0	443	0
122	C	A	CAM	AF	0	432	0
123	C	A	CAM	AF	0	442	0
124	C	A	CAM	AF	0	437	0
125	C	A	CAM	AF	0	433	0
126	C	A	CAM	AF	0	438	0
127	C	A	CAM	AF	0	436	0
128	C	A	CAM	AF	0	436	0
129	C	A	CAM	AF	0	435	0
130	C	A	CAM	AF	0	433	0
131	C	A	CAM	AF	0	446	0
132	C	A	CAM	AF	0	442	0
133	C	A	CAM	AF	0	441	0
134	C	A	CAM	AF	0	444	0
135	C	A	CAM	AF	0	433	0
136	C	A	CAM	AF	0	432	0
137	C	A	CAM	AF	0	433	0
138	C	A	CAM	AF	0	438	0
139	C	A	CAM	AF	0	433	0
140	C	A	CAM	AF	0	433	0
141	C	A	CAM	AF	0	427	0
142	C	A	CAM	AF	0	425	0
143	C	A	CAM	AF	0	430	0
144	C	A	CAM	AF	0	434	0
145	C	A	CAM	AF	0	446	0
146	C	A	CAM	AF	0	439	0
147	C	A	CAM	AF	0	433	0
148	C	A	CAM	AF	0	437	0
149	C	A	CAM	AF	0	425	0
150	C	A	CAM	AF	0	440	0
151	C	A	CAM	AF	0	445	0
152	C	A	CAM	AF	0	435	0
153	C	A	CAM	AF	0	438	0
154	C	A	CAM	AF	0	445	0
155	C	A	CAM	AF	0	432	0
156	C	A	CAM	AF	0	429	0
157	C	A	CAM	AF	0	432	0
158	C	A	CAM	AF	0	435	0
159	C	A	CAM	AF	0	441	0
160	C	A	CAM	AF	0	439	0
161	C	A	CAM	AF	0	438	0
162	C	A	CAM	AF	0	436	0
163	C	A	CAM	AF	0	434	0
164	C	A	CAM	AF	0	437	0
165	C	A	CAM	AF	0	428	0
166	C	A	CAM	AF	0	436	0
167	C	A	CAM	AF	0	433	0
168	C	A	CAM	AF	0	435	0
169	C	A	CAM	AF	0	434	0
170	C	A	CAM	AF	0	432	0
171	C	A	CAM	AF	0	434	0
172	C	A	CAM	AF	0	444	0
173	C	A	CAM	AF	0	440	0
174	C	A	CAM	AF	0	435	0
175	C	A	CAM	AF	0	429	0
176	C	A	CAM	AF	0	437	0
177	C	A	CAM	AF	0	434	0
178	C	A	CAM	AF	0	442	0
179	C	A	CAM	AF	0	447	0
180	C	A	CAM	AF	0	442	0
181	C	A	CAM	AF	0	435	0
182	C	A	CAM	AF	0	441	0
183	C	A	CAM	AF	0	437	0
184	C	A	CAM	AF	0	436	0
185	C	A	CAM	AF	0	434	0
186	C	A	CAM	AF	0	437	0
187	C	A	CAM	AF	0	433	0
188	C	A	CAM	AF	0	430	0
189	C	A	CAM	AF	0	443	0
190	C	A	CAM	AF	0	434	0
191	C	A	CAM	AF	0	429	0
192	C	A	CAM	AF	0	430	0
193	C	A	CAM	AF	0	431	0
194	C	A	CAM	AF	0	423	0
195	C	A	CAM	AF	0	433	0
196	C	A	CAM	AF	0	436	0
197	C	A	CAM	AF	0	444	0
198	C	A	CAM	AF	0	446	0
199	C	A	CAM	AF	0	434	0
200	C	A	CAM	AF	0	431	0
201	C	A	CAM	AF	0	435	0
202	C	A	CAM	AF	0	427	0
203	C	A	CAM	AF	0	433	0
204	C	A	CAM	AF	0	437	0
205	C	A	CAM	AF	0	431	0
206	C	A	CAM	AF	0	435	0
207	C	A	CAM	AF	0	442	0
208	C	A	CAM	AF	0	434	0
209	C	A	CAM	AF	0	438	0
210	C	A	CAM	AF	0	434	0
211	C	A	CAM	AF	0	440	0
212	C	A	CAM	AF	0	447	0
213	C	A	CAM	AF	0	436	0
214	C	A	CAM	AF	0	428	0
215	C	A	CAM	AF	0	448	0
216	C	A	CAM	AF	0	442	0
217	C	A	CAM	AF	0	433	0
218	C	A	CAM	AF	0	431	0
219	C	A	CAM	AF	0	434	0
220	C	A	CAM	AF	0	445	0
221	C	A	CAM	AF	0	422	0
222	C	A	CAM	AF	0	425	0
223	C	A	CAM	AF	0	431	0
224	C	A	CAM	AF	0	432	0
225	C	A	CAM	AF	0	431	0
226	C	A	CAM	AF	0	430	0
227	C	A	CAM	AF	0	441	0
228	C	A	CAM	AF	0	444	0
229	C	A	CAM	AF	0	446	0
230	C	A	CAM	AF	0	439	0
231	C	A	CAM	AF	0	435	0
232	C	A	CAM	AF	0	434	0
233	C	A	CAM	AF	0	437	0
234	C	A	CAM	AF	0	435	0
235	C	A	CAM	AF	0	434	0
236	C	A	CAM	AF	0	431	0
237	C	A	CAM	AF	0	447	0
238	C	A	CAM	AF	0	438	0
239	C	A	CAM	AF	0	427	0
240	C	A	CAM	AF	0	437	0
241	C	A	CAM	AF	0	431	0
242	C	A	CAM	AF	0	441	0
243	C	A	CAM	AF	0	440	0
244	C	A	CAM	AF	0	438	0
245	C	A	CAM	AF	0	435	0
246	C	A	CAM	AF	0	441	0
247	C	A	CAM	AF	0	433	0
248	C	A	CAM	AF	0	435	0
249	C	A	CAM	AF	0	445	0
250	C	A	CAM	AF	0	431	0
251	C	A	CAM	AF	0	444	0
252	C	A	CAM	AF	0	439	0
253	C	A	CAM	AF	0	431	0
254	C	A	CAM	AF	0	428	0
255	C	A	CAM	AF	0	436	0
256	C	A	CAM	AF	0	431	0
257	C	A	CAM	AF	0	436	0
258	C	A	CAM	AF	0	440	0
259	C	A	CAM	AF	0	436	0
260	C	A	CAM	AF	0	431	0
261	C	A	CAM	AF	0	445	0
262	C	A	CAM	AF	0	435	0
263	C	A	CAM	AF	0	430	0
264	C	A	CAM	AF	0	438	0
265	C	A	CAM	AF	0	434	0
266	C	A	CAM	AF	0	429	0
267	C	A	CAM	AF	0	437	0
268	C	A	CAM	AF	0	431	0
269	C	A	CAM	AF	0	433	0
270	C	A	CAM	AF	0	430	0
271	C	A	CAM	AF	0	428	0
272	C	A	CAM	AF	0	433	0
273	C	A	CAM	AF	0	438	0
274	C	A	CAM	AF	0	435	0
275	C	A	CAM	AF	0	443	0
276	C	A	CAM	AF	0	425	0
277	C	A	CAM	AF	0	433	0
278	C	A	CAM	AF	0	439	0
279	C	A	CAM	AF	0	434	0
280	C	A	CAM	AF	0	434	0
281	C	A	CAM	AF	0	446	0
282	C	A	CAM	AF	0	440	0
283	C	A	CAM	AF	0	430	0
284	C	A	CAM	AF	0	437	0
285	C	A	CAM	AF	0	430	0
286	C	A	CAM	AF	0	425	0
287	C	A	CAM	AF	0	430	0
288	C	A	CAM	AF	0	444	0
289	C	A	CAM	AF	0	435	0
290	C	A	CAM	AF	0	426	0
291	C	A	CAM	AF	0	434	0
292	C	A	CAM	AF	0	427	0
293	C	A	CAM	AF	0	437	0
294	C	A	CAM	AF	0	437	0
295	C	A	CAM	AF	0	436	0
296	C	A	CAM	AF	0	432	0
297	C	A	CAM	AF	0	441	0
298	C	A	CAM	AF	0	437	0
299	C	A	CAM	AF	0	431	0
300	C	A	CAM	AF	0	435	0
1	D	A	ENA	AF	0	433	0
2	D	A	ENA	AF	0	440	0
3	D	A	ENA	AF	0	440	0
4	D	A	ENA	AF	0	434	0
5	D	A	ENA	AF	0	436	0
6	D	A	ENA	AF	0	437	0
7	D	A	ENA	AF	0	432	0
8	D	A	ENA	AF	0	442	0
9	D	A	ENA	AF	0	431	0
10	D	A	ENA	AF	0	433	0
11	D	A	ENA	AF	0	437	0
12	D	A	ENA	AF	0	436	0
13	D	A	ENA	AF	0	444	0
14	D	A	ENA	AF	0	442	0
15	D	A	ENA	AF	0	427	0
16	D	A	ENA	AF	0	444	0
17	D	A	ENA	AF	0	438	0
18	D	A	ENA	AF	0	440	0
19	D	A	ENA	AF	0	429	0
20	D	A	ENA	AF	0	430	0
21	D	A	ENA	AF	0	429	0
22	D	A	ENA	AF	0	435	0
23	D	A	ENA	AF	0	430	0
24	D	A	ENA	AF	0	443	0
25	D	A	ENA	AF	0	434	0
26	D	A	ENA	AF	0	438	0
27	D	A	ENA	AF	0	436	0
28	D	A	ENA	AF	0	438	0
29	D	A	ENA	AF	0	436	0
30	D	A	ENA	AF	0	439	0
31	D	A	ENA	AF	0	438	0
32	D	A	ENA	AF	0	439	0
33	D	A	ENA	AF	0	436	0
34	D	A	ENA	AF	0	438	0
35	D	A	ENA	AF	0	438	0
36	D	A	ENA	AF	0	440	0
37	D	A	ENA	AF	0	442	0
38	D	A	ENA	AF	0	437	0
39	D	A	ENA	AF	0	434	0
40	D	A	ENA	AF	0	442	0
41	D	A	ENA	AF	0	444	0
42	D	A	ENA	AF	0	427	0
43	D	A	ENA	AF	0	434	0
44	D	A	ENA	AF	0	430	0
45	D	A	ENA	AF	0	431	0
46	D	A	ENA	AF	0	429	0
47	D	A	ENA	AF	0	444	0
48	D	A	ENA	AF	0	441	0
49	D	A	ENA	AF	0	431	0
50	D	A	ENA	AF	0	424	0
51	D	A	ENA	AF	0	428	0
52	D	A	ENA	AF	0	428	0
53	D	A	ENA	AF	0	444	0
54	D	A	ENA	AF	0	439	0
55	D	A	ENA	AF	0	435	0
56	D	A	ENA	AF	0	437	0
57	D	A	ENA	AF	0	433	0
58	D	A	ENA	AF	0	441	0
59	D	A	ENA	AF	0	424	0
60	D	A	ENA	AF	0	440	0
61	D	A	ENA	AF	0	436	0
62	D	A	ENA	AF	0	422	0
63	D	A	ENA	AF	0	433	0
64	D	A	ENA	AF	0	433	0
65	D	A	ENA	AF	0	432	0
66	D	A	ENA	AF	0	445	0
67	D	A	ENA	AF	0	430	0
68	D	A	ENA	AF	0	438	0
69	D	A	ENA	AF	0	438	0
70	D	A	ENA	AF	0	439	0
71	D	A	ENA	AF	0	432	0
72	D	A	ENA	AF	0	436	0
73	D	A	ENA	AF	0	435	0
74	D	A	ENA	AF	0	436	0
75	D	A	ENA	AF	0	452	0
76	D	A	ENA	AF	0	441	0
77	D	A	ENA	AF	0	441	0
78	D	A	ENA	AF	0	435	0
79	D	A	ENA	AF	0	425	0
80	D	A	ENA	AF	0	440	0
81	D	A	ENA	AF	0	436	0
82	D	A	ENA	AF	0	435	0
83	D	A	ENA	AF	0	426	0
84	D	A	ENA	AF	0	447	0
85	D	A	ENA	AF	0	434	0
86	D	A	ENA	AF	0	431	0
87	D	A	ENA	AF	0	432	0
88	D	A	ENA	AF	0	445	0
89	D	A	ENA	AF	0	432	0
90	D	A	ENA	AF	0	431	0
91	D	A	ENA	AF	0	436	0
92	D	A	ENA	AF	0	442	0
93	D	A	ENA	AF	0	426	0
94	D	A	ENA	AF	0	426	0
95	D	A	ENA	AF	0	431	0
96	D	A	ENA	AF	0	439	0
97	D	A	ENA	AF	0	436	0
98	D	A	ENA	AF	0	433	0
99	D	A	ENA	AF	0	434	0
100	D	A	ENA	AF	0	439	0
101	D	A	ENA	AF	0	435	0
102	D	A	ENA	AF	0	448	0
103	D	A	ENA	AF	0	438	0
104	D	A	ENA	AF	0	431	0
105	D	A	ENA	AF	0	435	0
106	D	A	ENA	AF	0	435	0
107	D	A	ENA	AF	0	443	0
108	D	A	ENA	AF	0	426	0
109	D	A	ENA	AF	0	444	0
110	D	A	ENA	AF	0	427	0
111	D	A	ENA	AF	0	447	0
112	D	A	ENA	AF	0	436	0
113	D	A	ENA	AF	0	432	0
114	D	A	ENA	AF	0	442	0
115	D	A	ENA	AF	0	435	0
116	D	A	ENA	AF	0	445	0
117	D	A	ENA	AF	0	441	0
118	D	A	ENA	AF	0	436	0
119	D	A	ENA	AF	0	439	0
120	D	A	ENA	AF	0	451	0
121	D	A	ENA	AF	0	443	0
122	D	A	ENA	AF	0	432	0
123	D	A	ENA	AF	0	442	0
124	D	A	ENA	AF	0	437	0
125	D	A	ENA	AF	0	433	0
126	D	A	ENA	AF	0	438	0
127	D	A	ENA	AF	0	436	0
128	D	A	ENA	AF	0	436	0
129	D	A	ENA	AF	0	435	0
130	D	A	ENA	AF	0	433	0
131	D	A	ENA	AF	0	446	0
132	D	A	ENA	AF	0	442	0
133	D	A	ENA	AF	0	441	0
134	D	A	ENA	AF	0	444	0
135	D	A	ENA	AF	0	433	0
136	D	A	ENA	AF	0	432	0
137	D	A	ENA	AF	0	433	0
138	D	A	ENA	AF	0	438	0
139	D	A	ENA	AF	0	433	0
140	D	A	ENA	AF	0	433	0
141	D	A	ENA	AF	0	427	0
142	D	A	ENA	AF	0	425	0
143	D	A	ENA	AF	0	430	0
144	D	A	ENA	AF	0	434	0
145	D	A	ENA	AF	0	446	0
146	D	A	ENA	AF	0	439	0
147	D	A	ENA	AF	0	433	0
148	D	A	ENA	AF	0	437	0
149	D	A	ENA	AF	0	425	0
150	D	A	ENA	AF	0	440	0
151	D	A	ENA	AF	0	445	0
152	D	A	ENA	AF	0	435	0
153	D	A	ENA	AF	0	438	0
154	D	A	ENA	AF	0	445	0
155	D	A	ENA	AF	0	432	0
156	D	A	ENA	AF	0	429	0
157	D	A	ENA	AF	0	432	0
158	D	A	ENA	AF	0	435	0
159	D	A	ENA	AF	0	441	0
160	D	A	ENA	AF	0	439	0
161	D	A	ENA	AF	0	438	0
162	D	A	ENA	AF	0	436	0
163	D	A	ENA	AF	0	434	0
164	D	A	ENA	AF	0	437	0
165	D	A	ENA	AF	0	428	0
166	D	A	ENA	AF	0	436	0
167	D	A	ENA	AF	0	433	0
168	D	A	ENA	AF	0	435	0
169	D	A	ENA	AF	0	434	0
170	D	A	ENA	AF	0	432	0
171	D	A	ENA	AF	0	434	0
172	D	A	ENA	AF	0	444	0
173	D	A	ENA	AF	0	440	0
174	D	A	ENA	AF	0	435	0
175	D	A	ENA	AF	0	429	0
176	D	A	ENA	AF	0	437	0
177	D	A	ENA	AF	0	434	0
178	D	A	ENA	AF	0	442	0
179	D	A	ENA	AF	0	447	0
180	D	A	ENA	AF	0	442	0
181	D	A	ENA	AF	0	435	0
182	D	A	ENA	AF	0	441	0
183	D	A	ENA	AF	0	437	0
184	D	A	ENA	AF	0	436	0
185	D	A	ENA	AF	0	434	0
186	D	A	ENA	AF	0	437	0
187	D	A	ENA	AF	0	433	0
188	D	A	ENA	AF	0	430	0
189	D	A	ENA	AF	0	443	0
190	D	A	ENA	AF	0	434	0
191	D	A	ENA	AF	0	429	0
192	D	A	ENA	AF	0	430	0
193	D	A	ENA	AF	0	431	0
194	D	A	ENA	AF	0	423	0
195	D	A	ENA	AF	0	433	0
196	D	A	ENA	AF	0	436	0
197	D	A	ENA	AF	0	444	0
198	D	A	ENA	AF	0	446	0
199	D	A	ENA	AF	0	434	0
200	D	A	ENA	AF	0	431	0
201	D	A	ENA	AF	0	435	0
202	D	A	ENA	AF	0	427	0
203	D	A	ENA	AF	0	433	0
204	D	A	ENA	AF	0	437	0
205	D	A	ENA	AF	0	431	0
206	D	A	ENA	AF	0	435	0
207	D	A	ENA	AF	0	442	0
208	D	A	ENA	AF	0	434	0
209	D	A	ENA	AF	0	438	0
210	D	A	ENA	AF	0	434	0
211	D	A	ENA	AF	0	440	0
212	D	A	ENA	AF	0	447	0
213	D	A	ENA	AF	0	436	0
214	D	A	ENA	AF	0	428	0
215	D	A	ENA	AF	0	448	0
216	D	A	ENA	AF	0	442	0
217	D	A	ENA	AF	0	433	0
218	D	A	ENA	AF	0	431	0
219	D	A	ENA	AF	0	434	0
220	D	A	ENA	AF	0	445	0
221	D	A	ENA	AF	0	422	0
222	D	A	ENA	AF	0	425	0
223	D	A	ENA	AF	0	431	0
224	D	A	ENA	AF	0	432	0
225	D	A	ENA	AF	0	431	0
226	D	A	ENA	AF	0	430	0
227	D	A	ENA	AF	0	441	0
228	D	A	ENA	AF	0	444	0
229	D	A	ENA	AF	0	446	0
230	D	A	ENA	AF	0	439	0
231	D	A	ENA	AF	0	435	0
232	D	A	ENA	AF	0	434	0
233	D	A	ENA	AF	0	437	0
234	D	A	ENA	AF	0	435	0
235	D	A	ENA	AF	0	434	0
236	D	A	ENA	AF	0	431	0
237	D	A	ENA	AF	0	447	0
238	D	A	ENA	AF	0	438	0
239	D	A	ENA	AF	0	427	0
240	D	A	ENA	AF	0	437	0
241	D	A	ENA	AF	0	431	0
242	D	A	ENA	AF	0	441	0
243	D	A	ENA	AF	0	440	0
244	D	A	ENA	AF	0	438	0
245	D	A	ENA	AF	0	435	0
246	D	A	ENA	AF	0	441	0
247	D	A	ENA	AF	0	433	0
248	D	A	ENA	AF	0	435	0
249	D	A	ENA	AF	0	445	0
250	D	A	ENA	AF	0	431	0
251	D	A	ENA	AF	0	444	0
252	D	A	ENA	AF	0	439	0
253	D	A	ENA	AF	0	431	0
254	D	A	ENA	AF	0	428	0
255	D	A	ENA	AF	0	436	0
256	D	A	ENA	AF	0	431	0
257	D	A	ENA	AF	0	436	0
258	D	A	ENA	AF	0	440	0
259	D	A	ENA	AF	0	436	0
260	D	A	ENA	AF	0	431	0
261	D	A	ENA	AF	0	445	0
262	D	A	ENA	AF	0	435	0
263	D	A	ENA	AF	0	430	0
264	D	A	ENA	AF	0	438	0
265	D	A	ENA	AF	0	434	0
266	D	A	ENA	AF	0	429	0
267	D	A	ENA	AF	0	437	0
268	D	A	ENA	AF	0	431	0
269	D	A	ENA	AF	0	433	0
270	D	A	ENA	AF	0	430	0
271	D	A	ENA	AF	0	428	0
272	D	A	ENA	AF	0	433	0
273	D	A	ENA	AF	0	438	0
274	D	A	ENA	AF	0	435	0
275	D	A	ENA	AF	0	443	0
276	D	A	ENA	AF	0	425	0
277	D	A	ENA	AF	0	433	0
278	D	A	ENA	AF	0	439	0
279	D	A	ENA	AF	0	434	0
280	D	A	ENA	AF	0	434	0
281	D	A	ENA	AF	0	446	0
282	D	A	ENA	AF	0	440	0
283	D	A	ENA	AF	0	430	0
284	D	A	ENA	AF	0	437	0
285	D	A	ENA	AF	0	430	0
286	D	A	ENA	AF	0	425	0
287	D	A	ENA	AF	0	430	0
288	D	A	ENA	AF	0	444	0
289	D	A	ENA	AF	0	435	0
290	D	A	ENA	AF	0	426	0
291	D	A	ENA	AF	0	434	0
292	D	A	ENA	AF	0	427	0
293	D	A	ENA	AF	0	437	0
294	D	A	ENA	AF	0	437	0
295	D	A	ENA	AF	0	436	0
296	D	A	ENA	AF	0	432	0
297	D	A	ENA	AF	0	441	0
298	D	A	ENA	AF	0	437	0
299	D	A	ENA	AF	0	431	0
300	D	A	ENA	AF	0	435	0
1	E	A	EPA	AF	4	433	0.0092378752886836026
2	E	A	EPA	AF	2	440	0.0045454545454545452
3	E	A	EPA	AF	2	440	0.0045454545454545452
4	E	A	EPA	AF	3	434	0.0069124423963133645
5	E	A	EPA	AF	4	436	0.0091743119266055051
6	E	A	EPA	AF	3	437	0.0068649885583524023
7	E	A	EPA	AF	5	432	0.011574074074074073
8	E	A	EPA	AF	5	442	0.011312217194570135
9	E	A	EPA	AF	4	431	0.0092807424593967514
10	E	A	EPA	AF	3	433	0.0069284064665127024
11	E	A	EPA	AF	3	437	0.0068649885583524023
12	E	A	EPA	AF	4	436	0.0091743119266055051
13	E	A	EPA	AF	1	444	0.0022522522522522522
14	E	A	EPA	AF	4	442	0.0090497737556561094
15	E	A	EPA	AF	3	427	0.0070257611241217799
16	E	A	EPA	AF	4	444	0.0090090090090090089
17	E	A	EPA	AF	5	438	0.011415525114155251
18	E	A	EPA	AF	3	440	0.0068181818181818179
19	E	A	EPA	AF	2	429	0.004662004662004662
20	E	A	EPA	AF	3	430	0.0069767441860465115
21	E	A	EPA	AF	3	429	0.006993006993006993
22	E	A	EPA	AF	3	435	0.0068965517241379309
23	E	A	EPA	AF	6	430	0.013953488372093023
24	E	A	EPA	AF	4	443	0.0090293453724604959
25	E	A	EPA	AF	3	434	0.0069124423963133645
26	E	A	EPA	AF	0	438	0
27	E	A	EPA	AF	2	436	0.0045871559633027525
28	E	A	EPA	AF	0	438	0
29	E	A	EPA	AF	2	436	0.0045871559633027525
30	E	A	EPA	AF	3	439	0.0068337129840546698
31	E	A	EPA	AF	2	438	0.0045662100456621002
32	E	A	EPA	AF	5	439	0.011389521640091117
33	E	A	EPA	AF	2	436	0.0045871559633027525
34	E	A	EPA	AF	2	438	0.0045662100456621002
35	E	A	EPA	AF	6	438	0.013698630136986301
36	E	A	EPA	AF	7	440	0.015909090909090907
37	E	A	EPA	AF	2	442	0.0045248868778280547
38	E	A	EPA	AF	2	437	0.0045766590389016018
39	E	A	EPA	AF	4	434	0.0092165898617511521
40	E	A	EPA	AF	2	442	0.0045248868778280547
41	E	A	EPA	AF	3	444	0.0067567567567567571
42	E	A	EPA	AF	2	427	0.0046838407494145199
43	E	A	EPA	AF	4	434	0.0092165898617511521
44	E	A	EPA	AF	3	430	0.0069767441860465115
45	E	A	EPA	AF	4	431	0.0092807424593967514
46	E	A	EPA	AF	3	429	0.006993006993006993
47	E	A	EPA	AF	2	444	0.0045045045045045045
48	E	A	EPA	AF	2	441	0.0045351473922902496
49	E	A	EPA	AF	4	431	0.0092807424593967514
50	E	A	EPA	AF	6	424	0.014150943396226415
51	E	A	EPA	AF	4	428	0.0093457943925233638
52	E	A	EPA	AF	5	428	0.011682242990654205
53	E	A	EPA	AF	2	444	0.0045045045045045045
54	E	A	EPA	AF	2	439	0.0045558086560364463
55	E	A	EPA	AF	4	435	0.0091954022988505746
56	E	A	EPA	AF	3	437	0.0068649885583524023
57	E	A	EPA	AF	3	433	0.0069284064665127024
58	E	A	EPA	AF	3	441	0.0068027210884353739
59	E	A	EPA	AF	2	424	0.0047169811320754715
60	E	A	EPA	AF	1	440	0.0022727272727272726
61	E	A	EPA	AF	0	436	0
62	E	A	EPA	AF	2	422	0.0047393364928909956
63	E	A	EPA	AF	2	433	0.0046189376443418013
64	E	A	EPA	AF	3	433	0.0069284064665127024
65	E	A	EPA	AF	3	432	0.0069444444444444441
66	E	A	EPA	AF	2	445	0.0044943820224719105
67	E	A	EPA	AF	5	430	0.011627906976744186
68	E	A	EPA	AF	1	438	0.0022831050228310501
69	E	A	EPA	AF	3	438	0.0068493150684931503
70	E	A	EPA	AF	4	439	0.0091116173120728925
71	E	A	EPA	AF	3	432	0.0069444444444444441
72	E	A	EPA	AF	1	436	0.0022935779816513763
73	E	A	EPA	AF	3	435	0.0068965517241379309
74	E	A	EPA	AF	1	436	0.0022935779816513763
75	E	A	EPA	AF	0	452	0
76	E	A	EPA	AF	5	441	0.011337868480725623
77	E	A	EPA	AF	4	441	0.0090702947845804991
78	E	A	EPA	AF	2	435	0.0045977011494252873
79	E	A	EPA	AF	5	425	0.011764705882352941
80	E	A	EPA	AF	2	440	0.0045454545454545452
81	E	A	EPA	AF	3	436	0.0068807339449541288
82	E	A	EPA	AF	3	435	0.0068965517241379309
83	E	A	EPA	AF	4	426	0.0093896713615023476
84	E	A	EPA	AF	1	447	0.0022371364653243847
85	E	A	EPA	AF	5	434	0.011520737327188941
86	E	A	EPA	AF	3	431	0.0069605568445475635
87	E	A	EPA	AF	1	432	0.0023148148148148147
88	E	A	EPA	AF	2	445	0.0044943820224719105
89	E	A	EPA	AF	3	432	0.0069444444444444441
90	E	A	EPA	AF	3	431	0.0069605568445475635
91	E	A	EPA	AF	3	436	0.0068807339449541288
92	E	A	EPA	AF	1	442	0.0022624434389140274
93	E	A	EPA	AF	4	426	0.0093896713615023476
94	E	A	EPA	AF	3	426	0.0070422535211267607
95	E	A	EPA	AF	5	431	0.011600928074245939
96	E	A	EPA	AF	1	439	0.0022779043280182231
97	E	A	EPA	AF	4	436	0.0091743119266055051
98	E	A	EPA	AF	5	433	0.011547344110854504
99	E	A	EPA	AF	3	434	0.0069124423963133645
100	E	A	EPA	AF	4	439	0.0091116173120728925
101	E	A	EPA	AF	2	435	0.0045977011494252873
102	E	A	EPA	AF	4	448	0.0089285714285714281
103	E	A	EPA	AF	3	438	0.0068493150684931503
104	E	A	EPA	AF	4	431	0.0092807424593967514
105	E	A	EPA	AF	3	435	0.0068965517241379309
106	E	A	EPA	AF	2	435	0.0045977011494252873
107	E	A	EPA	AF	2	443	0.0045146726862302479
108	E	A	EPA	AF	3	426	0.0070422535211267607
109	E	A	EPA	AF	3	444	0.0067567567567567571
110	E	A	EPA	AF	4	427	0.0093676814988290398
111	E	A	EPA	AF	2	447	0.0044742729306487695
112	E	A	EPA	AF	2	436	0.0045871559633027525
113	E	A	EPA	AF	2	432	0.0046296296296296294
114	E	A	EPA	AF	2	442	0.0045248868778280547
115	E	A	EPA	AF	3	435	0.0068965517241379309
116	E	A	EPA	AF	2	445	0.0044943820224719105
117	E	A	EPA	AF	2	441	0.0045351473922902496
118	E	A	EPA	AF	3	436	0.0068807339449541288
119	E	A	EPA	AF	1	439	0.0022779043280182231
120	E	A	EPA	AF	6	451	0.013303769401330377
121	E	A	EPA	AF	2	443	0.0045146726862302479
122	E	A	EPA	AF	4	432	0.0092592592592592587
123	E	A	EPA	AF	5	442	0.011312217194570135
124	E	A	EPA	AF	2	437	0.0045766590389016018
125	E	A	EPA	AF	3	433	0.0069284064665127024
126	E	A	EPA	AF	3	438	0.0068493150684931503
127	E	A	EPA	AF	6	436	0.013761467889908258
128	E	A	EPA	AF	2	436	0.0045871559633027525
129	E	A	EPA	AF	5	435	0.011494252873563218
130	E	A	EPA	AF	2	433	0.0046189376443418013
131	E	A	EPA	AF	3	446	0.0067264573991031393
132	E	A	EPA	AF	4	442	0.0090497737556561094
133	E	A	EPA	AF	5	441	0.011337868480725623
134	E	A	EPA	AF	2	444	0.0045045045045045045
135	E	A	EPA	AF	2	433	0.0046189376443418013
136	E	A	EPA	AF	3	432	0.0069444444444444441
137	E	A	EPA	AF	3	433	0.0069284064665127024
138	E	A	EPA	AF	3	438	0.0068493150684931503
139	E	A	EPA	AF	4	433	0.0092378752886836026
140	E	A	EPA	AF	3	433	0.0069284064665127024
141	E	A	EPA	AF	4	427	0.0093676814988290398
142	E	A	EPA	AF	4	425	0.0094117647058823521
143	E	A	EPA	AF	1	430	0.0023255813953488372
144	E	A	EPA	AF	4	434	0.0092165898617511521
145	E	A	EPA	AF	6	446	0.013452914798206279
146	E	A	EPA	AF	5	439	0.011389521640091117
147	E	A	EPA	AF	3	433	0.0069284064665127024
148	E	A	EPA	AF	2	437	0.0045766590389016018
149	E	A	EPA	AF	4	425	0.0094117647058823521
150	E	A	EPA	AF	2	440	0.0045454545454545452
151	E	A	EPA	AF	4	445	0.008988764044943821
152	E	A	EPA	AF	2	435	0.0045977011494252873
153	E	A	EPA	AF	3	438	0.0068493150684931503
154	E	A	EPA	AF	4	445	0.008988764044943821
155	E	A	EPA	AF	4	432	0.0092592592592592587
156	E	A	EPA	AF	2	429	0.004662004662004662
157	E	A	EPA	AF	2	432	0.0046296296296296294
158	E	A	EPA	AF	6	435	0.013793103448275862
159	E	A	EPA	AF	1	441	0.0022675736961451248
160	E	A	EPA	AF	4	439	0.0091116173120728925
161	E	A	EPA	AF	0	438	0
162	E	A	EPA	AF	4	436	0.0091743119266055051
163	E	A	EPA	AF	1	434	0.002304147465437788
164	E	A	EPA	AF	3	437	0.0068649885583524023
165	E	A	EPA	AF	4	428	0.0093457943925233638
166	E	A	EPA	AF	1	436	0.0022935779816513763
167	E	A	EPA	AF	4	433	0.0092378752886836026
168	E	A	EPA	AF	3	435	0.0068965517241379309
169	E	A	EPA	AF	1	434	0.002304147465437788
170	E	A	EPA	AF	2	432	0.0046296296296296294
171	E	A	EPA	AF	1	434	0.002304147465437788
172	E	A	EPA	AF	6	444	0.013513513513513514
173	E	A	EPA	AF	2	440	0.0045454545454545452
174	E	A	EPA	AF	2	435	0.0045977011494252873
175	E	A	EPA	AF	3	429	0.006993006993006993
176	E	A	EPA	AF	2	437	0.0045766590389016018
177	E	A	EPA	AF	1	434	0.002304147465437788
178	E	A	EPA	AF	0	442	0
179	E	A	EPA	AF	4	447	0.008948545861297539
180	E	A	EPA	AF	2	442	0.0045248868778280547
181	E	A	EPA	AF	6	435	0.013793103448275862
182	E	A	EPA	AF	3	441	0.0068027210884353739
183	E	A	EPA	AF	1	437	0.0022883295194508009
184	E	A	EPA	AF	6	436	0.013761467889908258
185	E	A	EPA	AF	2	434	0.004608294930875576
186	E	A	EPA	AF	3	437	0.0068649885583524023
187	E	A	EPA	AF	1	433	0.0023094688221709007
188	E	A	EPA	AF	2	430	0.0046511627906976744
189	E	A	EPA	AF	3	443	0.0067720090293453723
190	E	A	EPA	AF	2	434	0.004608294930875576
191	E	A	EPA	AF	3	429	0.006993006993006993
192	E	A	EPA	AF	3	430	0.0069767441860465115
193	E	A	EPA	AF	3	431	0.0069605568445475635
194	E	A	EPA	AF	3	423	0.0070921985815602835
195	E	A	EPA	AF	4	433	0.0092378752886836026
196	E	A	EPA	AF	2	436	0.0045871559633027525
197	E	A	EPA	AF	5	444	0.011261261261261261
198	E	A	EPA	AF	3	446	0.0067264573991031393
199	E	A	EPA	AF	3	434	0.0069124423963133645
200	E	A	EPA	AF	3	431	0.0069605568445475635
201	E	A	EPA	AF	5	435	0.011494252873563218
202	E	A	EPA	AF	4	427	0.0093676814988290398
203	E	A	EPA	AF	3	433	0.0069284064665127024
204	E	A	EPA	AF	4	437	0.0091533180778032037
205	E	A	EPA	AF	5	431	0.011600928074245939
206	E	A	EPA	AF	2	435	0.0045977011494252873
207	E	A	EPA	AF	2	442	0.0045248868778280547
208	E	A	EPA	AF	2	434	0.004608294930875576
209	E	A	EPA	AF	5	438	0.011415525114155251
210	E	A	EPA	AF	4	434	0.0092165898617511521
211	E	A	EPA	AF	2	440	0.0045454545454545452
212	E	A	EPA	AF	3	447	0.0067114093959731542
213	E	A	EPA	AF	2	436	0.0045871559633027525
214	E	A	EPA	AF	3	428	0.0070093457943925233
215	E	A	EPA	AF	4	448	0.0089285714285714281
216	E	A	EPA	AF	4	442	0.0090497737556561094
217	E	A	EPA	AF	4	433	0.0092378752886836026
218	E	A	EPA	AF	3	431	0.0069605568445475635
219	E	A	EPA	AF	1	434	0.002304147465437788
220	E	A	EPA	AF	2	445	0.0044943820224719105
221	E	A	EPA	AF	3	422	0.0071090047393364926
222	E	A	EPA	AF	2	425	0.0047058823529411761
223	E	A	EPA	AF	3	431	0.0069605568445475635
224	E	A	EPA	AF	4	432	0.0092592592592592587
225	E	A	EPA	AF	2	431	0.0046403712296983757
226	E	A	EPA	AF	2	430	0.0046511627906976744
227	E	A	EPA	AF	3	441	0.0068027210884353739
228	E	A	EPA	AF	2	444	0.0045045045045045045
229	E	A	EPA	AF	0	446	0
230	E	A	EPA	AF	3	439	0.0068337129840546698
231	E	A	EPA	AF	3	435	0.0068965517241379309
232	E	A	EPA	AF	3	434	0.0069124423963133645
233	E	A	EPA	AF	4	437	0.0091533180778032037
234	E	A	EPA	AF	1	435	0.0022988505747126436
235	E	A	EPA	AF	2	434	0.004608294930875576
236	E	A	EPA	AF	1	431	0.0023201856148491878
237	E	A	EPA	AF	4	447	0.008948545861297539
238	E	A	EPA	AF	2	438	0.0045662100456621002
239	E	A	EPA	AF	4	427	0.0093676814988290398
240	E	A	EPA	AF	1	437	0.0022883295194508009
241	E	A	EPA	AF	4	431	0.0092807424593967514
242	E	A	EPA	AF	4	441	0.0090702947845804991
243	E	A	EPA	AF	1	440	0.0022727272727272726
244	E	A	EPA	AF	4	438	0.0091324200913242004
245	E	A	EPA	AF	4	435	0.0091954022988505746
246	E	A	EPA	AF	2	441	0.0045351473922902496
247	E	A	EPA	AF	2	433	0.0046189376443418013
248	E	A	EPA	AF	4	435	0.0091954022988505746
249	E	A	EPA	AF	4	445	0.008988764044943821
250	E	A	EPA	AF	1	431	0.0023201856148491878
251	E	A	EPA	AF	2	444	0.0045045045045045045
252	E	A	EPA	AF	4	439	0.0091116173120728925
253	E	A	EPA	AF	4	431	0.0092807424593967514
254	E	A	EPA	AF	2	428	0.0046728971962616819
255	E	A	EPA	AF	5	436	0.011467889908256881
256	E	A	EPA	AF	2	431	0.0046403712296983757
257	E	A	EPA	AF	3	436	0.0068807339449541288
258	E	A	EPA	AF	3	440	0.0068181818181818179
259	E	A	EPA	AF	1	436	0.0022935779816513763
260	E	A	EPA	AF	2	431	0.0046403712296983757
261	E	A	EPA	AF	3	445	0.0067415730337078653
262	E	A	EPA	AF	1	435	0.0022988505747126436
263	E	A	EPA	AF	2	430	0.0046511627906976744
264	E	A	EPA	AF	3	438	0.0068493150684931503
265	E	A	EPA	AF	7	434	0.016129032258064516
266	E	A	EPA	AF	5	429	0.011655011655011656
267	E	A	EPA	AF	4	437	0.0091533180778032037
268	E	A	EPA	AF	2	431	0.0046403712296983757
269	E	A	EPA	AF	4	433	0.0092378752886836026
270	E	A	EPA	AF	4	430	0.0093023255813953487
271	E	A	EPA	AF	1	428	0.0023364485981308409
272	E	A	EPA	AF	0	433	0
273	E	A	EPA	AF	3	438	0.0068493150684931503
274	E	A	EPA	AF	4	435	0.0091954022988505746
275	E	A	EPA	AF	3	443	0.0067720090293453723
276	E	A	EPA	AF	4	425	0.0094117647058823521
277	E	A	EPA	AF	2	433	0.0046189376443418013
278	E	A	EPA	AF	4	439	0.0091116173120728925
279	E	A	EPA	AF	4	434	0.0092165898617511521
280	E	A	EPA	AF	2	434	0.004608294930875576
281	E	A	EPA	AF	3	446	0.0067264573991031393
282	E	A	EPA	AF	3	440	0.0068181818181818179
283	E	A	EPA	AF	2	430	0.0046511627906976744
284	E	A	EPA	AF	2	437	0.0045766590389016018
285	E	A	EPA	AF	2	430	0.0046511627906976744
286	E	A	EPA	AF	3	425	0.007058823529411765
287	E	A	EPA	AF	3	430	0.0069767441860465115
288	E	A	EPA	AF	3	444	0.0067567567567567571
289	E	A	EPA	AF	3	435	0.0068965517241379309
290	E	A	EPA	AF	4	426	0.0093896713615023476
291	E	A	EPA	AF	7	434	0.016129032258064516
292	E	A	EPA	AF	3	427	0.0070257611241217799
293	E	A	EPA	AF	1	437	0.0022883295194508009
294	E	A	EPA	AF	5	437	0.011441647597254004
295	E	A	EPA	AF	5	436	0.011467889908256881
296	E	A	EPA	AF	4	432	0.0092592592592592587
297	E	A	EPA	AF	4	441	0.0090702947845804991
298	E	A	EPA	AF	5	437	0.011441647597254004
299	E	A	EPA	AF	3	431	0.0069605568445475635
300	E	A	EPA	AF	4	435	0.0091954022988505746
1	F	A	IND	AF	2	433	0.0046189376443418013
2	F	A	IND	AF	5	440	0.011363636363636364
3	F	A	IND	AF	5	440	0.011363636363636364
4	F	A	IND	AF	4	434	0.0092165898617511521
5	F	A	IND	AF	3	436	0.0068807339449541288
6	F	A	IND	AF	4	437	0.0091533180778032037
7	F	A	IND	AF	1	432	0.0023148148148148147
8	F	A	IND	AF	3	442	0.0067873303167420816
9	F	A	IND	AF	6	431	0.013921113689095127
10	F	A	IND	AF	5	433	0.011547344110854504
11	F	A	IND	AF	2	437	0.0045766590389016018
12	F	A	IND	AF	3	436	0.0068807339449541288
13	F	A	IND	AF	5	444	0.011261261261261261
14	F	A	IND	AF	2	442	0.0045248868778280547
15	F	A	IND	AF	4	427	0.0093676814988290398
16	F	A	IND	AF	4	444	0.0090090090090090089
17	F	A	IND	AF	3	438	0.0068493150684931503
18	F	A	IND	AF	3	440	0.0068181818181818179
19	F	A	IND	AF	6	429	0.013986013986013986
20	F	A	IND	AF	5	430	0.011627906976744186
21	F	A	IND	AF	4	429	0.009324009324009324
22	F	A	IND	AF	4	435	0.0091954022988505746
23	F	A	IND	AF	4	430	0.0093023255813953487
24	F	A	IND	AF	3	443	0.0067720090293453723
25	F	A	IND	AF	3	434	0.0069124423963133645
26	F	A	IND	AF	6	438	0.013698630136986301
27	F	A	IND	AF	4	436	0.0091743119266055051
28	F	A	IND	AF	6	438	0.013698630136986301
29	F	A	IND	AF	5	436	0.011467889908256881
30	F	A	IND	AF	4	439	0.0091116173120728925
31	F	A	IND	AF	6	438	0.013698630136986301
32	F	A	IND	AF	5	439	0.011389521640091117
33	F	A	IND	AF	5	436	0.011467889908256881
34	F	A	IND	AF	4	438	0.0091324200913242004
35	F	A	IND	AF	2	438	0.0045662100456621002
36	F	A	IND	AF	1	440	0.0022727272727272726
37	F	A	IND	AF	4	442	0.0090497737556561094
38	F	A	IND	AF	4	437	0.0091533180778032037
39	F	A	IND	AF	2	434	0.004608294930875576
40	F	A	IND	AF	4	442	0.0090497737556561094
41	F	A	IND	AF	3	444	0.0067567567567567571
42	F	A	IND	AF	3	427	0.0070257611241217799
43	F	A	IND	AF	3	434	0.0069124423963133645
44	F	A	IND	AF	5	430	0.011627906976744186
45	F	A	IND	AF	5	431	0.011600928074245939
46	F	A	IND	AF	5	429	0.011655011655011656
47	F	A	IND	AF	4	444	0.0090090090090090089
48	F	A	IND	AF	4	441	0.0090702947845804991
49	F	A	IND	AF	3	431	0.0069605568445475635
50	F	A	IND	AF	2	424	0.0047169811320754715
51	F	A	IND	AF	3	428	0.0070093457943925233
52	F	A	IND	AF	1	428	0.0023364485981308409
53	F	A	IND	AF	5	444	0.011261261261261261
54	F	A	IND	AF	4	439	0.0091116173120728925
55	F	A	IND	AF	5	435	0.011494252873563218
56	F	A	IND	AF	3	437	0.0068649885583524023
57	F	A	IND	AF	7	433	0.016166281755196306
58	F	A	IND	AF	4	441	0.0090702947845804991
59	F	A	IND	AF	3	424	0.0070754716981132077
60	F	A	IND	AF	5	440	0.011363636363636364
61	F	A	IND	AF	7	436	0.016055045871559634
62	F	A	IND	AF	7	422	0.016587677725118485
63	F	A	IND	AF	7	433	0.016166281755196306
64	F	A	IND	AF	3	433	0.0069284064665127024
65	F	A	IND	AF	6	432	0.013888888888888888
66	F	A	IND	AF	3	445	0.0067415730337078653
67	F	A	IND	AF	3	430	0.0069767441860465115
68	F	A	IND	AF	6	438	0.013698630136986301
69	F	A	IND	AF	5	438	0.011415525114155251
70	F	A	IND	AF	3	439	0.0068337129840546698
71	F	A	IND	AF	4	432	0.0092592592592592587
72	F	A	IND	AF	6	436	0.013761467889908258
73	F	A	IND	AF	5	435	0.011494252873563218
74	F	A	IND	AF	7	436	0.016055045871559634
75	F	A	IND	AF	7	452	0.015486725663716814
76	F	A	IND	AF	3	441	0.0068027210884353739
77	F	A	IND	AF	6	441	0.013605442176870748
78	F	A	IND	AF	3	435	0.0068965517241379309
79	F	A	IND	AF	4	425	0.0094117647058823521
80	F	A	IND	AF	5	440	0.011363636363636364
81	F	A	IND	AF	4	436	0.0091743119266055051
82	F	A	IND	AF	3	435	0.0068965517241379309
83	F	A	IND	AF	4	426	0.0093896713615023476
84	F	A	IND	AF	6	447	0.013422818791946308
85	F	A	IND	AF	2	434	0.004608294930875576
86	F	A	IND	AF	4	431	0.0092807424593967514
87	F	A	IND	AF	6	432	0.013888888888888888
88	F	A	IND	AF	6	445	0.013483146067415731
89	F	A	IND	AF	5	432	0.011574074074074073
90	F	A	IND	AF	1	431	0.0023201856148491878
91	F	A	IND	AF	4	436	0.0091743119266055051
92	F	A	IND	AF	5	442	0.011312217194570135
93	F	A	IND	AF	4	426	0.0093896713615023476
94	F	A	IND	AF	4	426	0.0093896713615023476
95	F	A	IND	AF	4	431	0.0092807424593967514
96	F	A	IND	AF	6	439	0.01366742596810934
97	F	A	IND	AF	3	436	0.0068807339449541288
98	F	A	IND	AF	4	433	0.0092378752886836026
99	F	A	IND	AF	6	434	0.013824884792626729
100	F	A	IND	AF	5	439	0.011389521640091117
101	F	A	IND	AF	4	435	0.0091954022988505746
102	F	A	IND	AF	3	448	0.0066964285714285711
103	F	A	IND	AF	4	438	0.0091324200913242004
104	F	A	IND	AF	5	431	0.011600928074245939
105	F	A	IND	AF	5	435	0.011494252873563218
106	F	A	IND	AF	3	435	0.0068965517241379309
107	F	A	IND	AF	5	443	0.011286681715575621
108	F	A	IND	AF	4	426	0.0093896713615023476
109	F	A	IND	AF	3	444	0.0067567567567567571
110	F	A	IND	AF	5	427	0.011709601873536301
111	F	A	IND	AF	4	447	0.008948545861297539
112	F	A	IND	AF	5	436	0.011467889908256881
113	F	A	IND	AF	5	432	0.011574074074074073
114	F	A	IND	AF	5	442	0.011312217194570135
115	F	A	IND	AF	5	435	0.011494252873563218
116	F	A	IND	AF	7	445	0.015730337078651686
117	F	A	IND	AF	6	441	0.013605442176870748
118	F	A	IND	AF	4	436	0.0091743119266055051
119	F	A	IND	AF	7	439	0.015945330296127564
120	F	A	IND	AF	2	451	0.004434589800443459
121	F	A	IND	AF	6	443	0.013544018058690745
122	F	A	IND	AF	5	432	0.011574074074074073
123	F	A	IND	AF	4	442	0.0090497737556561094
124	F	A	IND	AF	4	437	0.0091533180778032037
125	F	A	IND	AF	7	433	0.016166281755196306
126	F	A	IND	AF	6	438	0.013698630136986301
127	F	A	IND	AF	1	436	0.0022935779816513763
128	F	A	IND	AF	5	436	0.011467889908256881
129	F	A	IND	AF	3	435	0.0068965517241379309
130	F	A	IND	AF	5	433	0.011547344110854504
131	F	A	IND	AF	3	446	0.0067264573991031393
132	F	A	IND	AF	2	442	0.0045248868778280547
133	F	A	IND	AF	3	441	0.0068027210884353739
134	F	A	IND	AF	5	444	0.011261261261261261
135	F	A	IND	AF	5	433	0.011547344110854504
136	F	A	IND	AF	4	432	0.0092592592592592587
137	F	A	IND	AF	2	433	0.0046189376443418013
138	F	A	IND	AF	2	438	0.0045662100456621002
139	F	A	IND	AF	2	433	0.0046189376443418013
140	F	A	IND	AF	3	433	0.0069284064665127024
141	F	A	IND	AF	1	427	0.00234192037470726
142	F	A	IND	AF	2	425	0.0047058823529411761
143	F	A	IND	AF	4	430	0.0093023255813953487
144	F	A	IND	AF	3	434	0.0069124423963133645
145	F	A	IND	AF	3	446	0.0067264573991031393
146	F	A	IND	AF	3	439	0.0068337129840546698
147	F	A	IND	AF	6	433	0.013856812933025405
148	F	A	IND	AF	5	437	0.011441647597254004
149	F	A	IND	AF	6	425	0.01411764705882353
150	F	A	IND	AF	4	440	0.0090909090909090905
151	F	A	IND	AF	2	445	0.0044943820224719105
152	F	A	IND	AF	5	435	0.011494252873563218
153	F	A	IND	AF	6	438	0.013698630136986301
154	F	A	IND	AF	4	445	0.008988764044943821
155	F	A	IND	AF	3	432	0.0069444444444444441
156	F	A	IND	AF	6	429	0.013986013986013986
157	F	A	IND	AF	5	432	0.011574074074074073
158	F	A	IND	AF	4	435	0.0091954022988505746
159	F	A	IND	AF	5	441	0.011337868480725623
160	F	A	IND	AF	4	439	0.0091116173120728925
161	F	A	IND	AF	9	438	0.020547945205479451
162	F	A	IND	AF	5	436	0.011467889908256881
163	F	A	IND	AF	6	434	0.013824884792626729
164	F	A	IND	AF	5	437	0.011441647597254004
165	F	A	IND	AF	4	428	0.0093457943925233638
166	F	A	IND	AF	5	436	0.011467889908256881
167	F	A	IND	AF	4	433	0.0092378752886836026
168	F	A	IND	AF	5	435	0.011494252873563218
169	F	A	IND	AF	6	434	0.013824884792626729
170	F	A	IND	AF	5	432	0.011574074074074073
171	F	A	IND	AF	7	434	0.016129032258064516
172	F	A	IND	AF	4	444	0.0090090090090090089
173	F	A	IND	AF	5	440	0.011363636363636364
174	F	A	IND	AF	4	435	0.0091954022988505746
175	F	A	IND	AF	4	429	0.009324009324009324
176	F	A	IND	AF	5	437	0.011441647597254004
177	F	A	IND	AF	4	434	0.0092165898617511521
178	F	A	IND	AF	5	442	0.011312217194570135
179	F	A	IND	AF	2	447	0.0044742729306487695
180	F	A	IND	AF	4	442	0.0090497737556561094
181	F	A	IND	AF	3	435	0.0068965517241379309
182	F	A	IND	AF	3	441	0.0068027210884353739
183	F	A	IND	AF	6	437	0.013729977116704805
184	F	A	IND	AF	2	436	0.0045871559633027525
185	F	A	IND	AF	2	434	0.004608294930875576
186	F	A	IND	AF	4	437	0.0091533180778032037
187	F	A	IND	AF	6	433	0.013856812933025405
188	F	A	IND	AF	4	430	0.0093023255813953487
189	F	A	IND	AF	3	443	0.0067720090293453723
190	F	A	IND	AF	6	434	0.013824884792626729
191	F	A	IND	AF	3	429	0.006993006993006993
192	F	A	IND	AF	4	430	0.0093023255813953487
193	F	A	IND	AF	4	431	0.0092807424593967514
194	F	A	IND	AF	3	423	0.0070921985815602835
195	F	A	IND	AF	4	433	0.0092378752886836026
196	F	A	IND	AF	6	436	0.013761467889908258
197	F	A	IND	AF	2	444	0.0045045045045045045
198	F	A	IND	AF	3	446	0.0067264573991031393
199	F	A	IND	AF	4	434	0.0092165898617511521
200	F	A	IND	AF	3	431	0.0069605568445475635
201	F	A	IND	AF	2	435	0.0045977011494252873
202	F	A	IND	AF	4	427	0.0093676814988290398
203	F	A	IND	AF	6	433	0.013856812933025405
204	F	A	IND	AF	3	437	0.0068649885583524023
205	F	A	IND	AF	3	431	0.0069605568445475635
206	F	A	IND	AF	4	435	0.0091954022988505746
207	F	A	IND	AF	6	442	0.013574660633484163
208	F	A	IND	AF	6	434	0.013824884792626729
209	F	A	IND	AF	4	438	0.0091324200913242004
210	F	A	IND	AF	4	434	0.0092165898617511521
211	F	A	IND	AF	3	440	0.0068181818181818179
212	F	A	IND	AF	4	447	0.008948545861297539
213	F	A	IND	AF	5	436	0.011467889908256881
214	F	A	IND	AF	4	428	0.0093457943925233638
215	F	A	IND	AF	5	448	0.011160714285714286
216	F	A	IND	AF	4	442	0.0090497737556561094
217	F	A	IND	AF	5	433	0.011547344110854504
218	F	A	IND	AF	3	431	0.0069605568445475635
219	F	A	IND	AF	7	434	0.016129032258064516
220	F	A	IND	AF	4	445	0.008988764044943821
221	F	A	IND	AF	5	422	0.011848341232227487
222	F	A	IND	AF	7	425	0.016470588235294119
223	F	A	IND	AF	3	431	0.0069605568445475635
224	F	A	IND	AF	3	432	0.0069444444444444441
225	F	A	IND	AF	5	431	0.011600928074245939
226	F	A	IND	AF	4	430	0.0093023255813953487
227	F	A	IND	AF	5	441	0.011337868480725623
228	F	A	IND	AF	6	444	0.013513513513513514
229	F	A	IND	AF	7	446	0.015695067264573991
230	F	A	IND	AF	5	439	0.011389521640091117
231	F	A	IND	AF	6	435	0.013793103448275862
232	F	A	IND	AF	2	434	0.004608294930875576
233	F	A	IND	AF	3	437	0.0068649885583524023
234	F	A	IND	AF	8	435	0.018390804597701149
235	F	A	IND	AF	6	434	0.013824884792626729
236	F	A	IND	AF	7	431	0.016241299303944315
237	F	A	IND	AF	2	447	0.0044742729306487695
238	F	A	IND	AF	6	438	0.013698630136986301
239	F	A	IND	AF	6	427	0.01405152224824356
240	F	A	IND	AF	5	437	0.011441647597254004
241	F	A	IND	AF	5	431	0.011600928074245939
242	F	A	IND	AF	4	441	0.0090702947845804991
243	F	A	IND	AF	5	440	0.011363636363636364
244	F	A	IND	AF	5	438	0.011415525114155251
245	F	A	IND	AF	4	435	0.0091954022988505746
246	F	A	IND	AF	5	441	0.011337868480725623
247	F	A	IND	AF	7	433	0.016166281755196306
248	F	A	IND	AF	6	435	0.013793103448275862
249	F	A	IND	AF	4	445	0.008988764044943821
250	F	A	IND	AF	7	431	0.016241299303944315
251	F	A	IND	AF	4	444	0.0090090090090090089
252	F	A	IND	AF	3	439	0.0068337129840546698
253	F	A	IND	AF	2	431	0.0046403712296983757
254	F	A	IND	AF	6	428	0.014018691588785047
255	F	A	IND	AF	5	436	0.011467889908256881
256	F	A	IND	AF	4	431	0.0092807424593967514
257	F	A	IND	AF	3	436	0.0068807339449541288
258	F	A	IND	AF	4	440	0.0090909090909090905
259	F	A	IND	AF	5	436	0.011467889908256881
260	F	A	IND	AF	6	431	0.013921113689095127
261	F	A	IND	AF	3	445	0.0067415730337078653
262	F	A	IND	AF	6	435	0.013793103448275862
263	F	A	IND	AF	7	430	0.01627906976744186
264	F	A	IND	AF	4	438	0.0091324200913242004
265	F	A	IND	AF	1	434	0.002304147465437788
266	F	A	IND	AF	3	429	0.006993006993006993
267	F	A	IND	AF	5	437	0.011441647597254004
268	F	A	IND	AF	6	431	0.013921113689095127
269	F	A	IND	AF	4	433	0.0092378752886836026
270	F	A	IND	AF	5	430	0.011627906976744186
271	F	A	IND	AF	7	428	0.016355140186915886
272	F	A	IND	AF	6	433	0.013856812933025405
273	F	A	IND	AF	2	438	0.0045662100456621002
274	F	A	IND	AF	3	435	0.0068965517241379309
275	F	A	IND	AF	4	443	0.0090293453724604959
276	F	A	IND	AF	3	425	0.007058823529411765
277	F	A	IND	AF	4	433	0.0092378752886836026
278	F	A	IND	AF	4	439	0.0091116173120728925
279	F	A	IND	AF	3	434	0.0069124423963133645
280	F	A	IND	AF	3	434	0.0069124423963133645
281	F	A	IND	AF	3	446	0.0067264573991031393
282	F	A	IND	AF	4	440	0.0090909090909090905
283	F	A	IND	AF	5	430	0.011627906976744186
284	F	A	IND	AF	4	437	0.0091533180778032037
285	F	A	IND	AF	5	430	0.011627906976744186
286	F	A	IND	AF	5	425	0.011764705882352941
287	F	A	IND	AF	6	430	0.013953488372093023
288	F	A	IND	AF	4	444	0.0090090090090090089
289	F	A	IND	AF	4	435	0.0091954022988505746
290	F	A	IND	AF	4	426	0.0093896713615023476
291	F	A	IND	AF	3	434	0.0069124423963133645
292	F	A	IND	AF	5	427	0.011709601873536301
293	F	A	IND	AF	4	437	0.0091533180778032037
294	F	A	IND	AF	3	437	0.0068649885583524023
295	F	A	IND	AF	3	436	0.0068807339449541288
296	F	A	IND	AF	3	432	0.0069444444444444441
297	F	A	IND	AF	4	441	0.0090702947845804991
298	F	A	IND	AF	3	437	0.0068649885583524023
299	F	A	IND	AF	7	431	0.016241299303944315
300	F	A	IND	AF	5	435	0.011494252873563218
1	G	A	MDG	AF	0	433	0
2	G	A	MDG	AF	0	440	0
3	G	A	MDG	AF	0	440	0
4	G	A	MDG	AF	1	434	0.002304147465437788
5	G	A	MDG	AF	1	436	0.0022935779816513763
6	G	A	MDG	AF	0	437	0
7	G	A	MDG	AF	0	432	0
8	G	A	MDG	AF	0	442	0
9	G	A	MDG	AF	0	431	0
10	G	A	MDG	AF	0	433	0
11	G	A	MDG	AF	0	437	0
12	G	A	MDG	AF	0	436	0
13	G	A	MDG	AF	0	444	0
14	G	A	MDG	AF	0	442	0
15	G	A	MDG	AF	0	427	0
16	G	A	MDG	AF	0	444	0
17	G	A	MDG	AF	0	438	0
18	G	A	MDG	AF	0	440	0
19	G	A	MDG	AF	0	429	0
20	G	A	MDG	AF	0	430	0
21	G	A	MDG	AF	0	429	0
22	G	A	MDG	AF	0	435	0
23	G	A	MDG	AF	0	430	0
24	G	A	MDG	AF	0	443	0
25	G	A	MDG	AF	0	434	0
26	G	A	MDG	AF	0	438	0
27	G	A	MDG	AF	0	436	0
28	G	A	MDG	AF	0	438	0
29	G	A	MDG	AF	0	436	0
30	G	A	MDG	AF	0	439	0
31	G	A	MDG	AF	0	438	0
32	G	A	MDG	AF	0	439	0
33	G	A	MDG	AF	0	436	0
34	G	A	MDG	AF	0	438	0
35	G	A	MDG	AF	0	438	0
36	G	A	MDG	AF	0	440	0
37	G	A	MDG	AF	0	442	0
38	G	A	MDG	AF	0	437	0
39	G	A	MDG	AF	0	434	0
40	G	A	MDG	AF	0	442	0
41	G	A	MDG	AF	0	444	0
42	G	A	MDG	AF	0	427	0
43	G	A	MDG	AF	0	434	0
44	G	A	MDG	AF	0	430	0
45	G	A	MDG	AF	0	431	0
46	G	A	MDG	AF	0	429	0
47	G	A	MDG	AF	0	444	0
48	G	A	MDG	AF	0	441	0
49	G	A	MDG	AF	0	431	0
50	G	A	MDG	AF	0	424	0
51	G	A	MDG	AF	0	428	0
52	G	A	MDG	AF	0	428	0
53	G	A	MDG	AF	0	444	0
54	G	A	MDG	AF	0	439	0
55	G	A	MDG	AF	0	435	0
56	G	A	MDG	AF	0	437	0
57	G	A	MDG	AF	0	433	0
58	G	A	MDG	AF	0	441	0
59	G	A	MDG	AF	0	424	0
60	G	A	MDG	AF	0	440	0
61	G	A	MDG	AF	0	436	0
62	G	A	MDG	AF	0	422	0
63	G	A	MDG	AF	0	433	0
64	G	A	MDG	AF	0	433	0
65	G	A	MDG	AF	0	432	0
66	G	A	MDG	AF	0	445	0
67	G	A	MDG	AF	0	430	0
68	G	A	MDG	AF	0	438	0
69	G	A	MDG	AF	0	438	0
70	G	A	MDG	AF	0	439	0
71	G	A	MDG	AF	0	432	0
72	G	A	MDG	AF	0	436	0
73	G	A	MDG	AF	0	435	0
74	G	A	MDG	AF	0	436	0
75	G	A	MDG	AF	0	452	0
76	G	A	MDG	AF	0	441	0
77	G	A	MDG	AF	0	441	0
78	G	A	MDG	AF	1	435	0.0022988505747126436
79	G	A	MDG	AF	0	425	0
80	G	A	MDG	AF	0	440	0
81	G	A	MDG	AF	0	436	0
82	G	A	MDG	AF	0	435	0
83	G	A	MDG	AF	0	426	0
84	G	A	MDG	AF	0	447	0
85	G	A	MDG	AF	0	434	0
86	G	A	MDG	AF	0	431	0
87	G	A	MDG	AF	0	432	0
88	G	A	MDG	AF	0	445	0
89	G	A	MDG	AF	0	432	0
90	G	A	MDG	AF	0	431	0
91	G	A	MDG	AF	0	436	0
92	G	A	MDG	AF	0	442	0
93	G	A	MDG	AF	0	426	0
94	G	A	MDG	AF	0	426	0
95	G	A	MDG	AF	0	431	0
96	G	A	MDG	AF	0	439	0
97	G	A	MDG	AF	0	436	0
98	G	A	MDG	AF	0	433	0
99	G	A	MDG	AF	0	434	0
100	G	A	MDG	AF	0	439	0
101	G	A	MDG	AF	0	435	0
102	G	A	MDG	AF	0	448	0
103	G	A	MDG	AF	0	438	0
104	G	A	MDG	AF	0	431	0
105	G	A	MDG	AF	0	435	0
106	G	A	MDG	AF	0	435	0
107	G	A	MDG	AF	0	443	0
108	G	A	MDG	AF	0	426	0
109	G	A	MDG	AF	0	444	0
110	G	A	MDG	AF	0	427	0
111	G	A	MDG	AF	0	447	0
112	G	A	MDG	AF	0	436	0
113	G	A	MDG	AF	0	432	0
114	G	A	MDG	AF	1	442	0.0022624434389140274
115	G	A	MDG	AF	0	435	0
116	G	A	MDG	AF	0	445	0
117	G	A	MDG	AF	0	441	0
118	G	A	MDG	AF	0	436	0
119	G	A	MDG	AF	0	439	0
120	G	A	MDG	AF	0	451	0
121	G	A	MDG	AF	0	443	0
122	G	A	MDG	AF	0	432	0
123	G	A	MDG	AF	0	442	0
124	G	A	MDG	AF	0	437	0
125	G	A	MDG	AF	0	433	0
126	G	A	MDG	AF	0	438	0
127	G	A	MDG	AF	0	436	0
128	G	A	MDG	AF	0	436	0
129	G	A	MDG	AF	0	435	0
130	G	A	MDG	AF	0	433	0
131	G	A	MDG	AF	0	446	0
132	G	A	MDG	AF	0	442	0
133	G	A	MDG	AF	0	441	0
134	G	A	MDG	AF	0	444	0
135	G	A	MDG	AF	0	433	0
136	G	A	MDG	AF	0	432	0
137	G	A	MDG	AF	0	433	0
138	G	A	MDG	AF	0	438	0
139	G	A	MDG	AF	0	433	0
140	G	A	MDG	AF	0	433	0
141	G	A	MDG	AF	0	427	0
142	G	A	MDG	AF	0	425	0
143	G	A	MDG	AF	0	430	0
144	G	A	MDG	AF	0	434	0
145	G	A	MDG	AF	0	446	0
146	G	A	MDG	AF	0	439	0
147	G	A	MDG	AF	0	433	0
148	G	A	MDG	AF	0	437	0
149	G	A	MDG	AF	0	425	0
150	G	A	MDG	AF	0	440	0
151	G	A	MDG	AF	0	445	0
152	G	A	MDG	AF	0	435	0
153	G	A	MDG	AF	0	438	0
154	G	A	MDG	AF	0	445	0
155	G	A	MDG	AF	0	432	0
156	G	A	MDG	AF	0	429	0
157	G	A	MDG	AF	0	432	0
158	G	A	MDG	AF	0	435	0
159	G	A	MDG	AF	0	441	0
160	G	A	MDG	AF	0	439	0
161	G	A	MDG	AF	0	438	0
162	G	A	MDG	AF	0	436	0
163	G	A	MDG	AF	0	434	0
164	G	A	MDG	AF	0	437	0
165	G	A	MDG	AF	1	428	0.0023364485981308409
166	G	A	MDG	AF	0	436	0
167	G	A	MDG	AF	0	433	0
168	G	A	MDG	AF	0	435	0
169	G	A	MDG	AF	0	434	0
170	G	A	MDG	AF	0	432	0
171	G	A	MDG	AF	0	434	0
172	G	A	MDG	AF	0	444	0
173	G	A	MDG	AF	0	440	0
174	G	A	MDG	AF	0	435	0
175	G	A	MDG	AF	0	429	0
176	G	A	MDG	AF	0	437	0
177	G	A	MDG	AF	0	434	0
178	G	A	MDG	AF	0	442	0
179	G	A	MDG	AF	0	447	0
180	G	A	MDG	AF	0	442	0
181	G	A	MDG	AF	0	435	0
182	G	A	MDG	AF	0	441	0
183	G	A	MDG	AF	0	437	0
184	G	A	MDG	AF	0	436	0
185	G	A	MDG	AF	0	434	0
186	G	A	MDG	AF	0	437	0
187	G	A	MDG	AF	0	433	0
188	G	A	MDG	AF	0	430	0
189	G	A	MDG	AF	0	443	0
190	G	A	MDG	AF	0	434	0
191	G	A	MDG	AF	0	429	0
192	G	A	MDG	AF	0	430	0
193	G	A	MDG	AF	0	431	0
194	G	A	MDG	AF	0	423	0
195	G	A	MDG	AF	0	433	0
196	G	A	MDG	AF	0	436	0
197	G	A	MDG	AF	0	444	0
198	G	A	MDG	AF	0	446	0
199	G	A	MDG	AF	0	434	0
200	G	A	MDG	AF	0	431	0
201	G	A	MDG	AF	0	435	0
202	G	A	MDG	AF	0	427	0
203	G	A	MDG	AF	0	433	0
204	G	A	MDG	AF	0	437	0
205	G	A	MDG	AF	0	431	0
206	G	A	MDG	AF	0	435	0
207	G	A	MDG	AF	0	442	0
208	G	A	MDG	AF	0	434	0
209	G	A	MDG	AF	0	438	0
210	G	A	MDG	AF	0	434	0
211	G	A	MDG	AF	0	440	0
212	G	A	MDG	AF	0	447	0
213	G	A	MDG	AF	0	436	0
214	G	A	MDG	AF	0	428	0
215	G	A	MDG	AF	0	448	0
216	G	A	MDG	AF	0	442	0
217	G	A	MDG	AF	0	433	0
218	G	A	MDG	AF	0	431	0
219	G	A	MDG	AF	0	434	0
220	G	A	MDG	AF	0	445	0
221	G	A	MDG	AF	0	422	0
222	G	A	MDG	AF	0	425	0
223	G	A	MDG	AF	0	431	0
224	G	A	MDG	AF	0	432	0
225	G	A	MDG	AF	0	431	0
226	G	A	MDG	AF	0	430	0
227	G	A	MDG	AF	0	441	0
228	G	A	MDG	AF	0	444	0
229	G	A	MDG	AF	0	446	0
230	G	A	MDG	AF	0	439	0
231	G	A	MDG	AF	0	435	0
232	G	A	MDG	AF	0	434	0
233	G	A	MDG	AF	0	437	0
234	G	A	MDG	AF	0	435	0
235	G	A	MDG	AF	0	434	0
236	G	A	MDG	AF	1	431	0.0023201856148491878
237	G	A	MDG	AF	0	447	0
238	G	A	MDG	AF	0	438	0
239	G	A	MDG	AF	1	427	0.00234192037470726
240	G	A	MDG	AF	0	437	0
241	G	A	MDG	AF	0	431	0
242	G	A	MDG	AF	0	441	0
243	G	A	MDG	AF	0	440	0
244	G	A	MDG	AF	0	438	0
245	G	A	MDG	AF	0	435	0
246	G	A	MDG	AF	0	441	0
247	G	A	MDG	AF	0	433	0
248	G	A	MDG	AF	0	435	0
249	G	A	MDG	AF	0	445	0
250	G	A	MDG	AF	0	431	0
251	G	A	MDG	AF	0	444	0
252	G	A	MDG	AF	0	439	0
253	G	A	MDG	AF	0	431	0
254	G	A	MDG	AF	0	428	0
255	G	A	MDG	AF	0	436	0
256	G	A	MDG	AF	0	431	0
257	G	A	MDG	AF	0	436	0
258	G	A	MDG	AF	0	440	0
259	G	A	MDG	AF	0	436	0
260	G	A	MDG	AF	0	431	0
261	G	A	MDG	AF	0	445	0
262	G	A	MDG	AF	0	435	0
263	G	A	MDG	AF	0	430	0
264	G	A	MDG	AF	0	438	0
265	G	A	MDG	AF	0	434	0
266	G	A	MDG	AF	0	429	0
267	G	A	MDG	AF	0	437	0
268	G	A	MDG	AF	0	431	0
269	G	A	MDG	AF	1	433	0.0023094688221709007
270	G	A	MDG	AF	0	430	0
271	G	A	MDG	AF	0	428	0
272	G	A	MDG	AF	0	433	0
273	G	A	MDG	AF	0	438	0
274	G	A	MDG	AF	0	435	0
275	G	A	MDG	AF	0	443	0
276	G	A	MDG	AF	0	425	0
277	G	A	MDG	AF	0	433	0
278	G	A	MDG	AF	0	439	0
279	G	A	MDG	AF	0	434	0
280	G	A	MDG	AF	0	434	0
281	G	A	MDG	AF	0	446	0
282	G	A	MDG	AF	0	440	0
283	G	A	MDG	AF	0	430	0
284	G	A	MDG	AF	0	437	0
285	G	A	MDG	AF	0	430	0
286	G	A	MDG	AF	0	425	0
287	G	A	MDG	AF	0	430	0
288	G	A	MDG	AF	0	444	0
289	G	A	MDG	AF	0	435	0
290	G	A	MDG	AF	0	426	0
291	G	A	MDG	AF	0	434	0
292	G	A	MDG	AF	0	427	0
293	G	A	MDG	AF	0	437	0
294	G	A	MDG	AF	0	437	0
295	G	A	MDG	AF	0	436	0
296	G	A	MDG	AF	0	432	0
297	G	A	MDG	AF	0	441	0
298	G	A	MDG	AF	0	437	0
299	G	A	MDG	AF	0	431	0
300	G	A	MDG	AF	0	435	0
1	H	A	ORI	AF	0	433	0
2	H	A	ORI	AF	0	440	0
3	H	A	ORI	AF	0	440	0
4	H	A	ORI	AF	0	434	0
5	H	A	ORI	AF	0	436	0
6	H	A	ORI	AF	0	437	0
7	H	A	ORI	AF	0	432	0
8	H	A	ORI	AF	0	442	0
9	H	A	ORI	AF	0	431	0
10	H	A	ORI	AF	0	433	0
11	H	A	ORI	AF	0	437	0
12	H	A	ORI	AF	0	436	0
13	H	A	ORI	AF	0	444	0
14	H	A	ORI	AF	0	442	0
15	H	A	ORI	AF	0	427	0
16	H	A	ORI	AF	0	444	0
17	H	A	ORI	AF	0	438	0
18	H	A	ORI	AF	0	440	0
19	H	A	ORI	AF	0	429	0
20	H	A	ORI	AF	0	430	0
21	H	A	ORI	AF	0	429	0
22	H	A	ORI	AF	0	435	0
23	H	A	ORI	AF	0	430	0
24	H	A	ORI	AF	0	443	0
25	H	A	ORI	AF	0	434	0
26	H	A	ORI	AF	0	438	0
27	H	A	ORI	AF	0	436	0
28	H	A	ORI	AF	0	438	0
29	H	A	ORI	AF	0	436	0
30	H	A	ORI	AF	0	439	0
31	H	A	ORI	AF	0	438	0
32	H	A	ORI	AF	0	439	0
33	H	A	ORI	AF	0	436	0
34	H	A	ORI	AF	0	438	0
35	H	A	ORI	AF	0	438	0
36	H	A	ORI	AF	0	440	0
37	H	A	ORI	AF	0	442	0
38	H	A	ORI	AF	0	437	0
39	H	A	ORI	AF	0	434	0
40	H	A	ORI	AF	0	442	0
41	H	A	ORI	AF	0	444	0
42	H	A	ORI	AF	0	427	0
43	H	A	ORI	AF	0	434	0
44	H	A	ORI	AF	0	430	0
45	H	A	ORI	AF	0	431	0
46	H	A	ORI	AF	0	429	0
47	H	A	ORI	AF	0	444	0
48	H	A	ORI	AF	0	441	0
49	H	A	ORI	AF	0	431	0
50	H	A	ORI	AF	0	424	0
51	H	A	ORI	AF	0	428	0
52	H	A	ORI	AF	0	428	0
53	H	A	ORI	AF	0	444	0
54	H	A	ORI	AF	0	439	0
55	H	A	ORI	AF	0	435	0
56	H	A	ORI	AF	0	437	0
57	H	A	ORI	AF	0	433	0
58	H	A	ORI	AF	0	441	0
59	H	A	ORI	AF	0	424	0
60	H	A	ORI	AF	0	440	0
61	H	A	ORI	AF	0	436	0
62	H	A	ORI	AF	0	422	0
63	H	A	ORI	AF	0	433	0
64	H	A	ORI	AF	0	433	0
65	H	A	ORI	AF	0	432	0
66	H	A	ORI	AF	0	445	0
67	H	A	ORI	AF	0	430	0
68	H	A	ORI	AF	0	438	0
69	H	A	ORI	AF	0	438	0
70	H	A	ORI	AF	0	439	0
71	H	A	ORI	AF	0	432	0
72	H	A	ORI	AF	0	436	0
73	H	A	ORI	AF	0	435	0
74	H	A	ORI	AF	0	436	0
75	H	A	ORI	AF	0	452	0
76	H	A	ORI	AF	0	441	0
77	H	A	ORI	AF	0	441	0
78	H	A	ORI	AF	0	435	0
79	H	A	ORI	AF	0	425	0
80	H	A	ORI	AF	0	440	0
81	H	A	ORI	AF	0	436	0
82	H	A	ORI	AF	0	435	0
83	H	A	ORI	AF	0	426	0
84	H	A	ORI	AF	0	447	0
85	H	A	ORI	AF	0	434	0
86	H	A	ORI	AF	0	431	0
87	H	A	ORI	AF	0	432	0
88	H	A	ORI	AF	0	445	0
89	H	A	ORI	AF	0	432	0
90	H	A	ORI	AF	0	431	0
91	H	A	ORI	AF	0	436	0
92	H	A	ORI	AF	0	442	0
93	H	A	ORI	AF	0	426	0
94	H	A	ORI	AF	0	426	0
95	H	A	ORI	AF	0	431	0
96	H	A	ORI	AF	0	439	0
97	H	A	ORI	AF	0	436	0
98	H	A	ORI	AF	0	433	0
99	H	A	ORI	AF	0	434	0
100	H	A	ORI	AF	0	439	0
101	H	A	ORI	AF	0	435	0
102	H	A	ORI	AF	0	448	0
103	H	A	ORI	AF	0	438	0
104	H	A	ORI	AF	0	431	0
105	H	A	ORI	AF	0	435	0
106	H	A	ORI	AF	0	435	0
107	H	A	ORI	AF	0	443	0
108	H	A	ORI	AF	0	426	0
109	H	A	ORI	AF	0	444	0
110	H	A	ORI	AF	0	427	0
111	H	A	ORI	AF	0	447	0
112	H	A	ORI	AF	0	436	0
113	H	A	ORI	AF	0	432	0
114	H	A	ORI	AF	0	442	0
115	H	A	ORI	AF	0	435	0
116	H	A	ORI	AF	0	445	0
117	H	A	ORI	AF	0	441	0
118	H	A	ORI	AF	0	436	0
119	H	A	ORI	AF	0	439	0
120	H	A	ORI	AF	0	451	0
121	H	A	ORI	AF	0	443	0
122	H	A	ORI	AF	0	432	0
123	H	A	ORI	AF	0	442	0
124	H	A	ORI	AF	0	437	0
125	H	A	ORI	AF	0	433	0
126	H	A	ORI	AF	0	438	0
127	H	A	ORI	AF	0	436	0
128	H	A	ORI	AF	0	436	0
129	H	A	ORI	AF	0	435	0
130	H	A	ORI	AF	0	433	0
131	H	A	ORI	AF	0	446	0
132	H	A	ORI	AF	0	442	0
133	H	A	ORI	AF	0	441	0
134	H	A	ORI	AF	0	444	0
135	H	A	ORI	AF	0	433	0
136	H	A	ORI	AF	0	432	0
137	H	A	ORI	AF	0	433	0
138	H	A	ORI	AF	0	438	0
139	H	A	ORI	AF	0	433	0
140	H	A	ORI	AF	0	433	0
141	H	A	ORI	AF	0	427	0
142	H	A	ORI	AF	0	425	0
143	H	A	ORI	AF	0	430	0
144	H	A	ORI	AF	0	434	0
145	H	A	ORI	AF	0	446	0
146	H	A	ORI	AF	0	439	0
147	H	A	ORI	AF	0	433	0
148	H	A	ORI	AF	0	437	0
149	H	A	ORI	AF	0	425	0
150	H	A	ORI	AF	0	440	0
151	H	A	ORI	AF	0	445	0
152	H	A	ORI	AF	0	435	0
153	H	A	ORI	AF	0	438	0
154	H	A	ORI	AF	0	445	0
155	H	A	ORI	AF	0	432	0
156	H	A	ORI	AF	0	429	0
157	H	A	ORI	AF	0	432	0
158	H	A	ORI	AF	0	435	0
159	H	A	ORI	AF	0	441	0
160	H	A	ORI	AF	0	439	0
161	H	A	ORI	AF	0	438	0
162	H	A	ORI	AF	0	436	0
163	H	A	ORI	AF	0	434	0
164	H	A	ORI	AF	0	437	0
165	H	A	ORI	AF	0	428	0
166	H	A	ORI	AF	0	436	0
167	H	A	ORI	AF	0	433	0
168	H	A	ORI	AF	0	435	0
169	H	A	ORI	AF	0	434	0
170	H	A	ORI	AF	0	432	0
171	H	A	ORI	AF	0	434	0
172	H	A	ORI	AF	0	444	0
173	H	A	ORI	AF	0	440	0
174	H	A	ORI	AF	0	435	0
175	H	A	ORI	AF	0	429	0
176	H	A	ORI	AF	0	437	0
177	H	A	ORI	AF	0	434	0
178	H	A	ORI	AF	0	442	0
179	H	A	ORI	AF	0	447	0
180	H	A	ORI	AF	0	442	0
181	H	A	ORI	AF	0	435	0
182	H	A	ORI	AF	0	441	0
183	H	A	ORI	AF	0	437	0
184	H	A	ORI	AF	0	436	0
185	H	A	ORI	AF	0	434	0
186	H	A	ORI	AF	0	437	0
187	H	A	ORI	AF	0	433	0
188	H	A	ORI	AF	0	430	0
189	H	A	ORI	AF	0	443	0
190	H	A	ORI	AF	0	434	0
191	H	A	ORI	AF	0	429	0
192	H	A	ORI	AF	0	430	0
193	H	A	ORI	AF	0	431	0
194	H	A	ORI	AF	0	423	0
195	H	A	ORI	AF	0	433	0
196	H	A	ORI	AF	0	436	0
197	H	A	ORI	AF	0	444	0
198	H	A	ORI	AF	0	446	0
199	H	A	ORI	AF	0	434	0
200	H	A	ORI	AF	0	431	0
201	H	A	ORI	AF	0	435	0
202	H	A	ORI	AF	0	427	0
203	H	A	ORI	AF	0	433	0
204	H	A	ORI	AF	0	437	0
205	H	A	ORI	AF	0	431	0
206	H	A	ORI	AF	0	435	0
207	H	A	ORI	AF	0	442	0
208	H	A	ORI	AF	0	434	0
209	H	A	ORI	AF	0	438	0
210	H	A	ORI	AF	0	434	0
211	H	A	ORI	AF	0	440	0
212	H	A	ORI	AF	0	447	0
213	H	A	ORI	AF	0	436	0
214	H	A	ORI	AF	0	428	0
215	H	A	ORI	AF	0	448	0
216	H	A	ORI	AF	0	442	0
217	H	A	ORI	AF	0	433	0
218	H	A	ORI	AF	0	431	0
219	H	A	ORI	AF	0	434	0
220	H	A	ORI	AF	0	445	0
221	H	A	ORI	AF	0	422	0
222	H	A	ORI	AF	0	425	0
223	H	A	ORI	AF	0	431	0
224	H	A	ORI	AF	0	432	0
225	H	A	ORI	AF	0	431	0
226	H	A	ORI	AF	0	430	0
227	H	A	ORI	AF	0	441	0
228	H	A	ORI	AF	0	444	0
229	H	A	ORI	AF	0	446	0
230	H	A	ORI	AF	0	439	0
231	H	A	ORI	AF	0	435	0
232	H	A	ORI	AF	0	434	0
233	H	A	ORI	AF	0	437	0
234	H	A	ORI	AF	0	435	0
235	H	A	ORI	AF	0	434	0
236	H	A	ORI	AF	0	431	0
237	H	A	ORI	AF	0	447	0
238	H	A	ORI	AF	0	438	0
239	H	A	ORI	AF	0	427	0
240	H	A	ORI	AF	0	437	0
241	H	A	ORI	AF	0	431	0
242	H	A	ORI	AF	0	441	0
243	H	A	ORI	AF	0	440	0
244	H	A	ORI	AF	0	438	0
245	H	A	ORI	AF	0	435	0
246	H	A	ORI	AF	0	441	0
247	H	A	ORI	AF	0	433	0
248	H	A	ORI	AF	0	435	0
249	H	A	ORI	AF	0	445	0
250	H	A	ORI	AF	0	431	0
251	H	A	ORI	AF	0	444	0
252	H	A	ORI	AF	0	439	0
253	H	A	ORI	AF	0	431	0
254	H	A	ORI	AF	0	428	0
255	H	A	ORI	AF	0	436	0
256	H	A	ORI	AF	0	431	0
257	H	A	ORI	AF	0	436	0
258	H	A	ORI	AF	0	440	0
259	H	A	ORI	AF	0	436	0
260	H	A	ORI	AF	0	431	0
261	H	A	ORI	AF	0	445	0
262	H	A	ORI	AF	0	435	0
263	H	A	ORI	AF	0	430	0
264	H	A	ORI	AF	0	438	0
265	H	A	ORI	AF	0	434	0
266	H	A	ORI	AF	0	429	0
267	H	A	ORI	AF	0	437	0
268	H	A	ORI	AF	0	431	0
269	H	A	ORI	AF	0	433	0
270	H	A	ORI	AF	0	430	0
271	H	A	ORI	AF	0	428	0
272	H	A	ORI	AF	0	433	0
273	H	A	ORI	AF	0	438	0
274	H	A	ORI	AF	0	435	0
275	H	A	ORI	AF	0	443	0
276	H	A	ORI	AF	0	425	0
277	H	A	ORI	AF	0	433	0
278	H	A	ORI	AF	0	439	0
279	H	A	ORI	AF	0	434	0
280	H	A	ORI	AF	0	434	0
281	H	A	ORI	AF	0	446	0
282	H	A	ORI	AF	0	440	0
283	H	A	ORI	AF	0	430	0
284	H	A	ORI	AF	0	437	0
285	H	A	ORI	AF	0	430	0
286	H	A	ORI	AF	0	425	0
287	H	A	ORI	AF	0	430	0
288	H	A	ORI	AF	0	444	0
289	H	A	ORI	AF	0	435	0
290	H	A	ORI	AF	0	426	0
291	H	A	ORI	AF	0	434	0
292	H	A	ORI	AF	0	427	0
293	H	A	ORI	AF	0	437	0
294	H	A	ORI	AF	0	437	0
295	H	A	ORI	AF	0	436	0
296	H	A	ORI	AF	0	432	0
297	H	A	ORI	AF	0	441	0
298	H	A	ORI	AF	0	437	0
299	H	A	ORI	AF	0	431	0
300	H	A	ORI	AF	0	435	0
1	I	A	SAM	AF	0	433	0
2	I	A	SAM	AF	0	440	0
3	I	A	SAM	AF	0	440	0
4	I	A	SAM	AF	0	434	0
5	I	A	SAM	AF	0	436	0
6	I	A	SAM	AF	0	437	0
7	I	A	SAM	AF	0	432	0
8	I	A	SAM	AF	0	442	0
9	I	A	SAM	AF	0	431	0
10	I	A	SAM	AF	0	433	0
11	I	A	SAM	AF	0	437	0
12	I	A	SAM	AF	0	436	0
13	I	A	SAM	AF	0	444	0
14	I	A	SAM	AF	0	442	0
15	I	A	SAM	AF	0	427	0
16	I	A	SAM	AF	0	444	0
17	I	A	SAM	AF	0	438	0
18	I	A	SAM	AF	0	440	0
19	I	A	SAM	AF	0	429	0
20	I	A	SAM	AF	0	430	0
21	I	A	SAM	AF	0	429	0
22	I	A	SAM	AF	0	435	0
23	I	A	SAM	AF	0	430	0
24	I	A	SAM	AF	0	443	0
25	I	A	SAM	AF	0	434	0
26	I	A	SAM	AF	0	438	0
27	I	A	SAM	AF	0	436	0
28	I	A	SAM	AF	0	438	0
29	I	A	SAM	AF	0	436	0
30	I	A	SAM	AF	0	439	0
31	I	A	SAM	AF	0	438	0
32	I	A	SAM	AF	0	439	0
33	I	A	SAM	AF	0	436	0
34	I	A	SAM	AF	0	438	0
35	I	A	SAM	AF	0	438	0
36	I	A	SAM	AF	0	440	0
37	I	A	SAM	AF	0	442	0
38	I	A	SAM	AF	0	437	0
39	I	A	SAM	AF	0	434	0
40	I	A	SAM	AF	0	442	0
41	I	A	SAM	AF	0	444	0
42	I	A	SAM	AF	0	427	0
43	I	A	SAM	AF	0	434	0
44	I	A	SAM	AF	0	430	0
45	I	A	SAM	AF	0	431	0
46	I	A	SAM	AF	0	429	0
47	I	A	SAM	AF	0	444	0
48	I	A	SAM	AF	0	441	0
49	I	A	SAM	AF	0	431	0
50	I	A	SAM	AF	0	424	0
51	I	A	SAM	AF	0	428	0
52	I	A	SAM	AF	0	428	0
53	I	A	SAM	AF	0	444	0
54	I	A	SAM	AF	0	439	0
55	I	A	SAM	AF	0	435	0
56	I	A	SAM	AF	0	437	0
57	I	A	SAM	AF	0	433	0
58	I	A	SAM	AF	0	441	0
59	I	A	SAM	AF	0	424	0
60	I	A	SAM	AF	0	440	0
61	I	A	SAM	AF	0	436	0
62	I	A	SAM	AF	0	422	0
63	I	A	SAM	AF	0	433	0
64	I	A	SAM	AF	0	433	0
65	I	A	SAM	AF	0	432	0
66	I	A	SAM	AF	0	445	0
67	I	A	SAM	AF	0	430	0
68	I	A	SAM	AF	0	438	0
69	I	A	SAM	AF	0	438	0
70	I	A	SAM	AF	0	439	0
71	I	A	SAM	AF	0	432	0
72	I	A	SAM	AF	0	436	0
73	I	A	SAM	AF	0	435	0
74	I	A	SAM	AF	0	436	0
75	I	A	SAM	AF	0	452	0
76	I	A	SAM	AF	0	441	0
77	I	A	SAM	AF	0	441	0
78	I	A	SAM	AF	0	435	0
79	I	A	SAM	AF	0	425	0
80	I	A	SAM	AF	0	440	0
81	I	A	SAM	AF	0	436	0
82	I	A	SAM	AF	0	435	0
83	I	A	SAM	AF	0	426	0
84	I	A	SAM	AF	0	447	0
85	I	A	SAM	AF	0	434	0
86	I	A	SAM	AF	0	431	0
87	I	A	SAM	AF	0	432	0
88	I	A	SAM	AF	0	445	0
89	I	A	SAM	AF	0	432	0
90	I	A	SAM	AF	0	431	0
91	I	A	SAM	AF	0	436	0
92	I	A	SAM	AF	0	442	0
93	I	A	SAM	AF	0	426	0
94	I	A	SAM	AF	0	426	0
95	I	A	SAM	AF	0	431	0
96	I	A	SAM	AF	0	439	0
97	I	A	SAM	AF	0	436	0
98	I	A	SAM	AF	0	433	0
99	I	A	SAM	AF	0	434	0
100	I	A	SAM	AF	0	439	0
101	I	A	SAM	AF	0	435	0
102	I	A	SAM	AF	0	448	0
103	I	A	SAM	AF	0	438	0
104	I	A	SAM	AF	0	431	0
105	I	A	SAM	AF	0	435	0
106	I	A	SAM	AF	0	435	0
107	I	A	SAM	AF	0	443	0
108	I	A	SAM	AF	0	426	0
109	I	A	SAM	AF	0	444	0
110	I	A	SAM	AF	0	427	0
111	I	A	SAM	AF	0	447	0
112	I	A	SAM	AF	0	436	0
113	I	A	SAM	AF	0	432	0
114	I	A	SAM	AF	0	442	0
115	I	A	SAM	AF	0	435	0
116	I	A	SAM	AF	0	445	0
117	I	A	SAM	AF	0	441	0
118	I	A	SAM	AF	0	436	0
119	I	A	SAM	AF	0	439	0
120	I	A	SAM	AF	0	451	0
121	I	A	SAM	AF	0	443	0
122	I	A	SAM	AF	0	432	0
123	I	A	SAM	AF	0	442	0
124	I	A	SAM	AF	0	437	0
125	I	A	SAM	AF	0	433	0
126	I	A	SAM	AF	0	438	0
127	I	A	SAM	AF	0	436	0
128	I	A	SAM	AF	0	436	0
129	I	A	SAM	AF	0	435	0
130	I	A	SAM	AF	0	433	0
131	I	A	SAM	AF	0	446	0
132	I	A	SAM	AF	0	442	0
133	I	A	SAM	AF	0	441	0
134	I	A	SAM	AF	0	444	0
135	I	A	SAM	AF	0	433	0
136	I	A	SAM	AF	0	432	0
137	I	A	SAM	AF	0	433	0
138	I	A	SAM	AF	0	438	0
139	I	A	SAM	AF	0	433	0
140	I	A	SAM	AF	0	433	0
141	I	A	SAM	AF	0	427	0
142	I	A	SAM	AF	0	425	0
143	I	A	SAM	AF	0	430	0
144	I	A	SAM	AF	0	434	0
145	I	A	SAM	AF	0	446	0
146	I	A	SAM	AF	0	439	0
147	I	A	SAM	AF	0	433	0
148	I	A	SAM	AF	0	437	0
149	I	A	SAM	AF	0	425	0
150	I	A	SAM	AF	0	440	0
151	I	A	SAM	AF	0	445	0
152	I	A	SAM	AF	0	435	0
153	I	A	SAM	AF	0	438	0
154	I	A	SAM	AF	0	445	0
155	I	A	SAM	AF	0	432	0
156	I	A	SAM	AF	0	429	0
157	I	A	SAM	AF	0	432	0
158	I	A	SAM	AF	0	435	0
159	I	A	SAM	AF	0	441	0
160	I	A	SAM	AF	0	439	0
161	I	A	SAM	AF	0	438	0
162	I	A	SAM	AF	0	436	0
163	I	A	SAM	AF	0	434	0
164	I	A	SAM	AF	0	437	0
165	I	A	SAM	AF	0	428	0
166	I	A	SAM	AF	0	436	0
167	I	A	SAM	AF	0	433	0
168	I	A	SAM	AF	0	435	0
169	I	A	SAM	AF	0	434	0
170	I	A	SAM	AF	0	432	0
171	I	A	SAM	AF	0	434	0
172	I	A	SAM	AF	0	444	0
173	I	A	SAM	AF	0	440	0
174	I	A	SAM	AF	0	435	0
175	I	A	SAM	AF	0	429	0
176	I	A	SAM	AF	0	437	0
177	I	A	SAM	AF	0	434	0
178	I	A	SAM	AF	0	442	0
179	I	A	SAM	AF	0	447	0
180	I	A	SAM	AF	0	442	0
181	I	A	SAM	AF	0	435	0
182	I	A	SAM	AF	0	441	0
183	I	A	SAM	AF	0	437	0
184	I	A	SAM	AF	0	436	0
185	I	A	SAM	AF	0	434	0
186	I	A	SAM	AF	0	437	0
187	I	A	SAM	AF	0	433	0
188	I	A	SAM	AF	0	430	0
189	I	A	SAM	AF	0	443	0
190	I	A	SAM	AF	0	434	0
191	I	A	SAM	AF	0	429	0
192	I	A	SAM	AF	0	430	0
193	I	A	SAM	AF	0	431	0
194	I	A	SAM	AF	0	423	0
195	I	A	SAM	AF	0	433	0
196	I	A	SAM	AF	0	436	0
197	I	A	SAM	AF	0	444	0
198	I	A	SAM	AF	0	446	0
199	I	A	SAM	AF	0	434	0
200	I	A	SAM	AF	0	431	0
201	I	A	SAM	AF	0	435	0
202	I	A	SAM	AF	0	427	0
203	I	A	SAM	AF	0	433	0
204	I	A	SAM	AF	0	437	0
205	I	A	SAM	AF	0	431	0
206	I	A	SAM	AF	0	435	0
207	I	A	SAM	AF	0	442	0
208	I	A	SAM	AF	0	434	0
209	I	A	SAM	AF	0	438	0
210	I	A	SAM	AF	0	434	0
211	I	A	SAM	AF	0	440	0
212	I	A	SAM	AF	0	447	0
213	I	A	SAM	AF	0	436	0
214	I	A	SAM	AF	0	428	0
215	I	A	SAM	AF	0	448	0
216	I	A	SAM	AF	0	442	0
217	I	A	SAM	AF	0	433	0
218	I	A	SAM	AF	0	431	0
219	I	A	SAM	AF	0	434	0
220	I	A	SAM	AF	0	445	0
221	I	A	SAM	AF	0	422	0
222	I	A	SAM	AF	0	425	0
223	I	A	SAM	AF	0	431	0
224	I	A	SAM	AF	0	432	0
225	I	A	SAM	AF	0	431	0
226	I	A	SAM	AF	0	430	0
227	I	A	SAM	AF	0	441	0
228	I	A	SAM	AF	0	444	0
229	I	A	SAM	AF	0	446	0
230	I	A	SAM	AF	0	439	0
231	I	A	SAM	AF	0	435	0
232	I	A	SAM	AF	0	434	0
233	I	A	SAM	AF	0	437	0
234	I	A	SAM	AF	0	435	0
235	I	A	SAM	AF	0	434	0
236	I	A	SAM	AF	0	431	0
237	I	A	SAM	AF	0	447	0
238	I	A	SAM	AF	0	438	0
239	I	A	SAM	AF	0	427	0
240	I	A	SAM	AF	0	437	0
241	I	A	SAM	AF	0	431	0
242	I	A	SAM	AF	0	441	0
243	I	A	SAM	AF	0	440	0
244	I	A	SAM	AF	0	438	0
245	I	A	SAM	AF	0	435	0
246	I	A	SAM	AF	0	441	0
247	I	A	SAM	AF	0	433	0
248	I	A	SAM	AF	0	435	0
249	I	A	SAM	AF	0	445	0
250	I	A	SAM	AF	0	431	0
251	I	A	SAM	AF	0	444	0
252	I	A	SAM	AF	0	439	0
253	I	A	SAM	AF	0	431	0
254	I	A	SAM	AF	0	428	0
255	I	A	SAM	AF	0	436	0
256	I	A	SAM	AF	0	431	0
257	I	A	SAM	AF	0	436	0
258	I	A	SAM	AF	0	440	0
259	I	A	SAM	AF	0	436	0
260	I	A	SAM	AF	0	431	0
261	I	A	SAM	AF	0	445	0
262	I	A	SAM	AF	0	435	0
263	I	A	SAM	AF	0	430	0
264	I	A	SAM	AF	0	438	0
265	I	A	SAM	AF	0	434	0
266	I	A	SAM	AF	0	429	0
267	I	A	SAM	AF	0	437	0
268	I	A	SAM	AF	0	431	0
269	I	A	SAM	AF	0	433	0
270	I	A	SAM	AF	0	430	0
271	I	A	SAM	AF	0	428	0
272	I	A	SAM	AF	0	433	0
273	I	A	SAM	AF	0	438	0
274	I	A	SAM	AF	0	435	0
275	I	A	SAM	AF	0	443	0
276	I	A	SAM	AF	0	425	0
277	I	A	SAM	AF	0	433	0
278	I	A	SAM	AF	0	439	0
279	I	A	SAM	AF	0	434	0
280	I	A	SAM	AF	0	434	0
281	I	A	SAM	AF	0	446	0
282	I	A	SAM	AF	0	440	0
283	I	A	SAM	AF	0	430	0
284	I	A	SAM	AF	0	437	0
285	I	A	SAM	AF	0	430	0
286	I	A	SAM	AF	0	425	0
287	I	A	SAM	AF	0	430	0
288	I	A	SAM	AF	0	444	0
289	I	A	SAM	AF	0	435	0
290	I	A	SAM	AF	0	426	0
291	I	A	SAM	AF	0	434	0
292	I	A	SAM	AF	0	427	0
293	I	A	SAM	AF	0	437	0
294	I	A	SAM	AF	0	437	0
295	I	A	SAM	AF	0	436	0
296	I	A	SAM	AF	0	432	0
297	I	A	SAM	AF	0	441	0
298	I	A	SAM	AF	0	437	0
299	I	A	SAM	AF	0	431	0
300	I	A	SAM	AF	0	435	0
1	J	A	WNA	AF	0	433	0
2	J	A	WNA	AF	0	440	0
3	J	A	WNA	AF	0	440	0
4	J	A	WNA	AF	0	434	0
5	J	A	WNA	AF	0	436	0
6	J	A	WNA	AF	0	437	0
7	J	A	WNA	AF	0	432	0
8	J	A	WNA	AF	0	442	0
9	J	A	WNA	AF	0	431	0
10	J	A	WNA	AF	0	433	0
11	J	A	WNA	AF	0	437	0
12	J	A	WNA	AF	0	436	0
13	J	A	WNA	AF	0	444	0
14	J	A	WNA	AF	0	442	0
15	J	A	WNA	AF	0	427	0
16	J	A	WNA	AF	0	444	0
17	J	A	WNA	AF	0	438	0
18	J	A	WNA	AF	0	440	0
19	J	A	WNA	AF	0	429	0
20	J	A	WNA	AF	0	430	0
21	J	A	WNA	AF	0	429	0
22	J	A	WNA	AF	0	435	0
23	J	A	WNA	AF	0	430	0
24	J	A	WNA	AF	0	443	0
25	J	A	WNA	AF	0	434	0
26	J	A	WNA	AF	0	438	0
27	J	A	WNA	AF	0	436	0
28	J	A	WNA	AF	0	438	0
29	J	A	WNA	AF	0	436	0
30	J	A	WNA	AF	0	439	0
31	J	A	WNA	AF	0	438	0
32	J	A	WNA	AF	0	439	0
33	J	A	WNA	AF	0	436	0
34	J	A	WNA	AF	0	438	0
35	J	A	WNA	AF	0	438	0
36	J	A	WNA	AF	0	440	0
37	J	A	WNA	AF	0	442	0
38	J	A	WNA	AF	0	437	0
39	J	A	WNA	AF	0	434	0
40	J	A	WNA	AF	0	442	0
41	J	A	WNA	AF	0	444	0
42	J	A	WNA	AF	0	427	0
43	J	A	WNA	AF	0	434	0
44	J	A	WNA	AF	0	430	0
45	J	A	WNA	AF	0	431	0
46	J	A	WNA	AF	0	429	0
47	J	A	WNA	AF	0	444	0
48	J	A	WNA	AF	0	441	0
49	J	A	WNA	AF	0	431	0
50	J	A	WNA	AF	0	424	0
51	J	A	WNA	AF	0	428	0
52	J	A	WNA	AF	0	428	0
53	J	A	WNA	AF	0	444	0
54	J	A	WNA	AF	0	439	0
55	J	A	WNA	AF	0	435	0
56	J	A	WNA	AF	0	437	0
57	J	A	WNA	AF	0	433	0
58	J	A	WNA	AF	0	441	0
59	J	A	WNA	AF	0	424	0
60	J	A	WNA	AF	0	440	0
61	J	A	WNA	AF	0	436	0
62	J	A	WNA	AF	0	422	0
63	J	A	WNA	AF	0	433	0
64	J	A	WNA	AF	0	433	0
65	J	A	WNA	AF	0	432	0
66	J	A	WNA	AF	0	445	0
67	J	A	WNA	AF	0	430	0
68	J	A	WNA	AF	0	438	0
69	J	A	WNA	AF	0	438	0
70	J	A	WNA	AF	0	439	0
71	J	A	WNA	AF	0	432	0
72	J	A	WNA	AF	0	436	0
73	J	A	WNA	AF	0	435	0
74	J	A	WNA	AF	0	436	0
75	J	A	WNA	AF	0	452	0
76	J	A	WNA	AF	0	441	0
77	J	A	WNA	AF	0	441	0
78	J	A	WNA	AF	0	435	0
79	J	A	WNA	AF	0	425	0
80	J	A	WNA	AF	0	440	0
81	J	A	WNA	AF	0	436	0
82	J	A	WNA	AF	0	435	0
83	J	A	WNA	AF	0	426	0
84	J	A	WNA	AF	0	447	0
85	J	A	WNA	AF	0	434	0
86	J	A	WNA	AF	0	431	0
87	J	A	WNA	AF	0	432	0
88	J	A	WNA	AF	0	445	0
89	J	A	WNA	AF	0	432	0
90	J	A	WNA	AF	0	431	0
91	J	A	WNA	AF	0	436	0
92	J	A	WNA	AF	0	442	0
93	J	A	WNA	AF	0	426	0
94	J	A	WNA	AF	0	426	0
95	J	A	WNA	AF	0	431	0
96	J	A	WNA	AF	0	439	0
97	J	A	WNA	AF	0	436	0
98	J	A	WNA	AF	0	433	0
99	J	A	WNA	AF	0	434	0
100	J	A	WNA	AF	0	439	0
101	J	A	WNA	AF	0	435	0
102	J	A	WNA	AF	0	448	0
103	J	A	WNA	AF	0	438	0
104	J	A	WNA	AF	0	431	0
105	J	A	WNA	AF	0	435	0
106	J	A	WNA	AF	0	435	0
107	J	A	WNA	AF	0	443	0
108	J	A	WNA	AF	0	426	0
109	J	A	WNA	AF	0	444	0
110	J	A	WNA	AF	0	427	0
111	J	A	WNA	AF	0	447	0
112	J	A	WNA	AF	0	436	0
113	J	A	WNA	AF	0	432	0
114	J	A	WNA	AF	0	442	0
115	J	A	WNA	AF	0	435	0
116	J	A	WNA	AF	0	445	0
117	J	A	WNA	AF	0	441	0
118	J	A	WNA	AF	0	436	0
119	J	A	WNA	AF	0	439	0
120	J	A	WNA	AF	0	451	0
121	J	A	WNA	AF	0	443	0
122	J	A	WNA	AF	0	432	0
123	J	A	WNA	AF	0	442	0
124	J	A	WNA	AF	0	437	0
125	J	A	WNA	AF	0	433	0
126	J	A	WNA	AF	0	438	0
127	J	A	WNA	AF	0	436	0
128	J	A	WNA	AF	0	436	0
129	J	A	WNA	AF	0	435	0
130	J	A	WNA	AF	0	433	0
131	J	A	WNA	AF	0	446	0
132	J	A	WNA	AF	0	442	0
133	J	A	WNA	AF	0	441	0
134	J	A	WNA	AF	0	444	0
135	J	A	WNA	AF	0	433	0
136	J	A	WNA	AF	0	432	0
137	J	A	WNA	AF	0	433	0
138	J	A	WNA	AF	0	438	0
139	J	A	WNA	AF	0	433	0
140	J	A	WNA	AF	0	433	0
141	J	A	WNA	AF	0	427	0
142	J	A	WNA	AF	0	425	0
143	J	A	WNA	AF	0	430	0
144	J	A	WNA	AF	0	434	0
145	J	A	WNA	AF	0	446	0
146	J	A	WNA	AF	0	439	0
147	J	A	WNA	AF	0	433	0
148	J	A	WNA	AF	0	437	0
149	J	A	WNA	AF	0	425	0
150	J	A	WNA	AF	0	440	0
151	J	A	WNA	AF	0	445	0
152	J	A	WNA	AF	0	435	0
153	J	A	WNA	AF	0	438	0
154	J	A	WNA	AF	0	445	0
155	J	A	WNA	AF	0	432	0
156	J	A	WNA	AF	0	429	0
157	J	A	WNA	AF	0	432	0
158	J	A	WNA	AF	0	435	0
159	J	A	WNA	AF	0	441	0
160	J	A	WNA	AF	0	439	0
161	J	A	WNA	AF	0	438	0
162	J	A	WNA	AF	0	436	0
163	J	A	WNA	AF	0	434	0
164	J	A	WNA	AF	0	437	0
165	J	A	WNA	AF	0	428	0
166	J	A	WNA	AF	0	436	0
167	J	A	WNA	AF	0	433	0
168	J	A	WNA	AF	0	435	0
169	J	A	WNA	AF	0	434	0
170	J	A	WNA	AF	0	432	0
171	J	A	WNA	AF	0	434	0
172	J	A	WNA	AF	0	444	0
173	J	A	WNA	AF	0	440	0
174	J	A	WNA	AF	0	435	0
175	J	A	WNA	AF	0	429	0
176	J	A	WNA	AF	0	437	0
177	J	A	WNA	AF	0	434	0
178	J	A	WNA	AF	0	442	0
179	J	A	WNA	AF	0	447	0
180	J	A	WNA	AF	0	442	0
181	J	A	WNA	AF	0	435	0
182	J	A	WNA	AF	0	441	0
183	J	A	WNA	AF	0	437	0
184	J	A	WNA	AF	0	436	0
185	J	A	WNA	AF	0	434	0
186	J	A	WNA	AF	0	437	0
187	J	A	WNA	AF	0	433	0
188	J	A	WNA	AF	0	430	0
189	J	A	WNA	AF	0	443	0
190	J	A	WNA	AF	0	434	0
191	J	A	WNA	AF	0	429	0
192	J	A	WNA	AF	0	430	0
193	J	A	WNA	AF	0	431	0
194	J	A	WNA	AF	0	423	0
195	J	A	WNA	AF	0	433	0
196	J	A	WNA	AF	0	436	0
197	J	A	WNA	AF	0	444	0
198	J	A	WNA	AF	0	446	0
199	J	A	WNA	AF	0	434	0
200	J	A	WNA	AF	0	431	0
201	J	A	WNA	AF	0	435	0
202	J	A	WNA	AF	0	427	0
203	J	A	WNA	AF	0	433	0
204	J	A	WNA	AF	0	437	0
205	J	A	WNA	AF	0	431	0
206	J	A	WNA	AF	0	435	0
207	J	A	WNA	AF	0	442	0
208	J	A	WNA	AF	0	434	0
209	J	A	WNA	AF	0	438	0
210	J	A	WNA	AF	0	434	0
211	J	A	WNA	AF	0	440	0
212	J	A	WNA	AF	0	447	0
213	J	A	WNA	AF	0	436	0
214	J	A	WNA	AF	0	428	0
215	J	A	WNA	AF	0	448	0
216	J	A	WNA	AF	0	442	0
217	J	A	WNA	AF	0	433	0
218	J	A	WNA	AF	0	431	0
219	J	A	WNA	AF	0	434	0
220	J	A	WNA	AF	0	445	0
221	J	A	WNA	AF	0	422	0
222	J	A	WNA	AF	0	425	0
223	J	A	WNA	AF	0	431	0
224	J	A	WNA	AF	0	432	0
225	J	A	WNA	AF	0	431	0
226	J	A	WNA	AF	0	430	0
227	J	A	WNA	AF	0	441	0
228	J	A	WNA	AF	0	444	0
229	J	A	WNA	AF	0	446	0
230	J	A	WNA	AF	0	439	0
231	J	A	WNA	AF	0	435	0
232	J	A	WNA	AF	0	434	0
233	J	A	WNA	AF	0	437	0
234	J	A	WNA	AF	0	435	0
235	J	A	WNA	AF	0	434	0
236	J	A	WNA	AF	0	431	0
237	J	A	WNA	AF	0	447	0
238	J	A	WNA	AF	0	438	0
239	J	A	WNA	AF	0	427	0
240	J	A	WNA	AF	0	437	0
241	J	A	WNA	AF	0	431	0
242	J	A	WNA	AF	0	441	0
243	J	A	WNA	AF	0	440	0
244	J	A	WNA	AF	0	438	0
245	J	A	WNA	AF	0	435	0
246	J	A	WNA	AF	0	441	0
247	J	A	WNA	AF	0	433	0
248	J	A	WNA	AF	0	435	0
249	J	A	WNA	AF	0	445	0
250	J	A	WNA	AF	0	431	0
251	J	A	WNA	AF	0	444	0
252	J	A	WNA	AF	0	439	0
253	J	A	WNA	AF	0	431	0
254	J	A	WNA	AF	0	428	0
255	J	A	WNA	AF	0	436	0
256	J	A	WNA	AF	0	431	0
257	J	A	WNA	AF	0	436	0
258	J	A	WNA	AF	0	440	0
259	J	A	WNA	AF	0	436	0
260	J	A	WNA	AF	0	431	0
261	J	A	WNA	AF	0	445	0
262	J	A	WNA	AF	0	435	0
263	J	A	WNA	AF	0	430	0
264	J	A	WNA	AF	0	438	0
265	J	A	WNA	AF	0	434	0
266	J	A	WNA	AF	0	429	0
267	J	A	WNA	AF	0	437	0
268	J	A	WNA	AF	0	431	0
269	J	A	WNA	AF	0	433	0
270	J	A	WNA	AF	0	430	0
271	J	A	WNA	AF	0	428	0
272	J	A	WNA	AF	0	433	0
273	J	A	WNA	AF	0	438	0
274	J	A	WNA	AF	0	435	0
275	J	A	WNA	AF	0	443	0
276	J	A	WNA	AF	0	425	0
277	J	A	WNA	AF	0	433	0
278	J	A	WNA	AF	0	439	0
279	J	A	WNA	AF	0	434	0
280	J	A	WNA	AF	0	434	0
281	J	A	WNA	AF	0	446	0
282	J	A	WNA	AF	0	440	0
283	J	A	WNA	AF	0	430	0
284	J	A	WNA	AF	0	437	0
285	J	A	WNA	AF	0	430	0
286	J	A	WNA	AF	0	425	0
287	J	A	WNA	AF	0	430	0
288	J	A	WNA	AF	0	444	0
289	J	A	WNA	AF	0	435	0
290	J	A	WNA	AF	0	426	0
291	J	A	WNA	AF	0	434	0
292	J	A	WNA	AF	0	427	0
293	J	A	WNA	AF	0	437	0
294	J	A	WNA	AF	0	437	0
295	J	A	WNA	AF	0	436	0
296	J	A	WNA	AF	0	432	0
297	J	A	WNA	AF	0	441	0
298	J	A	WNA	AF	0	437	0
299	J	A	WNA	AF	0	431	0
300	J	A	WNA	AF	0	435	0
1	K	A	WPA	AF	8	433	0.018475750577367205
2	K	A	WPA	AF	7	440	0.015909090909090907
3	K	A	WPA	AF	7	440	0.015909090909090907
4	K	A	WPA	AF	7	434	0.016129032258064516
5	K	A	WPA	AF	7	436	0.016055045871559634
6	K	A	WPA	AF	5	437	0.011441647597254004
7	K	A	WPA	AF	7	432	0.016203703703703703
8	K	A	WPA	AF	6	442	0.013574660633484163
9	K	A	WPA	AF	2	431	0.0046403712296983757
10	K	A	WPA	AF	6	433	0.013856812933025405
11	K	A	WPA	AF	8	437	0.018306636155606407
12	K	A	WPA	AF	5	436	0.011467889908256881
13	K	A	WPA	AF	7	444	0.015765765765765764
14	K	A	WPA	AF	7	442	0.015837104072398189
15	K	A	WPA	AF	7	427	0.016393442622950821
16	K	A	WPA	AF	5	444	0.011261261261261261
17	K	A	WPA	AF	5	438	0.011415525114155251
18	K	A	WPA	AF	8	440	0.018181818181818181
19	K	A	WPA	AF	5	429	0.011655011655011656
20	K	A	WPA	AF	6	430	0.013953488372093023
21	K	A	WPA	AF	6	429	0.013986013986013986
22	K	A	WPA	AF	7	435	0.016091954022988506
23	K	A	WPA	AF	3	430	0.0069767441860465115
24	K	A	WPA	AF	6	443	0.013544018058690745
25	K	A	WPA	AF	8	434	0.018433179723502304
26	K	A	WPA	AF	7	438	0.015981735159817351
27	K	A	WPA	AF	8	436	0.01834862385321101
28	K	A	WPA	AF	7	438	0.015981735159817351
29	K	A	WPA	AF	7	436	0.016055045871559634
30	K	A	WPA	AF	7	439	0.015945330296127564
31	K	A	WPA	AF	1	438	0.0022831050228310501
32	K	A	WPA	AF	3	439	0.0068337129840546698
33	K	A	WPA	AF	6	436	0.013761467889908258
34	K	A	WPA	AF	8	438	0.018264840182648401
35	K	A	WPA	AF	7	438	0.015981735159817351
36	K	A	WPA	AF	4	440	0.0090909090909090905
37	K	A	WPA	AF	8	442	0.018099547511312219
38	K	A	WPA	AF	7	437	0.016018306636155607
39	K	A	WPA	AF	8	434	0.018433179723502304
40	K	A	WPA	AF	8	442	0.018099547511312219
41	K	A	WPA	AF	9	444	0.020270270270270271
42	K	A	WPA	AF	3	427	0.0070257611241217799
43	K	A	WPA	AF	7	434	0.016129032258064516
44	K	A	WPA	AF	5	430	0.011627906976744186
45	K	A	WPA	AF	3	431	0.0069605568445475635
46	K	A	WPA	AF	3	429	0.006993006993006993
47	K	A	WPA	AF	8	444	0.018018018018018018
48	K	A	WPA	AF	8	441	0.018140589569160998
49	K	A	WPA	AF	7	431	0.016241299303944315
50	K	A	WPA	AF	5	424	0.01179245283018868
51	K	A	WPA	AF	8	428	0.018691588785046728
52	K	A	WPA	AF	8	428	0.018691588785046728
53	K	A	WPA	AF	7	444	0.015765765765765764
54	K	A	WPA	AF	8	439	0.018223234624145785
55	K	A	WPA	AF	5	435	0.011494252873563218
56	K	A	WPA	AF	7	437	0.016018306636155607
57	K	A	WPA	AF	3	433	0.0069284064665127024
58	K	A	WPA	AF	7	441	0.015873015873015872
59	K	A	WPA	AF	9	424	0.021226415094339621
60	K	A	WPA	AF	8	440	0.018181818181818181
61	K	A	WPA	AF	6	436	0.013761467889908258
62	K	A	WPA	AF	4	422	0.0094786729857819912
63	K	A	WPA	AF	3	433	0.0069284064665127024
64	K	A	WPA	AF	9	433	0.020785219399538105
65	K	A	WPA	AF	6	432	0.013888888888888888
66	K	A	WPA	AF	9	445	0.020224719101123594
67	K	A	WPA	AF	3	430	0.0069767441860465115
68	K	A	WPA	AF	7	438	0.015981735159817351
69	K	A	WPA	AF	6	438	0.013698630136986301
70	K	A	WPA	AF	6	439	0.01366742596810934
71	K	A	WPA	AF	5	432	0.011574074074074073
72	K	A	WPA	AF	4	436	0.0091743119266055051
73	K	A	WPA	AF	6	435	0.013793103448275862
74	K	A	WPA	AF	3	436	0.0068807339449541288
75	K	A	WPA	AF	8	452	0.017699115044247787
76	K	A	WPA	AF	5	441	0.011337868480725623
77	K	A	WPA	AF	5	441	0.011337868480725623
78	K	A	WPA	AF	6	435	0.013793103448275862
79	K	A	WPA	AF	5	425	0.011764705882352941
80	K	A	WPA	AF	7	440	0.015909090909090907
81	K	A	WPA	AF	8	436	0.01834862385321101
82	K	A	WPA	AF	7	435	0.016091954022988506
83	K	A	WPA	AF	7	426	0.016431924882629109
84	K	A	WPA	AF	8	447	0.017897091722595078
85	K	A	WPA	AF	6	434	0.013824884792626729
86	K	A	WPA	AF	7	431	0.016241299303944315
87	K	A	WPA	AF	7	432	0.016203703703703703
88	K	A	WPA	AF	6	445	0.013483146067415731
89	K	A	WPA	AF	7	432	0.016203703703703703
90	K	A	WPA	AF	10	431	0.023201856148491878
91	K	A	WPA	AF	8	436	0.01834862385321101
92	K	A	WPA	AF	8	442	0.018099547511312219
93	K	A	WPA	AF	5	426	0.011737089201877934
94	K	A	WPA	AF	6	426	0.014084507042253521
95	K	A	WPA	AF	6	431	0.013921113689095127
96	K	A	WPA	AF	7	439	0.015945330296127564
97	K	A	WPA	AF	7	436	0.016055045871559634
98	K	A	WPA	AF	5	433	0.011547344110854504
99	K	A	WPA	AF	4	434	0.0092165898617511521
100	K	A	WPA	AF	5	439	0.011389521640091117
101	K	A	WPA	AF	9	435	0.020689655172413793
102	K	A	WPA	AF	6	448	0.013392857142857142
103	K	A	WPA	AF	6	438	0.013698630136986301
104	K	A	WPA	AF	5	431	0.011600928074245939
105	K	A	WPA	AF	6	435	0.013793103448275862
106	K	A	WPA	AF	10	435	0.022988505747126436
107	K	A	WPA	AF	6	443	0.013544018058690745
108	K	A	WPA	AF	7	426	0.016431924882629109
109	K	A	WPA	AF	8	444	0.018018018018018018
110	K	A	WPA	AF	3	427	0.0070257611241217799
111	K	A	WPA	AF	5	447	0.011185682326621925
112	K	A	WPA	AF	6	436	0.013761467889908258
113	K	A	WPA	AF	7	432	0.016203703703703703
114	K	A	WPA	AF	7	442	0.015837104072398189
115	K	A	WPA	AF	6	435	0.013793103448275862
116	K	A	WPA	AF	6	445	0.013483146067415731
117	K	A	WPA	AF	5	441	0.011337868480725623
118	K	A	WPA	AF	7	436	0.016055045871559634
119	K	A	WPA	AF	6	439	0.01366742596810934
120	K	A	WPA	AF	7	451	0.015521064301552107
121	K	A	WPA	AF	6	443	0.013544018058690745
122	K	A	WPA	AF	4	432	0.0092592592592592587
123	K	A	WPA	AF	5	442	0.011312217194570135
124	K	A	WPA	AF	8	437	0.018306636155606407
125	K	A	WPA	AF	5	433	0.011547344110854504
126	K	A	WPA	AF	3	438	0.0068493150684931503
127	K	A	WPA	AF	7	436	0.016055045871559634
128	K	A	WPA	AF	6	436	0.013761467889908258
129	K	A	WPA	AF	7	435	0.016091954022988506
130	K	A	WPA	AF	7	433	0.016166281755196306
131	K	A	WPA	AF	9	446	0.020179372197309416
132	K	A	WPA	AF	8	442	0.018099547511312219
133	K	A	WPA	AF	6	441	0.013605442176870748
134	K	A	WPA	AF	7	444	0.015765765765765764
135	K	A	WPA	AF	9	433	0.020785219399538105
136	K	A	WPA	AF	6	432	0.013888888888888888
137	K	A	WPA	AF	8	433	0.018475750577367205
138	K	A	WPA	AF	7	438	0.015981735159817351
139	K	A	WPA	AF	7	433	0.016166281755196306
140	K	A	WPA	AF	8	433	0.018475750577367205
141	K	A	WPA	AF	8	427	0.01873536299765808
142	K	A	WPA	AF	9	425	0.021176470588235293
143	K	A	WPA	AF	9	430	0.020930232558139535
144	K	A	WPA	AF	4	434	0.0092165898617511521
145	K	A	WPA	AF	6	446	0.013452914798206279
146	K	A	WPA	AF	6	439	0.01366742596810934
147	K	A	WPA	AF	5	433	0.011547344110854504
148	K	A	WPA	AF	6	437	0.013729977116704805
149	K	A	WPA	AF	4	425	0.0094117647058823521
150	K	A	WPA	AF	7	440	0.015909090909090907
151	K	A	WPA	AF	9	445	0.020224719101123594
152	K	A	WPA	AF	7	435	0.016091954022988506
153	K	A	WPA	AF	5	438	0.011415525114155251
154	K	A	WPA	AF	7	445	0.015730337078651686
155	K	A	WPA	AF	5	432	0.011574074074074073
156	K	A	WPA	AF	7	429	0.016317016317016316
157	K	A	WPA	AF	6	432	0.013888888888888888
158	K	A	WPA	AF	2	435	0.0045977011494252873
159	K	A	WPA	AF	8	441	0.018140589569160998
160	K	A	WPA	AF	7	439	0.015945330296127564
161	K	A	WPA	AF	5	438	0.011415525114155251
162	K	A	WPA	AF	6	436	0.013761467889908258
163	K	A	WPA	AF	6	434	0.013824884792626729
164	K	A	WPA	AF	7	437	0.016018306636155607
165	K	A	WPA	AF	5	428	0.011682242990654205
166	K	A	WPA	AF	7	436	0.016055045871559634
167	K	A	WPA	AF	6	433	0.013856812933025405
168	K	A	WPA	AF	6	435	0.013793103448275862
169	K	A	WPA	AF	8	434	0.018433179723502304
170	K	A	WPA	AF	6	432	0.013888888888888888
171	K	A	WPA	AF	4	434	0.0092165898617511521
172	K	A	WPA	AF	4	444	0.0090090090090090089
173	K	A	WPA	AF	8	440	0.018181818181818181
174	K	A	WPA	AF	8	435	0.018390804597701149
175	K	A	WPA	AF	5	429	0.011655011655011656
176	K	A	WPA	AF	7	437	0.016018306636155607
177	K	A	WPA	AF	8	434	0.018433179723502304
178	K	A	WPA	AF	6	442	0.013574660633484163
179	K	A	WPA	AF	8	447	0.017897091722595078
180	K	A	WPA	AF	6	442	0.013574660633484163
181	K	A	WPA	AF	4	435	0.0091954022988505746
182	K	A	WPA	AF	8	441	0.018140589569160998
183	K	A	WPA	AF	5	437	0.011441647597254004
184	K	A	WPA	AF	6	436	0.013761467889908258
185	K	A	WPA	AF	7	434	0.016129032258064516
186	K	A	WPA	AF	6	437	0.013729977116704805
187	K	A	WPA	AF	6	433	0.013856812933025405
188	K	A	WPA	AF	7	430	0.01627906976744186
189	K	A	WPA	AF	7	443	0.01580135440180587
190	K	A	WPA	AF	6	434	0.013824884792626729
191	K	A	WPA	AF	6	429	0.013986013986013986
192	K	A	WPA	AF	7	430	0.01627906976744186
193	K	A	WPA	AF	5	431	0.011600928074245939
194	K	A	WPA	AF	6	423	0.014184397163120567
195	K	A	WPA	AF	4	433	0.0092378752886836026
196	K	A	WPA	AF	5	436	0.011467889908256881
197	K	A	WPA	AF	5	444	0.011261261261261261
198	K	A	WPA	AF	8	446	0.017937219730941704
199	K	A	WPA	AF	6	434	0.013824884792626729
200	K	A	WPA	AF	8	431	0.018561484918793503
201	K	A	WPA	AF	7	435	0.016091954022988506
202	K	A	WPA	AF	4	427	0.0093676814988290398
203	K	A	WPA	AF	5	433	0.011547344110854504
204	K	A	WPA	AF	5	437	0.011441647597254004
205	K	A	WPA	AF	6	431	0.013921113689095127
206	K	A	WPA	AF	8	435	0.018390804597701149
207	K	A	WPA	AF	4	442	0.0090497737556561094
208	K	A	WPA	AF	4	434	0.0092165898617511521
209	K	A	WPA	AF	5	438	0.011415525114155251
210	K	A	WPA	AF	6	434	0.013824884792626729
211	K	A	WPA	AF	10	440	0.022727272727272728
212	K	A	WPA	AF	4	447	0.008948545861297539
213	K	A	WPA	AF	8	436	0.01834862385321101
214	K	A	WPA	AF	7	428	0.016355140186915886
215	K	A	WPA	AF	5	448	0.011160714285714286
216	K	A	WPA	AF	7	442	0.015837104072398189
217	K	A	WPA	AF	5	433	0.011547344110854504
218	K	A	WPA	AF	5	431	0.011600928074245939
219	K	A	WPA	AF	3	434	0.0069124423963133645
220	K	A	WPA	AF	7	445	0.015730337078651686
221	K	A	WPA	AF	4	422	0.0094786729857819912
222	K	A	WPA	AF	5	425	0.011764705882352941
223	K	A	WPA	AF	7	431	0.016241299303944315
224	K	A	WPA	AF	7	432	0.016203703703703703
225	K	A	WPA	AF	7	431	0.016241299303944315
226	K	A	WPA	AF	6	430	0.013953488372093023
227	K	A	WPA	AF	7	441	0.015873015873015872
228	K	A	WPA	AF	4	444	0.0090090090090090089
229	K	A	WPA	AF	5	446	0.011210762331838564
230	K	A	WPA	AF	7	439	0.015945330296127564
231	K	A	WPA	AF	5	435	0.011494252873563218
232	K	A	WPA	AF	8	434	0.018433179723502304
233	K	A	WPA	AF	7	437	0.016018306636155607
234	K	A	WPA	AF	3	435	0.0068965517241379309
235	K	A	WPA	AF	5	434	0.011520737327188941
236	K	A	WPA	AF	6	431	0.013921113689095127
237	K	A	WPA	AF	8	447	0.017897091722595078
238	K	A	WPA	AF	6	438	0.013698630136986301
239	K	A	WPA	AF	3	427	0.0070257611241217799
240	K	A	WPA	AF	4	437	0.0091533180778032037
241	K	A	WPA	AF	5	431	0.011600928074245939
242	K	A	WPA	AF	6	441	0.013605442176870748
243	K	A	WPA	AF	6	440	0.013636363636363636
244	K	A	WPA	AF	3	438	0.0068493150684931503
245	K	A	WPA	AF	6	435	0.013793103448275862
246	K	A	WPA	AF	7	441	0.015873015873015872
247	K	A	WPA	AF	3	433	0.0069284064665127024
248	K	A	WPA	AF	4	435	0.0091954022988505746
249	K	A	WPA	AF	6	445	0.013483146067415731
250	K	A	WPA	AF	5	431	0.011600928074245939
251	K	A	WPA	AF	9	444	0.020270270270270271
252	K	A	WPA	AF	7	439	0.015945330296127564
253	K	A	WPA	AF	8	431	0.018561484918793503
254	K	A	WPA	AF	7	428	0.016355140186915886
255	K	A	WPA	AF	3	436	0.0068807339449541288
256	K	A	WPA	AF	9	431	0.020881670533642691
257	K	A	WPA	AF	8	436	0.01834862385321101
258	K	A	WPA	AF	5	440	0.011363636363636364
259	K	A	WPA	AF	8	436	0.01834862385321101
260	K	A	WPA	AF	6	431	0.013921113689095127
261	K	A	WPA	AF	7	445	0.015730337078651686
262	K	A	WPA	AF	6	435	0.013793103448275862
263	K	A	WPA	AF	4	430	0.0093023255813953487
264	K	A	WPA	AF	7	438	0.015981735159817351
265	K	A	WPA	AF	2	434	0.004608294930875576
266	K	A	WPA	AF	5	429	0.011655011655011656
267	K	A	WPA	AF	6	437	0.013729977116704805
268	K	A	WPA	AF	6	431	0.013921113689095127
269	K	A	WPA	AF	4	433	0.0092378752886836026
270	K	A	WPA	AF	5	430	0.011627906976744186
271	K	A	WPA	AF	4	428	0.0093457943925233638
272	K	A	WPA	AF	8	433	0.018475750577367205
273	K	A	WPA	AF	9	438	0.020547945205479451
274	K	A	WPA	AF	6	435	0.013793103448275862
275	K	A	WPA	AF	7	443	0.01580135440180587
276	K	A	WPA	AF	7	425	0.016470588235294119
277	K	A	WPA	AF	6	433	0.013856812933025405
278	K	A	WPA	AF	7	439	0.015945330296127564
279	K	A	WPA	AF	4	434	0.0092165898617511521
280	K	A	WPA	AF	8	434	0.018433179723502304
281	K	A	WPA	AF	8	446	0.017937219730941704
282	K	A	WPA	AF	4	440	0.0090909090909090905
283	K	A	WPA	AF	8	430	0.018604651162790697
284	K	A	WPA	AF	8	437	0.018306636155606407
285	K	A	WPA	AF	3	430	0.0069767441860465115
286	K	A	WPA	AF	6	425	0.01411764705882353
287	K	A	WPA	AF	6	430	0.013953488372093023
288	K	A	WPA	AF	6	444	0.013513513513513514
289	K	A	WPA	AF	6	435	0.013793103448275862
290	K	A	WPA	AF	6	426	0.014084507042253521
291	K	A	WPA	AF	6	434	0.013824884792626729
292	K	A	WPA	AF	6	427	0.01405152224824356
293	K	A	WPA	AF	8	437	0.018306636155606407
294	K	A	WPA	AF	6	437	0.013729977116704805
295	K	A	WPA	AF	6	436	0.013761467889908258
296	K	A	WPA	AF	7	432	0.016203703703703703
297	K	A	WPA	AF	5	441	0.011337868480725623
298	K	A	WPA	AF	6	437	0.013729977116704805
299	K	A	WPA	AF	2	431	0.0046403712296983757
300	K	A	WPA	AF	5	435	0.011494252873563218
1	A	B	AF	AUS	0	433	0
2	A	B	AF	AUS	0	440	0
3	A	B	AF	AUS	0	440	0
4	A	B	AF	AUS	0	434	0
5	A	B	AF	AUS	0	436	0
6	A	B	AF	AUS	0	437	0
7	A	B	AF	AUS	0	432	0
8	A	B	AF	AUS	0	442	0
9	A	B	AF	AUS	0	431	0
10	A	B	AF	AUS	0	433	0
11	A	B	AF	AUS	0	437	0
12	A	B	AF	AUS	0	436	0
13	A	B	AF	AUS	0	444	0
14	A	B	AF	AUS	0	442	0
15	A	B	AF	AUS	0	427	0
16	A	B	AF	AUS	0	444	0
17	A	B	AF	AUS	0	438	0
18	A	B	AF	AUS	0	440	0
19	A	B	AF	AUS	0	429	0
20	A	B	AF	AUS	0	430	0
21	A	B	AF	AUS	0	429	0
22	A	B	AF	AUS	0	435	0
23	A	B	AF	AUS	0	430	0
24	A	B	AF	AUS	0	443	0
25	A	B	AF	AUS	0	434	0
26	A	B	AF	AUS	0	438	0
27	A	B	AF	AUS	0	436	0
28	A	B	AF	AUS	0	438	0
29	A	B	AF	AUS	0	436	0
30	A	B	AF	AUS	0	439	0
31	A	B	AF	AUS	0	438	0
32	A	B	AF	AUS	0	439	0
33	A	B	AF	AUS	0	436	0
34	A	B	AF	AUS	0	438	0
35	A	B	AF	AUS	0	438	0
36	A	B	AF	AUS	0	440	0
37	A	B	AF	AUS	0	442	0
38	A	B	AF	AUS	0	437	0
39	A	B	AF	AUS	0	434	0
40	A	B	AF	AUS	0	442	0
41	A	B	AF	AUS	0	444	0
42	A	B	AF	AUS	0	427	0
43	A	B	AF	AUS	0	434	0
44	A	B	AF	AUS	0	430	0
45	A	B	AF	AUS	0	431	0
46	A	B	AF	AUS	0	429	0
47	A	B	AF	AUS	0	444	0
48	A	B	AF	AUS	0	441	0
49	A	B	AF	AUS	0	431	0
50	A	B	AF	AUS	0	424	0
51	A	B	AF	AUS	0	428	0
52	A	B	AF	AUS	0	428	0
53	A	B	AF	AUS	0	444	0
54	A	B	AF	AUS	0	439	0
55	A	B	AF	AUS	0	435	0
56	A	B	AF	AUS	0	437	0
57	A	B	AF	AUS	0	433	0
58	A	B	AF	AUS	0	441	0
59	A	B	AF	AUS	0	424	0
60	A	B	AF	AUS	0	440	0
61	A	B	AF	AUS	0	436	0
62	A	B	AF	AUS	0	422	0
63	A	B	AF	AUS	0	433	0
64	A	B	AF	AUS	0	433	0
65	A	B	AF	AUS	0	432	0
66	A	B	AF	AUS	0	445	0
67	A	B	AF	AUS	0	430	0
68	A	B	AF	AUS	0	438	0
69	A	B	AF	AUS	0	438	0
70	A	B	AF	AUS	0	439	0
71	A	B	AF	AUS	0	432	0
72	A	B	AF	AUS	0	436	0
73	A	B	AF	AUS	0	435	0
74	A	B	AF	AUS	0	436	0
75	A	B	AF	AUS	0	452	0
76	A	B	AF	AUS	0	441	0
77	A	B	AF	AUS	0	441	0
78	A	B	AF	AUS	0	435	0
79	A	B	AF	AUS	0	425	0
80	A	B	AF	AUS	0	440	0
81	A	B	AF	AUS	0	436	0
82	A	B	AF	AUS	0	435	0
83	A	B	AF	AUS	0	426	0
84	A	B	AF	AUS	0	447	0
85	A	B	AF	AUS	0	434	0
86	A	B	AF	AUS	0	431	0
87	A	B	AF	AUS	0	432	0
88	A	B	AF	AUS	0	445	0
89	A	B	AF	AUS	0	432	0
90	A	B	AF	AUS	0	431	0
91	A	B	AF	AUS	0	436	0
92	A	B	AF	AUS	0	442	0
93	A	B	AF	AUS	0	426	0
94	A	B	AF	AUS	0	426	0
95	A	B	AF	AUS	0	431	0
96	A	B	AF	AUS	0	439	0
97	A	B	AF	AUS	0	436	0
98	A	B	AF	AUS	0	433	0
99	A	B	AF	AUS	0	434	0
100	A	B	AF	AUS	0	439	0
101	A	B	AF	AUS	0	435	0
102	A	B	AF	AUS	0	448	0
103	A	B	AF	AUS	0	438	0
104	A	B	AF	AUS	0	431	0
105	A	B	AF	AUS	0	435	0
106	A	B	AF	AUS	0	435	0
107	A	B	AF	AUS	0	443	0
108	A	B	AF	AUS	0	426	0
109	A	B	AF	AUS	0	444	0
110	A	B	AF	AUS	0	427	0
111	A	B	AF	AUS	0	447	0
112	A	B	AF	AUS	0	436	0
113	A	B	AF	AUS	0	432	0
114	A	B	AF	AUS	0	442	0
115	A	B	AF	AUS	0	435	0
116	A	B	AF	AUS	0	445	0
117	A	B	AF	AUS	0	441	0
118	A	B	AF	AUS	0	436	0
119	A	B	AF	AUS	0	439	0
120	A	B	AF	AUS	0	451	0
121	A	B	AF	AUS	0	443	0
122	A	B	AF	AUS	0	432	0
123	A	B	AF	AUS	0	442	0
124	A	B	AF	AUS	0	437	0
125	A	B	AF	AUS	0	433	0
126	A	B	AF	AUS	0	438	0
127	A	B	AF	AUS	0	436	0
128	A	B	AF	AUS	0	436	0
129	A	B	AF	AUS	0	435	0
130	A	B	AF	AUS	0	433	0
131	A	B	AF	AUS	0	446	0
132	A	B	AF	AUS	0	442	0
133	A	B	AF	AUS	0	441	0
134	A	B	AF	AUS	0	444	0
135	A	B	AF	AUS	0	433	0
136	A	B	AF	AUS	0	432	0
137	A	B	AF	AUS	0	433	0
138	A	B	AF	AUS	0	438	0
139	A	B	AF	AUS	0	433	0
140	A	B	AF	AUS	0	433	0
141	A	B	AF	AUS	0	427	0
142	A	B	AF	AUS	0	425	0
143	A	B	AF	AUS	0	430	0
144	A	B	AF	AUS	0	434	0
145	A	B	AF	AUS	0	446	0
146	A	B	AF	AUS	0	439	0
147	A	B	AF	AUS	0	433	0
148	A	B	AF	AUS	0	437	0
149	A	B	AF	AUS	0	425	0
150	A	B	AF	AUS	0	440	0
151	A	B	AF	AUS	0	445	0
152	A	B	AF	AUS	0	435	0
153	A	B	AF	AUS	0	438	0
154	A	B	AF	AUS	0	445	0
155	A	B	AF	AUS	0	432	0
156	A	B	AF	AUS	0	429	0
157	A	B	AF	AUS	0	432	0
158	A	B	AF	AUS	0	435	0
159	A	B	AF	AUS	0	441	0
160	A	B	AF	AUS	0	439	0
161	A	B	AF	AUS	0	438	0
162	A	B	AF	AUS	0	436	0
163	A	B	AF	AUS	0	434	0
164	A	B	AF	AUS	0	437	0
165	A	B	AF	AUS	0	428	0
166	A	B	AF	AUS	0	436	0
167	A	B	AF	AUS	0	433	0
168	A	B	AF	AUS	0	435	0
169	A	B	AF	AUS	0	434	0
170	A	B	AF	AUS	0	432	0
171	A	B	AF	AUS	0	434	0
172	A	B	AF	AUS	0	444	0
173	A	B	AF	AUS	0	440	0
174	A	B	AF	AUS	0	435	0
175	A	B	AF	AUS	0	429	0
176	A	B	AF	AUS	0	437	0
177	A	B	AF	AUS	0	434	0
178	A	B	AF	AUS	0	442	0
179	A	B	AF	AUS	0	447	0
180	A	B	AF	AUS	0	442	0
181	A	B	AF	AUS	0	435	0
182	A	B	AF	AUS	0	441	0
183	A	B	AF	AUS	0	437	0
184	A	B	AF	AUS	0	436	0
185	A	B	AF	AUS	0	434	0
186	A	B	AF	AUS	0	437	0
187	A	B	AF	AUS	0	433	0
188	A	B	AF	AUS	0	430	0
189	A	B	AF	AUS	0	443	0
190	A	B	AF	AUS	0	434	0
191	A	B	AF	AUS	0	429	0
192	A	B	AF	AUS	0	430	0
193	A	B	AF	AUS	0	431	0
194	A	B	AF	AUS	0	423	0
195	A	B	AF	AUS	0	433	0
196	A	B	AF	AUS	0	436	0
197	A	B	AF	AUS	0	444	0
198	A	B	AF	AUS	0	446	0
199	A	B	AF	AUS	0	434	0
200	A	B	AF	AUS	0	431	0
201	A	B	AF	AUS	0	435	0
202	A	B	AF	AUS	0	427	0
203	A	B	AF	AUS	0	433	0
204	A	B	AF	AUS	0	437	0
205	A	B	AF	AUS	0	431	0
206	A	B	AF	AUS	0	435	0
207	A	B	AF	AUS	0	442	0
208	A	B	AF	AUS	0	434	0
209	A	B	AF	AUS	0	438	0
210	A	B	AF	AUS	0	434	0
211	A	B	AF	AUS	0	440	0
212	A	B	AF	AUS	0	447	0
213	A	B	AF	AUS	0	436	0
214	A	B	AF	AUS	0	428	0
215	A	B	AF	AUS	0	448	0
216	A	B	AF	AUS	0	442	0
217	A	B	AF	AUS	0	433	0
218	A	B	AF	AUS	0	431	0
219	A	B	AF	AUS	0	434	0
220	A	B	AF	AUS	0	445	0
221	A	B	AF	AUS	0	422	0
222	A	B	AF	AUS	0	425	0
223	A	B	AF	AUS	0	431	0
224	A	B	AF	AUS	0	432	0
225	A	B	AF	AUS	0	431	0
226	A	B	AF	AUS	0	430	0
227	A	B	AF	AUS	0	441	0
228	A	B	AF	AUS	0	444	0
229	A	B	AF	AUS	0	446	0
230	A	B	AF	AUS	0	439	0
231	A	B	AF	AUS	0	435	0
232	A	B	AF	AUS	0	434	0
233	A	B	AF	AUS	0	437	0
234	A	B	AF	AUS	0	435	0
235	A	B	AF	AUS	0	434	0
236	A	B	AF	AUS	0	431	0
237	A	B	AF	AUS	0	447	0
238	A	B	AF	AUS	0	438	0
239	A	B	AF	AUS	0	427	0
240	A	B	AF	AUS	0	437	0
241	A	B	AF	AUS	0	431	0
242	A	B	AF	AUS	0	441	0
243	A	B	AF	AUS	0	440	0
244	A	B	AF	AUS	0	438	0
245	A	B	AF	AUS	0	435	0
246	A	B	AF	AUS	0	441	0
247	A	B	AF	AUS	0	433	0
248	A	B	AF	AUS	0	435	0
249	A	B	AF	AUS	0	445	0
250	A	B	AF	AUS	0	431	0
251	A	B	AF	AUS	0	444	0
252	A	B	AF	AUS	0	439	0
253	A	B	AF	AUS	0	431	0
254	A	B	AF	AUS	0	428	0
255	A	B	AF	AUS	0	436	0
256	A	B	AF	AUS	0	431	0
257	A	B	AF	AUS	0	436	0
258	A	B	AF	AUS	0	440	0
259	A	B	AF	AUS	0	436	0
260	A	B	AF	AUS	0	431	0
261	A	B	AF	AUS	0	445	0
262	A	B	AF	AUS	0	435	0
263	A	B	AF	AUS	0	430	0
264	A	B	AF	AUS	0	438	0
265	A	B	AF	AUS	0	434	0
266	A	B	AF	AUS	0	429	0
267	A	B	AF	AUS	0	437	0
268	A	B	AF	AUS	0	431	0
269	A	B	AF	AUS	0	433	0
270	A	B	AF	AUS	0	430	0
271	A	B	AF	AUS	0	428	0
272	A	B	AF	AUS	0	433	0
273	A	B	AF	AUS	0	438	0
274	A	B	AF	AUS	0	435	0
275	A	B	AF	AUS	0	443	0
276	A	B	AF	AUS	0	425	0
277	A	B	AF	AUS	0	433	0
278	A	B	AF	AUS	0	439	0
279	A	B	AF	AUS	0	434	0
280	A	B	AF	AUS	0	434	0
281	A	B	AF	AUS	0	446	0
282	A	B	AF	AUS	0	440	0
283	A	B	AF	AUS	0	430	0
284	A	B	AF	AUS	0	437	0
285	A	B	AF	AUS	0	430	0
286	A	B	AF	AUS	0	425	0
287	A	B	AF	AUS	0	430	0
288	A	B	AF	AUS	0	444	0
289	A	B	AF	AUS	0	435	0
290	A	B	AF	AUS	0	426	0
291	A	B	AF	AUS	0	434	0
292	A	B	AF	AUS	0	427	0
293	A	B	AF	AUS	0	437	0
294	A	B	AF	AUS	0	437	0
295	A	B	AF	AUS	0	436	0
296	A	B	AF	AUS	0	432	0
297	A	B	AF	AUS	0	441	0
298	A	B	AF	AUS	0	437	0
299	A	B	AF	AUS	0	431	0
300	A	B	AF	AUS	0	435	0
1	C	B	CAM	AUS	0	433	0
2	C	B	CAM	AUS	0	440	0
3	C	B	CAM	AUS	0	440	0
4	C	B	CAM	AUS	0	434	0
5	C	B	CAM	AUS	0	436	0
6	C	B	CAM	AUS	0	437	0
7	C	B	CAM	AUS	0	432	0
8	C	B	CAM	AUS	0	442	0
9	C	B	CAM	AUS	0	431	0
10	C	B	CAM	AUS	0	433	0
11	C	B	CAM	AUS	0	437	0
12	C	B	CAM	AUS	0	436	0
13	C	B	CAM	AUS	0	444	0
14	C	B	CAM	AUS	0	442	0
15	C	B	CAM	AUS	0	427	0
16	C	B	CAM	AUS	0	444	0
17	C	B	CAM	AUS	0	438	0
18	C	B	CAM	AUS	0	440	0
19	C	B	CAM	AUS	0	429	0
20	C	B	CAM	AUS	0	430	0
21	C	B	CAM	AUS	0	429	0
22	C	B	CAM	AUS	0	435	0
23	C	B	CAM	AUS	0	430	0
24	C	B	CAM	AUS	0	443	0
25	C	B	CAM	AUS	0	434	0
26	C	B	CAM	AUS	0	438	0
27	C	B	CAM	AUS	0	436	0
28	C	B	CAM	AUS	0	438	0
29	C	B	CAM	AUS	0	436	0
30	C	B	CAM	AUS	0	439	0
31	C	B	CAM	AUS	0	438	0
32	C	B	CAM	AUS	0	439	0
33	C	B	CAM	AUS	0	436	0
34	C	B	CAM	AUS	0	438	0
35	C	B	CAM	AUS	0	438	0
36	C	B	CAM	AUS	0	440	0
37	C	B	CAM	AUS	0	442	0
38	C	B	CAM	AUS	0	437	0
39	C	B	CAM	AUS	0	434	0
40	C	B	CAM	AUS	0	442	0
41	C	B	CAM	AUS	0	444	0
42	C	B	CAM	AUS	0	427	0
43	C	B	CAM	AUS	0	434	0
44	C	B	CAM	AUS	0	430	0
45	C	B	CAM	AUS	0	431	0
46	C	B	CAM	AUS	0	429	0
47	C	B	CAM	AUS	0	444	0
48	C	B	CAM	AUS	0	441	0
49	C	B	CAM	AUS	0	431	0
50	C	B	CAM	AUS	0	424	0
51	C	B	CAM	AUS	0	428	0
52	C	B	CAM	AUS	0	428	0
53	C	B	CAM	AUS	0	444	0
54	C	B	CAM	AUS	0	439	0
55	C	B	CAM	AUS	0	435	0
56	C	B	CAM	AUS	0	437	0
57	C	B	CAM	AUS	0	433	0
58	C	B	CAM	AUS	0	441	0
59	C	B	CAM	AUS	0	424	0
60	C	B	CAM	AUS	0	440	0
61	C	B	CAM	AUS	0	436	0
62	C	B	CAM	AUS	0	422	0
63	C	B	CAM	AUS	0	433	0
64	C	B	CAM	AUS	0	433	0
65	C	B	CAM	AUS	0	432	0
66	C	B	CAM	AUS	0	445	0
67	C	B	CAM	AUS	0	430	0
68	C	B	CAM	AUS	0	438	0
69	C	B	CAM	AUS	0	438	0
70	C	B	CAM	AUS	0	439	0
71	C	B	CAM	AUS	0	432	0
72	C	B	CAM	AUS	0	436	0
73	C	B	CAM	AUS	0	435	0
74	C	B	CAM	AUS	0	436	0
75	C	B	CAM	AUS	0	452	0
76	C	B	CAM	AUS	0	441	0
77	C	B	CAM	AUS	0	441	0
78	C	B	CAM	AUS	0	435	0
79	C	B	CAM	AUS	0	425	0
80	C	B	CAM	AUS	0	440	0
81	C	B	CAM	AUS	0	436	0
82	C	B	CAM	AUS	0	435	0
83	C	B	CAM	AUS	0	426	0
84	C	B	CAM	AUS	0	447	0
85	C	B	CAM	AUS	0	434	0
86	C	B	CAM	AUS	0	431	0
87	C	B	CAM	AUS	0	432	0
88	C	B	CAM	AUS	0	445	0
89	C	B	CAM	AUS	0	432	0
90	C	B	CAM	AUS	0	431	0
91	C	B	CAM	AUS	0	436	0
92	C	B	CAM	AUS	0	442	0
93	C	B	CAM	AUS	0	426	0
94	C	B	CAM	AUS	0	426	0
95	C	B	CAM	AUS	0	431	0
96	C	B	CAM	AUS	0	439	0
97	C	B	CAM	AUS	0	436	0
98	C	B	CAM	AUS	0	433	0
99	C	B	CAM	AUS	0	434	0
100	C	B	CAM	AUS	0	439	0
101	C	B	CAM	AUS	0	435	0
102	C	B	CAM	AUS	0	448	0
103	C	B	CAM	AUS	0	438	0
104	C	B	CAM	AUS	0	431	0
105	C	B	CAM	AUS	0	435	0
106	C	B	CAM	AUS	0	435	0
107	C	B	CAM	AUS	0	443	0
108	C	B	CAM	AUS	0	426	0
109	C	B	CAM	AUS	0	444	0
110	C	B	CAM	AUS	0	427	0
111	C	B	CAM	AUS	0	447	0
112	C	B	CAM	AUS	0	436	0
113	C	B	CAM	AUS	0	432	0
114	C	B	CAM	AUS	0	442	0
115	C	B	CAM	AUS	0	435	0
116	C	B	CAM	AUS	0	445	0
117	C	B	CAM	AUS	0	441	0
118	C	B	CAM	AUS	0	436	0
119	C	B	CAM	AUS	0	439	0
120	C	B	CAM	AUS	0	451	0
121	C	B	CAM	AUS	0	443	0
122	C	B	CAM	AUS	0	432	0
123	C	B	CAM	AUS	0	442	0
124	C	B	CAM	AUS	0	437	0
125	C	B	CAM	AUS	0	433	0
126	C	B	CAM	AUS	0	438	0
127	C	B	CAM	AUS	0	436	0
128	C	B	CAM	AUS	0	436	0
129	C	B	CAM	AUS	0	435	0
130	C	B	CAM	AUS	0	433	0
131	C	B	CAM	AUS	0	446	0
132	C	B	CAM	AUS	0	442	0
133	C	B	CAM	AUS	0	441	0
134	C	B	CAM	AUS	0	444	0
135	C	B	CAM	AUS	0	433	0
136	C	B	CAM	AUS	0	432	0
137	C	B	CAM	AUS	0	433	0
138	C	B	CAM	AUS	0	438	0
139	C	B	CAM	AUS	0	433	0
140	C	B	CAM	AUS	0	433	0
141	C	B	CAM	AUS	0	427	0
142	C	B	CAM	AUS	0	425	0
143	C	B	CAM	AUS	0	430	0
144	C	B	CAM	AUS	0	434	0
145	C	B	CAM	AUS	0	446	0
146	C	B	CAM	AUS	0	439	0
147	C	B	CAM	AUS	0	433	0
148	C	B	CAM	AUS	0	437	0
149	C	B	CAM	AUS	0	425	0
150	C	B	CAM	AUS	0	440	0
151	C	B	CAM	AUS	0	445	0
152	C	B	CAM	AUS	0	435	0
153	C	B	CAM	AUS	0	438	0
154	C	B	CAM	AUS	0	445	0
155	C	B	CAM	AUS	0	432	0
156	C	B	CAM	AUS	0	429	0
157	C	B	CAM	AUS	0	432	0
158	C	B	CAM	AUS	0	435	0
159	C	B	CAM	AUS	0	441	0
160	C	B	CAM	AUS	0	439	0
161	C	B	CAM	AUS	0	438	0
162	C	B	CAM	AUS	0	436	0
163	C	B	CAM	AUS	0	434	0
164	C	B	CAM	AUS	0	437	0
165	C	B	CAM	AUS	0	428	0
166	C	B	CAM	AUS	0	436	0
167	C	B	CAM	AUS	0	433	0
168	C	B	CAM	AUS	0	435	0
169	C	B	CAM	AUS	0	434	0
170	C	B	CAM	AUS	0	432	0
171	C	B	CAM	AUS	0	434	0
172	C	B	CAM	AUS	0	444	0
173	C	B	CAM	AUS	0	440	0
174	C	B	CAM	AUS	0	435	0
175	C	B	CAM	AUS	0	429	0
176	C	B	CAM	AUS	0	437	0
177	C	B	CAM	AUS	0	434	0
178	C	B	CAM	AUS	0	442	0
179	C	B	CAM	AUS	0	447	0
180	C	B	CAM	AUS	0	442	0
181	C	B	CAM	AUS	0	435	0
182	C	B	CAM	AUS	0	441	0
183	C	B	CAM	AUS	0	437	0
184	C	B	CAM	AUS	0	436	0
185	C	B	CAM	AUS	0	434	0
186	C	B	CAM	AUS	0	437	0
187	C	B	CAM	AUS	0	433	0
188	C	B	CAM	AUS	0	430	0
189	C	B	CAM	AUS	0	443	0
190	C	B	CAM	AUS	0	434	0
191	C	B	CAM	AUS	0	429	0
192	C	B	CAM	AUS	0	430	0
193	C	B	CAM	AUS	0	431	0
194	C	B	CAM	AUS	0	423	0
195	C	B	CAM	AUS	0	433	0
196	C	B	CAM	AUS	0	436	0
197	C	B	CAM	AUS	0	444	0
198	C	B	CAM	AUS	0	446	0
199	C	B	CAM	AUS	0	434	0
200	C	B	CAM	AUS	0	431	0
201	C	B	CAM	AUS	0	435	0
202	C	B	CAM	AUS	0	427	0
203	C	B	CAM	AUS	0	433	0
204	C	B	CAM	AUS	0	437	0
205	C	B	CAM	AUS	0	431	0
206	C	B	CAM	AUS	0	435	0
207	C	B	CAM	AUS	0	442	0
208	C	B	CAM	AUS	0	434	0
209	C	B	CAM	AUS	0	438	0
210	C	B	CAM	AUS	0	434	0
211	C	B	CAM	AUS	0	440	0
212	C	B	CAM	AUS	0	447	0
213	C	B	CAM	AUS	0	436	0
214	C	B	CAM	AUS	0	428	0
215	C	B	CAM	AUS	0	448	0
216	C	B	CAM	AUS	0	442	0
217	C	B	CAM	AUS	0	433	0
218	C	B	CAM	AUS	0	431	0
219	C	B	CAM	AUS	0	434	0
220	C	B	CAM	AUS	0	445	0
221	C	B	CAM	AUS	0	422	0
222	C	B	CAM	AUS	0	425	0
223	C	B	CAM	AUS	0	431	0
224	C	B	CAM	AUS	0	432	0
225	C	B	CAM	AUS	0	431	0
226	C	B	CAM	AUS	0	430	0
227	C	B	CAM	AUS	0	441	0
228	C	B	CAM	AUS	0	444	0
229	C	B	CAM	AUS	0	446	0
230	C	B	CAM	AUS	0	439	0
231	C	B	CAM	AUS	0	435	0
232	C	B	CAM	AUS	0	434	0
233	C	B	CAM	AUS	0	437	0
234	C	B	CAM	AUS	0	435	0
235	C	B	CAM	AUS	0	434	0
236	C	B	CAM	AUS	0	431	0
237	C	B	CAM	AUS	0	447	0
238	C	B	CAM	AUS	0	438	0
239	C	B	CAM	AUS	0	427	0
240	C	B	CAM	AUS	0	437	0
241	C	B	CAM	AUS	0	431	0
242	C	B	CAM	AUS	0	441	0
243	C	B	CAM	AUS	0	440	0
244	C	B	CAM	AUS	0	438	0
245	C	B	CAM	AUS	0	435	0
246	C	B	CAM	AUS	0	441	0
247	C	B	CAM	AUS	0	433	0
248	C	B	CAM	AUS	0	435	0
249	C	B	CAM	AUS	0	445	0
250	C	B	CAM	AUS	0	431	0
251	C	B	CAM	AUS	0	444	0
252	C	B	CAM	AUS	0	439	0
253	C	B	CAM	AUS	0	431	0
254	C	B	CAM	AUS	0	428	0
255	C	B	CAM	AUS	0	436	0
256	C	B	CAM	AUS	0	431	0
257	C	B	CAM	AUS	0	436	0
258	C	B	CAM	AUS	0	440	0
259	C	B	CAM	AUS	0	436	0
260	C	B	CAM	AUS	0	431	0
261	C	B	CAM	AUS	0	445	0
262	C	B	CAM	AUS	0	435	0
263	C	B	CAM	AUS	0	430	0
264	C	B	CAM	AUS	0	438	0
265	C	B	CAM	AUS	0	434	0
266	C	B	CAM	AUS	0	429	0
267	C	B	CAM	AUS	0	437	0
268	C	B	CAM	AUS	0	431	0
269	C	B	CAM	AUS	0	433	0
270	C	B	CAM	AUS	0	430	0
271	C	B	CAM	AUS	0	428	0
272	C	B	CAM	AUS	0	433	0
273	C	B	CAM	AUS	0	438	0
274	C	B	CAM	AUS	0	435	0
275	C	B	CAM	AUS	0	443	0
276	C	B	CAM	AUS	0	425	0
277	C	B	CAM	AUS	0	433	0
278	C	B	CAM	AUS	0	439	0
279	C	B	CAM	AUS	0	434	0
280	C	B	CAM	AUS	0	434	0
281	C	B	CAM	AUS	0	446	0
282	C	B	CAM	AUS	0	440	0
283	C	B	CAM	AUS	0	430	0
284	C	B	CAM	AUS	0	437	0
285	C	B	CAM	AUS	0	430	0
286	C	B	CAM	AUS	0	425	0
287	C	B	CAM	AUS	0	430	0
288	C	B	CAM	AUS	0	444	0
289	C	B	CAM	AUS	0	435	0
290	C	B	CAM	AUS	0	426	0
291	C	B	CAM	AUS	0	434	0
292	C	B	CAM	AUS	0	427	0
293	C	B	CAM	AUS	0	437	0
294	C	B	CAM	AUS	0	437	0
295	C	B	CAM	AUS	0	436	0
296	C	B	CAM	AUS	0	432	0
297	C	B	CAM	AUS	0	441	0
298	C	B	CAM	AUS	0	437	0
299	C	B	CAM	AUS	0	431	0
300	C	B	CAM	AUS	0	435	0
1	D	B	ENA	AUS	0	433	0
2	D	B	ENA	AUS	0	440	0
3	D	B	ENA	AUS	0	440	0
4	D	B	ENA	AUS	0	434	0
5	D	B	ENA	AUS	0	436	0
6	D	B	ENA	AUS	0	437	0
7	D	B	ENA	AUS	0	432	0
8	D	B	ENA	AUS	0	442	0
9	D	B	ENA	AUS	0	431	0
10	D	B	ENA	AUS	0	433	0
11	D	B	ENA	AUS	0	437	0
12	D	B	ENA	AUS	0	436	0
13	D	B	ENA	AUS	0	444	0
14	D	B	ENA	AUS	0	442	0
15	D	B	ENA	AUS	0	427	0
16	D	B	ENA	AUS	0	444	0
17	D	B	ENA	AUS	0	438	0
18	D	B	ENA	AUS	0	440	0
19	D	B	ENA	AUS	0	429	0
20	D	B	ENA	AUS	0	430	0
21	D	B	ENA	AUS	0	429	0
22	D	B	ENA	AUS	0	435	0
23	D	B	ENA	AUS	0	430	0
24	D	B	ENA	AUS	0	443	0
25	D	B	ENA	AUS	0	434	0
26	D	B	ENA	AUS	0	438	0
27	D	B	ENA	AUS	0	436	0
28	D	B	ENA	AUS	0	438	0
29	D	B	ENA	AUS	0	436	0
30	D	B	ENA	AUS	0	439	0
31	D	B	ENA	AUS	0	438	0
32	D	B	ENA	AUS	0	439	0
33	D	B	ENA	AUS	0	436	0
34	D	B	ENA	AUS	0	438	0
35	D	B	ENA	AUS	0	438	0
36	D	B	ENA	AUS	0	440	0
37	D	B	ENA	AUS	0	442	0
38	D	B	ENA	AUS	0	437	0
39	D	B	ENA	AUS	0	434	0
40	D	B	ENA	AUS	0	442	0
41	D	B	ENA	AUS	0	444	0
42	D	B	ENA	AUS	0	427	0
43	D	B	ENA	AUS	0	434	0
44	D	B	ENA	AUS	0	430	0
45	D	B	ENA	AUS	0	431	0
46	D	B	ENA	AUS	0	429	0
47	D	B	ENA	AUS	0	444	0
48	D	B	ENA	AUS	0	441	0
49	D	B	ENA	AUS	0	431	0
50	D	B	ENA	AUS	0	424	0
51	D	B	ENA	AUS	0	428	0
52	D	B	ENA	AUS	0	428	0
53	D	B	ENA	AUS	0	444	0
54	D	B	ENA	AUS	0	439	0
55	D	B	ENA	AUS	0	435	0
56	D	B	ENA	AUS	0	437	0
57	D	B	ENA	AUS	0	433	0
58	D	B	ENA	AUS	0	441	0
59	D	B	ENA	AUS	0	424	0
60	D	B	ENA	AUS	0	440	0
61	D	B	ENA	AUS	0	436	0
62	D	B	ENA	AUS	0	422	0
63	D	B	ENA	AUS	0	433	0
64	D	B	ENA	AUS	0	433	0
65	D	B	ENA	AUS	0	432	0
66	D	B	ENA	AUS	0	445	0
67	D	B	ENA	AUS	0	430	0
68	D	B	ENA	AUS	0	438	0
69	D	B	ENA	AUS	0	438	0
70	D	B	ENA	AUS	0	439	0
71	D	B	ENA	AUS	0	432	0
72	D	B	ENA	AUS	0	436	0
73	D	B	ENA	AUS	0	435	0
74	D	B	ENA	AUS	0	436	0
75	D	B	ENA	AUS	0	452	0
76	D	B	ENA	AUS	0	441	0
77	D	B	ENA	AUS	0	441	0
78	D	B	ENA	AUS	0	435	0
79	D	B	ENA	AUS	0	425	0
80	D	B	ENA	AUS	0	440	0
81	D	B	ENA	AUS	0	436	0
82	D	B	ENA	AUS	0	435	0
83	D	B	ENA	AUS	0	426	0
84	D	B	ENA	AUS	0	447	0
85	D	B	ENA	AUS	0	434	0
86	D	B	ENA	AUS	0	431	0
87	D	B	ENA	AUS	0	432	0
88	D	B	ENA	AUS	0	445	0
89	D	B	ENA	AUS	0	432	0
90	D	B	ENA	AUS	0	431	0
91	D	B	ENA	AUS	0	436	0
92	D	B	ENA	AUS	0	442	0
93	D	B	ENA	AUS	0	426	0
94	D	B	ENA	AUS	0	426	0
95	D	B	ENA	AUS	0	431	0
96	D	B	ENA	AUS	0	439	0
97	D	B	ENA	AUS	0	436	0
98	D	B	ENA	AUS	0	433	0
99	D	B	ENA	AUS	0	434	0
100	D	B	ENA	AUS	0	439	0
101	D	B	ENA	AUS	0	435	0
102	D	B	ENA	AUS	0	448	0
103	D	B	ENA	AUS	0	438	0
104	D	B	ENA	AUS	0	431	0
105	D	B	ENA	AUS	0	435	0
106	D	B	ENA	AUS	0	435	0
107	D	B	ENA	AUS	0	443	0
108	D	B	ENA	AUS	0	426	0
109	D	B	ENA	AUS	0	444	0
110	D	B	ENA	AUS	0	427	0
111	D	B	ENA	AUS	0	447	0
112	D	B	ENA	AUS	0	436	0
113	D	B	ENA	AUS	0	432	0
114	D	B	ENA	AUS	0	442	0
115	D	B	ENA	AUS	0	435	0
116	D	B	ENA	AUS	0	445	0
117	D	B	ENA	AUS	0	441	0
118	D	B	ENA	AUS	0	436	0
119	D	B	ENA	AUS	0	439	0
120	D	B	ENA	AUS	0	451	0
121	D	B	ENA	AUS	0	443	0
122	D	B	ENA	AUS	0	432	0
123	D	B	ENA	AUS	0	442	0
124	D	B	ENA	AUS	0	437	0
125	D	B	ENA	AUS	0	433	0
126	D	B	ENA	AUS	0	438	0
127	D	B	ENA	AUS	0	436	0
128	D	B	ENA	AUS	0	436	0
129	D	B	ENA	AUS	0	435	0
130	D	B	ENA	AUS	0	433	0
131	D	B	ENA	AUS	0	446	0
132	D	B	ENA	AUS	0	442	0
133	D	B	ENA	AUS	0	441	0
134	D	B	ENA	AUS	0	444	0
135	D	B	ENA	AUS	0	433	0
136	D	B	ENA	AUS	0	432	0
137	D	B	ENA	AUS	0	433	0
138	D	B	ENA	AUS	0	438	0
139	D	B	ENA	AUS	0	433	0
140	D	B	ENA	AUS	0	433	0
141	D	B	ENA	AUS	0	427	0
142	D	B	ENA	AUS	0	425	0
143	D	B	ENA	AUS	0	430	0
144	D	B	ENA	AUS	0	434	0
145	D	B	ENA	AUS	0	446	0
146	D	B	ENA	AUS	0	439	0
147	D	B	ENA	AUS	0	433	0
148	D	B	ENA	AUS	0	437	0
149	D	B	ENA	AUS	0	425	0
150	D	B	ENA	AUS	0	440	0
151	D	B	ENA	AUS	0	445	0
152	D	B	ENA	AUS	0	435	0
153	D	B	ENA	AUS	0	438	0
154	D	B	ENA	AUS	0	445	0
155	D	B	ENA	AUS	0	432	0
156	D	B	ENA	AUS	0	429	0
157	D	B	ENA	AUS	0	432	0
158	D	B	ENA	AUS	0	435	0
159	D	B	ENA	AUS	0	441	0
160	D	B	ENA	AUS	0	439	0
161	D	B	ENA	AUS	0	438	0
162	D	B	ENA	AUS	0	436	0
163	D	B	ENA	AUS	0	434	0
164	D	B	ENA	AUS	0	437	0
165	D	B	ENA	AUS	0	428	0
166	D	B	ENA	AUS	0	436	0
167	D	B	ENA	AUS	0	433	0
168	D	B	ENA	AUS	0	435	0
169	D	B	ENA	AUS	0	434	0
170	D	B	ENA	AUS	0	432	0
171	D	B	ENA	AUS	0	434	0
172	D	B	ENA	AUS	0	444	0
173	D	B	ENA	AUS	0	440	0
174	D	B	ENA	AUS	0	435	0
175	D	B	ENA	AUS	0	429	0
176	D	B	ENA	AUS	0	437	0
177	D	B	ENA	AUS	0	434	0
178	D	B	ENA	AUS	0	442	0
179	D	B	ENA	AUS	0	447	0
180	D	B	ENA	AUS	0	442	0
181	D	B	ENA	AUS	0	435	0
182	D	B	ENA	AUS	0	441	0
183	D	B	ENA	AUS	0	437	0
184	D	B	ENA	AUS	0	436	0
185	D	B	ENA	AUS	0	434	0
186	D	B	ENA	AUS	0	437	0
187	D	B	ENA	AUS	0	433	0
188	D	B	ENA	AUS	0	430	0
189	D	B	ENA	AUS	0	443	0
190	D	B	ENA	AUS	0	434	0
191	D	B	ENA	AUS	0	429	0
192	D	B	ENA	AUS	0	430	0
193	D	B	ENA	AUS	0	431	0
194	D	B	ENA	AUS	0	423	0
195	D	B	ENA	AUS	0	433	0
196	D	B	ENA	AUS	0	436	0
197	D	B	ENA	AUS	0	444	0
198	D	B	ENA	AUS	0	446	0
199	D	B	ENA	AUS	0	434	0
200	D	B	ENA	AUS	0	431	0
201	D	B	ENA	AUS	0	435	0
202	D	B	ENA	AUS	0	427	0
203	D	B	ENA	AUS	0	433	0
204	D	B	ENA	AUS	0	437	0
205	D	B	ENA	AUS	0	431	0
206	D	B	ENA	AUS	0	435	0
207	D	B	ENA	AUS	0	442	0
208	D	B	ENA	AUS	0	434	0
209	D	B	ENA	AUS	0	438	0
210	D	B	ENA	AUS	0	434	0
211	D	B	ENA	AUS	0	440	0
212	D	B	ENA	AUS	0	447	0
213	D	B	ENA	AUS	0	436	0
214	D	B	ENA	AUS	0	428	0
215	D	B	ENA	AUS	0	448	0
216	D	B	ENA	AUS	0	442	0
217	D	B	ENA	AUS	0	433	0
218	D	B	ENA	AUS	0	431	0
219	D	B	ENA	AUS	0	434	0
220	D	B	ENA	AUS	0	445	0
221	D	B	ENA	AUS	0	422	0
222	D	B	ENA	AUS	0	425	0
223	D	B	ENA	AUS	0	431	0
224	D	B	ENA	AUS	0	432	0
225	D	B	ENA	AUS	0	431	0
226	D	B	ENA	AUS	0	430	0
227	D	B	ENA	AUS	0	441	0
228	D	B	ENA	AUS	0	444	0
229	D	B	ENA	AUS	0	446	0
230	D	B	ENA	AUS	0	439	0
231	D	B	ENA	AUS	0	435	0
232	D	B	ENA	AUS	0	434	0
233	D	B	ENA	AUS	0	437	0
234	D	B	ENA	AUS	0	435	0
235	D	B	ENA	AUS	0	434	0
236	D	B	ENA	AUS	0	431	0
237	D	B	ENA	AUS	0	447	0
238	D	B	ENA	AUS	0	438	0
239	D	B	ENA	AUS	0	427	0
240	D	B	ENA	AUS	0	437	0
241	D	B	ENA	AUS	0	431	0
242	D	B	ENA	AUS	0	441	0
243	D	B	ENA	AUS	0	440	0
244	D	B	ENA	AUS	0	438	0
245	D	B	ENA	AUS	0	435	0
246	D	B	ENA	AUS	0	441	0
247	D	B	ENA	AUS	0	433	0
248	D	B	ENA	AUS	0	435	0
249	D	B	ENA	AUS	0	445	0
250	D	B	ENA	AUS	0	431	0
251	D	B	ENA	AUS	0	444	0
252	D	B	ENA	AUS	0	439	0
253	D	B	ENA	AUS	0	431	0
254	D	B	ENA	AUS	0	428	0
255	D	B	ENA	AUS	0	436	0
256	D	B	ENA	AUS	0	431	0
257	D	B	ENA	AUS	0	436	0
258	D	B	ENA	AUS	0	440	0
259	D	B	ENA	AUS	0	436	0
260	D	B	ENA	AUS	0	431	0
261	D	B	ENA	AUS	0	445	0
262	D	B	ENA	AUS	0	435	0
263	D	B	ENA	AUS	0	430	0
264	D	B	ENA	AUS	0	438	0
265	D	B	ENA	AUS	0	434	0
266	D	B	ENA	AUS	0	429	0
267	D	B	ENA	AUS	0	437	0
268	D	B	ENA	AUS	0	431	0
269	D	B	ENA	AUS	0	433	0
270	D	B	ENA	AUS	0	430	0
271	D	B	ENA	AUS	0	428	0
272	D	B	ENA	AUS	0	433	0
273	D	B	ENA	AUS	0	438	0
274	D	B	ENA	AUS	0	435	0
275	D	B	ENA	AUS	0	443	0
276	D	B	ENA	AUS	0	425	0
277	D	B	ENA	AUS	0	433	0
278	D	B	ENA	AUS	0	439	0
279	D	B	ENA	AUS	0	434	0
280	D	B	ENA	AUS	0	434	0
281	D	B	ENA	AUS	0	446	0
282	D	B	ENA	AUS	0	440	0
283	D	B	ENA	AUS	0	430	0
284	D	B	ENA	AUS	0	437	0
285	D	B	ENA	AUS	0	430	0
286	D	B	ENA	AUS	0	425	0
287	D	B	ENA	AUS	0	430	0
288	D	B	ENA	AUS	0	444	0
289	D	B	ENA	AUS	0	435	0
290	D	B	ENA	AUS	0	426	0
291	D	B	ENA	AUS	0	434	0
292	D	B	ENA	AUS	0	427	0
293	D	B	ENA	AUS	0	437	0
294	D	B	ENA	AUS	0	437	0
295	D	B	ENA	AUS	0	436	0
296	D	B	ENA	AUS	0	432	0
297	D	B	ENA	AUS	0	441	0
298	D	B	ENA	AUS	0	437	0
299	D	B	ENA	AUS	0	431	0
300	D	B	ENA	AUS	0	435	0
1	E	B	EPA	AUS	0	433	0
2	E	B	EPA	AUS	2	440	0.0045454545454545452
3	E	B	EPA	AUS	0	440	0
4	E	B	EPA	AUS	0	434	0
5	E	B	EPA	AUS	0	436	0
6	E	B	EPA	AUS	1	437	0.0022883295194508009
7	E	B	EPA	AUS	0	432	0
8	E	B	EPA	AUS	1	442	0.0022624434389140274
9	E	B	EPA	AUS	1	431	0.0023201856148491878
10	E	B	EPA	AUS	0	433	0
11	E	B	EPA	AUS	0	437	0
12	E	B	EPA	AUS	1	436	0.0022935779816513763
13	E	B	EPA	AUS	0	444	0
14	E	B	EPA	AUS	0	442	0
15	E	B	EPA	AUS	1	427	0.00234192037470726
16	E	B	EPA	AUS	1	444	0.0022522522522522522
17	E	B	EPA	AUS	0	438	0
18	E	B	EPA	AUS	0	440	0
19	E	B	EPA	AUS	1	429	0.002331002331002331
20	E	B	EPA	AUS	0	430	0
21	E	B	EPA	AUS	0	429	0
22	E	B	EPA	AUS	3	435	0.0068965517241379309
23	E	B	EPA	AUS	0	430	0
24	E	B	EPA	AUS	2	443	0.0045146726862302479
25	E	B	EPA	AUS	1	434	0.002304147465437788
26	E	B	EPA	AUS	0	438	0
27	E	B	EPA	AUS	1	436	0.0022935779816513763
28	E	B	EPA	AUS	1	438	0.0022831050228310501
29	E	B	EPA	AUS	0	436	0
30	E	B	EPA	AUS	0	439	0
31	E	B	EPA	AUS	1	438	0.0022831050228310501
32	E	B	EPA	AUS	0	439	0
33	E	B	EPA	AUS	2	436	0.0045871559633027525
34	E	B	EPA	AUS	0	438	0
35	E	B	EPA	AUS	0	438	0
36	E	B	EPA	AUS	0	440	0
37	E	B	EPA	AUS	1	442	0.0022624434389140274
38	E	B	EPA	AUS	0	437	0
39	E	B	EPA	AUS	0	434	0
40	E	B	EPA	AUS	1	442	0.0022624434389140274
41	E	B	EPA	AUS	0	444	0
42	E	B	EPA	AUS	0	427	0
43	E	B	EPA	AUS	1	434	0.002304147465437788
44	E	B	EPA	AUS	1	430	0.0023255813953488372
45	E	B	EPA	AUS	0	431	0
46	E	B	EPA	AUS	2	429	0.004662004662004662
47	E	B	EPA	AUS	0	444	0
48	E	B	EPA	AUS	0	441	0
49	E	B	EPA	AUS	0	431	0
50	E	B	EPA	AUS	1	424	0.0023584905660377358
51	E	B	EPA	AUS	0	428	0
52	E	B	EPA	AUS	0	428	0
53	E	B	EPA	AUS	0	444	0
54	E	B	EPA	AUS	0	439	0
55	E	B	EPA	AUS	1	435	0.0022988505747126436
56	E	B	EPA	AUS	0	437	0
57	E	B	EPA	AUS	1	433	0.0023094688221709007
58	E	B	EPA	AUS	0	441	0
59	E	B	EPA	AUS	0	424	0
60	E	B	EPA	AUS	0	440	0
61	E	B	EPA	AUS	0	436	0
62	E	B	EPA	AUS	0	422	0
63	E	B	EPA	AUS	0	433	0
64	E	B	EPA	AUS	1	433	0.0023094688221709007
65	E	B	EPA	AUS	0	432	0
66	E	B	EPA	AUS	2	445	0.0044943820224719105
67	E	B	EPA	AUS	0	430	0
68	E	B	EPA	AUS	0	438	0
69	E	B	EPA	AUS	0	438	0
70	E	B	EPA	AUS	1	439	0.0022779043280182231
71	E	B	EPA	AUS	0	432	0
72	E	B	EPA	AUS	1	436	0.0022935779816513763
73	E	B	EPA	AUS	0	435	0
74	E	B	EPA	AUS	0	436	0
75	E	B	EPA	AUS	0	452	0
76	E	B	EPA	AUS	1	441	0.0022675736961451248
77	E	B	EPA	AUS	0	441	0
78	E	B	EPA	AUS	1	435	0.0022988505747126436
79	E	B	EPA	AUS	0	425	0
80	E	B	EPA	AUS	0	440	0
81	E	B	EPA	AUS	1	436	0.0022935779816513763
82	E	B	EPA	AUS	0	435	0
83	E	B	EPA	AUS	0	426	0
84	E	B	EPA	AUS	0	447	0
85	E	B	EPA	AUS	1	434	0.002304147465437788
86	E	B	EPA	AUS	0	431	0
87	E	B	EPA	AUS	0	432	0
88	E	B	EPA	AUS	0	445	0
89	E	B	EPA	AUS	0	432	0
90	E	B	EPA	AUS	0	431	0
91	E	B	EPA	AUS	0	436	0
92	E	B	EPA	AUS	0	442	0
93	E	B	EPA	AUS	1	426	0.0023474178403755869
94	E	B	EPA	AUS	0	426	0
95	E	B	EPA	AUS	0	431	0
96	E	B	EPA	AUS	0	439	0
97	E	B	EPA	AUS	0	436	0
98	E	B	EPA	AUS	1	433	0.0023094688221709007
99	E	B	EPA	AUS	1	434	0.002304147465437788
100	E	B	EPA	AUS	0	439	0
101	E	B	EPA	AUS	1	435	0.0022988505747126436
102	E	B	EPA	AUS	1	448	0.002232142857142857
103	E	B	EPA	AUS	0	438	0
104	E	B	EPA	AUS	0	431	0
105	E	B	EPA	AUS	0	435	0
106	E	B	EPA	AUS	0	435	0
107	E	B	EPA	AUS	0	443	0
108	E	B	EPA	AUS	0	426	0
109	E	B	EPA	AUS	0	444	0
110	E	B	EPA	AUS	0	427	0
111	E	B	EPA	AUS	0	447	0
112	E	B	EPA	AUS	0	436	0
113	E	B	EPA	AUS	0	432	0
114	E	B	EPA	AUS	1	442	0.0022624434389140274
115	E	B	EPA	AUS	1	435	0.0022988505747126436
116	E	B	EPA	AUS	1	445	0.0022471910112359553
117	E	B	EPA	AUS	1	441	0.0022675736961451248
118	E	B	EPA	AUS	0	436	0
119	E	B	EPA	AUS	2	439	0.0045558086560364463
120	E	B	EPA	AUS	0	451	0
121	E	B	EPA	AUS	1	443	0.002257336343115124
122	E	B	EPA	AUS	0	432	0
123	E	B	EPA	AUS	0	442	0
124	E	B	EPA	AUS	0	437	0
125	E	B	EPA	AUS	0	433	0
126	E	B	EPA	AUS	1	438	0.0022831050228310501
127	E	B	EPA	AUS	0	436	0
128	E	B	EPA	AUS	1	436	0.0022935779816513763
129	E	B	EPA	AUS	0	435	0
130	E	B	EPA	AUS	0	433	0
131	E	B	EPA	AUS	0	446	0
132	E	B	EPA	AUS	0	442	0
133	E	B	EPA	AUS	0	441	0
134	E	B	EPA	AUS	0	444	0
135	E	B	EPA	AUS	0	433	0
136	E	B	EPA	AUS	1	432	0.0023148148148148147
137	E	B	EPA	AUS	1	433	0.0023094688221709007
138	E	B	EPA	AUS	0	438	0
139	E	B	EPA	AUS	0	433	0
140	E	B	EPA	AUS	1	433	0.0023094688221709007
141	E	B	EPA	AUS	0	427	0
142	E	B	EPA	AUS	0	425	0
143	E	B	EPA	AUS	1	430	0.0023255813953488372
144	E	B	EPA	AUS	1	434	0.002304147465437788
145	E	B	EPA	AUS	0	446	0
146	E	B	EPA	AUS	1	439	0.0022779043280182231
147	E	B	EPA	AUS	0	433	0
148	E	B	EPA	AUS	3	437	0.0068649885583524023
149	E	B	EPA	AUS	0	425	0
150	E	B	EPA	AUS	1	440	0.0022727272727272726
151	E	B	EPA	AUS	0	445	0
152	E	B	EPA	AUS	0	435	0
153	E	B	EPA	AUS	0	438	0
154	E	B	EPA	AUS	0	445	0
155	E	B	EPA	AUS	1	432	0.0023148148148148147
156	E	B	EPA	AUS	1	429	0.002331002331002331
157	E	B	EPA	AUS	0	432	0
158	E	B	EPA	AUS	0	435	0
159	E	B	EPA	AUS	1	441	0.0022675736961451248
160	E	B	EPA	AUS	1	439	0.0022779043280182231
161	E	B	EPA	AUS	0	438	0
162	E	B	EPA	AUS	0	436	0
163	E	B	EPA	AUS	0	434	0
164	E	B	EPA	AUS	1	437	0.0022883295194508009
165	E	B	EPA	AUS	0	428	0
166	E	B	EPA	AUS	0	436	0
167	E	B	EPA	AUS	0	433	0
168	E	B	EPA	AUS	0	435	0
169	E	B	EPA	AUS	1	434	0.002304147465437788
170	E	B	EPA	AUS	0	432	0
171	E	B	EPA	AUS	1	434	0.002304147465437788
172	E	B	EPA	AUS	0	444	0
173	E	B	EPA	AUS	1	440	0.0022727272727272726
174	E	B	EPA	AUS	0	435	0
175	E	B	EPA	AUS	0	429	0
176	E	B	EPA	AUS	1	437	0.0022883295194508009
177	E	B	EPA	AUS	1	434	0.002304147465437788
178	E	B	EPA	AUS	0	442	0
179	E	B	EPA	AUS	0	447	0
180	E	B	EPA	AUS	1	442	0.0022624434389140274
181	E	B	EPA	AUS	1	435	0.0022988505747126436
182	E	B	EPA	AUS	0	441	0
183	E	B	EPA	AUS	0	437	0
184	E	B	EPA	AUS	0	436	0
185	E	B	EPA	AUS	0	434	0
186	E	B	EPA	AUS	0	437	0
187	E	B	EPA	AUS	0	433	0
188	E	B	EPA	AUS	0	430	0
189	E	B	EPA	AUS	0	443	0
190	E	B	EPA	AUS	0	434	0
191	E	B	EPA	AUS	0	429	0
192	E	B	EPA	AUS	1	430	0.0023255813953488372
193	E	B	EPA	AUS	1	431	0.0023201856148491878
194	E	B	EPA	AUS	0	423	0
195	E	B	EPA	AUS	0	433	0
196	E	B	EPA	AUS	1	436	0.0022935779816513763
197	E	B	EPA	AUS	2	444	0.0045045045045045045
198	E	B	EPA	AUS	1	446	0.002242152466367713
199	E	B	EPA	AUS	0	434	0
200	E	B	EPA	AUS	1	431	0.0023201856148491878
201	E	B	EPA	AUS	0	435	0
202	E	B	EPA	AUS	0	427	0
203	E	B	EPA	AUS	0	433	0
204	E	B	EPA	AUS	2	437	0.0045766590389016018
205	E	B	EPA	AUS	2	431	0.0046403712296983757
206	E	B	EPA	AUS	0	435	0
207	E	B	EPA	AUS	0	442	0
208	E	B	EPA	AUS	0	434	0
209	E	B	EPA	AUS	0	438	0
210	E	B	EPA	AUS	0	434	0
211	E	B	EPA	AUS	0	440	0
212	E	B	EPA	AUS	2	447	0.0044742729306487695
213	E	B	EPA	AUS	0	436	0
214	E	B	EPA	AUS	1	428	0.0023364485981308409
215	E	B	EPA	AUS	0	448	0
216	E	B	EPA	AUS	0	442	0
217	E	B	EPA	AUS	0	433	0
218	E	B	EPA	AUS	0	431	0
219	E	B	EPA	AUS	0	434	0
220	E	B	EPA	AUS	0	445	0
221	E	B	EPA	AUS	0	422	0
222	E	B	EPA	AUS	2	425	0.0047058823529411761
223	E	B	EPA	AUS	1	431	0.0023201856148491878
224	E	B	EPA	AUS	0	432	0
225	E	B	EPA	AUS	0	431	0
226	E	B	EPA	AUS	0	430	0
227	E	B	EPA	AUS	0	441	0
228	E	B	EPA	AUS	2	444	0.0045045045045045045
229	E	B	EPA	AUS	0	446	0
230	E	B	EPA	AUS	1	439	0.0022779043280182231
231	E	B	EPA	AUS	0	435	0
232	E	B	EPA	AUS	2	434	0.004608294930875576
233	E	B	EPA	AUS	2	437	0.0045766590389016018
234	E	B	EPA	AUS	0	435	0
235	E	B	EPA	AUS	0	434	0
236	E	B	EPA	AUS	0	431	0
237	E	B	EPA	AUS	1	447	0.0022371364653243847
238	E	B	EPA	AUS	0	438	0
239	E	B	EPA	AUS	0	427	0
240	E	B	EPA	AUS	3	437	0.0068649885583524023
241	E	B	EPA	AUS	0	431	0
242	E	B	EPA	AUS	1	441	0.0022675736961451248
243	E	B	EPA	AUS	0	440	0
244	E	B	EPA	AUS	1	438	0.0022831050228310501
245	E	B	EPA	AUS	0	435	0
246	E	B	EPA	AUS	1	441	0.0022675736961451248
247	E	B	EPA	AUS	0	433	0
248	E	B	EPA	AUS	0	435	0
249	E	B	EPA	AUS	0	445	0
250	E	B	EPA	AUS	0	431	0
251	E	B	EPA	AUS	1	444	0.0022522522522522522
252	E	B	EPA	AUS	0	439	0
253	E	B	EPA	AUS	0	431	0
254	E	B	EPA	AUS	0	428	0
255	E	B	EPA	AUS	0	436	0
256	E	B	EPA	AUS	0	431	0
257	E	B	EPA	AUS	1	436	0.0022935779816513763
258	E	B	EPA	AUS	1	440	0.0022727272727272726
259	E	B	EPA	AUS	0	436	0
260	E	B	EPA	AUS	0	431	0
261	E	B	EPA	AUS	1	445	0.0022471910112359553
262	E	B	EPA	AUS	0	435	0
263	E	B	EPA	AUS	0	430	0
264	E	B	EPA	AUS	0	438	0
265	E	B	EPA	AUS	1	434	0.002304147465437788
266	E	B	EPA	AUS	0	429	0
267	E	B	EPA	AUS	0	437	0
268	E	B	EPA	AUS	0	431	0
269	E	B	EPA	AUS	0	433	0
270	E	B	EPA	AUS	0	430	0
271	E	B	EPA	AUS	0	428	0
272	E	B	EPA	AUS	0	433	0
273	E	B	EPA	AUS	0	438	0
274	E	B	EPA	AUS	1	435	0.0022988505747126436
275	E	B	EPA	AUS	1	443	0.002257336343115124
276	E	B	EPA	AUS	0	425	0
277	E	B	EPA	AUS	1	433	0.0023094688221709007
278	E	B	EPA	AUS	0	439	0
279	E	B	EPA	AUS	0	434	0
280	E	B	EPA	AUS	0	434	0
281	E	B	EPA	AUS	1	446	0.002242152466367713
282	E	B	EPA	AUS	0	440	0
283	E	B	EPA	AUS	2	430	0.0046511627906976744
284	E	B	EPA	AUS	0	437	0
285	E	B	EPA	AUS	0	430	0
286	E	B	EPA	AUS	0	425	0
287	E	B	EPA	AUS	0	430	0
288	E	B	EPA	AUS	0	444	0
289	E	B	EPA	AUS	0	435	0
290	E	B	EPA	AUS	1	426	0.0023474178403755869
291	E	B	EPA	AUS	1	434	0.002304147465437788
292	E	B	EPA	AUS	1	427	0.00234192037470726
293	E	B	EPA	AUS	0	437	0
294	E	B	EPA	AUS	0	437	0
295	E	B	EPA	AUS	0	436	0
296	E	B	EPA	AUS	0	432	0
297	E	B	EPA	AUS	1	441	0.0022675736961451248
298	E	B	EPA	AUS	1	437	0.0022883295194508009
299	E	B	EPA	AUS	1	431	0.0023201856148491878
300	E	B	EPA	AUS	0	435	0
1	F	B	IND	AUS	0	433	0
2	F	B	IND	AUS	1	440	0.0022727272727272726
3	F	B	IND	AUS	0	440	0
4	F	B	IND	AUS	1	434	0.002304147465437788
5	F	B	IND	AUS	0	436	0
6	F	B	IND	AUS	1	437	0.0022883295194508009
7	F	B	IND	AUS	0	432	0
8	F	B	IND	AUS	2	442	0.0045248868778280547
9	F	B	IND	AUS	0	431	0
10	F	B	IND	AUS	0	433	0
11	F	B	IND	AUS	0	437	0
12	F	B	IND	AUS	0	436	0
13	F	B	IND	AUS	1	444	0.0022522522522522522
14	F	B	IND	AUS	0	442	0
15	F	B	IND	AUS	0	427	0
16	F	B	IND	AUS	0	444	0
17	F	B	IND	AUS	0	438	0
18	F	B	IND	AUS	0	440	0
19	F	B	IND	AUS	1	429	0.002331002331002331
20	F	B	IND	AUS	0	430	0
21	F	B	IND	AUS	0	429	0
22	F	B	IND	AUS	0	435	0
23	F	B	IND	AUS	1	430	0.0023255813953488372
24	F	B	IND	AUS	1	443	0.002257336343115124
25	F	B	IND	AUS	0	434	0
26	F	B	IND	AUS	0	438	0
27	F	B	IND	AUS	2	436	0.0045871559633027525
28	F	B	IND	AUS	1	438	0.0022831050228310501
29	F	B	IND	AUS	0	436	0
30	F	B	IND	AUS	0	439	0
31	F	B	IND	AUS	0	438	0
32	F	B	IND	AUS	1	439	0.0022779043280182231
33	F	B	IND	AUS	1	436	0.0022935779816513763
34	F	B	IND	AUS	0	438	0
35	F	B	IND	AUS	1	438	0.0022831050228310501
36	F	B	IND	AUS	0	440	0
37	F	B	IND	AUS	1	442	0.0022624434389140274
38	F	B	IND	AUS	0	437	0
39	F	B	IND	AUS	0	434	0
40	F	B	IND	AUS	1	442	0.0022624434389140274
41	F	B	IND	AUS	0	444	0
42	F	B	IND	AUS	0	427	0
43	F	B	IND	AUS	0	434	0
44	F	B	IND	AUS	0	430	0
45	F	B	IND	AUS	1	431	0.0023201856148491878
46	F	B	IND	AUS	1	429	0.002331002331002331
47	F	B	IND	AUS	0	444	0
48	F	B	IND	AUS	1	441	0.0022675736961451248
49	F	B	IND	AUS	0	431	0
50	F	B	IND	AUS	0	424	0
51	F	B	IND	AUS	0	428	0
52	F	B	IND	AUS	1	428	0.0023364485981308409
53	F	B	IND	AUS	1	444	0.0022522522522522522
54	F	B	IND	AUS	1	439	0.0022779043280182231
55	F	B	IND	AUS	0	435	0
56	F	B	IND	AUS	1	437	0.0022883295194508009
57	F	B	IND	AUS	2	433	0.0046189376443418013
58	F	B	IND	AUS	0	441	0
59	F	B	IND	AUS	0	424	0
60	F	B	IND	AUS	2	440	0.0045454545454545452
61	F	B	IND	AUS	0	436	0
62	F	B	IND	AUS	2	422	0.0047393364928909956
63	F	B	IND	AUS	0	433	0
64	F	B	IND	AUS	0	433	0
65	F	B	IND	AUS	0	432	0
66	F	B	IND	AUS	0	445	0
67	F	B	IND	AUS	0	430	0
68	F	B	IND	AUS	0	438	0
69	F	B	IND	AUS	1	438	0.0022831050228310501
70	F	B	IND	AUS	0	439	0
71	F	B	IND	AUS	0	432	0
72	F	B	IND	AUS	1	436	0.0022935779816513763
73	F	B	IND	AUS	0	435	0
74	F	B	IND	AUS	0	436	0
75	F	B	IND	AUS	1	452	0.0022123893805309734
76	F	B	IND	AUS	1	441	0.0022675736961451248
77	F	B	IND	AUS	0	441	0
78	F	B	IND	AUS	0	435	0
79	F	B	IND	AUS	0	425	0
80	F	B	IND	AUS	0	440	0
81	F	B	IND	AUS	1	436	0.0022935779816513763
82	F	B	IND	AUS	1	435	0.0022988505747126436
83	F	B	IND	AUS	0	426	0
84	F	B	IND	AUS	1	447	0.0022371364653243847
85	F	B	IND	AUS	0	434	0
86	F	B	IND	AUS	1	431	0.0023201856148491878
87	F	B	IND	AUS	0	432	0
88	F	B	IND	AUS	1	445	0.0022471910112359553
89	F	B	IND	AUS	1	432	0.0023148148148148147
90	F	B	IND	AUS	0	431	0
91	F	B	IND	AUS	0	436	0
92	F	B	IND	AUS	0	442	0
93	F	B	IND	AUS	1	426	0.0023474178403755869
94	F	B	IND	AUS	1	426	0.0023474178403755869
95	F	B	IND	AUS	1	431	0.0023201856148491878
96	F	B	IND	AUS	1	439	0.0022779043280182231
97	F	B	IND	AUS	0	436	0
98	F	B	IND	AUS	0	433	0
99	F	B	IND	AUS	0	434	0
100	F	B	IND	AUS	1	439	0.0022779043280182231
101	F	B	IND	AUS	0	435	0
102	F	B	IND	AUS	0	448	0
103	F	B	IND	AUS	1	438	0.0022831050228310501
104	F	B	IND	AUS	2	431	0.0046403712296983757
105	F	B	IND	AUS	0	435	0
106	F	B	IND	AUS	0	435	0
107	F	B	IND	AUS	0	443	0
108	F	B	IND	AUS	0	426	0
109	F	B	IND	AUS	1	444	0.0022522522522522522
110	F	B	IND	AUS	1	427	0.00234192037470726
111	F	B	IND	AUS	1	447	0.0022371364653243847
112	F	B	IND	AUS	0	436	0
113	F	B	IND	AUS	2	432	0.0046296296296296294
114	F	B	IND	AUS	0	442	0
115	F	B	IND	AUS	1	435	0.0022988505747126436
116	F	B	IND	AUS	0	445	0
117	F	B	IND	AUS	0	441	0
118	F	B	IND	AUS	0	436	0
119	F	B	IND	AUS	0	439	0
120	F	B	IND	AUS	0	451	0
121	F	B	IND	AUS	0	443	0
122	F	B	IND	AUS	0	432	0
123	F	B	IND	AUS	0	442	0
124	F	B	IND	AUS	0	437	0
125	F	B	IND	AUS	0	433	0
126	F	B	IND	AUS	0	438	0
127	F	B	IND	AUS	3	436	0.0068807339449541288
128	F	B	IND	AUS	0	436	0
129	F	B	IND	AUS	0	435	0
130	F	B	IND	AUS	1	433	0.0023094688221709007
131	F	B	IND	AUS	0	446	0
132	F	B	IND	AUS	0	442	0
133	F	B	IND	AUS	1	441	0.0022675736961451248
134	F	B	IND	AUS	0	444	0
135	F	B	IND	AUS	0	433	0
136	F	B	IND	AUS	0	432	0
137	F	B	IND	AUS	1	433	0.0023094688221709007
138	F	B	IND	AUS	1	438	0.0022831050228310501
139	F	B	IND	AUS	1	433	0.0023094688221709007
140	F	B	IND	AUS	0	433	0
141	F	B	IND	AUS	1	427	0.00234192037470726
142	F	B	IND	AUS	1	425	0.002352941176470588
143	F	B	IND	AUS	0	430	0
144	F	B	IND	AUS	0	434	0
145	F	B	IND	AUS	1	446	0.002242152466367713
146	F	B	IND	AUS	0	439	0
147	F	B	IND	AUS	0	433	0
148	F	B	IND	AUS	0	437	0
149	F	B	IND	AUS	2	425	0.0047058823529411761
150	F	B	IND	AUS	1	440	0.0022727272727272726
151	F	B	IND	AUS	0	445	0
152	F	B	IND	AUS	2	435	0.0045977011494252873
153	F	B	IND	AUS	0	438	0
154	F	B	IND	AUS	2	445	0.0044943820224719105
155	F	B	IND	AUS	0	432	0
156	F	B	IND	AUS	1	429	0.002331002331002331
157	F	B	IND	AUS	0	432	0
158	F	B	IND	AUS	0	435	0
159	F	B	IND	AUS	0	441	0
160	F	B	IND	AUS	0	439	0
161	F	B	IND	AUS	0	438	0
162	F	B	IND	AUS	2	436	0.0045871559633027525
163	F	B	IND	AUS	1	434	0.002304147465437788
164	F	B	IND	AUS	0	437	0
165	F	B	IND	AUS	0	428	0
166	F	B	IND	AUS	0	436	0
167	F	B	IND	AUS	1	433	0.0023094688221709007
168	F	B	IND	AUS	1	435	0.0022988505747126436
169	F	B	IND	AUS	1	434	0.002304147465437788
170	F	B	IND	AUS	0	432	0
171	F	B	IND	AUS	2	434	0.004608294930875576
172	F	B	IND	AUS	0	444	0
173	F	B	IND	AUS	1	440	0.0022727272727272726
174	F	B	IND	AUS	0	435	0
175	F	B	IND	AUS	0	429	0
176	F	B	IND	AUS	1	437	0.0022883295194508009
177	F	B	IND	AUS	1	434	0.002304147465437788
178	F	B	IND	AUS	1	442	0.0022624434389140274
179	F	B	IND	AUS	0	447	0
180	F	B	IND	AUS	0	442	0
181	F	B	IND	AUS	0	435	0
182	F	B	IND	AUS	2	441	0.0045351473922902496
183	F	B	IND	AUS	2	437	0.0045766590389016018
184	F	B	IND	AUS	0	436	0
185	F	B	IND	AUS	0	434	0
186	F	B	IND	AUS	2	437	0.0045766590389016018
187	F	B	IND	AUS	0	433	0
188	F	B	IND	AUS	0	430	0
189	F	B	IND	AUS	0	443	0
190	F	B	IND	AUS	0	434	0
191	F	B	IND	AUS	0	429	0
192	F	B	IND	AUS	0	430	0
193	F	B	IND	AUS	2	431	0.0046403712296983757
194	F	B	IND	AUS	0	423	0
195	F	B	IND	AUS	0	433	0
196	F	B	IND	AUS	0	436	0
197	F	B	IND	AUS	0	444	0
198	F	B	IND	AUS	0	446	0
199	F	B	IND	AUS	0	434	0
200	F	B	IND	AUS	0	431	0
201	F	B	IND	AUS	1	435	0.0022988505747126436
202	F	B	IND	AUS	0	427	0
203	F	B	IND	AUS	0	433	0
204	F	B	IND	AUS	1	437	0.0022883295194508009
205	F	B	IND	AUS	1	431	0.0023201856148491878
206	F	B	IND	AUS	0	435	0
207	F	B	IND	AUS	1	442	0.0022624434389140274
208	F	B	IND	AUS	0	434	0
209	F	B	IND	AUS	0	438	0
210	F	B	IND	AUS	0	434	0
211	F	B	IND	AUS	1	440	0.0022727272727272726
212	F	B	IND	AUS	1	447	0.0022371364653243847
213	F	B	IND	AUS	0	436	0
214	F	B	IND	AUS	1	428	0.0023364485981308409
215	F	B	IND	AUS	1	448	0.002232142857142857
216	F	B	IND	AUS	1	442	0.0022624434389140274
217	F	B	IND	AUS	1	433	0.0023094688221709007
218	F	B	IND	AUS	0	431	0
219	F	B	IND	AUS	0	434	0
220	F	B	IND	AUS	1	445	0.0022471910112359553
221	F	B	IND	AUS	1	422	0.0023696682464454978
222	F	B	IND	AUS	1	425	0.002352941176470588
223	F	B	IND	AUS	0	431	0
224	F	B	IND	AUS	0	432	0
225	F	B	IND	AUS	1	431	0.0023201856148491878
226	F	B	IND	AUS	0	430	0
227	F	B	IND	AUS	0	441	0
228	F	B	IND	AUS	1	444	0.0022522522522522522
229	F	B	IND	AUS	1	446	0.002242152466367713
230	F	B	IND	AUS	0	439	0
231	F	B	IND	AUS	1	435	0.0022988505747126436
232	F	B	IND	AUS	0	434	0
233	F	B	IND	AUS	0	437	0
234	F	B	IND	AUS	0	435	0
235	F	B	IND	AUS	1	434	0.002304147465437788
236	F	B	IND	AUS	0	431	0
237	F	B	IND	AUS	1	447	0.0022371364653243847
238	F	B	IND	AUS	0	438	0
239	F	B	IND	AUS	1	427	0.00234192037470726
240	F	B	IND	AUS	0	437	0
241	F	B	IND	AUS	0	431	0
242	F	B	IND	AUS	0	441	0
243	F	B	IND	AUS	2	440	0.0045454545454545452
244	F	B	IND	AUS	0	438	0
245	F	B	IND	AUS	1	435	0.0022988505747126436
246	F	B	IND	AUS	1	441	0.0022675736961451248
247	F	B	IND	AUS	0	433	0
248	F	B	IND	AUS	0	435	0
249	F	B	IND	AUS	0	445	0
250	F	B	IND	AUS	0	431	0
251	F	B	IND	AUS	0	444	0
252	F	B	IND	AUS	1	439	0.0022779043280182231
253	F	B	IND	AUS	1	431	0.0023201856148491878
254	F	B	IND	AUS	1	428	0.0023364485981308409
255	F	B	IND	AUS	0	436	0
256	F	B	IND	AUS	0	431	0
257	F	B	IND	AUS	1	436	0.0022935779816513763
258	F	B	IND	AUS	0	440	0
259	F	B	IND	AUS	0	436	0
260	F	B	IND	AUS	1	431	0.0023201856148491878
261	F	B	IND	AUS	1	445	0.0022471910112359553
262	F	B	IND	AUS	0	435	0
263	F	B	IND	AUS	1	430	0.0023255813953488372
264	F	B	IND	AUS	1	438	0.0022831050228310501
265	F	B	IND	AUS	0	434	0
266	F	B	IND	AUS	0	429	0
267	F	B	IND	AUS	1	437	0.0022883295194508009
268	F	B	IND	AUS	3	431	0.0069605568445475635
269	F	B	IND	AUS	0	433	0
270	F	B	IND	AUS	1	430	0.0023255813953488372
271	F	B	IND	AUS	1	428	0.0023364485981308409
272	F	B	IND	AUS	0	433	0
273	F	B	IND	AUS	0	438	0
274	F	B	IND	AUS	0	435	0
275	F	B	IND	AUS	0	443	0
276	F	B	IND	AUS	1	425	0.002352941176470588
277	F	B	IND	AUS	0	433	0
278	F	B	IND	AUS	0	439	0
279	F	B	IND	AUS	1	434	0.002304147465437788
280	F	B	IND	AUS	0	434	0
281	F	B	IND	AUS	0	446	0
282	F	B	IND	AUS	1	440	0.0022727272727272726
283	F	B	IND	AUS	0	430	0
284	F	B	IND	AUS	1	437	0.0022883295194508009
285	F	B	IND	AUS	1	430	0.0023255813953488372
286	F	B	IND	AUS	1	425	0.002352941176470588
287	F	B	IND	AUS	0	430	0
288	F	B	IND	AUS	2	444	0.0045045045045045045
289	F	B	IND	AUS	1	435	0.0022988505747126436
290	F	B	IND	AUS	1	426	0.0023474178403755869
291	F	B	IND	AUS	1	434	0.002304147465437788
292	F	B	IND	AUS	0	427	0
293	F	B	IND	AUS	1	437	0.0022883295194508009
294	F	B	IND	AUS	0	437	0
295	F	B	IND	AUS	2	436	0.0045871559633027525
296	F	B	IND	AUS	0	432	0
297	F	B	IND	AUS	1	441	0.0022675736961451248
298	F	B	IND	AUS	1	437	0.0022883295194508009
299	F	B	IND	AUS	0	431	0
300	F	B	IND	AUS	3	435	0.0068965517241379309
1	G	B	MDG	AUS	0	433	0
2	G	B	MDG	AUS	0	440	0
3	G	B	MDG	AUS	0	440	0
4	G	B	MDG	AUS	0	434	0
5	G	B	MDG	AUS	0	436	0
6	G	B	MDG	AUS	0	437	0
7	G	B	MDG	AUS	0	432	0
8	G	B	MDG	AUS	0	442	0
9	G	B	MDG	AUS	0	431	0
10	G	B	MDG	AUS	0	433	0
11	G	B	MDG	AUS	0	437	0
12	G	B	MDG	AUS	0	436	0
13	G	B	MDG	AUS	0	444	0
14	G	B	MDG	AUS	0	442	0
15	G	B	MDG	AUS	0	427	0
16	G	B	MDG	AUS	0	444	0
17	G	B	MDG	AUS	0	438	0
18	G	B	MDG	AUS	0	440	0
19	G	B	MDG	AUS	0	429	0
20	G	B	MDG	AUS	0	430	0
21	G	B	MDG	AUS	0	429	0
22	G	B	MDG	AUS	0	435	0
23	G	B	MDG	AUS	0	430	0
24	G	B	MDG	AUS	0	443	0
25	G	B	MDG	AUS	0	434	0
26	G	B	MDG	AUS	0	438	0
27	G	B	MDG	AUS	0	436	0
28	G	B	MDG	AUS	0	438	0
29	G	B	MDG	AUS	0	436	0
30	G	B	MDG	AUS	0	439	0
31	G	B	MDG	AUS	0	438	0
32	G	B	MDG	AUS	0	439	0
33	G	B	MDG	AUS	0	436	0
34	G	B	MDG	AUS	0	438	0
35	G	B	MDG	AUS	0	438	0
36	G	B	MDG	AUS	0	440	0
37	G	B	MDG	AUS	0	442	0
38	G	B	MDG	AUS	0	437	0
39	G	B	MDG	AUS	0	434	0
40	G	B	MDG	AUS	0	442	0
41	G	B	MDG	AUS	0	444	0
42	G	B	MDG	AUS	0	427	0
43	G	B	MDG	AUS	0	434	0
44	G	B	MDG	AUS	0	430	0
45	G	B	MDG	AUS	0	431	0
46	G	B	MDG	AUS	0	429	0
47	G	B	MDG	AUS	0	444	0
48	G	B	MDG	AUS	0	441	0
49	G	B	MDG	AUS	0	431	0
50	G	B	MDG	AUS	0	424	0
51	G	B	MDG	AUS	0	428	0
52	G	B	MDG	AUS	0	428	0
53	G	B	MDG	AUS	0	444	0
54	G	B	MDG	AUS	0	439	0
55	G	B	MDG	AUS	0	435	0
56	G	B	MDG	AUS	0	437	0
57	G	B	MDG	AUS	0	433	0
58	G	B	MDG	AUS	0	441	0
59	G	B	MDG	AUS	0	424	0
60	G	B	MDG	AUS	0	440	0
61	G	B	MDG	AUS	0	436	0
62	G	B	MDG	AUS	0	422	0
63	G	B	MDG	AUS	0	433	0
64	G	B	MDG	AUS	0	433	0
65	G	B	MDG	AUS	0	432	0
66	G	B	MDG	AUS	0	445	0
67	G	B	MDG	AUS	0	430	0
68	G	B	MDG	AUS	0	438	0
69	G	B	MDG	AUS	0	438	0
70	G	B	MDG	AUS	0	439	0
71	G	B	MDG	AUS	0	432	0
72	G	B	MDG	AUS	0	436	0
73	G	B	MDG	AUS	0	435	0
74	G	B	MDG	AUS	0	436	0
75	G	B	MDG	AUS	0	452	0
76	G	B	MDG	AUS	0	441	0
77	G	B	MDG	AUS	0	441	0
78	G	B	MDG	AUS	0	435	0
79	G	B	MDG	AUS	0	425	0
80	G	B	MDG	AUS	0	440	0
81	G	B	MDG	AUS	0	436	0
82	G	B	MDG	AUS	0	435	0
83	G	B	MDG	AUS	0	426	0
84	G	B	MDG	AUS	0	447	0
85	G	B	MDG	AUS	0	434	0
86	G	B	MDG	AUS	0	431	0
87	G	B	MDG	AUS	0	432	0
88	G	B	MDG	AUS	0	445	0
89	G	B	MDG	AUS	0	432	0
90	G	B	MDG	AUS	0	431	0
91	G	B	MDG	AUS	0	436	0
92	G	B	MDG	AUS	0	442	0
93	G	B	MDG	AUS	0	426	0
94	G	B	MDG	AUS	0	426	0
95	G	B	MDG	AUS	0	431	0
96	G	B	MDG	AUS	0	439	0
97	G	B	MDG	AUS	0	436	0
98	G	B	MDG	AUS	0	433	0
99	G	B	MDG	AUS	0	434	0
100	G	B	MDG	AUS	0	439	0
101	G	B	MDG	AUS	0	435	0
102	G	B	MDG	AUS	0	448	0
103	G	B	MDG	AUS	0	438	0
104	G	B	MDG	AUS	0	431	0
105	G	B	MDG	AUS	0	435	0
106	G	B	MDG	AUS	0	435	0
107	G	B	MDG	AUS	0	443	0
108	G	B	MDG	AUS	0	426	0
109	G	B	MDG	AUS	0	444	0
110	G	B	MDG	AUS	0	427	0
111	G	B	MDG	AUS	0	447	0
112	G	B	MDG	AUS	0	436	0
113	G	B	MDG	AUS	0	432	0
114	G	B	MDG	AUS	0	442	0
115	G	B	MDG	AUS	0	435	0
116	G	B	MDG	AUS	0	445	0
117	G	B	MDG	AUS	0	441	0
118	G	B	MDG	AUS	0	436	0
119	G	B	MDG	AUS	0	439	0
120	G	B	MDG	AUS	0	451	0
121	G	B	MDG	AUS	0	443	0
122	G	B	MDG	AUS	0	432	0
123	G	B	MDG	AUS	0	442	0
124	G	B	MDG	AUS	0	437	0
125	G	B	MDG	AUS	0	433	0
126	G	B	MDG	AUS	0	438	0
127	G	B	MDG	AUS	0	436	0
128	G	B	MDG	AUS	0	436	0
129	G	B	MDG	AUS	0	435	0
130	G	B	MDG	AUS	0	433	0
131	G	B	MDG	AUS	0	446	0
132	G	B	MDG	AUS	0	442	0
133	G	B	MDG	AUS	0	441	0
134	G	B	MDG	AUS	0	444	0
135	G	B	MDG	AUS	0	433	0
136	G	B	MDG	AUS	0	432	0
137	G	B	MDG	AUS	0	433	0
138	G	B	MDG	AUS	0	438	0
139	G	B	MDG	AUS	0	433	0
140	G	B	MDG	AUS	0	433	0
141	G	B	MDG	AUS	0	427	0
142	G	B	MDG	AUS	0	425	0
143	G	B	MDG	AUS	0	430	0
144	G	B	MDG	AUS	0	434	0
145	G	B	MDG	AUS	0	446	0
146	G	B	MDG	AUS	0	439	0
147	G	B	MDG	AUS	0	433	0
148	G	B	MDG	AUS	0	437	0
149	G	B	MDG	AUS	0	425	0
150	G	B	MDG	AUS	0	440	0
151	G	B	MDG	AUS	0	445	0
152	G	B	MDG	AUS	0	435	0
153	G	B	MDG	AUS	0	438	0
154	G	B	MDG	AUS	0	445	0
155	G	B	MDG	AUS	0	432	0
156	G	B	MDG	AUS	0	429	0
157	G	B	MDG	AUS	0	432	0
158	G	B	MDG	AUS	0	435	0
159	G	B	MDG	AUS	0	441	0
160	G	B	MDG	AUS	0	439	0
161	G	B	MDG	AUS	0	438	0
162	G	B	MDG	AUS	0	436	0
163	G	B	MDG	AUS	0	434	0
164	G	B	MDG	AUS	0	437	0
165	G	B	MDG	AUS	0	428	0
166	G	B	MDG	AUS	0	436	0
167	G	B	MDG	AUS	0	433	0
168	G	B	MDG	AUS	0	435	0
169	G	B	MDG	AUS	0	434	0
170	G	B	MDG	AUS	0	432	0
171	G	B	MDG	AUS	0	434	0
172	G	B	MDG	AUS	0	444	0
173	G	B	MDG	AUS	0	440	0
174	G	B	MDG	AUS	0	435	0
175	G	B	MDG	AUS	0	429	0
176	G	B	MDG	AUS	0	437	0
177	G	B	MDG	AUS	0	434	0
178	G	B	MDG	AUS	0	442	0
179	G	B	MDG	AUS	0	447	0
180	G	B	MDG	AUS	0	442	0
181	G	B	MDG	AUS	0	435	0
182	G	B	MDG	AUS	0	441	0
183	G	B	MDG	AUS	0	437	0
184	G	B	MDG	AUS	0	436	0
185	G	B	MDG	AUS	0	434	0
186	G	B	MDG	AUS	0	437	0
187	G	B	MDG	AUS	0	433	0
188	G	B	MDG	AUS	0	430	0
189	G	B	MDG	AUS	0	443	0
190	G	B	MDG	AUS	0	434	0
191	G	B	MDG	AUS	0	429	0
192	G	B	MDG	AUS	0	430	0
193	G	B	MDG	AUS	0	431	0
194	G	B	MDG	AUS	0	423	0
195	G	B	MDG	AUS	0	433	0
196	G	B	MDG	AUS	0	436	0
197	G	B	MDG	AUS	0	444	0
198	G	B	MDG	AUS	0	446	0
199	G	B	MDG	AUS	0	434	0
200	G	B	MDG	AUS	0	431	0
201	G	B	MDG	AUS	0	435	0
202	G	B	MDG	AUS	0	427	0
203	G	B	MDG	AUS	0	433	0
204	G	B	MDG	AUS	0	437	0
205	G	B	MDG	AUS	0	431	0
206	G	B	MDG	AUS	0	435	0
207	G	B	MDG	AUS	0	442	0
208	G	B	MDG	AUS	0	434	0
209	G	B	MDG	AUS	0	438	0
210	G	B	MDG	AUS	0	434	0
211	G	B	MDG	AUS	0	440	0
212	G	B	MDG	AUS	0	447	0
213	G	B	MDG	AUS	0	436	0
214	G	B	MDG	AUS	0	428	0
215	G	B	MDG	AUS	0	448	0
216	G	B	MDG	AUS	0	442	0
217	G	B	MDG	AUS	0	433	0
218	G	B	MDG	AUS	0	431	0
219	G	B	MDG	AUS	0	434	0
220	G	B	MDG	AUS	0	445	0
221	G	B	MDG	AUS	0	422	0
222	G	B	MDG	AUS	0	425	0
223	G	B	MDG	AUS	0	431	0
224	G	B	MDG	AUS	0	432	0
225	G	B	MDG	AUS	0	431	0
226	G	B	MDG	AUS	0	430	0
227	G	B	MDG	AUS	0	441	0
228	G	B	MDG	AUS	0	444	0
229	G	B	MDG	AUS	0	446	0
230	G	B	MDG	AUS	0	439	0
231	G	B	MDG	AUS	0	435	0
232	G	B	MDG	AUS	0	434	0
233	G	B	MDG	AUS	0	437	0
234	G	B	MDG	AUS	0	435	0
235	G	B	MDG	AUS	0	434	0
236	G	B	MDG	AUS	0	431	0
237	G	B	MDG	AUS	0	447	0
238	G	B	MDG	AUS	0	438	0
239	G	B	MDG	AUS	0	427	0
240	G	B	MDG	AUS	0	437	0
241	G	B	MDG	AUS	0	431	0
242	G	B	MDG	AUS	0	441	0
243	G	B	MDG	AUS	0	440	0
244	G	B	MDG	AUS	0	438	0
245	G	B	MDG	AUS	0	435	0
246	G	B	MDG	AUS	0	441	0
247	G	B	MDG	AUS	0	433	0
248	G	B	MDG	AUS	0	435	0
249	G	B	MDG	AUS	0	445	0
250	G	B	MDG	AUS	0	431	0
251	G	B	MDG	AUS	0	444	0
252	G	B	MDG	AUS	0	439	0
253	G	B	MDG	AUS	0	431	0
254	G	B	MDG	AUS	0	428	0
255	G	B	MDG	AUS	0	436	0
256	G	B	MDG	AUS	0	431	0
257	G	B	MDG	AUS	0	436	0
258	G	B	MDG	AUS	0	440	0
259	G	B	MDG	AUS	0	436	0
260	G	B	MDG	AUS	0	431	0
261	G	B	MDG	AUS	0	445	0
262	G	B	MDG	AUS	0	435	0
263	G	B	MDG	AUS	0	430	0
264	G	B	MDG	AUS	0	438	0
265	G	B	MDG	AUS	0	434	0
266	G	B	MDG	AUS	0	429	0
267	G	B	MDG	AUS	0	437	0
268	G	B	MDG	AUS	0	431	0
269	G	B	MDG	AUS	0	433	0
270	G	B	MDG	AUS	0	430	0
271	G	B	MDG	AUS	0	428	0
272	G	B	MDG	AUS	0	433	0
273	G	B	MDG	AUS	0	438	0
274	G	B	MDG	AUS	0	435	0
275	G	B	MDG	AUS	0	443	0
276	G	B	MDG	AUS	0	425	0
277	G	B	MDG	AUS	0	433	0
278	G	B	MDG	AUS	0	439	0
279	G	B	MDG	AUS	0	434	0
280	G	B	MDG	AUS	0	434	0
281	G	B	MDG	AUS	0	446	0
282	G	B	MDG	AUS	0	440	0
283	G	B	MDG	AUS	0	430	0
284	G	B	MDG	AUS	0	437	0
285	G	B	MDG	AUS	0	430	0
286	G	B	MDG	AUS	0	425	0
287	G	B	MDG	AUS	0	430	0
288	G	B	MDG	AUS	0	444	0
289	G	B	MDG	AUS	0	435	0
290	G	B	MDG	AUS	0	426	0
291	G	B	MDG	AUS	0	434	0
292	G	B	MDG	AUS	0	427	0
293	G	B	MDG	AUS	0	437	0
294	G	B	MDG	AUS	0	437	0
295	G	B	MDG	AUS	0	436	0
296	G	B	MDG	AUS	0	432	0
297	G	B	MDG	AUS	0	441	0
298	G	B	MDG	AUS	0	437	0
299	G	B	MDG	AUS	0	431	0
300	G	B	MDG	AUS	0	435	0
1	H	B	ORI	AUS	7	433	0.016166281755196306
2	H	B	ORI	AUS	6	440	0.013636363636363636
3	H	B	ORI	AUS	9	440	0.020454545454545454
4	H	B	ORI	AUS	6	434	0.013824884792626729
5	H	B	ORI	AUS	10	436	0.022935779816513763
6	H	B	ORI	AUS	4	437	0.0091533180778032037
7	H	B	ORI	AUS	7	432	0.016203703703703703
8	H	B	ORI	AUS	5	442	0.011312217194570135
9	H	B	ORI	AUS	8	431	0.018561484918793503
10	H	B	ORI	AUS	7	433	0.016166281755196306
11	H	B	ORI	AUS	9	437	0.020594965675057208
12	H	B	ORI	AUS	6	436	0.013761467889908258
13	H	B	ORI	AUS	9	444	0.020270270270270271
14	H	B	ORI	AUS	9	442	0.020361990950226245
15	H	B	ORI	AUS	4	427	0.0093676814988290398
16	H	B	ORI	AUS	8	444	0.018018018018018018
17	H	B	ORI	AUS	10	438	0.022831050228310501
18	H	B	ORI	AUS	7	440	0.015909090909090907
19	H	B	ORI	AUS	8	429	0.018648018648018648
20	H	B	ORI	AUS	9	430	0.020930232558139535
21	H	B	ORI	AUS	9	429	0.02097902097902098
22	H	B	ORI	AUS	8	435	0.018390804597701149
23	H	B	ORI	AUS	8	430	0.018604651162790697
24	H	B	ORI	AUS	4	443	0.0090293453724604959
25	H	B	ORI	AUS	6	434	0.013824884792626729
26	H	B	ORI	AUS	8	438	0.018264840182648401
27	H	B	ORI	AUS	6	436	0.013761467889908258
28	H	B	ORI	AUS	7	438	0.015981735159817351
29	H	B	ORI	AUS	7	436	0.016055045871559634
30	H	B	ORI	AUS	6	439	0.01366742596810934
31	H	B	ORI	AUS	8	438	0.018264840182648401
32	H	B	ORI	AUS	6	439	0.01366742596810934
33	H	B	ORI	AUS	6	436	0.013761467889908258
34	H	B	ORI	AUS	8	438	0.018264840182648401
35	H	B	ORI	AUS	8	438	0.018264840182648401
36	H	B	ORI	AUS	8	440	0.018181818181818181
37	H	B	ORI	AUS	6	442	0.013574660633484163
38	H	B	ORI	AUS	8	437	0.018306636155606407
39	H	B	ORI	AUS	8	434	0.018433179723502304
40	H	B	ORI	AUS	7	442	0.015837104072398189
41	H	B	ORI	AUS	10	444	0.022522522522522521
42	H	B	ORI	AUS	7	427	0.016393442622950821
43	H	B	ORI	AUS	7	434	0.016129032258064516
44	H	B	ORI	AUS	5	430	0.011627906976744186
45	H	B	ORI	AUS	6	431	0.013921113689095127
46	H	B	ORI	AUS	5	429	0.011655011655011656
47	H	B	ORI	AUS	7	444	0.015765765765765764
48	H	B	ORI	AUS	7	441	0.015873015873015872
49	H	B	ORI	AUS	6	431	0.013921113689095127
50	H	B	ORI	AUS	8	424	0.018867924528301886
51	H	B	ORI	AUS	7	428	0.016355140186915886
52	H	B	ORI	AUS	5	428	0.011682242990654205
53	H	B	ORI	AUS	8	444	0.018018018018018018
54	H	B	ORI	AUS	8	439	0.018223234624145785
55	H	B	ORI	AUS	6	435	0.013793103448275862
56	H	B	ORI	AUS	7	437	0.016018306636155607
57	H	B	ORI	AUS	5	433	0.011547344110854504
58	H	B	ORI	AUS	6	441	0.013605442176870748
59	H	B	ORI	AUS	7	424	0.016509433962264151
60	H	B	ORI	AUS	3	440	0.0068181818181818179
61	H	B	ORI	AUS	8	436	0.01834862385321101
62	H	B	ORI	AUS	5	422	0.011848341232227487
63	H	B	ORI	AUS	7	433	0.016166281755196306
64	H	B	ORI	AUS	8	433	0.018475750577367205
65	H	B	ORI	AUS	9	432	0.020833333333333332
66	H	B	ORI	AUS	6	445	0.013483146067415731
67	H	B	ORI	AUS	7	430	0.01627906976744186
68	H	B	ORI	AUS	7	438	0.015981735159817351
69	H	B	ORI	AUS	7	438	0.015981735159817351
70	H	B	ORI	AUS	7	439	0.015945330296127564
71	H	B	ORI	AUS	7	432	0.016203703703703703
72	H	B	ORI	AUS	5	436	0.011467889908256881
73	H	B	ORI	AUS	9	435	0.020689655172413793
74	H	B	ORI	AUS	7	436	0.016055045871559634
75	H	B	ORI	AUS	5	452	0.011061946902654867
76	H	B	ORI	AUS	5	441	0.011337868480725623
77	H	B	ORI	AUS	9	441	0.020408163265306121
78	H	B	ORI	AUS	5	435	0.011494252873563218
79	H	B	ORI	AUS	7	425	0.016470588235294119
80	H	B	ORI	AUS	7	440	0.015909090909090907
81	H	B	ORI	AUS	6	436	0.013761467889908258
82	H	B	ORI	AUS	7	435	0.016091954022988506
83	H	B	ORI	AUS	7	426	0.016431924882629109
84	H	B	ORI	AUS	7	447	0.015659955257270694
85	H	B	ORI	AUS	7	434	0.016129032258064516
86	H	B	ORI	AUS	8	431	0.018561484918793503
87	H	B	ORI	AUS	8	432	0.018518518518518517
88	H	B	ORI	AUS	6	445	0.013483146067415731
89	H	B	ORI	AUS	7	432	0.016203703703703703
90	H	B	ORI	AUS	7	431	0.016241299303944315
91	H	B	ORI	AUS	7	436	0.016055045871559634
92	H	B	ORI	AUS	6	442	0.013574660633484163
93	H	B	ORI	AUS	6	426	0.014084507042253521
94	H	B	ORI	AUS	9	426	0.021126760563380281
95	H	B	ORI	AUS	4	431	0.0092807424593967514
96	H	B	ORI	AUS	7	439	0.015945330296127564
97	H	B	ORI	AUS	8	436	0.01834862385321101
98	H	B	ORI	AUS	8	433	0.018475750577367205
99	H	B	ORI	AUS	7	434	0.016129032258064516
100	H	B	ORI	AUS	7	439	0.015945330296127564
101	H	B	ORI	AUS	5	435	0.011494252873563218
102	H	B	ORI	AUS	8	448	0.017857142857142856
103	H	B	ORI	AUS	6	438	0.013698630136986301
104	H	B	ORI	AUS	6	431	0.013921113689095127
105	H	B	ORI	AUS	8	435	0.018390804597701149
106	H	B	ORI	AUS	7	435	0.016091954022988506
107	H	B	ORI	AUS	9	443	0.020316027088036117
108	H	B	ORI	AUS	8	426	0.018779342723004695
109	H	B	ORI	AUS	5	444	0.011261261261261261
110	H	B	ORI	AUS	7	427	0.016393442622950821
111	H	B	ORI	AUS	5	447	0.011185682326621925
112	H	B	ORI	AUS	11	436	0.025229357798165139
113	H	B	ORI	AUS	5	432	0.011574074074074073
114	H	B	ORI	AUS	9	442	0.020361990950226245
115	H	B	ORI	AUS	8	435	0.018390804597701149
116	H	B	ORI	AUS	7	445	0.015730337078651686
117	H	B	ORI	AUS	5	441	0.011337868480725623
118	H	B	ORI	AUS	9	436	0.020642201834862386
119	H	B	ORI	AUS	8	439	0.018223234624145785
120	H	B	ORI	AUS	9	451	0.019955654101995565
121	H	B	ORI	AUS	7	443	0.01580135440180587
122	H	B	ORI	AUS	8	432	0.018518518518518517
123	H	B	ORI	AUS	8	442	0.018099547511312219
124	H	B	ORI	AUS	7	437	0.016018306636155607
125	H	B	ORI	AUS	10	433	0.023094688221709007
126	H	B	ORI	AUS	7	438	0.015981735159817351
127	H	B	ORI	AUS	5	436	0.011467889908256881
128	H	B	ORI	AUS	7	436	0.016055045871559634
129	H	B	ORI	AUS	7	435	0.016091954022988506
130	H	B	ORI	AUS	7	433	0.016166281755196306
131	H	B	ORI	AUS	10	446	0.022421524663677129
132	H	B	ORI	AUS	6	442	0.013574660633484163
133	H	B	ORI	AUS	5	441	0.011337868480725623
134	H	B	ORI	AUS	7	444	0.015765765765765764
135	H	B	ORI	AUS	8	433	0.018475750577367205
136	H	B	ORI	AUS	6	432	0.013888888888888888
137	H	B	ORI	AUS	5	433	0.011547344110854504
138	H	B	ORI	AUS	10	438	0.022831050228310501
139	H	B	ORI	AUS	5	433	0.011547344110854504
140	H	B	ORI	AUS	5	433	0.011547344110854504
141	H	B	ORI	AUS	7	427	0.016393442622950821
142	H	B	ORI	AUS	9	425	0.021176470588235293
143	H	B	ORI	AUS	6	430	0.013953488372093023
144	H	B	ORI	AUS	8	434	0.018433179723502304
145	H	B	ORI	AUS	7	446	0.015695067264573991
146	H	B	ORI	AUS	5	439	0.011389521640091117
147	H	B	ORI	AUS	7	433	0.016166281755196306
148	H	B	ORI	AUS	7	437	0.016018306636155607
149	H	B	ORI	AUS	5	425	0.011764705882352941
150	H	B	ORI	AUS	9	440	0.020454545454545454
151	H	B	ORI	AUS	7	445	0.015730337078651686
152	H	B	ORI	AUS	6	435	0.013793103448275862
153	H	B	ORI	AUS	8	438	0.018264840182648401
154	H	B	ORI	AUS	6	445	0.013483146067415731
155	H	B	ORI	AUS	6	432	0.013888888888888888
156	H	B	ORI	AUS	4	429	0.009324009324009324
157	H	B	ORI	AUS	7	432	0.016203703703703703
158	H	B	ORI	AUS	9	435	0.020689655172413793
159	H	B	ORI	AUS	8	441	0.018140589569160998
160	H	B	ORI	AUS	7	439	0.015945330296127564
161	H	B	ORI	AUS	6	438	0.013698630136986301
162	H	B	ORI	AUS	7	436	0.016055045871559634
163	H	B	ORI	AUS	6	434	0.013824884792626729
164	H	B	ORI	AUS	8	437	0.018306636155606407
165	H	B	ORI	AUS	7	428	0.016355140186915886
166	H	B	ORI	AUS	6	436	0.013761467889908258
167	H	B	ORI	AUS	6	433	0.013856812933025405
168	H	B	ORI	AUS	8	435	0.018390804597701149
169	H	B	ORI	AUS	9	434	0.020737327188940093
170	H	B	ORI	AUS	6	432	0.013888888888888888
171	H	B	ORI	AUS	6	434	0.013824884792626729
172	H	B	ORI	AUS	10	444	0.022522522522522521
173	H	B	ORI	AUS	7	440	0.015909090909090907
174	H	B	ORI	AUS	9	435	0.020689655172413793
175	H	B	ORI	AUS	8	429	0.018648018648018648
176	H	B	ORI	AUS	6	437	0.013729977116704805
177	H	B	ORI	AUS	8	434	0.018433179723502304
178	H	B	ORI	AUS	6	442	0.013574660633484163
179	H	B	ORI	AUS	9	447	0.020134228187919462
180	H	B	ORI	AUS	8	442	0.018099547511312219
181	H	B	ORI	AUS	5	435	0.011494252873563218
182	H	B	ORI	AUS	8	441	0.018140589569160998
183	H	B	ORI	AUS	5	437	0.011441647597254004
184	H	B	ORI	AUS	11	436	0.025229357798165139
185	H	B	ORI	AUS	9	434	0.020737327188940093
186	H	B	ORI	AUS	5	437	0.011441647597254004
187	H	B	ORI	AUS	7	433	0.016166281755196306
188	H	B	ORI	AUS	7	430	0.01627906976744186
189	H	B	ORI	AUS	8	443	0.018058690744920992
190	H	B	ORI	AUS	5	434	0.011520737327188941
191	H	B	ORI	AUS	10	429	0.023310023310023312
192	H	B	ORI	AUS	6	430	0.013953488372093023
193	H	B	ORI	AUS	5	431	0.011600928074245939
194	H	B	ORI	AUS	8	423	0.018912529550827423
195	H	B	ORI	AUS	8	433	0.018475750577367205
196	H	B	ORI	AUS	8	436	0.01834862385321101
197	H	B	ORI	AUS	5	444	0.011261261261261261
198	H	B	ORI	AUS	5	446	0.011210762331838564
199	H	B	ORI	AUS	9	434	0.020737327188940093
200	H	B	ORI	AUS	8	431	0.018561484918793503
201	H	B	ORI	AUS	8	435	0.018390804597701149
202	H	B	ORI	AUS	9	427	0.021077283372365339
203	H	B	ORI	AUS	8	433	0.018475750577367205
204	H	B	ORI	AUS	7	437	0.016018306636155607
205	H	B	ORI	AUS	4	431	0.0092807424593967514
206	H	B	ORI	AUS	8	435	0.018390804597701149
207	H	B	ORI	AUS	5	442	0.011312217194570135
208	H	B	ORI	AUS	6	434	0.013824884792626729
209	H	B	ORI	AUS	8	438	0.018264840182648401
210	H	B	ORI	AUS	8	434	0.018433179723502304
211	H	B	ORI	AUS	8	440	0.018181818181818181
212	H	B	ORI	AUS	5	447	0.011185682326621925
213	H	B	ORI	AUS	6	436	0.013761467889908258
214	H	B	ORI	AUS	4	428	0.0093457943925233638
215	H	B	ORI	AUS	7	448	0.015625
216	H	B	ORI	AUS	9	442	0.020361990950226245
217	H	B	ORI	AUS	6	433	0.013856812933025405
218	H	B	ORI	AUS	6	431	0.013921113689095127
219	H	B	ORI	AUS	7	434	0.016129032258064516
220	H	B	ORI	AUS	7	445	0.015730337078651686
221	H	B	ORI	AUS	9	422	0.02132701421800948
222	H	B	ORI	AUS	6	425	0.01411764705882353
223	H	B	ORI	AUS	6	431	0.013921113689095127
224	H	B	ORI	AUS	8	432	0.018518518518518517
225	H	B	ORI	AUS	7	431	0.016241299303944315
226	H	B	ORI	AUS	7	430	0.01627906976744186
227	H	B	ORI	AUS	7	441	0.015873015873015872
228	H	B	ORI	AUS	6	444	0.013513513513513514
229	H	B	ORI	AUS	7	446	0.015695067264573991
230	H	B	ORI	AUS	8	439	0.018223234624145785
231	H	B	ORI	AUS	5	435	0.011494252873563218
232	H	B	ORI	AUS	6	434	0.013824884792626729
233	H	B	ORI	AUS	6	437	0.013729977116704805
234	H	B	ORI	AUS	11	435	0.02528735632183908
235	H	B	ORI	AUS	7	434	0.016129032258064516
236	H	B	ORI	AUS	6	431	0.013921113689095127
237	H	B	ORI	AUS	5	447	0.011185682326621925
238	H	B	ORI	AUS	7	438	0.015981735159817351
239	H	B	ORI	AUS	6	427	0.01405152224824356
240	H	B	ORI	AUS	4	437	0.0091533180778032037
241	H	B	ORI	AUS	7	431	0.016241299303944315
242	H	B	ORI	AUS	6	441	0.013605442176870748
243	H	B	ORI	AUS	5	440	0.011363636363636364
244	H	B	ORI	AUS	7	438	0.015981735159817351
245	H	B	ORI	AUS	8	435	0.018390804597701149
246	H	B	ORI	AUS	8	441	0.018140589569160998
247	H	B	ORI	AUS	11	433	0.025404157043879907
248	H	B	ORI	AUS	10	435	0.022988505747126436
249	H	B	ORI	AUS	6	445	0.013483146067415731
250	H	B	ORI	AUS	7	431	0.016241299303944315
251	H	B	ORI	AUS	8	444	0.018018018018018018
252	H	B	ORI	AUS	7	439	0.015945330296127564
253	H	B	ORI	AUS	6	431	0.013921113689095127
254	H	B	ORI	AUS	6	428	0.014018691588785047
255	H	B	ORI	AUS	7	436	0.016055045871559634
256	H	B	ORI	AUS	5	431	0.011600928074245939
257	H	B	ORI	AUS	8	436	0.01834862385321101
258	H	B	ORI	AUS	6	440	0.013636363636363636
259	H	B	ORI	AUS	8	436	0.01834862385321101
260	H	B	ORI	AUS	8	431	0.018561484918793503
261	H	B	ORI	AUS	3	445	0.0067415730337078653
262	H	B	ORI	AUS	7	435	0.016091954022988506
263	H	B	ORI	AUS	7	430	0.01627906976744186
264	H	B	ORI	AUS	6	438	0.013698630136986301
265	H	B	ORI	AUS	7	434	0.016129032258064516
266	H	B	ORI	AUS	8	429	0.018648018648018648
267	H	B	ORI	AUS	6	437	0.013729977116704805
268	H	B	ORI	AUS	5	431	0.011600928074245939
269	H	B	ORI	AUS	7	433	0.016166281755196306
270	H	B	ORI	AUS	7	430	0.01627906976744186
271	H	B	ORI	AUS	5	428	0.011682242990654205
272	H	B	ORI	AUS	7	433	0.016166281755196306
273	H	B	ORI	AUS	8	438	0.018264840182648401
274	H	B	ORI	AUS	8	435	0.018390804597701149
275	H	B	ORI	AUS	7	443	0.01580135440180587
276	H	B	ORI	AUS	8	425	0.018823529411764704
277	H	B	ORI	AUS	5	433	0.011547344110854504
278	H	B	ORI	AUS	6	439	0.01366742596810934
279	H	B	ORI	AUS	6	434	0.013824884792626729
280	H	B	ORI	AUS	8	434	0.018433179723502304
281	H	B	ORI	AUS	6	446	0.013452914798206279
282	H	B	ORI	AUS	6	440	0.013636363636363636
283	H	B	ORI	AUS	7	430	0.01627906976744186
284	H	B	ORI	AUS	7	437	0.016018306636155607
285	H	B	ORI	AUS	7	430	0.01627906976744186
286	H	B	ORI	AUS	7	425	0.016470588235294119
287	H	B	ORI	AUS	6	430	0.013953488372093023
288	H	B	ORI	AUS	6	444	0.013513513513513514
289	H	B	ORI	AUS	7	435	0.016091954022988506
290	H	B	ORI	AUS	6	426	0.014084507042253521
291	H	B	ORI	AUS	3	434	0.0069124423963133645
292	H	B	ORI	AUS	7	427	0.016393442622950821
293	H	B	ORI	AUS	8	437	0.018306636155606407
294	H	B	ORI	AUS	6	437	0.013729977116704805
295	H	B	ORI	AUS	7	436	0.016055045871559634
296	H	B	ORI	AUS	9	432	0.020833333333333332
297	H	B	ORI	AUS	4	441	0.0090702947845804991
298	H	B	ORI	AUS	6	437	0.013729977116704805
299	H	B	ORI	AUS	4	431	0.0092807424593967514
300	H	B	ORI	AUS	6	435	0.013793103448275862
1	I	B	SAM	AUS	0	433	0
2	I	B	SAM	AUS	0	440	0
3	I	B	SAM	AUS	0	440	0
4	I	B	SAM	AUS	0	434	0
5	I	B	SAM	AUS	0	436	0
6	I	B	SAM	AUS	0	437	0
7	I	B	SAM	AUS	0	432	0
8	I	B	SAM	AUS	0	442	0
9	I	B	SAM	AUS	0	431	0
10	I	B	SAM	AUS	0	433	0
11	I	B	SAM	AUS	0	437	0
12	I	B	SAM	AUS	0	436	0
13	I	B	SAM	AUS	0	444	0
14	I	B	SAM	AUS	0	442	0
15	I	B	SAM	AUS	0	427	0
16	I	B	SAM	AUS	0	444	0
17	I	B	SAM	AUS	0	438	0
18	I	B	SAM	AUS	0	440	0
19	I	B	SAM	AUS	0	429	0
20	I	B	SAM	AUS	0	430	0
21	I	B	SAM	AUS	0	429	0
22	I	B	SAM	AUS	0	435	0
23	I	B	SAM	AUS	0	430	0
24	I	B	SAM	AUS	0	443	0
25	I	B	SAM	AUS	0	434	0
26	I	B	SAM	AUS	0	438	0
27	I	B	SAM	AUS	0	436	0
28	I	B	SAM	AUS	0	438	0
29	I	B	SAM	AUS	0	436	0
30	I	B	SAM	AUS	0	439	0
31	I	B	SAM	AUS	0	438	0
32	I	B	SAM	AUS	0	439	0
33	I	B	SAM	AUS	0	436	0
34	I	B	SAM	AUS	0	438	0
35	I	B	SAM	AUS	0	438	0
36	I	B	SAM	AUS	0	440	0
37	I	B	SAM	AUS	0	442	0
38	I	B	SAM	AUS	0	437	0
39	I	B	SAM	AUS	0	434	0
40	I	B	SAM	AUS	0	442	0
41	I	B	SAM	AUS	0	444	0
42	I	B	SAM	AUS	0	427	0
43	I	B	SAM	AUS	0	434	0
44	I	B	SAM	AUS	0	430	0
45	I	B	SAM	AUS	0	431	0
46	I	B	SAM	AUS	0	429	0
47	I	B	SAM	AUS	0	444	0
48	I	B	SAM	AUS	0	441	0
49	I	B	SAM	AUS	0	431	0
50	I	B	SAM	AUS	0	424	0
51	I	B	SAM	AUS	0	428	0
52	I	B	SAM	AUS	0	428	0
53	I	B	SAM	AUS	0	444	0
54	I	B	SAM	AUS	0	439	0
55	I	B	SAM	AUS	0	435	0
56	I	B	SAM	AUS	0	437	0
57	I	B	SAM	AUS	0	433	0
58	I	B	SAM	AUS	0	441	0
59	I	B	SAM	AUS	0	424	0
60	I	B	SAM	AUS	0	440	0
61	I	B	SAM	AUS	0	436	0
62	I	B	SAM	AUS	0	422	0
63	I	B	SAM	AUS	0	433	0
64	I	B	SAM	AUS	0	433	0
65	I	B	SAM	AUS	0	432	0
66	I	B	SAM	AUS	0	445	0
67	I	B	SAM	AUS	0	430	0
68	I	B	SAM	AUS	0	438	0
69	I	B	SAM	AUS	0	438	0
70	I	B	SAM	AUS	0	439	0
71	I	B	SAM	AUS	0	432	0
72	I	B	SAM	AUS	0	436	0
73	I	B	SAM	AUS	0	435	0
74	I	B	SAM	AUS	0	436	0
75	I	B	SAM	AUS	0	452	0
76	I	B	SAM	AUS	0	441	0
77	I	B	SAM	AUS	0	441	0
78	I	B	SAM	AUS	0	435	0
79	I	B	SAM	AUS	0	425	0
80	I	B	SAM	AUS	0	440	0
81	I	B	SAM	AUS	0	436	0
82	I	B	SAM	AUS	0	435	0
83	I	B	SAM	AUS	0	426	0
84	I	B	SAM	AUS	0	447	0
85	I	B	SAM	AUS	0	434	0
86	I	B	SAM	AUS	0	431	0
87	I	B	SAM	AUS	0	432	0
88	I	B	SAM	AUS	0	445	0
89	I	B	SAM	AUS	0	432	0
90	I	B	SAM	AUS	0	431	0
91	I	B	SAM	AUS	0	436	0
92	I	B	SAM	AUS	0	442	0
93	I	B	SAM	AUS	0	426	0
94	I	B	SAM	AUS	0	426	0
95	I	B	SAM	AUS	0	431	0
96	I	B	SAM	AUS	0	439	0
97	I	B	SAM	AUS	0	436	0
98	I	B	SAM	AUS	0	433	0
99	I	B	SAM	AUS	0	434	0
100	I	B	SAM	AUS	0	439	0
101	I	B	SAM	AUS	0	435	0
102	I	B	SAM	AUS	0	448	0
103	I	B	SAM	AUS	0	438	0
104	I	B	SAM	AUS	0	431	0
105	I	B	SAM	AUS	0	435	0
106	I	B	SAM	AUS	0	435	0
107	I	B	SAM	AUS	0	443	0
108	I	B	SAM	AUS	0	426	0
109	I	B	SAM	AUS	0	444	0
110	I	B	SAM	AUS	0	427	0
111	I	B	SAM	AUS	0	447	0
112	I	B	SAM	AUS	0	436	0
113	I	B	SAM	AUS	0	432	0
114	I	B	SAM	AUS	0	442	0
115	I	B	SAM	AUS	0	435	0
116	I	B	SAM	AUS	0	445	0
117	I	B	SAM	AUS	0	441	0
118	I	B	SAM	AUS	0	436	0
119	I	B	SAM	AUS	0	439	0
120	I	B	SAM	AUS	0	451	0
121	I	B	SAM	AUS	0	443	0
122	I	B	SAM	AUS	0	432	0
123	I	B	SAM	AUS	0	442	0
124	I	B	SAM	AUS	0	437	0
125	I	B	SAM	AUS	0	433	0
126	I	B	SAM	AUS	0	438	0
127	I	B	SAM	AUS	0	436	0
128	I	B	SAM	AUS	0	436	0
129	I	B	SAM	AUS	0	435	0
130	I	B	SAM	AUS	0	433	0
131	I	B	SAM	AUS	0	446	0
132	I	B	SAM	AUS	0	442	0
133	I	B	SAM	AUS	0	441	0
134	I	B	SAM	AUS	0	444	0
135	I	B	SAM	AUS	0	433	0
136	I	B	SAM	AUS	0	432	0
137	I	B	SAM	AUS	0	433	0
138	I	B	SAM	AUS	0	438	0
139	I	B	SAM	AUS	0	433	0
140	I	B	SAM	AUS	0	433	0
141	I	B	SAM	AUS	0	427	0
142	I	B	SAM	AUS	0	425	0
143	I	B	SAM	AUS	0	430	0
144	I	B	SAM	AUS	0	434	0
145	I	B	SAM	AUS	0	446	0
146	I	B	SAM	AUS	0	439	0
147	I	B	SAM	AUS	0	433	0
148	I	B	SAM	AUS	0	437	0
149	I	B	SAM	AUS	0	425	0
150	I	B	SAM	AUS	0	440	0
151	I	B	SAM	AUS	0	445	0
152	I	B	SAM	AUS	0	435	0
153	I	B	SAM	AUS	0	438	0
154	I	B	SAM	AUS	0	445	0
155	I	B	SAM	AUS	0	432	0
156	I	B	SAM	AUS	0	429	0
157	I	B	SAM	AUS	0	432	0
158	I	B	SAM	AUS	0	435	0
159	I	B	SAM	AUS	0	441	0
160	I	B	SAM	AUS	0	439	0
161	I	B	SAM	AUS	0	438	0
162	I	B	SAM	AUS	0	436	0
163	I	B	SAM	AUS	0	434	0
164	I	B	SAM	AUS	0	437	0
165	I	B	SAM	AUS	0	428	0
166	I	B	SAM	AUS	0	436	0
167	I	B	SAM	AUS	0	433	0
168	I	B	SAM	AUS	0	435	0
169	I	B	SAM	AUS	0	434	0
170	I	B	SAM	AUS	0	432	0
171	I	B	SAM	AUS	0	434	0
172	I	B	SAM	AUS	0	444	0
173	I	B	SAM	AUS	0	440	0
174	I	B	SAM	AUS	0	435	0
175	I	B	SAM	AUS	0	429	0
176	I	B	SAM	AUS	0	437	0
177	I	B	SAM	AUS	0	434	0
178	I	B	SAM	AUS	0	442	0
179	I	B	SAM	AUS	0	447	0
180	I	B	SAM	AUS	0	442	0
181	I	B	SAM	AUS	0	435	0
182	I	B	SAM	AUS	0	441	0
183	I	B	SAM	AUS	0	437	0
184	I	B	SAM	AUS	0	436	0
185	I	B	SAM	AUS	0	434	0
186	I	B	SAM	AUS	0	437	0
187	I	B	SAM	AUS	0	433	0
188	I	B	SAM	AUS	0	430	0
189	I	B	SAM	AUS	0	443	0
190	I	B	SAM	AUS	0	434	0
191	I	B	SAM	AUS	0	429	0
192	I	B	SAM	AUS	0	430	0
193	I	B	SAM	AUS	0	431	0
194	I	B	SAM	AUS	0	423	0
195	I	B	SAM	AUS	0	433	0
196	I	B	SAM	AUS	0	436	0
197	I	B	SAM	AUS	0	444	0
198	I	B	SAM	AUS	0	446	0
199	I	B	SAM	AUS	0	434	0
200	I	B	SAM	AUS	0	431	0
201	I	B	SAM	AUS	0	435	0
202	I	B	SAM	AUS	0	427	0
203	I	B	SAM	AUS	0	433	0
204	I	B	SAM	AUS	0	437	0
205	I	B	SAM	AUS	0	431	0
206	I	B	SAM	AUS	0	435	0
207	I	B	SAM	AUS	0	442	0
208	I	B	SAM	AUS	0	434	0
209	I	B	SAM	AUS	0	438	0
210	I	B	SAM	AUS	0	434	0
211	I	B	SAM	AUS	0	440	0
212	I	B	SAM	AUS	0	447	0
213	I	B	SAM	AUS	0	436	0
214	I	B	SAM	AUS	0	428	0
215	I	B	SAM	AUS	0	448	0
216	I	B	SAM	AUS	0	442	0
217	I	B	SAM	AUS	0	433	0
218	I	B	SAM	AUS	0	431	0
219	I	B	SAM	AUS	0	434	0
220	I	B	SAM	AUS	0	445	0
221	I	B	SAM	AUS	0	422	0
222	I	B	SAM	AUS	0	425	0
223	I	B	SAM	AUS	0	431	0
224	I	B	SAM	AUS	0	432	0
225	I	B	SAM	AUS	0	431	0
226	I	B	SAM	AUS	0	430	0
227	I	B	SAM	AUS	0	441	0
228	I	B	SAM	AUS	0	444	0
229	I	B	SAM	AUS	0	446	0
230	I	B	SAM	AUS	0	439	0
231	I	B	SAM	AUS	0	435	0
232	I	B	SAM	AUS	0	434	0
233	I	B	SAM	AUS	0	437	0
234	I	B	SAM	AUS	0	435	0
235	I	B	SAM	AUS	0	434	0
236	I	B	SAM	AUS	0	431	0
237	I	B	SAM	AUS	0	447	0
238	I	B	SAM	AUS	0	438	0
239	I	B	SAM	AUS	0	427	0
240	I	B	SAM	AUS	0	437	0
241	I	B	SAM	AUS	0	431	0
242	I	B	SAM	AUS	0	441	0
243	I	B	SAM	AUS	0	440	0
244	I	B	SAM	AUS	0	438	0
245	I	B	SAM	AUS	0	435	0
246	I	B	SAM	AUS	0	441	0
247	I	B	SAM	AUS	0	433	0
248	I	B	SAM	AUS	0	435	0
249	I	B	SAM	AUS	0	445	0
250	I	B	SAM	AUS	0	431	0
251	I	B	SAM	AUS	0	444	0
252	I	B	SAM	AUS	0	439	0
253	I	B	SAM	AUS	0	431	0
254	I	B	SAM	AUS	0	428	0
255	I	B	SAM	AUS	0	436	0
256	I	B	SAM	AUS	0	431	0
257	I	B	SAM	AUS	0	436	0
258	I	B	SAM	AUS	0	440	0
259	I	B	SAM	AUS	0	436	0
260	I	B	SAM	AUS	0	431	0
261	I	B	SAM	AUS	0	445	0
262	I	B	SAM	AUS	0	435	0
263	I	B	SAM	AUS	0	430	0
264	I	B	SAM	AUS	0	438	0
265	I	B	SAM	AUS	0	434	0
266	I	B	SAM	AUS	0	429	0
267	I	B	SAM	AUS	0	437	0
268	I	B	SAM	AUS	0	431	0
269	I	B	SAM	AUS	0	433	0
270	I	B	SAM	AUS	0	430	0
271	I	B	SAM	AUS	0	428	0
272	I	B	SAM	AUS	0	433	0
273	I	B	SAM	AUS	0	438	0
274	I	B	SAM	AUS	0	435	0
275	I	B	SAM	AUS	0	443	0
276	I	B	SAM	AUS	0	425	0
277	I	B	SAM	AUS	0	433	0
278	I	B	SAM	AUS	0	439	0
279	I	B	SAM	AUS	0	434	0
280	I	B	SAM	AUS	0	434	0
281	I	B	SAM	AUS	0	446	0
282	I	B	SAM	AUS	0	440	0
283	I	B	SAM	AUS	0	430	0
284	I	B	SAM	AUS	0	437	0
285	I	B	SAM	AUS	0	430	0
286	I	B	SAM	AUS	0	425	0
287	I	B	SAM	AUS	0	430	0
288	I	B	SAM	AUS	0	444	0
289	I	B	SAM	AUS	0	435	0
290	I	B	SAM	AUS	0	426	0
291	I	B	SAM	AUS	0	434	0
292	I	B	SAM	AUS	0	427	0
293	I	B	SAM	AUS	0	437	0
294	I	B	SAM	AUS	0	437	0
295	I	B	SAM	AUS	0	436	0
296	I	B	SAM	AUS	0	432	0
297	I	B	SAM	AUS	0	441	0
298	I	B	SAM	AUS	0	437	0
299	I	B	SAM	AUS	0	431	0
300	I	B	SAM	AUS	0	435	0
1	J	B	WNA	AUS	0	433	0
2	J	B	WNA	AUS	0	440	0
3	J	B	WNA	AUS	0	440	0
4	J	B	WNA	AUS	0	434	0
5	J	B	WNA	AUS	0	436	0
6	J	B	WNA	AUS	0	437	0
7	J	B	WNA	AUS	0	432	0
8	J	B	WNA	AUS	0	442	0
9	J	B	WNA	AUS	0	431	0
10	J	B	WNA	AUS	0	433	0
11	J	B	WNA	AUS	0	437	0
12	J	B	WNA	AUS	0	436	0
13	J	B	WNA	AUS	0	444	0
14	J	B	WNA	AUS	0	442	0
15	J	B	WNA	AUS	0	427	0
16	J	B	WNA	AUS	0	444	0
17	J	B	WNA	AUS	0	438	0
18	J	B	WNA	AUS	0	440	0
19	J	B	WNA	AUS	0	429	0
20	J	B	WNA	AUS	0	430	0
21	J	B	WNA	AUS	0	429	0
22	J	B	WNA	AUS	0	435	0
23	J	B	WNA	AUS	0	430	0
24	J	B	WNA	AUS	0	443	0
25	J	B	WNA	AUS	0	434	0
26	J	B	WNA	AUS	0	438	0
27	J	B	WNA	AUS	0	436	0
28	J	B	WNA	AUS	0	438	0
29	J	B	WNA	AUS	0	436	0
30	J	B	WNA	AUS	0	439	0
31	J	B	WNA	AUS	0	438	0
32	J	B	WNA	AUS	0	439	0
33	J	B	WNA	AUS	0	436	0
34	J	B	WNA	AUS	0	438	0
35	J	B	WNA	AUS	0	438	0
36	J	B	WNA	AUS	0	440	0
37	J	B	WNA	AUS	0	442	0
38	J	B	WNA	AUS	0	437	0
39	J	B	WNA	AUS	0	434	0
40	J	B	WNA	AUS	0	442	0
41	J	B	WNA	AUS	0	444	0
42	J	B	WNA	AUS	0	427	0
43	J	B	WNA	AUS	0	434	0
44	J	B	WNA	AUS	0	430	0
45	J	B	WNA	AUS	0	431	0
46	J	B	WNA	AUS	0	429	0
47	J	B	WNA	AUS	0	444	0
48	J	B	WNA	AUS	0	441	0
49	J	B	WNA	AUS	0	431	0
50	J	B	WNA	AUS	0	424	0
51	J	B	WNA	AUS	0	428	0
52	J	B	WNA	AUS	0	428	0
53	J	B	WNA	AUS	0	444	0
54	J	B	WNA	AUS	0	439	0
55	J	B	WNA	AUS	0	435	0
56	J	B	WNA	AUS	0	437	0
57	J	B	WNA	AUS	0	433	0
58	J	B	WNA	AUS	0	441	0
59	J	B	WNA	AUS	0	424	0
60	J	B	WNA	AUS	0	440	0
61	J	B	WNA	AUS	0	436	0
62	J	B	WNA	AUS	0	422	0
63	J	B	WNA	AUS	0	433	0
64	J	B	WNA	AUS	0	433	0
65	J	B	WNA	AUS	0	432	0
66	J	B	WNA	AUS	0	445	0
67	J	B	WNA	AUS	0	430	0
68	J	B	WNA	AUS	0	438	0
69	J	B	WNA	AUS	0	438	0
70	J	B	WNA	AUS	0	439	0
71	J	B	WNA	AUS	0	432	0
72	J	B	WNA	AUS	0	436	0
73	J	B	WNA	AUS	0	435	0
74	J	B	WNA	AUS	0	436	0
75	J	B	WNA	AUS	0	452	0
76	J	B	WNA	AUS	0	441	0
77	J	B	WNA	AUS	0	441	0
78	J	B	WNA	AUS	0	435	0
79	J	B	WNA	AUS	0	425	0
80	J	B	WNA	AUS	0	440	0
81	J	B	WNA	AUS	0	436	0
82	J	B	WNA	AUS	0	435	0
83	J	B	WNA	AUS	0	426	0
84	J	B	WNA	AUS	0	447	0
85	J	B	WNA	AUS	0	434	0
86	J	B	WNA	AUS	0	431	0
87	J	B	WNA	AUS	0	432	0
88	J	B	WNA	AUS	0	445	0
89	J	B	WNA	AUS	0	432	0
90	J	B	WNA	AUS	0	431	0
91	J	B	WNA	AUS	0	436	0
92	J	B	WNA	AUS	0	442	0
93	J	B	WNA	AUS	0	426	0
94	J	B	WNA	AUS	0	426	0
95	J	B	WNA	AUS	0	431	0
96	J	B	WNA	AUS	0	439	0
97	J	B	WNA	AUS	0	436	0
98	J	B	WNA	AUS	0	433	0
99	J	B	WNA	AUS	0	434	0
100	J	B	WNA	AUS	0	439	0
101	J	B	WNA	AUS	0	435	0
102	J	B	WNA	AUS	0	448	0
103	J	B	WNA	AUS	0	438	0
104	J	B	WNA	AUS	0	431	0
105	J	B	WNA	AUS	0	435	0
106	J	B	WNA	AUS	0	435	0
107	J	B	WNA	AUS	0	443	0
108	J	B	WNA	AUS	0	426	0
109	J	B	WNA	AUS	0	444	0
110	J	B	WNA	AUS	0	427	0
111	J	B	WNA	AUS	0	447	0
112	J	B	WNA	AUS	0	436	0
113	J	B	WNA	AUS	0	432	0
114	J	B	WNA	AUS	0	442	0
115	J	B	WNA	AUS	0	435	0
116	J	B	WNA	AUS	0	445	0
117	J	B	WNA	AUS	0	441	0
118	J	B	WNA	AUS	0	436	0
119	J	B	WNA	AUS	0	439	0
120	J	B	WNA	AUS	0	451	0
121	J	B	WNA	AUS	0	443	0
122	J	B	WNA	AUS	0	432	0
123	J	B	WNA	AUS	0	442	0
124	J	B	WNA	AUS	0	437	0
125	J	B	WNA	AUS	0	433	0
126	J	B	WNA	AUS	0	438	0
127	J	B	WNA	AUS	0	436	0
128	J	B	WNA	AUS	0	436	0
129	J	B	WNA	AUS	0	435	0
130	J	B	WNA	AUS	0	433	0
131	J	B	WNA	AUS	0	446	0
132	J	B	WNA	AUS	0	442	0
133	J	B	WNA	AUS	0	441	0
134	J	B	WNA	AUS	0	444	0
135	J	B	WNA	AUS	0	433	0
136	J	B	WNA	AUS	0	432	0
137	J	B	WNA	AUS	0	433	0
138	J	B	WNA	AUS	0	438	0
139	J	B	WNA	AUS	0	433	0
140	J	B	WNA	AUS	0	433	0
141	J	B	WNA	AUS	0	427	0
142	J	B	WNA	AUS	0	425	0
143	J	B	WNA	AUS	0	430	0
144	J	B	WNA	AUS	0	434	0
145	J	B	WNA	AUS	0	446	0
146	J	B	WNA	AUS	0	439	0
147	J	B	WNA	AUS	0	433	0
148	J	B	WNA	AUS	0	437	0
149	J	B	WNA	AUS	0	425	0
150	J	B	WNA	AUS	0	440	0
151	J	B	WNA	AUS	0	445	0
152	J	B	WNA	AUS	0	435	0
153	J	B	WNA	AUS	0	438	0
154	J	B	WNA	AUS	0	445	0
155	J	B	WNA	AUS	0	432	0
156	J	B	WNA	AUS	0	429	0
157	J	B	WNA	AUS	0	432	0
158	J	B	WNA	AUS	0	435	0
159	J	B	WNA	AUS	0	441	0
160	J	B	WNA	AUS	0	439	0
161	J	B	WNA	AUS	0	438	0
162	J	B	WNA	AUS	0	436	0
163	J	B	WNA	AUS	0	434	0
164	J	B	WNA	AUS	0	437	0
165	J	B	WNA	AUS	0	428	0
166	J	B	WNA	AUS	0	436	0
167	J	B	WNA	AUS	0	433	0
168	J	B	WNA	AUS	0	435	0
169	J	B	WNA	AUS	0	434	0
170	J	B	WNA	AUS	0	432	0
171	J	B	WNA	AUS	0	434	0
172	J	B	WNA	AUS	0	444	0
173	J	B	WNA	AUS	0	440	0
174	J	B	WNA	AUS	0	435	0
175	J	B	WNA	AUS	0	429	0
176	J	B	WNA	AUS	0	437	0
177	J	B	WNA	AUS	0	434	0
178	J	B	WNA	AUS	0	442	0
179	J	B	WNA	AUS	0	447	0
180	J	B	WNA	AUS	0	442	0
181	J	B	WNA	AUS	0	435	0
182	J	B	WNA	AUS	0	441	0
183	J	B	WNA	AUS	0	437	0
184	J	B	WNA	AUS	0	436	0
185	J	B	WNA	AUS	0	434	0
186	J	B	WNA	AUS	0	437	0
187	J	B	WNA	AUS	0	433	0
188	J	B	WNA	AUS	0	430	0
189	J	B	WNA	AUS	0	443	0
190	J	B	WNA	AUS	0	434	0
191	J	B	WNA	AUS	0	429	0
192	J	B	WNA	AUS	0	430	0
193	J	B	WNA	AUS	0	431	0
194	J	B	WNA	AUS	0	423	0
195	J	B	WNA	AUS	0	433	0
196	J	B	WNA	AUS	0	436	0
197	J	B	WNA	AUS	0	444	0
198	J	B	WNA	AUS	0	446	0
199	J	B	WNA	AUS	0	434	0
200	J	B	WNA	AUS	0	431	0
201	J	B	WNA	AUS	0	435	0
202	J	B	WNA	AUS	0	427	0
203	J	B	WNA	AUS	0	433	0
204	J	B	WNA	AUS	0	437	0
205	J	B	WNA	AUS	0	431	0
206	J	B	WNA	AUS	0	435	0
207	J	B	WNA	AUS	0	442	0
208	J	B	WNA	AUS	0	434	0
209	J	B	WNA	AUS	0	438	0
210	J	B	WNA	AUS	0	434	0
211	J	B	WNA	AUS	0	440	0
212	J	B	WNA	AUS	0	447	0
213	J	B	WNA	AUS	0	436	0
214	J	B	WNA	AUS	0	428	0
215	J	B	WNA	AUS	0	448	0
216	J	B	WNA	AUS	0	442	0
217	J	B	WNA	AUS	0	433	0
218	J	B	WNA	AUS	0	431	0
219	J	B	WNA	AUS	0	434	0
220	J	B	WNA	AUS	0	445	0
221	J	B	WNA	AUS	0	422	0
222	J	B	WNA	AUS	0	425	0
223	J	B	WNA	AUS	0	431	0
224	J	B	WNA	AUS	0	432	0
225	J	B	WNA	AUS	0	431	0
226	J	B	WNA	AUS	0	430	0
227	J	B	WNA	AUS	0	441	0
228	J	B	WNA	AUS	0	444	0
229	J	B	WNA	AUS	0	446	0
230	J	B	WNA	AUS	0	439	0
231	J	B	WNA	AUS	0	435	0
232	J	B	WNA	AUS	0	434	0
233	J	B	WNA	AUS	0	437	0
234	J	B	WNA	AUS	0	435	0
235	J	B	WNA	AUS	0	434	0
236	J	B	WNA	AUS	0	431	0
237	J	B	WNA	AUS	0	447	0
238	J	B	WNA	AUS	0	438	0
239	J	B	WNA	AUS	0	427	0
240	J	B	WNA	AUS	0	437	0
241	J	B	WNA	AUS	0	431	0
242	J	B	WNA	AUS	0	441	0
243	J	B	WNA	AUS	0	440	0
244	J	B	WNA	AUS	0	438	0
245	J	B	WNA	AUS	0	435	0
246	J	B	WNA	AUS	0	441	0
247	J	B	WNA	AUS	0	433	0
248	J	B	WNA	AUS	0	435	0
249	J	B	WNA	AUS	0	445	0
250	J	B	WNA	AUS	0	431	0
251	J	B	WNA	AUS	0	444	0
252	J	B	WNA	AUS	0	439	0
253	J	B	WNA	AUS	0	431	0
254	J	B	WNA	AUS	0	428	0
255	J	B	WNA	AUS	0	436	0
256	J	B	WNA	AUS	0	431	0
257	J	B	WNA	AUS	0	436	0
258	J	B	WNA	AUS	0	440	0
259	J	B	WNA	AUS	0	436	0
260	J	B	WNA	AUS	0	431	0
261	J	B	WNA	AUS	0	445	0
262	J	B	WNA	AUS	0	435	0
263	J	B	WNA	AUS	0	430	0
264	J	B	WNA	AUS	0	438	0
265	J	B	WNA	AUS	0	434	0
266	J	B	WNA	AUS	0	429	0
267	J	B	WNA	AUS	0	437	0
268	J	B	WNA	AUS	0	431	0
269	J	B	WNA	AUS	0	433	0
270	J	B	WNA	AUS	0	430	0
271	J	B	WNA	AUS	0	428	0
272	J	B	WNA	AUS	0	433	0
273	J	B	WNA	AUS	0	438	0
274	J	B	WNA	AUS	0	435	0
275	J	B	WNA	AUS	0	443	0
276	J	B	WNA	AUS	0	425	0
277	J	B	WNA	AUS	0	433	0
278	J	B	WNA	AUS	0	439	0
279	J	B	WNA	AUS	0	434	0
280	J	B	WNA	AUS	0	434	0
281	J	B	WNA	AUS	0	446	0
282	J	B	WNA	AUS	0	440	0
283	J	B	WNA	AUS	0	430	0
284	J	B	WNA	AUS	0	437	0
285	J	B	WNA	AUS	0	430	0
286	J	B	WNA	AUS	0	425	0
287	J	B	WNA	AUS	0	430	0
288	J	B	WNA	AUS	0	444	0
289	J	B	WNA	AUS	0	435	0
290	J	B	WNA	AUS	0	426	0
291	J	B	WNA	AUS	0	434	0
292	J	B	WNA	AUS	0	427	0
293	J	B	WNA	AUS	0	437	0
294	J	B	WNA	AUS	0	437	0
295	J	B	WNA	AUS	0	436	0
296	J	B	WNA	AUS	0	432	0
297	J	B	WNA	AUS	0	441	0
298	J	B	WNA	AUS	0	437	0
299	J	B	WNA	AUS	0	431	0
300	J	B	WNA	AUS	0	435	0
1	K	B	WPA	AUS	0	433	0
2	K	B	WPA	AUS	0	440	0
3	K	B	WPA	AUS	0	440	0
4	K	B	WPA	AUS	0	434	0
5	K	B	WPA	AUS	0	436	0
6	K	B	WPA	AUS	0	437	0
7	K	B	WPA	AUS	0	432	0
8	K	B	WPA	AUS	0	442	0
9	K	B	WPA	AUS	0	431	0
10	K	B	WPA	AUS	0	433	0
11	K	B	WPA	AUS	0	437	0
12	K	B	WPA	AUS	0	436	0
13	K	B	WPA	AUS	0	444	0
14	K	B	WPA	AUS	0	442	0
15	K	B	WPA	AUS	0	427	0
16	K	B	WPA	AUS	0	444	0
17	K	B	WPA	AUS	0	438	0
18	K	B	WPA	AUS	0	440	0
19	K	B	WPA	AUS	0	429	0
20	K	B	WPA	AUS	0	430	0
21	K	B	WPA	AUS	0	429	0
22	K	B	WPA	AUS	0	435	0
23	K	B	WPA	AUS	0	430	0
24	K	B	WPA	AUS	0	443	0
25	K	B	WPA	AUS	0	434	0
26	K	B	WPA	AUS	0	438	0
27	K	B	WPA	AUS	0	436	0
28	K	B	WPA	AUS	0	438	0
29	K	B	WPA	AUS	0	436	0
30	K	B	WPA	AUS	0	439	0
31	K	B	WPA	AUS	0	438	0
32	K	B	WPA	AUS	0	439	0
33	K	B	WPA	AUS	0	436	0
34	K	B	WPA	AUS	0	438	0
35	K	B	WPA	AUS	0	438	0
36	K	B	WPA	AUS	0	440	0
37	K	B	WPA	AUS	0	442	0
38	K	B	WPA	AUS	0	437	0
39	K	B	WPA	AUS	0	434	0
40	K	B	WPA	AUS	0	442	0
41	K	B	WPA	AUS	0	444	0
42	K	B	WPA	AUS	0	427	0
43	K	B	WPA	AUS	0	434	0
44	K	B	WPA	AUS	0	430	0
45	K	B	WPA	AUS	0	431	0
46	K	B	WPA	AUS	0	429	0
47	K	B	WPA	AUS	0	444	0
48	K	B	WPA	AUS	0	441	0
49	K	B	WPA	AUS	0	431	0
50	K	B	WPA	AUS	0	424	0
51	K	B	WPA	AUS	0	428	0
52	K	B	WPA	AUS	0	428	0
53	K	B	WPA	AUS	0	444	0
54	K	B	WPA	AUS	0	439	0
55	K	B	WPA	AUS	0	435	0
56	K	B	WPA	AUS	0	437	0
57	K	B	WPA	AUS	0	433	0
58	K	B	WPA	AUS	0	441	0
59	K	B	WPA	AUS	0	424	0
60	K	B	WPA	AUS	0	440	0
61	K	B	WPA	AUS	0	436	0
62	K	B	WPA	AUS	0	422	0
63	K	B	WPA	AUS	0	433	0
64	K	B	WPA	AUS	0	433	0
65	K	B	WPA	AUS	0	432	0
66	K	B	WPA	AUS	0	445	0
67	K	B	WPA	AUS	0	430	0
68	K	B	WPA	AUS	0	438	0
69	K	B	WPA	AUS	0	438	0
70	K	B	WPA	AUS	0	439	0
71	K	B	WPA	AUS	0	432	0
72	K	B	WPA	AUS	0	436	0
73	K	B	WPA	AUS	0	435	0
74	K	B	WPA	AUS	0	436	0
75	K	B	WPA	AUS	0	452	0
76	K	B	WPA	AUS	0	441	0
77	K	B	WPA	AUS	0	441	0
78	K	B	WPA	AUS	0	435	0
79	K	B	WPA	AUS	0	425	0
80	K	B	WPA	AUS	0	440	0
81	K	B	WPA	AUS	0	436	0
82	K	B	WPA	AUS	0	435	0
83	K	B	WPA	AUS	0	426	0
84	K	B	WPA	AUS	0	447	0
85	K	B	WPA	AUS	0	434	0
86	K	B	WPA	AUS	0	431	0
87	K	B	WPA	AUS	0	432	0
88	K	B	WPA	AUS	0	445	0
89	K	B	WPA	AUS	0	432	0
90	K	B	WPA	AUS	0	431	0
91	K	B	WPA	AUS	0	436	0
92	K	B	WPA	AUS	0	442	0
93	K	B	WPA	AUS	0	426	0
94	K	B	WPA	AUS	0	426	0
95	K	B	WPA	AUS	0	431	0
96	K	B	WPA	AUS	0	439	0
97	K	B	WPA	AUS	0	436	0
98	K	B	WPA	AUS	0	433	0
99	K	B	WPA	AUS	0	434	0
100	K	B	WPA	AUS	0	439	0
101	K	B	WPA	AUS	0	435	0
102	K	B	WPA	AUS	0	448	0
103	K	B	WPA	AUS	0	438	0
104	K	B	WPA	AUS	0	431	0
105	K	B	WPA	AUS	0	435	0
106	K	B	WPA	AUS	0	435	0
107	K	B	WPA	AUS	0	443	0
108	K	B	WPA	AUS	0	426	0
109	K	B	WPA	AUS	0	444	0
110	K	B	WPA	AUS	0	427	0
111	K	B	WPA	AUS	0	447	0
112	K	B	WPA	AUS	0	436	0
113	K	B	WPA	AUS	0	432	0
114	K	B	WPA	AUS	0	442	0
115	K	B	WPA	AUS	0	435	0
116	K	B	WPA	AUS	0	445	0
117	K	B	WPA	AUS	0	441	0
118	K	B	WPA	AUS	0	436	0
119	K	B	WPA	AUS	0	439	0
120	K	B	WPA	AUS	0	451	0
121	K	B	WPA	AUS	0	443	0
122	K	B	WPA	AUS	0	432	0
123	K	B	WPA	AUS	0	442	0
124	K	B	WPA	AUS	0	437	0
125	K	B	WPA	AUS	0	433	0
126	K	B	WPA	AUS	0	438	0
127	K	B	WPA	AUS	0	436	0
128	K	B	WPA	AUS	0	436	0
129	K	B	WPA	AUS	0	435	0
130	K	B	WPA	AUS	0	433	0
131	K	B	WPA	AUS	0	446	0
132	K	B	WPA	AUS	0	442	0
133	K	B	WPA	AUS	0	441	0
134	K	B	WPA	AUS	0	444	0
135	K	B	WPA	AUS	0	433	0
136	K	B	WPA	AUS	0	432	0
137	K	B	WPA	AUS	0	433	0
138	K	B	WPA	AUS	0	438	0
139	K	B	WPA	AUS	0	433	0
140	K	B	WPA	AUS	0	433	0
141	K	B	WPA	AUS	0	427	0
142	K	B	WPA	AUS	0	425	0
143	K	B	WPA	AUS	0	430	0
144	K	B	WPA	AUS	0	434	0
145	K	B	WPA	AUS	0	446	0
146	K	B	WPA	AUS	0	439	0
147	K	B	WPA	AUS	0	433	0
148	K	B	WPA	AUS	0	437	0
149	K	B	WPA	AUS	0	425	0
150	K	B	WPA	AUS	0	440	0
151	K	B	WPA	AUS	0	445	0
152	K	B	WPA	AUS	0	435	0
153	K	B	WPA	AUS	0	438	0
154	K	B	WPA	AUS	0	445	0
155	K	B	WPA	AUS	0	432	0
156	K	B	WPA	AUS	0	429	0
157	K	B	WPA	AUS	0	432	0
158	K	B	WPA	AUS	0	435	0
159	K	B	WPA	AUS	0	441	0
160	K	B	WPA	AUS	0	439	0
161	K	B	WPA	AUS	0	438	0
162	K	B	WPA	AUS	0	436	0
163	K	B	WPA	AUS	0	434	0
164	K	B	WPA	AUS	0	437	0
165	K	B	WPA	AUS	0	428	0
166	K	B	WPA	AUS	0	436	0
167	K	B	WPA	AUS	0	433	0
168	K	B	WPA	AUS	0	435	0
169	K	B	WPA	AUS	0	434	0
170	K	B	WPA	AUS	0	432	0
171	K	B	WPA	AUS	0	434	0
172	K	B	WPA	AUS	0	444	0
173	K	B	WPA	AUS	0	440	0
174	K	B	WPA	AUS	0	435	0
175	K	B	WPA	AUS	0	429	0
176	K	B	WPA	AUS	0	437	0
177	K	B	WPA	AUS	0	434	0
178	K	B	WPA	AUS	0	442	0
179	K	B	WPA	AUS	0	447	0
180	K	B	WPA	AUS	0	442	0
181	K	B	WPA	AUS	0	435	0
182	K	B	WPA	AUS	0	441	0
183	K	B	WPA	AUS	0	437	0
184	K	B	WPA	AUS	0	436	0
185	K	B	WPA	AUS	0	434	0
186	K	B	WPA	AUS	0	437	0
187	K	B	WPA	AUS	0	433	0
188	K	B	WPA	AUS	0	430	0
189	K	B	WPA	AUS	0	443	0
190	K	B	WPA	AUS	0	434	0
191	K	B	WPA	AUS	0	429	0
192	K	B	WPA	AUS	0	430	0
193	K	B	WPA	AUS	0	431	0
194	K	B	WPA	AUS	0	423	0
195	K	B	WPA	AUS	0	433	0
196	K	B	WPA	AUS	0	436	0
197	K	B	WPA	AUS	0	444	0
198	K	B	WPA	AUS	0	446	0
199	K	B	WPA	AUS	0	434	0
200	K	B	WPA	AUS	0	431	0
201	K	B	WPA	AUS	0	435	0
202	K	B	WPA	AUS	0	427	0
203	K	B	WPA	AUS	0	433	0
204	K	B	WPA	AUS	0	437	0
205	K	B	WPA	AUS	0	431	0
206	K	B	WPA	AUS	0	435	0
207	K	B	WPA	AUS	0	442	0
208	K	B	WPA	AUS	0	434	0
209	K	B	WPA	AUS	0	438	0
210	K	B	WPA	AUS	0	434	0
211	K	B	WPA	AUS	0	440	0
212	K	B	WPA	AUS	0	447	0
213	K	B	WPA	AUS	0	436	0
214	K	B	WPA	AUS	0	428	0
215	K	B	WPA	AUS	0	448	0
216	K	B	WPA	AUS	0	442	0
217	K	B	WPA	AUS	0	433	0
218	K	B	WPA	AUS	0	431	0
219	K	B	WPA	AUS	0	434	0
220	K	B	WPA	AUS	0	445	0
221	K	B	WPA	AUS	0	422	0
222	K	B	WPA	AUS	0	425	0
223	K	B	WPA	AUS	0	431	0
224	K	B	WPA	AUS	0	432	0
225	K	B	WPA	AUS	0	431	0
226	K	B	WPA	AUS	0	430	0
227	K	B	WPA	AUS	0	441	0
228	K	B	WPA	AUS	0	444	0
229	K	B	WPA	AUS	0	446	0
230	K	B	WPA	AUS	0	439	0
231	K	B	WPA	AUS	0	435	0
232	K	B	WPA	AUS	0	434	0
233	K	B	WPA	AUS	0	437	0
234	K	B	WPA	AUS	0	435	0
235	K	B	WPA	AUS	0	434	0
236	K	B	WPA	AUS	0	431	0
237	K	B	WPA	AUS	0	447	0
238	K	B	WPA	AUS	0	438	0
239	K	B	WPA	AUS	0	427	0
240	K	B	WPA	AUS	0	437	0
241	K	B	WPA	AUS	0	431	0
242	K	B	WPA	AUS	0	441	0
243	K	B	WPA	AUS	0	440	0
244	K	B	WPA	AUS	0	438	0
245	K	B	WPA	AUS	0	435	0
246	K	B	WPA	AUS	0	441	0
247	K	B	WPA	AUS	0	433	0
248	K	B	WPA	AUS	0	435	0
249	K	B	WPA	AUS	0	445	0
250	K	B	WPA	AUS	0	431	0
251	K	B	WPA	AUS	0	444	0
252	K	B	WPA	AUS	0	439	0
253	K	B	WPA	AUS	0	431	0
254	K	B	WPA	AUS	0	428	0
255	K	B	WPA	AUS	0	436	0
256	K	B	WPA	AUS	0	431	0
257	K	B	WPA	AUS	0	436	0
258	K	B	WPA	AUS	0	440	0
259	K	B	WPA	AUS	0	436	0
260	K	B	WPA	AUS	0	431	0
261	K	B	WPA	AUS	0	445	0
262	K	B	WPA	AUS	0	435	0
263	K	B	WPA	AUS	0	430	0
264	K	B	WPA	AUS	0	438	0
265	K	B	WPA	AUS	0	434	0
266	K	B	WPA	AUS	0	429	0
267	K	B	WPA	AUS	0	437	0
268	K	B	WPA	AUS	0	431	0
269	K	B	WPA	AUS	0	433	0
270	K	B	WPA	AUS	0	430	0
271	K	B	WPA	AUS	0	428	0
272	K	B	WPA	AUS	0	433	0
273	K	B	WPA	AUS	0	438	0
274	K	B	WPA	AUS	0	435	0
275	K	B	WPA	AUS	0	443	0
276	K	B	WPA	AUS	0	425	0
277	K	B	WPA	AUS	0	433	0
278	K	B	WPA	AUS	0	439	0
279	K	B	WPA	AUS	0	434	0
280	K	B	WPA	AUS	0	434	0
281	K	B	WPA	AUS	0	446	0
282	K	B	WPA	AUS	0	440	0
283	K	B	WPA	AUS	0	430	0
284	K	B	WPA	AUS	0	437	0
285	K	B	WPA	AUS	0	430	0
286	K	B	WPA	AUS	0	425	0
287	K	B	WPA	AUS	0	430	0
288	K	B	WPA	AUS	0	444	0
289	K	B	WPA	AUS	0	435	0
290	K	B	WPA	AUS	0	426	0
291	K	B	WPA	AUS	0	434	0
292	K	B	WPA	AUS	0	427	0
293	K	B	WPA	AUS	0	437	0
294	K	B	WPA	AUS	0	437	0
295	K	B	WPA	AUS	0	436	0
296	K	B	WPA	AUS	0	432	0
297	K	B	WPA	AUS	0	441	0
298	K	B	WPA	AUS	0	437	0
299	K	B	WPA	AUS	0	431	0
300	K	B	WPA	AUS	0	435	0
1	A	C	AF	CAM	0	433	0
2	A	C	AF	CAM	0	440	0
3	A	C	AF	CAM	0	440	0
4	A	C	AF	CAM	0	434	0
5	A	C	AF	CAM	0	436	0
6	A	C	AF	CAM	0	437	0
7	A	C	AF	CAM	0	432	0
8	A	C	AF	CAM	0	442	0
9	A	C	AF	CAM	0	431	0
10	A	C	AF	CAM	0	433	0
11	A	C	AF	CAM	0	437	0
12	A	C	AF	CAM	0	436	0
13	A	C	AF	CAM	0	444	0
14	A	C	AF	CAM	0	442	0
15	A	C	AF	CAM	0	427	0
16	A	C	AF	CAM	0	444	0
17	A	C	AF	CAM	0	438	0
18	A	C	AF	CAM	0	440	0
19	A	C	AF	CAM	0	429	0
20	A	C	AF	CAM	0	430	0
21	A	C	AF	CAM	0	429	0
22	A	C	AF	CAM	0	435	0
23	A	C	AF	CAM	0	430	0
24	A	C	AF	CAM	0	443	0
25	A	C	AF	CAM	0	434	0
26	A	C	AF	CAM	0	438	0
27	A	C	AF	CAM	0	436	0
28	A	C	AF	CAM	0	438	0
29	A	C	AF	CAM	0	436	0
30	A	C	AF	CAM	0	439	0
31	A	C	AF	CAM	0	438	0
32	A	C	AF	CAM	0	439	0
33	A	C	AF	CAM	0	436	0
34	A	C	AF	CAM	0	438	0
35	A	C	AF	CAM	0	438	0
36	A	C	AF	CAM	0	440	0
37	A	C	AF	CAM	0	442	0
38	A	C	AF	CAM	0	437	0
39	A	C	AF	CAM	0	434	0
40	A	C	AF	CAM	0	442	0
41	A	C	AF	CAM	0	444	0
42	A	C	AF	CAM	0	427	0
43	A	C	AF	CAM	0	434	0
44	A	C	AF	CAM	0	430	0
45	A	C	AF	CAM	0	431	0
46	A	C	AF	CAM	0	429	0
47	A	C	AF	CAM	0	444	0
48	A	C	AF	CAM	0	441	0
49	A	C	AF	CAM	0	431	0
50	A	C	AF	CAM	0	424	0
51	A	C	AF	CAM	0	428	0
52	A	C	AF	CAM	0	428	0
53	A	C	AF	CAM	0	444	0
54	A	C	AF	CAM	0	439	0
55	A	C	AF	CAM	0	435	0
56	A	C	AF	CAM	0	437	0
57	A	C	AF	CAM	0	433	0
58	A	C	AF	CAM	0	441	0
59	A	C	AF	CAM	0	424	0
60	A	C	AF	CAM	0	440	0
61	A	C	AF	CAM	0	436	0
62	A	C	AF	CAM	0	422	0
63	A	C	AF	CAM	0	433	0
64	A	C	AF	CAM	0	433	0
65	A	C	AF	CAM	0	432	0
66	A	C	AF	CAM	0	445	0
67	A	C	AF	CAM	0	430	0
68	A	C	AF	CAM	0	438	0
69	A	C	AF	CAM	0	438	0
70	A	C	AF	CAM	0	439	0
71	A	C	AF	CAM	0	432	0
72	A	C	AF	CAM	0	436	0
73	A	C	AF	CAM	0	435	0
74	A	C	AF	CAM	0	436	0
75	A	C	AF	CAM	0	452	0
76	A	C	AF	CAM	0	441	0
77	A	C	AF	CAM	0	441	0
78	A	C	AF	CAM	0	435	0
79	A	C	AF	CAM	0	425	0
80	A	C	AF	CAM	0	440	0
81	A	C	AF	CAM	0	436	0
82	A	C	AF	CAM	0	435	0
83	A	C	AF	CAM	0	426	0
84	A	C	AF	CAM	0	447	0
85	A	C	AF	CAM	0	434	0
86	A	C	AF	CAM	0	431	0
87	A	C	AF	CAM	0	432	0
88	A	C	AF	CAM	0	445	0
89	A	C	AF	CAM	0	432	0
90	A	C	AF	CAM	0	431	0
91	A	C	AF	CAM	0	436	0
92	A	C	AF	CAM	0	442	0
93	A	C	AF	CAM	0	426	0
94	A	C	AF	CAM	0	426	0
95	A	C	AF	CAM	0	431	0
96	A	C	AF	CAM	0	439	0
97	A	C	AF	CAM	0	436	0
98	A	C	AF	CAM	0	433	0
99	A	C	AF	CAM	0	434	0
100	A	C	AF	CAM	0	439	0
101	A	C	AF	CAM	0	435	0
102	A	C	AF	CAM	0	448	0
103	A	C	AF	CAM	0	438	0
104	A	C	AF	CAM	0	431	0
105	A	C	AF	CAM	0	435	0
106	A	C	AF	CAM	0	435	0
107	A	C	AF	CAM	0	443	0
108	A	C	AF	CAM	0	426	0
109	A	C	AF	CAM	0	444	0
110	A	C	AF	CAM	0	427	0
111	A	C	AF	CAM	0	447	0
112	A	C	AF	CAM	0	436	0
113	A	C	AF	CAM	0	432	0
114	A	C	AF	CAM	0	442	0
115	A	C	AF	CAM	0	435	0
116	A	C	AF	CAM	0	445	0
117	A	C	AF	CAM	0	441	0
118	A	C	AF	CAM	0	436	0
119	A	C	AF	CAM	0	439	0
120	A	C	AF	CAM	0	451	0
121	A	C	AF	CAM	0	443	0
122	A	C	AF	CAM	0	432	0
123	A	C	AF	CAM	0	442	0
124	A	C	AF	CAM	0	437	0
125	A	C	AF	CAM	0	433	0
126	A	C	AF	CAM	0	438	0
127	A	C	AF	CAM	0	436	0
128	A	C	AF	CAM	0	436	0
129	A	C	AF	CAM	0	435	0
130	A	C	AF	CAM	0	433	0
131	A	C	AF	CAM	0	446	0
132	A	C	AF	CAM	0	442	0
133	A	C	AF	CAM	0	441	0
134	A	C	AF	CAM	0	444	0
135	A	C	AF	CAM	0	433	0
136	A	C	AF	CAM	0	432	0
137	A	C	AF	CAM	0	433	0
138	A	C	AF	CAM	0	438	0
139	A	C	AF	CAM	0	433	0
140	A	C	AF	CAM	0	433	0
141	A	C	AF	CAM	0	427	0
142	A	C	AF	CAM	0	425	0
143	A	C	AF	CAM	0	430	0
144	A	C	AF	CAM	0	434	0
145	A	C	AF	CAM	0	446	0
146	A	C	AF	CAM	0	439	0
147	A	C	AF	CAM	0	433	0
148	A	C	AF	CAM	0	437	0
149	A	C	AF	CAM	0	425	0
150	A	C	AF	CAM	0	440	0
151	A	C	AF	CAM	0	445	0
152	A	C	AF	CAM	0	435	0
153	A	C	AF	CAM	0	438	0
154	A	C	AF	CAM	0	445	0
155	A	C	AF	CAM	0	432	0
156	A	C	AF	CAM	0	429	0
157	A	C	AF	CAM	0	432	0
158	A	C	AF	CAM	0	435	0
159	A	C	AF	CAM	0	441	0
160	A	C	AF	CAM	0	439	0
161	A	C	AF	CAM	0	438	0
162	A	C	AF	CAM	0	436	0
163	A	C	AF	CAM	0	434	0
164	A	C	AF	CAM	0	437	0
165	A	C	AF	CAM	0	428	0
166	A	C	AF	CAM	0	436	0
167	A	C	AF	CAM	0	433	0
168	A	C	AF	CAM	0	435	0
169	A	C	AF	CAM	0	434	0
170	A	C	AF	CAM	0	432	0
171	A	C	AF	CAM	0	434	0
172	A	C	AF	CAM	0	444	0
173	A	C	AF	CAM	0	440	0
174	A	C	AF	CAM	0	435	0
175	A	C	AF	CAM	0	429	0
176	A	C	AF	CAM	0	437	0
177	A	C	AF	CAM	0	434	0
178	A	C	AF	CAM	0	442	0
179	A	C	AF	CAM	0	447	0
180	A	C	AF	CAM	0	442	0
181	A	C	AF	CAM	0	435	0
182	A	C	AF	CAM	0	441	0
183	A	C	AF	CAM	0	437	0
184	A	C	AF	CAM	0	436	0
185	A	C	AF	CAM	0	434	0
186	A	C	AF	CAM	0	437	0
187	A	C	AF	CAM	0	433	0
188	A	C	AF	CAM	0	430	0
189	A	C	AF	CAM	0	443	0
190	A	C	AF	CAM	0	434	0
191	A	C	AF	CAM	0	429	0
192	A	C	AF	CAM	0	430	0
193	A	C	AF	CAM	0	431	0
194	A	C	AF	CAM	0	423	0
195	A	C	AF	CAM	0	433	0
196	A	C	AF	CAM	0	436	0
197	A	C	AF	CAM	0	444	0
198	A	C	AF	CAM	0	446	0
199	A	C	AF	CAM	0	434	0
200	A	C	AF	CAM	0	431	0
201	A	C	AF	CAM	0	435	0
202	A	C	AF	CAM	0	427	0
203	A	C	AF	CAM	0	433	0
204	A	C	AF	CAM	0	437	0
205	A	C	AF	CAM	0	431	0
206	A	C	AF	CAM	0	435	0
207	A	C	AF	CAM	0	442	0
208	A	C	AF	CAM	0	434	0
209	A	C	AF	CAM	0	438	0
210	A	C	AF	CAM	0	434	0
211	A	C	AF	CAM	0	440	0
212	A	C	AF	CAM	0	447	0
213	A	C	AF	CAM	0	436	0
214	A	C	AF	CAM	0	428	0
215	A	C	AF	CAM	0	448	0
216	A	C	AF	CAM	0	442	0
217	A	C	AF	CAM	0	433	0
218	A	C	AF	CAM	0	431	0
219	A	C	AF	CAM	0	434	0
220	A	C	AF	CAM	0	445	0
221	A	C	AF	CAM	0	422	0
222	A	C	AF	CAM	0	425	0
223	A	C	AF	CAM	0	431	0
224	A	C	AF	CAM	0	432	0
225	A	C	AF	CAM	0	431	0
226	A	C	AF	CAM	0	430	0
227	A	C	AF	CAM	0	441	0
228	A	C	AF	CAM	0	444	0
229	A	C	AF	CAM	0	446	0
230	A	C	AF	CAM	0	439	0
231	A	C	AF	CAM	0	435	0
232	A	C	AF	CAM	0	434	0
233	A	C	AF	CAM	0	437	0
234	A	C	AF	CAM	0	435	0
235	A	C	AF	CAM	0	434	0
236	A	C	AF	CAM	0	431	0
237	A	C	AF	CAM	0	447	0
238	A	C	AF	CAM	0	438	0
239	A	C	AF	CAM	0	427	0
240	A	C	AF	CAM	0	437	0
241	A	C	AF	CAM	0	431	0
242	A	C	AF	CAM	0	441	0
243	A	C	AF	CAM	0	440	0
244	A	C	AF	CAM	0	438	0
245	A	C	AF	CAM	0	435	0
246	A	C	AF	CAM	0	441	0
247	A	C	AF	CAM	0	433	0
248	A	C	AF	CAM	0	435	0
249	A	C	AF	CAM	0	445	0
250	A	C	AF	CAM	0	431	0
251	A	C	AF	CAM	0	444	0
252	A	C	AF	CAM	0	439	0
253	A	C	AF	CAM	0	431	0
254	A	C	AF	CAM	0	428	0
255	A	C	AF	CAM	0	436	0
256	A	C	AF	CAM	0	431	0
257	A	C	AF	CAM	0	436	0
258	A	C	AF	CAM	0	440	0
259	A	C	AF	CAM	0	436	0
260	A	C	AF	CAM	0	431	0
261	A	C	AF	CAM	0	445	0
262	A	C	AF	CAM	0	435	0
263	A	C	AF	CAM	0	430	0
264	A	C	AF	CAM	0	438	0
265	A	C	AF	CAM	0	434	0
266	A	C	AF	CAM	0	429	0
267	A	C	AF	CAM	0	437	0
268	A	C	AF	CAM	0	431	0
269	A	C	AF	CAM	0	433	0
270	A	C	AF	CAM	0	430	0
271	A	C	AF	CAM	0	428	0
272	A	C	AF	CAM	0	433	0
273	A	C	AF	CAM	0	438	0
274	A	C	AF	CAM	0	435	0
275	A	C	AF	CAM	0	443	0
276	A	C	AF	CAM	0	425	0
277	A	C	AF	CAM	0	433	0
278	A	C	AF	CAM	0	439	0
279	A	C	AF	CAM	0	434	0
280	A	C	AF	CAM	0	434	0
281	A	C	AF	CAM	0	446	0
282	A	C	AF	CAM	0	440	0
283	A	C	AF	CAM	0	430	0
284	A	C	AF	CAM	0	437	0
285	A	C	AF	CAM	0	430	0
286	A	C	AF	CAM	0	425	0
287	A	C	AF	CAM	0	430	0
288	A	C	AF	CAM	0	444	0
289	A	C	AF	CAM	0	435	0
290	A	C	AF	CAM	0	426	0
291	A	C	AF	CAM	0	434	0
292	A	C	AF	CAM	0	427	0
293	A	C	AF	CAM	0	437	0
294	A	C	AF	CAM	0	437	0
295	A	C	AF	CAM	0	436	0
296	A	C	AF	CAM	0	432	0
297	A	C	AF	CAM	0	441	0
298	A	C	AF	CAM	0	437	0
299	A	C	AF	CAM	0	431	0
300	A	C	AF	CAM	0	435	0
1	B	C	AUS	CAM	0	433	0
2	B	C	AUS	CAM	0	440	0
3	B	C	AUS	CAM	0	440	0
4	B	C	AUS	CAM	0	434	0
5	B	C	AUS	CAM	0	436	0
6	B	C	AUS	CAM	0	437	0
7	B	C	AUS	CAM	0	432	0
8	B	C	AUS	CAM	0	442	0
9	B	C	AUS	CAM	0	431	0
10	B	C	AUS	CAM	0	433	0
11	B	C	AUS	CAM	0	437	0
12	B	C	AUS	CAM	0	436	0
13	B	C	AUS	CAM	0	444	0
14	B	C	AUS	CAM	0	442	0
15	B	C	AUS	CAM	0	427	0
16	B	C	AUS	CAM	0	444	0
17	B	C	AUS	CAM	0	438	0
18	B	C	AUS	CAM	0	440	0
19	B	C	AUS	CAM	0	429	0
20	B	C	AUS	CAM	0	430	0
21	B	C	AUS	CAM	0	429	0
22	B	C	AUS	CAM	0	435	0
23	B	C	AUS	CAM	0	430	0
24	B	C	AUS	CAM	0	443	0
25	B	C	AUS	CAM	0	434	0
26	B	C	AUS	CAM	0	438	0
27	B	C	AUS	CAM	0	436	0
28	B	C	AUS	CAM	0	438	0
29	B	C	AUS	CAM	0	436	0
30	B	C	AUS	CAM	0	439	0
31	B	C	AUS	CAM	0	438	0
32	B	C	AUS	CAM	0	439	0
33	B	C	AUS	CAM	0	436	0
34	B	C	AUS	CAM	0	438	0
35	B	C	AUS	CAM	0	438	0
36	B	C	AUS	CAM	0	440	0
37	B	C	AUS	CAM	0	442	0
38	B	C	AUS	CAM	0	437	0
39	B	C	AUS	CAM	0	434	0
40	B	C	AUS	CAM	0	442	0
41	B	C	AUS	CAM	0	444	0
42	B	C	AUS	CAM	0	427	0
43	B	C	AUS	CAM	0	434	0
44	B	C	AUS	CAM	0	430	0
45	B	C	AUS	CAM	0	431	0
46	B	C	AUS	CAM	0	429	0
47	B	C	AUS	CAM	0	444	0
48	B	C	AUS	CAM	0	441	0
49	B	C	AUS	CAM	0	431	0
50	B	C	AUS	CAM	0	424	0
51	B	C	AUS	CAM	0	428	0
52	B	C	AUS	CAM	0	428	0
53	B	C	AUS	CAM	0	444	0
54	B	C	AUS	CAM	0	439	0
55	B	C	AUS	CAM	0	435	0
56	B	C	AUS	CAM	0	437	0
57	B	C	AUS	CAM	0	433	0
58	B	C	AUS	CAM	0	441	0
59	B	C	AUS	CAM	0	424	0
60	B	C	AUS	CAM	0	440	0
61	B	C	AUS	CAM	0	436	0
62	B	C	AUS	CAM	0	422	0
63	B	C	AUS	CAM	0	433	0
64	B	C	AUS	CAM	0	433	0
65	B	C	AUS	CAM	0	432	0
66	B	C	AUS	CAM	0	445	0
67	B	C	AUS	CAM	0	430	0
68	B	C	AUS	CAM	0	438	0
69	B	C	AUS	CAM	0	438	0
70	B	C	AUS	CAM	0	439	0
71	B	C	AUS	CAM	0	432	0
72	B	C	AUS	CAM	0	436	0
73	B	C	AUS	CAM	0	435	0
74	B	C	AUS	CAM	0	436	0
75	B	C	AUS	CAM	0	452	0
76	B	C	AUS	CAM	0	441	0
77	B	C	AUS	CAM	0	441	0
78	B	C	AUS	CAM	0	435	0
79	B	C	AUS	CAM	0	425	0
80	B	C	AUS	CAM	0	440	0
81	B	C	AUS	CAM	0	436	0
82	B	C	AUS	CAM	0	435	0
83	B	C	AUS	CAM	0	426	0
84	B	C	AUS	CAM	0	447	0
85	B	C	AUS	CAM	0	434	0
86	B	C	AUS	CAM	0	431	0
87	B	C	AUS	CAM	0	432	0
88	B	C	AUS	CAM	0	445	0
89	B	C	AUS	CAM	0	432	0
90	B	C	AUS	CAM	0	431	0
91	B	C	AUS	CAM	0	436	0
92	B	C	AUS	CAM	0	442	0
93	B	C	AUS	CAM	0	426	0
94	B	C	AUS	CAM	0	426	0
95	B	C	AUS	CAM	0	431	0
96	B	C	AUS	CAM	0	439	0
97	B	C	AUS	CAM	0	436	0
98	B	C	AUS	CAM	0	433	0
99	B	C	AUS	CAM	0	434	0
100	B	C	AUS	CAM	0	439	0
101	B	C	AUS	CAM	0	435	0
102	B	C	AUS	CAM	0	448	0
103	B	C	AUS	CAM	0	438	0
104	B	C	AUS	CAM	0	431	0
105	B	C	AUS	CAM	0	435	0
106	B	C	AUS	CAM	0	435	0
107	B	C	AUS	CAM	0	443	0
108	B	C	AUS	CAM	0	426	0
109	B	C	AUS	CAM	0	444	0
110	B	C	AUS	CAM	0	427	0
111	B	C	AUS	CAM	0	447	0
112	B	C	AUS	CAM	0	436	0
113	B	C	AUS	CAM	0	432	0
114	B	C	AUS	CAM	0	442	0
115	B	C	AUS	CAM	0	435	0
116	B	C	AUS	CAM	0	445	0
117	B	C	AUS	CAM	0	441	0
118	B	C	AUS	CAM	0	436	0
119	B	C	AUS	CAM	0	439	0
120	B	C	AUS	CAM	0	451	0
121	B	C	AUS	CAM	0	443	0
122	B	C	AUS	CAM	0	432	0
123	B	C	AUS	CAM	0	442	0
124	B	C	AUS	CAM	0	437	0
125	B	C	AUS	CAM	0	433	0
126	B	C	AUS	CAM	0	438	0
127	B	C	AUS	CAM	0	436	0
128	B	C	AUS	CAM	0	436	0
129	B	C	AUS	CAM	0	435	0
130	B	C	AUS	CAM	0	433	0
131	B	C	AUS	CAM	0	446	0
132	B	C	AUS	CAM	0	442	0
133	B	C	AUS	CAM	0	441	0
134	B	C	AUS	CAM	0	444	0
135	B	C	AUS	CAM	0	433	0
136	B	C	AUS	CAM	0	432	0
137	B	C	AUS	CAM	0	433	0
138	B	C	AUS	CAM	0	438	0
139	B	C	AUS	CAM	0	433	0
140	B	C	AUS	CAM	0	433	0
141	B	C	AUS	CAM	0	427	0
142	B	C	AUS	CAM	0	425	0
143	B	C	AUS	CAM	0	430	0
144	B	C	AUS	CAM	0	434	0
145	B	C	AUS	CAM	0	446	0
146	B	C	AUS	CAM	0	439	0
147	B	C	AUS	CAM	0	433	0
148	B	C	AUS	CAM	0	437	0
149	B	C	AUS	CAM	0	425	0
150	B	C	AUS	CAM	0	440	0
151	B	C	AUS	CAM	0	445	0
152	B	C	AUS	CAM	0	435	0
153	B	C	AUS	CAM	0	438	0
154	B	C	AUS	CAM	0	445	0
155	B	C	AUS	CAM	0	432	0
156	B	C	AUS	CAM	0	429	0
157	B	C	AUS	CAM	0	432	0
158	B	C	AUS	CAM	0	435	0
159	B	C	AUS	CAM	0	441	0
160	B	C	AUS	CAM	0	439	0
161	B	C	AUS	CAM	0	438	0
162	B	C	AUS	CAM	0	436	0
163	B	C	AUS	CAM	0	434	0
164	B	C	AUS	CAM	0	437	0
165	B	C	AUS	CAM	0	428	0
166	B	C	AUS	CAM	0	436	0
167	B	C	AUS	CAM	0	433	0
168	B	C	AUS	CAM	0	435	0
169	B	C	AUS	CAM	0	434	0
170	B	C	AUS	CAM	0	432	0
171	B	C	AUS	CAM	0	434	0
172	B	C	AUS	CAM	0	444	0
173	B	C	AUS	CAM	0	440	0
174	B	C	AUS	CAM	0	435	0
175	B	C	AUS	CAM	0	429	0
176	B	C	AUS	CAM	0	437	0
177	B	C	AUS	CAM	0	434	0
178	B	C	AUS	CAM	0	442	0
179	B	C	AUS	CAM	0	447	0
180	B	C	AUS	CAM	0	442	0
181	B	C	AUS	CAM	0	435	0
182	B	C	AUS	CAM	0	441	0
183	B	C	AUS	CAM	0	437	0
184	B	C	AUS	CAM	0	436	0
185	B	C	AUS	CAM	0	434	0
186	B	C	AUS	CAM	0	437	0
187	B	C	AUS	CAM	0	433	0
188	B	C	AUS	CAM	0	430	0
189	B	C	AUS	CAM	0	443	0
190	B	C	AUS	CAM	0	434	0
191	B	C	AUS	CAM	0	429	0
192	B	C	AUS	CAM	0	430	0
193	B	C	AUS	CAM	0	431	0
194	B	C	AUS	CAM	0	423	0
195	B	C	AUS	CAM	0	433	0
196	B	C	AUS	CAM	0	436	0
197	B	C	AUS	CAM	0	444	0
198	B	C	AUS	CAM	0	446	0
199	B	C	AUS	CAM	0	434	0
200	B	C	AUS	CAM	0	431	0
201	B	C	AUS	CAM	0	435	0
202	B	C	AUS	CAM	0	427	0
203	B	C	AUS	CAM	0	433	0
204	B	C	AUS	CAM	0	437	0
205	B	C	AUS	CAM	0	431	0
206	B	C	AUS	CAM	0	435	0
207	B	C	AUS	CAM	0	442	0
208	B	C	AUS	CAM	0	434	0
209	B	C	AUS	CAM	0	438	0
210	B	C	AUS	CAM	0	434	0
211	B	C	AUS	CAM	0	440	0
212	B	C	AUS	CAM	0	447	0
213	B	C	AUS	CAM	0	436	0
214	B	C	AUS	CAM	0	428	0
215	B	C	AUS	CAM	0	448	0
216	B	C	AUS	CAM	0	442	0
217	B	C	AUS	CAM	0	433	0
218	B	C	AUS	CAM	0	431	0
219	B	C	AUS	CAM	0	434	0
220	B	C	AUS	CAM	0	445	0
221	B	C	AUS	CAM	0	422	0
222	B	C	AUS	CAM	0	425	0
223	B	C	AUS	CAM	0	431	0
224	B	C	AUS	CAM	0	432	0
225	B	C	AUS	CAM	0	431	0
226	B	C	AUS	CAM	0	430	0
227	B	C	AUS	CAM	0	441	0
228	B	C	AUS	CAM	0	444	0
229	B	C	AUS	CAM	0	446	0
230	B	C	AUS	CAM	0	439	0
231	B	C	AUS	CAM	0	435	0
232	B	C	AUS	CAM	0	434	0
233	B	C	AUS	CAM	0	437	0
234	B	C	AUS	CAM	0	435	0
235	B	C	AUS	CAM	0	434	0
236	B	C	AUS	CAM	0	431	0
237	B	C	AUS	CAM	0	447	0
238	B	C	AUS	CAM	0	438	0
239	B	C	AUS	CAM	0	427	0
240	B	C	AUS	CAM	0	437	0
241	B	C	AUS	CAM	0	431	0
242	B	C	AUS	CAM	0	441	0
243	B	C	AUS	CAM	0	440	0
244	B	C	AUS	CAM	0	438	0
245	B	C	AUS	CAM	0	435	0
246	B	C	AUS	CAM	0	441	0
247	B	C	AUS	CAM	0	433	0
248	B	C	AUS	CAM	0	435	0
249	B	C	AUS	CAM	0	445	0
250	B	C	AUS	CAM	0	431	0
251	B	C	AUS	CAM	0	444	0
252	B	C	AUS	CAM	0	439	0
253	B	C	AUS	CAM	0	431	0
254	B	C	AUS	CAM	0	428	0
255	B	C	AUS	CAM	0	436	0
256	B	C	AUS	CAM	0	431	0
257	B	C	AUS	CAM	0	436	0
258	B	C	AUS	CAM	0	440	0
259	B	C	AUS	CAM	0	436	0
260	B	C	AUS	CAM	0	431	0
261	B	C	AUS	CAM	0	445	0
262	B	C	AUS	CAM	0	435	0
263	B	C	AUS	CAM	0	430	0
264	B	C	AUS	CAM	0	438	0
265	B	C	AUS	CAM	0	434	0
266	B	C	AUS	CAM	0	429	0
267	B	C	AUS	CAM	0	437	0
268	B	C	AUS	CAM	0	431	0
269	B	C	AUS	CAM	0	433	0
270	B	C	AUS	CAM	0	430	0
271	B	C	AUS	CAM	0	428	0
272	B	C	AUS	CAM	0	433	0
273	B	C	AUS	CAM	0	438	0
274	B	C	AUS	CAM	0	435	0
275	B	C	AUS	CAM	0	443	0
276	B	C	AUS	CAM	0	425	0
277	B	C	AUS	CAM	0	433	0
278	B	C	AUS	CAM	0	439	0
279	B	C	AUS	CAM	0	434	0
280	B	C	AUS	CAM	0	434	0
281	B	C	AUS	CAM	0	446	0
282	B	C	AUS	CAM	0	440	0
283	B	C	AUS	CAM	0	430	0
284	B	C	AUS	CAM	0	437	0
285	B	C	AUS	CAM	0	430	0
286	B	C	AUS	CAM	0	425	0
287	B	C	AUS	CAM	0	430	0
288	B	C	AUS	CAM	0	444	0
289	B	C	AUS	CAM	0	435	0
290	B	C	AUS	CAM	0	426	0
291	B	C	AUS	CAM	0	434	0
292	B	C	AUS	CAM	0	427	0
293	B	C	AUS	CAM	0	437	0
294	B	C	AUS	CAM	0	437	0
295	B	C	AUS	CAM	0	436	0
296	B	C	AUS	CAM	0	432	0
297	B	C	AUS	CAM	0	441	0
298	B	C	AUS	CAM	0	437	0
299	B	C	AUS	CAM	0	431	0
300	B	C	AUS	CAM	0	435	0
1	D	C	ENA	CAM	20	433	0.046189376443418015
2	D	C	ENA	CAM	14	440	0.031818181818181815
3	D	C	ENA	CAM	23	440	0.052272727272727269
4	D	C	ENA	CAM	16	434	0.036866359447004608
5	D	C	ENA	CAM	13	436	0.029816513761467892
6	D	C	ENA	CAM	15	437	0.034324942791762014
7	D	C	ENA	CAM	16	432	0.037037037037037035
8	D	C	ENA	CAM	11	442	0.024886877828054297
9	D	C	ENA	CAM	24	431	0.055684454756380508
10	D	C	ENA	CAM	22	433	0.050808314087759814
11	D	C	ENA	CAM	16	437	0.036613272311212815
12	D	C	ENA	CAM	17	436	0.038990825688073397
13	D	C	ENA	CAM	14	444	0.031531531531531529
14	D	C	ENA	CAM	16	442	0.036199095022624438
15	D	C	ENA	CAM	18	427	0.042154566744730677
16	D	C	ENA	CAM	13	444	0.029279279279279279
17	D	C	ENA	CAM	18	438	0.041095890410958902
18	D	C	ENA	CAM	18	440	0.040909090909090909
19	D	C	ENA	CAM	20	429	0.046620046620046623
20	D	C	ENA	CAM	17	430	0.039534883720930232
21	D	C	ENA	CAM	19	429	0.044289044289044288
22	D	C	ENA	CAM	15	435	0.034482758620689655
23	D	C	ENA	CAM	16	430	0.037209302325581395
24	D	C	ENA	CAM	20	443	0.045146726862302484
25	D	C	ENA	CAM	18	434	0.041474654377880185
26	D	C	ENA	CAM	19	438	0.043378995433789952
27	D	C	ENA	CAM	22	436	0.050458715596330278
28	D	C	ENA	CAM	15	438	0.034246575342465752
29	D	C	ENA	CAM	19	436	0.043577981651376149
30	D	C	ENA	CAM	20	439	0.045558086560364468
31	D	C	ENA	CAM	13	438	0.029680365296803651
32	D	C	ENA	CAM	16	439	0.03644646924829157
33	D	C	ENA	CAM	28	436	0.064220183486238536
34	D	C	ENA	CAM	17	438	0.038812785388127852
35	D	C	ENA	CAM	22	438	0.050228310502283102
36	D	C	ENA	CAM	21	440	0.047727272727272729
37	D	C	ENA	CAM	14	442	0.031674208144796379
38	D	C	ENA	CAM	15	437	0.034324942791762014
39	D	C	ENA	CAM	17	434	0.039170506912442393
40	D	C	ENA	CAM	18	442	0.04072398190045249
41	D	C	ENA	CAM	25	444	0.056306306306306307
42	D	C	ENA	CAM	14	427	0.032786885245901641
43	D	C	ENA	CAM	21	434	0.048387096774193547
44	D	C	ENA	CAM	16	430	0.037209302325581395
45	D	C	ENA	CAM	13	431	0.030162412993039442
46	D	C	ENA	CAM	19	429	0.044289044289044288
47	D	C	ENA	CAM	16	444	0.036036036036036036
48	D	C	ENA	CAM	20	441	0.045351473922902494
49	D	C	ENA	CAM	21	431	0.048723897911832945
50	D	C	ENA	CAM	20	424	0.04716981132075472
51	D	C	ENA	CAM	12	428	0.028037383177570093
52	D	C	ENA	CAM	15	428	0.035046728971962614
53	D	C	ENA	CAM	11	444	0.024774774774774775
54	D	C	ENA	CAM	15	439	0.034168564920273349
55	D	C	ENA	CAM	15	435	0.034482758620689655
56	D	C	ENA	CAM	16	437	0.036613272311212815
57	D	C	ENA	CAM	12	433	0.02771362586605081
58	D	C	ENA	CAM	24	441	0.054421768707482991
59	D	C	ENA	CAM	18	424	0.042452830188679243
60	D	C	ENA	CAM	21	440	0.047727272727272729
61	D	C	ENA	CAM	11	436	0.025229357798165139
62	D	C	ENA	CAM	16	422	0.037914691943127965
63	D	C	ENA	CAM	26	433	0.060046189376443418
64	D	C	ENA	CAM	17	433	0.039260969976905313
65	D	C	ENA	CAM	23	432	0.053240740740740741
66	D	C	ENA	CAM	16	445	0.035955056179775284
67	D	C	ENA	CAM	28	430	0.065116279069767441
68	D	C	ENA	CAM	15	438	0.034246575342465752
69	D	C	ENA	CAM	16	438	0.036529680365296802
70	D	C	ENA	CAM	20	439	0.045558086560364468
71	D	C	ENA	CAM	22	432	0.050925925925925923
72	D	C	ENA	CAM	14	436	0.032110091743119268
73	D	C	ENA	CAM	22	435	0.05057471264367816
74	D	C	ENA	CAM	13	436	0.029816513761467892
75	D	C	ENA	CAM	13	452	0.028761061946902654
76	D	C	ENA	CAM	13	441	0.029478458049886622
77	D	C	ENA	CAM	20	441	0.045351473922902494
78	D	C	ENA	CAM	15	435	0.034482758620689655
79	D	C	ENA	CAM	17	425	0.040000000000000001
80	D	C	ENA	CAM	18	440	0.040909090909090909
81	D	C	ENA	CAM	25	436	0.057339449541284407
82	D	C	ENA	CAM	11	435	0.02528735632183908
83	D	C	ENA	CAM	18	426	0.042253521126760563
84	D	C	ENA	CAM	24	447	0.053691275167785234
85	D	C	ENA	CAM	18	434	0.041474654377880185
86	D	C	ENA	CAM	26	431	0.060324825986078884
87	D	C	ENA	CAM	19	432	0.043981481481481483
88	D	C	ENA	CAM	18	445	0.040449438202247189
89	D	C	ENA	CAM	20	432	0.046296296296296294
90	D	C	ENA	CAM	21	431	0.048723897911832945
91	D	C	ENA	CAM	13	436	0.029816513761467892
92	D	C	ENA	CAM	22	442	0.049773755656108594
93	D	C	ENA	CAM	16	426	0.037558685446009391
94	D	C	ENA	CAM	10	426	0.023474178403755867
95	D	C	ENA	CAM	17	431	0.039443155452436193
96	D	C	ENA	CAM	15	439	0.034168564920273349
97	D	C	ENA	CAM	12	436	0.027522935779816515
98	D	C	ENA	CAM	16	433	0.03695150115473441
99	D	C	ENA	CAM	21	434	0.048387096774193547
100	D	C	ENA	CAM	12	439	0.027334851936218679
101	D	C	ENA	CAM	22	435	0.05057471264367816
102	D	C	ENA	CAM	15	448	0.033482142857142856
103	D	C	ENA	CAM	25	438	0.057077625570776253
104	D	C	ENA	CAM	14	431	0.03248259860788863
105	D	C	ENA	CAM	21	435	0.048275862068965517
106	D	C	ENA	CAM	25	435	0.057471264367816091
107	D	C	ENA	CAM	18	443	0.040632054176072234
108	D	C	ENA	CAM	24	426	0.056338028169014086
109	D	C	ENA	CAM	11	444	0.024774774774774775
110	D	C	ENA	CAM	16	427	0.037470725995316159
111	D	C	ENA	CAM	19	447	0.042505592841163314
112	D	C	ENA	CAM	12	436	0.027522935779816515
113	D	C	ENA	CAM	10	432	0.023148148148148147
114	D	C	ENA	CAM	17	442	0.038461538461538464
115	D	C	ENA	CAM	20	435	0.045977011494252873
116	D	C	ENA	CAM	17	445	0.038202247191011236
117	D	C	ENA	CAM	17	441	0.038548752834467119
118	D	C	ENA	CAM	15	436	0.034403669724770644
119	D	C	ENA	CAM	19	439	0.04328018223234624
120	D	C	ENA	CAM	23	451	0.050997782705099776
121	D	C	ENA	CAM	12	443	0.027088036117381489
122	D	C	ENA	CAM	13	432	0.030092592592592591
123	D	C	ENA	CAM	17	442	0.038461538461538464
124	D	C	ENA	CAM	14	437	0.032036613272311214
125	D	C	ENA	CAM	18	433	0.041570438799076209
126	D	C	ENA	CAM	17	438	0.038812785388127852
127	D	C	ENA	CAM	16	436	0.03669724770642202
128	D	C	ENA	CAM	16	436	0.03669724770642202
129	D	C	ENA	CAM	20	435	0.045977011494252873
130	D	C	ENA	CAM	22	433	0.050808314087759814
131	D	C	ENA	CAM	17	446	0.03811659192825112
132	D	C	ENA	CAM	7	442	0.015837104072398189
133	D	C	ENA	CAM	17	441	0.038548752834467119
134	D	C	ENA	CAM	16	444	0.036036036036036036
135	D	C	ENA	CAM	11	433	0.025404157043879907
136	D	C	ENA	CAM	12	432	0.027777777777777776
137	D	C	ENA	CAM	19	433	0.043879907621247112
138	D	C	ENA	CAM	13	438	0.029680365296803651
139	D	C	ENA	CAM	18	433	0.041570438799076209
140	D	C	ENA	CAM	25	433	0.057736720554272515
141	D	C	ENA	CAM	19	427	0.04449648711943794
142	D	C	ENA	CAM	21	425	0.049411764705882349
143	D	C	ENA	CAM	28	430	0.065116279069767441
144	D	C	ENA	CAM	16	434	0.036866359447004608
145	D	C	ENA	CAM	14	446	0.031390134529147982
146	D	C	ENA	CAM	17	439	0.038724373576309798
147	D	C	ENA	CAM	11	433	0.025404157043879907
148	D	C	ENA	CAM	11	437	0.025171624713958809
149	D	C	ENA	CAM	19	425	0.044705882352941179
150	D	C	ENA	CAM	13	440	0.029545454545454545
151	D	C	ENA	CAM	19	445	0.042696629213483148
152	D	C	ENA	CAM	20	435	0.045977011494252873
153	D	C	ENA	CAM	13	438	0.029680365296803651
154	D	C	ENA	CAM	12	445	0.026966292134831461
155	D	C	ENA	CAM	16	432	0.037037037037037035
156	D	C	ENA	CAM	18	429	0.04195804195804196
157	D	C	ENA	CAM	14	432	0.032407407407407406
158	D	C	ENA	CAM	21	435	0.048275862068965517
159	D	C	ENA	CAM	19	441	0.043083900226757371
160	D	C	ENA	CAM	16	439	0.03644646924829157
161	D	C	ENA	CAM	17	438	0.038812785388127852
162	D	C	ENA	CAM	23	436	0.052752293577981654
163	D	C	ENA	CAM	21	434	0.048387096774193547
164	D	C	ENA	CAM	23	437	0.052631578947368418
165	D	C	ENA	CAM	21	428	0.049065420560747662
166	D	C	ENA	CAM	12	436	0.027522935779816515
167	D	C	ENA	CAM	14	433	0.032332563510392612
168	D	C	ENA	CAM	24	435	0.055172413793103448
169	D	C	ENA	CAM	34	434	0.078341013824884786
170	D	C	ENA	CAM	23	432	0.053240740740740741
171	D	C	ENA	CAM	15	434	0.034562211981566823
172	D	C	ENA	CAM	18	444	0.040540540540540543
173	D	C	ENA	CAM	25	440	0.056818181818181816
174	D	C	ENA	CAM	19	435	0.043678160919540229
175	D	C	ENA	CAM	13	429	0.030303030303030304
176	D	C	ENA	CAM	23	437	0.052631578947368418
177	D	C	ENA	CAM	12	434	0.027649769585253458
178	D	C	ENA	CAM	16	442	0.036199095022624438
179	D	C	ENA	CAM	12	447	0.026845637583892617
180	D	C	ENA	CAM	17	442	0.038461538461538464
181	D	C	ENA	CAM	18	435	0.041379310344827586
182	D	C	ENA	CAM	17	441	0.038548752834467119
183	D	C	ENA	CAM	12	437	0.027459954233409609
184	D	C	ENA	CAM	19	436	0.043577981651376149
185	D	C	ENA	CAM	19	434	0.04377880184331797
186	D	C	ENA	CAM	15	437	0.034324942791762014
187	D	C	ENA	CAM	22	433	0.050808314087759814
188	D	C	ENA	CAM	19	430	0.044186046511627906
189	D	C	ENA	CAM	11	443	0.024830699774266364
190	D	C	ENA	CAM	14	434	0.032258064516129031
191	D	C	ENA	CAM	15	429	0.034965034965034968
192	D	C	ENA	CAM	11	430	0.025581395348837209
193	D	C	ENA	CAM	26	431	0.060324825986078884
194	D	C	ENA	CAM	15	423	0.035460992907801421
195	D	C	ENA	CAM	19	433	0.043879907621247112
196	D	C	ENA	CAM	12	436	0.027522935779816515
197	D	C	ENA	CAM	14	444	0.031531531531531529
198	D	C	ENA	CAM	21	446	0.04708520179372197
199	D	C	ENA	CAM	15	434	0.034562211981566823
200	D	C	ENA	CAM	13	431	0.030162412993039442
201	D	C	ENA	CAM	18	435	0.041379310344827586
202	D	C	ENA	CAM	16	427	0.037470725995316159
203	D	C	ENA	CAM	19	433	0.043879907621247112
204	D	C	ENA	CAM	14	437	0.032036613272311214
205	D	C	ENA	CAM	22	431	0.051044083526682132
206	D	C	ENA	CAM	9	435	0.020689655172413793
207	D	C	ENA	CAM	16	442	0.036199095022624438
208	D	C	ENA	CAM	17	434	0.039170506912442393
209	D	C	ENA	CAM	13	438	0.029680365296803651
210	D	C	ENA	CAM	20	434	0.046082949308755762
211	D	C	ENA	CAM	10	440	0.022727272727272728
212	D	C	ENA	CAM	17	447	0.03803131991051454
213	D	C	ENA	CAM	15	436	0.034403669724770644
214	D	C	ENA	CAM	22	428	0.051401869158878503
215	D	C	ENA	CAM	14	448	0.03125
216	D	C	ENA	CAM	23	442	0.052036199095022627
217	D	C	ENA	CAM	26	433	0.060046189376443418
218	D	C	ENA	CAM	19	431	0.044083526682134569
219	D	C	ENA	CAM	16	434	0.036866359447004608
220	D	C	ENA	CAM	19	445	0.042696629213483148
221	D	C	ENA	CAM	22	422	0.052132701421800945
222	D	C	ENA	CAM	24	425	0.05647058823529412
223	D	C	ENA	CAM	18	431	0.041763341067285381
224	D	C	ENA	CAM	12	432	0.027777777777777776
225	D	C	ENA	CAM	21	431	0.048723897911832945
226	D	C	ENA	CAM	23	430	0.053488372093023255
227	D	C	ENA	CAM	12	441	0.027210884353741496
228	D	C	ENA	CAM	19	444	0.042792792792792793
229	D	C	ENA	CAM	20	446	0.044843049327354258
230	D	C	ENA	CAM	19	439	0.04328018223234624
231	D	C	ENA	CAM	16	435	0.036781609195402298
232	D	C	ENA	CAM	18	434	0.041474654377880185
233	D	C	ENA	CAM	16	437	0.036613272311212815
234	D	C	ENA	CAM	10	435	0.022988505747126436
235	D	C	ENA	CAM	15	434	0.034562211981566823
236	D	C	ENA	CAM	25	431	0.058004640371229696
237	D	C	ENA	CAM	14	447	0.031319910514541388
238	D	C	ENA	CAM	19	438	0.043378995433789952
239	D	C	ENA	CAM	12	427	0.028103044496487119
240	D	C	ENA	CAM	18	437	0.041189931350114416
241	D	C	ENA	CAM	11	431	0.025522041763341066
242	D	C	ENA	CAM	14	441	0.031746031746031744
243	D	C	ENA	CAM	17	440	0.038636363636363635
244	D	C	ENA	CAM	14	438	0.031963470319634701
245	D	C	ENA	CAM	19	435	0.043678160919540229
246	D	C	ENA	CAM	19	441	0.043083900226757371
247	D	C	ENA	CAM	18	433	0.041570438799076209
248	D	C	ENA	CAM	20	435	0.045977011494252873
249	D	C	ENA	CAM	14	445	0.031460674157303373
250	D	C	ENA	CAM	17	431	0.039443155452436193
251	D	C	ENA	CAM	16	444	0.036036036036036036
252	D	C	ENA	CAM	26	439	0.059225512528473807
253	D	C	ENA	CAM	11	431	0.025522041763341066
254	D	C	ENA	CAM	18	428	0.042056074766355138
255	D	C	ENA	CAM	13	436	0.029816513761467892
256	D	C	ENA	CAM	17	431	0.039443155452436193
257	D	C	ENA	CAM	18	436	0.041284403669724773
258	D	C	ENA	CAM	20	440	0.045454545454545456
259	D	C	ENA	CAM	12	436	0.027522935779816515
260	D	C	ENA	CAM	18	431	0.041763341067285381
261	D	C	ENA	CAM	20	445	0.0449438202247191
262	D	C	ENA	CAM	16	435	0.036781609195402298
263	D	C	ENA	CAM	27	430	0.062790697674418611
264	D	C	ENA	CAM	23	438	0.052511415525114152
265	D	C	ENA	CAM	9	434	0.020737327188940093
266	D	C	ENA	CAM	11	429	0.02564102564102564
267	D	C	ENA	CAM	15	437	0.034324942791762014
268	D	C	ENA	CAM	13	431	0.030162412993039442
269	D	C	ENA	CAM	22	433	0.050808314087759814
270	D	C	ENA	CAM	25	430	0.058139534883720929
271	D	C	ENA	CAM	20	428	0.046728971962616821
272	D	C	ENA	CAM	21	433	0.048498845265588918
273	D	C	ENA	CAM	16	438	0.036529680365296802
274	D	C	ENA	CAM	15	435	0.034482758620689655
275	D	C	ENA	CAM	16	443	0.036117381489841983
276	D	C	ENA	CAM	16	425	0.037647058823529408
277	D	C	ENA	CAM	15	433	0.034642032332563508
278	D	C	ENA	CAM	17	439	0.038724373576309798
279	D	C	ENA	CAM	12	434	0.027649769585253458
280	D	C	ENA	CAM	19	434	0.04377880184331797
281	D	C	ENA	CAM	21	446	0.04708520179372197
282	D	C	ENA	CAM	12	440	0.027272727272727271
283	D	C	ENA	CAM	17	430	0.039534883720930232
284	D	C	ENA	CAM	15	437	0.034324942791762014
285	D	C	ENA	CAM	18	430	0.041860465116279069
286	D	C	ENA	CAM	13	425	0.030588235294117649
287	D	C	ENA	CAM	14	430	0.03255813953488372
288	D	C	ENA	CAM	12	444	0.027027027027027029
289	D	C	ENA	CAM	14	435	0.032183908045977011
290	D	C	ENA	CAM	26	426	0.061032863849765258
291	D	C	ENA	CAM	18	434	0.041474654377880185
292	D	C	ENA	CAM	21	427	0.049180327868852458
293	D	C	ENA	CAM	6	437	0.013729977116704805
294	D	C	ENA	CAM	15	437	0.034324942791762014
295	D	C	ENA	CAM	19	436	0.043577981651376149
296	D	C	ENA	CAM	22	432	0.050925925925925923
297	D	C	ENA	CAM	16	441	0.036281179138321996
298	D	C	ENA	CAM	17	437	0.038901601830663615
299	D	C	ENA	CAM	17	431	0.039443155452436193
300	D	C	ENA	CAM	29	435	0.066666666666666666
1	E	C	EPA	CAM	1	433	0.0023094688221709007
2	E	C	EPA	CAM	3	440	0.0068181818181818179
3	E	C	EPA	CAM	1	440	0.0022727272727272726
4	E	C	EPA	CAM	2	434	0.004608294930875576
5	E	C	EPA	CAM	1	436	0.0022935779816513763
6	E	C	EPA	CAM	2	437	0.0045766590389016018
7	E	C	EPA	CAM	1	432	0.0023148148148148147
8	E	C	EPA	CAM	2	442	0.0045248868778280547
9	E	C	EPA	CAM	3	431	0.0069605568445475635
10	E	C	EPA	CAM	2	433	0.0046189376443418013
11	E	C	EPA	CAM	1	437	0.0022883295194508009
12	E	C	EPA	CAM	1	436	0.0022935779816513763
13	E	C	EPA	CAM	2	444	0.0045045045045045045
14	E	C	EPA	CAM	1	442	0.0022624434389140274
15	E	C	EPA	CAM	2	427	0.0046838407494145199
16	E	C	EPA	CAM	0	444	0
17	E	C	EPA	CAM	2	438	0.0045662100456621002
18	E	C	EPA	CAM	2	440	0.0045454545454545452
19	E	C	EPA	CAM	1	429	0.002331002331002331
20	E	C	EPA	CAM	1	430	0.0023255813953488372
21	E	C	EPA	CAM	2	429	0.004662004662004662
22	E	C	EPA	CAM	1	435	0.0022988505747126436
23	E	C	EPA	CAM	3	430	0.0069767441860465115
24	E	C	EPA	CAM	3	443	0.0067720090293453723
25	E	C	EPA	CAM	1	434	0.002304147465437788
26	E	C	EPA	CAM	0	438	0
27	E	C	EPA	CAM	0	436	0
28	E	C	EPA	CAM	0	438	0
29	E	C	EPA	CAM	2	436	0.0045871559633027525
30	E	C	EPA	CAM	2	439	0.0045558086560364463
31	E	C	EPA	CAM	3	438	0.0068493150684931503
32	E	C	EPA	CAM	2	439	0.0045558086560364463
33	E	C	EPA	CAM	1	436	0.0022935779816513763
34	E	C	EPA	CAM	2	438	0.0045662100456621002
35	E	C	EPA	CAM	0	438	0
36	E	C	EPA	CAM	2	440	0.0045454545454545452
37	E	C	EPA	CAM	0	442	0
38	E	C	EPA	CAM	0	437	0
39	E	C	EPA	CAM	0	434	0
40	E	C	EPA	CAM	2	442	0.0045248868778280547
41	E	C	EPA	CAM	2	444	0.0045045045045045045
42	E	C	EPA	CAM	2	427	0.0046838407494145199
43	E	C	EPA	CAM	0	434	0
44	E	C	EPA	CAM	3	430	0.0069767441860465115
45	E	C	EPA	CAM	3	431	0.0069605568445475635
46	E	C	EPA	CAM	1	429	0.002331002331002331
47	E	C	EPA	CAM	2	444	0.0045045045045045045
48	E	C	EPA	CAM	0	441	0
49	E	C	EPA	CAM	1	431	0.0023201856148491878
50	E	C	EPA	CAM	2	424	0.0047169811320754715
51	E	C	EPA	CAM	0	428	0
52	E	C	EPA	CAM	1	428	0.0023364485981308409
53	E	C	EPA	CAM	1	444	0.0022522522522522522
54	E	C	EPA	CAM	1	439	0.0022779043280182231
55	E	C	EPA	CAM	1	435	0.0022988505747126436
56	E	C	EPA	CAM	2	437	0.0045766590389016018
57	E	C	EPA	CAM	0	433	0
58	E	C	EPA	CAM	2	441	0.0045351473922902496
59	E	C	EPA	CAM	2	424	0.0047169811320754715
60	E	C	EPA	CAM	2	440	0.0045454545454545452
61	E	C	EPA	CAM	2	436	0.0045871559633027525
62	E	C	EPA	CAM	1	422	0.0023696682464454978
63	E	C	EPA	CAM	3	433	0.0069284064665127024
64	E	C	EPA	CAM	1	433	0.0023094688221709007
65	E	C	EPA	CAM	2	432	0.0046296296296296294
66	E	C	EPA	CAM	1	445	0.0022471910112359553
67	E	C	EPA	CAM	1	430	0.0023255813953488372
68	E	C	EPA	CAM	2	438	0.0045662100456621002
69	E	C	EPA	CAM	1	438	0.0022831050228310501
70	E	C	EPA	CAM	0	439	0
71	E	C	EPA	CAM	0	432	0
72	E	C	EPA	CAM	1	436	0.0022935779816513763
73	E	C	EPA	CAM	2	435	0.0045977011494252873
74	E	C	EPA	CAM	1	436	0.0022935779816513763
75	E	C	EPA	CAM	0	452	0
76	E	C	EPA	CAM	3	441	0.0068027210884353739
77	E	C	EPA	CAM	0	441	0
78	E	C	EPA	CAM	1	435	0.0022988505747126436
79	E	C	EPA	CAM	3	425	0.007058823529411765
80	E	C	EPA	CAM	2	440	0.0045454545454545452
81	E	C	EPA	CAM	1	436	0.0022935779816513763
82	E	C	EPA	CAM	3	435	0.0068965517241379309
83	E	C	EPA	CAM	2	426	0.0046948356807511738
84	E	C	EPA	CAM	0	447	0
85	E	C	EPA	CAM	2	434	0.004608294930875576
86	E	C	EPA	CAM	2	431	0.0046403712296983757
87	E	C	EPA	CAM	2	432	0.0046296296296296294
88	E	C	EPA	CAM	2	445	0.0044943820224719105
89	E	C	EPA	CAM	1	432	0.0023148148148148147
90	E	C	EPA	CAM	0	431	0
91	E	C	EPA	CAM	0	436	0
92	E	C	EPA	CAM	2	442	0.0045248868778280547
93	E	C	EPA	CAM	1	426	0.0023474178403755869
94	E	C	EPA	CAM	2	426	0.0046948356807511738
95	E	C	EPA	CAM	2	431	0.0046403712296983757
96	E	C	EPA	CAM	2	439	0.0045558086560364463
97	E	C	EPA	CAM	3	436	0.0068807339449541288
98	E	C	EPA	CAM	1	433	0.0023094688221709007
99	E	C	EPA	CAM	1	434	0.002304147465437788
100	E	C	EPA	CAM	3	439	0.0068337129840546698
101	E	C	EPA	CAM	3	435	0.0068965517241379309
102	E	C	EPA	CAM	2	448	0.004464285714285714
103	E	C	EPA	CAM	1	438	0.0022831050228310501
104	E	C	EPA	CAM	2	431	0.0046403712296983757
105	E	C	EPA	CAM	1	435	0.0022988505747126436
106	E	C	EPA	CAM	1	435	0.0022988505747126436
107	E	C	EPA	CAM	2	443	0.0045146726862302479
108	E	C	EPA	CAM	0	426	0
109	E	C	EPA	CAM	0	444	0
110	E	C	EPA	CAM	1	427	0.00234192037470726
111	E	C	EPA	CAM	2	447	0.0044742729306487695
112	E	C	EPA	CAM	0	436	0
113	E	C	EPA	CAM	2	432	0.0046296296296296294
114	E	C	EPA	CAM	2	442	0.0045248868778280547
115	E	C	EPA	CAM	2	435	0.0045977011494252873
116	E	C	EPA	CAM	2	445	0.0044943820224719105
117	E	C	EPA	CAM	1	441	0.0022675736961451248
118	E	C	EPA	CAM	0	436	0
119	E	C	EPA	CAM	1	439	0.0022779043280182231
120	E	C	EPA	CAM	0	451	0
121	E	C	EPA	CAM	1	443	0.002257336343115124
122	E	C	EPA	CAM	2	432	0.0046296296296296294
123	E	C	EPA	CAM	1	442	0.0022624434389140274
124	E	C	EPA	CAM	3	437	0.0068649885583524023
125	E	C	EPA	CAM	1	433	0.0023094688221709007
126	E	C	EPA	CAM	3	438	0.0068493150684931503
127	E	C	EPA	CAM	3	436	0.0068807339449541288
128	E	C	EPA	CAM	1	436	0.0022935779816513763
129	E	C	EPA	CAM	2	435	0.0045977011494252873
130	E	C	EPA	CAM	1	433	0.0023094688221709007
131	E	C	EPA	CAM	1	446	0.002242152466367713
132	E	C	EPA	CAM	0	442	0
133	E	C	EPA	CAM	1	441	0.0022675736961451248
134	E	C	EPA	CAM	0	444	0
135	E	C	EPA	CAM	1	433	0.0023094688221709007
136	E	C	EPA	CAM	2	432	0.0046296296296296294
137	E	C	EPA	CAM	2	433	0.0046189376443418013
138	E	C	EPA	CAM	1	438	0.0022831050228310501
139	E	C	EPA	CAM	2	433	0.0046189376443418013
140	E	C	EPA	CAM	0	433	0
141	E	C	EPA	CAM	0	427	0
142	E	C	EPA	CAM	0	425	0
143	E	C	EPA	CAM	1	430	0.0023255813953488372
144	E	C	EPA	CAM	0	434	0
145	E	C	EPA	CAM	1	446	0.002242152466367713
146	E	C	EPA	CAM	1	439	0.0022779043280182231
147	E	C	EPA	CAM	0	433	0
148	E	C	EPA	CAM	0	437	0
149	E	C	EPA	CAM	1	425	0.002352941176470588
150	E	C	EPA	CAM	1	440	0.0022727272727272726
151	E	C	EPA	CAM	4	445	0.008988764044943821
152	E	C	EPA	CAM	3	435	0.0068965517241379309
153	E	C	EPA	CAM	1	438	0.0022831050228310501
154	E	C	EPA	CAM	1	445	0.0022471910112359553
155	E	C	EPA	CAM	1	432	0.0023148148148148147
156	E	C	EPA	CAM	2	429	0.004662004662004662
157	E	C	EPA	CAM	2	432	0.0046296296296296294
158	E	C	EPA	CAM	1	435	0.0022988505747126436
159	E	C	EPA	CAM	1	441	0.0022675736961451248
160	E	C	EPA	CAM	1	439	0.0022779043280182231
161	E	C	EPA	CAM	0	438	0
162	E	C	EPA	CAM	2	436	0.0045871559633027525
163	E	C	EPA	CAM	0	434	0
164	E	C	EPA	CAM	1	437	0.0022883295194508009
165	E	C	EPA	CAM	1	428	0.0023364485981308409
166	E	C	EPA	CAM	1	436	0.0022935779816513763
167	E	C	EPA	CAM	1	433	0.0023094688221709007
168	E	C	EPA	CAM	1	435	0.0022988505747126436
169	E	C	EPA	CAM	2	434	0.004608294930875576
170	E	C	EPA	CAM	1	432	0.0023148148148148147
171	E	C	EPA	CAM	2	434	0.004608294930875576
172	E	C	EPA	CAM	1	444	0.0022522522522522522
173	E	C	EPA	CAM	1	440	0.0022727272727272726
174	E	C	EPA	CAM	0	435	0
175	E	C	EPA	CAM	1	429	0.002331002331002331
176	E	C	EPA	CAM	2	437	0.0045766590389016018
177	E	C	EPA	CAM	1	434	0.002304147465437788
178	E	C	EPA	CAM	1	442	0.0022624434389140274
179	E	C	EPA	CAM	3	447	0.0067114093959731542
180	E	C	EPA	CAM	2	442	0.0045248868778280547
181	E	C	EPA	CAM	2	435	0.0045977011494252873
182	E	C	EPA	CAM	2	441	0.0045351473922902496
183	E	C	EPA	CAM	0	437	0
184	E	C	EPA	CAM	1	436	0.0022935779816513763
185	E	C	EPA	CAM	0	434	0
186	E	C	EPA	CAM	2	437	0.0045766590389016018
187	E	C	EPA	CAM	3	433	0.0069284064665127024
188	E	C	EPA	CAM	0	430	0
189	E	C	EPA	CAM	2	443	0.0045146726862302479
190	E	C	EPA	CAM	0	434	0
191	E	C	EPA	CAM	2	429	0.004662004662004662
192	E	C	EPA	CAM	3	430	0.0069767441860465115
193	E	C	EPA	CAM	1	431	0.0023201856148491878
194	E	C	EPA	CAM	2	423	0.0047281323877068557
195	E	C	EPA	CAM	1	433	0.0023094688221709007
196	E	C	EPA	CAM	2	436	0.0045871559633027525
197	E	C	EPA	CAM	2	444	0.0045045045045045045
198	E	C	EPA	CAM	2	446	0.0044843049327354259
199	E	C	EPA	CAM	1	434	0.002304147465437788
200	E	C	EPA	CAM	0	431	0
201	E	C	EPA	CAM	2	435	0.0045977011494252873
202	E	C	EPA	CAM	1	427	0.00234192037470726
203	E	C	EPA	CAM	2	433	0.0046189376443418013
204	E	C	EPA	CAM	1	437	0.0022883295194508009
205	E	C	EPA	CAM	3	431	0.0069605568445475635
206	E	C	EPA	CAM	1	435	0.0022988505747126436
207	E	C	EPA	CAM	2	442	0.0045248868778280547
208	E	C	EPA	CAM	0	434	0
209	E	C	EPA	CAM	2	438	0.0045662100456621002
210	E	C	EPA	CAM	3	434	0.0069124423963133645
211	E	C	EPA	CAM	3	440	0.0068181818181818179
212	E	C	EPA	CAM	1	447	0.0022371364653243847
213	E	C	EPA	CAM	1	436	0.0022935779816513763
214	E	C	EPA	CAM	1	428	0.0023364485981308409
215	E	C	EPA	CAM	1	448	0.002232142857142857
216	E	C	EPA	CAM	1	442	0.0022624434389140274
217	E	C	EPA	CAM	2	433	0.0046189376443418013
218	E	C	EPA	CAM	2	431	0.0046403712296983757
219	E	C	EPA	CAM	0	434	0
220	E	C	EPA	CAM	2	445	0.0044943820224719105
221	E	C	EPA	CAM	1	422	0.0023696682464454978
222	E	C	EPA	CAM	2	425	0.0047058823529411761
223	E	C	EPA	CAM	3	431	0.0069605568445475635
224	E	C	EPA	CAM	1	432	0.0023148148148148147
225	E	C	EPA	CAM	2	431	0.0046403712296983757
226	E	C	EPA	CAM	2	430	0.0046511627906976744
227	E	C	EPA	CAM	1	441	0.0022675736961451248
228	E	C	EPA	CAM	1	444	0.0022522522522522522
229	E	C	EPA	CAM	1	446	0.002242152466367713
230	E	C	EPA	CAM	2	439	0.0045558086560364463
231	E	C	EPA	CAM	0	435	0
232	E	C	EPA	CAM	3	434	0.0069124423963133645
233	E	C	EPA	CAM	1	437	0.0022883295194508009
234	E	C	EPA	CAM	2	435	0.0045977011494252873
235	E	C	EPA	CAM	1	434	0.002304147465437788
236	E	C	EPA	CAM	2	431	0.0046403712296983757
237	E	C	EPA	CAM	3	447	0.0067114093959731542
238	E	C	EPA	CAM	1	438	0.0022831050228310501
239	E	C	EPA	CAM	2	427	0.0046838407494145199
240	E	C	EPA	CAM	0	437	0
241	E	C	EPA	CAM	1	431	0.0023201856148491878
242	E	C	EPA	CAM	3	441	0.0068027210884353739
243	E	C	EPA	CAM	1	440	0.0022727272727272726
244	E	C	EPA	CAM	2	438	0.0045662100456621002
245	E	C	EPA	CAM	0	435	0
246	E	C	EPA	CAM	1	441	0.0022675736961451248
247	E	C	EPA	CAM	1	433	0.0023094688221709007
248	E	C	EPA	CAM	2	435	0.0045977011494252873
249	E	C	EPA	CAM	1	445	0.0022471910112359553
250	E	C	EPA	CAM	3	431	0.0069605568445475635
251	E	C	EPA	CAM	1	444	0.0022522522522522522
252	E	C	EPA	CAM	2	439	0.0045558086560364463
253	E	C	EPA	CAM	2	431	0.0046403712296983757
254	E	C	EPA	CAM	2	428	0.0046728971962616819
255	E	C	EPA	CAM	0	436	0
256	E	C	EPA	CAM	2	431	0.0046403712296983757
257	E	C	EPA	CAM	1	436	0.0022935779816513763
258	E	C	EPA	CAM	1	440	0.0022727272727272726
259	E	C	EPA	CAM	0	436	0
260	E	C	EPA	CAM	2	431	0.0046403712296983757
261	E	C	EPA	CAM	2	445	0.0044943820224719105
262	E	C	EPA	CAM	3	435	0.0068965517241379309
263	E	C	EPA	CAM	3	430	0.0069767441860465115
264	E	C	EPA	CAM	1	438	0.0022831050228310501
265	E	C	EPA	CAM	3	434	0.0069124423963133645
266	E	C	EPA	CAM	3	429	0.006993006993006993
267	E	C	EPA	CAM	2	437	0.0045766590389016018
268	E	C	EPA	CAM	0	431	0
269	E	C	EPA	CAM	4	433	0.0092378752886836026
270	E	C	EPA	CAM	1	430	0.0023255813953488372
271	E	C	EPA	CAM	1	428	0.0023364485981308409
272	E	C	EPA	CAM	1	433	0.0023094688221709007
273	E	C	EPA	CAM	1	438	0.0022831050228310501
274	E	C	EPA	CAM	2	435	0.0045977011494252873
275	E	C	EPA	CAM	2	443	0.0045146726862302479
276	E	C	EPA	CAM	1	425	0.002352941176470588
277	E	C	EPA	CAM	2	433	0.0046189376443418013
278	E	C	EPA	CAM	2	439	0.0045558086560364463
279	E	C	EPA	CAM	1	434	0.002304147465437788
280	E	C	EPA	CAM	0	434	0
281	E	C	EPA	CAM	3	446	0.0067264573991031393
282	E	C	EPA	CAM	2	440	0.0045454545454545452
283	E	C	EPA	CAM	2	430	0.0046511627906976744
284	E	C	EPA	CAM	2	437	0.0045766590389016018
285	E	C	EPA	CAM	2	430	0.0046511627906976744
286	E	C	EPA	CAM	0	425	0
287	E	C	EPA	CAM	4	430	0.0093023255813953487
288	E	C	EPA	CAM	1	444	0.0022522522522522522
289	E	C	EPA	CAM	0	435	0
290	E	C	EPA	CAM	1	426	0.0023474178403755869
291	E	C	EPA	CAM	0	434	0
292	E	C	EPA	CAM	1	427	0.00234192037470726
293	E	C	EPA	CAM	2	437	0.0045766590389016018
294	E	C	EPA	CAM	3	437	0.0068649885583524023
295	E	C	EPA	CAM	0	436	0
296	E	C	EPA	CAM	2	432	0.0046296296296296294
297	E	C	EPA	CAM	2	441	0.0045351473922902496
298	E	C	EPA	CAM	2	437	0.0045766590389016018
299	E	C	EPA	CAM	2	431	0.0046403712296983757
300	E	C	EPA	CAM	1	435	0.0022988505747126436
1	F	C	IND	CAM	0	433	0
2	F	C	IND	CAM	0	440	0
3	F	C	IND	CAM	0	440	0
4	F	C	IND	CAM	0	434	0
5	F	C	IND	CAM	0	436	0
6	F	C	IND	CAM	0	437	0
7	F	C	IND	CAM	0	432	0
8	F	C	IND	CAM	0	442	0
9	F	C	IND	CAM	0	431	0
10	F	C	IND	CAM	0	433	0
11	F	C	IND	CAM	0	437	0
12	F	C	IND	CAM	0	436	0
13	F	C	IND	CAM	0	444	0
14	F	C	IND	CAM	0	442	0
15	F	C	IND	CAM	0	427	0
16	F	C	IND	CAM	0	444	0
17	F	C	IND	CAM	0	438	0
18	F	C	IND	CAM	0	440	0
19	F	C	IND	CAM	0	429	0
20	F	C	IND	CAM	0	430	0
21	F	C	IND	CAM	0	429	0
22	F	C	IND	CAM	0	435	0
23	F	C	IND	CAM	0	430	0
24	F	C	IND	CAM	0	443	0
25	F	C	IND	CAM	0	434	0
26	F	C	IND	CAM	0	438	0
27	F	C	IND	CAM	0	436	0
28	F	C	IND	CAM	0	438	0
29	F	C	IND	CAM	0	436	0
30	F	C	IND	CAM	0	439	0
31	F	C	IND	CAM	0	438	0
32	F	C	IND	CAM	0	439	0
33	F	C	IND	CAM	0	436	0
34	F	C	IND	CAM	0	438	0
35	F	C	IND	CAM	0	438	0
36	F	C	IND	CAM	0	440	0
37	F	C	IND	CAM	0	442	0
38	F	C	IND	CAM	0	437	0
39	F	C	IND	CAM	0	434	0
40	F	C	IND	CAM	0	442	0
41	F	C	IND	CAM	0	444	0
42	F	C	IND	CAM	0	427	0
43	F	C	IND	CAM	0	434	0
44	F	C	IND	CAM	0	430	0
45	F	C	IND	CAM	0	431	0
46	F	C	IND	CAM	0	429	0
47	F	C	IND	CAM	0	444	0
48	F	C	IND	CAM	0	441	0
49	F	C	IND	CAM	0	431	0
50	F	C	IND	CAM	0	424	0
51	F	C	IND	CAM	0	428	0
52	F	C	IND	CAM	0	428	0
53	F	C	IND	CAM	0	444	0
54	F	C	IND	CAM	0	439	0
55	F	C	IND	CAM	0	435	0
56	F	C	IND	CAM	0	437	0
57	F	C	IND	CAM	0	433	0
58	F	C	IND	CAM	0	441	0
59	F	C	IND	CAM	0	424	0
60	F	C	IND	CAM	0	440	0
61	F	C	IND	CAM	0	436	0
62	F	C	IND	CAM	0	422	0
63	F	C	IND	CAM	0	433	0
64	F	C	IND	CAM	0	433	0
65	F	C	IND	CAM	0	432	0
66	F	C	IND	CAM	0	445	0
67	F	C	IND	CAM	0	430	0
68	F	C	IND	CAM	0	438	0
69	F	C	IND	CAM	0	438	0
70	F	C	IND	CAM	0	439	0
71	F	C	IND	CAM	0	432	0
72	F	C	IND	CAM	0	436	0
73	F	C	IND	CAM	0	435	0
74	F	C	IND	CAM	0	436	0
75	F	C	IND	CAM	0	452	0
76	F	C	IND	CAM	0	441	0
77	F	C	IND	CAM	0	441	0
78	F	C	IND	CAM	0	435	0
79	F	C	IND	CAM	0	425	0
80	F	C	IND	CAM	0	440	0
81	F	C	IND	CAM	0	436	0
82	F	C	IND	CAM	0	435	0
83	F	C	IND	CAM	0	426	0
84	F	C	IND	CAM	0	447	0
85	F	C	IND	CAM	0	434	0
86	F	C	IND	CAM	0	431	0
87	F	C	IND	CAM	0	432	0
88	F	C	IND	CAM	0	445	0
89	F	C	IND	CAM	0	432	0
90	F	C	IND	CAM	0	431	0
91	F	C	IND	CAM	0	436	0
92	F	C	IND	CAM	0	442	0
93	F	C	IND	CAM	0	426	0
94	F	C	IND	CAM	0	426	0
95	F	C	IND	CAM	0	431	0
96	F	C	IND	CAM	0	439	0
97	F	C	IND	CAM	0	436	0
98	F	C	IND	CAM	0	433	0
99	F	C	IND	CAM	0	434	0
100	F	C	IND	CAM	0	439	0
101	F	C	IND	CAM	0	435	0
102	F	C	IND	CAM	0	448	0
103	F	C	IND	CAM	0	438	0
104	F	C	IND	CAM	0	431	0
105	F	C	IND	CAM	0	435	0
106	F	C	IND	CAM	0	435	0
107	F	C	IND	CAM	0	443	0
108	F	C	IND	CAM	0	426	0
109	F	C	IND	CAM	0	444	0
110	F	C	IND	CAM	0	427	0
111	F	C	IND	CAM	0	447	0
112	F	C	IND	CAM	0	436	0
113	F	C	IND	CAM	0	432	0
114	F	C	IND	CAM	0	442	0
115	F	C	IND	CAM	0	435	0
116	F	C	IND	CAM	0	445	0
117	F	C	IND	CAM	0	441	0
118	F	C	IND	CAM	0	436	0
119	F	C	IND	CAM	0	439	0
120	F	C	IND	CAM	0	451	0
121	F	C	IND	CAM	0	443	0
122	F	C	IND	CAM	0	432	0
123	F	C	IND	CAM	0	442	0
124	F	C	IND	CAM	0	437	0
125	F	C	IND	CAM	0	433	0
126	F	C	IND	CAM	0	438	0
127	F	C	IND	CAM	0	436	0
128	F	C	IND	CAM	0	436	0
129	F	C	IND	CAM	0	435	0
130	F	C	IND	CAM	0	433	0
131	F	C	IND	CAM	0	446	0
132	F	C	IND	CAM	0	442	0
133	F	C	IND	CAM	0	441	0
134	F	C	IND	CAM	0	444	0
135	F	C	IND	CAM	0	433	0
136	F	C	IND	CAM	0	432	0
137	F	C	IND	CAM	0	433	0
138	F	C	IND	CAM	0	438	0
139	F	C	IND	CAM	0	433	0
140	F	C	IND	CAM	0	433	0
141	F	C	IND	CAM	0	427	0
142	F	C	IND	CAM	0	425	0
143	F	C	IND	CAM	0	430	0
144	F	C	IND	CAM	0	434	0
145	F	C	IND	CAM	0	446	0
146	F	C	IND	CAM	0	439	0
147	F	C	IND	CAM	0	433	0
148	F	C	IND	CAM	0	437	0
149	F	C	IND	CAM	0	425	0
150	F	C	IND	CAM	0	440	0
151	F	C	IND	CAM	0	445	0
152	F	C	IND	CAM	0	435	0
153	F	C	IND	CAM	0	438	0
154	F	C	IND	CAM	0	445	0
155	F	C	IND	CAM	0	432	0
156	F	C	IND	CAM	0	429	0
157	F	C	IND	CAM	0	432	0
158	F	C	IND	CAM	0	435	0
159	F	C	IND	CAM	0	441	0
160	F	C	IND	CAM	0	439	0
161	F	C	IND	CAM	0	438	0
162	F	C	IND	CAM	0	436	0
163	F	C	IND	CAM	0	434	0
164	F	C	IND	CAM	0	437	0
165	F	C	IND	CAM	0	428	0
166	F	C	IND	CAM	0	436	0
167	F	C	IND	CAM	0	433	0
168	F	C	IND	CAM	0	435	0
169	F	C	IND	CAM	0	434	0
170	F	C	IND	CAM	0	432	0
171	F	C	IND	CAM	0	434	0
172	F	C	IND	CAM	0	444	0
173	F	C	IND	CAM	0	440	0
174	F	C	IND	CAM	0	435	0
175	F	C	IND	CAM	0	429	0
176	F	C	IND	CAM	0	437	0
177	F	C	IND	CAM	0	434	0
178	F	C	IND	CAM	0	442	0
179	F	C	IND	CAM	0	447	0
180	F	C	IND	CAM	0	442	0
181	F	C	IND	CAM	0	435	0
182	F	C	IND	CAM	0	441	0
183	F	C	IND	CAM	0	437	0
184	F	C	IND	CAM	0	436	0
185	F	C	IND	CAM	0	434	0
186	F	C	IND	CAM	0	437	0
187	F	C	IND	CAM	0	433	0
188	F	C	IND	CAM	0	430	0
189	F	C	IND	CAM	0	443	0
190	F	C	IND	CAM	0	434	0
191	F	C	IND	CAM	0	429	0
192	F	C	IND	CAM	0	430	0
193	F	C	IND	CAM	0	431	0
194	F	C	IND	CAM	0	423	0
195	F	C	IND	CAM	0	433	0
196	F	C	IND	CAM	0	436	0
197	F	C	IND	CAM	0	444	0
198	F	C	IND	CAM	0	446	0
199	F	C	IND	CAM	0	434	0
200	F	C	IND	CAM	0	431	0
201	F	C	IND	CAM	0	435	0
202	F	C	IND	CAM	0	427	0
203	F	C	IND	CAM	0	433	0
204	F	C	IND	CAM	0	437	0
205	F	C	IND	CAM	0	431	0
206	F	C	IND	CAM	0	435	0
207	F	C	IND	CAM	0	442	0
208	F	C	IND	CAM	0	434	0
209	F	C	IND	CAM	0	438	0
210	F	C	IND	CAM	0	434	0
211	F	C	IND	CAM	0	440	0
212	F	C	IND	CAM	0	447	0
213	F	C	IND	CAM	0	436	0
214	F	C	IND	CAM	0	428	0
215	F	C	IND	CAM	0	448	0
216	F	C	IND	CAM	0	442	0
217	F	C	IND	CAM	0	433	0
218	F	C	IND	CAM	0	431	0
219	F	C	IND	CAM	0	434	0
220	F	C	IND	CAM	0	445	0
221	F	C	IND	CAM	0	422	0
222	F	C	IND	CAM	0	425	0
223	F	C	IND	CAM	0	431	0
224	F	C	IND	CAM	0	432	0
225	F	C	IND	CAM	0	431	0
226	F	C	IND	CAM	0	430	0
227	F	C	IND	CAM	0	441	0
228	F	C	IND	CAM	0	444	0
229	F	C	IND	CAM	0	446	0
230	F	C	IND	CAM	0	439	0
231	F	C	IND	CAM	0	435	0
232	F	C	IND	CAM	0	434	0
233	F	C	IND	CAM	0	437	0
234	F	C	IND	CAM	0	435	0
235	F	C	IND	CAM	0	434	0
236	F	C	IND	CAM	0	431	0
237	F	C	IND	CAM	0	447	0
238	F	C	IND	CAM	0	438	0
239	F	C	IND	CAM	0	427	0
240	F	C	IND	CAM	0	437	0
241	F	C	IND	CAM	0	431	0
242	F	C	IND	CAM	0	441	0
243	F	C	IND	CAM	0	440	0
244	F	C	IND	CAM	0	438	0
245	F	C	IND	CAM	0	435	0
246	F	C	IND	CAM	0	441	0
247	F	C	IND	CAM	0	433	0
248	F	C	IND	CAM	0	435	0
249	F	C	IND	CAM	0	445	0
250	F	C	IND	CAM	0	431	0
251	F	C	IND	CAM	0	444	0
252	F	C	IND	CAM	0	439	0
253	F	C	IND	CAM	0	431	0
254	F	C	IND	CAM	0	428	0
255	F	C	IND	CAM	0	436	0
256	F	C	IND	CAM	0	431	0
257	F	C	IND	CAM	0	436	0
258	F	C	IND	CAM	0	440	0
259	F	C	IND	CAM	0	436	0
260	F	C	IND	CAM	0	431	0
261	F	C	IND	CAM	0	445	0
262	F	C	IND	CAM	0	435	0
263	F	C	IND	CAM	0	430	0
264	F	C	IND	CAM	0	438	0
265	F	C	IND	CAM	0	434	0
266	F	C	IND	CAM	0	429	0
267	F	C	IND	CAM	0	437	0
268	F	C	IND	CAM	0	431	0
269	F	C	IND	CAM	0	433	0
270	F	C	IND	CAM	0	430	0
271	F	C	IND	CAM	0	428	0
272	F	C	IND	CAM	0	433	0
273	F	C	IND	CAM	0	438	0
274	F	C	IND	CAM	0	435	0
275	F	C	IND	CAM	0	443	0
276	F	C	IND	CAM	0	425	0
277	F	C	IND	CAM	0	433	0
278	F	C	IND	CAM	0	439	0
279	F	C	IND	CAM	0	434	0
280	F	C	IND	CAM	0	434	0
281	F	C	IND	CAM	0	446	0
282	F	C	IND	CAM	0	440	0
283	F	C	IND	CAM	0	430	0
284	F	C	IND	CAM	0	437	0
285	F	C	IND	CAM	0	430	0
286	F	C	IND	CAM	0	425	0
287	F	C	IND	CAM	0	430	0
288	F	C	IND	CAM	0	444	0
289	F	C	IND	CAM	0	435	0
290	F	C	IND	CAM	0	426	0
291	F	C	IND	CAM	0	434	0
292	F	C	IND	CAM	0	427	0
293	F	C	IND	CAM	0	437	0
294	F	C	IND	CAM	0	437	0
295	F	C	IND	CAM	0	436	0
296	F	C	IND	CAM	0	432	0
297	F	C	IND	CAM	0	441	0
298	F	C	IND	CAM	0	437	0
299	F	C	IND	CAM	0	431	0
300	F	C	IND	CAM	0	435	0
1	G	C	MDG	CAM	0	433	0
2	G	C	MDG	CAM	0	440	0
3	G	C	MDG	CAM	0	440	0
4	G	C	MDG	CAM	0	434	0
5	G	C	MDG	CAM	0	436	0
6	G	C	MDG	CAM	0	437	0
7	G	C	MDG	CAM	0	432	0
8	G	C	MDG	CAM	0	442	0
9	G	C	MDG	CAM	0	431	0
10	G	C	MDG	CAM	0	433	0
11	G	C	MDG	CAM	0	437	0
12	G	C	MDG	CAM	0	436	0
13	G	C	MDG	CAM	0	444	0
14	G	C	MDG	CAM	0	442	0
15	G	C	MDG	CAM	0	427	0
16	G	C	MDG	CAM	0	444	0
17	G	C	MDG	CAM	0	438	0
18	G	C	MDG	CAM	0	440	0
19	G	C	MDG	CAM	0	429	0
20	G	C	MDG	CAM	0	430	0
21	G	C	MDG	CAM	0	429	0
22	G	C	MDG	CAM	0	435	0
23	G	C	MDG	CAM	0	430	0
24	G	C	MDG	CAM	0	443	0
25	G	C	MDG	CAM	0	434	0
26	G	C	MDG	CAM	0	438	0
27	G	C	MDG	CAM	0	436	0
28	G	C	MDG	CAM	0	438	0
29	G	C	MDG	CAM	0	436	0
30	G	C	MDG	CAM	0	439	0
31	G	C	MDG	CAM	0	438	0
32	G	C	MDG	CAM	0	439	0
33	G	C	MDG	CAM	0	436	0
34	G	C	MDG	CAM	0	438	0
35	G	C	MDG	CAM	0	438	0
36	G	C	MDG	CAM	0	440	0
37	G	C	MDG	CAM	0	442	0
38	G	C	MDG	CAM	0	437	0
39	G	C	MDG	CAM	0	434	0
40	G	C	MDG	CAM	0	442	0
41	G	C	MDG	CAM	0	444	0
42	G	C	MDG	CAM	0	427	0
43	G	C	MDG	CAM	0	434	0
44	G	C	MDG	CAM	0	430	0
45	G	C	MDG	CAM	0	431	0
46	G	C	MDG	CAM	0	429	0
47	G	C	MDG	CAM	0	444	0
48	G	C	MDG	CAM	0	441	0
49	G	C	MDG	CAM	0	431	0
50	G	C	MDG	CAM	0	424	0
51	G	C	MDG	CAM	0	428	0
52	G	C	MDG	CAM	0	428	0
53	G	C	MDG	CAM	0	444	0
54	G	C	MDG	CAM	0	439	0
55	G	C	MDG	CAM	0	435	0
56	G	C	MDG	CAM	0	437	0
57	G	C	MDG	CAM	0	433	0
58	G	C	MDG	CAM	0	441	0
59	G	C	MDG	CAM	0	424	0
60	G	C	MDG	CAM	0	440	0
61	G	C	MDG	CAM	0	436	0
62	G	C	MDG	CAM	0	422	0
63	G	C	MDG	CAM	0	433	0
64	G	C	MDG	CAM	0	433	0
65	G	C	MDG	CAM	0	432	0
66	G	C	MDG	CAM	0	445	0
67	G	C	MDG	CAM	0	430	0
68	G	C	MDG	CAM	0	438	0
69	G	C	MDG	CAM	0	438	0
70	G	C	MDG	CAM	0	439	0
71	G	C	MDG	CAM	0	432	0
72	G	C	MDG	CAM	0	436	0
73	G	C	MDG	CAM	0	435	0
74	G	C	MDG	CAM	0	436	0
75	G	C	MDG	CAM	0	452	0
76	G	C	MDG	CAM	0	441	0
77	G	C	MDG	CAM	0	441	0
78	G	C	MDG	CAM	0	435	0
79	G	C	MDG	CAM	0	425	0
80	G	C	MDG	CAM	0	440	0
81	G	C	MDG	CAM	0	436	0
82	G	C	MDG	CAM	0	435	0
83	G	C	MDG	CAM	0	426	0
84	G	C	MDG	CAM	0	447	0
85	G	C	MDG	CAM	0	434	0
86	G	C	MDG	CAM	0	431	0
87	G	C	MDG	CAM	0	432	0
88	G	C	MDG	CAM	0	445	0
89	G	C	MDG	CAM	0	432	0
90	G	C	MDG	CAM	0	431	0
91	G	C	MDG	CAM	0	436	0
92	G	C	MDG	CAM	0	442	0
93	G	C	MDG	CAM	0	426	0
94	G	C	MDG	CAM	0	426	0
95	G	C	MDG	CAM	0	431	0
96	G	C	MDG	CAM	0	439	0
97	G	C	MDG	CAM	0	436	0
98	G	C	MDG	CAM	0	433	0
99	G	C	MDG	CAM	0	434	0
100	G	C	MDG	CAM	0	439	0
101	G	C	MDG	CAM	0	435	0
102	G	C	MDG	CAM	0	448	0
103	G	C	MDG	CAM	0	438	0
104	G	C	MDG	CAM	0	431	0
105	G	C	MDG	CAM	0	435	0
106	G	C	MDG	CAM	0	435	0
107	G	C	MDG	CAM	0	443	0
108	G	C	MDG	CAM	0	426	0
109	G	C	MDG	CAM	0	444	0
110	G	C	MDG	CAM	0	427	0
111	G	C	MDG	CAM	0	447	0
112	G	C	MDG	CAM	0	436	0
113	G	C	MDG	CAM	0	432	0
114	G	C	MDG	CAM	0	442	0
115	G	C	MDG	CAM	0	435	0
116	G	C	MDG	CAM	0	445	0
117	G	C	MDG	CAM	0	441	0
118	G	C	MDG	CAM	0	436	0
119	G	C	MDG	CAM	0	439	0
120	G	C	MDG	CAM	0	451	0
121	G	C	MDG	CAM	0	443	0
122	G	C	MDG	CAM	0	432	0
123	G	C	MDG	CAM	0	442	0
124	G	C	MDG	CAM	0	437	0
125	G	C	MDG	CAM	0	433	0
126	G	C	MDG	CAM	0	438	0
127	G	C	MDG	CAM	0	436	0
128	G	C	MDG	CAM	0	436	0
129	G	C	MDG	CAM	0	435	0
130	G	C	MDG	CAM	0	433	0
131	G	C	MDG	CAM	0	446	0
132	G	C	MDG	CAM	0	442	0
133	G	C	MDG	CAM	0	441	0
134	G	C	MDG	CAM	0	444	0
135	G	C	MDG	CAM	0	433	0
136	G	C	MDG	CAM	0	432	0
137	G	C	MDG	CAM	0	433	0
138	G	C	MDG	CAM	0	438	0
139	G	C	MDG	CAM	0	433	0
140	G	C	MDG	CAM	0	433	0
141	G	C	MDG	CAM	0	427	0
142	G	C	MDG	CAM	0	425	0
143	G	C	MDG	CAM	0	430	0
144	G	C	MDG	CAM	0	434	0
145	G	C	MDG	CAM	0	446	0
146	G	C	MDG	CAM	0	439	0
147	G	C	MDG	CAM	0	433	0
148	G	C	MDG	CAM	0	437	0
149	G	C	MDG	CAM	0	425	0
150	G	C	MDG	CAM	0	440	0
151	G	C	MDG	CAM	0	445	0
152	G	C	MDG	CAM	0	435	0
153	G	C	MDG	CAM	0	438	0
154	G	C	MDG	CAM	0	445	0
155	G	C	MDG	CAM	0	432	0
156	G	C	MDG	CAM	0	429	0
157	G	C	MDG	CAM	0	432	0
158	G	C	MDG	CAM	0	435	0
159	G	C	MDG	CAM	0	441	0
160	G	C	MDG	CAM	0	439	0
161	G	C	MDG	CAM	0	438	0
162	G	C	MDG	CAM	0	436	0
163	G	C	MDG	CAM	0	434	0
164	G	C	MDG	CAM	0	437	0
165	G	C	MDG	CAM	0	428	0
166	G	C	MDG	CAM	0	436	0
167	G	C	MDG	CAM	0	433	0
168	G	C	MDG	CAM	0	435	0
169	G	C	MDG	CAM	0	434	0
170	G	C	MDG	CAM	0	432	0
171	G	C	MDG	CAM	0	434	0
172	G	C	MDG	CAM	0	444	0
173	G	C	MDG	CAM	0	440	0
174	G	C	MDG	CAM	0	435	0
175	G	C	MDG	CAM	0	429	0
176	G	C	MDG	CAM	0	437	0
177	G	C	MDG	CAM	0	434	0
178	G	C	MDG	CAM	0	442	0
179	G	C	MDG	CAM	0	447	0
180	G	C	MDG	CAM	0	442	0
181	G	C	MDG	CAM	0	435	0
182	G	C	MDG	CAM	0	441	0
183	G	C	MDG	CAM	0	437	0
184	G	C	MDG	CAM	0	436	0
185	G	C	MDG	CAM	0	434	0
186	G	C	MDG	CAM	0	437	0
187	G	C	MDG	CAM	0	433	0
188	G	C	MDG	CAM	0	430	0
189	G	C	MDG	CAM	0	443	0
190	G	C	MDG	CAM	0	434	0
191	G	C	MDG	CAM	0	429	0
192	G	C	MDG	CAM	0	430	0
193	G	C	MDG	CAM	0	431	0
194	G	C	MDG	CAM	0	423	0
195	G	C	MDG	CAM	0	433	0
196	G	C	MDG	CAM	0	436	0
197	G	C	MDG	CAM	0	444	0
198	G	C	MDG	CAM	0	446	0
199	G	C	MDG	CAM	0	434	0
200	G	C	MDG	CAM	0	431	0
201	G	C	MDG	CAM	0	435	0
202	G	C	MDG	CAM	0	427	0
203	G	C	MDG	CAM	0	433	0
204	G	C	MDG	CAM	0	437	0
205	G	C	MDG	CAM	0	431	0
206	G	C	MDG	CAM	0	435	0
207	G	C	MDG	CAM	0	442	0
208	G	C	MDG	CAM	0	434	0
209	G	C	MDG	CAM	0	438	0
210	G	C	MDG	CAM	0	434	0
211	G	C	MDG	CAM	0	440	0
212	G	C	MDG	CAM	0	447	0
213	G	C	MDG	CAM	0	436	0
214	G	C	MDG	CAM	0	428	0
215	G	C	MDG	CAM	0	448	0
216	G	C	MDG	CAM	0	442	0
217	G	C	MDG	CAM	0	433	0
218	G	C	MDG	CAM	0	431	0
219	G	C	MDG	CAM	0	434	0
220	G	C	MDG	CAM	0	445	0
221	G	C	MDG	CAM	0	422	0
222	G	C	MDG	CAM	0	425	0
223	G	C	MDG	CAM	0	431	0
224	G	C	MDG	CAM	0	432	0
225	G	C	MDG	CAM	0	431	0
226	G	C	MDG	CAM	0	430	0
227	G	C	MDG	CAM	0	441	0
228	G	C	MDG	CAM	0	444	0
229	G	C	MDG	CAM	0	446	0
230	G	C	MDG	CAM	0	439	0
231	G	C	MDG	CAM	0	435	0
232	G	C	MDG	CAM	0	434	0
233	G	C	MDG	CAM	0	437	0
234	G	C	MDG	CAM	0	435	0
235	G	C	MDG	CAM	0	434	0
236	G	C	MDG	CAM	0	431	0
237	G	C	MDG	CAM	0	447	0
238	G	C	MDG	CAM	0	438	0
239	G	C	MDG	CAM	0	427	0
240	G	C	MDG	CAM	0	437	0
241	G	C	MDG	CAM	0	431	0
242	G	C	MDG	CAM	0	441	0
243	G	C	MDG	CAM	0	440	0
244	G	C	MDG	CAM	0	438	0
245	G	C	MDG	CAM	0	435	0
246	G	C	MDG	CAM	0	441	0
247	G	C	MDG	CAM	0	433	0
248	G	C	MDG	CAM	0	435	0
249	G	C	MDG	CAM	0	445	0
250	G	C	MDG	CAM	0	431	0
251	G	C	MDG	CAM	0	444	0
252	G	C	MDG	CAM	0	439	0
253	G	C	MDG	CAM	0	431	0
254	G	C	MDG	CAM	0	428	0
255	G	C	MDG	CAM	0	436	0
256	G	C	MDG	CAM	0	431	0
257	G	C	MDG	CAM	0	436	0
258	G	C	MDG	CAM	0	440	0
259	G	C	MDG	CAM	0	436	0
260	G	C	MDG	CAM	0	431	0
261	G	C	MDG	CAM	0	445	0
262	G	C	MDG	CAM	0	435	0
263	G	C	MDG	CAM	0	430	0
264	G	C	MDG	CAM	0	438	0
265	G	C	MDG	CAM	0	434	0
266	G	C	MDG	CAM	0	429	0
267	G	C	MDG	CAM	0	437	0
268	G	C	MDG	CAM	0	431	0
269	G	C	MDG	CAM	0	433	0
270	G	C	MDG	CAM	0	430	0
271	G	C	MDG	CAM	0	428	0
272	G	C	MDG	CAM	0	433	0
273	G	C	MDG	CAM	0	438	0
274	G	C	MDG	CAM	0	435	0
275	G	C	MDG	CAM	0	443	0
276	G	C	MDG	CAM	0	425	0
277	G	C	MDG	CAM	0	433	0
278	G	C	MDG	CAM	0	439	0
279	G	C	MDG	CAM	0	434	0
280	G	C	MDG	CAM	0	434	0
281	G	C	MDG	CAM	0	446	0
282	G	C	MDG	CAM	0	440	0
283	G	C	MDG	CAM	0	430	0
284	G	C	MDG	CAM	0	437	0
285	G	C	MDG	CAM	0	430	0
286	G	C	MDG	CAM	0	425	0
287	G	C	MDG	CAM	0	430	0
288	G	C	MDG	CAM	0	444	0
289	G	C	MDG	CAM	0	435	0
290	G	C	MDG	CAM	0	426	0
291	G	C	MDG	CAM	0	434	0
292	G	C	MDG	CAM	0	427	0
293	G	C	MDG	CAM	0	437	0
294	G	C	MDG	CAM	0	437	0
295	G	C	MDG	CAM	0	436	0
296	G	C	MDG	CAM	0	432	0
297	G	C	MDG	CAM	0	441	0
298	G	C	MDG	CAM	0	437	0
299	G	C	MDG	CAM	0	431	0
300	G	C	MDG	CAM	0	435	0
1	H	C	ORI	CAM	0	433	0
2	H	C	ORI	CAM	0	440	0
3	H	C	ORI	CAM	0	440	0
4	H	C	ORI	CAM	0	434	0
5	H	C	ORI	CAM	0	436	0
6	H	C	ORI	CAM	0	437	0
7	H	C	ORI	CAM	0	432	0
8	H	C	ORI	CAM	0	442	0
9	H	C	ORI	CAM	0	431	0
10	H	C	ORI	CAM	0	433	0
11	H	C	ORI	CAM	0	437	0
12	H	C	ORI	CAM	0	436	0
13	H	C	ORI	CAM	0	444	0
14	H	C	ORI	CAM	0	442	0
15	H	C	ORI	CAM	0	427	0
16	H	C	ORI	CAM	0	444	0
17	H	C	ORI	CAM	0	438	0
18	H	C	ORI	CAM	0	440	0
19	H	C	ORI	CAM	0	429	0
20	H	C	ORI	CAM	0	430	0
21	H	C	ORI	CAM	0	429	0
22	H	C	ORI	CAM	0	435	0
23	H	C	ORI	CAM	0	430	0
24	H	C	ORI	CAM	0	443	0
25	H	C	ORI	CAM	0	434	0
26	H	C	ORI	CAM	0	438	0
27	H	C	ORI	CAM	0	436	0
28	H	C	ORI	CAM	0	438	0
29	H	C	ORI	CAM	0	436	0
30	H	C	ORI	CAM	0	439	0
31	H	C	ORI	CAM	0	438	0
32	H	C	ORI	CAM	0	439	0
33	H	C	ORI	CAM	0	436	0
34	H	C	ORI	CAM	0	438	0
35	H	C	ORI	CAM	0	438	0
36	H	C	ORI	CAM	0	440	0
37	H	C	ORI	CAM	0	442	0
38	H	C	ORI	CAM	0	437	0
39	H	C	ORI	CAM	0	434	0
40	H	C	ORI	CAM	0	442	0
41	H	C	ORI	CAM	0	444	0
42	H	C	ORI	CAM	0	427	0
43	H	C	ORI	CAM	0	434	0
44	H	C	ORI	CAM	0	430	0
45	H	C	ORI	CAM	0	431	0
46	H	C	ORI	CAM	0	429	0
47	H	C	ORI	CAM	0	444	0
48	H	C	ORI	CAM	0	441	0
49	H	C	ORI	CAM	0	431	0
50	H	C	ORI	CAM	0	424	0
51	H	C	ORI	CAM	0	428	0
52	H	C	ORI	CAM	0	428	0
53	H	C	ORI	CAM	0	444	0
54	H	C	ORI	CAM	0	439	0
55	H	C	ORI	CAM	0	435	0
56	H	C	ORI	CAM	0	437	0
57	H	C	ORI	CAM	0	433	0
58	H	C	ORI	CAM	0	441	0
59	H	C	ORI	CAM	0	424	0
60	H	C	ORI	CAM	0	440	0
61	H	C	ORI	CAM	0	436	0
62	H	C	ORI	CAM	0	422	0
63	H	C	ORI	CAM	0	433	0
64	H	C	ORI	CAM	0	433	0
65	H	C	ORI	CAM	0	432	0
66	H	C	ORI	CAM	0	445	0
67	H	C	ORI	CAM	0	430	0
68	H	C	ORI	CAM	0	438	0
69	H	C	ORI	CAM	0	438	0
70	H	C	ORI	CAM	0	439	0
71	H	C	ORI	CAM	0	432	0
72	H	C	ORI	CAM	0	436	0
73	H	C	ORI	CAM	0	435	0
74	H	C	ORI	CAM	0	436	0
75	H	C	ORI	CAM	0	452	0
76	H	C	ORI	CAM	0	441	0
77	H	C	ORI	CAM	0	441	0
78	H	C	ORI	CAM	0	435	0
79	H	C	ORI	CAM	0	425	0
80	H	C	ORI	CAM	0	440	0
81	H	C	ORI	CAM	0	436	0
82	H	C	ORI	CAM	0	435	0
83	H	C	ORI	CAM	0	426	0
84	H	C	ORI	CAM	0	447	0
85	H	C	ORI	CAM	0	434	0
86	H	C	ORI	CAM	0	431	0
87	H	C	ORI	CAM	0	432	0
88	H	C	ORI	CAM	0	445	0
89	H	C	ORI	CAM	0	432	0
90	H	C	ORI	CAM	0	431	0
91	H	C	ORI	CAM	0	436	0
92	H	C	ORI	CAM	0	442	0
93	H	C	ORI	CAM	0	426	0
94	H	C	ORI	CAM	0	426	0
95	H	C	ORI	CAM	0	431	0
96	H	C	ORI	CAM	0	439	0
97	H	C	ORI	CAM	0	436	0
98	H	C	ORI	CAM	0	433	0
99	H	C	ORI	CAM	0	434	0
100	H	C	ORI	CAM	0	439	0
101	H	C	ORI	CAM	0	435	0
102	H	C	ORI	CAM	0	448	0
103	H	C	ORI	CAM	0	438	0
104	H	C	ORI	CAM	0	431	0
105	H	C	ORI	CAM	0	435	0
106	H	C	ORI	CAM	0	435	0
107	H	C	ORI	CAM	0	443	0
108	H	C	ORI	CAM	0	426	0
109	H	C	ORI	CAM	0	444	0
110	H	C	ORI	CAM	0	427	0
111	H	C	ORI	CAM	0	447	0
112	H	C	ORI	CAM	0	436	0
113	H	C	ORI	CAM	0	432	0
114	H	C	ORI	CAM	0	442	0
115	H	C	ORI	CAM	0	435	0
116	H	C	ORI	CAM	0	445	0
117	H	C	ORI	CAM	0	441	0
118	H	C	ORI	CAM	0	436	0
119	H	C	ORI	CAM	0	439	0
120	H	C	ORI	CAM	0	451	0
121	H	C	ORI	CAM	0	443	0
122	H	C	ORI	CAM	0	432	0
123	H	C	ORI	CAM	0	442	0
124	H	C	ORI	CAM	0	437	0
125	H	C	ORI	CAM	0	433	0
126	H	C	ORI	CAM	0	438	0
127	H	C	ORI	CAM	0	436	0
128	H	C	ORI	CAM	0	436	0
129	H	C	ORI	CAM	0	435	0
130	H	C	ORI	CAM	0	433	0
131	H	C	ORI	CAM	0	446	0
132	H	C	ORI	CAM	0	442	0
133	H	C	ORI	CAM	0	441	0
134	H	C	ORI	CAM	0	444	0
135	H	C	ORI	CAM	0	433	0
136	H	C	ORI	CAM	0	432	0
137	H	C	ORI	CAM	0	433	0
138	H	C	ORI	CAM	0	438	0
139	H	C	ORI	CAM	0	433	0
140	H	C	ORI	CAM	0	433	0
141	H	C	ORI	CAM	0	427	0
142	H	C	ORI	CAM	0	425	0
143	H	C	ORI	CAM	0	430	0
144	H	C	ORI	CAM	0	434	0
145	H	C	ORI	CAM	0	446	0
146	H	C	ORI	CAM	0	439	0
147	H	C	ORI	CAM	0	433	0
148	H	C	ORI	CAM	0	437	0
149	H	C	ORI	CAM	0	425	0
150	H	C	ORI	CAM	0	440	0
151	H	C	ORI	CAM	0	445	0
152	H	C	ORI	CAM	0	435	0
153	H	C	ORI	CAM	0	438	0
154	H	C	ORI	CAM	0	445	0
155	H	C	ORI	CAM	0	432	0
156	H	C	ORI	CAM	0	429	0
157	H	C	ORI	CAM	0	432	0
158	H	C	ORI	CAM	0	435	0
159	H	C	ORI	CAM	0	441	0
160	H	C	ORI	CAM	0	439	0
161	H	C	ORI	CAM	0	438	0
162	H	C	ORI	CAM	0	436	0
163	H	C	ORI	CAM	0	434	0
164	H	C	ORI	CAM	0	437	0
165	H	C	ORI	CAM	0	428	0
166	H	C	ORI	CAM	0	436	0
167	H	C	ORI	CAM	0	433	0
168	H	C	ORI	CAM	0	435	0
169	H	C	ORI	CAM	0	434	0
170	H	C	ORI	CAM	0	432	0
171	H	C	ORI	CAM	0	434	0
172	H	C	ORI	CAM	0	444	0
173	H	C	ORI	CAM	0	440	0
174	H	C	ORI	CAM	0	435	0
175	H	C	ORI	CAM	0	429	0
176	H	C	ORI	CAM	0	437	0
177	H	C	ORI	CAM	0	434	0
178	H	C	ORI	CAM	0	442	0
179	H	C	ORI	CAM	0	447	0
180	H	C	ORI	CAM	0	442	0
181	H	C	ORI	CAM	0	435	0
182	H	C	ORI	CAM	0	441	0
183	H	C	ORI	CAM	0	437	0
184	H	C	ORI	CAM	0	436	0
185	H	C	ORI	CAM	0	434	0
186	H	C	ORI	CAM	0	437	0
187	H	C	ORI	CAM	0	433	0
188	H	C	ORI	CAM	0	430	0
189	H	C	ORI	CAM	0	443	0
190	H	C	ORI	CAM	0	434	0
191	H	C	ORI	CAM	0	429	0
192	H	C	ORI	CAM	0	430	0
193	H	C	ORI	CAM	0	431	0
194	H	C	ORI	CAM	0	423	0
195	H	C	ORI	CAM	0	433	0
196	H	C	ORI	CAM	0	436	0
197	H	C	ORI	CAM	0	444	0
198	H	C	ORI	CAM	0	446	0
199	H	C	ORI	CAM	0	434	0
200	H	C	ORI	CAM	0	431	0
201	H	C	ORI	CAM	0	435	0
202	H	C	ORI	CAM	0	427	0
203	H	C	ORI	CAM	0	433	0
204	H	C	ORI	CAM	0	437	0
205	H	C	ORI	CAM	0	431	0
206	H	C	ORI	CAM	0	435	0
207	H	C	ORI	CAM	0	442	0
208	H	C	ORI	CAM	0	434	0
209	H	C	ORI	CAM	0	438	0
210	H	C	ORI	CAM	0	434	0
211	H	C	ORI	CAM	0	440	0
212	H	C	ORI	CAM	0	447	0
213	H	C	ORI	CAM	0	436	0
214	H	C	ORI	CAM	0	428	0
215	H	C	ORI	CAM	0	448	0
216	H	C	ORI	CAM	0	442	0
217	H	C	ORI	CAM	0	433	0
218	H	C	ORI	CAM	0	431	0
219	H	C	ORI	CAM	0	434	0
220	H	C	ORI	CAM	0	445	0
221	H	C	ORI	CAM	0	422	0
222	H	C	ORI	CAM	0	425	0
223	H	C	ORI	CAM	0	431	0
224	H	C	ORI	CAM	0	432	0
225	H	C	ORI	CAM	0	431	0
226	H	C	ORI	CAM	0	430	0
227	H	C	ORI	CAM	0	441	0
228	H	C	ORI	CAM	0	444	0
229	H	C	ORI	CAM	0	446	0
230	H	C	ORI	CAM	0	439	0
231	H	C	ORI	CAM	0	435	0
232	H	C	ORI	CAM	0	434	0
233	H	C	ORI	CAM	0	437	0
234	H	C	ORI	CAM	0	435	0
235	H	C	ORI	CAM	0	434	0
236	H	C	ORI	CAM	0	431	0
237	H	C	ORI	CAM	0	447	0
238	H	C	ORI	CAM	0	438	0
239	H	C	ORI	CAM	0	427	0
240	H	C	ORI	CAM	0	437	0
241	H	C	ORI	CAM	0	431	0
242	H	C	ORI	CAM	0	441	0
243	H	C	ORI	CAM	0	440	0
244	H	C	ORI	CAM	0	438	0
245	H	C	ORI	CAM	0	435	0
246	H	C	ORI	CAM	0	441	0
247	H	C	ORI	CAM	0	433	0
248	H	C	ORI	CAM	0	435	0
249	H	C	ORI	CAM	0	445	0
250	H	C	ORI	CAM	0	431	0
251	H	C	ORI	CAM	0	444	0
252	H	C	ORI	CAM	0	439	0
253	H	C	ORI	CAM	0	431	0
254	H	C	ORI	CAM	0	428	0
255	H	C	ORI	CAM	0	436	0
256	H	C	ORI	CAM	0	431	0
257	H	C	ORI	CAM	0	436	0
258	H	C	ORI	CAM	0	440	0
259	H	C	ORI	CAM	0	436	0
260	H	C	ORI	CAM	0	431	0
261	H	C	ORI	CAM	0	445	0
262	H	C	ORI	CAM	0	435	0
263	H	C	ORI	CAM	0	430	0
264	H	C	ORI	CAM	0	438	0
265	H	C	ORI	CAM	0	434	0
266	H	C	ORI	CAM	0	429	0
267	H	C	ORI	CAM	0	437	0
268	H	C	ORI	CAM	0	431	0
269	H	C	ORI	CAM	0	433	0
270	H	C	ORI	CAM	0	430	0
271	H	C	ORI	CAM	0	428	0
272	H	C	ORI	CAM	0	433	0
273	H	C	ORI	CAM	0	438	0
274	H	C	ORI	CAM	0	435	0
275	H	C	ORI	CAM	0	443	0
276	H	C	ORI	CAM	0	425	0
277	H	C	ORI	CAM	0	433	0
278	H	C	ORI	CAM	0	439	0
279	H	C	ORI	CAM	0	434	0
280	H	C	ORI	CAM	0	434	0
281	H	C	ORI	CAM	0	446	0
282	H	C	ORI	CAM	0	440	0
283	H	C	ORI	CAM	0	430	0
284	H	C	ORI	CAM	0	437	0
285	H	C	ORI	CAM	0	430	0
286	H	C	ORI	CAM	0	425	0
287	H	C	ORI	CAM	0	430	0
288	H	C	ORI	CAM	0	444	0
289	H	C	ORI	CAM	0	435	0
290	H	C	ORI	CAM	0	426	0
291	H	C	ORI	CAM	0	434	0
292	H	C	ORI	CAM	0	427	0
293	H	C	ORI	CAM	0	437	0
294	H	C	ORI	CAM	0	437	0
295	H	C	ORI	CAM	0	436	0
296	H	C	ORI	CAM	0	432	0
297	H	C	ORI	CAM	0	441	0
298	H	C	ORI	CAM	0	437	0
299	H	C	ORI	CAM	0	431	0
300	H	C	ORI	CAM	0	435	0
1	I	C	SAM	CAM	84	433	0.19399538106235567
2	I	C	SAM	CAM	79	440	0.17954545454545454
3	I	C	SAM	CAM	86	440	0.19545454545454546
4	I	C	SAM	CAM	78	434	0.17972350230414746
5	I	C	SAM	CAM	77	436	0.17660550458715596
6	I	C	SAM	CAM	77	437	0.17620137299771166
7	I	C	SAM	CAM	83	432	0.19212962962962962
8	I	C	SAM	CAM	80	442	0.18099547511312217
9	I	C	SAM	CAM	76	431	0.17633410672853828
10	I	C	SAM	CAM	80	433	0.18475750577367206
11	I	C	SAM	CAM	76	437	0.17391304347826086
12	I	C	SAM	CAM	82	436	0.18807339449541285
13	I	C	SAM	CAM	77	444	0.17342342342342343
14	I	C	SAM	CAM	82	442	0.18552036199095023
15	I	C	SAM	CAM	78	427	0.18266978922716628
16	I	C	SAM	CAM	80	444	0.18018018018018017
17	I	C	SAM	CAM	80	438	0.18264840182648401
18	I	C	SAM	CAM	75	440	0.17045454545454544
19	I	C	SAM	CAM	80	429	0.18648018648018649
20	I	C	SAM	CAM	77	430	0.17906976744186046
21	I	C	SAM	CAM	81	429	0.1888111888111888
22	I	C	SAM	CAM	82	435	0.18850574712643678
23	I	C	SAM	CAM	77	430	0.17906976744186046
24	I	C	SAM	CAM	78	443	0.17607223476297967
25	I	C	SAM	CAM	73	434	0.16820276497695852
26	I	C	SAM	CAM	78	438	0.17808219178082191
27	I	C	SAM	CAM	74	436	0.16972477064220184
28	I	C	SAM	CAM	74	438	0.16894977168949771
29	I	C	SAM	CAM	78	436	0.17889908256880735
30	I	C	SAM	CAM	78	439	0.1776765375854214
31	I	C	SAM	CAM	79	438	0.18036529680365296
32	I	C	SAM	CAM	82	439	0.18678815489749431
33	I	C	SAM	CAM	72	436	0.16513761467889909
34	I	C	SAM	CAM	75	438	0.17123287671232876
35	I	C	SAM	CAM	78	438	0.17808219178082191
36	I	C	SAM	CAM	77	440	0.17499999999999999
37	I	C	SAM	CAM	82	442	0.18552036199095023
38	I	C	SAM	CAM	77	437	0.17620137299771166
39	I	C	SAM	CAM	77	434	0.17741935483870969
40	I	C	SAM	CAM	79	442	0.17873303167420815
41	I	C	SAM	CAM	80	444	0.18018018018018017
42	I	C	SAM	CAM	80	427	0.18735362997658081
43	I	C	SAM	CAM	75	434	0.1728110599078341
44	I	C	SAM	CAM	81	430	0.1883720930232558
45	I	C	SAM	CAM	80	431	0.18561484918793503
46	I	C	SAM	CAM	81	429	0.1888111888111888
47	I	C	SAM	CAM	79	444	0.17792792792792791
48	I	C	SAM	CAM	81	441	0.18367346938775511
49	I	C	SAM	CAM	79	431	0.18329466357308585
50	I	C	SAM	CAM	82	424	0.19339622641509435
51	I	C	SAM	CAM	76	428	0.17757009345794392
52	I	C	SAM	CAM	74	428	0.17289719626168223
53	I	C	SAM	CAM	79	444	0.17792792792792791
54	I	C	SAM	CAM	76	439	0.17312072892938496
55	I	C	SAM	CAM	78	435	0.1793103448275862
56	I	C	SAM	CAM	81	437	0.18535469107551489
57	I	C	SAM	CAM	78	433	0.18013856812933027
58	I	C	SAM	CAM	81	441	0.18367346938775511
59	I	C	SAM	CAM	76	424	0.17924528301886791
60	I	C	SAM	CAM	81	440	0.18409090909090908
61	I	C	SAM	CAM	78	436	0.17889908256880735
62	I	C	SAM	CAM	78	422	0.18483412322274881
63	I	C	SAM	CAM	81	433	0.18706697459584296
64	I	C	SAM	CAM	78	433	0.18013856812933027
65	I	C	SAM	CAM	75	432	0.1736111111111111
66	I	C	SAM	CAM	74	445	0.16629213483146069
67	I	C	SAM	CAM	80	430	0.18604651162790697
68	I	C	SAM	CAM	79	438	0.18036529680365296
69	I	C	SAM	CAM	78	438	0.17808219178082191
70	I	C	SAM	CAM	81	439	0.18451025056947609
71	I	C	SAM	CAM	83	432	0.19212962962962962
72	I	C	SAM	CAM	79	436	0.18119266055045871
73	I	C	SAM	CAM	78	435	0.1793103448275862
74	I	C	SAM	CAM	78	436	0.17889908256880735
75	I	C	SAM	CAM	82	452	0.18141592920353983
76	I	C	SAM	CAM	79	441	0.17913832199546487
77	I	C	SAM	CAM	80	441	0.18140589569160998
78	I	C	SAM	CAM	77	435	0.17701149425287357
79	I	C	SAM	CAM	82	425	0.19294117647058823
80	I	C	SAM	CAM	78	440	0.17727272727272728
81	I	C	SAM	CAM	75	436	0.17201834862385321
82	I	C	SAM	CAM	88	435	0.20229885057471264
83	I	C	SAM	CAM	70	426	0.16431924882629109
84	I	C	SAM	CAM	89	447	0.19910514541387025
85	I	C	SAM	CAM	75	434	0.1728110599078341
86	I	C	SAM	CAM	74	431	0.1716937354988399
87	I	C	SAM	CAM	80	432	0.18518518518518517
88	I	C	SAM	CAM	74	445	0.16629213483146069
89	I	C	SAM	CAM	81	432	0.1875
90	I	C	SAM	CAM	73	431	0.16937354988399073
91	I	C	SAM	CAM	83	436	0.19036697247706422
92	I	C	SAM	CAM	76	442	0.17194570135746606
93	I	C	SAM	CAM	79	426	0.18544600938967137
94	I	C	SAM	CAM	80	426	0.18779342723004694
95	I	C	SAM	CAM	83	431	0.1925754060324826
96	I	C	SAM	CAM	75	439	0.17084282460136674
97	I	C	SAM	CAM	75	436	0.17201834862385321
98	I	C	SAM	CAM	78	433	0.18013856812933027
99	I	C	SAM	CAM	76	434	0.17511520737327188
100	I	C	SAM	CAM	81	439	0.18451025056947609
101	I	C	SAM	CAM	74	435	0.17011494252873563
102	I	C	SAM	CAM	79	448	0.17633928571428573
103	I	C	SAM	CAM	80	438	0.18264840182648401
104	I	C	SAM	CAM	75	431	0.1740139211136891
105	I	C	SAM	CAM	73	435	0.167816091954023
106	I	C	SAM	CAM	76	435	0.17471264367816092
107	I	C	SAM	CAM	82	443	0.18510158013544017
108	I	C	SAM	CAM	79	426	0.18544600938967137
109	I	C	SAM	CAM	75	444	0.16891891891891891
110	I	C	SAM	CAM	78	427	0.18266978922716628
111	I	C	SAM	CAM	79	447	0.1767337807606264
112	I	C	SAM	CAM	83	436	0.19036697247706422
113	I	C	SAM	CAM	80	432	0.18518518518518517
114	I	C	SAM	CAM	78	442	0.17647058823529413
115	I	C	SAM	CAM	80	435	0.18390804597701149
116	I	C	SAM	CAM	74	445	0.16629213483146069
117	I	C	SAM	CAM	85	441	0.1927437641723356
118	I	C	SAM	CAM	75	436	0.17201834862385321
119	I	C	SAM	CAM	77	439	0.17539863325740318
120	I	C	SAM	CAM	75	451	0.16629711751662971
121	I	C	SAM	CAM	82	443	0.18510158013544017
122	I	C	SAM	CAM	85	432	0.19675925925925927
123	I	C	SAM	CAM	76	442	0.17194570135746606
124	I	C	SAM	CAM	74	437	0.16933638443935928
125	I	C	SAM	CAM	79	433	0.18244803695150116
126	I	C	SAM	CAM	76	438	0.17351598173515981
127	I	C	SAM	CAM	80	436	0.1834862385321101
128	I	C	SAM	CAM	79	436	0.18119266055045871
129	I	C	SAM	CAM	72	435	0.16551724137931034
130	I	C	SAM	CAM	79	433	0.18244803695150116
131	I	C	SAM	CAM	78	446	0.17488789237668162
132	I	C	SAM	CAM	82	442	0.18552036199095023
133	I	C	SAM	CAM	76	441	0.17233560090702948
134	I	C	SAM	CAM	82	444	0.18468468468468469
135	I	C	SAM	CAM	81	433	0.18706697459584296
136	I	C	SAM	CAM	74	432	0.17129629629629631
137	I	C	SAM	CAM	78	433	0.18013856812933027
138	I	C	SAM	CAM	79	438	0.18036529680365296
139	I	C	SAM	CAM	78	433	0.18013856812933027
140	I	C	SAM	CAM	74	433	0.17090069284064666
141	I	C	SAM	CAM	77	427	0.18032786885245902
142	I	C	SAM	CAM	77	425	0.1811764705882353
143	I	C	SAM	CAM	72	430	0.16744186046511628
144	I	C	SAM	CAM	76	434	0.17511520737327188
145	I	C	SAM	CAM	79	446	0.17713004484304934
146	I	C	SAM	CAM	80	439	0.18223234624145787
147	I	C	SAM	CAM	81	433	0.18706697459584296
148	I	C	SAM	CAM	81	437	0.18535469107551489
149	I	C	SAM	CAM	80	425	0.18823529411764706
150	I	C	SAM	CAM	78	440	0.17727272727272728
151	I	C	SAM	CAM	79	445	0.17752808988764046
152	I	C	SAM	CAM	74	435	0.17011494252873563
153	I	C	SAM	CAM	86	438	0.19634703196347031
154	I	C	SAM	CAM	83	445	0.18651685393258427
155	I	C	SAM	CAM	76	432	0.17592592592592593
156	I	C	SAM	CAM	76	429	0.17715617715617715
157	I	C	SAM	CAM	77	432	0.17824074074074073
158	I	C	SAM	CAM	81	435	0.18620689655172415
159	I	C	SAM	CAM	81	441	0.18367346938775511
160	I	C	SAM	CAM	80	439	0.18223234624145787
161	I	C	SAM	CAM	72	438	0.16438356164383561
162	I	C	SAM	CAM	80	436	0.1834862385321101
163	I	C	SAM	CAM	75	434	0.1728110599078341
164	I	C	SAM	CAM	77	437	0.17620137299771166
165	I	C	SAM	CAM	76	428	0.17757009345794392
166	I	C	SAM	CAM	76	436	0.1743119266055046
167	I	C	SAM	CAM	85	433	0.19630484988452657
168	I	C	SAM	CAM	76	435	0.17471264367816092
169	I	C	SAM	CAM	75	434	0.1728110599078341
170	I	C	SAM	CAM	79	432	0.18287037037037038
171	I	C	SAM	CAM	79	434	0.18202764976958524
172	I	C	SAM	CAM	81	444	0.18243243243243243
173	I	C	SAM	CAM	77	440	0.17499999999999999
174	I	C	SAM	CAM	76	435	0.17471264367816092
175	I	C	SAM	CAM	81	429	0.1888111888111888
176	I	C	SAM	CAM	79	437	0.18077803203661327
177	I	C	SAM	CAM	82	434	0.1889400921658986
178	I	C	SAM	CAM	79	442	0.17873303167420815
179	I	C	SAM	CAM	84	447	0.18791946308724833
180	I	C	SAM	CAM	77	442	0.17420814479638008
181	I	C	SAM	CAM	76	435	0.17471264367816092
182	I	C	SAM	CAM	78	441	0.17687074829931973
183	I	C	SAM	CAM	80	437	0.18306636155606407
184	I	C	SAM	CAM	79	436	0.18119266055045871
185	I	C	SAM	CAM	76	434	0.17511520737327188
186	I	C	SAM	CAM	78	437	0.17848970251716248
187	I	C	SAM	CAM	80	433	0.18475750577367206
188	I	C	SAM	CAM	77	430	0.17906976744186046
189	I	C	SAM	CAM	74	443	0.1670428893905192
190	I	C	SAM	CAM	79	434	0.18202764976958524
191	I	C	SAM	CAM	78	429	0.18181818181818182
192	I	C	SAM	CAM	82	430	0.19069767441860466
193	I	C	SAM	CAM	76	431	0.17633410672853828
194	I	C	SAM	CAM	74	423	0.17494089834515367
195	I	C	SAM	CAM	77	433	0.17782909930715934
196	I	C	SAM	CAM	76	436	0.1743119266055046
197	I	C	SAM	CAM	81	444	0.18243243243243243
198	I	C	SAM	CAM	80	446	0.17937219730941703
199	I	C	SAM	CAM	83	434	0.19124423963133641
200	I	C	SAM	CAM	73	431	0.16937354988399073
201	I	C	SAM	CAM	82	435	0.18850574712643678
202	I	C	SAM	CAM	81	427	0.18969555035128804
203	I	C	SAM	CAM	76	433	0.17551963048498845
204	I	C	SAM	CAM	83	437	0.18993135011441648
205	I	C	SAM	CAM	81	431	0.18793503480278423
206	I	C	SAM	CAM	80	435	0.18390804597701149
207	I	C	SAM	CAM	86	442	0.19457013574660634
208	I	C	SAM	CAM	75	434	0.1728110599078341
209	I	C	SAM	CAM	80	438	0.18264840182648401
210	I	C	SAM	CAM	80	434	0.18433179723502305
211	I	C	SAM	CAM	78	440	0.17727272727272728
212	I	C	SAM	CAM	82	447	0.18344519015659955
213	I	C	SAM	CAM	79	436	0.18119266055045871
214	I	C	SAM	CAM	74	428	0.17289719626168223
215	I	C	SAM	CAM	77	448	0.171875
216	I	C	SAM	CAM	81	442	0.18325791855203619
217	I	C	SAM	CAM	78	433	0.18013856812933027
218	I	C	SAM	CAM	77	431	0.17865429234338748
219	I	C	SAM	CAM	72	434	0.16589861751152074
220	I	C	SAM	CAM	80	445	0.1797752808988764
221	I	C	SAM	CAM	73	422	0.17298578199052134
222	I	C	SAM	CAM	78	425	0.18352941176470589
223	I	C	SAM	CAM	77	431	0.17865429234338748
224	I	C	SAM	CAM	73	432	0.16898148148148148
225	I	C	SAM	CAM	79	431	0.18329466357308585
226	I	C	SAM	CAM	79	430	0.18372093023255814
227	I	C	SAM	CAM	77	441	0.17460317460317459
228	I	C	SAM	CAM	77	444	0.17342342342342343
229	I	C	SAM	CAM	83	446	0.18609865470852019
230	I	C	SAM	CAM	77	439	0.17539863325740318
231	I	C	SAM	CAM	79	435	0.18160919540229886
232	I	C	SAM	CAM	79	434	0.18202764976958524
233	I	C	SAM	CAM	71	437	0.16247139588100687
234	I	C	SAM	CAM	82	435	0.18850574712643678
235	I	C	SAM	CAM	85	434	0.19585253456221199
236	I	C	SAM	CAM	79	431	0.18329466357308585
237	I	C	SAM	CAM	79	447	0.1767337807606264
238	I	C	SAM	CAM	73	438	0.16666666666666666
239	I	C	SAM	CAM	77	427	0.18032786885245902
240	I	C	SAM	CAM	84	437	0.19221967963386727
241	I	C	SAM	CAM	79	431	0.18329466357308585
242	I	C	SAM	CAM	82	441	0.18594104308390022
243	I	C	SAM	CAM	82	440	0.18636363636363637
244	I	C	SAM	CAM	80	438	0.18264840182648401
245	I	C	SAM	CAM	80	435	0.18390804597701149
246	I	C	SAM	CAM	79	441	0.17913832199546487
247	I	C	SAM	CAM	76	433	0.17551963048498845
248	I	C	SAM	CAM	74	435	0.17011494252873563
249	I	C	SAM	CAM	77	445	0.17303370786516853
250	I	C	SAM	CAM	86	431	0.19953596287703015
251	I	C	SAM	CAM	86	444	0.19369369369369369
252	I	C	SAM	CAM	74	439	0.16856492027334852
253	I	C	SAM	CAM	78	431	0.18097447795823665
254	I	C	SAM	CAM	80	428	0.18691588785046728
255	I	C	SAM	CAM	81	436	0.18577981651376146
256	I	C	SAM	CAM	80	431	0.18561484918793503
257	I	C	SAM	CAM	81	436	0.18577981651376146
258	I	C	SAM	CAM	77	440	0.17499999999999999
259	I	C	SAM	CAM	78	436	0.17889908256880735
260	I	C	SAM	CAM	78	431	0.18097447795823665
261	I	C	SAM	CAM	80	445	0.1797752808988764
262	I	C	SAM	CAM	81	435	0.18620689655172415
263	I	C	SAM	CAM	77	430	0.17906976744186046
264	I	C	SAM	CAM	81	438	0.18493150684931506
265	I	C	SAM	CAM	81	434	0.18663594470046083
266	I	C	SAM	CAM	81	429	0.1888111888111888
267	I	C	SAM	CAM	83	437	0.18993135011441648
268	I	C	SAM	CAM	79	431	0.18329466357308585
269	I	C	SAM	CAM	81	433	0.18706697459584296
270	I	C	SAM	CAM	75	430	0.1744186046511628
271	I	C	SAM	CAM	81	428	0.18925233644859812
272	I	C	SAM	CAM	81	433	0.18706697459584296
273	I	C	SAM	CAM	79	438	0.18036529680365296
274	I	C	SAM	CAM	80	435	0.18390804597701149
275	I	C	SAM	CAM	84	443	0.18961625282167044
276	I	C	SAM	CAM	78	425	0.18352941176470589
277	I	C	SAM	CAM	80	433	0.18475750577367206
278	I	C	SAM	CAM	79	439	0.17995444191343962
279	I	C	SAM	CAM	83	434	0.19124423963133641
280	I	C	SAM	CAM	80	434	0.18433179723502305
281	I	C	SAM	CAM	79	446	0.17713004484304934
282	I	C	SAM	CAM	78	440	0.17727272727272728
283	I	C	SAM	CAM	74	430	0.17209302325581396
284	I	C	SAM	CAM	82	437	0.18764302059496568
285	I	C	SAM	CAM	79	430	0.18372093023255814
286	I	C	SAM	CAM	77	425	0.1811764705882353
287	I	C	SAM	CAM	76	430	0.17674418604651163
288	I	C	SAM	CAM	73	444	0.16441441441441443
289	I	C	SAM	CAM	79	435	0.18160919540229886
290	I	C	SAM	CAM	78	426	0.18309859154929578
291	I	C	SAM	CAM	77	434	0.17741935483870969
292	I	C	SAM	CAM	76	427	0.17798594847775176
293	I	C	SAM	CAM	78	437	0.17848970251716248
294	I	C	SAM	CAM	77	437	0.17620137299771166
295	I	C	SAM	CAM	82	436	0.18807339449541285
296	I	C	SAM	CAM	78	432	0.18055555555555555
297	I	C	SAM	CAM	80	441	0.18140589569160998
298	I	C	SAM	CAM	80	437	0.18306636155606407
299	I	C	SAM	CAM	85	431	0.19721577726218098
300	I	C	SAM	CAM	83	435	0.19080459770114944
1	J	C	WNA	CAM	4	433	0.0092378752886836026
2	J	C	WNA	CAM	10	440	0.022727272727272728
3	J	C	WNA	CAM	12	440	0.027272727272727271
4	J	C	WNA	CAM	4	434	0.0092165898617511521
5	J	C	WNA	CAM	6	436	0.013761467889908258
6	J	C	WNA	CAM	6	437	0.013729977116704805
7	J	C	WNA	CAM	2	432	0.0046296296296296294
8	J	C	WNA	CAM	6	442	0.013574660633484163
9	J	C	WNA	CAM	6	431	0.013921113689095127
10	J	C	WNA	CAM	6	433	0.013856812933025405
11	J	C	WNA	CAM	8	437	0.018306636155606407
12	J	C	WNA	CAM	2	436	0.0045871559633027525
13	J	C	WNA	CAM	5	444	0.011261261261261261
14	J	C	WNA	CAM	5	442	0.011312217194570135
15	J	C	WNA	CAM	4	427	0.0093676814988290398
16	J	C	WNA	CAM	12	444	0.027027027027027029
17	J	C	WNA	CAM	6	438	0.013698630136986301
18	J	C	WNA	CAM	8	440	0.018181818181818181
19	J	C	WNA	CAM	7	429	0.016317016317016316
20	J	C	WNA	CAM	6	430	0.013953488372093023
21	J	C	WNA	CAM	5	429	0.011655011655011656
22	J	C	WNA	CAM	4	435	0.0091954022988505746
23	J	C	WNA	CAM	5	430	0.011627906976744186
24	J	C	WNA	CAM	6	443	0.013544018058690745
25	J	C	WNA	CAM	3	434	0.0069124423963133645
26	J	C	WNA	CAM	12	438	0.027397260273972601
27	J	C	WNA	CAM	7	436	0.016055045871559634
28	J	C	WNA	CAM	12	438	0.027397260273972601
29	J	C	WNA	CAM	5	436	0.011467889908256881
30	J	C	WNA	CAM	7	439	0.015945330296127564
31	J	C	WNA	CAM	5	438	0.011415525114155251
32	J	C	WNA	CAM	3	439	0.0068337129840546698
33	J	C	WNA	CAM	10	436	0.022935779816513763
34	J	C	WNA	CAM	4	438	0.0091324200913242004
35	J	C	WNA	CAM	9	438	0.020547945205479451
36	J	C	WNA	CAM	5	440	0.011363636363636364
37	J	C	WNA	CAM	6	442	0.013574660633484163
38	J	C	WNA	CAM	7	437	0.016018306636155607
39	J	C	WNA	CAM	7	434	0.016129032258064516
40	J	C	WNA	CAM	10	442	0.022624434389140271
41	J	C	WNA	CAM	6	444	0.013513513513513514
42	J	C	WNA	CAM	6	427	0.01405152224824356
43	J	C	WNA	CAM	11	434	0.025345622119815669
44	J	C	WNA	CAM	4	430	0.0093023255813953487
45	J	C	WNA	CAM	7	431	0.016241299303944315
46	J	C	WNA	CAM	5	429	0.011655011655011656
47	J	C	WNA	CAM	12	444	0.027027027027027029
48	J	C	WNA	CAM	3	441	0.0068027210884353739
49	J	C	WNA	CAM	10	431	0.023201856148491878
50	J	C	WNA	CAM	1	424	0.0023584905660377358
51	J	C	WNA	CAM	5	428	0.011682242990654205
52	J	C	WNA	CAM	7	428	0.016355140186915886
53	J	C	WNA	CAM	9	444	0.020270270270270271
54	J	C	WNA	CAM	2	439	0.0045558086560364463
55	J	C	WNA	CAM	8	435	0.018390804597701149
56	J	C	WNA	CAM	5	437	0.011441647597254004
57	J	C	WNA	CAM	10	433	0.023094688221709007
58	J	C	WNA	CAM	3	441	0.0068027210884353739
59	J	C	WNA	CAM	7	424	0.016509433962264151
60	J	C	WNA	CAM	5	440	0.011363636363636364
61	J	C	WNA	CAM	6	436	0.013761467889908258
62	J	C	WNA	CAM	1	422	0.0023696682464454978
63	J	C	WNA	CAM	3	433	0.0069284064665127024
64	J	C	WNA	CAM	5	433	0.011547344110854504
65	J	C	WNA	CAM	7	432	0.016203703703703703
66	J	C	WNA	CAM	7	445	0.015730337078651686
67	J	C	WNA	CAM	7	430	0.01627906976744186
68	J	C	WNA	CAM	8	438	0.018264840182648401
69	J	C	WNA	CAM	7	438	0.015981735159817351
70	J	C	WNA	CAM	6	439	0.01366742596810934
71	J	C	WNA	CAM	8	432	0.018518518518518517
72	J	C	WNA	CAM	7	436	0.016055045871559634
73	J	C	WNA	CAM	11	435	0.02528735632183908
74	J	C	WNA	CAM	5	436	0.011467889908256881
75	J	C	WNA	CAM	8	452	0.017699115044247787
76	J	C	WNA	CAM	5	441	0.011337868480725623
77	J	C	WNA	CAM	8	441	0.018140589569160998
78	J	C	WNA	CAM	7	435	0.016091954022988506
79	J	C	WNA	CAM	3	425	0.007058823529411765
80	J	C	WNA	CAM	8	440	0.018181818181818181
81	J	C	WNA	CAM	8	436	0.01834862385321101
82	J	C	WNA	CAM	5	435	0.011494252873563218
83	J	C	WNA	CAM	8	426	0.018779342723004695
84	J	C	WNA	CAM	4	447	0.008948545861297539
85	J	C	WNA	CAM	4	434	0.0092165898617511521
86	J	C	WNA	CAM	9	431	0.020881670533642691
87	J	C	WNA	CAM	5	432	0.011574074074074073
88	J	C	WNA	CAM	12	445	0.026966292134831461
89	J	C	WNA	CAM	3	432	0.0069444444444444441
90	J	C	WNA	CAM	9	431	0.020881670533642691
91	J	C	WNA	CAM	6	436	0.013761467889908258
92	J	C	WNA	CAM	10	442	0.022624434389140271
93	J	C	WNA	CAM	7	426	0.016431924882629109
94	J	C	WNA	CAM	3	426	0.0070422535211267607
95	J	C	WNA	CAM	9	431	0.020881670533642691
96	J	C	WNA	CAM	4	439	0.0091116173120728925
97	J	C	WNA	CAM	6	436	0.013761467889908258
98	J	C	WNA	CAM	10	433	0.023094688221709007
99	J	C	WNA	CAM	3	434	0.0069124423963133645
100	J	C	WNA	CAM	7	439	0.015945330296127564
101	J	C	WNA	CAM	9	435	0.020689655172413793
102	J	C	WNA	CAM	9	448	0.020089285714285716
103	J	C	WNA	CAM	5	438	0.011415525114155251
104	J	C	WNA	CAM	5	431	0.011600928074245939
105	J	C	WNA	CAM	2	435	0.0045977011494252873
106	J	C	WNA	CAM	9	435	0.020689655172413793
107	J	C	WNA	CAM	6	443	0.013544018058690745
108	J	C	WNA	CAM	5	426	0.011737089201877934
109	J	C	WNA	CAM	11	444	0.024774774774774775
110	J	C	WNA	CAM	9	427	0.021077283372365339
111	J	C	WNA	CAM	8	447	0.017897091722595078
112	J	C	WNA	CAM	8	436	0.01834862385321101
113	J	C	WNA	CAM	4	432	0.0092592592592592587
114	J	C	WNA	CAM	8	442	0.018099547511312219
115	J	C	WNA	CAM	9	435	0.020689655172413793
116	J	C	WNA	CAM	4	445	0.008988764044943821
117	J	C	WNA	CAM	6	441	0.013605442176870748
118	J	C	WNA	CAM	4	436	0.0091743119266055051
119	J	C	WNA	CAM	4	439	0.0091116173120728925
120	J	C	WNA	CAM	6	451	0.013303769401330377
121	J	C	WNA	CAM	6	443	0.013544018058690745
122	J	C	WNA	CAM	3	432	0.0069444444444444441
123	J	C	WNA	CAM	5	442	0.011312217194570135
124	J	C	WNA	CAM	4	437	0.0091533180778032037
125	J	C	WNA	CAM	9	433	0.020785219399538105
126	J	C	WNA	CAM	4	438	0.0091324200913242004
127	J	C	WNA	CAM	8	436	0.01834862385321101
128	J	C	WNA	CAM	5	436	0.011467889908256881
129	J	C	WNA	CAM	3	435	0.0068965517241379309
130	J	C	WNA	CAM	3	433	0.0069284064665127024
131	J	C	WNA	CAM	10	446	0.022421524663677129
132	J	C	WNA	CAM	14	442	0.031674208144796379
133	J	C	WNA	CAM	8	441	0.018140589569160998
134	J	C	WNA	CAM	10	444	0.022522522522522521
135	J	C	WNA	CAM	2	433	0.0046189376443418013
136	J	C	WNA	CAM	6	432	0.013888888888888888
137	J	C	WNA	CAM	10	433	0.023094688221709007
138	J	C	WNA	CAM	10	438	0.022831050228310501
139	J	C	WNA	CAM	5	433	0.011547344110854504
140	J	C	WNA	CAM	9	433	0.020785219399538105
141	J	C	WNA	CAM	3	427	0.0070257611241217799
142	J	C	WNA	CAM	5	425	0.011764705882352941
143	J	C	WNA	CAM	4	430	0.0093023255813953487
144	J	C	WNA	CAM	8	434	0.018433179723502304
145	J	C	WNA	CAM	4	446	0.0089686098654708519
146	J	C	WNA	CAM	7	439	0.015945330296127564
147	J	C	WNA	CAM	9	433	0.020785219399538105
148	J	C	WNA	CAM	4	437	0.0091533180778032037
149	J	C	WNA	CAM	4	425	0.0094117647058823521
150	J	C	WNA	CAM	9	440	0.020454545454545454
151	J	C	WNA	CAM	6	445	0.013483146067415731
152	J	C	WNA	CAM	9	435	0.020689655172413793
153	J	C	WNA	CAM	11	438	0.025114155251141551
154	J	C	WNA	CAM	10	445	0.02247191011235955
155	J	C	WNA	CAM	6	432	0.013888888888888888
156	J	C	WNA	CAM	7	429	0.016317016317016316
157	J	C	WNA	CAM	8	432	0.018518518518518517
158	J	C	WNA	CAM	4	435	0.0091954022988505746
159	J	C	WNA	CAM	11	441	0.024943310657596373
160	J	C	WNA	CAM	12	439	0.027334851936218679
161	J	C	WNA	CAM	8	438	0.018264840182648401
162	J	C	WNA	CAM	10	436	0.022935779816513763
163	J	C	WNA	CAM	7	434	0.016129032258064516
164	J	C	WNA	CAM	6	437	0.013729977116704805
165	J	C	WNA	CAM	6	428	0.014018691588785047
166	J	C	WNA	CAM	7	436	0.016055045871559634
167	J	C	WNA	CAM	11	433	0.025404157043879907
168	J	C	WNA	CAM	8	435	0.018390804597701149
169	J	C	WNA	CAM	1	434	0.002304147465437788
170	J	C	WNA	CAM	7	432	0.016203703703703703
171	J	C	WNA	CAM	5	434	0.011520737327188941
172	J	C	WNA	CAM	9	444	0.020270270270270271
173	J	C	WNA	CAM	7	440	0.015909090909090907
174	J	C	WNA	CAM	5	435	0.011494252873563218
175	J	C	WNA	CAM	8	429	0.018648018648018648
176	J	C	WNA	CAM	4	437	0.0091533180778032037
177	J	C	WNA	CAM	7	434	0.016129032258064516
178	J	C	WNA	CAM	10	442	0.022624434389140271
179	J	C	WNA	CAM	6	447	0.013422818791946308
180	J	C	WNA	CAM	9	442	0.020361990950226245
181	J	C	WNA	CAM	8	435	0.018390804597701149
182	J	C	WNA	CAM	5	441	0.011337868480725623
183	J	C	WNA	CAM	6	437	0.013729977116704805
184	J	C	WNA	CAM	6	436	0.013761467889908258
185	J	C	WNA	CAM	9	434	0.020737327188940093
186	J	C	WNA	CAM	11	437	0.025171624713958809
187	J	C	WNA	CAM	6	433	0.013856812933025405
188	J	C	WNA	CAM	7	430	0.01627906976744186
189	J	C	WNA	CAM	8	443	0.018058690744920992
190	J	C	WNA	CAM	5	434	0.011520737327188941
191	J	C	WNA	CAM	11	429	0.02564102564102564
192	J	C	WNA	CAM	5	430	0.011627906976744186
193	J	C	WNA	CAM	2	431	0.0046403712296983757
194	J	C	WNA	CAM	11	423	0.026004728132387706
195	J	C	WNA	CAM	5	433	0.011547344110854504
196	J	C	WNA	CAM	7	436	0.016055045871559634
197	J	C	WNA	CAM	5	444	0.011261261261261261
198	J	C	WNA	CAM	7	446	0.015695067264573991
199	J	C	WNA	CAM	9	434	0.020737327188940093
200	J	C	WNA	CAM	6	431	0.013921113689095127
201	J	C	WNA	CAM	6	435	0.013793103448275862
202	J	C	WNA	CAM	7	427	0.016393442622950821
203	J	C	WNA	CAM	11	433	0.025404157043879907
204	J	C	WNA	CAM	7	437	0.016018306636155607
205	J	C	WNA	CAM	4	431	0.0092807424593967514
206	J	C	WNA	CAM	8	435	0.018390804597701149
207	J	C	WNA	CAM	6	442	0.013574660633484163
208	J	C	WNA	CAM	4	434	0.0092165898617511521
209	J	C	WNA	CAM	5	438	0.011415525114155251
210	J	C	WNA	CAM	6	434	0.013824884792626729
211	J	C	WNA	CAM	7	440	0.015909090909090907
212	J	C	WNA	CAM	4	447	0.008948545861297539
213	J	C	WNA	CAM	6	436	0.013761467889908258
214	J	C	WNA	CAM	7	428	0.016355140186915886
215	J	C	WNA	CAM	10	448	0.022321428571428572
216	J	C	WNA	CAM	10	442	0.022624434389140271
217	J	C	WNA	CAM	4	433	0.0092378752886836026
218	J	C	WNA	CAM	8	431	0.018561484918793503
219	J	C	WNA	CAM	7	434	0.016129032258064516
220	J	C	WNA	CAM	8	445	0.017977528089887642
221	J	C	WNA	CAM	10	422	0.023696682464454975
222	J	C	WNA	CAM	10	425	0.023529411764705882
223	J	C	WNA	CAM	3	431	0.0069605568445475635
224	J	C	WNA	CAM	9	432	0.020833333333333332
225	J	C	WNA	CAM	6	431	0.013921113689095127
226	J	C	WNA	CAM	8	430	0.018604651162790697
227	J	C	WNA	CAM	11	441	0.024943310657596373
228	J	C	WNA	CAM	5	444	0.011261261261261261
229	J	C	WNA	CAM	5	446	0.011210762331838564
230	J	C	WNA	CAM	10	439	0.022779043280182234
231	J	C	WNA	CAM	5	435	0.011494252873563218
232	J	C	WNA	CAM	5	434	0.011520737327188941
233	J	C	WNA	CAM	11	437	0.025171624713958809
234	J	C	WNA	CAM	5	435	0.011494252873563218
235	J	C	WNA	CAM	8	434	0.018433179723502304
236	J	C	WNA	CAM	6	431	0.013921113689095127
237	J	C	WNA	CAM	7	447	0.015659955257270694
238	J	C	WNA	CAM	2	438	0.0045662100456621002
239	J	C	WNA	CAM	5	427	0.011709601873536301
240	J	C	WNA	CAM	8	437	0.018306636155606407
241	J	C	WNA	CAM	6	431	0.013921113689095127
242	J	C	WNA	CAM	11	441	0.024943310657596373
243	J	C	WNA	CAM	14	440	0.031818181818181815
244	J	C	WNA	CAM	6	438	0.013698630136986301
245	J	C	WNA	CAM	9	435	0.020689655172413793
246	J	C	WNA	CAM	5	441	0.011337868480725623
247	J	C	WNA	CAM	5	433	0.011547344110854504
248	J	C	WNA	CAM	8	435	0.018390804597701149
249	J	C	WNA	CAM	11	445	0.024719101123595506
250	J	C	WNA	CAM	6	431	0.013921113689095127
251	J	C	WNA	CAM	12	444	0.027027027027027029
252	J	C	WNA	CAM	6	439	0.01366742596810934
253	J	C	WNA	CAM	8	431	0.018561484918793503
254	J	C	WNA	CAM	6	428	0.014018691588785047
255	J	C	WNA	CAM	6	436	0.013761467889908258
256	J	C	WNA	CAM	11	431	0.025522041763341066
257	J	C	WNA	CAM	6	436	0.013761467889908258
258	J	C	WNA	CAM	5	440	0.011363636363636364
259	J	C	WNA	CAM	8	436	0.01834862385321101
260	J	C	WNA	CAM	7	431	0.016241299303944315
261	J	C	WNA	CAM	6	445	0.013483146067415731
262	J	C	WNA	CAM	10	435	0.022988505747126436
263	J	C	WNA	CAM	8	430	0.018604651162790697
264	J	C	WNA	CAM	6	438	0.013698630136986301
265	J	C	WNA	CAM	15	434	0.034562211981566823
266	J	C	WNA	CAM	8	429	0.018648018648018648
267	J	C	WNA	CAM	5	437	0.011441647597254004
268	J	C	WNA	CAM	6	431	0.013921113689095127
269	J	C	WNA	CAM	6	433	0.013856812933025405
270	J	C	WNA	CAM	4	430	0.0093023255813953487
271	J	C	WNA	CAM	4	428	0.0093457943925233638
272	J	C	WNA	CAM	4	433	0.0092378752886836026
273	J	C	WNA	CAM	6	438	0.013698630136986301
274	J	C	WNA	CAM	6	435	0.013793103448275862
275	J	C	WNA	CAM	7	443	0.01580135440180587
276	J	C	WNA	CAM	5	425	0.011764705882352941
277	J	C	WNA	CAM	7	433	0.016166281755196306
278	J	C	WNA	CAM	7	439	0.015945330296127564
279	J	C	WNA	CAM	7	434	0.016129032258064516
280	J	C	WNA	CAM	8	434	0.018433179723502304
281	J	C	WNA	CAM	9	446	0.020179372197309416
282	J	C	WNA	CAM	8	440	0.018181818181818181
283	J	C	WNA	CAM	4	430	0.0093023255813953487
284	J	C	WNA	CAM	9	437	0.020594965675057208
285	J	C	WNA	CAM	12	430	0.027906976744186046
286	J	C	WNA	CAM	4	425	0.0094117647058823521
287	J	C	WNA	CAM	3	430	0.0069767441860465115
288	J	C	WNA	CAM	10	444	0.022522522522522521
289	J	C	WNA	CAM	2	435	0.0045977011494252873
290	J	C	WNA	CAM	8	426	0.018779342723004695
291	J	C	WNA	CAM	6	434	0.013824884792626729
292	J	C	WNA	CAM	12	427	0.028103044496487119
293	J	C	WNA	CAM	5	437	0.011441647597254004
294	J	C	WNA	CAM	8	437	0.018306636155606407
295	J	C	WNA	CAM	8	436	0.01834862385321101
296	J	C	WNA	CAM	11	432	0.025462962962962962
297	J	C	WNA	CAM	7	441	0.015873015873015872
298	J	C	WNA	CAM	5	437	0.011441647597254004
299	J	C	WNA	CAM	4	431	0.0092807424593967514
300	J	C	WNA	CAM	6	435	0.013793103448275862
1	K	C	WPA	CAM	0	433	0
2	K	C	WPA	CAM	0	440	0
3	K	C	WPA	CAM	0	440	0
4	K	C	WPA	CAM	0	434	0
5	K	C	WPA	CAM	0	436	0
6	K	C	WPA	CAM	0	437	0
7	K	C	WPA	CAM	0	432	0
8	K	C	WPA	CAM	0	442	0
9	K	C	WPA	CAM	0	431	0
10	K	C	WPA	CAM	0	433	0
11	K	C	WPA	CAM	0	437	0
12	K	C	WPA	CAM	0	436	0
13	K	C	WPA	CAM	0	444	0
14	K	C	WPA	CAM	0	442	0
15	K	C	WPA	CAM	0	427	0
16	K	C	WPA	CAM	0	444	0
17	K	C	WPA	CAM	0	438	0
18	K	C	WPA	CAM	0	440	0
19	K	C	WPA	CAM	0	429	0
20	K	C	WPA	CAM	0	430	0
21	K	C	WPA	CAM	0	429	0
22	K	C	WPA	CAM	0	435	0
23	K	C	WPA	CAM	0	430	0
24	K	C	WPA	CAM	0	443	0
25	K	C	WPA	CAM	0	434	0
26	K	C	WPA	CAM	0	438	0
27	K	C	WPA	CAM	0	436	0
28	K	C	WPA	CAM	0	438	0
29	K	C	WPA	CAM	0	436	0
30	K	C	WPA	CAM	0	439	0
31	K	C	WPA	CAM	0	438	0
32	K	C	WPA	CAM	0	439	0
33	K	C	WPA	CAM	0	436	0
34	K	C	WPA	CAM	0	438	0
35	K	C	WPA	CAM	0	438	0
36	K	C	WPA	CAM	0	440	0
37	K	C	WPA	CAM	0	442	0
38	K	C	WPA	CAM	0	437	0
39	K	C	WPA	CAM	0	434	0
40	K	C	WPA	CAM	0	442	0
41	K	C	WPA	CAM	0	444	0
42	K	C	WPA	CAM	0	427	0
43	K	C	WPA	CAM	0	434	0
44	K	C	WPA	CAM	0	430	0
45	K	C	WPA	CAM	0	431	0
46	K	C	WPA	CAM	0	429	0
47	K	C	WPA	CAM	0	444	0
48	K	C	WPA	CAM	0	441	0
49	K	C	WPA	CAM	0	431	0
50	K	C	WPA	CAM	0	424	0
51	K	C	WPA	CAM	0	428	0
52	K	C	WPA	CAM	0	428	0
53	K	C	WPA	CAM	0	444	0
54	K	C	WPA	CAM	0	439	0
55	K	C	WPA	CAM	0	435	0
56	K	C	WPA	CAM	0	437	0
57	K	C	WPA	CAM	0	433	0
58	K	C	WPA	CAM	0	441	0
59	K	C	WPA	CAM	0	424	0
60	K	C	WPA	CAM	0	440	0
61	K	C	WPA	CAM	0	436	0
62	K	C	WPA	CAM	0	422	0
63	K	C	WPA	CAM	0	433	0
64	K	C	WPA	CAM	0	433	0
65	K	C	WPA	CAM	0	432	0
66	K	C	WPA	CAM	0	445	0
67	K	C	WPA	CAM	0	430	0
68	K	C	WPA	CAM	0	438	0
69	K	C	WPA	CAM	0	438	0
70	K	C	WPA	CAM	0	439	0
71	K	C	WPA	CAM	0	432	0
72	K	C	WPA	CAM	0	436	0
73	K	C	WPA	CAM	0	435	0
74	K	C	WPA	CAM	0	436	0
75	K	C	WPA	CAM	0	452	0
76	K	C	WPA	CAM	0	441	0
77	K	C	WPA	CAM	0	441	0
78	K	C	WPA	CAM	0	435	0
79	K	C	WPA	CAM	0	425	0
80	K	C	WPA	CAM	0	440	0
81	K	C	WPA	CAM	0	436	0
82	K	C	WPA	CAM	0	435	0
83	K	C	WPA	CAM	0	426	0
84	K	C	WPA	CAM	0	447	0
85	K	C	WPA	CAM	0	434	0
86	K	C	WPA	CAM	0	431	0
87	K	C	WPA	CAM	0	432	0
88	K	C	WPA	CAM	0	445	0
89	K	C	WPA	CAM	0	432	0
90	K	C	WPA	CAM	0	431	0
91	K	C	WPA	CAM	0	436	0
92	K	C	WPA	CAM	0	442	0
93	K	C	WPA	CAM	0	426	0
94	K	C	WPA	CAM	0	426	0
95	K	C	WPA	CAM	0	431	0
96	K	C	WPA	CAM	0	439	0
97	K	C	WPA	CAM	0	436	0
98	K	C	WPA	CAM	0	433	0
99	K	C	WPA	CAM	0	434	0
100	K	C	WPA	CAM	0	439	0
101	K	C	WPA	CAM	0	435	0
102	K	C	WPA	CAM	0	448	0
103	K	C	WPA	CAM	0	438	0
104	K	C	WPA	CAM	0	431	0
105	K	C	WPA	CAM	0	435	0
106	K	C	WPA	CAM	0	435	0
107	K	C	WPA	CAM	0	443	0
108	K	C	WPA	CAM	0	426	0
109	K	C	WPA	CAM	0	444	0
110	K	C	WPA	CAM	0	427	0
111	K	C	WPA	CAM	0	447	0
112	K	C	WPA	CAM	0	436	0
113	K	C	WPA	CAM	0	432	0
114	K	C	WPA	CAM	0	442	0
115	K	C	WPA	CAM	0	435	0
116	K	C	WPA	CAM	0	445	0
117	K	C	WPA	CAM	0	441	0
118	K	C	WPA	CAM	0	436	0
119	K	C	WPA	CAM	0	439	0
120	K	C	WPA	CAM	0	451	0
121	K	C	WPA	CAM	0	443	0
122	K	C	WPA	CAM	0	432	0
123	K	C	WPA	CAM	0	442	0
124	K	C	WPA	CAM	0	437	0
125	K	C	WPA	CAM	0	433	0
126	K	C	WPA	CAM	0	438	0
127	K	C	WPA	CAM	0	436	0
128	K	C	WPA	CAM	0	436	0
129	K	C	WPA	CAM	0	435	0
130	K	C	WPA	CAM	0	433	0
131	K	C	WPA	CAM	0	446	0
132	K	C	WPA	CAM	0	442	0
133	K	C	WPA	CAM	0	441	0
134	K	C	WPA	CAM	0	444	0
135	K	C	WPA	CAM	0	433	0
136	K	C	WPA	CAM	0	432	0
137	K	C	WPA	CAM	0	433	0
138	K	C	WPA	CAM	0	438	0
139	K	C	WPA	CAM	0	433	0
140	K	C	WPA	CAM	0	433	0
141	K	C	WPA	CAM	0	427	0
142	K	C	WPA	CAM	0	425	0
143	K	C	WPA	CAM	0	430	0
144	K	C	WPA	CAM	0	434	0
145	K	C	WPA	CAM	0	446	0
146	K	C	WPA	CAM	0	439	0
147	K	C	WPA	CAM	0	433	0
148	K	C	WPA	CAM	0	437	0
149	K	C	WPA	CAM	0	425	0
150	K	C	WPA	CAM	0	440	0
151	K	C	WPA	CAM	0	445	0
152	K	C	WPA	CAM	0	435	0
153	K	C	WPA	CAM	0	438	0
154	K	C	WPA	CAM	0	445	0
155	K	C	WPA	CAM	0	432	0
156	K	C	WPA	CAM	0	429	0
157	K	C	WPA	CAM	0	432	0
158	K	C	WPA	CAM	0	435	0
159	K	C	WPA	CAM	0	441	0
160	K	C	WPA	CAM	0	439	0
161	K	C	WPA	CAM	0	438	0
162	K	C	WPA	CAM	0	436	0
163	K	C	WPA	CAM	0	434	0
164	K	C	WPA	CAM	0	437	0
165	K	C	WPA	CAM	0	428	0
166	K	C	WPA	CAM	0	436	0
167	K	C	WPA	CAM	0	433	0
168	K	C	WPA	CAM	0	435	0
169	K	C	WPA	CAM	0	434	0
170	K	C	WPA	CAM	0	432	0
171	K	C	WPA	CAM	0	434	0
172	K	C	WPA	CAM	0	444	0
173	K	C	WPA	CAM	0	440	0
174	K	C	WPA	CAM	0	435	0
175	K	C	WPA	CAM	0	429	0
176	K	C	WPA	CAM	0	437	0
177	K	C	WPA	CAM	0	434	0
178	K	C	WPA	CAM	0	442	0
179	K	C	WPA	CAM	0	447	0
180	K	C	WPA	CAM	0	442	0
181	K	C	WPA	CAM	0	435	0
182	K	C	WPA	CAM	0	441	0
183	K	C	WPA	CAM	0	437	0
184	K	C	WPA	CAM	0	436	0
185	K	C	WPA	CAM	0	434	0
186	K	C	WPA	CAM	0	437	0
187	K	C	WPA	CAM	0	433	0
188	K	C	WPA	CAM	0	430	0
189	K	C	WPA	CAM	0	443	0
190	K	C	WPA	CAM	0	434	0
191	K	C	WPA	CAM	0	429	0
192	K	C	WPA	CAM	0	430	0
193	K	C	WPA	CAM	0	431	0
194	K	C	WPA	CAM	0	423	0
195	K	C	WPA	CAM	0	433	0
196	K	C	WPA	CAM	0	436	0
197	K	C	WPA	CAM	0	444	0
198	K	C	WPA	CAM	0	446	0
199	K	C	WPA	CAM	0	434	0
200	K	C	WPA	CAM	0	431	0
201	K	C	WPA	CAM	0	435	0
202	K	C	WPA	CAM	0	427	0
203	K	C	WPA	CAM	0	433	0
204	K	C	WPA	CAM	0	437	0
205	K	C	WPA	CAM	0	431	0
206	K	C	WPA	CAM	0	435	0
207	K	C	WPA	CAM	0	442	0
208	K	C	WPA	CAM	0	434	0
209	K	C	WPA	CAM	0	438	0
210	K	C	WPA	CAM	0	434	0
211	K	C	WPA	CAM	0	440	0
212	K	C	WPA	CAM	0	447	0
213	K	C	WPA	CAM	0	436	0
214	K	C	WPA	CAM	0	428	0
215	K	C	WPA	CAM	0	448	0
216	K	C	WPA	CAM	0	442	0
217	K	C	WPA	CAM	0	433	0
218	K	C	WPA	CAM	0	431	0
219	K	C	WPA	CAM	0	434	0
220	K	C	WPA	CAM	0	445	0
221	K	C	WPA	CAM	0	422	0
222	K	C	WPA	CAM	0	425	0
223	K	C	WPA	CAM	0	431	0
224	K	C	WPA	CAM	0	432	0
225	K	C	WPA	CAM	0	431	0
226	K	C	WPA	CAM	0	430	0
227	K	C	WPA	CAM	0	441	0
228	K	C	WPA	CAM	0	444	0
229	K	C	WPA	CAM	0	446	0
230	K	C	WPA	CAM	0	439	0
231	K	C	WPA	CAM	0	435	0
232	K	C	WPA	CAM	0	434	0
233	K	C	WPA	CAM	0	437	0
234	K	C	WPA	CAM	0	435	0
235	K	C	WPA	CAM	0	434	0
236	K	C	WPA	CAM	0	431	0
237	K	C	WPA	CAM	0	447	0
238	K	C	WPA	CAM	0	438	0
239	K	C	WPA	CAM	0	427	0
240	K	C	WPA	CAM	0	437	0
241	K	C	WPA	CAM	0	431	0
242	K	C	WPA	CAM	0	441	0
243	K	C	WPA	CAM	0	440	0
244	K	C	WPA	CAM	0	438	0
245	K	C	WPA	CAM	0	435	0
246	K	C	WPA	CAM	0	441	0
247	K	C	WPA	CAM	0	433	0
248	K	C	WPA	CAM	0	435	0
249	K	C	WPA	CAM	0	445	0
250	K	C	WPA	CAM	0	431	0
251	K	C	WPA	CAM	0	444	0
252	K	C	WPA	CAM	0	439	0
253	K	C	WPA	CAM	0	431	0
254	K	C	WPA	CAM	0	428	0
255	K	C	WPA	CAM	0	436	0
256	K	C	WPA	CAM	0	431	0
257	K	C	WPA	CAM	0	436	0
258	K	C	WPA	CAM	0	440	0
259	K	C	WPA	CAM	0	436	0
260	K	C	WPA	CAM	0	431	0
261	K	C	WPA	CAM	0	445	0
262	K	C	WPA	CAM	0	435	0
263	K	C	WPA	CAM	0	430	0
264	K	C	WPA	CAM	0	438	0
265	K	C	WPA	CAM	0	434	0
266	K	C	WPA	CAM	0	429	0
267	K	C	WPA	CAM	0	437	0
268	K	C	WPA	CAM	0	431	0
269	K	C	WPA	CAM	0	433	0
270	K	C	WPA	CAM	0	430	0
271	K	C	WPA	CAM	0	428	0
272	K	C	WPA	CAM	0	433	0
273	K	C	WPA	CAM	0	438	0
274	K	C	WPA	CAM	0	435	0
275	K	C	WPA	CAM	0	443	0
276	K	C	WPA	CAM	0	425	0
277	K	C	WPA	CAM	0	433	0
278	K	C	WPA	CAM	0	439	0
279	K	C	WPA	CAM	0	434	0
280	K	C	WPA	CAM	0	434	0
281	K	C	WPA	CAM	0	446	0
282	K	C	WPA	CAM	0	440	0
283	K	C	WPA	CAM	0	430	0
284	K	C	WPA	CAM	0	437	0
285	K	C	WPA	CAM	0	430	0
286	K	C	WPA	CAM	0	425	0
287	K	C	WPA	CAM	0	430	0
288	K	C	WPA	CAM	0	444	0
289	K	C	WPA	CAM	0	435	0
290	K	C	WPA	CAM	0	426	0
291	K	C	WPA	CAM	0	434	0
292	K	C	WPA	CAM	0	427	0
293	K	C	WPA	CAM	0	437	0
294	K	C	WPA	CAM	0	437	0
295	K	C	WPA	CAM	0	436	0
296	K	C	WPA	CAM	0	432	0
297	K	C	WPA	CAM	0	441	0
298	K	C	WPA	CAM	0	437	0
299	K	C	WPA	CAM	0	431	0
300	K	C	WPA	CAM	0	435	0
1	A	D	AF	ENA	0	433	0
2	A	D	AF	ENA	0	440	0
3	A	D	AF	ENA	0	440	0
4	A	D	AF	ENA	0	434	0
5	A	D	AF	ENA	0	436	0
6	A	D	AF	ENA	0	437	0
7	A	D	AF	ENA	0	432	0
8	A	D	AF	ENA	0	442	0
9	A	D	AF	ENA	0	431	0
10	A	D	AF	ENA	0	433	0
11	A	D	AF	ENA	0	437	0
12	A	D	AF	ENA	0	436	0
13	A	D	AF	ENA	0	444	0
14	A	D	AF	ENA	0	442	0
15	A	D	AF	ENA	0	427	0
16	A	D	AF	ENA	0	444	0
17	A	D	AF	ENA	0	438	0
18	A	D	AF	ENA	0	440	0
19	A	D	AF	ENA	0	429	0
20	A	D	AF	ENA	0	430	0
21	A	D	AF	ENA	0	429	0
22	A	D	AF	ENA	0	435	0
23	A	D	AF	ENA	0	430	0
24	A	D	AF	ENA	0	443	0
25	A	D	AF	ENA	0	434	0
26	A	D	AF	ENA	0	438	0
27	A	D	AF	ENA	0	436	0
28	A	D	AF	ENA	0	438	0
29	A	D	AF	ENA	0	436	0
30	A	D	AF	ENA	0	439	0
31	A	D	AF	ENA	0	438	0
32	A	D	AF	ENA	0	439	0
33	A	D	AF	ENA	0	436	0
34	A	D	AF	ENA	0	438	0
35	A	D	AF	ENA	0	438	0
36	A	D	AF	ENA	0	440	0
37	A	D	AF	ENA	0	442	0
38	A	D	AF	ENA	0	437	0
39	A	D	AF	ENA	0	434	0
40	A	D	AF	ENA	0	442	0
41	A	D	AF	ENA	0	444	0
42	A	D	AF	ENA	0	427	0
43	A	D	AF	ENA	0	434	0
44	A	D	AF	ENA	0	430	0
45	A	D	AF	ENA	0	431	0
46	A	D	AF	ENA	0	429	0
47	A	D	AF	ENA	0	444	0
48	A	D	AF	ENA	0	441	0
49	A	D	AF	ENA	0	431	0
50	A	D	AF	ENA	0	424	0
51	A	D	AF	ENA	0	428	0
52	A	D	AF	ENA	0	428	0
53	A	D	AF	ENA	0	444	0
54	A	D	AF	ENA	0	439	0
55	A	D	AF	ENA	0	435	0
56	A	D	AF	ENA	0	437	0
57	A	D	AF	ENA	0	433	0
58	A	D	AF	ENA	0	441	0
59	A	D	AF	ENA	0	424	0
60	A	D	AF	ENA	0	440	0
61	A	D	AF	ENA	0	436	0
62	A	D	AF	ENA	0	422	0
63	A	D	AF	ENA	0	433	0
64	A	D	AF	ENA	0	433	0
65	A	D	AF	ENA	0	432	0
66	A	D	AF	ENA	0	445	0
67	A	D	AF	ENA	0	430	0
68	A	D	AF	ENA	0	438	0
69	A	D	AF	ENA	0	438	0
70	A	D	AF	ENA	0	439	0
71	A	D	AF	ENA	0	432	0
72	A	D	AF	ENA	0	436	0
73	A	D	AF	ENA	0	435	0
74	A	D	AF	ENA	0	436	0
75	A	D	AF	ENA	0	452	0
76	A	D	AF	ENA	0	441	0
77	A	D	AF	ENA	0	441	0
78	A	D	AF	ENA	0	435	0
79	A	D	AF	ENA	0	425	0
80	A	D	AF	ENA	0	440	0
81	A	D	AF	ENA	0	436	0
82	A	D	AF	ENA	0	435	0
83	A	D	AF	ENA	0	426	0
84	A	D	AF	ENA	0	447	0
85	A	D	AF	ENA	0	434	0
86	A	D	AF	ENA	0	431	0
87	A	D	AF	ENA	0	432	0
88	A	D	AF	ENA	0	445	0
89	A	D	AF	ENA	0	432	0
90	A	D	AF	ENA	0	431	0
91	A	D	AF	ENA	0	436	0
92	A	D	AF	ENA	0	442	0
93	A	D	AF	ENA	0	426	0
94	A	D	AF	ENA	0	426	0
95	A	D	AF	ENA	0	431	0
96	A	D	AF	ENA	0	439	0
97	A	D	AF	ENA	0	436	0
98	A	D	AF	ENA	0	433	0
99	A	D	AF	ENA	0	434	0
100	A	D	AF	ENA	0	439	0
101	A	D	AF	ENA	0	435	0
102	A	D	AF	ENA	0	448	0
103	A	D	AF	ENA	0	438	0
104	A	D	AF	ENA	0	431	0
105	A	D	AF	ENA	0	435	0
106	A	D	AF	ENA	0	435	0
107	A	D	AF	ENA	0	443	0
108	A	D	AF	ENA	0	426	0
109	A	D	AF	ENA	0	444	0
110	A	D	AF	ENA	0	427	0
111	A	D	AF	ENA	0	447	0
112	A	D	AF	ENA	0	436	0
113	A	D	AF	ENA	0	432	0
114	A	D	AF	ENA	0	442	0
115	A	D	AF	ENA	0	435	0
116	A	D	AF	ENA	0	445	0
117	A	D	AF	ENA	0	441	0
118	A	D	AF	ENA	0	436	0
119	A	D	AF	ENA	0	439	0
120	A	D	AF	ENA	0	451	0
121	A	D	AF	ENA	0	443	0
122	A	D	AF	ENA	0	432	0
123	A	D	AF	ENA	0	442	0
124	A	D	AF	ENA	0	437	0
125	A	D	AF	ENA	0	433	0
126	A	D	AF	ENA	0	438	0
127	A	D	AF	ENA	0	436	0
128	A	D	AF	ENA	0	436	0
129	A	D	AF	ENA	0	435	0
130	A	D	AF	ENA	0	433	0
131	A	D	AF	ENA	0	446	0
132	A	D	AF	ENA	0	442	0
133	A	D	AF	ENA	0	441	0
134	A	D	AF	ENA	0	444	0
135	A	D	AF	ENA	0	433	0
136	A	D	AF	ENA	0	432	0
137	A	D	AF	ENA	0	433	0
138	A	D	AF	ENA	0	438	0
139	A	D	AF	ENA	0	433	0
140	A	D	AF	ENA	0	433	0
141	A	D	AF	ENA	0	427	0
142	A	D	AF	ENA	0	425	0
143	A	D	AF	ENA	0	430	0
144	A	D	AF	ENA	0	434	0
145	A	D	AF	ENA	0	446	0
146	A	D	AF	ENA	0	439	0
147	A	D	AF	ENA	0	433	0
148	A	D	AF	ENA	0	437	0
149	A	D	AF	ENA	0	425	0
150	A	D	AF	ENA	0	440	0
151	A	D	AF	ENA	0	445	0
152	A	D	AF	ENA	0	435	0
153	A	D	AF	ENA	0	438	0
154	A	D	AF	ENA	0	445	0
155	A	D	AF	ENA	0	432	0
156	A	D	AF	ENA	0	429	0
157	A	D	AF	ENA	0	432	0
158	A	D	AF	ENA	0	435	0
159	A	D	AF	ENA	0	441	0
160	A	D	AF	ENA	0	439	0
161	A	D	AF	ENA	0	438	0
162	A	D	AF	ENA	0	436	0
163	A	D	AF	ENA	0	434	0
164	A	D	AF	ENA	0	437	0
165	A	D	AF	ENA	0	428	0
166	A	D	AF	ENA	0	436	0
167	A	D	AF	ENA	0	433	0
168	A	D	AF	ENA	0	435	0
169	A	D	AF	ENA	0	434	0
170	A	D	AF	ENA	0	432	0
171	A	D	AF	ENA	0	434	0
172	A	D	AF	ENA	0	444	0
173	A	D	AF	ENA	0	440	0
174	A	D	AF	ENA	0	435	0
175	A	D	AF	ENA	0	429	0
176	A	D	AF	ENA	0	437	0
177	A	D	AF	ENA	0	434	0
178	A	D	AF	ENA	0	442	0
179	A	D	AF	ENA	0	447	0
180	A	D	AF	ENA	0	442	0
181	A	D	AF	ENA	0	435	0
182	A	D	AF	ENA	0	441	0
183	A	D	AF	ENA	0	437	0
184	A	D	AF	ENA	0	436	0
185	A	D	AF	ENA	0	434	0
186	A	D	AF	ENA	0	437	0
187	A	D	AF	ENA	0	433	0
188	A	D	AF	ENA	0	430	0
189	A	D	AF	ENA	0	443	0
190	A	D	AF	ENA	0	434	0
191	A	D	AF	ENA	0	429	0
192	A	D	AF	ENA	0	430	0
193	A	D	AF	ENA	0	431	0
194	A	D	AF	ENA	0	423	0
195	A	D	AF	ENA	0	433	0
196	A	D	AF	ENA	0	436	0
197	A	D	AF	ENA	0	444	0
198	A	D	AF	ENA	0	446	0
199	A	D	AF	ENA	0	434	0
200	A	D	AF	ENA	0	431	0
201	A	D	AF	ENA	0	435	0
202	A	D	AF	ENA	0	427	0
203	A	D	AF	ENA	0	433	0
204	A	D	AF	ENA	0	437	0
205	A	D	AF	ENA	0	431	0
206	A	D	AF	ENA	0	435	0
207	A	D	AF	ENA	0	442	0
208	A	D	AF	ENA	0	434	0
209	A	D	AF	ENA	0	438	0
210	A	D	AF	ENA	0	434	0
211	A	D	AF	ENA	0	440	0
212	A	D	AF	ENA	0	447	0
213	A	D	AF	ENA	0	436	0
214	A	D	AF	ENA	0	428	0
215	A	D	AF	ENA	0	448	0
216	A	D	AF	ENA	0	442	0
217	A	D	AF	ENA	0	433	0
218	A	D	AF	ENA	0	431	0
219	A	D	AF	ENA	0	434	0
220	A	D	AF	ENA	0	445	0
221	A	D	AF	ENA	0	422	0
222	A	D	AF	ENA	0	425	0
223	A	D	AF	ENA	0	431	0
224	A	D	AF	ENA	0	432	0
225	A	D	AF	ENA	0	431	0
226	A	D	AF	ENA	0	430	0
227	A	D	AF	ENA	0	441	0
228	A	D	AF	ENA	0	444	0
229	A	D	AF	ENA	0	446	0
230	A	D	AF	ENA	0	439	0
231	A	D	AF	ENA	0	435	0
232	A	D	AF	ENA	0	434	0
233	A	D	AF	ENA	0	437	0
234	A	D	AF	ENA	0	435	0
235	A	D	AF	ENA	0	434	0
236	A	D	AF	ENA	0	431	0
237	A	D	AF	ENA	0	447	0
238	A	D	AF	ENA	0	438	0
239	A	D	AF	ENA	0	427	0
240	A	D	AF	ENA	0	437	0
241	A	D	AF	ENA	0	431	0
242	A	D	AF	ENA	0	441	0
243	A	D	AF	ENA	0	440	0
244	A	D	AF	ENA	0	438	0
245	A	D	AF	ENA	0	435	0
246	A	D	AF	ENA	0	441	0
247	A	D	AF	ENA	0	433	0
248	A	D	AF	ENA	0	435	0
249	A	D	AF	ENA	0	445	0
250	A	D	AF	ENA	0	431	0
251	A	D	AF	ENA	0	444	0
252	A	D	AF	ENA	0	439	0
253	A	D	AF	ENA	0	431	0
254	A	D	AF	ENA	0	428	0
255	A	D	AF	ENA	0	436	0
256	A	D	AF	ENA	0	431	0
257	A	D	AF	ENA	0	436	0
258	A	D	AF	ENA	0	440	0
259	A	D	AF	ENA	0	436	0
260	A	D	AF	ENA	0	431	0
261	A	D	AF	ENA	0	445	0
262	A	D	AF	ENA	0	435	0
263	A	D	AF	ENA	0	430	0
264	A	D	AF	ENA	0	438	0
265	A	D	AF	ENA	0	434	0
266	A	D	AF	ENA	0	429	0
267	A	D	AF	ENA	0	437	0
268	A	D	AF	ENA	0	431	0
269	A	D	AF	ENA	0	433	0
270	A	D	AF	ENA	0	430	0
271	A	D	AF	ENA	0	428	0
272	A	D	AF	ENA	0	433	0
273	A	D	AF	ENA	0	438	0
274	A	D	AF	ENA	0	435	0
275	A	D	AF	ENA	0	443	0
276	A	D	AF	ENA	0	425	0
277	A	D	AF	ENA	0	433	0
278	A	D	AF	ENA	0	439	0
279	A	D	AF	ENA	0	434	0
280	A	D	AF	ENA	0	434	0
281	A	D	AF	ENA	0	446	0
282	A	D	AF	ENA	0	440	0
283	A	D	AF	ENA	0	430	0
284	A	D	AF	ENA	0	437	0
285	A	D	AF	ENA	0	430	0
286	A	D	AF	ENA	0	425	0
287	A	D	AF	ENA	0	430	0
288	A	D	AF	ENA	0	444	0
289	A	D	AF	ENA	0	435	0
290	A	D	AF	ENA	0	426	0
291	A	D	AF	ENA	0	434	0
292	A	D	AF	ENA	0	427	0
293	A	D	AF	ENA	0	437	0
294	A	D	AF	ENA	0	437	0
295	A	D	AF	ENA	0	436	0
296	A	D	AF	ENA	0	432	0
297	A	D	AF	ENA	0	441	0
298	A	D	AF	ENA	0	437	0
299	A	D	AF	ENA	0	431	0
300	A	D	AF	ENA	0	435	0
1	B	D	AUS	ENA	0	433	0
2	B	D	AUS	ENA	0	440	0
3	B	D	AUS	ENA	0	440	0
4	B	D	AUS	ENA	0	434	0
5	B	D	AUS	ENA	0	436	0
6	B	D	AUS	ENA	0	437	0
7	B	D	AUS	ENA	0	432	0
8	B	D	AUS	ENA	0	442	0
9	B	D	AUS	ENA	0	431	0
10	B	D	AUS	ENA	0	433	0
11	B	D	AUS	ENA	0	437	0
12	B	D	AUS	ENA	0	436	0
13	B	D	AUS	ENA	0	444	0
14	B	D	AUS	ENA	0	442	0
15	B	D	AUS	ENA	0	427	0
16	B	D	AUS	ENA	0	444	0
17	B	D	AUS	ENA	0	438	0
18	B	D	AUS	ENA	0	440	0
19	B	D	AUS	ENA	0	429	0
20	B	D	AUS	ENA	0	430	0
21	B	D	AUS	ENA	0	429	0
22	B	D	AUS	ENA	0	435	0
23	B	D	AUS	ENA	0	430	0
24	B	D	AUS	ENA	0	443	0
25	B	D	AUS	ENA	0	434	0
26	B	D	AUS	ENA	0	438	0
27	B	D	AUS	ENA	0	436	0
28	B	D	AUS	ENA	0	438	0
29	B	D	AUS	ENA	0	436	0
30	B	D	AUS	ENA	0	439	0
31	B	D	AUS	ENA	0	438	0
32	B	D	AUS	ENA	0	439	0
33	B	D	AUS	ENA	0	436	0
34	B	D	AUS	ENA	0	438	0
35	B	D	AUS	ENA	0	438	0
36	B	D	AUS	ENA	0	440	0
37	B	D	AUS	ENA	0	442	0
38	B	D	AUS	ENA	0	437	0
39	B	D	AUS	ENA	0	434	0
40	B	D	AUS	ENA	0	442	0
41	B	D	AUS	ENA	0	444	0
42	B	D	AUS	ENA	0	427	0
43	B	D	AUS	ENA	0	434	0
44	B	D	AUS	ENA	0	430	0
45	B	D	AUS	ENA	0	431	0
46	B	D	AUS	ENA	0	429	0
47	B	D	AUS	ENA	0	444	0
48	B	D	AUS	ENA	0	441	0
49	B	D	AUS	ENA	0	431	0
50	B	D	AUS	ENA	0	424	0
51	B	D	AUS	ENA	0	428	0
52	B	D	AUS	ENA	0	428	0
53	B	D	AUS	ENA	0	444	0
54	B	D	AUS	ENA	0	439	0
55	B	D	AUS	ENA	0	435	0
56	B	D	AUS	ENA	0	437	0
57	B	D	AUS	ENA	0	433	0
58	B	D	AUS	ENA	0	441	0
59	B	D	AUS	ENA	0	424	0
60	B	D	AUS	ENA	0	440	0
61	B	D	AUS	ENA	0	436	0
62	B	D	AUS	ENA	0	422	0
63	B	D	AUS	ENA	0	433	0
64	B	D	AUS	ENA	0	433	0
65	B	D	AUS	ENA	0	432	0
66	B	D	AUS	ENA	0	445	0
67	B	D	AUS	ENA	0	430	0
68	B	D	AUS	ENA	0	438	0
69	B	D	AUS	ENA	0	438	0
70	B	D	AUS	ENA	0	439	0
71	B	D	AUS	ENA	0	432	0
72	B	D	AUS	ENA	0	436	0
73	B	D	AUS	ENA	0	435	0
74	B	D	AUS	ENA	0	436	0
75	B	D	AUS	ENA	0	452	0
76	B	D	AUS	ENA	0	441	0
77	B	D	AUS	ENA	0	441	0
78	B	D	AUS	ENA	0	435	0
79	B	D	AUS	ENA	0	425	0
80	B	D	AUS	ENA	0	440	0
81	B	D	AUS	ENA	0	436	0
82	B	D	AUS	ENA	0	435	0
83	B	D	AUS	ENA	0	426	0
84	B	D	AUS	ENA	0	447	0
85	B	D	AUS	ENA	0	434	0
86	B	D	AUS	ENA	0	431	0
87	B	D	AUS	ENA	0	432	0
88	B	D	AUS	ENA	0	445	0
89	B	D	AUS	ENA	0	432	0
90	B	D	AUS	ENA	0	431	0
91	B	D	AUS	ENA	0	436	0
92	B	D	AUS	ENA	0	442	0
93	B	D	AUS	ENA	0	426	0
94	B	D	AUS	ENA	0	426	0
95	B	D	AUS	ENA	0	431	0
96	B	D	AUS	ENA	0	439	0
97	B	D	AUS	ENA	0	436	0
98	B	D	AUS	ENA	0	433	0
99	B	D	AUS	ENA	0	434	0
100	B	D	AUS	ENA	0	439	0
101	B	D	AUS	ENA	0	435	0
102	B	D	AUS	ENA	0	448	0
103	B	D	AUS	ENA	0	438	0
104	B	D	AUS	ENA	0	431	0
105	B	D	AUS	ENA	0	435	0
106	B	D	AUS	ENA	0	435	0
107	B	D	AUS	ENA	0	443	0
108	B	D	AUS	ENA	0	426	0
109	B	D	AUS	ENA	0	444	0
110	B	D	AUS	ENA	0	427	0
111	B	D	AUS	ENA	0	447	0
112	B	D	AUS	ENA	0	436	0
113	B	D	AUS	ENA	0	432	0
114	B	D	AUS	ENA	0	442	0
115	B	D	AUS	ENA	0	435	0
116	B	D	AUS	ENA	0	445	0
117	B	D	AUS	ENA	0	441	0
118	B	D	AUS	ENA	0	436	0
119	B	D	AUS	ENA	0	439	0
120	B	D	AUS	ENA	0	451	0
121	B	D	AUS	ENA	0	443	0
122	B	D	AUS	ENA	0	432	0
123	B	D	AUS	ENA	0	442	0
124	B	D	AUS	ENA	0	437	0
125	B	D	AUS	ENA	0	433	0
126	B	D	AUS	ENA	0	438	0
127	B	D	AUS	ENA	0	436	0
128	B	D	AUS	ENA	0	436	0
129	B	D	AUS	ENA	0	435	0
130	B	D	AUS	ENA	0	433	0
131	B	D	AUS	ENA	0	446	0
132	B	D	AUS	ENA	0	442	0
133	B	D	AUS	ENA	0	441	0
134	B	D	AUS	ENA	0	444	0
135	B	D	AUS	ENA	0	433	0
136	B	D	AUS	ENA	0	432	0
137	B	D	AUS	ENA	0	433	0
138	B	D	AUS	ENA	0	438	0
139	B	D	AUS	ENA	0	433	0
140	B	D	AUS	ENA	0	433	0
141	B	D	AUS	ENA	0	427	0
142	B	D	AUS	ENA	0	425	0
143	B	D	AUS	ENA	0	430	0
144	B	D	AUS	ENA	0	434	0
145	B	D	AUS	ENA	0	446	0
146	B	D	AUS	ENA	0	439	0
147	B	D	AUS	ENA	0	433	0
148	B	D	AUS	ENA	0	437	0
149	B	D	AUS	ENA	0	425	0
150	B	D	AUS	ENA	0	440	0
151	B	D	AUS	ENA	0	445	0
152	B	D	AUS	ENA	0	435	0
153	B	D	AUS	ENA	0	438	0
154	B	D	AUS	ENA	0	445	0
155	B	D	AUS	ENA	0	432	0
156	B	D	AUS	ENA	0	429	0
157	B	D	AUS	ENA	0	432	0
158	B	D	AUS	ENA	0	435	0
159	B	D	AUS	ENA	0	441	0
160	B	D	AUS	ENA	0	439	0
161	B	D	AUS	ENA	0	438	0
162	B	D	AUS	ENA	0	436	0
163	B	D	AUS	ENA	0	434	0
164	B	D	AUS	ENA	0	437	0
165	B	D	AUS	ENA	0	428	0
166	B	D	AUS	ENA	0	436	0
167	B	D	AUS	ENA	0	433	0
168	B	D	AUS	ENA	0	435	0
169	B	D	AUS	ENA	0	434	0
170	B	D	AUS	ENA	0	432	0
171	B	D	AUS	ENA	0	434	0
172	B	D	AUS	ENA	0	444	0
173	B	D	AUS	ENA	0	440	0
174	B	D	AUS	ENA	0	435	0
175	B	D	AUS	ENA	0	429	0
176	B	D	AUS	ENA	0	437	0
177	B	D	AUS	ENA	0	434	0
178	B	D	AUS	ENA	0	442	0
179	B	D	AUS	ENA	0	447	0
180	B	D	AUS	ENA	0	442	0
181	B	D	AUS	ENA	0	435	0
182	B	D	AUS	ENA	0	441	0
183	B	D	AUS	ENA	0	437	0
184	B	D	AUS	ENA	0	436	0
185	B	D	AUS	ENA	0	434	0
186	B	D	AUS	ENA	0	437	0
187	B	D	AUS	ENA	0	433	0
188	B	D	AUS	ENA	0	430	0
189	B	D	AUS	ENA	0	443	0
190	B	D	AUS	ENA	0	434	0
191	B	D	AUS	ENA	0	429	0
192	B	D	AUS	ENA	0	430	0
193	B	D	AUS	ENA	0	431	0
194	B	D	AUS	ENA	0	423	0
195	B	D	AUS	ENA	0	433	0
196	B	D	AUS	ENA	0	436	0
197	B	D	AUS	ENA	0	444	0
198	B	D	AUS	ENA	0	446	0
199	B	D	AUS	ENA	0	434	0
200	B	D	AUS	ENA	0	431	0
201	B	D	AUS	ENA	0	435	0
202	B	D	AUS	ENA	0	427	0
203	B	D	AUS	ENA	0	433	0
204	B	D	AUS	ENA	0	437	0
205	B	D	AUS	ENA	0	431	0
206	B	D	AUS	ENA	0	435	0
207	B	D	AUS	ENA	0	442	0
208	B	D	AUS	ENA	0	434	0
209	B	D	AUS	ENA	0	438	0
210	B	D	AUS	ENA	0	434	0
211	B	D	AUS	ENA	0	440	0
212	B	D	AUS	ENA	0	447	0
213	B	D	AUS	ENA	0	436	0
214	B	D	AUS	ENA	0	428	0
215	B	D	AUS	ENA	0	448	0
216	B	D	AUS	ENA	0	442	0
217	B	D	AUS	ENA	0	433	0
218	B	D	AUS	ENA	0	431	0
219	B	D	AUS	ENA	0	434	0
220	B	D	AUS	ENA	0	445	0
221	B	D	AUS	ENA	0	422	0
222	B	D	AUS	ENA	0	425	0
223	B	D	AUS	ENA	0	431	0
224	B	D	AUS	ENA	0	432	0
225	B	D	AUS	ENA	0	431	0
226	B	D	AUS	ENA	0	430	0
227	B	D	AUS	ENA	0	441	0
228	B	D	AUS	ENA	0	444	0
229	B	D	AUS	ENA	0	446	0
230	B	D	AUS	ENA	0	439	0
231	B	D	AUS	ENA	0	435	0
232	B	D	AUS	ENA	0	434	0
233	B	D	AUS	ENA	0	437	0
234	B	D	AUS	ENA	0	435	0
235	B	D	AUS	ENA	0	434	0
236	B	D	AUS	ENA	0	431	0
237	B	D	AUS	ENA	0	447	0
238	B	D	AUS	ENA	0	438	0
239	B	D	AUS	ENA	0	427	0
240	B	D	AUS	ENA	0	437	0
241	B	D	AUS	ENA	0	431	0
242	B	D	AUS	ENA	0	441	0
243	B	D	AUS	ENA	0	440	0
244	B	D	AUS	ENA	0	438	0
245	B	D	AUS	ENA	0	435	0
246	B	D	AUS	ENA	0	441	0
247	B	D	AUS	ENA	0	433	0
248	B	D	AUS	ENA	0	435	0
249	B	D	AUS	ENA	0	445	0
250	B	D	AUS	ENA	0	431	0
251	B	D	AUS	ENA	0	444	0
252	B	D	AUS	ENA	0	439	0
253	B	D	AUS	ENA	0	431	0
254	B	D	AUS	ENA	0	428	0
255	B	D	AUS	ENA	0	436	0
256	B	D	AUS	ENA	0	431	0
257	B	D	AUS	ENA	0	436	0
258	B	D	AUS	ENA	0	440	0
259	B	D	AUS	ENA	0	436	0
260	B	D	AUS	ENA	0	431	0
261	B	D	AUS	ENA	0	445	0
262	B	D	AUS	ENA	0	435	0
263	B	D	AUS	ENA	0	430	0
264	B	D	AUS	ENA	0	438	0
265	B	D	AUS	ENA	0	434	0
266	B	D	AUS	ENA	0	429	0
267	B	D	AUS	ENA	0	437	0
268	B	D	AUS	ENA	0	431	0
269	B	D	AUS	ENA	0	433	0
270	B	D	AUS	ENA	0	430	0
271	B	D	AUS	ENA	0	428	0
272	B	D	AUS	ENA	0	433	0
273	B	D	AUS	ENA	0	438	0
274	B	D	AUS	ENA	0	435	0
275	B	D	AUS	ENA	0	443	0
276	B	D	AUS	ENA	0	425	0
277	B	D	AUS	ENA	0	433	0
278	B	D	AUS	ENA	0	439	0
279	B	D	AUS	ENA	0	434	0
280	B	D	AUS	ENA	0	434	0
281	B	D	AUS	ENA	0	446	0
282	B	D	AUS	ENA	0	440	0
283	B	D	AUS	ENA	0	430	0
284	B	D	AUS	ENA	0	437	0
285	B	D	AUS	ENA	0	430	0
286	B	D	AUS	ENA	0	425	0
287	B	D	AUS	ENA	0	430	0
288	B	D	AUS	ENA	0	444	0
289	B	D	AUS	ENA	0	435	0
290	B	D	AUS	ENA	0	426	0
291	B	D	AUS	ENA	0	434	0
292	B	D	AUS	ENA	0	427	0
293	B	D	AUS	ENA	0	437	0
294	B	D	AUS	ENA	0	437	0
295	B	D	AUS	ENA	0	436	0
296	B	D	AUS	ENA	0	432	0
297	B	D	AUS	ENA	0	441	0
298	B	D	AUS	ENA	0	437	0
299	B	D	AUS	ENA	0	431	0
300	B	D	AUS	ENA	0	435	0
1	C	D	CAM	ENA	36	433	0.083140877598152418
2	C	D	CAM	ENA	39	440	0.088636363636363638
3	C	D	CAM	ENA	21	440	0.047727272727272729
4	C	D	CAM	ENA	38	434	0.08755760368663594
5	C	D	CAM	ENA	40	436	0.091743119266055051
6	C	D	CAM	ENA	40	437	0.091533180778032033
7	C	D	CAM	ENA	39	432	0.090277777777777776
8	C	D	CAM	ENA	46	442	0.10407239819004525
9	C	D	CAM	ENA	31	431	0.071925754060324823
10	C	D	CAM	ENA	29	433	0.066974595842956119
11	C	D	CAM	ENA	34	437	0.07780320366132723
12	C	D	CAM	ENA	35	436	0.08027522935779817
13	C	D	CAM	ENA	35	444	0.078828828828828829
14	C	D	CAM	ENA	31	442	0.070135746606334842
15	C	D	CAM	ENA	35	427	0.081967213114754092
16	C	D	CAM	ENA	39	444	0.087837837837837843
17	C	D	CAM	ENA	40	438	0.091324200913242004
18	C	D	CAM	ENA	34	440	0.077272727272727271
19	C	D	CAM	ENA	25	429	0.058275058275058272
20	C	D	CAM	ENA	33	430	0.076744186046511634
21	C	D	CAM	ENA	30	429	0.069930069930069935
22	C	D	CAM	ENA	32	435	0.073563218390804597
23	C	D	CAM	ENA	38	430	0.088372093023255813
24	C	D	CAM	ENA	35	443	0.07900677200902935
25	C	D	CAM	ENA	36	434	0.08294930875576037
26	C	D	CAM	ENA	28	438	0.063926940639269403
27	C	D	CAM	ENA	31	436	0.071100917431192664
28	C	D	CAM	ENA	33	438	0.075342465753424653
29	C	D	CAM	ENA	35	436	0.08027522935779817
30	C	D	CAM	ENA	32	439	0.07289293849658314
31	C	D	CAM	ENA	37	438	0.084474885844748854
32	C	D	CAM	ENA	34	439	0.077448747152619596
33	C	D	CAM	ENA	20	436	0.045871559633027525
34	C	D	CAM	ENA	36	438	0.082191780821917804
35	C	D	CAM	ENA	29	438	0.066210045662100453
36	C	D	CAM	ENA	37	440	0.084090909090909091
37	C	D	CAM	ENA	39	442	0.088235294117647065
38	C	D	CAM	ENA	40	437	0.091533180778032033
39	C	D	CAM	ENA	30	434	0.069124423963133647
40	C	D	CAM	ENA	34	442	0.076923076923076927
41	C	D	CAM	ENA	29	444	0.065315315315315314
42	C	D	CAM	ENA	31	427	0.072599531615925056
43	C	D	CAM	ENA	26	434	0.059907834101382486
44	C	D	CAM	ENA	38	430	0.088372093023255813
45	C	D	CAM	ENA	50	431	0.11600928074245939
46	C	D	CAM	ENA	34	429	0.079254079254079249
47	C	D	CAM	ENA	35	444	0.078828828828828829
48	C	D	CAM	ENA	32	441	0.072562358276643993
49	C	D	CAM	ENA	27	431	0.062645011600928072
50	C	D	CAM	ENA	35	424	0.08254716981132075
51	C	D	CAM	ENA	41	428	0.095794392523364483
52	C	D	CAM	ENA	33	428	0.077102803738317752
53	C	D	CAM	ENA	38	444	0.085585585585585586
54	C	D	CAM	ENA	43	439	0.097949886104783598
55	C	D	CAM	ENA	37	435	0.085057471264367815
56	C	D	CAM	ENA	35	437	0.080091533180778038
57	C	D	CAM	ENA	40	433	0.09237875288683603
58	C	D	CAM	ENA	35	441	0.079365079365079361
59	C	D	CAM	ENA	31	424	0.073113207547169809
60	C	D	CAM	ENA	35	440	0.079545454545454544
61	C	D	CAM	ENA	42	436	0.096330275229357804
62	C	D	CAM	ENA	35	422	0.082938388625592413
63	C	D	CAM	ENA	25	433	0.057736720554272515
64	C	D	CAM	ENA	35	433	0.080831408775981523
65	C	D	CAM	ENA	30	432	0.069444444444444448
66	C	D	CAM	ENA	38	445	0.085393258426966295
67	C	D	CAM	ENA	24	430	0.055813953488372092
68	C	D	CAM	ENA	34	438	0.077625570776255703
69	C	D	CAM	ENA	38	438	0.086757990867579904
70	C	D	CAM	ENA	31	439	0.070615034168564919
71	C	D	CAM	ENA	26	432	0.060185185185185182
72	C	D	CAM	ENA	33	436	0.075688073394495417
73	C	D	CAM	ENA	30	435	0.068965517241379309
74	C	D	CAM	ENA	41	436	0.094036697247706427
75	C	D	CAM	ENA	40	452	0.088495575221238937
76	C	D	CAM	ENA	38	441	0.086167800453514742
77	C	D	CAM	ENA	36	441	0.081632653061224483
78	C	D	CAM	ENA	32	435	0.073563218390804597
79	C	D	CAM	ENA	35	425	0.082352941176470587
80	C	D	CAM	ENA	31	440	0.07045454545454545
81	C	D	CAM	ENA	29	436	0.066513761467889912
82	C	D	CAM	ENA	38	435	0.087356321839080459
83	C	D	CAM	ENA	30	426	0.070422535211267609
84	C	D	CAM	ENA	33	447	0.073825503355704702
85	C	D	CAM	ENA	35	434	0.080645161290322578
86	C	D	CAM	ENA	21	431	0.048723897911832945
87	C	D	CAM	ENA	33	432	0.076388888888888895
88	C	D	CAM	ENA	34	445	0.076404494382022473
89	C	D	CAM	ENA	39	432	0.090277777777777776
90	C	D	CAM	ENA	32	431	0.074245939675174011
91	C	D	CAM	ENA	36	436	0.082568807339449546
92	C	D	CAM	ENA	33	442	0.074660633484162894
93	C	D	CAM	ENA	33	426	0.07746478873239436
94	C	D	CAM	ENA	42	426	0.098591549295774641
95	C	D	CAM	ENA	34	431	0.078886310904872387
96	C	D	CAM	ENA	33	439	0.075170842824601361
97	C	D	CAM	ENA	38	436	0.087155963302752298
98	C	D	CAM	ENA	36	433	0.083140877598152418
99	C	D	CAM	ENA	35	434	0.080645161290322578
100	C	D	CAM	ENA	36	439	0.082004555808656038
101	C	D	CAM	ENA	31	435	0.071264367816091953
102	C	D	CAM	ENA	30	448	0.066964285714285712
103	C	D	CAM	ENA	34	438	0.077625570776255703
104	C	D	CAM	ENA	40	431	0.092807424593967514
105	C	D	CAM	ENA	33	435	0.07586206896551724
106	C	D	CAM	ENA	25	435	0.057471264367816091
107	C	D	CAM	ENA	40	443	0.090293453724604969
108	C	D	CAM	ENA	29	426	0.068075117370892016
109	C	D	CAM	ENA	42	444	0.0945945945945946
110	C	D	CAM	ENA	34	427	0.079625292740046844
111	C	D	CAM	ENA	34	447	0.076062639821029079
112	C	D	CAM	ENA	37	436	0.084862385321100922
113	C	D	CAM	ENA	41	432	0.094907407407407413
114	C	D	CAM	ENA	34	442	0.076923076923076927
115	C	D	CAM	ENA	29	435	0.066666666666666666
116	C	D	CAM	ENA	40	445	0.0898876404494382
117	C	D	CAM	ENA	34	441	0.077097505668934238
118	C	D	CAM	ENA	35	436	0.08027522935779817
119	C	D	CAM	ENA	36	439	0.082004555808656038
120	C	D	CAM	ENA	36	451	0.079822616407982258
121	C	D	CAM	ENA	42	443	0.09480812641083522
122	C	D	CAM	ENA	36	432	0.083333333333333329
123	C	D	CAM	ENA	41	442	0.092760180995475117
124	C	D	CAM	ENA	39	437	0.08924485125858124
125	C	D	CAM	ENA	34	433	0.078521939953810627
126	C	D	CAM	ENA	38	438	0.086757990867579904
127	C	D	CAM	ENA	33	436	0.075688073394495417
128	C	D	CAM	ENA	33	436	0.075688073394495417
129	C	D	CAM	ENA	35	435	0.080459770114942528
130	C	D	CAM	ENA	34	433	0.078521939953810627
131	C	D	CAM	ENA	34	446	0.07623318385650224
132	C	D	CAM	ENA	38	442	0.085972850678733032
133	C	D	CAM	ENA	33	441	0.074829931972789115
134	C	D	CAM	ENA	33	444	0.074324324324324328
135	C	D	CAM	ENA	43	433	0.099307159353348731
136	C	D	CAM	ENA	40	432	0.092592592592592587
137	C	D	CAM	ENA	31	433	0.071593533487297925
138	C	D	CAM	ENA	31	438	0.070776255707762553
139	C	D	CAM	ENA	39	433	0.090069284064665134
140	C	D	CAM	ENA	24	433	0.055427251732101619
141	C	D	CAM	ENA	37	427	0.086651053864168617
142	C	D	CAM	ENA	33	425	0.077647058823529416
143	C	D	CAM	ENA	26	430	0.060465116279069767
144	C	D	CAM	ENA	37	434	0.085253456221198162
145	C	D	CAM	ENA	44	446	0.098654708520179366
146	C	D	CAM	ENA	35	439	0.079726651480637817
147	C	D	CAM	ENA	37	433	0.085450346420323328
148	C	D	CAM	ENA	43	437	0.098398169336384442
149	C	D	CAM	ENA	33	425	0.077647058823529416
150	C	D	CAM	ENA	37	440	0.084090909090909091
151	C	D	CAM	ENA	35	445	0.078651685393258425
152	C	D	CAM	ENA	25	435	0.057471264367816091
153	C	D	CAM	ENA	33	438	0.075342465753424653
154	C	D	CAM	ENA	38	445	0.085393258426966295
155	C	D	CAM	ENA	37	432	0.085648148148148154
156	C	D	CAM	ENA	33	429	0.076923076923076927
157	C	D	CAM	ENA	38	432	0.087962962962962965
158	C	D	CAM	ENA	34	435	0.078160919540229884
159	C	D	CAM	ENA	32	441	0.072562358276643993
160	C	D	CAM	ENA	32	439	0.07289293849658314
161	C	D	CAM	ENA	34	438	0.077625570776255703
162	C	D	CAM	ENA	29	436	0.066513761467889912
163	C	D	CAM	ENA	35	434	0.080645161290322578
164	C	D	CAM	ENA	27	437	0.061784897025171627
165	C	D	CAM	ENA	30	428	0.070093457943925228
166	C	D	CAM	ENA	39	436	0.089449541284403675
167	C	D	CAM	ENA	40	433	0.09237875288683603
168	C	D	CAM	ENA	24	435	0.055172413793103448
169	C	D	CAM	ENA	25	434	0.057603686635944701
170	C	D	CAM	ENA	26	432	0.060185185185185182
171	C	D	CAM	ENA	39	434	0.089861751152073732
172	C	D	CAM	ENA	38	444	0.085585585585585586
173	C	D	CAM	ENA	26	440	0.05909090909090909
174	C	D	CAM	ENA	34	435	0.078160919540229884
175	C	D	CAM	ENA	37	429	0.086247086247086241
176	C	D	CAM	ENA	32	437	0.073226544622425629
177	C	D	CAM	ENA	38	434	0.08755760368663594
178	C	D	CAM	ENA	35	442	0.079185520361990946
179	C	D	CAM	ENA	39	447	0.087248322147651006
180	C	D	CAM	ENA	31	442	0.070135746606334842
181	C	D	CAM	ENA	34	435	0.078160919540229884
182	C	D	CAM	ENA	38	441	0.086167800453514742
183	C	D	CAM	ENA	43	437	0.098398169336384442
184	C	D	CAM	ENA	33	436	0.075688073394495417
185	C	D	CAM	ENA	34	434	0.078341013824884786
186	C	D	CAM	ENA	35	437	0.080091533180778038
187	C	D	CAM	ENA	29	433	0.066974595842956119
188	C	D	CAM	ENA	32	430	0.07441860465116279
189	C	D	CAM	ENA	40	443	0.090293453724604969
190	C	D	CAM	ENA	37	434	0.085253456221198162
191	C	D	CAM	ENA	33	429	0.076923076923076927
192	C	D	CAM	ENA	38	430	0.088372093023255813
193	C	D	CAM	ENA	31	431	0.071925754060324823
194	C	D	CAM	ENA	33	423	0.078014184397163122
195	C	D	CAM	ENA	35	433	0.080831408775981523
196	C	D	CAM	ENA	41	436	0.094036697247706427
197	C	D	CAM	ENA	38	444	0.085585585585585586
198	C	D	CAM	ENA	40	446	0.089686098654708515
199	C	D	CAM	ENA	29	434	0.066820276497695855
200	C	D	CAM	ENA	39	431	0.090487238979118326
201	C	D	CAM	ENA	37	435	0.085057471264367815
202	C	D	CAM	ENA	33	427	0.077283372365339581
203	C	D	CAM	ENA	31	433	0.071593533487297925
204	C	D	CAM	ENA	37	437	0.084668192219679639
205	C	D	CAM	ENA	36	431	0.083526682134570762
206	C	D	CAM	ENA	36	435	0.082758620689655171
207	C	D	CAM	ENA	39	442	0.088235294117647065
208	C	D	CAM	ENA	38	434	0.08755760368663594
209	C	D	CAM	ENA	37	438	0.084474885844748854
210	C	D	CAM	ENA	31	434	0.071428571428571425
211	C	D	CAM	ENA	46	440	0.10454545454545454
212	C	D	CAM	ENA	37	447	0.082774049217002238
213	C	D	CAM	ENA	33	436	0.075688073394495417
214	C	D	CAM	ENA	25	428	0.058411214953271028
215	C	D	CAM	ENA	41	448	0.091517857142857137
216	C	D	CAM	ENA	24	442	0.054298642533936653
217	C	D	CAM	ENA	26	433	0.060046189376443418
218	C	D	CAM	ENA	35	431	0.081206496519721574
219	C	D	CAM	ENA	41	434	0.094470046082949302
220	C	D	CAM	ENA	27	445	0.060674157303370786
221	C	D	CAM	ENA	26	422	0.061611374407582936
222	C	D	CAM	ENA	25	425	0.058823529411764705
223	C	D	CAM	ENA	31	431	0.071925754060324823
224	C	D	CAM	ENA	38	432	0.087962962962962965
225	C	D	CAM	ENA	37	431	0.08584686774941995
226	C	D	CAM	ENA	29	430	0.067441860465116285
227	C	D	CAM	ENA	39	441	0.088435374149659865
228	C	D	CAM	ENA	27	444	0.060810810810810814
229	C	D	CAM	ENA	38	446	0.08520179372197309
230	C	D	CAM	ENA	34	439	0.077448747152619596
231	C	D	CAM	ENA	35	435	0.080459770114942528
232	C	D	CAM	ENA	34	434	0.078341013824884786
233	C	D	CAM	ENA	35	437	0.080091533180778038
234	C	D	CAM	ENA	44	435	0.10114942528735632
235	C	D	CAM	ENA	33	434	0.076036866359447008
236	C	D	CAM	ENA	25	431	0.058004640371229696
237	C	D	CAM	ENA	34	447	0.076062639821029079
238	C	D	CAM	ENA	40	438	0.091324200913242004
239	C	D	CAM	ENA	40	427	0.093676814988290405
240	C	D	CAM	ENA	34	437	0.07780320366132723
241	C	D	CAM	ENA	40	431	0.092807424593967514
242	C	D	CAM	ENA	34	441	0.077097505668934238
243	C	D	CAM	ENA	33	440	0.074999999999999997
244	C	D	CAM	ENA	37	438	0.084474885844748854
245	C	D	CAM	ENA	34	435	0.078160919540229884
246	C	D	CAM	ENA	33	441	0.074829931972789115
247	C	D	CAM	ENA	33	433	0.076212471131639717
248	C	D	CAM	ENA	34	435	0.078160919540229884
249	C	D	CAM	ENA	33	445	0.07415730337078652
250	C	D	CAM	ENA	30	431	0.069605568445475635
251	C	D	CAM	ENA	32	444	0.072072072072072071
252	C	D	CAM	ENA	26	439	0.059225512528473807
253	C	D	CAM	ENA	35	431	0.081206496519721574
254	C	D	CAM	ENA	32	428	0.07476635514018691
255	C	D	CAM	ENA	33	436	0.075688073394495417
256	C	D	CAM	ENA	26	431	0.060324825986078884
257	C	D	CAM	ENA	32	436	0.073394495412844041
258	C	D	CAM	ENA	37	440	0.084090909090909091
259	C	D	CAM	ENA	35	436	0.08027522935779817
260	C	D	CAM	ENA	33	431	0.076566125290023199
261	C	D	CAM	ENA	34	445	0.076404494382022473
262	C	D	CAM	ENA	31	435	0.071264367816091953
263	C	D	CAM	ENA	23	430	0.053488372093023255
264	C	D	CAM	ENA	31	438	0.070776255707762553
265	C	D	CAM	ENA	35	434	0.080645161290322578
266	C	D	CAM	ENA	32	429	0.074592074592074592
267	C	D	CAM	ENA	38	437	0.086956521739130432
268	C	D	CAM	ENA	38	431	0.088167053364269138
269	C	D	CAM	ENA	31	433	0.071593533487297925
270	C	D	CAM	ENA	27	430	0.062790697674418611
271	C	D	CAM	ENA	35	428	0.081775700934579434
272	C	D	CAM	ENA	35	433	0.080831408775981523
273	C	D	CAM	ENA	42	438	0.095890410958904104
274	C	D	CAM	ENA	37	435	0.085057471264367815
275	C	D	CAM	ENA	40	443	0.090293453724604969
276	C	D	CAM	ENA	37	425	0.087058823529411758
277	C	D	CAM	ENA	32	433	0.073903002309468821
278	C	D	CAM	ENA	38	439	0.08656036446469248
279	C	D	CAM	ENA	42	434	0.096774193548387094
280	C	D	CAM	ENA	30	434	0.069124423963133647
281	C	D	CAM	ENA	32	446	0.071748878923766815
282	C	D	CAM	ENA	43	440	0.097727272727272732
283	C	D	CAM	ENA	36	430	0.083720930232558138
284	C	D	CAM	ENA	33	437	0.075514874141876437
285	C	D	CAM	ENA	31	430	0.072093023255813959
286	C	D	CAM	ENA	36	425	0.084705882352941173
287	C	D	CAM	ENA	38	430	0.088372093023255813
288	C	D	CAM	ENA	36	444	0.081081081081081086
289	C	D	CAM	ENA	42	435	0.096551724137931033
290	C	D	CAM	ENA	22	426	0.051643192488262914
291	C	D	CAM	ENA	34	434	0.078341013824884786
292	C	D	CAM	ENA	26	427	0.060889929742388757
293	C	D	CAM	ENA	49	437	0.11212814645308924
294	C	D	CAM	ENA	35	437	0.080091533180778038
295	C	D	CAM	ENA	29	436	0.066513761467889912
296	C	D	CAM	ENA	26	432	0.060185185185185182
297	C	D	CAM	ENA	37	441	0.08390022675736962
298	C	D	CAM	ENA	36	437	0.082379862700228831
299	C	D	CAM	ENA	36	431	0.083526682134570762
300	C	D	CAM	ENA	26	435	0.059770114942528735
1	E	D	EPA	ENA	1	433	0.0023094688221709007
2	E	D	EPA	ENA	1	440	0.0022727272727272726
3	E	D	EPA	ENA	2	440	0.0045454545454545452
4	E	D	EPA	ENA	1	434	0.002304147465437788
5	E	D	EPA	ENA	1	436	0.0022935779816513763
6	E	D	EPA	ENA	1	437	0.0022883295194508009
7	E	D	EPA	ENA	1	432	0.0023148148148148147
8	E	D	EPA	ENA	1	442	0.0022624434389140274
9	E	D	EPA	ENA	1	431	0.0023201856148491878
10	E	D	EPA	ENA	1	433	0.0023094688221709007
11	E	D	EPA	ENA	1	437	0.0022883295194508009
12	E	D	EPA	ENA	1	436	0.0022935779816513763
13	E	D	EPA	ENA	2	444	0.0045045045045045045
14	E	D	EPA	ENA	1	442	0.0022624434389140274
15	E	D	EPA	ENA	2	427	0.0046838407494145199
16	E	D	EPA	ENA	1	444	0.0022522522522522522
17	E	D	EPA	ENA	1	438	0.0022831050228310501
18	E	D	EPA	ENA	1	440	0.0022727272727272726
19	E	D	EPA	ENA	1	429	0.002331002331002331
20	E	D	EPA	ENA	1	430	0.0023255813953488372
21	E	D	EPA	ENA	1	429	0.002331002331002331
22	E	D	EPA	ENA	1	435	0.0022988505747126436
23	E	D	EPA	ENA	1	430	0.0023255813953488372
24	E	D	EPA	ENA	1	443	0.002257336343115124
25	E	D	EPA	ENA	1	434	0.002304147465437788
26	E	D	EPA	ENA	1	438	0.0022831050228310501
27	E	D	EPA	ENA	1	436	0.0022935779816513763
28	E	D	EPA	ENA	1	438	0.0022831050228310501
29	E	D	EPA	ENA	2	436	0.0045871559633027525
30	E	D	EPA	ENA	1	439	0.0022779043280182231
31	E	D	EPA	ENA	1	438	0.0022831050228310501
32	E	D	EPA	ENA	1	439	0.0022779043280182231
33	E	D	EPA	ENA	1	436	0.0022935779816513763
34	E	D	EPA	ENA	1	438	0.0022831050228310501
35	E	D	EPA	ENA	2	438	0.0045662100456621002
36	E	D	EPA	ENA	1	440	0.0022727272727272726
37	E	D	EPA	ENA	1	442	0.0022624434389140274
38	E	D	EPA	ENA	1	437	0.0022883295194508009
39	E	D	EPA	ENA	0	434	0
40	E	D	EPA	ENA	1	442	0.0022624434389140274
41	E	D	EPA	ENA	1	444	0.0022522522522522522
42	E	D	EPA	ENA	1	427	0.00234192037470726
43	E	D	EPA	ENA	1	434	0.002304147465437788
44	E	D	EPA	ENA	1	430	0.0023255813953488372
45	E	D	EPA	ENA	1	431	0.0023201856148491878
46	E	D	EPA	ENA	2	429	0.004662004662004662
47	E	D	EPA	ENA	1	444	0.0022522522522522522
48	E	D	EPA	ENA	2	441	0.0045351473922902496
49	E	D	EPA	ENA	1	431	0.0023201856148491878
50	E	D	EPA	ENA	1	424	0.0023584905660377358
51	E	D	EPA	ENA	1	428	0.0023364485981308409
52	E	D	EPA	ENA	1	428	0.0023364485981308409
53	E	D	EPA	ENA	1	444	0.0022522522522522522
54	E	D	EPA	ENA	1	439	0.0022779043280182231
55	E	D	EPA	ENA	2	435	0.0045977011494252873
56	E	D	EPA	ENA	1	437	0.0022883295194508009
57	E	D	EPA	ENA	1	433	0.0023094688221709007
58	E	D	EPA	ENA	1	441	0.0022675736961451248
59	E	D	EPA	ENA	1	424	0.0023584905660377358
60	E	D	EPA	ENA	1	440	0.0022727272727272726
61	E	D	EPA	ENA	1	436	0.0022935779816513763
62	E	D	EPA	ENA	1	422	0.0023696682464454978
63	E	D	EPA	ENA	1	433	0.0023094688221709007
64	E	D	EPA	ENA	1	433	0.0023094688221709007
65	E	D	EPA	ENA	1	432	0.0023148148148148147
66	E	D	EPA	ENA	1	445	0.0022471910112359553
67	E	D	EPA	ENA	1	430	0.0023255813953488372
68	E	D	EPA	ENA	1	438	0.0022831050228310501
69	E	D	EPA	ENA	1	438	0.0022831050228310501
70	E	D	EPA	ENA	1	439	0.0022779043280182231
71	E	D	EPA	ENA	1	432	0.0023148148148148147
72	E	D	EPA	ENA	1	436	0.0022935779816513763
73	E	D	EPA	ENA	1	435	0.0022988505747126436
74	E	D	EPA	ENA	1	436	0.0022935779816513763
75	E	D	EPA	ENA	1	452	0.0022123893805309734
76	E	D	EPA	ENA	1	441	0.0022675736961451248
77	E	D	EPA	ENA	1	441	0.0022675736961451248
78	E	D	EPA	ENA	1	435	0.0022988505747126436
79	E	D	EPA	ENA	1	425	0.002352941176470588
80	E	D	EPA	ENA	1	440	0.0022727272727272726
81	E	D	EPA	ENA	1	436	0.0022935779816513763
82	E	D	EPA	ENA	1	435	0.0022988505747126436
83	E	D	EPA	ENA	1	426	0.0023474178403755869
84	E	D	EPA	ENA	1	447	0.0022371364653243847
85	E	D	EPA	ENA	1	434	0.002304147465437788
86	E	D	EPA	ENA	1	431	0.0023201856148491878
87	E	D	EPA	ENA	2	432	0.0046296296296296294
88	E	D	EPA	ENA	2	445	0.0044943820224719105
89	E	D	EPA	ENA	1	432	0.0023148148148148147
90	E	D	EPA	ENA	1	431	0.0023201856148491878
91	E	D	EPA	ENA	1	436	0.0022935779816513763
92	E	D	EPA	ENA	1	442	0.0022624434389140274
93	E	D	EPA	ENA	2	426	0.0046948356807511738
94	E	D	EPA	ENA	1	426	0.0023474178403755869
95	E	D	EPA	ENA	1	431	0.0023201856148491878
96	E	D	EPA	ENA	1	439	0.0022779043280182231
97	E	D	EPA	ENA	1	436	0.0022935779816513763
98	E	D	EPA	ENA	1	433	0.0023094688221709007
99	E	D	EPA	ENA	1	434	0.002304147465437788
100	E	D	EPA	ENA	1	439	0.0022779043280182231
101	E	D	EPA	ENA	1	435	0.0022988505747126436
102	E	D	EPA	ENA	1	448	0.002232142857142857
103	E	D	EPA	ENA	1	438	0.0022831050228310501
104	E	D	EPA	ENA	1	431	0.0023201856148491878
105	E	D	EPA	ENA	1	435	0.0022988505747126436
106	E	D	EPA	ENA	1	435	0.0022988505747126436
107	E	D	EPA	ENA	2	443	0.0045146726862302479
108	E	D	EPA	ENA	1	426	0.0023474178403755869
109	E	D	EPA	ENA	1	444	0.0022522522522522522
110	E	D	EPA	ENA	1	427	0.00234192037470726
111	E	D	EPA	ENA	1	447	0.0022371364653243847
112	E	D	EPA	ENA	1	436	0.0022935779816513763
113	E	D	EPA	ENA	1	432	0.0023148148148148147
114	E	D	EPA	ENA	1	442	0.0022624434389140274
115	E	D	EPA	ENA	1	435	0.0022988505747126436
116	E	D	EPA	ENA	1	445	0.0022471910112359553
117	E	D	EPA	ENA	1	441	0.0022675736961451248
118	E	D	EPA	ENA	1	436	0.0022935779816513763
119	E	D	EPA	ENA	1	439	0.0022779043280182231
120	E	D	EPA	ENA	1	451	0.0022172949002217295
121	E	D	EPA	ENA	1	443	0.002257336343115124
122	E	D	EPA	ENA	1	432	0.0023148148148148147
123	E	D	EPA	ENA	1	442	0.0022624434389140274
124	E	D	EPA	ENA	1	437	0.0022883295194508009
125	E	D	EPA	ENA	1	433	0.0023094688221709007
126	E	D	EPA	ENA	1	438	0.0022831050228310501
127	E	D	EPA	ENA	1	436	0.0022935779816513763
128	E	D	EPA	ENA	1	436	0.0022935779816513763
129	E	D	EPA	ENA	1	435	0.0022988505747126436
130	E	D	EPA	ENA	1	433	0.0023094688221709007
131	E	D	EPA	ENA	1	446	0.002242152466367713
132	E	D	EPA	ENA	2	442	0.0045248868778280547
133	E	D	EPA	ENA	1	441	0.0022675736961451248
134	E	D	EPA	ENA	1	444	0.0022522522522522522
135	E	D	EPA	ENA	1	433	0.0023094688221709007
136	E	D	EPA	ENA	1	432	0.0023148148148148147
137	E	D	EPA	ENA	1	433	0.0023094688221709007
138	E	D	EPA	ENA	1	438	0.0022831050228310501
139	E	D	EPA	ENA	1	433	0.0023094688221709007
140	E	D	EPA	ENA	1	433	0.0023094688221709007
141	E	D	EPA	ENA	1	427	0.00234192037470726
142	E	D	EPA	ENA	1	425	0.002352941176470588
143	E	D	EPA	ENA	2	430	0.0046511627906976744
144	E	D	EPA	ENA	1	434	0.002304147465437788
145	E	D	EPA	ENA	2	446	0.0044843049327354259
146	E	D	EPA	ENA	2	439	0.0045558086560364463
147	E	D	EPA	ENA	1	433	0.0023094688221709007
148	E	D	EPA	ENA	1	437	0.0022883295194508009
149	E	D	EPA	ENA	1	425	0.002352941176470588
150	E	D	EPA	ENA	1	440	0.0022727272727272726
151	E	D	EPA	ENA	1	445	0.0022471910112359553
152	E	D	EPA	ENA	1	435	0.0022988505747126436
153	E	D	EPA	ENA	1	438	0.0022831050228310501
154	E	D	EPA	ENA	1	445	0.0022471910112359553
155	E	D	EPA	ENA	1	432	0.0023148148148148147
156	E	D	EPA	ENA	1	429	0.002331002331002331
157	E	D	EPA	ENA	1	432	0.0023148148148148147
158	E	D	EPA	ENA	2	435	0.0045977011494252873
159	E	D	EPA	ENA	1	441	0.0022675736961451248
160	E	D	EPA	ENA	1	439	0.0022779043280182231
161	E	D	EPA	ENA	2	438	0.0045662100456621002
162	E	D	EPA	ENA	1	436	0.0022935779816513763
163	E	D	EPA	ENA	1	434	0.002304147465437788
164	E	D	EPA	ENA	1	437	0.0022883295194508009
165	E	D	EPA	ENA	1	428	0.0023364485981308409
166	E	D	EPA	ENA	1	436	0.0022935779816513763
167	E	D	EPA	ENA	1	433	0.0023094688221709007
168	E	D	EPA	ENA	1	435	0.0022988505747126436
169	E	D	EPA	ENA	1	434	0.002304147465437788
170	E	D	EPA	ENA	1	432	0.0023148148148148147
171	E	D	EPA	ENA	1	434	0.002304147465437788
172	E	D	EPA	ENA	1	444	0.0022522522522522522
173	E	D	EPA	ENA	2	440	0.0045454545454545452
174	E	D	EPA	ENA	3	435	0.0068965517241379309
175	E	D	EPA	ENA	1	429	0.002331002331002331
176	E	D	EPA	ENA	1	437	0.0022883295194508009
177	E	D	EPA	ENA	1	434	0.002304147465437788
178	E	D	EPA	ENA	1	442	0.0022624434389140274
179	E	D	EPA	ENA	1	447	0.0022371364653243847
180	E	D	EPA	ENA	1	442	0.0022624434389140274
181	E	D	EPA	ENA	2	435	0.0045977011494252873
182	E	D	EPA	ENA	1	441	0.0022675736961451248
183	E	D	EPA	ENA	1	437	0.0022883295194508009
184	E	D	EPA	ENA	1	436	0.0022935779816513763
185	E	D	EPA	ENA	1	434	0.002304147465437788
186	E	D	EPA	ENA	1	437	0.0022883295194508009
187	E	D	EPA	ENA	1	433	0.0023094688221709007
188	E	D	EPA	ENA	1	430	0.0023255813953488372
189	E	D	EPA	ENA	1	443	0.002257336343115124
190	E	D	EPA	ENA	1	434	0.002304147465437788
191	E	D	EPA	ENA	1	429	0.002331002331002331
192	E	D	EPA	ENA	1	430	0.0023255813953488372
193	E	D	EPA	ENA	1	431	0.0023201856148491878
194	E	D	EPA	ENA	1	423	0.0023640661938534278
195	E	D	EPA	ENA	2	433	0.0046189376443418013
196	E	D	EPA	ENA	1	436	0.0022935779816513763
197	E	D	EPA	ENA	1	444	0.0022522522522522522
198	E	D	EPA	ENA	1	446	0.002242152466367713
199	E	D	EPA	ENA	1	434	0.002304147465437788
200	E	D	EPA	ENA	2	431	0.0046403712296983757
201	E	D	EPA	ENA	1	435	0.0022988505747126436
202	E	D	EPA	ENA	1	427	0.00234192037470726
203	E	D	EPA	ENA	1	433	0.0023094688221709007
204	E	D	EPA	ENA	1	437	0.0022883295194508009
205	E	D	EPA	ENA	1	431	0.0023201856148491878
206	E	D	EPA	ENA	1	435	0.0022988505747126436
207	E	D	EPA	ENA	1	442	0.0022624434389140274
208	E	D	EPA	ENA	1	434	0.002304147465437788
209	E	D	EPA	ENA	1	438	0.0022831050228310501
210	E	D	EPA	ENA	1	434	0.002304147465437788
211	E	D	EPA	ENA	1	440	0.0022727272727272726
212	E	D	EPA	ENA	1	447	0.0022371364653243847
213	E	D	EPA	ENA	1	436	0.0022935779816513763
214	E	D	EPA	ENA	1	428	0.0023364485981308409
215	E	D	EPA	ENA	1	448	0.002232142857142857
216	E	D	EPA	ENA	1	442	0.0022624434389140274
217	E	D	EPA	ENA	1	433	0.0023094688221709007
218	E	D	EPA	ENA	1	431	0.0023201856148491878
219	E	D	EPA	ENA	1	434	0.002304147465437788
220	E	D	EPA	ENA	1	445	0.0022471910112359553
221	E	D	EPA	ENA	1	422	0.0023696682464454978
222	E	D	EPA	ENA	1	425	0.002352941176470588
223	E	D	EPA	ENA	1	431	0.0023201856148491878
224	E	D	EPA	ENA	1	432	0.0023148148148148147
225	E	D	EPA	ENA	1	431	0.0023201856148491878
226	E	D	EPA	ENA	1	430	0.0023255813953488372
227	E	D	EPA	ENA	1	441	0.0022675736961451248
228	E	D	EPA	ENA	1	444	0.0022522522522522522
229	E	D	EPA	ENA	1	446	0.002242152466367713
230	E	D	EPA	ENA	1	439	0.0022779043280182231
231	E	D	EPA	ENA	1	435	0.0022988505747126436
232	E	D	EPA	ENA	1	434	0.002304147465437788
233	E	D	EPA	ENA	1	437	0.0022883295194508009
234	E	D	EPA	ENA	1	435	0.0022988505747126436
235	E	D	EPA	ENA	1	434	0.002304147465437788
236	E	D	EPA	ENA	1	431	0.0023201856148491878
237	E	D	EPA	ENA	1	447	0.0022371364653243847
238	E	D	EPA	ENA	1	438	0.0022831050228310501
239	E	D	EPA	ENA	1	427	0.00234192037470726
240	E	D	EPA	ENA	2	437	0.0045766590389016018
241	E	D	EPA	ENA	1	431	0.0023201856148491878
242	E	D	EPA	ENA	1	441	0.0022675736961451248
243	E	D	EPA	ENA	1	440	0.0022727272727272726
244	E	D	EPA	ENA	1	438	0.0022831050228310501
245	E	D	EPA	ENA	1	435	0.0022988505747126436
246	E	D	EPA	ENA	2	441	0.0045351473922902496
247	E	D	EPA	ENA	1	433	0.0023094688221709007
248	E	D	EPA	ENA	1	435	0.0022988505747126436
249	E	D	EPA	ENA	1	445	0.0022471910112359553
250	E	D	EPA	ENA	1	431	0.0023201856148491878
251	E	D	EPA	ENA	1	444	0.0022522522522522522
252	E	D	EPA	ENA	1	439	0.0022779043280182231
253	E	D	EPA	ENA	1	431	0.0023201856148491878
254	E	D	EPA	ENA	1	428	0.0023364485981308409
255	E	D	EPA	ENA	1	436	0.0022935779816513763
256	E	D	EPA	ENA	1	431	0.0023201856148491878
257	E	D	EPA	ENA	2	436	0.0045871559633027525
258	E	D	EPA	ENA	1	440	0.0022727272727272726
259	E	D	EPA	ENA	2	436	0.0045871559633027525
260	E	D	EPA	ENA	1	431	0.0023201856148491878
261	E	D	EPA	ENA	1	445	0.0022471910112359553
262	E	D	EPA	ENA	1	435	0.0022988505747126436
263	E	D	EPA	ENA	1	430	0.0023255813953488372
264	E	D	EPA	ENA	1	438	0.0022831050228310501
265	E	D	EPA	ENA	1	434	0.002304147465437788
266	E	D	EPA	ENA	1	429	0.002331002331002331
267	E	D	EPA	ENA	1	437	0.0022883295194508009
268	E	D	EPA	ENA	1	431	0.0023201856148491878
269	E	D	EPA	ENA	1	433	0.0023094688221709007
270	E	D	EPA	ENA	2	430	0.0046511627906976744
271	E	D	EPA	ENA	1	428	0.0023364485981308409
272	E	D	EPA	ENA	1	433	0.0023094688221709007
273	E	D	EPA	ENA	1	438	0.0022831050228310501
274	E	D	EPA	ENA	1	435	0.0022988505747126436
275	E	D	EPA	ENA	1	443	0.002257336343115124
276	E	D	EPA	ENA	1	425	0.002352941176470588
277	E	D	EPA	ENA	1	433	0.0023094688221709007
278	E	D	EPA	ENA	1	439	0.0022779043280182231
279	E	D	EPA	ENA	2	434	0.004608294930875576
280	E	D	EPA	ENA	1	434	0.002304147465437788
281	E	D	EPA	ENA	1	446	0.002242152466367713
282	E	D	EPA	ENA	1	440	0.0022727272727272726
283	E	D	EPA	ENA	1	430	0.0023255813953488372
284	E	D	EPA	ENA	2	437	0.0045766590389016018
285	E	D	EPA	ENA	1	430	0.0023255813953488372
286	E	D	EPA	ENA	1	425	0.002352941176470588
287	E	D	EPA	ENA	1	430	0.0023255813953488372
288	E	D	EPA	ENA	1	444	0.0022522522522522522
289	E	D	EPA	ENA	1	435	0.0022988505747126436
290	E	D	EPA	ENA	2	426	0.0046948356807511738
291	E	D	EPA	ENA	1	434	0.002304147465437788
292	E	D	EPA	ENA	1	427	0.00234192037470726
293	E	D	EPA	ENA	1	437	0.0022883295194508009
294	E	D	EPA	ENA	1	437	0.0022883295194508009
295	E	D	EPA	ENA	1	436	0.0022935779816513763
296	E	D	EPA	ENA	1	432	0.0023148148148148147
297	E	D	EPA	ENA	1	441	0.0022675736961451248
298	E	D	EPA	ENA	1	437	0.0022883295194508009
299	E	D	EPA	ENA	1	431	0.0023201856148491878
300	E	D	EPA	ENA	1	435	0.0022988505747126436
1	F	D	IND	ENA	0	433	0
2	F	D	IND	ENA	0	440	0
3	F	D	IND	ENA	0	440	0
4	F	D	IND	ENA	0	434	0
5	F	D	IND	ENA	0	436	0
6	F	D	IND	ENA	0	437	0
7	F	D	IND	ENA	0	432	0
8	F	D	IND	ENA	0	442	0
9	F	D	IND	ENA	0	431	0
10	F	D	IND	ENA	0	433	0
11	F	D	IND	ENA	0	437	0
12	F	D	IND	ENA	0	436	0
13	F	D	IND	ENA	0	444	0
14	F	D	IND	ENA	0	442	0
15	F	D	IND	ENA	0	427	0
16	F	D	IND	ENA	0	444	0
17	F	D	IND	ENA	0	438	0
18	F	D	IND	ENA	0	440	0
19	F	D	IND	ENA	0	429	0
20	F	D	IND	ENA	0	430	0
21	F	D	IND	ENA	0	429	0
22	F	D	IND	ENA	0	435	0
23	F	D	IND	ENA	0	430	0
24	F	D	IND	ENA	0	443	0
25	F	D	IND	ENA	0	434	0
26	F	D	IND	ENA	0	438	0
27	F	D	IND	ENA	0	436	0
28	F	D	IND	ENA	0	438	0
29	F	D	IND	ENA	0	436	0
30	F	D	IND	ENA	0	439	0
31	F	D	IND	ENA	0	438	0
32	F	D	IND	ENA	0	439	0
33	F	D	IND	ENA	0	436	0
34	F	D	IND	ENA	0	438	0
35	F	D	IND	ENA	0	438	0
36	F	D	IND	ENA	0	440	0
37	F	D	IND	ENA	0	442	0
38	F	D	IND	ENA	0	437	0
39	F	D	IND	ENA	0	434	0
40	F	D	IND	ENA	0	442	0
41	F	D	IND	ENA	0	444	0
42	F	D	IND	ENA	0	427	0
43	F	D	IND	ENA	0	434	0
44	F	D	IND	ENA	0	430	0
45	F	D	IND	ENA	0	431	0
46	F	D	IND	ENA	0	429	0
47	F	D	IND	ENA	0	444	0
48	F	D	IND	ENA	0	441	0
49	F	D	IND	ENA	0	431	0
50	F	D	IND	ENA	0	424	0
51	F	D	IND	ENA	0	428	0
52	F	D	IND	ENA	0	428	0
53	F	D	IND	ENA	0	444	0
54	F	D	IND	ENA	0	439	0
55	F	D	IND	ENA	0	435	0
56	F	D	IND	ENA	0	437	0
57	F	D	IND	ENA	0	433	0
58	F	D	IND	ENA	0	441	0
59	F	D	IND	ENA	0	424	0
60	F	D	IND	ENA	0	440	0
61	F	D	IND	ENA	0	436	0
62	F	D	IND	ENA	0	422	0
63	F	D	IND	ENA	0	433	0
64	F	D	IND	ENA	0	433	0
65	F	D	IND	ENA	0	432	0
66	F	D	IND	ENA	0	445	0
67	F	D	IND	ENA	0	430	0
68	F	D	IND	ENA	0	438	0
69	F	D	IND	ENA	0	438	0
70	F	D	IND	ENA	0	439	0
71	F	D	IND	ENA	0	432	0
72	F	D	IND	ENA	0	436	0
73	F	D	IND	ENA	0	435	0
74	F	D	IND	ENA	0	436	0
75	F	D	IND	ENA	0	452	0
76	F	D	IND	ENA	0	441	0
77	F	D	IND	ENA	0	441	0
78	F	D	IND	ENA	0	435	0
79	F	D	IND	ENA	0	425	0
80	F	D	IND	ENA	0	440	0
81	F	D	IND	ENA	0	436	0
82	F	D	IND	ENA	0	435	0
83	F	D	IND	ENA	0	426	0
84	F	D	IND	ENA	0	447	0
85	F	D	IND	ENA	0	434	0
86	F	D	IND	ENA	0	431	0
87	F	D	IND	ENA	0	432	0
88	F	D	IND	ENA	0	445	0
89	F	D	IND	ENA	0	432	0
90	F	D	IND	ENA	0	431	0
91	F	D	IND	ENA	0	436	0
92	F	D	IND	ENA	0	442	0
93	F	D	IND	ENA	0	426	0
94	F	D	IND	ENA	0	426	0
95	F	D	IND	ENA	0	431	0
96	F	D	IND	ENA	0	439	0
97	F	D	IND	ENA	0	436	0
98	F	D	IND	ENA	0	433	0
99	F	D	IND	ENA	0	434	0
100	F	D	IND	ENA	0	439	0
101	F	D	IND	ENA	0	435	0
102	F	D	IND	ENA	0	448	0
103	F	D	IND	ENA	0	438	0
104	F	D	IND	ENA	0	431	0
105	F	D	IND	ENA	0	435	0
106	F	D	IND	ENA	0	435	0
107	F	D	IND	ENA	0	443	0
108	F	D	IND	ENA	0	426	0
109	F	D	IND	ENA	0	444	0
110	F	D	IND	ENA	0	427	0
111	F	D	IND	ENA	0	447	0
112	F	D	IND	ENA	0	436	0
113	F	D	IND	ENA	0	432	0
114	F	D	IND	ENA	0	442	0
115	F	D	IND	ENA	0	435	0
116	F	D	IND	ENA	0	445	0
117	F	D	IND	ENA	0	441	0
118	F	D	IND	ENA	0	436	0
119	F	D	IND	ENA	0	439	0
120	F	D	IND	ENA	0	451	0
121	F	D	IND	ENA	0	443	0
122	F	D	IND	ENA	0	432	0
123	F	D	IND	ENA	0	442	0
124	F	D	IND	ENA	0	437	0
125	F	D	IND	ENA	0	433	0
126	F	D	IND	ENA	0	438	0
127	F	D	IND	ENA	0	436	0
128	F	D	IND	ENA	0	436	0
129	F	D	IND	ENA	0	435	0
130	F	D	IND	ENA	0	433	0
131	F	D	IND	ENA	0	446	0
132	F	D	IND	ENA	0	442	0
133	F	D	IND	ENA	0	441	0
134	F	D	IND	ENA	0	444	0
135	F	D	IND	ENA	0	433	0
136	F	D	IND	ENA	0	432	0
137	F	D	IND	ENA	0	433	0
138	F	D	IND	ENA	0	438	0
139	F	D	IND	ENA	0	433	0
140	F	D	IND	ENA	0	433	0
141	F	D	IND	ENA	0	427	0
142	F	D	IND	ENA	0	425	0
143	F	D	IND	ENA	0	430	0
144	F	D	IND	ENA	0	434	0
145	F	D	IND	ENA	0	446	0
146	F	D	IND	ENA	0	439	0
147	F	D	IND	ENA	0	433	0
148	F	D	IND	ENA	0	437	0
149	F	D	IND	ENA	0	425	0
150	F	D	IND	ENA	0	440	0
151	F	D	IND	ENA	0	445	0
152	F	D	IND	ENA	0	435	0
153	F	D	IND	ENA	0	438	0
154	F	D	IND	ENA	0	445	0
155	F	D	IND	ENA	0	432	0
156	F	D	IND	ENA	0	429	0
157	F	D	IND	ENA	0	432	0
158	F	D	IND	ENA	0	435	0
159	F	D	IND	ENA	0	441	0
160	F	D	IND	ENA	0	439	0
161	F	D	IND	ENA	0	438	0
162	F	D	IND	ENA	0	436	0
163	F	D	IND	ENA	0	434	0
164	F	D	IND	ENA	0	437	0
165	F	D	IND	ENA	0	428	0
166	F	D	IND	ENA	0	436	0
167	F	D	IND	ENA	0	433	0
168	F	D	IND	ENA	0	435	0
169	F	D	IND	ENA	0	434	0
170	F	D	IND	ENA	0	432	0
171	F	D	IND	ENA	0	434	0
172	F	D	IND	ENA	0	444	0
173	F	D	IND	ENA	0	440	0
174	F	D	IND	ENA	0	435	0
175	F	D	IND	ENA	0	429	0
176	F	D	IND	ENA	0	437	0
177	F	D	IND	ENA	0	434	0
178	F	D	IND	ENA	0	442	0
179	F	D	IND	ENA	0	447	0
180	F	D	IND	ENA	0	442	0
181	F	D	IND	ENA	0	435	0
182	F	D	IND	ENA	0	441	0
183	F	D	IND	ENA	0	437	0
184	F	D	IND	ENA	0	436	0
185	F	D	IND	ENA	0	434	0
186	F	D	IND	ENA	0	437	0
187	F	D	IND	ENA	0	433	0
188	F	D	IND	ENA	0	430	0
189	F	D	IND	ENA	0	443	0
190	F	D	IND	ENA	0	434	0
191	F	D	IND	ENA	0	429	0
192	F	D	IND	ENA	0	430	0
193	F	D	IND	ENA	0	431	0
194	F	D	IND	ENA	0	423	0
195	F	D	IND	ENA	0	433	0
196	F	D	IND	ENA	0	436	0
197	F	D	IND	ENA	0	444	0
198	F	D	IND	ENA	0	446	0
199	F	D	IND	ENA	0	434	0
200	F	D	IND	ENA	0	431	0
201	F	D	IND	ENA	0	435	0
202	F	D	IND	ENA	0	427	0
203	F	D	IND	ENA	0	433	0
204	F	D	IND	ENA	0	437	0
205	F	D	IND	ENA	0	431	0
206	F	D	IND	ENA	0	435	0
207	F	D	IND	ENA	0	442	0
208	F	D	IND	ENA	0	434	0
209	F	D	IND	ENA	0	438	0
210	F	D	IND	ENA	0	434	0
211	F	D	IND	ENA	0	440	0
212	F	D	IND	ENA	0	447	0
213	F	D	IND	ENA	0	436	0
214	F	D	IND	ENA	0	428	0
215	F	D	IND	ENA	0	448	0
216	F	D	IND	ENA	0	442	0
217	F	D	IND	ENA	0	433	0
218	F	D	IND	ENA	0	431	0
219	F	D	IND	ENA	0	434	0
220	F	D	IND	ENA	0	445	0
221	F	D	IND	ENA	0	422	0
222	F	D	IND	ENA	0	425	0
223	F	D	IND	ENA	0	431	0
224	F	D	IND	ENA	0	432	0
225	F	D	IND	ENA	0	431	0
226	F	D	IND	ENA	0	430	0
227	F	D	IND	ENA	0	441	0
228	F	D	IND	ENA	0	444	0
229	F	D	IND	ENA	0	446	0
230	F	D	IND	ENA	0	439	0
231	F	D	IND	ENA	0	435	0
232	F	D	IND	ENA	0	434	0
233	F	D	IND	ENA	0	437	0
234	F	D	IND	ENA	0	435	0
235	F	D	IND	ENA	0	434	0
236	F	D	IND	ENA	0	431	0
237	F	D	IND	ENA	0	447	0
238	F	D	IND	ENA	0	438	0
239	F	D	IND	ENA	0	427	0
240	F	D	IND	ENA	0	437	0
241	F	D	IND	ENA	0	431	0
242	F	D	IND	ENA	0	441	0
243	F	D	IND	ENA	0	440	0
244	F	D	IND	ENA	0	438	0
245	F	D	IND	ENA	0	435	0
246	F	D	IND	ENA	0	441	0
247	F	D	IND	ENA	0	433	0
248	F	D	IND	ENA	0	435	0
249	F	D	IND	ENA	0	445	0
250	F	D	IND	ENA	0	431	0
251	F	D	IND	ENA	0	444	0
252	F	D	IND	ENA	0	439	0
253	F	D	IND	ENA	0	431	0
254	F	D	IND	ENA	0	428	0
255	F	D	IND	ENA	0	436	0
256	F	D	IND	ENA	0	431	0
257	F	D	IND	ENA	0	436	0
258	F	D	IND	ENA	0	440	0
259	F	D	IND	ENA	0	436	0
260	F	D	IND	ENA	0	431	0
261	F	D	IND	ENA	0	445	0
262	F	D	IND	ENA	0	435	0
263	F	D	IND	ENA	0	430	0
264	F	D	IND	ENA	0	438	0
265	F	D	IND	ENA	0	434	0
266	F	D	IND	ENA	0	429	0
267	F	D	IND	ENA	0	437	0
268	F	D	IND	ENA	0	431	0
269	F	D	IND	ENA	0	433	0
270	F	D	IND	ENA	0	430	0
271	F	D	IND	ENA	0	428	0
272	F	D	IND	ENA	0	433	0
273	F	D	IND	ENA	0	438	0
274	F	D	IND	ENA	0	435	0
275	F	D	IND	ENA	0	443	0
276	F	D	IND	ENA	0	425	0
277	F	D	IND	ENA	0	433	0
278	F	D	IND	ENA	0	439	0
279	F	D	IND	ENA	0	434	0
280	F	D	IND	ENA	0	434	0
281	F	D	IND	ENA	0	446	0
282	F	D	IND	ENA	0	440	0
283	F	D	IND	ENA	0	430	0
284	F	D	IND	ENA	0	437	0
285	F	D	IND	ENA	0	430	0
286	F	D	IND	ENA	0	425	0
287	F	D	IND	ENA	0	430	0
288	F	D	IND	ENA	0	444	0
289	F	D	IND	ENA	0	435	0
290	F	D	IND	ENA	0	426	0
291	F	D	IND	ENA	0	434	0
292	F	D	IND	ENA	0	427	0
293	F	D	IND	ENA	0	437	0
294	F	D	IND	ENA	0	437	0
295	F	D	IND	ENA	0	436	0
296	F	D	IND	ENA	0	432	0
297	F	D	IND	ENA	0	441	0
298	F	D	IND	ENA	0	437	0
299	F	D	IND	ENA	0	431	0
300	F	D	IND	ENA	0	435	0
1	G	D	MDG	ENA	0	433	0
2	G	D	MDG	ENA	0	440	0
3	G	D	MDG	ENA	0	440	0
4	G	D	MDG	ENA	0	434	0
5	G	D	MDG	ENA	0	436	0
6	G	D	MDG	ENA	0	437	0
7	G	D	MDG	ENA	0	432	0
8	G	D	MDG	ENA	0	442	0
9	G	D	MDG	ENA	0	431	0
10	G	D	MDG	ENA	0	433	0
11	G	D	MDG	ENA	0	437	0
12	G	D	MDG	ENA	0	436	0
13	G	D	MDG	ENA	0	444	0
14	G	D	MDG	ENA	0	442	0
15	G	D	MDG	ENA	0	427	0
16	G	D	MDG	ENA	0	444	0
17	G	D	MDG	ENA	0	438	0
18	G	D	MDG	ENA	0	440	0
19	G	D	MDG	ENA	0	429	0
20	G	D	MDG	ENA	0	430	0
21	G	D	MDG	ENA	0	429	0
22	G	D	MDG	ENA	0	435	0
23	G	D	MDG	ENA	0	430	0
24	G	D	MDG	ENA	0	443	0
25	G	D	MDG	ENA	0	434	0
26	G	D	MDG	ENA	0	438	0
27	G	D	MDG	ENA	0	436	0
28	G	D	MDG	ENA	0	438	0
29	G	D	MDG	ENA	0	436	0
30	G	D	MDG	ENA	0	439	0
31	G	D	MDG	ENA	0	438	0
32	G	D	MDG	ENA	0	439	0
33	G	D	MDG	ENA	0	436	0
34	G	D	MDG	ENA	0	438	0
35	G	D	MDG	ENA	0	438	0
36	G	D	MDG	ENA	0	440	0
37	G	D	MDG	ENA	0	442	0
38	G	D	MDG	ENA	0	437	0
39	G	D	MDG	ENA	0	434	0
40	G	D	MDG	ENA	0	442	0
41	G	D	MDG	ENA	0	444	0
42	G	D	MDG	ENA	0	427	0
43	G	D	MDG	ENA	0	434	0
44	G	D	MDG	ENA	0	430	0
45	G	D	MDG	ENA	0	431	0
46	G	D	MDG	ENA	0	429	0
47	G	D	MDG	ENA	0	444	0
48	G	D	MDG	ENA	0	441	0
49	G	D	MDG	ENA	0	431	0
50	G	D	MDG	ENA	0	424	0
51	G	D	MDG	ENA	0	428	0
52	G	D	MDG	ENA	0	428	0
53	G	D	MDG	ENA	0	444	0
54	G	D	MDG	ENA	0	439	0
55	G	D	MDG	ENA	0	435	0
56	G	D	MDG	ENA	0	437	0
57	G	D	MDG	ENA	0	433	0
58	G	D	MDG	ENA	0	441	0
59	G	D	MDG	ENA	0	424	0
60	G	D	MDG	ENA	0	440	0
61	G	D	MDG	ENA	0	436	0
62	G	D	MDG	ENA	0	422	0
63	G	D	MDG	ENA	0	433	0
64	G	D	MDG	ENA	0	433	0
65	G	D	MDG	ENA	0	432	0
66	G	D	MDG	ENA	0	445	0
67	G	D	MDG	ENA	0	430	0
68	G	D	MDG	ENA	0	438	0
69	G	D	MDG	ENA	0	438	0
70	G	D	MDG	ENA	0	439	0
71	G	D	MDG	ENA	0	432	0
72	G	D	MDG	ENA	0	436	0
73	G	D	MDG	ENA	0	435	0
74	G	D	MDG	ENA	0	436	0
75	G	D	MDG	ENA	0	452	0
76	G	D	MDG	ENA	0	441	0
77	G	D	MDG	ENA	0	441	0
78	G	D	MDG	ENA	0	435	0
79	G	D	MDG	ENA	0	425	0
80	G	D	MDG	ENA	0	440	0
81	G	D	MDG	ENA	0	436	0
82	G	D	MDG	ENA	0	435	0
83	G	D	MDG	ENA	0	426	0
84	G	D	MDG	ENA	0	447	0
85	G	D	MDG	ENA	0	434	0
86	G	D	MDG	ENA	0	431	0
87	G	D	MDG	ENA	0	432	0
88	G	D	MDG	ENA	0	445	0
89	G	D	MDG	ENA	0	432	0
90	G	D	MDG	ENA	0	431	0
91	G	D	MDG	ENA	0	436	0
92	G	D	MDG	ENA	0	442	0
93	G	D	MDG	ENA	0	426	0
94	G	D	MDG	ENA	0	426	0
95	G	D	MDG	ENA	0	431	0
96	G	D	MDG	ENA	0	439	0
97	G	D	MDG	ENA	0	436	0
98	G	D	MDG	ENA	0	433	0
99	G	D	MDG	ENA	0	434	0
100	G	D	MDG	ENA	0	439	0
101	G	D	MDG	ENA	0	435	0
102	G	D	MDG	ENA	0	448	0
103	G	D	MDG	ENA	0	438	0
104	G	D	MDG	ENA	0	431	0
105	G	D	MDG	ENA	0	435	0
106	G	D	MDG	ENA	0	435	0
107	G	D	MDG	ENA	0	443	0
108	G	D	MDG	ENA	0	426	0
109	G	D	MDG	ENA	0	444	0
110	G	D	MDG	ENA	0	427	0
111	G	D	MDG	ENA	0	447	0
112	G	D	MDG	ENA	0	436	0
113	G	D	MDG	ENA	0	432	0
114	G	D	MDG	ENA	0	442	0
115	G	D	MDG	ENA	0	435	0
116	G	D	MDG	ENA	0	445	0
117	G	D	MDG	ENA	0	441	0
118	G	D	MDG	ENA	0	436	0
119	G	D	MDG	ENA	0	439	0
120	G	D	MDG	ENA	0	451	0
121	G	D	MDG	ENA	0	443	0
122	G	D	MDG	ENA	0	432	0
123	G	D	MDG	ENA	0	442	0
124	G	D	MDG	ENA	0	437	0
125	G	D	MDG	ENA	0	433	0
126	G	D	MDG	ENA	0	438	0
127	G	D	MDG	ENA	0	436	0
128	G	D	MDG	ENA	0	436	0
129	G	D	MDG	ENA	0	435	0
130	G	D	MDG	ENA	0	433	0
131	G	D	MDG	ENA	0	446	0
132	G	D	MDG	ENA	0	442	0
133	G	D	MDG	ENA	0	441	0
134	G	D	MDG	ENA	0	444	0
135	G	D	MDG	ENA	0	433	0
136	G	D	MDG	ENA	0	432	0
137	G	D	MDG	ENA	0	433	0
138	G	D	MDG	ENA	0	438	0
139	G	D	MDG	ENA	0	433	0
140	G	D	MDG	ENA	0	433	0
141	G	D	MDG	ENA	0	427	0
142	G	D	MDG	ENA	0	425	0
143	G	D	MDG	ENA	0	430	0
144	G	D	MDG	ENA	0	434	0
145	G	D	MDG	ENA	0	446	0
146	G	D	MDG	ENA	0	439	0
147	G	D	MDG	ENA	0	433	0
148	G	D	MDG	ENA	0	437	0
149	G	D	MDG	ENA	0	425	0
150	G	D	MDG	ENA	0	440	0
151	G	D	MDG	ENA	0	445	0
152	G	D	MDG	ENA	0	435	0
153	G	D	MDG	ENA	0	438	0
154	G	D	MDG	ENA	0	445	0
155	G	D	MDG	ENA	0	432	0
156	G	D	MDG	ENA	0	429	0
157	G	D	MDG	ENA	0	432	0
158	G	D	MDG	ENA	0	435	0
159	G	D	MDG	ENA	0	441	0
160	G	D	MDG	ENA	0	439	0
161	G	D	MDG	ENA	0	438	0
162	G	D	MDG	ENA	0	436	0
163	G	D	MDG	ENA	0	434	0
164	G	D	MDG	ENA	0	437	0
165	G	D	MDG	ENA	0	428	0
166	G	D	MDG	ENA	0	436	0
167	G	D	MDG	ENA	0	433	0
168	G	D	MDG	ENA	0	435	0
169	G	D	MDG	ENA	0	434	0
170	G	D	MDG	ENA	0	432	0
171	G	D	MDG	ENA	0	434	0
172	G	D	MDG	ENA	0	444	0
173	G	D	MDG	ENA	0	440	0
174	G	D	MDG	ENA	0	435	0
175	G	D	MDG	ENA	0	429	0
176	G	D	MDG	ENA	0	437	0
177	G	D	MDG	ENA	0	434	0
178	G	D	MDG	ENA	0	442	0
179	G	D	MDG	ENA	0	447	0
180	G	D	MDG	ENA	0	442	0
181	G	D	MDG	ENA	0	435	0
182	G	D	MDG	ENA	0	441	0
183	G	D	MDG	ENA	0	437	0
184	G	D	MDG	ENA	0	436	0
185	G	D	MDG	ENA	0	434	0
186	G	D	MDG	ENA	0	437	0
187	G	D	MDG	ENA	0	433	0
188	G	D	MDG	ENA	0	430	0
189	G	D	MDG	ENA	0	443	0
190	G	D	MDG	ENA	0	434	0
191	G	D	MDG	ENA	0	429	0
192	G	D	MDG	ENA	0	430	0
193	G	D	MDG	ENA	0	431	0
194	G	D	MDG	ENA	0	423	0
195	G	D	MDG	ENA	0	433	0
196	G	D	MDG	ENA	0	436	0
197	G	D	MDG	ENA	0	444	0
198	G	D	MDG	ENA	0	446	0
199	G	D	MDG	ENA	0	434	0
200	G	D	MDG	ENA	0	431	0
201	G	D	MDG	ENA	0	435	0
202	G	D	MDG	ENA	0	427	0
203	G	D	MDG	ENA	0	433	0
204	G	D	MDG	ENA	0	437	0
205	G	D	MDG	ENA	0	431	0
206	G	D	MDG	ENA	0	435	0
207	G	D	MDG	ENA	0	442	0
208	G	D	MDG	ENA	0	434	0
209	G	D	MDG	ENA	0	438	0
210	G	D	MDG	ENA	0	434	0
211	G	D	MDG	ENA	0	440	0
212	G	D	MDG	ENA	0	447	0
213	G	D	MDG	ENA	0	436	0
214	G	D	MDG	ENA	0	428	0
215	G	D	MDG	ENA	0	448	0
216	G	D	MDG	ENA	0	442	0
217	G	D	MDG	ENA	0	433	0
218	G	D	MDG	ENA	0	431	0
219	G	D	MDG	ENA	0	434	0
220	G	D	MDG	ENA	0	445	0
221	G	D	MDG	ENA	0	422	0
222	G	D	MDG	ENA	0	425	0
223	G	D	MDG	ENA	0	431	0
224	G	D	MDG	ENA	0	432	0
225	G	D	MDG	ENA	0	431	0
226	G	D	MDG	ENA	0	430	0
227	G	D	MDG	ENA	0	441	0
228	G	D	MDG	ENA	0	444	0
229	G	D	MDG	ENA	0	446	0
230	G	D	MDG	ENA	0	439	0
231	G	D	MDG	ENA	0	435	0
232	G	D	MDG	ENA	0	434	0
233	G	D	MDG	ENA	0	437	0
234	G	D	MDG	ENA	0	435	0
235	G	D	MDG	ENA	0	434	0
236	G	D	MDG	ENA	0	431	0
237	G	D	MDG	ENA	0	447	0
238	G	D	MDG	ENA	0	438	0
239	G	D	MDG	ENA	0	427	0
240	G	D	MDG	ENA	0	437	0
241	G	D	MDG	ENA	0	431	0
242	G	D	MDG	ENA	0	441	0
243	G	D	MDG	ENA	0	440	0
244	G	D	MDG	ENA	0	438	0
245	G	D	MDG	ENA	0	435	0
246	G	D	MDG	ENA	0	441	0
247	G	D	MDG	ENA	0	433	0
248	G	D	MDG	ENA	0	435	0
249	G	D	MDG	ENA	0	445	0
250	G	D	MDG	ENA	0	431	0
251	G	D	MDG	ENA	0	444	0
252	G	D	MDG	ENA	0	439	0
253	G	D	MDG	ENA	0	431	0
254	G	D	MDG	ENA	0	428	0
255	G	D	MDG	ENA	0	436	0
256	G	D	MDG	ENA	0	431	0
257	G	D	MDG	ENA	0	436	0
258	G	D	MDG	ENA	0	440	0
259	G	D	MDG	ENA	0	436	0
260	G	D	MDG	ENA	0	431	0
261	G	D	MDG	ENA	0	445	0
262	G	D	MDG	ENA	0	435	0
263	G	D	MDG	ENA	0	430	0
264	G	D	MDG	ENA	0	438	0
265	G	D	MDG	ENA	0	434	0
266	G	D	MDG	ENA	0	429	0
267	G	D	MDG	ENA	0	437	0
268	G	D	MDG	ENA	0	431	0
269	G	D	MDG	ENA	0	433	0
270	G	D	MDG	ENA	0	430	0
271	G	D	MDG	ENA	0	428	0
272	G	D	MDG	ENA	0	433	0
273	G	D	MDG	ENA	0	438	0
274	G	D	MDG	ENA	0	435	0
275	G	D	MDG	ENA	0	443	0
276	G	D	MDG	ENA	0	425	0
277	G	D	MDG	ENA	0	433	0
278	G	D	MDG	ENA	0	439	0
279	G	D	MDG	ENA	0	434	0
280	G	D	MDG	ENA	0	434	0
281	G	D	MDG	ENA	0	446	0
282	G	D	MDG	ENA	0	440	0
283	G	D	MDG	ENA	0	430	0
284	G	D	MDG	ENA	0	437	0
285	G	D	MDG	ENA	0	430	0
286	G	D	MDG	ENA	0	425	0
287	G	D	MDG	ENA	0	430	0
288	G	D	MDG	ENA	0	444	0
289	G	D	MDG	ENA	0	435	0
290	G	D	MDG	ENA	0	426	0
291	G	D	MDG	ENA	0	434	0
292	G	D	MDG	ENA	0	427	0
293	G	D	MDG	ENA	0	437	0
294	G	D	MDG	ENA	0	437	0
295	G	D	MDG	ENA	0	436	0
296	G	D	MDG	ENA	0	432	0
297	G	D	MDG	ENA	0	441	0
298	G	D	MDG	ENA	0	437	0
299	G	D	MDG	ENA	0	431	0
300	G	D	MDG	ENA	0	435	0
1	H	D	ORI	ENA	0	433	0
2	H	D	ORI	ENA	0	440	0
3	H	D	ORI	ENA	0	440	0
4	H	D	ORI	ENA	0	434	0
5	H	D	ORI	ENA	0	436	0
6	H	D	ORI	ENA	0	437	0
7	H	D	ORI	ENA	0	432	0
8	H	D	ORI	ENA	0	442	0
9	H	D	ORI	ENA	0	431	0
10	H	D	ORI	ENA	0	433	0
11	H	D	ORI	ENA	0	437	0
12	H	D	ORI	ENA	0	436	0
13	H	D	ORI	ENA	0	444	0
14	H	D	ORI	ENA	0	442	0
15	H	D	ORI	ENA	0	427	0
16	H	D	ORI	ENA	0	444	0
17	H	D	ORI	ENA	0	438	0
18	H	D	ORI	ENA	0	440	0
19	H	D	ORI	ENA	0	429	0
20	H	D	ORI	ENA	0	430	0
21	H	D	ORI	ENA	0	429	0
22	H	D	ORI	ENA	0	435	0
23	H	D	ORI	ENA	0	430	0
24	H	D	ORI	ENA	0	443	0
25	H	D	ORI	ENA	0	434	0
26	H	D	ORI	ENA	0	438	0
27	H	D	ORI	ENA	0	436	0
28	H	D	ORI	ENA	0	438	0
29	H	D	ORI	ENA	0	436	0
30	H	D	ORI	ENA	0	439	0
31	H	D	ORI	ENA	0	438	0
32	H	D	ORI	ENA	0	439	0
33	H	D	ORI	ENA	0	436	0
34	H	D	ORI	ENA	0	438	0
35	H	D	ORI	ENA	0	438	0
36	H	D	ORI	ENA	0	440	0
37	H	D	ORI	ENA	0	442	0
38	H	D	ORI	ENA	0	437	0
39	H	D	ORI	ENA	0	434	0
40	H	D	ORI	ENA	0	442	0
41	H	D	ORI	ENA	0	444	0
42	H	D	ORI	ENA	0	427	0
43	H	D	ORI	ENA	0	434	0
44	H	D	ORI	ENA	0	430	0
45	H	D	ORI	ENA	0	431	0
46	H	D	ORI	ENA	0	429	0
47	H	D	ORI	ENA	0	444	0
48	H	D	ORI	ENA	0	441	0
49	H	D	ORI	ENA	0	431	0
50	H	D	ORI	ENA	0	424	0
51	H	D	ORI	ENA	0	428	0
52	H	D	ORI	ENA	0	428	0
53	H	D	ORI	ENA	0	444	0
54	H	D	ORI	ENA	0	439	0
55	H	D	ORI	ENA	0	435	0
56	H	D	ORI	ENA	0	437	0
57	H	D	ORI	ENA	0	433	0
58	H	D	ORI	ENA	0	441	0
59	H	D	ORI	ENA	0	424	0
60	H	D	ORI	ENA	0	440	0
61	H	D	ORI	ENA	0	436	0
62	H	D	ORI	ENA	0	422	0
63	H	D	ORI	ENA	0	433	0
64	H	D	ORI	ENA	0	433	0
65	H	D	ORI	ENA	0	432	0
66	H	D	ORI	ENA	0	445	0
67	H	D	ORI	ENA	0	430	0
68	H	D	ORI	ENA	0	438	0
69	H	D	ORI	ENA	0	438	0
70	H	D	ORI	ENA	0	439	0
71	H	D	ORI	ENA	0	432	0
72	H	D	ORI	ENA	0	436	0
73	H	D	ORI	ENA	0	435	0
74	H	D	ORI	ENA	0	436	0
75	H	D	ORI	ENA	0	452	0
76	H	D	ORI	ENA	0	441	0
77	H	D	ORI	ENA	0	441	0
78	H	D	ORI	ENA	0	435	0
79	H	D	ORI	ENA	0	425	0
80	H	D	ORI	ENA	0	440	0
81	H	D	ORI	ENA	0	436	0
82	H	D	ORI	ENA	0	435	0
83	H	D	ORI	ENA	0	426	0
84	H	D	ORI	ENA	0	447	0
85	H	D	ORI	ENA	0	434	0
86	H	D	ORI	ENA	0	431	0
87	H	D	ORI	ENA	0	432	0
88	H	D	ORI	ENA	0	445	0
89	H	D	ORI	ENA	0	432	0
90	H	D	ORI	ENA	0	431	0
91	H	D	ORI	ENA	0	436	0
92	H	D	ORI	ENA	0	442	0
93	H	D	ORI	ENA	0	426	0
94	H	D	ORI	ENA	0	426	0
95	H	D	ORI	ENA	0	431	0
96	H	D	ORI	ENA	0	439	0
97	H	D	ORI	ENA	0	436	0
98	H	D	ORI	ENA	0	433	0
99	H	D	ORI	ENA	0	434	0
100	H	D	ORI	ENA	0	439	0
101	H	D	ORI	ENA	0	435	0
102	H	D	ORI	ENA	0	448	0
103	H	D	ORI	ENA	0	438	0
104	H	D	ORI	ENA	0	431	0
105	H	D	ORI	ENA	0	435	0
106	H	D	ORI	ENA	0	435	0
107	H	D	ORI	ENA	0	443	0
108	H	D	ORI	ENA	0	426	0
109	H	D	ORI	ENA	0	444	0
110	H	D	ORI	ENA	0	427	0
111	H	D	ORI	ENA	0	447	0
112	H	D	ORI	ENA	0	436	0
113	H	D	ORI	ENA	0	432	0
114	H	D	ORI	ENA	0	442	0
115	H	D	ORI	ENA	0	435	0
116	H	D	ORI	ENA	0	445	0
117	H	D	ORI	ENA	0	441	0
118	H	D	ORI	ENA	0	436	0
119	H	D	ORI	ENA	0	439	0
120	H	D	ORI	ENA	0	451	0
121	H	D	ORI	ENA	0	443	0
122	H	D	ORI	ENA	0	432	0
123	H	D	ORI	ENA	0	442	0
124	H	D	ORI	ENA	0	437	0
125	H	D	ORI	ENA	0	433	0
126	H	D	ORI	ENA	0	438	0
127	H	D	ORI	ENA	0	436	0
128	H	D	ORI	ENA	0	436	0
129	H	D	ORI	ENA	0	435	0
130	H	D	ORI	ENA	0	433	0
131	H	D	ORI	ENA	0	446	0
132	H	D	ORI	ENA	0	442	0
133	H	D	ORI	ENA	0	441	0
134	H	D	ORI	ENA	0	444	0
135	H	D	ORI	ENA	0	433	0
136	H	D	ORI	ENA	0	432	0
137	H	D	ORI	ENA	0	433	0
138	H	D	ORI	ENA	0	438	0
139	H	D	ORI	ENA	0	433	0
140	H	D	ORI	ENA	0	433	0
141	H	D	ORI	ENA	0	427	0
142	H	D	ORI	ENA	0	425	0
143	H	D	ORI	ENA	0	430	0
144	H	D	ORI	ENA	0	434	0
145	H	D	ORI	ENA	0	446	0
146	H	D	ORI	ENA	0	439	0
147	H	D	ORI	ENA	0	433	0
148	H	D	ORI	ENA	0	437	0
149	H	D	ORI	ENA	0	425	0
150	H	D	ORI	ENA	0	440	0
151	H	D	ORI	ENA	0	445	0
152	H	D	ORI	ENA	0	435	0
153	H	D	ORI	ENA	0	438	0
154	H	D	ORI	ENA	0	445	0
155	H	D	ORI	ENA	0	432	0
156	H	D	ORI	ENA	0	429	0
157	H	D	ORI	ENA	0	432	0
158	H	D	ORI	ENA	0	435	0
159	H	D	ORI	ENA	0	441	0
160	H	D	ORI	ENA	0	439	0
161	H	D	ORI	ENA	0	438	0
162	H	D	ORI	ENA	0	436	0
163	H	D	ORI	ENA	0	434	0
164	H	D	ORI	ENA	0	437	0
165	H	D	ORI	ENA	0	428	0
166	H	D	ORI	ENA	0	436	0
167	H	D	ORI	ENA	0	433	0
168	H	D	ORI	ENA	0	435	0
169	H	D	ORI	ENA	0	434	0
170	H	D	ORI	ENA	0	432	0
171	H	D	ORI	ENA	0	434	0
172	H	D	ORI	ENA	0	444	0
173	H	D	ORI	ENA	0	440	0
174	H	D	ORI	ENA	0	435	0
175	H	D	ORI	ENA	0	429	0
176	H	D	ORI	ENA	0	437	0
177	H	D	ORI	ENA	0	434	0
178	H	D	ORI	ENA	0	442	0
179	H	D	ORI	ENA	0	447	0
180	H	D	ORI	ENA	0	442	0
181	H	D	ORI	ENA	0	435	0
182	H	D	ORI	ENA	0	441	0
183	H	D	ORI	ENA	0	437	0
184	H	D	ORI	ENA	0	436	0
185	H	D	ORI	ENA	0	434	0
186	H	D	ORI	ENA	0	437	0
187	H	D	ORI	ENA	0	433	0
188	H	D	ORI	ENA	0	430	0
189	H	D	ORI	ENA	0	443	0
190	H	D	ORI	ENA	0	434	0
191	H	D	ORI	ENA	0	429	0
192	H	D	ORI	ENA	0	430	0
193	H	D	ORI	ENA	0	431	0
194	H	D	ORI	ENA	0	423	0
195	H	D	ORI	ENA	0	433	0
196	H	D	ORI	ENA	0	436	0
197	H	D	ORI	ENA	0	444	0
198	H	D	ORI	ENA	0	446	0
199	H	D	ORI	ENA	0	434	0
200	H	D	ORI	ENA	0	431	0
201	H	D	ORI	ENA	0	435	0
202	H	D	ORI	ENA	0	427	0
203	H	D	ORI	ENA	0	433	0
204	H	D	ORI	ENA	0	437	0
205	H	D	ORI	ENA	0	431	0
206	H	D	ORI	ENA	0	435	0
207	H	D	ORI	ENA	0	442	0
208	H	D	ORI	ENA	0	434	0
209	H	D	ORI	ENA	0	438	0
210	H	D	ORI	ENA	0	434	0
211	H	D	ORI	ENA	0	440	0
212	H	D	ORI	ENA	0	447	0
213	H	D	ORI	ENA	0	436	0
214	H	D	ORI	ENA	0	428	0
215	H	D	ORI	ENA	0	448	0
216	H	D	ORI	ENA	0	442	0
217	H	D	ORI	ENA	0	433	0
218	H	D	ORI	ENA	0	431	0
219	H	D	ORI	ENA	0	434	0
220	H	D	ORI	ENA	0	445	0
221	H	D	ORI	ENA	0	422	0
222	H	D	ORI	ENA	0	425	0
223	H	D	ORI	ENA	0	431	0
224	H	D	ORI	ENA	0	432	0
225	H	D	ORI	ENA	0	431	0
226	H	D	ORI	ENA	0	430	0
227	H	D	ORI	ENA	0	441	0
228	H	D	ORI	ENA	0	444	0
229	H	D	ORI	ENA	0	446	0
230	H	D	ORI	ENA	0	439	0
231	H	D	ORI	ENA	0	435	0
232	H	D	ORI	ENA	0	434	0
233	H	D	ORI	ENA	0	437	0
234	H	D	ORI	ENA	0	435	0
235	H	D	ORI	ENA	0	434	0
236	H	D	ORI	ENA	0	431	0
237	H	D	ORI	ENA	0	447	0
238	H	D	ORI	ENA	0	438	0
239	H	D	ORI	ENA	0	427	0
240	H	D	ORI	ENA	0	437	0
241	H	D	ORI	ENA	0	431	0
242	H	D	ORI	ENA	0	441	0
243	H	D	ORI	ENA	0	440	0
244	H	D	ORI	ENA	0	438	0
245	H	D	ORI	ENA	0	435	0
246	H	D	ORI	ENA	0	441	0
247	H	D	ORI	ENA	0	433	0
248	H	D	ORI	ENA	0	435	0
249	H	D	ORI	ENA	0	445	0
250	H	D	ORI	ENA	0	431	0
251	H	D	ORI	ENA	0	444	0
252	H	D	ORI	ENA	0	439	0
253	H	D	ORI	ENA	0	431	0
254	H	D	ORI	ENA	0	428	0
255	H	D	ORI	ENA	0	436	0
256	H	D	ORI	ENA	0	431	0
257	H	D	ORI	ENA	0	436	0
258	H	D	ORI	ENA	0	440	0
259	H	D	ORI	ENA	0	436	0
260	H	D	ORI	ENA	0	431	0
261	H	D	ORI	ENA	0	445	0
262	H	D	ORI	ENA	0	435	0
263	H	D	ORI	ENA	0	430	0
264	H	D	ORI	ENA	0	438	0
265	H	D	ORI	ENA	0	434	0
266	H	D	ORI	ENA	0	429	0
267	H	D	ORI	ENA	0	437	0
268	H	D	ORI	ENA	0	431	0
269	H	D	ORI	ENA	0	433	0
270	H	D	ORI	ENA	0	430	0
271	H	D	ORI	ENA	0	428	0
272	H	D	ORI	ENA	0	433	0
273	H	D	ORI	ENA	0	438	0
274	H	D	ORI	ENA	0	435	0
275	H	D	ORI	ENA	0	443	0
276	H	D	ORI	ENA	0	425	0
277	H	D	ORI	ENA	0	433	0
278	H	D	ORI	ENA	0	439	0
279	H	D	ORI	ENA	0	434	0
280	H	D	ORI	ENA	0	434	0
281	H	D	ORI	ENA	0	446	0
282	H	D	ORI	ENA	0	440	0
283	H	D	ORI	ENA	0	430	0
284	H	D	ORI	ENA	0	437	0
285	H	D	ORI	ENA	0	430	0
286	H	D	ORI	ENA	0	425	0
287	H	D	ORI	ENA	0	430	0
288	H	D	ORI	ENA	0	444	0
289	H	D	ORI	ENA	0	435	0
290	H	D	ORI	ENA	0	426	0
291	H	D	ORI	ENA	0	434	0
292	H	D	ORI	ENA	0	427	0
293	H	D	ORI	ENA	0	437	0
294	H	D	ORI	ENA	0	437	0
295	H	D	ORI	ENA	0	436	0
296	H	D	ORI	ENA	0	432	0
297	H	D	ORI	ENA	0	441	0
298	H	D	ORI	ENA	0	437	0
299	H	D	ORI	ENA	0	431	0
300	H	D	ORI	ENA	0	435	0
1	I	D	SAM	ENA	2	433	0.0046189376443418013
2	I	D	SAM	ENA	0	440	0
3	I	D	SAM	ENA	1	440	0.0022727272727272726
4	I	D	SAM	ENA	0	434	0
5	I	D	SAM	ENA	0	436	0
6	I	D	SAM	ENA	1	437	0.0022883295194508009
7	I	D	SAM	ENA	1	432	0.0023148148148148147
8	I	D	SAM	ENA	1	442	0.0022624434389140274
9	I	D	SAM	ENA	1	431	0.0023201856148491878
10	I	D	SAM	ENA	1	433	0.0023094688221709007
11	I	D	SAM	ENA	0	437	0
12	I	D	SAM	ENA	2	436	0.0045871559633027525
13	I	D	SAM	ENA	2	444	0.0045045045045045045
14	I	D	SAM	ENA	2	442	0.0045248868778280547
15	I	D	SAM	ENA	1	427	0.00234192037470726
16	I	D	SAM	ENA	1	444	0.0022522522522522522
17	I	D	SAM	ENA	1	438	0.0022831050228310501
18	I	D	SAM	ENA	3	440	0.0068181818181818179
19	I	D	SAM	ENA	0	429	0
20	I	D	SAM	ENA	0	430	0
21	I	D	SAM	ENA	3	429	0.006993006993006993
22	I	D	SAM	ENA	0	435	0
23	I	D	SAM	ENA	1	430	0.0023255813953488372
24	I	D	SAM	ENA	1	443	0.002257336343115124
25	I	D	SAM	ENA	0	434	0
26	I	D	SAM	ENA	1	438	0.0022831050228310501
27	I	D	SAM	ENA	2	436	0.0045871559633027525
28	I	D	SAM	ENA	0	438	0
29	I	D	SAM	ENA	1	436	0.0022935779816513763
30	I	D	SAM	ENA	1	439	0.0022779043280182231
31	I	D	SAM	ENA	1	438	0.0022831050228310501
32	I	D	SAM	ENA	1	439	0.0022779043280182231
33	I	D	SAM	ENA	0	436	0
34	I	D	SAM	ENA	3	438	0.0068493150684931503
35	I	D	SAM	ENA	3	438	0.0068493150684931503
36	I	D	SAM	ENA	4	440	0.0090909090909090905
37	I	D	SAM	ENA	3	442	0.0067873303167420816
38	I	D	SAM	ENA	3	437	0.0068649885583524023
39	I	D	SAM	ENA	2	434	0.004608294930875576
40	I	D	SAM	ENA	0	442	0
41	I	D	SAM	ENA	1	444	0.0022522522522522522
42	I	D	SAM	ENA	2	427	0.0046838407494145199
43	I	D	SAM	ENA	2	434	0.004608294930875576
44	I	D	SAM	ENA	3	430	0.0069767441860465115
45	I	D	SAM	ENA	0	431	0
46	I	D	SAM	ENA	1	429	0.002331002331002331
47	I	D	SAM	ENA	0	444	0
48	I	D	SAM	ENA	2	441	0.0045351473922902496
49	I	D	SAM	ENA	2	431	0.0046403712296983757
50	I	D	SAM	ENA	2	424	0.0047169811320754715
51	I	D	SAM	ENA	1	428	0.0023364485981308409
52	I	D	SAM	ENA	1	428	0.0023364485981308409
53	I	D	SAM	ENA	1	444	0.0022522522522522522
54	I	D	SAM	ENA	0	439	0
55	I	D	SAM	ENA	1	435	0.0022988505747126436
56	I	D	SAM	ENA	2	437	0.0045766590389016018
57	I	D	SAM	ENA	0	433	0
58	I	D	SAM	ENA	0	441	0
59	I	D	SAM	ENA	2	424	0.0047169811320754715
60	I	D	SAM	ENA	1	440	0.0022727272727272726
61	I	D	SAM	ENA	1	436	0.0022935779816513763
62	I	D	SAM	ENA	2	422	0.0047393364928909956
63	I	D	SAM	ENA	1	433	0.0023094688221709007
64	I	D	SAM	ENA	1	433	0.0023094688221709007
65	I	D	SAM	ENA	2	432	0.0046296296296296294
66	I	D	SAM	ENA	0	445	0
67	I	D	SAM	ENA	2	430	0.0046511627906976744
68	I	D	SAM	ENA	1	438	0.0022831050228310501
69	I	D	SAM	ENA	2	438	0.0045662100456621002
70	I	D	SAM	ENA	0	439	0
71	I	D	SAM	ENA	1	432	0.0023148148148148147
72	I	D	SAM	ENA	3	436	0.0068807339449541288
73	I	D	SAM	ENA	2	435	0.0045977011494252873
74	I	D	SAM	ENA	1	436	0.0022935779816513763
75	I	D	SAM	ENA	0	452	0
76	I	D	SAM	ENA	2	441	0.0045351473922902496
77	I	D	SAM	ENA	0	441	0
78	I	D	SAM	ENA	1	435	0.0022988505747126436
79	I	D	SAM	ENA	2	425	0.0047058823529411761
80	I	D	SAM	ENA	2	440	0.0045454545454545452
81	I	D	SAM	ENA	0	436	0
82	I	D	SAM	ENA	1	435	0.0022988505747126436
83	I	D	SAM	ENA	2	426	0.0046948356807511738
84	I	D	SAM	ENA	0	447	0
85	I	D	SAM	ENA	0	434	0
86	I	D	SAM	ENA	1	431	0.0023201856148491878
87	I	D	SAM	ENA	2	432	0.0046296296296296294
88	I	D	SAM	ENA	4	445	0.008988764044943821
89	I	D	SAM	ENA	0	432	0
90	I	D	SAM	ENA	0	431	0
91	I	D	SAM	ENA	3	436	0.0068807339449541288
92	I	D	SAM	ENA	0	442	0
93	I	D	SAM	ENA	1	426	0.0023474178403755869
94	I	D	SAM	ENA	0	426	0
95	I	D	SAM	ENA	3	431	0.0069605568445475635
96	I	D	SAM	ENA	2	439	0.0045558086560364463
97	I	D	SAM	ENA	3	436	0.0068807339449541288
98	I	D	SAM	ENA	0	433	0
99	I	D	SAM	ENA	1	434	0.002304147465437788
100	I	D	SAM	ENA	1	439	0.0022779043280182231
101	I	D	SAM	ENA	0	435	0
102	I	D	SAM	ENA	2	448	0.004464285714285714
103	I	D	SAM	ENA	1	438	0.0022831050228310501
104	I	D	SAM	ENA	0	431	0
105	I	D	SAM	ENA	4	435	0.0091954022988505746
106	I	D	SAM	ENA	2	435	0.0045977011494252873
107	I	D	SAM	ENA	2	443	0.0045146726862302479
108	I	D	SAM	ENA	0	426	0
109	I	D	SAM	ENA	1	444	0.0022522522522522522
110	I	D	SAM	ENA	2	427	0.0046838407494145199
111	I	D	SAM	ENA	3	447	0.0067114093959731542
112	I	D	SAM	ENA	1	436	0.0022935779816513763
113	I	D	SAM	ENA	1	432	0.0023148148148148147
114	I	D	SAM	ENA	0	442	0
115	I	D	SAM	ENA	0	435	0
116	I	D	SAM	ENA	0	445	0
117	I	D	SAM	ENA	0	441	0
118	I	D	SAM	ENA	2	436	0.0045871559633027525
119	I	D	SAM	ENA	0	439	0
120	I	D	SAM	ENA	2	451	0.004434589800443459
121	I	D	SAM	ENA	0	443	0
122	I	D	SAM	ENA	2	432	0.0046296296296296294
123	I	D	SAM	ENA	1	442	0.0022624434389140274
124	I	D	SAM	ENA	1	437	0.0022883295194508009
125	I	D	SAM	ENA	3	433	0.0069284064665127024
126	I	D	SAM	ENA	2	438	0.0045662100456621002
127	I	D	SAM	ENA	2	436	0.0045871559633027525
128	I	D	SAM	ENA	1	436	0.0022935779816513763
129	I	D	SAM	ENA	0	435	0
130	I	D	SAM	ENA	2	433	0.0046189376443418013
131	I	D	SAM	ENA	1	446	0.002242152466367713
132	I	D	SAM	ENA	0	442	0
133	I	D	SAM	ENA	1	441	0.0022675736961451248
134	I	D	SAM	ENA	3	444	0.0067567567567567571
135	I	D	SAM	ENA	1	433	0.0023094688221709007
136	I	D	SAM	ENA	1	432	0.0023148148148148147
137	I	D	SAM	ENA	0	433	0
138	I	D	SAM	ENA	0	438	0
139	I	D	SAM	ENA	3	433	0.0069284064665127024
140	I	D	SAM	ENA	2	433	0.0046189376443418013
141	I	D	SAM	ENA	0	427	0
142	I	D	SAM	ENA	2	425	0.0047058823529411761
143	I	D	SAM	ENA	0	430	0
144	I	D	SAM	ENA	0	434	0
145	I	D	SAM	ENA	0	446	0
146	I	D	SAM	ENA	1	439	0.0022779043280182231
147	I	D	SAM	ENA	1	433	0.0023094688221709007
148	I	D	SAM	ENA	0	437	0
149	I	D	SAM	ENA	3	425	0.007058823529411765
150	I	D	SAM	ENA	1	440	0.0022727272727272726
151	I	D	SAM	ENA	1	445	0.0022471910112359553
152	I	D	SAM	ENA	2	435	0.0045977011494252873
153	I	D	SAM	ENA	1	438	0.0022831050228310501
154	I	D	SAM	ENA	2	445	0.0044943820224719105
155	I	D	SAM	ENA	2	432	0.0046296296296296294
156	I	D	SAM	ENA	2	429	0.004662004662004662
157	I	D	SAM	ENA	2	432	0.0046296296296296294
158	I	D	SAM	ENA	3	435	0.0068965517241379309
159	I	D	SAM	ENA	0	441	0
160	I	D	SAM	ENA	1	439	0.0022779043280182231
161	I	D	SAM	ENA	1	438	0.0022831050228310501
162	I	D	SAM	ENA	2	436	0.0045871559633027525
163	I	D	SAM	ENA	2	434	0.004608294930875576
164	I	D	SAM	ENA	0	437	0
165	I	D	SAM	ENA	1	428	0.0023364485981308409
166	I	D	SAM	ENA	2	436	0.0045871559633027525
167	I	D	SAM	ENA	0	433	0
168	I	D	SAM	ENA	0	435	0
169	I	D	SAM	ENA	2	434	0.004608294930875576
170	I	D	SAM	ENA	1	432	0.0023148148148148147
171	I	D	SAM	ENA	1	434	0.002304147465437788
172	I	D	SAM	ENA	0	444	0
173	I	D	SAM	ENA	1	440	0.0022727272727272726
174	I	D	SAM	ENA	1	435	0.0022988505747126436
175	I	D	SAM	ENA	0	429	0
176	I	D	SAM	ENA	2	437	0.0045766590389016018
177	I	D	SAM	ENA	1	434	0.002304147465437788
178	I	D	SAM	ENA	1	442	0.0022624434389140274
179	I	D	SAM	ENA	0	447	0
180	I	D	SAM	ENA	4	442	0.0090497737556561094
181	I	D	SAM	ENA	2	435	0.0045977011494252873
182	I	D	SAM	ENA	1	441	0.0022675736961451248
183	I	D	SAM	ENA	1	437	0.0022883295194508009
184	I	D	SAM	ENA	2	436	0.0045871559633027525
185	I	D	SAM	ENA	1	434	0.002304147465437788
186	I	D	SAM	ENA	2	437	0.0045766590389016018
187	I	D	SAM	ENA	2	433	0.0046189376443418013
188	I	D	SAM	ENA	2	430	0.0046511627906976744
189	I	D	SAM	ENA	1	443	0.002257336343115124
190	I	D	SAM	ENA	0	434	0
191	I	D	SAM	ENA	1	429	0.002331002331002331
192	I	D	SAM	ENA	1	430	0.0023255813953488372
193	I	D	SAM	ENA	1	431	0.0023201856148491878
194	I	D	SAM	ENA	3	423	0.0070921985815602835
195	I	D	SAM	ENA	2	433	0.0046189376443418013
196	I	D	SAM	ENA	1	436	0.0022935779816513763
197	I	D	SAM	ENA	1	444	0.0022522522522522522
198	I	D	SAM	ENA	0	446	0
199	I	D	SAM	ENA	4	434	0.0092165898617511521
200	I	D	SAM	ENA	1	431	0.0023201856148491878
201	I	D	SAM	ENA	2	435	0.0045977011494252873
202	I	D	SAM	ENA	2	427	0.0046838407494145199
203	I	D	SAM	ENA	1	433	0.0023094688221709007
204	I	D	SAM	ENA	4	437	0.0091533180778032037
205	I	D	SAM	ENA	1	431	0.0023201856148491878
206	I	D	SAM	ENA	2	435	0.0045977011494252873
207	I	D	SAM	ENA	1	442	0.0022624434389140274
208	I	D	SAM	ENA	1	434	0.002304147465437788
209	I	D	SAM	ENA	2	438	0.0045662100456621002
210	I	D	SAM	ENA	1	434	0.002304147465437788
211	I	D	SAM	ENA	0	440	0
212	I	D	SAM	ENA	2	447	0.0044742729306487695
213	I	D	SAM	ENA	0	436	0
214	I	D	SAM	ENA	2	428	0.0046728971962616819
215	I	D	SAM	ENA	0	448	0
216	I	D	SAM	ENA	1	442	0.0022624434389140274
217	I	D	SAM	ENA	1	433	0.0023094688221709007
218	I	D	SAM	ENA	1	431	0.0023201856148491878
219	I	D	SAM	ENA	2	434	0.004608294930875576
220	I	D	SAM	ENA	4	445	0.008988764044943821
221	I	D	SAM	ENA	0	422	0
222	I	D	SAM	ENA	1	425	0.002352941176470588
223	I	D	SAM	ENA	1	431	0.0023201856148491878
224	I	D	SAM	ENA	1	432	0.0023148148148148147
225	I	D	SAM	ENA	2	431	0.0046403712296983757
226	I	D	SAM	ENA	3	430	0.0069767441860465115
227	I	D	SAM	ENA	1	441	0.0022675736961451248
228	I	D	SAM	ENA	5	444	0.011261261261261261
229	I	D	SAM	ENA	1	446	0.002242152466367713
230	I	D	SAM	ENA	3	439	0.0068337129840546698
231	I	D	SAM	ENA	1	435	0.0022988505747126436
232	I	D	SAM	ENA	1	434	0.002304147465437788
233	I	D	SAM	ENA	1	437	0.0022883295194508009
234	I	D	SAM	ENA	1	435	0.0022988505747126436
235	I	D	SAM	ENA	1	434	0.002304147465437788
236	I	D	SAM	ENA	0	431	0
237	I	D	SAM	ENA	3	447	0.0067114093959731542
238	I	D	SAM	ENA	2	438	0.0045662100456621002
239	I	D	SAM	ENA	0	427	0
240	I	D	SAM	ENA	2	437	0.0045766590389016018
241	I	D	SAM	ENA	0	431	0
242	I	D	SAM	ENA	0	441	0
243	I	D	SAM	ENA	0	440	0
244	I	D	SAM	ENA	2	438	0.0045662100456621002
245	I	D	SAM	ENA	0	435	0
246	I	D	SAM	ENA	0	441	0
247	I	D	SAM	ENA	1	433	0.0023094688221709007
248	I	D	SAM	ENA	2	435	0.0045977011494252873
249	I	D	SAM	ENA	1	445	0.0022471910112359553
250	I	D	SAM	ENA	1	431	0.0023201856148491878
251	I	D	SAM	ENA	3	444	0.0067567567567567571
252	I	D	SAM	ENA	2	439	0.0045558086560364463
253	I	D	SAM	ENA	1	431	0.0023201856148491878
254	I	D	SAM	ENA	1	428	0.0023364485981308409
255	I	D	SAM	ENA	2	436	0.0045871559633027525
256	I	D	SAM	ENA	1	431	0.0023201856148491878
257	I	D	SAM	ENA	3	436	0.0068807339449541288
258	I	D	SAM	ENA	1	440	0.0022727272727272726
259	I	D	SAM	ENA	1	436	0.0022935779816513763
260	I	D	SAM	ENA	1	431	0.0023201856148491878
261	I	D	SAM	ENA	2	445	0.0044943820224719105
262	I	D	SAM	ENA	0	435	0
263	I	D	SAM	ENA	2	430	0.0046511627906976744
264	I	D	SAM	ENA	1	438	0.0022831050228310501
265	I	D	SAM	ENA	1	434	0.002304147465437788
266	I	D	SAM	ENA	2	429	0.004662004662004662
267	I	D	SAM	ENA	1	437	0.0022883295194508009
268	I	D	SAM	ENA	1	431	0.0023201856148491878
269	I	D	SAM	ENA	1	433	0.0023094688221709007
270	I	D	SAM	ENA	2	430	0.0046511627906976744
271	I	D	SAM	ENA	0	428	0
272	I	D	SAM	ENA	2	433	0.0046189376443418013
273	I	D	SAM	ENA	0	438	0
274	I	D	SAM	ENA	1	435	0.0022988505747126436
275	I	D	SAM	ENA	0	443	0
276	I	D	SAM	ENA	1	425	0.002352941176470588
277	I	D	SAM	ENA	2	433	0.0046189376443418013
278	I	D	SAM	ENA	2	439	0.0045558086560364463
279	I	D	SAM	ENA	1	434	0.002304147465437788
280	I	D	SAM	ENA	4	434	0.0092165898617511521
281	I	D	SAM	ENA	2	446	0.0044843049327354259
282	I	D	SAM	ENA	3	440	0.0068181818181818179
283	I	D	SAM	ENA	4	430	0.0093023255813953487
284	I	D	SAM	ENA	1	437	0.0022883295194508009
285	I	D	SAM	ENA	0	430	0
286	I	D	SAM	ENA	2	425	0.0047058823529411761
287	I	D	SAM	ENA	0	430	0
288	I	D	SAM	ENA	1	444	0.0022522522522522522
289	I	D	SAM	ENA	0	435	0
290	I	D	SAM	ENA	0	426	0
291	I	D	SAM	ENA	5	434	0.011520737327188941
292	I	D	SAM	ENA	1	427	0.00234192037470726
293	I	D	SAM	ENA	0	437	0
294	I	D	SAM	ENA	1	437	0.0022883295194508009
295	I	D	SAM	ENA	0	436	0
296	I	D	SAM	ENA	0	432	0
297	I	D	SAM	ENA	1	441	0.0022675736961451248
298	I	D	SAM	ENA	1	437	0.0022883295194508009
299	I	D	SAM	ENA	1	431	0.0023201856148491878
300	I	D	SAM	ENA	1	435	0.0022988505747126436
1	J	D	WNA	ENA	12	433	0.02771362586605081
2	J	D	WNA	ENA	8	440	0.018181818181818181
3	J	D	WNA	ENA	13	440	0.029545454545454545
4	J	D	WNA	ENA	15	434	0.034562211981566823
5	J	D	WNA	ENA	11	436	0.025229357798165139
6	J	D	WNA	ENA	8	437	0.018306636155606407
7	J	D	WNA	ENA	7	432	0.016203703703703703
8	J	D	WNA	ENA	8	442	0.018099547511312219
9	J	D	WNA	ENA	6	431	0.013921113689095127
10	J	D	WNA	ENA	10	433	0.023094688221709007
11	J	D	WNA	ENA	9	437	0.020594965675057208
12	J	D	WNA	ENA	14	436	0.032110091743119268
13	J	D	WNA	ENA	16	444	0.036036036036036036
14	J	D	WNA	ENA	10	442	0.022624434389140271
15	J	D	WNA	ENA	8	427	0.01873536299765808
16	J	D	WNA	ENA	11	444	0.024774774774774775
17	J	D	WNA	ENA	7	438	0.015981735159817351
18	J	D	WNA	ENA	11	440	0.025000000000000001
19	J	D	WNA	ENA	13	429	0.030303030303030304
20	J	D	WNA	ENA	11	430	0.025581395348837209
21	J	D	WNA	ENA	10	429	0.023310023310023312
22	J	D	WNA	ENA	13	435	0.029885057471264367
23	J	D	WNA	ENA	11	430	0.025581395348837209
24	J	D	WNA	ENA	12	443	0.027088036117381489
25	J	D	WNA	ENA	10	434	0.023041474654377881
26	J	D	WNA	ENA	4	438	0.0091324200913242004
27	J	D	WNA	ENA	9	436	0.020642201834862386
28	J	D	WNA	ENA	18	438	0.041095890410958902
29	J	D	WNA	ENA	13	436	0.029816513761467892
30	J	D	WNA	ENA	7	439	0.015945330296127564
31	J	D	WNA	ENA	9	438	0.020547945205479451
32	J	D	WNA	ENA	15	439	0.034168564920273349
33	J	D	WNA	ENA	15	436	0.034403669724770644
34	J	D	WNA	ENA	8	438	0.018264840182648401
35	J	D	WNA	ENA	11	438	0.025114155251141551
36	J	D	WNA	ENA	12	440	0.027272727272727271
37	J	D	WNA	ENA	12	442	0.027149321266968326
38	J	D	WNA	ENA	8	437	0.018306636155606407
39	J	D	WNA	ENA	17	434	0.039170506912442393
40	J	D	WNA	ENA	11	442	0.024886877828054297
41	J	D	WNA	ENA	13	444	0.029279279279279279
42	J	D	WNA	ENA	15	427	0.035128805620608897
43	J	D	WNA	ENA	9	434	0.020737327188940093
44	J	D	WNA	ENA	9	430	0.020930232558139535
45	J	D	WNA	ENA	4	431	0.0092807424593967514
46	J	D	WNA	ENA	11	429	0.02564102564102564
47	J	D	WNA	ENA	14	444	0.031531531531531529
48	J	D	WNA	ENA	15	441	0.034013605442176874
49	J	D	WNA	ENA	7	431	0.016241299303944315
50	J	D	WNA	ENA	7	424	0.016509433962264151
51	J	D	WNA	ENA	7	428	0.016355140186915886
52	J	D	WNA	ENA	11	428	0.025700934579439252
53	J	D	WNA	ENA	18	444	0.040540540540540543
54	J	D	WNA	ENA	7	439	0.015945330296127564
55	J	D	WNA	ENA	12	435	0.027586206896551724
56	J	D	WNA	ENA	13	437	0.029748283752860413
57	J	D	WNA	ENA	11	433	0.025404157043879907
58	J	D	WNA	ENA	6	441	0.013605442176870748
59	J	D	WNA	ENA	10	424	0.02358490566037736
60	J	D	WNA	ENA	9	440	0.020454545454545454
61	J	D	WNA	ENA	14	436	0.032110091743119268
62	J	D	WNA	ENA	10	422	0.023696682464454975
63	J	D	WNA	ENA	11	433	0.025404157043879907
64	J	D	WNA	ENA	7	433	0.016166281755196306
65	J	D	WNA	ENA	13	432	0.030092592592592591
66	J	D	WNA	ENA	6	445	0.013483146067415731
67	J	D	WNA	ENA	12	430	0.027906976744186046
68	J	D	WNA	ENA	13	438	0.029680365296803651
69	J	D	WNA	ENA	10	438	0.022831050228310501
70	J	D	WNA	ENA	9	439	0.020501138952164009
71	J	D	WNA	ENA	13	432	0.030092592592592591
72	J	D	WNA	ENA	13	436	0.029816513761467892
73	J	D	WNA	ENA	9	435	0.020689655172413793
74	J	D	WNA	ENA	5	436	0.011467889908256881
75	J	D	WNA	ENA	13	452	0.028761061946902654
76	J	D	WNA	ENA	9	441	0.020408163265306121
77	J	D	WNA	ENA	7	441	0.015873015873015872
78	J	D	WNA	ENA	10	435	0.022988505747126436
79	J	D	WNA	ENA	7	425	0.016470588235294119
80	J	D	WNA	ENA	8	440	0.018181818181818181
81	J	D	WNA	ENA	11	436	0.025229357798165139
82	J	D	WNA	ENA	11	435	0.02528735632183908
83	J	D	WNA	ENA	10	426	0.023474178403755867
84	J	D	WNA	ENA	10	447	0.022371364653243849
85	J	D	WNA	ENA	9	434	0.020737327188940093
86	J	D	WNA	ENA	10	431	0.023201856148491878
87	J	D	WNA	ENA	8	432	0.018518518518518517
88	J	D	WNA	ENA	13	445	0.029213483146067417
89	J	D	WNA	ENA	8	432	0.018518518518518517
90	J	D	WNA	ENA	6	431	0.013921113689095127
91	J	D	WNA	ENA	10	436	0.022935779816513763
92	J	D	WNA	ENA	15	442	0.033936651583710405
93	J	D	WNA	ENA	13	426	0.030516431924882629
94	J	D	WNA	ENA	11	426	0.025821596244131457
95	J	D	WNA	ENA	10	431	0.023201856148491878
96	J	D	WNA	ENA	16	439	0.03644646924829157
97	J	D	WNA	ENA	9	436	0.020642201834862386
98	J	D	WNA	ENA	12	433	0.02771362586605081
99	J	D	WNA	ENA	13	434	0.029953917050691243
100	J	D	WNA	ENA	11	439	0.025056947608200455
101	J	D	WNA	ENA	8	435	0.018390804597701149
102	J	D	WNA	ENA	18	448	0.040178571428571432
103	J	D	WNA	ENA	9	438	0.020547945205479451
104	J	D	WNA	ENA	12	431	0.027842227378190254
105	J	D	WNA	ENA	10	435	0.022988505747126436
106	J	D	WNA	ENA	4	435	0.0091954022988505746
107	J	D	WNA	ENA	15	443	0.033860045146726865
108	J	D	WNA	ENA	13	426	0.030516431924882629
109	J	D	WNA	ENA	9	444	0.020270270270270271
110	J	D	WNA	ENA	6	427	0.01405152224824356
111	J	D	WNA	ENA	13	447	0.029082774049217001
112	J	D	WNA	ENA	7	436	0.016055045871559634
113	J	D	WNA	ENA	9	432	0.020833333333333332
114	J	D	WNA	ENA	13	442	0.029411764705882353
115	J	D	WNA	ENA	11	435	0.02528735632183908
116	J	D	WNA	ENA	7	445	0.015730337078651686
117	J	D	WNA	ENA	6	441	0.013605442176870748
118	J	D	WNA	ENA	15	436	0.034403669724770644
119	J	D	WNA	ENA	13	439	0.029612756264236904
120	J	D	WNA	ENA	12	451	0.026607538802660754
121	J	D	WNA	ENA	9	443	0.020316027088036117
122	J	D	WNA	ENA	11	432	0.025462962962962962
123	J	D	WNA	ENA	13	442	0.029411764705882353
124	J	D	WNA	ENA	10	437	0.022883295194508008
125	J	D	WNA	ENA	7	433	0.016166281755196306
126	J	D	WNA	ENA	7	438	0.015981735159817351
127	J	D	WNA	ENA	14	436	0.032110091743119268
128	J	D	WNA	ENA	8	436	0.01834862385321101
129	J	D	WNA	ENA	7	435	0.016091954022988506
130	J	D	WNA	ENA	5	433	0.011547344110854504
131	J	D	WNA	ENA	12	446	0.026905829596412557
132	J	D	WNA	ENA	14	442	0.031674208144796379
133	J	D	WNA	ENA	12	441	0.027210884353741496
134	J	D	WNA	ENA	7	444	0.015765765765765764
135	J	D	WNA	ENA	11	433	0.025404157043879907
136	J	D	WNA	ENA	16	432	0.037037037037037035
137	J	D	WNA	ENA	11	433	0.025404157043879907
138	J	D	WNA	ENA	14	438	0.031963470319634701
139	J	D	WNA	ENA	10	433	0.023094688221709007
140	J	D	WNA	ENA	6	433	0.013856812933025405
141	J	D	WNA	ENA	5	427	0.011709601873536301
142	J	D	WNA	ENA	5	425	0.011764705882352941
143	J	D	WNA	ENA	11	430	0.025581395348837209
144	J	D	WNA	ENA	9	434	0.020737327188940093
145	J	D	WNA	ENA	10	446	0.022421524663677129
146	J	D	WNA	ENA	10	439	0.022779043280182234
147	J	D	WNA	ENA	14	433	0.032332563510392612
148	J	D	WNA	ENA	9	437	0.020594965675057208
149	J	D	WNA	ENA	12	425	0.02823529411764706
150	J	D	WNA	ENA	15	440	0.034090909090909088
151	J	D	WNA	ENA	6	445	0.013483146067415731
152	J	D	WNA	ENA	10	435	0.022988505747126436
153	J	D	WNA	ENA	17	438	0.038812785388127852
154	J	D	WNA	ENA	15	445	0.033707865168539325
155	J	D	WNA	ENA	8	432	0.018518518518518517
156	J	D	WNA	ENA	13	429	0.030303030303030304
157	J	D	WNA	ENA	14	432	0.032407407407407406
158	J	D	WNA	ENA	15	435	0.034482758620689655
159	J	D	WNA	ENA	10	441	0.022675736961451247
160	J	D	WNA	ENA	8	439	0.018223234624145785
161	J	D	WNA	ENA	13	438	0.029680365296803651
162	J	D	WNA	ENA	10	436	0.022935779816513763
163	J	D	WNA	ENA	15	434	0.034562211981566823
164	J	D	WNA	ENA	13	437	0.029748283752860413
165	J	D	WNA	ENA	11	428	0.025700934579439252
166	J	D	WNA	ENA	9	436	0.020642201834862386
167	J	D	WNA	ENA	11	433	0.025404157043879907
168	J	D	WNA	ENA	11	435	0.02528735632183908
169	J	D	WNA	ENA	10	434	0.023041474654377881
170	J	D	WNA	ENA	10	432	0.023148148148148147
171	J	D	WNA	ENA	10	434	0.023041474654377881
172	J	D	WNA	ENA	6	444	0.013513513513513514
173	J	D	WNA	ENA	11	440	0.025000000000000001
174	J	D	WNA	ENA	9	435	0.020689655172413793
175	J	D	WNA	ENA	7	429	0.016317016317016316
176	J	D	WNA	ENA	11	437	0.025171624713958809
177	J	D	WNA	ENA	9	434	0.020737327188940093
178	J	D	WNA	ENA	12	442	0.027149321266968326
179	J	D	WNA	ENA	10	447	0.022371364653243849
180	J	D	WNA	ENA	16	442	0.036199095022624438
181	J	D	WNA	ENA	11	435	0.02528735632183908
182	J	D	WNA	ENA	8	441	0.018140589569160998
183	J	D	WNA	ENA	12	437	0.027459954233409609
184	J	D	WNA	ENA	8	436	0.01834862385321101
185	J	D	WNA	ENA	9	434	0.020737327188940093
186	J	D	WNA	ENA	10	437	0.022883295194508008
187	J	D	WNA	ENA	14	433	0.032332563510392612
188	J	D	WNA	ENA	11	430	0.025581395348837209
189	J	D	WNA	ENA	13	443	0.029345372460496615
190	J	D	WNA	ENA	10	434	0.023041474654377881
191	J	D	WNA	ENA	11	429	0.02564102564102564
192	J	D	WNA	ENA	13	430	0.030232558139534883
193	J	D	WNA	ENA	7	431	0.016241299303944315
194	J	D	WNA	ENA	10	423	0.023640661938534278
195	J	D	WNA	ENA	13	433	0.030023094688221709
196	J	D	WNA	ENA	9	436	0.020642201834862386
197	J	D	WNA	ENA	13	444	0.029279279279279279
198	J	D	WNA	ENA	7	446	0.015695067264573991
199	J	D	WNA	ENA	12	434	0.027649769585253458
200	J	D	WNA	ENA	13	431	0.030162412993039442
201	J	D	WNA	ENA	14	435	0.032183908045977011
202	J	D	WNA	ENA	10	427	0.023419203747072601
203	J	D	WNA	ENA	14	433	0.032332563510392612
204	J	D	WNA	ENA	15	437	0.034324942791762014
205	J	D	WNA	ENA	7	431	0.016241299303944315
206	J	D	WNA	ENA	14	435	0.032183908045977011
207	J	D	WNA	ENA	9	442	0.020361990950226245
208	J	D	WNA	ENA	10	434	0.023041474654377881
209	J	D	WNA	ENA	12	438	0.027397260273972601
210	J	D	WNA	ENA	13	434	0.029953917050691243
211	J	D	WNA	ENA	8	440	0.018181818181818181
212	J	D	WNA	ENA	14	447	0.031319910514541388
213	J	D	WNA	ENA	11	436	0.025229357798165139
214	J	D	WNA	ENA	8	428	0.018691588785046728
215	J	D	WNA	ENA	9	448	0.020089285714285716
216	J	D	WNA	ENA	13	442	0.029411764705882353
217	J	D	WNA	ENA	6	433	0.013856812933025405
218	J	D	WNA	ENA	9	431	0.020881670533642691
219	J	D	WNA	ENA	10	434	0.023041474654377881
220	J	D	WNA	ENA	12	445	0.026966292134831461
221	J	D	WNA	ENA	13	422	0.030805687203791468
222	J	D	WNA	ENA	12	425	0.02823529411764706
223	J	D	WNA	ENA	11	431	0.025522041763341066
224	J	D	WNA	ENA	9	432	0.020833333333333332
225	J	D	WNA	ENA	6	431	0.013921113689095127
226	J	D	WNA	ENA	14	430	0.03255813953488372
227	J	D	WNA	ENA	6	441	0.013605442176870748
228	J	D	WNA	ENA	19	444	0.042792792792792793
229	J	D	WNA	ENA	13	446	0.02914798206278027
230	J	D	WNA	ENA	12	439	0.027334851936218679
231	J	D	WNA	ENA	10	435	0.022988505747126436
232	J	D	WNA	ENA	5	434	0.011520737327188941
233	J	D	WNA	ENA	13	437	0.029748283752860413
234	J	D	WNA	ENA	10	435	0.022988505747126436
235	J	D	WNA	ENA	9	434	0.020737327188940093
236	J	D	WNA	ENA	8	431	0.018561484918793503
237	J	D	WNA	ENA	16	447	0.035794183445190156
238	J	D	WNA	ENA	8	438	0.018264840182648401
239	J	D	WNA	ENA	9	427	0.021077283372365339
240	J	D	WNA	ENA	10	437	0.022883295194508008
241	J	D	WNA	ENA	13	431	0.030162412993039442
242	J	D	WNA	ENA	8	441	0.018140589569160998
243	J	D	WNA	ENA	9	440	0.020454545454545454
244	J	D	WNA	ENA	13	438	0.029680365296803651
245	J	D	WNA	ENA	10	435	0.022988505747126436
246	J	D	WNA	ENA	15	441	0.034013605442176874
247	J	D	WNA	ENA	13	433	0.030023094688221709
248	J	D	WNA	ENA	9	435	0.020689655172413793
249	J	D	WNA	ENA	11	445	0.024719101123595506
250	J	D	WNA	ENA	14	431	0.03248259860788863
251	J	D	WNA	ENA	16	444	0.036036036036036036
252	J	D	WNA	ENA	8	439	0.018223234624145785
253	J	D	WNA	ENA	17	431	0.039443155452436193
254	J	D	WNA	ENA	9	428	0.021028037383177569
255	J	D	WNA	ENA	21	436	0.048165137614678902
256	J	D	WNA	ENA	22	431	0.051044083526682132
257	J	D	WNA	ENA	12	436	0.027522935779816515
258	J	D	WNA	ENA	10	440	0.022727272727272728
259	J	D	WNA	ENA	13	436	0.029816513761467892
260	J	D	WNA	ENA	7	431	0.016241299303944315
261	J	D	WNA	ENA	7	445	0.015730337078651686
262	J	D	WNA	ENA	12	435	0.027586206896551724
263	J	D	WNA	ENA	6	430	0.013953488372093023
264	J	D	WNA	ENA	10	438	0.022831050228310501
265	J	D	WNA	ENA	16	434	0.036866359447004608
266	J	D	WNA	ENA	15	429	0.034965034965034968
267	J	D	WNA	ENA	8	437	0.018306636155606407
268	J	D	WNA	ENA	10	431	0.023201856148491878
269	J	D	WNA	ENA	6	433	0.013856812933025405
270	J	D	WNA	ENA	8	430	0.018604651162790697
271	J	D	WNA	ENA	3	428	0.0070093457943925233
272	J	D	WNA	ENA	7	433	0.016166281755196306
273	J	D	WNA	ENA	5	438	0.011415525114155251
274	J	D	WNA	ENA	9	435	0.020689655172413793
275	J	D	WNA	ENA	8	443	0.018058690744920992
276	J	D	WNA	ENA	8	425	0.018823529411764704
277	J	D	WNA	ENA	8	433	0.018475750577367205
278	J	D	WNA	ENA	8	439	0.018223234624145785
279	J	D	WNA	ENA	9	434	0.020737327188940093
280	J	D	WNA	ENA	9	434	0.020737327188940093
281	J	D	WNA	ENA	11	446	0.024663677130044841
282	J	D	WNA	ENA	12	440	0.027272727272727271
283	J	D	WNA	ENA	10	430	0.023255813953488372
284	J	D	WNA	ENA	19	437	0.043478260869565216
285	J	D	WNA	ENA	9	430	0.020930232558139535
286	J	D	WNA	ENA	12	425	0.02823529411764706
287	J	D	WNA	ENA	15	430	0.034883720930232558
288	J	D	WNA	ENA	11	444	0.024774774774774775
289	J	D	WNA	ENA	10	435	0.022988505747126436
290	J	D	WNA	ENA	11	426	0.025821596244131457
291	J	D	WNA	ENA	9	434	0.020737327188940093
292	J	D	WNA	ENA	9	427	0.021077283372365339
293	J	D	WNA	ENA	8	437	0.018306636155606407
294	J	D	WNA	ENA	6	437	0.013729977116704805
295	J	D	WNA	ENA	14	436	0.032110091743119268
296	J	D	WNA	ENA	15	432	0.034722222222222224
297	J	D	WNA	ENA	7	441	0.015873015873015872
298	J	D	WNA	ENA	8	437	0.018306636155606407
299	J	D	WNA	ENA	8	431	0.018561484918793503
300	J	D	WNA	ENA	8	435	0.018390804597701149
1	K	D	WPA	ENA	0	433	0
2	K	D	WPA	ENA	0	440	0
3	K	D	WPA	ENA	0	440	0
4	K	D	WPA	ENA	0	434	0
5	K	D	WPA	ENA	0	436	0
6	K	D	WPA	ENA	0	437	0
7	K	D	WPA	ENA	0	432	0
8	K	D	WPA	ENA	0	442	0
9	K	D	WPA	ENA	0	431	0
10	K	D	WPA	ENA	0	433	0
11	K	D	WPA	ENA	0	437	0
12	K	D	WPA	ENA	0	436	0
13	K	D	WPA	ENA	0	444	0
14	K	D	WPA	ENA	0	442	0
15	K	D	WPA	ENA	0	427	0
16	K	D	WPA	ENA	0	444	0
17	K	D	WPA	ENA	0	438	0
18	K	D	WPA	ENA	0	440	0
19	K	D	WPA	ENA	0	429	0
20	K	D	WPA	ENA	0	430	0
21	K	D	WPA	ENA	0	429	0
22	K	D	WPA	ENA	0	435	0
23	K	D	WPA	ENA	0	430	0
24	K	D	WPA	ENA	0	443	0
25	K	D	WPA	ENA	0	434	0
26	K	D	WPA	ENA	0	438	0
27	K	D	WPA	ENA	0	436	0
28	K	D	WPA	ENA	0	438	0
29	K	D	WPA	ENA	0	436	0
30	K	D	WPA	ENA	0	439	0
31	K	D	WPA	ENA	0	438	0
32	K	D	WPA	ENA	0	439	0
33	K	D	WPA	ENA	0	436	0
34	K	D	WPA	ENA	0	438	0
35	K	D	WPA	ENA	0	438	0
36	K	D	WPA	ENA	0	440	0
37	K	D	WPA	ENA	0	442	0
38	K	D	WPA	ENA	0	437	0
39	K	D	WPA	ENA	0	434	0
40	K	D	WPA	ENA	0	442	0
41	K	D	WPA	ENA	0	444	0
42	K	D	WPA	ENA	0	427	0
43	K	D	WPA	ENA	0	434	0
44	K	D	WPA	ENA	0	430	0
45	K	D	WPA	ENA	0	431	0
46	K	D	WPA	ENA	0	429	0
47	K	D	WPA	ENA	0	444	0
48	K	D	WPA	ENA	0	441	0
49	K	D	WPA	ENA	0	431	0
50	K	D	WPA	ENA	0	424	0
51	K	D	WPA	ENA	0	428	0
52	K	D	WPA	ENA	0	428	0
53	K	D	WPA	ENA	0	444	0
54	K	D	WPA	ENA	0	439	0
55	K	D	WPA	ENA	0	435	0
56	K	D	WPA	ENA	0	437	0
57	K	D	WPA	ENA	0	433	0
58	K	D	WPA	ENA	0	441	0
59	K	D	WPA	ENA	0	424	0
60	K	D	WPA	ENA	0	440	0
61	K	D	WPA	ENA	0	436	0
62	K	D	WPA	ENA	0	422	0
63	K	D	WPA	ENA	0	433	0
64	K	D	WPA	ENA	0	433	0
65	K	D	WPA	ENA	0	432	0
66	K	D	WPA	ENA	0	445	0
67	K	D	WPA	ENA	0	430	0
68	K	D	WPA	ENA	0	438	0
69	K	D	WPA	ENA	0	438	0
70	K	D	WPA	ENA	0	439	0
71	K	D	WPA	ENA	0	432	0
72	K	D	WPA	ENA	0	436	0
73	K	D	WPA	ENA	0	435	0
74	K	D	WPA	ENA	0	436	0
75	K	D	WPA	ENA	0	452	0
76	K	D	WPA	ENA	0	441	0
77	K	D	WPA	ENA	0	441	0
78	K	D	WPA	ENA	0	435	0
79	K	D	WPA	ENA	0	425	0
80	K	D	WPA	ENA	0	440	0
81	K	D	WPA	ENA	0	436	0
82	K	D	WPA	ENA	0	435	0
83	K	D	WPA	ENA	0	426	0
84	K	D	WPA	ENA	0	447	0
85	K	D	WPA	ENA	0	434	0
86	K	D	WPA	ENA	0	431	0
87	K	D	WPA	ENA	0	432	0
88	K	D	WPA	ENA	0	445	0
89	K	D	WPA	ENA	0	432	0
90	K	D	WPA	ENA	0	431	0
91	K	D	WPA	ENA	0	436	0
92	K	D	WPA	ENA	0	442	0
93	K	D	WPA	ENA	0	426	0
94	K	D	WPA	ENA	0	426	0
95	K	D	WPA	ENA	0	431	0
96	K	D	WPA	ENA	0	439	0
97	K	D	WPA	ENA	0	436	0
98	K	D	WPA	ENA	0	433	0
99	K	D	WPA	ENA	0	434	0
100	K	D	WPA	ENA	0	439	0
101	K	D	WPA	ENA	0	435	0
102	K	D	WPA	ENA	0	448	0
103	K	D	WPA	ENA	0	438	0
104	K	D	WPA	ENA	0	431	0
105	K	D	WPA	ENA	0	435	0
106	K	D	WPA	ENA	0	435	0
107	K	D	WPA	ENA	0	443	0
108	K	D	WPA	ENA	0	426	0
109	K	D	WPA	ENA	0	444	0
110	K	D	WPA	ENA	0	427	0
111	K	D	WPA	ENA	0	447	0
112	K	D	WPA	ENA	0	436	0
113	K	D	WPA	ENA	0	432	0
114	K	D	WPA	ENA	0	442	0
115	K	D	WPA	ENA	0	435	0
116	K	D	WPA	ENA	0	445	0
117	K	D	WPA	ENA	0	441	0
118	K	D	WPA	ENA	0	436	0
119	K	D	WPA	ENA	0	439	0
120	K	D	WPA	ENA	0	451	0
121	K	D	WPA	ENA	0	443	0
122	K	D	WPA	ENA	0	432	0
123	K	D	WPA	ENA	0	442	0
124	K	D	WPA	ENA	0	437	0
125	K	D	WPA	ENA	0	433	0
126	K	D	WPA	ENA	0	438	0
127	K	D	WPA	ENA	0	436	0
128	K	D	WPA	ENA	0	436	0
129	K	D	WPA	ENA	0	435	0
130	K	D	WPA	ENA	0	433	0
131	K	D	WPA	ENA	0	446	0
132	K	D	WPA	ENA	0	442	0
133	K	D	WPA	ENA	0	441	0
134	K	D	WPA	ENA	0	444	0
135	K	D	WPA	ENA	0	433	0
136	K	D	WPA	ENA	0	432	0
137	K	D	WPA	ENA	0	433	0
138	K	D	WPA	ENA	0	438	0
139	K	D	WPA	ENA	0	433	0
140	K	D	WPA	ENA	0	433	0
141	K	D	WPA	ENA	0	427	0
142	K	D	WPA	ENA	0	425	0
143	K	D	WPA	ENA	0	430	0
144	K	D	WPA	ENA	0	434	0
145	K	D	WPA	ENA	0	446	0
146	K	D	WPA	ENA	0	439	0
147	K	D	WPA	ENA	0	433	0
148	K	D	WPA	ENA	0	437	0
149	K	D	WPA	ENA	0	425	0
150	K	D	WPA	ENA	0	440	0
151	K	D	WPA	ENA	0	445	0
152	K	D	WPA	ENA	0	435	0
153	K	D	WPA	ENA	0	438	0
154	K	D	WPA	ENA	0	445	0
155	K	D	WPA	ENA	0	432	0
156	K	D	WPA	ENA	0	429	0
157	K	D	WPA	ENA	0	432	0
158	K	D	WPA	ENA	0	435	0
159	K	D	WPA	ENA	0	441	0
160	K	D	WPA	ENA	0	439	0
161	K	D	WPA	ENA	0	438	0
162	K	D	WPA	ENA	0	436	0
163	K	D	WPA	ENA	0	434	0
164	K	D	WPA	ENA	0	437	0
165	K	D	WPA	ENA	0	428	0
166	K	D	WPA	ENA	0	436	0
167	K	D	WPA	ENA	0	433	0
168	K	D	WPA	ENA	0	435	0
169	K	D	WPA	ENA	0	434	0
170	K	D	WPA	ENA	0	432	0
171	K	D	WPA	ENA	0	434	0
172	K	D	WPA	ENA	0	444	0
173	K	D	WPA	ENA	0	440	0
174	K	D	WPA	ENA	0	435	0
175	K	D	WPA	ENA	0	429	0
176	K	D	WPA	ENA	0	437	0
177	K	D	WPA	ENA	0	434	0
178	K	D	WPA	ENA	0	442	0
179	K	D	WPA	ENA	0	447	0
180	K	D	WPA	ENA	0	442	0
181	K	D	WPA	ENA	0	435	0
182	K	D	WPA	ENA	0	441	0
183	K	D	WPA	ENA	0	437	0
184	K	D	WPA	ENA	0	436	0
185	K	D	WPA	ENA	0	434	0
186	K	D	WPA	ENA	0	437	0
187	K	D	WPA	ENA	0	433	0
188	K	D	WPA	ENA	0	430	0
189	K	D	WPA	ENA	0	443	0
190	K	D	WPA	ENA	0	434	0
191	K	D	WPA	ENA	0	429	0
192	K	D	WPA	ENA	0	430	0
193	K	D	WPA	ENA	0	431	0
194	K	D	WPA	ENA	0	423	0
195	K	D	WPA	ENA	0	433	0
196	K	D	WPA	ENA	0	436	0
197	K	D	WPA	ENA	0	444	0
198	K	D	WPA	ENA	0	446	0
199	K	D	WPA	ENA	0	434	0
200	K	D	WPA	ENA	0	431	0
201	K	D	WPA	ENA	0	435	0
202	K	D	WPA	ENA	0	427	0
203	K	D	WPA	ENA	0	433	0
204	K	D	WPA	ENA	0	437	0
205	K	D	WPA	ENA	0	431	0
206	K	D	WPA	ENA	0	435	0
207	K	D	WPA	ENA	0	442	0
208	K	D	WPA	ENA	0	434	0
209	K	D	WPA	ENA	0	438	0
210	K	D	WPA	ENA	0	434	0
211	K	D	WPA	ENA	0	440	0
212	K	D	WPA	ENA	0	447	0
213	K	D	WPA	ENA	0	436	0
214	K	D	WPA	ENA	0	428	0
215	K	D	WPA	ENA	0	448	0
216	K	D	WPA	ENA	0	442	0
217	K	D	WPA	ENA	0	433	0
218	K	D	WPA	ENA	0	431	0
219	K	D	WPA	ENA	0	434	0
220	K	D	WPA	ENA	0	445	0
221	K	D	WPA	ENA	0	422	0
222	K	D	WPA	ENA	0	425	0
223	K	D	WPA	ENA	0	431	0
224	K	D	WPA	ENA	0	432	0
225	K	D	WPA	ENA	0	431	0
226	K	D	WPA	ENA	0	430	0
227	K	D	WPA	ENA	0	441	0
228	K	D	WPA	ENA	0	444	0
229	K	D	WPA	ENA	0	446	0
230	K	D	WPA	ENA	0	439	0
231	K	D	WPA	ENA	0	435	0
232	K	D	WPA	ENA	0	434	0
233	K	D	WPA	ENA	0	437	0
234	K	D	WPA	ENA	0	435	0
235	K	D	WPA	ENA	0	434	0
236	K	D	WPA	ENA	0	431	0
237	K	D	WPA	ENA	0	447	0
238	K	D	WPA	ENA	0	438	0
239	K	D	WPA	ENA	0	427	0
240	K	D	WPA	ENA	0	437	0
241	K	D	WPA	ENA	0	431	0
242	K	D	WPA	ENA	0	441	0
243	K	D	WPA	ENA	0	440	0
244	K	D	WPA	ENA	0	438	0
245	K	D	WPA	ENA	0	435	0
246	K	D	WPA	ENA	0	441	0
247	K	D	WPA	ENA	0	433	0
248	K	D	WPA	ENA	0	435	0
249	K	D	WPA	ENA	0	445	0
250	K	D	WPA	ENA	0	431	0
251	K	D	WPA	ENA	0	444	0
252	K	D	WPA	ENA	0	439	0
253	K	D	WPA	ENA	0	431	0
254	K	D	WPA	ENA	0	428	0
255	K	D	WPA	ENA	0	436	0
256	K	D	WPA	ENA	0	431	0
257	K	D	WPA	ENA	0	436	0
258	K	D	WPA	ENA	0	440	0
259	K	D	WPA	ENA	0	436	0
260	K	D	WPA	ENA	0	431	0
261	K	D	WPA	ENA	0	445	0
262	K	D	WPA	ENA	0	435	0
263	K	D	WPA	ENA	0	430	0
264	K	D	WPA	ENA	0	438	0
265	K	D	WPA	ENA	0	434	0
266	K	D	WPA	ENA	0	429	0
267	K	D	WPA	ENA	0	437	0
268	K	D	WPA	ENA	0	431	0
269	K	D	WPA	ENA	0	433	0
270	K	D	WPA	ENA	0	430	0
271	K	D	WPA	ENA	0	428	0
272	K	D	WPA	ENA	0	433	0
273	K	D	WPA	ENA	0	438	0
274	K	D	WPA	ENA	0	435	0
275	K	D	WPA	ENA	0	443	0
276	K	D	WPA	ENA	0	425	0
277	K	D	WPA	ENA	0	433	0
278	K	D	WPA	ENA	0	439	0
279	K	D	WPA	ENA	0	434	0
280	K	D	WPA	ENA	0	434	0
281	K	D	WPA	ENA	0	446	0
282	K	D	WPA	ENA	0	440	0
283	K	D	WPA	ENA	0	430	0
284	K	D	WPA	ENA	0	437	0
285	K	D	WPA	ENA	0	430	0
286	K	D	WPA	ENA	0	425	0
287	K	D	WPA	ENA	0	430	0
288	K	D	WPA	ENA	0	444	0
289	K	D	WPA	ENA	0	435	0
290	K	D	WPA	ENA	0	426	0
291	K	D	WPA	ENA	0	434	0
292	K	D	WPA	ENA	0	427	0
293	K	D	WPA	ENA	0	437	0
294	K	D	WPA	ENA	0	437	0
295	K	D	WPA	ENA	0	436	0
296	K	D	WPA	ENA	0	432	0
297	K	D	WPA	ENA	0	441	0
298	K	D	WPA	ENA	0	437	0
299	K	D	WPA	ENA	0	431	0
300	K	D	WPA	ENA	0	435	0
1	A	E	AF	EPA	2	433	0.0046189376443418013
2	A	E	AF	EPA	1	440	0.0022727272727272726
3	A	E	AF	EPA	1	440	0.0022727272727272726
4	A	E	AF	EPA	0	434	0
5	A	E	AF	EPA	1	436	0.0022935779816513763
6	A	E	AF	EPA	0	437	0
7	A	E	AF	EPA	0	432	0
8	A	E	AF	EPA	1	442	0.0022624434389140274
9	A	E	AF	EPA	2	431	0.0046403712296983757
10	A	E	AF	EPA	1	433	0.0023094688221709007
11	A	E	AF	EPA	2	437	0.0045766590389016018
12	A	E	AF	EPA	0	436	0
13	A	E	AF	EPA	2	444	0.0045045045045045045
14	A	E	AF	EPA	1	442	0.0022624434389140274
15	A	E	AF	EPA	1	427	0.00234192037470726
16	A	E	AF	EPA	1	444	0.0022522522522522522
17	A	E	AF	EPA	1	438	0.0022831050228310501
18	A	E	AF	EPA	1	440	0.0022727272727272726
19	A	E	AF	EPA	3	429	0.006993006993006993
20	A	E	AF	EPA	0	430	0
21	A	E	AF	EPA	0	429	0
22	A	E	AF	EPA	0	435	0
23	A	E	AF	EPA	1	430	0.0023255813953488372
24	A	E	AF	EPA	1	443	0.002257336343115124
25	A	E	AF	EPA	3	434	0.0069124423963133645
26	A	E	AF	EPA	1	438	0.0022831050228310501
27	A	E	AF	EPA	0	436	0
28	A	E	AF	EPA	0	438	0
29	A	E	AF	EPA	3	436	0.0068807339449541288
30	A	E	AF	EPA	3	439	0.0068337129840546698
31	A	E	AF	EPA	3	438	0.0068493150684931503
32	A	E	AF	EPA	2	439	0.0045558086560364463
33	A	E	AF	EPA	2	436	0.0045871559633027525
34	A	E	AF	EPA	1	438	0.0022831050228310501
35	A	E	AF	EPA	0	438	0
36	A	E	AF	EPA	1	440	0.0022727272727272726
37	A	E	AF	EPA	1	442	0.0022624434389140274
38	A	E	AF	EPA	0	437	0
39	A	E	AF	EPA	0	434	0
40	A	E	AF	EPA	0	442	0
41	A	E	AF	EPA	2	444	0.0045045045045045045
42	A	E	AF	EPA	3	427	0.0070257611241217799
43	A	E	AF	EPA	2	434	0.004608294930875576
44	A	E	AF	EPA	1	430	0.0023255813953488372
45	A	E	AF	EPA	1	431	0.0023201856148491878
46	A	E	AF	EPA	1	429	0.002331002331002331
47	A	E	AF	EPA	0	444	0
48	A	E	AF	EPA	1	441	0.0022675736961451248
49	A	E	AF	EPA	2	431	0.0046403712296983757
50	A	E	AF	EPA	0	424	0
51	A	E	AF	EPA	1	428	0.0023364485981308409
52	A	E	AF	EPA	1	428	0.0023364485981308409
53	A	E	AF	EPA	0	444	0
54	A	E	AF	EPA	2	439	0.0045558086560364463
55	A	E	AF	EPA	1	435	0.0022988505747126436
56	A	E	AF	EPA	1	437	0.0022883295194508009
57	A	E	AF	EPA	0	433	0
58	A	E	AF	EPA	1	441	0.0022675736961451248
59	A	E	AF	EPA	0	424	0
60	A	E	AF	EPA	1	440	0.0022727272727272726
61	A	E	AF	EPA	1	436	0.0022935779816513763
62	A	E	AF	EPA	1	422	0.0023696682464454978
63	A	E	AF	EPA	2	433	0.0046189376443418013
64	A	E	AF	EPA	2	433	0.0046189376443418013
65	A	E	AF	EPA	1	432	0.0023148148148148147
66	A	E	AF	EPA	0	445	0
67	A	E	AF	EPA	2	430	0.0046511627906976744
68	A	E	AF	EPA	1	438	0.0022831050228310501
69	A	E	AF	EPA	1	438	0.0022831050228310501
70	A	E	AF	EPA	0	439	0
71	A	E	AF	EPA	1	432	0.0023148148148148147
72	A	E	AF	EPA	0	436	0
73	A	E	AF	EPA	1	435	0.0022988505747126436
74	A	E	AF	EPA	1	436	0.0022935779816513763
75	A	E	AF	EPA	2	452	0.0044247787610619468
76	A	E	AF	EPA	1	441	0.0022675736961451248
77	A	E	AF	EPA	1	441	0.0022675736961451248
78	A	E	AF	EPA	0	435	0
79	A	E	AF	EPA	1	425	0.002352941176470588
80	A	E	AF	EPA	1	440	0.0022727272727272726
81	A	E	AF	EPA	1	436	0.0022935779816513763
82	A	E	AF	EPA	2	435	0.0045977011494252873
83	A	E	AF	EPA	1	426	0.0023474178403755869
84	A	E	AF	EPA	2	447	0.0044742729306487695
85	A	E	AF	EPA	0	434	0
86	A	E	AF	EPA	2	431	0.0046403712296983757
87	A	E	AF	EPA	0	432	0
88	A	E	AF	EPA	1	445	0.0022471910112359553
89	A	E	AF	EPA	1	432	0.0023148148148148147
90	A	E	AF	EPA	1	431	0.0023201856148491878
91	A	E	AF	EPA	0	436	0
92	A	E	AF	EPA	2	442	0.0045248868778280547
93	A	E	AF	EPA	2	426	0.0046948356807511738
94	A	E	AF	EPA	1	426	0.0023474178403755869
95	A	E	AF	EPA	0	431	0
96	A	E	AF	EPA	0	439	0
97	A	E	AF	EPA	1	436	0.0022935779816513763
98	A	E	AF	EPA	0	433	0
99	A	E	AF	EPA	1	434	0.002304147465437788
100	A	E	AF	EPA	0	439	0
101	A	E	AF	EPA	2	435	0.0045977011494252873
102	A	E	AF	EPA	1	448	0.002232142857142857
103	A	E	AF	EPA	2	438	0.0045662100456621002
104	A	E	AF	EPA	0	431	0
105	A	E	AF	EPA	2	435	0.0045977011494252873
106	A	E	AF	EPA	1	435	0.0022988505747126436
107	A	E	AF	EPA	0	443	0
108	A	E	AF	EPA	0	426	0
109	A	E	AF	EPA	0	444	0
110	A	E	AF	EPA	2	427	0.0046838407494145199
111	A	E	AF	EPA	3	447	0.0067114093959731542
112	A	E	AF	EPA	1	436	0.0022935779816513763
113	A	E	AF	EPA	3	432	0.0069444444444444441
114	A	E	AF	EPA	2	442	0.0045248868778280547
115	A	E	AF	EPA	2	435	0.0045977011494252873
116	A	E	AF	EPA	0	445	0
117	A	E	AF	EPA	1	441	0.0022675736961451248
118	A	E	AF	EPA	1	436	0.0022935779816513763
119	A	E	AF	EPA	1	439	0.0022779043280182231
120	A	E	AF	EPA	1	451	0.0022172949002217295
121	A	E	AF	EPA	1	443	0.002257336343115124
122	A	E	AF	EPA	3	432	0.0069444444444444441
123	A	E	AF	EPA	1	442	0.0022624434389140274
124	A	E	AF	EPA	1	437	0.0022883295194508009
125	A	E	AF	EPA	0	433	0
126	A	E	AF	EPA	1	438	0.0022831050228310501
127	A	E	AF	EPA	4	436	0.0091743119266055051
128	A	E	AF	EPA	2	436	0.0045871559633027525
129	A	E	AF	EPA	1	435	0.0022988505747126436
130	A	E	AF	EPA	1	433	0.0023094688221709007
131	A	E	AF	EPA	1	446	0.002242152466367713
132	A	E	AF	EPA	1	442	0.0022624434389140274
133	A	E	AF	EPA	1	441	0.0022675736961451248
134	A	E	AF	EPA	2	444	0.0045045045045045045
135	A	E	AF	EPA	1	433	0.0023094688221709007
136	A	E	AF	EPA	2	432	0.0046296296296296294
137	A	E	AF	EPA	3	433	0.0069284064665127024
138	A	E	AF	EPA	1	438	0.0022831050228310501
139	A	E	AF	EPA	2	433	0.0046189376443418013
140	A	E	AF	EPA	2	433	0.0046189376443418013
141	A	E	AF	EPA	1	427	0.00234192037470726
142	A	E	AF	EPA	2	425	0.0047058823529411761
143	A	E	AF	EPA	1	430	0.0023255813953488372
144	A	E	AF	EPA	2	434	0.004608294930875576
145	A	E	AF	EPA	1	446	0.002242152466367713
146	A	E	AF	EPA	2	439	0.0045558086560364463
147	A	E	AF	EPA	2	433	0.0046189376443418013
148	A	E	AF	EPA	1	437	0.0022883295194508009
149	A	E	AF	EPA	2	425	0.0047058823529411761
150	A	E	AF	EPA	1	440	0.0022727272727272726
151	A	E	AF	EPA	1	445	0.0022471910112359553
152	A	E	AF	EPA	2	435	0.0045977011494252873
153	A	E	AF	EPA	1	438	0.0022831050228310501
154	A	E	AF	EPA	0	445	0
155	A	E	AF	EPA	1	432	0.0023148148148148147
156	A	E	AF	EPA	2	429	0.004662004662004662
157	A	E	AF	EPA	2	432	0.0046296296296296294
158	A	E	AF	EPA	1	435	0.0022988505747126436
159	A	E	AF	EPA	2	441	0.0045351473922902496
160	A	E	AF	EPA	3	439	0.0068337129840546698
161	A	E	AF	EPA	1	438	0.0022831050228310501
162	A	E	AF	EPA	2	436	0.0045871559633027525
163	A	E	AF	EPA	2	434	0.004608294930875576
164	A	E	AF	EPA	1	437	0.0022883295194508009
165	A	E	AF	EPA	2	428	0.0046728971962616819
166	A	E	AF	EPA	1	436	0.0022935779816513763
167	A	E	AF	EPA	1	433	0.0023094688221709007
168	A	E	AF	EPA	2	435	0.0045977011494252873
169	A	E	AF	EPA	1	434	0.002304147465437788
170	A	E	AF	EPA	1	432	0.0023148148148148147
171	A	E	AF	EPA	2	434	0.004608294930875576
172	A	E	AF	EPA	1	444	0.0022522522522522522
173	A	E	AF	EPA	1	440	0.0022727272727272726
174	A	E	AF	EPA	0	435	0
175	A	E	AF	EPA	2	429	0.004662004662004662
176	A	E	AF	EPA	2	437	0.0045766590389016018
177	A	E	AF	EPA	2	434	0.004608294930875576
178	A	E	AF	EPA	0	442	0
179	A	E	AF	EPA	1	447	0.0022371364653243847
180	A	E	AF	EPA	2	442	0.0045248868778280547
181	A	E	AF	EPA	1	435	0.0022988505747126436
182	A	E	AF	EPA	3	441	0.0068027210884353739
183	A	E	AF	EPA	1	437	0.0022883295194508009
184	A	E	AF	EPA	1	436	0.0022935779816513763
185	A	E	AF	EPA	2	434	0.004608294930875576
186	A	E	AF	EPA	2	437	0.0045766590389016018
187	A	E	AF	EPA	0	433	0
188	A	E	AF	EPA	1	430	0.0023255813953488372
189	A	E	AF	EPA	2	443	0.0045146726862302479
190	A	E	AF	EPA	1	434	0.002304147465437788
191	A	E	AF	EPA	2	429	0.004662004662004662
192	A	E	AF	EPA	2	430	0.0046511627906976744
193	A	E	AF	EPA	2	431	0.0046403712296983757
194	A	E	AF	EPA	3	423	0.0070921985815602835
195	A	E	AF	EPA	2	433	0.0046189376443418013
196	A	E	AF	EPA	0	436	0
197	A	E	AF	EPA	1	444	0.0022522522522522522
198	A	E	AF	EPA	1	446	0.002242152466367713
199	A	E	AF	EPA	0	434	0
200	A	E	AF	EPA	2	431	0.0046403712296983757
201	A	E	AF	EPA	0	435	0
202	A	E	AF	EPA	1	427	0.00234192037470726
203	A	E	AF	EPA	1	433	0.0023094688221709007
204	A	E	AF	EPA	1	437	0.0022883295194508009
205	A	E	AF	EPA	0	431	0
206	A	E	AF	EPA	1	435	0.0022988505747126436
207	A	E	AF	EPA	1	442	0.0022624434389140274
208	A	E	AF	EPA	3	434	0.0069124423963133645
209	A	E	AF	EPA	0	438	0
210	A	E	AF	EPA	0	434	0
211	A	E	AF	EPA	0	440	0
212	A	E	AF	EPA	1	447	0.0022371364653243847
213	A	E	AF	EPA	2	436	0.0045871559633027525
214	A	E	AF	EPA	1	428	0.0023364485981308409
215	A	E	AF	EPA	1	448	0.002232142857142857
216	A	E	AF	EPA	1	442	0.0022624434389140274
217	A	E	AF	EPA	4	433	0.0092378752886836026
218	A	E	AF	EPA	2	431	0.0046403712296983757
219	A	E	AF	EPA	2	434	0.004608294930875576
220	A	E	AF	EPA	1	445	0.0022471910112359553
221	A	E	AF	EPA	1	422	0.0023696682464454978
222	A	E	AF	EPA	0	425	0
223	A	E	AF	EPA	2	431	0.0046403712296983757
224	A	E	AF	EPA	1	432	0.0023148148148148147
225	A	E	AF	EPA	2	431	0.0046403712296983757
226	A	E	AF	EPA	3	430	0.0069767441860465115
227	A	E	AF	EPA	1	441	0.0022675736961451248
228	A	E	AF	EPA	2	444	0.0045045045045045045
229	A	E	AF	EPA	1	446	0.002242152466367713
230	A	E	AF	EPA	1	439	0.0022779043280182231
231	A	E	AF	EPA	0	435	0
232	A	E	AF	EPA	0	434	0
233	A	E	AF	EPA	1	437	0.0022883295194508009
234	A	E	AF	EPA	1	435	0.0022988505747126436
235	A	E	AF	EPA	1	434	0.002304147465437788
236	A	E	AF	EPA	1	431	0.0023201856148491878
237	A	E	AF	EPA	2	447	0.0044742729306487695
238	A	E	AF	EPA	0	438	0
239	A	E	AF	EPA	1	427	0.00234192037470726
240	A	E	AF	EPA	1	437	0.0022883295194508009
241	A	E	AF	EPA	1	431	0.0023201856148491878
242	A	E	AF	EPA	2	441	0.0045351473922902496
243	A	E	AF	EPA	1	440	0.0022727272727272726
244	A	E	AF	EPA	2	438	0.0045662100456621002
245	A	E	AF	EPA	0	435	0
246	A	E	AF	EPA	0	441	0
247	A	E	AF	EPA	0	433	0
248	A	E	AF	EPA	1	435	0.0022988505747126436
249	A	E	AF	EPA	1	445	0.0022471910112359553
250	A	E	AF	EPA	1	431	0.0023201856148491878
251	A	E	AF	EPA	1	444	0.0022522522522522522
252	A	E	AF	EPA	1	439	0.0022779043280182231
253	A	E	AF	EPA	1	431	0.0023201856148491878
254	A	E	AF	EPA	0	428	0
255	A	E	AF	EPA	1	436	0.0022935779816513763
256	A	E	AF	EPA	0	431	0
257	A	E	AF	EPA	1	436	0.0022935779816513763
258	A	E	AF	EPA	2	440	0.0045454545454545452
259	A	E	AF	EPA	1	436	0.0022935779816513763
260	A	E	AF	EPA	0	431	0
261	A	E	AF	EPA	1	445	0.0022471910112359553
262	A	E	AF	EPA	1	435	0.0022988505747126436
263	A	E	AF	EPA	1	430	0.0023255813953488372
264	A	E	AF	EPA	2	438	0.0045662100456621002
265	A	E	AF	EPA	0	434	0
266	A	E	AF	EPA	1	429	0.002331002331002331
267	A	E	AF	EPA	1	437	0.0022883295194508009
268	A	E	AF	EPA	0	431	0
269	A	E	AF	EPA	2	433	0.0046189376443418013
270	A	E	AF	EPA	1	430	0.0023255813953488372
271	A	E	AF	EPA	2	428	0.0046728971962616819
272	A	E	AF	EPA	1	433	0.0023094688221709007
273	A	E	AF	EPA	1	438	0.0022831050228310501
274	A	E	AF	EPA	2	435	0.0045977011494252873
275	A	E	AF	EPA	1	443	0.002257336343115124
276	A	E	AF	EPA	1	425	0.002352941176470588
277	A	E	AF	EPA	3	433	0.0069284064665127024
278	A	E	AF	EPA	2	439	0.0045558086560364463
279	A	E	AF	EPA	0	434	0
280	A	E	AF	EPA	1	434	0.002304147465437788
281	A	E	AF	EPA	0	446	0
282	A	E	AF	EPA	2	440	0.0045454545454545452
283	A	E	AF	EPA	0	430	0
284	A	E	AF	EPA	3	437	0.0068649885583524023
285	A	E	AF	EPA	1	430	0.0023255813953488372
286	A	E	AF	EPA	1	425	0.002352941176470588
287	A	E	AF	EPA	2	430	0.0046511627906976744
288	A	E	AF	EPA	1	444	0.0022522522522522522
289	A	E	AF	EPA	2	435	0.0045977011494252873
290	A	E	AF	EPA	2	426	0.0046948356807511738
291	A	E	AF	EPA	2	434	0.004608294930875576
292	A	E	AF	EPA	1	427	0.00234192037470726
293	A	E	AF	EPA	1	437	0.0022883295194508009
294	A	E	AF	EPA	0	437	0
295	A	E	AF	EPA	1	436	0.0022935779816513763
296	A	E	AF	EPA	1	432	0.0023148148148148147
297	A	E	AF	EPA	0	441	0
298	A	E	AF	EPA	0	437	0
299	A	E	AF	EPA	2	431	0.0046403712296983757
300	A	E	AF	EPA	2	435	0.0045977011494252873
1	B	E	AUS	EPA	0	433	0
2	B	E	AUS	EPA	0	440	0
3	B	E	AUS	EPA	1	440	0.0022727272727272726
4	B	E	AUS	EPA	0	434	0
5	B	E	AUS	EPA	0	436	0
6	B	E	AUS	EPA	0	437	0
7	B	E	AUS	EPA	0	432	0
8	B	E	AUS	EPA	0	442	0
9	B	E	AUS	EPA	0	431	0
10	B	E	AUS	EPA	1	433	0.0023094688221709007
11	B	E	AUS	EPA	0	437	0
12	B	E	AUS	EPA	0	436	0
13	B	E	AUS	EPA	0	444	0
14	B	E	AUS	EPA	0	442	0
15	B	E	AUS	EPA	0	427	0
16	B	E	AUS	EPA	0	444	0
17	B	E	AUS	EPA	0	438	0
18	B	E	AUS	EPA	0	440	0
19	B	E	AUS	EPA	0	429	0
20	B	E	AUS	EPA	0	430	0
21	B	E	AUS	EPA	0	429	0
22	B	E	AUS	EPA	0	435	0
23	B	E	AUS	EPA	0	430	0
24	B	E	AUS	EPA	0	443	0
25	B	E	AUS	EPA	0	434	0
26	B	E	AUS	EPA	0	438	0
27	B	E	AUS	EPA	0	436	0
28	B	E	AUS	EPA	0	438	0
29	B	E	AUS	EPA	0	436	0
30	B	E	AUS	EPA	0	439	0
31	B	E	AUS	EPA	0	438	0
32	B	E	AUS	EPA	0	439	0
33	B	E	AUS	EPA	0	436	0
34	B	E	AUS	EPA	2	438	0.0045662100456621002
35	B	E	AUS	EPA	0	438	0
36	B	E	AUS	EPA	0	440	0
37	B	E	AUS	EPA	0	442	0
38	B	E	AUS	EPA	0	437	0
39	B	E	AUS	EPA	0	434	0
40	B	E	AUS	EPA	1	442	0.0022624434389140274
41	B	E	AUS	EPA	0	444	0
42	B	E	AUS	EPA	0	427	0
43	B	E	AUS	EPA	0	434	0
44	B	E	AUS	EPA	0	430	0
45	B	E	AUS	EPA	0	431	0
46	B	E	AUS	EPA	1	429	0.002331002331002331
47	B	E	AUS	EPA	2	444	0.0045045045045045045
48	B	E	AUS	EPA	0	441	0
49	B	E	AUS	EPA	0	431	0
50	B	E	AUS	EPA	0	424	0
51	B	E	AUS	EPA	0	428	0
52	B	E	AUS	EPA	0	428	0
53	B	E	AUS	EPA	0	444	0
54	B	E	AUS	EPA	0	439	0
55	B	E	AUS	EPA	0	435	0
56	B	E	AUS	EPA	0	437	0
57	B	E	AUS	EPA	1	433	0.0023094688221709007
58	B	E	AUS	EPA	2	441	0.0045351473922902496
59	B	E	AUS	EPA	1	424	0.0023584905660377358
60	B	E	AUS	EPA	0	440	0
61	B	E	AUS	EPA	0	436	0
62	B	E	AUS	EPA	0	422	0
63	B	E	AUS	EPA	1	433	0.0023094688221709007
64	B	E	AUS	EPA	0	433	0
65	B	E	AUS	EPA	1	432	0.0023148148148148147
66	B	E	AUS	EPA	0	445	0
67	B	E	AUS	EPA	0	430	0
68	B	E	AUS	EPA	0	438	0
69	B	E	AUS	EPA	0	438	0
70	B	E	AUS	EPA	0	439	0
71	B	E	AUS	EPA	0	432	0
72	B	E	AUS	EPA	0	436	0
73	B	E	AUS	EPA	0	435	0
74	B	E	AUS	EPA	0	436	0
75	B	E	AUS	EPA	0	452	0
76	B	E	AUS	EPA	0	441	0
77	B	E	AUS	EPA	1	441	0.0022675736961451248
78	B	E	AUS	EPA	0	435	0
79	B	E	AUS	EPA	0	425	0
80	B	E	AUS	EPA	0	440	0
81	B	E	AUS	EPA	0	436	0
82	B	E	AUS	EPA	0	435	0
83	B	E	AUS	EPA	0	426	0
84	B	E	AUS	EPA	0	447	0
85	B	E	AUS	EPA	0	434	0
86	B	E	AUS	EPA	0	431	0
87	B	E	AUS	EPA	0	432	0
88	B	E	AUS	EPA	1	445	0.0022471910112359553
89	B	E	AUS	EPA	0	432	0
90	B	E	AUS	EPA	0	431	0
91	B	E	AUS	EPA	0	436	0
92	B	E	AUS	EPA	1	442	0.0022624434389140274
93	B	E	AUS	EPA	0	426	0
94	B	E	AUS	EPA	0	426	0
95	B	E	AUS	EPA	0	431	0
96	B	E	AUS	EPA	0	439	0
97	B	E	AUS	EPA	0	436	0
98	B	E	AUS	EPA	1	433	0.0023094688221709007
99	B	E	AUS	EPA	0	434	0
100	B	E	AUS	EPA	0	439	0
101	B	E	AUS	EPA	0	435	0
102	B	E	AUS	EPA	0	448	0
103	B	E	AUS	EPA	0	438	0
104	B	E	AUS	EPA	0	431	0
105	B	E	AUS	EPA	0	435	0
106	B	E	AUS	EPA	0	435	0
107	B	E	AUS	EPA	0	443	0
108	B	E	AUS	EPA	0	426	0
109	B	E	AUS	EPA	0	444	0
110	B	E	AUS	EPA	0	427	0
111	B	E	AUS	EPA	0	447	0
112	B	E	AUS	EPA	0	436	0
113	B	E	AUS	EPA	0	432	0
114	B	E	AUS	EPA	0	442	0
115	B	E	AUS	EPA	0	435	0
116	B	E	AUS	EPA	0	445	0
117	B	E	AUS	EPA	0	441	0
118	B	E	AUS	EPA	0	436	0
119	B	E	AUS	EPA	0	439	0
120	B	E	AUS	EPA	0	451	0
121	B	E	AUS	EPA	0	443	0
122	B	E	AUS	EPA	0	432	0
123	B	E	AUS	EPA	0	442	0
124	B	E	AUS	EPA	0	437	0
125	B	E	AUS	EPA	0	433	0
126	B	E	AUS	EPA	1	438	0.0022831050228310501
127	B	E	AUS	EPA	0	436	0
128	B	E	AUS	EPA	0	436	0
129	B	E	AUS	EPA	0	435	0
130	B	E	AUS	EPA	0	433	0
131	B	E	AUS	EPA	0	446	0
132	B	E	AUS	EPA	1	442	0.0022624434389140274
133	B	E	AUS	EPA	1	441	0.0022675736961451248
134	B	E	AUS	EPA	1	444	0.0022522522522522522
135	B	E	AUS	EPA	1	433	0.0023094688221709007
136	B	E	AUS	EPA	0	432	0
137	B	E	AUS	EPA	1	433	0.0023094688221709007
138	B	E	AUS	EPA	0	438	0
139	B	E	AUS	EPA	0	433	0
140	B	E	AUS	EPA	0	433	0
141	B	E	AUS	EPA	0	427	0
142	B	E	AUS	EPA	0	425	0
143	B	E	AUS	EPA	0	430	0
144	B	E	AUS	EPA	0	434	0
145	B	E	AUS	EPA	0	446	0
146	B	E	AUS	EPA	0	439	0
147	B	E	AUS	EPA	0	433	0
148	B	E	AUS	EPA	0	437	0
149	B	E	AUS	EPA	0	425	0
150	B	E	AUS	EPA	0	440	0
151	B	E	AUS	EPA	0	445	0
152	B	E	AUS	EPA	0	435	0
153	B	E	AUS	EPA	0	438	0
154	B	E	AUS	EPA	0	445	0
155	B	E	AUS	EPA	0	432	0
156	B	E	AUS	EPA	1	429	0.002331002331002331
157	B	E	AUS	EPA	0	432	0
158	B	E	AUS	EPA	0	435	0
159	B	E	AUS	EPA	0	441	0
160	B	E	AUS	EPA	1	439	0.0022779043280182231
161	B	E	AUS	EPA	0	438	0
162	B	E	AUS	EPA	0	436	0
163	B	E	AUS	EPA	0	434	0
164	B	E	AUS	EPA	0	437	0
165	B	E	AUS	EPA	1	428	0.0023364485981308409
166	B	E	AUS	EPA	1	436	0.0022935779816513763
167	B	E	AUS	EPA	0	433	0
168	B	E	AUS	EPA	0	435	0
169	B	E	AUS	EPA	0	434	0
170	B	E	AUS	EPA	0	432	0
171	B	E	AUS	EPA	0	434	0
172	B	E	AUS	EPA	0	444	0
173	B	E	AUS	EPA	0	440	0
174	B	E	AUS	EPA	0	435	0
175	B	E	AUS	EPA	1	429	0.002331002331002331
176	B	E	AUS	EPA	0	437	0
177	B	E	AUS	EPA	0	434	0
178	B	E	AUS	EPA	1	442	0.0022624434389140274
179	B	E	AUS	EPA	0	447	0
180	B	E	AUS	EPA	0	442	0
181	B	E	AUS	EPA	0	435	0
182	B	E	AUS	EPA	0	441	0
183	B	E	AUS	EPA	0	437	0
184	B	E	AUS	EPA	0	436	0
185	B	E	AUS	EPA	0	434	0
186	B	E	AUS	EPA	0	437	0
187	B	E	AUS	EPA	1	433	0.0023094688221709007
188	B	E	AUS	EPA	0	430	0
189	B	E	AUS	EPA	0	443	0
190	B	E	AUS	EPA	0	434	0
191	B	E	AUS	EPA	0	429	0
192	B	E	AUS	EPA	0	430	0
193	B	E	AUS	EPA	0	431	0
194	B	E	AUS	EPA	2	423	0.0047281323877068557
195	B	E	AUS	EPA	0	433	0
196	B	E	AUS	EPA	0	436	0
197	B	E	AUS	EPA	2	444	0.0045045045045045045
198	B	E	AUS	EPA	0	446	0
199	B	E	AUS	EPA	0	434	0
200	B	E	AUS	EPA	0	431	0
201	B	E	AUS	EPA	0	435	0
202	B	E	AUS	EPA	1	427	0.00234192037470726
203	B	E	AUS	EPA	1	433	0.0023094688221709007
204	B	E	AUS	EPA	0	437	0
205	B	E	AUS	EPA	0	431	0
206	B	E	AUS	EPA	0	435	0
207	B	E	AUS	EPA	0	442	0
208	B	E	AUS	EPA	0	434	0
209	B	E	AUS	EPA	0	438	0
210	B	E	AUS	EPA	0	434	0
211	B	E	AUS	EPA	0	440	0
212	B	E	AUS	EPA	0	447	0
213	B	E	AUS	EPA	0	436	0
214	B	E	AUS	EPA	0	428	0
215	B	E	AUS	EPA	0	448	0
216	B	E	AUS	EPA	0	442	0
217	B	E	AUS	EPA	0	433	0
218	B	E	AUS	EPA	0	431	0
219	B	E	AUS	EPA	0	434	0
220	B	E	AUS	EPA	0	445	0
221	B	E	AUS	EPA	0	422	0
222	B	E	AUS	EPA	0	425	0
223	B	E	AUS	EPA	0	431	0
224	B	E	AUS	EPA	0	432	0
225	B	E	AUS	EPA	0	431	0
226	B	E	AUS	EPA	0	430	0
227	B	E	AUS	EPA	0	441	0
228	B	E	AUS	EPA	0	444	0
229	B	E	AUS	EPA	0	446	0
230	B	E	AUS	EPA	0	439	0
231	B	E	AUS	EPA	0	435	0
232	B	E	AUS	EPA	0	434	0
233	B	E	AUS	EPA	0	437	0
234	B	E	AUS	EPA	0	435	0
235	B	E	AUS	EPA	0	434	0
236	B	E	AUS	EPA	0	431	0
237	B	E	AUS	EPA	0	447	0
238	B	E	AUS	EPA	0	438	0
239	B	E	AUS	EPA	0	427	0
240	B	E	AUS	EPA	0	437	0
241	B	E	AUS	EPA	0	431	0
242	B	E	AUS	EPA	0	441	0
243	B	E	AUS	EPA	0	440	0
244	B	E	AUS	EPA	0	438	0
245	B	E	AUS	EPA	0	435	0
246	B	E	AUS	EPA	0	441	0
247	B	E	AUS	EPA	0	433	0
248	B	E	AUS	EPA	0	435	0
249	B	E	AUS	EPA	0	445	0
250	B	E	AUS	EPA	0	431	0
251	B	E	AUS	EPA	0	444	0
252	B	E	AUS	EPA	0	439	0
253	B	E	AUS	EPA	0	431	0
254	B	E	AUS	EPA	0	428	0
255	B	E	AUS	EPA	0	436	0
256	B	E	AUS	EPA	0	431	0
257	B	E	AUS	EPA	0	436	0
258	B	E	AUS	EPA	1	440	0.0022727272727272726
259	B	E	AUS	EPA	0	436	0
260	B	E	AUS	EPA	0	431	0
261	B	E	AUS	EPA	1	445	0.0022471910112359553
262	B	E	AUS	EPA	0	435	0
263	B	E	AUS	EPA	0	430	0
264	B	E	AUS	EPA	0	438	0
265	B	E	AUS	EPA	0	434	0
266	B	E	AUS	EPA	0	429	0
267	B	E	AUS	EPA	0	437	0
268	B	E	AUS	EPA	0	431	0
269	B	E	AUS	EPA	0	433	0
270	B	E	AUS	EPA	0	430	0
271	B	E	AUS	EPA	0	428	0
272	B	E	AUS	EPA	1	433	0.0023094688221709007
273	B	E	AUS	EPA	0	438	0
274	B	E	AUS	EPA	0	435	0
275	B	E	AUS	EPA	0	443	0
276	B	E	AUS	EPA	0	425	0
277	B	E	AUS	EPA	0	433	0
278	B	E	AUS	EPA	0	439	0
279	B	E	AUS	EPA	0	434	0
280	B	E	AUS	EPA	0	434	0
281	B	E	AUS	EPA	0	446	0
282	B	E	AUS	EPA	0	440	0
283	B	E	AUS	EPA	0	430	0
284	B	E	AUS	EPA	0	437	0
285	B	E	AUS	EPA	0	430	0
286	B	E	AUS	EPA	0	425	0
287	B	E	AUS	EPA	0	430	0
288	B	E	AUS	EPA	0	444	0
289	B	E	AUS	EPA	0	435	0
290	B	E	AUS	EPA	0	426	0
291	B	E	AUS	EPA	0	434	0
292	B	E	AUS	EPA	0	427	0
293	B	E	AUS	EPA	0	437	0
294	B	E	AUS	EPA	0	437	0
295	B	E	AUS	EPA	0	436	0
296	B	E	AUS	EPA	0	432	0
297	B	E	AUS	EPA	0	441	0
298	B	E	AUS	EPA	0	437	0
299	B	E	AUS	EPA	0	431	0
300	B	E	AUS	EPA	0	435	0
1	C	E	CAM	EPA	0	433	0
2	C	E	CAM	EPA	0	440	0
3	C	E	CAM	EPA	0	440	0
4	C	E	CAM	EPA	0	434	0
5	C	E	CAM	EPA	0	436	0
6	C	E	CAM	EPA	1	437	0.0022883295194508009
7	C	E	CAM	EPA	0	432	0
8	C	E	CAM	EPA	1	442	0.0022624434389140274
9	C	E	CAM	EPA	0	431	0
10	C	E	CAM	EPA	0	433	0
11	C	E	CAM	EPA	0	437	0
12	C	E	CAM	EPA	0	436	0
13	C	E	CAM	EPA	0	444	0
14	C	E	CAM	EPA	0	442	0
15	C	E	CAM	EPA	0	427	0
16	C	E	CAM	EPA	0	444	0
17	C	E	CAM	EPA	1	438	0.0022831050228310501
18	C	E	CAM	EPA	1	440	0.0022727272727272726
19	C	E	CAM	EPA	0	429	0
20	C	E	CAM	EPA	0	430	0
21	C	E	CAM	EPA	1	429	0.002331002331002331
22	C	E	CAM	EPA	0	435	0
23	C	E	CAM	EPA	0	430	0
24	C	E	CAM	EPA	0	443	0
25	C	E	CAM	EPA	0	434	0
26	C	E	CAM	EPA	0	438	0
27	C	E	CAM	EPA	0	436	0
28	C	E	CAM	EPA	0	438	0
29	C	E	CAM	EPA	0	436	0
30	C	E	CAM	EPA	0	439	0
31	C	E	CAM	EPA	0	438	0
32	C	E	CAM	EPA	0	439	0
33	C	E	CAM	EPA	0	436	0
34	C	E	CAM	EPA	0	438	0
35	C	E	CAM	EPA	0	438	0
36	C	E	CAM	EPA	0	440	0
37	C	E	CAM	EPA	0	442	0
38	C	E	CAM	EPA	0	437	0
39	C	E	CAM	EPA	0	434	0
40	C	E	CAM	EPA	0	442	0
41	C	E	CAM	EPA	0	444	0
42	C	E	CAM	EPA	0	427	0
43	C	E	CAM	EPA	0	434	0
44	C	E	CAM	EPA	1	430	0.0023255813953488372
45	C	E	CAM	EPA	0	431	0
46	C	E	CAM	EPA	0	429	0
47	C	E	CAM	EPA	0	444	0
48	C	E	CAM	EPA	0	441	0
49	C	E	CAM	EPA	0	431	0
50	C	E	CAM	EPA	0	424	0
51	C	E	CAM	EPA	0	428	0
52	C	E	CAM	EPA	0	428	0
53	C	E	CAM	EPA	0	444	0
54	C	E	CAM	EPA	0	439	0
55	C	E	CAM	EPA	1	435	0.0022988505747126436
56	C	E	CAM	EPA	0	437	0
57	C	E	CAM	EPA	0	433	0
58	C	E	CAM	EPA	0	441	0
59	C	E	CAM	EPA	0	424	0
60	C	E	CAM	EPA	0	440	0
61	C	E	CAM	EPA	0	436	0
62	C	E	CAM	EPA	1	422	0.0023696682464454978
63	C	E	CAM	EPA	0	433	0
64	C	E	CAM	EPA	0	433	0
65	C	E	CAM	EPA	0	432	0
66	C	E	CAM	EPA	0	445	0
67	C	E	CAM	EPA	0	430	0
68	C	E	CAM	EPA	0	438	0
69	C	E	CAM	EPA	0	438	0
70	C	E	CAM	EPA	0	439	0
71	C	E	CAM	EPA	0	432	0
72	C	E	CAM	EPA	0	436	0
73	C	E	CAM	EPA	0	435	0
74	C	E	CAM	EPA	0	436	0
75	C	E	CAM	EPA	0	452	0
76	C	E	CAM	EPA	0	441	0
77	C	E	CAM	EPA	1	441	0.0022675736961451248
78	C	E	CAM	EPA	0	435	0
79	C	E	CAM	EPA	0	425	0
80	C	E	CAM	EPA	0	440	0
81	C	E	CAM	EPA	0	436	0
82	C	E	CAM	EPA	0	435	0
83	C	E	CAM	EPA	0	426	0
84	C	E	CAM	EPA	0	447	0
85	C	E	CAM	EPA	0	434	0
86	C	E	CAM	EPA	0	431	0
87	C	E	CAM	EPA	0	432	0
88	C	E	CAM	EPA	0	445	0
89	C	E	CAM	EPA	0	432	0
90	C	E	CAM	EPA	0	431	0
91	C	E	CAM	EPA	0	436	0
92	C	E	CAM	EPA	0	442	0
93	C	E	CAM	EPA	0	426	0
94	C	E	CAM	EPA	0	426	0
95	C	E	CAM	EPA	0	431	0
96	C	E	CAM	EPA	0	439	0
97	C	E	CAM	EPA	0	436	0
98	C	E	CAM	EPA	0	433	0
99	C	E	CAM	EPA	0	434	0
100	C	E	CAM	EPA	0	439	0
101	C	E	CAM	EPA	0	435	0
102	C	E	CAM	EPA	0	448	0
103	C	E	CAM	EPA	0	438	0
104	C	E	CAM	EPA	0	431	0
105	C	E	CAM	EPA	1	435	0.0022988505747126436
106	C	E	CAM	EPA	0	435	0
107	C	E	CAM	EPA	0	443	0
108	C	E	CAM	EPA	0	426	0
109	C	E	CAM	EPA	0	444	0
110	C	E	CAM	EPA	0	427	0
111	C	E	CAM	EPA	0	447	0
112	C	E	CAM	EPA	0	436	0
113	C	E	CAM	EPA	0	432	0
114	C	E	CAM	EPA	0	442	0
115	C	E	CAM	EPA	0	435	0
116	C	E	CAM	EPA	0	445	0
117	C	E	CAM	EPA	0	441	0
118	C	E	CAM	EPA	0	436	0
119	C	E	CAM	EPA	0	439	0
120	C	E	CAM	EPA	0	451	0
121	C	E	CAM	EPA	0	443	0
122	C	E	CAM	EPA	0	432	0
123	C	E	CAM	EPA	0	442	0
124	C	E	CAM	EPA	0	437	0
125	C	E	CAM	EPA	0	433	0
126	C	E	CAM	EPA	1	438	0.0022831050228310501
127	C	E	CAM	EPA	0	436	0
128	C	E	CAM	EPA	0	436	0
129	C	E	CAM	EPA	0	435	0
130	C	E	CAM	EPA	0	433	0
131	C	E	CAM	EPA	0	446	0
132	C	E	CAM	EPA	0	442	0
133	C	E	CAM	EPA	0	441	0
134	C	E	CAM	EPA	0	444	0
135	C	E	CAM	EPA	0	433	0
136	C	E	CAM	EPA	0	432	0
137	C	E	CAM	EPA	0	433	0
138	C	E	CAM	EPA	0	438	0
139	C	E	CAM	EPA	0	433	0
140	C	E	CAM	EPA	0	433	0
141	C	E	CAM	EPA	0	427	0
142	C	E	CAM	EPA	0	425	0
143	C	E	CAM	EPA	0	430	0
144	C	E	CAM	EPA	1	434	0.002304147465437788
145	C	E	CAM	EPA	0	446	0
146	C	E	CAM	EPA	1	439	0.0022779043280182231
147	C	E	CAM	EPA	0	433	0
148	C	E	CAM	EPA	0	437	0
149	C	E	CAM	EPA	0	425	0
150	C	E	CAM	EPA	0	440	0
151	C	E	CAM	EPA	0	445	0
152	C	E	CAM	EPA	0	435	0
153	C	E	CAM	EPA	0	438	0
154	C	E	CAM	EPA	0	445	0
155	C	E	CAM	EPA	0	432	0
156	C	E	CAM	EPA	0	429	0
157	C	E	CAM	EPA	0	432	0
158	C	E	CAM	EPA	0	435	0
159	C	E	CAM	EPA	0	441	0
160	C	E	CAM	EPA	0	439	0
161	C	E	CAM	EPA	0	438	0
162	C	E	CAM	EPA	0	436	0
163	C	E	CAM	EPA	0	434	0
164	C	E	CAM	EPA	0	437	0
165	C	E	CAM	EPA	0	428	0
166	C	E	CAM	EPA	0	436	0
167	C	E	CAM	EPA	1	433	0.0023094688221709007
168	C	E	CAM	EPA	0	435	0
169	C	E	CAM	EPA	0	434	0
170	C	E	CAM	EPA	0	432	0
171	C	E	CAM	EPA	0	434	0
172	C	E	CAM	EPA	1	444	0.0022522522522522522
173	C	E	CAM	EPA	0	440	0
174	C	E	CAM	EPA	0	435	0
175	C	E	CAM	EPA	0	429	0
176	C	E	CAM	EPA	0	437	0
177	C	E	CAM	EPA	1	434	0.002304147465437788
178	C	E	CAM	EPA	1	442	0.0022624434389140274
179	C	E	CAM	EPA	0	447	0
180	C	E	CAM	EPA	0	442	0
181	C	E	CAM	EPA	0	435	0
182	C	E	CAM	EPA	1	441	0.0022675736961451248
183	C	E	CAM	EPA	0	437	0
184	C	E	CAM	EPA	0	436	0
185	C	E	CAM	EPA	0	434	0
186	C	E	CAM	EPA	0	437	0
187	C	E	CAM	EPA	0	433	0
188	C	E	CAM	EPA	0	430	0
189	C	E	CAM	EPA	0	443	0
190	C	E	CAM	EPA	0	434	0
191	C	E	CAM	EPA	0	429	0
192	C	E	CAM	EPA	0	430	0
193	C	E	CAM	EPA	0	431	0
194	C	E	CAM	EPA	0	423	0
195	C	E	CAM	EPA	0	433	0
196	C	E	CAM	EPA	0	436	0
197	C	E	CAM	EPA	0	444	0
198	C	E	CAM	EPA	0	446	0
199	C	E	CAM	EPA	0	434	0
200	C	E	CAM	EPA	0	431	0
201	C	E	CAM	EPA	0	435	0
202	C	E	CAM	EPA	0	427	0
203	C	E	CAM	EPA	0	433	0
204	C	E	CAM	EPA	0	437	0
205	C	E	CAM	EPA	0	431	0
206	C	E	CAM	EPA	0	435	0
207	C	E	CAM	EPA	0	442	0
208	C	E	CAM	EPA	0	434	0
209	C	E	CAM	EPA	0	438	0
210	C	E	CAM	EPA	0	434	0
211	C	E	CAM	EPA	0	440	0
212	C	E	CAM	EPA	0	447	0
213	C	E	CAM	EPA	0	436	0
214	C	E	CAM	EPA	0	428	0
215	C	E	CAM	EPA	0	448	0
216	C	E	CAM	EPA	0	442	0
217	C	E	CAM	EPA	0	433	0
218	C	E	CAM	EPA	1	431	0.0023201856148491878
219	C	E	CAM	EPA	1	434	0.002304147465437788
220	C	E	CAM	EPA	0	445	0
221	C	E	CAM	EPA	0	422	0
222	C	E	CAM	EPA	0	425	0
223	C	E	CAM	EPA	0	431	0
224	C	E	CAM	EPA	0	432	0
225	C	E	CAM	EPA	0	431	0
226	C	E	CAM	EPA	0	430	0
227	C	E	CAM	EPA	0	441	0
228	C	E	CAM	EPA	0	444	0
229	C	E	CAM	EPA	0	446	0
230	C	E	CAM	EPA	0	439	0
231	C	E	CAM	EPA	0	435	0
232	C	E	CAM	EPA	0	434	0
233	C	E	CAM	EPA	0	437	0
234	C	E	CAM	EPA	0	435	0
235	C	E	CAM	EPA	0	434	0
236	C	E	CAM	EPA	0	431	0
237	C	E	CAM	EPA	0	447	0
238	C	E	CAM	EPA	1	438	0.0022831050228310501
239	C	E	CAM	EPA	0	427	0
240	C	E	CAM	EPA	0	437	0
241	C	E	CAM	EPA	0	431	0
242	C	E	CAM	EPA	0	441	0
243	C	E	CAM	EPA	0	440	0
244	C	E	CAM	EPA	0	438	0
245	C	E	CAM	EPA	0	435	0
246	C	E	CAM	EPA	0	441	0
247	C	E	CAM	EPA	0	433	0
248	C	E	CAM	EPA	0	435	0
249	C	E	CAM	EPA	0	445	0
250	C	E	CAM	EPA	1	431	0.0023201856148491878
251	C	E	CAM	EPA	0	444	0
252	C	E	CAM	EPA	0	439	0
253	C	E	CAM	EPA	0	431	0
254	C	E	CAM	EPA	0	428	0
255	C	E	CAM	EPA	0	436	0
256	C	E	CAM	EPA	0	431	0
257	C	E	CAM	EPA	0	436	0
258	C	E	CAM	EPA	0	440	0
259	C	E	CAM	EPA	1	436	0.0022935779816513763
260	C	E	CAM	EPA	0	431	0
261	C	E	CAM	EPA	0	445	0
262	C	E	CAM	EPA	0	435	0
263	C	E	CAM	EPA	0	430	0
264	C	E	CAM	EPA	0	438	0
265	C	E	CAM	EPA	0	434	0
266	C	E	CAM	EPA	0	429	0
267	C	E	CAM	EPA	0	437	0
268	C	E	CAM	EPA	0	431	0
269	C	E	CAM	EPA	1	433	0.0023094688221709007
270	C	E	CAM	EPA	0	430	0
271	C	E	CAM	EPA	0	428	0
272	C	E	CAM	EPA	0	433	0
273	C	E	CAM	EPA	0	438	0
274	C	E	CAM	EPA	0	435	0
275	C	E	CAM	EPA	0	443	0
276	C	E	CAM	EPA	0	425	0
277	C	E	CAM	EPA	0	433	0
278	C	E	CAM	EPA	0	439	0
279	C	E	CAM	EPA	0	434	0
280	C	E	CAM	EPA	0	434	0
281	C	E	CAM	EPA	0	446	0
282	C	E	CAM	EPA	0	440	0
283	C	E	CAM	EPA	0	430	0
284	C	E	CAM	EPA	0	437	0
285	C	E	CAM	EPA	0	430	0
286	C	E	CAM	EPA	0	425	0
287	C	E	CAM	EPA	0	430	0
288	C	E	CAM	EPA	0	444	0
289	C	E	CAM	EPA	0	435	0
290	C	E	CAM	EPA	0	426	0
291	C	E	CAM	EPA	0	434	0
292	C	E	CAM	EPA	0	427	0
293	C	E	CAM	EPA	0	437	0
294	C	E	CAM	EPA	1	437	0.0022883295194508009
295	C	E	CAM	EPA	0	436	0
296	C	E	CAM	EPA	0	432	0
297	C	E	CAM	EPA	1	441	0.0022675736961451248
298	C	E	CAM	EPA	0	437	0
299	C	E	CAM	EPA	0	431	0
300	C	E	CAM	EPA	0	435	0
1	D	E	ENA	EPA	0	433	0
2	D	E	ENA	EPA	2	440	0.0045454545454545452
3	D	E	ENA	EPA	0	440	0
4	D	E	ENA	EPA	0	434	0
5	D	E	ENA	EPA	0	436	0
6	D	E	ENA	EPA	0	437	0
7	D	E	ENA	EPA	2	432	0.0046296296296296294
8	D	E	ENA	EPA	0	442	0
9	D	E	ENA	EPA	0	431	0
10	D	E	ENA	EPA	0	433	0
11	D	E	ENA	EPA	0	437	0
12	D	E	ENA	EPA	0	436	0
13	D	E	ENA	EPA	0	444	0
14	D	E	ENA	EPA	1	442	0.0022624434389140274
15	D	E	ENA	EPA	0	427	0
16	D	E	ENA	EPA	0	444	0
17	D	E	ENA	EPA	0	438	0
18	D	E	ENA	EPA	1	440	0.0022727272727272726
19	D	E	ENA	EPA	0	429	0
20	D	E	ENA	EPA	1	430	0.0023255813953488372
21	D	E	ENA	EPA	0	429	0
22	D	E	ENA	EPA	1	435	0.0022988505747126436
23	D	E	ENA	EPA	0	430	0
24	D	E	ENA	EPA	0	443	0
25	D	E	ENA	EPA	0	434	0
26	D	E	ENA	EPA	0	438	0
27	D	E	ENA	EPA	0	436	0
28	D	E	ENA	EPA	0	438	0
29	D	E	ENA	EPA	0	436	0
30	D	E	ENA	EPA	0	439	0
31	D	E	ENA	EPA	0	438	0
32	D	E	ENA	EPA	0	439	0
33	D	E	ENA	EPA	0	436	0
34	D	E	ENA	EPA	0	438	0
35	D	E	ENA	EPA	0	438	0
36	D	E	ENA	EPA	0	440	0
37	D	E	ENA	EPA	0	442	0
38	D	E	ENA	EPA	0	437	0
39	D	E	ENA	EPA	0	434	0
40	D	E	ENA	EPA	1	442	0.0022624434389140274
41	D	E	ENA	EPA	2	444	0.0045045045045045045
42	D	E	ENA	EPA	0	427	0
43	D	E	ENA	EPA	1	434	0.002304147465437788
44	D	E	ENA	EPA	0	430	0
45	D	E	ENA	EPA	0	431	0
46	D	E	ENA	EPA	1	429	0.002331002331002331
47	D	E	ENA	EPA	0	444	0
48	D	E	ENA	EPA	0	441	0
49	D	E	ENA	EPA	1	431	0.0023201856148491878
50	D	E	ENA	EPA	1	424	0.0023584905660377358
51	D	E	ENA	EPA	0	428	0
52	D	E	ENA	EPA	0	428	0
53	D	E	ENA	EPA	0	444	0
54	D	E	ENA	EPA	0	439	0
55	D	E	ENA	EPA	1	435	0.0022988505747126436
56	D	E	ENA	EPA	1	437	0.0022883295194508009
57	D	E	ENA	EPA	1	433	0.0023094688221709007
58	D	E	ENA	EPA	0	441	0
59	D	E	ENA	EPA	1	424	0.0023584905660377358
60	D	E	ENA	EPA	0	440	0
61	D	E	ENA	EPA	0	436	0
62	D	E	ENA	EPA	2	422	0.0047393364928909956
63	D	E	ENA	EPA	1	433	0.0023094688221709007
64	D	E	ENA	EPA	0	433	0
65	D	E	ENA	EPA	0	432	0
66	D	E	ENA	EPA	0	445	0
67	D	E	ENA	EPA	0	430	0
68	D	E	ENA	EPA	1	438	0.0022831050228310501
69	D	E	ENA	EPA	0	438	0
70	D	E	ENA	EPA	0	439	0
71	D	E	ENA	EPA	1	432	0.0023148148148148147
72	D	E	ENA	EPA	1	436	0.0022935779816513763
73	D	E	ENA	EPA	0	435	0
74	D	E	ENA	EPA	0	436	0
75	D	E	ENA	EPA	0	452	0
76	D	E	ENA	EPA	1	441	0.0022675736961451248
77	D	E	ENA	EPA	0	441	0
78	D	E	ENA	EPA	1	435	0.0022988505747126436
79	D	E	ENA	EPA	2	425	0.0047058823529411761
80	D	E	ENA	EPA	0	440	0
81	D	E	ENA	EPA	1	436	0.0022935779816513763
82	D	E	ENA	EPA	0	435	0
83	D	E	ENA	EPA	0	426	0
84	D	E	ENA	EPA	0	447	0
85	D	E	ENA	EPA	2	434	0.004608294930875576
86	D	E	ENA	EPA	0	431	0
87	D	E	ENA	EPA	0	432	0
88	D	E	ENA	EPA	1	445	0.0022471910112359553
89	D	E	ENA	EPA	0	432	0
90	D	E	ENA	EPA	2	431	0.0046403712296983757
91	D	E	ENA	EPA	0	436	0
92	D	E	ENA	EPA	0	442	0
93	D	E	ENA	EPA	0	426	0
94	D	E	ENA	EPA	0	426	0
95	D	E	ENA	EPA	0	431	0
96	D	E	ENA	EPA	0	439	0
97	D	E	ENA	EPA	0	436	0
98	D	E	ENA	EPA	1	433	0.0023094688221709007
99	D	E	ENA	EPA	0	434	0
100	D	E	ENA	EPA	0	439	0
101	D	E	ENA	EPA	0	435	0
102	D	E	ENA	EPA	1	448	0.002232142857142857
103	D	E	ENA	EPA	0	438	0
104	D	E	ENA	EPA	0	431	0
105	D	E	ENA	EPA	0	435	0
106	D	E	ENA	EPA	0	435	0
107	D	E	ENA	EPA	0	443	0
108	D	E	ENA	EPA	0	426	0
109	D	E	ENA	EPA	0	444	0
110	D	E	ENA	EPA	0	427	0
111	D	E	ENA	EPA	0	447	0
112	D	E	ENA	EPA	1	436	0.0022935779816513763
113	D	E	ENA	EPA	1	432	0.0023148148148148147
114	D	E	ENA	EPA	0	442	0
115	D	E	ENA	EPA	0	435	0
116	D	E	ENA	EPA	1	445	0.0022471910112359553
117	D	E	ENA	EPA	2	441	0.0045351473922902496
118	D	E	ENA	EPA	0	436	0
119	D	E	ENA	EPA	2	439	0.0045558086560364463
120	D	E	ENA	EPA	1	451	0.0022172949002217295
121	D	E	ENA	EPA	0	443	0
122	D	E	ENA	EPA	1	432	0.0023148148148148147
123	D	E	ENA	EPA	0	442	0
124	D	E	ENA	EPA	1	437	0.0022883295194508009
125	D	E	ENA	EPA	1	433	0.0023094688221709007
126	D	E	ENA	EPA	0	438	0
127	D	E	ENA	EPA	0	436	0
128	D	E	ENA	EPA	0	436	0
129	D	E	ENA	EPA	0	435	0
130	D	E	ENA	EPA	0	433	0
131	D	E	ENA	EPA	0	446	0
132	D	E	ENA	EPA	0	442	0
133	D	E	ENA	EPA	0	441	0
134	D	E	ENA	EPA	1	444	0.0022522522522522522
135	D	E	ENA	EPA	0	433	0
136	D	E	ENA	EPA	0	432	0
137	D	E	ENA	EPA	0	433	0
138	D	E	ENA	EPA	0	438	0
139	D	E	ENA	EPA	0	433	0
140	D	E	ENA	EPA	0	433	0
141	D	E	ENA	EPA	1	427	0.00234192037470726
142	D	E	ENA	EPA	0	425	0
143	D	E	ENA	EPA	1	430	0.0023255813953488372
144	D	E	ENA	EPA	1	434	0.002304147465437788
145	D	E	ENA	EPA	0	446	0
146	D	E	ENA	EPA	1	439	0.0022779043280182231
147	D	E	ENA	EPA	0	433	0
148	D	E	ENA	EPA	0	437	0
149	D	E	ENA	EPA	2	425	0.0047058823529411761
150	D	E	ENA	EPA	1	440	0.0022727272727272726
151	D	E	ENA	EPA	0	445	0
152	D	E	ENA	EPA	0	435	0
153	D	E	ENA	EPA	0	438	0
154	D	E	ENA	EPA	1	445	0.0022471910112359553
155	D	E	ENA	EPA	0	432	0
156	D	E	ENA	EPA	0	429	0
157	D	E	ENA	EPA	0	432	0
158	D	E	ENA	EPA	0	435	0
159	D	E	ENA	EPA	1	441	0.0022675736961451248
160	D	E	ENA	EPA	0	439	0
161	D	E	ENA	EPA	0	438	0
162	D	E	ENA	EPA	2	436	0.0045871559633027525
163	D	E	ENA	EPA	0	434	0
164	D	E	ENA	EPA	2	437	0.0045766590389016018
165	D	E	ENA	EPA	0	428	0
166	D	E	ENA	EPA	0	436	0
167	D	E	ENA	EPA	0	433	0
168	D	E	ENA	EPA	1	435	0.0022988505747126436
169	D	E	ENA	EPA	1	434	0.002304147465437788
170	D	E	ENA	EPA	0	432	0
171	D	E	ENA	EPA	0	434	0
172	D	E	ENA	EPA	0	444	0
173	D	E	ENA	EPA	0	440	0
174	D	E	ENA	EPA	0	435	0
175	D	E	ENA	EPA	0	429	0
176	D	E	ENA	EPA	1	437	0.0022883295194508009
177	D	E	ENA	EPA	0	434	0
178	D	E	ENA	EPA	0	442	0
179	D	E	ENA	EPA	0	447	0
180	D	E	ENA	EPA	0	442	0
181	D	E	ENA	EPA	0	435	0
182	D	E	ENA	EPA	0	441	0
183	D	E	ENA	EPA	1	437	0.0022883295194508009
184	D	E	ENA	EPA	0	436	0
185	D	E	ENA	EPA	1	434	0.002304147465437788
186	D	E	ENA	EPA	1	437	0.0022883295194508009
187	D	E	ENA	EPA	1	433	0.0023094688221709007
188	D	E	ENA	EPA	0	430	0
189	D	E	ENA	EPA	0	443	0
190	D	E	ENA	EPA	0	434	0
191	D	E	ENA	EPA	1	429	0.002331002331002331
192	D	E	ENA	EPA	0	430	0
193	D	E	ENA	EPA	2	431	0.0046403712296983757
194	D	E	ENA	EPA	1	423	0.0023640661938534278
195	D	E	ENA	EPA	1	433	0.0023094688221709007
196	D	E	ENA	EPA	0	436	0
197	D	E	ENA	EPA	0	444	0
198	D	E	ENA	EPA	0	446	0
199	D	E	ENA	EPA	0	434	0
200	D	E	ENA	EPA	1	431	0.0023201856148491878
201	D	E	ENA	EPA	1	435	0.0022988505747126436
202	D	E	ENA	EPA	1	427	0.00234192037470726
203	D	E	ENA	EPA	0	433	0
204	D	E	ENA	EPA	1	437	0.0022883295194508009
205	D	E	ENA	EPA	0	431	0
206	D	E	ENA	EPA	0	435	0
207	D	E	ENA	EPA	0	442	0
208	D	E	ENA	EPA	0	434	0
209	D	E	ENA	EPA	0	438	0
210	D	E	ENA	EPA	0	434	0
211	D	E	ENA	EPA	0	440	0
212	D	E	ENA	EPA	1	447	0.0022371364653243847
213	D	E	ENA	EPA	1	436	0.0022935779816513763
214	D	E	ENA	EPA	0	428	0
215	D	E	ENA	EPA	0	448	0
216	D	E	ENA	EPA	1	442	0.0022624434389140274
217	D	E	ENA	EPA	0	433	0
218	D	E	ENA	EPA	0	431	0
219	D	E	ENA	EPA	1	434	0.002304147465437788
220	D	E	ENA	EPA	1	445	0.0022471910112359553
221	D	E	ENA	EPA	0	422	0
222	D	E	ENA	EPA	1	425	0.002352941176470588
223	D	E	ENA	EPA	1	431	0.0023201856148491878
224	D	E	ENA	EPA	1	432	0.0023148148148148147
225	D	E	ENA	EPA	0	431	0
226	D	E	ENA	EPA	0	430	0
227	D	E	ENA	EPA	1	441	0.0022675736961451248
228	D	E	ENA	EPA	0	444	0
229	D	E	ENA	EPA	0	446	0
230	D	E	ENA	EPA	0	439	0
231	D	E	ENA	EPA	0	435	0
232	D	E	ENA	EPA	0	434	0
233	D	E	ENA	EPA	1	437	0.0022883295194508009
234	D	E	ENA	EPA	0	435	0
235	D	E	ENA	EPA	0	434	0
236	D	E	ENA	EPA	0	431	0
237	D	E	ENA	EPA	0	447	0
238	D	E	ENA	EPA	0	438	0
239	D	E	ENA	EPA	0	427	0
240	D	E	ENA	EPA	1	437	0.0022883295194508009
241	D	E	ENA	EPA	0	431	0
242	D	E	ENA	EPA	0	441	0
243	D	E	ENA	EPA	0	440	0
244	D	E	ENA	EPA	1	438	0.0022831050228310501
245	D	E	ENA	EPA	1	435	0.0022988505747126436
246	D	E	ENA	EPA	0	441	0
247	D	E	ENA	EPA	0	433	0
248	D	E	ENA	EPA	0	435	0
249	D	E	ENA	EPA	0	445	0
250	D	E	ENA	EPA	1	431	0.0023201856148491878
251	D	E	ENA	EPA	0	444	0
252	D	E	ENA	EPA	1	439	0.0022779043280182231
253	D	E	ENA	EPA	1	431	0.0023201856148491878
254	D	E	ENA	EPA	0	428	0
255	D	E	ENA	EPA	1	436	0.0022935779816513763
256	D	E	ENA	EPA	0	431	0
257	D	E	ENA	EPA	0	436	0
258	D	E	ENA	EPA	0	440	0
259	D	E	ENA	EPA	0	436	0
260	D	E	ENA	EPA	1	431	0.0023201856148491878
261	D	E	ENA	EPA	0	445	0
262	D	E	ENA	EPA	0	435	0
263	D	E	ENA	EPA	0	430	0
264	D	E	ENA	EPA	1	438	0.0022831050228310501
265	D	E	ENA	EPA	0	434	0
266	D	E	ENA	EPA	0	429	0
267	D	E	ENA	EPA	0	437	0
268	D	E	ENA	EPA	1	431	0.0023201856148491878
269	D	E	ENA	EPA	0	433	0
270	D	E	ENA	EPA	1	430	0.0023255813953488372
271	D	E	ENA	EPA	1	428	0.0023364485981308409
272	D	E	ENA	EPA	0	433	0
273	D	E	ENA	EPA	0	438	0
274	D	E	ENA	EPA	1	435	0.0022988505747126436
275	D	E	ENA	EPA	0	443	0
276	D	E	ENA	EPA	2	425	0.0047058823529411761
277	D	E	ENA	EPA	0	433	0
278	D	E	ENA	EPA	0	439	0
279	D	E	ENA	EPA	2	434	0.004608294930875576
280	D	E	ENA	EPA	0	434	0
281	D	E	ENA	EPA	1	446	0.002242152466367713
282	D	E	ENA	EPA	1	440	0.0022727272727272726
283	D	E	ENA	EPA	0	430	0
284	D	E	ENA	EPA	1	437	0.0022883295194508009
285	D	E	ENA	EPA	0	430	0
286	D	E	ENA	EPA	0	425	0
287	D	E	ENA	EPA	1	430	0.0023255813953488372
288	D	E	ENA	EPA	0	444	0
289	D	E	ENA	EPA	0	435	0
290	D	E	ENA	EPA	1	426	0.0023474178403755869
291	D	E	ENA	EPA	0	434	0
292	D	E	ENA	EPA	0	427	0
293	D	E	ENA	EPA	1	437	0.0022883295194508009
294	D	E	ENA	EPA	2	437	0.0045766590389016018
295	D	E	ENA	EPA	1	436	0.0022935779816513763
296	D	E	ENA	EPA	0	432	0
297	D	E	ENA	EPA	1	441	0.0022675736961451248
298	D	E	ENA	EPA	0	437	0
299	D	E	ENA	EPA	0	431	0
300	D	E	ENA	EPA	2	435	0.0045977011494252873
1	F	E	IND	EPA	4	433	0.0092378752886836026
2	F	E	IND	EPA	2	440	0.0045454545454545452
3	F	E	IND	EPA	8	440	0.018181818181818181
4	F	E	IND	EPA	2	434	0.004608294930875576
5	F	E	IND	EPA	4	436	0.0091743119266055051
6	F	E	IND	EPA	5	437	0.011441647597254004
7	F	E	IND	EPA	3	432	0.0069444444444444441
8	F	E	IND	EPA	3	442	0.0067873303167420816
9	F	E	IND	EPA	5	431	0.011600928074245939
10	F	E	IND	EPA	1	433	0.0023094688221709007
11	F	E	IND	EPA	2	437	0.0045766590389016018
12	F	E	IND	EPA	6	436	0.013761467889908258
13	F	E	IND	EPA	4	444	0.0090090090090090089
14	F	E	IND	EPA	4	442	0.0090497737556561094
15	F	E	IND	EPA	6	427	0.01405152224824356
16	F	E	IND	EPA	3	444	0.0067567567567567571
17	F	E	IND	EPA	4	438	0.0091324200913242004
18	F	E	IND	EPA	3	440	0.0068181818181818179
19	F	E	IND	EPA	3	429	0.006993006993006993
20	F	E	IND	EPA	5	430	0.011627906976744186
21	F	E	IND	EPA	6	429	0.013986013986013986
22	F	E	IND	EPA	3	435	0.0068965517241379309
23	F	E	IND	EPA	5	430	0.011627906976744186
24	F	E	IND	EPA	5	443	0.011286681715575621
25	F	E	IND	EPA	5	434	0.011520737327188941
26	F	E	IND	EPA	4	438	0.0091324200913242004
27	F	E	IND	EPA	8	436	0.01834862385321101
28	F	E	IND	EPA	3	438	0.0068493150684931503
29	F	E	IND	EPA	3	436	0.0068807339449541288
30	F	E	IND	EPA	3	439	0.0068337129840546698
31	F	E	IND	EPA	3	438	0.0068493150684931503
32	F	E	IND	EPA	5	439	0.011389521640091117
33	F	E	IND	EPA	7	436	0.016055045871559634
34	F	E	IND	EPA	4	438	0.0091324200913242004
35	F	E	IND	EPA	1	438	0.0022831050228310501
36	F	E	IND	EPA	5	440	0.011363636363636364
37	F	E	IND	EPA	3	442	0.0067873303167420816
38	F	E	IND	EPA	1	437	0.0022883295194508009
39	F	E	IND	EPA	10	434	0.023041474654377881
40	F	E	IND	EPA	9	442	0.020361990950226245
41	F	E	IND	EPA	1	444	0.0022522522522522522
42	F	E	IND	EPA	9	427	0.021077283372365339
43	F	E	IND	EPA	3	434	0.0069124423963133645
44	F	E	IND	EPA	2	430	0.0046511627906976744
45	F	E	IND	EPA	7	431	0.016241299303944315
46	F	E	IND	EPA	8	429	0.018648018648018648
47	F	E	IND	EPA	5	444	0.011261261261261261
48	F	E	IND	EPA	3	441	0.0068027210884353739
49	F	E	IND	EPA	1	431	0.0023201856148491878
50	F	E	IND	EPA	3	424	0.0070754716981132077
51	F	E	IND	EPA	2	428	0.0046728971962616819
52	F	E	IND	EPA	5	428	0.011682242990654205
53	F	E	IND	EPA	4	444	0.0090090090090090089
54	F	E	IND	EPA	1	439	0.0022779043280182231
55	F	E	IND	EPA	6	435	0.013793103448275862
56	F	E	IND	EPA	5	437	0.011441647597254004
57	F	E	IND	EPA	3	433	0.0069284064665127024
58	F	E	IND	EPA	2	441	0.0045351473922902496
59	F	E	IND	EPA	4	424	0.009433962264150943
60	F	E	IND	EPA	6	440	0.013636363636363636
61	F	E	IND	EPA	2	436	0.0045871559633027525
62	F	E	IND	EPA	7	422	0.016587677725118485
63	F	E	IND	EPA	6	433	0.013856812933025405
64	F	E	IND	EPA	5	433	0.011547344110854504
65	F	E	IND	EPA	10	432	0.023148148148148147
66	F	E	IND	EPA	4	445	0.008988764044943821
67	F	E	IND	EPA	4	430	0.0093023255813953487
68	F	E	IND	EPA	4	438	0.0091324200913242004
69	F	E	IND	EPA	6	438	0.013698630136986301
70	F	E	IND	EPA	4	439	0.0091116173120728925
71	F	E	IND	EPA	6	432	0.013888888888888888
72	F	E	IND	EPA	5	436	0.011467889908256881
73	F	E	IND	EPA	5	435	0.011494252873563218
74	F	E	IND	EPA	6	436	0.013761467889908258
75	F	E	IND	EPA	5	452	0.011061946902654867
76	F	E	IND	EPA	0	441	0
77	F	E	IND	EPA	4	441	0.0090702947845804991
78	F	E	IND	EPA	7	435	0.016091954022988506
79	F	E	IND	EPA	4	425	0.0094117647058823521
80	F	E	IND	EPA	6	440	0.013636363636363636
81	F	E	IND	EPA	5	436	0.011467889908256881
82	F	E	IND	EPA	4	435	0.0091954022988505746
83	F	E	IND	EPA	4	426	0.0093896713615023476
84	F	E	IND	EPA	8	447	0.017897091722595078
85	F	E	IND	EPA	4	434	0.0092165898617511521
86	F	E	IND	EPA	1	431	0.0023201856148491878
87	F	E	IND	EPA	9	432	0.020833333333333332
88	F	E	IND	EPA	3	445	0.0067415730337078653
89	F	E	IND	EPA	3	432	0.0069444444444444441
90	F	E	IND	EPA	0	431	0
91	F	E	IND	EPA	4	436	0.0091743119266055051
92	F	E	IND	EPA	4	442	0.0090497737556561094
93	F	E	IND	EPA	4	426	0.0093896713615023476
94	F	E	IND	EPA	3	426	0.0070422535211267607
95	F	E	IND	EPA	4	431	0.0092807424593967514
96	F	E	IND	EPA	5	439	0.011389521640091117
97	F	E	IND	EPA	6	436	0.013761467889908258
98	F	E	IND	EPA	3	433	0.0069284064665127024
99	F	E	IND	EPA	5	434	0.011520737327188941
100	F	E	IND	EPA	5	439	0.011389521640091117
101	F	E	IND	EPA	2	435	0.0045977011494252873
102	F	E	IND	EPA	2	448	0.004464285714285714
103	F	E	IND	EPA	4	438	0.0091324200913242004
104	F	E	IND	EPA	3	431	0.0069605568445475635
105	F	E	IND	EPA	7	435	0.016091954022988506
106	F	E	IND	EPA	4	435	0.0091954022988505746
107	F	E	IND	EPA	2	443	0.0045146726862302479
108	F	E	IND	EPA	6	426	0.014084507042253521
109	F	E	IND	EPA	4	444	0.0090090090090090089
110	F	E	IND	EPA	7	427	0.016393442622950821
111	F	E	IND	EPA	3	447	0.0067114093959731542
112	F	E	IND	EPA	8	436	0.01834862385321101
113	F	E	IND	EPA	4	432	0.0092592592592592587
114	F	E	IND	EPA	1	442	0.0022624434389140274
115	F	E	IND	EPA	4	435	0.0091954022988505746
116	F	E	IND	EPA	4	445	0.008988764044943821
117	F	E	IND	EPA	7	441	0.015873015873015872
118	F	E	IND	EPA	6	436	0.013761467889908258
119	F	E	IND	EPA	6	439	0.01366742596810934
120	F	E	IND	EPA	4	451	0.008869179600886918
121	F	E	IND	EPA	5	443	0.011286681715575621
122	F	E	IND	EPA	7	432	0.016203703703703703
123	F	E	IND	EPA	4	442	0.0090497737556561094
124	F	E	IND	EPA	1	437	0.0022883295194508009
125	F	E	IND	EPA	4	433	0.0092378752886836026
126	F	E	IND	EPA	3	438	0.0068493150684931503
127	F	E	IND	EPA	2	436	0.0045871559633027525
128	F	E	IND	EPA	5	436	0.011467889908256881
129	F	E	IND	EPA	6	435	0.013793103448275862
130	F	E	IND	EPA	4	433	0.0092378752886836026
131	F	E	IND	EPA	2	446	0.0044843049327354259
132	F	E	IND	EPA	3	442	0.0067873303167420816
133	F	E	IND	EPA	6	441	0.013605442176870748
134	F	E	IND	EPA	6	444	0.013513513513513514
135	F	E	IND	EPA	7	433	0.016166281755196306
136	F	E	IND	EPA	2	432	0.0046296296296296294
137	F	E	IND	EPA	1	433	0.0023094688221709007
138	F	E	IND	EPA	5	438	0.011415525114155251
139	F	E	IND	EPA	5	433	0.011547344110854504
140	F	E	IND	EPA	3	433	0.0069284064665127024
141	F	E	IND	EPA	2	427	0.0046838407494145199
142	F	E	IND	EPA	1	425	0.002352941176470588
143	F	E	IND	EPA	8	430	0.018604651162790697
144	F	E	IND	EPA	3	434	0.0069124423963133645
145	F	E	IND	EPA	1	446	0.002242152466367713
146	F	E	IND	EPA	8	439	0.018223234624145785
147	F	E	IND	EPA	4	433	0.0092378752886836026
148	F	E	IND	EPA	4	437	0.0091533180778032037
149	F	E	IND	EPA	7	425	0.016470588235294119
150	F	E	IND	EPA	2	440	0.0045454545454545452
151	F	E	IND	EPA	3	445	0.0067415730337078653
152	F	E	IND	EPA	10	435	0.022988505747126436
153	F	E	IND	EPA	7	438	0.015981735159817351
154	F	E	IND	EPA	6	445	0.013483146067415731
155	F	E	IND	EPA	6	432	0.013888888888888888
156	F	E	IND	EPA	3	429	0.006993006993006993
157	F	E	IND	EPA	2	432	0.0046296296296296294
158	F	E	IND	EPA	8	435	0.018390804597701149
159	F	E	IND	EPA	2	441	0.0045351473922902496
160	F	E	IND	EPA	6	439	0.01366742596810934
161	F	E	IND	EPA	6	438	0.013698630136986301
162	F	E	IND	EPA	6	436	0.013761467889908258
163	F	E	IND	EPA	4	434	0.0092165898617511521
164	F	E	IND	EPA	4	437	0.0091533180778032037
165	F	E	IND	EPA	5	428	0.011682242990654205
166	F	E	IND	EPA	6	436	0.013761467889908258
167	F	E	IND	EPA	7	433	0.016166281755196306
168	F	E	IND	EPA	5	435	0.011494252873563218
169	F	E	IND	EPA	1	434	0.002304147465437788
170	F	E	IND	EPA	2	432	0.0046296296296296294
171	F	E	IND	EPA	3	434	0.0069124423963133645
172	F	E	IND	EPA	6	444	0.013513513513513514
173	F	E	IND	EPA	1	440	0.0022727272727272726
174	F	E	IND	EPA	3	435	0.0068965517241379309
175	F	E	IND	EPA	5	429	0.011655011655011656
176	F	E	IND	EPA	5	437	0.011441647597254004
177	F	E	IND	EPA	4	434	0.0092165898617511521
178	F	E	IND	EPA	10	442	0.022624434389140271
179	F	E	IND	EPA	7	447	0.015659955257270694
180	F	E	IND	EPA	5	442	0.011312217194570135
181	F	E	IND	EPA	4	435	0.0091954022988505746
182	F	E	IND	EPA	2	441	0.0045351473922902496
183	F	E	IND	EPA	6	437	0.013729977116704805
184	F	E	IND	EPA	5	436	0.011467889908256881
185	F	E	IND	EPA	3	434	0.0069124423963133645
186	F	E	IND	EPA	11	437	0.025171624713958809
187	F	E	IND	EPA	2	433	0.0046189376443418013
188	F	E	IND	EPA	4	430	0.0093023255813953487
189	F	E	IND	EPA	3	443	0.0067720090293453723
190	F	E	IND	EPA	2	434	0.004608294930875576
191	F	E	IND	EPA	3	429	0.006993006993006993
192	F	E	IND	EPA	2	430	0.0046511627906976744
193	F	E	IND	EPA	4	431	0.0092807424593967514
194	F	E	IND	EPA	3	423	0.0070921985815602835
195	F	E	IND	EPA	8	433	0.018475750577367205
196	F	E	IND	EPA	7	436	0.016055045871559634
197	F	E	IND	EPA	6	444	0.013513513513513514
198	F	E	IND	EPA	6	446	0.013452914798206279
199	F	E	IND	EPA	3	434	0.0069124423963133645
200	F	E	IND	EPA	4	431	0.0092807424593967514
201	F	E	IND	EPA	4	435	0.0091954022988505746
202	F	E	IND	EPA	3	427	0.0070257611241217799
203	F	E	IND	EPA	5	433	0.011547344110854504
204	F	E	IND	EPA	7	437	0.016018306636155607
205	F	E	IND	EPA	1	431	0.0023201856148491878
206	F	E	IND	EPA	3	435	0.0068965517241379309
207	F	E	IND	EPA	2	442	0.0045248868778280547
208	F	E	IND	EPA	1	434	0.002304147465437788
209	F	E	IND	EPA	5	438	0.011415525114155251
210	F	E	IND	EPA	6	434	0.013824884792626729
211	F	E	IND	EPA	8	440	0.018181818181818181
212	F	E	IND	EPA	7	447	0.015659955257270694
213	F	E	IND	EPA	6	436	0.013761467889908258
214	F	E	IND	EPA	4	428	0.0093457943925233638
215	F	E	IND	EPA	2	448	0.004464285714285714
216	F	E	IND	EPA	5	442	0.011312217194570135
217	F	E	IND	EPA	7	433	0.016166281755196306
218	F	E	IND	EPA	3	431	0.0069605568445475635
219	F	E	IND	EPA	7	434	0.016129032258064516
220	F	E	IND	EPA	1	445	0.0022471910112359553
221	F	E	IND	EPA	7	422	0.016587677725118485
222	F	E	IND	EPA	6	425	0.01411764705882353
223	F	E	IND	EPA	3	431	0.0069605568445475635
224	F	E	IND	EPA	2	432	0.0046296296296296294
225	F	E	IND	EPA	5	431	0.011600928074245939
226	F	E	IND	EPA	3	430	0.0069767441860465115
227	F	E	IND	EPA	3	441	0.0068027210884353739
228	F	E	IND	EPA	8	444	0.018018018018018018
229	F	E	IND	EPA	3	446	0.0067264573991031393
230	F	E	IND	EPA	0	439	0
231	F	E	IND	EPA	5	435	0.011494252873563218
232	F	E	IND	EPA	7	434	0.016129032258064516
233	F	E	IND	EPA	4	437	0.0091533180778032037
234	F	E	IND	EPA	8	435	0.018390804597701149
235	F	E	IND	EPA	3	434	0.0069124423963133645
236	F	E	IND	EPA	2	431	0.0046403712296983757
237	F	E	IND	EPA	3	447	0.0067114093959731542
238	F	E	IND	EPA	6	438	0.013698630136986301
239	F	E	IND	EPA	4	427	0.0093676814988290398
240	F	E	IND	EPA	5	437	0.011441647597254004
241	F	E	IND	EPA	6	431	0.013921113689095127
242	F	E	IND	EPA	1	441	0.0022675736961451248
243	F	E	IND	EPA	2	440	0.0045454545454545452
244	F	E	IND	EPA	5	438	0.011415525114155251
245	F	E	IND	EPA	5	435	0.011494252873563218
246	F	E	IND	EPA	4	441	0.0090702947845804991
247	F	E	IND	EPA	6	433	0.013856812933025405
248	F	E	IND	EPA	8	435	0.018390804597701149
249	F	E	IND	EPA	5	445	0.011235955056179775
250	F	E	IND	EPA	2	431	0.0046403712296983757
251	F	E	IND	EPA	4	444	0.0090090090090090089
252	F	E	IND	EPA	3	439	0.0068337129840546698
253	F	E	IND	EPA	8	431	0.018561484918793503
254	F	E	IND	EPA	1	428	0.0023364485981308409
255	F	E	IND	EPA	1	436	0.0022935779816513763
256	F	E	IND	EPA	6	431	0.013921113689095127
257	F	E	IND	EPA	7	436	0.016055045871559634
258	F	E	IND	EPA	5	440	0.011363636363636364
259	F	E	IND	EPA	3	436	0.0068807339449541288
260	F	E	IND	EPA	2	431	0.0046403712296983757
261	F	E	IND	EPA	10	445	0.02247191011235955
262	F	E	IND	EPA	4	435	0.0091954022988505746
263	F	E	IND	EPA	5	430	0.011627906976744186
264	F	E	IND	EPA	3	438	0.0068493150684931503
265	F	E	IND	EPA	3	434	0.0069124423963133645
266	F	E	IND	EPA	5	429	0.011655011655011656
267	F	E	IND	EPA	4	437	0.0091533180778032037
268	F	E	IND	EPA	3	431	0.0069605568445475635
269	F	E	IND	EPA	7	433	0.016166281755196306
270	F	E	IND	EPA	4	430	0.0093023255813953487
271	F	E	IND	EPA	5	428	0.011682242990654205
272	F	E	IND	EPA	5	433	0.011547344110854504
273	F	E	IND	EPA	5	438	0.011415525114155251
274	F	E	IND	EPA	5	435	0.011494252873563218
275	F	E	IND	EPA	2	443	0.0045146726862302479
276	F	E	IND	EPA	6	425	0.01411764705882353
277	F	E	IND	EPA	2	433	0.0046189376443418013
278	F	E	IND	EPA	3	439	0.0068337129840546698
279	F	E	IND	EPA	6	434	0.013824884792626729
280	F	E	IND	EPA	4	434	0.0092165898617511521
281	F	E	IND	EPA	3	446	0.0067264573991031393
282	F	E	IND	EPA	2	440	0.0045454545454545452
283	F	E	IND	EPA	5	430	0.011627906976744186
284	F	E	IND	EPA	2	437	0.0045766590389016018
285	F	E	IND	EPA	3	430	0.0069767441860465115
286	F	E	IND	EPA	7	425	0.016470588235294119
287	F	E	IND	EPA	2	430	0.0046511627906976744
288	F	E	IND	EPA	4	444	0.0090090090090090089
289	F	E	IND	EPA	3	435	0.0068965517241379309
290	F	E	IND	EPA	1	426	0.0023474178403755869
291	F	E	IND	EPA	2	434	0.004608294930875576
292	F	E	IND	EPA	5	427	0.011709601873536301
293	F	E	IND	EPA	3	437	0.0068649885583524023
294	F	E	IND	EPA	5	437	0.011441647597254004
295	F	E	IND	EPA	7	436	0.016055045871559634
296	F	E	IND	EPA	3	432	0.0069444444444444441
297	F	E	IND	EPA	5	441	0.011337868480725623
298	F	E	IND	EPA	2	437	0.0045766590389016018
299	F	E	IND	EPA	8	431	0.018561484918793503
300	F	E	IND	EPA	4	435	0.0091954022988505746
1	G	E	MDG	EPA	0	433	0
2	G	E	MDG	EPA	0	440	0
3	G	E	MDG	EPA	0	440	0
4	G	E	MDG	EPA	0	434	0
5	G	E	MDG	EPA	0	436	0
6	G	E	MDG	EPA	0	437	0
7	G	E	MDG	EPA	0	432	0
8	G	E	MDG	EPA	0	442	0
9	G	E	MDG	EPA	0	431	0
10	G	E	MDG	EPA	0	433	0
11	G	E	MDG	EPA	0	437	0
12	G	E	MDG	EPA	0	436	0
13	G	E	MDG	EPA	0	444	0
14	G	E	MDG	EPA	0	442	0
15	G	E	MDG	EPA	0	427	0
16	G	E	MDG	EPA	0	444	0
17	G	E	MDG	EPA	0	438	0
18	G	E	MDG	EPA	0	440	0
19	G	E	MDG	EPA	0	429	0
20	G	E	MDG	EPA	0	430	0
21	G	E	MDG	EPA	0	429	0
22	G	E	MDG	EPA	0	435	0
23	G	E	MDG	EPA	0	430	0
24	G	E	MDG	EPA	0	443	0
25	G	E	MDG	EPA	0	434	0
26	G	E	MDG	EPA	0	438	0
27	G	E	MDG	EPA	0	436	0
28	G	E	MDG	EPA	0	438	0
29	G	E	MDG	EPA	0	436	0
30	G	E	MDG	EPA	0	439	0
31	G	E	MDG	EPA	0	438	0
32	G	E	MDG	EPA	0	439	0
33	G	E	MDG	EPA	0	436	0
34	G	E	MDG	EPA	0	438	0
35	G	E	MDG	EPA	0	438	0
36	G	E	MDG	EPA	0	440	0
37	G	E	MDG	EPA	0	442	0
38	G	E	MDG	EPA	0	437	0
39	G	E	MDG	EPA	0	434	0
40	G	E	MDG	EPA	0	442	0
41	G	E	MDG	EPA	0	444	0
42	G	E	MDG	EPA	0	427	0
43	G	E	MDG	EPA	0	434	0
44	G	E	MDG	EPA	0	430	0
45	G	E	MDG	EPA	0	431	0
46	G	E	MDG	EPA	0	429	0
47	G	E	MDG	EPA	0	444	0
48	G	E	MDG	EPA	0	441	0
49	G	E	MDG	EPA	0	431	0
50	G	E	MDG	EPA	0	424	0
51	G	E	MDG	EPA	0	428	0
52	G	E	MDG	EPA	0	428	0
53	G	E	MDG	EPA	0	444	0
54	G	E	MDG	EPA	0	439	0
55	G	E	MDG	EPA	0	435	0
56	G	E	MDG	EPA	0	437	0
57	G	E	MDG	EPA	0	433	0
58	G	E	MDG	EPA	0	441	0
59	G	E	MDG	EPA	0	424	0
60	G	E	MDG	EPA	0	440	0
61	G	E	MDG	EPA	0	436	0
62	G	E	MDG	EPA	0	422	0
63	G	E	MDG	EPA	0	433	0
64	G	E	MDG	EPA	0	433	0
65	G	E	MDG	EPA	0	432	0
66	G	E	MDG	EPA	0	445	0
67	G	E	MDG	EPA	0	430	0
68	G	E	MDG	EPA	0	438	0
69	G	E	MDG	EPA	0	438	0
70	G	E	MDG	EPA	0	439	0
71	G	E	MDG	EPA	0	432	0
72	G	E	MDG	EPA	0	436	0
73	G	E	MDG	EPA	0	435	0
74	G	E	MDG	EPA	0	436	0
75	G	E	MDG	EPA	0	452	0
76	G	E	MDG	EPA	0	441	0
77	G	E	MDG	EPA	0	441	0
78	G	E	MDG	EPA	0	435	0
79	G	E	MDG	EPA	0	425	0
80	G	E	MDG	EPA	0	440	0
81	G	E	MDG	EPA	0	436	0
82	G	E	MDG	EPA	0	435	0
83	G	E	MDG	EPA	0	426	0
84	G	E	MDG	EPA	0	447	0
85	G	E	MDG	EPA	0	434	0
86	G	E	MDG	EPA	0	431	0
87	G	E	MDG	EPA	0	432	0
88	G	E	MDG	EPA	0	445	0
89	G	E	MDG	EPA	0	432	0
90	G	E	MDG	EPA	0	431	0
91	G	E	MDG	EPA	0	436	0
92	G	E	MDG	EPA	0	442	0
93	G	E	MDG	EPA	0	426	0
94	G	E	MDG	EPA	0	426	0
95	G	E	MDG	EPA	0	431	0
96	G	E	MDG	EPA	0	439	0
97	G	E	MDG	EPA	0	436	0
98	G	E	MDG	EPA	0	433	0
99	G	E	MDG	EPA	0	434	0
100	G	E	MDG	EPA	0	439	0
101	G	E	MDG	EPA	0	435	0
102	G	E	MDG	EPA	0	448	0
103	G	E	MDG	EPA	0	438	0
104	G	E	MDG	EPA	0	431	0
105	G	E	MDG	EPA	0	435	0
106	G	E	MDG	EPA	0	435	0
107	G	E	MDG	EPA	0	443	0
108	G	E	MDG	EPA	0	426	0
109	G	E	MDG	EPA	0	444	0
110	G	E	MDG	EPA	0	427	0
111	G	E	MDG	EPA	0	447	0
112	G	E	MDG	EPA	0	436	0
113	G	E	MDG	EPA	0	432	0
114	G	E	MDG	EPA	0	442	0
115	G	E	MDG	EPA	0	435	0
116	G	E	MDG	EPA	0	445	0
117	G	E	MDG	EPA	0	441	0
118	G	E	MDG	EPA	0	436	0
119	G	E	MDG	EPA	0	439	0
120	G	E	MDG	EPA	0	451	0
121	G	E	MDG	EPA	0	443	0
122	G	E	MDG	EPA	0	432	0
123	G	E	MDG	EPA	0	442	0
124	G	E	MDG	EPA	0	437	0
125	G	E	MDG	EPA	0	433	0
126	G	E	MDG	EPA	0	438	0
127	G	E	MDG	EPA	0	436	0
128	G	E	MDG	EPA	0	436	0
129	G	E	MDG	EPA	0	435	0
130	G	E	MDG	EPA	0	433	0
131	G	E	MDG	EPA	0	446	0
132	G	E	MDG	EPA	0	442	0
133	G	E	MDG	EPA	0	441	0
134	G	E	MDG	EPA	0	444	0
135	G	E	MDG	EPA	0	433	0
136	G	E	MDG	EPA	0	432	0
137	G	E	MDG	EPA	0	433	0
138	G	E	MDG	EPA	0	438	0
139	G	E	MDG	EPA	0	433	0
140	G	E	MDG	EPA	0	433	0
141	G	E	MDG	EPA	0	427	0
142	G	E	MDG	EPA	0	425	0
143	G	E	MDG	EPA	0	430	0
144	G	E	MDG	EPA	0	434	0
145	G	E	MDG	EPA	0	446	0
146	G	E	MDG	EPA	0	439	0
147	G	E	MDG	EPA	0	433	0
148	G	E	MDG	EPA	0	437	0
149	G	E	MDG	EPA	0	425	0
150	G	E	MDG	EPA	0	440	0
151	G	E	MDG	EPA	0	445	0
152	G	E	MDG	EPA	0	435	0
153	G	E	MDG	EPA	0	438	0
154	G	E	MDG	EPA	0	445	0
155	G	E	MDG	EPA	0	432	0
156	G	E	MDG	EPA	0	429	0
157	G	E	MDG	EPA	0	432	0
158	G	E	MDG	EPA	0	435	0
159	G	E	MDG	EPA	0	441	0
160	G	E	MDG	EPA	0	439	0
161	G	E	MDG	EPA	0	438	0
162	G	E	MDG	EPA	0	436	0
163	G	E	MDG	EPA	0	434	0
164	G	E	MDG	EPA	0	437	0
165	G	E	MDG	EPA	0	428	0
166	G	E	MDG	EPA	0	436	0
167	G	E	MDG	EPA	0	433	0
168	G	E	MDG	EPA	0	435	0
169	G	E	MDG	EPA	0	434	0
170	G	E	MDG	EPA	0	432	0
171	G	E	MDG	EPA	0	434	0
172	G	E	MDG	EPA	0	444	0
173	G	E	MDG	EPA	0	440	0
174	G	E	MDG	EPA	0	435	0
175	G	E	MDG	EPA	0	429	0
176	G	E	MDG	EPA	0	437	0
177	G	E	MDG	EPA	0	434	0
178	G	E	MDG	EPA	0	442	0
179	G	E	MDG	EPA	0	447	0
180	G	E	MDG	EPA	0	442	0
181	G	E	MDG	EPA	0	435	0
182	G	E	MDG	EPA	0	441	0
183	G	E	MDG	EPA	0	437	0
184	G	E	MDG	EPA	0	436	0
185	G	E	MDG	EPA	0	434	0
186	G	E	MDG	EPA	0	437	0
187	G	E	MDG	EPA	0	433	0
188	G	E	MDG	EPA	0	430	0
189	G	E	MDG	EPA	0	443	0
190	G	E	MDG	EPA	0	434	0
191	G	E	MDG	EPA	0	429	0
192	G	E	MDG	EPA	0	430	0
193	G	E	MDG	EPA	0	431	0
194	G	E	MDG	EPA	0	423	0
195	G	E	MDG	EPA	0	433	0
196	G	E	MDG	EPA	0	436	0
197	G	E	MDG	EPA	0	444	0
198	G	E	MDG	EPA	0	446	0
199	G	E	MDG	EPA	0	434	0
200	G	E	MDG	EPA	0	431	0
201	G	E	MDG	EPA	0	435	0
202	G	E	MDG	EPA	0	427	0
203	G	E	MDG	EPA	0	433	0
204	G	E	MDG	EPA	0	437	0
205	G	E	MDG	EPA	0	431	0
206	G	E	MDG	EPA	0	435	0
207	G	E	MDG	EPA	0	442	0
208	G	E	MDG	EPA	0	434	0
209	G	E	MDG	EPA	0	438	0
210	G	E	MDG	EPA	0	434	0
211	G	E	MDG	EPA	0	440	0
212	G	E	MDG	EPA	0	447	0
213	G	E	MDG	EPA	0	436	0
214	G	E	MDG	EPA	0	428	0
215	G	E	MDG	EPA	0	448	0
216	G	E	MDG	EPA	0	442	0
217	G	E	MDG	EPA	0	433	0
218	G	E	MDG	EPA	0	431	0
219	G	E	MDG	EPA	0	434	0
220	G	E	MDG	EPA	0	445	0
221	G	E	MDG	EPA	0	422	0
222	G	E	MDG	EPA	0	425	0
223	G	E	MDG	EPA	0	431	0
224	G	E	MDG	EPA	0	432	0
225	G	E	MDG	EPA	0	431	0
226	G	E	MDG	EPA	0	430	0
227	G	E	MDG	EPA	0	441	0
228	G	E	MDG	EPA	0	444	0
229	G	E	MDG	EPA	0	446	0
230	G	E	MDG	EPA	0	439	0
231	G	E	MDG	EPA	0	435	0
232	G	E	MDG	EPA	0	434	0
233	G	E	MDG	EPA	0	437	0
234	G	E	MDG	EPA	0	435	0
235	G	E	MDG	EPA	0	434	0
236	G	E	MDG	EPA	0	431	0
237	G	E	MDG	EPA	0	447	0
238	G	E	MDG	EPA	0	438	0
239	G	E	MDG	EPA	0	427	0
240	G	E	MDG	EPA	0	437	0
241	G	E	MDG	EPA	0	431	0
242	G	E	MDG	EPA	0	441	0
243	G	E	MDG	EPA	0	440	0
244	G	E	MDG	EPA	0	438	0
245	G	E	MDG	EPA	0	435	0
246	G	E	MDG	EPA	0	441	0
247	G	E	MDG	EPA	0	433	0
248	G	E	MDG	EPA	0	435	0
249	G	E	MDG	EPA	0	445	0
250	G	E	MDG	EPA	0	431	0
251	G	E	MDG	EPA	0	444	0
252	G	E	MDG	EPA	0	439	0
253	G	E	MDG	EPA	0	431	0
254	G	E	MDG	EPA	0	428	0
255	G	E	MDG	EPA	0	436	0
256	G	E	MDG	EPA	0	431	0
257	G	E	MDG	EPA	0	436	0
258	G	E	MDG	EPA	0	440	0
259	G	E	MDG	EPA	0	436	0
260	G	E	MDG	EPA	0	431	0
261	G	E	MDG	EPA	0	445	0
262	G	E	MDG	EPA	0	435	0
263	G	E	MDG	EPA	0	430	0
264	G	E	MDG	EPA	0	438	0
265	G	E	MDG	EPA	0	434	0
266	G	E	MDG	EPA	0	429	0
267	G	E	MDG	EPA	0	437	0
268	G	E	MDG	EPA	0	431	0
269	G	E	MDG	EPA	0	433	0
270	G	E	MDG	EPA	0	430	0
271	G	E	MDG	EPA	0	428	0
272	G	E	MDG	EPA	0	433	0
273	G	E	MDG	EPA	0	438	0
274	G	E	MDG	EPA	0	435	0
275	G	E	MDG	EPA	0	443	0
276	G	E	MDG	EPA	0	425	0
277	G	E	MDG	EPA	0	433	0
278	G	E	MDG	EPA	0	439	0
279	G	E	MDG	EPA	0	434	0
280	G	E	MDG	EPA	0	434	0
281	G	E	MDG	EPA	0	446	0
282	G	E	MDG	EPA	0	440	0
283	G	E	MDG	EPA	0	430	0
284	G	E	MDG	EPA	0	437	0
285	G	E	MDG	EPA	0	430	0
286	G	E	MDG	EPA	0	425	0
287	G	E	MDG	EPA	0	430	0
288	G	E	MDG	EPA	0	444	0
289	G	E	MDG	EPA	0	435	0
290	G	E	MDG	EPA	0	426	0
291	G	E	MDG	EPA	0	434	0
292	G	E	MDG	EPA	0	427	0
293	G	E	MDG	EPA	0	437	0
294	G	E	MDG	EPA	0	437	0
295	G	E	MDG	EPA	0	436	0
296	G	E	MDG	EPA	0	432	0
297	G	E	MDG	EPA	0	441	0
298	G	E	MDG	EPA	0	437	0
299	G	E	MDG	EPA	0	431	0
300	G	E	MDG	EPA	0	435	0
1	H	E	ORI	EPA	46	433	0.10623556581986143
2	H	E	ORI	EPA	64	440	0.14545454545454545
3	H	E	ORI	EPA	44	440	0.10000000000000001
4	H	E	ORI	EPA	63	434	0.14516129032258066
5	H	E	ORI	EPA	54	436	0.12385321100917432
6	H	E	ORI	EPA	51	437	0.11670480549199085
7	H	E	ORI	EPA	54	432	0.125
8	H	E	ORI	EPA	56	442	0.12669683257918551
9	H	E	ORI	EPA	58	431	0.13457076566125289
10	H	E	ORI	EPA	61	433	0.14087759815242495
11	H	E	ORI	EPA	54	437	0.12356979405034325
12	H	E	ORI	EPA	48	436	0.11009174311926606
13	H	E	ORI	EPA	51	444	0.11486486486486487
14	H	E	ORI	EPA	52	442	0.11764705882352941
15	H	E	ORI	EPA	51	427	0.11943793911007025
16	H	E	ORI	EPA	50	444	0.11261261261261261
17	H	E	ORI	EPA	49	438	0.11187214611872145
18	H	E	ORI	EPA	54	440	0.12272727272727273
19	H	E	ORI	EPA	55	429	0.12820512820512819
20	H	E	ORI	EPA	55	430	0.12790697674418605
21	H	E	ORI	EPA	51	429	0.11888111888111888
22	H	E	ORI	EPA	59	435	0.13563218390804599
23	H	E	ORI	EPA	54	430	0.12558139534883722
24	H	E	ORI	EPA	57	443	0.12866817155756208
25	H	E	ORI	EPA	54	434	0.12442396313364056
26	H	E	ORI	EPA	56	438	0.12785388127853881
27	H	E	ORI	EPA	52	436	0.11926605504587157
28	H	E	ORI	EPA	51	438	0.11643835616438356
29	H	E	ORI	EPA	52	436	0.11926605504587157
30	H	E	ORI	EPA	53	439	0.12072892938496584
31	H	E	ORI	EPA	58	438	0.13242009132420091
32	H	E	ORI	EPA	58	439	0.13211845102505695
33	H	E	ORI	EPA	62	436	0.14220183486238533
34	H	E	ORI	EPA	58	438	0.13242009132420091
35	H	E	ORI	EPA	56	438	0.12785388127853881
36	H	E	ORI	EPA	54	440	0.12272727272727273
37	H	E	ORI	EPA	57	442	0.12895927601809956
38	H	E	ORI	EPA	55	437	0.12585812356979406
39	H	E	ORI	EPA	46	434	0.10599078341013825
40	H	E	ORI	EPA	49	442	0.11085972850678733
41	H	E	ORI	EPA	50	444	0.11261261261261261
42	H	E	ORI	EPA	45	427	0.1053864168618267
43	H	E	ORI	EPA	61	434	0.14055299539170507
44	H	E	ORI	EPA	52	430	0.12093023255813953
45	H	E	ORI	EPA	51	431	0.11832946635730858
46	H	E	ORI	EPA	53	429	0.12354312354312354
47	H	E	ORI	EPA	59	444	0.13288288288288289
48	H	E	ORI	EPA	51	441	0.11564625850340136
49	H	E	ORI	EPA	57	431	0.13225058004640372
50	H	E	ORI	EPA	54	424	0.12735849056603774
51	H	E	ORI	EPA	61	428	0.1425233644859813
52	H	E	ORI	EPA	53	428	0.12383177570093458
53	H	E	ORI	EPA	64	444	0.14414414414414414
54	H	E	ORI	EPA	50	439	0.11389521640091116
55	H	E	ORI	EPA	54	435	0.12413793103448276
56	H	E	ORI	EPA	51	437	0.11670480549199085
57	H	E	ORI	EPA	55	433	0.12702078521939955
58	H	E	ORI	EPA	54	441	0.12244897959183673
59	H	E	ORI	EPA	47	424	0.11084905660377359
60	H	E	ORI	EPA	48	440	0.10909090909090909
61	H	E	ORI	EPA	61	436	0.13990825688073394
62	H	E	ORI	EPA	54	422	0.12796208530805686
63	H	E	ORI	EPA	55	433	0.12702078521939955
64	H	E	ORI	EPA	52	433	0.12009237875288684
65	H	E	ORI	EPA	51	432	0.11805555555555555
66	H	E	ORI	EPA	56	445	0.12584269662921349
67	H	E	ORI	EPA	61	430	0.14186046511627906
68	H	E	ORI	EPA	60	438	0.13698630136986301
69	H	E	ORI	EPA	55	438	0.12557077625570776
70	H	E	ORI	EPA	52	439	0.11845102505694761
71	H	E	ORI	EPA	50	432	0.11574074074074074
72	H	E	ORI	EPA	48	436	0.11009174311926606
73	H	E	ORI	EPA	52	435	0.11954022988505747
74	H	E	ORI	EPA	55	436	0.12614678899082568
75	H	E	ORI	EPA	56	452	0.12389380530973451
76	H	E	ORI	EPA	57	441	0.12925170068027211
77	H	E	ORI	EPA	58	441	0.13151927437641722
78	H	E	ORI	EPA	51	435	0.11724137931034483
79	H	E	ORI	EPA	57	425	0.13411764705882354
80	H	E	ORI	EPA	48	440	0.10909090909090909
81	H	E	ORI	EPA	52	436	0.11926605504587157
82	H	E	ORI	EPA	56	435	0.12873563218390804
83	H	E	ORI	EPA	52	426	0.12206572769953052
84	H	E	ORI	EPA	56	447	0.12527964205816555
85	H	E	ORI	EPA	48	434	0.11059907834101383
86	H	E	ORI	EPA	61	431	0.14153132250580047
87	H	E	ORI	EPA	54	432	0.125
88	H	E	ORI	EPA	53	445	0.11910112359550562
89	H	E	ORI	EPA	54	432	0.125
90	H	E	ORI	EPA	58	431	0.13457076566125289
91	H	E	ORI	EPA	48	436	0.11009174311926606
92	H	E	ORI	EPA	59	442	0.1334841628959276
93	H	E	ORI	EPA	50	426	0.11737089201877934
94	H	E	ORI	EPA	52	426	0.12206572769953052
95	H	E	ORI	EPA	48	431	0.11136890951276102
96	H	E	ORI	EPA	59	439	0.13439635535307518
97	H	E	ORI	EPA	47	436	0.10779816513761468
98	H	E	ORI	EPA	53	433	0.12240184757505773
99	H	E	ORI	EPA	59	434	0.13594470046082949
100	H	E	ORI	EPA	54	439	0.12300683371298406
101	H	E	ORI	EPA	49	435	0.11264367816091954
102	H	E	ORI	EPA	53	448	0.11830357142857142
103	H	E	ORI	EPA	52	438	0.11872146118721461
104	H	E	ORI	EPA	57	431	0.13225058004640372
105	H	E	ORI	EPA	49	435	0.11264367816091954
106	H	E	ORI	EPA	48	435	0.1103448275862069
107	H	E	ORI	EPA	60	443	0.13544018058690746
108	H	E	ORI	EPA	56	426	0.13145539906103287
109	H	E	ORI	EPA	57	444	0.12837837837837837
110	H	E	ORI	EPA	51	427	0.11943793911007025
111	H	E	ORI	EPA	57	447	0.12751677852348994
112	H	E	ORI	EPA	56	436	0.12844036697247707
113	H	E	ORI	EPA	59	432	0.13657407407407407
114	H	E	ORI	EPA	57	442	0.12895927601809956
115	H	E	ORI	EPA	55	435	0.12643678160919541
116	H	E	ORI	EPA	55	445	0.12359550561797752
117	H	E	ORI	EPA	54	441	0.12244897959183673
118	H	E	ORI	EPA	54	436	0.12385321100917432
119	H	E	ORI	EPA	56	439	0.12756264236902051
120	H	E	ORI	EPA	59	451	0.13082039911308205
121	H	E	ORI	EPA	63	443	0.14221218961625282
122	H	E	ORI	EPA	58	432	0.13425925925925927
123	H	E	ORI	EPA	59	442	0.1334841628959276
124	H	E	ORI	EPA	54	437	0.12356979405034325
125	H	E	ORI	EPA	57	433	0.13163972286374134
126	H	E	ORI	EPA	55	438	0.12557077625570776
127	H	E	ORI	EPA	50	436	0.11467889908256881
128	H	E	ORI	EPA	61	436	0.13990825688073394
129	H	E	ORI	EPA	54	435	0.12413793103448276
130	H	E	ORI	EPA	53	433	0.12240184757505773
131	H	E	ORI	EPA	67	446	0.15022421524663676
132	H	E	ORI	EPA	46	442	0.10407239819004525
133	H	E	ORI	EPA	51	441	0.11564625850340136
134	H	E	ORI	EPA	50	444	0.11261261261261261
135	H	E	ORI	EPA	47	433	0.10854503464203233
136	H	E	ORI	EPA	59	432	0.13657407407407407
137	H	E	ORI	EPA	43	433	0.099307159353348731
138	H	E	ORI	EPA	53	438	0.12100456621004566
139	H	E	ORI	EPA	46	433	0.10623556581986143
140	H	E	ORI	EPA	55	433	0.12702078521939955
141	H	E	ORI	EPA	51	427	0.11943793911007025
142	H	E	ORI	EPA	55	425	0.12941176470588237
143	H	E	ORI	EPA	50	430	0.11627906976744186
144	H	E	ORI	EPA	59	434	0.13594470046082949
145	H	E	ORI	EPA	63	446	0.14125560538116591
146	H	E	ORI	EPA	62	439	0.14123006833712984
147	H	E	ORI	EPA	57	433	0.13163972286374134
148	H	E	ORI	EPA	54	437	0.12356979405034325
149	H	E	ORI	EPA	52	425	0.12235294117647059
150	H	E	ORI	EPA	50	440	0.11363636363636363
151	H	E	ORI	EPA	48	445	0.10786516853932585
152	H	E	ORI	EPA	44	435	0.10114942528735632
153	H	E	ORI	EPA	56	438	0.12785388127853881
154	H	E	ORI	EPA	56	445	0.12584269662921349
155	H	E	ORI	EPA	58	432	0.13425925925925927
156	H	E	ORI	EPA	56	429	0.13053613053613053
157	H	E	ORI	EPA	51	432	0.11805555555555555
158	H	E	ORI	EPA	51	435	0.11724137931034483
159	H	E	ORI	EPA	60	441	0.1360544217687075
160	H	E	ORI	EPA	55	439	0.12528473804100229
161	H	E	ORI	EPA	54	438	0.12328767123287671
162	H	E	ORI	EPA	55	436	0.12614678899082568
163	H	E	ORI	EPA	63	434	0.14516129032258066
164	H	E	ORI	EPA	47	437	0.10755148741418764
165	H	E	ORI	EPA	57	428	0.13317757009345793
166	H	E	ORI	EPA	46	436	0.10550458715596331
167	H	E	ORI	EPA	60	433	0.13856812933025403
168	H	E	ORI	EPA	57	435	0.1310344827586207
169	H	E	ORI	EPA	56	434	0.12903225806451613
170	H	E	ORI	EPA	60	432	0.1388888888888889
171	H	E	ORI	EPA	49	434	0.11290322580645161
172	H	E	ORI	EPA	54	444	0.12162162162162163
173	H	E	ORI	EPA	54	440	0.12272727272727273
174	H	E	ORI	EPA	49	435	0.11264367816091954
175	H	E	ORI	EPA	54	429	0.12587412587412589
176	H	E	ORI	EPA	53	437	0.12128146453089245
177	H	E	ORI	EPA	63	434	0.14516129032258066
178	H	E	ORI	EPA	46	442	0.10407239819004525
179	H	E	ORI	EPA	53	447	0.11856823266219239
180	H	E	ORI	EPA	58	442	0.13122171945701358
181	H	E	ORI	EPA	51	435	0.11724137931034483
182	H	E	ORI	EPA	60	441	0.1360544217687075
183	H	E	ORI	EPA	50	437	0.11441647597254005
184	H	E	ORI	EPA	65	436	0.14908256880733944
185	H	E	ORI	EPA	50	434	0.1152073732718894
186	H	E	ORI	EPA	49	437	0.11212814645308924
187	H	E	ORI	EPA	66	433	0.15242494226327943
188	H	E	ORI	EPA	51	430	0.1186046511627907
189	H	E	ORI	EPA	60	443	0.13544018058690746
190	H	E	ORI	EPA	58	434	0.13364055299539171
191	H	E	ORI	EPA	59	429	0.13752913752913754
192	H	E	ORI	EPA	58	430	0.13488372093023257
193	H	E	ORI	EPA	48	431	0.11136890951276102
194	H	E	ORI	EPA	49	423	0.11583924349881797
195	H	E	ORI	EPA	62	433	0.14318706697459585
196	H	E	ORI	EPA	50	436	0.11467889908256881
197	H	E	ORI	EPA	53	444	0.11936936936936937
198	H	E	ORI	EPA	61	446	0.1367713004484305
199	H	E	ORI	EPA	59	434	0.13594470046082949
200	H	E	ORI	EPA	60	431	0.13921113689095127
201	H	E	ORI	EPA	46	435	0.10574712643678161
202	H	E	ORI	EPA	50	427	0.117096018735363
203	H	E	ORI	EPA	55	433	0.12702078521939955
204	H	E	ORI	EPA	43	437	0.098398169336384442
205	H	E	ORI	EPA	49	431	0.1136890951276102
206	H	E	ORI	EPA	52	435	0.11954022988505747
207	H	E	ORI	EPA	59	442	0.1334841628959276
208	H	E	ORI	EPA	62	434	0.14285714285714285
209	H	E	ORI	EPA	47	438	0.10730593607305935
210	H	E	ORI	EPA	55	434	0.12672811059907835
211	H	E	ORI	EPA	52	440	0.11818181818181818
212	H	E	ORI	EPA	56	447	0.12527964205816555
213	H	E	ORI	EPA	57	436	0.13073394495412843
214	H	E	ORI	EPA	59	428	0.13785046728971961
215	H	E	ORI	EPA	66	448	0.14732142857142858
216	H	E	ORI	EPA	63	442	0.1425339366515837
217	H	E	ORI	EPA	55	433	0.12702078521939955
218	H	E	ORI	EPA	49	431	0.1136890951276102
219	H	E	ORI	EPA	53	434	0.12211981566820276
220	H	E	ORI	EPA	57	445	0.12808988764044943
221	H	E	ORI	EPA	47	422	0.11137440758293839
222	H	E	ORI	EPA	58	425	0.13647058823529412
223	H	E	ORI	EPA	56	431	0.12993039443155452
224	H	E	ORI	EPA	53	432	0.12268518518518519
225	H	E	ORI	EPA	55	431	0.12761020881670534
226	H	E	ORI	EPA	49	430	0.11395348837209303
227	H	E	ORI	EPA	50	441	0.11337868480725624
228	H	E	ORI	EPA	56	444	0.12612612612612611
229	H	E	ORI	EPA	53	446	0.11883408071748879
230	H	E	ORI	EPA	54	439	0.12300683371298406
231	H	E	ORI	EPA	60	435	0.13793103448275862
232	H	E	ORI	EPA	48	434	0.11059907834101383
233	H	E	ORI	EPA	46	437	0.10526315789473684
234	H	E	ORI	EPA	58	435	0.13333333333333333
235	H	E	ORI	EPA	57	434	0.1313364055299539
236	H	E	ORI	EPA	60	431	0.13921113689095127
237	H	E	ORI	EPA	57	447	0.12751677852348994
238	H	E	ORI	EPA	61	438	0.13926940639269406
239	H	E	ORI	EPA	65	427	0.1522248243559719
240	H	E	ORI	EPA	56	437	0.12814645308924486
241	H	E	ORI	EPA	55	431	0.12761020881670534
242	H	E	ORI	EPA	56	441	0.12698412698412698
243	H	E	ORI	EPA	63	440	0.14318181818181819
244	H	E	ORI	EPA	64	438	0.14611872146118721
245	H	E	ORI	EPA	49	435	0.11264367816091954
246	H	E	ORI	EPA	57	441	0.12925170068027211
247	H	E	ORI	EPA	59	433	0.13625866050808313
248	H	E	ORI	EPA	51	435	0.11724137931034483
249	H	E	ORI	EPA	58	445	0.1303370786516854
250	H	E	ORI	EPA	52	431	0.12064965197215777
251	H	E	ORI	EPA	53	444	0.11936936936936937
252	H	E	ORI	EPA	55	439	0.12528473804100229
253	H	E	ORI	EPA	51	431	0.11832946635730858
254	H	E	ORI	EPA	65	428	0.15186915887850466
255	H	E	ORI	EPA	55	436	0.12614678899082568
256	H	E	ORI	EPA	51	431	0.11832946635730858
257	H	E	ORI	EPA	51	436	0.11697247706422019
258	H	E	ORI	EPA	59	440	0.13409090909090909
259	H	E	ORI	EPA	56	436	0.12844036697247707
260	H	E	ORI	EPA	62	431	0.14385150812064965
261	H	E	ORI	EPA	48	445	0.10786516853932585
262	H	E	ORI	EPA	50	435	0.11494252873563218
263	H	E	ORI	EPA	64	430	0.14883720930232558
264	H	E	ORI	EPA	54	438	0.12328767123287671
265	H	E	ORI	EPA	55	434	0.12672811059907835
266	H	E	ORI	EPA	55	429	0.12820512820512819
267	H	E	ORI	EPA	55	437	0.12585812356979406
268	H	E	ORI	EPA	62	431	0.14385150812064965
269	H	E	ORI	EPA	52	433	0.12009237875288684
270	H	E	ORI	EPA	60	430	0.13953488372093023
271	H	E	ORI	EPA	56	428	0.13084112149532709
272	H	E	ORI	EPA	58	433	0.13394919168591224
273	H	E	ORI	EPA	57	438	0.13013698630136986
274	H	E	ORI	EPA	50	435	0.11494252873563218
275	H	E	ORI	EPA	65	443	0.14672686230248308
276	H	E	ORI	EPA	55	425	0.12941176470588237
277	H	E	ORI	EPA	55	433	0.12702078521939955
278	H	E	ORI	EPA	58	439	0.13211845102505695
279	H	E	ORI	EPA	54	434	0.12442396313364056
280	H	E	ORI	EPA	54	434	0.12442396313364056
281	H	E	ORI	EPA	56	446	0.12556053811659193
282	H	E	ORI	EPA	56	440	0.12727272727272726
283	H	E	ORI	EPA	55	430	0.12790697674418605
284	H	E	ORI	EPA	57	437	0.13043478260869565
285	H	E	ORI	EPA	49	430	0.11395348837209303
286	H	E	ORI	EPA	54	425	0.12705882352941175
287	H	E	ORI	EPA	46	430	0.10697674418604651
288	H	E	ORI	EPA	58	444	0.13063063063063063
289	H	E	ORI	EPA	53	435	0.12183908045977011
290	H	E	ORI	EPA	67	426	0.15727699530516431
291	H	E	ORI	EPA	55	434	0.12672811059907835
292	H	E	ORI	EPA	50	427	0.117096018735363
293	H	E	ORI	EPA	54	437	0.12356979405034325
294	H	E	ORI	EPA	52	437	0.11899313501144165
295	H	E	ORI	EPA	56	436	0.12844036697247707
296	H	E	ORI	EPA	62	432	0.14351851851851852
297	H	E	ORI	EPA	61	441	0.1383219954648526
298	H	E	ORI	EPA	56	437	0.12814645308924486
299	H	E	ORI	EPA	54	431	0.12529002320185614
300	H	E	ORI	EPA	60	435	0.13793103448275862
1	I	E	SAM	EPA	0	433	0
2	I	E	SAM	EPA	0	440	0
3	I	E	SAM	EPA	0	440	0
4	I	E	SAM	EPA	0	434	0
5	I	E	SAM	EPA	0	436	0
6	I	E	SAM	EPA	0	437	0
7	I	E	SAM	EPA	0	432	0
8	I	E	SAM	EPA	0	442	0
9	I	E	SAM	EPA	0	431	0
10	I	E	SAM	EPA	0	433	0
11	I	E	SAM	EPA	0	437	0
12	I	E	SAM	EPA	0	436	0
13	I	E	SAM	EPA	0	444	0
14	I	E	SAM	EPA	0	442	0
15	I	E	SAM	EPA	0	427	0
16	I	E	SAM	EPA	0	444	0
17	I	E	SAM	EPA	0	438	0
18	I	E	SAM	EPA	0	440	0
19	I	E	SAM	EPA	0	429	0
20	I	E	SAM	EPA	0	430	0
21	I	E	SAM	EPA	0	429	0
22	I	E	SAM	EPA	0	435	0
23	I	E	SAM	EPA	0	430	0
24	I	E	SAM	EPA	0	443	0
25	I	E	SAM	EPA	0	434	0
26	I	E	SAM	EPA	0	438	0
27	I	E	SAM	EPA	0	436	0
28	I	E	SAM	EPA	0	438	0
29	I	E	SAM	EPA	0	436	0
30	I	E	SAM	EPA	0	439	0
31	I	E	SAM	EPA	0	438	0
32	I	E	SAM	EPA	0	439	0
33	I	E	SAM	EPA	0	436	0
34	I	E	SAM	EPA	0	438	0
35	I	E	SAM	EPA	0	438	0
36	I	E	SAM	EPA	0	440	0
37	I	E	SAM	EPA	0	442	0
38	I	E	SAM	EPA	0	437	0
39	I	E	SAM	EPA	0	434	0
40	I	E	SAM	EPA	0	442	0
41	I	E	SAM	EPA	0	444	0
42	I	E	SAM	EPA	0	427	0
43	I	E	SAM	EPA	0	434	0
44	I	E	SAM	EPA	0	430	0
45	I	E	SAM	EPA	0	431	0
46	I	E	SAM	EPA	0	429	0
47	I	E	SAM	EPA	0	444	0
48	I	E	SAM	EPA	0	441	0
49	I	E	SAM	EPA	0	431	0
50	I	E	SAM	EPA	0	424	0
51	I	E	SAM	EPA	0	428	0
52	I	E	SAM	EPA	0	428	0
53	I	E	SAM	EPA	0	444	0
54	I	E	SAM	EPA	0	439	0
55	I	E	SAM	EPA	0	435	0
56	I	E	SAM	EPA	0	437	0
57	I	E	SAM	EPA	0	433	0
58	I	E	SAM	EPA	0	441	0
59	I	E	SAM	EPA	0	424	0
60	I	E	SAM	EPA	0	440	0
61	I	E	SAM	EPA	0	436	0
62	I	E	SAM	EPA	0	422	0
63	I	E	SAM	EPA	0	433	0
64	I	E	SAM	EPA	0	433	0
65	I	E	SAM	EPA	0	432	0
66	I	E	SAM	EPA	0	445	0
67	I	E	SAM	EPA	0	430	0
68	I	E	SAM	EPA	0	438	0
69	I	E	SAM	EPA	0	438	0
70	I	E	SAM	EPA	0	439	0
71	I	E	SAM	EPA	0	432	0
72	I	E	SAM	EPA	0	436	0
73	I	E	SAM	EPA	0	435	0
74	I	E	SAM	EPA	0	436	0
75	I	E	SAM	EPA	0	452	0
76	I	E	SAM	EPA	0	441	0
77	I	E	SAM	EPA	0	441	0
78	I	E	SAM	EPA	0	435	0
79	I	E	SAM	EPA	0	425	0
80	I	E	SAM	EPA	0	440	0
81	I	E	SAM	EPA	0	436	0
82	I	E	SAM	EPA	0	435	0
83	I	E	SAM	EPA	0	426	0
84	I	E	SAM	EPA	0	447	0
85	I	E	SAM	EPA	0	434	0
86	I	E	SAM	EPA	0	431	0
87	I	E	SAM	EPA	0	432	0
88	I	E	SAM	EPA	0	445	0
89	I	E	SAM	EPA	0	432	0
90	I	E	SAM	EPA	0	431	0
91	I	E	SAM	EPA	0	436	0
92	I	E	SAM	EPA	0	442	0
93	I	E	SAM	EPA	0	426	0
94	I	E	SAM	EPA	0	426	0
95	I	E	SAM	EPA	0	431	0
96	I	E	SAM	EPA	0	439	0
97	I	E	SAM	EPA	0	436	0
98	I	E	SAM	EPA	0	433	0
99	I	E	SAM	EPA	0	434	0
100	I	E	SAM	EPA	0	439	0
101	I	E	SAM	EPA	0	435	0
102	I	E	SAM	EPA	0	448	0
103	I	E	SAM	EPA	0	438	0
104	I	E	SAM	EPA	0	431	0
105	I	E	SAM	EPA	0	435	0
106	I	E	SAM	EPA	0	435	0
107	I	E	SAM	EPA	0	443	0
108	I	E	SAM	EPA	0	426	0
109	I	E	SAM	EPA	0	444	0
110	I	E	SAM	EPA	0	427	0
111	I	E	SAM	EPA	0	447	0
112	I	E	SAM	EPA	0	436	0
113	I	E	SAM	EPA	0	432	0
114	I	E	SAM	EPA	0	442	0
115	I	E	SAM	EPA	0	435	0
116	I	E	SAM	EPA	0	445	0
117	I	E	SAM	EPA	0	441	0
118	I	E	SAM	EPA	0	436	0
119	I	E	SAM	EPA	0	439	0
120	I	E	SAM	EPA	0	451	0
121	I	E	SAM	EPA	0	443	0
122	I	E	SAM	EPA	0	432	0
123	I	E	SAM	EPA	0	442	0
124	I	E	SAM	EPA	0	437	0
125	I	E	SAM	EPA	0	433	0
126	I	E	SAM	EPA	0	438	0
127	I	E	SAM	EPA	0	436	0
128	I	E	SAM	EPA	0	436	0
129	I	E	SAM	EPA	0	435	0
130	I	E	SAM	EPA	0	433	0
131	I	E	SAM	EPA	0	446	0
132	I	E	SAM	EPA	0	442	0
133	I	E	SAM	EPA	0	441	0
134	I	E	SAM	EPA	0	444	0
135	I	E	SAM	EPA	0	433	0
136	I	E	SAM	EPA	0	432	0
137	I	E	SAM	EPA	0	433	0
138	I	E	SAM	EPA	0	438	0
139	I	E	SAM	EPA	0	433	0
140	I	E	SAM	EPA	0	433	0
141	I	E	SAM	EPA	0	427	0
142	I	E	SAM	EPA	0	425	0
143	I	E	SAM	EPA	0	430	0
144	I	E	SAM	EPA	0	434	0
145	I	E	SAM	EPA	0	446	0
146	I	E	SAM	EPA	0	439	0
147	I	E	SAM	EPA	0	433	0
148	I	E	SAM	EPA	0	437	0
149	I	E	SAM	EPA	0	425	0
150	I	E	SAM	EPA	0	440	0
151	I	E	SAM	EPA	0	445	0
152	I	E	SAM	EPA	0	435	0
153	I	E	SAM	EPA	0	438	0
154	I	E	SAM	EPA	0	445	0
155	I	E	SAM	EPA	0	432	0
156	I	E	SAM	EPA	0	429	0
157	I	E	SAM	EPA	0	432	0
158	I	E	SAM	EPA	0	435	0
159	I	E	SAM	EPA	0	441	0
160	I	E	SAM	EPA	0	439	0
161	I	E	SAM	EPA	0	438	0
162	I	E	SAM	EPA	0	436	0
163	I	E	SAM	EPA	0	434	0
164	I	E	SAM	EPA	0	437	0
165	I	E	SAM	EPA	0	428	0
166	I	E	SAM	EPA	0	436	0
167	I	E	SAM	EPA	0	433	0
168	I	E	SAM	EPA	0	435	0
169	I	E	SAM	EPA	0	434	0
170	I	E	SAM	EPA	0	432	0
171	I	E	SAM	EPA	0	434	0
172	I	E	SAM	EPA	0	444	0
173	I	E	SAM	EPA	0	440	0
174	I	E	SAM	EPA	0	435	0
175	I	E	SAM	EPA	0	429	0
176	I	E	SAM	EPA	0	437	0
177	I	E	SAM	EPA	0	434	0
178	I	E	SAM	EPA	0	442	0
179	I	E	SAM	EPA	0	447	0
180	I	E	SAM	EPA	0	442	0
181	I	E	SAM	EPA	0	435	0
182	I	E	SAM	EPA	0	441	0
183	I	E	SAM	EPA	0	437	0
184	I	E	SAM	EPA	0	436	0
185	I	E	SAM	EPA	0	434	0
186	I	E	SAM	EPA	0	437	0
187	I	E	SAM	EPA	0	433	0
188	I	E	SAM	EPA	0	430	0
189	I	E	SAM	EPA	0	443	0
190	I	E	SAM	EPA	0	434	0
191	I	E	SAM	EPA	0	429	0
192	I	E	SAM	EPA	0	430	0
193	I	E	SAM	EPA	0	431	0
194	I	E	SAM	EPA	0	423	0
195	I	E	SAM	EPA	0	433	0
196	I	E	SAM	EPA	0	436	0
197	I	E	SAM	EPA	0	444	0
198	I	E	SAM	EPA	0	446	0
199	I	E	SAM	EPA	0	434	0
200	I	E	SAM	EPA	0	431	0
201	I	E	SAM	EPA	0	435	0
202	I	E	SAM	EPA	0	427	0
203	I	E	SAM	EPA	0	433	0
204	I	E	SAM	EPA	0	437	0
205	I	E	SAM	EPA	0	431	0
206	I	E	SAM	EPA	0	435	0
207	I	E	SAM	EPA	0	442	0
208	I	E	SAM	EPA	0	434	0
209	I	E	SAM	EPA	0	438	0
210	I	E	SAM	EPA	0	434	0
211	I	E	SAM	EPA	0	440	0
212	I	E	SAM	EPA	0	447	0
213	I	E	SAM	EPA	0	436	0
214	I	E	SAM	EPA	0	428	0
215	I	E	SAM	EPA	0	448	0
216	I	E	SAM	EPA	0	442	0
217	I	E	SAM	EPA	0	433	0
218	I	E	SAM	EPA	0	431	0
219	I	E	SAM	EPA	0	434	0
220	I	E	SAM	EPA	0	445	0
221	I	E	SAM	EPA	0	422	0
222	I	E	SAM	EPA	0	425	0
223	I	E	SAM	EPA	0	431	0
224	I	E	SAM	EPA	0	432	0
225	I	E	SAM	EPA	0	431	0
226	I	E	SAM	EPA	0	430	0
227	I	E	SAM	EPA	0	441	0
228	I	E	SAM	EPA	0	444	0
229	I	E	SAM	EPA	0	446	0
230	I	E	SAM	EPA	0	439	0
231	I	E	SAM	EPA	0	435	0
232	I	E	SAM	EPA	0	434	0
233	I	E	SAM	EPA	0	437	0
234	I	E	SAM	EPA	0	435	0
235	I	E	SAM	EPA	0	434	0
236	I	E	SAM	EPA	0	431	0
237	I	E	SAM	EPA	0	447	0
238	I	E	SAM	EPA	0	438	0
239	I	E	SAM	EPA	0	427	0
240	I	E	SAM	EPA	0	437	0
241	I	E	SAM	EPA	0	431	0
242	I	E	SAM	EPA	0	441	0
243	I	E	SAM	EPA	0	440	0
244	I	E	SAM	EPA	0	438	0
245	I	E	SAM	EPA	0	435	0
246	I	E	SAM	EPA	0	441	0
247	I	E	SAM	EPA	0	433	0
248	I	E	SAM	EPA	0	435	0
249	I	E	SAM	EPA	0	445	0
250	I	E	SAM	EPA	0	431	0
251	I	E	SAM	EPA	0	444	0
252	I	E	SAM	EPA	0	439	0
253	I	E	SAM	EPA	0	431	0
254	I	E	SAM	EPA	0	428	0
255	I	E	SAM	EPA	0	436	0
256	I	E	SAM	EPA	0	431	0
257	I	E	SAM	EPA	0	436	0
258	I	E	SAM	EPA	0	440	0
259	I	E	SAM	EPA	0	436	0
260	I	E	SAM	EPA	0	431	0
261	I	E	SAM	EPA	0	445	0
262	I	E	SAM	EPA	0	435	0
263	I	E	SAM	EPA	0	430	0
264	I	E	SAM	EPA	0	438	0
265	I	E	SAM	EPA	0	434	0
266	I	E	SAM	EPA	0	429	0
267	I	E	SAM	EPA	0	437	0
268	I	E	SAM	EPA	0	431	0
269	I	E	SAM	EPA	0	433	0
270	I	E	SAM	EPA	0	430	0
271	I	E	SAM	EPA	0	428	0
272	I	E	SAM	EPA	0	433	0
273	I	E	SAM	EPA	0	438	0
274	I	E	SAM	EPA	0	435	0
275	I	E	SAM	EPA	0	443	0
276	I	E	SAM	EPA	0	425	0
277	I	E	SAM	EPA	0	433	0
278	I	E	SAM	EPA	0	439	0
279	I	E	SAM	EPA	0	434	0
280	I	E	SAM	EPA	0	434	0
281	I	E	SAM	EPA	0	446	0
282	I	E	SAM	EPA	0	440	0
283	I	E	SAM	EPA	0	430	0
284	I	E	SAM	EPA	0	437	0
285	I	E	SAM	EPA	0	430	0
286	I	E	SAM	EPA	0	425	0
287	I	E	SAM	EPA	0	430	0
288	I	E	SAM	EPA	0	444	0
289	I	E	SAM	EPA	0	435	0
290	I	E	SAM	EPA	0	426	0
291	I	E	SAM	EPA	0	434	0
292	I	E	SAM	EPA	0	427	0
293	I	E	SAM	EPA	0	437	0
294	I	E	SAM	EPA	0	437	0
295	I	E	SAM	EPA	0	436	0
296	I	E	SAM	EPA	0	432	0
297	I	E	SAM	EPA	0	441	0
298	I	E	SAM	EPA	0	437	0
299	I	E	SAM	EPA	0	431	0
300	I	E	SAM	EPA	0	435	0
1	J	E	WNA	EPA	3	433	0.0069284064665127024
2	J	E	WNA	EPA	1	440	0.0022727272727272726
3	J	E	WNA	EPA	3	440	0.0068181818181818179
4	J	E	WNA	EPA	3	434	0.0069124423963133645
5	J	E	WNA	EPA	3	436	0.0068807339449541288
6	J	E	WNA	EPA	2	437	0.0045766590389016018
7	J	E	WNA	EPA	1	432	0.0023148148148148147
8	J	E	WNA	EPA	2	442	0.0045248868778280547
9	J	E	WNA	EPA	2	431	0.0046403712296983757
10	J	E	WNA	EPA	2	433	0.0046189376443418013
11	J	E	WNA	EPA	3	437	0.0068649885583524023
12	J	E	WNA	EPA	3	436	0.0068807339449541288
13	J	E	WNA	EPA	3	444	0.0067567567567567571
14	J	E	WNA	EPA	2	442	0.0045248868778280547
15	J	E	WNA	EPA	3	427	0.0070257611241217799
16	J	E	WNA	EPA	3	444	0.0067567567567567571
17	J	E	WNA	EPA	1	438	0.0022831050228310501
18	J	E	WNA	EPA	2	440	0.0045454545454545452
19	J	E	WNA	EPA	3	429	0.006993006993006993
20	J	E	WNA	EPA	0	430	0
21	J	E	WNA	EPA	2	429	0.004662004662004662
22	J	E	WNA	EPA	2	435	0.0045977011494252873
23	J	E	WNA	EPA	3	430	0.0069767441860465115
24	J	E	WNA	EPA	3	443	0.0067720090293453723
25	J	E	WNA	EPA	3	434	0.0069124423963133645
26	J	E	WNA	EPA	2	438	0.0045662100456621002
27	J	E	WNA	EPA	2	436	0.0045871559633027525
28	J	E	WNA	EPA	2	438	0.0045662100456621002
29	J	E	WNA	EPA	3	436	0.0068807339449541288
30	J	E	WNA	EPA	3	439	0.0068337129840546698
31	J	E	WNA	EPA	3	438	0.0068493150684931503
32	J	E	WNA	EPA	3	439	0.0068337129840546698
33	J	E	WNA	EPA	2	436	0.0045871559633027525
34	J	E	WNA	EPA	3	438	0.0068493150684931503
35	J	E	WNA	EPA	3	438	0.0068493150684931503
36	J	E	WNA	EPA	3	440	0.0068181818181818179
37	J	E	WNA	EPA	2	442	0.0045248868778280547
38	J	E	WNA	EPA	3	437	0.0068649885583524023
39	J	E	WNA	EPA	3	434	0.0069124423963133645
40	J	E	WNA	EPA	2	442	0.0045248868778280547
41	J	E	WNA	EPA	1	444	0.0022522522522522522
42	J	E	WNA	EPA	3	427	0.0070257611241217799
43	J	E	WNA	EPA	1	434	0.002304147465437788
44	J	E	WNA	EPA	2	430	0.0046511627906976744
45	J	E	WNA	EPA	3	431	0.0069605568445475635
46	J	E	WNA	EPA	2	429	0.004662004662004662
47	J	E	WNA	EPA	3	444	0.0067567567567567571
48	J	E	WNA	EPA	3	441	0.0068027210884353739
49	J	E	WNA	EPA	2	431	0.0046403712296983757
50	J	E	WNA	EPA	2	424	0.0047169811320754715
51	J	E	WNA	EPA	2	428	0.0046728971962616819
52	J	E	WNA	EPA	3	428	0.0070093457943925233
53	J	E	WNA	EPA	2	444	0.0045045045045045045
54	J	E	WNA	EPA	3	439	0.0068337129840546698
55	J	E	WNA	EPA	1	435	0.0022988505747126436
56	J	E	WNA	EPA	2	437	0.0045766590389016018
57	J	E	WNA	EPA	2	433	0.0046189376443418013
58	J	E	WNA	EPA	2	441	0.0045351473922902496
59	J	E	WNA	EPA	2	424	0.0047169811320754715
60	J	E	WNA	EPA	2	440	0.0045454545454545452
61	J	E	WNA	EPA	3	436	0.0068807339449541288
62	J	E	WNA	EPA	0	422	0
63	J	E	WNA	EPA	3	433	0.0069284064665127024
64	J	E	WNA	EPA	2	433	0.0046189376443418013
65	J	E	WNA	EPA	3	432	0.0069444444444444441
66	J	E	WNA	EPA	3	445	0.0067415730337078653
67	J	E	WNA	EPA	3	430	0.0069767441860465115
68	J	E	WNA	EPA	1	438	0.0022831050228310501
69	J	E	WNA	EPA	3	438	0.0068493150684931503
70	J	E	WNA	EPA	3	439	0.0068337129840546698
71	J	E	WNA	EPA	2	432	0.0046296296296296294
72	J	E	WNA	EPA	2	436	0.0045871559633027525
73	J	E	WNA	EPA	3	435	0.0068965517241379309
74	J	E	WNA	EPA	3	436	0.0068807339449541288
75	J	E	WNA	EPA	3	452	0.0066371681415929203
76	J	E	WNA	EPA	2	441	0.0045351473922902496
77	J	E	WNA	EPA	1	441	0.0022675736961451248
78	J	E	WNA	EPA	1	435	0.0022988505747126436
79	J	E	WNA	EPA	0	425	0
80	J	E	WNA	EPA	3	440	0.0068181818181818179
81	J	E	WNA	EPA	2	436	0.0045871559633027525
82	J	E	WNA	EPA	2	435	0.0045977011494252873
83	J	E	WNA	EPA	3	426	0.0070422535211267607
84	J	E	WNA	EPA	3	447	0.0067114093959731542
85	J	E	WNA	EPA	1	434	0.002304147465437788
86	J	E	WNA	EPA	2	431	0.0046403712296983757
87	J	E	WNA	EPA	4	432	0.0092592592592592587
88	J	E	WNA	EPA	2	445	0.0044943820224719105
89	J	E	WNA	EPA	3	432	0.0069444444444444441
90	J	E	WNA	EPA	1	431	0.0023201856148491878
91	J	E	WNA	EPA	3	436	0.0068807339449541288
92	J	E	WNA	EPA	3	442	0.0067873303167420816
93	J	E	WNA	EPA	3	426	0.0070422535211267607
94	J	E	WNA	EPA	2	426	0.0046948356807511738
95	J	E	WNA	EPA	1	431	0.0023201856148491878
96	J	E	WNA	EPA	2	439	0.0045558086560364463
97	J	E	WNA	EPA	3	436	0.0068807339449541288
98	J	E	WNA	EPA	2	433	0.0046189376443418013
99	J	E	WNA	EPA	3	434	0.0069124423963133645
100	J	E	WNA	EPA	3	439	0.0068337129840546698
101	J	E	WNA	EPA	3	435	0.0068965517241379309
102	J	E	WNA	EPA	2	448	0.004464285714285714
103	J	E	WNA	EPA	3	438	0.0068493150684931503
104	J	E	WNA	EPA	3	431	0.0069605568445475635
105	J	E	WNA	EPA	2	435	0.0045977011494252873
106	J	E	WNA	EPA	2	435	0.0045977011494252873
107	J	E	WNA	EPA	3	443	0.0067720090293453723
108	J	E	WNA	EPA	3	426	0.0070422535211267607
109	J	E	WNA	EPA	1	444	0.0022522522522522522
110	J	E	WNA	EPA	3	427	0.0070257611241217799
111	J	E	WNA	EPA	2	447	0.0044742729306487695
112	J	E	WNA	EPA	2	436	0.0045871559633027525
113	J	E	WNA	EPA	2	432	0.0046296296296296294
114	J	E	WNA	EPA	3	442	0.0067873303167420816
115	J	E	WNA	EPA	2	435	0.0045977011494252873
116	J	E	WNA	EPA	2	445	0.0044943820224719105
117	J	E	WNA	EPA	1	441	0.0022675736961451248
118	J	E	WNA	EPA	4	436	0.0091743119266055051
119	J	E	WNA	EPA	1	439	0.0022779043280182231
120	J	E	WNA	EPA	1	451	0.0022172949002217295
121	J	E	WNA	EPA	2	443	0.0045146726862302479
122	J	E	WNA	EPA	2	432	0.0046296296296296294
123	J	E	WNA	EPA	3	442	0.0067873303167420816
124	J	E	WNA	EPA	1	437	0.0022883295194508009
125	J	E	WNA	EPA	3	433	0.0069284064665127024
126	J	E	WNA	EPA	1	438	0.0022831050228310501
127	J	E	WNA	EPA	1	436	0.0022935779816513763
128	J	E	WNA	EPA	3	436	0.0068807339449541288
129	J	E	WNA	EPA	3	435	0.0068965517241379309
130	J	E	WNA	EPA	3	433	0.0069284064665127024
131	J	E	WNA	EPA	3	446	0.0067264573991031393
132	J	E	WNA	EPA	2	442	0.0045248868778280547
133	J	E	WNA	EPA	3	441	0.0068027210884353739
134	J	E	WNA	EPA	2	444	0.0045045045045045045
135	J	E	WNA	EPA	3	433	0.0069284064665127024
136	J	E	WNA	EPA	2	432	0.0046296296296296294
137	J	E	WNA	EPA	2	433	0.0046189376443418013
138	J	E	WNA	EPA	3	438	0.0068493150684931503
139	J	E	WNA	EPA	3	433	0.0069284064665127024
140	J	E	WNA	EPA	2	433	0.0046189376443418013
141	J	E	WNA	EPA	2	427	0.0046838407494145199
142	J	E	WNA	EPA	3	425	0.007058823529411765
143	J	E	WNA	EPA	1	430	0.0023255813953488372
144	J	E	WNA	EPA	1	434	0.002304147465437788
145	J	E	WNA	EPA	3	446	0.0067264573991031393
146	J	E	WNA	EPA	1	439	0.0022779043280182231
147	J	E	WNA	EPA	2	433	0.0046189376443418013
148	J	E	WNA	EPA	2	437	0.0045766590389016018
149	J	E	WNA	EPA	1	425	0.002352941176470588
150	J	E	WNA	EPA	2	440	0.0045454545454545452
151	J	E	WNA	EPA	3	445	0.0067415730337078653
152	J	E	WNA	EPA	3	435	0.0068965517241379309
153	J	E	WNA	EPA	1	438	0.0022831050228310501
154	J	E	WNA	EPA	2	445	0.0044943820224719105
155	J	E	WNA	EPA	3	432	0.0069444444444444441
156	J	E	WNA	EPA	3	429	0.006993006993006993
157	J	E	WNA	EPA	3	432	0.0069444444444444441
158	J	E	WNA	EPA	3	435	0.0068965517241379309
159	J	E	WNA	EPA	2	441	0.0045351473922902496
160	J	E	WNA	EPA	2	439	0.0045558086560364463
161	J	E	WNA	EPA	2	438	0.0045662100456621002
162	J	E	WNA	EPA	1	436	0.0022935779816513763
163	J	E	WNA	EPA	3	434	0.0069124423963133645
164	J	E	WNA	EPA	1	437	0.0022883295194508009
165	J	E	WNA	EPA	3	428	0.0070093457943925233
166	J	E	WNA	EPA	3	436	0.0068807339449541288
167	J	E	WNA	EPA	2	433	0.0046189376443418013
168	J	E	WNA	EPA	1	435	0.0022988505747126436
169	J	E	WNA	EPA	1	434	0.002304147465437788
170	J	E	WNA	EPA	2	432	0.0046296296296296294
171	J	E	WNA	EPA	3	434	0.0069124423963133645
172	J	E	WNA	EPA	2	444	0.0045045045045045045
173	J	E	WNA	EPA	4	440	0.0090909090909090905
174	J	E	WNA	EPA	3	435	0.0068965517241379309
175	J	E	WNA	EPA	3	429	0.006993006993006993
176	J	E	WNA	EPA	1	437	0.0022883295194508009
177	J	E	WNA	EPA	1	434	0.002304147465437788
178	J	E	WNA	EPA	1	442	0.0022624434389140274
179	J	E	WNA	EPA	3	447	0.0067114093959731542
180	J	E	WNA	EPA	3	442	0.0067873303167420816
181	J	E	WNA	EPA	3	435	0.0068965517241379309
182	J	E	WNA	EPA	1	441	0.0022675736961451248
183	J	E	WNA	EPA	2	437	0.0045766590389016018
184	J	E	WNA	EPA	2	436	0.0045871559633027525
185	J	E	WNA	EPA	2	434	0.004608294930875576
186	J	E	WNA	EPA	2	437	0.0045766590389016018
187	J	E	WNA	EPA	2	433	0.0046189376443418013
188	J	E	WNA	EPA	2	430	0.0046511627906976744
189	J	E	WNA	EPA	3	443	0.0067720090293453723
190	J	E	WNA	EPA	3	434	0.0069124423963133645
191	J	E	WNA	EPA	1	429	0.002331002331002331
192	J	E	WNA	EPA	3	430	0.0069767441860465115
193	J	E	WNA	EPA	1	431	0.0023201856148491878
194	J	E	WNA	EPA	2	423	0.0047281323877068557
195	J	E	WNA	EPA	2	433	0.0046189376443418013
196	J	E	WNA	EPA	1	436	0.0022935779816513763
197	J	E	WNA	EPA	2	444	0.0045045045045045045
198	J	E	WNA	EPA	2	446	0.0044843049327354259
199	J	E	WNA	EPA	3	434	0.0069124423963133645
200	J	E	WNA	EPA	1	431	0.0023201856148491878
201	J	E	WNA	EPA	2	435	0.0045977011494252873
202	J	E	WNA	EPA	2	427	0.0046838407494145199
203	J	E	WNA	EPA	3	433	0.0069284064665127024
204	J	E	WNA	EPA	1	437	0.0022883295194508009
205	J	E	WNA	EPA	3	431	0.0069605568445475635
206	J	E	WNA	EPA	3	435	0.0068965517241379309
207	J	E	WNA	EPA	2	442	0.0045248868778280547
208	J	E	WNA	EPA	4	434	0.0092165898617511521
209	J	E	WNA	EPA	3	438	0.0068493150684931503
210	J	E	WNA	EPA	3	434	0.0069124423963133645
211	J	E	WNA	EPA	3	440	0.0068181818181818179
212	J	E	WNA	EPA	2	447	0.0044742729306487695
213	J	E	WNA	EPA	2	436	0.0045871559633027525
214	J	E	WNA	EPA	3	428	0.0070093457943925233
215	J	E	WNA	EPA	3	448	0.0066964285714285711
216	J	E	WNA	EPA	2	442	0.0045248868778280547
217	J	E	WNA	EPA	2	433	0.0046189376443418013
218	J	E	WNA	EPA	2	431	0.0046403712296983757
219	J	E	WNA	EPA	0	434	0
220	J	E	WNA	EPA	2	445	0.0044943820224719105
221	J	E	WNA	EPA	2	422	0.0047393364928909956
222	J	E	WNA	EPA	2	425	0.0047058823529411761
223	J	E	WNA	EPA	2	431	0.0046403712296983757
224	J	E	WNA	EPA	2	432	0.0046296296296296294
225	J	E	WNA	EPA	2	431	0.0046403712296983757
226	J	E	WNA	EPA	3	430	0.0069767441860465115
227	J	E	WNA	EPA	2	441	0.0045351473922902496
228	J	E	WNA	EPA	3	444	0.0067567567567567571
229	J	E	WNA	EPA	1	446	0.002242152466367713
230	J	E	WNA	EPA	3	439	0.0068337129840546698
231	J	E	WNA	EPA	3	435	0.0068965517241379309
232	J	E	WNA	EPA	3	434	0.0069124423963133645
233	J	E	WNA	EPA	2	437	0.0045766590389016018
234	J	E	WNA	EPA	3	435	0.0068965517241379309
235	J	E	WNA	EPA	2	434	0.004608294930875576
236	J	E	WNA	EPA	3	431	0.0069605568445475635
237	J	E	WNA	EPA	3	447	0.0067114093959731542
238	J	E	WNA	EPA	1	438	0.0022831050228310501
239	J	E	WNA	EPA	3	427	0.0070257611241217799
240	J	E	WNA	EPA	2	437	0.0045766590389016018
241	J	E	WNA	EPA	3	431	0.0069605568445475635
242	J	E	WNA	EPA	3	441	0.0068027210884353739
243	J	E	WNA	EPA	4	440	0.0090909090909090905
244	J	E	WNA	EPA	2	438	0.0045662100456621002
245	J	E	WNA	EPA	1	435	0.0022988505747126436
246	J	E	WNA	EPA	3	441	0.0068027210884353739
247	J	E	WNA	EPA	3	433	0.0069284064665127024
248	J	E	WNA	EPA	3	435	0.0068965517241379309
249	J	E	WNA	EPA	3	445	0.0067415730337078653
250	J	E	WNA	EPA	1	431	0.0023201856148491878
251	J	E	WNA	EPA	3	444	0.0067567567567567571
252	J	E	WNA	EPA	2	439	0.0045558086560364463
253	J	E	WNA	EPA	2	431	0.0046403712296983757
254	J	E	WNA	EPA	3	428	0.0070093457943925233
255	J	E	WNA	EPA	2	436	0.0045871559633027525
256	J	E	WNA	EPA	3	431	0.0069605568445475635
257	J	E	WNA	EPA	3	436	0.0068807339449541288
258	J	E	WNA	EPA	1	440	0.0022727272727272726
259	J	E	WNA	EPA	2	436	0.0045871559633027525
260	J	E	WNA	EPA	2	431	0.0046403712296983757
261	J	E	WNA	EPA	2	445	0.0044943820224719105
262	J	E	WNA	EPA	3	435	0.0068965517241379309
263	J	E	WNA	EPA	2	430	0.0046511627906976744
264	J	E	WNA	EPA	2	438	0.0045662100456621002
265	J	E	WNA	EPA	3	434	0.0069124423963133645
266	J	E	WNA	EPA	3	429	0.006993006993006993
267	J	E	WNA	EPA	3	437	0.0068649885583524023
268	J	E	WNA	EPA	2	431	0.0046403712296983757
269	J	E	WNA	EPA	1	433	0.0023094688221709007
270	J	E	WNA	EPA	2	430	0.0046511627906976744
271	J	E	WNA	EPA	2	428	0.0046728971962616819
272	J	E	WNA	EPA	3	433	0.0069284064665127024
273	J	E	WNA	EPA	3	438	0.0068493150684931503
274	J	E	WNA	EPA	1	435	0.0022988505747126436
275	J	E	WNA	EPA	3	443	0.0067720090293453723
276	J	E	WNA	EPA	1	425	0.002352941176470588
277	J	E	WNA	EPA	3	433	0.0069284064665127024
278	J	E	WNA	EPA	3	439	0.0068337129840546698
279	J	E	WNA	EPA	0	434	0
280	J	E	WNA	EPA	4	434	0.0092165898617511521
281	J	E	WNA	EPA	2	446	0.0044843049327354259
282	J	E	WNA	EPA	1	440	0.0022727272727272726
283	J	E	WNA	EPA	3	430	0.0069767441860465115
284	J	E	WNA	EPA	2	437	0.0045766590389016018
285	J	E	WNA	EPA	3	430	0.0069767441860465115
286	J	E	WNA	EPA	3	425	0.007058823529411765
287	J	E	WNA	EPA	2	430	0.0046511627906976744
288	J	E	WNA	EPA	2	444	0.0045045045045045045
289	J	E	WNA	EPA	3	435	0.0068965517241379309
290	J	E	WNA	EPA	2	426	0.0046948356807511738
291	J	E	WNA	EPA	3	434	0.0069124423963133645
292	J	E	WNA	EPA	3	427	0.0070257611241217799
293	J	E	WNA	EPA	2	437	0.0045766590389016018
294	J	E	WNA	EPA	0	437	0
295	J	E	WNA	EPA	3	436	0.0068807339449541288
296	J	E	WNA	EPA	3	432	0.0069444444444444441
297	J	E	WNA	EPA	1	441	0.0022675736961451248
298	J	E	WNA	EPA	2	437	0.0045766590389016018
299	J	E	WNA	EPA	2	431	0.0046403712296983757
300	J	E	WNA	EPA	2	435	0.0045977011494252873
1	K	E	WPA	EPA	4	433	0.0092378752886836026
2	K	E	WPA	EPA	5	440	0.011363636363636364
3	K	E	WPA	EPA	4	440	0.0090909090909090905
4	K	E	WPA	EPA	7	434	0.016129032258064516
5	K	E	WPA	EPA	6	436	0.013761467889908258
6	K	E	WPA	EPA	4	437	0.0091533180778032037
7	K	E	WPA	EPA	5	432	0.011574074074074073
8	K	E	WPA	EPA	5	442	0.011312217194570135
9	K	E	WPA	EPA	4	431	0.0092807424593967514
10	K	E	WPA	EPA	4	433	0.0092378752886836026
11	K	E	WPA	EPA	7	437	0.016018306636155607
12	K	E	WPA	EPA	4	436	0.0091743119266055051
13	K	E	WPA	EPA	5	444	0.011261261261261261
14	K	E	WPA	EPA	5	442	0.011312217194570135
15	K	E	WPA	EPA	4	427	0.0093676814988290398
16	K	E	WPA	EPA	4	444	0.0090090090090090089
17	K	E	WPA	EPA	6	438	0.013698630136986301
18	K	E	WPA	EPA	10	440	0.022727272727272728
19	K	E	WPA	EPA	2	429	0.004662004662004662
20	K	E	WPA	EPA	8	430	0.018604651162790697
21	K	E	WPA	EPA	5	429	0.011655011655011656
22	K	E	WPA	EPA	4	435	0.0091954022988505746
23	K	E	WPA	EPA	3	430	0.0069767441860465115
24	K	E	WPA	EPA	4	443	0.0090293453724604959
25	K	E	WPA	EPA	4	434	0.0092165898617511521
26	K	E	WPA	EPA	7	438	0.015981735159817351
27	K	E	WPA	EPA	6	436	0.013761467889908258
28	K	E	WPA	EPA	8	438	0.018264840182648401
29	K	E	WPA	EPA	1	436	0.0022935779816513763
30	K	E	WPA	EPA	3	439	0.0068337129840546698
31	K	E	WPA	EPA	4	438	0.0091324200913242004
32	K	E	WPA	EPA	5	439	0.011389521640091117
33	K	E	WPA	EPA	3	436	0.0068807339449541288
34	K	E	WPA	EPA	7	438	0.015981735159817351
35	K	E	WPA	EPA	5	438	0.011415525114155251
36	K	E	WPA	EPA	3	440	0.0068181818181818179
37	K	E	WPA	EPA	5	442	0.011312217194570135
38	K	E	WPA	EPA	6	437	0.013729977116704805
39	K	E	WPA	EPA	7	434	0.016129032258064516
40	K	E	WPA	EPA	6	442	0.013574660633484163
41	K	E	WPA	EPA	7	444	0.015765765765765764
42	K	E	WPA	EPA	4	427	0.0093676814988290398
43	K	E	WPA	EPA	3	434	0.0069124423963133645
44	K	E	WPA	EPA	4	430	0.0093023255813953487
45	K	E	WPA	EPA	4	431	0.0092807424593967514
46	K	E	WPA	EPA	3	429	0.006993006993006993
47	K	E	WPA	EPA	5	444	0.011261261261261261
48	K	E	WPA	EPA	5	441	0.011337868480725623
49	K	E	WPA	EPA	2	431	0.0046403712296983757
50	K	E	WPA	EPA	6	424	0.014150943396226415
51	K	E	WPA	EPA	5	428	0.011682242990654205
52	K	E	WPA	EPA	6	428	0.014018691588785047
53	K	E	WPA	EPA	9	444	0.020270270270270271
54	K	E	WPA	EPA	6	439	0.01366742596810934
55	K	E	WPA	EPA	0	435	0
56	K	E	WPA	EPA	4	437	0.0091533180778032037
57	K	E	WPA	EPA	6	433	0.013856812933025405
58	K	E	WPA	EPA	6	441	0.013605442176870748
59	K	E	WPA	EPA	6	424	0.014150943396226415
60	K	E	WPA	EPA	9	440	0.020454545454545454
61	K	E	WPA	EPA	4	436	0.0091743119266055051
62	K	E	WPA	EPA	7	422	0.016587677725118485
63	K	E	WPA	EPA	5	433	0.011547344110854504
64	K	E	WPA	EPA	5	433	0.011547344110854504
65	K	E	WPA	EPA	4	432	0.0092592592592592587
66	K	E	WPA	EPA	4	445	0.008988764044943821
67	K	E	WPA	EPA	4	430	0.0093023255813953487
68	K	E	WPA	EPA	8	438	0.018264840182648401
69	K	E	WPA	EPA	8	438	0.018264840182648401
70	K	E	WPA	EPA	4	439	0.0091116173120728925
71	K	E	WPA	EPA	6	432	0.013888888888888888
72	K	E	WPA	EPA	7	436	0.016055045871559634
73	K	E	WPA	EPA	5	435	0.011494252873563218
74	K	E	WPA	EPA	3	436	0.0068807339449541288
75	K	E	WPA	EPA	2	452	0.0044247787610619468
76	K	E	WPA	EPA	4	441	0.0090702947845804991
77	K	E	WPA	EPA	5	441	0.011337868480725623
78	K	E	WPA	EPA	7	435	0.016091954022988506
79	K	E	WPA	EPA	3	425	0.007058823529411765
80	K	E	WPA	EPA	5	440	0.011363636363636364
81	K	E	WPA	EPA	6	436	0.013761467889908258
82	K	E	WPA	EPA	6	435	0.013793103448275862
83	K	E	WPA	EPA	1	426	0.0023474178403755869
84	K	E	WPA	EPA	3	447	0.0067114093959731542
85	K	E	WPA	EPA	5	434	0.011520737327188941
86	K	E	WPA	EPA	4	431	0.0092807424593967514
87	K	E	WPA	EPA	5	432	0.011574074074074073
88	K	E	WPA	EPA	5	445	0.011235955056179775
89	K	E	WPA	EPA	6	432	0.013888888888888888
90	K	E	WPA	EPA	4	431	0.0092807424593967514
91	K	E	WPA	EPA	4	436	0.0091743119266055051
92	K	E	WPA	EPA	4	442	0.0090497737556561094
93	K	E	WPA	EPA	4	426	0.0093896713615023476
94	K	E	WPA	EPA	4	426	0.0093896713615023476
95	K	E	WPA	EPA	5	431	0.011600928074245939
96	K	E	WPA	EPA	5	439	0.011389521640091117
97	K	E	WPA	EPA	6	436	0.013761467889908258
98	K	E	WPA	EPA	4	433	0.0092378752886836026
99	K	E	WPA	EPA	3	434	0.0069124423963133645
100	K	E	WPA	EPA	7	439	0.015945330296127564
101	K	E	WPA	EPA	4	435	0.0091954022988505746
102	K	E	WPA	EPA	6	448	0.013392857142857142
103	K	E	WPA	EPA	5	438	0.011415525114155251
104	K	E	WPA	EPA	3	431	0.0069605568445475635
105	K	E	WPA	EPA	6	435	0.013793103448275862
106	K	E	WPA	EPA	9	435	0.020689655172413793
107	K	E	WPA	EPA	5	443	0.011286681715575621
108	K	E	WPA	EPA	4	426	0.0093896713615023476
109	K	E	WPA	EPA	9	444	0.020270270270270271
110	K	E	WPA	EPA	5	427	0.011709601873536301
111	K	E	WPA	EPA	7	447	0.015659955257270694
112	K	E	WPA	EPA	5	436	0.011467889908256881
113	K	E	WPA	EPA	5	432	0.011574074074074073
114	K	E	WPA	EPA	2	442	0.0045248868778280547
115	K	E	WPA	EPA	4	435	0.0091954022988505746
116	K	E	WPA	EPA	8	445	0.017977528089887642
117	K	E	WPA	EPA	2	441	0.0045351473922902496
118	K	E	WPA	EPA	4	436	0.0091743119266055051
119	K	E	WPA	EPA	3	439	0.0068337129840546698
120	K	E	WPA	EPA	3	451	0.0066518847006651885
121	K	E	WPA	EPA	5	443	0.011286681715575621
122	K	E	WPA	EPA	5	432	0.011574074074074073
123	K	E	WPA	EPA	2	442	0.0045248868778280547
124	K	E	WPA	EPA	6	437	0.013729977116704805
125	K	E	WPA	EPA	5	433	0.011547344110854504
126	K	E	WPA	EPA	9	438	0.020547945205479451
127	K	E	WPA	EPA	4	436	0.0091743119266055051
128	K	E	WPA	EPA	4	436	0.0091743119266055051
129	K	E	WPA	EPA	7	435	0.016091954022988506
130	K	E	WPA	EPA	5	433	0.011547344110854504
131	K	E	WPA	EPA	5	446	0.011210762331838564
132	K	E	WPA	EPA	10	442	0.022624434389140271
133	K	E	WPA	EPA	4	441	0.0090702947845804991
134	K	E	WPA	EPA	4	444	0.0090090090090090089
135	K	E	WPA	EPA	8	433	0.018475750577367205
136	K	E	WPA	EPA	6	432	0.013888888888888888
137	K	E	WPA	EPA	5	433	0.011547344110854504
138	K	E	WPA	EPA	6	438	0.013698630136986301
139	K	E	WPA	EPA	2	433	0.0046189376443418013
140	K	E	WPA	EPA	5	433	0.011547344110854504
141	K	E	WPA	EPA	5	427	0.011709601873536301
142	K	E	WPA	EPA	4	425	0.0094117647058823521
143	K	E	WPA	EPA	6	430	0.013953488372093023
144	K	E	WPA	EPA	5	434	0.011520737327188941
145	K	E	WPA	EPA	3	446	0.0067264573991031393
146	K	E	WPA	EPA	6	439	0.01366742596810934
147	K	E	WPA	EPA	5	433	0.011547344110854504
148	K	E	WPA	EPA	5	437	0.011441647597254004
149	K	E	WPA	EPA	4	425	0.0094117647058823521
150	K	E	WPA	EPA	8	440	0.018181818181818181
151	K	E	WPA	EPA	6	445	0.013483146067415731
152	K	E	WPA	EPA	6	435	0.013793103448275862
153	K	E	WPA	EPA	7	438	0.015981735159817351
154	K	E	WPA	EPA	4	445	0.008988764044943821
155	K	E	WPA	EPA	5	432	0.011574074074074073
156	K	E	WPA	EPA	4	429	0.009324009324009324
157	K	E	WPA	EPA	0	432	0
158	K	E	WPA	EPA	3	435	0.0068965517241379309
159	K	E	WPA	EPA	6	441	0.013605442176870748
160	K	E	WPA	EPA	4	439	0.0091116173120728925
161	K	E	WPA	EPA	6	438	0.013698630136986301
162	K	E	WPA	EPA	2	436	0.0045871559633027525
163	K	E	WPA	EPA	6	434	0.013824884792626729
164	K	E	WPA	EPA	5	437	0.011441647597254004
165	K	E	WPA	EPA	4	428	0.0093457943925233638
166	K	E	WPA	EPA	8	436	0.01834862385321101
167	K	E	WPA	EPA	5	433	0.011547344110854504
168	K	E	WPA	EPA	4	435	0.0091954022988505746
169	K	E	WPA	EPA	6	434	0.013824884792626729
170	K	E	WPA	EPA	7	432	0.016203703703703703
171	K	E	WPA	EPA	5	434	0.011520737327188941
172	K	E	WPA	EPA	3	444	0.0067567567567567571
173	K	E	WPA	EPA	2	440	0.0045454545454545452
174	K	E	WPA	EPA	5	435	0.011494252873563218
175	K	E	WPA	EPA	5	429	0.011655011655011656
176	K	E	WPA	EPA	6	437	0.013729977116704805
177	K	E	WPA	EPA	6	434	0.013824884792626729
178	K	E	WPA	EPA	7	442	0.015837104072398189
179	K	E	WPA	EPA	5	447	0.011185682326621925
180	K	E	WPA	EPA	3	442	0.0067873303167420816
181	K	E	WPA	EPA	4	435	0.0091954022988505746
182	K	E	WPA	EPA	7	441	0.015873015873015872
183	K	E	WPA	EPA	6	437	0.013729977116704805
184	K	E	WPA	EPA	5	436	0.011467889908256881
185	K	E	WPA	EPA	7	434	0.016129032258064516
186	K	E	WPA	EPA	6	437	0.013729977116704805
187	K	E	WPA	EPA	4	433	0.0092378752886836026
188	K	E	WPA	EPA	4	430	0.0093023255813953487
189	K	E	WPA	EPA	2	443	0.0045146726862302479
190	K	E	WPA	EPA	6	434	0.013824884792626729
191	K	E	WPA	EPA	4	429	0.009324009324009324
192	K	E	WPA	EPA	4	430	0.0093023255813953487
193	K	E	WPA	EPA	5	431	0.011600928074245939
194	K	E	WPA	EPA	7	423	0.016548463356973995
195	K	E	WPA	EPA	3	433	0.0069284064665127024
196	K	E	WPA	EPA	8	436	0.01834862385321101
197	K	E	WPA	EPA	4	444	0.0090090090090090089
198	K	E	WPA	EPA	7	446	0.015695067264573991
199	K	E	WPA	EPA	4	434	0.0092165898617511521
200	K	E	WPA	EPA	6	431	0.013921113689095127
201	K	E	WPA	EPA	5	435	0.011494252873563218
202	K	E	WPA	EPA	4	427	0.0093676814988290398
203	K	E	WPA	EPA	8	433	0.018475750577367205
204	K	E	WPA	EPA	6	437	0.013729977116704805
205	K	E	WPA	EPA	4	431	0.0092807424593967514
206	K	E	WPA	EPA	6	435	0.013793103448275862
207	K	E	WPA	EPA	5	442	0.011312217194570135
208	K	E	WPA	EPA	3	434	0.0069124423963133645
209	K	E	WPA	EPA	4	438	0.0091324200913242004
210	K	E	WPA	EPA	4	434	0.0092165898617511521
211	K	E	WPA	EPA	5	440	0.011363636363636364
212	K	E	WPA	EPA	3	447	0.0067114093959731542
213	K	E	WPA	EPA	6	436	0.013761467889908258
214	K	E	WPA	EPA	4	428	0.0093457943925233638
215	K	E	WPA	EPA	2	448	0.004464285714285714
216	K	E	WPA	EPA	2	442	0.0045248868778280547
217	K	E	WPA	EPA	3	433	0.0069284064665127024
218	K	E	WPA	EPA	4	431	0.0092807424593967514
219	K	E	WPA	EPA	9	434	0.020737327188940093
220	K	E	WPA	EPA	7	445	0.015730337078651686
221	K	E	WPA	EPA	7	422	0.016587677725118485
222	K	E	WPA	EPA	5	425	0.011764705882352941
223	K	E	WPA	EPA	4	431	0.0092807424593967514
224	K	E	WPA	EPA	8	432	0.018518518518518517
225	K	E	WPA	EPA	5	431	0.011600928074245939
226	K	E	WPA	EPA	5	430	0.011627906976744186
227	K	E	WPA	EPA	6	441	0.013605442176870748
228	K	E	WPA	EPA	4	444	0.0090090090090090089
229	K	E	WPA	EPA	8	446	0.017937219730941704
230	K	E	WPA	EPA	7	439	0.015945330296127564
231	K	E	WPA	EPA	5	435	0.011494252873563218
232	K	E	WPA	EPA	8	434	0.018433179723502304
233	K	E	WPA	EPA	3	437	0.0068649885583524023
234	K	E	WPA	EPA	5	435	0.011494252873563218
235	K	E	WPA	EPA	6	434	0.013824884792626729
236	K	E	WPA	EPA	5	431	0.011600928074245939
237	K	E	WPA	EPA	6	447	0.013422818791946308
238	K	E	WPA	EPA	8	438	0.018264840182648401
239	K	E	WPA	EPA	2	427	0.0046838407494145199
240	K	E	WPA	EPA	5	437	0.011441647597254004
241	K	E	WPA	EPA	2	431	0.0046403712296983757
242	K	E	WPA	EPA	5	441	0.011337868480725623
243	K	E	WPA	EPA	3	440	0.0068181818181818179
244	K	E	WPA	EPA	2	438	0.0045662100456621002
245	K	E	WPA	EPA	5	435	0.011494252873563218
246	K	E	WPA	EPA	4	441	0.0090702947845804991
247	K	E	WPA	EPA	2	433	0.0046189376443418013
248	K	E	WPA	EPA	4	435	0.0091954022988505746
249	K	E	WPA	EPA	3	445	0.0067415730337078653
250	K	E	WPA	EPA	4	431	0.0092807424593967514
251	K	E	WPA	EPA	6	444	0.013513513513513514
252	K	E	WPA	EPA	3	439	0.0068337129840546698
253	K	E	WPA	EPA	7	431	0.016241299303944315
254	K	E	WPA	EPA	5	428	0.011682242990654205
255	K	E	WPA	EPA	5	436	0.011467889908256881
256	K	E	WPA	EPA	6	431	0.013921113689095127
257	K	E	WPA	EPA	4	436	0.0091743119266055051
258	K	E	WPA	EPA	6	440	0.013636363636363636
259	K	E	WPA	EPA	3	436	0.0068807339449541288
260	K	E	WPA	EPA	7	431	0.016241299303944315
261	K	E	WPA	EPA	7	445	0.015730337078651686
262	K	E	WPA	EPA	5	435	0.011494252873563218
263	K	E	WPA	EPA	4	430	0.0093023255813953487
264	K	E	WPA	EPA	4	438	0.0091324200913242004
265	K	E	WPA	EPA	3	434	0.0069124423963133645
266	K	E	WPA	EPA	3	429	0.006993006993006993
267	K	E	WPA	EPA	3	437	0.0068649885583524023
268	K	E	WPA	EPA	7	431	0.016241299303944315
269	K	E	WPA	EPA	6	433	0.013856812933025405
270	K	E	WPA	EPA	6	430	0.013953488372093023
271	K	E	WPA	EPA	4	428	0.0093457943925233638
272	K	E	WPA	EPA	4	433	0.0092378752886836026
273	K	E	WPA	EPA	8	438	0.018264840182648401
274	K	E	WPA	EPA	4	435	0.0091954022988505746
275	K	E	WPA	EPA	5	443	0.011286681715575621
276	K	E	WPA	EPA	5	425	0.011764705882352941
277	K	E	WPA	EPA	3	433	0.0069284064665127024
278	K	E	WPA	EPA	4	439	0.0091116173120728925
279	K	E	WPA	EPA	7	434	0.016129032258064516
280	K	E	WPA	EPA	6	434	0.013824884792626729
281	K	E	WPA	EPA	4	446	0.0089686098654708519
282	K	E	WPA	EPA	8	440	0.018181818181818181
283	K	E	WPA	EPA	5	430	0.011627906976744186
284	K	E	WPA	EPA	3	437	0.0068649885583524023
285	K	E	WPA	EPA	9	430	0.020930232558139535
286	K	E	WPA	EPA	4	425	0.0094117647058823521
287	K	E	WPA	EPA	1	430	0.0023255813953488372
288	K	E	WPA	EPA	3	444	0.0067567567567567571
289	K	E	WPA	EPA	5	435	0.011494252873563218
290	K	E	WPA	EPA	4	426	0.0093896713615023476
291	K	E	WPA	EPA	2	434	0.004608294930875576
292	K	E	WPA	EPA	5	427	0.011709601873536301
293	K	E	WPA	EPA	3	437	0.0068649885583524023
294	K	E	WPA	EPA	7	437	0.016018306636155607
295	K	E	WPA	EPA	3	436	0.0068807339449541288
296	K	E	WPA	EPA	4	432	0.0092592592592592587
297	K	E	WPA	EPA	5	441	0.011337868480725623
298	K	E	WPA	EPA	4	437	0.0091533180778032037
299	K	E	WPA	EPA	6	431	0.013921113689095127
300	K	E	WPA	EPA	1	435	0.0022988505747126436
1	A	F	AF	IND	2	433	0.0046189376443418013
2	A	F	AF	IND	3	440	0.0068181818181818179
3	A	F	AF	IND	3	440	0.0068181818181818179
4	A	F	AF	IND	3	434	0.0069124423963133645
5	A	F	AF	IND	3	436	0.0068807339449541288
6	A	F	AF	IND	3	437	0.0068649885583524023
7	A	F	AF	IND	5	432	0.011574074074074073
8	A	F	AF	IND	2	442	0.0045248868778280547
9	A	F	AF	IND	3	431	0.0069605568445475635
10	A	F	AF	IND	3	433	0.0069284064665127024
11	A	F	AF	IND	3	437	0.0068649885583524023
12	A	F	AF	IND	3	436	0.0068807339449541288
13	A	F	AF	IND	1	444	0.0022522522522522522
14	A	F	AF	IND	2	442	0.0045248868778280547
15	A	F	AF	IND	3	427	0.0070257611241217799
16	A	F	AF	IND	2	444	0.0045045045045045045
17	A	F	AF	IND	2	438	0.0045662100456621002
18	A	F	AF	IND	3	440	0.0068181818181818179
19	A	F	AF	IND	1	429	0.002331002331002331
20	A	F	AF	IND	3	430	0.0069767441860465115
21	A	F	AF	IND	3	429	0.006993006993006993
22	A	F	AF	IND	3	435	0.0068965517241379309
23	A	F	AF	IND	2	430	0.0046511627906976744
24	A	F	AF	IND	2	443	0.0045146726862302479
25	A	F	AF	IND	1	434	0.002304147465437788
26	A	F	AF	IND	2	438	0.0045662100456621002
27	A	F	AF	IND	2	436	0.0045871559633027525
28	A	F	AF	IND	3	438	0.0068493150684931503
29	A	F	AF	IND	1	436	0.0022935779816513763
30	A	F	AF	IND	2	439	0.0045558086560364463
31	A	F	AF	IND	2	438	0.0045662100456621002
32	A	F	AF	IND	2	439	0.0045558086560364463
33	A	F	AF	IND	2	436	0.0045871559633027525
34	A	F	AF	IND	1	438	0.0022831050228310501
35	A	F	AF	IND	3	438	0.0068493150684931503
36	A	F	AF	IND	2	440	0.0045454545454545452
37	A	F	AF	IND	3	442	0.0067873303167420816
38	A	F	AF	IND	3	437	0.0068649885583524023
39	A	F	AF	IND	2	434	0.004608294930875576
40	A	F	AF	IND	3	442	0.0067873303167420816
41	A	F	AF	IND	2	444	0.0045045045045045045
42	A	F	AF	IND	3	427	0.0070257611241217799
43	A	F	AF	IND	3	434	0.0069124423963133645
44	A	F	AF	IND	3	430	0.0069767441860465115
45	A	F	AF	IND	4	431	0.0092807424593967514
46	A	F	AF	IND	4	429	0.009324009324009324
47	A	F	AF	IND	4	444	0.0090090090090090089
48	A	F	AF	IND	3	441	0.0068027210884353739
49	A	F	AF	IND	2	431	0.0046403712296983757
50	A	F	AF	IND	3	424	0.0070754716981132077
51	A	F	AF	IND	3	428	0.0070093457943925233
52	A	F	AF	IND	4	428	0.0093457943925233638
53	A	F	AF	IND	2	444	0.0045045045045045045
54	A	F	AF	IND	2	439	0.0045558086560364463
55	A	F	AF	IND	3	435	0.0068965517241379309
56	A	F	AF	IND	3	437	0.0068649885583524023
57	A	F	AF	IND	2	433	0.0046189376443418013
58	A	F	AF	IND	4	441	0.0090702947845804991
59	A	F	AF	IND	3	424	0.0070754716981132077
60	A	F	AF	IND	2	440	0.0045454545454545452
61	A	F	AF	IND	3	436	0.0068807339449541288
62	A	F	AF	IND	2	422	0.0047393364928909956
63	A	F	AF	IND	3	433	0.0069284064665127024
64	A	F	AF	IND	2	433	0.0046189376443418013
65	A	F	AF	IND	3	432	0.0069444444444444441
66	A	F	AF	IND	5	445	0.011235955056179775
67	A	F	AF	IND	2	430	0.0046511627906976744
68	A	F	AF	IND	2	438	0.0045662100456621002
69	A	F	AF	IND	3	438	0.0068493150684931503
70	A	F	AF	IND	2	439	0.0045558086560364463
71	A	F	AF	IND	3	432	0.0069444444444444441
72	A	F	AF	IND	2	436	0.0045871559633027525
73	A	F	AF	IND	3	435	0.0068965517241379309
74	A	F	AF	IND	3	436	0.0068807339449541288
75	A	F	AF	IND	2	452	0.0044247787610619468
76	A	F	AF	IND	3	441	0.0068027210884353739
77	A	F	AF	IND	2	441	0.0045351473922902496
78	A	F	AF	IND	4	435	0.0091954022988505746
79	A	F	AF	IND	4	425	0.0094117647058823521
80	A	F	AF	IND	3	440	0.0068181818181818179
81	A	F	AF	IND	2	436	0.0045871559633027525
82	A	F	AF	IND	3	435	0.0068965517241379309
83	A	F	AF	IND	3	426	0.0070422535211267607
84	A	F	AF	IND	2	447	0.0044742729306487695
85	A	F	AF	IND	3	434	0.0069124423963133645
86	A	F	AF	IND	3	431	0.0069605568445475635
87	A	F	AF	IND	3	432	0.0069444444444444441
88	A	F	AF	IND	2	445	0.0044943820224719105
89	A	F	AF	IND	2	432	0.0046296296296296294
90	A	F	AF	IND	2	431	0.0046403712296983757
91	A	F	AF	IND	3	436	0.0068807339449541288
92	A	F	AF	IND	2	442	0.0045248868778280547
93	A	F	AF	IND	2	426	0.0046948356807511738
94	A	F	AF	IND	3	426	0.0070422535211267607
95	A	F	AF	IND	2	431	0.0046403712296983757
96	A	F	AF	IND	4	439	0.0091116173120728925
97	A	F	AF	IND	3	436	0.0068807339449541288
98	A	F	AF	IND	5	433	0.011547344110854504
99	A	F	AF	IND	3	434	0.0069124423963133645
100	A	F	AF	IND	3	439	0.0068337129840546698
101	A	F	AF	IND	2	435	0.0045977011494252873
102	A	F	AF	IND	2	448	0.004464285714285714
103	A	F	AF	IND	2	438	0.0045662100456621002
104	A	F	AF	IND	3	431	0.0069605568445475635
105	A	F	AF	IND	1	435	0.0022988505747126436
106	A	F	AF	IND	1	435	0.0022988505747126436
107	A	F	AF	IND	3	443	0.0067720090293453723
108	A	F	AF	IND	3	426	0.0070422535211267607
109	A	F	AF	IND	3	444	0.0067567567567567571
110	A	F	AF	IND	3	427	0.0070257611241217799
111	A	F	AF	IND	1	447	0.0022371364653243847
112	A	F	AF	IND	3	436	0.0068807339449541288
113	A	F	AF	IND	2	432	0.0046296296296296294
114	A	F	AF	IND	2	442	0.0045248868778280547
115	A	F	AF	IND	2	435	0.0045977011494252873
116	A	F	AF	IND	2	445	0.0044943820224719105
117	A	F	AF	IND	4	441	0.0090702947845804991
118	A	F	AF	IND	3	436	0.0068807339449541288
119	A	F	AF	IND	3	439	0.0068337129840546698
120	A	F	AF	IND	3	451	0.0066518847006651885
121	A	F	AF	IND	4	443	0.0090293453724604959
122	A	F	AF	IND	1	432	0.0023148148148148147
123	A	F	AF	IND	3	442	0.0067873303167420816
124	A	F	AF	IND	4	437	0.0091533180778032037
125	A	F	AF	IND	4	433	0.0092378752886836026
126	A	F	AF	IND	2	438	0.0045662100456621002
127	A	F	AF	IND	1	436	0.0022935779816513763
128	A	F	AF	IND	2	436	0.0045871559633027525
129	A	F	AF	IND	3	435	0.0068965517241379309
130	A	F	AF	IND	3	433	0.0069284064665127024
131	A	F	AF	IND	3	446	0.0067264573991031393
132	A	F	AF	IND	2	442	0.0045248868778280547
133	A	F	AF	IND	3	441	0.0068027210884353739
134	A	F	AF	IND	2	444	0.0045045045045045045
135	A	F	AF	IND	2	433	0.0046189376443418013
136	A	F	AF	IND	2	432	0.0046296296296296294
137	A	F	AF	IND	2	433	0.0046189376443418013
138	A	F	AF	IND	3	438	0.0068493150684931503
139	A	F	AF	IND	1	433	0.0023094688221709007
140	A	F	AF	IND	3	433	0.0069284064665127024
141	A	F	AF	IND	3	427	0.0070257611241217799
142	A	F	AF	IND	2	425	0.0047058823529411761
143	A	F	AF	IND	2	430	0.0046511627906976744
144	A	F	AF	IND	2	434	0.004608294930875576
145	A	F	AF	IND	2	446	0.0044843049327354259
146	A	F	AF	IND	2	439	0.0045558086560364463
147	A	F	AF	IND	1	433	0.0023094688221709007
148	A	F	AF	IND	3	437	0.0068649885583524023
149	A	F	AF	IND	2	425	0.0047058823529411761
150	A	F	AF	IND	2	440	0.0045454545454545452
151	A	F	AF	IND	2	445	0.0044943820224719105
152	A	F	AF	IND	1	435	0.0022988505747126436
153	A	F	AF	IND	2	438	0.0045662100456621002
154	A	F	AF	IND	3	445	0.0067415730337078653
155	A	F	AF	IND	2	432	0.0046296296296296294
156	A	F	AF	IND	1	429	0.002331002331002331
157	A	F	AF	IND	3	432	0.0069444444444444441
158	A	F	AF	IND	3	435	0.0068965517241379309
159	A	F	AF	IND	1	441	0.0022675736961451248
160	A	F	AF	IND	3	439	0.0068337129840546698
161	A	F	AF	IND	3	438	0.0068493150684931503
162	A	F	AF	IND	2	436	0.0045871559633027525
163	A	F	AF	IND	3	434	0.0069124423963133645
164	A	F	AF	IND	3	437	0.0068649885583524023
165	A	F	AF	IND	2	428	0.0046728971962616819
166	A	F	AF	IND	3	436	0.0068807339449541288
167	A	F	AF	IND	3	433	0.0069284064665127024
168	A	F	AF	IND	2	435	0.0045977011494252873
169	A	F	AF	IND	3	434	0.0069124423963133645
170	A	F	AF	IND	4	432	0.0092592592592592587
171	A	F	AF	IND	2	434	0.004608294930875576
172	A	F	AF	IND	2	444	0.0045045045045045045
173	A	F	AF	IND	3	440	0.0068181818181818179
174	A	F	AF	IND	3	435	0.0068965517241379309
175	A	F	AF	IND	1	429	0.002331002331002331
176	A	F	AF	IND	2	437	0.0045766590389016018
177	A	F	AF	IND	2	434	0.004608294930875576
178	A	F	AF	IND	5	442	0.011312217194570135
179	A	F	AF	IND	3	447	0.0067114093959731542
180	A	F	AF	IND	2	442	0.0045248868778280547
181	A	F	AF	IND	2	435	0.0045977011494252873
182	A	F	AF	IND	1	441	0.0022675736961451248
183	A	F	AF	IND	2	437	0.0045766590389016018
184	A	F	AF	IND	2	436	0.0045871559633027525
185	A	F	AF	IND	2	434	0.004608294930875576
186	A	F	AF	IND	2	437	0.0045766590389016018
187	A	F	AF	IND	4	433	0.0092378752886836026
188	A	F	AF	IND	3	430	0.0069767441860465115
189	A	F	AF	IND	2	443	0.0045146726862302479
190	A	F	AF	IND	2	434	0.004608294930875576
191	A	F	AF	IND	2	429	0.004662004662004662
192	A	F	AF	IND	2	430	0.0046511627906976744
193	A	F	AF	IND	2	431	0.0046403712296983757
194	A	F	AF	IND	2	423	0.0047281323877068557
195	A	F	AF	IND	2	433	0.0046189376443418013
196	A	F	AF	IND	4	436	0.0091743119266055051
197	A	F	AF	IND	3	444	0.0067567567567567571
198	A	F	AF	IND	3	446	0.0067264573991031393
199	A	F	AF	IND	3	434	0.0069124423963133645
200	A	F	AF	IND	3	431	0.0069605568445475635
201	A	F	AF	IND	3	435	0.0068965517241379309
202	A	F	AF	IND	3	427	0.0070257611241217799
203	A	F	AF	IND	1	433	0.0023094688221709007
204	A	F	AF	IND	2	437	0.0045766590389016018
205	A	F	AF	IND	3	431	0.0069605568445475635
206	A	F	AF	IND	2	435	0.0045977011494252873
207	A	F	AF	IND	3	442	0.0067873303167420816
208	A	F	AF	IND	3	434	0.0069124423963133645
209	A	F	AF	IND	3	438	0.0068493150684931503
210	A	F	AF	IND	3	434	0.0069124423963133645
211	A	F	AF	IND	3	440	0.0068181818181818179
212	A	F	AF	IND	3	447	0.0067114093959731542
213	A	F	AF	IND	1	436	0.0022935779816513763
214	A	F	AF	IND	3	428	0.0070093457943925233
215	A	F	AF	IND	3	448	0.0066964285714285711
216	A	F	AF	IND	3	442	0.0067873303167420816
217	A	F	AF	IND	1	433	0.0023094688221709007
218	A	F	AF	IND	2	431	0.0046403712296983757
219	A	F	AF	IND	1	434	0.002304147465437788
220	A	F	AF	IND	2	445	0.0044943820224719105
221	A	F	AF	IND	3	422	0.0071090047393364926
222	A	F	AF	IND	3	425	0.007058823529411765
223	A	F	AF	IND	1	431	0.0023201856148491878
224	A	F	AF	IND	1	432	0.0023148148148148147
225	A	F	AF	IND	2	431	0.0046403712296983757
226	A	F	AF	IND	1	430	0.0023255813953488372
227	A	F	AF	IND	2	441	0.0045351473922902496
228	A	F	AF	IND	3	444	0.0067567567567567571
229	A	F	AF	IND	2	446	0.0044843049327354259
230	A	F	AF	IND	2	439	0.0045558086560364463
231	A	F	AF	IND	3	435	0.0068965517241379309
232	A	F	AF	IND	3	434	0.0069124423963133645
233	A	F	AF	IND	4	437	0.0091533180778032037
234	A	F	AF	IND	3	435	0.0068965517241379309
235	A	F	AF	IND	3	434	0.0069124423963133645
236	A	F	AF	IND	3	431	0.0069605568445475635
237	A	F	AF	IND	2	447	0.0044742729306487695
238	A	F	AF	IND	3	438	0.0068493150684931503
239	A	F	AF	IND	3	427	0.0070257611241217799
240	A	F	AF	IND	3	437	0.0068649885583524023
241	A	F	AF	IND	2	431	0.0046403712296983757
242	A	F	AF	IND	2	441	0.0045351473922902496
243	A	F	AF	IND	2	440	0.0045454545454545452
244	A	F	AF	IND	2	438	0.0045662100456621002
245	A	F	AF	IND	3	435	0.0068965517241379309
246	A	F	AF	IND	2	441	0.0045351473922902496
247	A	F	AF	IND	4	433	0.0092378752886836026
248	A	F	AF	IND	3	435	0.0068965517241379309
249	A	F	AF	IND	3	445	0.0067415730337078653
250	A	F	AF	IND	4	431	0.0092807424593967514
251	A	F	AF	IND	2	444	0.0045045045045045045
252	A	F	AF	IND	3	439	0.0068337129840546698
253	A	F	AF	IND	2	431	0.0046403712296983757
254	A	F	AF	IND	3	428	0.0070093457943925233
255	A	F	AF	IND	3	436	0.0068807339449541288
256	A	F	AF	IND	2	431	0.0046403712296983757
257	A	F	AF	IND	3	436	0.0068807339449541288
258	A	F	AF	IND	2	440	0.0045454545454545452
259	A	F	AF	IND	3	436	0.0068807339449541288
260	A	F	AF	IND	2	431	0.0046403712296983757
261	A	F	AF	IND	2	445	0.0044943820224719105
262	A	F	AF	IND	3	435	0.0068965517241379309
263	A	F	AF	IND	3	430	0.0069767441860465115
264	A	F	AF	IND	2	438	0.0045662100456621002
265	A	F	AF	IND	4	434	0.0092165898617511521
266	A	F	AF	IND	2	429	0.004662004662004662
267	A	F	AF	IND	3	437	0.0068649885583524023
268	A	F	AF	IND	3	431	0.0069605568445475635
269	A	F	AF	IND	2	433	0.0046189376443418013
270	A	F	AF	IND	2	430	0.0046511627906976744
271	A	F	AF	IND	2	428	0.0046728971962616819
272	A	F	AF	IND	3	433	0.0069284064665127024
273	A	F	AF	IND	3	438	0.0068493150684931503
274	A	F	AF	IND	3	435	0.0068965517241379309
275	A	F	AF	IND	1	443	0.002257336343115124
276	A	F	AF	IND	3	425	0.007058823529411765
277	A	F	AF	IND	1	433	0.0023094688221709007
278	A	F	AF	IND	2	439	0.0045558086560364463
279	A	F	AF	IND	3	434	0.0069124423963133645
280	A	F	AF	IND	2	434	0.004608294930875576
281	A	F	AF	IND	4	446	0.0089686098654708519
282	A	F	AF	IND	3	440	0.0068181818181818179
283	A	F	AF	IND	2	430	0.0046511627906976744
284	A	F	AF	IND	2	437	0.0045766590389016018
285	A	F	AF	IND	3	430	0.0069767441860465115
286	A	F	AF	IND	3	425	0.007058823529411765
287	A	F	AF	IND	2	430	0.0046511627906976744
288	A	F	AF	IND	3	444	0.0067567567567567571
289	A	F	AF	IND	3	435	0.0068965517241379309
290	A	F	AF	IND	3	426	0.0070422535211267607
291	A	F	AF	IND	2	434	0.004608294930875576
292	A	F	AF	IND	2	427	0.0046838407494145199
293	A	F	AF	IND	3	437	0.0068649885583524023
294	A	F	AF	IND	2	437	0.0045766590389016018
295	A	F	AF	IND	3	436	0.0068807339449541288
296	A	F	AF	IND	3	432	0.0069444444444444441
297	A	F	AF	IND	4	441	0.0090702947845804991
298	A	F	AF	IND	2	437	0.0045766590389016018
299	A	F	AF	IND	3	431	0.0069605568445475635
300	A	F	AF	IND	2	435	0.0045977011494252873
1	B	F	AUS	IND	0	433	0
2	B	F	AUS	IND	0	440	0
3	B	F	AUS	IND	0	440	0
4	B	F	AUS	IND	0	434	0
5	B	F	AUS	IND	0	436	0
6	B	F	AUS	IND	0	437	0
7	B	F	AUS	IND	1	432	0.0023148148148148147
8	B	F	AUS	IND	0	442	0
9	B	F	AUS	IND	0	431	0
10	B	F	AUS	IND	0	433	0
11	B	F	AUS	IND	0	437	0
12	B	F	AUS	IND	0	436	0
13	B	F	AUS	IND	0	444	0
14	B	F	AUS	IND	0	442	0
15	B	F	AUS	IND	0	427	0
16	B	F	AUS	IND	0	444	0
17	B	F	AUS	IND	0	438	0
18	B	F	AUS	IND	0	440	0
19	B	F	AUS	IND	0	429	0
20	B	F	AUS	IND	0	430	0
21	B	F	AUS	IND	0	429	0
22	B	F	AUS	IND	1	435	0.0022988505747126436
23	B	F	AUS	IND	0	430	0
24	B	F	AUS	IND	0	443	0
25	B	F	AUS	IND	0	434	0
26	B	F	AUS	IND	0	438	0
27	B	F	AUS	IND	0	436	0
28	B	F	AUS	IND	1	438	0.0022831050228310501
29	B	F	AUS	IND	0	436	0
30	B	F	AUS	IND	0	439	0
31	B	F	AUS	IND	0	438	0
32	B	F	AUS	IND	0	439	0
33	B	F	AUS	IND	0	436	0
34	B	F	AUS	IND	0	438	0
35	B	F	AUS	IND	0	438	0
36	B	F	AUS	IND	0	440	0
37	B	F	AUS	IND	0	442	0
38	B	F	AUS	IND	0	437	0
39	B	F	AUS	IND	0	434	0
40	B	F	AUS	IND	0	442	0
41	B	F	AUS	IND	1	444	0.0022522522522522522
42	B	F	AUS	IND	0	427	0
43	B	F	AUS	IND	0	434	0
44	B	F	AUS	IND	0	430	0
45	B	F	AUS	IND	0	431	0
46	B	F	AUS	IND	0	429	0
47	B	F	AUS	IND	0	444	0
48	B	F	AUS	IND	0	441	0
49	B	F	AUS	IND	1	431	0.0023201856148491878
50	B	F	AUS	IND	1	424	0.0023584905660377358
51	B	F	AUS	IND	0	428	0
52	B	F	AUS	IND	0	428	0
53	B	F	AUS	IND	0	444	0
54	B	F	AUS	IND	0	439	0
55	B	F	AUS	IND	0	435	0
56	B	F	AUS	IND	0	437	0
57	B	F	AUS	IND	0	433	0
58	B	F	AUS	IND	0	441	0
59	B	F	AUS	IND	0	424	0
60	B	F	AUS	IND	1	440	0.0022727272727272726
61	B	F	AUS	IND	0	436	0
62	B	F	AUS	IND	1	422	0.0023696682464454978
63	B	F	AUS	IND	1	433	0.0023094688221709007
64	B	F	AUS	IND	1	433	0.0023094688221709007
65	B	F	AUS	IND	0	432	0
66	B	F	AUS	IND	0	445	0
67	B	F	AUS	IND	0	430	0
68	B	F	AUS	IND	1	438	0.0022831050228310501
69	B	F	AUS	IND	0	438	0
70	B	F	AUS	IND	0	439	0
71	B	F	AUS	IND	1	432	0.0023148148148148147
72	B	F	AUS	IND	0	436	0
73	B	F	AUS	IND	1	435	0.0022988505747126436
74	B	F	AUS	IND	0	436	0
75	B	F	AUS	IND	0	452	0
76	B	F	AUS	IND	0	441	0
77	B	F	AUS	IND	0	441	0
78	B	F	AUS	IND	0	435	0
79	B	F	AUS	IND	0	425	0
80	B	F	AUS	IND	0	440	0
81	B	F	AUS	IND	0	436	0
82	B	F	AUS	IND	1	435	0.0022988505747126436
83	B	F	AUS	IND	0	426	0
84	B	F	AUS	IND	0	447	0
85	B	F	AUS	IND	1	434	0.002304147465437788
86	B	F	AUS	IND	0	431	0
87	B	F	AUS	IND	0	432	0
88	B	F	AUS	IND	0	445	0
89	B	F	AUS	IND	0	432	0
90	B	F	AUS	IND	0	431	0
91	B	F	AUS	IND	0	436	0
92	B	F	AUS	IND	1	442	0.0022624434389140274
93	B	F	AUS	IND	0	426	0
94	B	F	AUS	IND	0	426	0
95	B	F	AUS	IND	2	431	0.0046403712296983757
96	B	F	AUS	IND	0	439	0
97	B	F	AUS	IND	0	436	0
98	B	F	AUS	IND	0	433	0
99	B	F	AUS	IND	0	434	0
100	B	F	AUS	IND	0	439	0
101	B	F	AUS	IND	1	435	0.0022988505747126436
102	B	F	AUS	IND	0	448	0
103	B	F	AUS	IND	0	438	0
104	B	F	AUS	IND	0	431	0
105	B	F	AUS	IND	1	435	0.0022988505747126436
106	B	F	AUS	IND	0	435	0
107	B	F	AUS	IND	0	443	0
108	B	F	AUS	IND	0	426	0
109	B	F	AUS	IND	0	444	0
110	B	F	AUS	IND	0	427	0
111	B	F	AUS	IND	1	447	0.0022371364653243847
112	B	F	AUS	IND	0	436	0
113	B	F	AUS	IND	0	432	0
114	B	F	AUS	IND	0	442	0
115	B	F	AUS	IND	0	435	0
116	B	F	AUS	IND	1	445	0.0022471910112359553
117	B	F	AUS	IND	0	441	0
118	B	F	AUS	IND	0	436	0
119	B	F	AUS	IND	0	439	0
120	B	F	AUS	IND	0	451	0
121	B	F	AUS	IND	0	443	0
122	B	F	AUS	IND	1	432	0.0023148148148148147
123	B	F	AUS	IND	0	442	0
124	B	F	AUS	IND	0	437	0
125	B	F	AUS	IND	0	433	0
126	B	F	AUS	IND	0	438	0
127	B	F	AUS	IND	0	436	0
128	B	F	AUS	IND	0	436	0
129	B	F	AUS	IND	0	435	0
130	B	F	AUS	IND	0	433	0
131	B	F	AUS	IND	0	446	0
132	B	F	AUS	IND	0	442	0
133	B	F	AUS	IND	2	441	0.0045351473922902496
134	B	F	AUS	IND	1	444	0.0022522522522522522
135	B	F	AUS	IND	1	433	0.0023094688221709007
136	B	F	AUS	IND	0	432	0
137	B	F	AUS	IND	0	433	0
138	B	F	AUS	IND	0	438	0
139	B	F	AUS	IND	0	433	0
140	B	F	AUS	IND	0	433	0
141	B	F	AUS	IND	0	427	0
142	B	F	AUS	IND	0	425	0
143	B	F	AUS	IND	0	430	0
144	B	F	AUS	IND	0	434	0
145	B	F	AUS	IND	0	446	0
146	B	F	AUS	IND	0	439	0
147	B	F	AUS	IND	0	433	0
148	B	F	AUS	IND	0	437	0
149	B	F	AUS	IND	0	425	0
150	B	F	AUS	IND	0	440	0
151	B	F	AUS	IND	0	445	0
152	B	F	AUS	IND	0	435	0
153	B	F	AUS	IND	0	438	0
154	B	F	AUS	IND	0	445	0
155	B	F	AUS	IND	2	432	0.0046296296296296294
156	B	F	AUS	IND	0	429	0
157	B	F	AUS	IND	0	432	0
158	B	F	AUS	IND	1	435	0.0022988505747126436
159	B	F	AUS	IND	0	441	0
160	B	F	AUS	IND	0	439	0
161	B	F	AUS	IND	1	438	0.0022831050228310501
162	B	F	AUS	IND	0	436	0
163	B	F	AUS	IND	2	434	0.004608294930875576
164	B	F	AUS	IND	1	437	0.0022883295194508009
165	B	F	AUS	IND	0	428	0
166	B	F	AUS	IND	2	436	0.0045871559633027525
167	B	F	AUS	IND	0	433	0
168	B	F	AUS	IND	0	435	0
169	B	F	AUS	IND	0	434	0
170	B	F	AUS	IND	0	432	0
171	B	F	AUS	IND	0	434	0
172	B	F	AUS	IND	0	444	0
173	B	F	AUS	IND	1	440	0.0022727272727272726
174	B	F	AUS	IND	0	435	0
175	B	F	AUS	IND	0	429	0
176	B	F	AUS	IND	0	437	0
177	B	F	AUS	IND	0	434	0
178	B	F	AUS	IND	1	442	0.0022624434389140274
179	B	F	AUS	IND	0	447	0
180	B	F	AUS	IND	0	442	0
181	B	F	AUS	IND	1	435	0.0022988505747126436
182	B	F	AUS	IND	0	441	0
183	B	F	AUS	IND	0	437	0
184	B	F	AUS	IND	1	436	0.0022935779816513763
185	B	F	AUS	IND	0	434	0
186	B	F	AUS	IND	0	437	0
187	B	F	AUS	IND	0	433	0
188	B	F	AUS	IND	1	430	0.0023255813953488372
189	B	F	AUS	IND	1	443	0.002257336343115124
190	B	F	AUS	IND	1	434	0.002304147465437788
191	B	F	AUS	IND	0	429	0
192	B	F	AUS	IND	0	430	0
193	B	F	AUS	IND	0	431	0
194	B	F	AUS	IND	0	423	0
195	B	F	AUS	IND	1	433	0.0023094688221709007
196	B	F	AUS	IND	0	436	0
197	B	F	AUS	IND	0	444	0
198	B	F	AUS	IND	0	446	0
199	B	F	AUS	IND	1	434	0.002304147465437788
200	B	F	AUS	IND	1	431	0.0023201856148491878
201	B	F	AUS	IND	1	435	0.0022988505747126436
202	B	F	AUS	IND	0	427	0
203	B	F	AUS	IND	0	433	0
204	B	F	AUS	IND	1	437	0.0022883295194508009
205	B	F	AUS	IND	0	431	0
206	B	F	AUS	IND	0	435	0
207	B	F	AUS	IND	0	442	0
208	B	F	AUS	IND	0	434	0
209	B	F	AUS	IND	1	438	0.0022831050228310501
210	B	F	AUS	IND	0	434	0
211	B	F	AUS	IND	0	440	0
212	B	F	AUS	IND	0	447	0
213	B	F	AUS	IND	0	436	0
214	B	F	AUS	IND	0	428	0
215	B	F	AUS	IND	0	448	0
216	B	F	AUS	IND	0	442	0
217	B	F	AUS	IND	0	433	0
218	B	F	AUS	IND	0	431	0
219	B	F	AUS	IND	0	434	0
220	B	F	AUS	IND	0	445	0
221	B	F	AUS	IND	0	422	0
222	B	F	AUS	IND	0	425	0
223	B	F	AUS	IND	0	431	0
224	B	F	AUS	IND	1	432	0.0023148148148148147
225	B	F	AUS	IND	1	431	0.0023201856148491878
226	B	F	AUS	IND	0	430	0
227	B	F	AUS	IND	0	441	0
228	B	F	AUS	IND	0	444	0
229	B	F	AUS	IND	0	446	0
230	B	F	AUS	IND	1	439	0.0022779043280182231
231	B	F	AUS	IND	1	435	0.0022988505747126436
232	B	F	AUS	IND	0	434	0
233	B	F	AUS	IND	0	437	0
234	B	F	AUS	IND	0	435	0
235	B	F	AUS	IND	0	434	0
236	B	F	AUS	IND	0	431	0
237	B	F	AUS	IND	2	447	0.0044742729306487695
238	B	F	AUS	IND	0	438	0
239	B	F	AUS	IND	0	427	0
240	B	F	AUS	IND	0	437	0
241	B	F	AUS	IND	0	431	0
242	B	F	AUS	IND	0	441	0
243	B	F	AUS	IND	0	440	0
244	B	F	AUS	IND	0	438	0
245	B	F	AUS	IND	0	435	0
246	B	F	AUS	IND	0	441	0
247	B	F	AUS	IND	0	433	0
248	B	F	AUS	IND	0	435	0
249	B	F	AUS	IND	0	445	0
250	B	F	AUS	IND	0	431	0
251	B	F	AUS	IND	2	444	0.0045045045045045045
252	B	F	AUS	IND	1	439	0.0022779043280182231
253	B	F	AUS	IND	1	431	0.0023201856148491878
254	B	F	AUS	IND	0	428	0
255	B	F	AUS	IND	0	436	0
256	B	F	AUS	IND	0	431	0
257	B	F	AUS	IND	0	436	0
258	B	F	AUS	IND	1	440	0.0022727272727272726
259	B	F	AUS	IND	0	436	0
260	B	F	AUS	IND	0	431	0
261	B	F	AUS	IND	0	445	0
262	B	F	AUS	IND	0	435	0
263	B	F	AUS	IND	0	430	0
264	B	F	AUS	IND	0	438	0
265	B	F	AUS	IND	0	434	0
266	B	F	AUS	IND	0	429	0
267	B	F	AUS	IND	0	437	0
268	B	F	AUS	IND	0	431	0
269	B	F	AUS	IND	0	433	0
270	B	F	AUS	IND	1	430	0.0023255813953488372
271	B	F	AUS	IND	1	428	0.0023364485981308409
272	B	F	AUS	IND	0	433	0
273	B	F	AUS	IND	0	438	0
274	B	F	AUS	IND	0	435	0
275	B	F	AUS	IND	0	443	0
276	B	F	AUS	IND	1	425	0.002352941176470588
277	B	F	AUS	IND	0	433	0
278	B	F	AUS	IND	1	439	0.0022779043280182231
279	B	F	AUS	IND	0	434	0
280	B	F	AUS	IND	1	434	0.002304147465437788
281	B	F	AUS	IND	1	446	0.002242152466367713
282	B	F	AUS	IND	1	440	0.0022727272727272726
283	B	F	AUS	IND	0	430	0
284	B	F	AUS	IND	0	437	0
285	B	F	AUS	IND	0	430	0
286	B	F	AUS	IND	0	425	0
287	B	F	AUS	IND	3	430	0.0069767441860465115
288	B	F	AUS	IND	0	444	0
289	B	F	AUS	IND	0	435	0
290	B	F	AUS	IND	0	426	0
291	B	F	AUS	IND	0	434	0
292	B	F	AUS	IND	1	427	0.00234192037470726
293	B	F	AUS	IND	0	437	0
294	B	F	AUS	IND	0	437	0
295	B	F	AUS	IND	0	436	0
296	B	F	AUS	IND	0	432	0
297	B	F	AUS	IND	1	441	0.0022675736961451248
298	B	F	AUS	IND	1	437	0.0022883295194508009
299	B	F	AUS	IND	1	431	0.0023201856148491878
300	B	F	AUS	IND	0	435	0
1	C	F	CAM	IND	0	433	0
2	C	F	CAM	IND	0	440	0
3	C	F	CAM	IND	0	440	0
4	C	F	CAM	IND	0	434	0
5	C	F	CAM	IND	0	436	0
6	C	F	CAM	IND	0	437	0
7	C	F	CAM	IND	0	432	0
8	C	F	CAM	IND	0	442	0
9	C	F	CAM	IND	0	431	0
10	C	F	CAM	IND	0	433	0
11	C	F	CAM	IND	0	437	0
12	C	F	CAM	IND	0	436	0
13	C	F	CAM	IND	0	444	0
14	C	F	CAM	IND	0	442	0
15	C	F	CAM	IND	0	427	0
16	C	F	CAM	IND	0	444	0
17	C	F	CAM	IND	0	438	0
18	C	F	CAM	IND	0	440	0
19	C	F	CAM	IND	0	429	0
20	C	F	CAM	IND	0	430	0
21	C	F	CAM	IND	0	429	0
22	C	F	CAM	IND	0	435	0
23	C	F	CAM	IND	0	430	0
24	C	F	CAM	IND	0	443	0
25	C	F	CAM	IND	0	434	0
26	C	F	CAM	IND	0	438	0
27	C	F	CAM	IND	0	436	0
28	C	F	CAM	IND	0	438	0
29	C	F	CAM	IND	0	436	0
30	C	F	CAM	IND	0	439	0
31	C	F	CAM	IND	0	438	0
32	C	F	CAM	IND	0	439	0
33	C	F	CAM	IND	0	436	0
34	C	F	CAM	IND	0	438	0
35	C	F	CAM	IND	0	438	0
36	C	F	CAM	IND	0	440	0
37	C	F	CAM	IND	0	442	0
38	C	F	CAM	IND	0	437	0
39	C	F	CAM	IND	0	434	0
40	C	F	CAM	IND	0	442	0
41	C	F	CAM	IND	0	444	0
42	C	F	CAM	IND	0	427	0
43	C	F	CAM	IND	0	434	0
44	C	F	CAM	IND	0	430	0
45	C	F	CAM	IND	0	431	0
46	C	F	CAM	IND	0	429	0
47	C	F	CAM	IND	0	444	0
48	C	F	CAM	IND	0	441	0
49	C	F	CAM	IND	0	431	0
50	C	F	CAM	IND	0	424	0
51	C	F	CAM	IND	0	428	0
52	C	F	CAM	IND	0	428	0
53	C	F	CAM	IND	0	444	0
54	C	F	CAM	IND	0	439	0
55	C	F	CAM	IND	0	435	0
56	C	F	CAM	IND	0	437	0
57	C	F	CAM	IND	0	433	0
58	C	F	CAM	IND	0	441	0
59	C	F	CAM	IND	0	424	0
60	C	F	CAM	IND	0	440	0
61	C	F	CAM	IND	0	436	0
62	C	F	CAM	IND	0	422	0
63	C	F	CAM	IND	0	433	0
64	C	F	CAM	IND	0	433	0
65	C	F	CAM	IND	0	432	0
66	C	F	CAM	IND	0	445	0
67	C	F	CAM	IND	0	430	0
68	C	F	CAM	IND	0	438	0
69	C	F	CAM	IND	0	438	0
70	C	F	CAM	IND	0	439	0
71	C	F	CAM	IND	0	432	0
72	C	F	CAM	IND	0	436	0
73	C	F	CAM	IND	0	435	0
74	C	F	CAM	IND	0	436	0
75	C	F	CAM	IND	0	452	0
76	C	F	CAM	IND	0	441	0
77	C	F	CAM	IND	0	441	0
78	C	F	CAM	IND	0	435	0
79	C	F	CAM	IND	0	425	0
80	C	F	CAM	IND	0	440	0
81	C	F	CAM	IND	0	436	0
82	C	F	CAM	IND	0	435	0
83	C	F	CAM	IND	0	426	0
84	C	F	CAM	IND	0	447	0
85	C	F	CAM	IND	0	434	0
86	C	F	CAM	IND	0	431	0
87	C	F	CAM	IND	0	432	0
88	C	F	CAM	IND	0	445	0
89	C	F	CAM	IND	0	432	0
90	C	F	CAM	IND	0	431	0
91	C	F	CAM	IND	0	436	0
92	C	F	CAM	IND	0	442	0
93	C	F	CAM	IND	0	426	0
94	C	F	CAM	IND	0	426	0
95	C	F	CAM	IND	0	431	0
96	C	F	CAM	IND	0	439	0
97	C	F	CAM	IND	0	436	0
98	C	F	CAM	IND	0	433	0
99	C	F	CAM	IND	0	434	0
100	C	F	CAM	IND	0	439	0
101	C	F	CAM	IND	0	435	0
102	C	F	CAM	IND	0	448	0
103	C	F	CAM	IND	0	438	0
104	C	F	CAM	IND	0	431	0
105	C	F	CAM	IND	0	435	0
106	C	F	CAM	IND	0	435	0
107	C	F	CAM	IND	0	443	0
108	C	F	CAM	IND	0	426	0
109	C	F	CAM	IND	0	444	0
110	C	F	CAM	IND	0	427	0
111	C	F	CAM	IND	0	447	0
112	C	F	CAM	IND	0	436	0
113	C	F	CAM	IND	0	432	0
114	C	F	CAM	IND	0	442	0
115	C	F	CAM	IND	0	435	0
116	C	F	CAM	IND	0	445	0
117	C	F	CAM	IND	0	441	0
118	C	F	CAM	IND	0	436	0
119	C	F	CAM	IND	0	439	0
120	C	F	CAM	IND	0	451	0
121	C	F	CAM	IND	0	443	0
122	C	F	CAM	IND	0	432	0
123	C	F	CAM	IND	0	442	0
124	C	F	CAM	IND	0	437	0
125	C	F	CAM	IND	0	433	0
126	C	F	CAM	IND	0	438	0
127	C	F	CAM	IND	0	436	0
128	C	F	CAM	IND	0	436	0
129	C	F	CAM	IND	0	435	0
130	C	F	CAM	IND	0	433	0
131	C	F	CAM	IND	0	446	0
132	C	F	CAM	IND	0	442	0
133	C	F	CAM	IND	0	441	0
134	C	F	CAM	IND	0	444	0
135	C	F	CAM	IND	0	433	0
136	C	F	CAM	IND	0	432	0
137	C	F	CAM	IND	0	433	0
138	C	F	CAM	IND	0	438	0
139	C	F	CAM	IND	0	433	0
140	C	F	CAM	IND	0	433	0
141	C	F	CAM	IND	0	427	0
142	C	F	CAM	IND	0	425	0
143	C	F	CAM	IND	0	430	0
144	C	F	CAM	IND	0	434	0
145	C	F	CAM	IND	0	446	0
146	C	F	CAM	IND	0	439	0
147	C	F	CAM	IND	0	433	0
148	C	F	CAM	IND	0	437	0
149	C	F	CAM	IND	0	425	0
150	C	F	CAM	IND	0	440	0
151	C	F	CAM	IND	0	445	0
152	C	F	CAM	IND	0	435	0
153	C	F	CAM	IND	0	438	0
154	C	F	CAM	IND	0	445	0
155	C	F	CAM	IND	0	432	0
156	C	F	CAM	IND	0	429	0
157	C	F	CAM	IND	0	432	0
158	C	F	CAM	IND	0	435	0
159	C	F	CAM	IND	0	441	0
160	C	F	CAM	IND	0	439	0
161	C	F	CAM	IND	0	438	0
162	C	F	CAM	IND	0	436	0
163	C	F	CAM	IND	0	434	0
164	C	F	CAM	IND	0	437	0
165	C	F	CAM	IND	0	428	0
166	C	F	CAM	IND	0	436	0
167	C	F	CAM	IND	0	433	0
168	C	F	CAM	IND	0	435	0
169	C	F	CAM	IND	0	434	0
170	C	F	CAM	IND	0	432	0
171	C	F	CAM	IND	0	434	0
172	C	F	CAM	IND	0	444	0
173	C	F	CAM	IND	0	440	0
174	C	F	CAM	IND	0	435	0
175	C	F	CAM	IND	0	429	0
176	C	F	CAM	IND	0	437	0
177	C	F	CAM	IND	0	434	0
178	C	F	CAM	IND	0	442	0
179	C	F	CAM	IND	0	447	0
180	C	F	CAM	IND	0	442	0
181	C	F	CAM	IND	0	435	0
182	C	F	CAM	IND	0	441	0
183	C	F	CAM	IND	0	437	0
184	C	F	CAM	IND	0	436	0
185	C	F	CAM	IND	0	434	0
186	C	F	CAM	IND	0	437	0
187	C	F	CAM	IND	0	433	0
188	C	F	CAM	IND	0	430	0
189	C	F	CAM	IND	0	443	0
190	C	F	CAM	IND	0	434	0
191	C	F	CAM	IND	0	429	0
192	C	F	CAM	IND	0	430	0
193	C	F	CAM	IND	0	431	0
194	C	F	CAM	IND	0	423	0
195	C	F	CAM	IND	0	433	0
196	C	F	CAM	IND	0	436	0
197	C	F	CAM	IND	0	444	0
198	C	F	CAM	IND	0	446	0
199	C	F	CAM	IND	0	434	0
200	C	F	CAM	IND	0	431	0
201	C	F	CAM	IND	0	435	0
202	C	F	CAM	IND	0	427	0
203	C	F	CAM	IND	0	433	0
204	C	F	CAM	IND	0	437	0
205	C	F	CAM	IND	0	431	0
206	C	F	CAM	IND	0	435	0
207	C	F	CAM	IND	0	442	0
208	C	F	CAM	IND	0	434	0
209	C	F	CAM	IND	0	438	0
210	C	F	CAM	IND	0	434	0
211	C	F	CAM	IND	0	440	0
212	C	F	CAM	IND	0	447	0
213	C	F	CAM	IND	0	436	0
214	C	F	CAM	IND	0	428	0
215	C	F	CAM	IND	0	448	0
216	C	F	CAM	IND	0	442	0
217	C	F	CAM	IND	0	433	0
218	C	F	CAM	IND	0	431	0
219	C	F	CAM	IND	0	434	0
220	C	F	CAM	IND	0	445	0
221	C	F	CAM	IND	0	422	0
222	C	F	CAM	IND	0	425	0
223	C	F	CAM	IND	0	431	0
224	C	F	CAM	IND	0	432	0
225	C	F	CAM	IND	0	431	0
226	C	F	CAM	IND	0	430	0
227	C	F	CAM	IND	0	441	0
228	C	F	CAM	IND	0	444	0
229	C	F	CAM	IND	0	446	0
230	C	F	CAM	IND	0	439	0
231	C	F	CAM	IND	0	435	0
232	C	F	CAM	IND	0	434	0
233	C	F	CAM	IND	0	437	0
234	C	F	CAM	IND	0	435	0
235	C	F	CAM	IND	0	434	0
236	C	F	CAM	IND	0	431	0
237	C	F	CAM	IND	0	447	0
238	C	F	CAM	IND	0	438	0
239	C	F	CAM	IND	0	427	0
240	C	F	CAM	IND	0	437	0
241	C	F	CAM	IND	0	431	0
242	C	F	CAM	IND	0	441	0
243	C	F	CAM	IND	0	440	0
244	C	F	CAM	IND	0	438	0
245	C	F	CAM	IND	0	435	0
246	C	F	CAM	IND	0	441	0
247	C	F	CAM	IND	0	433	0
248	C	F	CAM	IND	0	435	0
249	C	F	CAM	IND	0	445	0
250	C	F	CAM	IND	0	431	0
251	C	F	CAM	IND	0	444	0
252	C	F	CAM	IND	0	439	0
253	C	F	CAM	IND	0	431	0
254	C	F	CAM	IND	0	428	0
255	C	F	CAM	IND	0	436	0
256	C	F	CAM	IND	0	431	0
257	C	F	CAM	IND	0	436	0
258	C	F	CAM	IND	0	440	0
259	C	F	CAM	IND	0	436	0
260	C	F	CAM	IND	0	431	0
261	C	F	CAM	IND	0	445	0
262	C	F	CAM	IND	0	435	0
263	C	F	CAM	IND	0	430	0
264	C	F	CAM	IND	0	438	0
265	C	F	CAM	IND	0	434	0
266	C	F	CAM	IND	0	429	0
267	C	F	CAM	IND	0	437	0
268	C	F	CAM	IND	0	431	0
269	C	F	CAM	IND	0	433	0
270	C	F	CAM	IND	0	430	0
271	C	F	CAM	IND	0	428	0
272	C	F	CAM	IND	0	433	0
273	C	F	CAM	IND	0	438	0
274	C	F	CAM	IND	0	435	0
275	C	F	CAM	IND	0	443	0
276	C	F	CAM	IND	0	425	0
277	C	F	CAM	IND	0	433	0
278	C	F	CAM	IND	0	439	0
279	C	F	CAM	IND	0	434	0
280	C	F	CAM	IND	0	434	0
281	C	F	CAM	IND	0	446	0
282	C	F	CAM	IND	0	440	0
283	C	F	CAM	IND	0	430	0
284	C	F	CAM	IND	0	437	0
285	C	F	CAM	IND	0	430	0
286	C	F	CAM	IND	0	425	0
287	C	F	CAM	IND	0	430	0
288	C	F	CAM	IND	0	444	0
289	C	F	CAM	IND	0	435	0
290	C	F	CAM	IND	0	426	0
291	C	F	CAM	IND	0	434	0
292	C	F	CAM	IND	0	427	0
293	C	F	CAM	IND	0	437	0
294	C	F	CAM	IND	0	437	0
295	C	F	CAM	IND	0	436	0
296	C	F	CAM	IND	0	432	0
297	C	F	CAM	IND	0	441	0
298	C	F	CAM	IND	0	437	0
299	C	F	CAM	IND	0	431	0
300	C	F	CAM	IND	0	435	0
1	D	F	ENA	IND	0	433	0
2	D	F	ENA	IND	0	440	0
3	D	F	ENA	IND	0	440	0
4	D	F	ENA	IND	0	434	0
5	D	F	ENA	IND	0	436	0
6	D	F	ENA	IND	0	437	0
7	D	F	ENA	IND	0	432	0
8	D	F	ENA	IND	0	442	0
9	D	F	ENA	IND	0	431	0
10	D	F	ENA	IND	0	433	0
11	D	F	ENA	IND	0	437	0
12	D	F	ENA	IND	0	436	0
13	D	F	ENA	IND	0	444	0
14	D	F	ENA	IND	0	442	0
15	D	F	ENA	IND	0	427	0
16	D	F	ENA	IND	0	444	0
17	D	F	ENA	IND	0	438	0
18	D	F	ENA	IND	0	440	0
19	D	F	ENA	IND	0	429	0
20	D	F	ENA	IND	0	430	0
21	D	F	ENA	IND	0	429	0
22	D	F	ENA	IND	0	435	0
23	D	F	ENA	IND	0	430	0
24	D	F	ENA	IND	0	443	0
25	D	F	ENA	IND	0	434	0
26	D	F	ENA	IND	0	438	0
27	D	F	ENA	IND	0	436	0
28	D	F	ENA	IND	0	438	0
29	D	F	ENA	IND	0	436	0
30	D	F	ENA	IND	0	439	0
31	D	F	ENA	IND	0	438	0
32	D	F	ENA	IND	0	439	0
33	D	F	ENA	IND	0	436	0
34	D	F	ENA	IND	0	438	0
35	D	F	ENA	IND	0	438	0
36	D	F	ENA	IND	0	440	0
37	D	F	ENA	IND	0	442	0
38	D	F	ENA	IND	0	437	0
39	D	F	ENA	IND	0	434	0
40	D	F	ENA	IND	0	442	0
41	D	F	ENA	IND	0	444	0
42	D	F	ENA	IND	0	427	0
43	D	F	ENA	IND	0	434	0
44	D	F	ENA	IND	0	430	0
45	D	F	ENA	IND	0	431	0
46	D	F	ENA	IND	0	429	0
47	D	F	ENA	IND	0	444	0
48	D	F	ENA	IND	0	441	0
49	D	F	ENA	IND	0	431	0
50	D	F	ENA	IND	0	424	0
51	D	F	ENA	IND	0	428	0
52	D	F	ENA	IND	0	428	0
53	D	F	ENA	IND	0	444	0
54	D	F	ENA	IND	0	439	0
55	D	F	ENA	IND	0	435	0
56	D	F	ENA	IND	0	437	0
57	D	F	ENA	IND	0	433	0
58	D	F	ENA	IND	0	441	0
59	D	F	ENA	IND	0	424	0
60	D	F	ENA	IND	0	440	0
61	D	F	ENA	IND	0	436	0
62	D	F	ENA	IND	0	422	0
63	D	F	ENA	IND	0	433	0
64	D	F	ENA	IND	0	433	0
65	D	F	ENA	IND	0	432	0
66	D	F	ENA	IND	0	445	0
67	D	F	ENA	IND	0	430	0
68	D	F	ENA	IND	0	438	0
69	D	F	ENA	IND	0	438	0
70	D	F	ENA	IND	0	439	0
71	D	F	ENA	IND	0	432	0
72	D	F	ENA	IND	0	436	0
73	D	F	ENA	IND	0	435	0
74	D	F	ENA	IND	0	436	0
75	D	F	ENA	IND	0	452	0
76	D	F	ENA	IND	0	441	0
77	D	F	ENA	IND	0	441	0
78	D	F	ENA	IND	0	435	0
79	D	F	ENA	IND	0	425	0
80	D	F	ENA	IND	0	440	0
81	D	F	ENA	IND	0	436	0
82	D	F	ENA	IND	0	435	0
83	D	F	ENA	IND	0	426	0
84	D	F	ENA	IND	0	447	0
85	D	F	ENA	IND	0	434	0
86	D	F	ENA	IND	0	431	0
87	D	F	ENA	IND	0	432	0
88	D	F	ENA	IND	0	445	0
89	D	F	ENA	IND	0	432	0
90	D	F	ENA	IND	0	431	0
91	D	F	ENA	IND	0	436	0
92	D	F	ENA	IND	0	442	0
93	D	F	ENA	IND	0	426	0
94	D	F	ENA	IND	0	426	0
95	D	F	ENA	IND	0	431	0
96	D	F	ENA	IND	0	439	0
97	D	F	ENA	IND	0	436	0
98	D	F	ENA	IND	0	433	0
99	D	F	ENA	IND	0	434	0
100	D	F	ENA	IND	0	439	0
101	D	F	ENA	IND	0	435	0
102	D	F	ENA	IND	0	448	0
103	D	F	ENA	IND	0	438	0
104	D	F	ENA	IND	0	431	0
105	D	F	ENA	IND	0	435	0
106	D	F	ENA	IND	0	435	0
107	D	F	ENA	IND	0	443	0
108	D	F	ENA	IND	0	426	0
109	D	F	ENA	IND	0	444	0
110	D	F	ENA	IND	0	427	0
111	D	F	ENA	IND	0	447	0
112	D	F	ENA	IND	0	436	0
113	D	F	ENA	IND	0	432	0
114	D	F	ENA	IND	0	442	0
115	D	F	ENA	IND	0	435	0
116	D	F	ENA	IND	0	445	0
117	D	F	ENA	IND	0	441	0
118	D	F	ENA	IND	0	436	0
119	D	F	ENA	IND	0	439	0
120	D	F	ENA	IND	0	451	0
121	D	F	ENA	IND	0	443	0
122	D	F	ENA	IND	0	432	0
123	D	F	ENA	IND	0	442	0
124	D	F	ENA	IND	0	437	0
125	D	F	ENA	IND	0	433	0
126	D	F	ENA	IND	0	438	0
127	D	F	ENA	IND	0	436	0
128	D	F	ENA	IND	0	436	0
129	D	F	ENA	IND	0	435	0
130	D	F	ENA	IND	0	433	0
131	D	F	ENA	IND	0	446	0
132	D	F	ENA	IND	0	442	0
133	D	F	ENA	IND	0	441	0
134	D	F	ENA	IND	0	444	0
135	D	F	ENA	IND	0	433	0
136	D	F	ENA	IND	0	432	0
137	D	F	ENA	IND	0	433	0
138	D	F	ENA	IND	0	438	0
139	D	F	ENA	IND	0	433	0
140	D	F	ENA	IND	0	433	0
141	D	F	ENA	IND	0	427	0
142	D	F	ENA	IND	0	425	0
143	D	F	ENA	IND	0	430	0
144	D	F	ENA	IND	0	434	0
145	D	F	ENA	IND	0	446	0
146	D	F	ENA	IND	0	439	0
147	D	F	ENA	IND	0	433	0
148	D	F	ENA	IND	0	437	0
149	D	F	ENA	IND	0	425	0
150	D	F	ENA	IND	0	440	0
151	D	F	ENA	IND	0	445	0
152	D	F	ENA	IND	0	435	0
153	D	F	ENA	IND	0	438	0
154	D	F	ENA	IND	0	445	0
155	D	F	ENA	IND	0	432	0
156	D	F	ENA	IND	0	429	0
157	D	F	ENA	IND	0	432	0
158	D	F	ENA	IND	0	435	0
159	D	F	ENA	IND	0	441	0
160	D	F	ENA	IND	0	439	0
161	D	F	ENA	IND	0	438	0
162	D	F	ENA	IND	0	436	0
163	D	F	ENA	IND	0	434	0
164	D	F	ENA	IND	0	437	0
165	D	F	ENA	IND	0	428	0
166	D	F	ENA	IND	0	436	0
167	D	F	ENA	IND	0	433	0
168	D	F	ENA	IND	0	435	0
169	D	F	ENA	IND	0	434	0
170	D	F	ENA	IND	0	432	0
171	D	F	ENA	IND	0	434	0
172	D	F	ENA	IND	0	444	0
173	D	F	ENA	IND	0	440	0
174	D	F	ENA	IND	0	435	0
175	D	F	ENA	IND	0	429	0
176	D	F	ENA	IND	0	437	0
177	D	F	ENA	IND	0	434	0
178	D	F	ENA	IND	0	442	0
179	D	F	ENA	IND	0	447	0
180	D	F	ENA	IND	0	442	0
181	D	F	ENA	IND	0	435	0
182	D	F	ENA	IND	0	441	0
183	D	F	ENA	IND	0	437	0
184	D	F	ENA	IND	0	436	0
185	D	F	ENA	IND	0	434	0
186	D	F	ENA	IND	0	437	0
187	D	F	ENA	IND	0	433	0
188	D	F	ENA	IND	0	430	0
189	D	F	ENA	IND	0	443	0
190	D	F	ENA	IND	0	434	0
191	D	F	ENA	IND	0	429	0
192	D	F	ENA	IND	0	430	0
193	D	F	ENA	IND	0	431	0
194	D	F	ENA	IND	0	423	0
195	D	F	ENA	IND	0	433	0
196	D	F	ENA	IND	0	436	0
197	D	F	ENA	IND	0	444	0
198	D	F	ENA	IND	0	446	0
199	D	F	ENA	IND	0	434	0
200	D	F	ENA	IND	0	431	0
201	D	F	ENA	IND	0	435	0
202	D	F	ENA	IND	0	427	0
203	D	F	ENA	IND	0	433	0
204	D	F	ENA	IND	0	437	0
205	D	F	ENA	IND	0	431	0
206	D	F	ENA	IND	0	435	0
207	D	F	ENA	IND	0	442	0
208	D	F	ENA	IND	0	434	0
209	D	F	ENA	IND	0	438	0
210	D	F	ENA	IND	0	434	0
211	D	F	ENA	IND	0	440	0
212	D	F	ENA	IND	0	447	0
213	D	F	ENA	IND	0	436	0
214	D	F	ENA	IND	0	428	0
215	D	F	ENA	IND	0	448	0
216	D	F	ENA	IND	0	442	0
217	D	F	ENA	IND	0	433	0
218	D	F	ENA	IND	0	431	0
219	D	F	ENA	IND	0	434	0
220	D	F	ENA	IND	0	445	0
221	D	F	ENA	IND	0	422	0
222	D	F	ENA	IND	0	425	0
223	D	F	ENA	IND	0	431	0
224	D	F	ENA	IND	0	432	0
225	D	F	ENA	IND	0	431	0
226	D	F	ENA	IND	0	430	0
227	D	F	ENA	IND	0	441	0
228	D	F	ENA	IND	0	444	0
229	D	F	ENA	IND	0	446	0
230	D	F	ENA	IND	0	439	0
231	D	F	ENA	IND	0	435	0
232	D	F	ENA	IND	0	434	0
233	D	F	ENA	IND	0	437	0
234	D	F	ENA	IND	0	435	0
235	D	F	ENA	IND	0	434	0
236	D	F	ENA	IND	0	431	0
237	D	F	ENA	IND	0	447	0
238	D	F	ENA	IND	0	438	0
239	D	F	ENA	IND	0	427	0
240	D	F	ENA	IND	0	437	0
241	D	F	ENA	IND	0	431	0
242	D	F	ENA	IND	0	441	0
243	D	F	ENA	IND	0	440	0
244	D	F	ENA	IND	0	438	0
245	D	F	ENA	IND	0	435	0
246	D	F	ENA	IND	0	441	0
247	D	F	ENA	IND	0	433	0
248	D	F	ENA	IND	0	435	0
249	D	F	ENA	IND	0	445	0
250	D	F	ENA	IND	0	431	0
251	D	F	ENA	IND	0	444	0
252	D	F	ENA	IND	0	439	0
253	D	F	ENA	IND	0	431	0
254	D	F	ENA	IND	0	428	0
255	D	F	ENA	IND	0	436	0
256	D	F	ENA	IND	0	431	0
257	D	F	ENA	IND	0	436	0
258	D	F	ENA	IND	0	440	0
259	D	F	ENA	IND	0	436	0
260	D	F	ENA	IND	0	431	0
261	D	F	ENA	IND	0	445	0
262	D	F	ENA	IND	0	435	0
263	D	F	ENA	IND	0	430	0
264	D	F	ENA	IND	0	438	0
265	D	F	ENA	IND	0	434	0
266	D	F	ENA	IND	0	429	0
267	D	F	ENA	IND	0	437	0
268	D	F	ENA	IND	0	431	0
269	D	F	ENA	IND	0	433	0
270	D	F	ENA	IND	0	430	0
271	D	F	ENA	IND	0	428	0
272	D	F	ENA	IND	0	433	0
273	D	F	ENA	IND	0	438	0
274	D	F	ENA	IND	0	435	0
275	D	F	ENA	IND	0	443	0
276	D	F	ENA	IND	0	425	0
277	D	F	ENA	IND	0	433	0
278	D	F	ENA	IND	0	439	0
279	D	F	ENA	IND	0	434	0
280	D	F	ENA	IND	0	434	0
281	D	F	ENA	IND	0	446	0
282	D	F	ENA	IND	0	440	0
283	D	F	ENA	IND	0	430	0
284	D	F	ENA	IND	0	437	0
285	D	F	ENA	IND	0	430	0
286	D	F	ENA	IND	0	425	0
287	D	F	ENA	IND	0	430	0
288	D	F	ENA	IND	0	444	0
289	D	F	ENA	IND	0	435	0
290	D	F	ENA	IND	0	426	0
291	D	F	ENA	IND	0	434	0
292	D	F	ENA	IND	0	427	0
293	D	F	ENA	IND	0	437	0
294	D	F	ENA	IND	0	437	0
295	D	F	ENA	IND	0	436	0
296	D	F	ENA	IND	0	432	0
297	D	F	ENA	IND	0	441	0
298	D	F	ENA	IND	0	437	0
299	D	F	ENA	IND	0	431	0
300	D	F	ENA	IND	0	435	0
1	E	F	EPA	IND	8	433	0.018475750577367205
2	E	F	EPA	IND	4	440	0.0090909090909090905
3	E	F	EPA	IND	8	440	0.018181818181818181
4	E	F	EPA	IND	1	434	0.002304147465437788
5	E	F	EPA	IND	1	436	0.0022935779816513763
6	E	F	EPA	IND	2	437	0.0045766590389016018
7	E	F	EPA	IND	6	432	0.013888888888888888
8	E	F	EPA	IND	5	442	0.011312217194570135
9	E	F	EPA	IND	6	431	0.013921113689095127
10	E	F	EPA	IND	3	433	0.0069284064665127024
11	E	F	EPA	IND	8	437	0.018306636155606407
12	E	F	EPA	IND	4	436	0.0091743119266055051
13	E	F	EPA	IND	4	444	0.0090090090090090089
14	E	F	EPA	IND	5	442	0.011312217194570135
15	E	F	EPA	IND	3	427	0.0070257611241217799
16	E	F	EPA	IND	9	444	0.020270270270270271
17	E	F	EPA	IND	4	438	0.0091324200913242004
18	E	F	EPA	IND	7	440	0.015909090909090907
19	E	F	EPA	IND	7	429	0.016317016317016316
20	E	F	EPA	IND	2	430	0.0046511627906976744
21	E	F	EPA	IND	3	429	0.006993006993006993
22	E	F	EPA	IND	7	435	0.016091954022988506
23	E	F	EPA	IND	5	430	0.011627906976744186
24	E	F	EPA	IND	5	443	0.011286681715575621
25	E	F	EPA	IND	7	434	0.016129032258064516
26	E	F	EPA	IND	5	438	0.011415525114155251
27	E	F	EPA	IND	4	436	0.0091743119266055051
28	E	F	EPA	IND	5	438	0.011415525114155251
29	E	F	EPA	IND	7	436	0.016055045871559634
30	E	F	EPA	IND	3	439	0.0068337129840546698
31	E	F	EPA	IND	5	438	0.011415525114155251
32	E	F	EPA	IND	6	439	0.01366742596810934
33	E	F	EPA	IND	2	436	0.0045871559633027525
34	E	F	EPA	IND	5	438	0.011415525114155251
35	E	F	EPA	IND	4	438	0.0091324200913242004
36	E	F	EPA	IND	3	440	0.0068181818181818179
37	E	F	EPA	IND	4	442	0.0090497737556561094
38	E	F	EPA	IND	5	437	0.011441647597254004
39	E	F	EPA	IND	4	434	0.0092165898617511521
40	E	F	EPA	IND	2	442	0.0045248868778280547
41	E	F	EPA	IND	6	444	0.013513513513513514
42	E	F	EPA	IND	3	427	0.0070257611241217799
43	E	F	EPA	IND	3	434	0.0069124423963133645
44	E	F	EPA	IND	7	430	0.01627906976744186
45	E	F	EPA	IND	3	431	0.0069605568445475635
46	E	F	EPA	IND	3	429	0.006993006993006993
47	E	F	EPA	IND	6	444	0.013513513513513514
48	E	F	EPA	IND	8	441	0.018140589569160998
49	E	F	EPA	IND	4	431	0.0092807424593967514
50	E	F	EPA	IND	4	424	0.009433962264150943
51	E	F	EPA	IND	9	428	0.021028037383177569
52	E	F	EPA	IND	5	428	0.011682242990654205
53	E	F	EPA	IND	1	444	0.0022522522522522522
54	E	F	EPA	IND	8	439	0.018223234624145785
55	E	F	EPA	IND	5	435	0.011494252873563218
56	E	F	EPA	IND	5	437	0.011441647597254004
57	E	F	EPA	IND	6	433	0.013856812933025405
58	E	F	EPA	IND	6	441	0.013605442176870748
59	E	F	EPA	IND	5	424	0.01179245283018868
60	E	F	EPA	IND	7	440	0.015909090909090907
61	E	F	EPA	IND	2	436	0.0045871559633027525
62	E	F	EPA	IND	4	422	0.0094786729857819912
63	E	F	EPA	IND	1	433	0.0023094688221709007
64	E	F	EPA	IND	3	433	0.0069284064665127024
65	E	F	EPA	IND	3	432	0.0069444444444444441
66	E	F	EPA	IND	4	445	0.008988764044943821
67	E	F	EPA	IND	5	430	0.011627906976744186
68	E	F	EPA	IND	2	438	0.0045662100456621002
69	E	F	EPA	IND	5	438	0.011415525114155251
70	E	F	EPA	IND	9	439	0.020501138952164009
71	E	F	EPA	IND	4	432	0.0092592592592592587
72	E	F	EPA	IND	4	436	0.0091743119266055051
73	E	F	EPA	IND	7	435	0.016091954022988506
74	E	F	EPA	IND	5	436	0.011467889908256881
75	E	F	EPA	IND	4	452	0.0088495575221238937
76	E	F	EPA	IND	6	441	0.013605442176870748
77	E	F	EPA	IND	3	441	0.0068027210884353739
78	E	F	EPA	IND	8	435	0.018390804597701149
79	E	F	EPA	IND	7	425	0.016470588235294119
80	E	F	EPA	IND	5	440	0.011363636363636364
81	E	F	EPA	IND	3	436	0.0068807339449541288
82	E	F	EPA	IND	4	435	0.0091954022988505746
83	E	F	EPA	IND	3	426	0.0070422535211267607
84	E	F	EPA	IND	3	447	0.0067114093959731542
85	E	F	EPA	IND	2	434	0.004608294930875576
86	E	F	EPA	IND	5	431	0.011600928074245939
87	E	F	EPA	IND	4	432	0.0092592592592592587
88	E	F	EPA	IND	4	445	0.008988764044943821
89	E	F	EPA	IND	5	432	0.011574074074074073
90	E	F	EPA	IND	3	431	0.0069605568445475635
91	E	F	EPA	IND	9	436	0.020642201834862386
92	E	F	EPA	IND	6	442	0.013574660633484163
93	E	F	EPA	IND	7	426	0.016431924882629109
94	E	F	EPA	IND	4	426	0.0093896713615023476
95	E	F	EPA	IND	11	431	0.025522041763341066
96	E	F	EPA	IND	2	439	0.0045558086560364463
97	E	F	EPA	IND	5	436	0.011467889908256881
98	E	F	EPA	IND	3	433	0.0069284064665127024
99	E	F	EPA	IND	7	434	0.016129032258064516
100	E	F	EPA	IND	6	439	0.01366742596810934
101	E	F	EPA	IND	4	435	0.0091954022988505746
102	E	F	EPA	IND	7	448	0.015625
103	E	F	EPA	IND	8	438	0.018264840182648401
104	E	F	EPA	IND	1	431	0.0023201856148491878
105	E	F	EPA	IND	7	435	0.016091954022988506
106	E	F	EPA	IND	10	435	0.022988505747126436
107	E	F	EPA	IND	5	443	0.011286681715575621
108	E	F	EPA	IND	5	426	0.011737089201877934
109	E	F	EPA	IND	6	444	0.013513513513513514
110	E	F	EPA	IND	5	427	0.011709601873536301
111	E	F	EPA	IND	5	447	0.011185682326621925
112	E	F	EPA	IND	3	436	0.0068807339449541288
113	E	F	EPA	IND	6	432	0.013888888888888888
114	E	F	EPA	IND	6	442	0.013574660633484163
115	E	F	EPA	IND	6	435	0.013793103448275862
116	E	F	EPA	IND	5	445	0.011235955056179775
117	E	F	EPA	IND	1	441	0.0022675736961451248
118	E	F	EPA	IND	3	436	0.0068807339449541288
119	E	F	EPA	IND	5	439	0.011389521640091117
120	E	F	EPA	IND	4	451	0.008869179600886918
121	E	F	EPA	IND	6	443	0.013544018058690745
122	E	F	EPA	IND	5	432	0.011574074074074073
123	E	F	EPA	IND	7	442	0.015837104072398189
124	E	F	EPA	IND	10	437	0.022883295194508008
125	E	F	EPA	IND	4	433	0.0092378752886836026
126	E	F	EPA	IND	4	438	0.0091324200913242004
127	E	F	EPA	IND	5	436	0.011467889908256881
128	E	F	EPA	IND	4	436	0.0091743119266055051
129	E	F	EPA	IND	6	435	0.013793103448275862
130	E	F	EPA	IND	3	433	0.0069284064665127024
131	E	F	EPA	IND	5	446	0.011210762331838564
132	E	F	EPA	IND	11	442	0.024886877828054297
133	E	F	EPA	IND	1	441	0.0022675736961451248
134	E	F	EPA	IND	5	444	0.011261261261261261
135	E	F	EPA	IND	3	433	0.0069284064665127024
136	E	F	EPA	IND	5	432	0.011574074074074073
137	E	F	EPA	IND	11	433	0.025404157043879907
138	E	F	EPA	IND	6	438	0.013698630136986301
139	E	F	EPA	IND	6	433	0.013856812933025405
140	E	F	EPA	IND	8	433	0.018475750577367205
141	E	F	EPA	IND	6	427	0.01405152224824356
142	E	F	EPA	IND	6	425	0.01411764705882353
143	E	F	EPA	IND	11	430	0.025581395348837209
144	E	F	EPA	IND	6	434	0.013824884792626729
145	E	F	EPA	IND	8	446	0.017937219730941704
146	E	F	EPA	IND	6	439	0.01366742596810934
147	E	F	EPA	IND	3	433	0.0069284064665127024
148	E	F	EPA	IND	7	437	0.016018306636155607
149	E	F	EPA	IND	0	425	0
150	E	F	EPA	IND	5	440	0.011363636363636364
151	E	F	EPA	IND	6	445	0.013483146067415731
152	E	F	EPA	IND	7	435	0.016091954022988506
153	E	F	EPA	IND	3	438	0.0068493150684931503
154	E	F	EPA	IND	5	445	0.011235955056179775
155	E	F	EPA	IND	3	432	0.0069444444444444441
156	E	F	EPA	IND	5	429	0.011655011655011656
157	E	F	EPA	IND	4	432	0.0092592592592592587
158	E	F	EPA	IND	6	435	0.013793103448275862
159	E	F	EPA	IND	5	441	0.011337868480725623
160	E	F	EPA	IND	6	439	0.01366742596810934
161	E	F	EPA	IND	3	438	0.0068493150684931503
162	E	F	EPA	IND	5	436	0.011467889908256881
163	E	F	EPA	IND	3	434	0.0069124423963133645
164	E	F	EPA	IND	7	437	0.016018306636155607
165	E	F	EPA	IND	8	428	0.018691588785046728
166	E	F	EPA	IND	6	436	0.013761467889908258
167	E	F	EPA	IND	2	433	0.0046189376443418013
168	E	F	EPA	IND	5	435	0.011494252873563218
169	E	F	EPA	IND	5	434	0.011520737327188941
170	E	F	EPA	IND	3	432	0.0069444444444444441
171	E	F	EPA	IND	4	434	0.0092165898617511521
172	E	F	EPA	IND	4	444	0.0090090090090090089
173	E	F	EPA	IND	7	440	0.015909090909090907
174	E	F	EPA	IND	7	435	0.016091954022988506
175	E	F	EPA	IND	5	429	0.011655011655011656
176	E	F	EPA	IND	2	437	0.0045766590389016018
177	E	F	EPA	IND	2	434	0.004608294930875576
178	E	F	EPA	IND	5	442	0.011312217194570135
179	E	F	EPA	IND	1	447	0.0022371364653243847
180	E	F	EPA	IND	2	442	0.0045248868778280547
181	E	F	EPA	IND	4	435	0.0091954022988505746
182	E	F	EPA	IND	3	441	0.0068027210884353739
183	E	F	EPA	IND	4	437	0.0091533180778032037
184	E	F	EPA	IND	5	436	0.011467889908256881
185	E	F	EPA	IND	2	434	0.004608294930875576
186	E	F	EPA	IND	3	437	0.0068649885583524023
187	E	F	EPA	IND	6	433	0.013856812933025405
188	E	F	EPA	IND	5	430	0.011627906976744186
189	E	F	EPA	IND	6	443	0.013544018058690745
190	E	F	EPA	IND	6	434	0.013824884792626729
191	E	F	EPA	IND	6	429	0.013986013986013986
192	E	F	EPA	IND	5	430	0.011627906976744186
193	E	F	EPA	IND	11	431	0.025522041763341066
194	E	F	EPA	IND	8	423	0.018912529550827423
195	E	F	EPA	IND	3	433	0.0069284064665127024
196	E	F	EPA	IND	4	436	0.0091743119266055051
197	E	F	EPA	IND	1	444	0.0022522522522522522
198	E	F	EPA	IND	4	446	0.0089686098654708519
199	E	F	EPA	IND	3	434	0.0069124423963133645
200	E	F	EPA	IND	5	431	0.011600928074245939
201	E	F	EPA	IND	7	435	0.016091954022988506
202	E	F	EPA	IND	7	427	0.016393442622950821
203	E	F	EPA	IND	5	433	0.011547344110854504
204	E	F	EPA	IND	5	437	0.011441647597254004
205	E	F	EPA	IND	8	431	0.018561484918793503
206	E	F	EPA	IND	6	435	0.013793103448275862
207	E	F	EPA	IND	7	442	0.015837104072398189
208	E	F	EPA	IND	2	434	0.004608294930875576
209	E	F	EPA	IND	8	438	0.018264840182648401
210	E	F	EPA	IND	5	434	0.011520737327188941
211	E	F	EPA	IND	2	440	0.0045454545454545452
212	E	F	EPA	IND	2	447	0.0044742729306487695
213	E	F	EPA	IND	4	436	0.0091743119266055051
214	E	F	EPA	IND	7	428	0.016355140186915886
215	E	F	EPA	IND	7	448	0.015625
216	E	F	EPA	IND	5	442	0.011312217194570135
217	E	F	EPA	IND	7	433	0.016166281755196306
218	E	F	EPA	IND	4	431	0.0092807424593967514
219	E	F	EPA	IND	7	434	0.016129032258064516
220	E	F	EPA	IND	10	445	0.02247191011235955
221	E	F	EPA	IND	6	422	0.014218009478672985
222	E	F	EPA	IND	3	425	0.007058823529411765
223	E	F	EPA	IND	4	431	0.0092807424593967514
224	E	F	EPA	IND	6	432	0.013888888888888888
225	E	F	EPA	IND	5	431	0.011600928074245939
226	E	F	EPA	IND	7	430	0.01627906976744186
227	E	F	EPA	IND	7	441	0.015873015873015872
228	E	F	EPA	IND	6	444	0.013513513513513514
229	E	F	EPA	IND	5	446	0.011210762331838564
230	E	F	EPA	IND	7	439	0.015945330296127564
231	E	F	EPA	IND	5	435	0.011494252873563218
232	E	F	EPA	IND	6	434	0.013824884792626729
233	E	F	EPA	IND	8	437	0.018306636155606407
234	E	F	EPA	IND	2	435	0.0045977011494252873
235	E	F	EPA	IND	7	434	0.016129032258064516
236	E	F	EPA	IND	5	431	0.011600928074245939
237	E	F	EPA	IND	6	447	0.013422818791946308
238	E	F	EPA	IND	3	438	0.0068493150684931503
239	E	F	EPA	IND	3	427	0.0070257611241217799
240	E	F	EPA	IND	4	437	0.0091533180778032037
241	E	F	EPA	IND	2	431	0.0046403712296983757
242	E	F	EPA	IND	3	441	0.0068027210884353739
243	E	F	EPA	IND	6	440	0.013636363636363636
244	E	F	EPA	IND	3	438	0.0068493150684931503
245	E	F	EPA	IND	4	435	0.0091954022988505746
246	E	F	EPA	IND	5	441	0.011337868480725623
247	E	F	EPA	IND	2	433	0.0046189376443418013
248	E	F	EPA	IND	6	435	0.013793103448275862
249	E	F	EPA	IND	9	445	0.020224719101123594
250	E	F	EPA	IND	5	431	0.011600928074245939
251	E	F	EPA	IND	4	444	0.0090090090090090089
252	E	F	EPA	IND	5	439	0.011389521640091117
253	E	F	EPA	IND	6	431	0.013921113689095127
254	E	F	EPA	IND	5	428	0.011682242990654205
255	E	F	EPA	IND	6	436	0.013761467889908258
256	E	F	EPA	IND	4	431	0.0092807424593967514
257	E	F	EPA	IND	5	436	0.011467889908256881
258	E	F	EPA	IND	1	440	0.0022727272727272726
259	E	F	EPA	IND	9	436	0.020642201834862386
260	E	F	EPA	IND	4	431	0.0092807424593967514
261	E	F	EPA	IND	6	445	0.013483146067415731
262	E	F	EPA	IND	6	435	0.013793103448275862
263	E	F	EPA	IND	3	430	0.0069767441860465115
264	E	F	EPA	IND	5	438	0.011415525114155251
265	E	F	EPA	IND	6	434	0.013824884792626729
266	E	F	EPA	IND	7	429	0.016317016317016316
267	E	F	EPA	IND	1	437	0.0022883295194508009
268	E	F	EPA	IND	2	431	0.0046403712296983757
269	E	F	EPA	IND	3	433	0.0069284064665127024
270	E	F	EPA	IND	3	430	0.0069767441860465115
271	E	F	EPA	IND	4	428	0.0093457943925233638
272	E	F	EPA	IND	2	433	0.0046189376443418013
273	E	F	EPA	IND	4	438	0.0091324200913242004
274	E	F	EPA	IND	3	435	0.0068965517241379309
275	E	F	EPA	IND	4	443	0.0090293453724604959
276	E	F	EPA	IND	2	425	0.0047058823529411761
277	E	F	EPA	IND	8	433	0.018475750577367205
278	E	F	EPA	IND	3	439	0.0068337129840546698
279	E	F	EPA	IND	2	434	0.004608294930875576
280	E	F	EPA	IND	7	434	0.016129032258064516
281	E	F	EPA	IND	9	446	0.020179372197309416
282	E	F	EPA	IND	3	440	0.0068181818181818179
283	E	F	EPA	IND	7	430	0.01627906976744186
284	E	F	EPA	IND	8	437	0.018306636155606407
285	E	F	EPA	IND	4	430	0.0093023255813953487
286	E	F	EPA	IND	6	425	0.01411764705882353
287	E	F	EPA	IND	5	430	0.011627906976744186
288	E	F	EPA	IND	3	444	0.0067567567567567571
289	E	F	EPA	IND	3	435	0.0068965517241379309
290	E	F	EPA	IND	5	426	0.011737089201877934
291	E	F	EPA	IND	6	434	0.013824884792626729
292	E	F	EPA	IND	8	427	0.01873536299765808
293	E	F	EPA	IND	8	437	0.018306636155606407
294	E	F	EPA	IND	8	437	0.018306636155606407
295	E	F	EPA	IND	4	436	0.0091743119266055051
296	E	F	EPA	IND	3	432	0.0069444444444444441
297	E	F	EPA	IND	3	441	0.0068027210884353739
298	E	F	EPA	IND	5	437	0.011441647597254004
299	E	F	EPA	IND	6	431	0.013921113689095127
300	E	F	EPA	IND	3	435	0.0068965517241379309
1	G	F	MDG	IND	0	433	0
2	G	F	MDG	IND	0	440	0
3	G	F	MDG	IND	0	440	0
4	G	F	MDG	IND	0	434	0
5	G	F	MDG	IND	0	436	0
6	G	F	MDG	IND	0	437	0
7	G	F	MDG	IND	0	432	0
8	G	F	MDG	IND	0	442	0
9	G	F	MDG	IND	0	431	0
10	G	F	MDG	IND	0	433	0
11	G	F	MDG	IND	0	437	0
12	G	F	MDG	IND	0	436	0
13	G	F	MDG	IND	0	444	0
14	G	F	MDG	IND	0	442	0
15	G	F	MDG	IND	0	427	0
16	G	F	MDG	IND	0	444	0
17	G	F	MDG	IND	0	438	0
18	G	F	MDG	IND	0	440	0
19	G	F	MDG	IND	0	429	0
20	G	F	MDG	IND	0	430	0
21	G	F	MDG	IND	0	429	0
22	G	F	MDG	IND	0	435	0
23	G	F	MDG	IND	0	430	0
24	G	F	MDG	IND	0	443	0
25	G	F	MDG	IND	0	434	0
26	G	F	MDG	IND	0	438	0
27	G	F	MDG	IND	0	436	0
28	G	F	MDG	IND	0	438	0
29	G	F	MDG	IND	0	436	0
30	G	F	MDG	IND	0	439	0
31	G	F	MDG	IND	0	438	0
32	G	F	MDG	IND	0	439	0
33	G	F	MDG	IND	0	436	0
34	G	F	MDG	IND	0	438	0
35	G	F	MDG	IND	0	438	0
36	G	F	MDG	IND	0	440	0
37	G	F	MDG	IND	0	442	0
38	G	F	MDG	IND	0	437	0
39	G	F	MDG	IND	0	434	0
40	G	F	MDG	IND	0	442	0
41	G	F	MDG	IND	0	444	0
42	G	F	MDG	IND	0	427	0
43	G	F	MDG	IND	0	434	0
44	G	F	MDG	IND	0	430	0
45	G	F	MDG	IND	0	431	0
46	G	F	MDG	IND	0	429	0
47	G	F	MDG	IND	0	444	0
48	G	F	MDG	IND	0	441	0
49	G	F	MDG	IND	0	431	0
50	G	F	MDG	IND	0	424	0
51	G	F	MDG	IND	0	428	0
52	G	F	MDG	IND	0	428	0
53	G	F	MDG	IND	0	444	0
54	G	F	MDG	IND	0	439	0
55	G	F	MDG	IND	0	435	0
56	G	F	MDG	IND	0	437	0
57	G	F	MDG	IND	0	433	0
58	G	F	MDG	IND	0	441	0
59	G	F	MDG	IND	0	424	0
60	G	F	MDG	IND	0	440	0
61	G	F	MDG	IND	0	436	0
62	G	F	MDG	IND	0	422	0
63	G	F	MDG	IND	0	433	0
64	G	F	MDG	IND	0	433	0
65	G	F	MDG	IND	0	432	0
66	G	F	MDG	IND	0	445	0
67	G	F	MDG	IND	0	430	0
68	G	F	MDG	IND	0	438	0
69	G	F	MDG	IND	0	438	0
70	G	F	MDG	IND	0	439	0
71	G	F	MDG	IND	0	432	0
72	G	F	MDG	IND	0	436	0
73	G	F	MDG	IND	0	435	0
74	G	F	MDG	IND	0	436	0
75	G	F	MDG	IND	0	452	0
76	G	F	MDG	IND	0	441	0
77	G	F	MDG	IND	0	441	0
78	G	F	MDG	IND	0	435	0
79	G	F	MDG	IND	0	425	0
80	G	F	MDG	IND	0	440	0
81	G	F	MDG	IND	0	436	0
82	G	F	MDG	IND	0	435	0
83	G	F	MDG	IND	0	426	0
84	G	F	MDG	IND	0	447	0
85	G	F	MDG	IND	0	434	0
86	G	F	MDG	IND	0	431	0
87	G	F	MDG	IND	0	432	0
88	G	F	MDG	IND	0	445	0
89	G	F	MDG	IND	0	432	0
90	G	F	MDG	IND	0	431	0
91	G	F	MDG	IND	0	436	0
92	G	F	MDG	IND	0	442	0
93	G	F	MDG	IND	0	426	0
94	G	F	MDG	IND	0	426	0
95	G	F	MDG	IND	0	431	0
96	G	F	MDG	IND	0	439	0
97	G	F	MDG	IND	0	436	0
98	G	F	MDG	IND	0	433	0
99	G	F	MDG	IND	0	434	0
100	G	F	MDG	IND	0	439	0
101	G	F	MDG	IND	0	435	0
102	G	F	MDG	IND	0	448	0
103	G	F	MDG	IND	0	438	0
104	G	F	MDG	IND	0	431	0
105	G	F	MDG	IND	0	435	0
106	G	F	MDG	IND	0	435	0
107	G	F	MDG	IND	0	443	0
108	G	F	MDG	IND	0	426	0
109	G	F	MDG	IND	0	444	0
110	G	F	MDG	IND	0	427	0
111	G	F	MDG	IND	0	447	0
112	G	F	MDG	IND	0	436	0
113	G	F	MDG	IND	0	432	0
114	G	F	MDG	IND	0	442	0
115	G	F	MDG	IND	0	435	0
116	G	F	MDG	IND	0	445	0
117	G	F	MDG	IND	0	441	0
118	G	F	MDG	IND	0	436	0
119	G	F	MDG	IND	0	439	0
120	G	F	MDG	IND	0	451	0
121	G	F	MDG	IND	0	443	0
122	G	F	MDG	IND	0	432	0
123	G	F	MDG	IND	0	442	0
124	G	F	MDG	IND	0	437	0
125	G	F	MDG	IND	0	433	0
126	G	F	MDG	IND	0	438	0
127	G	F	MDG	IND	0	436	0
128	G	F	MDG	IND	0	436	0
129	G	F	MDG	IND	0	435	0
130	G	F	MDG	IND	0	433	0
131	G	F	MDG	IND	0	446	0
132	G	F	MDG	IND	0	442	0
133	G	F	MDG	IND	0	441	0
134	G	F	MDG	IND	0	444	0
135	G	F	MDG	IND	0	433	0
136	G	F	MDG	IND	0	432	0
137	G	F	MDG	IND	0	433	0
138	G	F	MDG	IND	0	438	0
139	G	F	MDG	IND	0	433	0
140	G	F	MDG	IND	0	433	0
141	G	F	MDG	IND	0	427	0
142	G	F	MDG	IND	0	425	0
143	G	F	MDG	IND	0	430	0
144	G	F	MDG	IND	0	434	0
145	G	F	MDG	IND	0	446	0
146	G	F	MDG	IND	0	439	0
147	G	F	MDG	IND	0	433	0
148	G	F	MDG	IND	0	437	0
149	G	F	MDG	IND	0	425	0
150	G	F	MDG	IND	0	440	0
151	G	F	MDG	IND	0	445	0
152	G	F	MDG	IND	0	435	0
153	G	F	MDG	IND	0	438	0
154	G	F	MDG	IND	0	445	0
155	G	F	MDG	IND	1	432	0.0023148148148148147
156	G	F	MDG	IND	0	429	0
157	G	F	MDG	IND	0	432	0
158	G	F	MDG	IND	0	435	0
159	G	F	MDG	IND	0	441	0
160	G	F	MDG	IND	0	439	0
161	G	F	MDG	IND	0	438	0
162	G	F	MDG	IND	0	436	0
163	G	F	MDG	IND	0	434	0
164	G	F	MDG	IND	0	437	0
165	G	F	MDG	IND	0	428	0
166	G	F	MDG	IND	0	436	0
167	G	F	MDG	IND	0	433	0
168	G	F	MDG	IND	0	435	0
169	G	F	MDG	IND	0	434	0
170	G	F	MDG	IND	0	432	0
171	G	F	MDG	IND	0	434	0
172	G	F	MDG	IND	0	444	0
173	G	F	MDG	IND	0	440	0
174	G	F	MDG	IND	0	435	0
175	G	F	MDG	IND	0	429	0
176	G	F	MDG	IND	0	437	0
177	G	F	MDG	IND	0	434	0
178	G	F	MDG	IND	0	442	0
179	G	F	MDG	IND	0	447	0
180	G	F	MDG	IND	0	442	0
181	G	F	MDG	IND	0	435	0
182	G	F	MDG	IND	0	441	0
183	G	F	MDG	IND	0	437	0
184	G	F	MDG	IND	0	436	0
185	G	F	MDG	IND	0	434	0
186	G	F	MDG	IND	0	437	0
187	G	F	MDG	IND	0	433	0
188	G	F	MDG	IND	0	430	0
189	G	F	MDG	IND	0	443	0
190	G	F	MDG	IND	0	434	0
191	G	F	MDG	IND	0	429	0
192	G	F	MDG	IND	0	430	0
193	G	F	MDG	IND	1	431	0.0023201856148491878
194	G	F	MDG	IND	0	423	0
195	G	F	MDG	IND	0	433	0
196	G	F	MDG	IND	0	436	0
197	G	F	MDG	IND	0	444	0
198	G	F	MDG	IND	0	446	0
199	G	F	MDG	IND	0	434	0
200	G	F	MDG	IND	0	431	0
201	G	F	MDG	IND	0	435	0
202	G	F	MDG	IND	0	427	0
203	G	F	MDG	IND	0	433	0
204	G	F	MDG	IND	0	437	0
205	G	F	MDG	IND	0	431	0
206	G	F	MDG	IND	0	435	0
207	G	F	MDG	IND	0	442	0
208	G	F	MDG	IND	0	434	0
209	G	F	MDG	IND	0	438	0
210	G	F	MDG	IND	0	434	0
211	G	F	MDG	IND	0	440	0
212	G	F	MDG	IND	0	447	0
213	G	F	MDG	IND	0	436	0
214	G	F	MDG	IND	0	428	0
215	G	F	MDG	IND	0	448	0
216	G	F	MDG	IND	0	442	0
217	G	F	MDG	IND	0	433	0
218	G	F	MDG	IND	0	431	0
219	G	F	MDG	IND	0	434	0
220	G	F	MDG	IND	0	445	0
221	G	F	MDG	IND	0	422	0
222	G	F	MDG	IND	0	425	0
223	G	F	MDG	IND	0	431	0
224	G	F	MDG	IND	0	432	0
225	G	F	MDG	IND	0	431	0
226	G	F	MDG	IND	0	430	0
227	G	F	MDG	IND	0	441	0
228	G	F	MDG	IND	0	444	0
229	G	F	MDG	IND	0	446	0
230	G	F	MDG	IND	0	439	0
231	G	F	MDG	IND	0	435	0
232	G	F	MDG	IND	0	434	0
233	G	F	MDG	IND	0	437	0
234	G	F	MDG	IND	0	435	0
235	G	F	MDG	IND	0	434	0
236	G	F	MDG	IND	0	431	0
237	G	F	MDG	IND	0	447	0
238	G	F	MDG	IND	0	438	0
239	G	F	MDG	IND	0	427	0
240	G	F	MDG	IND	0	437	0
241	G	F	MDG	IND	0	431	0
242	G	F	MDG	IND	0	441	0
243	G	F	MDG	IND	0	440	0
244	G	F	MDG	IND	0	438	0
245	G	F	MDG	IND	0	435	0
246	G	F	MDG	IND	0	441	0
247	G	F	MDG	IND	0	433	0
248	G	F	MDG	IND	0	435	0
249	G	F	MDG	IND	0	445	0
250	G	F	MDG	IND	0	431	0
251	G	F	MDG	IND	0	444	0
252	G	F	MDG	IND	0	439	0
253	G	F	MDG	IND	0	431	0
254	G	F	MDG	IND	0	428	0
255	G	F	MDG	IND	0	436	0
256	G	F	MDG	IND	0	431	0
257	G	F	MDG	IND	0	436	0
258	G	F	MDG	IND	0	440	0
259	G	F	MDG	IND	0	436	0
260	G	F	MDG	IND	0	431	0
261	G	F	MDG	IND	0	445	0
262	G	F	MDG	IND	0	435	0
263	G	F	MDG	IND	0	430	0
264	G	F	MDG	IND	0	438	0
265	G	F	MDG	IND	0	434	0
266	G	F	MDG	IND	0	429	0
267	G	F	MDG	IND	0	437	0
268	G	F	MDG	IND	0	431	0
269	G	F	MDG	IND	0	433	0
270	G	F	MDG	IND	0	430	0
271	G	F	MDG	IND	0	428	0
272	G	F	MDG	IND	0	433	0
273	G	F	MDG	IND	0	438	0
274	G	F	MDG	IND	0	435	0
275	G	F	MDG	IND	0	443	0
276	G	F	MDG	IND	0	425	0
277	G	F	MDG	IND	0	433	0
278	G	F	MDG	IND	0	439	0
279	G	F	MDG	IND	0	434	0
280	G	F	MDG	IND	0	434	0
281	G	F	MDG	IND	0	446	0
282	G	F	MDG	IND	0	440	0
283	G	F	MDG	IND	0	430	0
284	G	F	MDG	IND	0	437	0
285	G	F	MDG	IND	0	430	0
286	G	F	MDG	IND	0	425	0
287	G	F	MDG	IND	0	430	0
288	G	F	MDG	IND	0	444	0
289	G	F	MDG	IND	0	435	0
290	G	F	MDG	IND	0	426	0
291	G	F	MDG	IND	0	434	0
292	G	F	MDG	IND	0	427	0
293	G	F	MDG	IND	0	437	0
294	G	F	MDG	IND	0	437	0
295	G	F	MDG	IND	0	436	0
296	G	F	MDG	IND	0	432	0
297	G	F	MDG	IND	0	441	0
298	G	F	MDG	IND	0	437	0
299	G	F	MDG	IND	0	431	0
300	G	F	MDG	IND	0	435	0
1	H	F	ORI	IND	65	433	0.15011547344110854
2	H	F	ORI	IND	63	440	0.14318181818181819
3	H	F	ORI	IND	53	440	0.12045454545454545
4	H	F	ORI	IND	65	434	0.14976958525345621
5	H	F	ORI	IND	60	436	0.13761467889908258
6	H	F	ORI	IND	68	437	0.15560640732265446
7	H	F	ORI	IND	55	432	0.12731481481481483
8	H	F	ORI	IND	59	442	0.1334841628959276
9	H	F	ORI	IND	59	431	0.1368909512761021
10	H	F	ORI	IND	61	433	0.14087759815242495
11	H	F	ORI	IND	56	437	0.12814645308924486
12	H	F	ORI	IND	59	436	0.13532110091743119
13	H	F	ORI	IND	60	444	0.13513513513513514
14	H	F	ORI	IND	56	442	0.12669683257918551
15	H	F	ORI	IND	63	427	0.14754098360655737
16	H	F	ORI	IND	60	444	0.13513513513513514
17	H	F	ORI	IND	57	438	0.13013698630136986
18	H	F	ORI	IND	60	440	0.13636363636363635
19	H	F	ORI	IND	53	429	0.12354312354312354
20	H	F	ORI	IND	60	430	0.13953488372093023
21	H	F	ORI	IND	54	429	0.12587412587412589
22	H	F	ORI	IND	54	435	0.12413793103448276
23	H	F	ORI	IND	59	430	0.1372093023255814
24	H	F	ORI	IND	62	443	0.1399548532731377
25	H	F	ORI	IND	60	434	0.13824884792626729
26	H	F	ORI	IND	61	438	0.13926940639269406
27	H	F	ORI	IND	57	436	0.13073394495412843
28	H	F	ORI	IND	49	438	0.11187214611872145
29	H	F	ORI	IND	55	436	0.12614678899082568
30	H	F	ORI	IND	58	439	0.13211845102505695
31	H	F	ORI	IND	62	438	0.14155251141552511
32	H	F	ORI	IND	56	439	0.12756264236902051
33	H	F	ORI	IND	54	436	0.12385321100917432
34	H	F	ORI	IND	63	438	0.14383561643835616
35	H	F	ORI	IND	54	438	0.12328767123287671
36	H	F	ORI	IND	55	440	0.125
37	H	F	ORI	IND	62	442	0.14027149321266968
38	H	F	ORI	IND	57	437	0.13043478260869565
39	H	F	ORI	IND	56	434	0.12903225806451613
40	H	F	ORI	IND	57	442	0.12895927601809956
41	H	F	ORI	IND	60	444	0.13513513513513514
42	H	F	ORI	IND	56	427	0.13114754098360656
43	H	F	ORI	IND	62	434	0.14285714285714285
44	H	F	ORI	IND	56	430	0.13023255813953488
45	H	F	ORI	IND	56	431	0.12993039443155452
46	H	F	ORI	IND	49	429	0.11421911421911422
47	H	F	ORI	IND	61	444	0.1373873873873874
48	H	F	ORI	IND	52	441	0.11791383219954649
49	H	F	ORI	IND	64	431	0.14849187935034802
50	H	F	ORI	IND	55	424	0.12971698113207547
51	H	F	ORI	IND	58	428	0.13551401869158877
52	H	F	ORI	IND	54	428	0.12616822429906541
53	H	F	ORI	IND	70	444	0.15765765765765766
54	H	F	ORI	IND	56	439	0.12756264236902051
55	H	F	ORI	IND	57	435	0.1310344827586207
56	H	F	ORI	IND	58	437	0.13272311212814644
57	H	F	ORI	IND	55	433	0.12702078521939955
58	H	F	ORI	IND	59	441	0.13378684807256236
59	H	F	ORI	IND	61	424	0.14386792452830188
60	H	F	ORI	IND	61	440	0.13863636363636364
61	H	F	ORI	IND	58	436	0.13302752293577982
62	H	F	ORI	IND	52	422	0.12322274881516587
63	H	F	ORI	IND	60	433	0.13856812933025403
64	H	F	ORI	IND	59	433	0.13625866050808313
65	H	F	ORI	IND	59	432	0.13657407407407407
66	H	F	ORI	IND	56	445	0.12584269662921349
67	H	F	ORI	IND	53	430	0.12325581395348838
68	H	F	ORI	IND	58	438	0.13242009132420091
69	H	F	ORI	IND	51	438	0.11643835616438356
70	H	F	ORI	IND	57	439	0.12984054669703873
71	H	F	ORI	IND	65	432	0.15046296296296297
72	H	F	ORI	IND	51	436	0.11697247706422019
73	H	F	ORI	IND	58	435	0.13333333333333333
74	H	F	ORI	IND	58	436	0.13302752293577982
75	H	F	ORI	IND	50	452	0.11061946902654868
76	H	F	ORI	IND	58	441	0.13151927437641722
77	H	F	ORI	IND	68	441	0.15419501133786848
78	H	F	ORI	IND	53	435	0.12183908045977011
79	H	F	ORI	IND	47	425	0.11058823529411765
80	H	F	ORI	IND	60	440	0.13636363636363635
81	H	F	ORI	IND	60	436	0.13761467889908258
82	H	F	ORI	IND	53	435	0.12183908045977011
83	H	F	ORI	IND	65	426	0.15258215962441316
84	H	F	ORI	IND	56	447	0.12527964205816555
85	H	F	ORI	IND	61	434	0.14055299539170507
86	H	F	ORI	IND	56	431	0.12993039443155452
87	H	F	ORI	IND	60	432	0.1388888888888889
88	H	F	ORI	IND	62	445	0.1393258426966292
89	H	F	ORI	IND	57	432	0.13194444444444445
90	H	F	ORI	IND	63	431	0.14617169373549885
91	H	F	ORI	IND	59	436	0.13532110091743119
92	H	F	ORI	IND	57	442	0.12895927601809956
93	H	F	ORI	IND	60	426	0.14084507042253522
94	H	F	ORI	IND	60	426	0.14084507042253522
95	H	F	ORI	IND	59	431	0.1368909512761021
96	H	F	ORI	IND	58	439	0.13211845102505695
97	H	F	ORI	IND	63	436	0.14449541284403669
98	H	F	ORI	IND	53	433	0.12240184757505773
99	H	F	ORI	IND	60	434	0.13824884792626729
100	H	F	ORI	IND	61	439	0.13895216400911162
101	H	F	ORI	IND	59	435	0.13563218390804599
102	H	F	ORI	IND	54	448	0.12053571428571429
103	H	F	ORI	IND	57	438	0.13013698630136986
104	H	F	ORI	IND	65	431	0.15081206496519722
105	H	F	ORI	IND	60	435	0.13793103448275862
106	H	F	ORI	IND	60	435	0.13793103448275862
107	H	F	ORI	IND	63	443	0.14221218961625282
108	H	F	ORI	IND	57	426	0.13380281690140844
109	H	F	ORI	IND	60	444	0.13513513513513514
110	H	F	ORI	IND	61	427	0.14285714285714285
111	H	F	ORI	IND	58	447	0.12975391498881431
112	H	F	ORI	IND	55	436	0.12614678899082568
113	H	F	ORI	IND	61	432	0.14120370370370369
114	H	F	ORI	IND	64	442	0.14479638009049775
115	H	F	ORI	IND	62	435	0.14252873563218391
116	H	F	ORI	IND	52	445	0.11685393258426967
117	H	F	ORI	IND	52	441	0.11791383219954649
118	H	F	ORI	IND	63	436	0.14449541284403669
119	H	F	ORI	IND	53	439	0.12072892938496584
120	H	F	ORI	IND	58	451	0.12860310421286031
121	H	F	ORI	IND	53	443	0.11963882618510158
122	H	F	ORI	IND	49	432	0.11342592592592593
123	H	F	ORI	IND	53	442	0.11990950226244344
124	H	F	ORI	IND	56	437	0.12814645308924486
125	H	F	ORI	IND	56	433	0.12933025404157045
126	H	F	ORI	IND	67	438	0.15296803652968036
127	H	F	ORI	IND	61	436	0.13990825688073394
128	H	F	ORI	IND	56	436	0.12844036697247707
129	H	F	ORI	IND	56	435	0.12873563218390804
130	H	F	ORI	IND	54	433	0.12471131639722864
131	H	F	ORI	IND	57	446	0.12780269058295965
132	H	F	ORI	IND	57	442	0.12895927601809956
133	H	F	ORI	IND	49	441	0.1111111111111111
134	H	F	ORI	IND	59	444	0.13288288288288289
135	H	F	ORI	IND	63	433	0.14549653579676675
136	H	F	ORI	IND	58	432	0.13425925925925927
137	H	F	ORI	IND	57	433	0.13163972286374134
138	H	F	ORI	IND	54	438	0.12328767123287671
139	H	F	ORI	IND	63	433	0.14549653579676675
140	H	F	ORI	IND	60	433	0.13856812933025403
141	H	F	ORI	IND	60	427	0.14051522248243559
142	H	F	ORI	IND	57	425	0.13411764705882354
143	H	F	ORI	IND	56	430	0.13023255813953488
144	H	F	ORI	IND	47	434	0.10829493087557604
145	H	F	ORI	IND	57	446	0.12780269058295965
146	H	F	ORI	IND	60	439	0.1366742596810934
147	H	F	ORI	IND	62	433	0.14318706697459585
148	H	F	ORI	IND	60	437	0.13729977116704806
149	H	F	ORI	IND	53	425	0.12470588235294118
150	H	F	ORI	IND	62	440	0.1409090909090909
151	H	F	ORI	IND	60	445	0.1348314606741573
152	H	F	ORI	IND	59	435	0.13563218390804599
153	H	F	ORI	IND	60	438	0.13698630136986301
154	H	F	ORI	IND	50	445	0.11235955056179775
155	H	F	ORI	IND	59	432	0.13657407407407407
156	H	F	ORI	IND	58	429	0.1351981351981352
157	H	F	ORI	IND	59	432	0.13657407407407407
158	H	F	ORI	IND	58	435	0.13333333333333333
159	H	F	ORI	IND	65	441	0.14739229024943309
160	H	F	ORI	IND	54	439	0.12300683371298406
161	H	F	ORI	IND	62	438	0.14155251141552511
162	H	F	ORI	IND	61	436	0.13990825688073394
163	H	F	ORI	IND	54	434	0.12442396313364056
164	H	F	ORI	IND	53	437	0.12128146453089245
165	H	F	ORI	IND	60	428	0.14018691588785046
166	H	F	ORI	IND	51	436	0.11697247706422019
167	H	F	ORI	IND	59	433	0.13625866050808313
168	H	F	ORI	IND	60	435	0.13793103448275862
169	H	F	ORI	IND	60	434	0.13824884792626729
170	H	F	ORI	IND	63	432	0.14583333333333334
171	H	F	ORI	IND	60	434	0.13824884792626729
172	H	F	ORI	IND	60	444	0.13513513513513514
173	H	F	ORI	IND	56	440	0.12727272727272726
174	H	F	ORI	IND	58	435	0.13333333333333333
175	H	F	ORI	IND	58	429	0.1351981351981352
176	H	F	ORI	IND	62	437	0.14187643020594964
177	H	F	ORI	IND	63	434	0.14516129032258066
178	H	F	ORI	IND	49	442	0.11085972850678733
179	H	F	ORI	IND	68	447	0.15212527964205816
180	H	F	ORI	IND	61	442	0.13800904977375567
181	H	F	ORI	IND	66	435	0.15172413793103448
182	H	F	ORI	IND	67	441	0.15192743764172337
183	H	F	ORI	IND	54	437	0.12356979405034325
184	H	F	ORI	IND	56	436	0.12844036697247707
185	H	F	ORI	IND	69	434	0.15898617511520738
186	H	F	ORI	IND	55	437	0.12585812356979406
187	H	F	ORI	IND	61	433	0.14087759815242495
188	H	F	ORI	IND	55	430	0.12790697674418605
189	H	F	ORI	IND	60	443	0.13544018058690746
190	H	F	ORI	IND	62	434	0.14285714285714285
191	H	F	ORI	IND	62	429	0.14452214452214451
192	H	F	ORI	IND	59	430	0.1372093023255814
193	H	F	ORI	IND	51	431	0.11832946635730858
194	H	F	ORI	IND	58	423	0.13711583924349882
195	H	F	ORI	IND	56	433	0.12933025404157045
196	H	F	ORI	IND	56	436	0.12844036697247707
197	H	F	ORI	IND	60	444	0.13513513513513514
198	H	F	ORI	IND	50	446	0.11210762331838565
199	H	F	ORI	IND	58	434	0.13364055299539171
200	H	F	ORI	IND	60	431	0.13921113689095127
201	H	F	ORI	IND	59	435	0.13563218390804599
202	H	F	ORI	IND	62	427	0.14519906323185011
203	H	F	ORI	IND	61	433	0.14087759815242495
204	H	F	ORI	IND	61	437	0.13958810068649885
205	H	F	ORI	IND	52	431	0.12064965197215777
206	H	F	ORI	IND	59	435	0.13563218390804599
207	H	F	ORI	IND	61	442	0.13800904977375567
208	H	F	ORI	IND	67	434	0.15437788018433179
209	H	F	ORI	IND	55	438	0.12557077625570776
210	H	F	ORI	IND	64	434	0.14746543778801843
211	H	F	ORI	IND	53	440	0.12045454545454545
212	H	F	ORI	IND	56	447	0.12527964205816555
213	H	F	ORI	IND	60	436	0.13761467889908258
214	H	F	ORI	IND	54	428	0.12616822429906541
215	H	F	ORI	IND	60	448	0.13392857142857142
216	H	F	ORI	IND	50	442	0.11312217194570136
217	H	F	ORI	IND	64	433	0.14780600461893764
218	H	F	ORI	IND	61	431	0.14153132250580047
219	H	F	ORI	IND	48	434	0.11059907834101383
220	H	F	ORI	IND	55	445	0.12359550561797752
221	H	F	ORI	IND	60	422	0.14218009478672985
222	H	F	ORI	IND	62	425	0.14588235294117646
223	H	F	ORI	IND	57	431	0.13225058004640372
224	H	F	ORI	IND	61	432	0.14120370370370369
225	H	F	ORI	IND	56	431	0.12993039443155452
226	H	F	ORI	IND	56	430	0.13023255813953488
227	H	F	ORI	IND	61	441	0.1383219954648526
228	H	F	ORI	IND	53	444	0.11936936936936937
229	H	F	ORI	IND	54	446	0.1210762331838565
230	H	F	ORI	IND	61	439	0.13895216400911162
231	H	F	ORI	IND	59	435	0.13563218390804599
232	H	F	ORI	IND	56	434	0.12903225806451613
233	H	F	ORI	IND	56	437	0.12814645308924486
234	H	F	ORI	IND	56	435	0.12873563218390804
235	H	F	ORI	IND	56	434	0.12903225806451613
236	H	F	ORI	IND	61	431	0.14153132250580047
237	H	F	ORI	IND	56	447	0.12527964205816555
238	H	F	ORI	IND	63	438	0.14383561643835616
239	H	F	ORI	IND	63	427	0.14754098360655737
240	H	F	ORI	IND	54	437	0.12356979405034325
241	H	F	ORI	IND	65	431	0.15081206496519722
242	H	F	ORI	IND	65	441	0.14739229024943309
243	H	F	ORI	IND	54	440	0.12272727272727273
244	H	F	ORI	IND	64	438	0.14611872146118721
245	H	F	ORI	IND	59	435	0.13563218390804599
246	H	F	ORI	IND	67	441	0.15192743764172337
247	H	F	ORI	IND	57	433	0.13163972286374134
248	H	F	ORI	IND	52	435	0.11954022988505747
249	H	F	ORI	IND	61	445	0.13707865168539327
250	H	F	ORI	IND	49	431	0.1136890951276102
251	H	F	ORI	IND	58	444	0.13063063063063063
252	H	F	ORI	IND	60	439	0.1366742596810934
253	H	F	ORI	IND	52	431	0.12064965197215777
254	H	F	ORI	IND	56	428	0.13084112149532709
255	H	F	ORI	IND	65	436	0.14908256880733944
256	H	F	ORI	IND	62	431	0.14385150812064965
257	H	F	ORI	IND	56	436	0.12844036697247707
258	H	F	ORI	IND	58	440	0.13181818181818181
259	H	F	ORI	IND	60	436	0.13761467889908258
260	H	F	ORI	IND	52	431	0.12064965197215777
261	H	F	ORI	IND	61	445	0.13707865168539327
262	H	F	ORI	IND	61	435	0.14022988505747128
263	H	F	ORI	IND	58	430	0.13488372093023257
264	H	F	ORI	IND	64	438	0.14611872146118721
265	H	F	ORI	IND	52	434	0.11981566820276497
266	H	F	ORI	IND	57	429	0.13286713286713286
267	H	F	ORI	IND	65	437	0.14874141876430205
268	H	F	ORI	IND	57	431	0.13225058004640372
269	H	F	ORI	IND	66	433	0.15242494226327943
270	H	F	ORI	IND	65	430	0.15116279069767441
271	H	F	ORI	IND	44	428	0.10280373831775701
272	H	F	ORI	IND	56	433	0.12933025404157045
273	H	F	ORI	IND	55	438	0.12557077625570776
274	H	F	ORI	IND	53	435	0.12183908045977011
275	H	F	ORI	IND	62	443	0.1399548532731377
276	H	F	ORI	IND	58	425	0.13647058823529412
277	H	F	ORI	IND	57	433	0.13163972286374134
278	H	F	ORI	IND	67	439	0.15261958997722094
279	H	F	ORI	IND	61	434	0.14055299539170507
280	H	F	ORI	IND	55	434	0.12672811059907835
281	H	F	ORI	IND	60	446	0.13452914798206278
282	H	F	ORI	IND	63	440	0.14318181818181819
283	H	F	ORI	IND	58	430	0.13488372093023257
284	H	F	ORI	IND	58	437	0.13272311212814644
285	H	F	ORI	IND	60	430	0.13953488372093023
286	H	F	ORI	IND	58	425	0.13647058823529412
287	H	F	ORI	IND	59	430	0.1372093023255814
288	H	F	ORI	IND	64	444	0.14414414414414414
289	H	F	ORI	IND	62	435	0.14252873563218391
290	H	F	ORI	IND	59	426	0.13849765258215962
291	H	F	ORI	IND	56	434	0.12903225806451613
292	H	F	ORI	IND	63	427	0.14754098360655737
293	H	F	ORI	IND	61	437	0.13958810068649885
294	H	F	ORI	IND	61	437	0.13958810068649885
295	H	F	ORI	IND	54	436	0.12385321100917432
296	H	F	ORI	IND	60	432	0.1388888888888889
297	H	F	ORI	IND	62	441	0.14058956916099774
298	H	F	ORI	IND	52	437	0.11899313501144165
299	H	F	ORI	IND	48	431	0.11136890951276102
300	H	F	ORI	IND	63	435	0.14482758620689656
1	I	F	SAM	IND	0	433	0
2	I	F	SAM	IND	0	440	0
3	I	F	SAM	IND	0	440	0
4	I	F	SAM	IND	0	434	0
5	I	F	SAM	IND	0	436	0
6	I	F	SAM	IND	0	437	0
7	I	F	SAM	IND	0	432	0
8	I	F	SAM	IND	0	442	0
9	I	F	SAM	IND	0	431	0
10	I	F	SAM	IND	0	433	0
11	I	F	SAM	IND	0	437	0
12	I	F	SAM	IND	0	436	0
13	I	F	SAM	IND	0	444	0
14	I	F	SAM	IND	0	442	0
15	I	F	SAM	IND	0	427	0
16	I	F	SAM	IND	0	444	0
17	I	F	SAM	IND	0	438	0
18	I	F	SAM	IND	0	440	0
19	I	F	SAM	IND	0	429	0
20	I	F	SAM	IND	0	430	0
21	I	F	SAM	IND	0	429	0
22	I	F	SAM	IND	0	435	0
23	I	F	SAM	IND	0	430	0
24	I	F	SAM	IND	0	443	0
25	I	F	SAM	IND	0	434	0
26	I	F	SAM	IND	0	438	0
27	I	F	SAM	IND	0	436	0
28	I	F	SAM	IND	0	438	0
29	I	F	SAM	IND	0	436	0
30	I	F	SAM	IND	0	439	0
31	I	F	SAM	IND	0	438	0
32	I	F	SAM	IND	0	439	0
33	I	F	SAM	IND	0	436	0
34	I	F	SAM	IND	0	438	0
35	I	F	SAM	IND	0	438	0
36	I	F	SAM	IND	0	440	0
37	I	F	SAM	IND	0	442	0
38	I	F	SAM	IND	0	437	0
39	I	F	SAM	IND	0	434	0
40	I	F	SAM	IND	0	442	0
41	I	F	SAM	IND	0	444	0
42	I	F	SAM	IND	0	427	0
43	I	F	SAM	IND	0	434	0
44	I	F	SAM	IND	0	430	0
45	I	F	SAM	IND	0	431	0
46	I	F	SAM	IND	0	429	0
47	I	F	SAM	IND	0	444	0
48	I	F	SAM	IND	0	441	0
49	I	F	SAM	IND	0	431	0
50	I	F	SAM	IND	0	424	0
51	I	F	SAM	IND	0	428	0
52	I	F	SAM	IND	0	428	0
53	I	F	SAM	IND	0	444	0
54	I	F	SAM	IND	0	439	0
55	I	F	SAM	IND	0	435	0
56	I	F	SAM	IND	0	437	0
57	I	F	SAM	IND	0	433	0
58	I	F	SAM	IND	0	441	0
59	I	F	SAM	IND	0	424	0
60	I	F	SAM	IND	0	440	0
61	I	F	SAM	IND	0	436	0
62	I	F	SAM	IND	0	422	0
63	I	F	SAM	IND	0	433	0
64	I	F	SAM	IND	0	433	0
65	I	F	SAM	IND	0	432	0
66	I	F	SAM	IND	0	445	0
67	I	F	SAM	IND	0	430	0
68	I	F	SAM	IND	0	438	0
69	I	F	SAM	IND	0	438	0
70	I	F	SAM	IND	0	439	0
71	I	F	SAM	IND	0	432	0
72	I	F	SAM	IND	0	436	0
73	I	F	SAM	IND	0	435	0
74	I	F	SAM	IND	0	436	0
75	I	F	SAM	IND	0	452	0
76	I	F	SAM	IND	0	441	0
77	I	F	SAM	IND	0	441	0
78	I	F	SAM	IND	0	435	0
79	I	F	SAM	IND	0	425	0
80	I	F	SAM	IND	0	440	0
81	I	F	SAM	IND	0	436	0
82	I	F	SAM	IND	0	435	0
83	I	F	SAM	IND	0	426	0
84	I	F	SAM	IND	0	447	0
85	I	F	SAM	IND	0	434	0
86	I	F	SAM	IND	0	431	0
87	I	F	SAM	IND	0	432	0
88	I	F	SAM	IND	0	445	0
89	I	F	SAM	IND	0	432	0
90	I	F	SAM	IND	0	431	0
91	I	F	SAM	IND	0	436	0
92	I	F	SAM	IND	0	442	0
93	I	F	SAM	IND	0	426	0
94	I	F	SAM	IND	0	426	0
95	I	F	SAM	IND	0	431	0
96	I	F	SAM	IND	0	439	0
97	I	F	SAM	IND	0	436	0
98	I	F	SAM	IND	0	433	0
99	I	F	SAM	IND	0	434	0
100	I	F	SAM	IND	0	439	0
101	I	F	SAM	IND	0	435	0
102	I	F	SAM	IND	0	448	0
103	I	F	SAM	IND	0	438	0
104	I	F	SAM	IND	0	431	0
105	I	F	SAM	IND	0	435	0
106	I	F	SAM	IND	0	435	0
107	I	F	SAM	IND	0	443	0
108	I	F	SAM	IND	0	426	0
109	I	F	SAM	IND	0	444	0
110	I	F	SAM	IND	0	427	0
111	I	F	SAM	IND	0	447	0
112	I	F	SAM	IND	0	436	0
113	I	F	SAM	IND	0	432	0
114	I	F	SAM	IND	0	442	0
115	I	F	SAM	IND	0	435	0
116	I	F	SAM	IND	0	445	0
117	I	F	SAM	IND	0	441	0
118	I	F	SAM	IND	0	436	0
119	I	F	SAM	IND	0	439	0
120	I	F	SAM	IND	0	451	0
121	I	F	SAM	IND	0	443	0
122	I	F	SAM	IND	0	432	0
123	I	F	SAM	IND	0	442	0
124	I	F	SAM	IND	0	437	0
125	I	F	SAM	IND	0	433	0
126	I	F	SAM	IND	0	438	0
127	I	F	SAM	IND	0	436	0
128	I	F	SAM	IND	0	436	0
129	I	F	SAM	IND	0	435	0
130	I	F	SAM	IND	0	433	0
131	I	F	SAM	IND	0	446	0
132	I	F	SAM	IND	0	442	0
133	I	F	SAM	IND	0	441	0
134	I	F	SAM	IND	0	444	0
135	I	F	SAM	IND	0	433	0
136	I	F	SAM	IND	0	432	0
137	I	F	SAM	IND	0	433	0
138	I	F	SAM	IND	0	438	0
139	I	F	SAM	IND	0	433	0
140	I	F	SAM	IND	0	433	0
141	I	F	SAM	IND	0	427	0
142	I	F	SAM	IND	0	425	0
143	I	F	SAM	IND	0	430	0
144	I	F	SAM	IND	0	434	0
145	I	F	SAM	IND	0	446	0
146	I	F	SAM	IND	0	439	0
147	I	F	SAM	IND	0	433	0
148	I	F	SAM	IND	0	437	0
149	I	F	SAM	IND	0	425	0
150	I	F	SAM	IND	0	440	0
151	I	F	SAM	IND	0	445	0
152	I	F	SAM	IND	0	435	0
153	I	F	SAM	IND	0	438	0
154	I	F	SAM	IND	0	445	0
155	I	F	SAM	IND	0	432	0
156	I	F	SAM	IND	0	429	0
157	I	F	SAM	IND	0	432	0
158	I	F	SAM	IND	0	435	0
159	I	F	SAM	IND	0	441	0
160	I	F	SAM	IND	0	439	0
161	I	F	SAM	IND	0	438	0
162	I	F	SAM	IND	0	436	0
163	I	F	SAM	IND	0	434	0
164	I	F	SAM	IND	0	437	0
165	I	F	SAM	IND	0	428	0
166	I	F	SAM	IND	0	436	0
167	I	F	SAM	IND	0	433	0
168	I	F	SAM	IND	0	435	0
169	I	F	SAM	IND	0	434	0
170	I	F	SAM	IND	0	432	0
171	I	F	SAM	IND	0	434	0
172	I	F	SAM	IND	0	444	0
173	I	F	SAM	IND	0	440	0
174	I	F	SAM	IND	0	435	0
175	I	F	SAM	IND	0	429	0
176	I	F	SAM	IND	0	437	0
177	I	F	SAM	IND	0	434	0
178	I	F	SAM	IND	0	442	0
179	I	F	SAM	IND	0	447	0
180	I	F	SAM	IND	0	442	0
181	I	F	SAM	IND	0	435	0
182	I	F	SAM	IND	0	441	0
183	I	F	SAM	IND	0	437	0
184	I	F	SAM	IND	0	436	0
185	I	F	SAM	IND	0	434	0
186	I	F	SAM	IND	0	437	0
187	I	F	SAM	IND	0	433	0
188	I	F	SAM	IND	0	430	0
189	I	F	SAM	IND	0	443	0
190	I	F	SAM	IND	0	434	0
191	I	F	SAM	IND	0	429	0
192	I	F	SAM	IND	0	430	0
193	I	F	SAM	IND	0	431	0
194	I	F	SAM	IND	0	423	0
195	I	F	SAM	IND	0	433	0
196	I	F	SAM	IND	0	436	0
197	I	F	SAM	IND	0	444	0
198	I	F	SAM	IND	0	446	0
199	I	F	SAM	IND	0	434	0
200	I	F	SAM	IND	0	431	0
201	I	F	SAM	IND	0	435	0
202	I	F	SAM	IND	0	427	0
203	I	F	SAM	IND	0	433	0
204	I	F	SAM	IND	0	437	0
205	I	F	SAM	IND	0	431	0
206	I	F	SAM	IND	0	435	0
207	I	F	SAM	IND	0	442	0
208	I	F	SAM	IND	0	434	0
209	I	F	SAM	IND	0	438	0
210	I	F	SAM	IND	0	434	0
211	I	F	SAM	IND	0	440	0
212	I	F	SAM	IND	0	447	0
213	I	F	SAM	IND	0	436	0
214	I	F	SAM	IND	0	428	0
215	I	F	SAM	IND	0	448	0
216	I	F	SAM	IND	0	442	0
217	I	F	SAM	IND	0	433	0
218	I	F	SAM	IND	0	431	0
219	I	F	SAM	IND	0	434	0
220	I	F	SAM	IND	0	445	0
221	I	F	SAM	IND	0	422	0
222	I	F	SAM	IND	0	425	0
223	I	F	SAM	IND	0	431	0
224	I	F	SAM	IND	0	432	0
225	I	F	SAM	IND	0	431	0
226	I	F	SAM	IND	0	430	0
227	I	F	SAM	IND	0	441	0
228	I	F	SAM	IND	0	444	0
229	I	F	SAM	IND	0	446	0
230	I	F	SAM	IND	0	439	0
231	I	F	SAM	IND	0	435	0
232	I	F	SAM	IND	0	434	0
233	I	F	SAM	IND	0	437	0
234	I	F	SAM	IND	0	435	0
235	I	F	SAM	IND	0	434	0
236	I	F	SAM	IND	0	431	0
237	I	F	SAM	IND	0	447	0
238	I	F	SAM	IND	0	438	0
239	I	F	SAM	IND	0	427	0
240	I	F	SAM	IND	0	437	0
241	I	F	SAM	IND	0	431	0
242	I	F	SAM	IND	0	441	0
243	I	F	SAM	IND	0	440	0
244	I	F	SAM	IND	0	438	0
245	I	F	SAM	IND	0	435	0
246	I	F	SAM	IND	0	441	0
247	I	F	SAM	IND	0	433	0
248	I	F	SAM	IND	0	435	0
249	I	F	SAM	IND	0	445	0
250	I	F	SAM	IND	0	431	0
251	I	F	SAM	IND	0	444	0
252	I	F	SAM	IND	0	439	0
253	I	F	SAM	IND	0	431	0
254	I	F	SAM	IND	0	428	0
255	I	F	SAM	IND	0	436	0
256	I	F	SAM	IND	0	431	0
257	I	F	SAM	IND	0	436	0
258	I	F	SAM	IND	0	440	0
259	I	F	SAM	IND	0	436	0
260	I	F	SAM	IND	0	431	0
261	I	F	SAM	IND	0	445	0
262	I	F	SAM	IND	0	435	0
263	I	F	SAM	IND	0	430	0
264	I	F	SAM	IND	0	438	0
265	I	F	SAM	IND	0	434	0
266	I	F	SAM	IND	0	429	0
267	I	F	SAM	IND	0	437	0
268	I	F	SAM	IND	0	431	0
269	I	F	SAM	IND	0	433	0
270	I	F	SAM	IND	0	430	0
271	I	F	SAM	IND	0	428	0
272	I	F	SAM	IND	0	433	0
273	I	F	SAM	IND	0	438	0
274	I	F	SAM	IND	0	435	0
275	I	F	SAM	IND	0	443	0
276	I	F	SAM	IND	0	425	0
277	I	F	SAM	IND	0	433	0
278	I	F	SAM	IND	0	439	0
279	I	F	SAM	IND	0	434	0
280	I	F	SAM	IND	0	434	0
281	I	F	SAM	IND	0	446	0
282	I	F	SAM	IND	0	440	0
283	I	F	SAM	IND	0	430	0
284	I	F	SAM	IND	0	437	0
285	I	F	SAM	IND	0	430	0
286	I	F	SAM	IND	0	425	0
287	I	F	SAM	IND	0	430	0
288	I	F	SAM	IND	0	444	0
289	I	F	SAM	IND	0	435	0
290	I	F	SAM	IND	0	426	0
291	I	F	SAM	IND	0	434	0
292	I	F	SAM	IND	0	427	0
293	I	F	SAM	IND	0	437	0
294	I	F	SAM	IND	0	437	0
295	I	F	SAM	IND	0	436	0
296	I	F	SAM	IND	0	432	0
297	I	F	SAM	IND	0	441	0
298	I	F	SAM	IND	0	437	0
299	I	F	SAM	IND	0	431	0
300	I	F	SAM	IND	0	435	0
1	J	F	WNA	IND	0	433	0
2	J	F	WNA	IND	0	440	0
3	J	F	WNA	IND	0	440	0
4	J	F	WNA	IND	0	434	0
5	J	F	WNA	IND	0	436	0
6	J	F	WNA	IND	0	437	0
7	J	F	WNA	IND	0	432	0
8	J	F	WNA	IND	0	442	0
9	J	F	WNA	IND	0	431	0
10	J	F	WNA	IND	0	433	0
11	J	F	WNA	IND	0	437	0
12	J	F	WNA	IND	0	436	0
13	J	F	WNA	IND	0	444	0
14	J	F	WNA	IND	0	442	0
15	J	F	WNA	IND	0	427	0
16	J	F	WNA	IND	0	444	0
17	J	F	WNA	IND	0	438	0
18	J	F	WNA	IND	0	440	0
19	J	F	WNA	IND	0	429	0
20	J	F	WNA	IND	0	430	0
21	J	F	WNA	IND	0	429	0
22	J	F	WNA	IND	0	435	0
23	J	F	WNA	IND	0	430	0
24	J	F	WNA	IND	0	443	0
25	J	F	WNA	IND	0	434	0
26	J	F	WNA	IND	0	438	0
27	J	F	WNA	IND	0	436	0
28	J	F	WNA	IND	0	438	0
29	J	F	WNA	IND	0	436	0
30	J	F	WNA	IND	0	439	0
31	J	F	WNA	IND	0	438	0
32	J	F	WNA	IND	0	439	0
33	J	F	WNA	IND	0	436	0
34	J	F	WNA	IND	0	438	0
35	J	F	WNA	IND	0	438	0
36	J	F	WNA	IND	0	440	0
37	J	F	WNA	IND	0	442	0
38	J	F	WNA	IND	0	437	0
39	J	F	WNA	IND	0	434	0
40	J	F	WNA	IND	0	442	0
41	J	F	WNA	IND	0	444	0
42	J	F	WNA	IND	0	427	0
43	J	F	WNA	IND	0	434	0
44	J	F	WNA	IND	0	430	0
45	J	F	WNA	IND	0	431	0
46	J	F	WNA	IND	0	429	0
47	J	F	WNA	IND	0	444	0
48	J	F	WNA	IND	0	441	0
49	J	F	WNA	IND	0	431	0
50	J	F	WNA	IND	0	424	0
51	J	F	WNA	IND	0	428	0
52	J	F	WNA	IND	0	428	0
53	J	F	WNA	IND	0	444	0
54	J	F	WNA	IND	0	439	0
55	J	F	WNA	IND	0	435	0
56	J	F	WNA	IND	0	437	0
57	J	F	WNA	IND	0	433	0
58	J	F	WNA	IND	0	441	0
59	J	F	WNA	IND	0	424	0
60	J	F	WNA	IND	0	440	0
61	J	F	WNA	IND	0	436	0
62	J	F	WNA	IND	0	422	0
63	J	F	WNA	IND	0	433	0
64	J	F	WNA	IND	0	433	0
65	J	F	WNA	IND	0	432	0
66	J	F	WNA	IND	0	445	0
67	J	F	WNA	IND	0	430	0
68	J	F	WNA	IND	0	438	0
69	J	F	WNA	IND	0	438	0
70	J	F	WNA	IND	0	439	0
71	J	F	WNA	IND	0	432	0
72	J	F	WNA	IND	0	436	0
73	J	F	WNA	IND	0	435	0
74	J	F	WNA	IND	0	436	0
75	J	F	WNA	IND	0	452	0
76	J	F	WNA	IND	0	441	0
77	J	F	WNA	IND	0	441	0
78	J	F	WNA	IND	0	435	0
79	J	F	WNA	IND	0	425	0
80	J	F	WNA	IND	0	440	0
81	J	F	WNA	IND	0	436	0
82	J	F	WNA	IND	0	435	0
83	J	F	WNA	IND	0	426	0
84	J	F	WNA	IND	0	447	0
85	J	F	WNA	IND	0	434	0
86	J	F	WNA	IND	0	431	0
87	J	F	WNA	IND	0	432	0
88	J	F	WNA	IND	0	445	0
89	J	F	WNA	IND	0	432	0
90	J	F	WNA	IND	0	431	0
91	J	F	WNA	IND	0	436	0
92	J	F	WNA	IND	0	442	0
93	J	F	WNA	IND	0	426	0
94	J	F	WNA	IND	0	426	0
95	J	F	WNA	IND	0	431	0
96	J	F	WNA	IND	0	439	0
97	J	F	WNA	IND	0	436	0
98	J	F	WNA	IND	0	433	0
99	J	F	WNA	IND	0	434	0
100	J	F	WNA	IND	0	439	0
101	J	F	WNA	IND	0	435	0
102	J	F	WNA	IND	0	448	0
103	J	F	WNA	IND	0	438	0
104	J	F	WNA	IND	0	431	0
105	J	F	WNA	IND	0	435	0
106	J	F	WNA	IND	0	435	0
107	J	F	WNA	IND	0	443	0
108	J	F	WNA	IND	0	426	0
109	J	F	WNA	IND	0	444	0
110	J	F	WNA	IND	0	427	0
111	J	F	WNA	IND	0	447	0
112	J	F	WNA	IND	0	436	0
113	J	F	WNA	IND	0	432	0
114	J	F	WNA	IND	0	442	0
115	J	F	WNA	IND	0	435	0
116	J	F	WNA	IND	0	445	0
117	J	F	WNA	IND	0	441	0
118	J	F	WNA	IND	0	436	0
119	J	F	WNA	IND	0	439	0
120	J	F	WNA	IND	0	451	0
121	J	F	WNA	IND	0	443	0
122	J	F	WNA	IND	0	432	0
123	J	F	WNA	IND	0	442	0
124	J	F	WNA	IND	0	437	0
125	J	F	WNA	IND	0	433	0
126	J	F	WNA	IND	0	438	0
127	J	F	WNA	IND	0	436	0
128	J	F	WNA	IND	0	436	0
129	J	F	WNA	IND	0	435	0
130	J	F	WNA	IND	0	433	0
131	J	F	WNA	IND	0	446	0
132	J	F	WNA	IND	0	442	0
133	J	F	WNA	IND	0	441	0
134	J	F	WNA	IND	0	444	0
135	J	F	WNA	IND	0	433	0
136	J	F	WNA	IND	0	432	0
137	J	F	WNA	IND	0	433	0
138	J	F	WNA	IND	0	438	0
139	J	F	WNA	IND	0	433	0
140	J	F	WNA	IND	0	433	0
141	J	F	WNA	IND	0	427	0
142	J	F	WNA	IND	0	425	0
143	J	F	WNA	IND	0	430	0
144	J	F	WNA	IND	0	434	0
145	J	F	WNA	IND	0	446	0
146	J	F	WNA	IND	0	439	0
147	J	F	WNA	IND	0	433	0
148	J	F	WNA	IND	0	437	0
149	J	F	WNA	IND	0	425	0
150	J	F	WNA	IND	0	440	0
151	J	F	WNA	IND	0	445	0
152	J	F	WNA	IND	0	435	0
153	J	F	WNA	IND	0	438	0
154	J	F	WNA	IND	0	445	0
155	J	F	WNA	IND	0	432	0
156	J	F	WNA	IND	0	429	0
157	J	F	WNA	IND	0	432	0
158	J	F	WNA	IND	0	435	0
159	J	F	WNA	IND	0	441	0
160	J	F	WNA	IND	0	439	0
161	J	F	WNA	IND	0	438	0
162	J	F	WNA	IND	0	436	0
163	J	F	WNA	IND	0	434	0
164	J	F	WNA	IND	0	437	0
165	J	F	WNA	IND	0	428	0
166	J	F	WNA	IND	0	436	0
167	J	F	WNA	IND	0	433	0
168	J	F	WNA	IND	0	435	0
169	J	F	WNA	IND	0	434	0
170	J	F	WNA	IND	0	432	0
171	J	F	WNA	IND	0	434	0
172	J	F	WNA	IND	0	444	0
173	J	F	WNA	IND	1	440	0.0022727272727272726
174	J	F	WNA	IND	0	435	0
175	J	F	WNA	IND	0	429	0
176	J	F	WNA	IND	0	437	0
177	J	F	WNA	IND	0	434	0
178	J	F	WNA	IND	0	442	0
179	J	F	WNA	IND	0	447	0
180	J	F	WNA	IND	0	442	0
181	J	F	WNA	IND	0	435	0
182	J	F	WNA	IND	0	441	0
183	J	F	WNA	IND	0	437	0
184	J	F	WNA	IND	0	436	0
185	J	F	WNA	IND	0	434	0
186	J	F	WNA	IND	0	437	0
187	J	F	WNA	IND	0	433	0
188	J	F	WNA	IND	0	430	0
189	J	F	WNA	IND	0	443	0
190	J	F	WNA	IND	0	434	0
191	J	F	WNA	IND	0	429	0
192	J	F	WNA	IND	0	430	0
193	J	F	WNA	IND	0	431	0
194	J	F	WNA	IND	0	423	0
195	J	F	WNA	IND	0	433	0
196	J	F	WNA	IND	0	436	0
197	J	F	WNA	IND	0	444	0
198	J	F	WNA	IND	0	446	0
199	J	F	WNA	IND	0	434	0
200	J	F	WNA	IND	0	431	0
201	J	F	WNA	IND	0	435	0
202	J	F	WNA	IND	0	427	0
203	J	F	WNA	IND	0	433	0
204	J	F	WNA	IND	0	437	0
205	J	F	WNA	IND	0	431	0
206	J	F	WNA	IND	0	435	0
207	J	F	WNA	IND	0	442	0
208	J	F	WNA	IND	0	434	0
209	J	F	WNA	IND	0	438	0
210	J	F	WNA	IND	0	434	0
211	J	F	WNA	IND	0	440	0
212	J	F	WNA	IND	0	447	0
213	J	F	WNA	IND	0	436	0
214	J	F	WNA	IND	0	428	0
215	J	F	WNA	IND	0	448	0
216	J	F	WNA	IND	0	442	0
217	J	F	WNA	IND	0	433	0
218	J	F	WNA	IND	0	431	0
219	J	F	WNA	IND	0	434	0
220	J	F	WNA	IND	0	445	0
221	J	F	WNA	IND	0	422	0
222	J	F	WNA	IND	0	425	0
223	J	F	WNA	IND	0	431	0
224	J	F	WNA	IND	0	432	0
225	J	F	WNA	IND	0	431	0
226	J	F	WNA	IND	0	430	0
227	J	F	WNA	IND	0	441	0
228	J	F	WNA	IND	0	444	0
229	J	F	WNA	IND	0	446	0
230	J	F	WNA	IND	0	439	0
231	J	F	WNA	IND	0	435	0
232	J	F	WNA	IND	0	434	0
233	J	F	WNA	IND	0	437	0
234	J	F	WNA	IND	0	435	0
235	J	F	WNA	IND	0	434	0
236	J	F	WNA	IND	0	431	0
237	J	F	WNA	IND	0	447	0
238	J	F	WNA	IND	0	438	0
239	J	F	WNA	IND	0	427	0
240	J	F	WNA	IND	0	437	0
241	J	F	WNA	IND	0	431	0
242	J	F	WNA	IND	0	441	0
243	J	F	WNA	IND	0	440	0
244	J	F	WNA	IND	0	438	0
245	J	F	WNA	IND	0	435	0
246	J	F	WNA	IND	0	441	0
247	J	F	WNA	IND	0	433	0
248	J	F	WNA	IND	0	435	0
249	J	F	WNA	IND	0	445	0
250	J	F	WNA	IND	0	431	0
251	J	F	WNA	IND	0	444	0
252	J	F	WNA	IND	0	439	0
253	J	F	WNA	IND	0	431	0
254	J	F	WNA	IND	0	428	0
255	J	F	WNA	IND	0	436	0
256	J	F	WNA	IND	0	431	0
257	J	F	WNA	IND	0	436	0
258	J	F	WNA	IND	0	440	0
259	J	F	WNA	IND	0	436	0
260	J	F	WNA	IND	0	431	0
261	J	F	WNA	IND	0	445	0
262	J	F	WNA	IND	0	435	0
263	J	F	WNA	IND	0	430	0
264	J	F	WNA	IND	0	438	0
265	J	F	WNA	IND	0	434	0
266	J	F	WNA	IND	0	429	0
267	J	F	WNA	IND	0	437	0
268	J	F	WNA	IND	0	431	0
269	J	F	WNA	IND	0	433	0
270	J	F	WNA	IND	0	430	0
271	J	F	WNA	IND	0	428	0
272	J	F	WNA	IND	0	433	0
273	J	F	WNA	IND	0	438	0
274	J	F	WNA	IND	0	435	0
275	J	F	WNA	IND	0	443	0
276	J	F	WNA	IND	0	425	0
277	J	F	WNA	IND	0	433	0
278	J	F	WNA	IND	0	439	0
279	J	F	WNA	IND	0	434	0
280	J	F	WNA	IND	0	434	0
281	J	F	WNA	IND	0	446	0
282	J	F	WNA	IND	0	440	0
283	J	F	WNA	IND	0	430	0
284	J	F	WNA	IND	0	437	0
285	J	F	WNA	IND	0	430	0
286	J	F	WNA	IND	0	425	0
287	J	F	WNA	IND	0	430	0
288	J	F	WNA	IND	0	444	0
289	J	F	WNA	IND	0	435	0
290	J	F	WNA	IND	0	426	0
291	J	F	WNA	IND	0	434	0
292	J	F	WNA	IND	0	427	0
293	J	F	WNA	IND	0	437	0
294	J	F	WNA	IND	0	437	0
295	J	F	WNA	IND	0	436	0
296	J	F	WNA	IND	0	432	0
297	J	F	WNA	IND	0	441	0
298	J	F	WNA	IND	0	437	0
299	J	F	WNA	IND	0	431	0
300	J	F	WNA	IND	0	435	0
1	K	F	WPA	IND	0	433	0
2	K	F	WPA	IND	3	440	0.0068181818181818179
3	K	F	WPA	IND	1	440	0.0022727272727272726
4	K	F	WPA	IND	1	434	0.002304147465437788
5	K	F	WPA	IND	3	436	0.0068807339449541288
6	K	F	WPA	IND	0	437	0
7	K	F	WPA	IND	2	432	0.0046296296296296294
8	K	F	WPA	IND	3	442	0.0067873303167420816
9	K	F	WPA	IND	0	431	0
10	K	F	WPA	IND	2	433	0.0046189376443418013
11	K	F	WPA	IND	2	437	0.0045766590389016018
12	K	F	WPA	IND	3	436	0.0068807339449541288
13	K	F	WPA	IND	3	444	0.0067567567567567571
14	K	F	WPA	IND	1	442	0.0022624434389140274
15	K	F	WPA	IND	1	427	0.00234192037470726
16	K	F	WPA	IND	1	444	0.0022522522522522522
17	K	F	WPA	IND	2	438	0.0045662100456621002
18	K	F	WPA	IND	2	440	0.0045454545454545452
19	K	F	WPA	IND	2	429	0.004662004662004662
20	K	F	WPA	IND	1	430	0.0023255813953488372
21	K	F	WPA	IND	0	429	0
22	K	F	WPA	IND	2	435	0.0045977011494252873
23	K	F	WPA	IND	1	430	0.0023255813953488372
24	K	F	WPA	IND	0	443	0
25	K	F	WPA	IND	1	434	0.002304147465437788
26	K	F	WPA	IND	1	438	0.0022831050228310501
27	K	F	WPA	IND	2	436	0.0045871559633027525
28	K	F	WPA	IND	0	438	0
29	K	F	WPA	IND	1	436	0.0022935779816513763
30	K	F	WPA	IND	1	439	0.0022779043280182231
31	K	F	WPA	IND	1	438	0.0022831050228310501
32	K	F	WPA	IND	0	439	0
33	K	F	WPA	IND	1	436	0.0022935779816513763
34	K	F	WPA	IND	2	438	0.0045662100456621002
35	K	F	WPA	IND	0	438	0
36	K	F	WPA	IND	3	440	0.0068181818181818179
37	K	F	WPA	IND	1	442	0.0022624434389140274
38	K	F	WPA	IND	1	437	0.0022883295194508009
39	K	F	WPA	IND	3	434	0.0069124423963133645
40	K	F	WPA	IND	3	442	0.0067873303167420816
41	K	F	WPA	IND	2	444	0.0045045045045045045
42	K	F	WPA	IND	2	427	0.0046838407494145199
43	K	F	WPA	IND	0	434	0
44	K	F	WPA	IND	0	430	0
45	K	F	WPA	IND	1	431	0.0023201856148491878
46	K	F	WPA	IND	1	429	0.002331002331002331
47	K	F	WPA	IND	1	444	0.0022522522522522522
48	K	F	WPA	IND	2	441	0.0045351473922902496
49	K	F	WPA	IND	1	431	0.0023201856148491878
50	K	F	WPA	IND	0	424	0
51	K	F	WPA	IND	3	428	0.0070093457943925233
52	K	F	WPA	IND	1	428	0.0023364485981308409
53	K	F	WPA	IND	1	444	0.0022522522522522522
54	K	F	WPA	IND	4	439	0.0091116173120728925
55	K	F	WPA	IND	0	435	0
56	K	F	WPA	IND	1	437	0.0022883295194508009
57	K	F	WPA	IND	1	433	0.0023094688221709007
58	K	F	WPA	IND	1	441	0.0022675736961451248
59	K	F	WPA	IND	0	424	0
60	K	F	WPA	IND	1	440	0.0022727272727272726
61	K	F	WPA	IND	1	436	0.0022935779816513763
62	K	F	WPA	IND	1	422	0.0023696682464454978
63	K	F	WPA	IND	1	433	0.0023094688221709007
64	K	F	WPA	IND	1	433	0.0023094688221709007
65	K	F	WPA	IND	0	432	0
66	K	F	WPA	IND	1	445	0.0022471910112359553
67	K	F	WPA	IND	1	430	0.0023255813953488372
68	K	F	WPA	IND	1	438	0.0022831050228310501
69	K	F	WPA	IND	2	438	0.0045662100456621002
70	K	F	WPA	IND	1	439	0.0022779043280182231
71	K	F	WPA	IND	0	432	0
72	K	F	WPA	IND	3	436	0.0068807339449541288
73	K	F	WPA	IND	0	435	0
74	K	F	WPA	IND	1	436	0.0022935779816513763
75	K	F	WPA	IND	2	452	0.0044247787610619468
76	K	F	WPA	IND	2	441	0.0045351473922902496
77	K	F	WPA	IND	0	441	0
78	K	F	WPA	IND	1	435	0.0022988505747126436
79	K	F	WPA	IND	1	425	0.002352941176470588
80	K	F	WPA	IND	0	440	0
81	K	F	WPA	IND	1	436	0.0022935779816513763
82	K	F	WPA	IND	0	435	0
83	K	F	WPA	IND	0	426	0
84	K	F	WPA	IND	1	447	0.0022371364653243847
85	K	F	WPA	IND	1	434	0.002304147465437788
86	K	F	WPA	IND	0	431	0
87	K	F	WPA	IND	1	432	0.0023148148148148147
88	K	F	WPA	IND	1	445	0.0022471910112359553
89	K	F	WPA	IND	0	432	0
90	K	F	WPA	IND	2	431	0.0046403712296983757
91	K	F	WPA	IND	0	436	0
92	K	F	WPA	IND	1	442	0.0022624434389140274
93	K	F	WPA	IND	1	426	0.0023474178403755869
94	K	F	WPA	IND	0	426	0
95	K	F	WPA	IND	1	431	0.0023201856148491878
96	K	F	WPA	IND	1	439	0.0022779043280182231
97	K	F	WPA	IND	1	436	0.0022935779816513763
98	K	F	WPA	IND	1	433	0.0023094688221709007
99	K	F	WPA	IND	1	434	0.002304147465437788
100	K	F	WPA	IND	1	439	0.0022779043280182231
101	K	F	WPA	IND	3	435	0.0068965517241379309
102	K	F	WPA	IND	0	448	0
103	K	F	WPA	IND	1	438	0.0022831050228310501
104	K	F	WPA	IND	1	431	0.0023201856148491878
105	K	F	WPA	IND	0	435	0
106	K	F	WPA	IND	1	435	0.0022988505747126436
107	K	F	WPA	IND	1	443	0.002257336343115124
108	K	F	WPA	IND	1	426	0.0023474178403755869
109	K	F	WPA	IND	0	444	0
110	K	F	WPA	IND	2	427	0.0046838407494145199
111	K	F	WPA	IND	1	447	0.0022371364653243847
112	K	F	WPA	IND	0	436	0
113	K	F	WPA	IND	1	432	0.0023148148148148147
114	K	F	WPA	IND	0	442	0
115	K	F	WPA	IND	2	435	0.0045977011494252873
116	K	F	WPA	IND	2	445	0.0044943820224719105
117	K	F	WPA	IND	1	441	0.0022675736961451248
118	K	F	WPA	IND	1	436	0.0022935779816513763
119	K	F	WPA	IND	1	439	0.0022779043280182231
120	K	F	WPA	IND	0	451	0
121	K	F	WPA	IND	0	443	0
122	K	F	WPA	IND	0	432	0
123	K	F	WPA	IND	2	442	0.0045248868778280547
124	K	F	WPA	IND	1	437	0.0022883295194508009
125	K	F	WPA	IND	2	433	0.0046189376443418013
126	K	F	WPA	IND	2	438	0.0045662100456621002
127	K	F	WPA	IND	0	436	0
128	K	F	WPA	IND	0	436	0
129	K	F	WPA	IND	1	435	0.0022988505747126436
130	K	F	WPA	IND	0	433	0
131	K	F	WPA	IND	0	446	0
132	K	F	WPA	IND	1	442	0.0022624434389140274
133	K	F	WPA	IND	1	441	0.0022675736961451248
134	K	F	WPA	IND	2	444	0.0045045045045045045
135	K	F	WPA	IND	1	433	0.0023094688221709007
136	K	F	WPA	IND	2	432	0.0046296296296296294
137	K	F	WPA	IND	2	433	0.0046189376443418013
138	K	F	WPA	IND	2	438	0.0045662100456621002
139	K	F	WPA	IND	1	433	0.0023094688221709007
140	K	F	WPA	IND	1	433	0.0023094688221709007
141	K	F	WPA	IND	1	427	0.00234192037470726
142	K	F	WPA	IND	1	425	0.002352941176470588
143	K	F	WPA	IND	0	430	0
144	K	F	WPA	IND	1	434	0.002304147465437788
145	K	F	WPA	IND	1	446	0.002242152466367713
146	K	F	WPA	IND	0	439	0
147	K	F	WPA	IND	1	433	0.0023094688221709007
148	K	F	WPA	IND	0	437	0
149	K	F	WPA	IND	1	425	0.002352941176470588
150	K	F	WPA	IND	2	440	0.0045454545454545452
151	K	F	WPA	IND	1	445	0.0022471910112359553
152	K	F	WPA	IND	0	435	0
153	K	F	WPA	IND	1	438	0.0022831050228310501
154	K	F	WPA	IND	1	445	0.0022471910112359553
155	K	F	WPA	IND	0	432	0
156	K	F	WPA	IND	1	429	0.002331002331002331
157	K	F	WPA	IND	0	432	0
158	K	F	WPA	IND	0	435	0
159	K	F	WPA	IND	0	441	0
160	K	F	WPA	IND	1	439	0.0022779043280182231
161	K	F	WPA	IND	1	438	0.0022831050228310501
162	K	F	WPA	IND	0	436	0
163	K	F	WPA	IND	0	434	0
164	K	F	WPA	IND	2	437	0.0045766590389016018
165	K	F	WPA	IND	1	428	0.0023364485981308409
166	K	F	WPA	IND	2	436	0.0045871559633027525
167	K	F	WPA	IND	0	433	0
168	K	F	WPA	IND	0	435	0
169	K	F	WPA	IND	3	434	0.0069124423963133645
170	K	F	WPA	IND	0	432	0
171	K	F	WPA	IND	0	434	0
172	K	F	WPA	IND	3	444	0.0067567567567567571
173	K	F	WPA	IND	1	440	0.0022727272727272726
174	K	F	WPA	IND	2	435	0.0045977011494252873
175	K	F	WPA	IND	1	429	0.002331002331002331
176	K	F	WPA	IND	1	437	0.0022883295194508009
177	K	F	WPA	IND	2	434	0.004608294930875576
178	K	F	WPA	IND	0	442	0
179	K	F	WPA	IND	0	447	0
180	K	F	WPA	IND	1	442	0.0022624434389140274
181	K	F	WPA	IND	1	435	0.0022988505747126436
182	K	F	WPA	IND	0	441	0
183	K	F	WPA	IND	4	437	0.0091533180778032037
184	K	F	WPA	IND	3	436	0.0068807339449541288
185	K	F	WPA	IND	2	434	0.004608294930875576
186	K	F	WPA	IND	1	437	0.0022883295194508009
187	K	F	WPA	IND	0	433	0
188	K	F	WPA	IND	0	430	0
189	K	F	WPA	IND	1	443	0.002257336343115124
190	K	F	WPA	IND	1	434	0.002304147465437788
191	K	F	WPA	IND	1	429	0.002331002331002331
192	K	F	WPA	IND	0	430	0
193	K	F	WPA	IND	2	431	0.0046403712296983757
194	K	F	WPA	IND	1	423	0.0023640661938534278
195	K	F	WPA	IND	1	433	0.0023094688221709007
196	K	F	WPA	IND	1	436	0.0022935779816513763
197	K	F	WPA	IND	1	444	0.0022522522522522522
198	K	F	WPA	IND	1	446	0.002242152466367713
199	K	F	WPA	IND	0	434	0
200	K	F	WPA	IND	0	431	0
201	K	F	WPA	IND	1	435	0.0022988505747126436
202	K	F	WPA	IND	2	427	0.0046838407494145199
203	K	F	WPA	IND	1	433	0.0023094688221709007
204	K	F	WPA	IND	0	437	0
205	K	F	WPA	IND	0	431	0
206	K	F	WPA	IND	0	435	0
207	K	F	WPA	IND	1	442	0.0022624434389140274
208	K	F	WPA	IND	0	434	0
209	K	F	WPA	IND	1	438	0.0022831050228310501
210	K	F	WPA	IND	1	434	0.002304147465437788
211	K	F	WPA	IND	2	440	0.0045454545454545452
212	K	F	WPA	IND	1	447	0.0022371364653243847
213	K	F	WPA	IND	0	436	0
214	K	F	WPA	IND	0	428	0
215	K	F	WPA	IND	0	448	0
216	K	F	WPA	IND	2	442	0.0045248868778280547
217	K	F	WPA	IND	1	433	0.0023094688221709007
218	K	F	WPA	IND	2	431	0.0046403712296983757
219	K	F	WPA	IND	1	434	0.002304147465437788
220	K	F	WPA	IND	1	445	0.0022471910112359553
221	K	F	WPA	IND	0	422	0
222	K	F	WPA	IND	0	425	0
223	K	F	WPA	IND	1	431	0.0023201856148491878
224	K	F	WPA	IND	2	432	0.0046296296296296294
225	K	F	WPA	IND	0	431	0
226	K	F	WPA	IND	3	430	0.0069767441860465115
227	K	F	WPA	IND	1	441	0.0022675736961451248
228	K	F	WPA	IND	0	444	0
229	K	F	WPA	IND	1	446	0.002242152466367713
230	K	F	WPA	IND	0	439	0
231	K	F	WPA	IND	1	435	0.0022988505747126436
232	K	F	WPA	IND	2	434	0.004608294930875576
233	K	F	WPA	IND	2	437	0.0045766590389016018
234	K	F	WPA	IND	1	435	0.0022988505747126436
235	K	F	WPA	IND	1	434	0.002304147465437788
236	K	F	WPA	IND	1	431	0.0023201856148491878
237	K	F	WPA	IND	0	447	0
238	K	F	WPA	IND	1	438	0.0022831050228310501
239	K	F	WPA	IND	0	427	0
240	K	F	WPA	IND	0	437	0
241	K	F	WPA	IND	1	431	0.0023201856148491878
242	K	F	WPA	IND	1	441	0.0022675736961451248
243	K	F	WPA	IND	3	440	0.0068181818181818179
244	K	F	WPA	IND	1	438	0.0022831050228310501
245	K	F	WPA	IND	0	435	0
246	K	F	WPA	IND	0	441	0
247	K	F	WPA	IND	1	433	0.0023094688221709007
248	K	F	WPA	IND	0	435	0
249	K	F	WPA	IND	1	445	0.0022471910112359553
250	K	F	WPA	IND	0	431	0
251	K	F	WPA	IND	1	444	0.0022522522522522522
252	K	F	WPA	IND	0	439	0
253	K	F	WPA	IND	1	431	0.0023201856148491878
254	K	F	WPA	IND	1	428	0.0023364485981308409
255	K	F	WPA	IND	0	436	0
256	K	F	WPA	IND	2	431	0.0046403712296983757
257	K	F	WPA	IND	1	436	0.0022935779816513763
258	K	F	WPA	IND	0	440	0
259	K	F	WPA	IND	0	436	0
260	K	F	WPA	IND	1	431	0.0023201856148491878
261	K	F	WPA	IND	1	445	0.0022471910112359553
262	K	F	WPA	IND	1	435	0.0022988505747126436
263	K	F	WPA	IND	1	430	0.0023255813953488372
264	K	F	WPA	IND	0	438	0
265	K	F	WPA	IND	2	434	0.004608294930875576
266	K	F	WPA	IND	1	429	0.002331002331002331
267	K	F	WPA	IND	1	437	0.0022883295194508009
268	K	F	WPA	IND	0	431	0
269	K	F	WPA	IND	1	433	0.0023094688221709007
270	K	F	WPA	IND	0	430	0
271	K	F	WPA	IND	0	428	0
272	K	F	WPA	IND	2	433	0.0046189376443418013
273	K	F	WPA	IND	1	438	0.0022831050228310501
274	K	F	WPA	IND	1	435	0.0022988505747126436
275	K	F	WPA	IND	1	443	0.002257336343115124
276	K	F	WPA	IND	0	425	0
277	K	F	WPA	IND	0	433	0
278	K	F	WPA	IND	2	439	0.0045558086560364463
279	K	F	WPA	IND	1	434	0.002304147465437788
280	K	F	WPA	IND	1	434	0.002304147465437788
281	K	F	WPA	IND	1	446	0.002242152466367713
282	K	F	WPA	IND	0	440	0
283	K	F	WPA	IND	1	430	0.0023255813953488372
284	K	F	WPA	IND	1	437	0.0022883295194508009
285	K	F	WPA	IND	0	430	0
286	K	F	WPA	IND	1	425	0.002352941176470588
287	K	F	WPA	IND	1	430	0.0023255813953488372
288	K	F	WPA	IND	1	444	0.0022522522522522522
289	K	F	WPA	IND	1	435	0.0022988505747126436
290	K	F	WPA	IND	2	426	0.0046948356807511738
291	K	F	WPA	IND	0	434	0
292	K	F	WPA	IND	0	427	0
293	K	F	WPA	IND	0	437	0
294	K	F	WPA	IND	1	437	0.0022883295194508009
295	K	F	WPA	IND	1	436	0.0022935779816513763
296	K	F	WPA	IND	2	432	0.0046296296296296294
297	K	F	WPA	IND	1	441	0.0022675736961451248
298	K	F	WPA	IND	4	437	0.0091533180778032037
299	K	F	WPA	IND	0	431	0
300	K	F	WPA	IND	1	435	0.0022988505747126436
1	A	G	AF	MDG	4	433	0.0092378752886836026
2	A	G	AF	MDG	4	440	0.0090909090909090905
3	A	G	AF	MDG	4	440	0.0090909090909090905
4	A	G	AF	MDG	3	434	0.0069124423963133645
5	A	G	AF	MDG	4	436	0.0091743119266055051
6	A	G	AF	MDG	4	437	0.0091533180778032037
7	A	G	AF	MDG	4	432	0.0092592592592592587
8	A	G	AF	MDG	3	442	0.0067873303167420816
9	A	G	AF	MDG	4	431	0.0092807424593967514
10	A	G	AF	MDG	4	433	0.0092378752886836026
11	A	G	AF	MDG	4	437	0.0091533180778032037
12	A	G	AF	MDG	4	436	0.0091743119266055051
13	A	G	AF	MDG	4	444	0.0090090090090090089
14	A	G	AF	MDG	5	442	0.011312217194570135
15	A	G	AF	MDG	4	427	0.0093676814988290398
16	A	G	AF	MDG	4	444	0.0090090090090090089
17	A	G	AF	MDG	4	438	0.0091324200913242004
18	A	G	AF	MDG	4	440	0.0090909090909090905
19	A	G	AF	MDG	4	429	0.009324009324009324
20	A	G	AF	MDG	3	430	0.0069767441860465115
21	A	G	AF	MDG	4	429	0.009324009324009324
22	A	G	AF	MDG	4	435	0.0091954022988505746
23	A	G	AF	MDG	4	430	0.0093023255813953487
24	A	G	AF	MDG	4	443	0.0090293453724604959
25	A	G	AF	MDG	4	434	0.0092165898617511521
26	A	G	AF	MDG	4	438	0.0091324200913242004
27	A	G	AF	MDG	4	436	0.0091743119266055051
28	A	G	AF	MDG	4	438	0.0091324200913242004
29	A	G	AF	MDG	4	436	0.0091743119266055051
30	A	G	AF	MDG	4	439	0.0091116173120728925
31	A	G	AF	MDG	4	438	0.0091324200913242004
32	A	G	AF	MDG	4	439	0.0091116173120728925
33	A	G	AF	MDG	4	436	0.0091743119266055051
34	A	G	AF	MDG	4	438	0.0091324200913242004
35	A	G	AF	MDG	4	438	0.0091324200913242004
36	A	G	AF	MDG	4	440	0.0090909090909090905
37	A	G	AF	MDG	4	442	0.0090497737556561094
38	A	G	AF	MDG	4	437	0.0091533180778032037
39	A	G	AF	MDG	4	434	0.0092165898617511521
40	A	G	AF	MDG	4	442	0.0090497737556561094
41	A	G	AF	MDG	4	444	0.0090090090090090089
42	A	G	AF	MDG	4	427	0.0093676814988290398
43	A	G	AF	MDG	4	434	0.0092165898617511521
44	A	G	AF	MDG	4	430	0.0093023255813953487
45	A	G	AF	MDG	4	431	0.0092807424593967514
46	A	G	AF	MDG	4	429	0.009324009324009324
47	A	G	AF	MDG	4	444	0.0090090090090090089
48	A	G	AF	MDG	4	441	0.0090702947845804991
49	A	G	AF	MDG	4	431	0.0092807424593967514
50	A	G	AF	MDG	4	424	0.009433962264150943
51	A	G	AF	MDG	4	428	0.0093457943925233638
52	A	G	AF	MDG	4	428	0.0093457943925233638
53	A	G	AF	MDG	4	444	0.0090090090090090089
54	A	G	AF	MDG	4	439	0.0091116173120728925
55	A	G	AF	MDG	4	435	0.0091954022988505746
56	A	G	AF	MDG	4	437	0.0091533180778032037
57	A	G	AF	MDG	4	433	0.0092378752886836026
58	A	G	AF	MDG	4	441	0.0090702947845804991
59	A	G	AF	MDG	4	424	0.009433962264150943
60	A	G	AF	MDG	4	440	0.0090909090909090905
61	A	G	AF	MDG	4	436	0.0091743119266055051
62	A	G	AF	MDG	4	422	0.0094786729857819912
63	A	G	AF	MDG	4	433	0.0092378752886836026
64	A	G	AF	MDG	4	433	0.0092378752886836026
65	A	G	AF	MDG	4	432	0.0092592592592592587
66	A	G	AF	MDG	5	445	0.011235955056179775
67	A	G	AF	MDG	4	430	0.0093023255813953487
68	A	G	AF	MDG	4	438	0.0091324200913242004
69	A	G	AF	MDG	4	438	0.0091324200913242004
70	A	G	AF	MDG	4	439	0.0091116173120728925
71	A	G	AF	MDG	4	432	0.0092592592592592587
72	A	G	AF	MDG	4	436	0.0091743119266055051
73	A	G	AF	MDG	4	435	0.0091954022988505746
74	A	G	AF	MDG	4	436	0.0091743119266055051
75	A	G	AF	MDG	4	452	0.0088495575221238937
76	A	G	AF	MDG	4	441	0.0090702947845804991
77	A	G	AF	MDG	4	441	0.0090702947845804991
78	A	G	AF	MDG	3	435	0.0068965517241379309
79	A	G	AF	MDG	4	425	0.0094117647058823521
80	A	G	AF	MDG	4	440	0.0090909090909090905
81	A	G	AF	MDG	4	436	0.0091743119266055051
82	A	G	AF	MDG	4	435	0.0091954022988505746
83	A	G	AF	MDG	4	426	0.0093896713615023476
84	A	G	AF	MDG	4	447	0.008948545861297539
85	A	G	AF	MDG	4	434	0.0092165898617511521
86	A	G	AF	MDG	4	431	0.0092807424593967514
87	A	G	AF	MDG	4	432	0.0092592592592592587
88	A	G	AF	MDG	4	445	0.008988764044943821
89	A	G	AF	MDG	4	432	0.0092592592592592587
90	A	G	AF	MDG	4	431	0.0092807424593967514
91	A	G	AF	MDG	4	436	0.0091743119266055051
92	A	G	AF	MDG	4	442	0.0090497737556561094
93	A	G	AF	MDG	4	426	0.0093896713615023476
94	A	G	AF	MDG	4	426	0.0093896713615023476
95	A	G	AF	MDG	4	431	0.0092807424593967514
96	A	G	AF	MDG	4	439	0.0091116173120728925
97	A	G	AF	MDG	4	436	0.0091743119266055051
98	A	G	AF	MDG	4	433	0.0092378752886836026
99	A	G	AF	MDG	4	434	0.0092165898617511521
100	A	G	AF	MDG	4	439	0.0091116173120728925
101	A	G	AF	MDG	4	435	0.0091954022988505746
102	A	G	AF	MDG	4	448	0.0089285714285714281
103	A	G	AF	MDG	4	438	0.0091324200913242004
104	A	G	AF	MDG	4	431	0.0092807424593967514
105	A	G	AF	MDG	4	435	0.0091954022988505746
106	A	G	AF	MDG	4	435	0.0091954022988505746
107	A	G	AF	MDG	4	443	0.0090293453724604959
108	A	G	AF	MDG	4	426	0.0093896713615023476
109	A	G	AF	MDG	4	444	0.0090090090090090089
110	A	G	AF	MDG	4	427	0.0093676814988290398
111	A	G	AF	MDG	4	447	0.008948545861297539
112	A	G	AF	MDG	4	436	0.0091743119266055051
113	A	G	AF	MDG	4	432	0.0092592592592592587
114	A	G	AF	MDG	3	442	0.0067873303167420816
115	A	G	AF	MDG	4	435	0.0091954022988505746
116	A	G	AF	MDG	4	445	0.008988764044943821
117	A	G	AF	MDG	4	441	0.0090702947845804991
118	A	G	AF	MDG	4	436	0.0091743119266055051
119	A	G	AF	MDG	4	439	0.0091116173120728925
120	A	G	AF	MDG	4	451	0.008869179600886918
121	A	G	AF	MDG	4	443	0.0090293453724604959
122	A	G	AF	MDG	4	432	0.0092592592592592587
123	A	G	AF	MDG	4	442	0.0090497737556561094
124	A	G	AF	MDG	4	437	0.0091533180778032037
125	A	G	AF	MDG	4	433	0.0092378752886836026
126	A	G	AF	MDG	4	438	0.0091324200913242004
127	A	G	AF	MDG	4	436	0.0091743119266055051
128	A	G	AF	MDG	4	436	0.0091743119266055051
129	A	G	AF	MDG	4	435	0.0091954022988505746
130	A	G	AF	MDG	4	433	0.0092378752886836026
131	A	G	AF	MDG	4	446	0.0089686098654708519
132	A	G	AF	MDG	4	442	0.0090497737556561094
133	A	G	AF	MDG	3	441	0.0068027210884353739
134	A	G	AF	MDG	3	444	0.0067567567567567571
135	A	G	AF	MDG	4	433	0.0092378752886836026
136	A	G	AF	MDG	4	432	0.0092592592592592587
137	A	G	AF	MDG	4	433	0.0092378752886836026
138	A	G	AF	MDG	4	438	0.0091324200913242004
139	A	G	AF	MDG	4	433	0.0092378752886836026
140	A	G	AF	MDG	4	433	0.0092378752886836026
141	A	G	AF	MDG	4	427	0.0093676814988290398
142	A	G	AF	MDG	4	425	0.0094117647058823521
143	A	G	AF	MDG	4	430	0.0093023255813953487
144	A	G	AF	MDG	4	434	0.0092165898617511521
145	A	G	AF	MDG	4	446	0.0089686098654708519
146	A	G	AF	MDG	4	439	0.0091116173120728925
147	A	G	AF	MDG	4	433	0.0092378752886836026
148	A	G	AF	MDG	4	437	0.0091533180778032037
149	A	G	AF	MDG	4	425	0.0094117647058823521
150	A	G	AF	MDG	4	440	0.0090909090909090905
151	A	G	AF	MDG	4	445	0.008988764044943821
152	A	G	AF	MDG	4	435	0.0091954022988505746
153	A	G	AF	MDG	4	438	0.0091324200913242004
154	A	G	AF	MDG	4	445	0.008988764044943821
155	A	G	AF	MDG	4	432	0.0092592592592592587
156	A	G	AF	MDG	4	429	0.009324009324009324
157	A	G	AF	MDG	4	432	0.0092592592592592587
158	A	G	AF	MDG	4	435	0.0091954022988505746
159	A	G	AF	MDG	4	441	0.0090702947845804991
160	A	G	AF	MDG	4	439	0.0091116173120728925
161	A	G	AF	MDG	4	438	0.0091324200913242004
162	A	G	AF	MDG	4	436	0.0091743119266055051
163	A	G	AF	MDG	4	434	0.0092165898617511521
164	A	G	AF	MDG	4	437	0.0091533180778032037
165	A	G	AF	MDG	3	428	0.0070093457943925233
166	A	G	AF	MDG	4	436	0.0091743119266055051
167	A	G	AF	MDG	4	433	0.0092378752886836026
168	A	G	AF	MDG	4	435	0.0091954022988505746
169	A	G	AF	MDG	4	434	0.0092165898617511521
170	A	G	AF	MDG	4	432	0.0092592592592592587
171	A	G	AF	MDG	4	434	0.0092165898617511521
172	A	G	AF	MDG	4	444	0.0090090090090090089
173	A	G	AF	MDG	4	440	0.0090909090909090905
174	A	G	AF	MDG	4	435	0.0091954022988505746
175	A	G	AF	MDG	4	429	0.009324009324009324
176	A	G	AF	MDG	5	437	0.011441647597254004
177	A	G	AF	MDG	4	434	0.0092165898617511521
178	A	G	AF	MDG	4	442	0.0090497737556561094
179	A	G	AF	MDG	4	447	0.008948545861297539
180	A	G	AF	MDG	4	442	0.0090497737556561094
181	A	G	AF	MDG	4	435	0.0091954022988505746
182	A	G	AF	MDG	4	441	0.0090702947845804991
183	A	G	AF	MDG	4	437	0.0091533180778032037
184	A	G	AF	MDG	4	436	0.0091743119266055051
185	A	G	AF	MDG	4	434	0.0092165898617511521
186	A	G	AF	MDG	4	437	0.0091533180778032037
187	A	G	AF	MDG	3	433	0.0069284064665127024
188	A	G	AF	MDG	4	430	0.0093023255813953487
189	A	G	AF	MDG	4	443	0.0090293453724604959
190	A	G	AF	MDG	4	434	0.0092165898617511521
191	A	G	AF	MDG	4	429	0.009324009324009324
192	A	G	AF	MDG	3	430	0.0069767441860465115
193	A	G	AF	MDG	4	431	0.0092807424593967514
194	A	G	AF	MDG	4	423	0.0094562647754137114
195	A	G	AF	MDG	4	433	0.0092378752886836026
196	A	G	AF	MDG	4	436	0.0091743119266055051
197	A	G	AF	MDG	4	444	0.0090090090090090089
198	A	G	AF	MDG	3	446	0.0067264573991031393
199	A	G	AF	MDG	4	434	0.0092165898617511521
200	A	G	AF	MDG	4	431	0.0092807424593967514
201	A	G	AF	MDG	4	435	0.0091954022988505746
202	A	G	AF	MDG	4	427	0.0093676814988290398
203	A	G	AF	MDG	4	433	0.0092378752886836026
204	A	G	AF	MDG	4	437	0.0091533180778032037
205	A	G	AF	MDG	4	431	0.0092807424593967514
206	A	G	AF	MDG	4	435	0.0091954022988505746
207	A	G	AF	MDG	4	442	0.0090497737556561094
208	A	G	AF	MDG	4	434	0.0092165898617511521
209	A	G	AF	MDG	4	438	0.0091324200913242004
210	A	G	AF	MDG	4	434	0.0092165898617511521
211	A	G	AF	MDG	4	440	0.0090909090909090905
212	A	G	AF	MDG	4	447	0.008948545861297539
213	A	G	AF	MDG	4	436	0.0091743119266055051
214	A	G	AF	MDG	4	428	0.0093457943925233638
215	A	G	AF	MDG	4	448	0.0089285714285714281
216	A	G	AF	MDG	4	442	0.0090497737556561094
217	A	G	AF	MDG	4	433	0.0092378752886836026
218	A	G	AF	MDG	4	431	0.0092807424593967514
219	A	G	AF	MDG	4	434	0.0092165898617511521
220	A	G	AF	MDG	4	445	0.008988764044943821
221	A	G	AF	MDG	4	422	0.0094786729857819912
222	A	G	AF	MDG	4	425	0.0094117647058823521
223	A	G	AF	MDG	4	431	0.0092807424593967514
224	A	G	AF	MDG	4	432	0.0092592592592592587
225	A	G	AF	MDG	4	431	0.0092807424593967514
226	A	G	AF	MDG	4	430	0.0093023255813953487
227	A	G	AF	MDG	4	441	0.0090702947845804991
228	A	G	AF	MDG	4	444	0.0090090090090090089
229	A	G	AF	MDG	4	446	0.0089686098654708519
230	A	G	AF	MDG	4	439	0.0091116173120728925
231	A	G	AF	MDG	4	435	0.0091954022988505746
232	A	G	AF	MDG	4	434	0.0092165898617511521
233	A	G	AF	MDG	4	437	0.0091533180778032037
234	A	G	AF	MDG	4	435	0.0091954022988505746
235	A	G	AF	MDG	4	434	0.0092165898617511521
236	A	G	AF	MDG	4	431	0.0092807424593967514
237	A	G	AF	MDG	4	447	0.008948545861297539
238	A	G	AF	MDG	4	438	0.0091324200913242004
239	A	G	AF	MDG	3	427	0.0070257611241217799
240	A	G	AF	MDG	4	437	0.0091533180778032037
241	A	G	AF	MDG	4	431	0.0092807424593967514
242	A	G	AF	MDG	4	441	0.0090702947845804991
243	A	G	AF	MDG	4	440	0.0090909090909090905
244	A	G	AF	MDG	4	438	0.0091324200913242004
245	A	G	AF	MDG	4	435	0.0091954022988505746
246	A	G	AF	MDG	4	441	0.0090702947845804991
247	A	G	AF	MDG	4	433	0.0092378752886836026
248	A	G	AF	MDG	4	435	0.0091954022988505746
249	A	G	AF	MDG	4	445	0.008988764044943821
250	A	G	AF	MDG	4	431	0.0092807424593967514
251	A	G	AF	MDG	4	444	0.0090090090090090089
252	A	G	AF	MDG	5	439	0.011389521640091117
253	A	G	AF	MDG	4	431	0.0092807424593967514
254	A	G	AF	MDG	4	428	0.0093457943925233638
255	A	G	AF	MDG	4	436	0.0091743119266055051
256	A	G	AF	MDG	4	431	0.0092807424593967514
257	A	G	AF	MDG	4	436	0.0091743119266055051
258	A	G	AF	MDG	4	440	0.0090909090909090905
259	A	G	AF	MDG	4	436	0.0091743119266055051
260	A	G	AF	MDG	4	431	0.0092807424593967514
261	A	G	AF	MDG	4	445	0.008988764044943821
262	A	G	AF	MDG	4	435	0.0091954022988505746
263	A	G	AF	MDG	4	430	0.0093023255813953487
264	A	G	AF	MDG	4	438	0.0091324200913242004
265	A	G	AF	MDG	4	434	0.0092165898617511521
266	A	G	AF	MDG	4	429	0.009324009324009324
267	A	G	AF	MDG	4	437	0.0091533180778032037
268	A	G	AF	MDG	4	431	0.0092807424593967514
269	A	G	AF	MDG	3	433	0.0069284064665127024
270	A	G	AF	MDG	4	430	0.0093023255813953487
271	A	G	AF	MDG	3	428	0.0070093457943925233
272	A	G	AF	MDG	5	433	0.011547344110854504
273	A	G	AF	MDG	4	438	0.0091324200913242004
274	A	G	AF	MDG	4	435	0.0091954022988505746
275	A	G	AF	MDG	4	443	0.0090293453724604959
276	A	G	AF	MDG	4	425	0.0094117647058823521
277	A	G	AF	MDG	4	433	0.0092378752886836026
278	A	G	AF	MDG	4	439	0.0091116173120728925
279	A	G	AF	MDG	4	434	0.0092165898617511521
280	A	G	AF	MDG	4	434	0.0092165898617511521
281	A	G	AF	MDG	4	446	0.0089686098654708519
282	A	G	AF	MDG	5	440	0.011363636363636364
283	A	G	AF	MDG	4	430	0.0093023255813953487
284	A	G	AF	MDG	4	437	0.0091533180778032037
285	A	G	AF	MDG	3	430	0.0069767441860465115
286	A	G	AF	MDG	4	425	0.0094117647058823521
287	A	G	AF	MDG	4	430	0.0093023255813953487
288	A	G	AF	MDG	4	444	0.0090090090090090089
289	A	G	AF	MDG	4	435	0.0091954022988505746
290	A	G	AF	MDG	4	426	0.0093896713615023476
291	A	G	AF	MDG	3	434	0.0069124423963133645
292	A	G	AF	MDG	4	427	0.0093676814988290398
293	A	G	AF	MDG	4	437	0.0091533180778032037
294	A	G	AF	MDG	4	437	0.0091533180778032037
295	A	G	AF	MDG	4	436	0.0091743119266055051
296	A	G	AF	MDG	3	432	0.0069444444444444441
297	A	G	AF	MDG	4	441	0.0090702947845804991
298	A	G	AF	MDG	4	437	0.0091533180778032037
299	A	G	AF	MDG	4	431	0.0092807424593967514
300	A	G	AF	MDG	4	435	0.0091954022988505746
1	B	G	AUS	MDG	0	433	0
2	B	G	AUS	MDG	0	440	0
3	B	G	AUS	MDG	0	440	0
4	B	G	AUS	MDG	0	434	0
5	B	G	AUS	MDG	0	436	0
6	B	G	AUS	MDG	0	437	0
7	B	G	AUS	MDG	0	432	0
8	B	G	AUS	MDG	0	442	0
9	B	G	AUS	MDG	0	431	0
10	B	G	AUS	MDG	0	433	0
11	B	G	AUS	MDG	0	437	0
12	B	G	AUS	MDG	0	436	0
13	B	G	AUS	MDG	0	444	0
14	B	G	AUS	MDG	0	442	0
15	B	G	AUS	MDG	0	427	0
16	B	G	AUS	MDG	0	444	0
17	B	G	AUS	MDG	0	438	0
18	B	G	AUS	MDG	0	440	0
19	B	G	AUS	MDG	0	429	0
20	B	G	AUS	MDG	0	430	0
21	B	G	AUS	MDG	0	429	0
22	B	G	AUS	MDG	0	435	0
23	B	G	AUS	MDG	0	430	0
24	B	G	AUS	MDG	0	443	0
25	B	G	AUS	MDG	0	434	0
26	B	G	AUS	MDG	0	438	0
27	B	G	AUS	MDG	0	436	0
28	B	G	AUS	MDG	0	438	0
29	B	G	AUS	MDG	0	436	0
30	B	G	AUS	MDG	0	439	0
31	B	G	AUS	MDG	0	438	0
32	B	G	AUS	MDG	0	439	0
33	B	G	AUS	MDG	0	436	0
34	B	G	AUS	MDG	0	438	0
35	B	G	AUS	MDG	0	438	0
36	B	G	AUS	MDG	0	440	0
37	B	G	AUS	MDG	0	442	0
38	B	G	AUS	MDG	0	437	0
39	B	G	AUS	MDG	0	434	0
40	B	G	AUS	MDG	0	442	0
41	B	G	AUS	MDG	0	444	0
42	B	G	AUS	MDG	0	427	0
43	B	G	AUS	MDG	0	434	0
44	B	G	AUS	MDG	0	430	0
45	B	G	AUS	MDG	0	431	0
46	B	G	AUS	MDG	0	429	0
47	B	G	AUS	MDG	0	444	0
48	B	G	AUS	MDG	0	441	0
49	B	G	AUS	MDG	0	431	0
50	B	G	AUS	MDG	0	424	0
51	B	G	AUS	MDG	0	428	0
52	B	G	AUS	MDG	0	428	0
53	B	G	AUS	MDG	0	444	0
54	B	G	AUS	MDG	0	439	0
55	B	G	AUS	MDG	0	435	0
56	B	G	AUS	MDG	0	437	0
57	B	G	AUS	MDG	0	433	0
58	B	G	AUS	MDG	0	441	0
59	B	G	AUS	MDG	0	424	0
60	B	G	AUS	MDG	0	440	0
61	B	G	AUS	MDG	0	436	0
62	B	G	AUS	MDG	0	422	0
63	B	G	AUS	MDG	0	433	0
64	B	G	AUS	MDG	0	433	0
65	B	G	AUS	MDG	0	432	0
66	B	G	AUS	MDG	0	445	0
67	B	G	AUS	MDG	0	430	0
68	B	G	AUS	MDG	0	438	0
69	B	G	AUS	MDG	0	438	0
70	B	G	AUS	MDG	0	439	0
71	B	G	AUS	MDG	0	432	0
72	B	G	AUS	MDG	0	436	0
73	B	G	AUS	MDG	0	435	0
74	B	G	AUS	MDG	0	436	0
75	B	G	AUS	MDG	0	452	0
76	B	G	AUS	MDG	0	441	0
77	B	G	AUS	MDG	0	441	0
78	B	G	AUS	MDG	0	435	0
79	B	G	AUS	MDG	0	425	0
80	B	G	AUS	MDG	0	440	0
81	B	G	AUS	MDG	0	436	0
82	B	G	AUS	MDG	0	435	0
83	B	G	AUS	MDG	0	426	0
84	B	G	AUS	MDG	0	447	0
85	B	G	AUS	MDG	0	434	0
86	B	G	AUS	MDG	0	431	0
87	B	G	AUS	MDG	0	432	0
88	B	G	AUS	MDG	0	445	0
89	B	G	AUS	MDG	0	432	0
90	B	G	AUS	MDG	0	431	0
91	B	G	AUS	MDG	0	436	0
92	B	G	AUS	MDG	0	442	0
93	B	G	AUS	MDG	0	426	0
94	B	G	AUS	MDG	0	426	0
95	B	G	AUS	MDG	0	431	0
96	B	G	AUS	MDG	0	439	0
97	B	G	AUS	MDG	0	436	0
98	B	G	AUS	MDG	0	433	0
99	B	G	AUS	MDG	0	434	0
100	B	G	AUS	MDG	0	439	0
101	B	G	AUS	MDG	0	435	0
102	B	G	AUS	MDG	0	448	0
103	B	G	AUS	MDG	0	438	0
104	B	G	AUS	MDG	0	431	0
105	B	G	AUS	MDG	0	435	0
106	B	G	AUS	MDG	0	435	0
107	B	G	AUS	MDG	0	443	0
108	B	G	AUS	MDG	0	426	0
109	B	G	AUS	MDG	0	444	0
110	B	G	AUS	MDG	0	427	0
111	B	G	AUS	MDG	0	447	0
112	B	G	AUS	MDG	0	436	0
113	B	G	AUS	MDG	0	432	0
114	B	G	AUS	MDG	0	442	0
115	B	G	AUS	MDG	0	435	0
116	B	G	AUS	MDG	0	445	0
117	B	G	AUS	MDG	0	441	0
118	B	G	AUS	MDG	0	436	0
119	B	G	AUS	MDG	0	439	0
120	B	G	AUS	MDG	0	451	0
121	B	G	AUS	MDG	0	443	0
122	B	G	AUS	MDG	0	432	0
123	B	G	AUS	MDG	0	442	0
124	B	G	AUS	MDG	0	437	0
125	B	G	AUS	MDG	0	433	0
126	B	G	AUS	MDG	0	438	0
127	B	G	AUS	MDG	0	436	0
128	B	G	AUS	MDG	0	436	0
129	B	G	AUS	MDG	0	435	0
130	B	G	AUS	MDG	0	433	0
131	B	G	AUS	MDG	0	446	0
132	B	G	AUS	MDG	0	442	0
133	B	G	AUS	MDG	0	441	0
134	B	G	AUS	MDG	0	444	0
135	B	G	AUS	MDG	0	433	0
136	B	G	AUS	MDG	0	432	0
137	B	G	AUS	MDG	0	433	0
138	B	G	AUS	MDG	0	438	0
139	B	G	AUS	MDG	0	433	0
140	B	G	AUS	MDG	0	433	0
141	B	G	AUS	MDG	0	427	0
142	B	G	AUS	MDG	0	425	0
143	B	G	AUS	MDG	0	430	0
144	B	G	AUS	MDG	0	434	0
145	B	G	AUS	MDG	0	446	0
146	B	G	AUS	MDG	0	439	0
147	B	G	AUS	MDG	0	433	0
148	B	G	AUS	MDG	0	437	0
149	B	G	AUS	MDG	0	425	0
150	B	G	AUS	MDG	0	440	0
151	B	G	AUS	MDG	0	445	0
152	B	G	AUS	MDG	0	435	0
153	B	G	AUS	MDG	0	438	0
154	B	G	AUS	MDG	0	445	0
155	B	G	AUS	MDG	0	432	0
156	B	G	AUS	MDG	0	429	0
157	B	G	AUS	MDG	0	432	0
158	B	G	AUS	MDG	0	435	0
159	B	G	AUS	MDG	0	441	0
160	B	G	AUS	MDG	0	439	0
161	B	G	AUS	MDG	0	438	0
162	B	G	AUS	MDG	0	436	0
163	B	G	AUS	MDG	0	434	0
164	B	G	AUS	MDG	0	437	0
165	B	G	AUS	MDG	0	428	0
166	B	G	AUS	MDG	0	436	0
167	B	G	AUS	MDG	0	433	0
168	B	G	AUS	MDG	0	435	0
169	B	G	AUS	MDG	0	434	0
170	B	G	AUS	MDG	0	432	0
171	B	G	AUS	MDG	0	434	0
172	B	G	AUS	MDG	0	444	0
173	B	G	AUS	MDG	0	440	0
174	B	G	AUS	MDG	0	435	0
175	B	G	AUS	MDG	0	429	0
176	B	G	AUS	MDG	0	437	0
177	B	G	AUS	MDG	0	434	0
178	B	G	AUS	MDG	0	442	0
179	B	G	AUS	MDG	0	447	0
180	B	G	AUS	MDG	0	442	0
181	B	G	AUS	MDG	0	435	0
182	B	G	AUS	MDG	0	441	0
183	B	G	AUS	MDG	0	437	0
184	B	G	AUS	MDG	0	436	0
185	B	G	AUS	MDG	0	434	0
186	B	G	AUS	MDG	0	437	0
187	B	G	AUS	MDG	0	433	0
188	B	G	AUS	MDG	0	430	0
189	B	G	AUS	MDG	0	443	0
190	B	G	AUS	MDG	0	434	0
191	B	G	AUS	MDG	0	429	0
192	B	G	AUS	MDG	0	430	0
193	B	G	AUS	MDG	0	431	0
194	B	G	AUS	MDG	0	423	0
195	B	G	AUS	MDG	0	433	0
196	B	G	AUS	MDG	0	436	0
197	B	G	AUS	MDG	0	444	0
198	B	G	AUS	MDG	0	446	0
199	B	G	AUS	MDG	0	434	0
200	B	G	AUS	MDG	0	431	0
201	B	G	AUS	MDG	0	435	0
202	B	G	AUS	MDG	0	427	0
203	B	G	AUS	MDG	0	433	0
204	B	G	AUS	MDG	0	437	0
205	B	G	AUS	MDG	0	431	0
206	B	G	AUS	MDG	0	435	0
207	B	G	AUS	MDG	0	442	0
208	B	G	AUS	MDG	0	434	0
209	B	G	AUS	MDG	0	438	0
210	B	G	AUS	MDG	0	434	0
211	B	G	AUS	MDG	0	440	0
212	B	G	AUS	MDG	0	447	0
213	B	G	AUS	MDG	0	436	0
214	B	G	AUS	MDG	0	428	0
215	B	G	AUS	MDG	0	448	0
216	B	G	AUS	MDG	0	442	0
217	B	G	AUS	MDG	0	433	0
218	B	G	AUS	MDG	0	431	0
219	B	G	AUS	MDG	0	434	0
220	B	G	AUS	MDG	0	445	0
221	B	G	AUS	MDG	0	422	0
222	B	G	AUS	MDG	0	425	0
223	B	G	AUS	MDG	0	431	0
224	B	G	AUS	MDG	0	432	0
225	B	G	AUS	MDG	0	431	0
226	B	G	AUS	MDG	0	430	0
227	B	G	AUS	MDG	0	441	0
228	B	G	AUS	MDG	0	444	0
229	B	G	AUS	MDG	0	446	0
230	B	G	AUS	MDG	0	439	0
231	B	G	AUS	MDG	0	435	0
232	B	G	AUS	MDG	0	434	0
233	B	G	AUS	MDG	0	437	0
234	B	G	AUS	MDG	0	435	0
235	B	G	AUS	MDG	0	434	0
236	B	G	AUS	MDG	0	431	0
237	B	G	AUS	MDG	0	447	0
238	B	G	AUS	MDG	0	438	0
239	B	G	AUS	MDG	0	427	0
240	B	G	AUS	MDG	0	437	0
241	B	G	AUS	MDG	0	431	0
242	B	G	AUS	MDG	0	441	0
243	B	G	AUS	MDG	0	440	0
244	B	G	AUS	MDG	0	438	0
245	B	G	AUS	MDG	0	435	0
246	B	G	AUS	MDG	0	441	0
247	B	G	AUS	MDG	0	433	0
248	B	G	AUS	MDG	0	435	0
249	B	G	AUS	MDG	0	445	0
250	B	G	AUS	MDG	0	431	0
251	B	G	AUS	MDG	0	444	0
252	B	G	AUS	MDG	0	439	0
253	B	G	AUS	MDG	0	431	0
254	B	G	AUS	MDG	0	428	0
255	B	G	AUS	MDG	0	436	0
256	B	G	AUS	MDG	0	431	0
257	B	G	AUS	MDG	0	436	0
258	B	G	AUS	MDG	0	440	0
259	B	G	AUS	MDG	0	436	0
260	B	G	AUS	MDG	0	431	0
261	B	G	AUS	MDG	0	445	0
262	B	G	AUS	MDG	0	435	0
263	B	G	AUS	MDG	0	430	0
264	B	G	AUS	MDG	0	438	0
265	B	G	AUS	MDG	0	434	0
266	B	G	AUS	MDG	0	429	0
267	B	G	AUS	MDG	0	437	0
268	B	G	AUS	MDG	0	431	0
269	B	G	AUS	MDG	0	433	0
270	B	G	AUS	MDG	0	430	0
271	B	G	AUS	MDG	0	428	0
272	B	G	AUS	MDG	0	433	0
273	B	G	AUS	MDG	0	438	0
274	B	G	AUS	MDG	0	435	0
275	B	G	AUS	MDG	0	443	0
276	B	G	AUS	MDG	0	425	0
277	B	G	AUS	MDG	0	433	0
278	B	G	AUS	MDG	0	439	0
279	B	G	AUS	MDG	0	434	0
280	B	G	AUS	MDG	0	434	0
281	B	G	AUS	MDG	0	446	0
282	B	G	AUS	MDG	0	440	0
283	B	G	AUS	MDG	0	430	0
284	B	G	AUS	MDG	0	437	0
285	B	G	AUS	MDG	0	430	0
286	B	G	AUS	MDG	0	425	0
287	B	G	AUS	MDG	0	430	0
288	B	G	AUS	MDG	0	444	0
289	B	G	AUS	MDG	0	435	0
290	B	G	AUS	MDG	0	426	0
291	B	G	AUS	MDG	0	434	0
292	B	G	AUS	MDG	0	427	0
293	B	G	AUS	MDG	0	437	0
294	B	G	AUS	MDG	0	437	0
295	B	G	AUS	MDG	0	436	0
296	B	G	AUS	MDG	0	432	0
297	B	G	AUS	MDG	0	441	0
298	B	G	AUS	MDG	0	437	0
299	B	G	AUS	MDG	0	431	0
300	B	G	AUS	MDG	0	435	0
1	C	G	CAM	MDG	0	433	0
2	C	G	CAM	MDG	0	440	0
3	C	G	CAM	MDG	0	440	0
4	C	G	CAM	MDG	0	434	0
5	C	G	CAM	MDG	0	436	0
6	C	G	CAM	MDG	0	437	0
7	C	G	CAM	MDG	0	432	0
8	C	G	CAM	MDG	0	442	0
9	C	G	CAM	MDG	0	431	0
10	C	G	CAM	MDG	0	433	0
11	C	G	CAM	MDG	0	437	0
12	C	G	CAM	MDG	0	436	0
13	C	G	CAM	MDG	0	444	0
14	C	G	CAM	MDG	0	442	0
15	C	G	CAM	MDG	0	427	0
16	C	G	CAM	MDG	0	444	0
17	C	G	CAM	MDG	0	438	0
18	C	G	CAM	MDG	0	440	0
19	C	G	CAM	MDG	0	429	0
20	C	G	CAM	MDG	0	430	0
21	C	G	CAM	MDG	0	429	0
22	C	G	CAM	MDG	0	435	0
23	C	G	CAM	MDG	0	430	0
24	C	G	CAM	MDG	0	443	0
25	C	G	CAM	MDG	0	434	0
26	C	G	CAM	MDG	0	438	0
27	C	G	CAM	MDG	0	436	0
28	C	G	CAM	MDG	0	438	0
29	C	G	CAM	MDG	0	436	0
30	C	G	CAM	MDG	0	439	0
31	C	G	CAM	MDG	0	438	0
32	C	G	CAM	MDG	0	439	0
33	C	G	CAM	MDG	0	436	0
34	C	G	CAM	MDG	0	438	0
35	C	G	CAM	MDG	0	438	0
36	C	G	CAM	MDG	0	440	0
37	C	G	CAM	MDG	0	442	0
38	C	G	CAM	MDG	0	437	0
39	C	G	CAM	MDG	0	434	0
40	C	G	CAM	MDG	0	442	0
41	C	G	CAM	MDG	0	444	0
42	C	G	CAM	MDG	0	427	0
43	C	G	CAM	MDG	0	434	0
44	C	G	CAM	MDG	0	430	0
45	C	G	CAM	MDG	0	431	0
46	C	G	CAM	MDG	0	429	0
47	C	G	CAM	MDG	0	444	0
48	C	G	CAM	MDG	0	441	0
49	C	G	CAM	MDG	0	431	0
50	C	G	CAM	MDG	0	424	0
51	C	G	CAM	MDG	0	428	0
52	C	G	CAM	MDG	0	428	0
53	C	G	CAM	MDG	0	444	0
54	C	G	CAM	MDG	0	439	0
55	C	G	CAM	MDG	0	435	0
56	C	G	CAM	MDG	0	437	0
57	C	G	CAM	MDG	0	433	0
58	C	G	CAM	MDG	0	441	0
59	C	G	CAM	MDG	0	424	0
60	C	G	CAM	MDG	0	440	0
61	C	G	CAM	MDG	0	436	0
62	C	G	CAM	MDG	0	422	0
63	C	G	CAM	MDG	0	433	0
64	C	G	CAM	MDG	0	433	0
65	C	G	CAM	MDG	0	432	0
66	C	G	CAM	MDG	0	445	0
67	C	G	CAM	MDG	0	430	0
68	C	G	CAM	MDG	0	438	0
69	C	G	CAM	MDG	0	438	0
70	C	G	CAM	MDG	0	439	0
71	C	G	CAM	MDG	0	432	0
72	C	G	CAM	MDG	0	436	0
73	C	G	CAM	MDG	0	435	0
74	C	G	CAM	MDG	0	436	0
75	C	G	CAM	MDG	0	452	0
76	C	G	CAM	MDG	0	441	0
77	C	G	CAM	MDG	0	441	0
78	C	G	CAM	MDG	0	435	0
79	C	G	CAM	MDG	0	425	0
80	C	G	CAM	MDG	0	440	0
81	C	G	CAM	MDG	0	436	0
82	C	G	CAM	MDG	0	435	0
83	C	G	CAM	MDG	0	426	0
84	C	G	CAM	MDG	0	447	0
85	C	G	CAM	MDG	0	434	0
86	C	G	CAM	MDG	0	431	0
87	C	G	CAM	MDG	0	432	0
88	C	G	CAM	MDG	0	445	0
89	C	G	CAM	MDG	0	432	0
90	C	G	CAM	MDG	0	431	0
91	C	G	CAM	MDG	0	436	0
92	C	G	CAM	MDG	0	442	0
93	C	G	CAM	MDG	0	426	0
94	C	G	CAM	MDG	0	426	0
95	C	G	CAM	MDG	0	431	0
96	C	G	CAM	MDG	0	439	0
97	C	G	CAM	MDG	0	436	0
98	C	G	CAM	MDG	0	433	0
99	C	G	CAM	MDG	0	434	0
100	C	G	CAM	MDG	0	439	0
101	C	G	CAM	MDG	0	435	0
102	C	G	CAM	MDG	0	448	0
103	C	G	CAM	MDG	0	438	0
104	C	G	CAM	MDG	0	431	0
105	C	G	CAM	MDG	0	435	0
106	C	G	CAM	MDG	0	435	0
107	C	G	CAM	MDG	0	443	0
108	C	G	CAM	MDG	0	426	0
109	C	G	CAM	MDG	0	444	0
110	C	G	CAM	MDG	0	427	0
111	C	G	CAM	MDG	0	447	0
112	C	G	CAM	MDG	0	436	0
113	C	G	CAM	MDG	0	432	0
114	C	G	CAM	MDG	0	442	0
115	C	G	CAM	MDG	0	435	0
116	C	G	CAM	MDG	0	445	0
117	C	G	CAM	MDG	0	441	0
118	C	G	CAM	MDG	0	436	0
119	C	G	CAM	MDG	0	439	0
120	C	G	CAM	MDG	0	451	0
121	C	G	CAM	MDG	0	443	0
122	C	G	CAM	MDG	0	432	0
123	C	G	CAM	MDG	0	442	0
124	C	G	CAM	MDG	0	437	0
125	C	G	CAM	MDG	0	433	0
126	C	G	CAM	MDG	0	438	0
127	C	G	CAM	MDG	0	436	0
128	C	G	CAM	MDG	0	436	0
129	C	G	CAM	MDG	0	435	0
130	C	G	CAM	MDG	0	433	0
131	C	G	CAM	MDG	0	446	0
132	C	G	CAM	MDG	0	442	0
133	C	G	CAM	MDG	0	441	0
134	C	G	CAM	MDG	0	444	0
135	C	G	CAM	MDG	0	433	0
136	C	G	CAM	MDG	0	432	0
137	C	G	CAM	MDG	0	433	0
138	C	G	CAM	MDG	0	438	0
139	C	G	CAM	MDG	0	433	0
140	C	G	CAM	MDG	0	433	0
141	C	G	CAM	MDG	0	427	0
142	C	G	CAM	MDG	0	425	0
143	C	G	CAM	MDG	0	430	0
144	C	G	CAM	MDG	0	434	0
145	C	G	CAM	MDG	0	446	0
146	C	G	CAM	MDG	0	439	0
147	C	G	CAM	MDG	0	433	0
148	C	G	CAM	MDG	0	437	0
149	C	G	CAM	MDG	0	425	0
150	C	G	CAM	MDG	0	440	0
151	C	G	CAM	MDG	0	445	0
152	C	G	CAM	MDG	0	435	0
153	C	G	CAM	MDG	0	438	0
154	C	G	CAM	MDG	0	445	0
155	C	G	CAM	MDG	0	432	0
156	C	G	CAM	MDG	0	429	0
157	C	G	CAM	MDG	0	432	0
158	C	G	CAM	MDG	0	435	0
159	C	G	CAM	MDG	0	441	0
160	C	G	CAM	MDG	0	439	0
161	C	G	CAM	MDG	0	438	0
162	C	G	CAM	MDG	0	436	0
163	C	G	CAM	MDG	0	434	0
164	C	G	CAM	MDG	0	437	0
165	C	G	CAM	MDG	0	428	0
166	C	G	CAM	MDG	0	436	0
167	C	G	CAM	MDG	0	433	0
168	C	G	CAM	MDG	0	435	0
169	C	G	CAM	MDG	0	434	0
170	C	G	CAM	MDG	0	432	0
171	C	G	CAM	MDG	0	434	0
172	C	G	CAM	MDG	0	444	0
173	C	G	CAM	MDG	0	440	0
174	C	G	CAM	MDG	0	435	0
175	C	G	CAM	MDG	0	429	0
176	C	G	CAM	MDG	0	437	0
177	C	G	CAM	MDG	0	434	0
178	C	G	CAM	MDG	0	442	0
179	C	G	CAM	MDG	0	447	0
180	C	G	CAM	MDG	0	442	0
181	C	G	CAM	MDG	0	435	0
182	C	G	CAM	MDG	0	441	0
183	C	G	CAM	MDG	0	437	0
184	C	G	CAM	MDG	0	436	0
185	C	G	CAM	MDG	0	434	0
186	C	G	CAM	MDG	0	437	0
187	C	G	CAM	MDG	0	433	0
188	C	G	CAM	MDG	0	430	0
189	C	G	CAM	MDG	0	443	0
190	C	G	CAM	MDG	0	434	0
191	C	G	CAM	MDG	0	429	0
192	C	G	CAM	MDG	0	430	0
193	C	G	CAM	MDG	0	431	0
194	C	G	CAM	MDG	0	423	0
195	C	G	CAM	MDG	0	433	0
196	C	G	CAM	MDG	0	436	0
197	C	G	CAM	MDG	0	444	0
198	C	G	CAM	MDG	0	446	0
199	C	G	CAM	MDG	0	434	0
200	C	G	CAM	MDG	0	431	0
201	C	G	CAM	MDG	0	435	0
202	C	G	CAM	MDG	0	427	0
203	C	G	CAM	MDG	0	433	0
204	C	G	CAM	MDG	0	437	0
205	C	G	CAM	MDG	0	431	0
206	C	G	CAM	MDG	0	435	0
207	C	G	CAM	MDG	0	442	0
208	C	G	CAM	MDG	0	434	0
209	C	G	CAM	MDG	0	438	0
210	C	G	CAM	MDG	0	434	0
211	C	G	CAM	MDG	0	440	0
212	C	G	CAM	MDG	0	447	0
213	C	G	CAM	MDG	0	436	0
214	C	G	CAM	MDG	0	428	0
215	C	G	CAM	MDG	0	448	0
216	C	G	CAM	MDG	0	442	0
217	C	G	CAM	MDG	0	433	0
218	C	G	CAM	MDG	0	431	0
219	C	G	CAM	MDG	0	434	0
220	C	G	CAM	MDG	0	445	0
221	C	G	CAM	MDG	0	422	0
222	C	G	CAM	MDG	0	425	0
223	C	G	CAM	MDG	0	431	0
224	C	G	CAM	MDG	0	432	0
225	C	G	CAM	MDG	0	431	0
226	C	G	CAM	MDG	0	430	0
227	C	G	CAM	MDG	0	441	0
228	C	G	CAM	MDG	0	444	0
229	C	G	CAM	MDG	0	446	0
230	C	G	CAM	MDG	0	439	0
231	C	G	CAM	MDG	0	435	0
232	C	G	CAM	MDG	0	434	0
233	C	G	CAM	MDG	0	437	0
234	C	G	CAM	MDG	0	435	0
235	C	G	CAM	MDG	0	434	0
236	C	G	CAM	MDG	0	431	0
237	C	G	CAM	MDG	0	447	0
238	C	G	CAM	MDG	0	438	0
239	C	G	CAM	MDG	0	427	0
240	C	G	CAM	MDG	0	437	0
241	C	G	CAM	MDG	0	431	0
242	C	G	CAM	MDG	0	441	0
243	C	G	CAM	MDG	0	440	0
244	C	G	CAM	MDG	0	438	0
245	C	G	CAM	MDG	0	435	0
246	C	G	CAM	MDG	0	441	0
247	C	G	CAM	MDG	0	433	0
248	C	G	CAM	MDG	0	435	0
249	C	G	CAM	MDG	0	445	0
250	C	G	CAM	MDG	0	431	0
251	C	G	CAM	MDG	0	444	0
252	C	G	CAM	MDG	0	439	0
253	C	G	CAM	MDG	0	431	0
254	C	G	CAM	MDG	0	428	0
255	C	G	CAM	MDG	0	436	0
256	C	G	CAM	MDG	0	431	0
257	C	G	CAM	MDG	0	436	0
258	C	G	CAM	MDG	0	440	0
259	C	G	CAM	MDG	0	436	0
260	C	G	CAM	MDG	0	431	0
261	C	G	CAM	MDG	0	445	0
262	C	G	CAM	MDG	0	435	0
263	C	G	CAM	MDG	0	430	0
264	C	G	CAM	MDG	0	438	0
265	C	G	CAM	MDG	0	434	0
266	C	G	CAM	MDG	0	429	0
267	C	G	CAM	MDG	0	437	0
268	C	G	CAM	MDG	0	431	0
269	C	G	CAM	MDG	0	433	0
270	C	G	CAM	MDG	0	430	0
271	C	G	CAM	MDG	0	428	0
272	C	G	CAM	MDG	0	433	0
273	C	G	CAM	MDG	0	438	0
274	C	G	CAM	MDG	0	435	0
275	C	G	CAM	MDG	0	443	0
276	C	G	CAM	MDG	0	425	0
277	C	G	CAM	MDG	0	433	0
278	C	G	CAM	MDG	0	439	0
279	C	G	CAM	MDG	0	434	0
280	C	G	CAM	MDG	0	434	0
281	C	G	CAM	MDG	0	446	0
282	C	G	CAM	MDG	0	440	0
283	C	G	CAM	MDG	0	430	0
284	C	G	CAM	MDG	0	437	0
285	C	G	CAM	MDG	0	430	0
286	C	G	CAM	MDG	0	425	0
287	C	G	CAM	MDG	0	430	0
288	C	G	CAM	MDG	0	444	0
289	C	G	CAM	MDG	0	435	0
290	C	G	CAM	MDG	0	426	0
291	C	G	CAM	MDG	0	434	0
292	C	G	CAM	MDG	0	427	0
293	C	G	CAM	MDG	0	437	0
294	C	G	CAM	MDG	0	437	0
295	C	G	CAM	MDG	0	436	0
296	C	G	CAM	MDG	0	432	0
297	C	G	CAM	MDG	0	441	0
298	C	G	CAM	MDG	0	437	0
299	C	G	CAM	MDG	0	431	0
300	C	G	CAM	MDG	0	435	0
1	D	G	ENA	MDG	0	433	0
2	D	G	ENA	MDG	0	440	0
3	D	G	ENA	MDG	0	440	0
4	D	G	ENA	MDG	0	434	0
5	D	G	ENA	MDG	0	436	0
6	D	G	ENA	MDG	0	437	0
7	D	G	ENA	MDG	0	432	0
8	D	G	ENA	MDG	0	442	0
9	D	G	ENA	MDG	0	431	0
10	D	G	ENA	MDG	0	433	0
11	D	G	ENA	MDG	0	437	0
12	D	G	ENA	MDG	0	436	0
13	D	G	ENA	MDG	0	444	0
14	D	G	ENA	MDG	0	442	0
15	D	G	ENA	MDG	0	427	0
16	D	G	ENA	MDG	0	444	0
17	D	G	ENA	MDG	0	438	0
18	D	G	ENA	MDG	0	440	0
19	D	G	ENA	MDG	0	429	0
20	D	G	ENA	MDG	0	430	0
21	D	G	ENA	MDG	0	429	0
22	D	G	ENA	MDG	0	435	0
23	D	G	ENA	MDG	0	430	0
24	D	G	ENA	MDG	0	443	0
25	D	G	ENA	MDG	0	434	0
26	D	G	ENA	MDG	0	438	0
27	D	G	ENA	MDG	0	436	0
28	D	G	ENA	MDG	0	438	0
29	D	G	ENA	MDG	0	436	0
30	D	G	ENA	MDG	0	439	0
31	D	G	ENA	MDG	0	438	0
32	D	G	ENA	MDG	0	439	0
33	D	G	ENA	MDG	0	436	0
34	D	G	ENA	MDG	0	438	0
35	D	G	ENA	MDG	0	438	0
36	D	G	ENA	MDG	0	440	0
37	D	G	ENA	MDG	0	442	0
38	D	G	ENA	MDG	0	437	0
39	D	G	ENA	MDG	0	434	0
40	D	G	ENA	MDG	0	442	0
41	D	G	ENA	MDG	0	444	0
42	D	G	ENA	MDG	0	427	0
43	D	G	ENA	MDG	0	434	0
44	D	G	ENA	MDG	0	430	0
45	D	G	ENA	MDG	0	431	0
46	D	G	ENA	MDG	0	429	0
47	D	G	ENA	MDG	0	444	0
48	D	G	ENA	MDG	0	441	0
49	D	G	ENA	MDG	0	431	0
50	D	G	ENA	MDG	0	424	0
51	D	G	ENA	MDG	0	428	0
52	D	G	ENA	MDG	0	428	0
53	D	G	ENA	MDG	0	444	0
54	D	G	ENA	MDG	0	439	0
55	D	G	ENA	MDG	0	435	0
56	D	G	ENA	MDG	0	437	0
57	D	G	ENA	MDG	0	433	0
58	D	G	ENA	MDG	0	441	0
59	D	G	ENA	MDG	0	424	0
60	D	G	ENA	MDG	0	440	0
61	D	G	ENA	MDG	0	436	0
62	D	G	ENA	MDG	0	422	0
63	D	G	ENA	MDG	0	433	0
64	D	G	ENA	MDG	0	433	0
65	D	G	ENA	MDG	0	432	0
66	D	G	ENA	MDG	0	445	0
67	D	G	ENA	MDG	0	430	0
68	D	G	ENA	MDG	0	438	0
69	D	G	ENA	MDG	0	438	0
70	D	G	ENA	MDG	0	439	0
71	D	G	ENA	MDG	0	432	0
72	D	G	ENA	MDG	0	436	0
73	D	G	ENA	MDG	0	435	0
74	D	G	ENA	MDG	0	436	0
75	D	G	ENA	MDG	0	452	0
76	D	G	ENA	MDG	0	441	0
77	D	G	ENA	MDG	0	441	0
78	D	G	ENA	MDG	0	435	0
79	D	G	ENA	MDG	0	425	0
80	D	G	ENA	MDG	0	440	0
81	D	G	ENA	MDG	0	436	0
82	D	G	ENA	MDG	0	435	0
83	D	G	ENA	MDG	0	426	0
84	D	G	ENA	MDG	0	447	0
85	D	G	ENA	MDG	0	434	0
86	D	G	ENA	MDG	0	431	0
87	D	G	ENA	MDG	0	432	0
88	D	G	ENA	MDG	0	445	0
89	D	G	ENA	MDG	0	432	0
90	D	G	ENA	MDG	0	431	0
91	D	G	ENA	MDG	0	436	0
92	D	G	ENA	MDG	0	442	0
93	D	G	ENA	MDG	0	426	0
94	D	G	ENA	MDG	0	426	0
95	D	G	ENA	MDG	0	431	0
96	D	G	ENA	MDG	0	439	0
97	D	G	ENA	MDG	0	436	0
98	D	G	ENA	MDG	0	433	0
99	D	G	ENA	MDG	0	434	0
100	D	G	ENA	MDG	0	439	0
101	D	G	ENA	MDG	0	435	0
102	D	G	ENA	MDG	0	448	0
103	D	G	ENA	MDG	0	438	0
104	D	G	ENA	MDG	0	431	0
105	D	G	ENA	MDG	0	435	0
106	D	G	ENA	MDG	0	435	0
107	D	G	ENA	MDG	0	443	0
108	D	G	ENA	MDG	0	426	0
109	D	G	ENA	MDG	0	444	0
110	D	G	ENA	MDG	0	427	0
111	D	G	ENA	MDG	0	447	0
112	D	G	ENA	MDG	0	436	0
113	D	G	ENA	MDG	0	432	0
114	D	G	ENA	MDG	0	442	0
115	D	G	ENA	MDG	0	435	0
116	D	G	ENA	MDG	0	445	0
117	D	G	ENA	MDG	0	441	0
118	D	G	ENA	MDG	0	436	0
119	D	G	ENA	MDG	0	439	0
120	D	G	ENA	MDG	0	451	0
121	D	G	ENA	MDG	0	443	0
122	D	G	ENA	MDG	0	432	0
123	D	G	ENA	MDG	0	442	0
124	D	G	ENA	MDG	0	437	0
125	D	G	ENA	MDG	0	433	0
126	D	G	ENA	MDG	0	438	0
127	D	G	ENA	MDG	0	436	0
128	D	G	ENA	MDG	0	436	0
129	D	G	ENA	MDG	0	435	0
130	D	G	ENA	MDG	0	433	0
131	D	G	ENA	MDG	0	446	0
132	D	G	ENA	MDG	0	442	0
133	D	G	ENA	MDG	0	441	0
134	D	G	ENA	MDG	0	444	0
135	D	G	ENA	MDG	0	433	0
136	D	G	ENA	MDG	0	432	0
137	D	G	ENA	MDG	0	433	0
138	D	G	ENA	MDG	0	438	0
139	D	G	ENA	MDG	0	433	0
140	D	G	ENA	MDG	0	433	0
141	D	G	ENA	MDG	0	427	0
142	D	G	ENA	MDG	0	425	0
143	D	G	ENA	MDG	0	430	0
144	D	G	ENA	MDG	0	434	0
145	D	G	ENA	MDG	0	446	0
146	D	G	ENA	MDG	0	439	0
147	D	G	ENA	MDG	0	433	0
148	D	G	ENA	MDG	0	437	0
149	D	G	ENA	MDG	0	425	0
150	D	G	ENA	MDG	0	440	0
151	D	G	ENA	MDG	0	445	0
152	D	G	ENA	MDG	0	435	0
153	D	G	ENA	MDG	0	438	0
154	D	G	ENA	MDG	0	445	0
155	D	G	ENA	MDG	0	432	0
156	D	G	ENA	MDG	0	429	0
157	D	G	ENA	MDG	0	432	0
158	D	G	ENA	MDG	0	435	0
159	D	G	ENA	MDG	0	441	0
160	D	G	ENA	MDG	0	439	0
161	D	G	ENA	MDG	0	438	0
162	D	G	ENA	MDG	0	436	0
163	D	G	ENA	MDG	0	434	0
164	D	G	ENA	MDG	0	437	0
165	D	G	ENA	MDG	0	428	0
166	D	G	ENA	MDG	0	436	0
167	D	G	ENA	MDG	0	433	0
168	D	G	ENA	MDG	0	435	0
169	D	G	ENA	MDG	0	434	0
170	D	G	ENA	MDG	0	432	0
171	D	G	ENA	MDG	0	434	0
172	D	G	ENA	MDG	0	444	0
173	D	G	ENA	MDG	0	440	0
174	D	G	ENA	MDG	0	435	0
175	D	G	ENA	MDG	0	429	0
176	D	G	ENA	MDG	0	437	0
177	D	G	ENA	MDG	0	434	0
178	D	G	ENA	MDG	0	442	0
179	D	G	ENA	MDG	0	447	0
180	D	G	ENA	MDG	0	442	0
181	D	G	ENA	MDG	0	435	0
182	D	G	ENA	MDG	0	441	0
183	D	G	ENA	MDG	0	437	0
184	D	G	ENA	MDG	0	436	0
185	D	G	ENA	MDG	0	434	0
186	D	G	ENA	MDG	0	437	0
187	D	G	ENA	MDG	0	433	0
188	D	G	ENA	MDG	0	430	0
189	D	G	ENA	MDG	0	443	0
190	D	G	ENA	MDG	0	434	0
191	D	G	ENA	MDG	0	429	0
192	D	G	ENA	MDG	0	430	0
193	D	G	ENA	MDG	0	431	0
194	D	G	ENA	MDG	0	423	0
195	D	G	ENA	MDG	0	433	0
196	D	G	ENA	MDG	0	436	0
197	D	G	ENA	MDG	0	444	0
198	D	G	ENA	MDG	0	446	0
199	D	G	ENA	MDG	0	434	0
200	D	G	ENA	MDG	0	431	0
201	D	G	ENA	MDG	0	435	0
202	D	G	ENA	MDG	0	427	0
203	D	G	ENA	MDG	0	433	0
204	D	G	ENA	MDG	0	437	0
205	D	G	ENA	MDG	0	431	0
206	D	G	ENA	MDG	0	435	0
207	D	G	ENA	MDG	0	442	0
208	D	G	ENA	MDG	0	434	0
209	D	G	ENA	MDG	0	438	0
210	D	G	ENA	MDG	0	434	0
211	D	G	ENA	MDG	0	440	0
212	D	G	ENA	MDG	0	447	0
213	D	G	ENA	MDG	0	436	0
214	D	G	ENA	MDG	0	428	0
215	D	G	ENA	MDG	0	448	0
216	D	G	ENA	MDG	0	442	0
217	D	G	ENA	MDG	0	433	0
218	D	G	ENA	MDG	0	431	0
219	D	G	ENA	MDG	0	434	0
220	D	G	ENA	MDG	0	445	0
221	D	G	ENA	MDG	0	422	0
222	D	G	ENA	MDG	0	425	0
223	D	G	ENA	MDG	0	431	0
224	D	G	ENA	MDG	0	432	0
225	D	G	ENA	MDG	0	431	0
226	D	G	ENA	MDG	0	430	0
227	D	G	ENA	MDG	0	441	0
228	D	G	ENA	MDG	0	444	0
229	D	G	ENA	MDG	0	446	0
230	D	G	ENA	MDG	0	439	0
231	D	G	ENA	MDG	0	435	0
232	D	G	ENA	MDG	0	434	0
233	D	G	ENA	MDG	0	437	0
234	D	G	ENA	MDG	0	435	0
235	D	G	ENA	MDG	0	434	0
236	D	G	ENA	MDG	0	431	0
237	D	G	ENA	MDG	0	447	0
238	D	G	ENA	MDG	0	438	0
239	D	G	ENA	MDG	0	427	0
240	D	G	ENA	MDG	0	437	0
241	D	G	ENA	MDG	0	431	0
242	D	G	ENA	MDG	0	441	0
243	D	G	ENA	MDG	0	440	0
244	D	G	ENA	MDG	0	438	0
245	D	G	ENA	MDG	0	435	0
246	D	G	ENA	MDG	0	441	0
247	D	G	ENA	MDG	0	433	0
248	D	G	ENA	MDG	0	435	0
249	D	G	ENA	MDG	0	445	0
250	D	G	ENA	MDG	0	431	0
251	D	G	ENA	MDG	0	444	0
252	D	G	ENA	MDG	0	439	0
253	D	G	ENA	MDG	0	431	0
254	D	G	ENA	MDG	0	428	0
255	D	G	ENA	MDG	0	436	0
256	D	G	ENA	MDG	0	431	0
257	D	G	ENA	MDG	0	436	0
258	D	G	ENA	MDG	0	440	0
259	D	G	ENA	MDG	0	436	0
260	D	G	ENA	MDG	0	431	0
261	D	G	ENA	MDG	0	445	0
262	D	G	ENA	MDG	0	435	0
263	D	G	ENA	MDG	0	430	0
264	D	G	ENA	MDG	0	438	0
265	D	G	ENA	MDG	0	434	0
266	D	G	ENA	MDG	0	429	0
267	D	G	ENA	MDG	0	437	0
268	D	G	ENA	MDG	0	431	0
269	D	G	ENA	MDG	0	433	0
270	D	G	ENA	MDG	0	430	0
271	D	G	ENA	MDG	0	428	0
272	D	G	ENA	MDG	0	433	0
273	D	G	ENA	MDG	0	438	0
274	D	G	ENA	MDG	0	435	0
275	D	G	ENA	MDG	0	443	0
276	D	G	ENA	MDG	0	425	0
277	D	G	ENA	MDG	0	433	0
278	D	G	ENA	MDG	0	439	0
279	D	G	ENA	MDG	0	434	0
280	D	G	ENA	MDG	0	434	0
281	D	G	ENA	MDG	0	446	0
282	D	G	ENA	MDG	0	440	0
283	D	G	ENA	MDG	0	430	0
284	D	G	ENA	MDG	0	437	0
285	D	G	ENA	MDG	0	430	0
286	D	G	ENA	MDG	0	425	0
287	D	G	ENA	MDG	0	430	0
288	D	G	ENA	MDG	0	444	0
289	D	G	ENA	MDG	0	435	0
290	D	G	ENA	MDG	0	426	0
291	D	G	ENA	MDG	0	434	0
292	D	G	ENA	MDG	0	427	0
293	D	G	ENA	MDG	0	437	0
294	D	G	ENA	MDG	0	437	0
295	D	G	ENA	MDG	0	436	0
296	D	G	ENA	MDG	0	432	0
297	D	G	ENA	MDG	0	441	0
298	D	G	ENA	MDG	0	437	0
299	D	G	ENA	MDG	0	431	0
300	D	G	ENA	MDG	0	435	0
1	E	G	EPA	MDG	0	433	0
2	E	G	EPA	MDG	0	440	0
3	E	G	EPA	MDG	0	440	0
4	E	G	EPA	MDG	0	434	0
5	E	G	EPA	MDG	0	436	0
6	E	G	EPA	MDG	0	437	0
7	E	G	EPA	MDG	0	432	0
8	E	G	EPA	MDG	0	442	0
9	E	G	EPA	MDG	0	431	0
10	E	G	EPA	MDG	0	433	0
11	E	G	EPA	MDG	0	437	0
12	E	G	EPA	MDG	0	436	0
13	E	G	EPA	MDG	0	444	0
14	E	G	EPA	MDG	0	442	0
15	E	G	EPA	MDG	0	427	0
16	E	G	EPA	MDG	0	444	0
17	E	G	EPA	MDG	0	438	0
18	E	G	EPA	MDG	0	440	0
19	E	G	EPA	MDG	0	429	0
20	E	G	EPA	MDG	0	430	0
21	E	G	EPA	MDG	0	429	0
22	E	G	EPA	MDG	0	435	0
23	E	G	EPA	MDG	0	430	0
24	E	G	EPA	MDG	0	443	0
25	E	G	EPA	MDG	0	434	0
26	E	G	EPA	MDG	0	438	0
27	E	G	EPA	MDG	0	436	0
28	E	G	EPA	MDG	0	438	0
29	E	G	EPA	MDG	0	436	0
30	E	G	EPA	MDG	0	439	0
31	E	G	EPA	MDG	0	438	0
32	E	G	EPA	MDG	0	439	0
33	E	G	EPA	MDG	0	436	0
34	E	G	EPA	MDG	0	438	0
35	E	G	EPA	MDG	0	438	0
36	E	G	EPA	MDG	0	440	0
37	E	G	EPA	MDG	0	442	0
38	E	G	EPA	MDG	0	437	0
39	E	G	EPA	MDG	0	434	0
40	E	G	EPA	MDG	0	442	0
41	E	G	EPA	MDG	0	444	0
42	E	G	EPA	MDG	0	427	0
43	E	G	EPA	MDG	0	434	0
44	E	G	EPA	MDG	0	430	0
45	E	G	EPA	MDG	0	431	0
46	E	G	EPA	MDG	0	429	0
47	E	G	EPA	MDG	0	444	0
48	E	G	EPA	MDG	0	441	0
49	E	G	EPA	MDG	0	431	0
50	E	G	EPA	MDG	0	424	0
51	E	G	EPA	MDG	0	428	0
52	E	G	EPA	MDG	0	428	0
53	E	G	EPA	MDG	0	444	0
54	E	G	EPA	MDG	0	439	0
55	E	G	EPA	MDG	0	435	0
56	E	G	EPA	MDG	0	437	0
57	E	G	EPA	MDG	0	433	0
58	E	G	EPA	MDG	0	441	0
59	E	G	EPA	MDG	0	424	0
60	E	G	EPA	MDG	0	440	0
61	E	G	EPA	MDG	0	436	0
62	E	G	EPA	MDG	0	422	0
63	E	G	EPA	MDG	0	433	0
64	E	G	EPA	MDG	0	433	0
65	E	G	EPA	MDG	0	432	0
66	E	G	EPA	MDG	0	445	0
67	E	G	EPA	MDG	0	430	0
68	E	G	EPA	MDG	0	438	0
69	E	G	EPA	MDG	0	438	0
70	E	G	EPA	MDG	0	439	0
71	E	G	EPA	MDG	0	432	0
72	E	G	EPA	MDG	0	436	0
73	E	G	EPA	MDG	0	435	0
74	E	G	EPA	MDG	0	436	0
75	E	G	EPA	MDG	0	452	0
76	E	G	EPA	MDG	0	441	0
77	E	G	EPA	MDG	0	441	0
78	E	G	EPA	MDG	0	435	0
79	E	G	EPA	MDG	0	425	0
80	E	G	EPA	MDG	0	440	0
81	E	G	EPA	MDG	0	436	0
82	E	G	EPA	MDG	0	435	0
83	E	G	EPA	MDG	0	426	0
84	E	G	EPA	MDG	0	447	0
85	E	G	EPA	MDG	0	434	0
86	E	G	EPA	MDG	0	431	0
87	E	G	EPA	MDG	0	432	0
88	E	G	EPA	MDG	0	445	0
89	E	G	EPA	MDG	0	432	0
90	E	G	EPA	MDG	0	431	0
91	E	G	EPA	MDG	0	436	0
92	E	G	EPA	MDG	0	442	0
93	E	G	EPA	MDG	0	426	0
94	E	G	EPA	MDG	0	426	0
95	E	G	EPA	MDG	0	431	0
96	E	G	EPA	MDG	0	439	0
97	E	G	EPA	MDG	0	436	0
98	E	G	EPA	MDG	0	433	0
99	E	G	EPA	MDG	0	434	0
100	E	G	EPA	MDG	0	439	0
101	E	G	EPA	MDG	0	435	0
102	E	G	EPA	MDG	0	448	0
103	E	G	EPA	MDG	0	438	0
104	E	G	EPA	MDG	0	431	0
105	E	G	EPA	MDG	0	435	0
106	E	G	EPA	MDG	0	435	0
107	E	G	EPA	MDG	0	443	0
108	E	G	EPA	MDG	0	426	0
109	E	G	EPA	MDG	0	444	0
110	E	G	EPA	MDG	0	427	0
111	E	G	EPA	MDG	0	447	0
112	E	G	EPA	MDG	0	436	0
113	E	G	EPA	MDG	0	432	0
114	E	G	EPA	MDG	0	442	0
115	E	G	EPA	MDG	0	435	0
116	E	G	EPA	MDG	0	445	0
117	E	G	EPA	MDG	0	441	0
118	E	G	EPA	MDG	0	436	0
119	E	G	EPA	MDG	0	439	0
120	E	G	EPA	MDG	0	451	0
121	E	G	EPA	MDG	0	443	0
122	E	G	EPA	MDG	0	432	0
123	E	G	EPA	MDG	0	442	0
124	E	G	EPA	MDG	0	437	0
125	E	G	EPA	MDG	0	433	0
126	E	G	EPA	MDG	0	438	0
127	E	G	EPA	MDG	0	436	0
128	E	G	EPA	MDG	0	436	0
129	E	G	EPA	MDG	0	435	0
130	E	G	EPA	MDG	0	433	0
131	E	G	EPA	MDG	0	446	0
132	E	G	EPA	MDG	0	442	0
133	E	G	EPA	MDG	0	441	0
134	E	G	EPA	MDG	0	444	0
135	E	G	EPA	MDG	0	433	0
136	E	G	EPA	MDG	0	432	0
137	E	G	EPA	MDG	0	433	0
138	E	G	EPA	MDG	0	438	0
139	E	G	EPA	MDG	0	433	0
140	E	G	EPA	MDG	0	433	0
141	E	G	EPA	MDG	0	427	0
142	E	G	EPA	MDG	0	425	0
143	E	G	EPA	MDG	0	430	0
144	E	G	EPA	MDG	0	434	0
145	E	G	EPA	MDG	0	446	0
146	E	G	EPA	MDG	0	439	0
147	E	G	EPA	MDG	0	433	0
148	E	G	EPA	MDG	0	437	0
149	E	G	EPA	MDG	0	425	0
150	E	G	EPA	MDG	0	440	0
151	E	G	EPA	MDG	0	445	0
152	E	G	EPA	MDG	0	435	0
153	E	G	EPA	MDG	0	438	0
154	E	G	EPA	MDG	0	445	0
155	E	G	EPA	MDG	0	432	0
156	E	G	EPA	MDG	0	429	0
157	E	G	EPA	MDG	0	432	0
158	E	G	EPA	MDG	0	435	0
159	E	G	EPA	MDG	0	441	0
160	E	G	EPA	MDG	0	439	0
161	E	G	EPA	MDG	0	438	0
162	E	G	EPA	MDG	0	436	0
163	E	G	EPA	MDG	0	434	0
164	E	G	EPA	MDG	0	437	0
165	E	G	EPA	MDG	0	428	0
166	E	G	EPA	MDG	0	436	0
167	E	G	EPA	MDG	0	433	0
168	E	G	EPA	MDG	0	435	0
169	E	G	EPA	MDG	0	434	0
170	E	G	EPA	MDG	0	432	0
171	E	G	EPA	MDG	0	434	0
172	E	G	EPA	MDG	0	444	0
173	E	G	EPA	MDG	0	440	0
174	E	G	EPA	MDG	0	435	0
175	E	G	EPA	MDG	0	429	0
176	E	G	EPA	MDG	0	437	0
177	E	G	EPA	MDG	0	434	0
178	E	G	EPA	MDG	0	442	0
179	E	G	EPA	MDG	0	447	0
180	E	G	EPA	MDG	0	442	0
181	E	G	EPA	MDG	0	435	0
182	E	G	EPA	MDG	0	441	0
183	E	G	EPA	MDG	0	437	0
184	E	G	EPA	MDG	0	436	0
185	E	G	EPA	MDG	0	434	0
186	E	G	EPA	MDG	0	437	0
187	E	G	EPA	MDG	0	433	0
188	E	G	EPA	MDG	0	430	0
189	E	G	EPA	MDG	0	443	0
190	E	G	EPA	MDG	0	434	0
191	E	G	EPA	MDG	0	429	0
192	E	G	EPA	MDG	0	430	0
193	E	G	EPA	MDG	0	431	0
194	E	G	EPA	MDG	0	423	0
195	E	G	EPA	MDG	0	433	0
196	E	G	EPA	MDG	0	436	0
197	E	G	EPA	MDG	0	444	0
198	E	G	EPA	MDG	0	446	0
199	E	G	EPA	MDG	0	434	0
200	E	G	EPA	MDG	0	431	0
201	E	G	EPA	MDG	0	435	0
202	E	G	EPA	MDG	0	427	0
203	E	G	EPA	MDG	0	433	0
204	E	G	EPA	MDG	0	437	0
205	E	G	EPA	MDG	0	431	0
206	E	G	EPA	MDG	0	435	0
207	E	G	EPA	MDG	0	442	0
208	E	G	EPA	MDG	0	434	0
209	E	G	EPA	MDG	0	438	0
210	E	G	EPA	MDG	0	434	0
211	E	G	EPA	MDG	0	440	0
212	E	G	EPA	MDG	0	447	0
213	E	G	EPA	MDG	0	436	0
214	E	G	EPA	MDG	0	428	0
215	E	G	EPA	MDG	0	448	0
216	E	G	EPA	MDG	0	442	0
217	E	G	EPA	MDG	0	433	0
218	E	G	EPA	MDG	0	431	0
219	E	G	EPA	MDG	0	434	0
220	E	G	EPA	MDG	0	445	0
221	E	G	EPA	MDG	0	422	0
222	E	G	EPA	MDG	0	425	0
223	E	G	EPA	MDG	0	431	0
224	E	G	EPA	MDG	0	432	0
225	E	G	EPA	MDG	0	431	0
226	E	G	EPA	MDG	0	430	0
227	E	G	EPA	MDG	0	441	0
228	E	G	EPA	MDG	0	444	0
229	E	G	EPA	MDG	0	446	0
230	E	G	EPA	MDG	0	439	0
231	E	G	EPA	MDG	0	435	0
232	E	G	EPA	MDG	0	434	0
233	E	G	EPA	MDG	0	437	0
234	E	G	EPA	MDG	0	435	0
235	E	G	EPA	MDG	0	434	0
236	E	G	EPA	MDG	0	431	0
237	E	G	EPA	MDG	0	447	0
238	E	G	EPA	MDG	0	438	0
239	E	G	EPA	MDG	0	427	0
240	E	G	EPA	MDG	0	437	0
241	E	G	EPA	MDG	0	431	0
242	E	G	EPA	MDG	0	441	0
243	E	G	EPA	MDG	0	440	0
244	E	G	EPA	MDG	0	438	0
245	E	G	EPA	MDG	0	435	0
246	E	G	EPA	MDG	0	441	0
247	E	G	EPA	MDG	0	433	0
248	E	G	EPA	MDG	0	435	0
249	E	G	EPA	MDG	0	445	0
250	E	G	EPA	MDG	0	431	0
251	E	G	EPA	MDG	0	444	0
252	E	G	EPA	MDG	0	439	0
253	E	G	EPA	MDG	0	431	0
254	E	G	EPA	MDG	0	428	0
255	E	G	EPA	MDG	0	436	0
256	E	G	EPA	MDG	0	431	0
257	E	G	EPA	MDG	0	436	0
258	E	G	EPA	MDG	0	440	0
259	E	G	EPA	MDG	0	436	0
260	E	G	EPA	MDG	0	431	0
261	E	G	EPA	MDG	0	445	0
262	E	G	EPA	MDG	0	435	0
263	E	G	EPA	MDG	0	430	0
264	E	G	EPA	MDG	0	438	0
265	E	G	EPA	MDG	0	434	0
266	E	G	EPA	MDG	0	429	0
267	E	G	EPA	MDG	0	437	0
268	E	G	EPA	MDG	0	431	0
269	E	G	EPA	MDG	0	433	0
270	E	G	EPA	MDG	0	430	0
271	E	G	EPA	MDG	0	428	0
272	E	G	EPA	MDG	0	433	0
273	E	G	EPA	MDG	0	438	0
274	E	G	EPA	MDG	0	435	0
275	E	G	EPA	MDG	0	443	0
276	E	G	EPA	MDG	0	425	0
277	E	G	EPA	MDG	0	433	0
278	E	G	EPA	MDG	0	439	0
279	E	G	EPA	MDG	0	434	0
280	E	G	EPA	MDG	0	434	0
281	E	G	EPA	MDG	0	446	0
282	E	G	EPA	MDG	0	440	0
283	E	G	EPA	MDG	0	430	0
284	E	G	EPA	MDG	0	437	0
285	E	G	EPA	MDG	0	430	0
286	E	G	EPA	MDG	0	425	0
287	E	G	EPA	MDG	0	430	0
288	E	G	EPA	MDG	0	444	0
289	E	G	EPA	MDG	0	435	0
290	E	G	EPA	MDG	0	426	0
291	E	G	EPA	MDG	0	434	0
292	E	G	EPA	MDG	0	427	0
293	E	G	EPA	MDG	0	437	0
294	E	G	EPA	MDG	0	437	0
295	E	G	EPA	MDG	0	436	0
296	E	G	EPA	MDG	0	432	0
297	E	G	EPA	MDG	0	441	0
298	E	G	EPA	MDG	0	437	0
299	E	G	EPA	MDG	0	431	0
300	E	G	EPA	MDG	0	435	0
1	F	G	IND	MDG	0	433	0
2	F	G	IND	MDG	0	440	0
3	F	G	IND	MDG	0	440	0
4	F	G	IND	MDG	0	434	0
5	F	G	IND	MDG	1	436	0.0022935779816513763
6	F	G	IND	MDG	1	437	0.0022883295194508009
7	F	G	IND	MDG	0	432	0
8	F	G	IND	MDG	1	442	0.0022624434389140274
9	F	G	IND	MDG	1	431	0.0023201856148491878
10	F	G	IND	MDG	0	433	0
11	F	G	IND	MDG	0	437	0
12	F	G	IND	MDG	1	436	0.0022935779816513763
13	F	G	IND	MDG	0	444	0
14	F	G	IND	MDG	0	442	0
15	F	G	IND	MDG	0	427	0
16	F	G	IND	MDG	0	444	0
17	F	G	IND	MDG	0	438	0
18	F	G	IND	MDG	0	440	0
19	F	G	IND	MDG	0	429	0
20	F	G	IND	MDG	1	430	0.0023255813953488372
21	F	G	IND	MDG	1	429	0.002331002331002331
22	F	G	IND	MDG	0	435	0
23	F	G	IND	MDG	0	430	0
24	F	G	IND	MDG	1	443	0.002257336343115124
25	F	G	IND	MDG	1	434	0.002304147465437788
26	F	G	IND	MDG	1	438	0.0022831050228310501
27	F	G	IND	MDG	0	436	0
28	F	G	IND	MDG	1	438	0.0022831050228310501
29	F	G	IND	MDG	0	436	0
30	F	G	IND	MDG	1	439	0.0022779043280182231
31	F	G	IND	MDG	0	438	0
32	F	G	IND	MDG	1	439	0.0022779043280182231
33	F	G	IND	MDG	0	436	0
34	F	G	IND	MDG	0	438	0
35	F	G	IND	MDG	0	438	0
36	F	G	IND	MDG	1	440	0.0022727272727272726
37	F	G	IND	MDG	0	442	0
38	F	G	IND	MDG	1	437	0.0022883295194508009
39	F	G	IND	MDG	1	434	0.002304147465437788
40	F	G	IND	MDG	0	442	0
41	F	G	IND	MDG	0	444	0
42	F	G	IND	MDG	0	427	0
43	F	G	IND	MDG	0	434	0
44	F	G	IND	MDG	1	430	0.0023255813953488372
45	F	G	IND	MDG	0	431	0
46	F	G	IND	MDG	0	429	0
47	F	G	IND	MDG	0	444	0
48	F	G	IND	MDG	1	441	0.0022675736961451248
49	F	G	IND	MDG	1	431	0.0023201856148491878
50	F	G	IND	MDG	0	424	0
51	F	G	IND	MDG	0	428	0
52	F	G	IND	MDG	1	428	0.0023364485981308409
53	F	G	IND	MDG	1	444	0.0022522522522522522
54	F	G	IND	MDG	1	439	0.0022779043280182231
55	F	G	IND	MDG	0	435	0
56	F	G	IND	MDG	0	437	0
57	F	G	IND	MDG	0	433	0
58	F	G	IND	MDG	0	441	0
59	F	G	IND	MDG	0	424	0
60	F	G	IND	MDG	0	440	0
61	F	G	IND	MDG	0	436	0
62	F	G	IND	MDG	0	422	0
63	F	G	IND	MDG	0	433	0
64	F	G	IND	MDG	1	433	0.0023094688221709007
65	F	G	IND	MDG	0	432	0
66	F	G	IND	MDG	0	445	0
67	F	G	IND	MDG	0	430	0
68	F	G	IND	MDG	0	438	0
69	F	G	IND	MDG	1	438	0.0022831050228310501
70	F	G	IND	MDG	0	439	0
71	F	G	IND	MDG	0	432	0
72	F	G	IND	MDG	0	436	0
73	F	G	IND	MDG	1	435	0.0022988505747126436
74	F	G	IND	MDG	0	436	0
75	F	G	IND	MDG	1	452	0.0022123893805309734
76	F	G	IND	MDG	0	441	0
77	F	G	IND	MDG	0	441	0
78	F	G	IND	MDG	1	435	0.0022988505747126436
79	F	G	IND	MDG	0	425	0
80	F	G	IND	MDG	0	440	0
81	F	G	IND	MDG	0	436	0
82	F	G	IND	MDG	0	435	0
83	F	G	IND	MDG	0	426	0
84	F	G	IND	MDG	0	447	0
85	F	G	IND	MDG	0	434	0
86	F	G	IND	MDG	0	431	0
87	F	G	IND	MDG	1	432	0.0023148148148148147
88	F	G	IND	MDG	0	445	0
89	F	G	IND	MDG	1	432	0.0023148148148148147
90	F	G	IND	MDG	0	431	0
91	F	G	IND	MDG	0	436	0
92	F	G	IND	MDG	1	442	0.0022624434389140274
93	F	G	IND	MDG	0	426	0
94	F	G	IND	MDG	0	426	0
95	F	G	IND	MDG	0	431	0
96	F	G	IND	MDG	0	439	0
97	F	G	IND	MDG	0	436	0
98	F	G	IND	MDG	0	433	0
99	F	G	IND	MDG	0	434	0
100	F	G	IND	MDG	0	439	0
101	F	G	IND	MDG	0	435	0
102	F	G	IND	MDG	0	448	0
103	F	G	IND	MDG	0	438	0
104	F	G	IND	MDG	0	431	0
105	F	G	IND	MDG	0	435	0
106	F	G	IND	MDG	0	435	0
107	F	G	IND	MDG	0	443	0
108	F	G	IND	MDG	1	426	0.0023474178403755869
109	F	G	IND	MDG	0	444	0
110	F	G	IND	MDG	0	427	0
111	F	G	IND	MDG	0	447	0
112	F	G	IND	MDG	0	436	0
113	F	G	IND	MDG	0	432	0
114	F	G	IND	MDG	0	442	0
115	F	G	IND	MDG	0	435	0
116	F	G	IND	MDG	0	445	0
117	F	G	IND	MDG	0	441	0
118	F	G	IND	MDG	0	436	0
119	F	G	IND	MDG	0	439	0
120	F	G	IND	MDG	0	451	0
121	F	G	IND	MDG	0	443	0
122	F	G	IND	MDG	1	432	0.0023148148148148147
123	F	G	IND	MDG	0	442	0
124	F	G	IND	MDG	0	437	0
125	F	G	IND	MDG	0	433	0
126	F	G	IND	MDG	0	438	0
127	F	G	IND	MDG	1	436	0.0022935779816513763
128	F	G	IND	MDG	0	436	0
129	F	G	IND	MDG	2	435	0.0045977011494252873
130	F	G	IND	MDG	1	433	0.0023094688221709007
131	F	G	IND	MDG	0	446	0
132	F	G	IND	MDG	0	442	0
133	F	G	IND	MDG	0	441	0
134	F	G	IND	MDG	2	444	0.0045045045045045045
135	F	G	IND	MDG	0	433	0
136	F	G	IND	MDG	0	432	0
137	F	G	IND	MDG	0	433	0
138	F	G	IND	MDG	0	438	0
139	F	G	IND	MDG	0	433	0
140	F	G	IND	MDG	0	433	0
141	F	G	IND	MDG	0	427	0
142	F	G	IND	MDG	0	425	0
143	F	G	IND	MDG	0	430	0
144	F	G	IND	MDG	1	434	0.002304147465437788
145	F	G	IND	MDG	0	446	0
146	F	G	IND	MDG	1	439	0.0022779043280182231
147	F	G	IND	MDG	1	433	0.0023094688221709007
148	F	G	IND	MDG	1	437	0.0022883295194508009
149	F	G	IND	MDG	2	425	0.0047058823529411761
150	F	G	IND	MDG	0	440	0
151	F	G	IND	MDG	0	445	0
152	F	G	IND	MDG	1	435	0.0022988505747126436
153	F	G	IND	MDG	0	438	0
154	F	G	IND	MDG	1	445	0.0022471910112359553
155	F	G	IND	MDG	0	432	0
156	F	G	IND	MDG	1	429	0.002331002331002331
157	F	G	IND	MDG	0	432	0
158	F	G	IND	MDG	0	435	0
159	F	G	IND	MDG	1	441	0.0022675736961451248
160	F	G	IND	MDG	0	439	0
161	F	G	IND	MDG	0	438	0
162	F	G	IND	MDG	0	436	0
163	F	G	IND	MDG	0	434	0
164	F	G	IND	MDG	1	437	0.0022883295194508009
165	F	G	IND	MDG	0	428	0
166	F	G	IND	MDG	0	436	0
167	F	G	IND	MDG	0	433	0
168	F	G	IND	MDG	0	435	0
169	F	G	IND	MDG	0	434	0
170	F	G	IND	MDG	2	432	0.0046296296296296294
171	F	G	IND	MDG	0	434	0
172	F	G	IND	MDG	0	444	0
173	F	G	IND	MDG	0	440	0
174	F	G	IND	MDG	0	435	0
175	F	G	IND	MDG	0	429	0
176	F	G	IND	MDG	0	437	0
177	F	G	IND	MDG	0	434	0
178	F	G	IND	MDG	0	442	0
179	F	G	IND	MDG	0	447	0
180	F	G	IND	MDG	0	442	0
181	F	G	IND	MDG	0	435	0
182	F	G	IND	MDG	0	441	0
183	F	G	IND	MDG	0	437	0
184	F	G	IND	MDG	1	436	0.0022935779816513763
185	F	G	IND	MDG	0	434	0
186	F	G	IND	MDG	1	437	0.0022883295194508009
187	F	G	IND	MDG	0	433	0
188	F	G	IND	MDG	0	430	0
189	F	G	IND	MDG	0	443	0
190	F	G	IND	MDG	0	434	0
191	F	G	IND	MDG	0	429	0
192	F	G	IND	MDG	0	430	0
193	F	G	IND	MDG	0	431	0
194	F	G	IND	MDG	0	423	0
195	F	G	IND	MDG	0	433	0
196	F	G	IND	MDG	0	436	0
197	F	G	IND	MDG	0	444	0
198	F	G	IND	MDG	0	446	0
199	F	G	IND	MDG	0	434	0
200	F	G	IND	MDG	0	431	0
201	F	G	IND	MDG	0	435	0
202	F	G	IND	MDG	0	427	0
203	F	G	IND	MDG	0	433	0
204	F	G	IND	MDG	1	437	0.0022883295194508009
205	F	G	IND	MDG	0	431	0
206	F	G	IND	MDG	0	435	0
207	F	G	IND	MDG	0	442	0
208	F	G	IND	MDG	0	434	0
209	F	G	IND	MDG	0	438	0
210	F	G	IND	MDG	0	434	0
211	F	G	IND	MDG	1	440	0.0022727272727272726
212	F	G	IND	MDG	0	447	0
213	F	G	IND	MDG	0	436	0
214	F	G	IND	MDG	0	428	0
215	F	G	IND	MDG	0	448	0
216	F	G	IND	MDG	0	442	0
217	F	G	IND	MDG	0	433	0
218	F	G	IND	MDG	0	431	0
219	F	G	IND	MDG	0	434	0
220	F	G	IND	MDG	0	445	0
221	F	G	IND	MDG	1	422	0.0023696682464454978
222	F	G	IND	MDG	0	425	0
223	F	G	IND	MDG	0	431	0
224	F	G	IND	MDG	1	432	0.0023148148148148147
225	F	G	IND	MDG	0	431	0
226	F	G	IND	MDG	0	430	0
227	F	G	IND	MDG	0	441	0
228	F	G	IND	MDG	0	444	0
229	F	G	IND	MDG	1	446	0.002242152466367713
230	F	G	IND	MDG	0	439	0
231	F	G	IND	MDG	0	435	0
232	F	G	IND	MDG	0	434	0
233	F	G	IND	MDG	0	437	0
234	F	G	IND	MDG	1	435	0.0022988505747126436
235	F	G	IND	MDG	1	434	0.002304147465437788
236	F	G	IND	MDG	1	431	0.0023201856148491878
237	F	G	IND	MDG	0	447	0
238	F	G	IND	MDG	1	438	0.0022831050228310501
239	F	G	IND	MDG	1	427	0.00234192037470726
240	F	G	IND	MDG	0	437	0
241	F	G	IND	MDG	0	431	0
242	F	G	IND	MDG	1	441	0.0022675736961451248
243	F	G	IND	MDG	0	440	0
244	F	G	IND	MDG	0	438	0
245	F	G	IND	MDG	0	435	0
246	F	G	IND	MDG	0	441	0
247	F	G	IND	MDG	0	433	0
248	F	G	IND	MDG	0	435	0
249	F	G	IND	MDG	0	445	0
250	F	G	IND	MDG	0	431	0
251	F	G	IND	MDG	0	444	0
252	F	G	IND	MDG	0	439	0
253	F	G	IND	MDG	0	431	0
254	F	G	IND	MDG	0	428	0
255	F	G	IND	MDG	0	436	0
256	F	G	IND	MDG	0	431	0
257	F	G	IND	MDG	0	436	0
258	F	G	IND	MDG	0	440	0
259	F	G	IND	MDG	0	436	0
260	F	G	IND	MDG	1	431	0.0023201856148491878
261	F	G	IND	MDG	0	445	0
262	F	G	IND	MDG	0	435	0
263	F	G	IND	MDG	0	430	0
264	F	G	IND	MDG	0	438	0
265	F	G	IND	MDG	0	434	0
266	F	G	IND	MDG	0	429	0
267	F	G	IND	MDG	0	437	0
268	F	G	IND	MDG	0	431	0
269	F	G	IND	MDG	0	433	0
270	F	G	IND	MDG	0	430	0
271	F	G	IND	MDG	0	428	0
272	F	G	IND	MDG	0	433	0
273	F	G	IND	MDG	0	438	0
274	F	G	IND	MDG	1	435	0.0022988505747126436
275	F	G	IND	MDG	0	443	0
276	F	G	IND	MDG	0	425	0
277	F	G	IND	MDG	1	433	0.0023094688221709007
278	F	G	IND	MDG	0	439	0
279	F	G	IND	MDG	0	434	0
280	F	G	IND	MDG	0	434	0
281	F	G	IND	MDG	0	446	0
282	F	G	IND	MDG	0	440	0
283	F	G	IND	MDG	0	430	0
284	F	G	IND	MDG	0	437	0
285	F	G	IND	MDG	2	430	0.0046511627906976744
286	F	G	IND	MDG	0	425	0
287	F	G	IND	MDG	0	430	0
288	F	G	IND	MDG	0	444	0
289	F	G	IND	MDG	0	435	0
290	F	G	IND	MDG	0	426	0
291	F	G	IND	MDG	0	434	0
292	F	G	IND	MDG	0	427	0
293	F	G	IND	MDG	0	437	0
294	F	G	IND	MDG	0	437	0
295	F	G	IND	MDG	0	436	0
296	F	G	IND	MDG	1	432	0.0023148148148148147
297	F	G	IND	MDG	0	441	0
298	F	G	IND	MDG	0	437	0
299	F	G	IND	MDG	1	431	0.0023201856148491878
300	F	G	IND	MDG	0	435	0
1	H	G	ORI	MDG	1	433	0.0023094688221709007
2	H	G	ORI	MDG	1	440	0.0022727272727272726
3	H	G	ORI	MDG	1	440	0.0022727272727272726
4	H	G	ORI	MDG	2	434	0.004608294930875576
5	H	G	ORI	MDG	0	436	0
6	H	G	ORI	MDG	0	437	0
7	H	G	ORI	MDG	1	432	0.0023148148148148147
8	H	G	ORI	MDG	1	442	0.0022624434389140274
9	H	G	ORI	MDG	0	431	0
10	H	G	ORI	MDG	1	433	0.0023094688221709007
11	H	G	ORI	MDG	1	437	0.0022883295194508009
12	H	G	ORI	MDG	0	436	0
13	H	G	ORI	MDG	1	444	0.0022522522522522522
14	H	G	ORI	MDG	1	442	0.0022624434389140274
15	H	G	ORI	MDG	1	427	0.00234192037470726
16	H	G	ORI	MDG	1	444	0.0022522522522522522
17	H	G	ORI	MDG	1	438	0.0022831050228310501
18	H	G	ORI	MDG	1	440	0.0022727272727272726
19	H	G	ORI	MDG	1	429	0.002331002331002331
20	H	G	ORI	MDG	1	430	0.0023255813953488372
21	H	G	ORI	MDG	0	429	0
22	H	G	ORI	MDG	1	435	0.0022988505747126436
23	H	G	ORI	MDG	1	430	0.0023255813953488372
24	H	G	ORI	MDG	0	443	0
25	H	G	ORI	MDG	0	434	0
26	H	G	ORI	MDG	0	438	0
27	H	G	ORI	MDG	1	436	0.0022935779816513763
28	H	G	ORI	MDG	0	438	0
29	H	G	ORI	MDG	1	436	0.0022935779816513763
30	H	G	ORI	MDG	1	439	0.0022779043280182231
31	H	G	ORI	MDG	1	438	0.0022831050228310501
32	H	G	ORI	MDG	0	439	0
33	H	G	ORI	MDG	1	436	0.0022935779816513763
34	H	G	ORI	MDG	1	438	0.0022831050228310501
35	H	G	ORI	MDG	1	438	0.0022831050228310501
36	H	G	ORI	MDG	1	440	0.0022727272727272726
37	H	G	ORI	MDG	1	442	0.0022624434389140274
38	H	G	ORI	MDG	0	437	0
39	H	G	ORI	MDG	0	434	0
40	H	G	ORI	MDG	1	442	0.0022624434389140274
41	H	G	ORI	MDG	1	444	0.0022522522522522522
42	H	G	ORI	MDG	1	427	0.00234192037470726
43	H	G	ORI	MDG	1	434	0.002304147465437788
44	H	G	ORI	MDG	0	430	0
45	H	G	ORI	MDG	1	431	0.0023201856148491878
46	H	G	ORI	MDG	1	429	0.002331002331002331
47	H	G	ORI	MDG	1	444	0.0022522522522522522
48	H	G	ORI	MDG	0	441	0
49	H	G	ORI	MDG	1	431	0.0023201856148491878
50	H	G	ORI	MDG	1	424	0.0023584905660377358
51	H	G	ORI	MDG	1	428	0.0023364485981308409
52	H	G	ORI	MDG	0	428	0
53	H	G	ORI	MDG	0	444	0
54	H	G	ORI	MDG	0	439	0
55	H	G	ORI	MDG	2	435	0.0045977011494252873
56	H	G	ORI	MDG	1	437	0.0022883295194508009
57	H	G	ORI	MDG	1	433	0.0023094688221709007
58	H	G	ORI	MDG	1	441	0.0022675736961451248
59	H	G	ORI	MDG	1	424	0.0023584905660377358
60	H	G	ORI	MDG	1	440	0.0022727272727272726
61	H	G	ORI	MDG	1	436	0.0022935779816513763
62	H	G	ORI	MDG	1	422	0.0023696682464454978
63	H	G	ORI	MDG	1	433	0.0023094688221709007
64	H	G	ORI	MDG	0	433	0
65	H	G	ORI	MDG	1	432	0.0023148148148148147
66	H	G	ORI	MDG	1	445	0.0022471910112359553
67	H	G	ORI	MDG	1	430	0.0023255813953488372
68	H	G	ORI	MDG	1	438	0.0022831050228310501
69	H	G	ORI	MDG	0	438	0
70	H	G	ORI	MDG	1	439	0.0022779043280182231
71	H	G	ORI	MDG	1	432	0.0023148148148148147
72	H	G	ORI	MDG	1	436	0.0022935779816513763
73	H	G	ORI	MDG	0	435	0
74	H	G	ORI	MDG	1	436	0.0022935779816513763
75	H	G	ORI	MDG	0	452	0
76	H	G	ORI	MDG	1	441	0.0022675736961451248
77	H	G	ORI	MDG	1	441	0.0022675736961451248
78	H	G	ORI	MDG	1	435	0.0022988505747126436
79	H	G	ORI	MDG	1	425	0.002352941176470588
80	H	G	ORI	MDG	2	440	0.0045454545454545452
81	H	G	ORI	MDG	1	436	0.0022935779816513763
82	H	G	ORI	MDG	1	435	0.0022988505747126436
83	H	G	ORI	MDG	1	426	0.0023474178403755869
84	H	G	ORI	MDG	1	447	0.0022371364653243847
85	H	G	ORI	MDG	1	434	0.002304147465437788
86	H	G	ORI	MDG	1	431	0.0023201856148491878
87	H	G	ORI	MDG	0	432	0
88	H	G	ORI	MDG	1	445	0.0022471910112359553
89	H	G	ORI	MDG	0	432	0
90	H	G	ORI	MDG	1	431	0.0023201856148491878
91	H	G	ORI	MDG	1	436	0.0022935779816513763
92	H	G	ORI	MDG	0	442	0
93	H	G	ORI	MDG	1	426	0.0023474178403755869
94	H	G	ORI	MDG	1	426	0.0023474178403755869
95	H	G	ORI	MDG	1	431	0.0023201856148491878
96	H	G	ORI	MDG	1	439	0.0022779043280182231
97	H	G	ORI	MDG	1	436	0.0022935779816513763
98	H	G	ORI	MDG	1	433	0.0023094688221709007
99	H	G	ORI	MDG	1	434	0.002304147465437788
100	H	G	ORI	MDG	1	439	0.0022779043280182231
101	H	G	ORI	MDG	1	435	0.0022988505747126436
102	H	G	ORI	MDG	1	448	0.002232142857142857
103	H	G	ORI	MDG	1	438	0.0022831050228310501
104	H	G	ORI	MDG	1	431	0.0023201856148491878
105	H	G	ORI	MDG	1	435	0.0022988505747126436
106	H	G	ORI	MDG	1	435	0.0022988505747126436
107	H	G	ORI	MDG	1	443	0.002257336343115124
108	H	G	ORI	MDG	0	426	0
109	H	G	ORI	MDG	1	444	0.0022522522522522522
110	H	G	ORI	MDG	1	427	0.00234192037470726
111	H	G	ORI	MDG	1	447	0.0022371364653243847
112	H	G	ORI	MDG	1	436	0.0022935779816513763
113	H	G	ORI	MDG	1	432	0.0023148148148148147
114	H	G	ORI	MDG	2	442	0.0045248868778280547
115	H	G	ORI	MDG	1	435	0.0022988505747126436
116	H	G	ORI	MDG	1	445	0.0022471910112359553
117	H	G	ORI	MDG	1	441	0.0022675736961451248
118	H	G	ORI	MDG	1	436	0.0022935779816513763
119	H	G	ORI	MDG	1	439	0.0022779043280182231
120	H	G	ORI	MDG	1	451	0.0022172949002217295
121	H	G	ORI	MDG	1	443	0.002257336343115124
122	H	G	ORI	MDG	0	432	0
123	H	G	ORI	MDG	1	442	0.0022624434389140274
124	H	G	ORI	MDG	1	437	0.0022883295194508009
125	H	G	ORI	MDG	1	433	0.0023094688221709007
126	H	G	ORI	MDG	1	438	0.0022831050228310501
127	H	G	ORI	MDG	0	436	0
128	H	G	ORI	MDG	1	436	0.0022935779816513763
129	H	G	ORI	MDG	0	435	0
130	H	G	ORI	MDG	0	433	0
131	H	G	ORI	MDG	1	446	0.002242152466367713
132	H	G	ORI	MDG	1	442	0.0022624434389140274
133	H	G	ORI	MDG	2	441	0.0045351473922902496
134	H	G	ORI	MDG	0	444	0
135	H	G	ORI	MDG	1	433	0.0023094688221709007
136	H	G	ORI	MDG	1	432	0.0023148148148148147
137	H	G	ORI	MDG	1	433	0.0023094688221709007
138	H	G	ORI	MDG	1	438	0.0022831050228310501
139	H	G	ORI	MDG	1	433	0.0023094688221709007
140	H	G	ORI	MDG	1	433	0.0023094688221709007
141	H	G	ORI	MDG	1	427	0.00234192037470726
142	H	G	ORI	MDG	1	425	0.002352941176470588
143	H	G	ORI	MDG	1	430	0.0023255813953488372
144	H	G	ORI	MDG	0	434	0
145	H	G	ORI	MDG	1	446	0.002242152466367713
146	H	G	ORI	MDG	0	439	0
147	H	G	ORI	MDG	0	433	0
148	H	G	ORI	MDG	1	437	0.0022883295194508009
149	H	G	ORI	MDG	0	425	0
150	H	G	ORI	MDG	1	440	0.0022727272727272726
151	H	G	ORI	MDG	1	445	0.0022471910112359553
152	H	G	ORI	MDG	1	435	0.0022988505747126436
153	H	G	ORI	MDG	1	438	0.0022831050228310501
154	H	G	ORI	MDG	0	445	0
155	H	G	ORI	MDG	1	432	0.0023148148148148147
156	H	G	ORI	MDG	0	429	0
157	H	G	ORI	MDG	1	432	0.0023148148148148147
158	H	G	ORI	MDG	1	435	0.0022988505747126436
159	H	G	ORI	MDG	0	441	0
160	H	G	ORI	MDG	1	439	0.0022779043280182231
161	H	G	ORI	MDG	1	438	0.0022831050228310501
162	H	G	ORI	MDG	1	436	0.0022935779816513763
163	H	G	ORI	MDG	1	434	0.002304147465437788
164	H	G	ORI	MDG	0	437	0
165	H	G	ORI	MDG	2	428	0.0046728971962616819
166	H	G	ORI	MDG	1	436	0.0022935779816513763
167	H	G	ORI	MDG	1	433	0.0023094688221709007
168	H	G	ORI	MDG	1	435	0.0022988505747126436
169	H	G	ORI	MDG	1	434	0.002304147465437788
170	H	G	ORI	MDG	0	432	0
171	H	G	ORI	MDG	1	434	0.002304147465437788
172	H	G	ORI	MDG	1	444	0.0022522522522522522
173	H	G	ORI	MDG	1	440	0.0022727272727272726
174	H	G	ORI	MDG	1	435	0.0022988505747126436
175	H	G	ORI	MDG	1	429	0.002331002331002331
176	H	G	ORI	MDG	2	437	0.0045766590389016018
177	H	G	ORI	MDG	1	434	0.002304147465437788
178	H	G	ORI	MDG	1	442	0.0022624434389140274
179	H	G	ORI	MDG	1	447	0.0022371364653243847
180	H	G	ORI	MDG	1	442	0.0022624434389140274
181	H	G	ORI	MDG	1	435	0.0022988505747126436
182	H	G	ORI	MDG	2	441	0.0045351473922902496
183	H	G	ORI	MDG	1	437	0.0022883295194508009
184	H	G	ORI	MDG	0	436	0
185	H	G	ORI	MDG	1	434	0.002304147465437788
186	H	G	ORI	MDG	0	437	0
187	H	G	ORI	MDG	2	433	0.0046189376443418013
188	H	G	ORI	MDG	1	430	0.0023255813953488372
189	H	G	ORI	MDG	1	443	0.002257336343115124
190	H	G	ORI	MDG	1	434	0.002304147465437788
191	H	G	ORI	MDG	1	429	0.002331002331002331
192	H	G	ORI	MDG	2	430	0.0046511627906976744
193	H	G	ORI	MDG	1	431	0.0023201856148491878
194	H	G	ORI	MDG	1	423	0.0023640661938534278
195	H	G	ORI	MDG	1	433	0.0023094688221709007
196	H	G	ORI	MDG	1	436	0.0022935779816513763
197	H	G	ORI	MDG	1	444	0.0022522522522522522
198	H	G	ORI	MDG	3	446	0.0067264573991031393
199	H	G	ORI	MDG	1	434	0.002304147465437788
200	H	G	ORI	MDG	1	431	0.0023201856148491878
201	H	G	ORI	MDG	1	435	0.0022988505747126436
202	H	G	ORI	MDG	1	427	0.00234192037470726
203	H	G	ORI	MDG	1	433	0.0023094688221709007
204	H	G	ORI	MDG	0	437	0
205	H	G	ORI	MDG	1	431	0.0023201856148491878
206	H	G	ORI	MDG	1	435	0.0022988505747126436
207	H	G	ORI	MDG	1	442	0.0022624434389140274
208	H	G	ORI	MDG	1	434	0.002304147465437788
209	H	G	ORI	MDG	1	438	0.0022831050228310501
210	H	G	ORI	MDG	1	434	0.002304147465437788
211	H	G	ORI	MDG	0	440	0
212	H	G	ORI	MDG	1	447	0.0022371364653243847
213	H	G	ORI	MDG	1	436	0.0022935779816513763
214	H	G	ORI	MDG	1	428	0.0023364485981308409
215	H	G	ORI	MDG	1	448	0.002232142857142857
216	H	G	ORI	MDG	1	442	0.0022624434389140274
217	H	G	ORI	MDG	1	433	0.0023094688221709007
218	H	G	ORI	MDG	1	431	0.0023201856148491878
219	H	G	ORI	MDG	1	434	0.002304147465437788
220	H	G	ORI	MDG	1	445	0.0022471910112359553
221	H	G	ORI	MDG	0	422	0
222	H	G	ORI	MDG	1	425	0.002352941176470588
223	H	G	ORI	MDG	1	431	0.0023201856148491878
224	H	G	ORI	MDG	1	432	0.0023148148148148147
225	H	G	ORI	MDG	1	431	0.0023201856148491878
226	H	G	ORI	MDG	1	430	0.0023255813953488372
227	H	G	ORI	MDG	1	441	0.0022675736961451248
228	H	G	ORI	MDG	1	444	0.0022522522522522522
229	H	G	ORI	MDG	0	446	0
230	H	G	ORI	MDG	1	439	0.0022779043280182231
231	H	G	ORI	MDG	1	435	0.0022988505747126436
232	H	G	ORI	MDG	1	434	0.002304147465437788
233	H	G	ORI	MDG	1	437	0.0022883295194508009
234	H	G	ORI	MDG	0	435	0
235	H	G	ORI	MDG	0	434	0
236	H	G	ORI	MDG	0	431	0
237	H	G	ORI	MDG	1	447	0.0022371364653243847
238	H	G	ORI	MDG	1	438	0.0022831050228310501
239	H	G	ORI	MDG	1	427	0.00234192037470726
240	H	G	ORI	MDG	1	437	0.0022883295194508009
241	H	G	ORI	MDG	1	431	0.0023201856148491878
242	H	G	ORI	MDG	0	441	0
243	H	G	ORI	MDG	1	440	0.0022727272727272726
244	H	G	ORI	MDG	1	438	0.0022831050228310501
245	H	G	ORI	MDG	1	435	0.0022988505747126436
246	H	G	ORI	MDG	1	441	0.0022675736961451248
247	H	G	ORI	MDG	1	433	0.0023094688221709007
248	H	G	ORI	MDG	1	435	0.0022988505747126436
249	H	G	ORI	MDG	1	445	0.0022471910112359553
250	H	G	ORI	MDG	1	431	0.0023201856148491878
251	H	G	ORI	MDG	1	444	0.0022522522522522522
252	H	G	ORI	MDG	1	439	0.0022779043280182231
253	H	G	ORI	MDG	1	431	0.0023201856148491878
254	H	G	ORI	MDG	1	428	0.0023364485981308409
255	H	G	ORI	MDG	1	436	0.0022935779816513763
256	H	G	ORI	MDG	1	431	0.0023201856148491878
257	H	G	ORI	MDG	1	436	0.0022935779816513763
258	H	G	ORI	MDG	1	440	0.0022727272727272726
259	H	G	ORI	MDG	1	436	0.0022935779816513763
260	H	G	ORI	MDG	0	431	0
261	H	G	ORI	MDG	1	445	0.0022471910112359553
262	H	G	ORI	MDG	1	435	0.0022988505747126436
263	H	G	ORI	MDG	1	430	0.0023255813953488372
264	H	G	ORI	MDG	1	438	0.0022831050228310501
265	H	G	ORI	MDG	1	434	0.002304147465437788
266	H	G	ORI	MDG	1	429	0.002331002331002331
267	H	G	ORI	MDG	1	437	0.0022883295194508009
268	H	G	ORI	MDG	1	431	0.0023201856148491878
269	H	G	ORI	MDG	2	433	0.0046189376443418013
270	H	G	ORI	MDG	1	430	0.0023255813953488372
271	H	G	ORI	MDG	2	428	0.0046728971962616819
272	H	G	ORI	MDG	1	433	0.0023094688221709007
273	H	G	ORI	MDG	1	438	0.0022831050228310501
274	H	G	ORI	MDG	0	435	0
275	H	G	ORI	MDG	1	443	0.002257336343115124
276	H	G	ORI	MDG	1	425	0.002352941176470588
277	H	G	ORI	MDG	0	433	0
278	H	G	ORI	MDG	1	439	0.0022779043280182231
279	H	G	ORI	MDG	1	434	0.002304147465437788
280	H	G	ORI	MDG	1	434	0.002304147465437788
281	H	G	ORI	MDG	1	446	0.002242152466367713
282	H	G	ORI	MDG	1	440	0.0022727272727272726
283	H	G	ORI	MDG	1	430	0.0023255813953488372
284	H	G	ORI	MDG	1	437	0.0022883295194508009
285	H	G	ORI	MDG	0	430	0
286	H	G	ORI	MDG	1	425	0.002352941176470588
287	H	G	ORI	MDG	1	430	0.0023255813953488372
288	H	G	ORI	MDG	1	444	0.0022522522522522522
289	H	G	ORI	MDG	1	435	0.0022988505747126436
290	H	G	ORI	MDG	1	426	0.0023474178403755869
291	H	G	ORI	MDG	2	434	0.004608294930875576
292	H	G	ORI	MDG	1	427	0.00234192037470726
293	H	G	ORI	MDG	1	437	0.0022883295194508009
294	H	G	ORI	MDG	1	437	0.0022883295194508009
295	H	G	ORI	MDG	2	436	0.0045871559633027525
296	H	G	ORI	MDG	1	432	0.0023148148148148147
297	H	G	ORI	MDG	1	441	0.0022675736961451248
298	H	G	ORI	MDG	1	437	0.0022883295194508009
299	H	G	ORI	MDG	0	431	0
300	H	G	ORI	MDG	1	435	0.0022988505747126436
1	I	G	SAM	MDG	0	433	0
2	I	G	SAM	MDG	0	440	0
3	I	G	SAM	MDG	0	440	0
4	I	G	SAM	MDG	0	434	0
5	I	G	SAM	MDG	0	436	0
6	I	G	SAM	MDG	0	437	0
7	I	G	SAM	MDG	0	432	0
8	I	G	SAM	MDG	0	442	0
9	I	G	SAM	MDG	0	431	0
10	I	G	SAM	MDG	0	433	0
11	I	G	SAM	MDG	0	437	0
12	I	G	SAM	MDG	0	436	0
13	I	G	SAM	MDG	0	444	0
14	I	G	SAM	MDG	0	442	0
15	I	G	SAM	MDG	0	427	0
16	I	G	SAM	MDG	0	444	0
17	I	G	SAM	MDG	0	438	0
18	I	G	SAM	MDG	0	440	0
19	I	G	SAM	MDG	0	429	0
20	I	G	SAM	MDG	0	430	0
21	I	G	SAM	MDG	0	429	0
22	I	G	SAM	MDG	0	435	0
23	I	G	SAM	MDG	0	430	0
24	I	G	SAM	MDG	0	443	0
25	I	G	SAM	MDG	0	434	0
26	I	G	SAM	MDG	0	438	0
27	I	G	SAM	MDG	0	436	0
28	I	G	SAM	MDG	0	438	0
29	I	G	SAM	MDG	0	436	0
30	I	G	SAM	MDG	0	439	0
31	I	G	SAM	MDG	0	438	0
32	I	G	SAM	MDG	0	439	0
33	I	G	SAM	MDG	0	436	0
34	I	G	SAM	MDG	0	438	0
35	I	G	SAM	MDG	0	438	0
36	I	G	SAM	MDG	0	440	0
37	I	G	SAM	MDG	0	442	0
38	I	G	SAM	MDG	0	437	0
39	I	G	SAM	MDG	0	434	0
40	I	G	SAM	MDG	0	442	0
41	I	G	SAM	MDG	0	444	0
42	I	G	SAM	MDG	0	427	0
43	I	G	SAM	MDG	0	434	0
44	I	G	SAM	MDG	0	430	0
45	I	G	SAM	MDG	0	431	0
46	I	G	SAM	MDG	0	429	0
47	I	G	SAM	MDG	0	444	0
48	I	G	SAM	MDG	0	441	0
49	I	G	SAM	MDG	0	431	0
50	I	G	SAM	MDG	0	424	0
51	I	G	SAM	MDG	0	428	0
52	I	G	SAM	MDG	0	428	0
53	I	G	SAM	MDG	0	444	0
54	I	G	SAM	MDG	0	439	0
55	I	G	SAM	MDG	0	435	0
56	I	G	SAM	MDG	0	437	0
57	I	G	SAM	MDG	0	433	0
58	I	G	SAM	MDG	0	441	0
59	I	G	SAM	MDG	0	424	0
60	I	G	SAM	MDG	0	440	0
61	I	G	SAM	MDG	0	436	0
62	I	G	SAM	MDG	0	422	0
63	I	G	SAM	MDG	0	433	0
64	I	G	SAM	MDG	0	433	0
65	I	G	SAM	MDG	0	432	0
66	I	G	SAM	MDG	0	445	0
67	I	G	SAM	MDG	0	430	0
68	I	G	SAM	MDG	0	438	0
69	I	G	SAM	MDG	0	438	0
70	I	G	SAM	MDG	0	439	0
71	I	G	SAM	MDG	0	432	0
72	I	G	SAM	MDG	0	436	0
73	I	G	SAM	MDG	0	435	0
74	I	G	SAM	MDG	0	436	0
75	I	G	SAM	MDG	0	452	0
76	I	G	SAM	MDG	0	441	0
77	I	G	SAM	MDG	0	441	0
78	I	G	SAM	MDG	0	435	0
79	I	G	SAM	MDG	0	425	0
80	I	G	SAM	MDG	0	440	0
81	I	G	SAM	MDG	0	436	0
82	I	G	SAM	MDG	0	435	0
83	I	G	SAM	MDG	0	426	0
84	I	G	SAM	MDG	0	447	0
85	I	G	SAM	MDG	0	434	0
86	I	G	SAM	MDG	0	431	0
87	I	G	SAM	MDG	0	432	0
88	I	G	SAM	MDG	0	445	0
89	I	G	SAM	MDG	0	432	0
90	I	G	SAM	MDG	0	431	0
91	I	G	SAM	MDG	0	436	0
92	I	G	SAM	MDG	0	442	0
93	I	G	SAM	MDG	0	426	0
94	I	G	SAM	MDG	0	426	0
95	I	G	SAM	MDG	0	431	0
96	I	G	SAM	MDG	0	439	0
97	I	G	SAM	MDG	0	436	0
98	I	G	SAM	MDG	0	433	0
99	I	G	SAM	MDG	0	434	0
100	I	G	SAM	MDG	0	439	0
101	I	G	SAM	MDG	0	435	0
102	I	G	SAM	MDG	0	448	0
103	I	G	SAM	MDG	0	438	0
104	I	G	SAM	MDG	0	431	0
105	I	G	SAM	MDG	0	435	0
106	I	G	SAM	MDG	0	435	0
107	I	G	SAM	MDG	0	443	0
108	I	G	SAM	MDG	0	426	0
109	I	G	SAM	MDG	0	444	0
110	I	G	SAM	MDG	0	427	0
111	I	G	SAM	MDG	0	447	0
112	I	G	SAM	MDG	0	436	0
113	I	G	SAM	MDG	0	432	0
114	I	G	SAM	MDG	0	442	0
115	I	G	SAM	MDG	0	435	0
116	I	G	SAM	MDG	0	445	0
117	I	G	SAM	MDG	0	441	0
118	I	G	SAM	MDG	0	436	0
119	I	G	SAM	MDG	0	439	0
120	I	G	SAM	MDG	0	451	0
121	I	G	SAM	MDG	0	443	0
122	I	G	SAM	MDG	0	432	0
123	I	G	SAM	MDG	0	442	0
124	I	G	SAM	MDG	0	437	0
125	I	G	SAM	MDG	0	433	0
126	I	G	SAM	MDG	0	438	0
127	I	G	SAM	MDG	0	436	0
128	I	G	SAM	MDG	0	436	0
129	I	G	SAM	MDG	0	435	0
130	I	G	SAM	MDG	0	433	0
131	I	G	SAM	MDG	0	446	0
132	I	G	SAM	MDG	0	442	0
133	I	G	SAM	MDG	0	441	0
134	I	G	SAM	MDG	0	444	0
135	I	G	SAM	MDG	0	433	0
136	I	G	SAM	MDG	0	432	0
137	I	G	SAM	MDG	0	433	0
138	I	G	SAM	MDG	0	438	0
139	I	G	SAM	MDG	0	433	0
140	I	G	SAM	MDG	0	433	0
141	I	G	SAM	MDG	0	427	0
142	I	G	SAM	MDG	0	425	0
143	I	G	SAM	MDG	0	430	0
144	I	G	SAM	MDG	0	434	0
145	I	G	SAM	MDG	0	446	0
146	I	G	SAM	MDG	0	439	0
147	I	G	SAM	MDG	0	433	0
148	I	G	SAM	MDG	0	437	0
149	I	G	SAM	MDG	0	425	0
150	I	G	SAM	MDG	0	440	0
151	I	G	SAM	MDG	0	445	0
152	I	G	SAM	MDG	0	435	0
153	I	G	SAM	MDG	0	438	0
154	I	G	SAM	MDG	0	445	0
155	I	G	SAM	MDG	0	432	0
156	I	G	SAM	MDG	0	429	0
157	I	G	SAM	MDG	0	432	0
158	I	G	SAM	MDG	0	435	0
159	I	G	SAM	MDG	0	441	0
160	I	G	SAM	MDG	0	439	0
161	I	G	SAM	MDG	0	438	0
162	I	G	SAM	MDG	0	436	0
163	I	G	SAM	MDG	0	434	0
164	I	G	SAM	MDG	0	437	0
165	I	G	SAM	MDG	0	428	0
166	I	G	SAM	MDG	0	436	0
167	I	G	SAM	MDG	0	433	0
168	I	G	SAM	MDG	0	435	0
169	I	G	SAM	MDG	0	434	0
170	I	G	SAM	MDG	0	432	0
171	I	G	SAM	MDG	0	434	0
172	I	G	SAM	MDG	0	444	0
173	I	G	SAM	MDG	0	440	0
174	I	G	SAM	MDG	0	435	0
175	I	G	SAM	MDG	0	429	0
176	I	G	SAM	MDG	0	437	0
177	I	G	SAM	MDG	0	434	0
178	I	G	SAM	MDG	0	442	0
179	I	G	SAM	MDG	0	447	0
180	I	G	SAM	MDG	0	442	0
181	I	G	SAM	MDG	0	435	0
182	I	G	SAM	MDG	0	441	0
183	I	G	SAM	MDG	0	437	0
184	I	G	SAM	MDG	0	436	0
185	I	G	SAM	MDG	0	434	0
186	I	G	SAM	MDG	0	437	0
187	I	G	SAM	MDG	0	433	0
188	I	G	SAM	MDG	0	430	0
189	I	G	SAM	MDG	0	443	0
190	I	G	SAM	MDG	0	434	0
191	I	G	SAM	MDG	0	429	0
192	I	G	SAM	MDG	0	430	0
193	I	G	SAM	MDG	0	431	0
194	I	G	SAM	MDG	0	423	0
195	I	G	SAM	MDG	0	433	0
196	I	G	SAM	MDG	0	436	0
197	I	G	SAM	MDG	0	444	0
198	I	G	SAM	MDG	0	446	0
199	I	G	SAM	MDG	0	434	0
200	I	G	SAM	MDG	0	431	0
201	I	G	SAM	MDG	0	435	0
202	I	G	SAM	MDG	0	427	0
203	I	G	SAM	MDG	0	433	0
204	I	G	SAM	MDG	0	437	0
205	I	G	SAM	MDG	0	431	0
206	I	G	SAM	MDG	0	435	0
207	I	G	SAM	MDG	0	442	0
208	I	G	SAM	MDG	0	434	0
209	I	G	SAM	MDG	0	438	0
210	I	G	SAM	MDG	0	434	0
211	I	G	SAM	MDG	0	440	0
212	I	G	SAM	MDG	0	447	0
213	I	G	SAM	MDG	0	436	0
214	I	G	SAM	MDG	0	428	0
215	I	G	SAM	MDG	0	448	0
216	I	G	SAM	MDG	0	442	0
217	I	G	SAM	MDG	0	433	0
218	I	G	SAM	MDG	0	431	0
219	I	G	SAM	MDG	0	434	0
220	I	G	SAM	MDG	0	445	0
221	I	G	SAM	MDG	0	422	0
222	I	G	SAM	MDG	0	425	0
223	I	G	SAM	MDG	0	431	0
224	I	G	SAM	MDG	0	432	0
225	I	G	SAM	MDG	0	431	0
226	I	G	SAM	MDG	0	430	0
227	I	G	SAM	MDG	0	441	0
228	I	G	SAM	MDG	0	444	0
229	I	G	SAM	MDG	0	446	0
230	I	G	SAM	MDG	0	439	0
231	I	G	SAM	MDG	0	435	0
232	I	G	SAM	MDG	0	434	0
233	I	G	SAM	MDG	0	437	0
234	I	G	SAM	MDG	0	435	0
235	I	G	SAM	MDG	0	434	0
236	I	G	SAM	MDG	0	431	0
237	I	G	SAM	MDG	0	447	0
238	I	G	SAM	MDG	0	438	0
239	I	G	SAM	MDG	0	427	0
240	I	G	SAM	MDG	0	437	0
241	I	G	SAM	MDG	0	431	0
242	I	G	SAM	MDG	0	441	0
243	I	G	SAM	MDG	0	440	0
244	I	G	SAM	MDG	0	438	0
245	I	G	SAM	MDG	0	435	0
246	I	G	SAM	MDG	0	441	0
247	I	G	SAM	MDG	0	433	0
248	I	G	SAM	MDG	0	435	0
249	I	G	SAM	MDG	0	445	0
250	I	G	SAM	MDG	0	431	0
251	I	G	SAM	MDG	0	444	0
252	I	G	SAM	MDG	0	439	0
253	I	G	SAM	MDG	0	431	0
254	I	G	SAM	MDG	0	428	0
255	I	G	SAM	MDG	0	436	0
256	I	G	SAM	MDG	0	431	0
257	I	G	SAM	MDG	0	436	0
258	I	G	SAM	MDG	0	440	0
259	I	G	SAM	MDG	0	436	0
260	I	G	SAM	MDG	0	431	0
261	I	G	SAM	MDG	0	445	0
262	I	G	SAM	MDG	0	435	0
263	I	G	SAM	MDG	0	430	0
264	I	G	SAM	MDG	0	438	0
265	I	G	SAM	MDG	0	434	0
266	I	G	SAM	MDG	0	429	0
267	I	G	SAM	MDG	0	437	0
268	I	G	SAM	MDG	0	431	0
269	I	G	SAM	MDG	0	433	0
270	I	G	SAM	MDG	0	430	0
271	I	G	SAM	MDG	0	428	0
272	I	G	SAM	MDG	0	433	0
273	I	G	SAM	MDG	0	438	0
274	I	G	SAM	MDG	0	435	0
275	I	G	SAM	MDG	0	443	0
276	I	G	SAM	MDG	0	425	0
277	I	G	SAM	MDG	0	433	0
278	I	G	SAM	MDG	0	439	0
279	I	G	SAM	MDG	0	434	0
280	I	G	SAM	MDG	0	434	0
281	I	G	SAM	MDG	0	446	0
282	I	G	SAM	MDG	0	440	0
283	I	G	SAM	MDG	0	430	0
284	I	G	SAM	MDG	0	437	0
285	I	G	SAM	MDG	0	430	0
286	I	G	SAM	MDG	0	425	0
287	I	G	SAM	MDG	0	430	0
288	I	G	SAM	MDG	0	444	0
289	I	G	SAM	MDG	0	435	0
290	I	G	SAM	MDG	0	426	0
291	I	G	SAM	MDG	0	434	0
292	I	G	SAM	MDG	0	427	0
293	I	G	SAM	MDG	0	437	0
294	I	G	SAM	MDG	0	437	0
295	I	G	SAM	MDG	0	436	0
296	I	G	SAM	MDG	0	432	0
297	I	G	SAM	MDG	0	441	0
298	I	G	SAM	MDG	0	437	0
299	I	G	SAM	MDG	0	431	0
300	I	G	SAM	MDG	0	435	0
1	J	G	WNA	MDG	0	433	0
2	J	G	WNA	MDG	0	440	0
3	J	G	WNA	MDG	0	440	0
4	J	G	WNA	MDG	0	434	0
5	J	G	WNA	MDG	0	436	0
6	J	G	WNA	MDG	0	437	0
7	J	G	WNA	MDG	0	432	0
8	J	G	WNA	MDG	0	442	0
9	J	G	WNA	MDG	0	431	0
10	J	G	WNA	MDG	0	433	0
11	J	G	WNA	MDG	0	437	0
12	J	G	WNA	MDG	0	436	0
13	J	G	WNA	MDG	0	444	0
14	J	G	WNA	MDG	0	442	0
15	J	G	WNA	MDG	0	427	0
16	J	G	WNA	MDG	0	444	0
17	J	G	WNA	MDG	0	438	0
18	J	G	WNA	MDG	0	440	0
19	J	G	WNA	MDG	0	429	0
20	J	G	WNA	MDG	0	430	0
21	J	G	WNA	MDG	0	429	0
22	J	G	WNA	MDG	0	435	0
23	J	G	WNA	MDG	0	430	0
24	J	G	WNA	MDG	0	443	0
25	J	G	WNA	MDG	0	434	0
26	J	G	WNA	MDG	0	438	0
27	J	G	WNA	MDG	0	436	0
28	J	G	WNA	MDG	0	438	0
29	J	G	WNA	MDG	0	436	0
30	J	G	WNA	MDG	0	439	0
31	J	G	WNA	MDG	0	438	0
32	J	G	WNA	MDG	0	439	0
33	J	G	WNA	MDG	0	436	0
34	J	G	WNA	MDG	0	438	0
35	J	G	WNA	MDG	0	438	0
36	J	G	WNA	MDG	0	440	0
37	J	G	WNA	MDG	0	442	0
38	J	G	WNA	MDG	0	437	0
39	J	G	WNA	MDG	0	434	0
40	J	G	WNA	MDG	0	442	0
41	J	G	WNA	MDG	0	444	0
42	J	G	WNA	MDG	0	427	0
43	J	G	WNA	MDG	0	434	0
44	J	G	WNA	MDG	0	430	0
45	J	G	WNA	MDG	0	431	0
46	J	G	WNA	MDG	0	429	0
47	J	G	WNA	MDG	0	444	0
48	J	G	WNA	MDG	0	441	0
49	J	G	WNA	MDG	0	431	0
50	J	G	WNA	MDG	0	424	0
51	J	G	WNA	MDG	0	428	0
52	J	G	WNA	MDG	0	428	0
53	J	G	WNA	MDG	0	444	0
54	J	G	WNA	MDG	0	439	0
55	J	G	WNA	MDG	0	435	0
56	J	G	WNA	MDG	0	437	0
57	J	G	WNA	MDG	0	433	0
58	J	G	WNA	MDG	0	441	0
59	J	G	WNA	MDG	0	424	0
60	J	G	WNA	MDG	0	440	0
61	J	G	WNA	MDG	0	436	0
62	J	G	WNA	MDG	0	422	0
63	J	G	WNA	MDG	0	433	0
64	J	G	WNA	MDG	0	433	0
65	J	G	WNA	MDG	0	432	0
66	J	G	WNA	MDG	0	445	0
67	J	G	WNA	MDG	0	430	0
68	J	G	WNA	MDG	0	438	0
69	J	G	WNA	MDG	0	438	0
70	J	G	WNA	MDG	0	439	0
71	J	G	WNA	MDG	0	432	0
72	J	G	WNA	MDG	0	436	0
73	J	G	WNA	MDG	0	435	0
74	J	G	WNA	MDG	0	436	0
75	J	G	WNA	MDG	0	452	0
76	J	G	WNA	MDG	0	441	0
77	J	G	WNA	MDG	0	441	0
78	J	G	WNA	MDG	0	435	0
79	J	G	WNA	MDG	0	425	0
80	J	G	WNA	MDG	0	440	0
81	J	G	WNA	MDG	0	436	0
82	J	G	WNA	MDG	0	435	0
83	J	G	WNA	MDG	0	426	0
84	J	G	WNA	MDG	0	447	0
85	J	G	WNA	MDG	0	434	0
86	J	G	WNA	MDG	0	431	0
87	J	G	WNA	MDG	0	432	0
88	J	G	WNA	MDG	0	445	0
89	J	G	WNA	MDG	0	432	0
90	J	G	WNA	MDG	0	431	0
91	J	G	WNA	MDG	0	436	0
92	J	G	WNA	MDG	0	442	0
93	J	G	WNA	MDG	0	426	0
94	J	G	WNA	MDG	0	426	0
95	J	G	WNA	MDG	0	431	0
96	J	G	WNA	MDG	0	439	0
97	J	G	WNA	MDG	0	436	0
98	J	G	WNA	MDG	0	433	0
99	J	G	WNA	MDG	0	434	0
100	J	G	WNA	MDG	0	439	0
101	J	G	WNA	MDG	0	435	0
102	J	G	WNA	MDG	0	448	0
103	J	G	WNA	MDG	0	438	0
104	J	G	WNA	MDG	0	431	0
105	J	G	WNA	MDG	0	435	0
106	J	G	WNA	MDG	0	435	0
107	J	G	WNA	MDG	0	443	0
108	J	G	WNA	MDG	0	426	0
109	J	G	WNA	MDG	0	444	0
110	J	G	WNA	MDG	0	427	0
111	J	G	WNA	MDG	0	447	0
112	J	G	WNA	MDG	0	436	0
113	J	G	WNA	MDG	0	432	0
114	J	G	WNA	MDG	0	442	0
115	J	G	WNA	MDG	0	435	0
116	J	G	WNA	MDG	0	445	0
117	J	G	WNA	MDG	0	441	0
118	J	G	WNA	MDG	0	436	0
119	J	G	WNA	MDG	0	439	0
120	J	G	WNA	MDG	0	451	0
121	J	G	WNA	MDG	0	443	0
122	J	G	WNA	MDG	0	432	0
123	J	G	WNA	MDG	0	442	0
124	J	G	WNA	MDG	0	437	0
125	J	G	WNA	MDG	0	433	0
126	J	G	WNA	MDG	0	438	0
127	J	G	WNA	MDG	0	436	0
128	J	G	WNA	MDG	0	436	0
129	J	G	WNA	MDG	0	435	0
130	J	G	WNA	MDG	0	433	0
131	J	G	WNA	MDG	0	446	0
132	J	G	WNA	MDG	0	442	0
133	J	G	WNA	MDG	0	441	0
134	J	G	WNA	MDG	0	444	0
135	J	G	WNA	MDG	0	433	0
136	J	G	WNA	MDG	0	432	0
137	J	G	WNA	MDG	0	433	0
138	J	G	WNA	MDG	0	438	0
139	J	G	WNA	MDG	0	433	0
140	J	G	WNA	MDG	0	433	0
141	J	G	WNA	MDG	0	427	0
142	J	G	WNA	MDG	0	425	0
143	J	G	WNA	MDG	0	430	0
144	J	G	WNA	MDG	0	434	0
145	J	G	WNA	MDG	0	446	0
146	J	G	WNA	MDG	0	439	0
147	J	G	WNA	MDG	0	433	0
148	J	G	WNA	MDG	0	437	0
149	J	G	WNA	MDG	0	425	0
150	J	G	WNA	MDG	0	440	0
151	J	G	WNA	MDG	0	445	0
152	J	G	WNA	MDG	0	435	0
153	J	G	WNA	MDG	0	438	0
154	J	G	WNA	MDG	0	445	0
155	J	G	WNA	MDG	0	432	0
156	J	G	WNA	MDG	0	429	0
157	J	G	WNA	MDG	0	432	0
158	J	G	WNA	MDG	0	435	0
159	J	G	WNA	MDG	0	441	0
160	J	G	WNA	MDG	0	439	0
161	J	G	WNA	MDG	0	438	0
162	J	G	WNA	MDG	0	436	0
163	J	G	WNA	MDG	0	434	0
164	J	G	WNA	MDG	0	437	0
165	J	G	WNA	MDG	0	428	0
166	J	G	WNA	MDG	0	436	0
167	J	G	WNA	MDG	0	433	0
168	J	G	WNA	MDG	0	435	0
169	J	G	WNA	MDG	0	434	0
170	J	G	WNA	MDG	0	432	0
171	J	G	WNA	MDG	0	434	0
172	J	G	WNA	MDG	0	444	0
173	J	G	WNA	MDG	0	440	0
174	J	G	WNA	MDG	0	435	0
175	J	G	WNA	MDG	0	429	0
176	J	G	WNA	MDG	0	437	0
177	J	G	WNA	MDG	0	434	0
178	J	G	WNA	MDG	0	442	0
179	J	G	WNA	MDG	0	447	0
180	J	G	WNA	MDG	0	442	0
181	J	G	WNA	MDG	0	435	0
182	J	G	WNA	MDG	0	441	0
183	J	G	WNA	MDG	0	437	0
184	J	G	WNA	MDG	0	436	0
185	J	G	WNA	MDG	0	434	0
186	J	G	WNA	MDG	0	437	0
187	J	G	WNA	MDG	0	433	0
188	J	G	WNA	MDG	0	430	0
189	J	G	WNA	MDG	0	443	0
190	J	G	WNA	MDG	0	434	0
191	J	G	WNA	MDG	0	429	0
192	J	G	WNA	MDG	0	430	0
193	J	G	WNA	MDG	0	431	0
194	J	G	WNA	MDG	0	423	0
195	J	G	WNA	MDG	0	433	0
196	J	G	WNA	MDG	0	436	0
197	J	G	WNA	MDG	0	444	0
198	J	G	WNA	MDG	0	446	0
199	J	G	WNA	MDG	0	434	0
200	J	G	WNA	MDG	0	431	0
201	J	G	WNA	MDG	0	435	0
202	J	G	WNA	MDG	0	427	0
203	J	G	WNA	MDG	0	433	0
204	J	G	WNA	MDG	0	437	0
205	J	G	WNA	MDG	0	431	0
206	J	G	WNA	MDG	0	435	0
207	J	G	WNA	MDG	0	442	0
208	J	G	WNA	MDG	0	434	0
209	J	G	WNA	MDG	0	438	0
210	J	G	WNA	MDG	0	434	0
211	J	G	WNA	MDG	0	440	0
212	J	G	WNA	MDG	0	447	0
213	J	G	WNA	MDG	0	436	0
214	J	G	WNA	MDG	0	428	0
215	J	G	WNA	MDG	0	448	0
216	J	G	WNA	MDG	0	442	0
217	J	G	WNA	MDG	0	433	0
218	J	G	WNA	MDG	0	431	0
219	J	G	WNA	MDG	0	434	0
220	J	G	WNA	MDG	0	445	0
221	J	G	WNA	MDG	0	422	0
222	J	G	WNA	MDG	0	425	0
223	J	G	WNA	MDG	0	431	0
224	J	G	WNA	MDG	0	432	0
225	J	G	WNA	MDG	0	431	0
226	J	G	WNA	MDG	0	430	0
227	J	G	WNA	MDG	0	441	0
228	J	G	WNA	MDG	0	444	0
229	J	G	WNA	MDG	0	446	0
230	J	G	WNA	MDG	0	439	0
231	J	G	WNA	MDG	0	435	0
232	J	G	WNA	MDG	0	434	0
233	J	G	WNA	MDG	0	437	0
234	J	G	WNA	MDG	0	435	0
235	J	G	WNA	MDG	0	434	0
236	J	G	WNA	MDG	0	431	0
237	J	G	WNA	MDG	0	447	0
238	J	G	WNA	MDG	0	438	0
239	J	G	WNA	MDG	0	427	0
240	J	G	WNA	MDG	0	437	0
241	J	G	WNA	MDG	0	431	0
242	J	G	WNA	MDG	0	441	0
243	J	G	WNA	MDG	0	440	0
244	J	G	WNA	MDG	0	438	0
245	J	G	WNA	MDG	0	435	0
246	J	G	WNA	MDG	0	441	0
247	J	G	WNA	MDG	0	433	0
248	J	G	WNA	MDG	0	435	0
249	J	G	WNA	MDG	0	445	0
250	J	G	WNA	MDG	0	431	0
251	J	G	WNA	MDG	0	444	0
252	J	G	WNA	MDG	0	439	0
253	J	G	WNA	MDG	0	431	0
254	J	G	WNA	MDG	0	428	0
255	J	G	WNA	MDG	0	436	0
256	J	G	WNA	MDG	0	431	0
257	J	G	WNA	MDG	0	436	0
258	J	G	WNA	MDG	0	440	0
259	J	G	WNA	MDG	0	436	0
260	J	G	WNA	MDG	0	431	0
261	J	G	WNA	MDG	0	445	0
262	J	G	WNA	MDG	0	435	0
263	J	G	WNA	MDG	0	430	0
264	J	G	WNA	MDG	0	438	0
265	J	G	WNA	MDG	0	434	0
266	J	G	WNA	MDG	0	429	0
267	J	G	WNA	MDG	0	437	0
268	J	G	WNA	MDG	0	431	0
269	J	G	WNA	MDG	0	433	0
270	J	G	WNA	MDG	0	430	0
271	J	G	WNA	MDG	0	428	0
272	J	G	WNA	MDG	0	433	0
273	J	G	WNA	MDG	0	438	0
274	J	G	WNA	MDG	0	435	0
275	J	G	WNA	MDG	0	443	0
276	J	G	WNA	MDG	0	425	0
277	J	G	WNA	MDG	0	433	0
278	J	G	WNA	MDG	0	439	0
279	J	G	WNA	MDG	0	434	0
280	J	G	WNA	MDG	0	434	0
281	J	G	WNA	MDG	0	446	0
282	J	G	WNA	MDG	0	440	0
283	J	G	WNA	MDG	0	430	0
284	J	G	WNA	MDG	0	437	0
285	J	G	WNA	MDG	0	430	0
286	J	G	WNA	MDG	0	425	0
287	J	G	WNA	MDG	0	430	0
288	J	G	WNA	MDG	0	444	0
289	J	G	WNA	MDG	0	435	0
290	J	G	WNA	MDG	0	426	0
291	J	G	WNA	MDG	0	434	0
292	J	G	WNA	MDG	0	427	0
293	J	G	WNA	MDG	0	437	0
294	J	G	WNA	MDG	0	437	0
295	J	G	WNA	MDG	0	436	0
296	J	G	WNA	MDG	0	432	0
297	J	G	WNA	MDG	0	441	0
298	J	G	WNA	MDG	0	437	0
299	J	G	WNA	MDG	0	431	0
300	J	G	WNA	MDG	0	435	0
1	K	G	WPA	MDG	0	433	0
2	K	G	WPA	MDG	0	440	0
3	K	G	WPA	MDG	0	440	0
4	K	G	WPA	MDG	0	434	0
5	K	G	WPA	MDG	0	436	0
6	K	G	WPA	MDG	0	437	0
7	K	G	WPA	MDG	0	432	0
8	K	G	WPA	MDG	0	442	0
9	K	G	WPA	MDG	0	431	0
10	K	G	WPA	MDG	0	433	0
11	K	G	WPA	MDG	0	437	0
12	K	G	WPA	MDG	0	436	0
13	K	G	WPA	MDG	0	444	0
14	K	G	WPA	MDG	0	442	0
15	K	G	WPA	MDG	0	427	0
16	K	G	WPA	MDG	0	444	0
17	K	G	WPA	MDG	0	438	0
18	K	G	WPA	MDG	0	440	0
19	K	G	WPA	MDG	0	429	0
20	K	G	WPA	MDG	0	430	0
21	K	G	WPA	MDG	0	429	0
22	K	G	WPA	MDG	0	435	0
23	K	G	WPA	MDG	0	430	0
24	K	G	WPA	MDG	0	443	0
25	K	G	WPA	MDG	0	434	0
26	K	G	WPA	MDG	0	438	0
27	K	G	WPA	MDG	0	436	0
28	K	G	WPA	MDG	0	438	0
29	K	G	WPA	MDG	0	436	0
30	K	G	WPA	MDG	0	439	0
31	K	G	WPA	MDG	0	438	0
32	K	G	WPA	MDG	0	439	0
33	K	G	WPA	MDG	0	436	0
34	K	G	WPA	MDG	0	438	0
35	K	G	WPA	MDG	0	438	0
36	K	G	WPA	MDG	0	440	0
37	K	G	WPA	MDG	0	442	0
38	K	G	WPA	MDG	0	437	0
39	K	G	WPA	MDG	0	434	0
40	K	G	WPA	MDG	0	442	0
41	K	G	WPA	MDG	0	444	0
42	K	G	WPA	MDG	0	427	0
43	K	G	WPA	MDG	0	434	0
44	K	G	WPA	MDG	0	430	0
45	K	G	WPA	MDG	0	431	0
46	K	G	WPA	MDG	0	429	0
47	K	G	WPA	MDG	0	444	0
48	K	G	WPA	MDG	0	441	0
49	K	G	WPA	MDG	0	431	0
50	K	G	WPA	MDG	0	424	0
51	K	G	WPA	MDG	0	428	0
52	K	G	WPA	MDG	0	428	0
53	K	G	WPA	MDG	0	444	0
54	K	G	WPA	MDG	0	439	0
55	K	G	WPA	MDG	0	435	0
56	K	G	WPA	MDG	0	437	0
57	K	G	WPA	MDG	0	433	0
58	K	G	WPA	MDG	0	441	0
59	K	G	WPA	MDG	0	424	0
60	K	G	WPA	MDG	0	440	0
61	K	G	WPA	MDG	0	436	0
62	K	G	WPA	MDG	0	422	0
63	K	G	WPA	MDG	0	433	0
64	K	G	WPA	MDG	0	433	0
65	K	G	WPA	MDG	0	432	0
66	K	G	WPA	MDG	0	445	0
67	K	G	WPA	MDG	0	430	0
68	K	G	WPA	MDG	0	438	0
69	K	G	WPA	MDG	0	438	0
70	K	G	WPA	MDG	0	439	0
71	K	G	WPA	MDG	0	432	0
72	K	G	WPA	MDG	0	436	0
73	K	G	WPA	MDG	0	435	0
74	K	G	WPA	MDG	0	436	0
75	K	G	WPA	MDG	0	452	0
76	K	G	WPA	MDG	0	441	0
77	K	G	WPA	MDG	0	441	0
78	K	G	WPA	MDG	0	435	0
79	K	G	WPA	MDG	0	425	0
80	K	G	WPA	MDG	0	440	0
81	K	G	WPA	MDG	0	436	0
82	K	G	WPA	MDG	0	435	0
83	K	G	WPA	MDG	0	426	0
84	K	G	WPA	MDG	0	447	0
85	K	G	WPA	MDG	0	434	0
86	K	G	WPA	MDG	0	431	0
87	K	G	WPA	MDG	0	432	0
88	K	G	WPA	MDG	0	445	0
89	K	G	WPA	MDG	0	432	0
90	K	G	WPA	MDG	0	431	0
91	K	G	WPA	MDG	0	436	0
92	K	G	WPA	MDG	0	442	0
93	K	G	WPA	MDG	0	426	0
94	K	G	WPA	MDG	0	426	0
95	K	G	WPA	MDG	0	431	0
96	K	G	WPA	MDG	0	439	0
97	K	G	WPA	MDG	0	436	0
98	K	G	WPA	MDG	0	433	0
99	K	G	WPA	MDG	0	434	0
100	K	G	WPA	MDG	0	439	0
101	K	G	WPA	MDG	0	435	0
102	K	G	WPA	MDG	0	448	0
103	K	G	WPA	MDG	0	438	0
104	K	G	WPA	MDG	0	431	0
105	K	G	WPA	MDG	0	435	0
106	K	G	WPA	MDG	0	435	0
107	K	G	WPA	MDG	0	443	0
108	K	G	WPA	MDG	0	426	0
109	K	G	WPA	MDG	0	444	0
110	K	G	WPA	MDG	0	427	0
111	K	G	WPA	MDG	0	447	0
112	K	G	WPA	MDG	0	436	0
113	K	G	WPA	MDG	0	432	0
114	K	G	WPA	MDG	0	442	0
115	K	G	WPA	MDG	0	435	0
116	K	G	WPA	MDG	0	445	0
117	K	G	WPA	MDG	0	441	0
118	K	G	WPA	MDG	0	436	0
119	K	G	WPA	MDG	0	439	0
120	K	G	WPA	MDG	0	451	0
121	K	G	WPA	MDG	0	443	0
122	K	G	WPA	MDG	0	432	0
123	K	G	WPA	MDG	0	442	0
124	K	G	WPA	MDG	0	437	0
125	K	G	WPA	MDG	0	433	0
126	K	G	WPA	MDG	0	438	0
127	K	G	WPA	MDG	0	436	0
128	K	G	WPA	MDG	0	436	0
129	K	G	WPA	MDG	0	435	0
130	K	G	WPA	MDG	0	433	0
131	K	G	WPA	MDG	0	446	0
132	K	G	WPA	MDG	0	442	0
133	K	G	WPA	MDG	0	441	0
134	K	G	WPA	MDG	0	444	0
135	K	G	WPA	MDG	0	433	0
136	K	G	WPA	MDG	0	432	0
137	K	G	WPA	MDG	0	433	0
138	K	G	WPA	MDG	0	438	0
139	K	G	WPA	MDG	0	433	0
140	K	G	WPA	MDG	0	433	0
141	K	G	WPA	MDG	0	427	0
142	K	G	WPA	MDG	0	425	0
143	K	G	WPA	MDG	0	430	0
144	K	G	WPA	MDG	0	434	0
145	K	G	WPA	MDG	0	446	0
146	K	G	WPA	MDG	0	439	0
147	K	G	WPA	MDG	0	433	0
148	K	G	WPA	MDG	0	437	0
149	K	G	WPA	MDG	0	425	0
150	K	G	WPA	MDG	0	440	0
151	K	G	WPA	MDG	0	445	0
152	K	G	WPA	MDG	0	435	0
153	K	G	WPA	MDG	0	438	0
154	K	G	WPA	MDG	0	445	0
155	K	G	WPA	MDG	0	432	0
156	K	G	WPA	MDG	0	429	0
157	K	G	WPA	MDG	0	432	0
158	K	G	WPA	MDG	0	435	0
159	K	G	WPA	MDG	0	441	0
160	K	G	WPA	MDG	0	439	0
161	K	G	WPA	MDG	0	438	0
162	K	G	WPA	MDG	0	436	0
163	K	G	WPA	MDG	0	434	0
164	K	G	WPA	MDG	0	437	0
165	K	G	WPA	MDG	0	428	0
166	K	G	WPA	MDG	0	436	0
167	K	G	WPA	MDG	0	433	0
168	K	G	WPA	MDG	0	435	0
169	K	G	WPA	MDG	0	434	0
170	K	G	WPA	MDG	0	432	0
171	K	G	WPA	MDG	0	434	0
172	K	G	WPA	MDG	0	444	0
173	K	G	WPA	MDG	0	440	0
174	K	G	WPA	MDG	0	435	0
175	K	G	WPA	MDG	0	429	0
176	K	G	WPA	MDG	0	437	0
177	K	G	WPA	MDG	0	434	0
178	K	G	WPA	MDG	0	442	0
179	K	G	WPA	MDG	0	447	0
180	K	G	WPA	MDG	0	442	0
181	K	G	WPA	MDG	0	435	0
182	K	G	WPA	MDG	0	441	0
183	K	G	WPA	MDG	0	437	0
184	K	G	WPA	MDG	0	436	0
185	K	G	WPA	MDG	0	434	0
186	K	G	WPA	MDG	0	437	0
187	K	G	WPA	MDG	0	433	0
188	K	G	WPA	MDG	0	430	0
189	K	G	WPA	MDG	0	443	0
190	K	G	WPA	MDG	0	434	0
191	K	G	WPA	MDG	0	429	0
192	K	G	WPA	MDG	0	430	0
193	K	G	WPA	MDG	0	431	0
194	K	G	WPA	MDG	0	423	0
195	K	G	WPA	MDG	0	433	0
196	K	G	WPA	MDG	0	436	0
197	K	G	WPA	MDG	0	444	0
198	K	G	WPA	MDG	0	446	0
199	K	G	WPA	MDG	0	434	0
200	K	G	WPA	MDG	0	431	0
201	K	G	WPA	MDG	0	435	0
202	K	G	WPA	MDG	0	427	0
203	K	G	WPA	MDG	0	433	0
204	K	G	WPA	MDG	0	437	0
205	K	G	WPA	MDG	0	431	0
206	K	G	WPA	MDG	0	435	0
207	K	G	WPA	MDG	0	442	0
208	K	G	WPA	MDG	0	434	0
209	K	G	WPA	MDG	0	438	0
210	K	G	WPA	MDG	0	434	0
211	K	G	WPA	MDG	0	440	0
212	K	G	WPA	MDG	0	447	0
213	K	G	WPA	MDG	0	436	0
214	K	G	WPA	MDG	0	428	0
215	K	G	WPA	MDG	0	448	0
216	K	G	WPA	MDG	0	442	0
217	K	G	WPA	MDG	0	433	0
218	K	G	WPA	MDG	0	431	0
219	K	G	WPA	MDG	0	434	0
220	K	G	WPA	MDG	0	445	0
221	K	G	WPA	MDG	0	422	0
222	K	G	WPA	MDG	0	425	0
223	K	G	WPA	MDG	0	431	0
224	K	G	WPA	MDG	0	432	0
225	K	G	WPA	MDG	0	431	0
226	K	G	WPA	MDG	0	430	0
227	K	G	WPA	MDG	0	441	0
228	K	G	WPA	MDG	0	444	0
229	K	G	WPA	MDG	0	446	0
230	K	G	WPA	MDG	0	439	0
231	K	G	WPA	MDG	0	435	0
232	K	G	WPA	MDG	0	434	0
233	K	G	WPA	MDG	0	437	0
234	K	G	WPA	MDG	0	435	0
235	K	G	WPA	MDG	0	434	0
236	K	G	WPA	MDG	0	431	0
237	K	G	WPA	MDG	0	447	0
238	K	G	WPA	MDG	0	438	0
239	K	G	WPA	MDG	0	427	0
240	K	G	WPA	MDG	0	437	0
241	K	G	WPA	MDG	0	431	0
242	K	G	WPA	MDG	0	441	0
243	K	G	WPA	MDG	0	440	0
244	K	G	WPA	MDG	0	438	0
245	K	G	WPA	MDG	0	435	0
246	K	G	WPA	MDG	0	441	0
247	K	G	WPA	MDG	0	433	0
248	K	G	WPA	MDG	0	435	0
249	K	G	WPA	MDG	0	445	0
250	K	G	WPA	MDG	0	431	0
251	K	G	WPA	MDG	0	444	0
252	K	G	WPA	MDG	0	439	0
253	K	G	WPA	MDG	0	431	0
254	K	G	WPA	MDG	0	428	0
255	K	G	WPA	MDG	0	436	0
256	K	G	WPA	MDG	0	431	0
257	K	G	WPA	MDG	0	436	0
258	K	G	WPA	MDG	0	440	0
259	K	G	WPA	MDG	0	436	0
260	K	G	WPA	MDG	0	431	0
261	K	G	WPA	MDG	0	445	0
262	K	G	WPA	MDG	0	435	0
263	K	G	WPA	MDG	0	430	0
264	K	G	WPA	MDG	0	438	0
265	K	G	WPA	MDG	0	434	0
266	K	G	WPA	MDG	0	429	0
267	K	G	WPA	MDG	0	437	0
268	K	G	WPA	MDG	0	431	0
269	K	G	WPA	MDG	0	433	0
270	K	G	WPA	MDG	0	430	0
271	K	G	WPA	MDG	0	428	0
272	K	G	WPA	MDG	0	433	0
273	K	G	WPA	MDG	0	438	0
274	K	G	WPA	MDG	0	435	0
275	K	G	WPA	MDG	0	443	0
276	K	G	WPA	MDG	0	425	0
277	K	G	WPA	MDG	0	433	0
278	K	G	WPA	MDG	0	439	0
279	K	G	WPA	MDG	0	434	0
280	K	G	WPA	MDG	0	434	0
281	K	G	WPA	MDG	0	446	0
282	K	G	WPA	MDG	0	440	0
283	K	G	WPA	MDG	0	430	0
284	K	G	WPA	MDG	0	437	0
285	K	G	WPA	MDG	0	430	0
286	K	G	WPA	MDG	0	425	0
287	K	G	WPA	MDG	0	430	0
288	K	G	WPA	MDG	0	444	0
289	K	G	WPA	MDG	0	435	0
290	K	G	WPA	MDG	0	426	0
291	K	G	WPA	MDG	0	434	0
292	K	G	WPA	MDG	0	427	0
293	K	G	WPA	MDG	0	437	0
294	K	G	WPA	MDG	0	437	0
295	K	G	WPA	MDG	0	436	0
296	K	G	WPA	MDG	0	432	0
297	K	G	WPA	MDG	0	441	0
298	K	G	WPA	MDG	0	437	0
299	K	G	WPA	MDG	0	431	0
300	K	G	WPA	MDG	0	435	0
1	A	H	AF	ORI	0	433	0
2	A	H	AF	ORI	0	440	0
3	A	H	AF	ORI	0	440	0
4	A	H	AF	ORI	0	434	0
5	A	H	AF	ORI	0	436	0
6	A	H	AF	ORI	0	437	0
7	A	H	AF	ORI	0	432	0
8	A	H	AF	ORI	0	442	0
9	A	H	AF	ORI	0	431	0
10	A	H	AF	ORI	0	433	0
11	A	H	AF	ORI	0	437	0
12	A	H	AF	ORI	0	436	0
13	A	H	AF	ORI	0	444	0
14	A	H	AF	ORI	0	442	0
15	A	H	AF	ORI	0	427	0
16	A	H	AF	ORI	0	444	0
17	A	H	AF	ORI	0	438	0
18	A	H	AF	ORI	0	440	0
19	A	H	AF	ORI	0	429	0
20	A	H	AF	ORI	0	430	0
21	A	H	AF	ORI	0	429	0
22	A	H	AF	ORI	0	435	0
23	A	H	AF	ORI	0	430	0
24	A	H	AF	ORI	0	443	0
25	A	H	AF	ORI	0	434	0
26	A	H	AF	ORI	0	438	0
27	A	H	AF	ORI	0	436	0
28	A	H	AF	ORI	0	438	0
29	A	H	AF	ORI	0	436	0
30	A	H	AF	ORI	0	439	0
31	A	H	AF	ORI	0	438	0
32	A	H	AF	ORI	0	439	0
33	A	H	AF	ORI	0	436	0
34	A	H	AF	ORI	0	438	0
35	A	H	AF	ORI	0	438	0
36	A	H	AF	ORI	0	440	0
37	A	H	AF	ORI	0	442	0
38	A	H	AF	ORI	0	437	0
39	A	H	AF	ORI	0	434	0
40	A	H	AF	ORI	0	442	0
41	A	H	AF	ORI	0	444	0
42	A	H	AF	ORI	0	427	0
43	A	H	AF	ORI	0	434	0
44	A	H	AF	ORI	0	430	0
45	A	H	AF	ORI	0	431	0
46	A	H	AF	ORI	0	429	0
47	A	H	AF	ORI	0	444	0
48	A	H	AF	ORI	0	441	0
49	A	H	AF	ORI	0	431	0
50	A	H	AF	ORI	0	424	0
51	A	H	AF	ORI	0	428	0
52	A	H	AF	ORI	0	428	0
53	A	H	AF	ORI	0	444	0
54	A	H	AF	ORI	0	439	0
55	A	H	AF	ORI	0	435	0
56	A	H	AF	ORI	0	437	0
57	A	H	AF	ORI	0	433	0
58	A	H	AF	ORI	0	441	0
59	A	H	AF	ORI	0	424	0
60	A	H	AF	ORI	0	440	0
61	A	H	AF	ORI	0	436	0
62	A	H	AF	ORI	0	422	0
63	A	H	AF	ORI	0	433	0
64	A	H	AF	ORI	0	433	0
65	A	H	AF	ORI	0	432	0
66	A	H	AF	ORI	0	445	0
67	A	H	AF	ORI	0	430	0
68	A	H	AF	ORI	0	438	0
69	A	H	AF	ORI	0	438	0
70	A	H	AF	ORI	0	439	0
71	A	H	AF	ORI	0	432	0
72	A	H	AF	ORI	0	436	0
73	A	H	AF	ORI	0	435	0
74	A	H	AF	ORI	0	436	0
75	A	H	AF	ORI	0	452	0
76	A	H	AF	ORI	0	441	0
77	A	H	AF	ORI	0	441	0
78	A	H	AF	ORI	0	435	0
79	A	H	AF	ORI	0	425	0
80	A	H	AF	ORI	0	440	0
81	A	H	AF	ORI	0	436	0
82	A	H	AF	ORI	0	435	0
83	A	H	AF	ORI	0	426	0
84	A	H	AF	ORI	0	447	0
85	A	H	AF	ORI	0	434	0
86	A	H	AF	ORI	0	431	0
87	A	H	AF	ORI	0	432	0
88	A	H	AF	ORI	0	445	0
89	A	H	AF	ORI	0	432	0
90	A	H	AF	ORI	0	431	0
91	A	H	AF	ORI	0	436	0
92	A	H	AF	ORI	0	442	0
93	A	H	AF	ORI	0	426	0
94	A	H	AF	ORI	0	426	0
95	A	H	AF	ORI	0	431	0
96	A	H	AF	ORI	0	439	0
97	A	H	AF	ORI	0	436	0
98	A	H	AF	ORI	0	433	0
99	A	H	AF	ORI	0	434	0
100	A	H	AF	ORI	0	439	0
101	A	H	AF	ORI	0	435	0
102	A	H	AF	ORI	0	448	0
103	A	H	AF	ORI	0	438	0
104	A	H	AF	ORI	0	431	0
105	A	H	AF	ORI	0	435	0
106	A	H	AF	ORI	0	435	0
107	A	H	AF	ORI	0	443	0
108	A	H	AF	ORI	0	426	0
109	A	H	AF	ORI	0	444	0
110	A	H	AF	ORI	0	427	0
111	A	H	AF	ORI	0	447	0
112	A	H	AF	ORI	0	436	0
113	A	H	AF	ORI	0	432	0
114	A	H	AF	ORI	0	442	0
115	A	H	AF	ORI	0	435	0
116	A	H	AF	ORI	0	445	0
117	A	H	AF	ORI	0	441	0
118	A	H	AF	ORI	0	436	0
119	A	H	AF	ORI	0	439	0
120	A	H	AF	ORI	0	451	0
121	A	H	AF	ORI	0	443	0
122	A	H	AF	ORI	0	432	0
123	A	H	AF	ORI	0	442	0
124	A	H	AF	ORI	0	437	0
125	A	H	AF	ORI	0	433	0
126	A	H	AF	ORI	0	438	0
127	A	H	AF	ORI	0	436	0
128	A	H	AF	ORI	0	436	0
129	A	H	AF	ORI	0	435	0
130	A	H	AF	ORI	0	433	0
131	A	H	AF	ORI	0	446	0
132	A	H	AF	ORI	0	442	0
133	A	H	AF	ORI	0	441	0
134	A	H	AF	ORI	0	444	0
135	A	H	AF	ORI	0	433	0
136	A	H	AF	ORI	0	432	0
137	A	H	AF	ORI	0	433	0
138	A	H	AF	ORI	0	438	0
139	A	H	AF	ORI	0	433	0
140	A	H	AF	ORI	0	433	0
141	A	H	AF	ORI	0	427	0
142	A	H	AF	ORI	0	425	0
143	A	H	AF	ORI	0	430	0
144	A	H	AF	ORI	0	434	0
145	A	H	AF	ORI	0	446	0
146	A	H	AF	ORI	0	439	0
147	A	H	AF	ORI	0	433	0
148	A	H	AF	ORI	0	437	0
149	A	H	AF	ORI	0	425	0
150	A	H	AF	ORI	0	440	0
151	A	H	AF	ORI	0	445	0
152	A	H	AF	ORI	0	435	0
153	A	H	AF	ORI	0	438	0
154	A	H	AF	ORI	0	445	0
155	A	H	AF	ORI	0	432	0
156	A	H	AF	ORI	0	429	0
157	A	H	AF	ORI	0	432	0
158	A	H	AF	ORI	0	435	0
159	A	H	AF	ORI	0	441	0
160	A	H	AF	ORI	0	439	0
161	A	H	AF	ORI	0	438	0
162	A	H	AF	ORI	0	436	0
163	A	H	AF	ORI	0	434	0
164	A	H	AF	ORI	0	437	0
165	A	H	AF	ORI	0	428	0
166	A	H	AF	ORI	0	436	0
167	A	H	AF	ORI	0	433	0
168	A	H	AF	ORI	0	435	0
169	A	H	AF	ORI	0	434	0
170	A	H	AF	ORI	0	432	0
171	A	H	AF	ORI	0	434	0
172	A	H	AF	ORI	0	444	0
173	A	H	AF	ORI	0	440	0
174	A	H	AF	ORI	0	435	0
175	A	H	AF	ORI	0	429	0
176	A	H	AF	ORI	0	437	0
177	A	H	AF	ORI	0	434	0
178	A	H	AF	ORI	0	442	0
179	A	H	AF	ORI	0	447	0
180	A	H	AF	ORI	0	442	0
181	A	H	AF	ORI	0	435	0
182	A	H	AF	ORI	0	441	0
183	A	H	AF	ORI	0	437	0
184	A	H	AF	ORI	0	436	0
185	A	H	AF	ORI	0	434	0
186	A	H	AF	ORI	0	437	0
187	A	H	AF	ORI	0	433	0
188	A	H	AF	ORI	0	430	0
189	A	H	AF	ORI	0	443	0
190	A	H	AF	ORI	0	434	0
191	A	H	AF	ORI	0	429	0
192	A	H	AF	ORI	0	430	0
193	A	H	AF	ORI	0	431	0
194	A	H	AF	ORI	0	423	0
195	A	H	AF	ORI	0	433	0
196	A	H	AF	ORI	0	436	0
197	A	H	AF	ORI	0	444	0
198	A	H	AF	ORI	0	446	0
199	A	H	AF	ORI	0	434	0
200	A	H	AF	ORI	0	431	0
201	A	H	AF	ORI	0	435	0
202	A	H	AF	ORI	0	427	0
203	A	H	AF	ORI	0	433	0
204	A	H	AF	ORI	0	437	0
205	A	H	AF	ORI	0	431	0
206	A	H	AF	ORI	0	435	0
207	A	H	AF	ORI	0	442	0
208	A	H	AF	ORI	0	434	0
209	A	H	AF	ORI	0	438	0
210	A	H	AF	ORI	0	434	0
211	A	H	AF	ORI	0	440	0
212	A	H	AF	ORI	0	447	0
213	A	H	AF	ORI	0	436	0
214	A	H	AF	ORI	0	428	0
215	A	H	AF	ORI	0	448	0
216	A	H	AF	ORI	0	442	0
217	A	H	AF	ORI	0	433	0
218	A	H	AF	ORI	0	431	0
219	A	H	AF	ORI	0	434	0
220	A	H	AF	ORI	0	445	0
221	A	H	AF	ORI	0	422	0
222	A	H	AF	ORI	0	425	0
223	A	H	AF	ORI	0	431	0
224	A	H	AF	ORI	0	432	0
225	A	H	AF	ORI	0	431	0
226	A	H	AF	ORI	0	430	0
227	A	H	AF	ORI	0	441	0
228	A	H	AF	ORI	0	444	0
229	A	H	AF	ORI	0	446	0
230	A	H	AF	ORI	0	439	0
231	A	H	AF	ORI	0	435	0
232	A	H	AF	ORI	0	434	0
233	A	H	AF	ORI	0	437	0
234	A	H	AF	ORI	0	435	0
235	A	H	AF	ORI	0	434	0
236	A	H	AF	ORI	0	431	0
237	A	H	AF	ORI	0	447	0
238	A	H	AF	ORI	0	438	0
239	A	H	AF	ORI	0	427	0
240	A	H	AF	ORI	0	437	0
241	A	H	AF	ORI	0	431	0
242	A	H	AF	ORI	0	441	0
243	A	H	AF	ORI	0	440	0
244	A	H	AF	ORI	0	438	0
245	A	H	AF	ORI	0	435	0
246	A	H	AF	ORI	0	441	0
247	A	H	AF	ORI	0	433	0
248	A	H	AF	ORI	0	435	0
249	A	H	AF	ORI	0	445	0
250	A	H	AF	ORI	0	431	0
251	A	H	AF	ORI	0	444	0
252	A	H	AF	ORI	0	439	0
253	A	H	AF	ORI	0	431	0
254	A	H	AF	ORI	0	428	0
255	A	H	AF	ORI	0	436	0
256	A	H	AF	ORI	0	431	0
257	A	H	AF	ORI	0	436	0
258	A	H	AF	ORI	0	440	0
259	A	H	AF	ORI	0	436	0
260	A	H	AF	ORI	0	431	0
261	A	H	AF	ORI	0	445	0
262	A	H	AF	ORI	0	435	0
263	A	H	AF	ORI	0	430	0
264	A	H	AF	ORI	0	438	0
265	A	H	AF	ORI	0	434	0
266	A	H	AF	ORI	0	429	0
267	A	H	AF	ORI	0	437	0
268	A	H	AF	ORI	0	431	0
269	A	H	AF	ORI	0	433	0
270	A	H	AF	ORI	0	430	0
271	A	H	AF	ORI	0	428	0
272	A	H	AF	ORI	0	433	0
273	A	H	AF	ORI	0	438	0
274	A	H	AF	ORI	0	435	0
275	A	H	AF	ORI	0	443	0
276	A	H	AF	ORI	0	425	0
277	A	H	AF	ORI	0	433	0
278	A	H	AF	ORI	0	439	0
279	A	H	AF	ORI	0	434	0
280	A	H	AF	ORI	0	434	0
281	A	H	AF	ORI	0	446	0
282	A	H	AF	ORI	0	440	0
283	A	H	AF	ORI	0	430	0
284	A	H	AF	ORI	0	437	0
285	A	H	AF	ORI	0	430	0
286	A	H	AF	ORI	0	425	0
287	A	H	AF	ORI	0	430	0
288	A	H	AF	ORI	0	444	0
289	A	H	AF	ORI	0	435	0
290	A	H	AF	ORI	0	426	0
291	A	H	AF	ORI	0	434	0
292	A	H	AF	ORI	0	427	0
293	A	H	AF	ORI	0	437	0
294	A	H	AF	ORI	0	437	0
295	A	H	AF	ORI	0	436	0
296	A	H	AF	ORI	0	432	0
297	A	H	AF	ORI	0	441	0
298	A	H	AF	ORI	0	437	0
299	A	H	AF	ORI	0	431	0
300	A	H	AF	ORI	0	435	0
1	B	H	AUS	ORI	5	433	0.011547344110854504
2	B	H	AUS	ORI	3	440	0.0068181818181818179
3	B	H	AUS	ORI	2	440	0.0045454545454545452
4	B	H	AUS	ORI	5	434	0.011520737327188941
5	B	H	AUS	ORI	3	436	0.0068807339449541288
6	B	H	AUS	ORI	6	437	0.013729977116704805
7	B	H	AUS	ORI	5	432	0.011574074074074073
8	B	H	AUS	ORI	5	442	0.011312217194570135
9	B	H	AUS	ORI	4	431	0.0092807424593967514
10	B	H	AUS	ORI	5	433	0.011547344110854504
11	B	H	AUS	ORI	3	437	0.0068649885583524023
12	B	H	AUS	ORI	5	436	0.011467889908256881
13	B	H	AUS	ORI	4	444	0.0090090090090090089
14	B	H	AUS	ORI	3	442	0.0067873303167420816
15	B	H	AUS	ORI	7	427	0.016393442622950821
16	B	H	AUS	ORI	3	444	0.0067567567567567571
17	B	H	AUS	ORI	3	438	0.0068493150684931503
18	B	H	AUS	ORI	5	440	0.011363636363636364
19	B	H	AUS	ORI	4	429	0.009324009324009324
20	B	H	AUS	ORI	3	430	0.0069767441860465115
21	B	H	AUS	ORI	4	429	0.009324009324009324
22	B	H	AUS	ORI	4	435	0.0091954022988505746
23	B	H	AUS	ORI	3	430	0.0069767441860465115
24	B	H	AUS	ORI	5	443	0.011286681715575621
25	B	H	AUS	ORI	6	434	0.013824884792626729
26	B	H	AUS	ORI	4	438	0.0091324200913242004
27	B	H	AUS	ORI	3	436	0.0068807339449541288
28	B	H	AUS	ORI	3	438	0.0068493150684931503
29	B	H	AUS	ORI	5	436	0.011467889908256881
30	B	H	AUS	ORI	6	439	0.01366742596810934
31	B	H	AUS	ORI	3	438	0.0068493150684931503
32	B	H	AUS	ORI	6	439	0.01366742596810934
33	B	H	AUS	ORI	3	436	0.0068807339449541288
34	B	H	AUS	ORI	3	438	0.0068493150684931503
35	B	H	AUS	ORI	4	438	0.0091324200913242004
36	B	H	AUS	ORI	4	440	0.0090909090909090905
37	B	H	AUS	ORI	5	442	0.011312217194570135
38	B	H	AUS	ORI	5	437	0.011441647597254004
39	B	H	AUS	ORI	4	434	0.0092165898617511521
40	B	H	AUS	ORI	2	442	0.0045248868778280547
41	B	H	AUS	ORI	2	444	0.0045045045045045045
42	B	H	AUS	ORI	5	427	0.011709601873536301
43	B	H	AUS	ORI	4	434	0.0092165898617511521
44	B	H	AUS	ORI	6	430	0.013953488372093023
45	B	H	AUS	ORI	5	431	0.011600928074245939
46	B	H	AUS	ORI	3	429	0.006993006993006993
47	B	H	AUS	ORI	5	444	0.011261261261261261
48	B	H	AUS	ORI	5	441	0.011337868480725623
49	B	H	AUS	ORI	6	431	0.013921113689095127
50	B	H	AUS	ORI	3	424	0.0070754716981132077
51	B	H	AUS	ORI	5	428	0.011682242990654205
52	B	H	AUS	ORI	6	428	0.014018691588785047
53	B	H	AUS	ORI	5	444	0.011261261261261261
54	B	H	AUS	ORI	3	439	0.0068337129840546698
55	B	H	AUS	ORI	5	435	0.011494252873563218
56	B	H	AUS	ORI	4	437	0.0091533180778032037
57	B	H	AUS	ORI	4	433	0.0092378752886836026
58	B	H	AUS	ORI	5	441	0.011337868480725623
59	B	H	AUS	ORI	6	424	0.014150943396226415
60	B	H	AUS	ORI	8	440	0.018181818181818181
61	B	H	AUS	ORI	4	436	0.0091743119266055051
62	B	H	AUS	ORI	5	422	0.011848341232227487
63	B	H	AUS	ORI	4	433	0.0092378752886836026
64	B	H	AUS	ORI	2	433	0.0046189376443418013
65	B	H	AUS	ORI	2	432	0.0046296296296296294
66	B	H	AUS	ORI	6	445	0.013483146067415731
67	B	H	AUS	ORI	5	430	0.011627906976744186
68	B	H	AUS	ORI	5	438	0.011415525114155251
69	B	H	AUS	ORI	4	438	0.0091324200913242004
70	B	H	AUS	ORI	4	439	0.0091116173120728925
71	B	H	AUS	ORI	5	432	0.011574074074074073
72	B	H	AUS	ORI	5	436	0.011467889908256881
73	B	H	AUS	ORI	2	435	0.0045977011494252873
74	B	H	AUS	ORI	5	436	0.011467889908256881
75	B	H	AUS	ORI	7	452	0.015486725663716814
76	B	H	AUS	ORI	5	441	0.011337868480725623
77	B	H	AUS	ORI	2	441	0.0045351473922902496
78	B	H	AUS	ORI	6	435	0.013793103448275862
79	B	H	AUS	ORI	5	425	0.011764705882352941
80	B	H	AUS	ORI	5	440	0.011363636363636364
81	B	H	AUS	ORI	6	436	0.013761467889908258
82	B	H	AUS	ORI	4	435	0.0091954022988505746
83	B	H	AUS	ORI	5	426	0.011737089201877934
84	B	H	AUS	ORI	4	447	0.008948545861297539
85	B	H	AUS	ORI	3	434	0.0069124423963133645
86	B	H	AUS	ORI	3	431	0.0069605568445475635
87	B	H	AUS	ORI	5	432	0.011574074074074073
88	B	H	AUS	ORI	6	445	0.013483146067415731
89	B	H	AUS	ORI	4	432	0.0092592592592592587
90	B	H	AUS	ORI	5	431	0.011600928074245939
91	B	H	AUS	ORI	5	436	0.011467889908256881
92	B	H	AUS	ORI	5	442	0.011312217194570135
93	B	H	AUS	ORI	5	426	0.011737089201877934
94	B	H	AUS	ORI	2	426	0.0046948356807511738
95	B	H	AUS	ORI	6	431	0.013921113689095127
96	B	H	AUS	ORI	5	439	0.011389521640091117
97	B	H	AUS	ORI	5	436	0.011467889908256881
98	B	H	AUS	ORI	4	433	0.0092378752886836026
99	B	H	AUS	ORI	5	434	0.011520737327188941
100	B	H	AUS	ORI	5	439	0.011389521640091117
101	B	H	AUS	ORI	6	435	0.013793103448275862
102	B	H	AUS	ORI	4	448	0.0089285714285714281
103	B	H	AUS	ORI	5	438	0.011415525114155251
104	B	H	AUS	ORI	4	431	0.0092807424593967514
105	B	H	AUS	ORI	5	435	0.011494252873563218
106	B	H	AUS	ORI	5	435	0.011494252873563218
107	B	H	AUS	ORI	4	443	0.0090293453724604959
108	B	H	AUS	ORI	5	426	0.011737089201877934
109	B	H	AUS	ORI	6	444	0.013513513513513514
110	B	H	AUS	ORI	4	427	0.0093676814988290398
111	B	H	AUS	ORI	5	447	0.011185682326621925
112	B	H	AUS	ORI	1	436	0.0022935779816513763
113	B	H	AUS	ORI	5	432	0.011574074074074073
114	B	H	AUS	ORI	3	442	0.0067873303167420816
115	B	H	AUS	ORI	3	435	0.0068965517241379309
116	B	H	AUS	ORI	2	445	0.0044943820224719105
117	B	H	AUS	ORI	6	441	0.013605442176870748
118	B	H	AUS	ORI	3	436	0.0068807339449541288
119	B	H	AUS	ORI	2	439	0.0045558086560364463
120	B	H	AUS	ORI	4	451	0.008869179600886918
121	B	H	AUS	ORI	5	443	0.011286681715575621
122	B	H	AUS	ORI	5	432	0.011574074074074073
123	B	H	AUS	ORI	5	442	0.011312217194570135
124	B	H	AUS	ORI	5	437	0.011441647597254004
125	B	H	AUS	ORI	3	433	0.0069284064665127024
126	B	H	AUS	ORI	4	438	0.0091324200913242004
127	B	H	AUS	ORI	4	436	0.0091743119266055051
128	B	H	AUS	ORI	5	436	0.011467889908256881
129	B	H	AUS	ORI	6	435	0.013793103448275862
130	B	H	AUS	ORI	4	433	0.0092378752886836026
131	B	H	AUS	ORI	2	446	0.0044843049327354259
132	B	H	AUS	ORI	5	442	0.011312217194570135
133	B	H	AUS	ORI	4	441	0.0090702947845804991
134	B	H	AUS	ORI	3	444	0.0067567567567567571
135	B	H	AUS	ORI	3	433	0.0069284064665127024
136	B	H	AUS	ORI	6	432	0.013888888888888888
137	B	H	AUS	ORI	5	433	0.011547344110854504
138	B	H	AUS	ORI	2	438	0.0045662100456621002
139	B	H	AUS	ORI	6	433	0.013856812933025405
140	B	H	AUS	ORI	6	433	0.013856812933025405
141	B	H	AUS	ORI	5	427	0.011709601873536301
142	B	H	AUS	ORI	3	425	0.007058823529411765
143	B	H	AUS	ORI	6	430	0.013953488372093023
144	B	H	AUS	ORI	3	434	0.0069124423963133645
145	B	H	AUS	ORI	5	446	0.011210762331838564
146	B	H	AUS	ORI	6	439	0.01366742596810934
147	B	H	AUS	ORI	5	433	0.011547344110854504
148	B	H	AUS	ORI	2	437	0.0045766590389016018
149	B	H	AUS	ORI	6	425	0.01411764705882353
150	B	H	AUS	ORI	3	440	0.0068181818181818179
151	B	H	AUS	ORI	6	445	0.013483146067415731
152	B	H	AUS	ORI	5	435	0.011494252873563218
153	B	H	AUS	ORI	4	438	0.0091324200913242004
154	B	H	AUS	ORI	4	445	0.008988764044943821
155	B	H	AUS	ORI	3	432	0.0069444444444444441
156	B	H	AUS	ORI	6	429	0.013986013986013986
157	B	H	AUS	ORI	5	432	0.011574074074074073
158	B	H	AUS	ORI	3	435	0.0068965517241379309
159	B	H	AUS	ORI	5	441	0.011337868480725623
160	B	H	AUS	ORI	5	439	0.011389521640091117
161	B	H	AUS	ORI	6	438	0.013698630136986301
162	B	H	AUS	ORI	3	436	0.0068807339449541288
163	B	H	AUS	ORI	4	434	0.0092165898617511521
164	B	H	AUS	ORI	3	437	0.0068649885583524023
165	B	H	AUS	ORI	5	428	0.011682242990654205
166	B	H	AUS	ORI	4	436	0.0091743119266055051
167	B	H	AUS	ORI	5	433	0.011547344110854504
168	B	H	AUS	ORI	3	435	0.0068965517241379309
169	B	H	AUS	ORI	3	434	0.0069124423963133645
170	B	H	AUS	ORI	7	432	0.016203703703703703
171	B	H	AUS	ORI	4	434	0.0092165898617511521
172	B	H	AUS	ORI	3	444	0.0067567567567567571
173	B	H	AUS	ORI	2	440	0.0045454545454545452
174	B	H	AUS	ORI	4	435	0.0091954022988505746
175	B	H	AUS	ORI	4	429	0.009324009324009324
176	B	H	AUS	ORI	5	437	0.011441647597254004
177	B	H	AUS	ORI	3	434	0.0069124423963133645
178	B	H	AUS	ORI	5	442	0.011312217194570135
179	B	H	AUS	ORI	4	447	0.008948545861297539
180	B	H	AUS	ORI	4	442	0.0090497737556561094
181	B	H	AUS	ORI	4	435	0.0091954022988505746
182	B	H	AUS	ORI	2	441	0.0045351473922902496
183	B	H	AUS	ORI	6	437	0.013729977116704805
184	B	H	AUS	ORI	2	436	0.0045871559633027525
185	B	H	AUS	ORI	4	434	0.0092165898617511521
186	B	H	AUS	ORI	6	437	0.013729977116704805
187	B	H	AUS	ORI	4	433	0.0092378752886836026
188	B	H	AUS	ORI	4	430	0.0093023255813953487
189	B	H	AUS	ORI	5	443	0.011286681715575621
190	B	H	AUS	ORI	6	434	0.013824884792626729
191	B	H	AUS	ORI	2	429	0.004662004662004662
192	B	H	AUS	ORI	5	430	0.011627906976744186
193	B	H	AUS	ORI	4	431	0.0092807424593967514
194	B	H	AUS	ORI	2	423	0.0047281323877068557
195	B	H	AUS	ORI	4	433	0.0092378752886836026
196	B	H	AUS	ORI	3	436	0.0068807339449541288
197	B	H	AUS	ORI	5	444	0.011261261261261261
198	B	H	AUS	ORI	6	446	0.013452914798206279
199	B	H	AUS	ORI	5	434	0.011520737327188941
200	B	H	AUS	ORI	4	431	0.0092807424593967514
201	B	H	AUS	ORI	2	435	0.0045977011494252873
202	B	H	AUS	ORI	3	427	0.0070257611241217799
203	B	H	AUS	ORI	4	433	0.0092378752886836026
204	B	H	AUS	ORI	4	437	0.0091533180778032037
205	B	H	AUS	ORI	5	431	0.011600928074245939
206	B	H	AUS	ORI	5	435	0.011494252873563218
207	B	H	AUS	ORI	6	442	0.013574660633484163
208	B	H	AUS	ORI	6	434	0.013824884792626729
209	B	H	AUS	ORI	3	438	0.0068493150684931503
210	B	H	AUS	ORI	5	434	0.011520737327188941
211	B	H	AUS	ORI	4	440	0.0090909090909090905
212	B	H	AUS	ORI	5	447	0.011185682326621925
213	B	H	AUS	ORI	6	436	0.013761467889908258
214	B	H	AUS	ORI	6	428	0.014018691588785047
215	B	H	AUS	ORI	4	448	0.0089285714285714281
216	B	H	AUS	ORI	3	442	0.0067873303167420816
217	B	H	AUS	ORI	5	433	0.011547344110854504
218	B	H	AUS	ORI	6	431	0.013921113689095127
219	B	H	AUS	ORI	5	434	0.011520737327188941
220	B	H	AUS	ORI	5	445	0.011235955056179775
221	B	H	AUS	ORI	4	422	0.0094786729857819912
222	B	H	AUS	ORI	3	425	0.007058823529411765
223	B	H	AUS	ORI	5	431	0.011600928074245939
224	B	H	AUS	ORI	5	432	0.011574074074074073
225	B	H	AUS	ORI	5	431	0.011600928074245939
226	B	H	AUS	ORI	6	430	0.013953488372093023
227	B	H	AUS	ORI	6	441	0.013605442176870748
228	B	H	AUS	ORI	3	444	0.0067567567567567571
229	B	H	AUS	ORI	4	446	0.0089686098654708519
230	B	H	AUS	ORI	4	439	0.0091116173120728925
231	B	H	AUS	ORI	5	435	0.011494252873563218
232	B	H	AUS	ORI	4	434	0.0092165898617511521
233	B	H	AUS	ORI	4	437	0.0091533180778032037
234	B	H	AUS	ORI	1	435	0.0022988505747126436
235	B	H	AUS	ORI	5	434	0.011520737327188941
236	B	H	AUS	ORI	6	431	0.013921113689095127
237	B	H	AUS	ORI	4	447	0.008948545861297539
238	B	H	AUS	ORI	5	438	0.011415525114155251
239	B	H	AUS	ORI	5	427	0.011709601873536301
240	B	H	AUS	ORI	5	437	0.011441647597254004
241	B	H	AUS	ORI	5	431	0.011600928074245939
242	B	H	AUS	ORI	6	441	0.013605442176870748
243	B	H	AUS	ORI	5	440	0.011363636363636364
244	B	H	AUS	ORI	5	438	0.011415525114155251
245	B	H	AUS	ORI	3	435	0.0068965517241379309
246	B	H	AUS	ORI	3	441	0.0068027210884353739
247	B	H	AUS	ORI	2	433	0.0046189376443418013
248	B	H	AUS	ORI	3	435	0.0068965517241379309
249	B	H	AUS	ORI	6	445	0.013483146067415731
250	B	H	AUS	ORI	5	431	0.011600928074245939
251	B	H	AUS	ORI	2	444	0.0045045045045045045
252	B	H	AUS	ORI	4	439	0.0091116173120728925
253	B	H	AUS	ORI	4	431	0.0092807424593967514
254	B	H	AUS	ORI	5	428	0.011682242990654205
255	B	H	AUS	ORI	5	436	0.011467889908256881
256	B	H	AUS	ORI	7	431	0.016241299303944315
257	B	H	AUS	ORI	3	436	0.0068807339449541288
258	B	H	AUS	ORI	5	440	0.011363636363636364
259	B	H	AUS	ORI	5	436	0.011467889908256881
260	B	H	AUS	ORI	4	431	0.0092807424593967514
261	B	H	AUS	ORI	7	445	0.015730337078651686
262	B	H	AUS	ORI	5	435	0.011494252873563218
263	B	H	AUS	ORI	4	430	0.0093023255813953487
264	B	H	AUS	ORI	5	438	0.011415525114155251
265	B	H	AUS	ORI	5	434	0.011520737327188941
266	B	H	AUS	ORI	5	429	0.011655011655011656
267	B	H	AUS	ORI	5	437	0.011441647597254004
268	B	H	AUS	ORI	4	431	0.0092807424593967514
269	B	H	AUS	ORI	5	433	0.011547344110854504
270	B	H	AUS	ORI	3	430	0.0069767441860465115
271	B	H	AUS	ORI	5	428	0.011682242990654205
272	B	H	AUS	ORI	5	433	0.011547344110854504
273	B	H	AUS	ORI	4	438	0.0091324200913242004
274	B	H	AUS	ORI	3	435	0.0068965517241379309
275	B	H	AUS	ORI	5	443	0.011286681715575621
276	B	H	AUS	ORI	4	425	0.0094117647058823521
277	B	H	AUS	ORI	6	433	0.013856812933025405
278	B	H	AUS	ORI	5	439	0.011389521640091117
279	B	H	AUS	ORI	5	434	0.011520737327188941
280	B	H	AUS	ORI	4	434	0.0092165898617511521
281	B	H	AUS	ORI	5	446	0.011210762331838564
282	B	H	AUS	ORI	4	440	0.0090909090909090905
283	B	H	AUS	ORI	3	430	0.0069767441860465115
284	B	H	AUS	ORI	4	437	0.0091533180778032037
285	B	H	AUS	ORI	5	430	0.011627906976744186
286	B	H	AUS	ORI	4	425	0.0094117647058823521
287	B	H	AUS	ORI	4	430	0.0093023255813953487
288	B	H	AUS	ORI	6	444	0.013513513513513514
289	B	H	AUS	ORI	4	435	0.0091954022988505746
290	B	H	AUS	ORI	4	426	0.0093896713615023476
291	B	H	AUS	ORI	8	434	0.018433179723502304
292	B	H	AUS	ORI	5	427	0.011709601873536301
293	B	H	AUS	ORI	3	437	0.0068649885583524023
294	B	H	AUS	ORI	6	437	0.013729977116704805
295	B	H	AUS	ORI	4	436	0.0091743119266055051
296	B	H	AUS	ORI	3	432	0.0069444444444444441
297	B	H	AUS	ORI	6	441	0.013605442176870748
298	B	H	AUS	ORI	5	437	0.011441647597254004
299	B	H	AUS	ORI	6	431	0.013921113689095127
300	B	H	AUS	ORI	3	435	0.0068965517241379309
1	C	H	CAM	ORI	0	433	0
2	C	H	CAM	ORI	0	440	0
3	C	H	CAM	ORI	0	440	0
4	C	H	CAM	ORI	0	434	0
5	C	H	CAM	ORI	0	436	0
6	C	H	CAM	ORI	0	437	0
7	C	H	CAM	ORI	0	432	0
8	C	H	CAM	ORI	0	442	0
9	C	H	CAM	ORI	0	431	0
10	C	H	CAM	ORI	0	433	0
11	C	H	CAM	ORI	0	437	0
12	C	H	CAM	ORI	0	436	0
13	C	H	CAM	ORI	0	444	0
14	C	H	CAM	ORI	0	442	0
15	C	H	CAM	ORI	0	427	0
16	C	H	CAM	ORI	0	444	0
17	C	H	CAM	ORI	0	438	0
18	C	H	CAM	ORI	0	440	0
19	C	H	CAM	ORI	0	429	0
20	C	H	CAM	ORI	0	430	0
21	C	H	CAM	ORI	0	429	0
22	C	H	CAM	ORI	0	435	0
23	C	H	CAM	ORI	0	430	0
24	C	H	CAM	ORI	0	443	0
25	C	H	CAM	ORI	0	434	0
26	C	H	CAM	ORI	0	438	0
27	C	H	CAM	ORI	0	436	0
28	C	H	CAM	ORI	0	438	0
29	C	H	CAM	ORI	0	436	0
30	C	H	CAM	ORI	0	439	0
31	C	H	CAM	ORI	0	438	0
32	C	H	CAM	ORI	0	439	0
33	C	H	CAM	ORI	0	436	0
34	C	H	CAM	ORI	0	438	0
35	C	H	CAM	ORI	0	438	0
36	C	H	CAM	ORI	0	440	0
37	C	H	CAM	ORI	0	442	0
38	C	H	CAM	ORI	0	437	0
39	C	H	CAM	ORI	0	434	0
40	C	H	CAM	ORI	0	442	0
41	C	H	CAM	ORI	0	444	0
42	C	H	CAM	ORI	0	427	0
43	C	H	CAM	ORI	0	434	0
44	C	H	CAM	ORI	0	430	0
45	C	H	CAM	ORI	0	431	0
46	C	H	CAM	ORI	0	429	0
47	C	H	CAM	ORI	0	444	0
48	C	H	CAM	ORI	0	441	0
49	C	H	CAM	ORI	0	431	0
50	C	H	CAM	ORI	0	424	0
51	C	H	CAM	ORI	0	428	0
52	C	H	CAM	ORI	0	428	0
53	C	H	CAM	ORI	0	444	0
54	C	H	CAM	ORI	0	439	0
55	C	H	CAM	ORI	0	435	0
56	C	H	CAM	ORI	0	437	0
57	C	H	CAM	ORI	0	433	0
58	C	H	CAM	ORI	0	441	0
59	C	H	CAM	ORI	0	424	0
60	C	H	CAM	ORI	0	440	0
61	C	H	CAM	ORI	0	436	0
62	C	H	CAM	ORI	0	422	0
63	C	H	CAM	ORI	0	433	0
64	C	H	CAM	ORI	0	433	0
65	C	H	CAM	ORI	0	432	0
66	C	H	CAM	ORI	0	445	0
67	C	H	CAM	ORI	0	430	0
68	C	H	CAM	ORI	0	438	0
69	C	H	CAM	ORI	0	438	0
70	C	H	CAM	ORI	0	439	0
71	C	H	CAM	ORI	0	432	0
72	C	H	CAM	ORI	0	436	0
73	C	H	CAM	ORI	0	435	0
74	C	H	CAM	ORI	0	436	0
75	C	H	CAM	ORI	0	452	0
76	C	H	CAM	ORI	0	441	0
77	C	H	CAM	ORI	0	441	0
78	C	H	CAM	ORI	0	435	0
79	C	H	CAM	ORI	0	425	0
80	C	H	CAM	ORI	0	440	0
81	C	H	CAM	ORI	0	436	0
82	C	H	CAM	ORI	0	435	0
83	C	H	CAM	ORI	0	426	0
84	C	H	CAM	ORI	0	447	0
85	C	H	CAM	ORI	0	434	0
86	C	H	CAM	ORI	0	431	0
87	C	H	CAM	ORI	0	432	0
88	C	H	CAM	ORI	0	445	0
89	C	H	CAM	ORI	0	432	0
90	C	H	CAM	ORI	0	431	0
91	C	H	CAM	ORI	0	436	0
92	C	H	CAM	ORI	0	442	0
93	C	H	CAM	ORI	0	426	0
94	C	H	CAM	ORI	0	426	0
95	C	H	CAM	ORI	0	431	0
96	C	H	CAM	ORI	0	439	0
97	C	H	CAM	ORI	0	436	0
98	C	H	CAM	ORI	0	433	0
99	C	H	CAM	ORI	0	434	0
100	C	H	CAM	ORI	0	439	0
101	C	H	CAM	ORI	0	435	0
102	C	H	CAM	ORI	0	448	0
103	C	H	CAM	ORI	0	438	0
104	C	H	CAM	ORI	0	431	0
105	C	H	CAM	ORI	0	435	0
106	C	H	CAM	ORI	0	435	0
107	C	H	CAM	ORI	0	443	0
108	C	H	CAM	ORI	0	426	0
109	C	H	CAM	ORI	0	444	0
110	C	H	CAM	ORI	0	427	0
111	C	H	CAM	ORI	0	447	0
112	C	H	CAM	ORI	0	436	0
113	C	H	CAM	ORI	0	432	0
114	C	H	CAM	ORI	0	442	0
115	C	H	CAM	ORI	0	435	0
116	C	H	CAM	ORI	0	445	0
117	C	H	CAM	ORI	0	441	0
118	C	H	CAM	ORI	0	436	0
119	C	H	CAM	ORI	0	439	0
120	C	H	CAM	ORI	0	451	0
121	C	H	CAM	ORI	0	443	0
122	C	H	CAM	ORI	0	432	0
123	C	H	CAM	ORI	0	442	0
124	C	H	CAM	ORI	0	437	0
125	C	H	CAM	ORI	0	433	0
126	C	H	CAM	ORI	0	438	0
127	C	H	CAM	ORI	0	436	0
128	C	H	CAM	ORI	0	436	0
129	C	H	CAM	ORI	0	435	0
130	C	H	CAM	ORI	0	433	0
131	C	H	CAM	ORI	0	446	0
132	C	H	CAM	ORI	0	442	0
133	C	H	CAM	ORI	0	441	0
134	C	H	CAM	ORI	0	444	0
135	C	H	CAM	ORI	0	433	0
136	C	H	CAM	ORI	0	432	0
137	C	H	CAM	ORI	0	433	0
138	C	H	CAM	ORI	0	438	0
139	C	H	CAM	ORI	0	433	0
140	C	H	CAM	ORI	0	433	0
141	C	H	CAM	ORI	0	427	0
142	C	H	CAM	ORI	0	425	0
143	C	H	CAM	ORI	0	430	0
144	C	H	CAM	ORI	0	434	0
145	C	H	CAM	ORI	0	446	0
146	C	H	CAM	ORI	0	439	0
147	C	H	CAM	ORI	0	433	0
148	C	H	CAM	ORI	0	437	0
149	C	H	CAM	ORI	0	425	0
150	C	H	CAM	ORI	0	440	0
151	C	H	CAM	ORI	0	445	0
152	C	H	CAM	ORI	0	435	0
153	C	H	CAM	ORI	0	438	0
154	C	H	CAM	ORI	0	445	0
155	C	H	CAM	ORI	0	432	0
156	C	H	CAM	ORI	0	429	0
157	C	H	CAM	ORI	0	432	0
158	C	H	CAM	ORI	0	435	0
159	C	H	CAM	ORI	0	441	0
160	C	H	CAM	ORI	0	439	0
161	C	H	CAM	ORI	0	438	0
162	C	H	CAM	ORI	0	436	0
163	C	H	CAM	ORI	0	434	0
164	C	H	CAM	ORI	0	437	0
165	C	H	CAM	ORI	0	428	0
166	C	H	CAM	ORI	0	436	0
167	C	H	CAM	ORI	0	433	0
168	C	H	CAM	ORI	0	435	0
169	C	H	CAM	ORI	0	434	0
170	C	H	CAM	ORI	0	432	0
171	C	H	CAM	ORI	0	434	0
172	C	H	CAM	ORI	0	444	0
173	C	H	CAM	ORI	0	440	0
174	C	H	CAM	ORI	0	435	0
175	C	H	CAM	ORI	0	429	0
176	C	H	CAM	ORI	0	437	0
177	C	H	CAM	ORI	0	434	0
178	C	H	CAM	ORI	0	442	0
179	C	H	CAM	ORI	0	447	0
180	C	H	CAM	ORI	0	442	0
181	C	H	CAM	ORI	0	435	0
182	C	H	CAM	ORI	0	441	0
183	C	H	CAM	ORI	0	437	0
184	C	H	CAM	ORI	0	436	0
185	C	H	CAM	ORI	0	434	0
186	C	H	CAM	ORI	0	437	0
187	C	H	CAM	ORI	0	433	0
188	C	H	CAM	ORI	0	430	0
189	C	H	CAM	ORI	0	443	0
190	C	H	CAM	ORI	0	434	0
191	C	H	CAM	ORI	0	429	0
192	C	H	CAM	ORI	0	430	0
193	C	H	CAM	ORI	0	431	0
194	C	H	CAM	ORI	0	423	0
195	C	H	CAM	ORI	0	433	0
196	C	H	CAM	ORI	0	436	0
197	C	H	CAM	ORI	0	444	0
198	C	H	CAM	ORI	0	446	0
199	C	H	CAM	ORI	0	434	0
200	C	H	CAM	ORI	0	431	0
201	C	H	CAM	ORI	0	435	0
202	C	H	CAM	ORI	0	427	0
203	C	H	CAM	ORI	0	433	0
204	C	H	CAM	ORI	0	437	0
205	C	H	CAM	ORI	0	431	0
206	C	H	CAM	ORI	0	435	0
207	C	H	CAM	ORI	0	442	0
208	C	H	CAM	ORI	0	434	0
209	C	H	CAM	ORI	0	438	0
210	C	H	CAM	ORI	0	434	0
211	C	H	CAM	ORI	0	440	0
212	C	H	CAM	ORI	0	447	0
213	C	H	CAM	ORI	0	436	0
214	C	H	CAM	ORI	0	428	0
215	C	H	CAM	ORI	0	448	0
216	C	H	CAM	ORI	0	442	0
217	C	H	CAM	ORI	0	433	0
218	C	H	CAM	ORI	0	431	0
219	C	H	CAM	ORI	0	434	0
220	C	H	CAM	ORI	0	445	0
221	C	H	CAM	ORI	0	422	0
222	C	H	CAM	ORI	0	425	0
223	C	H	CAM	ORI	0	431	0
224	C	H	CAM	ORI	0	432	0
225	C	H	CAM	ORI	0	431	0
226	C	H	CAM	ORI	0	430	0
227	C	H	CAM	ORI	0	441	0
228	C	H	CAM	ORI	0	444	0
229	C	H	CAM	ORI	0	446	0
230	C	H	CAM	ORI	0	439	0
231	C	H	CAM	ORI	0	435	0
232	C	H	CAM	ORI	0	434	0
233	C	H	CAM	ORI	0	437	0
234	C	H	CAM	ORI	0	435	0
235	C	H	CAM	ORI	0	434	0
236	C	H	CAM	ORI	0	431	0
237	C	H	CAM	ORI	0	447	0
238	C	H	CAM	ORI	0	438	0
239	C	H	CAM	ORI	0	427	0
240	C	H	CAM	ORI	0	437	0
241	C	H	CAM	ORI	0	431	0
242	C	H	CAM	ORI	0	441	0
243	C	H	CAM	ORI	0	440	0
244	C	H	CAM	ORI	0	438	0
245	C	H	CAM	ORI	0	435	0
246	C	H	CAM	ORI	0	441	0
247	C	H	CAM	ORI	0	433	0
248	C	H	CAM	ORI	0	435	0
249	C	H	CAM	ORI	0	445	0
250	C	H	CAM	ORI	0	431	0
251	C	H	CAM	ORI	0	444	0
252	C	H	CAM	ORI	0	439	0
253	C	H	CAM	ORI	0	431	0
254	C	H	CAM	ORI	0	428	0
255	C	H	CAM	ORI	0	436	0
256	C	H	CAM	ORI	0	431	0
257	C	H	CAM	ORI	0	436	0
258	C	H	CAM	ORI	0	440	0
259	C	H	CAM	ORI	0	436	0
260	C	H	CAM	ORI	0	431	0
261	C	H	CAM	ORI	0	445	0
262	C	H	CAM	ORI	0	435	0
263	C	H	CAM	ORI	0	430	0
264	C	H	CAM	ORI	0	438	0
265	C	H	CAM	ORI	0	434	0
266	C	H	CAM	ORI	0	429	0
267	C	H	CAM	ORI	0	437	0
268	C	H	CAM	ORI	0	431	0
269	C	H	CAM	ORI	0	433	0
270	C	H	CAM	ORI	0	430	0
271	C	H	CAM	ORI	0	428	0
272	C	H	CAM	ORI	0	433	0
273	C	H	CAM	ORI	0	438	0
274	C	H	CAM	ORI	0	435	0
275	C	H	CAM	ORI	0	443	0
276	C	H	CAM	ORI	0	425	0
277	C	H	CAM	ORI	0	433	0
278	C	H	CAM	ORI	0	439	0
279	C	H	CAM	ORI	0	434	0
280	C	H	CAM	ORI	0	434	0
281	C	H	CAM	ORI	0	446	0
282	C	H	CAM	ORI	0	440	0
283	C	H	CAM	ORI	0	430	0
284	C	H	CAM	ORI	0	437	0
285	C	H	CAM	ORI	0	430	0
286	C	H	CAM	ORI	0	425	0
287	C	H	CAM	ORI	0	430	0
288	C	H	CAM	ORI	0	444	0
289	C	H	CAM	ORI	0	435	0
290	C	H	CAM	ORI	0	426	0
291	C	H	CAM	ORI	0	434	0
292	C	H	CAM	ORI	0	427	0
293	C	H	CAM	ORI	0	437	0
294	C	H	CAM	ORI	0	437	0
295	C	H	CAM	ORI	0	436	0
296	C	H	CAM	ORI	0	432	0
297	C	H	CAM	ORI	0	441	0
298	C	H	CAM	ORI	0	437	0
299	C	H	CAM	ORI	0	431	0
300	C	H	CAM	ORI	0	435	0
1	D	H	ENA	ORI	0	433	0
2	D	H	ENA	ORI	0	440	0
3	D	H	ENA	ORI	0	440	0
4	D	H	ENA	ORI	0	434	0
5	D	H	ENA	ORI	0	436	0
6	D	H	ENA	ORI	0	437	0
7	D	H	ENA	ORI	0	432	0
8	D	H	ENA	ORI	0	442	0
9	D	H	ENA	ORI	0	431	0
10	D	H	ENA	ORI	0	433	0
11	D	H	ENA	ORI	0	437	0
12	D	H	ENA	ORI	0	436	0
13	D	H	ENA	ORI	0	444	0
14	D	H	ENA	ORI	0	442	0
15	D	H	ENA	ORI	0	427	0
16	D	H	ENA	ORI	0	444	0
17	D	H	ENA	ORI	0	438	0
18	D	H	ENA	ORI	0	440	0
19	D	H	ENA	ORI	0	429	0
20	D	H	ENA	ORI	0	430	0
21	D	H	ENA	ORI	0	429	0
22	D	H	ENA	ORI	0	435	0
23	D	H	ENA	ORI	0	430	0
24	D	H	ENA	ORI	0	443	0
25	D	H	ENA	ORI	0	434	0
26	D	H	ENA	ORI	0	438	0
27	D	H	ENA	ORI	0	436	0
28	D	H	ENA	ORI	0	438	0
29	D	H	ENA	ORI	0	436	0
30	D	H	ENA	ORI	0	439	0
31	D	H	ENA	ORI	0	438	0
32	D	H	ENA	ORI	0	439	0
33	D	H	ENA	ORI	0	436	0
34	D	H	ENA	ORI	0	438	0
35	D	H	ENA	ORI	0	438	0
36	D	H	ENA	ORI	0	440	0
37	D	H	ENA	ORI	0	442	0
38	D	H	ENA	ORI	0	437	0
39	D	H	ENA	ORI	0	434	0
40	D	H	ENA	ORI	0	442	0
41	D	H	ENA	ORI	0	444	0
42	D	H	ENA	ORI	0	427	0
43	D	H	ENA	ORI	0	434	0
44	D	H	ENA	ORI	0	430	0
45	D	H	ENA	ORI	0	431	0
46	D	H	ENA	ORI	0	429	0
47	D	H	ENA	ORI	0	444	0
48	D	H	ENA	ORI	0	441	0
49	D	H	ENA	ORI	0	431	0
50	D	H	ENA	ORI	0	424	0
51	D	H	ENA	ORI	0	428	0
52	D	H	ENA	ORI	0	428	0
53	D	H	ENA	ORI	0	444	0
54	D	H	ENA	ORI	0	439	0
55	D	H	ENA	ORI	0	435	0
56	D	H	ENA	ORI	0	437	0
57	D	H	ENA	ORI	0	433	0
58	D	H	ENA	ORI	0	441	0
59	D	H	ENA	ORI	0	424	0
60	D	H	ENA	ORI	0	440	0
61	D	H	ENA	ORI	0	436	0
62	D	H	ENA	ORI	0	422	0
63	D	H	ENA	ORI	0	433	0
64	D	H	ENA	ORI	0	433	0
65	D	H	ENA	ORI	0	432	0
66	D	H	ENA	ORI	0	445	0
67	D	H	ENA	ORI	0	430	0
68	D	H	ENA	ORI	0	438	0
69	D	H	ENA	ORI	0	438	0
70	D	H	ENA	ORI	0	439	0
71	D	H	ENA	ORI	0	432	0
72	D	H	ENA	ORI	0	436	0
73	D	H	ENA	ORI	0	435	0
74	D	H	ENA	ORI	0	436	0
75	D	H	ENA	ORI	0	452	0
76	D	H	ENA	ORI	0	441	0
77	D	H	ENA	ORI	0	441	0
78	D	H	ENA	ORI	0	435	0
79	D	H	ENA	ORI	0	425	0
80	D	H	ENA	ORI	0	440	0
81	D	H	ENA	ORI	0	436	0
82	D	H	ENA	ORI	0	435	0
83	D	H	ENA	ORI	0	426	0
84	D	H	ENA	ORI	0	447	0
85	D	H	ENA	ORI	0	434	0
86	D	H	ENA	ORI	0	431	0
87	D	H	ENA	ORI	0	432	0
88	D	H	ENA	ORI	0	445	0
89	D	H	ENA	ORI	0	432	0
90	D	H	ENA	ORI	0	431	0
91	D	H	ENA	ORI	0	436	0
92	D	H	ENA	ORI	0	442	0
93	D	H	ENA	ORI	0	426	0
94	D	H	ENA	ORI	0	426	0
95	D	H	ENA	ORI	0	431	0
96	D	H	ENA	ORI	0	439	0
97	D	H	ENA	ORI	0	436	0
98	D	H	ENA	ORI	0	433	0
99	D	H	ENA	ORI	0	434	0
100	D	H	ENA	ORI	0	439	0
101	D	H	ENA	ORI	0	435	0
102	D	H	ENA	ORI	0	448	0
103	D	H	ENA	ORI	0	438	0
104	D	H	ENA	ORI	0	431	0
105	D	H	ENA	ORI	0	435	0
106	D	H	ENA	ORI	0	435	0
107	D	H	ENA	ORI	0	443	0
108	D	H	ENA	ORI	0	426	0
109	D	H	ENA	ORI	0	444	0
110	D	H	ENA	ORI	0	427	0
111	D	H	ENA	ORI	0	447	0
112	D	H	ENA	ORI	0	436	0
113	D	H	ENA	ORI	0	432	0
114	D	H	ENA	ORI	0	442	0
115	D	H	ENA	ORI	0	435	0
116	D	H	ENA	ORI	0	445	0
117	D	H	ENA	ORI	0	441	0
118	D	H	ENA	ORI	0	436	0
119	D	H	ENA	ORI	0	439	0
120	D	H	ENA	ORI	0	451	0
121	D	H	ENA	ORI	0	443	0
122	D	H	ENA	ORI	0	432	0
123	D	H	ENA	ORI	0	442	0
124	D	H	ENA	ORI	0	437	0
125	D	H	ENA	ORI	0	433	0
126	D	H	ENA	ORI	0	438	0
127	D	H	ENA	ORI	0	436	0
128	D	H	ENA	ORI	0	436	0
129	D	H	ENA	ORI	0	435	0
130	D	H	ENA	ORI	0	433	0
131	D	H	ENA	ORI	0	446	0
132	D	H	ENA	ORI	0	442	0
133	D	H	ENA	ORI	0	441	0
134	D	H	ENA	ORI	0	444	0
135	D	H	ENA	ORI	0	433	0
136	D	H	ENA	ORI	0	432	0
137	D	H	ENA	ORI	0	433	0
138	D	H	ENA	ORI	0	438	0
139	D	H	ENA	ORI	0	433	0
140	D	H	ENA	ORI	0	433	0
141	D	H	ENA	ORI	0	427	0
142	D	H	ENA	ORI	0	425	0
143	D	H	ENA	ORI	0	430	0
144	D	H	ENA	ORI	0	434	0
145	D	H	ENA	ORI	0	446	0
146	D	H	ENA	ORI	0	439	0
147	D	H	ENA	ORI	0	433	0
148	D	H	ENA	ORI	0	437	0
149	D	H	ENA	ORI	0	425	0
150	D	H	ENA	ORI	0	440	0
151	D	H	ENA	ORI	0	445	0
152	D	H	ENA	ORI	0	435	0
153	D	H	ENA	ORI	0	438	0
154	D	H	ENA	ORI	0	445	0
155	D	H	ENA	ORI	0	432	0
156	D	H	ENA	ORI	0	429	0
157	D	H	ENA	ORI	0	432	0
158	D	H	ENA	ORI	0	435	0
159	D	H	ENA	ORI	0	441	0
160	D	H	ENA	ORI	0	439	0
161	D	H	ENA	ORI	0	438	0
162	D	H	ENA	ORI	0	436	0
163	D	H	ENA	ORI	0	434	0
164	D	H	ENA	ORI	0	437	0
165	D	H	ENA	ORI	0	428	0
166	D	H	ENA	ORI	0	436	0
167	D	H	ENA	ORI	0	433	0
168	D	H	ENA	ORI	0	435	0
169	D	H	ENA	ORI	0	434	0
170	D	H	ENA	ORI	0	432	0
171	D	H	ENA	ORI	0	434	0
172	D	H	ENA	ORI	0	444	0
173	D	H	ENA	ORI	0	440	0
174	D	H	ENA	ORI	0	435	0
175	D	H	ENA	ORI	0	429	0
176	D	H	ENA	ORI	0	437	0
177	D	H	ENA	ORI	0	434	0
178	D	H	ENA	ORI	0	442	0
179	D	H	ENA	ORI	0	447	0
180	D	H	ENA	ORI	0	442	0
181	D	H	ENA	ORI	0	435	0
182	D	H	ENA	ORI	0	441	0
183	D	H	ENA	ORI	0	437	0
184	D	H	ENA	ORI	0	436	0
185	D	H	ENA	ORI	0	434	0
186	D	H	ENA	ORI	0	437	0
187	D	H	ENA	ORI	0	433	0
188	D	H	ENA	ORI	0	430	0
189	D	H	ENA	ORI	0	443	0
190	D	H	ENA	ORI	0	434	0
191	D	H	ENA	ORI	0	429	0
192	D	H	ENA	ORI	0	430	0
193	D	H	ENA	ORI	0	431	0
194	D	H	ENA	ORI	0	423	0
195	D	H	ENA	ORI	0	433	0
196	D	H	ENA	ORI	0	436	0
197	D	H	ENA	ORI	0	444	0
198	D	H	ENA	ORI	0	446	0
199	D	H	ENA	ORI	0	434	0
200	D	H	ENA	ORI	0	431	0
201	D	H	ENA	ORI	0	435	0
202	D	H	ENA	ORI	0	427	0
203	D	H	ENA	ORI	0	433	0
204	D	H	ENA	ORI	0	437	0
205	D	H	ENA	ORI	0	431	0
206	D	H	ENA	ORI	0	435	0
207	D	H	ENA	ORI	0	442	0
208	D	H	ENA	ORI	0	434	0
209	D	H	ENA	ORI	0	438	0
210	D	H	ENA	ORI	0	434	0
211	D	H	ENA	ORI	0	440	0
212	D	H	ENA	ORI	0	447	0
213	D	H	ENA	ORI	0	436	0
214	D	H	ENA	ORI	0	428	0
215	D	H	ENA	ORI	0	448	0
216	D	H	ENA	ORI	0	442	0
217	D	H	ENA	ORI	0	433	0
218	D	H	ENA	ORI	0	431	0
219	D	H	ENA	ORI	0	434	0
220	D	H	ENA	ORI	0	445	0
221	D	H	ENA	ORI	0	422	0
222	D	H	ENA	ORI	0	425	0
223	D	H	ENA	ORI	0	431	0
224	D	H	ENA	ORI	0	432	0
225	D	H	ENA	ORI	0	431	0
226	D	H	ENA	ORI	0	430	0
227	D	H	ENA	ORI	0	441	0
228	D	H	ENA	ORI	0	444	0
229	D	H	ENA	ORI	0	446	0
230	D	H	ENA	ORI	0	439	0
231	D	H	ENA	ORI	0	435	0
232	D	H	ENA	ORI	0	434	0
233	D	H	ENA	ORI	0	437	0
234	D	H	ENA	ORI	0	435	0
235	D	H	ENA	ORI	0	434	0
236	D	H	ENA	ORI	0	431	0
237	D	H	ENA	ORI	0	447	0
238	D	H	ENA	ORI	0	438	0
239	D	H	ENA	ORI	0	427	0
240	D	H	ENA	ORI	0	437	0
241	D	H	ENA	ORI	0	431	0
242	D	H	ENA	ORI	0	441	0
243	D	H	ENA	ORI	0	440	0
244	D	H	ENA	ORI	0	438	0
245	D	H	ENA	ORI	0	435	0
246	D	H	ENA	ORI	0	441	0
247	D	H	ENA	ORI	0	433	0
248	D	H	ENA	ORI	0	435	0
249	D	H	ENA	ORI	0	445	0
250	D	H	ENA	ORI	0	431	0
251	D	H	ENA	ORI	0	444	0
252	D	H	ENA	ORI	0	439	0
253	D	H	ENA	ORI	0	431	0
254	D	H	ENA	ORI	0	428	0
255	D	H	ENA	ORI	0	436	0
256	D	H	ENA	ORI	0	431	0
257	D	H	ENA	ORI	0	436	0
258	D	H	ENA	ORI	0	440	0
259	D	H	ENA	ORI	0	436	0
260	D	H	ENA	ORI	0	431	0
261	D	H	ENA	ORI	0	445	0
262	D	H	ENA	ORI	0	435	0
263	D	H	ENA	ORI	0	430	0
264	D	H	ENA	ORI	0	438	0
265	D	H	ENA	ORI	0	434	0
266	D	H	ENA	ORI	0	429	0
267	D	H	ENA	ORI	0	437	0
268	D	H	ENA	ORI	0	431	0
269	D	H	ENA	ORI	0	433	0
270	D	H	ENA	ORI	0	430	0
271	D	H	ENA	ORI	0	428	0
272	D	H	ENA	ORI	0	433	0
273	D	H	ENA	ORI	0	438	0
274	D	H	ENA	ORI	0	435	0
275	D	H	ENA	ORI	0	443	0
276	D	H	ENA	ORI	0	425	0
277	D	H	ENA	ORI	0	433	0
278	D	H	ENA	ORI	0	439	0
279	D	H	ENA	ORI	0	434	0
280	D	H	ENA	ORI	0	434	0
281	D	H	ENA	ORI	0	446	0
282	D	H	ENA	ORI	0	440	0
283	D	H	ENA	ORI	0	430	0
284	D	H	ENA	ORI	0	437	0
285	D	H	ENA	ORI	0	430	0
286	D	H	ENA	ORI	0	425	0
287	D	H	ENA	ORI	0	430	0
288	D	H	ENA	ORI	0	444	0
289	D	H	ENA	ORI	0	435	0
290	D	H	ENA	ORI	0	426	0
291	D	H	ENA	ORI	0	434	0
292	D	H	ENA	ORI	0	427	0
293	D	H	ENA	ORI	0	437	0
294	D	H	ENA	ORI	0	437	0
295	D	H	ENA	ORI	0	436	0
296	D	H	ENA	ORI	0	432	0
297	D	H	ENA	ORI	0	441	0
298	D	H	ENA	ORI	0	437	0
299	D	H	ENA	ORI	0	431	0
300	D	H	ENA	ORI	0	435	0
1	E	H	EPA	ORI	22	433	0.050808314087759814
2	E	H	EPA	ORI	17	440	0.038636363636363635
3	E	H	EPA	ORI	29	440	0.065909090909090903
4	E	H	EPA	ORI	15	434	0.034562211981566823
5	E	H	EPA	ORI	19	436	0.043577981651376149
6	E	H	EPA	ORI	24	437	0.054919908466819219
7	E	H	EPA	ORI	24	432	0.055555555555555552
8	E	H	EPA	ORI	25	442	0.056561085972850679
9	E	H	EPA	ORI	18	431	0.041763341067285381
10	E	H	EPA	ORI	15	433	0.034642032332563508
11	E	H	EPA	ORI	24	437	0.054919908466819219
12	E	H	EPA	ORI	26	436	0.059633027522935783
13	E	H	EPA	ORI	25	444	0.056306306306306307
14	E	H	EPA	ORI	23	442	0.052036199095022627
15	E	H	EPA	ORI	22	427	0.051522248243559721
16	E	H	EPA	ORI	28	444	0.063063063063063057
17	E	H	EPA	ORI	26	438	0.059360730593607303
18	E	H	EPA	ORI	22	440	0.050000000000000003
19	E	H	EPA	ORI	18	429	0.04195804195804196
20	E	H	EPA	ORI	17	430	0.039534883720930232
21	E	H	EPA	ORI	21	429	0.048951048951048952
22	E	H	EPA	ORI	14	435	0.032183908045977011
23	E	H	EPA	ORI	19	430	0.044186046511627906
24	E	H	EPA	ORI	20	443	0.045146726862302484
25	E	H	EPA	ORI	23	434	0.052995391705069124
26	E	H	EPA	ORI	20	438	0.045662100456621002
27	E	H	EPA	ORI	17	436	0.038990825688073397
28	E	H	EPA	ORI	22	438	0.050228310502283102
29	E	H	EPA	ORI	23	436	0.052752293577981654
30	E	H	EPA	ORI	24	439	0.054669703872437359
31	E	H	EPA	ORI	16	438	0.036529680365296802
32	E	H	EPA	ORI	20	439	0.045558086560364468
33	E	H	EPA	ORI	12	436	0.027522935779816515
34	E	H	EPA	ORI	18	438	0.041095890410958902
35	E	H	EPA	ORI	20	438	0.045662100456621002
36	E	H	EPA	ORI	22	440	0.050000000000000003
37	E	H	EPA	ORI	18	442	0.04072398190045249
38	E	H	EPA	ORI	22	437	0.050343249427917618
39	E	H	EPA	ORI	23	434	0.052995391705069124
40	E	H	EPA	ORI	22	442	0.049773755656108594
41	E	H	EPA	ORI	27	444	0.060810810810810814
42	E	H	EPA	ORI	27	427	0.06323185011709602
43	E	H	EPA	ORI	16	434	0.036866359447004608
44	E	H	EPA	ORI	23	430	0.053488372093023255
45	E	H	EPA	ORI	18	431	0.041763341067285381
46	E	H	EPA	ORI	21	429	0.048951048951048952
47	E	H	EPA	ORI	16	444	0.036036036036036036
48	E	H	EPA	ORI	27	441	0.061224489795918366
49	E	H	EPA	ORI	25	431	0.058004640371229696
50	E	H	EPA	ORI	20	424	0.04716981132075472
51	E	H	EPA	ORI	18	428	0.042056074766355138
52	E	H	EPA	ORI	18	428	0.042056074766355138
53	E	H	EPA	ORI	17	444	0.038288288288288286
54	E	H	EPA	ORI	24	439	0.054669703872437359
55	E	H	EPA	ORI	24	435	0.055172413793103448
56	E	H	EPA	ORI	21	437	0.048054919908466817
57	E	H	EPA	ORI	18	433	0.041570438799076209
58	E	H	EPA	ORI	23	441	0.052154195011337869
59	E	H	EPA	ORI	27	424	0.063679245283018868
60	E	H	EPA	ORI	25	440	0.056818181818181816
61	E	H	EPA	ORI	21	436	0.048165137614678902
62	E	H	EPA	ORI	17	422	0.040284360189573459
63	E	H	EPA	ORI	18	433	0.041570438799076209
64	E	H	EPA	ORI	23	433	0.053117782909930716
65	E	H	EPA	ORI	21	432	0.048611111111111112
66	E	H	EPA	ORI	17	445	0.038202247191011236
67	E	H	EPA	ORI	13	430	0.030232558139534883
68	E	H	EPA	ORI	18	438	0.041095890410958902
69	E	H	EPA	ORI	26	438	0.059360730593607303
70	E	H	EPA	ORI	27	439	0.061503416856492028
71	E	H	EPA	ORI	26	432	0.060185185185185182
72	E	H	EPA	ORI	25	436	0.057339449541284407
73	E	H	EPA	ORI	22	435	0.05057471264367816
74	E	H	EPA	ORI	17	436	0.038990825688073397
75	E	H	EPA	ORI	19	452	0.042035398230088498
76	E	H	EPA	ORI	23	441	0.052154195011337869
77	E	H	EPA	ORI	18	441	0.040816326530612242
78	E	H	EPA	ORI	19	435	0.043678160919540229
79	E	H	EPA	ORI	17	425	0.040000000000000001
80	E	H	EPA	ORI	26	440	0.05909090909090909
81	E	H	EPA	ORI	16	436	0.03669724770642202
82	E	H	EPA	ORI	20	435	0.045977011494252873
83	E	H	EPA	ORI	25	426	0.058685446009389672
84	E	H	EPA	ORI	19	447	0.042505592841163314
85	E	H	EPA	ORI	26	434	0.059907834101382486
86	E	H	EPA	ORI	19	431	0.044083526682134569
87	E	H	EPA	ORI	16	432	0.037037037037037035
88	E	H	EPA	ORI	23	445	0.051685393258426963
89	E	H	EPA	ORI	19	432	0.043981481481481483
90	E	H	EPA	ORI	20	431	0.046403712296983757
91	E	H	EPA	ORI	28	436	0.064220183486238536
92	E	H	EPA	ORI	21	442	0.047511312217194568
93	E	H	EPA	ORI	22	426	0.051643192488262914
94	E	H	EPA	ORI	20	426	0.046948356807511735
95	E	H	EPA	ORI	28	431	0.064965197215777259
96	E	H	EPA	ORI	15	439	0.034168564920273349
97	E	H	EPA	ORI	25	436	0.057339449541284407
98	E	H	EPA	ORI	20	433	0.046189376443418015
99	E	H	EPA	ORI	19	434	0.04377880184331797
100	E	H	EPA	ORI	20	439	0.045558086560364468
101	E	H	EPA	ORI	28	435	0.064367816091954022
102	E	H	EPA	ORI	25	448	0.055803571428571432
103	E	H	EPA	ORI	24	438	0.054794520547945202
104	E	H	EPA	ORI	18	431	0.041763341067285381
105	E	H	EPA	ORI	22	435	0.05057471264367816
106	E	H	EPA	ORI	30	435	0.068965517241379309
107	E	H	EPA	ORI	20	443	0.045146726862302484
108	E	H	EPA	ORI	13	426	0.030516431924882629
109	E	H	EPA	ORI	20	444	0.045045045045045043
110	E	H	EPA	ORI	17	427	0.039812646370023422
111	E	H	EPA	ORI	22	447	0.049217002237136466
112	E	H	EPA	ORI	15	436	0.034403669724770644
113	E	H	EPA	ORI	15	432	0.034722222222222224
114	E	H	EPA	ORI	18	442	0.04072398190045249
115	E	H	EPA	ORI	20	435	0.045977011494252873
116	E	H	EPA	ORI	26	445	0.058426966292134834
117	E	H	EPA	ORI	21	441	0.047619047619047616
118	E	H	EPA	ORI	26	436	0.059633027522935783
119	E	H	EPA	ORI	20	439	0.045558086560364468
120	E	H	EPA	ORI	17	451	0.037694013303769404
121	E	H	EPA	ORI	16	443	0.036117381489841983
122	E	H	EPA	ORI	15	432	0.034722222222222224
123	E	H	EPA	ORI	17	442	0.038461538461538464
124	E	H	EPA	ORI	23	437	0.052631578947368418
125	E	H	EPA	ORI	19	433	0.043879907621247112
126	E	H	EPA	ORI	19	438	0.043378995433789952
127	E	H	EPA	ORI	26	436	0.059633027522935783
128	E	H	EPA	ORI	18	436	0.041284403669724773
129	E	H	EPA	ORI	19	435	0.043678160919540229
130	E	H	EPA	ORI	23	433	0.053117782909930716
131	E	H	EPA	ORI	16	446	0.035874439461883408
132	E	H	EPA	ORI	27	442	0.061085972850678731
133	E	H	EPA	ORI	23	441	0.052154195011337869
134	E	H	EPA	ORI	24	444	0.054054054054054057
135	E	H	EPA	ORI	24	433	0.055427251732101619
136	E	H	EPA	ORI	16	432	0.037037037037037035
137	E	H	EPA	ORI	30	433	0.069284064665127015
138	E	H	EPA	ORI	20	438	0.045662100456621002
139	E	H	EPA	ORI	22	433	0.050808314087759814
140	E	H	EPA	ORI	24	433	0.055427251732101619
141	E	H	EPA	ORI	23	427	0.053864168618266976
142	E	H	EPA	ORI	22	425	0.051764705882352942
143	E	H	EPA	ORI	18	430	0.041860465116279069
144	E	H	EPA	ORI	18	434	0.041474654377880185
145	E	H	EPA	ORI	20	446	0.044843049327354258
146	E	H	EPA	ORI	18	439	0.041002277904328019
147	E	H	EPA	ORI	24	433	0.055427251732101619
148	E	H	EPA	ORI	24	437	0.054919908466819219
149	E	H	EPA	ORI	16	425	0.037647058823529408
150	E	H	EPA	ORI	25	440	0.056818181818181816
151	E	H	EPA	ORI	28	445	0.062921348314606745
152	E	H	EPA	ORI	25	435	0.057471264367816091
153	E	H	EPA	ORI	18	438	0.041095890410958902
154	E	H	EPA	ORI	22	445	0.049438202247191011
155	E	H	EPA	ORI	15	432	0.034722222222222224
156	E	H	EPA	ORI	22	429	0.05128205128205128
157	E	H	EPA	ORI	26	432	0.060185185185185182
158	E	H	EPA	ORI	24	435	0.055172413793103448
159	E	H	EPA	ORI	20	441	0.045351473922902494
160	E	H	EPA	ORI	17	439	0.038724373576309798
161	E	H	EPA	ORI	16	438	0.036529680365296802
162	E	H	EPA	ORI	17	436	0.038990825688073397
163	E	H	EPA	ORI	11	434	0.025345622119815669
164	E	H	EPA	ORI	28	437	0.064073226544622428
165	E	H	EPA	ORI	22	428	0.051401869158878503
166	E	H	EPA	ORI	27	436	0.061926605504587159
167	E	H	EPA	ORI	10	433	0.023094688221709007
168	E	H	EPA	ORI	24	435	0.055172413793103448
169	E	H	EPA	ORI	21	434	0.048387096774193547
170	E	H	EPA	ORI	17	432	0.039351851851851853
171	E	H	EPA	ORI	28	434	0.064516129032258063
172	E	H	EPA	ORI	22	444	0.04954954954954955
173	E	H	EPA	ORI	23	440	0.052272727272727269
174	E	H	EPA	ORI	24	435	0.055172413793103448
175	E	H	EPA	ORI	18	429	0.04195804195804196
176	E	H	EPA	ORI	24	437	0.054919908466819219
177	E	H	EPA	ORI	13	434	0.029953917050691243
178	E	H	EPA	ORI	18	442	0.04072398190045249
179	E	H	EPA	ORI	23	447	0.05145413870246085
180	E	H	EPA	ORI	21	442	0.047511312217194568
181	E	H	EPA	ORI	25	435	0.057471264367816091
182	E	H	EPA	ORI	18	441	0.040816326530612242
183	E	H	EPA	ORI	22	437	0.050343249427917618
184	E	H	EPA	ORI	13	436	0.029816513761467892
185	E	H	EPA	ORI	23	434	0.052995391705069124
186	E	H	EPA	ORI	21	437	0.048054919908466817
187	E	H	EPA	ORI	12	433	0.02771362586605081
188	E	H	EPA	ORI	23	430	0.053488372093023255
189	E	H	EPA	ORI	18	443	0.040632054176072234
190	E	H	EPA	ORI	19	434	0.04377880184331797
191	E	H	EPA	ORI	21	429	0.048951048951048952
192	E	H	EPA	ORI	19	430	0.044186046511627906
193	E	H	EPA	ORI	24	431	0.055684454756380508
194	E	H	EPA	ORI	21	423	0.049645390070921988
195	E	H	EPA	ORI	13	433	0.030023094688221709
196	E	H	EPA	ORI	21	436	0.048165137614678902
197	E	H	EPA	ORI	18	444	0.040540540540540543
198	E	H	EPA	ORI	19	446	0.042600896860986545
199	E	H	EPA	ORI	17	434	0.039170506912442393
200	E	H	EPA	ORI	16	431	0.037122969837587005
201	E	H	EPA	ORI	27	435	0.062068965517241378
202	E	H	EPA	ORI	23	427	0.053864168618266976
203	E	H	EPA	ORI	12	433	0.02771362586605081
204	E	H	EPA	ORI	28	437	0.064073226544622428
205	E	H	EPA	ORI	27	431	0.062645011600928072
206	E	H	EPA	ORI	23	435	0.052873563218390804
207	E	H	EPA	ORI	21	442	0.047511312217194568
208	E	H	EPA	ORI	17	434	0.039170506912442393
209	E	H	EPA	ORI	26	438	0.059360730593607303
210	E	H	EPA	ORI	15	434	0.034562211981566823
211	E	H	EPA	ORI	22	440	0.050000000000000003
212	E	H	EPA	ORI	18	447	0.040268456375838924
213	E	H	EPA	ORI	16	436	0.03669724770642202
214	E	H	EPA	ORI	15	428	0.035046728971962614
215	E	H	EPA	ORI	20	448	0.044642857142857144
216	E	H	EPA	ORI	14	442	0.031674208144796379
217	E	H	EPA	ORI	18	433	0.041570438799076209
218	E	H	EPA	ORI	30	431	0.069605568445475635
219	E	H	EPA	ORI	15	434	0.034562211981566823
220	E	H	EPA	ORI	23	445	0.051685393258426963
221	E	H	EPA	ORI	23	422	0.054502369668246446
222	E	H	EPA	ORI	15	425	0.035294117647058823
223	E	H	EPA	ORI	26	431	0.060324825986078884
224	E	H	EPA	ORI	21	432	0.048611111111111112
225	E	H	EPA	ORI	21	431	0.048723897911832945
226	E	H	EPA	ORI	26	430	0.060465116279069767
227	E	H	EPA	ORI	23	441	0.052154195011337869
228	E	H	EPA	ORI	20	444	0.045045045045045043
229	E	H	EPA	ORI	24	446	0.053811659192825115
230	E	H	EPA	ORI	21	439	0.047835990888382689
231	E	H	EPA	ORI	13	435	0.029885057471264367
232	E	H	EPA	ORI	28	434	0.064516129032258063
233	E	H	EPA	ORI	31	437	0.070938215102974822
234	E	H	EPA	ORI	17	435	0.039080459770114942
235	E	H	EPA	ORI	21	434	0.048387096774193547
236	E	H	EPA	ORI	20	431	0.046403712296983757
237	E	H	EPA	ORI	23	447	0.05145413870246085
238	E	H	EPA	ORI	16	438	0.036529680365296802
239	E	H	EPA	ORI	11	427	0.02576112412177986
240	E	H	EPA	ORI	21	437	0.048054919908466817
241	E	H	EPA	ORI	13	431	0.030162412993039442
242	E	H	EPA	ORI	25	441	0.056689342403628121
243	E	H	EPA	ORI	15	440	0.034090909090909088
244	E	H	EPA	ORI	16	438	0.036529680365296802
245	E	H	EPA	ORI	29	435	0.066666666666666666
246	E	H	EPA	ORI	29	441	0.065759637188208611
247	E	H	EPA	ORI	15	433	0.034642032332563508
248	E	H	EPA	ORI	22	435	0.05057471264367816
249	E	H	EPA	ORI	24	445	0.053932584269662923
250	E	H	EPA	ORI	22	431	0.051044083526682132
251	E	H	EPA	ORI	20	444	0.045045045045045043
252	E	H	EPA	ORI	27	439	0.061503416856492028
253	E	H	EPA	ORI	14	431	0.03248259860788863
254	E	H	EPA	ORI	13	428	0.030373831775700934
255	E	H	EPA	ORI	22	436	0.050458715596330278
256	E	H	EPA	ORI	19	431	0.044083526682134569
257	E	H	EPA	ORI	19	436	0.043577981651376149
258	E	H	EPA	ORI	16	440	0.036363636363636362
259	E	H	EPA	ORI	22	436	0.050458715596330278
260	E	H	EPA	ORI	15	431	0.034802784222737818
261	E	H	EPA	ORI	28	445	0.062921348314606745
262	E	H	EPA	ORI	24	435	0.055172413793103448
263	E	H	EPA	ORI	10	430	0.023255813953488372
264	E	H	EPA	ORI	23	438	0.052511415525114152
265	E	H	EPA	ORI	19	434	0.04377880184331797
266	E	H	EPA	ORI	17	429	0.039627039627039624
267	E	H	EPA	ORI	21	437	0.048054919908466817
268	E	H	EPA	ORI	17	431	0.039443155452436193
269	E	H	EPA	ORI	19	433	0.043879907621247112
270	E	H	EPA	ORI	14	430	0.03255813953488372
271	E	H	EPA	ORI	15	428	0.035046728971962614
272	E	H	EPA	ORI	17	433	0.039260969976905313
273	E	H	EPA	ORI	18	438	0.041095890410958902
274	E	H	EPA	ORI	22	435	0.05057471264367816
275	E	H	EPA	ORI	16	443	0.036117381489841983
276	E	H	EPA	ORI	16	425	0.037647058823529408
277	E	H	EPA	ORI	17	433	0.039260969976905313
278	E	H	EPA	ORI	22	439	0.05011389521640091
279	E	H	EPA	ORI	19	434	0.04377880184331797
280	E	H	EPA	ORI	19	434	0.04377880184331797
281	E	H	EPA	ORI	22	446	0.049327354260089683
282	E	H	EPA	ORI	22	440	0.050000000000000003
283	E	H	EPA	ORI	16	430	0.037209302325581395
284	E	H	EPA	ORI	18	437	0.041189931350114416
285	E	H	EPA	ORI	29	430	0.067441860465116285
286	E	H	EPA	ORI	19	425	0.044705882352941179
287	E	H	EPA	ORI	30	430	0.069767441860465115
288	E	H	EPA	ORI	19	444	0.042792792792792793
289	E	H	EPA	ORI	22	435	0.05057471264367816
290	E	H	EPA	ORI	9	426	0.021126760563380281
291	E	H	EPA	ORI	26	434	0.059907834101382486
292	E	H	EPA	ORI	22	427	0.051522248243559721
293	E	H	EPA	ORI	24	437	0.054919908466819219
294	E	H	EPA	ORI	23	437	0.052631578947368418
295	E	H	EPA	ORI	20	436	0.045871559633027525
296	E	H	EPA	ORI	18	432	0.041666666666666664
297	E	H	EPA	ORI	18	441	0.040816326530612242
298	E	H	EPA	ORI	25	437	0.057208237986270026
299	E	H	EPA	ORI	17	431	0.039443155452436193
300	E	H	EPA	ORI	15	435	0.034482758620689655
1	F	H	IND	ORI	9	433	0.020785219399538105
2	F	H	IND	ORI	14	440	0.031818181818181815
3	F	H	IND	ORI	22	440	0.050000000000000003
4	F	H	IND	ORI	13	434	0.029953917050691243
5	F	H	IND	ORI	19	436	0.043577981651376149
6	F	H	IND	ORI	20	437	0.045766590389016017
7	F	H	IND	ORI	18	432	0.041666666666666664
8	F	H	IND	ORI	18	442	0.04072398190045249
9	F	H	IND	ORI	22	431	0.051044083526682132
10	F	H	IND	ORI	17	433	0.039260969976905313
11	F	H	IND	ORI	23	437	0.052631578947368418
12	F	H	IND	ORI	24	436	0.055045871559633031
13	F	H	IND	ORI	22	444	0.04954954954954955
14	F	H	IND	ORI	28	442	0.063348416289592757
15	F	H	IND	ORI	15	427	0.035128805620608897
16	F	H	IND	ORI	16	444	0.036036036036036036
17	F	H	IND	ORI	21	438	0.047945205479452052
18	F	H	IND	ORI	17	440	0.038636363636363635
19	F	H	IND	ORI	27	429	0.062937062937062943
20	F	H	IND	ORI	24	430	0.055813953488372092
21	F	H	IND	ORI	24	429	0.055944055944055944
22	F	H	IND	ORI	24	435	0.055172413793103448
23	F	H	IND	ORI	24	430	0.055813953488372092
24	F	H	IND	ORI	16	443	0.036117381489841983
25	F	H	IND	ORI	18	434	0.041474654377880185
26	F	H	IND	ORI	22	438	0.050228310502283102
27	F	H	IND	ORI	22	436	0.050458715596330278
28	F	H	IND	ORI	31	438	0.070776255707762553
29	F	H	IND	ORI	21	436	0.048165137614678902
30	F	H	IND	ORI	28	439	0.063781321184510256
31	F	H	IND	ORI	33	438	0.075342465753424653
32	F	H	IND	ORI	23	439	0.052391799544419138
33	F	H	IND	ORI	32	436	0.073394495412844041
34	F	H	IND	ORI	18	438	0.041095890410958902
35	F	H	IND	ORI	27	438	0.061643835616438353
36	F	H	IND	ORI	25	440	0.056818181818181816
37	F	H	IND	ORI	20	442	0.045248868778280542
38	F	H	IND	ORI	20	437	0.045766590389016017
39	F	H	IND	ORI	21	434	0.048387096774193547
40	F	H	IND	ORI	23	442	0.052036199095022627
41	F	H	IND	ORI	18	444	0.040540540540540543
42	F	H	IND	ORI	24	427	0.056206088992974239
43	F	H	IND	ORI	22	434	0.050691244239631339
44	F	H	IND	ORI	20	430	0.046511627906976744
45	F	H	IND	ORI	25	431	0.058004640371229696
46	F	H	IND	ORI	29	429	0.0675990675990676
47	F	H	IND	ORI	19	444	0.042792792792792793
48	F	H	IND	ORI	21	441	0.047619047619047616
49	F	H	IND	ORI	11	431	0.025522041763341066
50	F	H	IND	ORI	20	424	0.04716981132075472
51	F	H	IND	ORI	13	428	0.030373831775700934
52	F	H	IND	ORI	25	428	0.058411214953271028
53	F	H	IND	ORI	8	444	0.018018018018018018
54	F	H	IND	ORI	22	439	0.05011389521640091
55	F	H	IND	ORI	20	435	0.045977011494252873
56	F	H	IND	ORI	23	437	0.052631578947368418
57	F	H	IND	ORI	22	433	0.050808314087759814
58	F	H	IND	ORI	19	441	0.043083900226757371
59	F	H	IND	ORI	12	424	0.028301886792452831
60	F	H	IND	ORI	12	440	0.027272727272727271
61	F	H	IND	ORI	19	436	0.043577981651376149
62	F	H	IND	ORI	24	422	0.056872037914691941
63	F	H	IND	ORI	19	433	0.043879907621247112
64	F	H	IND	ORI	22	433	0.050808314087759814
65	F	H	IND	ORI	19	432	0.043981481481481483
66	F	H	IND	ORI	29	445	0.065168539325842698
67	F	H	IND	ORI	22	430	0.051162790697674418
68	F	H	IND	ORI	21	438	0.047945205479452052
69	F	H	IND	ORI	24	438	0.054794520547945202
70	F	H	IND	ORI	21	439	0.047835990888382689
71	F	H	IND	ORI	11	432	0.025462962962962962
72	F	H	IND	ORI	28	436	0.064220183486238536
73	F	H	IND	ORI	21	435	0.048275862068965517
74	F	H	IND	ORI	25	436	0.057339449541284407
75	F	H	IND	ORI	35	452	0.077433628318584066
76	F	H	IND	ORI	20	441	0.045351473922902494
77	F	H	IND	ORI	20	441	0.045351473922902494
78	F	H	IND	ORI	22	435	0.05057471264367816
79	F	H	IND	ORI	29	425	0.068235294117647061
80	F	H	IND	ORI	22	440	0.050000000000000003
81	F	H	IND	ORI	23	436	0.052752293577981654
82	F	H	IND	ORI	26	435	0.059770114942528735
83	F	H	IND	ORI	15	426	0.035211267605633804
84	F	H	IND	ORI	29	447	0.064876957494407153
85	F	H	IND	ORI	25	434	0.057603686635944701
86	F	H	IND	ORI	23	431	0.05336426914153132
87	F	H	IND	ORI	19	432	0.043981481481481483
88	F	H	IND	ORI	21	445	0.047191011235955059
89	F	H	IND	ORI	22	432	0.050925925925925923
90	F	H	IND	ORI	13	431	0.030162412993039442
91	F	H	IND	ORI	15	436	0.034403669724770644
92	F	H	IND	ORI	19	442	0.042986425339366516
93	F	H	IND	ORI	13	426	0.030516431924882629
94	F	H	IND	ORI	20	426	0.046948356807511735
95	F	H	IND	ORI	15	431	0.034802784222737818
96	F	H	IND	ORI	28	439	0.063781321184510256
97	F	H	IND	ORI	15	436	0.034403669724770644
98	F	H	IND	ORI	27	433	0.062355658198614321
99	F	H	IND	ORI	13	434	0.029953917050691243
100	F	H	IND	ORI	23	439	0.052391799544419138
101	F	H	IND	ORI	14	435	0.032183908045977011
102	F	H	IND	ORI	27	448	0.060267857142857144
103	F	H	IND	ORI	20	438	0.045662100456621002
104	F	H	IND	ORI	17	431	0.039443155452436193
105	F	H	IND	ORI	17	435	0.039080459770114942
106	F	H	IND	ORI	13	435	0.029885057471264367
107	F	H	IND	ORI	16	443	0.036117381489841983
108	F	H	IND	ORI	23	426	0.0539906103286385
109	F	H	IND	ORI	24	444	0.054054054054054057
110	F	H	IND	ORI	18	427	0.042154566744730677
111	F	H	IND	ORI	27	447	0.060402684563758392
112	F	H	IND	ORI	29	436	0.066513761467889912
113	F	H	IND	ORI	20	432	0.046296296296296294
114	F	H	IND	ORI	19	442	0.042986425339366516
115	F	H	IND	ORI	18	435	0.041379310344827586
116	F	H	IND	ORI	30	445	0.06741573033707865
117	F	H	IND	ORI	35	441	0.079365079365079361
118	F	H	IND	ORI	17	436	0.038990825688073397
119	F	H	IND	ORI	28	439	0.063781321184510256
120	F	H	IND	ORI	26	451	0.057649667405764965
121	F	H	IND	ORI	25	443	0.056433408577878104
122	F	H	IND	ORI	33	432	0.076388888888888895
123	F	H	IND	ORI	26	442	0.058823529411764705
124	F	H	IND	ORI	22	437	0.050343249427917618
125	F	H	IND	ORI	22	433	0.050808314087759814
126	F	H	IND	ORI	18	438	0.041095890410958902
127	F	H	IND	ORI	22	436	0.050458715596330278
128	F	H	IND	ORI	28	436	0.064220183486238536
129	F	H	IND	ORI	21	435	0.048275862068965517
130	F	H	IND	ORI	30	433	0.069284064665127015
131	F	H	IND	ORI	26	446	0.05829596412556054
132	F	H	IND	ORI	19	442	0.042986425339366516
133	F	H	IND	ORI	34	441	0.077097505668934238
134	F	H	IND	ORI	25	444	0.056306306306306307
135	F	H	IND	ORI	13	433	0.030023094688221709
136	F	H	IND	ORI	19	432	0.043981481481481483
137	F	H	IND	ORI	13	433	0.030023094688221709
138	F	H	IND	ORI	28	438	0.063926940639269403
139	F	H	IND	ORI	20	433	0.046189376443418015
140	F	H	IND	ORI	18	433	0.041570438799076209
141	F	H	IND	ORI	13	427	0.030444964871194378
142	F	H	IND	ORI	18	425	0.042352941176470586
143	F	H	IND	ORI	18	430	0.041860465116279069
144	F	H	IND	ORI	30	434	0.069124423963133647
145	F	H	IND	ORI	19	446	0.042600896860986545
146	F	H	IND	ORI	15	439	0.034168564920273349
147	F	H	IND	ORI	15	433	0.034642032332563508
148	F	H	IND	ORI	18	437	0.041189931350114416
149	F	H	IND	ORI	30	425	0.070588235294117646
150	F	H	IND	ORI	18	440	0.040909090909090909
151	F	H	IND	ORI	22	445	0.049438202247191011
152	F	H	IND	ORI	15	435	0.034482758620689655
153	F	H	IND	ORI	21	438	0.047945205479452052
154	F	H	IND	ORI	27	445	0.060674157303370786
155	F	H	IND	ORI	24	432	0.055555555555555552
156	F	H	IND	ORI	15	429	0.034965034965034968
157	F	H	IND	ORI	20	432	0.046296296296296294
158	F	H	IND	ORI	14	435	0.032183908045977011
159	F	H	IND	ORI	16	441	0.036281179138321996
160	F	H	IND	ORI	27	439	0.061503416856492028
161	F	H	IND	ORI	24	438	0.054794520547945202
162	F	H	IND	ORI	21	436	0.048165137614678902
163	F	H	IND	ORI	26	434	0.059907834101382486
164	F	H	IND	ORI	21	437	0.048054919908466817
165	F	H	IND	ORI	14	428	0.032710280373831772
166	F	H	IND	ORI	27	436	0.061926605504587159
167	F	H	IND	ORI	22	433	0.050808314087759814
168	F	H	IND	ORI	19	435	0.043678160919540229
169	F	H	IND	ORI	18	434	0.041474654377880185
170	F	H	IND	ORI	17	432	0.039351851851851853
171	F	H	IND	ORI	22	434	0.050691244239631339
172	F	H	IND	ORI	19	444	0.042792792792792793
173	F	H	IND	ORI	24	440	0.054545454545454543
174	F	H	IND	ORI	19	435	0.043678160919540229
175	F	H	IND	ORI	20	429	0.046620046620046623
176	F	H	IND	ORI	18	437	0.041189931350114416
177	F	H	IND	ORI	18	434	0.041474654377880185
178	F	H	IND	ORI	37	442	0.083710407239818999
179	F	H	IND	ORI	17	447	0.03803131991051454
180	F	H	IND	ORI	24	442	0.054298642533936653
181	F	H	IND	ORI	15	435	0.034482758620689655
182	F	H	IND	ORI	21	441	0.047619047619047616
183	F	H	IND	ORI	22	437	0.050343249427917618
184	F	H	IND	ORI	19	436	0.043577981651376149
185	F	H	IND	ORI	13	434	0.029953917050691243
186	F	H	IND	ORI	18	437	0.041189931350114416
187	F	H	IND	ORI	17	433	0.039260969976905313
188	F	H	IND	ORI	22	430	0.051162790697674418
189	F	H	IND	ORI	17	443	0.038374717832957109
190	F	H	IND	ORI	21	434	0.048387096774193547
191	F	H	IND	ORI	16	429	0.037296037296037296
192	F	H	IND	ORI	18	430	0.041860465116279069
193	F	H	IND	ORI	22	431	0.051044083526682132
194	F	H	IND	ORI	19	423	0.044917257683215132
195	F	H	IND	ORI	24	433	0.055427251732101619
196	F	H	IND	ORI	25	436	0.057339449541284407
197	F	H	IND	ORI	28	444	0.063063063063063057
198	F	H	IND	ORI	25	446	0.056053811659192827
199	F	H	IND	ORI	21	434	0.048387096774193547
200	F	H	IND	ORI	17	431	0.039443155452436193
201	F	H	IND	ORI	19	435	0.043678160919540229
202	F	H	IND	ORI	16	427	0.037470725995316159
203	F	H	IND	ORI	19	433	0.043879907621247112
204	F	H	IND	ORI	15	437	0.034324942791762014
205	F	H	IND	ORI	23	431	0.05336426914153132
206	F	H	IND	ORI	18	435	0.041379310344827586
207	F	H	IND	ORI	17	442	0.038461538461538464
208	F	H	IND	ORI	16	434	0.036866359447004608
209	F	H	IND	ORI	24	438	0.054794520547945202
210	F	H	IND	ORI	16	434	0.036866359447004608
211	F	H	IND	ORI	28	440	0.06363636363636363
212	F	H	IND	ORI	31	447	0.069351230425055935
213	F	H	IND	ORI	21	436	0.048165137614678902
214	F	H	IND	ORI	29	428	0.067757009345794386
215	F	H	IND	ORI	21	448	0.046875
216	F	H	IND	ORI	32	442	0.072398190045248875
217	F	H	IND	ORI	15	433	0.034642032332563508
218	F	H	IND	ORI	16	431	0.037122969837587005
219	F	H	IND	ORI	33	434	0.076036866359447008
220	F	H	IND	ORI	28	445	0.062921348314606745
221	F	H	IND	ORI	16	422	0.037914691943127965
222	F	H	IND	ORI	19	425	0.044705882352941179
223	F	H	IND	ORI	21	431	0.048723897911832945
224	F	H	IND	ORI	13	432	0.030092592592592591
225	F	H	IND	ORI	20	431	0.046403712296983757
226	F	H	IND	ORI	16	430	0.037209302325581395
227	F	H	IND	ORI	19	441	0.043083900226757371
228	F	H	IND	ORI	31	444	0.069819819819819814
229	F	H	IND	ORI	25	446	0.056053811659192827
230	F	H	IND	ORI	19	439	0.04328018223234624
231	F	H	IND	ORI	25	435	0.057471264367816091
232	F	H	IND	ORI	21	434	0.048387096774193547
233	F	H	IND	ORI	15	437	0.034324942791762014
234	F	H	IND	ORI	24	435	0.055172413793103448
235	F	H	IND	ORI	23	434	0.052995391705069124
236	F	H	IND	ORI	17	431	0.039443155452436193
237	F	H	IND	ORI	20	447	0.044742729306487698
238	F	H	IND	ORI	21	438	0.047945205479452052
239	F	H	IND	ORI	15	427	0.035128805620608897
240	F	H	IND	ORI	23	437	0.052631578947368418
241	F	H	IND	ORI	23	431	0.05336426914153132
242	F	H	IND	ORI	16	441	0.036281179138321996
243	F	H	IND	ORI	27	440	0.061363636363636363
244	F	H	IND	ORI	20	438	0.045662100456621002
245	F	H	IND	ORI	17	435	0.039080459770114942
246	F	H	IND	ORI	10	441	0.022675736961451247
247	F	H	IND	ORI	28	433	0.064665127020785224
248	F	H	IND	ORI	21	435	0.048275862068965517
249	F	H	IND	ORI	16	445	0.035955056179775284
250	F	H	IND	ORI	29	431	0.067285382830626447
251	F	H	IND	ORI	22	444	0.04954954954954955
252	F	H	IND	ORI	24	439	0.054669703872437359
253	F	H	IND	ORI	26	431	0.060324825986078884
254	F	H	IND	ORI	26	428	0.060747663551401869
255	F	H	IND	ORI	18	436	0.041284403669724773
256	F	H	IND	ORI	16	431	0.037122969837587005
257	F	H	IND	ORI	25	436	0.057339449541284407
258	F	H	IND	ORI	24	440	0.054545454545454543
259	F	H	IND	ORI	15	436	0.034403669724770644
260	F	H	IND	ORI	26	431	0.060324825986078884
261	F	H	IND	ORI	21	445	0.047191011235955059
262	F	H	IND	ORI	18	435	0.041379310344827586
263	F	H	IND	ORI	25	430	0.058139534883720929
264	F	H	IND	ORI	18	438	0.041095890410958902
265	F	H	IND	ORI	24	434	0.055299539170506916
266	F	H	IND	ORI	23	429	0.053613053613053616
267	F	H	IND	ORI	24	437	0.054919908466819219
268	F	H	IND	ORI	25	431	0.058004640371229696
269	F	H	IND	ORI	16	433	0.03695150115473441
270	F	H	IND	ORI	15	430	0.034883720930232558
271	F	H	IND	ORI	38	428	0.088785046728971959
272	F	H	IND	ORI	24	433	0.055427251732101619
273	F	H	IND	ORI	24	438	0.054794520547945202
274	F	H	IND	ORI	28	435	0.064367816091954022
275	F	H	IND	ORI	18	443	0.040632054176072234
276	F	H	IND	ORI	22	425	0.051764705882352942
277	F	H	IND	ORI	22	433	0.050808314087759814
278	F	H	IND	ORI	14	439	0.031890660592255128
279	F	H	IND	ORI	19	434	0.04377880184331797
280	F	H	IND	ORI	20	434	0.046082949308755762
281	F	H	IND	ORI	19	446	0.042600896860986545
282	F	H	IND	ORI	21	440	0.047727272727272729
283	F	H	IND	ORI	18	430	0.041860465116279069
284	F	H	IND	ORI	23	437	0.052631578947368418
285	F	H	IND	ORI	16	430	0.037209302325581395
286	F	H	IND	ORI	21	425	0.049411764705882349
287	F	H	IND	ORI	15	430	0.034883720930232558
288	F	H	IND	ORI	19	444	0.042792792792792793
289	F	H	IND	ORI	20	435	0.045977011494252873
290	F	H	IND	ORI	18	426	0.042253521126760563
291	F	H	IND	ORI	20	434	0.046082949308755762
292	F	H	IND	ORI	15	427	0.035128805620608897
293	F	H	IND	ORI	15	437	0.034324942791762014
294	F	H	IND	ORI	19	437	0.043478260869565216
295	F	H	IND	ORI	23	436	0.052752293577981654
296	F	H	IND	ORI	19	432	0.043981481481481483
297	F	H	IND	ORI	21	441	0.047619047619047616
298	F	H	IND	ORI	28	437	0.064073226544622428
299	F	H	IND	ORI	30	431	0.069605568445475635
300	F	H	IND	ORI	21	435	0.048275862068965517
1	G	H	MDG	ORI	0	433	0
2	G	H	MDG	ORI	0	440	0
3	G	H	MDG	ORI	0	440	0
4	G	H	MDG	ORI	0	434	0
5	G	H	MDG	ORI	0	436	0
6	G	H	MDG	ORI	0	437	0
7	G	H	MDG	ORI	0	432	0
8	G	H	MDG	ORI	0	442	0
9	G	H	MDG	ORI	0	431	0
10	G	H	MDG	ORI	0	433	0
11	G	H	MDG	ORI	0	437	0
12	G	H	MDG	ORI	0	436	0
13	G	H	MDG	ORI	0	444	0
14	G	H	MDG	ORI	0	442	0
15	G	H	MDG	ORI	0	427	0
16	G	H	MDG	ORI	0	444	0
17	G	H	MDG	ORI	0	438	0
18	G	H	MDG	ORI	0	440	0
19	G	H	MDG	ORI	0	429	0
20	G	H	MDG	ORI	0	430	0
21	G	H	MDG	ORI	0	429	0
22	G	H	MDG	ORI	0	435	0
23	G	H	MDG	ORI	0	430	0
24	G	H	MDG	ORI	0	443	0
25	G	H	MDG	ORI	0	434	0
26	G	H	MDG	ORI	0	438	0
27	G	H	MDG	ORI	1	436	0.0022935779816513763
28	G	H	MDG	ORI	0	438	0
29	G	H	MDG	ORI	0	436	0
30	G	H	MDG	ORI	0	439	0
31	G	H	MDG	ORI	0	438	0
32	G	H	MDG	ORI	0	439	0
33	G	H	MDG	ORI	0	436	0
34	G	H	MDG	ORI	0	438	0
35	G	H	MDG	ORI	1	438	0.0022831050228310501
36	G	H	MDG	ORI	0	440	0
37	G	H	MDG	ORI	0	442	0
38	G	H	MDG	ORI	0	437	0
39	G	H	MDG	ORI	0	434	0
40	G	H	MDG	ORI	0	442	0
41	G	H	MDG	ORI	0	444	0
42	G	H	MDG	ORI	0	427	0
43	G	H	MDG	ORI	0	434	0
44	G	H	MDG	ORI	0	430	0
45	G	H	MDG	ORI	0	431	0
46	G	H	MDG	ORI	0	429	0
47	G	H	MDG	ORI	0	444	0
48	G	H	MDG	ORI	0	441	0
49	G	H	MDG	ORI	0	431	0
50	G	H	MDG	ORI	0	424	0
51	G	H	MDG	ORI	0	428	0
52	G	H	MDG	ORI	0	428	0
53	G	H	MDG	ORI	0	444	0
54	G	H	MDG	ORI	0	439	0
55	G	H	MDG	ORI	0	435	0
56	G	H	MDG	ORI	0	437	0
57	G	H	MDG	ORI	0	433	0
58	G	H	MDG	ORI	0	441	0
59	G	H	MDG	ORI	0	424	0
60	G	H	MDG	ORI	0	440	0
61	G	H	MDG	ORI	0	436	0
62	G	H	MDG	ORI	0	422	0
63	G	H	MDG	ORI	0	433	0
64	G	H	MDG	ORI	0	433	0
65	G	H	MDG	ORI	0	432	0
66	G	H	MDG	ORI	0	445	0
67	G	H	MDG	ORI	0	430	0
68	G	H	MDG	ORI	0	438	0
69	G	H	MDG	ORI	0	438	0
70	G	H	MDG	ORI	0	439	0
71	G	H	MDG	ORI	0	432	0
72	G	H	MDG	ORI	0	436	0
73	G	H	MDG	ORI	0	435	0
74	G	H	MDG	ORI	0	436	0
75	G	H	MDG	ORI	0	452	0
76	G	H	MDG	ORI	0	441	0
77	G	H	MDG	ORI	0	441	0
78	G	H	MDG	ORI	0	435	0
79	G	H	MDG	ORI	0	425	0
80	G	H	MDG	ORI	0	440	0
81	G	H	MDG	ORI	0	436	0
82	G	H	MDG	ORI	0	435	0
83	G	H	MDG	ORI	0	426	0
84	G	H	MDG	ORI	0	447	0
85	G	H	MDG	ORI	0	434	0
86	G	H	MDG	ORI	0	431	0
87	G	H	MDG	ORI	0	432	0
88	G	H	MDG	ORI	0	445	0
89	G	H	MDG	ORI	0	432	0
90	G	H	MDG	ORI	0	431	0
91	G	H	MDG	ORI	0	436	0
92	G	H	MDG	ORI	0	442	0
93	G	H	MDG	ORI	0	426	0
94	G	H	MDG	ORI	0	426	0
95	G	H	MDG	ORI	0	431	0
96	G	H	MDG	ORI	0	439	0
97	G	H	MDG	ORI	0	436	0
98	G	H	MDG	ORI	0	433	0
99	G	H	MDG	ORI	0	434	0
100	G	H	MDG	ORI	0	439	0
101	G	H	MDG	ORI	0	435	0
102	G	H	MDG	ORI	0	448	0
103	G	H	MDG	ORI	0	438	0
104	G	H	MDG	ORI	0	431	0
105	G	H	MDG	ORI	0	435	0
106	G	H	MDG	ORI	0	435	0
107	G	H	MDG	ORI	0	443	0
108	G	H	MDG	ORI	0	426	0
109	G	H	MDG	ORI	0	444	0
110	G	H	MDG	ORI	0	427	0
111	G	H	MDG	ORI	0	447	0
112	G	H	MDG	ORI	0	436	0
113	G	H	MDG	ORI	0	432	0
114	G	H	MDG	ORI	0	442	0
115	G	H	MDG	ORI	0	435	0
116	G	H	MDG	ORI	0	445	0
117	G	H	MDG	ORI	0	441	0
118	G	H	MDG	ORI	0	436	0
119	G	H	MDG	ORI	0	439	0
120	G	H	MDG	ORI	0	451	0
121	G	H	MDG	ORI	0	443	0
122	G	H	MDG	ORI	0	432	0
123	G	H	MDG	ORI	0	442	0
124	G	H	MDG	ORI	0	437	0
125	G	H	MDG	ORI	0	433	0
126	G	H	MDG	ORI	0	438	0
127	G	H	MDG	ORI	0	436	0
128	G	H	MDG	ORI	0	436	0
129	G	H	MDG	ORI	0	435	0
130	G	H	MDG	ORI	0	433	0
131	G	H	MDG	ORI	0	446	0
132	G	H	MDG	ORI	0	442	0
133	G	H	MDG	ORI	0	441	0
134	G	H	MDG	ORI	0	444	0
135	G	H	MDG	ORI	0	433	0
136	G	H	MDG	ORI	0	432	0
137	G	H	MDG	ORI	0	433	0
138	G	H	MDG	ORI	0	438	0
139	G	H	MDG	ORI	0	433	0
140	G	H	MDG	ORI	0	433	0
141	G	H	MDG	ORI	0	427	0
142	G	H	MDG	ORI	0	425	0
143	G	H	MDG	ORI	0	430	0
144	G	H	MDG	ORI	0	434	0
145	G	H	MDG	ORI	0	446	0
146	G	H	MDG	ORI	0	439	0
147	G	H	MDG	ORI	0	433	0
148	G	H	MDG	ORI	0	437	0
149	G	H	MDG	ORI	0	425	0
150	G	H	MDG	ORI	0	440	0
151	G	H	MDG	ORI	0	445	0
152	G	H	MDG	ORI	0	435	0
153	G	H	MDG	ORI	0	438	0
154	G	H	MDG	ORI	0	445	0
155	G	H	MDG	ORI	0	432	0
156	G	H	MDG	ORI	0	429	0
157	G	H	MDG	ORI	0	432	0
158	G	H	MDG	ORI	0	435	0
159	G	H	MDG	ORI	0	441	0
160	G	H	MDG	ORI	0	439	0
161	G	H	MDG	ORI	0	438	0
162	G	H	MDG	ORI	0	436	0
163	G	H	MDG	ORI	0	434	0
164	G	H	MDG	ORI	0	437	0
165	G	H	MDG	ORI	0	428	0
166	G	H	MDG	ORI	0	436	0
167	G	H	MDG	ORI	0	433	0
168	G	H	MDG	ORI	0	435	0
169	G	H	MDG	ORI	0	434	0
170	G	H	MDG	ORI	0	432	0
171	G	H	MDG	ORI	0	434	0
172	G	H	MDG	ORI	0	444	0
173	G	H	MDG	ORI	0	440	0
174	G	H	MDG	ORI	0	435	0
175	G	H	MDG	ORI	0	429	0
176	G	H	MDG	ORI	0	437	0
177	G	H	MDG	ORI	0	434	0
178	G	H	MDG	ORI	0	442	0
179	G	H	MDG	ORI	0	447	0
180	G	H	MDG	ORI	0	442	0
181	G	H	MDG	ORI	0	435	0
182	G	H	MDG	ORI	0	441	0
183	G	H	MDG	ORI	0	437	0
184	G	H	MDG	ORI	0	436	0
185	G	H	MDG	ORI	0	434	0
186	G	H	MDG	ORI	0	437	0
187	G	H	MDG	ORI	0	433	0
188	G	H	MDG	ORI	0	430	0
189	G	H	MDG	ORI	0	443	0
190	G	H	MDG	ORI	0	434	0
191	G	H	MDG	ORI	0	429	0
192	G	H	MDG	ORI	0	430	0
193	G	H	MDG	ORI	0	431	0
194	G	H	MDG	ORI	0	423	0
195	G	H	MDG	ORI	0	433	0
196	G	H	MDG	ORI	0	436	0
197	G	H	MDG	ORI	0	444	0
198	G	H	MDG	ORI	0	446	0
199	G	H	MDG	ORI	0	434	0
200	G	H	MDG	ORI	0	431	0
201	G	H	MDG	ORI	0	435	0
202	G	H	MDG	ORI	0	427	0
203	G	H	MDG	ORI	0	433	0
204	G	H	MDG	ORI	0	437	0
205	G	H	MDG	ORI	0	431	0
206	G	H	MDG	ORI	0	435	0
207	G	H	MDG	ORI	0	442	0
208	G	H	MDG	ORI	0	434	0
209	G	H	MDG	ORI	0	438	0
210	G	H	MDG	ORI	0	434	0
211	G	H	MDG	ORI	0	440	0
212	G	H	MDG	ORI	0	447	0
213	G	H	MDG	ORI	0	436	0
214	G	H	MDG	ORI	0	428	0
215	G	H	MDG	ORI	0	448	0
216	G	H	MDG	ORI	1	442	0.0022624434389140274
217	G	H	MDG	ORI	0	433	0
218	G	H	MDG	ORI	0	431	0
219	G	H	MDG	ORI	0	434	0
220	G	H	MDG	ORI	0	445	0
221	G	H	MDG	ORI	0	422	0
222	G	H	MDG	ORI	0	425	0
223	G	H	MDG	ORI	0	431	0
224	G	H	MDG	ORI	0	432	0
225	G	H	MDG	ORI	0	431	0
226	G	H	MDG	ORI	0	430	0
227	G	H	MDG	ORI	0	441	0
228	G	H	MDG	ORI	0	444	0
229	G	H	MDG	ORI	0	446	0
230	G	H	MDG	ORI	0	439	0
231	G	H	MDG	ORI	0	435	0
232	G	H	MDG	ORI	0	434	0
233	G	H	MDG	ORI	0	437	0
234	G	H	MDG	ORI	0	435	0
235	G	H	MDG	ORI	0	434	0
236	G	H	MDG	ORI	0	431	0
237	G	H	MDG	ORI	0	447	0
238	G	H	MDG	ORI	0	438	0
239	G	H	MDG	ORI	0	427	0
240	G	H	MDG	ORI	0	437	0
241	G	H	MDG	ORI	0	431	0
242	G	H	MDG	ORI	0	441	0
243	G	H	MDG	ORI	0	440	0
244	G	H	MDG	ORI	1	438	0.0022831050228310501
245	G	H	MDG	ORI	0	435	0
246	G	H	MDG	ORI	0	441	0
247	G	H	MDG	ORI	0	433	0
248	G	H	MDG	ORI	0	435	0
249	G	H	MDG	ORI	0	445	0
250	G	H	MDG	ORI	0	431	0
251	G	H	MDG	ORI	0	444	0
252	G	H	MDG	ORI	0	439	0
253	G	H	MDG	ORI	0	431	0
254	G	H	MDG	ORI	0	428	0
255	G	H	MDG	ORI	0	436	0
256	G	H	MDG	ORI	0	431	0
257	G	H	MDG	ORI	0	436	0
258	G	H	MDG	ORI	0	440	0
259	G	H	MDG	ORI	0	436	0
260	G	H	MDG	ORI	0	431	0
261	G	H	MDG	ORI	0	445	0
262	G	H	MDG	ORI	0	435	0
263	G	H	MDG	ORI	0	430	0
264	G	H	MDG	ORI	0	438	0
265	G	H	MDG	ORI	0	434	0
266	G	H	MDG	ORI	0	429	0
267	G	H	MDG	ORI	0	437	0
268	G	H	MDG	ORI	0	431	0
269	G	H	MDG	ORI	0	433	0
270	G	H	MDG	ORI	0	430	0
271	G	H	MDG	ORI	0	428	0
272	G	H	MDG	ORI	0	433	0
273	G	H	MDG	ORI	1	438	0.0022831050228310501
274	G	H	MDG	ORI	0	435	0
275	G	H	MDG	ORI	0	443	0
276	G	H	MDG	ORI	0	425	0
277	G	H	MDG	ORI	0	433	0
278	G	H	MDG	ORI	0	439	0
279	G	H	MDG	ORI	0	434	0
280	G	H	MDG	ORI	0	434	0
281	G	H	MDG	ORI	0	446	0
282	G	H	MDG	ORI	0	440	0
283	G	H	MDG	ORI	0	430	0
284	G	H	MDG	ORI	0	437	0
285	G	H	MDG	ORI	0	430	0
286	G	H	MDG	ORI	0	425	0
287	G	H	MDG	ORI	0	430	0
288	G	H	MDG	ORI	0	444	0
289	G	H	MDG	ORI	0	435	0
290	G	H	MDG	ORI	0	426	0
291	G	H	MDG	ORI	0	434	0
292	G	H	MDG	ORI	0	427	0
293	G	H	MDG	ORI	0	437	0
294	G	H	MDG	ORI	0	437	0
295	G	H	MDG	ORI	0	436	0
296	G	H	MDG	ORI	0	432	0
297	G	H	MDG	ORI	0	441	0
298	G	H	MDG	ORI	0	437	0
299	G	H	MDG	ORI	0	431	0
300	G	H	MDG	ORI	0	435	0
1	I	H	SAM	ORI	0	433	0
2	I	H	SAM	ORI	0	440	0
3	I	H	SAM	ORI	0	440	0
4	I	H	SAM	ORI	0	434	0
5	I	H	SAM	ORI	0	436	0
6	I	H	SAM	ORI	0	437	0
7	I	H	SAM	ORI	0	432	0
8	I	H	SAM	ORI	0	442	0
9	I	H	SAM	ORI	0	431	0
10	I	H	SAM	ORI	0	433	0
11	I	H	SAM	ORI	0	437	0
12	I	H	SAM	ORI	0	436	0
13	I	H	SAM	ORI	0	444	0
14	I	H	SAM	ORI	0	442	0
15	I	H	SAM	ORI	0	427	0
16	I	H	SAM	ORI	0	444	0
17	I	H	SAM	ORI	0	438	0
18	I	H	SAM	ORI	0	440	0
19	I	H	SAM	ORI	0	429	0
20	I	H	SAM	ORI	0	430	0
21	I	H	SAM	ORI	0	429	0
22	I	H	SAM	ORI	0	435	0
23	I	H	SAM	ORI	0	430	0
24	I	H	SAM	ORI	0	443	0
25	I	H	SAM	ORI	0	434	0
26	I	H	SAM	ORI	0	438	0
27	I	H	SAM	ORI	0	436	0
28	I	H	SAM	ORI	0	438	0
29	I	H	SAM	ORI	0	436	0
30	I	H	SAM	ORI	0	439	0
31	I	H	SAM	ORI	0	438	0
32	I	H	SAM	ORI	0	439	0
33	I	H	SAM	ORI	0	436	0
34	I	H	SAM	ORI	0	438	0
35	I	H	SAM	ORI	0	438	0
36	I	H	SAM	ORI	0	440	0
37	I	H	SAM	ORI	0	442	0
38	I	H	SAM	ORI	0	437	0
39	I	H	SAM	ORI	0	434	0
40	I	H	SAM	ORI	0	442	0
41	I	H	SAM	ORI	0	444	0
42	I	H	SAM	ORI	0	427	0
43	I	H	SAM	ORI	0	434	0
44	I	H	SAM	ORI	0	430	0
45	I	H	SAM	ORI	0	431	0
46	I	H	SAM	ORI	0	429	0
47	I	H	SAM	ORI	0	444	0
48	I	H	SAM	ORI	0	441	0
49	I	H	SAM	ORI	0	431	0
50	I	H	SAM	ORI	0	424	0
51	I	H	SAM	ORI	0	428	0
52	I	H	SAM	ORI	0	428	0
53	I	H	SAM	ORI	0	444	0
54	I	H	SAM	ORI	0	439	0
55	I	H	SAM	ORI	0	435	0
56	I	H	SAM	ORI	0	437	0
57	I	H	SAM	ORI	0	433	0
58	I	H	SAM	ORI	0	441	0
59	I	H	SAM	ORI	0	424	0
60	I	H	SAM	ORI	0	440	0
61	I	H	SAM	ORI	0	436	0
62	I	H	SAM	ORI	0	422	0
63	I	H	SAM	ORI	0	433	0
64	I	H	SAM	ORI	0	433	0
65	I	H	SAM	ORI	0	432	0
66	I	H	SAM	ORI	0	445	0
67	I	H	SAM	ORI	0	430	0
68	I	H	SAM	ORI	0	438	0
69	I	H	SAM	ORI	0	438	0
70	I	H	SAM	ORI	0	439	0
71	I	H	SAM	ORI	0	432	0
72	I	H	SAM	ORI	0	436	0
73	I	H	SAM	ORI	0	435	0
74	I	H	SAM	ORI	0	436	0
75	I	H	SAM	ORI	0	452	0
76	I	H	SAM	ORI	0	441	0
77	I	H	SAM	ORI	0	441	0
78	I	H	SAM	ORI	0	435	0
79	I	H	SAM	ORI	0	425	0
80	I	H	SAM	ORI	0	440	0
81	I	H	SAM	ORI	0	436	0
82	I	H	SAM	ORI	0	435	0
83	I	H	SAM	ORI	0	426	0
84	I	H	SAM	ORI	0	447	0
85	I	H	SAM	ORI	0	434	0
86	I	H	SAM	ORI	0	431	0
87	I	H	SAM	ORI	0	432	0
88	I	H	SAM	ORI	0	445	0
89	I	H	SAM	ORI	0	432	0
90	I	H	SAM	ORI	0	431	0
91	I	H	SAM	ORI	0	436	0
92	I	H	SAM	ORI	0	442	0
93	I	H	SAM	ORI	0	426	0
94	I	H	SAM	ORI	0	426	0
95	I	H	SAM	ORI	0	431	0
96	I	H	SAM	ORI	0	439	0
97	I	H	SAM	ORI	0	436	0
98	I	H	SAM	ORI	0	433	0
99	I	H	SAM	ORI	0	434	0
100	I	H	SAM	ORI	0	439	0
101	I	H	SAM	ORI	0	435	0
102	I	H	SAM	ORI	0	448	0
103	I	H	SAM	ORI	0	438	0
104	I	H	SAM	ORI	0	431	0
105	I	H	SAM	ORI	0	435	0
106	I	H	SAM	ORI	0	435	0
107	I	H	SAM	ORI	0	443	0
108	I	H	SAM	ORI	0	426	0
109	I	H	SAM	ORI	0	444	0
110	I	H	SAM	ORI	0	427	0
111	I	H	SAM	ORI	0	447	0
112	I	H	SAM	ORI	0	436	0
113	I	H	SAM	ORI	0	432	0
114	I	H	SAM	ORI	0	442	0
115	I	H	SAM	ORI	0	435	0
116	I	H	SAM	ORI	0	445	0
117	I	H	SAM	ORI	0	441	0
118	I	H	SAM	ORI	0	436	0
119	I	H	SAM	ORI	0	439	0
120	I	H	SAM	ORI	0	451	0
121	I	H	SAM	ORI	0	443	0
122	I	H	SAM	ORI	0	432	0
123	I	H	SAM	ORI	0	442	0
124	I	H	SAM	ORI	0	437	0
125	I	H	SAM	ORI	0	433	0
126	I	H	SAM	ORI	0	438	0
127	I	H	SAM	ORI	0	436	0
128	I	H	SAM	ORI	0	436	0
129	I	H	SAM	ORI	0	435	0
130	I	H	SAM	ORI	0	433	0
131	I	H	SAM	ORI	0	446	0
132	I	H	SAM	ORI	0	442	0
133	I	H	SAM	ORI	0	441	0
134	I	H	SAM	ORI	0	444	0
135	I	H	SAM	ORI	0	433	0
136	I	H	SAM	ORI	0	432	0
137	I	H	SAM	ORI	0	433	0
138	I	H	SAM	ORI	0	438	0
139	I	H	SAM	ORI	0	433	0
140	I	H	SAM	ORI	0	433	0
141	I	H	SAM	ORI	0	427	0
142	I	H	SAM	ORI	0	425	0
143	I	H	SAM	ORI	0	430	0
144	I	H	SAM	ORI	0	434	0
145	I	H	SAM	ORI	0	446	0
146	I	H	SAM	ORI	0	439	0
147	I	H	SAM	ORI	0	433	0
148	I	H	SAM	ORI	0	437	0
149	I	H	SAM	ORI	0	425	0
150	I	H	SAM	ORI	0	440	0
151	I	H	SAM	ORI	0	445	0
152	I	H	SAM	ORI	0	435	0
153	I	H	SAM	ORI	0	438	0
154	I	H	SAM	ORI	0	445	0
155	I	H	SAM	ORI	0	432	0
156	I	H	SAM	ORI	0	429	0
157	I	H	SAM	ORI	0	432	0
158	I	H	SAM	ORI	0	435	0
159	I	H	SAM	ORI	0	441	0
160	I	H	SAM	ORI	0	439	0
161	I	H	SAM	ORI	0	438	0
162	I	H	SAM	ORI	0	436	0
163	I	H	SAM	ORI	0	434	0
164	I	H	SAM	ORI	0	437	0
165	I	H	SAM	ORI	0	428	0
166	I	H	SAM	ORI	0	436	0
167	I	H	SAM	ORI	0	433	0
168	I	H	SAM	ORI	0	435	0
169	I	H	SAM	ORI	0	434	0
170	I	H	SAM	ORI	0	432	0
171	I	H	SAM	ORI	0	434	0
172	I	H	SAM	ORI	0	444	0
173	I	H	SAM	ORI	0	440	0
174	I	H	SAM	ORI	0	435	0
175	I	H	SAM	ORI	0	429	0
176	I	H	SAM	ORI	0	437	0
177	I	H	SAM	ORI	0	434	0
178	I	H	SAM	ORI	0	442	0
179	I	H	SAM	ORI	0	447	0
180	I	H	SAM	ORI	0	442	0
181	I	H	SAM	ORI	0	435	0
182	I	H	SAM	ORI	0	441	0
183	I	H	SAM	ORI	0	437	0
184	I	H	SAM	ORI	0	436	0
185	I	H	SAM	ORI	0	434	0
186	I	H	SAM	ORI	0	437	0
187	I	H	SAM	ORI	0	433	0
188	I	H	SAM	ORI	0	430	0
189	I	H	SAM	ORI	0	443	0
190	I	H	SAM	ORI	0	434	0
191	I	H	SAM	ORI	0	429	0
192	I	H	SAM	ORI	0	430	0
193	I	H	SAM	ORI	0	431	0
194	I	H	SAM	ORI	0	423	0
195	I	H	SAM	ORI	0	433	0
196	I	H	SAM	ORI	0	436	0
197	I	H	SAM	ORI	0	444	0
198	I	H	SAM	ORI	0	446	0
199	I	H	SAM	ORI	0	434	0
200	I	H	SAM	ORI	0	431	0
201	I	H	SAM	ORI	0	435	0
202	I	H	SAM	ORI	0	427	0
203	I	H	SAM	ORI	0	433	0
204	I	H	SAM	ORI	0	437	0
205	I	H	SAM	ORI	0	431	0
206	I	H	SAM	ORI	0	435	0
207	I	H	SAM	ORI	0	442	0
208	I	H	SAM	ORI	0	434	0
209	I	H	SAM	ORI	0	438	0
210	I	H	SAM	ORI	0	434	0
211	I	H	SAM	ORI	0	440	0
212	I	H	SAM	ORI	0	447	0
213	I	H	SAM	ORI	0	436	0
214	I	H	SAM	ORI	0	428	0
215	I	H	SAM	ORI	0	448	0
216	I	H	SAM	ORI	0	442	0
217	I	H	SAM	ORI	0	433	0
218	I	H	SAM	ORI	0	431	0
219	I	H	SAM	ORI	0	434	0
220	I	H	SAM	ORI	0	445	0
221	I	H	SAM	ORI	0	422	0
222	I	H	SAM	ORI	0	425	0
223	I	H	SAM	ORI	0	431	0
224	I	H	SAM	ORI	0	432	0
225	I	H	SAM	ORI	0	431	0
226	I	H	SAM	ORI	0	430	0
227	I	H	SAM	ORI	0	441	0
228	I	H	SAM	ORI	0	444	0
229	I	H	SAM	ORI	0	446	0
230	I	H	SAM	ORI	0	439	0
231	I	H	SAM	ORI	0	435	0
232	I	H	SAM	ORI	0	434	0
233	I	H	SAM	ORI	0	437	0
234	I	H	SAM	ORI	0	435	0
235	I	H	SAM	ORI	0	434	0
236	I	H	SAM	ORI	0	431	0
237	I	H	SAM	ORI	0	447	0
238	I	H	SAM	ORI	0	438	0
239	I	H	SAM	ORI	0	427	0
240	I	H	SAM	ORI	0	437	0
241	I	H	SAM	ORI	0	431	0
242	I	H	SAM	ORI	0	441	0
243	I	H	SAM	ORI	0	440	0
244	I	H	SAM	ORI	0	438	0
245	I	H	SAM	ORI	0	435	0
246	I	H	SAM	ORI	0	441	0
247	I	H	SAM	ORI	0	433	0
248	I	H	SAM	ORI	0	435	0
249	I	H	SAM	ORI	0	445	0
250	I	H	SAM	ORI	0	431	0
251	I	H	SAM	ORI	0	444	0
252	I	H	SAM	ORI	0	439	0
253	I	H	SAM	ORI	0	431	0
254	I	H	SAM	ORI	0	428	0
255	I	H	SAM	ORI	0	436	0
256	I	H	SAM	ORI	0	431	0
257	I	H	SAM	ORI	0	436	0
258	I	H	SAM	ORI	0	440	0
259	I	H	SAM	ORI	0	436	0
260	I	H	SAM	ORI	0	431	0
261	I	H	SAM	ORI	0	445	0
262	I	H	SAM	ORI	0	435	0
263	I	H	SAM	ORI	0	430	0
264	I	H	SAM	ORI	0	438	0
265	I	H	SAM	ORI	0	434	0
266	I	H	SAM	ORI	0	429	0
267	I	H	SAM	ORI	0	437	0
268	I	H	SAM	ORI	0	431	0
269	I	H	SAM	ORI	0	433	0
270	I	H	SAM	ORI	0	430	0
271	I	H	SAM	ORI	0	428	0
272	I	H	SAM	ORI	0	433	0
273	I	H	SAM	ORI	0	438	0
274	I	H	SAM	ORI	0	435	0
275	I	H	SAM	ORI	0	443	0
276	I	H	SAM	ORI	0	425	0
277	I	H	SAM	ORI	0	433	0
278	I	H	SAM	ORI	0	439	0
279	I	H	SAM	ORI	0	434	0
280	I	H	SAM	ORI	0	434	0
281	I	H	SAM	ORI	0	446	0
282	I	H	SAM	ORI	0	440	0
283	I	H	SAM	ORI	0	430	0
284	I	H	SAM	ORI	0	437	0
285	I	H	SAM	ORI	0	430	0
286	I	H	SAM	ORI	0	425	0
287	I	H	SAM	ORI	0	430	0
288	I	H	SAM	ORI	0	444	0
289	I	H	SAM	ORI	0	435	0
290	I	H	SAM	ORI	0	426	0
291	I	H	SAM	ORI	0	434	0
292	I	H	SAM	ORI	0	427	0
293	I	H	SAM	ORI	0	437	0
294	I	H	SAM	ORI	0	437	0
295	I	H	SAM	ORI	0	436	0
296	I	H	SAM	ORI	0	432	0
297	I	H	SAM	ORI	0	441	0
298	I	H	SAM	ORI	0	437	0
299	I	H	SAM	ORI	0	431	0
300	I	H	SAM	ORI	0	435	0
1	J	H	WNA	ORI	0	433	0
2	J	H	WNA	ORI	0	440	0
3	J	H	WNA	ORI	0	440	0
4	J	H	WNA	ORI	0	434	0
5	J	H	WNA	ORI	0	436	0
6	J	H	WNA	ORI	0	437	0
7	J	H	WNA	ORI	0	432	0
8	J	H	WNA	ORI	0	442	0
9	J	H	WNA	ORI	0	431	0
10	J	H	WNA	ORI	0	433	0
11	J	H	WNA	ORI	0	437	0
12	J	H	WNA	ORI	0	436	0
13	J	H	WNA	ORI	0	444	0
14	J	H	WNA	ORI	0	442	0
15	J	H	WNA	ORI	0	427	0
16	J	H	WNA	ORI	0	444	0
17	J	H	WNA	ORI	0	438	0
18	J	H	WNA	ORI	0	440	0
19	J	H	WNA	ORI	0	429	0
20	J	H	WNA	ORI	0	430	0
21	J	H	WNA	ORI	0	429	0
22	J	H	WNA	ORI	0	435	0
23	J	H	WNA	ORI	0	430	0
24	J	H	WNA	ORI	0	443	0
25	J	H	WNA	ORI	0	434	0
26	J	H	WNA	ORI	0	438	0
27	J	H	WNA	ORI	0	436	0
28	J	H	WNA	ORI	0	438	0
29	J	H	WNA	ORI	0	436	0
30	J	H	WNA	ORI	0	439	0
31	J	H	WNA	ORI	0	438	0
32	J	H	WNA	ORI	0	439	0
33	J	H	WNA	ORI	0	436	0
34	J	H	WNA	ORI	0	438	0
35	J	H	WNA	ORI	0	438	0
36	J	H	WNA	ORI	0	440	0
37	J	H	WNA	ORI	0	442	0
38	J	H	WNA	ORI	0	437	0
39	J	H	WNA	ORI	0	434	0
40	J	H	WNA	ORI	0	442	0
41	J	H	WNA	ORI	0	444	0
42	J	H	WNA	ORI	0	427	0
43	J	H	WNA	ORI	0	434	0
44	J	H	WNA	ORI	0	430	0
45	J	H	WNA	ORI	0	431	0
46	J	H	WNA	ORI	0	429	0
47	J	H	WNA	ORI	0	444	0
48	J	H	WNA	ORI	1	441	0.0022675736961451248
49	J	H	WNA	ORI	0	431	0
50	J	H	WNA	ORI	0	424	0
51	J	H	WNA	ORI	0	428	0
52	J	H	WNA	ORI	0	428	0
53	J	H	WNA	ORI	0	444	0
54	J	H	WNA	ORI	0	439	0
55	J	H	WNA	ORI	0	435	0
56	J	H	WNA	ORI	0	437	0
57	J	H	WNA	ORI	0	433	0
58	J	H	WNA	ORI	0	441	0
59	J	H	WNA	ORI	0	424	0
60	J	H	WNA	ORI	0	440	0
61	J	H	WNA	ORI	0	436	0
62	J	H	WNA	ORI	0	422	0
63	J	H	WNA	ORI	0	433	0
64	J	H	WNA	ORI	0	433	0
65	J	H	WNA	ORI	0	432	0
66	J	H	WNA	ORI	0	445	0
67	J	H	WNA	ORI	0	430	0
68	J	H	WNA	ORI	0	438	0
69	J	H	WNA	ORI	0	438	0
70	J	H	WNA	ORI	0	439	0
71	J	H	WNA	ORI	0	432	0
72	J	H	WNA	ORI	0	436	0
73	J	H	WNA	ORI	0	435	0
74	J	H	WNA	ORI	0	436	0
75	J	H	WNA	ORI	1	452	0.0022123893805309734
76	J	H	WNA	ORI	0	441	0
77	J	H	WNA	ORI	0	441	0
78	J	H	WNA	ORI	0	435	0
79	J	H	WNA	ORI	0	425	0
80	J	H	WNA	ORI	0	440	0
81	J	H	WNA	ORI	0	436	0
82	J	H	WNA	ORI	0	435	0
83	J	H	WNA	ORI	0	426	0
84	J	H	WNA	ORI	0	447	0
85	J	H	WNA	ORI	0	434	0
86	J	H	WNA	ORI	0	431	0
87	J	H	WNA	ORI	0	432	0
88	J	H	WNA	ORI	0	445	0
89	J	H	WNA	ORI	0	432	0
90	J	H	WNA	ORI	0	431	0
91	J	H	WNA	ORI	0	436	0
92	J	H	WNA	ORI	0	442	0
93	J	H	WNA	ORI	0	426	0
94	J	H	WNA	ORI	0	426	0
95	J	H	WNA	ORI	0	431	0
96	J	H	WNA	ORI	0	439	0
97	J	H	WNA	ORI	0	436	0
98	J	H	WNA	ORI	0	433	0
99	J	H	WNA	ORI	0	434	0
100	J	H	WNA	ORI	0	439	0
101	J	H	WNA	ORI	0	435	0
102	J	H	WNA	ORI	0	448	0
103	J	H	WNA	ORI	0	438	0
104	J	H	WNA	ORI	0	431	0
105	J	H	WNA	ORI	0	435	0
106	J	H	WNA	ORI	0	435	0
107	J	H	WNA	ORI	0	443	0
108	J	H	WNA	ORI	0	426	0
109	J	H	WNA	ORI	0	444	0
110	J	H	WNA	ORI	0	427	0
111	J	H	WNA	ORI	0	447	0
112	J	H	WNA	ORI	0	436	0
113	J	H	WNA	ORI	0	432	0
114	J	H	WNA	ORI	0	442	0
115	J	H	WNA	ORI	0	435	0
116	J	H	WNA	ORI	0	445	0
117	J	H	WNA	ORI	0	441	0
118	J	H	WNA	ORI	0	436	0
119	J	H	WNA	ORI	0	439	0
120	J	H	WNA	ORI	0	451	0
121	J	H	WNA	ORI	0	443	0
122	J	H	WNA	ORI	0	432	0
123	J	H	WNA	ORI	0	442	0
124	J	H	WNA	ORI	0	437	0
125	J	H	WNA	ORI	0	433	0
126	J	H	WNA	ORI	0	438	0
127	J	H	WNA	ORI	0	436	0
128	J	H	WNA	ORI	0	436	0
129	J	H	WNA	ORI	0	435	0
130	J	H	WNA	ORI	0	433	0
131	J	H	WNA	ORI	0	446	0
132	J	H	WNA	ORI	0	442	0
133	J	H	WNA	ORI	0	441	0
134	J	H	WNA	ORI	0	444	0
135	J	H	WNA	ORI	0	433	0
136	J	H	WNA	ORI	0	432	0
137	J	H	WNA	ORI	0	433	0
138	J	H	WNA	ORI	0	438	0
139	J	H	WNA	ORI	0	433	0
140	J	H	WNA	ORI	0	433	0
141	J	H	WNA	ORI	0	427	0
142	J	H	WNA	ORI	0	425	0
143	J	H	WNA	ORI	0	430	0
144	J	H	WNA	ORI	0	434	0
145	J	H	WNA	ORI	0	446	0
146	J	H	WNA	ORI	0	439	0
147	J	H	WNA	ORI	0	433	0
148	J	H	WNA	ORI	0	437	0
149	J	H	WNA	ORI	0	425	0
150	J	H	WNA	ORI	0	440	0
151	J	H	WNA	ORI	0	445	0
152	J	H	WNA	ORI	0	435	0
153	J	H	WNA	ORI	0	438	0
154	J	H	WNA	ORI	0	445	0
155	J	H	WNA	ORI	0	432	0
156	J	H	WNA	ORI	0	429	0
157	J	H	WNA	ORI	0	432	0
158	J	H	WNA	ORI	0	435	0
159	J	H	WNA	ORI	0	441	0
160	J	H	WNA	ORI	0	439	0
161	J	H	WNA	ORI	0	438	0
162	J	H	WNA	ORI	0	436	0
163	J	H	WNA	ORI	0	434	0
164	J	H	WNA	ORI	0	437	0
165	J	H	WNA	ORI	0	428	0
166	J	H	WNA	ORI	0	436	0
167	J	H	WNA	ORI	0	433	0
168	J	H	WNA	ORI	0	435	0
169	J	H	WNA	ORI	0	434	0
170	J	H	WNA	ORI	0	432	0
171	J	H	WNA	ORI	0	434	0
172	J	H	WNA	ORI	0	444	0
173	J	H	WNA	ORI	0	440	0
174	J	H	WNA	ORI	0	435	0
175	J	H	WNA	ORI	0	429	0
176	J	H	WNA	ORI	0	437	0
177	J	H	WNA	ORI	0	434	0
178	J	H	WNA	ORI	0	442	0
179	J	H	WNA	ORI	0	447	0
180	J	H	WNA	ORI	0	442	0
181	J	H	WNA	ORI	0	435	0
182	J	H	WNA	ORI	0	441	0
183	J	H	WNA	ORI	0	437	0
184	J	H	WNA	ORI	0	436	0
185	J	H	WNA	ORI	0	434	0
186	J	H	WNA	ORI	0	437	0
187	J	H	WNA	ORI	0	433	0
188	J	H	WNA	ORI	0	430	0
189	J	H	WNA	ORI	0	443	0
190	J	H	WNA	ORI	0	434	0
191	J	H	WNA	ORI	0	429	0
192	J	H	WNA	ORI	0	430	0
193	J	H	WNA	ORI	0	431	0
194	J	H	WNA	ORI	0	423	0
195	J	H	WNA	ORI	0	433	0
196	J	H	WNA	ORI	0	436	0
197	J	H	WNA	ORI	0	444	0
198	J	H	WNA	ORI	0	446	0
199	J	H	WNA	ORI	0	434	0
200	J	H	WNA	ORI	0	431	0
201	J	H	WNA	ORI	0	435	0
202	J	H	WNA	ORI	0	427	0
203	J	H	WNA	ORI	0	433	0
204	J	H	WNA	ORI	0	437	0
205	J	H	WNA	ORI	0	431	0
206	J	H	WNA	ORI	0	435	0
207	J	H	WNA	ORI	0	442	0
208	J	H	WNA	ORI	0	434	0
209	J	H	WNA	ORI	0	438	0
210	J	H	WNA	ORI	0	434	0
211	J	H	WNA	ORI	0	440	0
212	J	H	WNA	ORI	0	447	0
213	J	H	WNA	ORI	0	436	0
214	J	H	WNA	ORI	0	428	0
215	J	H	WNA	ORI	0	448	0
216	J	H	WNA	ORI	0	442	0
217	J	H	WNA	ORI	0	433	0
218	J	H	WNA	ORI	0	431	0
219	J	H	WNA	ORI	0	434	0
220	J	H	WNA	ORI	0	445	0
221	J	H	WNA	ORI	0	422	0
222	J	H	WNA	ORI	0	425	0
223	J	H	WNA	ORI	0	431	0
224	J	H	WNA	ORI	0	432	0
225	J	H	WNA	ORI	0	431	0
226	J	H	WNA	ORI	0	430	0
227	J	H	WNA	ORI	0	441	0
228	J	H	WNA	ORI	0	444	0
229	J	H	WNA	ORI	0	446	0
230	J	H	WNA	ORI	0	439	0
231	J	H	WNA	ORI	0	435	0
232	J	H	WNA	ORI	0	434	0
233	J	H	WNA	ORI	0	437	0
234	J	H	WNA	ORI	0	435	0
235	J	H	WNA	ORI	0	434	0
236	J	H	WNA	ORI	0	431	0
237	J	H	WNA	ORI	0	447	0
238	J	H	WNA	ORI	0	438	0
239	J	H	WNA	ORI	0	427	0
240	J	H	WNA	ORI	0	437	0
241	J	H	WNA	ORI	0	431	0
242	J	H	WNA	ORI	0	441	0
243	J	H	WNA	ORI	0	440	0
244	J	H	WNA	ORI	0	438	0
245	J	H	WNA	ORI	0	435	0
246	J	H	WNA	ORI	0	441	0
247	J	H	WNA	ORI	0	433	0
248	J	H	WNA	ORI	0	435	0
249	J	H	WNA	ORI	0	445	0
250	J	H	WNA	ORI	0	431	0
251	J	H	WNA	ORI	0	444	0
252	J	H	WNA	ORI	0	439	0
253	J	H	WNA	ORI	0	431	0
254	J	H	WNA	ORI	0	428	0
255	J	H	WNA	ORI	0	436	0
256	J	H	WNA	ORI	0	431	0
257	J	H	WNA	ORI	0	436	0
258	J	H	WNA	ORI	0	440	0
259	J	H	WNA	ORI	1	436	0.0022935779816513763
260	J	H	WNA	ORI	0	431	0
261	J	H	WNA	ORI	0	445	0
262	J	H	WNA	ORI	0	435	0
263	J	H	WNA	ORI	0	430	0
264	J	H	WNA	ORI	0	438	0
265	J	H	WNA	ORI	0	434	0
266	J	H	WNA	ORI	0	429	0
267	J	H	WNA	ORI	0	437	0
268	J	H	WNA	ORI	0	431	0
269	J	H	WNA	ORI	0	433	0
270	J	H	WNA	ORI	0	430	0
271	J	H	WNA	ORI	0	428	0
272	J	H	WNA	ORI	0	433	0
273	J	H	WNA	ORI	0	438	0
274	J	H	WNA	ORI	0	435	0
275	J	H	WNA	ORI	0	443	0
276	J	H	WNA	ORI	0	425	0
277	J	H	WNA	ORI	0	433	0
278	J	H	WNA	ORI	0	439	0
279	J	H	WNA	ORI	0	434	0
280	J	H	WNA	ORI	0	434	0
281	J	H	WNA	ORI	0	446	0
282	J	H	WNA	ORI	0	440	0
283	J	H	WNA	ORI	0	430	0
284	J	H	WNA	ORI	0	437	0
285	J	H	WNA	ORI	0	430	0
286	J	H	WNA	ORI	0	425	0
287	J	H	WNA	ORI	0	430	0
288	J	H	WNA	ORI	0	444	0
289	J	H	WNA	ORI	0	435	0
290	J	H	WNA	ORI	0	426	0
291	J	H	WNA	ORI	0	434	0
292	J	H	WNA	ORI	0	427	0
293	J	H	WNA	ORI	0	437	0
294	J	H	WNA	ORI	0	437	0
295	J	H	WNA	ORI	0	436	0
296	J	H	WNA	ORI	0	432	0
297	J	H	WNA	ORI	0	441	0
298	J	H	WNA	ORI	0	437	0
299	J	H	WNA	ORI	0	431	0
300	J	H	WNA	ORI	0	435	0
1	K	H	WPA	ORI	0	433	0
2	K	H	WPA	ORI	0	440	0
3	K	H	WPA	ORI	0	440	0
4	K	H	WPA	ORI	0	434	0
5	K	H	WPA	ORI	0	436	0
6	K	H	WPA	ORI	0	437	0
7	K	H	WPA	ORI	1	432	0.0023148148148148147
8	K	H	WPA	ORI	0	442	0
9	K	H	WPA	ORI	0	431	0
10	K	H	WPA	ORI	0	433	0
11	K	H	WPA	ORI	0	437	0
12	K	H	WPA	ORI	0	436	0
13	K	H	WPA	ORI	0	444	0
14	K	H	WPA	ORI	0	442	0
15	K	H	WPA	ORI	0	427	0
16	K	H	WPA	ORI	0	444	0
17	K	H	WPA	ORI	0	438	0
18	K	H	WPA	ORI	0	440	0
19	K	H	WPA	ORI	0	429	0
20	K	H	WPA	ORI	0	430	0
21	K	H	WPA	ORI	0	429	0
22	K	H	WPA	ORI	0	435	0
23	K	H	WPA	ORI	0	430	0
24	K	H	WPA	ORI	0	443	0
25	K	H	WPA	ORI	0	434	0
26	K	H	WPA	ORI	0	438	0
27	K	H	WPA	ORI	0	436	0
28	K	H	WPA	ORI	0	438	0
29	K	H	WPA	ORI	0	436	0
30	K	H	WPA	ORI	0	439	0
31	K	H	WPA	ORI	0	438	0
32	K	H	WPA	ORI	0	439	0
33	K	H	WPA	ORI	0	436	0
34	K	H	WPA	ORI	0	438	0
35	K	H	WPA	ORI	0	438	0
36	K	H	WPA	ORI	0	440	0
37	K	H	WPA	ORI	0	442	0
38	K	H	WPA	ORI	0	437	0
39	K	H	WPA	ORI	0	434	0
40	K	H	WPA	ORI	0	442	0
41	K	H	WPA	ORI	0	444	0
42	K	H	WPA	ORI	0	427	0
43	K	H	WPA	ORI	0	434	0
44	K	H	WPA	ORI	0	430	0
45	K	H	WPA	ORI	0	431	0
46	K	H	WPA	ORI	0	429	0
47	K	H	WPA	ORI	0	444	0
48	K	H	WPA	ORI	0	441	0
49	K	H	WPA	ORI	0	431	0
50	K	H	WPA	ORI	0	424	0
51	K	H	WPA	ORI	0	428	0
52	K	H	WPA	ORI	0	428	0
53	K	H	WPA	ORI	0	444	0
54	K	H	WPA	ORI	1	439	0.0022779043280182231
55	K	H	WPA	ORI	0	435	0
56	K	H	WPA	ORI	0	437	0
57	K	H	WPA	ORI	0	433	0
58	K	H	WPA	ORI	0	441	0
59	K	H	WPA	ORI	0	424	0
60	K	H	WPA	ORI	1	440	0.0022727272727272726
61	K	H	WPA	ORI	1	436	0.0022935779816513763
62	K	H	WPA	ORI	0	422	0
63	K	H	WPA	ORI	0	433	0
64	K	H	WPA	ORI	0	433	0
65	K	H	WPA	ORI	0	432	0
66	K	H	WPA	ORI	0	445	0
67	K	H	WPA	ORI	0	430	0
68	K	H	WPA	ORI	0	438	0
69	K	H	WPA	ORI	0	438	0
70	K	H	WPA	ORI	0	439	0
71	K	H	WPA	ORI	0	432	0
72	K	H	WPA	ORI	0	436	0
73	K	H	WPA	ORI	0	435	0
74	K	H	WPA	ORI	0	436	0
75	K	H	WPA	ORI	0	452	0
76	K	H	WPA	ORI	0	441	0
77	K	H	WPA	ORI	0	441	0
78	K	H	WPA	ORI	1	435	0.0022988505747126436
79	K	H	WPA	ORI	0	425	0
80	K	H	WPA	ORI	0	440	0
81	K	H	WPA	ORI	0	436	0
82	K	H	WPA	ORI	0	435	0
83	K	H	WPA	ORI	0	426	0
84	K	H	WPA	ORI	0	447	0
85	K	H	WPA	ORI	0	434	0
86	K	H	WPA	ORI	0	431	0
87	K	H	WPA	ORI	0	432	0
88	K	H	WPA	ORI	0	445	0
89	K	H	WPA	ORI	0	432	0
90	K	H	WPA	ORI	0	431	0
91	K	H	WPA	ORI	0	436	0
92	K	H	WPA	ORI	0	442	0
93	K	H	WPA	ORI	0	426	0
94	K	H	WPA	ORI	0	426	0
95	K	H	WPA	ORI	0	431	0
96	K	H	WPA	ORI	0	439	0
97	K	H	WPA	ORI	0	436	0
98	K	H	WPA	ORI	0	433	0
99	K	H	WPA	ORI	0	434	0
100	K	H	WPA	ORI	0	439	0
101	K	H	WPA	ORI	0	435	0
102	K	H	WPA	ORI	1	448	0.002232142857142857
103	K	H	WPA	ORI	0	438	0
104	K	H	WPA	ORI	0	431	0
105	K	H	WPA	ORI	0	435	0
106	K	H	WPA	ORI	0	435	0
107	K	H	WPA	ORI	0	443	0
108	K	H	WPA	ORI	0	426	0
109	K	H	WPA	ORI	0	444	0
110	K	H	WPA	ORI	0	427	0
111	K	H	WPA	ORI	0	447	0
112	K	H	WPA	ORI	0	436	0
113	K	H	WPA	ORI	0	432	0
114	K	H	WPA	ORI	0	442	0
115	K	H	WPA	ORI	0	435	0
116	K	H	WPA	ORI	0	445	0
117	K	H	WPA	ORI	0	441	0
118	K	H	WPA	ORI	0	436	0
119	K	H	WPA	ORI	0	439	0
120	K	H	WPA	ORI	0	451	0
121	K	H	WPA	ORI	0	443	0
122	K	H	WPA	ORI	0	432	0
123	K	H	WPA	ORI	0	442	0
124	K	H	WPA	ORI	0	437	0
125	K	H	WPA	ORI	0	433	0
126	K	H	WPA	ORI	0	438	0
127	K	H	WPA	ORI	0	436	0
128	K	H	WPA	ORI	0	436	0
129	K	H	WPA	ORI	0	435	0
130	K	H	WPA	ORI	0	433	0
131	K	H	WPA	ORI	0	446	0
132	K	H	WPA	ORI	0	442	0
133	K	H	WPA	ORI	0	441	0
134	K	H	WPA	ORI	0	444	0
135	K	H	WPA	ORI	0	433	0
136	K	H	WPA	ORI	0	432	0
137	K	H	WPA	ORI	0	433	0
138	K	H	WPA	ORI	0	438	0
139	K	H	WPA	ORI	1	433	0.0023094688221709007
140	K	H	WPA	ORI	0	433	0
141	K	H	WPA	ORI	0	427	0
142	K	H	WPA	ORI	0	425	0
143	K	H	WPA	ORI	0	430	0
144	K	H	WPA	ORI	0	434	0
145	K	H	WPA	ORI	0	446	0
146	K	H	WPA	ORI	0	439	0
147	K	H	WPA	ORI	0	433	0
148	K	H	WPA	ORI	0	437	0
149	K	H	WPA	ORI	0	425	0
150	K	H	WPA	ORI	0	440	0
151	K	H	WPA	ORI	0	445	0
152	K	H	WPA	ORI	0	435	0
153	K	H	WPA	ORI	0	438	0
154	K	H	WPA	ORI	0	445	0
155	K	H	WPA	ORI	0	432	0
156	K	H	WPA	ORI	0	429	0
157	K	H	WPA	ORI	0	432	0
158	K	H	WPA	ORI	0	435	0
159	K	H	WPA	ORI	0	441	0
160	K	H	WPA	ORI	0	439	0
161	K	H	WPA	ORI	0	438	0
162	K	H	WPA	ORI	0	436	0
163	K	H	WPA	ORI	0	434	0
164	K	H	WPA	ORI	0	437	0
165	K	H	WPA	ORI	0	428	0
166	K	H	WPA	ORI	0	436	0
167	K	H	WPA	ORI	0	433	0
168	K	H	WPA	ORI	0	435	0
169	K	H	WPA	ORI	0	434	0
170	K	H	WPA	ORI	0	432	0
171	K	H	WPA	ORI	0	434	0
172	K	H	WPA	ORI	0	444	0
173	K	H	WPA	ORI	0	440	0
174	K	H	WPA	ORI	0	435	0
175	K	H	WPA	ORI	0	429	0
176	K	H	WPA	ORI	0	437	0
177	K	H	WPA	ORI	0	434	0
178	K	H	WPA	ORI	0	442	0
179	K	H	WPA	ORI	0	447	0
180	K	H	WPA	ORI	0	442	0
181	K	H	WPA	ORI	0	435	0
182	K	H	WPA	ORI	0	441	0
183	K	H	WPA	ORI	0	437	0
184	K	H	WPA	ORI	0	436	0
185	K	H	WPA	ORI	0	434	0
186	K	H	WPA	ORI	0	437	0
187	K	H	WPA	ORI	0	433	0
188	K	H	WPA	ORI	0	430	0
189	K	H	WPA	ORI	0	443	0
190	K	H	WPA	ORI	0	434	0
191	K	H	WPA	ORI	0	429	0
192	K	H	WPA	ORI	1	430	0.0023255813953488372
193	K	H	WPA	ORI	0	431	0
194	K	H	WPA	ORI	0	423	0
195	K	H	WPA	ORI	0	433	0
196	K	H	WPA	ORI	0	436	0
197	K	H	WPA	ORI	1	444	0.0022522522522522522
198	K	H	WPA	ORI	0	446	0
199	K	H	WPA	ORI	0	434	0
200	K	H	WPA	ORI	0	431	0
201	K	H	WPA	ORI	0	435	0
202	K	H	WPA	ORI	0	427	0
203	K	H	WPA	ORI	1	433	0.0023094688221709007
204	K	H	WPA	ORI	0	437	0
205	K	H	WPA	ORI	0	431	0
206	K	H	WPA	ORI	0	435	0
207	K	H	WPA	ORI	0	442	0
208	K	H	WPA	ORI	0	434	0
209	K	H	WPA	ORI	0	438	0
210	K	H	WPA	ORI	0	434	0
211	K	H	WPA	ORI	0	440	0
212	K	H	WPA	ORI	0	447	0
213	K	H	WPA	ORI	0	436	0
214	K	H	WPA	ORI	0	428	0
215	K	H	WPA	ORI	0	448	0
216	K	H	WPA	ORI	0	442	0
217	K	H	WPA	ORI	0	433	0
218	K	H	WPA	ORI	0	431	0
219	K	H	WPA	ORI	0	434	0
220	K	H	WPA	ORI	0	445	0
221	K	H	WPA	ORI	0	422	0
222	K	H	WPA	ORI	0	425	0
223	K	H	WPA	ORI	0	431	0
224	K	H	WPA	ORI	1	432	0.0023148148148148147
225	K	H	WPA	ORI	0	431	0
226	K	H	WPA	ORI	0	430	0
227	K	H	WPA	ORI	0	441	0
228	K	H	WPA	ORI	0	444	0
229	K	H	WPA	ORI	0	446	0
230	K	H	WPA	ORI	1	439	0.0022779043280182231
231	K	H	WPA	ORI	0	435	0
232	K	H	WPA	ORI	0	434	0
233	K	H	WPA	ORI	0	437	0
234	K	H	WPA	ORI	0	435	0
235	K	H	WPA	ORI	0	434	0
236	K	H	WPA	ORI	0	431	0
237	K	H	WPA	ORI	0	447	0
238	K	H	WPA	ORI	0	438	0
239	K	H	WPA	ORI	0	427	0
240	K	H	WPA	ORI	0	437	0
241	K	H	WPA	ORI	0	431	0
242	K	H	WPA	ORI	0	441	0
243	K	H	WPA	ORI	0	440	0
244	K	H	WPA	ORI	0	438	0
245	K	H	WPA	ORI	0	435	0
246	K	H	WPA	ORI	0	441	0
247	K	H	WPA	ORI	0	433	0
248	K	H	WPA	ORI	0	435	0
249	K	H	WPA	ORI	0	445	0
250	K	H	WPA	ORI	0	431	0
251	K	H	WPA	ORI	0	444	0
252	K	H	WPA	ORI	0	439	0
253	K	H	WPA	ORI	0	431	0
254	K	H	WPA	ORI	0	428	0
255	K	H	WPA	ORI	0	436	0
256	K	H	WPA	ORI	0	431	0
257	K	H	WPA	ORI	0	436	0
258	K	H	WPA	ORI	0	440	0
259	K	H	WPA	ORI	0	436	0
260	K	H	WPA	ORI	0	431	0
261	K	H	WPA	ORI	0	445	0
262	K	H	WPA	ORI	0	435	0
263	K	H	WPA	ORI	0	430	0
264	K	H	WPA	ORI	0	438	0
265	K	H	WPA	ORI	0	434	0
266	K	H	WPA	ORI	0	429	0
267	K	H	WPA	ORI	0	437	0
268	K	H	WPA	ORI	0	431	0
269	K	H	WPA	ORI	0	433	0
270	K	H	WPA	ORI	0	430	0
271	K	H	WPA	ORI	0	428	0
272	K	H	WPA	ORI	0	433	0
273	K	H	WPA	ORI	0	438	0
274	K	H	WPA	ORI	0	435	0
275	K	H	WPA	ORI	0	443	0
276	K	H	WPA	ORI	0	425	0
277	K	H	WPA	ORI	0	433	0
278	K	H	WPA	ORI	0	439	0
279	K	H	WPA	ORI	0	434	0
280	K	H	WPA	ORI	0	434	0
281	K	H	WPA	ORI	0	446	0
282	K	H	WPA	ORI	0	440	0
283	K	H	WPA	ORI	0	430	0
284	K	H	WPA	ORI	0	437	0
285	K	H	WPA	ORI	0	430	0
286	K	H	WPA	ORI	0	425	0
287	K	H	WPA	ORI	1	430	0.0023255813953488372
288	K	H	WPA	ORI	0	444	0
289	K	H	WPA	ORI	0	435	0
290	K	H	WPA	ORI	0	426	0
291	K	H	WPA	ORI	0	434	0
292	K	H	WPA	ORI	0	427	0
293	K	H	WPA	ORI	0	437	0
294	K	H	WPA	ORI	0	437	0
295	K	H	WPA	ORI	1	436	0.0022935779816513763
296	K	H	WPA	ORI	1	432	0.0023148148148148147
297	K	H	WPA	ORI	0	441	0
298	K	H	WPA	ORI	0	437	0
299	K	H	WPA	ORI	0	431	0
300	K	H	WPA	ORI	0	435	0
1	A	I	AF	SAM	0	433	0
2	A	I	AF	SAM	0	440	0
3	A	I	AF	SAM	0	440	0
4	A	I	AF	SAM	0	434	0
5	A	I	AF	SAM	0	436	0
6	A	I	AF	SAM	0	437	0
7	A	I	AF	SAM	0	432	0
8	A	I	AF	SAM	0	442	0
9	A	I	AF	SAM	0	431	0
10	A	I	AF	SAM	0	433	0
11	A	I	AF	SAM	0	437	0
12	A	I	AF	SAM	0	436	0
13	A	I	AF	SAM	0	444	0
14	A	I	AF	SAM	0	442	0
15	A	I	AF	SAM	0	427	0
16	A	I	AF	SAM	0	444	0
17	A	I	AF	SAM	0	438	0
18	A	I	AF	SAM	0	440	0
19	A	I	AF	SAM	0	429	0
20	A	I	AF	SAM	0	430	0
21	A	I	AF	SAM	0	429	0
22	A	I	AF	SAM	0	435	0
23	A	I	AF	SAM	0	430	0
24	A	I	AF	SAM	0	443	0
25	A	I	AF	SAM	0	434	0
26	A	I	AF	SAM	0	438	0
27	A	I	AF	SAM	0	436	0
28	A	I	AF	SAM	0	438	0
29	A	I	AF	SAM	0	436	0
30	A	I	AF	SAM	0	439	0
31	A	I	AF	SAM	0	438	0
32	A	I	AF	SAM	0	439	0
33	A	I	AF	SAM	0	436	0
34	A	I	AF	SAM	0	438	0
35	A	I	AF	SAM	0	438	0
36	A	I	AF	SAM	0	440	0
37	A	I	AF	SAM	0	442	0
38	A	I	AF	SAM	0	437	0
39	A	I	AF	SAM	0	434	0
40	A	I	AF	SAM	0	442	0
41	A	I	AF	SAM	0	444	0
42	A	I	AF	SAM	0	427	0
43	A	I	AF	SAM	0	434	0
44	A	I	AF	SAM	0	430	0
45	A	I	AF	SAM	0	431	0
46	A	I	AF	SAM	0	429	0
47	A	I	AF	SAM	0	444	0
48	A	I	AF	SAM	0	441	0
49	A	I	AF	SAM	0	431	0
50	A	I	AF	SAM	0	424	0
51	A	I	AF	SAM	0	428	0
52	A	I	AF	SAM	0	428	0
53	A	I	AF	SAM	0	444	0
54	A	I	AF	SAM	0	439	0
55	A	I	AF	SAM	0	435	0
56	A	I	AF	SAM	0	437	0
57	A	I	AF	SAM	0	433	0
58	A	I	AF	SAM	0	441	0
59	A	I	AF	SAM	0	424	0
60	A	I	AF	SAM	0	440	0
61	A	I	AF	SAM	0	436	0
62	A	I	AF	SAM	0	422	0
63	A	I	AF	SAM	0	433	0
64	A	I	AF	SAM	0	433	0
65	A	I	AF	SAM	0	432	0
66	A	I	AF	SAM	0	445	0
67	A	I	AF	SAM	0	430	0
68	A	I	AF	SAM	0	438	0
69	A	I	AF	SAM	0	438	0
70	A	I	AF	SAM	0	439	0
71	A	I	AF	SAM	0	432	0
72	A	I	AF	SAM	0	436	0
73	A	I	AF	SAM	0	435	0
74	A	I	AF	SAM	0	436	0
75	A	I	AF	SAM	0	452	0
76	A	I	AF	SAM	0	441	0
77	A	I	AF	SAM	0	441	0
78	A	I	AF	SAM	0	435	0
79	A	I	AF	SAM	0	425	0
80	A	I	AF	SAM	0	440	0
81	A	I	AF	SAM	0	436	0
82	A	I	AF	SAM	0	435	0
83	A	I	AF	SAM	0	426	0
84	A	I	AF	SAM	0	447	0
85	A	I	AF	SAM	0	434	0
86	A	I	AF	SAM	0	431	0
87	A	I	AF	SAM	0	432	0
88	A	I	AF	SAM	0	445	0
89	A	I	AF	SAM	0	432	0
90	A	I	AF	SAM	0	431	0
91	A	I	AF	SAM	0	436	0
92	A	I	AF	SAM	0	442	0
93	A	I	AF	SAM	0	426	0
94	A	I	AF	SAM	0	426	0
95	A	I	AF	SAM	0	431	0
96	A	I	AF	SAM	0	439	0
97	A	I	AF	SAM	0	436	0
98	A	I	AF	SAM	0	433	0
99	A	I	AF	SAM	0	434	0
100	A	I	AF	SAM	0	439	0
101	A	I	AF	SAM	0	435	0
102	A	I	AF	SAM	0	448	0
103	A	I	AF	SAM	0	438	0
104	A	I	AF	SAM	0	431	0
105	A	I	AF	SAM	0	435	0
106	A	I	AF	SAM	0	435	0
107	A	I	AF	SAM	0	443	0
108	A	I	AF	SAM	0	426	0
109	A	I	AF	SAM	0	444	0
110	A	I	AF	SAM	0	427	0
111	A	I	AF	SAM	0	447	0
112	A	I	AF	SAM	0	436	0
113	A	I	AF	SAM	0	432	0
114	A	I	AF	SAM	0	442	0
115	A	I	AF	SAM	0	435	0
116	A	I	AF	SAM	0	445	0
117	A	I	AF	SAM	0	441	0
118	A	I	AF	SAM	0	436	0
119	A	I	AF	SAM	0	439	0
120	A	I	AF	SAM	0	451	0
121	A	I	AF	SAM	0	443	0
122	A	I	AF	SAM	0	432	0
123	A	I	AF	SAM	0	442	0
124	A	I	AF	SAM	0	437	0
125	A	I	AF	SAM	0	433	0
126	A	I	AF	SAM	0	438	0
127	A	I	AF	SAM	0	436	0
128	A	I	AF	SAM	0	436	0
129	A	I	AF	SAM	0	435	0
130	A	I	AF	SAM	0	433	0
131	A	I	AF	SAM	0	446	0
132	A	I	AF	SAM	0	442	0
133	A	I	AF	SAM	0	441	0
134	A	I	AF	SAM	0	444	0
135	A	I	AF	SAM	0	433	0
136	A	I	AF	SAM	0	432	0
137	A	I	AF	SAM	0	433	0
138	A	I	AF	SAM	0	438	0
139	A	I	AF	SAM	0	433	0
140	A	I	AF	SAM	0	433	0
141	A	I	AF	SAM	0	427	0
142	A	I	AF	SAM	0	425	0
143	A	I	AF	SAM	0	430	0
144	A	I	AF	SAM	0	434	0
145	A	I	AF	SAM	0	446	0
146	A	I	AF	SAM	0	439	0
147	A	I	AF	SAM	0	433	0
148	A	I	AF	SAM	0	437	0
149	A	I	AF	SAM	0	425	0
150	A	I	AF	SAM	0	440	0
151	A	I	AF	SAM	0	445	0
152	A	I	AF	SAM	0	435	0
153	A	I	AF	SAM	0	438	0
154	A	I	AF	SAM	0	445	0
155	A	I	AF	SAM	0	432	0
156	A	I	AF	SAM	0	429	0
157	A	I	AF	SAM	0	432	0
158	A	I	AF	SAM	0	435	0
159	A	I	AF	SAM	0	441	0
160	A	I	AF	SAM	0	439	0
161	A	I	AF	SAM	0	438	0
162	A	I	AF	SAM	0	436	0
163	A	I	AF	SAM	0	434	0
164	A	I	AF	SAM	0	437	0
165	A	I	AF	SAM	0	428	0
166	A	I	AF	SAM	0	436	0
167	A	I	AF	SAM	0	433	0
168	A	I	AF	SAM	0	435	0
169	A	I	AF	SAM	0	434	0
170	A	I	AF	SAM	0	432	0
171	A	I	AF	SAM	0	434	0
172	A	I	AF	SAM	0	444	0
173	A	I	AF	SAM	0	440	0
174	A	I	AF	SAM	0	435	0
175	A	I	AF	SAM	0	429	0
176	A	I	AF	SAM	0	437	0
177	A	I	AF	SAM	0	434	0
178	A	I	AF	SAM	0	442	0
179	A	I	AF	SAM	0	447	0
180	A	I	AF	SAM	0	442	0
181	A	I	AF	SAM	0	435	0
182	A	I	AF	SAM	0	441	0
183	A	I	AF	SAM	0	437	0
184	A	I	AF	SAM	0	436	0
185	A	I	AF	SAM	0	434	0
186	A	I	AF	SAM	0	437	0
187	A	I	AF	SAM	0	433	0
188	A	I	AF	SAM	0	430	0
189	A	I	AF	SAM	0	443	0
190	A	I	AF	SAM	0	434	0
191	A	I	AF	SAM	0	429	0
192	A	I	AF	SAM	0	430	0
193	A	I	AF	SAM	0	431	0
194	A	I	AF	SAM	0	423	0
195	A	I	AF	SAM	0	433	0
196	A	I	AF	SAM	0	436	0
197	A	I	AF	SAM	0	444	0
198	A	I	AF	SAM	0	446	0
199	A	I	AF	SAM	0	434	0
200	A	I	AF	SAM	0	431	0
201	A	I	AF	SAM	0	435	0
202	A	I	AF	SAM	0	427	0
203	A	I	AF	SAM	0	433	0
204	A	I	AF	SAM	0	437	0
205	A	I	AF	SAM	0	431	0
206	A	I	AF	SAM	0	435	0
207	A	I	AF	SAM	0	442	0
208	A	I	AF	SAM	0	434	0
209	A	I	AF	SAM	0	438	0
210	A	I	AF	SAM	0	434	0
211	A	I	AF	SAM	0	440	0
212	A	I	AF	SAM	0	447	0
213	A	I	AF	SAM	0	436	0
214	A	I	AF	SAM	0	428	0
215	A	I	AF	SAM	0	448	0
216	A	I	AF	SAM	0	442	0
217	A	I	AF	SAM	0	433	0
218	A	I	AF	SAM	0	431	0
219	A	I	AF	SAM	0	434	0
220	A	I	AF	SAM	0	445	0
221	A	I	AF	SAM	0	422	0
222	A	I	AF	SAM	0	425	0
223	A	I	AF	SAM	0	431	0
224	A	I	AF	SAM	0	432	0
225	A	I	AF	SAM	0	431	0
226	A	I	AF	SAM	0	430	0
227	A	I	AF	SAM	0	441	0
228	A	I	AF	SAM	0	444	0
229	A	I	AF	SAM	0	446	0
230	A	I	AF	SAM	0	439	0
231	A	I	AF	SAM	0	435	0
232	A	I	AF	SAM	0	434	0
233	A	I	AF	SAM	0	437	0
234	A	I	AF	SAM	0	435	0
235	A	I	AF	SAM	0	434	0
236	A	I	AF	SAM	0	431	0
237	A	I	AF	SAM	0	447	0
238	A	I	AF	SAM	0	438	0
239	A	I	AF	SAM	0	427	0
240	A	I	AF	SAM	0	437	0
241	A	I	AF	SAM	0	431	0
242	A	I	AF	SAM	0	441	0
243	A	I	AF	SAM	0	440	0
244	A	I	AF	SAM	0	438	0
245	A	I	AF	SAM	0	435	0
246	A	I	AF	SAM	0	441	0
247	A	I	AF	SAM	0	433	0
248	A	I	AF	SAM	0	435	0
249	A	I	AF	SAM	0	445	0
250	A	I	AF	SAM	0	431	0
251	A	I	AF	SAM	0	444	0
252	A	I	AF	SAM	0	439	0
253	A	I	AF	SAM	0	431	0
254	A	I	AF	SAM	0	428	0
255	A	I	AF	SAM	0	436	0
256	A	I	AF	SAM	0	431	0
257	A	I	AF	SAM	0	436	0
258	A	I	AF	SAM	0	440	0
259	A	I	AF	SAM	0	436	0
260	A	I	AF	SAM	0	431	0
261	A	I	AF	SAM	0	445	0
262	A	I	AF	SAM	0	435	0
263	A	I	AF	SAM	0	430	0
264	A	I	AF	SAM	0	438	0
265	A	I	AF	SAM	0	434	0
266	A	I	AF	SAM	0	429	0
267	A	I	AF	SAM	0	437	0
268	A	I	AF	SAM	0	431	0
269	A	I	AF	SAM	0	433	0
270	A	I	AF	SAM	0	430	0
271	A	I	AF	SAM	0	428	0
272	A	I	AF	SAM	0	433	0
273	A	I	AF	SAM	0	438	0
274	A	I	AF	SAM	0	435	0
275	A	I	AF	SAM	0	443	0
276	A	I	AF	SAM	0	425	0
277	A	I	AF	SAM	0	433	0
278	A	I	AF	SAM	0	439	0
279	A	I	AF	SAM	0	434	0
280	A	I	AF	SAM	0	434	0
281	A	I	AF	SAM	0	446	0
282	A	I	AF	SAM	0	440	0
283	A	I	AF	SAM	0	430	0
284	A	I	AF	SAM	0	437	0
285	A	I	AF	SAM	0	430	0
286	A	I	AF	SAM	0	425	0
287	A	I	AF	SAM	0	430	0
288	A	I	AF	SAM	0	444	0
289	A	I	AF	SAM	0	435	0
290	A	I	AF	SAM	0	426	0
291	A	I	AF	SAM	0	434	0
292	A	I	AF	SAM	0	427	0
293	A	I	AF	SAM	0	437	0
294	A	I	AF	SAM	0	437	0
295	A	I	AF	SAM	0	436	0
296	A	I	AF	SAM	0	432	0
297	A	I	AF	SAM	0	441	0
298	A	I	AF	SAM	0	437	0
299	A	I	AF	SAM	0	431	0
300	A	I	AF	SAM	0	435	0
1	B	I	AUS	SAM	0	433	0
2	B	I	AUS	SAM	0	440	0
3	B	I	AUS	SAM	0	440	0
4	B	I	AUS	SAM	0	434	0
5	B	I	AUS	SAM	0	436	0
6	B	I	AUS	SAM	0	437	0
7	B	I	AUS	SAM	0	432	0
8	B	I	AUS	SAM	0	442	0
9	B	I	AUS	SAM	0	431	0
10	B	I	AUS	SAM	0	433	0
11	B	I	AUS	SAM	0	437	0
12	B	I	AUS	SAM	0	436	0
13	B	I	AUS	SAM	0	444	0
14	B	I	AUS	SAM	0	442	0
15	B	I	AUS	SAM	0	427	0
16	B	I	AUS	SAM	0	444	0
17	B	I	AUS	SAM	0	438	0
18	B	I	AUS	SAM	0	440	0
19	B	I	AUS	SAM	0	429	0
20	B	I	AUS	SAM	0	430	0
21	B	I	AUS	SAM	0	429	0
22	B	I	AUS	SAM	0	435	0
23	B	I	AUS	SAM	0	430	0
24	B	I	AUS	SAM	0	443	0
25	B	I	AUS	SAM	0	434	0
26	B	I	AUS	SAM	0	438	0
27	B	I	AUS	SAM	0	436	0
28	B	I	AUS	SAM	0	438	0
29	B	I	AUS	SAM	0	436	0
30	B	I	AUS	SAM	0	439	0
31	B	I	AUS	SAM	0	438	0
32	B	I	AUS	SAM	0	439	0
33	B	I	AUS	SAM	0	436	0
34	B	I	AUS	SAM	0	438	0
35	B	I	AUS	SAM	0	438	0
36	B	I	AUS	SAM	0	440	0
37	B	I	AUS	SAM	0	442	0
38	B	I	AUS	SAM	0	437	0
39	B	I	AUS	SAM	0	434	0
40	B	I	AUS	SAM	0	442	0
41	B	I	AUS	SAM	0	444	0
42	B	I	AUS	SAM	0	427	0
43	B	I	AUS	SAM	0	434	0
44	B	I	AUS	SAM	0	430	0
45	B	I	AUS	SAM	0	431	0
46	B	I	AUS	SAM	0	429	0
47	B	I	AUS	SAM	0	444	0
48	B	I	AUS	SAM	0	441	0
49	B	I	AUS	SAM	0	431	0
50	B	I	AUS	SAM	0	424	0
51	B	I	AUS	SAM	0	428	0
52	B	I	AUS	SAM	0	428	0
53	B	I	AUS	SAM	0	444	0
54	B	I	AUS	SAM	0	439	0
55	B	I	AUS	SAM	0	435	0
56	B	I	AUS	SAM	0	437	0
57	B	I	AUS	SAM	0	433	0
58	B	I	AUS	SAM	0	441	0
59	B	I	AUS	SAM	0	424	0
60	B	I	AUS	SAM	0	440	0
61	B	I	AUS	SAM	0	436	0
62	B	I	AUS	SAM	0	422	0
63	B	I	AUS	SAM	0	433	0
64	B	I	AUS	SAM	0	433	0
65	B	I	AUS	SAM	0	432	0
66	B	I	AUS	SAM	0	445	0
67	B	I	AUS	SAM	0	430	0
68	B	I	AUS	SAM	0	438	0
69	B	I	AUS	SAM	0	438	0
70	B	I	AUS	SAM	0	439	0
71	B	I	AUS	SAM	0	432	0
72	B	I	AUS	SAM	0	436	0
73	B	I	AUS	SAM	0	435	0
74	B	I	AUS	SAM	0	436	0
75	B	I	AUS	SAM	0	452	0
76	B	I	AUS	SAM	0	441	0
77	B	I	AUS	SAM	0	441	0
78	B	I	AUS	SAM	0	435	0
79	B	I	AUS	SAM	0	425	0
80	B	I	AUS	SAM	0	440	0
81	B	I	AUS	SAM	0	436	0
82	B	I	AUS	SAM	0	435	0
83	B	I	AUS	SAM	0	426	0
84	B	I	AUS	SAM	0	447	0
85	B	I	AUS	SAM	0	434	0
86	B	I	AUS	SAM	0	431	0
87	B	I	AUS	SAM	0	432	0
88	B	I	AUS	SAM	0	445	0
89	B	I	AUS	SAM	0	432	0
90	B	I	AUS	SAM	0	431	0
91	B	I	AUS	SAM	0	436	0
92	B	I	AUS	SAM	0	442	0
93	B	I	AUS	SAM	0	426	0
94	B	I	AUS	SAM	0	426	0
95	B	I	AUS	SAM	0	431	0
96	B	I	AUS	SAM	0	439	0
97	B	I	AUS	SAM	0	436	0
98	B	I	AUS	SAM	0	433	0
99	B	I	AUS	SAM	0	434	0
100	B	I	AUS	SAM	0	439	0
101	B	I	AUS	SAM	0	435	0
102	B	I	AUS	SAM	0	448	0
103	B	I	AUS	SAM	0	438	0
104	B	I	AUS	SAM	0	431	0
105	B	I	AUS	SAM	0	435	0
106	B	I	AUS	SAM	0	435	0
107	B	I	AUS	SAM	0	443	0
108	B	I	AUS	SAM	0	426	0
109	B	I	AUS	SAM	0	444	0
110	B	I	AUS	SAM	0	427	0
111	B	I	AUS	SAM	0	447	0
112	B	I	AUS	SAM	0	436	0
113	B	I	AUS	SAM	0	432	0
114	B	I	AUS	SAM	0	442	0
115	B	I	AUS	SAM	0	435	0
116	B	I	AUS	SAM	0	445	0
117	B	I	AUS	SAM	0	441	0
118	B	I	AUS	SAM	0	436	0
119	B	I	AUS	SAM	0	439	0
120	B	I	AUS	SAM	0	451	0
121	B	I	AUS	SAM	0	443	0
122	B	I	AUS	SAM	0	432	0
123	B	I	AUS	SAM	0	442	0
124	B	I	AUS	SAM	0	437	0
125	B	I	AUS	SAM	0	433	0
126	B	I	AUS	SAM	0	438	0
127	B	I	AUS	SAM	0	436	0
128	B	I	AUS	SAM	0	436	0
129	B	I	AUS	SAM	0	435	0
130	B	I	AUS	SAM	0	433	0
131	B	I	AUS	SAM	0	446	0
132	B	I	AUS	SAM	0	442	0
133	B	I	AUS	SAM	0	441	0
134	B	I	AUS	SAM	0	444	0
135	B	I	AUS	SAM	0	433	0
136	B	I	AUS	SAM	0	432	0
137	B	I	AUS	SAM	0	433	0
138	B	I	AUS	SAM	0	438	0
139	B	I	AUS	SAM	0	433	0
140	B	I	AUS	SAM	0	433	0
141	B	I	AUS	SAM	0	427	0
142	B	I	AUS	SAM	0	425	0
143	B	I	AUS	SAM	0	430	0
144	B	I	AUS	SAM	0	434	0
145	B	I	AUS	SAM	0	446	0
146	B	I	AUS	SAM	0	439	0
147	B	I	AUS	SAM	0	433	0
148	B	I	AUS	SAM	0	437	0
149	B	I	AUS	SAM	0	425	0
150	B	I	AUS	SAM	0	440	0
151	B	I	AUS	SAM	0	445	0
152	B	I	AUS	SAM	0	435	0
153	B	I	AUS	SAM	0	438	0
154	B	I	AUS	SAM	0	445	0
155	B	I	AUS	SAM	0	432	0
156	B	I	AUS	SAM	0	429	0
157	B	I	AUS	SAM	0	432	0
158	B	I	AUS	SAM	0	435	0
159	B	I	AUS	SAM	0	441	0
160	B	I	AUS	SAM	0	439	0
161	B	I	AUS	SAM	0	438	0
162	B	I	AUS	SAM	0	436	0
163	B	I	AUS	SAM	0	434	0
164	B	I	AUS	SAM	0	437	0
165	B	I	AUS	SAM	0	428	0
166	B	I	AUS	SAM	0	436	0
167	B	I	AUS	SAM	0	433	0
168	B	I	AUS	SAM	0	435	0
169	B	I	AUS	SAM	0	434	0
170	B	I	AUS	SAM	0	432	0
171	B	I	AUS	SAM	0	434	0
172	B	I	AUS	SAM	0	444	0
173	B	I	AUS	SAM	0	440	0
174	B	I	AUS	SAM	0	435	0
175	B	I	AUS	SAM	0	429	0
176	B	I	AUS	SAM	0	437	0
177	B	I	AUS	SAM	0	434	0
178	B	I	AUS	SAM	0	442	0
179	B	I	AUS	SAM	0	447	0
180	B	I	AUS	SAM	0	442	0
181	B	I	AUS	SAM	0	435	0
182	B	I	AUS	SAM	0	441	0
183	B	I	AUS	SAM	0	437	0
184	B	I	AUS	SAM	0	436	0
185	B	I	AUS	SAM	0	434	0
186	B	I	AUS	SAM	0	437	0
187	B	I	AUS	SAM	0	433	0
188	B	I	AUS	SAM	0	430	0
189	B	I	AUS	SAM	0	443	0
190	B	I	AUS	SAM	0	434	0
191	B	I	AUS	SAM	0	429	0
192	B	I	AUS	SAM	0	430	0
193	B	I	AUS	SAM	0	431	0
194	B	I	AUS	SAM	0	423	0
195	B	I	AUS	SAM	0	433	0
196	B	I	AUS	SAM	0	436	0
197	B	I	AUS	SAM	0	444	0
198	B	I	AUS	SAM	0	446	0
199	B	I	AUS	SAM	0	434	0
200	B	I	AUS	SAM	0	431	0
201	B	I	AUS	SAM	0	435	0
202	B	I	AUS	SAM	0	427	0
203	B	I	AUS	SAM	0	433	0
204	B	I	AUS	SAM	0	437	0
205	B	I	AUS	SAM	0	431	0
206	B	I	AUS	SAM	0	435	0
207	B	I	AUS	SAM	0	442	0
208	B	I	AUS	SAM	0	434	0
209	B	I	AUS	SAM	0	438	0
210	B	I	AUS	SAM	0	434	0
211	B	I	AUS	SAM	0	440	0
212	B	I	AUS	SAM	0	447	0
213	B	I	AUS	SAM	0	436	0
214	B	I	AUS	SAM	0	428	0
215	B	I	AUS	SAM	0	448	0
216	B	I	AUS	SAM	0	442	0
217	B	I	AUS	SAM	0	433	0
218	B	I	AUS	SAM	0	431	0
219	B	I	AUS	SAM	0	434	0
220	B	I	AUS	SAM	0	445	0
221	B	I	AUS	SAM	0	422	0
222	B	I	AUS	SAM	0	425	0
223	B	I	AUS	SAM	0	431	0
224	B	I	AUS	SAM	0	432	0
225	B	I	AUS	SAM	0	431	0
226	B	I	AUS	SAM	0	430	0
227	B	I	AUS	SAM	0	441	0
228	B	I	AUS	SAM	0	444	0
229	B	I	AUS	SAM	0	446	0
230	B	I	AUS	SAM	0	439	0
231	B	I	AUS	SAM	0	435	0
232	B	I	AUS	SAM	0	434	0
233	B	I	AUS	SAM	0	437	0
234	B	I	AUS	SAM	0	435	0
235	B	I	AUS	SAM	0	434	0
236	B	I	AUS	SAM	0	431	0
237	B	I	AUS	SAM	0	447	0
238	B	I	AUS	SAM	0	438	0
239	B	I	AUS	SAM	0	427	0
240	B	I	AUS	SAM	0	437	0
241	B	I	AUS	SAM	0	431	0
242	B	I	AUS	SAM	0	441	0
243	B	I	AUS	SAM	0	440	0
244	B	I	AUS	SAM	0	438	0
245	B	I	AUS	SAM	0	435	0
246	B	I	AUS	SAM	0	441	0
247	B	I	AUS	SAM	0	433	0
248	B	I	AUS	SAM	0	435	0
249	B	I	AUS	SAM	0	445	0
250	B	I	AUS	SAM	0	431	0
251	B	I	AUS	SAM	0	444	0
252	B	I	AUS	SAM	0	439	0
253	B	I	AUS	SAM	0	431	0
254	B	I	AUS	SAM	0	428	0
255	B	I	AUS	SAM	0	436	0
256	B	I	AUS	SAM	0	431	0
257	B	I	AUS	SAM	0	436	0
258	B	I	AUS	SAM	0	440	0
259	B	I	AUS	SAM	0	436	0
260	B	I	AUS	SAM	0	431	0
261	B	I	AUS	SAM	0	445	0
262	B	I	AUS	SAM	0	435	0
263	B	I	AUS	SAM	0	430	0
264	B	I	AUS	SAM	0	438	0
265	B	I	AUS	SAM	0	434	0
266	B	I	AUS	SAM	0	429	0
267	B	I	AUS	SAM	0	437	0
268	B	I	AUS	SAM	0	431	0
269	B	I	AUS	SAM	0	433	0
270	B	I	AUS	SAM	0	430	0
271	B	I	AUS	SAM	0	428	0
272	B	I	AUS	SAM	0	433	0
273	B	I	AUS	SAM	0	438	0
274	B	I	AUS	SAM	0	435	0
275	B	I	AUS	SAM	0	443	0
276	B	I	AUS	SAM	0	425	0
277	B	I	AUS	SAM	0	433	0
278	B	I	AUS	SAM	0	439	0
279	B	I	AUS	SAM	0	434	0
280	B	I	AUS	SAM	0	434	0
281	B	I	AUS	SAM	0	446	0
282	B	I	AUS	SAM	0	440	0
283	B	I	AUS	SAM	0	430	0
284	B	I	AUS	SAM	0	437	0
285	B	I	AUS	SAM	0	430	0
286	B	I	AUS	SAM	0	425	0
287	B	I	AUS	SAM	0	430	0
288	B	I	AUS	SAM	0	444	0
289	B	I	AUS	SAM	0	435	0
290	B	I	AUS	SAM	0	426	0
291	B	I	AUS	SAM	0	434	0
292	B	I	AUS	SAM	0	427	0
293	B	I	AUS	SAM	0	437	0
294	B	I	AUS	SAM	0	437	0
295	B	I	AUS	SAM	0	436	0
296	B	I	AUS	SAM	0	432	0
297	B	I	AUS	SAM	0	441	0
298	B	I	AUS	SAM	0	437	0
299	B	I	AUS	SAM	0	431	0
300	B	I	AUS	SAM	0	435	0
1	C	I	CAM	SAM	21	433	0.048498845265588918
2	C	I	CAM	SAM	21	440	0.047727272727272729
3	C	I	CAM	SAM	15	440	0.034090909090909088
4	C	I	CAM	SAM	23	434	0.052995391705069124
5	C	I	CAM	SAM	26	436	0.059633027522935783
6	C	I	CAM	SAM	24	437	0.054919908466819219
7	C	I	CAM	SAM	16	432	0.037037037037037035
8	C	I	CAM	SAM	20	442	0.045248868778280542
9	C	I	CAM	SAM	25	431	0.058004640371229696
10	C	I	CAM	SAM	19	433	0.043879907621247112
11	C	I	CAM	SAM	25	437	0.057208237986270026
12	C	I	CAM	SAM	18	436	0.041284403669724773
13	C	I	CAM	SAM	23	444	0.0518018018018018
14	C	I	CAM	SAM	21	442	0.047511312217194568
15	C	I	CAM	SAM	21	427	0.049180327868852458
16	C	I	CAM	SAM	23	444	0.0518018018018018
17	C	I	CAM	SAM	22	438	0.050228310502283102
18	C	I	CAM	SAM	25	440	0.056818181818181816
19	C	I	CAM	SAM	21	429	0.048951048951048952
20	C	I	CAM	SAM	20	430	0.046511627906976744
21	C	I	CAM	SAM	19	429	0.044289044289044288
22	C	I	CAM	SAM	19	435	0.043678160919540229
23	C	I	CAM	SAM	24	430	0.055813953488372092
24	C	I	CAM	SAM	25	443	0.056433408577878104
25	C	I	CAM	SAM	27	434	0.062211981566820278
26	C	I	CAM	SAM	20	438	0.045662100456621002
27	C	I	CAM	SAM	27	436	0.061926605504587159
28	C	I	CAM	SAM	26	438	0.059360730593607303
29	C	I	CAM	SAM	21	436	0.048165137614678902
30	C	I	CAM	SAM	21	439	0.047835990888382689
31	C	I	CAM	SAM	23	438	0.052511415525114152
32	C	I	CAM	SAM	19	439	0.04328018223234624
33	C	I	CAM	SAM	27	436	0.061926605504587159
34	C	I	CAM	SAM	20	438	0.045662100456621002
35	C	I	CAM	SAM	22	438	0.050228310502283102
36	C	I	CAM	SAM	17	440	0.038636363636363635
37	C	I	CAM	SAM	16	442	0.036199095022624438
38	C	I	CAM	SAM	24	437	0.054919908466819219
39	C	I	CAM	SAM	21	434	0.048387096774193547
40	C	I	CAM	SAM	27	442	0.061085972850678731
41	C	I	CAM	SAM	26	444	0.058558558558558557
42	C	I	CAM	SAM	20	427	0.046838407494145202
43	C	I	CAM	SAM	25	434	0.057603686635944701
44	C	I	CAM	SAM	18	430	0.041860465116279069
45	C	I	CAM	SAM	19	431	0.044083526682134569
46	C	I	CAM	SAM	18	429	0.04195804195804196
47	C	I	CAM	SAM	23	444	0.0518018018018018
48	C	I	CAM	SAM	19	441	0.043083900226757371
49	C	I	CAM	SAM	21	431	0.048723897911832945
50	C	I	CAM	SAM	18	424	0.042452830188679243
51	C	I	CAM	SAM	23	428	0.053738317757009345
52	C	I	CAM	SAM	24	428	0.056074766355140186
53	C	I	CAM	SAM	25	444	0.056306306306306307
54	C	I	CAM	SAM	26	439	0.059225512528473807
55	C	I	CAM	SAM	21	435	0.048275862068965517
56	C	I	CAM	SAM	23	437	0.052631578947368418
57	C	I	CAM	SAM	20	433	0.046189376443418015
58	C	I	CAM	SAM	20	441	0.045351473922902494
59	C	I	CAM	SAM	24	424	0.056603773584905662
60	C	I	CAM	SAM	24	440	0.054545454545454543
61	C	I	CAM	SAM	22	436	0.050458715596330278
62	C	I	CAM	SAM	21	422	0.049763033175355451
63	C	I	CAM	SAM	19	433	0.043879907621247112
64	C	I	CAM	SAM	21	433	0.048498845265588918
65	C	I	CAM	SAM	26	432	0.060185185185185182
66	C	I	CAM	SAM	29	445	0.065168539325842698
67	C	I	CAM	SAM	20	430	0.046511627906976744
68	C	I	CAM	SAM	24	438	0.054794520547945202
69	C	I	CAM	SAM	21	438	0.047945205479452052
70	C	I	CAM	SAM	19	439	0.04328018223234624
71	C	I	CAM	SAM	18	432	0.041666666666666664
72	C	I	CAM	SAM	22	436	0.050458715596330278
73	C	I	CAM	SAM	23	435	0.052873563218390804
74	C	I	CAM	SAM	27	436	0.061926605504587159
75	C	I	CAM	SAM	23	452	0.050884955752212392
76	C	I	CAM	SAM	26	441	0.058956916099773243
77	C	I	CAM	SAM	19	441	0.043083900226757371
78	C	I	CAM	SAM	22	435	0.05057471264367816
79	C	I	CAM	SAM	17	425	0.040000000000000001
80	C	I	CAM	SAM	24	440	0.054545454545454543
81	C	I	CAM	SAM	23	436	0.052752293577981654
82	C	I	CAM	SAM	17	435	0.039080459770114942
83	C	I	CAM	SAM	29	426	0.068075117370892016
84	C	I	CAM	SAM	15	447	0.033557046979865772
85	C	I	CAM	SAM	27	434	0.062211981566820278
86	C	I	CAM	SAM	25	431	0.058004640371229696
87	C	I	CAM	SAM	20	432	0.046296296296296294
88	C	I	CAM	SAM	23	445	0.051685393258426963
89	C	I	CAM	SAM	21	432	0.048611111111111112
90	C	I	CAM	SAM	25	431	0.058004640371229696
91	C	I	CAM	SAM	18	436	0.041284403669724773
92	C	I	CAM	SAM	23	442	0.052036199095022627
93	C	I	CAM	SAM	20	426	0.046948356807511735
94	C	I	CAM	SAM	25	426	0.058685446009389672
95	C	I	CAM	SAM	16	431	0.037122969837587005
96	C	I	CAM	SAM	25	439	0.056947608200455579
97	C	I	CAM	SAM	27	436	0.061926605504587159
98	C	I	CAM	SAM	22	433	0.050808314087759814
99	C	I	CAM	SAM	24	434	0.055299539170506916
100	C	I	CAM	SAM	22	439	0.05011389521640091
101	C	I	CAM	SAM	28	435	0.064367816091954022
102	C	I	CAM	SAM	23	448	0.051339285714285712
103	C	I	CAM	SAM	20	438	0.045662100456621002
104	C	I	CAM	SAM	25	431	0.058004640371229696
105	C	I	CAM	SAM	26	435	0.059770114942528735
106	C	I	CAM	SAM	21	435	0.048275862068965517
107	C	I	CAM	SAM	18	443	0.040632054176072234
108	C	I	CAM	SAM	18	426	0.042253521126760563
109	C	I	CAM	SAM	21	444	0.0472972972972973
110	C	I	CAM	SAM	19	427	0.04449648711943794
111	C	I	CAM	SAM	21	447	0.046979865771812082
112	C	I	CAM	SAM	18	436	0.041284403669724773
113	C	I	CAM	SAM	20	432	0.046296296296296294
114	C	I	CAM	SAM	25	442	0.056561085972850679
115	C	I	CAM	SAM	21	435	0.048275862068965517
116	C	I	CAM	SAM	26	445	0.058426966292134834
117	C	I	CAM	SAM	18	441	0.040816326530612242
118	C	I	CAM	SAM	20	436	0.045871559633027525
119	C	I	CAM	SAM	21	439	0.047835990888382689
120	C	I	CAM	SAM	23	451	0.050997782705099776
121	C	I	CAM	SAM	20	443	0.045146726862302484
122	C	I	CAM	SAM	16	432	0.037037037037037035
123	C	I	CAM	SAM	22	442	0.049773755656108594
124	C	I	CAM	SAM	28	437	0.064073226544622428
125	C	I	CAM	SAM	20	433	0.046189376443418015
126	C	I	CAM	SAM	23	438	0.052511415525114152
127	C	I	CAM	SAM	21	436	0.048165137614678902
128	C	I	CAM	SAM	20	436	0.045871559633027525
129	C	I	CAM	SAM	30	435	0.068965517241379309
130	C	I	CAM	SAM	19	433	0.043879907621247112
131	C	I	CAM	SAM	21	446	0.04708520179372197
132	C	I	CAM	SAM	20	442	0.045248868778280542
133	C	I	CAM	SAM	23	441	0.052154195011337869
134	C	I	CAM	SAM	17	444	0.038288288288288286
135	C	I	CAM	SAM	24	433	0.055427251732101619
136	C	I	CAM	SAM	27	432	0.0625
137	C	I	CAM	SAM	22	433	0.050808314087759814
138	C	I	CAM	SAM	21	438	0.047945205479452052
139	C	I	CAM	SAM	20	433	0.046189376443418015
140	C	I	CAM	SAM	20	433	0.046189376443418015
141	C	I	CAM	SAM	25	427	0.058548009367681501
142	C	I	CAM	SAM	17	425	0.040000000000000001
143	C	I	CAM	SAM	25	430	0.058139534883720929
144	C	I	CAM	SAM	21	434	0.048387096774193547
145	C	I	CAM	SAM	23	446	0.051569506726457402
146	C	I	CAM	SAM	20	439	0.045558086560364468
147	C	I	CAM	SAM	20	433	0.046189376443418015
148	C	I	CAM	SAM	18	437	0.041189931350114416
149	C	I	CAM	SAM	16	425	0.037647058823529408
150	C	I	CAM	SAM	23	440	0.052272727272727269
151	C	I	CAM	SAM	21	445	0.047191011235955059
152	C	I	CAM	SAM	31	435	0.071264367816091953
153	C	I	CAM	SAM	19	438	0.043378995433789952
154	C	I	CAM	SAM	18	445	0.040449438202247189
155	C	I	CAM	SAM	24	432	0.055555555555555552
156	C	I	CAM	SAM	22	429	0.05128205128205128
157	C	I	CAM	SAM	23	432	0.053240740740740741
158	C	I	CAM	SAM	17	435	0.039080459770114942
159	C	I	CAM	SAM	20	441	0.045351473922902494
160	C	I	CAM	SAM	18	439	0.041002277904328019
161	C	I	CAM	SAM	24	438	0.054794520547945202
162	C	I	CAM	SAM	19	436	0.043577981651376149
163	C	I	CAM	SAM	23	434	0.052995391705069124
164	C	I	CAM	SAM	24	437	0.054919908466819219
165	C	I	CAM	SAM	21	428	0.049065420560747662
166	C	I	CAM	SAM	22	436	0.050458715596330278
167	C	I	CAM	SAM	16	433	0.03695150115473441
168	C	I	CAM	SAM	21	435	0.048275862068965517
169	C	I	CAM	SAM	20	434	0.046082949308755762
170	C	I	CAM	SAM	18	432	0.041666666666666664
171	C	I	CAM	SAM	23	434	0.052995391705069124
172	C	I	CAM	SAM	23	444	0.0518018018018018
173	C	I	CAM	SAM	21	440	0.047727272727272729
174	C	I	CAM	SAM	23	435	0.052873563218390804
175	C	I	CAM	SAM	19	429	0.044289044289044288
176	C	I	CAM	SAM	17	437	0.038901601830663615
177	C	I	CAM	SAM	18	434	0.041474654377880185
178	C	I	CAM	SAM	22	442	0.049773755656108594
179	C	I	CAM	SAM	21	447	0.046979865771812082
180	C	I	CAM	SAM	16	442	0.036199095022624438
181	C	I	CAM	SAM	25	435	0.057471264367816091
182	C	I	CAM	SAM	23	441	0.052154195011337869
183	C	I	CAM	SAM	21	437	0.048054919908466817
184	C	I	CAM	SAM	23	436	0.052752293577981654
185	C	I	CAM	SAM	24	434	0.055299539170506916
186	C	I	CAM	SAM	24	437	0.054919908466819219
187	C	I	CAM	SAM	22	433	0.050808314087759814
188	C	I	CAM	SAM	21	430	0.048837209302325581
189	C	I	CAM	SAM	26	443	0.058690744920993229
190	C	I	CAM	SAM	19	434	0.04377880184331797
191	C	I	CAM	SAM	20	429	0.046620046620046623
192	C	I	CAM	SAM	20	430	0.046511627906976744
193	C	I	CAM	SAM	22	431	0.051044083526682132
194	C	I	CAM	SAM	22	423	0.052009456264775412
195	C	I	CAM	SAM	19	433	0.043879907621247112
196	C	I	CAM	SAM	25	436	0.057339449541284407
197	C	I	CAM	SAM	22	444	0.04954954954954955
198	C	I	CAM	SAM	19	446	0.042600896860986545
199	C	I	CAM	SAM	19	434	0.04377880184331797
200	C	I	CAM	SAM	22	431	0.051044083526682132
201	C	I	CAM	SAM	17	435	0.039080459770114942
202	C	I	CAM	SAM	19	427	0.04449648711943794
203	C	I	CAM	SAM	21	433	0.048498845265588918
204	C	I	CAM	SAM	17	437	0.038901601830663615
205	C	I	CAM	SAM	17	431	0.039443155452436193
206	C	I	CAM	SAM	21	435	0.048275862068965517
207	C	I	CAM	SAM	17	442	0.038461538461538464
208	C	I	CAM	SAM	23	434	0.052995391705069124
209	C	I	CAM	SAM	20	438	0.045662100456621002
210	C	I	CAM	SAM	24	434	0.055299539170506916
211	C	I	CAM	SAM	22	440	0.050000000000000003
212	C	I	CAM	SAM	21	447	0.046979865771812082
213	C	I	CAM	SAM	21	436	0.048165137614678902
214	C	I	CAM	SAM	22	428	0.051401869158878503
215	C	I	CAM	SAM	24	448	0.053571428571428568
216	C	I	CAM	SAM	15	442	0.033936651583710405
217	C	I	CAM	SAM	21	433	0.048498845265588918
218	C	I	CAM	SAM	20	431	0.046403712296983757
219	C	I	CAM	SAM	26	434	0.059907834101382486
220	C	I	CAM	SAM	16	445	0.035955056179775284
221	C	I	CAM	SAM	24	422	0.056872037914691941
222	C	I	CAM	SAM	23	425	0.054117647058823527
223	C	I	CAM	SAM	23	431	0.05336426914153132
224	C	I	CAM	SAM	26	432	0.060185185185185182
225	C	I	CAM	SAM	16	431	0.037122969837587005
226	C	I	CAM	SAM	18	430	0.041860465116279069
227	C	I	CAM	SAM	21	441	0.047619047619047616
228	C	I	CAM	SAM	21	444	0.0472972972972973
229	C	I	CAM	SAM	19	446	0.042600896860986545
230	C	I	CAM	SAM	19	439	0.04328018223234624
231	C	I	CAM	SAM	22	435	0.05057471264367816
232	C	I	CAM	SAM	21	434	0.048387096774193547
233	C	I	CAM	SAM	32	437	0.073226544622425629
234	C	I	CAM	SAM	22	435	0.05057471264367816
235	C	I	CAM	SAM	18	434	0.041474654377880185
236	C	I	CAM	SAM	17	431	0.039443155452436193
237	C	I	CAM	SAM	24	447	0.053691275167785234
238	C	I	CAM	SAM	23	438	0.052511415525114152
239	C	I	CAM	SAM	25	427	0.058548009367681501
240	C	I	CAM	SAM	18	437	0.041189931350114416
241	C	I	CAM	SAM	20	431	0.046403712296983757
242	C	I	CAM	SAM	27	441	0.061224489795918366
243	C	I	CAM	SAM	19	440	0.043181818181818182
244	C	I	CAM	SAM	21	438	0.047945205479452052
245	C	I	CAM	SAM	20	435	0.045977011494252873
246	C	I	CAM	SAM	21	441	0.047619047619047616
247	C	I	CAM	SAM	23	433	0.053117782909930716
248	C	I	CAM	SAM	29	435	0.066666666666666666
249	C	I	CAM	SAM	23	445	0.051685393258426963
250	C	I	CAM	SAM	16	431	0.037122969837587005
251	C	I	CAM	SAM	16	444	0.036036036036036036
252	C	I	CAM	SAM	26	439	0.059225512528473807
253	C	I	CAM	SAM	22	431	0.051044083526682132
254	C	I	CAM	SAM	18	428	0.042056074766355138
255	C	I	CAM	SAM	18	436	0.041284403669724773
256	C	I	CAM	SAM	21	431	0.048723897911832945
257	C	I	CAM	SAM	18	436	0.041284403669724773
258	C	I	CAM	SAM	23	440	0.052272727272727269
259	C	I	CAM	SAM	21	436	0.048165137614678902
260	C	I	CAM	SAM	24	431	0.055684454756380508
261	C	I	CAM	SAM	20	445	0.0449438202247191
262	C	I	CAM	SAM	22	435	0.05057471264367816
263	C	I	CAM	SAM	21	430	0.048837209302325581
264	C	I	CAM	SAM	20	438	0.045662100456621002
265	C	I	CAM	SAM	24	434	0.055299539170506916
266	C	I	CAM	SAM	22	429	0.05128205128205128
267	C	I	CAM	SAM	17	437	0.038901601830663615
268	C	I	CAM	SAM	19	431	0.044083526682134569
269	C	I	CAM	SAM	19	433	0.043879907621247112
270	C	I	CAM	SAM	22	430	0.051162790697674418
271	C	I	CAM	SAM	20	428	0.046728971962616821
272	C	I	CAM	SAM	18	433	0.041570438799076209
273	C	I	CAM	SAM	21	438	0.047945205479452052
274	C	I	CAM	SAM	26	435	0.059770114942528735
275	C	I	CAM	SAM	22	443	0.049661399548532728
276	C	I	CAM	SAM	20	425	0.047058823529411764
277	C	I	CAM	SAM	17	433	0.039260969976905313
278	C	I	CAM	SAM	20	439	0.045558086560364468
279	C	I	CAM	SAM	18	434	0.041474654377880185
280	C	I	CAM	SAM	20	434	0.046082949308755762
281	C	I	CAM	SAM	21	446	0.04708520179372197
282	C	I	CAM	SAM	22	440	0.050000000000000003
283	C	I	CAM	SAM	24	430	0.055813953488372092
284	C	I	CAM	SAM	17	437	0.038901601830663615
285	C	I	CAM	SAM	19	430	0.044186046511627906
286	C	I	CAM	SAM	20	425	0.047058823529411764
287	C	I	CAM	SAM	26	430	0.060465116279069767
288	C	I	CAM	SAM	29	444	0.065315315315315314
289	C	I	CAM	SAM	24	435	0.055172413793103448
290	C	I	CAM	SAM	21	426	0.049295774647887321
291	C	I	CAM	SAM	18	434	0.041474654377880185
292	C	I	CAM	SAM	21	427	0.049180327868852458
293	C	I	CAM	SAM	28	437	0.064073226544622428
294	C	I	CAM	SAM	25	437	0.057208237986270026
295	C	I	CAM	SAM	20	436	0.045871559633027525
296	C	I	CAM	SAM	18	432	0.041666666666666664
297	C	I	CAM	SAM	22	441	0.049886621315192746
298	C	I	CAM	SAM	21	437	0.048054919908466817
299	C	I	CAM	SAM	19	431	0.044083526682134569
300	C	I	CAM	SAM	15	435	0.034482758620689655
1	D	I	ENA	SAM	0	433	0
2	D	I	ENA	SAM	0	440	0
3	D	I	ENA	SAM	2	440	0.0045454545454545452
4	D	I	ENA	SAM	0	434	0
5	D	I	ENA	SAM	0	436	0
6	D	I	ENA	SAM	0	437	0
7	D	I	ENA	SAM	0	432	0
8	D	I	ENA	SAM	1	442	0.0022624434389140274
9	D	I	ENA	SAM	0	431	0
10	D	I	ENA	SAM	1	433	0.0023094688221709007
11	D	I	ENA	SAM	0	437	0
12	D	I	ENA	SAM	0	436	0
13	D	I	ENA	SAM	1	444	0.0022522522522522522
14	D	I	ENA	SAM	0	442	0
15	D	I	ENA	SAM	1	427	0.00234192037470726
16	D	I	ENA	SAM	0	444	0
17	D	I	ENA	SAM	1	438	0.0022831050228310501
18	D	I	ENA	SAM	1	440	0.0022727272727272726
19	D	I	ENA	SAM	1	429	0.002331002331002331
20	D	I	ENA	SAM	0	430	0
21	D	I	ENA	SAM	2	429	0.004662004662004662
22	D	I	ENA	SAM	0	435	0
23	D	I	ENA	SAM	0	430	0
24	D	I	ENA	SAM	0	443	0
25	D	I	ENA	SAM	0	434	0
26	D	I	ENA	SAM	0	438	0
27	D	I	ENA	SAM	0	436	0
28	D	I	ENA	SAM	0	438	0
29	D	I	ENA	SAM	2	436	0.0045871559633027525
30	D	I	ENA	SAM	1	439	0.0022779043280182231
31	D	I	ENA	SAM	0	438	0
32	D	I	ENA	SAM	0	439	0
33	D	I	ENA	SAM	0	436	0
34	D	I	ENA	SAM	0	438	0
35	D	I	ENA	SAM	2	438	0.0045662100456621002
36	D	I	ENA	SAM	2	440	0.0045454545454545452
37	D	I	ENA	SAM	1	442	0.0022624434389140274
38	D	I	ENA	SAM	0	437	0
39	D	I	ENA	SAM	0	434	0
40	D	I	ENA	SAM	0	442	0
41	D	I	ENA	SAM	0	444	0
42	D	I	ENA	SAM	1	427	0.00234192037470726
43	D	I	ENA	SAM	0	434	0
44	D	I	ENA	SAM	0	430	0
45	D	I	ENA	SAM	1	431	0.0023201856148491878
46	D	I	ENA	SAM	3	429	0.006993006993006993
47	D	I	ENA	SAM	1	444	0.0022522522522522522
48	D	I	ENA	SAM	2	441	0.0045351473922902496
49	D	I	ENA	SAM	1	431	0.0023201856148491878
50	D	I	ENA	SAM	1	424	0.0023584905660377358
51	D	I	ENA	SAM	1	428	0.0023364485981308409
52	D	I	ENA	SAM	1	428	0.0023364485981308409
53	D	I	ENA	SAM	0	444	0
54	D	I	ENA	SAM	0	439	0
55	D	I	ENA	SAM	2	435	0.0045977011494252873
56	D	I	ENA	SAM	0	437	0
57	D	I	ENA	SAM	0	433	0
58	D	I	ENA	SAM	2	441	0.0045351473922902496
59	D	I	ENA	SAM	0	424	0
60	D	I	ENA	SAM	1	440	0.0022727272727272726
61	D	I	ENA	SAM	0	436	0
62	D	I	ENA	SAM	1	422	0.0023696682464454978
63	D	I	ENA	SAM	2	433	0.0046189376443418013
64	D	I	ENA	SAM	2	433	0.0046189376443418013
65	D	I	ENA	SAM	0	432	0
66	D	I	ENA	SAM	0	445	0
67	D	I	ENA	SAM	0	430	0
68	D	I	ENA	SAM	1	438	0.0022831050228310501
69	D	I	ENA	SAM	0	438	0
70	D	I	ENA	SAM	1	439	0.0022779043280182231
71	D	I	ENA	SAM	1	432	0.0023148148148148147
72	D	I	ENA	SAM	0	436	0
73	D	I	ENA	SAM	0	435	0
74	D	I	ENA	SAM	0	436	0
75	D	I	ENA	SAM	0	452	0
76	D	I	ENA	SAM	0	441	0
77	D	I	ENA	SAM	1	441	0.0022675736961451248
78	D	I	ENA	SAM	0	435	0
79	D	I	ENA	SAM	0	425	0
80	D	I	ENA	SAM	1	440	0.0022727272727272726
81	D	I	ENA	SAM	0	436	0
82	D	I	ENA	SAM	0	435	0
83	D	I	ENA	SAM	0	426	0
84	D	I	ENA	SAM	0	447	0
85	D	I	ENA	SAM	0	434	0
86	D	I	ENA	SAM	0	431	0
87	D	I	ENA	SAM	1	432	0.0023148148148148147
88	D	I	ENA	SAM	1	445	0.0022471910112359553
89	D	I	ENA	SAM	0	432	0
90	D	I	ENA	SAM	1	431	0.0023201856148491878
91	D	I	ENA	SAM	0	436	0
92	D	I	ENA	SAM	1	442	0.0022624434389140274
93	D	I	ENA	SAM	3	426	0.0070422535211267607
94	D	I	ENA	SAM	0	426	0
95	D	I	ENA	SAM	0	431	0
96	D	I	ENA	SAM	1	439	0.0022779043280182231
97	D	I	ENA	SAM	0	436	0
98	D	I	ENA	SAM	0	433	0
99	D	I	ENA	SAM	1	434	0.002304147465437788
100	D	I	ENA	SAM	0	439	0
101	D	I	ENA	SAM	0	435	0
102	D	I	ENA	SAM	0	448	0
103	D	I	ENA	SAM	2	438	0.0045662100456621002
104	D	I	ENA	SAM	0	431	0
105	D	I	ENA	SAM	0	435	0
106	D	I	ENA	SAM	1	435	0.0022988505747126436
107	D	I	ENA	SAM	0	443	0
108	D	I	ENA	SAM	0	426	0
109	D	I	ENA	SAM	0	444	0
110	D	I	ENA	SAM	0	427	0
111	D	I	ENA	SAM	1	447	0.0022371364653243847
112	D	I	ENA	SAM	1	436	0.0022935779816513763
113	D	I	ENA	SAM	1	432	0.0023148148148148147
114	D	I	ENA	SAM	0	442	0
115	D	I	ENA	SAM	2	435	0.0045977011494252873
116	D	I	ENA	SAM	0	445	0
117	D	I	ENA	SAM	0	441	0
118	D	I	ENA	SAM	1	436	0.0022935779816513763
119	D	I	ENA	SAM	0	439	0
120	D	I	ENA	SAM	1	451	0.0022172949002217295
121	D	I	ENA	SAM	0	443	0
122	D	I	ENA	SAM	0	432	0
123	D	I	ENA	SAM	1	442	0.0022624434389140274
124	D	I	ENA	SAM	1	437	0.0022883295194508009
125	D	I	ENA	SAM	0	433	0
126	D	I	ENA	SAM	0	438	0
127	D	I	ENA	SAM	1	436	0.0022935779816513763
128	D	I	ENA	SAM	1	436	0.0022935779816513763
129	D	I	ENA	SAM	0	435	0
130	D	I	ENA	SAM	1	433	0.0023094688221709007
131	D	I	ENA	SAM	0	446	0
132	D	I	ENA	SAM	1	442	0.0022624434389140274
133	D	I	ENA	SAM	1	441	0.0022675736961451248
134	D	I	ENA	SAM	1	444	0.0022522522522522522
135	D	I	ENA	SAM	0	433	0
136	D	I	ENA	SAM	1	432	0.0023148148148148147
137	D	I	ENA	SAM	1	433	0.0023094688221709007
138	D	I	ENA	SAM	0	438	0
139	D	I	ENA	SAM	1	433	0.0023094688221709007
140	D	I	ENA	SAM	1	433	0.0023094688221709007
141	D	I	ENA	SAM	1	427	0.00234192037470726
142	D	I	ENA	SAM	0	425	0
143	D	I	ENA	SAM	2	430	0.0046511627906976744
144	D	I	ENA	SAM	1	434	0.002304147465437788
145	D	I	ENA	SAM	1	446	0.002242152466367713
146	D	I	ENA	SAM	1	439	0.0022779043280182231
147	D	I	ENA	SAM	0	433	0
148	D	I	ENA	SAM	1	437	0.0022883295194508009
149	D	I	ENA	SAM	0	425	0
150	D	I	ENA	SAM	0	440	0
151	D	I	ENA	SAM	1	445	0.0022471910112359553
152	D	I	ENA	SAM	1	435	0.0022988505747126436
153	D	I	ENA	SAM	0	438	0
154	D	I	ENA	SAM	1	445	0.0022471910112359553
155	D	I	ENA	SAM	1	432	0.0023148148148148147
156	D	I	ENA	SAM	1	429	0.002331002331002331
157	D	I	ENA	SAM	0	432	0
158	D	I	ENA	SAM	1	435	0.0022988505747126436
159	D	I	ENA	SAM	0	441	0
160	D	I	ENA	SAM	2	439	0.0045558086560364463
161	D	I	ENA	SAM	1	438	0.0022831050228310501
162	D	I	ENA	SAM	0	436	0
163	D	I	ENA	SAM	0	434	0
164	D	I	ENA	SAM	0	437	0
165	D	I	ENA	SAM	0	428	0
166	D	I	ENA	SAM	0	436	0
167	D	I	ENA	SAM	0	433	0
168	D	I	ENA	SAM	1	435	0.0022988505747126436
169	D	I	ENA	SAM	1	434	0.002304147465437788
170	D	I	ENA	SAM	0	432	0
171	D	I	ENA	SAM	0	434	0
172	D	I	ENA	SAM	1	444	0.0022522522522522522
173	D	I	ENA	SAM	7	440	0.015909090909090907
174	D	I	ENA	SAM	2	435	0.0045977011494252873
175	D	I	ENA	SAM	0	429	0
176	D	I	ENA	SAM	1	437	0.0022883295194508009
177	D	I	ENA	SAM	1	434	0.002304147465437788
178	D	I	ENA	SAM	0	442	0
179	D	I	ENA	SAM	0	447	0
180	D	I	ENA	SAM	1	442	0.0022624434389140274
181	D	I	ENA	SAM	1	435	0.0022988505747126436
182	D	I	ENA	SAM	1	441	0.0022675736961451248
183	D	I	ENA	SAM	0	437	0
184	D	I	ENA	SAM	1	436	0.0022935779816513763
185	D	I	ENA	SAM	0	434	0
186	D	I	ENA	SAM	1	437	0.0022883295194508009
187	D	I	ENA	SAM	0	433	0
188	D	I	ENA	SAM	1	430	0.0023255813953488372
189	D	I	ENA	SAM	0	443	0
190	D	I	ENA	SAM	1	434	0.002304147465437788
191	D	I	ENA	SAM	0	429	0
192	D	I	ENA	SAM	0	430	0
193	D	I	ENA	SAM	0	431	0
194	D	I	ENA	SAM	0	423	0
195	D	I	ENA	SAM	2	433	0.0046189376443418013
196	D	I	ENA	SAM	0	436	0
197	D	I	ENA	SAM	0	444	0
198	D	I	ENA	SAM	2	446	0.0044843049327354259
199	D	I	ENA	SAM	2	434	0.004608294930875576
200	D	I	ENA	SAM	2	431	0.0046403712296983757
201	D	I	ENA	SAM	1	435	0.0022988505747126436
202	D	I	ENA	SAM	0	427	0
203	D	I	ENA	SAM	2	433	0.0046189376443418013
204	D	I	ENA	SAM	0	437	0
205	D	I	ENA	SAM	1	431	0.0023201856148491878
206	D	I	ENA	SAM	1	435	0.0022988505747126436
207	D	I	ENA	SAM	1	442	0.0022624434389140274
208	D	I	ENA	SAM	1	434	0.002304147465437788
209	D	I	ENA	SAM	0	438	0
210	D	I	ENA	SAM	0	434	0
211	D	I	ENA	SAM	0	440	0
212	D	I	ENA	SAM	0	447	0
213	D	I	ENA	SAM	0	436	0
214	D	I	ENA	SAM	3	428	0.0070093457943925233
215	D	I	ENA	SAM	0	448	0
216	D	I	ENA	SAM	4	442	0.0090497737556561094
217	D	I	ENA	SAM	0	433	0
218	D	I	ENA	SAM	4	431	0.0092807424593967514
219	D	I	ENA	SAM	0	434	0
220	D	I	ENA	SAM	3	445	0.0067415730337078653
221	D	I	ENA	SAM	0	422	0
222	D	I	ENA	SAM	0	425	0
223	D	I	ENA	SAM	0	431	0
224	D	I	ENA	SAM	0	432	0
225	D	I	ENA	SAM	0	431	0
226	D	I	ENA	SAM	1	430	0.0023255813953488372
227	D	I	ENA	SAM	1	441	0.0022675736961451248
228	D	I	ENA	SAM	2	444	0.0045045045045045045
229	D	I	ENA	SAM	3	446	0.0067264573991031393
230	D	I	ENA	SAM	1	439	0.0022779043280182231
231	D	I	ENA	SAM	0	435	0
232	D	I	ENA	SAM	2	434	0.004608294930875576
233	D	I	ENA	SAM	0	437	0
234	D	I	ENA	SAM	0	435	0
235	D	I	ENA	SAM	0	434	0
236	D	I	ENA	SAM	3	431	0.0069605568445475635
237	D	I	ENA	SAM	0	447	0
238	D	I	ENA	SAM	0	438	0
239	D	I	ENA	SAM	1	427	0.00234192037470726
240	D	I	ENA	SAM	1	437	0.0022883295194508009
241	D	I	ENA	SAM	1	431	0.0023201856148491878
242	D	I	ENA	SAM	1	441	0.0022675736961451248
243	D	I	ENA	SAM	0	440	0
244	D	I	ENA	SAM	1	438	0.0022831050228310501
245	D	I	ENA	SAM	0	435	0
246	D	I	ENA	SAM	0	441	0
247	D	I	ENA	SAM	1	433	0.0023094688221709007
248	D	I	ENA	SAM	0	435	0
249	D	I	ENA	SAM	0	445	0
250	D	I	ENA	SAM	2	431	0.0046403712296983757
251	D	I	ENA	SAM	0	444	0
252	D	I	ENA	SAM	0	439	0
253	D	I	ENA	SAM	1	431	0.0023201856148491878
254	D	I	ENA	SAM	1	428	0.0023364485981308409
255	D	I	ENA	SAM	0	436	0
256	D	I	ENA	SAM	0	431	0
257	D	I	ENA	SAM	3	436	0.0068807339449541288
258	D	I	ENA	SAM	0	440	0
259	D	I	ENA	SAM	2	436	0.0045871559633027525
260	D	I	ENA	SAM	0	431	0
261	D	I	ENA	SAM	1	445	0.0022471910112359553
262	D	I	ENA	SAM	0	435	0
263	D	I	ENA	SAM	1	430	0.0023255813953488372
264	D	I	ENA	SAM	0	438	0
265	D	I	ENA	SAM	0	434	0
266	D	I	ENA	SAM	0	429	0
267	D	I	ENA	SAM	0	437	0
268	D	I	ENA	SAM	0	431	0
269	D	I	ENA	SAM	1	433	0.0023094688221709007
270	D	I	ENA	SAM	1	430	0.0023255813953488372
271	D	I	ENA	SAM	1	428	0.0023364485981308409
272	D	I	ENA	SAM	1	433	0.0023094688221709007
273	D	I	ENA	SAM	1	438	0.0022831050228310501
274	D	I	ENA	SAM	1	435	0.0022988505747126436
275	D	I	ENA	SAM	1	443	0.002257336343115124
276	D	I	ENA	SAM	0	425	0
277	D	I	ENA	SAM	2	433	0.0046189376443418013
278	D	I	ENA	SAM	0	439	0
279	D	I	ENA	SAM	0	434	0
280	D	I	ENA	SAM	0	434	0
281	D	I	ENA	SAM	0	446	0
282	D	I	ENA	SAM	1	440	0.0022727272727272726
283	D	I	ENA	SAM	0	430	0
284	D	I	ENA	SAM	1	437	0.0022883295194508009
285	D	I	ENA	SAM	1	430	0.0023255813953488372
286	D	I	ENA	SAM	0	425	0
287	D	I	ENA	SAM	0	430	0
288	D	I	ENA	SAM	1	444	0.0022522522522522522
289	D	I	ENA	SAM	1	435	0.0022988505747126436
290	D	I	ENA	SAM	2	426	0.0046948356807511738
291	D	I	ENA	SAM	0	434	0
292	D	I	ENA	SAM	1	427	0.00234192037470726
293	D	I	ENA	SAM	0	437	0
294	D	I	ENA	SAM	0	437	0
295	D	I	ENA	SAM	0	436	0
296	D	I	ENA	SAM	1	432	0.0023148148148148147
297	D	I	ENA	SAM	0	441	0
298	D	I	ENA	SAM	0	437	0
299	D	I	ENA	SAM	0	431	0
300	D	I	ENA	SAM	2	435	0.0045977011494252873
1	E	I	EPA	SAM	0	433	0
2	E	I	EPA	SAM	0	440	0
3	E	I	EPA	SAM	0	440	0
4	E	I	EPA	SAM	0	434	0
5	E	I	EPA	SAM	0	436	0
6	E	I	EPA	SAM	0	437	0
7	E	I	EPA	SAM	0	432	0
8	E	I	EPA	SAM	0	442	0
9	E	I	EPA	SAM	0	431	0
10	E	I	EPA	SAM	0	433	0
11	E	I	EPA	SAM	0	437	0
12	E	I	EPA	SAM	0	436	0
13	E	I	EPA	SAM	0	444	0
14	E	I	EPA	SAM	0	442	0
15	E	I	EPA	SAM	0	427	0
16	E	I	EPA	SAM	0	444	0
17	E	I	EPA	SAM	0	438	0
18	E	I	EPA	SAM	0	440	0
19	E	I	EPA	SAM	1	429	0.002331002331002331
20	E	I	EPA	SAM	1	430	0.0023255813953488372
21	E	I	EPA	SAM	0	429	0
22	E	I	EPA	SAM	0	435	0
23	E	I	EPA	SAM	0	430	0
24	E	I	EPA	SAM	0	443	0
25	E	I	EPA	SAM	0	434	0
26	E	I	EPA	SAM	0	438	0
27	E	I	EPA	SAM	0	436	0
28	E	I	EPA	SAM	0	438	0
29	E	I	EPA	SAM	0	436	0
30	E	I	EPA	SAM	0	439	0
31	E	I	EPA	SAM	0	438	0
32	E	I	EPA	SAM	0	439	0
33	E	I	EPA	SAM	0	436	0
34	E	I	EPA	SAM	0	438	0
35	E	I	EPA	SAM	0	438	0
36	E	I	EPA	SAM	0	440	0
37	E	I	EPA	SAM	0	442	0
38	E	I	EPA	SAM	0	437	0
39	E	I	EPA	SAM	1	434	0.002304147465437788
40	E	I	EPA	SAM	0	442	0
41	E	I	EPA	SAM	0	444	0
42	E	I	EPA	SAM	0	427	0
43	E	I	EPA	SAM	1	434	0.002304147465437788
44	E	I	EPA	SAM	0	430	0
45	E	I	EPA	SAM	0	431	0
46	E	I	EPA	SAM	0	429	0
47	E	I	EPA	SAM	0	444	0
48	E	I	EPA	SAM	0	441	0
49	E	I	EPA	SAM	0	431	0
50	E	I	EPA	SAM	0	424	0
51	E	I	EPA	SAM	1	428	0.0023364485981308409
52	E	I	EPA	SAM	0	428	0
53	E	I	EPA	SAM	0	444	0
54	E	I	EPA	SAM	1	439	0.0022779043280182231
55	E	I	EPA	SAM	0	435	0
56	E	I	EPA	SAM	1	437	0.0022883295194508009
57	E	I	EPA	SAM	0	433	0
58	E	I	EPA	SAM	0	441	0
59	E	I	EPA	SAM	0	424	0
60	E	I	EPA	SAM	0	440	0
61	E	I	EPA	SAM	0	436	0
62	E	I	EPA	SAM	0	422	0
63	E	I	EPA	SAM	0	433	0
64	E	I	EPA	SAM	0	433	0
65	E	I	EPA	SAM	1	432	0.0023148148148148147
66	E	I	EPA	SAM	0	445	0
67	E	I	EPA	SAM	0	430	0
68	E	I	EPA	SAM	0	438	0
69	E	I	EPA	SAM	1	438	0.0022831050228310501
70	E	I	EPA	SAM	0	439	0
71	E	I	EPA	SAM	1	432	0.0023148148148148147
72	E	I	EPA	SAM	0	436	0
73	E	I	EPA	SAM	0	435	0
74	E	I	EPA	SAM	0	436	0
75	E	I	EPA	SAM	0	452	0
76	E	I	EPA	SAM	0	441	0
77	E	I	EPA	SAM	0	441	0
78	E	I	EPA	SAM	0	435	0
79	E	I	EPA	SAM	0	425	0
80	E	I	EPA	SAM	0	440	0
81	E	I	EPA	SAM	0	436	0
82	E	I	EPA	SAM	0	435	0
83	E	I	EPA	SAM	1	426	0.0023474178403755869
84	E	I	EPA	SAM	0	447	0
85	E	I	EPA	SAM	0	434	0
86	E	I	EPA	SAM	0	431	0
87	E	I	EPA	SAM	0	432	0
88	E	I	EPA	SAM	0	445	0
89	E	I	EPA	SAM	0	432	0
90	E	I	EPA	SAM	0	431	0
91	E	I	EPA	SAM	0	436	0
92	E	I	EPA	SAM	0	442	0
93	E	I	EPA	SAM	0	426	0
94	E	I	EPA	SAM	0	426	0
95	E	I	EPA	SAM	0	431	0
96	E	I	EPA	SAM	0	439	0
97	E	I	EPA	SAM	0	436	0
98	E	I	EPA	SAM	0	433	0
99	E	I	EPA	SAM	0	434	0
100	E	I	EPA	SAM	0	439	0
101	E	I	EPA	SAM	0	435	0
102	E	I	EPA	SAM	0	448	0
103	E	I	EPA	SAM	0	438	0
104	E	I	EPA	SAM	0	431	0
105	E	I	EPA	SAM	0	435	0
106	E	I	EPA	SAM	0	435	0
107	E	I	EPA	SAM	0	443	0
108	E	I	EPA	SAM	0	426	0
109	E	I	EPA	SAM	0	444	0
110	E	I	EPA	SAM	0	427	0
111	E	I	EPA	SAM	0	447	0
112	E	I	EPA	SAM	0	436	0
113	E	I	EPA	SAM	0	432	0
114	E	I	EPA	SAM	0	442	0
115	E	I	EPA	SAM	0	435	0
116	E	I	EPA	SAM	0	445	0
117	E	I	EPA	SAM	0	441	0
118	E	I	EPA	SAM	0	436	0
119	E	I	EPA	SAM	0	439	0
120	E	I	EPA	SAM	0	451	0
121	E	I	EPA	SAM	0	443	0
122	E	I	EPA	SAM	0	432	0
123	E	I	EPA	SAM	0	442	0
124	E	I	EPA	SAM	0	437	0
125	E	I	EPA	SAM	0	433	0
126	E	I	EPA	SAM	0	438	0
127	E	I	EPA	SAM	0	436	0
128	E	I	EPA	SAM	0	436	0
129	E	I	EPA	SAM	0	435	0
130	E	I	EPA	SAM	0	433	0
131	E	I	EPA	SAM	0	446	0
132	E	I	EPA	SAM	0	442	0
133	E	I	EPA	SAM	0	441	0
134	E	I	EPA	SAM	0	444	0
135	E	I	EPA	SAM	0	433	0
136	E	I	EPA	SAM	0	432	0
137	E	I	EPA	SAM	0	433	0
138	E	I	EPA	SAM	0	438	0
139	E	I	EPA	SAM	0	433	0
140	E	I	EPA	SAM	0	433	0
141	E	I	EPA	SAM	0	427	0
142	E	I	EPA	SAM	0	425	0
143	E	I	EPA	SAM	0	430	0
144	E	I	EPA	SAM	0	434	0
145	E	I	EPA	SAM	0	446	0
146	E	I	EPA	SAM	0	439	0
147	E	I	EPA	SAM	1	433	0.0023094688221709007
148	E	I	EPA	SAM	0	437	0
149	E	I	EPA	SAM	0	425	0
150	E	I	EPA	SAM	0	440	0
151	E	I	EPA	SAM	0	445	0
152	E	I	EPA	SAM	0	435	0
153	E	I	EPA	SAM	0	438	0
154	E	I	EPA	SAM	0	445	0
155	E	I	EPA	SAM	0	432	0
156	E	I	EPA	SAM	0	429	0
157	E	I	EPA	SAM	0	432	0
158	E	I	EPA	SAM	0	435	0
159	E	I	EPA	SAM	0	441	0
160	E	I	EPA	SAM	0	439	0
161	E	I	EPA	SAM	0	438	0
162	E	I	EPA	SAM	0	436	0
163	E	I	EPA	SAM	0	434	0
164	E	I	EPA	SAM	0	437	0
165	E	I	EPA	SAM	1	428	0.0023364485981308409
166	E	I	EPA	SAM	0	436	0
167	E	I	EPA	SAM	0	433	0
168	E	I	EPA	SAM	0	435	0
169	E	I	EPA	SAM	0	434	0
170	E	I	EPA	SAM	1	432	0.0023148148148148147
171	E	I	EPA	SAM	0	434	0
172	E	I	EPA	SAM	0	444	0
173	E	I	EPA	SAM	0	440	0
174	E	I	EPA	SAM	0	435	0
175	E	I	EPA	SAM	0	429	0
176	E	I	EPA	SAM	0	437	0
177	E	I	EPA	SAM	0	434	0
178	E	I	EPA	SAM	0	442	0
179	E	I	EPA	SAM	0	447	0
180	E	I	EPA	SAM	0	442	0
181	E	I	EPA	SAM	0	435	0
182	E	I	EPA	SAM	0	441	0
183	E	I	EPA	SAM	0	437	0
184	E	I	EPA	SAM	0	436	0
185	E	I	EPA	SAM	0	434	0
186	E	I	EPA	SAM	0	437	0
187	E	I	EPA	SAM	0	433	0
188	E	I	EPA	SAM	0	430	0
189	E	I	EPA	SAM	0	443	0
190	E	I	EPA	SAM	0	434	0
191	E	I	EPA	SAM	0	429	0
192	E	I	EPA	SAM	0	430	0
193	E	I	EPA	SAM	0	431	0
194	E	I	EPA	SAM	0	423	0
195	E	I	EPA	SAM	0	433	0
196	E	I	EPA	SAM	0	436	0
197	E	I	EPA	SAM	0	444	0
198	E	I	EPA	SAM	1	446	0.002242152466367713
199	E	I	EPA	SAM	0	434	0
200	E	I	EPA	SAM	0	431	0
201	E	I	EPA	SAM	0	435	0
202	E	I	EPA	SAM	1	427	0.00234192037470726
203	E	I	EPA	SAM	0	433	0
204	E	I	EPA	SAM	0	437	0
205	E	I	EPA	SAM	0	431	0
206	E	I	EPA	SAM	0	435	0
207	E	I	EPA	SAM	0	442	0
208	E	I	EPA	SAM	0	434	0
209	E	I	EPA	SAM	0	438	0
210	E	I	EPA	SAM	0	434	0
211	E	I	EPA	SAM	0	440	0
212	E	I	EPA	SAM	0	447	0
213	E	I	EPA	SAM	0	436	0
214	E	I	EPA	SAM	0	428	0
215	E	I	EPA	SAM	0	448	0
216	E	I	EPA	SAM	0	442	0
217	E	I	EPA	SAM	0	433	0
218	E	I	EPA	SAM	0	431	0
219	E	I	EPA	SAM	0	434	0
220	E	I	EPA	SAM	0	445	0
221	E	I	EPA	SAM	0	422	0
222	E	I	EPA	SAM	0	425	0
223	E	I	EPA	SAM	0	431	0
224	E	I	EPA	SAM	0	432	0
225	E	I	EPA	SAM	0	431	0
226	E	I	EPA	SAM	0	430	0
227	E	I	EPA	SAM	0	441	0
228	E	I	EPA	SAM	1	444	0.0022522522522522522
229	E	I	EPA	SAM	0	446	0
230	E	I	EPA	SAM	1	439	0.0022779043280182231
231	E	I	EPA	SAM	0	435	0
232	E	I	EPA	SAM	0	434	0
233	E	I	EPA	SAM	0	437	0
234	E	I	EPA	SAM	0	435	0
235	E	I	EPA	SAM	0	434	0
236	E	I	EPA	SAM	0	431	0
237	E	I	EPA	SAM	0	447	0
238	E	I	EPA	SAM	0	438	0
239	E	I	EPA	SAM	0	427	0
240	E	I	EPA	SAM	0	437	0
241	E	I	EPA	SAM	0	431	0
242	E	I	EPA	SAM	0	441	0
243	E	I	EPA	SAM	0	440	0
244	E	I	EPA	SAM	0	438	0
245	E	I	EPA	SAM	0	435	0
246	E	I	EPA	SAM	0	441	0
247	E	I	EPA	SAM	0	433	0
248	E	I	EPA	SAM	0	435	0
249	E	I	EPA	SAM	0	445	0
250	E	I	EPA	SAM	0	431	0
251	E	I	EPA	SAM	1	444	0.0022522522522522522
252	E	I	EPA	SAM	0	439	0
253	E	I	EPA	SAM	0	431	0
254	E	I	EPA	SAM	0	428	0
255	E	I	EPA	SAM	0	436	0
256	E	I	EPA	SAM	0	431	0
257	E	I	EPA	SAM	0	436	0
258	E	I	EPA	SAM	0	440	0
259	E	I	EPA	SAM	0	436	0
260	E	I	EPA	SAM	0	431	0
261	E	I	EPA	SAM	0	445	0
262	E	I	EPA	SAM	0	435	0
263	E	I	EPA	SAM	0	430	0
264	E	I	EPA	SAM	0	438	0
265	E	I	EPA	SAM	0	434	0
266	E	I	EPA	SAM	0	429	0
267	E	I	EPA	SAM	0	437	0
268	E	I	EPA	SAM	0	431	0
269	E	I	EPA	SAM	0	433	0
270	E	I	EPA	SAM	0	430	0
271	E	I	EPA	SAM	0	428	0
272	E	I	EPA	SAM	0	433	0
273	E	I	EPA	SAM	0	438	0
274	E	I	EPA	SAM	0	435	0
275	E	I	EPA	SAM	0	443	0
276	E	I	EPA	SAM	0	425	0
277	E	I	EPA	SAM	0	433	0
278	E	I	EPA	SAM	0	439	0
279	E	I	EPA	SAM	1	434	0.002304147465437788
280	E	I	EPA	SAM	1	434	0.002304147465437788
281	E	I	EPA	SAM	0	446	0
282	E	I	EPA	SAM	0	440	0
283	E	I	EPA	SAM	0	430	0
284	E	I	EPA	SAM	0	437	0
285	E	I	EPA	SAM	0	430	0
286	E	I	EPA	SAM	0	425	0
287	E	I	EPA	SAM	0	430	0
288	E	I	EPA	SAM	0	444	0
289	E	I	EPA	SAM	0	435	0
290	E	I	EPA	SAM	0	426	0
291	E	I	EPA	SAM	0	434	0
292	E	I	EPA	SAM	0	427	0
293	E	I	EPA	SAM	0	437	0
294	E	I	EPA	SAM	0	437	0
295	E	I	EPA	SAM	0	436	0
296	E	I	EPA	SAM	0	432	0
297	E	I	EPA	SAM	0	441	0
298	E	I	EPA	SAM	0	437	0
299	E	I	EPA	SAM	0	431	0
300	E	I	EPA	SAM	1	435	0.0022988505747126436
1	F	I	IND	SAM	0	433	0
2	F	I	IND	SAM	0	440	0
3	F	I	IND	SAM	0	440	0
4	F	I	IND	SAM	0	434	0
5	F	I	IND	SAM	0	436	0
6	F	I	IND	SAM	0	437	0
7	F	I	IND	SAM	0	432	0
8	F	I	IND	SAM	0	442	0
9	F	I	IND	SAM	0	431	0
10	F	I	IND	SAM	0	433	0
11	F	I	IND	SAM	0	437	0
12	F	I	IND	SAM	0	436	0
13	F	I	IND	SAM	0	444	0
14	F	I	IND	SAM	0	442	0
15	F	I	IND	SAM	0	427	0
16	F	I	IND	SAM	0	444	0
17	F	I	IND	SAM	0	438	0
18	F	I	IND	SAM	0	440	0
19	F	I	IND	SAM	0	429	0
20	F	I	IND	SAM	0	430	0
21	F	I	IND	SAM	0	429	0
22	F	I	IND	SAM	0	435	0
23	F	I	IND	SAM	0	430	0
24	F	I	IND	SAM	0	443	0
25	F	I	IND	SAM	0	434	0
26	F	I	IND	SAM	0	438	0
27	F	I	IND	SAM	0	436	0
28	F	I	IND	SAM	1	438	0.0022831050228310501
29	F	I	IND	SAM	0	436	0
30	F	I	IND	SAM	0	439	0
31	F	I	IND	SAM	0	438	0
32	F	I	IND	SAM	0	439	0
33	F	I	IND	SAM	0	436	0
34	F	I	IND	SAM	1	438	0.0022831050228310501
35	F	I	IND	SAM	0	438	0
36	F	I	IND	SAM	0	440	0
37	F	I	IND	SAM	0	442	0
38	F	I	IND	SAM	0	437	0
39	F	I	IND	SAM	0	434	0
40	F	I	IND	SAM	0	442	0
41	F	I	IND	SAM	0	444	0
42	F	I	IND	SAM	0	427	0
43	F	I	IND	SAM	0	434	0
44	F	I	IND	SAM	0	430	0
45	F	I	IND	SAM	0	431	0
46	F	I	IND	SAM	0	429	0
47	F	I	IND	SAM	0	444	0
48	F	I	IND	SAM	0	441	0
49	F	I	IND	SAM	0	431	0
50	F	I	IND	SAM	0	424	0
51	F	I	IND	SAM	0	428	0
52	F	I	IND	SAM	1	428	0.0023364485981308409
53	F	I	IND	SAM	0	444	0
54	F	I	IND	SAM	0	439	0
55	F	I	IND	SAM	0	435	0
56	F	I	IND	SAM	0	437	0
57	F	I	IND	SAM	0	433	0
58	F	I	IND	SAM	0	441	0
59	F	I	IND	SAM	0	424	0
60	F	I	IND	SAM	0	440	0
61	F	I	IND	SAM	0	436	0
62	F	I	IND	SAM	1	422	0.0023696682464454978
63	F	I	IND	SAM	0	433	0
64	F	I	IND	SAM	0	433	0
65	F	I	IND	SAM	0	432	0
66	F	I	IND	SAM	0	445	0
67	F	I	IND	SAM	0	430	0
68	F	I	IND	SAM	0	438	0
69	F	I	IND	SAM	0	438	0
70	F	I	IND	SAM	0	439	0
71	F	I	IND	SAM	0	432	0
72	F	I	IND	SAM	0	436	0
73	F	I	IND	SAM	0	435	0
74	F	I	IND	SAM	0	436	0
75	F	I	IND	SAM	0	452	0
76	F	I	IND	SAM	0	441	0
77	F	I	IND	SAM	0	441	0
78	F	I	IND	SAM	0	435	0
79	F	I	IND	SAM	0	425	0
80	F	I	IND	SAM	0	440	0
81	F	I	IND	SAM	0	436	0
82	F	I	IND	SAM	0	435	0
83	F	I	IND	SAM	0	426	0
84	F	I	IND	SAM	0	447	0
85	F	I	IND	SAM	0	434	0
86	F	I	IND	SAM	0	431	0
87	F	I	IND	SAM	0	432	0
88	F	I	IND	SAM	0	445	0
89	F	I	IND	SAM	0	432	0
90	F	I	IND	SAM	0	431	0
91	F	I	IND	SAM	0	436	0
92	F	I	IND	SAM	0	442	0
93	F	I	IND	SAM	0	426	0
94	F	I	IND	SAM	0	426	0
95	F	I	IND	SAM	0	431	0
96	F	I	IND	SAM	0	439	0
97	F	I	IND	SAM	0	436	0
98	F	I	IND	SAM	0	433	0
99	F	I	IND	SAM	0	434	0
100	F	I	IND	SAM	0	439	0
101	F	I	IND	SAM	0	435	0
102	F	I	IND	SAM	0	448	0
103	F	I	IND	SAM	0	438	0
104	F	I	IND	SAM	0	431	0
105	F	I	IND	SAM	0	435	0
106	F	I	IND	SAM	0	435	0
107	F	I	IND	SAM	0	443	0
108	F	I	IND	SAM	0	426	0
109	F	I	IND	SAM	0	444	0
110	F	I	IND	SAM	0	427	0
111	F	I	IND	SAM	0	447	0
112	F	I	IND	SAM	0	436	0
113	F	I	IND	SAM	0	432	0
114	F	I	IND	SAM	0	442	0
115	F	I	IND	SAM	0	435	0
116	F	I	IND	SAM	0	445	0
117	F	I	IND	SAM	0	441	0
118	F	I	IND	SAM	0	436	0
119	F	I	IND	SAM	0	439	0
120	F	I	IND	SAM	0	451	0
121	F	I	IND	SAM	0	443	0
122	F	I	IND	SAM	0	432	0
123	F	I	IND	SAM	0	442	0
124	F	I	IND	SAM	0	437	0
125	F	I	IND	SAM	0	433	0
126	F	I	IND	SAM	0	438	0
127	F	I	IND	SAM	0	436	0
128	F	I	IND	SAM	0	436	0
129	F	I	IND	SAM	0	435	0
130	F	I	IND	SAM	0	433	0
131	F	I	IND	SAM	0	446	0
132	F	I	IND	SAM	0	442	0
133	F	I	IND	SAM	0	441	0
134	F	I	IND	SAM	0	444	0
135	F	I	IND	SAM	0	433	0
136	F	I	IND	SAM	0	432	0
137	F	I	IND	SAM	0	433	0
138	F	I	IND	SAM	0	438	0
139	F	I	IND	SAM	0	433	0
140	F	I	IND	SAM	0	433	0
141	F	I	IND	SAM	0	427	0
142	F	I	IND	SAM	0	425	0
143	F	I	IND	SAM	0	430	0
144	F	I	IND	SAM	0	434	0
145	F	I	IND	SAM	0	446	0
146	F	I	IND	SAM	0	439	0
147	F	I	IND	SAM	0	433	0
148	F	I	IND	SAM	0	437	0
149	F	I	IND	SAM	1	425	0.002352941176470588
150	F	I	IND	SAM	0	440	0
151	F	I	IND	SAM	0	445	0
152	F	I	IND	SAM	0	435	0
153	F	I	IND	SAM	1	438	0.0022831050228310501
154	F	I	IND	SAM	0	445	0
155	F	I	IND	SAM	0	432	0
156	F	I	IND	SAM	1	429	0.002331002331002331
157	F	I	IND	SAM	0	432	0
158	F	I	IND	SAM	0	435	0
159	F	I	IND	SAM	0	441	0
160	F	I	IND	SAM	2	439	0.0045558086560364463
161	F	I	IND	SAM	1	438	0.0022831050228310501
162	F	I	IND	SAM	0	436	0
163	F	I	IND	SAM	1	434	0.002304147465437788
164	F	I	IND	SAM	0	437	0
165	F	I	IND	SAM	0	428	0
166	F	I	IND	SAM	0	436	0
167	F	I	IND	SAM	0	433	0
168	F	I	IND	SAM	0	435	0
169	F	I	IND	SAM	0	434	0
170	F	I	IND	SAM	0	432	0
171	F	I	IND	SAM	1	434	0.002304147465437788
172	F	I	IND	SAM	1	444	0.0022522522522522522
173	F	I	IND	SAM	0	440	0
174	F	I	IND	SAM	0	435	0
175	F	I	IND	SAM	0	429	0
176	F	I	IND	SAM	0	437	0
177	F	I	IND	SAM	0	434	0
178	F	I	IND	SAM	0	442	0
179	F	I	IND	SAM	0	447	0
180	F	I	IND	SAM	1	442	0.0022624434389140274
181	F	I	IND	SAM	0	435	0
182	F	I	IND	SAM	0	441	0
183	F	I	IND	SAM	0	437	0
184	F	I	IND	SAM	1	436	0.0022935779816513763
185	F	I	IND	SAM	0	434	0
186	F	I	IND	SAM	0	437	0
187	F	I	IND	SAM	0	433	0
188	F	I	IND	SAM	0	430	0
189	F	I	IND	SAM	0	443	0
190	F	I	IND	SAM	1	434	0.002304147465437788
191	F	I	IND	SAM	0	429	0
192	F	I	IND	SAM	0	430	0
193	F	I	IND	SAM	1	431	0.0023201856148491878
194	F	I	IND	SAM	0	423	0
195	F	I	IND	SAM	0	433	0
196	F	I	IND	SAM	0	436	0
197	F	I	IND	SAM	0	444	0
198	F	I	IND	SAM	0	446	0
199	F	I	IND	SAM	0	434	0
200	F	I	IND	SAM	0	431	0
201	F	I	IND	SAM	0	435	0
202	F	I	IND	SAM	0	427	0
203	F	I	IND	SAM	0	433	0
204	F	I	IND	SAM	1	437	0.0022883295194508009
205	F	I	IND	SAM	0	431	0
206	F	I	IND	SAM	0	435	0
207	F	I	IND	SAM	0	442	0
208	F	I	IND	SAM	0	434	0
209	F	I	IND	SAM	0	438	0
210	F	I	IND	SAM	0	434	0
211	F	I	IND	SAM	0	440	0
212	F	I	IND	SAM	0	447	0
213	F	I	IND	SAM	0	436	0
214	F	I	IND	SAM	0	428	0
215	F	I	IND	SAM	0	448	0
216	F	I	IND	SAM	1	442	0.0022624434389140274
217	F	I	IND	SAM	0	433	0
218	F	I	IND	SAM	0	431	0
219	F	I	IND	SAM	0	434	0
220	F	I	IND	SAM	0	445	0
221	F	I	IND	SAM	0	422	0
222	F	I	IND	SAM	0	425	0
223	F	I	IND	SAM	0	431	0
224	F	I	IND	SAM	0	432	0
225	F	I	IND	SAM	0	431	0
226	F	I	IND	SAM	0	430	0
227	F	I	IND	SAM	0	441	0
228	F	I	IND	SAM	0	444	0
229	F	I	IND	SAM	0	446	0
230	F	I	IND	SAM	0	439	0
231	F	I	IND	SAM	0	435	0
232	F	I	IND	SAM	0	434	0
233	F	I	IND	SAM	0	437	0
234	F	I	IND	SAM	0	435	0
235	F	I	IND	SAM	0	434	0
236	F	I	IND	SAM	1	431	0.0023201856148491878
237	F	I	IND	SAM	0	447	0
238	F	I	IND	SAM	0	438	0
239	F	I	IND	SAM	0	427	0
240	F	I	IND	SAM	0	437	0
241	F	I	IND	SAM	2	431	0.0046403712296983757
242	F	I	IND	SAM	0	441	0
243	F	I	IND	SAM	0	440	0
244	F	I	IND	SAM	0	438	0
245	F	I	IND	SAM	0	435	0
246	F	I	IND	SAM	0	441	0
247	F	I	IND	SAM	0	433	0
248	F	I	IND	SAM	0	435	0
249	F	I	IND	SAM	0	445	0
250	F	I	IND	SAM	0	431	0
251	F	I	IND	SAM	0	444	0
252	F	I	IND	SAM	0	439	0
253	F	I	IND	SAM	0	431	0
254	F	I	IND	SAM	0	428	0
255	F	I	IND	SAM	0	436	0
256	F	I	IND	SAM	0	431	0
257	F	I	IND	SAM	0	436	0
258	F	I	IND	SAM	0	440	0
259	F	I	IND	SAM	0	436	0
260	F	I	IND	SAM	0	431	0
261	F	I	IND	SAM	0	445	0
262	F	I	IND	SAM	0	435	0
263	F	I	IND	SAM	0	430	0
264	F	I	IND	SAM	0	438	0
265	F	I	IND	SAM	0	434	0
266	F	I	IND	SAM	0	429	0
267	F	I	IND	SAM	0	437	0
268	F	I	IND	SAM	0	431	0
269	F	I	IND	SAM	0	433	0
270	F	I	IND	SAM	1	430	0.0023255813953488372
271	F	I	IND	SAM	0	428	0
272	F	I	IND	SAM	0	433	0
273	F	I	IND	SAM	0	438	0
274	F	I	IND	SAM	0	435	0
275	F	I	IND	SAM	0	443	0
276	F	I	IND	SAM	0	425	0
277	F	I	IND	SAM	0	433	0
278	F	I	IND	SAM	0	439	0
279	F	I	IND	SAM	0	434	0
280	F	I	IND	SAM	0	434	0
281	F	I	IND	SAM	0	446	0
282	F	I	IND	SAM	0	440	0
283	F	I	IND	SAM	0	430	0
284	F	I	IND	SAM	0	437	0
285	F	I	IND	SAM	0	430	0
286	F	I	IND	SAM	1	425	0.002352941176470588
287	F	I	IND	SAM	0	430	0
288	F	I	IND	SAM	0	444	0
289	F	I	IND	SAM	0	435	0
290	F	I	IND	SAM	0	426	0
291	F	I	IND	SAM	1	434	0.002304147465437788
292	F	I	IND	SAM	0	427	0
293	F	I	IND	SAM	0	437	0
294	F	I	IND	SAM	0	437	0
295	F	I	IND	SAM	0	436	0
296	F	I	IND	SAM	0	432	0
297	F	I	IND	SAM	0	441	0
298	F	I	IND	SAM	0	437	0
299	F	I	IND	SAM	0	431	0
300	F	I	IND	SAM	0	435	0
1	G	I	MDG	SAM	0	433	0
2	G	I	MDG	SAM	0	440	0
3	G	I	MDG	SAM	0	440	0
4	G	I	MDG	SAM	0	434	0
5	G	I	MDG	SAM	0	436	0
6	G	I	MDG	SAM	0	437	0
7	G	I	MDG	SAM	0	432	0
8	G	I	MDG	SAM	0	442	0
9	G	I	MDG	SAM	0	431	0
10	G	I	MDG	SAM	0	433	0
11	G	I	MDG	SAM	0	437	0
12	G	I	MDG	SAM	0	436	0
13	G	I	MDG	SAM	0	444	0
14	G	I	MDG	SAM	0	442	0
15	G	I	MDG	SAM	0	427	0
16	G	I	MDG	SAM	0	444	0
17	G	I	MDG	SAM	0	438	0
18	G	I	MDG	SAM	0	440	0
19	G	I	MDG	SAM	0	429	0
20	G	I	MDG	SAM	0	430	0
21	G	I	MDG	SAM	0	429	0
22	G	I	MDG	SAM	0	435	0
23	G	I	MDG	SAM	0	430	0
24	G	I	MDG	SAM	0	443	0
25	G	I	MDG	SAM	0	434	0
26	G	I	MDG	SAM	0	438	0
27	G	I	MDG	SAM	0	436	0
28	G	I	MDG	SAM	0	438	0
29	G	I	MDG	SAM	0	436	0
30	G	I	MDG	SAM	0	439	0
31	G	I	MDG	SAM	0	438	0
32	G	I	MDG	SAM	0	439	0
33	G	I	MDG	SAM	0	436	0
34	G	I	MDG	SAM	0	438	0
35	G	I	MDG	SAM	0	438	0
36	G	I	MDG	SAM	0	440	0
37	G	I	MDG	SAM	0	442	0
38	G	I	MDG	SAM	0	437	0
39	G	I	MDG	SAM	0	434	0
40	G	I	MDG	SAM	0	442	0
41	G	I	MDG	SAM	0	444	0
42	G	I	MDG	SAM	0	427	0
43	G	I	MDG	SAM	0	434	0
44	G	I	MDG	SAM	0	430	0
45	G	I	MDG	SAM	0	431	0
46	G	I	MDG	SAM	0	429	0
47	G	I	MDG	SAM	0	444	0
48	G	I	MDG	SAM	0	441	0
49	G	I	MDG	SAM	0	431	0
50	G	I	MDG	SAM	0	424	0
51	G	I	MDG	SAM	0	428	0
52	G	I	MDG	SAM	0	428	0
53	G	I	MDG	SAM	0	444	0
54	G	I	MDG	SAM	0	439	0
55	G	I	MDG	SAM	0	435	0
56	G	I	MDG	SAM	0	437	0
57	G	I	MDG	SAM	0	433	0
58	G	I	MDG	SAM	0	441	0
59	G	I	MDG	SAM	0	424	0
60	G	I	MDG	SAM	0	440	0
61	G	I	MDG	SAM	0	436	0
62	G	I	MDG	SAM	0	422	0
63	G	I	MDG	SAM	0	433	0
64	G	I	MDG	SAM	0	433	0
65	G	I	MDG	SAM	0	432	0
66	G	I	MDG	SAM	0	445	0
67	G	I	MDG	SAM	0	430	0
68	G	I	MDG	SAM	0	438	0
69	G	I	MDG	SAM	0	438	0
70	G	I	MDG	SAM	0	439	0
71	G	I	MDG	SAM	0	432	0
72	G	I	MDG	SAM	0	436	0
73	G	I	MDG	SAM	0	435	0
74	G	I	MDG	SAM	0	436	0
75	G	I	MDG	SAM	0	452	0
76	G	I	MDG	SAM	0	441	0
77	G	I	MDG	SAM	0	441	0
78	G	I	MDG	SAM	0	435	0
79	G	I	MDG	SAM	0	425	0
80	G	I	MDG	SAM	0	440	0
81	G	I	MDG	SAM	0	436	0
82	G	I	MDG	SAM	0	435	0
83	G	I	MDG	SAM	0	426	0
84	G	I	MDG	SAM	0	447	0
85	G	I	MDG	SAM	0	434	0
86	G	I	MDG	SAM	0	431	0
87	G	I	MDG	SAM	0	432	0
88	G	I	MDG	SAM	0	445	0
89	G	I	MDG	SAM	0	432	0
90	G	I	MDG	SAM	0	431	0
91	G	I	MDG	SAM	0	436	0
92	G	I	MDG	SAM	0	442	0
93	G	I	MDG	SAM	0	426	0
94	G	I	MDG	SAM	0	426	0
95	G	I	MDG	SAM	0	431	0
96	G	I	MDG	SAM	0	439	0
97	G	I	MDG	SAM	0	436	0
98	G	I	MDG	SAM	0	433	0
99	G	I	MDG	SAM	0	434	0
100	G	I	MDG	SAM	0	439	0
101	G	I	MDG	SAM	0	435	0
102	G	I	MDG	SAM	0	448	0
103	G	I	MDG	SAM	0	438	0
104	G	I	MDG	SAM	0	431	0
105	G	I	MDG	SAM	0	435	0
106	G	I	MDG	SAM	0	435	0
107	G	I	MDG	SAM	0	443	0
108	G	I	MDG	SAM	0	426	0
109	G	I	MDG	SAM	0	444	0
110	G	I	MDG	SAM	0	427	0
111	G	I	MDG	SAM	0	447	0
112	G	I	MDG	SAM	0	436	0
113	G	I	MDG	SAM	0	432	0
114	G	I	MDG	SAM	0	442	0
115	G	I	MDG	SAM	0	435	0
116	G	I	MDG	SAM	0	445	0
117	G	I	MDG	SAM	0	441	0
118	G	I	MDG	SAM	0	436	0
119	G	I	MDG	SAM	0	439	0
120	G	I	MDG	SAM	0	451	0
121	G	I	MDG	SAM	0	443	0
122	G	I	MDG	SAM	0	432	0
123	G	I	MDG	SAM	0	442	0
124	G	I	MDG	SAM	0	437	0
125	G	I	MDG	SAM	0	433	0
126	G	I	MDG	SAM	0	438	0
127	G	I	MDG	SAM	0	436	0
128	G	I	MDG	SAM	0	436	0
129	G	I	MDG	SAM	0	435	0
130	G	I	MDG	SAM	0	433	0
131	G	I	MDG	SAM	0	446	0
132	G	I	MDG	SAM	0	442	0
133	G	I	MDG	SAM	0	441	0
134	G	I	MDG	SAM	0	444	0
135	G	I	MDG	SAM	0	433	0
136	G	I	MDG	SAM	0	432	0
137	G	I	MDG	SAM	0	433	0
138	G	I	MDG	SAM	0	438	0
139	G	I	MDG	SAM	0	433	0
140	G	I	MDG	SAM	0	433	0
141	G	I	MDG	SAM	0	427	0
142	G	I	MDG	SAM	0	425	0
143	G	I	MDG	SAM	0	430	0
144	G	I	MDG	SAM	0	434	0
145	G	I	MDG	SAM	0	446	0
146	G	I	MDG	SAM	0	439	0
147	G	I	MDG	SAM	0	433	0
148	G	I	MDG	SAM	0	437	0
149	G	I	MDG	SAM	0	425	0
150	G	I	MDG	SAM	0	440	0
151	G	I	MDG	SAM	0	445	0
152	G	I	MDG	SAM	0	435	0
153	G	I	MDG	SAM	0	438	0
154	G	I	MDG	SAM	0	445	0
155	G	I	MDG	SAM	0	432	0
156	G	I	MDG	SAM	0	429	0
157	G	I	MDG	SAM	0	432	0
158	G	I	MDG	SAM	0	435	0
159	G	I	MDG	SAM	0	441	0
160	G	I	MDG	SAM	0	439	0
161	G	I	MDG	SAM	0	438	0
162	G	I	MDG	SAM	0	436	0
163	G	I	MDG	SAM	0	434	0
164	G	I	MDG	SAM	0	437	0
165	G	I	MDG	SAM	0	428	0
166	G	I	MDG	SAM	0	436	0
167	G	I	MDG	SAM	0	433	0
168	G	I	MDG	SAM	0	435	0
169	G	I	MDG	SAM	0	434	0
170	G	I	MDG	SAM	0	432	0
171	G	I	MDG	SAM	0	434	0
172	G	I	MDG	SAM	0	444	0
173	G	I	MDG	SAM	0	440	0
174	G	I	MDG	SAM	0	435	0
175	G	I	MDG	SAM	0	429	0
176	G	I	MDG	SAM	0	437	0
177	G	I	MDG	SAM	0	434	0
178	G	I	MDG	SAM	0	442	0
179	G	I	MDG	SAM	0	447	0
180	G	I	MDG	SAM	0	442	0
181	G	I	MDG	SAM	0	435	0
182	G	I	MDG	SAM	0	441	0
183	G	I	MDG	SAM	0	437	0
184	G	I	MDG	SAM	0	436	0
185	G	I	MDG	SAM	0	434	0
186	G	I	MDG	SAM	0	437	0
187	G	I	MDG	SAM	0	433	0
188	G	I	MDG	SAM	0	430	0
189	G	I	MDG	SAM	0	443	0
190	G	I	MDG	SAM	0	434	0
191	G	I	MDG	SAM	0	429	0
192	G	I	MDG	SAM	0	430	0
193	G	I	MDG	SAM	0	431	0
194	G	I	MDG	SAM	0	423	0
195	G	I	MDG	SAM	0	433	0
196	G	I	MDG	SAM	0	436	0
197	G	I	MDG	SAM	0	444	0
198	G	I	MDG	SAM	0	446	0
199	G	I	MDG	SAM	0	434	0
200	G	I	MDG	SAM	0	431	0
201	G	I	MDG	SAM	0	435	0
202	G	I	MDG	SAM	0	427	0
203	G	I	MDG	SAM	0	433	0
204	G	I	MDG	SAM	0	437	0
205	G	I	MDG	SAM	0	431	0
206	G	I	MDG	SAM	0	435	0
207	G	I	MDG	SAM	0	442	0
208	G	I	MDG	SAM	0	434	0
209	G	I	MDG	SAM	0	438	0
210	G	I	MDG	SAM	0	434	0
211	G	I	MDG	SAM	0	440	0
212	G	I	MDG	SAM	0	447	0
213	G	I	MDG	SAM	0	436	0
214	G	I	MDG	SAM	0	428	0
215	G	I	MDG	SAM	0	448	0
216	G	I	MDG	SAM	0	442	0
217	G	I	MDG	SAM	0	433	0
218	G	I	MDG	SAM	0	431	0
219	G	I	MDG	SAM	0	434	0
220	G	I	MDG	SAM	0	445	0
221	G	I	MDG	SAM	0	422	0
222	G	I	MDG	SAM	0	425	0
223	G	I	MDG	SAM	0	431	0
224	G	I	MDG	SAM	0	432	0
225	G	I	MDG	SAM	0	431	0
226	G	I	MDG	SAM	0	430	0
227	G	I	MDG	SAM	0	441	0
228	G	I	MDG	SAM	0	444	0
229	G	I	MDG	SAM	0	446	0
230	G	I	MDG	SAM	0	439	0
231	G	I	MDG	SAM	0	435	0
232	G	I	MDG	SAM	0	434	0
233	G	I	MDG	SAM	0	437	0
234	G	I	MDG	SAM	0	435	0
235	G	I	MDG	SAM	0	434	0
236	G	I	MDG	SAM	0	431	0
237	G	I	MDG	SAM	0	447	0
238	G	I	MDG	SAM	0	438	0
239	G	I	MDG	SAM	0	427	0
240	G	I	MDG	SAM	0	437	0
241	G	I	MDG	SAM	0	431	0
242	G	I	MDG	SAM	0	441	0
243	G	I	MDG	SAM	0	440	0
244	G	I	MDG	SAM	0	438	0
245	G	I	MDG	SAM	0	435	0
246	G	I	MDG	SAM	0	441	0
247	G	I	MDG	SAM	0	433	0
248	G	I	MDG	SAM	0	435	0
249	G	I	MDG	SAM	0	445	0
250	G	I	MDG	SAM	0	431	0
251	G	I	MDG	SAM	0	444	0
252	G	I	MDG	SAM	0	439	0
253	G	I	MDG	SAM	0	431	0
254	G	I	MDG	SAM	0	428	0
255	G	I	MDG	SAM	0	436	0
256	G	I	MDG	SAM	0	431	0
257	G	I	MDG	SAM	0	436	0
258	G	I	MDG	SAM	0	440	0
259	G	I	MDG	SAM	0	436	0
260	G	I	MDG	SAM	0	431	0
261	G	I	MDG	SAM	0	445	0
262	G	I	MDG	SAM	0	435	0
263	G	I	MDG	SAM	0	430	0
264	G	I	MDG	SAM	0	438	0
265	G	I	MDG	SAM	0	434	0
266	G	I	MDG	SAM	0	429	0
267	G	I	MDG	SAM	0	437	0
268	G	I	MDG	SAM	0	431	0
269	G	I	MDG	SAM	0	433	0
270	G	I	MDG	SAM	0	430	0
271	G	I	MDG	SAM	0	428	0
272	G	I	MDG	SAM	0	433	0
273	G	I	MDG	SAM	0	438	0
274	G	I	MDG	SAM	0	435	0
275	G	I	MDG	SAM	0	443	0
276	G	I	MDG	SAM	0	425	0
277	G	I	MDG	SAM	0	433	0
278	G	I	MDG	SAM	0	439	0
279	G	I	MDG	SAM	0	434	0
280	G	I	MDG	SAM	0	434	0
281	G	I	MDG	SAM	0	446	0
282	G	I	MDG	SAM	0	440	0
283	G	I	MDG	SAM	0	430	0
284	G	I	MDG	SAM	0	437	0
285	G	I	MDG	SAM	0	430	0
286	G	I	MDG	SAM	0	425	0
287	G	I	MDG	SAM	0	430	0
288	G	I	MDG	SAM	0	444	0
289	G	I	MDG	SAM	0	435	0
290	G	I	MDG	SAM	0	426	0
291	G	I	MDG	SAM	0	434	0
292	G	I	MDG	SAM	0	427	0
293	G	I	MDG	SAM	0	437	0
294	G	I	MDG	SAM	0	437	0
295	G	I	MDG	SAM	0	436	0
296	G	I	MDG	SAM	0	432	0
297	G	I	MDG	SAM	0	441	0
298	G	I	MDG	SAM	0	437	0
299	G	I	MDG	SAM	0	431	0
300	G	I	MDG	SAM	0	435	0
1	H	I	ORI	SAM	0	433	0
2	H	I	ORI	SAM	0	440	0
3	H	I	ORI	SAM	0	440	0
4	H	I	ORI	SAM	0	434	0
5	H	I	ORI	SAM	0	436	0
6	H	I	ORI	SAM	0	437	0
7	H	I	ORI	SAM	0	432	0
8	H	I	ORI	SAM	0	442	0
9	H	I	ORI	SAM	0	431	0
10	H	I	ORI	SAM	0	433	0
11	H	I	ORI	SAM	1	437	0.0022883295194508009
12	H	I	ORI	SAM	0	436	0
13	H	I	ORI	SAM	0	444	0
14	H	I	ORI	SAM	0	442	0
15	H	I	ORI	SAM	0	427	0
16	H	I	ORI	SAM	0	444	0
17	H	I	ORI	SAM	0	438	0
18	H	I	ORI	SAM	0	440	0
19	H	I	ORI	SAM	0	429	0
20	H	I	ORI	SAM	0	430	0
21	H	I	ORI	SAM	0	429	0
22	H	I	ORI	SAM	0	435	0
23	H	I	ORI	SAM	0	430	0
24	H	I	ORI	SAM	0	443	0
25	H	I	ORI	SAM	0	434	0
26	H	I	ORI	SAM	1	438	0.0022831050228310501
27	H	I	ORI	SAM	0	436	0
28	H	I	ORI	SAM	0	438	0
29	H	I	ORI	SAM	0	436	0
30	H	I	ORI	SAM	0	439	0
31	H	I	ORI	SAM	0	438	0
32	H	I	ORI	SAM	0	439	0
33	H	I	ORI	SAM	0	436	0
34	H	I	ORI	SAM	0	438	0
35	H	I	ORI	SAM	0	438	0
36	H	I	ORI	SAM	0	440	0
37	H	I	ORI	SAM	0	442	0
38	H	I	ORI	SAM	0	437	0
39	H	I	ORI	SAM	0	434	0
40	H	I	ORI	SAM	0	442	0
41	H	I	ORI	SAM	0	444	0
42	H	I	ORI	SAM	0	427	0
43	H	I	ORI	SAM	1	434	0.002304147465437788
44	H	I	ORI	SAM	0	430	0
45	H	I	ORI	SAM	0	431	0
46	H	I	ORI	SAM	0	429	0
47	H	I	ORI	SAM	0	444	0
48	H	I	ORI	SAM	1	441	0.0022675736961451248
49	H	I	ORI	SAM	1	431	0.0023201856148491878
50	H	I	ORI	SAM	0	424	0
51	H	I	ORI	SAM	1	428	0.0023364485981308409
52	H	I	ORI	SAM	0	428	0
53	H	I	ORI	SAM	1	444	0.0022522522522522522
54	H	I	ORI	SAM	0	439	0
55	H	I	ORI	SAM	0	435	0
56	H	I	ORI	SAM	0	437	0
57	H	I	ORI	SAM	0	433	0
58	H	I	ORI	SAM	0	441	0
59	H	I	ORI	SAM	0	424	0
60	H	I	ORI	SAM	0	440	0
61	H	I	ORI	SAM	0	436	0
62	H	I	ORI	SAM	1	422	0.0023696682464454978
63	H	I	ORI	SAM	0	433	0
64	H	I	ORI	SAM	0	433	0
65	H	I	ORI	SAM	0	432	0
66	H	I	ORI	SAM	1	445	0.0022471910112359553
67	H	I	ORI	SAM	1	430	0.0023255813953488372
68	H	I	ORI	SAM	0	438	0
69	H	I	ORI	SAM	0	438	0
70	H	I	ORI	SAM	0	439	0
71	H	I	ORI	SAM	0	432	0
72	H	I	ORI	SAM	0	436	0
73	H	I	ORI	SAM	0	435	0
74	H	I	ORI	SAM	0	436	0
75	H	I	ORI	SAM	0	452	0
76	H	I	ORI	SAM	0	441	0
77	H	I	ORI	SAM	1	441	0.0022675736961451248
78	H	I	ORI	SAM	0	435	0
79	H	I	ORI	SAM	0	425	0
80	H	I	ORI	SAM	1	440	0.0022727272727272726
81	H	I	ORI	SAM	0	436	0
82	H	I	ORI	SAM	0	435	0
83	H	I	ORI	SAM	0	426	0
84	H	I	ORI	SAM	1	447	0.0022371364653243847
85	H	I	ORI	SAM	0	434	0
86	H	I	ORI	SAM	0	431	0
87	H	I	ORI	SAM	0	432	0
88	H	I	ORI	SAM	0	445	0
89	H	I	ORI	SAM	0	432	0
90	H	I	ORI	SAM	0	431	0
91	H	I	ORI	SAM	0	436	0
92	H	I	ORI	SAM	0	442	0
93	H	I	ORI	SAM	0	426	0
94	H	I	ORI	SAM	0	426	0
95	H	I	ORI	SAM	1	431	0.0023201856148491878
96	H	I	ORI	SAM	0	439	0
97	H	I	ORI	SAM	0	436	0
98	H	I	ORI	SAM	0	433	0
99	H	I	ORI	SAM	1	434	0.002304147465437788
100	H	I	ORI	SAM	0	439	0
101	H	I	ORI	SAM	0	435	0
102	H	I	ORI	SAM	0	448	0
103	H	I	ORI	SAM	0	438	0
104	H	I	ORI	SAM	0	431	0
105	H	I	ORI	SAM	0	435	0
106	H	I	ORI	SAM	0	435	0
107	H	I	ORI	SAM	0	443	0
108	H	I	ORI	SAM	0	426	0
109	H	I	ORI	SAM	0	444	0
110	H	I	ORI	SAM	0	427	0
111	H	I	ORI	SAM	0	447	0
112	H	I	ORI	SAM	1	436	0.0022935779816513763
113	H	I	ORI	SAM	1	432	0.0023148148148148147
114	H	I	ORI	SAM	0	442	0
115	H	I	ORI	SAM	0	435	0
116	H	I	ORI	SAM	0	445	0
117	H	I	ORI	SAM	0	441	0
118	H	I	ORI	SAM	1	436	0.0022935779816513763
119	H	I	ORI	SAM	0	439	0
120	H	I	ORI	SAM	0	451	0
121	H	I	ORI	SAM	1	443	0.002257336343115124
122	H	I	ORI	SAM	0	432	0
123	H	I	ORI	SAM	0	442	0
124	H	I	ORI	SAM	0	437	0
125	H	I	ORI	SAM	0	433	0
126	H	I	ORI	SAM	0	438	0
127	H	I	ORI	SAM	0	436	0
128	H	I	ORI	SAM	0	436	0
129	H	I	ORI	SAM	0	435	0
130	H	I	ORI	SAM	0	433	0
131	H	I	ORI	SAM	1	446	0.002242152466367713
132	H	I	ORI	SAM	0	442	0
133	H	I	ORI	SAM	1	441	0.0022675736961451248
134	H	I	ORI	SAM	0	444	0
135	H	I	ORI	SAM	1	433	0.0023094688221709007
136	H	I	ORI	SAM	0	432	0
137	H	I	ORI	SAM	0	433	0
138	H	I	ORI	SAM	0	438	0
139	H	I	ORI	SAM	0	433	0
140	H	I	ORI	SAM	0	433	0
141	H	I	ORI	SAM	0	427	0
142	H	I	ORI	SAM	1	425	0.002352941176470588
143	H	I	ORI	SAM	0	430	0
144	H	I	ORI	SAM	0	434	0
145	H	I	ORI	SAM	0	446	0
146	H	I	ORI	SAM	1	439	0.0022779043280182231
147	H	I	ORI	SAM	0	433	0
148	H	I	ORI	SAM	0	437	0
149	H	I	ORI	SAM	0	425	0
150	H	I	ORI	SAM	0	440	0
151	H	I	ORI	SAM	0	445	0
152	H	I	ORI	SAM	0	435	0
153	H	I	ORI	SAM	0	438	0
154	H	I	ORI	SAM	0	445	0
155	H	I	ORI	SAM	0	432	0
156	H	I	ORI	SAM	0	429	0
157	H	I	ORI	SAM	0	432	0
158	H	I	ORI	SAM	0	435	0
159	H	I	ORI	SAM	0	441	0
160	H	I	ORI	SAM	0	439	0
161	H	I	ORI	SAM	0	438	0
162	H	I	ORI	SAM	0	436	0
163	H	I	ORI	SAM	1	434	0.002304147465437788
164	H	I	ORI	SAM	0	437	0
165	H	I	ORI	SAM	0	428	0
166	H	I	ORI	SAM	0	436	0
167	H	I	ORI	SAM	0	433	0
168	H	I	ORI	SAM	0	435	0
169	H	I	ORI	SAM	0	434	0
170	H	I	ORI	SAM	0	432	0
171	H	I	ORI	SAM	0	434	0
172	H	I	ORI	SAM	0	444	0
173	H	I	ORI	SAM	0	440	0
174	H	I	ORI	SAM	0	435	0
175	H	I	ORI	SAM	0	429	0
176	H	I	ORI	SAM	0	437	0
177	H	I	ORI	SAM	1	434	0.002304147465437788
178	H	I	ORI	SAM	0	442	0
179	H	I	ORI	SAM	0	447	0
180	H	I	ORI	SAM	0	442	0
181	H	I	ORI	SAM	0	435	0
182	H	I	ORI	SAM	0	441	0
183	H	I	ORI	SAM	1	437	0.0022883295194508009
184	H	I	ORI	SAM	0	436	0
185	H	I	ORI	SAM	0	434	0
186	H	I	ORI	SAM	0	437	0
187	H	I	ORI	SAM	0	433	0
188	H	I	ORI	SAM	0	430	0
189	H	I	ORI	SAM	0	443	0
190	H	I	ORI	SAM	0	434	0
191	H	I	ORI	SAM	1	429	0.002331002331002331
192	H	I	ORI	SAM	0	430	0
193	H	I	ORI	SAM	0	431	0
194	H	I	ORI	SAM	0	423	0
195	H	I	ORI	SAM	0	433	0
196	H	I	ORI	SAM	0	436	0
197	H	I	ORI	SAM	0	444	0
198	H	I	ORI	SAM	0	446	0
199	H	I	ORI	SAM	0	434	0
200	H	I	ORI	SAM	0	431	0
201	H	I	ORI	SAM	0	435	0
202	H	I	ORI	SAM	0	427	0
203	H	I	ORI	SAM	0	433	0
204	H	I	ORI	SAM	0	437	0
205	H	I	ORI	SAM	0	431	0
206	H	I	ORI	SAM	0	435	0
207	H	I	ORI	SAM	0	442	0
208	H	I	ORI	SAM	0	434	0
209	H	I	ORI	SAM	0	438	0
210	H	I	ORI	SAM	0	434	0
211	H	I	ORI	SAM	0	440	0
212	H	I	ORI	SAM	1	447	0.0022371364653243847
213	H	I	ORI	SAM	0	436	0
214	H	I	ORI	SAM	0	428	0
215	H	I	ORI	SAM	0	448	0
216	H	I	ORI	SAM	0	442	0
217	H	I	ORI	SAM	0	433	0
218	H	I	ORI	SAM	0	431	0
219	H	I	ORI	SAM	0	434	0
220	H	I	ORI	SAM	0	445	0
221	H	I	ORI	SAM	0	422	0
222	H	I	ORI	SAM	1	425	0.002352941176470588
223	H	I	ORI	SAM	0	431	0
224	H	I	ORI	SAM	0	432	0
225	H	I	ORI	SAM	0	431	0
226	H	I	ORI	SAM	0	430	0
227	H	I	ORI	SAM	1	441	0.0022675736961451248
228	H	I	ORI	SAM	0	444	0
229	H	I	ORI	SAM	0	446	0
230	H	I	ORI	SAM	0	439	0
231	H	I	ORI	SAM	0	435	0
232	H	I	ORI	SAM	0	434	0
233	H	I	ORI	SAM	0	437	0
234	H	I	ORI	SAM	1	435	0.0022988505747126436
235	H	I	ORI	SAM	0	434	0
236	H	I	ORI	SAM	0	431	0
237	H	I	ORI	SAM	0	447	0
238	H	I	ORI	SAM	0	438	0
239	H	I	ORI	SAM	0	427	0
240	H	I	ORI	SAM	0	437	0
241	H	I	ORI	SAM	0	431	0
242	H	I	ORI	SAM	0	441	0
243	H	I	ORI	SAM	0	440	0
244	H	I	ORI	SAM	1	438	0.0022831050228310501
245	H	I	ORI	SAM	0	435	0
246	H	I	ORI	SAM	0	441	0
247	H	I	ORI	SAM	0	433	0
248	H	I	ORI	SAM	0	435	0
249	H	I	ORI	SAM	0	445	0
250	H	I	ORI	SAM	0	431	0
251	H	I	ORI	SAM	0	444	0
252	H	I	ORI	SAM	0	439	0
253	H	I	ORI	SAM	0	431	0
254	H	I	ORI	SAM	0	428	0
255	H	I	ORI	SAM	1	436	0.0022935779816513763
256	H	I	ORI	SAM	0	431	0
257	H	I	ORI	SAM	0	436	0
258	H	I	ORI	SAM	0	440	0
259	H	I	ORI	SAM	0	436	0
260	H	I	ORI	SAM	0	431	0
261	H	I	ORI	SAM	1	445	0.0022471910112359553
262	H	I	ORI	SAM	0	435	0
263	H	I	ORI	SAM	0	430	0
264	H	I	ORI	SAM	0	438	0
265	H	I	ORI	SAM	0	434	0
266	H	I	ORI	SAM	0	429	0
267	H	I	ORI	SAM	0	437	0
268	H	I	ORI	SAM	0	431	0
269	H	I	ORI	SAM	0	433	0
270	H	I	ORI	SAM	0	430	0
271	H	I	ORI	SAM	1	428	0.0023364485981308409
272	H	I	ORI	SAM	0	433	0
273	H	I	ORI	SAM	0	438	0
274	H	I	ORI	SAM	0	435	0
275	H	I	ORI	SAM	0	443	0
276	H	I	ORI	SAM	1	425	0.002352941176470588
277	H	I	ORI	SAM	0	433	0
278	H	I	ORI	SAM	0	439	0
279	H	I	ORI	SAM	1	434	0.002304147465437788
280	H	I	ORI	SAM	0	434	0
281	H	I	ORI	SAM	0	446	0
282	H	I	ORI	SAM	0	440	0
283	H	I	ORI	SAM	0	430	0
284	H	I	ORI	SAM	0	437	0
285	H	I	ORI	SAM	0	430	0
286	H	I	ORI	SAM	0	425	0
287	H	I	ORI	SAM	0	430	0
288	H	I	ORI	SAM	0	444	0
289	H	I	ORI	SAM	0	435	0
290	H	I	ORI	SAM	0	426	0
291	H	I	ORI	SAM	0	434	0
292	H	I	ORI	SAM	1	427	0.00234192037470726
293	H	I	ORI	SAM	0	437	0
294	H	I	ORI	SAM	0	437	0
295	H	I	ORI	SAM	1	436	0.0022935779816513763
296	H	I	ORI	SAM	0	432	0
297	H	I	ORI	SAM	0	441	0
298	H	I	ORI	SAM	0	437	0
299	H	I	ORI	SAM	0	431	0
300	H	I	ORI	SAM	0	435	0
1	J	I	WNA	SAM	2	433	0.0046189376443418013
2	J	I	WNA	SAM	0	440	0
3	J	I	WNA	SAM	1	440	0.0022727272727272726
4	J	I	WNA	SAM	1	434	0.002304147465437788
5	J	I	WNA	SAM	1	436	0.0022935779816513763
6	J	I	WNA	SAM	1	437	0.0022883295194508009
7	J	I	WNA	SAM	2	432	0.0046296296296296294
8	J	I	WNA	SAM	2	442	0.0045248868778280547
9	J	I	WNA	SAM	0	431	0
10	J	I	WNA	SAM	1	433	0.0023094688221709007
11	J	I	WNA	SAM	0	437	0
12	J	I	WNA	SAM	1	436	0.0022935779816513763
13	J	I	WNA	SAM	0	444	0
14	J	I	WNA	SAM	1	442	0.0022624434389140274
15	J	I	WNA	SAM	0	427	0
16	J	I	WNA	SAM	2	444	0.0045045045045045045
17	J	I	WNA	SAM	0	438	0
18	J	I	WNA	SAM	1	440	0.0022727272727272726
19	J	I	WNA	SAM	1	429	0.002331002331002331
20	J	I	WNA	SAM	1	430	0.0023255813953488372
21	J	I	WNA	SAM	0	429	0
22	J	I	WNA	SAM	1	435	0.0022988505747126436
23	J	I	WNA	SAM	0	430	0
24	J	I	WNA	SAM	0	443	0
25	J	I	WNA	SAM	1	434	0.002304147465437788
26	J	I	WNA	SAM	1	438	0.0022831050228310501
27	J	I	WNA	SAM	2	436	0.0045871559633027525
28	J	I	WNA	SAM	1	438	0.0022831050228310501
29	J	I	WNA	SAM	0	436	0
30	J	I	WNA	SAM	2	439	0.0045558086560364463
31	J	I	WNA	SAM	0	438	0
32	J	I	WNA	SAM	1	439	0.0022779043280182231
33	J	I	WNA	SAM	2	436	0.0045871559633027525
34	J	I	WNA	SAM	1	438	0.0022831050228310501
35	J	I	WNA	SAM	1	438	0.0022831050228310501
36	J	I	WNA	SAM	1	440	0.0022727272727272726
37	J	I	WNA	SAM	2	442	0.0045248868778280547
38	J	I	WNA	SAM	2	437	0.0045766590389016018
39	J	I	WNA	SAM	1	434	0.002304147465437788
40	J	I	WNA	SAM	0	442	0
41	J	I	WNA	SAM	0	444	0
42	J	I	WNA	SAM	1	427	0.00234192037470726
43	J	I	WNA	SAM	0	434	0
44	J	I	WNA	SAM	1	430	0.0023255813953488372
45	J	I	WNA	SAM	0	431	0
46	J	I	WNA	SAM	0	429	0
47	J	I	WNA	SAM	1	444	0.0022522522522522522
48	J	I	WNA	SAM	0	441	0
49	J	I	WNA	SAM	1	431	0.0023201856148491878
50	J	I	WNA	SAM	1	424	0.0023584905660377358
51	J	I	WNA	SAM	0	428	0
52	J	I	WNA	SAM	0	428	0
53	J	I	WNA	SAM	0	444	0
54	J	I	WNA	SAM	0	439	0
55	J	I	WNA	SAM	0	435	0
56	J	I	WNA	SAM	0	437	0
57	J	I	WNA	SAM	2	433	0.0046189376443418013
58	J	I	WNA	SAM	1	441	0.0022675736961451248
59	J	I	WNA	SAM	0	424	0
60	J	I	WNA	SAM	0	440	0
61	J	I	WNA	SAM	1	436	0.0022935779816513763
62	J	I	WNA	SAM	0	422	0
63	J	I	WNA	SAM	0	433	0
64	J	I	WNA	SAM	2	433	0.0046189376443418013
65	J	I	WNA	SAM	0	432	0
66	J	I	WNA	SAM	0	445	0
67	J	I	WNA	SAM	1	430	0.0023255813953488372
68	J	I	WNA	SAM	1	438	0.0022831050228310501
69	J	I	WNA	SAM	1	438	0.0022831050228310501
70	J	I	WNA	SAM	2	439	0.0045558086560364463
71	J	I	WNA	SAM	1	432	0.0023148148148148147
72	J	I	WNA	SAM	2	436	0.0045871559633027525
73	J	I	WNA	SAM	0	435	0
74	J	I	WNA	SAM	1	436	0.0022935779816513763
75	J	I	WNA	SAM	1	452	0.0022123893805309734
76	J	I	WNA	SAM	0	441	0
77	J	I	WNA	SAM	1	441	0.0022675736961451248
78	J	I	WNA	SAM	1	435	0.0022988505747126436
79	J	I	WNA	SAM	0	425	0
80	J	I	WNA	SAM	0	440	0
81	J	I	WNA	SAM	1	436	0.0022935779816513763
82	J	I	WNA	SAM	0	435	0
83	J	I	WNA	SAM	0	426	0
84	J	I	WNA	SAM	1	447	0.0022371364653243847
85	J	I	WNA	SAM	0	434	0
86	J	I	WNA	SAM	1	431	0.0023201856148491878
87	J	I	WNA	SAM	0	432	0
88	J	I	WNA	SAM	0	445	0
89	J	I	WNA	SAM	2	432	0.0046296296296296294
90	J	I	WNA	SAM	2	431	0.0046403712296983757
91	J	I	WNA	SAM	2	436	0.0045871559633027525
92	J	I	WNA	SAM	1	442	0.0022624434389140274
93	J	I	WNA	SAM	0	426	0
94	J	I	WNA	SAM	0	426	0
95	J	I	WNA	SAM	0	431	0
96	J	I	WNA	SAM	1	439	0.0022779043280182231
97	J	I	WNA	SAM	0	436	0
98	J	I	WNA	SAM	1	433	0.0023094688221709007
99	J	I	WNA	SAM	1	434	0.002304147465437788
100	J	I	WNA	SAM	0	439	0
101	J	I	WNA	SAM	0	435	0
102	J	I	WNA	SAM	1	448	0.002232142857142857
103	J	I	WNA	SAM	1	438	0.0022831050228310501
104	J	I	WNA	SAM	1	431	0.0023201856148491878
105	J	I	WNA	SAM	1	435	0.0022988505747126436
106	J	I	WNA	SAM	2	435	0.0045977011494252873
107	J	I	WNA	SAM	1	443	0.002257336343115124
108	J	I	WNA	SAM	2	426	0.0046948356807511738
109	J	I	WNA	SAM	2	444	0.0045045045045045045
110	J	I	WNA	SAM	2	427	0.0046838407494145199
111	J	I	WNA	SAM	2	447	0.0044742729306487695
112	J	I	WNA	SAM	1	436	0.0022935779816513763
113	J	I	WNA	SAM	0	432	0
114	J	I	WNA	SAM	0	442	0
115	J	I	WNA	SAM	2	435	0.0045977011494252873
116	J	I	WNA	SAM	2	445	0.0044943820224719105
117	J	I	WNA	SAM	2	441	0.0045351473922902496
118	J	I	WNA	SAM	1	436	0.0022935779816513763
119	J	I	WNA	SAM	2	439	0.0045558086560364463
120	J	I	WNA	SAM	2	451	0.004434589800443459
121	J	I	WNA	SAM	1	443	0.002257336343115124
122	J	I	WNA	SAM	1	432	0.0023148148148148147
123	J	I	WNA	SAM	2	442	0.0045248868778280547
124	J	I	WNA	SAM	0	437	0
125	J	I	WNA	SAM	1	433	0.0023094688221709007
126	J	I	WNA	SAM	0	438	0
127	J	I	WNA	SAM	0	436	0
128	J	I	WNA	SAM	1	436	0.0022935779816513763
129	J	I	WNA	SAM	1	435	0.0022988505747126436
130	J	I	WNA	SAM	1	433	0.0023094688221709007
131	J	I	WNA	SAM	1	446	0.002242152466367713
132	J	I	WNA	SAM	1	442	0.0022624434389140274
133	J	I	WNA	SAM	0	441	0
134	J	I	WNA	SAM	2	444	0.0045045045045045045
135	J	I	WNA	SAM	1	433	0.0023094688221709007
136	J	I	WNA	SAM	1	432	0.0023148148148148147
137	J	I	WNA	SAM	1	433	0.0023094688221709007
138	J	I	WNA	SAM	2	438	0.0045662100456621002
139	J	I	WNA	SAM	1	433	0.0023094688221709007
140	J	I	WNA	SAM	3	433	0.0069284064665127024
141	J	I	WNA	SAM	2	427	0.0046838407494145199
142	J	I	WNA	SAM	1	425	0.002352941176470588
143	J	I	WNA	SAM	0	430	0
144	J	I	WNA	SAM	2	434	0.004608294930875576
145	J	I	WNA	SAM	1	446	0.002242152466367713
146	J	I	WNA	SAM	0	439	0
147	J	I	WNA	SAM	2	433	0.0046189376443418013
148	J	I	WNA	SAM	2	437	0.0045766590389016018
149	J	I	WNA	SAM	1	425	0.002352941176470588
150	J	I	WNA	SAM	1	440	0.0022727272727272726
151	J	I	WNA	SAM	0	445	0
152	J	I	WNA	SAM	0	435	0
153	J	I	WNA	SAM	0	438	0
154	J	I	WNA	SAM	1	445	0.0022471910112359553
155	J	I	WNA	SAM	0	432	0
156	J	I	WNA	SAM	0	429	0
157	J	I	WNA	SAM	1	432	0.0023148148148148147
158	J	I	WNA	SAM	1	435	0.0022988505747126436
159	J	I	WNA	SAM	1	441	0.0022675736961451248
160	J	I	WNA	SAM	0	439	0
161	J	I	WNA	SAM	1	438	0.0022831050228310501
162	J	I	WNA	SAM	0	436	0
163	J	I	WNA	SAM	0	434	0
164	J	I	WNA	SAM	2	437	0.0045766590389016018
165	J	I	WNA	SAM	1	428	0.0023364485981308409
166	J	I	WNA	SAM	3	436	0.0068807339449541288
167	J	I	WNA	SAM	1	433	0.0023094688221709007
168	J	I	WNA	SAM	1	435	0.0022988505747126436
169	J	I	WNA	SAM	1	434	0.002304147465437788
170	J	I	WNA	SAM	3	432	0.0069444444444444441
171	J	I	WNA	SAM	0	434	0
172	J	I	WNA	SAM	0	444	0
173	J	I	WNA	SAM	0	440	0
174	J	I	WNA	SAM	1	435	0.0022988505747126436
175	J	I	WNA	SAM	2	429	0.004662004662004662
176	J	I	WNA	SAM	2	437	0.0045766590389016018
177	J	I	WNA	SAM	0	434	0
178	J	I	WNA	SAM	1	442	0.0022624434389140274
179	J	I	WNA	SAM	0	447	0
180	J	I	WNA	SAM	1	442	0.0022624434389140274
181	J	I	WNA	SAM	1	435	0.0022988505747126436
182	J	I	WNA	SAM	0	441	0
183	J	I	WNA	SAM	1	437	0.0022883295194508009
184	J	I	WNA	SAM	1	436	0.0022935779816513763
185	J	I	WNA	SAM	2	434	0.004608294930875576
186	J	I	WNA	SAM	1	437	0.0022883295194508009
187	J	I	WNA	SAM	0	433	0
188	J	I	WNA	SAM	2	430	0.0046511627906976744
189	J	I	WNA	SAM	2	443	0.0045146726862302479
190	J	I	WNA	SAM	1	434	0.002304147465437788
191	J	I	WNA	SAM	0	429	0
192	J	I	WNA	SAM	0	430	0
193	J	I	WNA	SAM	2	431	0.0046403712296983757
194	J	I	WNA	SAM	1	423	0.0023640661938534278
195	J	I	WNA	SAM	1	433	0.0023094688221709007
196	J	I	WNA	SAM	0	436	0
197	J	I	WNA	SAM	1	444	0.0022522522522522522
198	J	I	WNA	SAM	0	446	0
199	J	I	WNA	SAM	1	434	0.002304147465437788
200	J	I	WNA	SAM	2	431	0.0046403712296983757
201	J	I	WNA	SAM	0	435	0
202	J	I	WNA	SAM	0	427	0
203	J	I	WNA	SAM	0	433	0
204	J	I	WNA	SAM	1	437	0.0022883295194508009
205	J	I	WNA	SAM	1	431	0.0023201856148491878
206	J	I	WNA	SAM	3	435	0.0068965517241379309
207	J	I	WNA	SAM	2	442	0.0045248868778280547
208	J	I	WNA	SAM	2	434	0.004608294930875576
209	J	I	WNA	SAM	1	438	0.0022831050228310501
210	J	I	WNA	SAM	0	434	0
211	J	I	WNA	SAM	0	440	0
212	J	I	WNA	SAM	1	447	0.0022371364653243847
213	J	I	WNA	SAM	3	436	0.0068807339449541288
214	J	I	WNA	SAM	1	428	0.0023364485981308409
215	J	I	WNA	SAM	1	448	0.002232142857142857
216	J	I	WNA	SAM	1	442	0.0022624434389140274
217	J	I	WNA	SAM	0	433	0
218	J	I	WNA	SAM	1	431	0.0023201856148491878
219	J	I	WNA	SAM	2	434	0.004608294930875576
220	J	I	WNA	SAM	0	445	0
221	J	I	WNA	SAM	1	422	0.0023696682464454978
222	J	I	WNA	SAM	0	425	0
223	J	I	WNA	SAM	0	431	0
224	J	I	WNA	SAM	2	432	0.0046296296296296294
225	J	I	WNA	SAM	2	431	0.0046403712296983757
226	J	I	WNA	SAM	0	430	0
227	J	I	WNA	SAM	1	441	0.0022675736961451248
228	J	I	WNA	SAM	1	444	0.0022522522522522522
229	J	I	WNA	SAM	2	446	0.0044843049327354259
230	J	I	WNA	SAM	0	439	0
231	J	I	WNA	SAM	2	435	0.0045977011494252873
232	J	I	WNA	SAM	0	434	0
233	J	I	WNA	SAM	1	437	0.0022883295194508009
234	J	I	WNA	SAM	0	435	0
235	J	I	WNA	SAM	1	434	0.002304147465437788
236	J	I	WNA	SAM	0	431	0
237	J	I	WNA	SAM	0	447	0
238	J	I	WNA	SAM	3	438	0.0068493150684931503
239	J	I	WNA	SAM	1	427	0.00234192037470726
240	J	I	WNA	SAM	1	437	0.0022883295194508009
241	J	I	WNA	SAM	0	431	0
242	J	I	WNA	SAM	0	441	0
243	J	I	WNA	SAM	1	440	0.0022727272727272726
244	J	I	WNA	SAM	0	438	0
245	J	I	WNA	SAM	3	435	0.0068965517241379309
246	J	I	WNA	SAM	1	441	0.0022675736961451248
247	J	I	WNA	SAM	2	433	0.0046189376443418013
248	J	I	WNA	SAM	1	435	0.0022988505747126436
249	J	I	WNA	SAM	1	445	0.0022471910112359553
250	J	I	WNA	SAM	0	431	0
251	J	I	WNA	SAM	1	444	0.0022522522522522522
252	J	I	WNA	SAM	0	439	0
253	J	I	WNA	SAM	1	431	0.0023201856148491878
254	J	I	WNA	SAM	1	428	0.0023364485981308409
255	J	I	WNA	SAM	1	436	0.0022935779816513763
256	J	I	WNA	SAM	0	431	0
257	J	I	WNA	SAM	0	436	0
258	J	I	WNA	SAM	1	440	0.0022727272727272726
259	J	I	WNA	SAM	1	436	0.0022935779816513763
260	J	I	WNA	SAM	1	431	0.0023201856148491878
261	J	I	WNA	SAM	0	445	0
262	J	I	WNA	SAM	0	435	0
263	J	I	WNA	SAM	0	430	0
264	J	I	WNA	SAM	1	438	0.0022831050228310501
265	J	I	WNA	SAM	0	434	0
266	J	I	WNA	SAM	0	429	0
267	J	I	WNA	SAM	1	437	0.0022883295194508009
268	J	I	WNA	SAM	2	431	0.0046403712296983757
269	J	I	WNA	SAM	0	433	0
270	J	I	WNA	SAM	1	430	0.0023255813953488372
271	J	I	WNA	SAM	1	428	0.0023364485981308409
272	J	I	WNA	SAM	2	433	0.0046189376443418013
273	J	I	WNA	SAM	1	438	0.0022831050228310501
274	J	I	WNA	SAM	0	435	0
275	J	I	WNA	SAM	0	443	0
276	J	I	WNA	SAM	1	425	0.002352941176470588
277	J	I	WNA	SAM	1	433	0.0023094688221709007
278	J	I	WNA	SAM	2	439	0.0045558086560364463
279	J	I	WNA	SAM	0	434	0
280	J	I	WNA	SAM	0	434	0
281	J	I	WNA	SAM	0	446	0
282	J	I	WNA	SAM	1	440	0.0022727272727272726
283	J	I	WNA	SAM	1	430	0.0023255813953488372
284	J	I	WNA	SAM	0	437	0
285	J	I	WNA	SAM	2	430	0.0046511627906976744
286	J	I	WNA	SAM	1	425	0.002352941176470588
287	J	I	WNA	SAM	0	430	0
288	J	I	WNA	SAM	2	444	0.0045045045045045045
289	J	I	WNA	SAM	1	435	0.0022988505747126436
290	J	I	WNA	SAM	2	426	0.0046948356807511738
291	J	I	WNA	SAM	1	434	0.002304147465437788
292	J	I	WNA	SAM	0	427	0
293	J	I	WNA	SAM	0	437	0
294	J	I	WNA	SAM	0	437	0
295	J	I	WNA	SAM	1	436	0.0022935779816513763
296	J	I	WNA	SAM	1	432	0.0023148148148148147
297	J	I	WNA	SAM	0	441	0
298	J	I	WNA	SAM	0	437	0
299	J	I	WNA	SAM	0	431	0
300	J	I	WNA	SAM	1	435	0.0022988505747126436
1	K	I	WPA	SAM	0	433	0
2	K	I	WPA	SAM	0	440	0
3	K	I	WPA	SAM	0	440	0
4	K	I	WPA	SAM	0	434	0
5	K	I	WPA	SAM	0	436	0
6	K	I	WPA	SAM	0	437	0
7	K	I	WPA	SAM	0	432	0
8	K	I	WPA	SAM	0	442	0
9	K	I	WPA	SAM	0	431	0
10	K	I	WPA	SAM	0	433	0
11	K	I	WPA	SAM	0	437	0
12	K	I	WPA	SAM	0	436	0
13	K	I	WPA	SAM	0	444	0
14	K	I	WPA	SAM	0	442	0
15	K	I	WPA	SAM	0	427	0
16	K	I	WPA	SAM	0	444	0
17	K	I	WPA	SAM	0	438	0
18	K	I	WPA	SAM	0	440	0
19	K	I	WPA	SAM	0	429	0
20	K	I	WPA	SAM	0	430	0
21	K	I	WPA	SAM	0	429	0
22	K	I	WPA	SAM	0	435	0
23	K	I	WPA	SAM	0	430	0
24	K	I	WPA	SAM	0	443	0
25	K	I	WPA	SAM	0	434	0
26	K	I	WPA	SAM	0	438	0
27	K	I	WPA	SAM	0	436	0
28	K	I	WPA	SAM	0	438	0
29	K	I	WPA	SAM	0	436	0
30	K	I	WPA	SAM	0	439	0
31	K	I	WPA	SAM	0	438	0
32	K	I	WPA	SAM	0	439	0
33	K	I	WPA	SAM	0	436	0
34	K	I	WPA	SAM	0	438	0
35	K	I	WPA	SAM	0	438	0
36	K	I	WPA	SAM	0	440	0
37	K	I	WPA	SAM	0	442	0
38	K	I	WPA	SAM	0	437	0
39	K	I	WPA	SAM	0	434	0
40	K	I	WPA	SAM	0	442	0
41	K	I	WPA	SAM	0	444	0
42	K	I	WPA	SAM	0	427	0
43	K	I	WPA	SAM	0	434	0
44	K	I	WPA	SAM	0	430	0
45	K	I	WPA	SAM	0	431	0
46	K	I	WPA	SAM	0	429	0
47	K	I	WPA	SAM	0	444	0
48	K	I	WPA	SAM	0	441	0
49	K	I	WPA	SAM	0	431	0
50	K	I	WPA	SAM	0	424	0
51	K	I	WPA	SAM	0	428	0
52	K	I	WPA	SAM	0	428	0
53	K	I	WPA	SAM	0	444	0
54	K	I	WPA	SAM	0	439	0
55	K	I	WPA	SAM	0	435	0
56	K	I	WPA	SAM	0	437	0
57	K	I	WPA	SAM	0	433	0
58	K	I	WPA	SAM	0	441	0
59	K	I	WPA	SAM	0	424	0
60	K	I	WPA	SAM	0	440	0
61	K	I	WPA	SAM	0	436	0
62	K	I	WPA	SAM	0	422	0
63	K	I	WPA	SAM	0	433	0
64	K	I	WPA	SAM	0	433	0
65	K	I	WPA	SAM	0	432	0
66	K	I	WPA	SAM	0	445	0
67	K	I	WPA	SAM	0	430	0
68	K	I	WPA	SAM	0	438	0
69	K	I	WPA	SAM	0	438	0
70	K	I	WPA	SAM	0	439	0
71	K	I	WPA	SAM	0	432	0
72	K	I	WPA	SAM	0	436	0
73	K	I	WPA	SAM	0	435	0
74	K	I	WPA	SAM	0	436	0
75	K	I	WPA	SAM	0	452	0
76	K	I	WPA	SAM	0	441	0
77	K	I	WPA	SAM	0	441	0
78	K	I	WPA	SAM	0	435	0
79	K	I	WPA	SAM	0	425	0
80	K	I	WPA	SAM	0	440	0
81	K	I	WPA	SAM	0	436	0
82	K	I	WPA	SAM	0	435	0
83	K	I	WPA	SAM	0	426	0
84	K	I	WPA	SAM	0	447	0
85	K	I	WPA	SAM	0	434	0
86	K	I	WPA	SAM	0	431	0
87	K	I	WPA	SAM	0	432	0
88	K	I	WPA	SAM	0	445	0
89	K	I	WPA	SAM	0	432	0
90	K	I	WPA	SAM	0	431	0
91	K	I	WPA	SAM	0	436	0
92	K	I	WPA	SAM	0	442	0
93	K	I	WPA	SAM	0	426	0
94	K	I	WPA	SAM	0	426	0
95	K	I	WPA	SAM	0	431	0
96	K	I	WPA	SAM	0	439	0
97	K	I	WPA	SAM	0	436	0
98	K	I	WPA	SAM	0	433	0
99	K	I	WPA	SAM	0	434	0
100	K	I	WPA	SAM	0	439	0
101	K	I	WPA	SAM	0	435	0
102	K	I	WPA	SAM	0	448	0
103	K	I	WPA	SAM	0	438	0
104	K	I	WPA	SAM	0	431	0
105	K	I	WPA	SAM	0	435	0
106	K	I	WPA	SAM	0	435	0
107	K	I	WPA	SAM	0	443	0
108	K	I	WPA	SAM	0	426	0
109	K	I	WPA	SAM	0	444	0
110	K	I	WPA	SAM	0	427	0
111	K	I	WPA	SAM	0	447	0
112	K	I	WPA	SAM	0	436	0
113	K	I	WPA	SAM	0	432	0
114	K	I	WPA	SAM	0	442	0
115	K	I	WPA	SAM	0	435	0
116	K	I	WPA	SAM	0	445	0
117	K	I	WPA	SAM	0	441	0
118	K	I	WPA	SAM	0	436	0
119	K	I	WPA	SAM	0	439	0
120	K	I	WPA	SAM	0	451	0
121	K	I	WPA	SAM	0	443	0
122	K	I	WPA	SAM	0	432	0
123	K	I	WPA	SAM	0	442	0
124	K	I	WPA	SAM	0	437	0
125	K	I	WPA	SAM	0	433	0
126	K	I	WPA	SAM	0	438	0
127	K	I	WPA	SAM	0	436	0
128	K	I	WPA	SAM	0	436	0
129	K	I	WPA	SAM	0	435	0
130	K	I	WPA	SAM	0	433	0
131	K	I	WPA	SAM	0	446	0
132	K	I	WPA	SAM	0	442	0
133	K	I	WPA	SAM	0	441	0
134	K	I	WPA	SAM	0	444	0
135	K	I	WPA	SAM	0	433	0
136	K	I	WPA	SAM	0	432	0
137	K	I	WPA	SAM	0	433	0
138	K	I	WPA	SAM	0	438	0
139	K	I	WPA	SAM	0	433	0
140	K	I	WPA	SAM	0	433	0
141	K	I	WPA	SAM	0	427	0
142	K	I	WPA	SAM	0	425	0
143	K	I	WPA	SAM	0	430	0
144	K	I	WPA	SAM	0	434	0
145	K	I	WPA	SAM	0	446	0
146	K	I	WPA	SAM	0	439	0
147	K	I	WPA	SAM	0	433	0
148	K	I	WPA	SAM	0	437	0
149	K	I	WPA	SAM	0	425	0
150	K	I	WPA	SAM	0	440	0
151	K	I	WPA	SAM	0	445	0
152	K	I	WPA	SAM	0	435	0
153	K	I	WPA	SAM	0	438	0
154	K	I	WPA	SAM	0	445	0
155	K	I	WPA	SAM	0	432	0
156	K	I	WPA	SAM	0	429	0
157	K	I	WPA	SAM	0	432	0
158	K	I	WPA	SAM	0	435	0
159	K	I	WPA	SAM	0	441	0
160	K	I	WPA	SAM	0	439	0
161	K	I	WPA	SAM	0	438	0
162	K	I	WPA	SAM	0	436	0
163	K	I	WPA	SAM	0	434	0
164	K	I	WPA	SAM	0	437	0
165	K	I	WPA	SAM	0	428	0
166	K	I	WPA	SAM	0	436	0
167	K	I	WPA	SAM	0	433	0
168	K	I	WPA	SAM	0	435	0
169	K	I	WPA	SAM	0	434	0
170	K	I	WPA	SAM	0	432	0
171	K	I	WPA	SAM	0	434	0
172	K	I	WPA	SAM	0	444	0
173	K	I	WPA	SAM	0	440	0
174	K	I	WPA	SAM	0	435	0
175	K	I	WPA	SAM	0	429	0
176	K	I	WPA	SAM	0	437	0
177	K	I	WPA	SAM	0	434	0
178	K	I	WPA	SAM	0	442	0
179	K	I	WPA	SAM	0	447	0
180	K	I	WPA	SAM	0	442	0
181	K	I	WPA	SAM	0	435	0
182	K	I	WPA	SAM	0	441	0
183	K	I	WPA	SAM	0	437	0
184	K	I	WPA	SAM	0	436	0
185	K	I	WPA	SAM	0	434	0
186	K	I	WPA	SAM	0	437	0
187	K	I	WPA	SAM	0	433	0
188	K	I	WPA	SAM	0	430	0
189	K	I	WPA	SAM	0	443	0
190	K	I	WPA	SAM	0	434	0
191	K	I	WPA	SAM	0	429	0
192	K	I	WPA	SAM	0	430	0
193	K	I	WPA	SAM	0	431	0
194	K	I	WPA	SAM	0	423	0
195	K	I	WPA	SAM	0	433	0
196	K	I	WPA	SAM	0	436	0
197	K	I	WPA	SAM	0	444	0
198	K	I	WPA	SAM	0	446	0
199	K	I	WPA	SAM	0	434	0
200	K	I	WPA	SAM	0	431	0
201	K	I	WPA	SAM	0	435	0
202	K	I	WPA	SAM	0	427	0
203	K	I	WPA	SAM	0	433	0
204	K	I	WPA	SAM	0	437	0
205	K	I	WPA	SAM	0	431	0
206	K	I	WPA	SAM	0	435	0
207	K	I	WPA	SAM	0	442	0
208	K	I	WPA	SAM	0	434	0
209	K	I	WPA	SAM	0	438	0
210	K	I	WPA	SAM	0	434	0
211	K	I	WPA	SAM	0	440	0
212	K	I	WPA	SAM	0	447	0
213	K	I	WPA	SAM	0	436	0
214	K	I	WPA	SAM	0	428	0
215	K	I	WPA	SAM	0	448	0
216	K	I	WPA	SAM	0	442	0
217	K	I	WPA	SAM	0	433	0
218	K	I	WPA	SAM	0	431	0
219	K	I	WPA	SAM	0	434	0
220	K	I	WPA	SAM	0	445	0
221	K	I	WPA	SAM	0	422	0
222	K	I	WPA	SAM	0	425	0
223	K	I	WPA	SAM	0	431	0
224	K	I	WPA	SAM	0	432	0
225	K	I	WPA	SAM	0	431	0
226	K	I	WPA	SAM	0	430	0
227	K	I	WPA	SAM	0	441	0
228	K	I	WPA	SAM	0	444	0
229	K	I	WPA	SAM	0	446	0
230	K	I	WPA	SAM	0	439	0
231	K	I	WPA	SAM	0	435	0
232	K	I	WPA	SAM	0	434	0
233	K	I	WPA	SAM	0	437	0
234	K	I	WPA	SAM	0	435	0
235	K	I	WPA	SAM	0	434	0
236	K	I	WPA	SAM	0	431	0
237	K	I	WPA	SAM	0	447	0
238	K	I	WPA	SAM	0	438	0
239	K	I	WPA	SAM	0	427	0
240	K	I	WPA	SAM	0	437	0
241	K	I	WPA	SAM	0	431	0
242	K	I	WPA	SAM	0	441	0
243	K	I	WPA	SAM	0	440	0
244	K	I	WPA	SAM	0	438	0
245	K	I	WPA	SAM	0	435	0
246	K	I	WPA	SAM	0	441	0
247	K	I	WPA	SAM	0	433	0
248	K	I	WPA	SAM	0	435	0
249	K	I	WPA	SAM	0	445	0
250	K	I	WPA	SAM	0	431	0
251	K	I	WPA	SAM	0	444	0
252	K	I	WPA	SAM	0	439	0
253	K	I	WPA	SAM	0	431	0
254	K	I	WPA	SAM	0	428	0
255	K	I	WPA	SAM	0	436	0
256	K	I	WPA	SAM	0	431	0
257	K	I	WPA	SAM	0	436	0
258	K	I	WPA	SAM	0	440	0
259	K	I	WPA	SAM	0	436	0
260	K	I	WPA	SAM	0	431	0
261	K	I	WPA	SAM	0	445	0
262	K	I	WPA	SAM	0	435	0
263	K	I	WPA	SAM	0	430	0
264	K	I	WPA	SAM	0	438	0
265	K	I	WPA	SAM	0	434	0
266	K	I	WPA	SAM	0	429	0
267	K	I	WPA	SAM	0	437	0
268	K	I	WPA	SAM	0	431	0
269	K	I	WPA	SAM	0	433	0
270	K	I	WPA	SAM	0	430	0
271	K	I	WPA	SAM	0	428	0
272	K	I	WPA	SAM	0	433	0
273	K	I	WPA	SAM	0	438	0
274	K	I	WPA	SAM	0	435	0
275	K	I	WPA	SAM	0	443	0
276	K	I	WPA	SAM	0	425	0
277	K	I	WPA	SAM	0	433	0
278	K	I	WPA	SAM	0	439	0
279	K	I	WPA	SAM	0	434	0
280	K	I	WPA	SAM	0	434	0
281	K	I	WPA	SAM	0	446	0
282	K	I	WPA	SAM	0	440	0
283	K	I	WPA	SAM	0	430	0
284	K	I	WPA	SAM	0	437	0
285	K	I	WPA	SAM	0	430	0
286	K	I	WPA	SAM	0	425	0
287	K	I	WPA	SAM	0	430	0
288	K	I	WPA	SAM	0	444	0
289	K	I	WPA	SAM	0	435	0
290	K	I	WPA	SAM	0	426	0
291	K	I	WPA	SAM	0	434	0
292	K	I	WPA	SAM	0	427	0
293	K	I	WPA	SAM	0	437	0
294	K	I	WPA	SAM	0	437	0
295	K	I	WPA	SAM	0	436	0
296	K	I	WPA	SAM	0	432	0
297	K	I	WPA	SAM	0	441	0
298	K	I	WPA	SAM	0	437	0
299	K	I	WPA	SAM	0	431	0
300	K	I	WPA	SAM	0	435	0
1	A	J	AF	WNA	0	433	0
2	A	J	AF	WNA	0	440	0
3	A	J	AF	WNA	0	440	0
4	A	J	AF	WNA	0	434	0
5	A	J	AF	WNA	0	436	0
6	A	J	AF	WNA	0	437	0
7	A	J	AF	WNA	0	432	0
8	A	J	AF	WNA	0	442	0
9	A	J	AF	WNA	0	431	0
10	A	J	AF	WNA	0	433	0
11	A	J	AF	WNA	0	437	0
12	A	J	AF	WNA	0	436	0
13	A	J	AF	WNA	0	444	0
14	A	J	AF	WNA	0	442	0
15	A	J	AF	WNA	0	427	0
16	A	J	AF	WNA	0	444	0
17	A	J	AF	WNA	0	438	0
18	A	J	AF	WNA	0	440	0
19	A	J	AF	WNA	0	429	0
20	A	J	AF	WNA	0	430	0
21	A	J	AF	WNA	0	429	0
22	A	J	AF	WNA	0	435	0
23	A	J	AF	WNA	0	430	0
24	A	J	AF	WNA	0	443	0
25	A	J	AF	WNA	0	434	0
26	A	J	AF	WNA	0	438	0
27	A	J	AF	WNA	0	436	0
28	A	J	AF	WNA	0	438	0
29	A	J	AF	WNA	0	436	0
30	A	J	AF	WNA	0	439	0
31	A	J	AF	WNA	0	438	0
32	A	J	AF	WNA	0	439	0
33	A	J	AF	WNA	0	436	0
34	A	J	AF	WNA	0	438	0
35	A	J	AF	WNA	0	438	0
36	A	J	AF	WNA	0	440	0
37	A	J	AF	WNA	0	442	0
38	A	J	AF	WNA	0	437	0
39	A	J	AF	WNA	0	434	0
40	A	J	AF	WNA	0	442	0
41	A	J	AF	WNA	0	444	0
42	A	J	AF	WNA	0	427	0
43	A	J	AF	WNA	0	434	0
44	A	J	AF	WNA	0	430	0
45	A	J	AF	WNA	0	431	0
46	A	J	AF	WNA	0	429	0
47	A	J	AF	WNA	0	444	0
48	A	J	AF	WNA	0	441	0
49	A	J	AF	WNA	0	431	0
50	A	J	AF	WNA	0	424	0
51	A	J	AF	WNA	0	428	0
52	A	J	AF	WNA	0	428	0
53	A	J	AF	WNA	0	444	0
54	A	J	AF	WNA	0	439	0
55	A	J	AF	WNA	0	435	0
56	A	J	AF	WNA	0	437	0
57	A	J	AF	WNA	0	433	0
58	A	J	AF	WNA	0	441	0
59	A	J	AF	WNA	0	424	0
60	A	J	AF	WNA	0	440	0
61	A	J	AF	WNA	0	436	0
62	A	J	AF	WNA	0	422	0
63	A	J	AF	WNA	0	433	0
64	A	J	AF	WNA	0	433	0
65	A	J	AF	WNA	0	432	0
66	A	J	AF	WNA	0	445	0
67	A	J	AF	WNA	0	430	0
68	A	J	AF	WNA	0	438	0
69	A	J	AF	WNA	0	438	0
70	A	J	AF	WNA	0	439	0
71	A	J	AF	WNA	0	432	0
72	A	J	AF	WNA	0	436	0
73	A	J	AF	WNA	0	435	0
74	A	J	AF	WNA	0	436	0
75	A	J	AF	WNA	0	452	0
76	A	J	AF	WNA	0	441	0
77	A	J	AF	WNA	0	441	0
78	A	J	AF	WNA	0	435	0
79	A	J	AF	WNA	0	425	0
80	A	J	AF	WNA	0	440	0
81	A	J	AF	WNA	0	436	0
82	A	J	AF	WNA	0	435	0
83	A	J	AF	WNA	0	426	0
84	A	J	AF	WNA	0	447	0
85	A	J	AF	WNA	0	434	0
86	A	J	AF	WNA	0	431	0
87	A	J	AF	WNA	0	432	0
88	A	J	AF	WNA	0	445	0
89	A	J	AF	WNA	0	432	0
90	A	J	AF	WNA	0	431	0
91	A	J	AF	WNA	0	436	0
92	A	J	AF	WNA	0	442	0
93	A	J	AF	WNA	0	426	0
94	A	J	AF	WNA	0	426	0
95	A	J	AF	WNA	0	431	0
96	A	J	AF	WNA	0	439	0
97	A	J	AF	WNA	0	436	0
98	A	J	AF	WNA	0	433	0
99	A	J	AF	WNA	0	434	0
100	A	J	AF	WNA	0	439	0
101	A	J	AF	WNA	0	435	0
102	A	J	AF	WNA	0	448	0
103	A	J	AF	WNA	0	438	0
104	A	J	AF	WNA	0	431	0
105	A	J	AF	WNA	0	435	0
106	A	J	AF	WNA	0	435	0
107	A	J	AF	WNA	0	443	0
108	A	J	AF	WNA	0	426	0
109	A	J	AF	WNA	0	444	0
110	A	J	AF	WNA	0	427	0
111	A	J	AF	WNA	0	447	0
112	A	J	AF	WNA	0	436	0
113	A	J	AF	WNA	0	432	0
114	A	J	AF	WNA	0	442	0
115	A	J	AF	WNA	0	435	0
116	A	J	AF	WNA	0	445	0
117	A	J	AF	WNA	0	441	0
118	A	J	AF	WNA	0	436	0
119	A	J	AF	WNA	0	439	0
120	A	J	AF	WNA	0	451	0
121	A	J	AF	WNA	0	443	0
122	A	J	AF	WNA	0	432	0
123	A	J	AF	WNA	0	442	0
124	A	J	AF	WNA	0	437	0
125	A	J	AF	WNA	0	433	0
126	A	J	AF	WNA	0	438	0
127	A	J	AF	WNA	0	436	0
128	A	J	AF	WNA	0	436	0
129	A	J	AF	WNA	0	435	0
130	A	J	AF	WNA	0	433	0
131	A	J	AF	WNA	0	446	0
132	A	J	AF	WNA	0	442	0
133	A	J	AF	WNA	0	441	0
134	A	J	AF	WNA	0	444	0
135	A	J	AF	WNA	0	433	0
136	A	J	AF	WNA	0	432	0
137	A	J	AF	WNA	0	433	0
138	A	J	AF	WNA	0	438	0
139	A	J	AF	WNA	0	433	0
140	A	J	AF	WNA	0	433	0
141	A	J	AF	WNA	0	427	0
142	A	J	AF	WNA	0	425	0
143	A	J	AF	WNA	0	430	0
144	A	J	AF	WNA	0	434	0
145	A	J	AF	WNA	0	446	0
146	A	J	AF	WNA	0	439	0
147	A	J	AF	WNA	0	433	0
148	A	J	AF	WNA	0	437	0
149	A	J	AF	WNA	0	425	0
150	A	J	AF	WNA	0	440	0
151	A	J	AF	WNA	0	445	0
152	A	J	AF	WNA	0	435	0
153	A	J	AF	WNA	0	438	0
154	A	J	AF	WNA	0	445	0
155	A	J	AF	WNA	0	432	0
156	A	J	AF	WNA	0	429	0
157	A	J	AF	WNA	0	432	0
158	A	J	AF	WNA	0	435	0
159	A	J	AF	WNA	0	441	0
160	A	J	AF	WNA	0	439	0
161	A	J	AF	WNA	0	438	0
162	A	J	AF	WNA	0	436	0
163	A	J	AF	WNA	0	434	0
164	A	J	AF	WNA	0	437	0
165	A	J	AF	WNA	0	428	0
166	A	J	AF	WNA	0	436	0
167	A	J	AF	WNA	0	433	0
168	A	J	AF	WNA	0	435	0
169	A	J	AF	WNA	0	434	0
170	A	J	AF	WNA	0	432	0
171	A	J	AF	WNA	0	434	0
172	A	J	AF	WNA	0	444	0
173	A	J	AF	WNA	0	440	0
174	A	J	AF	WNA	0	435	0
175	A	J	AF	WNA	0	429	0
176	A	J	AF	WNA	0	437	0
177	A	J	AF	WNA	0	434	0
178	A	J	AF	WNA	0	442	0
179	A	J	AF	WNA	0	447	0
180	A	J	AF	WNA	0	442	0
181	A	J	AF	WNA	0	435	0
182	A	J	AF	WNA	0	441	0
183	A	J	AF	WNA	0	437	0
184	A	J	AF	WNA	0	436	0
185	A	J	AF	WNA	0	434	0
186	A	J	AF	WNA	0	437	0
187	A	J	AF	WNA	0	433	0
188	A	J	AF	WNA	0	430	0
189	A	J	AF	WNA	0	443	0
190	A	J	AF	WNA	0	434	0
191	A	J	AF	WNA	0	429	0
192	A	J	AF	WNA	0	430	0
193	A	J	AF	WNA	0	431	0
194	A	J	AF	WNA	0	423	0
195	A	J	AF	WNA	0	433	0
196	A	J	AF	WNA	0	436	0
197	A	J	AF	WNA	0	444	0
198	A	J	AF	WNA	0	446	0
199	A	J	AF	WNA	0	434	0
200	A	J	AF	WNA	0	431	0
201	A	J	AF	WNA	0	435	0
202	A	J	AF	WNA	0	427	0
203	A	J	AF	WNA	0	433	0
204	A	J	AF	WNA	0	437	0
205	A	J	AF	WNA	0	431	0
206	A	J	AF	WNA	0	435	0
207	A	J	AF	WNA	0	442	0
208	A	J	AF	WNA	0	434	0
209	A	J	AF	WNA	0	438	0
210	A	J	AF	WNA	0	434	0
211	A	J	AF	WNA	0	440	0
212	A	J	AF	WNA	0	447	0
213	A	J	AF	WNA	0	436	0
214	A	J	AF	WNA	0	428	0
215	A	J	AF	WNA	0	448	0
216	A	J	AF	WNA	0	442	0
217	A	J	AF	WNA	0	433	0
218	A	J	AF	WNA	0	431	0
219	A	J	AF	WNA	0	434	0
220	A	J	AF	WNA	0	445	0
221	A	J	AF	WNA	0	422	0
222	A	J	AF	WNA	0	425	0
223	A	J	AF	WNA	0	431	0
224	A	J	AF	WNA	0	432	0
225	A	J	AF	WNA	0	431	0
226	A	J	AF	WNA	0	430	0
227	A	J	AF	WNA	0	441	0
228	A	J	AF	WNA	0	444	0
229	A	J	AF	WNA	0	446	0
230	A	J	AF	WNA	0	439	0
231	A	J	AF	WNA	0	435	0
232	A	J	AF	WNA	0	434	0
233	A	J	AF	WNA	0	437	0
234	A	J	AF	WNA	0	435	0
235	A	J	AF	WNA	0	434	0
236	A	J	AF	WNA	0	431	0
237	A	J	AF	WNA	0	447	0
238	A	J	AF	WNA	0	438	0
239	A	J	AF	WNA	0	427	0
240	A	J	AF	WNA	0	437	0
241	A	J	AF	WNA	0	431	0
242	A	J	AF	WNA	0	441	0
243	A	J	AF	WNA	0	440	0
244	A	J	AF	WNA	0	438	0
245	A	J	AF	WNA	0	435	0
246	A	J	AF	WNA	0	441	0
247	A	J	AF	WNA	0	433	0
248	A	J	AF	WNA	0	435	0
249	A	J	AF	WNA	0	445	0
250	A	J	AF	WNA	0	431	0
251	A	J	AF	WNA	0	444	0
252	A	J	AF	WNA	0	439	0
253	A	J	AF	WNA	0	431	0
254	A	J	AF	WNA	0	428	0
255	A	J	AF	WNA	0	436	0
256	A	J	AF	WNA	0	431	0
257	A	J	AF	WNA	0	436	0
258	A	J	AF	WNA	0	440	0
259	A	J	AF	WNA	0	436	0
260	A	J	AF	WNA	0	431	0
261	A	J	AF	WNA	0	445	0
262	A	J	AF	WNA	0	435	0
263	A	J	AF	WNA	0	430	0
264	A	J	AF	WNA	0	438	0
265	A	J	AF	WNA	0	434	0
266	A	J	AF	WNA	0	429	0
267	A	J	AF	WNA	0	437	0
268	A	J	AF	WNA	0	431	0
269	A	J	AF	WNA	0	433	0
270	A	J	AF	WNA	0	430	0
271	A	J	AF	WNA	0	428	0
272	A	J	AF	WNA	0	433	0
273	A	J	AF	WNA	0	438	0
274	A	J	AF	WNA	0	435	0
275	A	J	AF	WNA	0	443	0
276	A	J	AF	WNA	0	425	0
277	A	J	AF	WNA	0	433	0
278	A	J	AF	WNA	0	439	0
279	A	J	AF	WNA	0	434	0
280	A	J	AF	WNA	0	434	0
281	A	J	AF	WNA	0	446	0
282	A	J	AF	WNA	0	440	0
283	A	J	AF	WNA	0	430	0
284	A	J	AF	WNA	0	437	0
285	A	J	AF	WNA	0	430	0
286	A	J	AF	WNA	0	425	0
287	A	J	AF	WNA	0	430	0
288	A	J	AF	WNA	0	444	0
289	A	J	AF	WNA	0	435	0
290	A	J	AF	WNA	0	426	0
291	A	J	AF	WNA	0	434	0
292	A	J	AF	WNA	0	427	0
293	A	J	AF	WNA	0	437	0
294	A	J	AF	WNA	0	437	0
295	A	J	AF	WNA	0	436	0
296	A	J	AF	WNA	0	432	0
297	A	J	AF	WNA	0	441	0
298	A	J	AF	WNA	0	437	0
299	A	J	AF	WNA	0	431	0
300	A	J	AF	WNA	0	435	0
1	B	J	AUS	WNA	0	433	0
2	B	J	AUS	WNA	0	440	0
3	B	J	AUS	WNA	0	440	0
4	B	J	AUS	WNA	0	434	0
5	B	J	AUS	WNA	0	436	0
6	B	J	AUS	WNA	0	437	0
7	B	J	AUS	WNA	0	432	0
8	B	J	AUS	WNA	0	442	0
9	B	J	AUS	WNA	0	431	0
10	B	J	AUS	WNA	0	433	0
11	B	J	AUS	WNA	0	437	0
12	B	J	AUS	WNA	0	436	0
13	B	J	AUS	WNA	0	444	0
14	B	J	AUS	WNA	0	442	0
15	B	J	AUS	WNA	0	427	0
16	B	J	AUS	WNA	0	444	0
17	B	J	AUS	WNA	0	438	0
18	B	J	AUS	WNA	0	440	0
19	B	J	AUS	WNA	0	429	0
20	B	J	AUS	WNA	0	430	0
21	B	J	AUS	WNA	0	429	0
22	B	J	AUS	WNA	0	435	0
23	B	J	AUS	WNA	0	430	0
24	B	J	AUS	WNA	0	443	0
25	B	J	AUS	WNA	0	434	0
26	B	J	AUS	WNA	0	438	0
27	B	J	AUS	WNA	0	436	0
28	B	J	AUS	WNA	0	438	0
29	B	J	AUS	WNA	0	436	0
30	B	J	AUS	WNA	0	439	0
31	B	J	AUS	WNA	0	438	0
32	B	J	AUS	WNA	0	439	0
33	B	J	AUS	WNA	0	436	0
34	B	J	AUS	WNA	0	438	0
35	B	J	AUS	WNA	0	438	0
36	B	J	AUS	WNA	0	440	0
37	B	J	AUS	WNA	0	442	0
38	B	J	AUS	WNA	0	437	0
39	B	J	AUS	WNA	0	434	0
40	B	J	AUS	WNA	0	442	0
41	B	J	AUS	WNA	0	444	0
42	B	J	AUS	WNA	0	427	0
43	B	J	AUS	WNA	0	434	0
44	B	J	AUS	WNA	0	430	0
45	B	J	AUS	WNA	0	431	0
46	B	J	AUS	WNA	0	429	0
47	B	J	AUS	WNA	0	444	0
48	B	J	AUS	WNA	0	441	0
49	B	J	AUS	WNA	0	431	0
50	B	J	AUS	WNA	0	424	0
51	B	J	AUS	WNA	0	428	0
52	B	J	AUS	WNA	0	428	0
53	B	J	AUS	WNA	0	444	0
54	B	J	AUS	WNA	0	439	0
55	B	J	AUS	WNA	0	435	0
56	B	J	AUS	WNA	0	437	0
57	B	J	AUS	WNA	0	433	0
58	B	J	AUS	WNA	0	441	0
59	B	J	AUS	WNA	0	424	0
60	B	J	AUS	WNA	0	440	0
61	B	J	AUS	WNA	0	436	0
62	B	J	AUS	WNA	0	422	0
63	B	J	AUS	WNA	0	433	0
64	B	J	AUS	WNA	0	433	0
65	B	J	AUS	WNA	0	432	0
66	B	J	AUS	WNA	0	445	0
67	B	J	AUS	WNA	0	430	0
68	B	J	AUS	WNA	0	438	0
69	B	J	AUS	WNA	0	438	0
70	B	J	AUS	WNA	0	439	0
71	B	J	AUS	WNA	0	432	0
72	B	J	AUS	WNA	0	436	0
73	B	J	AUS	WNA	0	435	0
74	B	J	AUS	WNA	0	436	0
75	B	J	AUS	WNA	0	452	0
76	B	J	AUS	WNA	0	441	0
77	B	J	AUS	WNA	0	441	0
78	B	J	AUS	WNA	0	435	0
79	B	J	AUS	WNA	0	425	0
80	B	J	AUS	WNA	0	440	0
81	B	J	AUS	WNA	0	436	0
82	B	J	AUS	WNA	0	435	0
83	B	J	AUS	WNA	0	426	0
84	B	J	AUS	WNA	0	447	0
85	B	J	AUS	WNA	0	434	0
86	B	J	AUS	WNA	0	431	0
87	B	J	AUS	WNA	0	432	0
88	B	J	AUS	WNA	0	445	0
89	B	J	AUS	WNA	0	432	0
90	B	J	AUS	WNA	0	431	0
91	B	J	AUS	WNA	0	436	0
92	B	J	AUS	WNA	0	442	0
93	B	J	AUS	WNA	0	426	0
94	B	J	AUS	WNA	0	426	0
95	B	J	AUS	WNA	0	431	0
96	B	J	AUS	WNA	0	439	0
97	B	J	AUS	WNA	0	436	0
98	B	J	AUS	WNA	0	433	0
99	B	J	AUS	WNA	0	434	0
100	B	J	AUS	WNA	0	439	0
101	B	J	AUS	WNA	0	435	0
102	B	J	AUS	WNA	0	448	0
103	B	J	AUS	WNA	0	438	0
104	B	J	AUS	WNA	0	431	0
105	B	J	AUS	WNA	0	435	0
106	B	J	AUS	WNA	0	435	0
107	B	J	AUS	WNA	0	443	0
108	B	J	AUS	WNA	0	426	0
109	B	J	AUS	WNA	0	444	0
110	B	J	AUS	WNA	0	427	0
111	B	J	AUS	WNA	0	447	0
112	B	J	AUS	WNA	0	436	0
113	B	J	AUS	WNA	0	432	0
114	B	J	AUS	WNA	0	442	0
115	B	J	AUS	WNA	0	435	0
116	B	J	AUS	WNA	0	445	0
117	B	J	AUS	WNA	0	441	0
118	B	J	AUS	WNA	0	436	0
119	B	J	AUS	WNA	0	439	0
120	B	J	AUS	WNA	0	451	0
121	B	J	AUS	WNA	0	443	0
122	B	J	AUS	WNA	0	432	0
123	B	J	AUS	WNA	0	442	0
124	B	J	AUS	WNA	0	437	0
125	B	J	AUS	WNA	0	433	0
126	B	J	AUS	WNA	0	438	0
127	B	J	AUS	WNA	0	436	0
128	B	J	AUS	WNA	0	436	0
129	B	J	AUS	WNA	0	435	0
130	B	J	AUS	WNA	0	433	0
131	B	J	AUS	WNA	0	446	0
132	B	J	AUS	WNA	0	442	0
133	B	J	AUS	WNA	0	441	0
134	B	J	AUS	WNA	0	444	0
135	B	J	AUS	WNA	0	433	0
136	B	J	AUS	WNA	0	432	0
137	B	J	AUS	WNA	0	433	0
138	B	J	AUS	WNA	0	438	0
139	B	J	AUS	WNA	0	433	0
140	B	J	AUS	WNA	0	433	0
141	B	J	AUS	WNA	0	427	0
142	B	J	AUS	WNA	0	425	0
143	B	J	AUS	WNA	0	430	0
144	B	J	AUS	WNA	0	434	0
145	B	J	AUS	WNA	0	446	0
146	B	J	AUS	WNA	0	439	0
147	B	J	AUS	WNA	0	433	0
148	B	J	AUS	WNA	0	437	0
149	B	J	AUS	WNA	0	425	0
150	B	J	AUS	WNA	0	440	0
151	B	J	AUS	WNA	0	445	0
152	B	J	AUS	WNA	0	435	0
153	B	J	AUS	WNA	0	438	0
154	B	J	AUS	WNA	0	445	0
155	B	J	AUS	WNA	0	432	0
156	B	J	AUS	WNA	0	429	0
157	B	J	AUS	WNA	0	432	0
158	B	J	AUS	WNA	0	435	0
159	B	J	AUS	WNA	0	441	0
160	B	J	AUS	WNA	0	439	0
161	B	J	AUS	WNA	0	438	0
162	B	J	AUS	WNA	0	436	0
163	B	J	AUS	WNA	0	434	0
164	B	J	AUS	WNA	0	437	0
165	B	J	AUS	WNA	0	428	0
166	B	J	AUS	WNA	0	436	0
167	B	J	AUS	WNA	0	433	0
168	B	J	AUS	WNA	0	435	0
169	B	J	AUS	WNA	0	434	0
170	B	J	AUS	WNA	0	432	0
171	B	J	AUS	WNA	0	434	0
172	B	J	AUS	WNA	0	444	0
173	B	J	AUS	WNA	0	440	0
174	B	J	AUS	WNA	0	435	0
175	B	J	AUS	WNA	0	429	0
176	B	J	AUS	WNA	0	437	0
177	B	J	AUS	WNA	0	434	0
178	B	J	AUS	WNA	0	442	0
179	B	J	AUS	WNA	0	447	0
180	B	J	AUS	WNA	0	442	0
181	B	J	AUS	WNA	0	435	0
182	B	J	AUS	WNA	0	441	0
183	B	J	AUS	WNA	0	437	0
184	B	J	AUS	WNA	0	436	0
185	B	J	AUS	WNA	0	434	0
186	B	J	AUS	WNA	0	437	0
187	B	J	AUS	WNA	0	433	0
188	B	J	AUS	WNA	0	430	0
189	B	J	AUS	WNA	0	443	0
190	B	J	AUS	WNA	0	434	0
191	B	J	AUS	WNA	0	429	0
192	B	J	AUS	WNA	0	430	0
193	B	J	AUS	WNA	0	431	0
194	B	J	AUS	WNA	0	423	0
195	B	J	AUS	WNA	0	433	0
196	B	J	AUS	WNA	0	436	0
197	B	J	AUS	WNA	0	444	0
198	B	J	AUS	WNA	0	446	0
199	B	J	AUS	WNA	0	434	0
200	B	J	AUS	WNA	0	431	0
201	B	J	AUS	WNA	0	435	0
202	B	J	AUS	WNA	0	427	0
203	B	J	AUS	WNA	0	433	0
204	B	J	AUS	WNA	0	437	0
205	B	J	AUS	WNA	0	431	0
206	B	J	AUS	WNA	0	435	0
207	B	J	AUS	WNA	0	442	0
208	B	J	AUS	WNA	0	434	0
209	B	J	AUS	WNA	0	438	0
210	B	J	AUS	WNA	0	434	0
211	B	J	AUS	WNA	0	440	0
212	B	J	AUS	WNA	0	447	0
213	B	J	AUS	WNA	0	436	0
214	B	J	AUS	WNA	0	428	0
215	B	J	AUS	WNA	0	448	0
216	B	J	AUS	WNA	0	442	0
217	B	J	AUS	WNA	0	433	0
218	B	J	AUS	WNA	0	431	0
219	B	J	AUS	WNA	0	434	0
220	B	J	AUS	WNA	0	445	0
221	B	J	AUS	WNA	0	422	0
222	B	J	AUS	WNA	0	425	0
223	B	J	AUS	WNA	0	431	0
224	B	J	AUS	WNA	0	432	0
225	B	J	AUS	WNA	0	431	0
226	B	J	AUS	WNA	0	430	0
227	B	J	AUS	WNA	0	441	0
228	B	J	AUS	WNA	0	444	0
229	B	J	AUS	WNA	0	446	0
230	B	J	AUS	WNA	0	439	0
231	B	J	AUS	WNA	0	435	0
232	B	J	AUS	WNA	0	434	0
233	B	J	AUS	WNA	0	437	0
234	B	J	AUS	WNA	0	435	0
235	B	J	AUS	WNA	0	434	0
236	B	J	AUS	WNA	0	431	0
237	B	J	AUS	WNA	0	447	0
238	B	J	AUS	WNA	0	438	0
239	B	J	AUS	WNA	0	427	0
240	B	J	AUS	WNA	0	437	0
241	B	J	AUS	WNA	0	431	0
242	B	J	AUS	WNA	0	441	0
243	B	J	AUS	WNA	0	440	0
244	B	J	AUS	WNA	0	438	0
245	B	J	AUS	WNA	0	435	0
246	B	J	AUS	WNA	0	441	0
247	B	J	AUS	WNA	0	433	0
248	B	J	AUS	WNA	0	435	0
249	B	J	AUS	WNA	0	445	0
250	B	J	AUS	WNA	0	431	0
251	B	J	AUS	WNA	0	444	0
252	B	J	AUS	WNA	0	439	0
253	B	J	AUS	WNA	0	431	0
254	B	J	AUS	WNA	0	428	0
255	B	J	AUS	WNA	0	436	0
256	B	J	AUS	WNA	0	431	0
257	B	J	AUS	WNA	0	436	0
258	B	J	AUS	WNA	0	440	0
259	B	J	AUS	WNA	0	436	0
260	B	J	AUS	WNA	0	431	0
261	B	J	AUS	WNA	0	445	0
262	B	J	AUS	WNA	0	435	0
263	B	J	AUS	WNA	0	430	0
264	B	J	AUS	WNA	0	438	0
265	B	J	AUS	WNA	0	434	0
266	B	J	AUS	WNA	0	429	0
267	B	J	AUS	WNA	0	437	0
268	B	J	AUS	WNA	0	431	0
269	B	J	AUS	WNA	0	433	0
270	B	J	AUS	WNA	0	430	0
271	B	J	AUS	WNA	0	428	0
272	B	J	AUS	WNA	0	433	0
273	B	J	AUS	WNA	0	438	0
274	B	J	AUS	WNA	0	435	0
275	B	J	AUS	WNA	0	443	0
276	B	J	AUS	WNA	0	425	0
277	B	J	AUS	WNA	0	433	0
278	B	J	AUS	WNA	0	439	0
279	B	J	AUS	WNA	0	434	0
280	B	J	AUS	WNA	0	434	0
281	B	J	AUS	WNA	0	446	0
282	B	J	AUS	WNA	0	440	0
283	B	J	AUS	WNA	0	430	0
284	B	J	AUS	WNA	0	437	0
285	B	J	AUS	WNA	0	430	0
286	B	J	AUS	WNA	0	425	0
287	B	J	AUS	WNA	0	430	0
288	B	J	AUS	WNA	0	444	0
289	B	J	AUS	WNA	0	435	0
290	B	J	AUS	WNA	0	426	0
291	B	J	AUS	WNA	0	434	0
292	B	J	AUS	WNA	0	427	0
293	B	J	AUS	WNA	0	437	0
294	B	J	AUS	WNA	0	437	0
295	B	J	AUS	WNA	0	436	0
296	B	J	AUS	WNA	0	432	0
297	B	J	AUS	WNA	0	441	0
298	B	J	AUS	WNA	0	437	0
299	B	J	AUS	WNA	0	431	0
300	B	J	AUS	WNA	0	435	0
1	C	J	CAM	WNA	15	433	0.034642032332563508
2	C	J	CAM	WNA	12	440	0.027272727272727271
3	C	J	CAM	WNA	13	440	0.029545454545454545
4	C	J	CAM	WNA	19	434	0.04377880184331797
5	C	J	CAM	WNA	16	436	0.03669724770642202
6	C	J	CAM	WNA	18	437	0.041189931350114416
7	C	J	CAM	WNA	21	432	0.048611111111111112
8	C	J	CAM	WNA	18	442	0.04072398190045249
9	C	J	CAM	WNA	15	431	0.034802784222737818
10	C	J	CAM	WNA	18	433	0.041570438799076209
11	C	J	CAM	WNA	17	437	0.038901601830663615
12	C	J	CAM	WNA	21	436	0.048165137614678902
13	C	J	CAM	WNA	14	444	0.031531531531531529
14	C	J	CAM	WNA	13	442	0.029411764705882353
15	C	J	CAM	WNA	21	427	0.049180327868852458
16	C	J	CAM	WNA	14	444	0.031531531531531529
17	C	J	CAM	WNA	13	438	0.029680365296803651
18	C	J	CAM	WNA	14	440	0.031818181818181815
19	C	J	CAM	WNA	17	429	0.039627039627039624
20	C	J	CAM	WNA	15	430	0.034883720930232558
21	C	J	CAM	WNA	16	429	0.037296037296037296
22	C	J	CAM	WNA	22	435	0.05057471264367816
23	C	J	CAM	WNA	16	430	0.037209302325581395
24	C	J	CAM	WNA	16	443	0.036117381489841983
25	C	J	CAM	WNA	20	434	0.046082949308755762
26	C	J	CAM	WNA	10	438	0.022831050228310501
27	C	J	CAM	WNA	16	436	0.03669724770642202
28	C	J	CAM	WNA	13	438	0.029680365296803651
29	C	J	CAM	WNA	17	436	0.038990825688073397
30	C	J	CAM	WNA	15	439	0.034168564920273349
31	C	J	CAM	WNA	16	438	0.036529680365296802
32	C	J	CAM	WNA	18	439	0.041002277904328019
33	C	J	CAM	WNA	12	436	0.027522935779816515
34	C	J	CAM	WNA	18	438	0.041095890410958902
35	C	J	CAM	WNA	9	438	0.020547945205479451
36	C	J	CAM	WNA	16	440	0.036363636363636362
37	C	J	CAM	WNA	19	442	0.042986425339366516
38	C	J	CAM	WNA	19	437	0.043478260869565216
39	C	J	CAM	WNA	18	434	0.041474654377880185
40	C	J	CAM	WNA	17	442	0.038461538461538464
41	C	J	CAM	WNA	15	444	0.033783783783783786
42	C	J	CAM	WNA	15	427	0.035128805620608897
43	C	J	CAM	WNA	12	434	0.027649769585253458
44	C	J	CAM	WNA	18	430	0.041860465116279069
45	C	J	CAM	WNA	16	431	0.037122969837587005
46	C	J	CAM	WNA	19	429	0.044289044289044288
47	C	J	CAM	WNA	15	444	0.033783783783783786
48	C	J	CAM	WNA	17	441	0.038548752834467119
49	C	J	CAM	WNA	11	431	0.025522041763341066
50	C	J	CAM	WNA	20	424	0.04716981132075472
51	C	J	CAM	WNA	17	428	0.039719626168224297
52	C	J	CAM	WNA	13	428	0.030373831775700934
53	C	J	CAM	WNA	19	444	0.042792792792792793
54	C	J	CAM	WNA	17	439	0.038724373576309798
55	C	J	CAM	WNA	19	435	0.043678160919540229
56	C	J	CAM	WNA	16	437	0.036613272311212815
57	C	J	CAM	WNA	16	433	0.03695150115473441
58	C	J	CAM	WNA	13	441	0.029478458049886622
59	C	J	CAM	WNA	14	424	0.033018867924528301
60	C	J	CAM	WNA	15	440	0.034090909090909088
61	C	J	CAM	WNA	17	436	0.038990825688073397
62	C	J	CAM	WNA	18	422	0.042654028436018961
63	C	J	CAM	WNA	12	433	0.02771362586605081
64	C	J	CAM	WNA	14	433	0.032332563510392612
65	C	J	CAM	WNA	13	432	0.030092592592592591
66	C	J	CAM	WNA	19	445	0.042696629213483148
67	C	J	CAM	WNA	15	430	0.034883720930232558
68	C	J	CAM	WNA	18	438	0.041095890410958902
69	C	J	CAM	WNA	22	438	0.050228310502283102
70	C	J	CAM	WNA	14	439	0.031890660592255128
71	C	J	CAM	WNA	15	432	0.034722222222222224
72	C	J	CAM	WNA	19	436	0.043577981651376149
73	C	J	CAM	WNA	8	435	0.018390804597701149
74	C	J	CAM	WNA	21	436	0.048165137614678902
75	C	J	CAM	WNA	17	452	0.037610619469026552
76	C	J	CAM	WNA	18	441	0.040816326530612242
77	C	J	CAM	WNA	13	441	0.029478458049886622
78	C	J	CAM	WNA	16	435	0.036781609195402298
79	C	J	CAM	WNA	16	425	0.037647058823529408
80	C	J	CAM	WNA	16	440	0.036363636363636362
81	C	J	CAM	WNA	11	436	0.025229357798165139
82	C	J	CAM	WNA	16	435	0.036781609195402298
83	C	J	CAM	WNA	14	426	0.032863849765258218
84	C	J	CAM	WNA	13	447	0.029082774049217001
85	C	J	CAM	WNA	16	434	0.036866359447004608
86	C	J	CAM	WNA	9	431	0.020881670533642691
87	C	J	CAM	WNA	19	432	0.043981481481481483
88	C	J	CAM	WNA	18	445	0.040449438202247189
89	C	J	CAM	WNA	14	432	0.032407407407407406
90	C	J	CAM	WNA	14	431	0.03248259860788863
91	C	J	CAM	WNA	16	436	0.03669724770642202
92	C	J	CAM	WNA	12	442	0.027149321266968326
93	C	J	CAM	WNA	17	426	0.039906103286384977
94	C	J	CAM	WNA	23	426	0.0539906103286385
95	C	J	CAM	WNA	15	431	0.034802784222737818
96	C	J	CAM	WNA	23	439	0.052391799544419138
97	C	J	CAM	WNA	19	436	0.043577981651376149
98	C	J	CAM	WNA	12	433	0.02771362586605081
99	C	J	CAM	WNA	19	434	0.04377880184331797
100	C	J	CAM	WNA	20	439	0.045558086560364468
101	C	J	CAM	WNA	16	435	0.036781609195402298
102	C	J	CAM	WNA	20	448	0.044642857142857144
103	C	J	CAM	WNA	14	438	0.031963470319634701
104	C	J	CAM	WNA	16	431	0.037122969837587005
105	C	J	CAM	WNA	26	435	0.059770114942528735
106	C	J	CAM	WNA	13	435	0.029885057471264367
107	C	J	CAM	WNA	16	443	0.036117381489841983
108	C	J	CAM	WNA	14	426	0.032863849765258218
109	C	J	CAM	WNA	13	444	0.029279279279279279
110	C	J	CAM	WNA	11	427	0.02576112412177986
111	C	J	CAM	WNA	18	447	0.040268456375838924
112	C	J	CAM	WNA	14	436	0.032110091743119268
113	C	J	CAM	WNA	22	432	0.050925925925925923
114	C	J	CAM	WNA	12	442	0.027149321266968326
115	C	J	CAM	WNA	13	435	0.029885057471264367
116	C	J	CAM	WNA	16	445	0.035955056179775284
117	C	J	CAM	WNA	15	441	0.034013605442176874
118	C	J	CAM	WNA	19	436	0.043577981651376149
119	C	J	CAM	WNA	17	439	0.038724373576309798
120	C	J	CAM	WNA	12	451	0.026607538802660754
121	C	J	CAM	WNA	18	443	0.040632054176072234
122	C	J	CAM	WNA	18	432	0.041666666666666664
123	C	J	CAM	WNA	23	442	0.052036199095022627
124	C	J	CAM	WNA	18	437	0.041189931350114416
125	C	J	CAM	WNA	13	433	0.030023094688221709
126	C	J	CAM	WNA	17	438	0.038812785388127852
127	C	J	CAM	WNA	15	436	0.034403669724770644
128	C	J	CAM	WNA	17	436	0.038990825688073397
129	C	J	CAM	WNA	14	435	0.032183908045977011
130	C	J	CAM	WNA	16	433	0.03695150115473441
131	C	J	CAM	WNA	12	446	0.026905829596412557
132	C	J	CAM	WNA	17	442	0.038461538461538464
133	C	J	CAM	WNA	18	441	0.040816326530612242
134	C	J	CAM	WNA	18	444	0.040540540540540543
135	C	J	CAM	WNA	18	433	0.041570438799076209
136	C	J	CAM	WNA	18	432	0.041666666666666664
137	C	J	CAM	WNA	13	433	0.030023094688221709
138	C	J	CAM	WNA	16	438	0.036529680365296802
139	C	J	CAM	WNA	17	433	0.039260969976905313
140	C	J	CAM	WNA	12	433	0.02771362586605081
141	C	J	CAM	WNA	18	427	0.042154566744730677
142	C	J	CAM	WNA	13	425	0.030588235294117649
143	C	J	CAM	WNA	12	430	0.027906976744186046
144	C	J	CAM	WNA	15	434	0.034562211981566823
145	C	J	CAM	WNA	19	446	0.042600896860986545
146	C	J	CAM	WNA	21	439	0.047835990888382689
147	C	J	CAM	WNA	15	433	0.034642032332563508
148	C	J	CAM	WNA	17	437	0.038901601830663615
149	C	J	CAM	WNA	17	425	0.040000000000000001
150	C	J	CAM	WNA	16	440	0.036363636363636362
151	C	J	CAM	WNA	13	445	0.029213483146067417
152	C	J	CAM	WNA	13	435	0.029885057471264367
153	C	J	CAM	WNA	21	438	0.047945205479452052
154	C	J	CAM	WNA	18	445	0.040449438202247189
155	C	J	CAM	WNA	22	432	0.050925925925925923
156	C	J	CAM	WNA	14	429	0.032634032634032632
157	C	J	CAM	WNA	16	432	0.037037037037037035
158	C	J	CAM	WNA	15	435	0.034482758620689655
159	C	J	CAM	WNA	9	441	0.020408163265306121
160	C	J	CAM	WNA	14	439	0.031890660592255128
161	C	J	CAM	WNA	15	438	0.034246575342465752
162	C	J	CAM	WNA	10	436	0.022935779816513763
163	C	J	CAM	WNA	14	434	0.032258064516129031
164	C	J	CAM	WNA	13	437	0.029748283752860413
165	C	J	CAM	WNA	15	428	0.035046728971962614
166	C	J	CAM	WNA	12	436	0.027522935779816515
167	C	J	CAM	WNA	14	433	0.032332563510392612
168	C	J	CAM	WNA	14	435	0.032183908045977011
169	C	J	CAM	WNA	13	434	0.029953917050691243
170	C	J	CAM	WNA	15	432	0.034722222222222224
171	C	J	CAM	WNA	15	434	0.034562211981566823
172	C	J	CAM	WNA	15	444	0.033783783783783786
173	C	J	CAM	WNA	14	440	0.031818181818181815
174	C	J	CAM	WNA	14	435	0.032183908045977011
175	C	J	CAM	WNA	18	429	0.04195804195804196
176	C	J	CAM	WNA	14	437	0.032036613272311214
177	C	J	CAM	WNA	16	434	0.036866359447004608
178	C	J	CAM	WNA	18	442	0.04072398190045249
179	C	J	CAM	WNA	22	447	0.049217002237136466
180	C	J	CAM	WNA	11	442	0.024886877828054297
181	C	J	CAM	WNA	14	435	0.032183908045977011
182	C	J	CAM	WNA	14	441	0.031746031746031744
183	C	J	CAM	WNA	20	437	0.045766590389016017
184	C	J	CAM	WNA	14	436	0.032110091743119268
185	C	J	CAM	WNA	14	434	0.032258064516129031
186	C	J	CAM	WNA	15	437	0.034324942791762014
187	C	J	CAM	WNA	15	433	0.034642032332563508
188	C	J	CAM	WNA	16	430	0.037209302325581395
189	C	J	CAM	WNA	17	443	0.038374717832957109
190	C	J	CAM	WNA	14	434	0.032258064516129031
191	C	J	CAM	WNA	16	429	0.037296037296037296
192	C	J	CAM	WNA	21	430	0.048837209302325581
193	C	J	CAM	WNA	17	431	0.039443155452436193
194	C	J	CAM	WNA	14	423	0.03309692671394799
195	C	J	CAM	WNA	15	433	0.034642032332563508
196	C	J	CAM	WNA	14	436	0.032110091743119268
197	C	J	CAM	WNA	18	444	0.040540540540540543
198	C	J	CAM	WNA	17	446	0.03811659192825112
199	C	J	CAM	WNA	18	434	0.041474654377880185
200	C	J	CAM	WNA	13	431	0.030162412993039442
201	C	J	CAM	WNA	22	435	0.05057471264367816
202	C	J	CAM	WNA	13	427	0.030444964871194378
203	C	J	CAM	WNA	14	433	0.032332563510392612
204	C	J	CAM	WNA	16	437	0.036613272311212815
205	C	J	CAM	WNA	17	431	0.039443155452436193
206	C	J	CAM	WNA	19	435	0.043678160919540229
207	C	J	CAM	WNA	12	442	0.027149321266968326
208	C	J	CAM	WNA	18	434	0.041474654377880185
209	C	J	CAM	WNA	28	438	0.063926940639269403
210	C	J	CAM	WNA	17	434	0.039170506912442393
211	C	J	CAM	WNA	19	440	0.043181818181818182
212	C	J	CAM	WNA	22	447	0.049217002237136466
213	C	J	CAM	WNA	17	436	0.038990825688073397
214	C	J	CAM	WNA	13	428	0.030373831775700934
215	C	J	CAM	WNA	16	448	0.035714285714285712
216	C	J	CAM	WNA	11	442	0.024886877828054297
217	C	J	CAM	WNA	15	433	0.034642032332563508
218	C	J	CAM	WNA	12	431	0.027842227378190254
219	C	J	CAM	WNA	19	434	0.04377880184331797
220	C	J	CAM	WNA	15	445	0.033707865168539325
221	C	J	CAM	WNA	13	422	0.030805687203791468
222	C	J	CAM	WNA	10	425	0.023529411764705882
223	C	J	CAM	WNA	20	431	0.046403712296983757
224	C	J	CAM	WNA	14	432	0.032407407407407406
225	C	J	CAM	WNA	15	431	0.034802784222737818
226	C	J	CAM	WNA	12	430	0.027906976744186046
227	C	J	CAM	WNA	16	441	0.036281179138321996
228	C	J	CAM	WNA	13	444	0.029279279279279279
229	C	J	CAM	WNA	14	446	0.031390134529147982
230	C	J	CAM	WNA	12	439	0.027334851936218679
231	C	J	CAM	WNA	15	435	0.034482758620689655
232	C	J	CAM	WNA	16	434	0.036866359447004608
233	C	J	CAM	WNA	12	437	0.027459954233409609
234	C	J	CAM	WNA	19	435	0.043678160919540229
235	C	J	CAM	WNA	11	434	0.025345622119815669
236	C	J	CAM	WNA	16	431	0.037122969837587005
237	C	J	CAM	WNA	19	447	0.042505592841163314
238	C	J	CAM	WNA	20	438	0.045662100456621002
239	C	J	CAM	WNA	16	427	0.037470725995316159
240	C	J	CAM	WNA	15	437	0.034324942791762014
241	C	J	CAM	WNA	18	431	0.041763341067285381
242	C	J	CAM	WNA	10	441	0.022675736961451247
243	C	J	CAM	WNA	12	440	0.027272727272727271
244	C	J	CAM	WNA	13	438	0.029680365296803651
245	C	J	CAM	WNA	15	435	0.034482758620689655
246	C	J	CAM	WNA	17	441	0.038548752834467119
247	C	J	CAM	WNA	16	433	0.03695150115473441
248	C	J	CAM	WNA	18	435	0.041379310344827586
249	C	J	CAM	WNA	15	445	0.033707865168539325
250	C	J	CAM	WNA	14	431	0.03248259860788863
251	C	J	CAM	WNA	20	444	0.045045045045045043
252	C	J	CAM	WNA	14	439	0.031890660592255128
253	C	J	CAM	WNA	19	431	0.044083526682134569
254	C	J	CAM	WNA	18	428	0.042056074766355138
255	C	J	CAM	WNA	17	436	0.038990825688073397
256	C	J	CAM	WNA	14	431	0.03248259860788863
257	C	J	CAM	WNA	10	436	0.022935779816513763
258	C	J	CAM	WNA	17	440	0.038636363636363635
259	C	J	CAM	WNA	18	436	0.041284403669724773
260	C	J	CAM	WNA	15	431	0.034802784222737818
261	C	J	CAM	WNA	15	445	0.033707865168539325
262	C	J	CAM	WNA	14	435	0.032183908045977011
263	C	J	CAM	WNA	12	430	0.027906976744186046
264	C	J	CAM	WNA	8	438	0.018264840182648401
265	C	J	CAM	WNA	13	434	0.029953917050691243
266	C	J	CAM	WNA	21	429	0.048951048951048952
267	C	J	CAM	WNA	13	437	0.029748283752860413
268	C	J	CAM	WNA	14	431	0.03248259860788863
269	C	J	CAM	WNA	13	433	0.030023094688221709
270	C	J	CAM	WNA	17	430	0.039534883720930232
271	C	J	CAM	WNA	16	428	0.037383177570093455
272	C	J	CAM	WNA	14	433	0.032332563510392612
273	C	J	CAM	WNA	12	438	0.027397260273972601
274	C	J	CAM	WNA	16	435	0.036781609195402298
275	C	J	CAM	WNA	13	443	0.029345372460496615
276	C	J	CAM	WNA	16	425	0.037647058823529408
277	C	J	CAM	WNA	14	433	0.032332563510392612
278	C	J	CAM	WNA	21	439	0.047835990888382689
279	C	J	CAM	WNA	20	434	0.046082949308755762
280	C	J	CAM	WNA	18	434	0.041474654377880185
281	C	J	CAM	WNA	13	446	0.02914798206278027
282	C	J	CAM	WNA	18	440	0.040909090909090909
283	C	J	CAM	WNA	17	430	0.039534883720930232
284	C	J	CAM	WNA	15	437	0.034324942791762014
285	C	J	CAM	WNA	15	430	0.034883720930232558
286	C	J	CAM	WNA	20	425	0.047058823529411764
287	C	J	CAM	WNA	18	430	0.041860465116279069
288	C	J	CAM	WNA	14	444	0.031531531531531529
289	C	J	CAM	WNA	24	435	0.055172413793103448
290	C	J	CAM	WNA	8	426	0.018779342723004695
291	C	J	CAM	WNA	15	434	0.034562211981566823
292	C	J	CAM	WNA	14	427	0.032786885245901641
293	C	J	CAM	WNA	14	437	0.032036613272311214
294	C	J	CAM	WNA	17	437	0.038901601830663615
295	C	J	CAM	WNA	16	436	0.03669724770642202
296	C	J	CAM	WNA	12	432	0.027777777777777776
297	C	J	CAM	WNA	15	441	0.034013605442176874
298	C	J	CAM	WNA	11	437	0.025171624713958809
299	C	J	CAM	WNA	15	431	0.034802784222737818
300	C	J	CAM	WNA	15	435	0.034482758620689655
1	D	J	ENA	WNA	20	433	0.046189376443418015
2	D	J	ENA	WNA	27	440	0.061363636363636363
3	D	J	ENA	WNA	24	440	0.054545454545454543
4	D	J	ENA	WNA	16	434	0.036866359447004608
5	D	J	ENA	WNA	21	436	0.048165137614678902
6	D	J	ENA	WNA	20	437	0.045766590389016017
7	D	J	ENA	WNA	19	432	0.043981481481481483
8	D	J	ENA	WNA	18	442	0.04072398190045249
9	D	J	ENA	WNA	20	431	0.046403712296983757
10	D	J	ENA	WNA	23	433	0.053117782909930716
11	D	J	ENA	WNA	19	437	0.043478260869565216
12	D	J	ENA	WNA	16	436	0.03669724770642202
13	D	J	ENA	WNA	23	444	0.0518018018018018
14	D	J	ENA	WNA	28	442	0.063348416289592757
15	D	J	ENA	WNA	18	427	0.042154566744730677
16	D	J	ENA	WNA	22	444	0.04954954954954955
17	D	J	ENA	WNA	25	438	0.057077625570776253
18	D	J	ENA	WNA	19	440	0.043181818181818182
19	D	J	ENA	WNA	19	429	0.044289044289044288
20	D	J	ENA	WNA	24	430	0.055813953488372092
21	D	J	ENA	WNA	23	429	0.053613053613053616
22	D	J	ENA	WNA	17	435	0.039080459770114942
23	D	J	ENA	WNA	19	430	0.044186046511627906
24	D	J	ENA	WNA	24	443	0.054176072234762979
25	D	J	ENA	WNA	18	434	0.041474654377880185
26	D	J	ENA	WNA	35	438	0.079908675799086754
27	D	J	ENA	WNA	22	436	0.050458715596330278
28	D	J	ENA	WNA	22	438	0.050228310502283102
29	D	J	ENA	WNA	23	436	0.052752293577981654
30	D	J	ENA	WNA	23	439	0.052391799544419138
31	D	J	ENA	WNA	21	438	0.047945205479452052
32	D	J	ENA	WNA	18	439	0.041002277904328019
33	D	J	ENA	WNA	22	436	0.050458715596330278
34	D	J	ENA	WNA	21	438	0.047945205479452052
35	D	J	ENA	WNA	28	438	0.063926940639269403
36	D	J	ENA	WNA	23	440	0.052272727272727269
37	D	J	ENA	WNA	18	442	0.04072398190045249
38	D	J	ENA	WNA	16	437	0.036613272311212815
39	D	J	ENA	WNA	21	434	0.048387096774193547
40	D	J	ENA	WNA	18	442	0.04072398190045249
41	D	J	ENA	WNA	20	444	0.045045045045045043
42	D	J	ENA	WNA	19	427	0.04449648711943794
43	D	J	ENA	WNA	26	434	0.059907834101382486
44	D	J	ENA	WNA	22	430	0.051162790697674418
45	D	J	ENA	WNA	23	431	0.05336426914153132
46	D	J	ENA	WNA	18	429	0.04195804195804196
47	D	J	ENA	WNA	19	444	0.042792792792792793
48	D	J	ENA	WNA	19	441	0.043083900226757371
49	D	J	ENA	WNA	23	431	0.05336426914153132
50	D	J	ENA	WNA	18	424	0.042452830188679243
51	D	J	ENA	WNA	20	428	0.046728971962616821
52	D	J	ENA	WNA	26	428	0.060747663551401869
53	D	J	ENA	WNA	16	444	0.036036036036036036
54	D	J	ENA	WNA	23	439	0.052391799544419138
55	D	J	ENA	WNA	15	435	0.034482758620689655
56	D	J	ENA	WNA	21	437	0.048054919908466817
57	D	J	ENA	WNA	20	433	0.046189376443418015
58	D	J	ENA	WNA	25	441	0.056689342403628121
59	D	J	ENA	WNA	22	424	0.051886792452830191
60	D	J	ENA	WNA	22	440	0.050000000000000003
61	D	J	ENA	WNA	19	436	0.043577981651376149
62	D	J	ENA	WNA	19	422	0.045023696682464455
63	D	J	ENA	WNA	29	433	0.066974595842956119
64	D	J	ENA	WNA	25	433	0.057736720554272515
65	D	J	ENA	WNA	19	432	0.043981481481481483
66	D	J	ENA	WNA	21	445	0.047191011235955059
67	D	J	ENA	WNA	23	430	0.053488372093023255
68	D	J	ENA	WNA	18	438	0.041095890410958902
69	D	J	ENA	WNA	14	438	0.031963470319634701
70	D	J	ENA	WNA	24	439	0.054669703872437359
71	D	J	ENA	WNA	20	432	0.046296296296296294
72	D	J	ENA	WNA	17	436	0.038990825688073397
73	D	J	ENA	WNA	26	435	0.059770114942528735
74	D	J	ENA	WNA	20	436	0.045871559633027525
75	D	J	ENA	WNA	19	452	0.042035398230088498
76	D	J	ENA	WNA	22	441	0.049886621315192746
77	D	J	ENA	WNA	26	441	0.058956916099773243
78	D	J	ENA	WNA	26	435	0.059770114942528735
79	D	J	ENA	WNA	26	425	0.061176470588235297
80	D	J	ENA	WNA	24	440	0.054545454545454543
81	D	J	ENA	WNA	26	436	0.059633027522935783
82	D	J	ENA	WNA	21	435	0.048275862068965517
83	D	J	ENA	WNA	22	426	0.051643192488262914
84	D	J	ENA	WNA	23	447	0.05145413870246085
85	D	J	ENA	WNA	22	434	0.050691244239631339
86	D	J	ENA	WNA	32	431	0.074245939675174011
87	D	J	ENA	WNA	18	432	0.041666666666666664
88	D	J	ENA	WNA	17	445	0.038202247191011236
89	D	J	ENA	WNA	23	432	0.053240740740740741
90	D	J	ENA	WNA	23	431	0.05336426914153132
91	D	J	ENA	WNA	21	436	0.048165137614678902
92	D	J	ENA	WNA	19	442	0.042986425339366516
93	D	J	ENA	WNA	18	426	0.042253521126760563
94	D	J	ENA	WNA	14	426	0.032863849765258218
95	D	J	ENA	WNA	18	431	0.041763341067285381
96	D	J	ENA	WNA	16	439	0.03644646924829157
97	D	J	ENA	WNA	21	436	0.048165137614678902
98	D	J	ENA	WNA	25	433	0.057736720554272515
99	D	J	ENA	WNA	19	434	0.04377880184331797
100	D	J	ENA	WNA	18	439	0.041002277904328019
101	D	J	ENA	WNA	24	435	0.055172413793103448
102	D	J	ENA	WNA	18	448	0.040178571428571432
103	D	J	ENA	WNA	23	438	0.052511415525114152
104	D	J	ENA	WNA	21	431	0.048723897911832945
105	D	J	ENA	WNA	15	435	0.034482758620689655
106	D	J	ENA	WNA	24	435	0.055172413793103448
107	D	J	ENA	WNA	17	443	0.038374717832957109
108	D	J	ENA	WNA	21	426	0.049295774647887321
109	D	J	ENA	WNA	26	444	0.058558558558558557
110	D	J	ENA	WNA	28	427	0.065573770491803282
111	D	J	ENA	WNA	13	447	0.029082774049217001
112	D	J	ENA	WNA	24	436	0.055045871559633031
113	D	J	ENA	WNA	15	432	0.034722222222222224
114	D	J	ENA	WNA	25	442	0.056561085972850679
115	D	J	ENA	WNA	23	435	0.052873563218390804
116	D	J	ENA	WNA	22	445	0.049438202247191011
117	D	J	ENA	WNA	26	441	0.058956916099773243
118	D	J	ENA	WNA	17	436	0.038990825688073397
119	D	J	ENA	WNA	19	439	0.04328018223234624
120	D	J	ENA	WNA	26	451	0.057649667405764965
121	D	J	ENA	WNA	23	443	0.051918735891647853
122	D	J	ENA	WNA	19	432	0.043981481481481483
123	D	J	ENA	WNA	14	442	0.031674208144796379
124	D	J	ENA	WNA	19	437	0.043478260869565216
125	D	J	ENA	WNA	22	433	0.050808314087759814
126	D	J	ENA	WNA	21	438	0.047945205479452052
127	D	J	ENA	WNA	20	436	0.045871559633027525
128	D	J	ENA	WNA	23	436	0.052752293577981654
129	D	J	ENA	WNA	24	435	0.055172413793103448
130	D	J	ENA	WNA	25	433	0.057736720554272515
131	D	J	ENA	WNA	23	446	0.051569506726457402
132	D	J	ENA	WNA	18	442	0.04072398190045249
133	D	J	ENA	WNA	22	441	0.049886621315192746
134	D	J	ENA	WNA	24	444	0.054054054054054057
135	D	J	ENA	WNA	17	433	0.039260969976905313
136	D	J	ENA	WNA	14	432	0.032407407407407406
137	D	J	ENA	WNA	27	433	0.062355658198614321
138	D	J	ENA	WNA	22	438	0.050228310502283102
139	D	J	ENA	WNA	19	433	0.043879907621247112
140	D	J	ENA	WNA	28	433	0.064665127020785224
141	D	J	ENA	WNA	21	427	0.049180327868852458
142	D	J	ENA	WNA	26	425	0.061176470588235297
143	D	J	ENA	WNA	26	430	0.060465116279069767
144	D	J	ENA	WNA	25	434	0.057603686635944701
145	D	J	ENA	WNA	20	446	0.044843049327354258
146	D	J	ENA	WNA	18	439	0.041002277904328019
147	D	J	ENA	WNA	19	433	0.043879907621247112
148	D	J	ENA	WNA	24	437	0.054919908466819219
149	D	J	ENA	WNA	19	425	0.044705882352941179
150	D	J	ENA	WNA	16	440	0.036363636363636362
151	D	J	ENA	WNA	29	445	0.065168539325842698
152	D	J	ENA	WNA	25	435	0.057471264367816091
153	D	J	ENA	WNA	12	438	0.027397260273972601
154	D	J	ENA	WNA	15	445	0.033707865168539325
155	D	J	ENA	WNA	17	432	0.039351851851851853
156	D	J	ENA	WNA	20	429	0.046620046620046623
157	D	J	ENA	WNA	18	432	0.041666666666666664
158	D	J	ENA	WNA	20	435	0.045977011494252873
159	D	J	ENA	WNA	27	441	0.061224489795918366
160	D	J	ENA	WNA	22	439	0.05011389521640091
161	D	J	ENA	WNA	21	438	0.047945205479452052
162	D	J	ENA	WNA	28	436	0.064220183486238536
163	D	J	ENA	WNA	17	434	0.039170506912442393
164	D	J	ENA	WNA	24	437	0.054919908466819219
165	D	J	ENA	WNA	18	428	0.042056074766355138
166	D	J	ENA	WNA	22	436	0.050458715596330278
167	D	J	ENA	WNA	21	433	0.048498845265588918
168	D	J	ENA	WNA	24	435	0.055172413793103448
169	D	J	ENA	WNA	25	434	0.057603686635944701
170	D	J	ENA	WNA	23	432	0.053240740740740741
171	D	J	ENA	WNA	22	434	0.050691244239631339
172	D	J	ENA	WNA	25	444	0.056306306306306307
173	D	J	ENA	WNA	22	440	0.050000000000000003
174	D	J	ENA	WNA	25	435	0.057471264367816091
175	D	J	ENA	WNA	22	429	0.05128205128205128
176	D	J	ENA	WNA	24	437	0.054919908466819219
177	D	J	ENA	WNA	24	434	0.055299539170506916
178	D	J	ENA	WNA	20	442	0.045248868778280542
179	D	J	ENA	WNA	18	447	0.040268456375838924
180	D	J	ENA	WNA	22	442	0.049773755656108594
181	D	J	ENA	WNA	17	435	0.039080459770114942
182	D	J	ENA	WNA	23	441	0.052154195011337869
183	D	J	ENA	WNA	17	437	0.038901601830663615
184	D	J	ENA	WNA	26	436	0.059633027522935783
185	D	J	ENA	WNA	20	434	0.046082949308755762
186	D	J	ENA	WNA	24	437	0.054919908466819219
187	D	J	ENA	WNA	19	433	0.043879907621247112
188	D	J	ENA	WNA	22	430	0.051162790697674418
189	D	J	ENA	WNA	24	443	0.054176072234762979
190	D	J	ENA	WNA	24	434	0.055299539170506916
191	D	J	ENA	WNA	18	429	0.04195804195804196
192	D	J	ENA	WNA	14	430	0.03255813953488372
193	D	J	ENA	WNA	21	431	0.048723897911832945
194	D	J	ENA	WNA	19	423	0.044917257683215132
195	D	J	ENA	WNA	18	433	0.041570438799076209
196	D	J	ENA	WNA	23	436	0.052752293577981654
197	D	J	ENA	WNA	19	444	0.042792792792792793
198	D	J	ENA	WNA	20	446	0.044843049327354258
199	D	J	ENA	WNA	20	434	0.046082949308755762
200	D	J	ENA	WNA	20	431	0.046403712296983757
201	D	J	ENA	WNA	14	435	0.032183908045977011
202	D	J	ENA	WNA	24	427	0.056206088992974239
203	D	J	ENA	WNA	23	433	0.053117782909930716
204	D	J	ENA	WNA	19	437	0.043478260869565216
205	D	J	ENA	WNA	22	431	0.051044083526682132
206	D	J	ENA	WNA	18	435	0.041379310344827586
207	D	J	ENA	WNA	27	442	0.061085972850678731
208	D	J	ENA	WNA	19	434	0.04377880184331797
209	D	J	ENA	WNA	13	438	0.029680365296803651
210	D	J	ENA	WNA	16	434	0.036866359447004608
211	D	J	ENA	WNA	19	440	0.043181818181818182
212	D	J	ENA	WNA	16	447	0.035794183445190156
213	D	J	ENA	WNA	23	436	0.052752293577981654
214	D	J	ENA	WNA	24	428	0.056074766355140186
215	D	J	ENA	WNA	21	448	0.046875
216	D	J	ENA	WNA	25	442	0.056561085972850679
217	D	J	ENA	WNA	29	433	0.066974595842956119
218	D	J	ENA	WNA	22	431	0.051044083526682132
219	D	J	ENA	WNA	15	434	0.034562211981566823
220	D	J	ENA	WNA	22	445	0.049438202247191011
221	D	J	ENA	WNA	19	422	0.045023696682464455
222	D	J	ENA	WNA	19	425	0.044705882352941179
223	D	J	ENA	WNA	20	431	0.046403712296983757
224	D	J	ENA	WNA	22	432	0.050925925925925923
225	D	J	ENA	WNA	21	431	0.048723897911832945
226	D	J	ENA	WNA	22	430	0.051162790697674418
227	D	J	ENA	WNA	26	441	0.058956916099773243
228	D	J	ENA	WNA	22	444	0.04954954954954955
229	D	J	ENA	WNA	23	446	0.051569506726457402
230	D	J	ENA	WNA	20	439	0.045558086560364468
231	D	J	ENA	WNA	21	435	0.048275862068965517
232	D	J	ENA	WNA	23	434	0.052995391705069124
233	D	J	ENA	WNA	21	437	0.048054919908466817
234	D	J	ENA	WNA	17	435	0.039080459770114942
235	D	J	ENA	WNA	24	434	0.055299539170506916
236	D	J	ENA	WNA	24	431	0.055684454756380508
237	D	J	ENA	WNA	22	447	0.049217002237136466
238	D	J	ENA	WNA	16	438	0.036529680365296802
239	D	J	ENA	WNA	21	427	0.049180327868852458
240	D	J	ENA	WNA	20	437	0.045766590389016017
241	D	J	ENA	WNA	20	431	0.046403712296983757
242	D	J	ENA	WNA	27	441	0.061224489795918366
243	D	J	ENA	WNA	23	440	0.052272727272727269
244	D	J	ENA	WNA	21	438	0.047945205479452052
245	D	J	ENA	WNA	22	435	0.05057471264367816
246	D	J	ENA	WNA	18	441	0.040816326530612242
247	D	J	ENA	WNA	19	433	0.043879907621247112
248	D	J	ENA	WNA	19	435	0.043678160919540229
249	D	J	ENA	WNA	25	445	0.056179775280898875
250	D	J	ENA	WNA	24	431	0.055684454756380508
251	D	J	ENA	WNA	13	444	0.029279279279279279
252	D	J	ENA	WNA	23	439	0.052391799544419138
253	D	J	ENA	WNA	17	431	0.039443155452436193
254	D	J	ENA	WNA	16	428	0.037383177570093455
255	D	J	ENA	WNA	17	436	0.038990825688073397
256	D	J	ENA	WNA	17	431	0.039443155452436193
257	D	J	ENA	WNA	27	436	0.061926605504587159
258	D	J	ENA	WNA	22	440	0.050000000000000003
259	D	J	ENA	WNA	17	436	0.038990825688073397
260	D	J	ENA	WNA	21	431	0.048723897911832945
261	D	J	ENA	WNA	22	445	0.049438202247191011
262	D	J	ENA	WNA	24	435	0.055172413793103448
263	D	J	ENA	WNA	28	430	0.065116279069767441
264	D	J	ENA	WNA	28	438	0.063926940639269403
265	D	J	ENA	WNA	20	434	0.046082949308755762
266	D	J	ENA	WNA	14	429	0.032634032634032632
267	D	J	ENA	WNA	23	437	0.052631578947368418
268	D	J	ENA	WNA	23	431	0.05336426914153132
269	D	J	ENA	WNA	25	433	0.057736720554272515
270	D	J	ENA	WNA	24	430	0.055813953488372092
271	D	J	ENA	WNA	24	428	0.056074766355140186
272	D	J	ENA	WNA	22	433	0.050808314087759814
273	D	J	ENA	WNA	24	438	0.054794520547945202
274	D	J	ENA	WNA	21	435	0.048275862068965517
275	D	J	ENA	WNA	21	443	0.04740406320541761
276	D	J	ENA	WNA	22	425	0.051764705882352942
277	D	J	ENA	WNA	28	433	0.064665127020785224
278	D	J	ENA	WNA	16	439	0.03644646924829157
279	D	J	ENA	WNA	19	434	0.04377880184331797
280	D	J	ENA	WNA	21	434	0.048387096774193547
281	D	J	ENA	WNA	23	446	0.051569506726457402
282	D	J	ENA	WNA	15	440	0.034090909090909088
283	D	J	ENA	WNA	21	430	0.048837209302325581
284	D	J	ENA	WNA	13	437	0.029748283752860413
285	D	J	ENA	WNA	19	430	0.044186046511627906
286	D	J	ENA	WNA	17	425	0.040000000000000001
287	D	J	ENA	WNA	19	430	0.044186046511627906
288	D	J	ENA	WNA	23	444	0.0518018018018018
289	D	J	ENA	WNA	13	435	0.029885057471264367
290	D	J	ENA	WNA	27	426	0.063380281690140844
291	D	J	ENA	WNA	23	434	0.052995391705069124
292	D	J	ENA	WNA	22	427	0.051522248243559721
293	D	J	ENA	WNA	22	437	0.050343249427917618
294	D	J	ENA	WNA	22	437	0.050343249427917618
295	D	J	ENA	WNA	19	436	0.043577981651376149
296	D	J	ENA	WNA	17	432	0.039351851851851853
297	D	J	ENA	WNA	24	441	0.054421768707482991
298	D	J	ENA	WNA	25	437	0.057208237986270026
299	D	J	ENA	WNA	23	431	0.05336426914153132
300	D	J	ENA	WNA	22	435	0.05057471264367816
1	E	J	EPA	WNA	2	433	0.0046189376443418013
2	E	J	EPA	WNA	2	440	0.0045454545454545452
3	E	J	EPA	WNA	0	440	0
4	E	J	EPA	WNA	2	434	0.004608294930875576
5	E	J	EPA	WNA	2	436	0.0045871559633027525
6	E	J	EPA	WNA	1	437	0.0022883295194508009
7	E	J	EPA	WNA	2	432	0.0046296296296296294
8	E	J	EPA	WNA	1	442	0.0022624434389140274
9	E	J	EPA	WNA	1	431	0.0023201856148491878
10	E	J	EPA	WNA	2	433	0.0046189376443418013
11	E	J	EPA	WNA	1	437	0.0022883295194508009
12	E	J	EPA	WNA	2	436	0.0045871559633027525
13	E	J	EPA	WNA	2	444	0.0045045045045045045
14	E	J	EPA	WNA	2	442	0.0045248868778280547
15	E	J	EPA	WNA	1	427	0.00234192037470726
16	E	J	EPA	WNA	4	444	0.0090090090090090089
17	E	J	EPA	WNA	1	438	0.0022831050228310501
18	E	J	EPA	WNA	2	440	0.0045454545454545452
19	E	J	EPA	WNA	1	429	0.002331002331002331
20	E	J	EPA	WNA	2	430	0.0046511627906976744
21	E	J	EPA	WNA	0	429	0
22	E	J	EPA	WNA	1	435	0.0022988505747126436
23	E	J	EPA	WNA	0	430	0
24	E	J	EPA	WNA	1	443	0.002257336343115124
25	E	J	EPA	WNA	2	434	0.004608294930875576
26	E	J	EPA	WNA	1	438	0.0022831050228310501
27	E	J	EPA	WNA	3	436	0.0068807339449541288
28	E	J	EPA	WNA	2	438	0.0045662100456621002
29	E	J	EPA	WNA	1	436	0.0022935779816513763
30	E	J	EPA	WNA	2	439	0.0045558086560364463
31	E	J	EPA	WNA	0	438	0
32	E	J	EPA	WNA	0	439	0
33	E	J	EPA	WNA	2	436	0.0045871559633027525
34	E	J	EPA	WNA	0	438	0
35	E	J	EPA	WNA	3	438	0.0068493150684931503
36	E	J	EPA	WNA	2	440	0.0045454545454545452
37	E	J	EPA	WNA	3	442	0.0067873303167420816
38	E	J	EPA	WNA	1	437	0.0022883295194508009
39	E	J	EPA	WNA	2	434	0.004608294930875576
40	E	J	EPA	WNA	2	442	0.0045248868778280547
41	E	J	EPA	WNA	2	444	0.0045045045045045045
42	E	J	EPA	WNA	2	427	0.0046838407494145199
43	E	J	EPA	WNA	1	434	0.002304147465437788
44	E	J	EPA	WNA	2	430	0.0046511627906976744
45	E	J	EPA	WNA	0	431	0
46	E	J	EPA	WNA	1	429	0.002331002331002331
47	E	J	EPA	WNA	0	444	0
48	E	J	EPA	WNA	0	441	0
49	E	J	EPA	WNA	0	431	0
50	E	J	EPA	WNA	0	424	0
51	E	J	EPA	WNA	1	428	0.0023364485981308409
52	E	J	EPA	WNA	1	428	0.0023364485981308409
53	E	J	EPA	WNA	1	444	0.0022522522522522522
54	E	J	EPA	WNA	1	439	0.0022779043280182231
55	E	J	EPA	WNA	1	435	0.0022988505747126436
56	E	J	EPA	WNA	2	437	0.0045766590389016018
57	E	J	EPA	WNA	3	433	0.0069284064665127024
58	E	J	EPA	WNA	2	441	0.0045351473922902496
59	E	J	EPA	WNA	0	424	0
60	E	J	EPA	WNA	1	440	0.0022727272727272726
61	E	J	EPA	WNA	2	436	0.0045871559633027525
62	E	J	EPA	WNA	1	422	0.0023696682464454978
63	E	J	EPA	WNA	1	433	0.0023094688221709007
64	E	J	EPA	WNA	2	433	0.0046189376443418013
65	E	J	EPA	WNA	3	432	0.0069444444444444441
66	E	J	EPA	WNA	1	445	0.0022471910112359553
67	E	J	EPA	WNA	3	430	0.0069767441860465115
68	E	J	EPA	WNA	0	438	0
69	E	J	EPA	WNA	1	438	0.0022831050228310501
70	E	J	EPA	WNA	3	439	0.0068337129840546698
71	E	J	EPA	WNA	2	432	0.0046296296296296294
72	E	J	EPA	WNA	3	436	0.0068807339449541288
73	E	J	EPA	WNA	1	435	0.0022988505747126436
74	E	J	EPA	WNA	0	436	0
75	E	J	EPA	WNA	4	452	0.0088495575221238937
76	E	J	EPA	WNA	1	441	0.0022675736961451248
77	E	J	EPA	WNA	1	441	0.0022675736961451248
78	E	J	EPA	WNA	1	435	0.0022988505747126436
79	E	J	EPA	WNA	0	425	0
80	E	J	EPA	WNA	0	440	0
81	E	J	EPA	WNA	2	436	0.0045871559633027525
82	E	J	EPA	WNA	1	435	0.0022988505747126436
83	E	J	EPA	WNA	1	426	0.0023474178403755869
84	E	J	EPA	WNA	2	447	0.0044742729306487695
85	E	J	EPA	WNA	2	434	0.004608294930875576
86	E	J	EPA	WNA	0	431	0
87	E	J	EPA	WNA	0	432	0
88	E	J	EPA	WNA	0	445	0
89	E	J	EPA	WNA	1	432	0.0023148148148148147
90	E	J	EPA	WNA	3	431	0.0069605568445475635
91	E	J	EPA	WNA	1	436	0.0022935779816513763
92	E	J	EPA	WNA	2	442	0.0045248868778280547
93	E	J	EPA	WNA	0	426	0
94	E	J	EPA	WNA	1	426	0.0023474178403755869
95	E	J	EPA	WNA	1	431	0.0023201856148491878
96	E	J	EPA	WNA	1	439	0.0022779043280182231
97	E	J	EPA	WNA	1	436	0.0022935779816513763
98	E	J	EPA	WNA	2	433	0.0046189376443418013
99	E	J	EPA	WNA	2	434	0.004608294930875576
100	E	J	EPA	WNA	1	439	0.0022779043280182231
101	E	J	EPA	WNA	0	435	0
102	E	J	EPA	WNA	1	448	0.002232142857142857
103	E	J	EPA	WNA	3	438	0.0068493150684931503
104	E	J	EPA	WNA	0	431	0
105	E	J	EPA	WNA	1	435	0.0022988505747126436
106	E	J	EPA	WNA	2	435	0.0045977011494252873
107	E	J	EPA	WNA	1	443	0.002257336343115124
108	E	J	EPA	WNA	3	426	0.0070422535211267607
109	E	J	EPA	WNA	2	444	0.0045045045045045045
110	E	J	EPA	WNA	2	427	0.0046838407494145199
111	E	J	EPA	WNA	1	447	0.0022371364653243847
112	E	J	EPA	WNA	1	436	0.0022935779816513763
113	E	J	EPA	WNA	0	432	0
114	E	J	EPA	WNA	0	442	0
115	E	J	EPA	WNA	1	435	0.0022988505747126436
116	E	J	EPA	WNA	2	445	0.0044943820224719105
117	E	J	EPA	WNA	2	441	0.0045351473922902496
118	E	J	EPA	WNA	2	436	0.0045871559633027525
119	E	J	EPA	WNA	3	439	0.0068337129840546698
120	E	J	EPA	WNA	3	451	0.0066518847006651885
121	E	J	EPA	WNA	1	443	0.002257336343115124
122	E	J	EPA	WNA	1	432	0.0023148148148148147
123	E	J	EPA	WNA	3	442	0.0067873303167420816
124	E	J	EPA	WNA	1	437	0.0022883295194508009
125	E	J	EPA	WNA	0	433	0
126	E	J	EPA	WNA	1	438	0.0022831050228310501
127	E	J	EPA	WNA	1	436	0.0022935779816513763
128	E	J	EPA	WNA	1	436	0.0022935779816513763
129	E	J	EPA	WNA	2	435	0.0045977011494252873
130	E	J	EPA	WNA	0	433	0
131	E	J	EPA	WNA	2	446	0.0044843049327354259
132	E	J	EPA	WNA	2	442	0.0045248868778280547
133	E	J	EPA	WNA	1	441	0.0022675736961451248
134	E	J	EPA	WNA	2	444	0.0045045045045045045
135	E	J	EPA	WNA	2	433	0.0046189376443418013
136	E	J	EPA	WNA	2	432	0.0046296296296296294
137	E	J	EPA	WNA	1	433	0.0023094688221709007
138	E	J	EPA	WNA	3	438	0.0068493150684931503
139	E	J	EPA	WNA	1	433	0.0023094688221709007
140	E	J	EPA	WNA	2	433	0.0046189376443418013
141	E	J	EPA	WNA	2	427	0.0046838407494145199
142	E	J	EPA	WNA	2	425	0.0047058823529411761
143	E	J	EPA	WNA	1	430	0.0023255813953488372
144	E	J	EPA	WNA	2	434	0.004608294930875576
145	E	J	EPA	WNA	2	446	0.0044843049327354259
146	E	J	EPA	WNA	0	439	0
147	E	J	EPA	WNA	1	433	0.0023094688221709007
148	E	J	EPA	WNA	2	437	0.0045766590389016018
149	E	J	EPA	WNA	2	425	0.0047058823529411761
150	E	J	EPA	WNA	2	440	0.0045454545454545452
151	E	J	EPA	WNA	0	445	0
152	E	J	EPA	WNA	0	435	0
153	E	J	EPA	WNA	0	438	0
154	E	J	EPA	WNA	2	445	0.0044943820224719105
155	E	J	EPA	WNA	1	432	0.0023148148148148147
156	E	J	EPA	WNA	1	429	0.002331002331002331
157	E	J	EPA	WNA	1	432	0.0023148148148148147
158	E	J	EPA	WNA	1	435	0.0022988505747126436
159	E	J	EPA	WNA	2	441	0.0045351473922902496
160	E	J	EPA	WNA	0	439	0
161	E	J	EPA	WNA	1	438	0.0022831050228310501
162	E	J	EPA	WNA	0	436	0
163	E	J	EPA	WNA	1	434	0.002304147465437788
164	E	J	EPA	WNA	3	437	0.0068649885583524023
165	E	J	EPA	WNA	0	428	0
166	E	J	EPA	WNA	3	436	0.0068807339449541288
167	E	J	EPA	WNA	2	433	0.0046189376443418013
168	E	J	EPA	WNA	2	435	0.0045977011494252873
169	E	J	EPA	WNA	1	434	0.002304147465437788
170	E	J	EPA	WNA	0	432	0
171	E	J	EPA	WNA	1	434	0.002304147465437788
172	E	J	EPA	WNA	1	444	0.0022522522522522522
173	E	J	EPA	WNA	3	440	0.0068181818181818179
174	E	J	EPA	WNA	3	435	0.0068965517241379309
175	E	J	EPA	WNA	3	429	0.006993006993006993
176	E	J	EPA	WNA	1	437	0.0022883295194508009
177	E	J	EPA	WNA	1	434	0.002304147465437788
178	E	J	EPA	WNA	2	442	0.0045248868778280547
179	E	J	EPA	WNA	1	447	0.0022371364653243847
180	E	J	EPA	WNA	1	442	0.0022624434389140274
181	E	J	EPA	WNA	1	435	0.0022988505747126436
182	E	J	EPA	WNA	1	441	0.0022675736961451248
183	E	J	EPA	WNA	2	437	0.0045766590389016018
184	E	J	EPA	WNA	1	436	0.0022935779816513763
185	E	J	EPA	WNA	3	434	0.0069124423963133645
186	E	J	EPA	WNA	2	437	0.0045766590389016018
187	E	J	EPA	WNA	1	433	0.0023094688221709007
188	E	J	EPA	WNA	4	430	0.0093023255813953487
189	E	J	EPA	WNA	2	443	0.0045146726862302479
190	E	J	EPA	WNA	2	434	0.004608294930875576
191	E	J	EPA	WNA	1	429	0.002331002331002331
192	E	J	EPA	WNA	1	430	0.0023255813953488372
193	E	J	EPA	WNA	1	431	0.0023201856148491878
194	E	J	EPA	WNA	2	423	0.0047281323877068557
195	E	J	EPA	WNA	2	433	0.0046189376443418013
196	E	J	EPA	WNA	0	436	0
197	E	J	EPA	WNA	2	444	0.0045045045045045045
198	E	J	EPA	WNA	2	446	0.0044843049327354259
199	E	J	EPA	WNA	0	434	0
200	E	J	EPA	WNA	1	431	0.0023201856148491878
201	E	J	EPA	WNA	0	435	0
202	E	J	EPA	WNA	1	427	0.00234192037470726
203	E	J	EPA	WNA	0	433	0
204	E	J	EPA	WNA	2	437	0.0045766590389016018
205	E	J	EPA	WNA	2	431	0.0046403712296983757
206	E	J	EPA	WNA	2	435	0.0045977011494252873
207	E	J	EPA	WNA	2	442	0.0045248868778280547
208	E	J	EPA	WNA	2	434	0.004608294930875576
209	E	J	EPA	WNA	2	438	0.0045662100456621002
210	E	J	EPA	WNA	1	434	0.002304147465437788
211	E	J	EPA	WNA	1	440	0.0022727272727272726
212	E	J	EPA	WNA	2	447	0.0044742729306487695
213	E	J	EPA	WNA	2	436	0.0045871559633027525
214	E	J	EPA	WNA	2	428	0.0046728971962616819
215	E	J	EPA	WNA	4	448	0.0089285714285714281
216	E	J	EPA	WNA	1	442	0.0022624434389140274
217	E	J	EPA	WNA	1	433	0.0023094688221709007
218	E	J	EPA	WNA	2	431	0.0046403712296983757
219	E	J	EPA	WNA	3	434	0.0069124423963133645
220	E	J	EPA	WNA	0	445	0
221	E	J	EPA	WNA	1	422	0.0023696682464454978
222	E	J	EPA	WNA	0	425	0
223	E	J	EPA	WNA	0	431	0
224	E	J	EPA	WNA	1	432	0.0023148148148148147
225	E	J	EPA	WNA	2	431	0.0046403712296983757
226	E	J	EPA	WNA	0	430	0
227	E	J	EPA	WNA	2	441	0.0045351473922902496
228	E	J	EPA	WNA	1	444	0.0022522522522522522
229	E	J	EPA	WNA	3	446	0.0067264573991031393
230	E	J	EPA	WNA	1	439	0.0022779043280182231
231	E	J	EPA	WNA	3	435	0.0068965517241379309
232	E	J	EPA	WNA	1	434	0.002304147465437788
233	E	J	EPA	WNA	2	437	0.0045766590389016018
234	E	J	EPA	WNA	0	435	0
235	E	J	EPA	WNA	3	434	0.0069124423963133645
236	E	J	EPA	WNA	1	431	0.0023201856148491878
237	E	J	EPA	WNA	0	447	0
238	E	J	EPA	WNA	3	438	0.0068493150684931503
239	E	J	EPA	WNA	2	427	0.0046838407494145199
240	E	J	EPA	WNA	2	437	0.0045766590389016018
241	E	J	EPA	WNA	1	431	0.0023201856148491878
242	E	J	EPA	WNA	1	441	0.0022675736961451248
243	E	J	EPA	WNA	1	440	0.0022727272727272726
244	E	J	EPA	WNA	1	438	0.0022831050228310501
245	E	J	EPA	WNA	3	435	0.0068965517241379309
246	E	J	EPA	WNA	2	441	0.0045351473922902496
247	E	J	EPA	WNA	1	433	0.0023094688221709007
248	E	J	EPA	WNA	0	435	0
249	E	J	EPA	WNA	2	445	0.0044943820224719105
250	E	J	EPA	WNA	0	431	0
251	E	J	EPA	WNA	2	444	0.0045045045045045045
252	E	J	EPA	WNA	1	439	0.0022779043280182231
253	E	J	EPA	WNA	1	431	0.0023201856148491878
254	E	J	EPA	WNA	1	428	0.0023364485981308409
255	E	J	EPA	WNA	2	436	0.0045871559633027525
256	E	J	EPA	WNA	1	431	0.0023201856148491878
257	E	J	EPA	WNA	0	436	0
258	E	J	EPA	WNA	3	440	0.0068181818181818179
259	E	J	EPA	WNA	3	436	0.0068807339449541288
260	E	J	EPA	WNA	3	431	0.0069605568445475635
261	E	J	EPA	WNA	0	445	0
262	E	J	EPA	WNA	0	435	0
263	E	J	EPA	WNA	1	430	0.0023255813953488372
264	E	J	EPA	WNA	3	438	0.0068493150684931503
265	E	J	EPA	WNA	1	434	0.002304147465437788
266	E	J	EPA	WNA	1	429	0.002331002331002331
267	E	J	EPA	WNA	1	437	0.0022883295194508009
268	E	J	EPA	WNA	2	431	0.0046403712296983757
269	E	J	EPA	WNA	0	433	0
270	E	J	EPA	WNA	0	430	0
271	E	J	EPA	WNA	1	428	0.0023364485981308409
272	E	J	EPA	WNA	2	433	0.0046189376443418013
273	E	J	EPA	WNA	2	438	0.0045662100456621002
274	E	J	EPA	WNA	2	435	0.0045977011494252873
275	E	J	EPA	WNA	0	443	0
276	E	J	EPA	WNA	1	425	0.002352941176470588
277	E	J	EPA	WNA	2	433	0.0046189376443418013
278	E	J	EPA	WNA	2	439	0.0045558086560364463
279	E	J	EPA	WNA	1	434	0.002304147465437788
280	E	J	EPA	WNA	1	434	0.002304147465437788
281	E	J	EPA	WNA	0	446	0
282	E	J	EPA	WNA	3	440	0.0068181818181818179
283	E	J	EPA	WNA	1	430	0.0023255813953488372
284	E	J	EPA	WNA	0	437	0
285	E	J	EPA	WNA	2	430	0.0046511627906976744
286	E	J	EPA	WNA	0	425	0
287	E	J	EPA	WNA	1	430	0.0023255813953488372
288	E	J	EPA	WNA	3	444	0.0067567567567567571
289	E	J	EPA	WNA	1	435	0.0022988505747126436
290	E	J	EPA	WNA	2	426	0.0046948356807511738
291	E	J	EPA	WNA	2	434	0.004608294930875576
292	E	J	EPA	WNA	1	427	0.00234192037470726
293	E	J	EPA	WNA	0	437	0
294	E	J	EPA	WNA	2	437	0.0045766590389016018
295	E	J	EPA	WNA	2	436	0.0045871559633027525
296	E	J	EPA	WNA	2	432	0.0046296296296296294
297	E	J	EPA	WNA	2	441	0.0045351473922902496
298	E	J	EPA	WNA	1	437	0.0022883295194508009
299	E	J	EPA	WNA	2	431	0.0046403712296983757
300	E	J	EPA	WNA	0	435	0
1	F	J	IND	WNA	1	433	0.0023094688221709007
2	F	J	IND	WNA	0	440	0
3	F	J	IND	WNA	1	440	0.0022727272727272726
4	F	J	IND	WNA	0	434	0
5	F	J	IND	WNA	0	436	0
6	F	J	IND	WNA	0	437	0
7	F	J	IND	WNA	0	432	0
8	F	J	IND	WNA	1	442	0.0022624434389140274
9	F	J	IND	WNA	0	431	0
10	F	J	IND	WNA	0	433	0
11	F	J	IND	WNA	0	437	0
12	F	J	IND	WNA	0	436	0
13	F	J	IND	WNA	0	444	0
14	F	J	IND	WNA	0	442	0
15	F	J	IND	WNA	0	427	0
16	F	J	IND	WNA	0	444	0
17	F	J	IND	WNA	0	438	0
18	F	J	IND	WNA	0	440	0
19	F	J	IND	WNA	1	429	0.002331002331002331
20	F	J	IND	WNA	0	430	0
21	F	J	IND	WNA	0	429	0
22	F	J	IND	WNA	0	435	0
23	F	J	IND	WNA	0	430	0
24	F	J	IND	WNA	0	443	0
25	F	J	IND	WNA	0	434	0
26	F	J	IND	WNA	1	438	0.0022831050228310501
27	F	J	IND	WNA	0	436	0
28	F	J	IND	WNA	0	438	0
29	F	J	IND	WNA	0	436	0
30	F	J	IND	WNA	1	439	0.0022779043280182231
31	F	J	IND	WNA	0	438	0
32	F	J	IND	WNA	1	439	0.0022779043280182231
33	F	J	IND	WNA	1	436	0.0022935779816513763
34	F	J	IND	WNA	1	438	0.0022831050228310501
35	F	J	IND	WNA	0	438	0
36	F	J	IND	WNA	0	440	0
37	F	J	IND	WNA	0	442	0
38	F	J	IND	WNA	1	437	0.0022883295194508009
39	F	J	IND	WNA	0	434	0
40	F	J	IND	WNA	0	442	0
41	F	J	IND	WNA	0	444	0
42	F	J	IND	WNA	0	427	0
43	F	J	IND	WNA	0	434	0
44	F	J	IND	WNA	0	430	0
45	F	J	IND	WNA	1	431	0.0023201856148491878
46	F	J	IND	WNA	0	429	0
47	F	J	IND	WNA	1	444	0.0022522522522522522
48	F	J	IND	WNA	0	441	0
49	F	J	IND	WNA	1	431	0.0023201856148491878
50	F	J	IND	WNA	2	424	0.0047169811320754715
51	F	J	IND	WNA	0	428	0
52	F	J	IND	WNA	1	428	0.0023364485981308409
53	F	J	IND	WNA	1	444	0.0022522522522522522
54	F	J	IND	WNA	0	439	0
55	F	J	IND	WNA	0	435	0
56	F	J	IND	WNA	0	437	0
57	F	J	IND	WNA	0	433	0
58	F	J	IND	WNA	0	441	0
59	F	J	IND	WNA	1	424	0.0023584905660377358
60	F	J	IND	WNA	0	440	0
61	F	J	IND	WNA	0	436	0
62	F	J	IND	WNA	0	422	0
63	F	J	IND	WNA	0	433	0
64	F	J	IND	WNA	0	433	0
65	F	J	IND	WNA	0	432	0
66	F	J	IND	WNA	0	445	0
67	F	J	IND	WNA	0	430	0
68	F	J	IND	WNA	0	438	0
69	F	J	IND	WNA	0	438	0
70	F	J	IND	WNA	0	439	0
71	F	J	IND	WNA	0	432	0
72	F	J	IND	WNA	0	436	0
73	F	J	IND	WNA	0	435	0
74	F	J	IND	WNA	1	436	0.0022935779816513763
75	F	J	IND	WNA	0	452	0
76	F	J	IND	WNA	0	441	0
77	F	J	IND	WNA	0	441	0
78	F	J	IND	WNA	0	435	0
79	F	J	IND	WNA	0	425	0
80	F	J	IND	WNA	0	440	0
81	F	J	IND	WNA	0	436	0
82	F	J	IND	WNA	0	435	0
83	F	J	IND	WNA	0	426	0
84	F	J	IND	WNA	1	447	0.0022371364653243847
85	F	J	IND	WNA	0	434	0
86	F	J	IND	WNA	0	431	0
87	F	J	IND	WNA	1	432	0.0023148148148148147
88	F	J	IND	WNA	0	445	0
89	F	J	IND	WNA	1	432	0.0023148148148148147
90	F	J	IND	WNA	1	431	0.0023201856148491878
91	F	J	IND	WNA	1	436	0.0022935779816513763
92	F	J	IND	WNA	0	442	0
93	F	J	IND	WNA	1	426	0.0023474178403755869
94	F	J	IND	WNA	0	426	0
95	F	J	IND	WNA	0	431	0
96	F	J	IND	WNA	0	439	0
97	F	J	IND	WNA	0	436	0
98	F	J	IND	WNA	0	433	0
99	F	J	IND	WNA	0	434	0
100	F	J	IND	WNA	0	439	0
101	F	J	IND	WNA	0	435	0
102	F	J	IND	WNA	1	448	0.002232142857142857
103	F	J	IND	WNA	0	438	0
104	F	J	IND	WNA	1	431	0.0023201856148491878
105	F	J	IND	WNA	0	435	0
106	F	J	IND	WNA	0	435	0
107	F	J	IND	WNA	0	443	0
108	F	J	IND	WNA	0	426	0
109	F	J	IND	WNA	2	444	0.0045045045045045045
110	F	J	IND	WNA	0	427	0
111	F	J	IND	WNA	0	447	0
112	F	J	IND	WNA	0	436	0
113	F	J	IND	WNA	1	432	0.0023148148148148147
114	F	J	IND	WNA	0	442	0
115	F	J	IND	WNA	0	435	0
116	F	J	IND	WNA	1	445	0.0022471910112359553
117	F	J	IND	WNA	0	441	0
118	F	J	IND	WNA	1	436	0.0022935779816513763
119	F	J	IND	WNA	0	439	0
120	F	J	IND	WNA	0	451	0
121	F	J	IND	WNA	1	443	0.002257336343115124
122	F	J	IND	WNA	1	432	0.0023148148148148147
123	F	J	IND	WNA	0	442	0
124	F	J	IND	WNA	0	437	0
125	F	J	IND	WNA	0	433	0
126	F	J	IND	WNA	0	438	0
127	F	J	IND	WNA	0	436	0
128	F	J	IND	WNA	1	436	0.0022935779816513763
129	F	J	IND	WNA	1	435	0.0022988505747126436
130	F	J	IND	WNA	1	433	0.0023094688221709007
131	F	J	IND	WNA	1	446	0.002242152466367713
132	F	J	IND	WNA	0	442	0
133	F	J	IND	WNA	0	441	0
134	F	J	IND	WNA	0	444	0
135	F	J	IND	WNA	0	433	0
136	F	J	IND	WNA	0	432	0
137	F	J	IND	WNA	0	433	0
138	F	J	IND	WNA	0	438	0
139	F	J	IND	WNA	0	433	0
140	F	J	IND	WNA	1	433	0.0023094688221709007
141	F	J	IND	WNA	2	427	0.0046838407494145199
142	F	J	IND	WNA	0	425	0
143	F	J	IND	WNA	1	430	0.0023255813953488372
144	F	J	IND	WNA	1	434	0.002304147465437788
145	F	J	IND	WNA	0	446	0
146	F	J	IND	WNA	1	439	0.0022779043280182231
147	F	J	IND	WNA	1	433	0.0023094688221709007
148	F	J	IND	WNA	0	437	0
149	F	J	IND	WNA	0	425	0
150	F	J	IND	WNA	0	440	0
151	F	J	IND	WNA	0	445	0
152	F	J	IND	WNA	0	435	0
153	F	J	IND	WNA	1	438	0.0022831050228310501
154	F	J	IND	WNA	0	445	0
155	F	J	IND	WNA	1	432	0.0023148148148148147
156	F	J	IND	WNA	0	429	0
157	F	J	IND	WNA	0	432	0
158	F	J	IND	WNA	0	435	0
159	F	J	IND	WNA	0	441	0
160	F	J	IND	WNA	0	439	0
161	F	J	IND	WNA	0	438	0
162	F	J	IND	WNA	1	436	0.0022935779816513763
163	F	J	IND	WNA	0	434	0
164	F	J	IND	WNA	0	437	0
165	F	J	IND	WNA	0	428	0
166	F	J	IND	WNA	0	436	0
167	F	J	IND	WNA	0	433	0
168	F	J	IND	WNA	0	435	0
169	F	J	IND	WNA	1	434	0.002304147465437788
170	F	J	IND	WNA	0	432	0
171	F	J	IND	WNA	1	434	0.002304147465437788
172	F	J	IND	WNA	0	444	0
173	F	J	IND	WNA	0	440	0
174	F	J	IND	WNA	0	435	0
175	F	J	IND	WNA	0	429	0
176	F	J	IND	WNA	0	437	0
177	F	J	IND	WNA	0	434	0
178	F	J	IND	WNA	0	442	0
179	F	J	IND	WNA	0	447	0
180	F	J	IND	WNA	0	442	0
181	F	J	IND	WNA	1	435	0.0022988505747126436
182	F	J	IND	WNA	0	441	0
183	F	J	IND	WNA	0	437	0
184	F	J	IND	WNA	1	436	0.0022935779816513763
185	F	J	IND	WNA	0	434	0
186	F	J	IND	WNA	0	437	0
187	F	J	IND	WNA	0	433	0
188	F	J	IND	WNA	0	430	0
189	F	J	IND	WNA	0	443	0
190	F	J	IND	WNA	0	434	0
191	F	J	IND	WNA	0	429	0
192	F	J	IND	WNA	0	430	0
193	F	J	IND	WNA	1	431	0.0023201856148491878
194	F	J	IND	WNA	0	423	0
195	F	J	IND	WNA	0	433	0
196	F	J	IND	WNA	1	436	0.0022935779816513763
197	F	J	IND	WNA	0	444	0
198	F	J	IND	WNA	0	446	0
199	F	J	IND	WNA	0	434	0
200	F	J	IND	WNA	0	431	0
201	F	J	IND	WNA	0	435	0
202	F	J	IND	WNA	0	427	0
203	F	J	IND	WNA	1	433	0.0023094688221709007
204	F	J	IND	WNA	0	437	0
205	F	J	IND	WNA	0	431	0
206	F	J	IND	WNA	1	435	0.0022988505747126436
207	F	J	IND	WNA	1	442	0.0022624434389140274
208	F	J	IND	WNA	2	434	0.004608294930875576
209	F	J	IND	WNA	0	438	0
210	F	J	IND	WNA	0	434	0
211	F	J	IND	WNA	0	440	0
212	F	J	IND	WNA	0	447	0
213	F	J	IND	WNA	0	436	0
214	F	J	IND	WNA	0	428	0
215	F	J	IND	WNA	0	448	0
216	F	J	IND	WNA	0	442	0
217	F	J	IND	WNA	1	433	0.0023094688221709007
218	F	J	IND	WNA	0	431	0
219	F	J	IND	WNA	0	434	0
220	F	J	IND	WNA	1	445	0.0022471910112359553
221	F	J	IND	WNA	0	422	0
222	F	J	IND	WNA	0	425	0
223	F	J	IND	WNA	0	431	0
224	F	J	IND	WNA	0	432	0
225	F	J	IND	WNA	0	431	0
226	F	J	IND	WNA	0	430	0
227	F	J	IND	WNA	0	441	0
228	F	J	IND	WNA	0	444	0
229	F	J	IND	WNA	0	446	0
230	F	J	IND	WNA	0	439	0
231	F	J	IND	WNA	0	435	0
232	F	J	IND	WNA	0	434	0
233	F	J	IND	WNA	0	437	0
234	F	J	IND	WNA	0	435	0
235	F	J	IND	WNA	0	434	0
236	F	J	IND	WNA	0	431	0
237	F	J	IND	WNA	1	447	0.0022371364653243847
238	F	J	IND	WNA	0	438	0
239	F	J	IND	WNA	0	427	0
240	F	J	IND	WNA	0	437	0
241	F	J	IND	WNA	0	431	0
242	F	J	IND	WNA	0	441	0
243	F	J	IND	WNA	0	440	0
244	F	J	IND	WNA	0	438	0
245	F	J	IND	WNA	0	435	0
246	F	J	IND	WNA	0	441	0
247	F	J	IND	WNA	1	433	0.0023094688221709007
248	F	J	IND	WNA	2	435	0.0045977011494252873
249	F	J	IND	WNA	0	445	0
250	F	J	IND	WNA	1	431	0.0023201856148491878
251	F	J	IND	WNA	0	444	0
252	F	J	IND	WNA	0	439	0
253	F	J	IND	WNA	0	431	0
254	F	J	IND	WNA	0	428	0
255	F	J	IND	WNA	0	436	0
256	F	J	IND	WNA	0	431	0
257	F	J	IND	WNA	1	436	0.0022935779816513763
258	F	J	IND	WNA	0	440	0
259	F	J	IND	WNA	1	436	0.0022935779816513763
260	F	J	IND	WNA	0	431	0
261	F	J	IND	WNA	1	445	0.0022471910112359553
262	F	J	IND	WNA	0	435	0
263	F	J	IND	WNA	0	430	0
264	F	J	IND	WNA	0	438	0
265	F	J	IND	WNA	0	434	0
266	F	J	IND	WNA	0	429	0
267	F	J	IND	WNA	0	437	0
268	F	J	IND	WNA	1	431	0.0023201856148491878
269	F	J	IND	WNA	1	433	0.0023094688221709007
270	F	J	IND	WNA	1	430	0.0023255813953488372
271	F	J	IND	WNA	1	428	0.0023364485981308409
272	F	J	IND	WNA	0	433	0
273	F	J	IND	WNA	0	438	0
274	F	J	IND	WNA	0	435	0
275	F	J	IND	WNA	1	443	0.002257336343115124
276	F	J	IND	WNA	0	425	0
277	F	J	IND	WNA	0	433	0
278	F	J	IND	WNA	0	439	0
279	F	J	IND	WNA	0	434	0
280	F	J	IND	WNA	1	434	0.002304147465437788
281	F	J	IND	WNA	0	446	0
282	F	J	IND	WNA	0	440	0
283	F	J	IND	WNA	1	430	0.0023255813953488372
284	F	J	IND	WNA	1	437	0.0022883295194508009
285	F	J	IND	WNA	0	430	0
286	F	J	IND	WNA	2	425	0.0047058823529411761
287	F	J	IND	WNA	0	430	0
288	F	J	IND	WNA	1	444	0.0022522522522522522
289	F	J	IND	WNA	3	435	0.0068965517241379309
290	F	J	IND	WNA	0	426	0
291	F	J	IND	WNA	0	434	0
292	F	J	IND	WNA	0	427	0
293	F	J	IND	WNA	0	437	0
294	F	J	IND	WNA	0	437	0
295	F	J	IND	WNA	0	436	0
296	F	J	IND	WNA	0	432	0
297	F	J	IND	WNA	0	441	0
298	F	J	IND	WNA	0	437	0
299	F	J	IND	WNA	1	431	0.0023201856148491878
300	F	J	IND	WNA	1	435	0.0022988505747126436
1	G	J	MDG	WNA	0	433	0
2	G	J	MDG	WNA	0	440	0
3	G	J	MDG	WNA	0	440	0
4	G	J	MDG	WNA	0	434	0
5	G	J	MDG	WNA	0	436	0
6	G	J	MDG	WNA	0	437	0
7	G	J	MDG	WNA	0	432	0
8	G	J	MDG	WNA	0	442	0
9	G	J	MDG	WNA	0	431	0
10	G	J	MDG	WNA	0	433	0
11	G	J	MDG	WNA	0	437	0
12	G	J	MDG	WNA	0	436	0
13	G	J	MDG	WNA	0	444	0
14	G	J	MDG	WNA	0	442	0
15	G	J	MDG	WNA	0	427	0
16	G	J	MDG	WNA	0	444	0
17	G	J	MDG	WNA	0	438	0
18	G	J	MDG	WNA	0	440	0
19	G	J	MDG	WNA	0	429	0
20	G	J	MDG	WNA	0	430	0
21	G	J	MDG	WNA	0	429	0
22	G	J	MDG	WNA	0	435	0
23	G	J	MDG	WNA	0	430	0
24	G	J	MDG	WNA	0	443	0
25	G	J	MDG	WNA	0	434	0
26	G	J	MDG	WNA	0	438	0
27	G	J	MDG	WNA	0	436	0
28	G	J	MDG	WNA	0	438	0
29	G	J	MDG	WNA	0	436	0
30	G	J	MDG	WNA	0	439	0
31	G	J	MDG	WNA	0	438	0
32	G	J	MDG	WNA	0	439	0
33	G	J	MDG	WNA	0	436	0
34	G	J	MDG	WNA	0	438	0
35	G	J	MDG	WNA	0	438	0
36	G	J	MDG	WNA	0	440	0
37	G	J	MDG	WNA	0	442	0
38	G	J	MDG	WNA	0	437	0
39	G	J	MDG	WNA	0	434	0
40	G	J	MDG	WNA	0	442	0
41	G	J	MDG	WNA	0	444	0
42	G	J	MDG	WNA	0	427	0
43	G	J	MDG	WNA	0	434	0
44	G	J	MDG	WNA	0	430	0
45	G	J	MDG	WNA	0	431	0
46	G	J	MDG	WNA	0	429	0
47	G	J	MDG	WNA	0	444	0
48	G	J	MDG	WNA	0	441	0
49	G	J	MDG	WNA	0	431	0
50	G	J	MDG	WNA	0	424	0
51	G	J	MDG	WNA	0	428	0
52	G	J	MDG	WNA	0	428	0
53	G	J	MDG	WNA	0	444	0
54	G	J	MDG	WNA	0	439	0
55	G	J	MDG	WNA	0	435	0
56	G	J	MDG	WNA	0	437	0
57	G	J	MDG	WNA	0	433	0
58	G	J	MDG	WNA	0	441	0
59	G	J	MDG	WNA	0	424	0
60	G	J	MDG	WNA	0	440	0
61	G	J	MDG	WNA	0	436	0
62	G	J	MDG	WNA	0	422	0
63	G	J	MDG	WNA	0	433	0
64	G	J	MDG	WNA	0	433	0
65	G	J	MDG	WNA	0	432	0
66	G	J	MDG	WNA	0	445	0
67	G	J	MDG	WNA	0	430	0
68	G	J	MDG	WNA	0	438	0
69	G	J	MDG	WNA	0	438	0
70	G	J	MDG	WNA	0	439	0
71	G	J	MDG	WNA	0	432	0
72	G	J	MDG	WNA	0	436	0
73	G	J	MDG	WNA	0	435	0
74	G	J	MDG	WNA	0	436	0
75	G	J	MDG	WNA	0	452	0
76	G	J	MDG	WNA	0	441	0
77	G	J	MDG	WNA	0	441	0
78	G	J	MDG	WNA	0	435	0
79	G	J	MDG	WNA	0	425	0
80	G	J	MDG	WNA	0	440	0
81	G	J	MDG	WNA	0	436	0
82	G	J	MDG	WNA	0	435	0
83	G	J	MDG	WNA	0	426	0
84	G	J	MDG	WNA	0	447	0
85	G	J	MDG	WNA	0	434	0
86	G	J	MDG	WNA	0	431	0
87	G	J	MDG	WNA	0	432	0
88	G	J	MDG	WNA	0	445	0
89	G	J	MDG	WNA	0	432	0
90	G	J	MDG	WNA	0	431	0
91	G	J	MDG	WNA	0	436	0
92	G	J	MDG	WNA	0	442	0
93	G	J	MDG	WNA	0	426	0
94	G	J	MDG	WNA	0	426	0
95	G	J	MDG	WNA	0	431	0
96	G	J	MDG	WNA	0	439	0
97	G	J	MDG	WNA	0	436	0
98	G	J	MDG	WNA	0	433	0
99	G	J	MDG	WNA	0	434	0
100	G	J	MDG	WNA	0	439	0
101	G	J	MDG	WNA	0	435	0
102	G	J	MDG	WNA	0	448	0
103	G	J	MDG	WNA	0	438	0
104	G	J	MDG	WNA	0	431	0
105	G	J	MDG	WNA	0	435	0
106	G	J	MDG	WNA	0	435	0
107	G	J	MDG	WNA	0	443	0
108	G	J	MDG	WNA	0	426	0
109	G	J	MDG	WNA	0	444	0
110	G	J	MDG	WNA	0	427	0
111	G	J	MDG	WNA	0	447	0
112	G	J	MDG	WNA	0	436	0
113	G	J	MDG	WNA	0	432	0
114	G	J	MDG	WNA	0	442	0
115	G	J	MDG	WNA	0	435	0
116	G	J	MDG	WNA	0	445	0
117	G	J	MDG	WNA	0	441	0
118	G	J	MDG	WNA	0	436	0
119	G	J	MDG	WNA	0	439	0
120	G	J	MDG	WNA	0	451	0
121	G	J	MDG	WNA	0	443	0
122	G	J	MDG	WNA	0	432	0
123	G	J	MDG	WNA	0	442	0
124	G	J	MDG	WNA	0	437	0
125	G	J	MDG	WNA	0	433	0
126	G	J	MDG	WNA	0	438	0
127	G	J	MDG	WNA	0	436	0
128	G	J	MDG	WNA	0	436	0
129	G	J	MDG	WNA	0	435	0
130	G	J	MDG	WNA	0	433	0
131	G	J	MDG	WNA	0	446	0
132	G	J	MDG	WNA	0	442	0
133	G	J	MDG	WNA	0	441	0
134	G	J	MDG	WNA	0	444	0
135	G	J	MDG	WNA	0	433	0
136	G	J	MDG	WNA	0	432	0
137	G	J	MDG	WNA	0	433	0
138	G	J	MDG	WNA	0	438	0
139	G	J	MDG	WNA	0	433	0
140	G	J	MDG	WNA	0	433	0
141	G	J	MDG	WNA	0	427	0
142	G	J	MDG	WNA	0	425	0
143	G	J	MDG	WNA	0	430	0
144	G	J	MDG	WNA	0	434	0
145	G	J	MDG	WNA	0	446	0
146	G	J	MDG	WNA	0	439	0
147	G	J	MDG	WNA	0	433	0
148	G	J	MDG	WNA	0	437	0
149	G	J	MDG	WNA	0	425	0
150	G	J	MDG	WNA	0	440	0
151	G	J	MDG	WNA	0	445	0
152	G	J	MDG	WNA	0	435	0
153	G	J	MDG	WNA	0	438	0
154	G	J	MDG	WNA	0	445	0
155	G	J	MDG	WNA	0	432	0
156	G	J	MDG	WNA	0	429	0
157	G	J	MDG	WNA	0	432	0
158	G	J	MDG	WNA	0	435	0
159	G	J	MDG	WNA	0	441	0
160	G	J	MDG	WNA	0	439	0
161	G	J	MDG	WNA	0	438	0
162	G	J	MDG	WNA	0	436	0
163	G	J	MDG	WNA	0	434	0
164	G	J	MDG	WNA	0	437	0
165	G	J	MDG	WNA	0	428	0
166	G	J	MDG	WNA	0	436	0
167	G	J	MDG	WNA	0	433	0
168	G	J	MDG	WNA	0	435	0
169	G	J	MDG	WNA	0	434	0
170	G	J	MDG	WNA	0	432	0
171	G	J	MDG	WNA	0	434	0
172	G	J	MDG	WNA	0	444	0
173	G	J	MDG	WNA	0	440	0
174	G	J	MDG	WNA	0	435	0
175	G	J	MDG	WNA	0	429	0
176	G	J	MDG	WNA	0	437	0
177	G	J	MDG	WNA	0	434	0
178	G	J	MDG	WNA	0	442	0
179	G	J	MDG	WNA	0	447	0
180	G	J	MDG	WNA	0	442	0
181	G	J	MDG	WNA	0	435	0
182	G	J	MDG	WNA	0	441	0
183	G	J	MDG	WNA	0	437	0
184	G	J	MDG	WNA	0	436	0
185	G	J	MDG	WNA	0	434	0
186	G	J	MDG	WNA	0	437	0
187	G	J	MDG	WNA	0	433	0
188	G	J	MDG	WNA	0	430	0
189	G	J	MDG	WNA	0	443	0
190	G	J	MDG	WNA	0	434	0
191	G	J	MDG	WNA	0	429	0
192	G	J	MDG	WNA	0	430	0
193	G	J	MDG	WNA	0	431	0
194	G	J	MDG	WNA	0	423	0
195	G	J	MDG	WNA	0	433	0
196	G	J	MDG	WNA	0	436	0
197	G	J	MDG	WNA	0	444	0
198	G	J	MDG	WNA	0	446	0
199	G	J	MDG	WNA	0	434	0
200	G	J	MDG	WNA	0	431	0
201	G	J	MDG	WNA	0	435	0
202	G	J	MDG	WNA	0	427	0
203	G	J	MDG	WNA	0	433	0
204	G	J	MDG	WNA	0	437	0
205	G	J	MDG	WNA	0	431	0
206	G	J	MDG	WNA	0	435	0
207	G	J	MDG	WNA	0	442	0
208	G	J	MDG	WNA	0	434	0
209	G	J	MDG	WNA	0	438	0
210	G	J	MDG	WNA	0	434	0
211	G	J	MDG	WNA	0	440	0
212	G	J	MDG	WNA	0	447	0
213	G	J	MDG	WNA	0	436	0
214	G	J	MDG	WNA	0	428	0
215	G	J	MDG	WNA	0	448	0
216	G	J	MDG	WNA	0	442	0
217	G	J	MDG	WNA	0	433	0
218	G	J	MDG	WNA	0	431	0
219	G	J	MDG	WNA	0	434	0
220	G	J	MDG	WNA	0	445	0
221	G	J	MDG	WNA	0	422	0
222	G	J	MDG	WNA	0	425	0
223	G	J	MDG	WNA	0	431	0
224	G	J	MDG	WNA	0	432	0
225	G	J	MDG	WNA	0	431	0
226	G	J	MDG	WNA	0	430	0
227	G	J	MDG	WNA	0	441	0
228	G	J	MDG	WNA	0	444	0
229	G	J	MDG	WNA	0	446	0
230	G	J	MDG	WNA	0	439	0
231	G	J	MDG	WNA	0	435	0
232	G	J	MDG	WNA	0	434	0
233	G	J	MDG	WNA	0	437	0
234	G	J	MDG	WNA	0	435	0
235	G	J	MDG	WNA	0	434	0
236	G	J	MDG	WNA	0	431	0
237	G	J	MDG	WNA	0	447	0
238	G	J	MDG	WNA	0	438	0
239	G	J	MDG	WNA	0	427	0
240	G	J	MDG	WNA	0	437	0
241	G	J	MDG	WNA	0	431	0
242	G	J	MDG	WNA	0	441	0
243	G	J	MDG	WNA	0	440	0
244	G	J	MDG	WNA	0	438	0
245	G	J	MDG	WNA	0	435	0
246	G	J	MDG	WNA	0	441	0
247	G	J	MDG	WNA	0	433	0
248	G	J	MDG	WNA	0	435	0
249	G	J	MDG	WNA	0	445	0
250	G	J	MDG	WNA	0	431	0
251	G	J	MDG	WNA	0	444	0
252	G	J	MDG	WNA	0	439	0
253	G	J	MDG	WNA	0	431	0
254	G	J	MDG	WNA	0	428	0
255	G	J	MDG	WNA	0	436	0
256	G	J	MDG	WNA	0	431	0
257	G	J	MDG	WNA	0	436	0
258	G	J	MDG	WNA	0	440	0
259	G	J	MDG	WNA	0	436	0
260	G	J	MDG	WNA	0	431	0
261	G	J	MDG	WNA	0	445	0
262	G	J	MDG	WNA	0	435	0
263	G	J	MDG	WNA	0	430	0
264	G	J	MDG	WNA	0	438	0
265	G	J	MDG	WNA	0	434	0
266	G	J	MDG	WNA	0	429	0
267	G	J	MDG	WNA	0	437	0
268	G	J	MDG	WNA	0	431	0
269	G	J	MDG	WNA	0	433	0
270	G	J	MDG	WNA	0	430	0
271	G	J	MDG	WNA	0	428	0
272	G	J	MDG	WNA	0	433	0
273	G	J	MDG	WNA	0	438	0
274	G	J	MDG	WNA	0	435	0
275	G	J	MDG	WNA	0	443	0
276	G	J	MDG	WNA	0	425	0
277	G	J	MDG	WNA	0	433	0
278	G	J	MDG	WNA	0	439	0
279	G	J	MDG	WNA	0	434	0
280	G	J	MDG	WNA	0	434	0
281	G	J	MDG	WNA	0	446	0
282	G	J	MDG	WNA	0	440	0
283	G	J	MDG	WNA	0	430	0
284	G	J	MDG	WNA	0	437	0
285	G	J	MDG	WNA	0	430	0
286	G	J	MDG	WNA	0	425	0
287	G	J	MDG	WNA	0	430	0
288	G	J	MDG	WNA	0	444	0
289	G	J	MDG	WNA	0	435	0
290	G	J	MDG	WNA	0	426	0
291	G	J	MDG	WNA	0	434	0
292	G	J	MDG	WNA	0	427	0
293	G	J	MDG	WNA	0	437	0
294	G	J	MDG	WNA	0	437	0
295	G	J	MDG	WNA	0	436	0
296	G	J	MDG	WNA	0	432	0
297	G	J	MDG	WNA	0	441	0
298	G	J	MDG	WNA	0	437	0
299	G	J	MDG	WNA	0	431	0
300	G	J	MDG	WNA	0	435	0
1	H	J	ORI	WNA	0	433	0
2	H	J	ORI	WNA	0	440	0
3	H	J	ORI	WNA	1	440	0.0022727272727272726
4	H	J	ORI	WNA	1	434	0.002304147465437788
5	H	J	ORI	WNA	1	436	0.0022935779816513763
6	H	J	ORI	WNA	1	437	0.0022883295194508009
7	H	J	ORI	WNA	2	432	0.0046296296296296294
8	H	J	ORI	WNA	0	442	0
9	H	J	ORI	WNA	0	431	0
10	H	J	ORI	WNA	0	433	0
11	H	J	ORI	WNA	1	437	0.0022883295194508009
12	H	J	ORI	WNA	1	436	0.0022935779816513763
13	H	J	ORI	WNA	0	444	0
14	H	J	ORI	WNA	1	442	0.0022624434389140274
15	H	J	ORI	WNA	0	427	0
16	H	J	ORI	WNA	1	444	0.0022522522522522522
17	H	J	ORI	WNA	1	438	0.0022831050228310501
18	H	J	ORI	WNA	0	440	0
19	H	J	ORI	WNA	0	429	0
20	H	J	ORI	WNA	0	430	0
21	H	J	ORI	WNA	2	429	0.004662004662004662
22	H	J	ORI	WNA	2	435	0.0045977011494252873
23	H	J	ORI	WNA	1	430	0.0023255813953488372
24	H	J	ORI	WNA	0	443	0
25	H	J	ORI	WNA	1	434	0.002304147465437788
26	H	J	ORI	WNA	1	438	0.0022831050228310501
27	H	J	ORI	WNA	1	436	0.0022935779816513763
28	H	J	ORI	WNA	2	438	0.0045662100456621002
29	H	J	ORI	WNA	0	436	0
30	H	J	ORI	WNA	0	439	0
31	H	J	ORI	WNA	1	438	0.0022831050228310501
32	H	J	ORI	WNA	1	439	0.0022779043280182231
33	H	J	ORI	WNA	0	436	0
34	H	J	ORI	WNA	0	438	0
35	H	J	ORI	WNA	0	438	0
36	H	J	ORI	WNA	0	440	0
37	H	J	ORI	WNA	2	442	0.0045248868778280547
38	H	J	ORI	WNA	2	437	0.0045766590389016018
39	H	J	ORI	WNA	2	434	0.004608294930875576
40	H	J	ORI	WNA	0	442	0
41	H	J	ORI	WNA	0	444	0
42	H	J	ORI	WNA	0	427	0
43	H	J	ORI	WNA	1	434	0.002304147465437788
44	H	J	ORI	WNA	0	430	0
45	H	J	ORI	WNA	0	431	0
46	H	J	ORI	WNA	1	429	0.002331002331002331
47	H	J	ORI	WNA	1	444	0.0022522522522522522
48	H	J	ORI	WNA	2	441	0.0045351473922902496
49	H	J	ORI	WNA	1	431	0.0023201856148491878
50	H	J	ORI	WNA	0	424	0
51	H	J	ORI	WNA	1	428	0.0023364485981308409
52	H	J	ORI	WNA	0	428	0
53	H	J	ORI	WNA	0	444	0
54	H	J	ORI	WNA	1	439	0.0022779043280182231
55	H	J	ORI	WNA	1	435	0.0022988505747126436
56	H	J	ORI	WNA	0	437	0
57	H	J	ORI	WNA	1	433	0.0023094688221709007
58	H	J	ORI	WNA	0	441	0
59	H	J	ORI	WNA	1	424	0.0023584905660377358
60	H	J	ORI	WNA	1	440	0.0022727272727272726
61	H	J	ORI	WNA	0	436	0
62	H	J	ORI	WNA	0	422	0
63	H	J	ORI	WNA	0	433	0
64	H	J	ORI	WNA	1	433	0.0023094688221709007
65	H	J	ORI	WNA	0	432	0
66	H	J	ORI	WNA	1	445	0.0022471910112359553
67	H	J	ORI	WNA	0	430	0
68	H	J	ORI	WNA	2	438	0.0045662100456621002
69	H	J	ORI	WNA	1	438	0.0022831050228310501
70	H	J	ORI	WNA	1	439	0.0022779043280182231
71	H	J	ORI	WNA	1	432	0.0023148148148148147
72	H	J	ORI	WNA	0	436	0
73	H	J	ORI	WNA	1	435	0.0022988505747126436
74	H	J	ORI	WNA	2	436	0.0045871559633027525
75	H	J	ORI	WNA	0	452	0
76	H	J	ORI	WNA	0	441	0
77	H	J	ORI	WNA	2	441	0.0045351473922902496
78	H	J	ORI	WNA	2	435	0.0045977011494252873
79	H	J	ORI	WNA	1	425	0.002352941176470588
80	H	J	ORI	WNA	2	440	0.0045454545454545452
81	H	J	ORI	WNA	1	436	0.0022935779816513763
82	H	J	ORI	WNA	0	435	0
83	H	J	ORI	WNA	0	426	0
84	H	J	ORI	WNA	0	447	0
85	H	J	ORI	WNA	1	434	0.002304147465437788
86	H	J	ORI	WNA	2	431	0.0046403712296983757
87	H	J	ORI	WNA	0	432	0
88	H	J	ORI	WNA	2	445	0.0044943820224719105
89	H	J	ORI	WNA	1	432	0.0023148148148148147
90	H	J	ORI	WNA	1	431	0.0023201856148491878
91	H	J	ORI	WNA	2	436	0.0045871559633027525
92	H	J	ORI	WNA	0	442	0
93	H	J	ORI	WNA	1	426	0.0023474178403755869
94	H	J	ORI	WNA	1	426	0.0023474178403755869
95	H	J	ORI	WNA	0	431	0
96	H	J	ORI	WNA	1	439	0.0022779043280182231
97	H	J	ORI	WNA	0	436	0
98	H	J	ORI	WNA	1	433	0.0023094688221709007
99	H	J	ORI	WNA	0	434	0
100	H	J	ORI	WNA	0	439	0
101	H	J	ORI	WNA	1	435	0.0022988505747126436
102	H	J	ORI	WNA	0	448	0
103	H	J	ORI	WNA	0	438	0
104	H	J	ORI	WNA	1	431	0.0023201856148491878
105	H	J	ORI	WNA	2	435	0.0045977011494252873
106	H	J	ORI	WNA	1	435	0.0022988505747126436
107	H	J	ORI	WNA	1	443	0.002257336343115124
108	H	J	ORI	WNA	1	426	0.0023474178403755869
109	H	J	ORI	WNA	0	444	0
110	H	J	ORI	WNA	1	427	0.00234192037470726
111	H	J	ORI	WNA	1	447	0.0022371364653243847
112	H	J	ORI	WNA	3	436	0.0068807339449541288
113	H	J	ORI	WNA	0	432	0
114	H	J	ORI	WNA	2	442	0.0045248868778280547
115	H	J	ORI	WNA	1	435	0.0022988505747126436
116	H	J	ORI	WNA	0	445	0
117	H	J	ORI	WNA	1	441	0.0022675736961451248
118	H	J	ORI	WNA	1	436	0.0022935779816513763
119	H	J	ORI	WNA	0	439	0
120	H	J	ORI	WNA	2	451	0.004434589800443459
121	H	J	ORI	WNA	0	443	0
122	H	J	ORI	WNA	0	432	0
123	H	J	ORI	WNA	0	442	0
124	H	J	ORI	WNA	0	437	0
125	H	J	ORI	WNA	3	433	0.0069284064665127024
126	H	J	ORI	WNA	0	438	0
127	H	J	ORI	WNA	0	436	0
128	H	J	ORI	WNA	1	436	0.0022935779816513763
129	H	J	ORI	WNA	0	435	0
130	H	J	ORI	WNA	2	433	0.0046189376443418013
131	H	J	ORI	WNA	0	446	0
132	H	J	ORI	WNA	2	442	0.0045248868778280547
133	H	J	ORI	WNA	1	441	0.0022675736961451248
134	H	J	ORI	WNA	2	444	0.0045045045045045045
135	H	J	ORI	WNA	0	433	0
136	H	J	ORI	WNA	0	432	0
137	H	J	ORI	WNA	1	433	0.0023094688221709007
138	H	J	ORI	WNA	0	438	0
139	H	J	ORI	WNA	1	433	0.0023094688221709007
140	H	J	ORI	WNA	1	433	0.0023094688221709007
141	H	J	ORI	WNA	0	427	0
142	H	J	ORI	WNA	1	425	0.002352941176470588
143	H	J	ORI	WNA	0	430	0
144	H	J	ORI	WNA	2	434	0.004608294930875576
145	H	J	ORI	WNA	0	446	0
146	H	J	ORI	WNA	0	439	0
147	H	J	ORI	WNA	1	433	0.0023094688221709007
148	H	J	ORI	WNA	2	437	0.0045766590389016018
149	H	J	ORI	WNA	0	425	0
150	H	J	ORI	WNA	1	440	0.0022727272727272726
151	H	J	ORI	WNA	1	445	0.0022471910112359553
152	H	J	ORI	WNA	1	435	0.0022988505747126436
153	H	J	ORI	WNA	1	438	0.0022831050228310501
154	H	J	ORI	WNA	1	445	0.0022471910112359553
155	H	J	ORI	WNA	1	432	0.0023148148148148147
156	H	J	ORI	WNA	0	429	0
157	H	J	ORI	WNA	1	432	0.0023148148148148147
158	H	J	ORI	WNA	1	435	0.0022988505747126436
159	H	J	ORI	WNA	1	441	0.0022675736961451248
160	H	J	ORI	WNA	1	439	0.0022779043280182231
161	H	J	ORI	WNA	1	438	0.0022831050228310501
162	H	J	ORI	WNA	1	436	0.0022935779816513763
163	H	J	ORI	WNA	1	434	0.002304147465437788
164	H	J	ORI	WNA	0	437	0
165	H	J	ORI	WNA	2	428	0.0046728971962616819
166	H	J	ORI	WNA	0	436	0
167	H	J	ORI	WNA	1	433	0.0023094688221709007
168	H	J	ORI	WNA	1	435	0.0022988505747126436
169	H	J	ORI	WNA	0	434	0
170	H	J	ORI	WNA	2	432	0.0046296296296296294
171	H	J	ORI	WNA	0	434	0
172	H	J	ORI	WNA	1	444	0.0022522522522522522
173	H	J	ORI	WNA	0	440	0
174	H	J	ORI	WNA	0	435	0
175	H	J	ORI	WNA	0	429	0
176	H	J	ORI	WNA	1	437	0.0022883295194508009
177	H	J	ORI	WNA	1	434	0.002304147465437788
178	H	J	ORI	WNA	1	442	0.0022624434389140274
179	H	J	ORI	WNA	0	447	0
180	H	J	ORI	WNA	0	442	0
181	H	J	ORI	WNA	1	435	0.0022988505747126436
182	H	J	ORI	WNA	1	441	0.0022675736961451248
183	H	J	ORI	WNA	1	437	0.0022883295194508009
184	H	J	ORI	WNA	0	436	0
185	H	J	ORI	WNA	1	434	0.002304147465437788
186	H	J	ORI	WNA	0	437	0
187	H	J	ORI	WNA	0	433	0
188	H	J	ORI	WNA	0	430	0
189	H	J	ORI	WNA	0	443	0
190	H	J	ORI	WNA	1	434	0.002304147465437788
191	H	J	ORI	WNA	0	429	0
192	H	J	ORI	WNA	0	430	0
193	H	J	ORI	WNA	0	431	0
194	H	J	ORI	WNA	0	423	0
195	H	J	ORI	WNA	0	433	0
196	H	J	ORI	WNA	1	436	0.0022935779816513763
197	H	J	ORI	WNA	0	444	0
198	H	J	ORI	WNA	0	446	0
199	H	J	ORI	WNA	3	434	0.0069124423963133645
200	H	J	ORI	WNA	2	431	0.0046403712296983757
201	H	J	ORI	WNA	2	435	0.0045977011494252873
202	H	J	ORI	WNA	1	427	0.00234192037470726
203	H	J	ORI	WNA	1	433	0.0023094688221709007
204	H	J	ORI	WNA	0	437	0
205	H	J	ORI	WNA	0	431	0
206	H	J	ORI	WNA	0	435	0
207	H	J	ORI	WNA	0	442	0
208	H	J	ORI	WNA	0	434	0
209	H	J	ORI	WNA	2	438	0.0045662100456621002
210	H	J	ORI	WNA	0	434	0
211	H	J	ORI	WNA	0	440	0
212	H	J	ORI	WNA	0	447	0
213	H	J	ORI	WNA	1	436	0.0022935779816513763
214	H	J	ORI	WNA	1	428	0.0023364485981308409
215	H	J	ORI	WNA	0	448	0
216	H	J	ORI	WNA	2	442	0.0045248868778280547
217	H	J	ORI	WNA	0	433	0
218	H	J	ORI	WNA	0	431	0
219	H	J	ORI	WNA	1	434	0.002304147465437788
220	H	J	ORI	WNA	1	445	0.0022471910112359553
221	H	J	ORI	WNA	2	422	0.0047393364928909956
222	H	J	ORI	WNA	1	425	0.002352941176470588
223	H	J	ORI	WNA	1	431	0.0023201856148491878
224	H	J	ORI	WNA	2	432	0.0046296296296296294
225	H	J	ORI	WNA	0	431	0
226	H	J	ORI	WNA	2	430	0.0046511627906976744
227	H	J	ORI	WNA	1	441	0.0022675736961451248
228	H	J	ORI	WNA	1	444	0.0022522522522522522
229	H	J	ORI	WNA	1	446	0.002242152466367713
230	H	J	ORI	WNA	0	439	0
231	H	J	ORI	WNA	2	435	0.0045977011494252873
232	H	J	ORI	WNA	0	434	0
233	H	J	ORI	WNA	1	437	0.0022883295194508009
234	H	J	ORI	WNA	1	435	0.0022988505747126436
235	H	J	ORI	WNA	0	434	0
236	H	J	ORI	WNA	0	431	0
237	H	J	ORI	WNA	0	447	0
238	H	J	ORI	WNA	0	438	0
239	H	J	ORI	WNA	0	427	0
240	H	J	ORI	WNA	1	437	0.0022883295194508009
241	H	J	ORI	WNA	0	431	0
242	H	J	ORI	WNA	0	441	0
243	H	J	ORI	WNA	1	440	0.0022727272727272726
244	H	J	ORI	WNA	0	438	0
245	H	J	ORI	WNA	1	435	0.0022988505747126436
246	H	J	ORI	WNA	0	441	0
247	H	J	ORI	WNA	1	433	0.0023094688221709007
248	H	J	ORI	WNA	1	435	0.0022988505747126436
249	H	J	ORI	WNA	1	445	0.0022471910112359553
250	H	J	ORI	WNA	0	431	0
251	H	J	ORI	WNA	1	444	0.0022522522522522522
252	H	J	ORI	WNA	1	439	0.0022779043280182231
253	H	J	ORI	WNA	1	431	0.0023201856148491878
254	H	J	ORI	WNA	1	428	0.0023364485981308409
255	H	J	ORI	WNA	1	436	0.0022935779816513763
256	H	J	ORI	WNA	1	431	0.0023201856148491878
257	H	J	ORI	WNA	1	436	0.0022935779816513763
258	H	J	ORI	WNA	1	440	0.0022727272727272726
259	H	J	ORI	WNA	0	436	0
260	H	J	ORI	WNA	0	431	0
261	H	J	ORI	WNA	0	445	0
262	H	J	ORI	WNA	1	435	0.0022988505747126436
263	H	J	ORI	WNA	0	430	0
264	H	J	ORI	WNA	0	438	0
265	H	J	ORI	WNA	0	434	0
266	H	J	ORI	WNA	0	429	0
267	H	J	ORI	WNA	1	437	0.0022883295194508009
268	H	J	ORI	WNA	1	431	0.0023201856148491878
269	H	J	ORI	WNA	0	433	0
270	H	J	ORI	WNA	0	430	0
271	H	J	ORI	WNA	0	428	0
272	H	J	ORI	WNA	1	433	0.0023094688221709007
273	H	J	ORI	WNA	1	438	0.0022831050228310501
274	H	J	ORI	WNA	0	435	0
275	H	J	ORI	WNA	1	443	0.002257336343115124
276	H	J	ORI	WNA	1	425	0.002352941176470588
277	H	J	ORI	WNA	0	433	0
278	H	J	ORI	WNA	0	439	0
279	H	J	ORI	WNA	0	434	0
280	H	J	ORI	WNA	1	434	0.002304147465437788
281	H	J	ORI	WNA	1	446	0.002242152466367713
282	H	J	ORI	WNA	0	440	0
283	H	J	ORI	WNA	0	430	0
284	H	J	ORI	WNA	0	437	0
285	H	J	ORI	WNA	0	430	0
286	H	J	ORI	WNA	1	425	0.002352941176470588
287	H	J	ORI	WNA	0	430	0
288	H	J	ORI	WNA	0	444	0
289	H	J	ORI	WNA	0	435	0
290	H	J	ORI	WNA	0	426	0
291	H	J	ORI	WNA	1	434	0.002304147465437788
292	H	J	ORI	WNA	1	427	0.00234192037470726
293	H	J	ORI	WNA	2	437	0.0045766590389016018
294	H	J	ORI	WNA	0	437	0
295	H	J	ORI	WNA	1	436	0.0022935779816513763
296	H	J	ORI	WNA	0	432	0
297	H	J	ORI	WNA	0	441	0
298	H	J	ORI	WNA	1	437	0.0022883295194508009
299	H	J	ORI	WNA	1	431	0.0023201856148491878
300	H	J	ORI	WNA	1	435	0.0022988505747126436
1	I	J	SAM	WNA	1	433	0.0023094688221709007
2	I	J	SAM	WNA	0	440	0
3	I	J	SAM	WNA	0	440	0
4	I	J	SAM	WNA	1	434	0.002304147465437788
5	I	J	SAM	WNA	0	436	0
6	I	J	SAM	WNA	0	437	0
7	I	J	SAM	WNA	0	432	0
8	I	J	SAM	WNA	0	442	0
9	I	J	SAM	WNA	1	431	0.0023201856148491878
10	I	J	SAM	WNA	0	433	0
11	I	J	SAM	WNA	0	437	0
12	I	J	SAM	WNA	0	436	0
13	I	J	SAM	WNA	0	444	0
14	I	J	SAM	WNA	0	442	0
15	I	J	SAM	WNA	0	427	0
16	I	J	SAM	WNA	0	444	0
17	I	J	SAM	WNA	0	438	0
18	I	J	SAM	WNA	0	440	0
19	I	J	SAM	WNA	1	429	0.002331002331002331
20	I	J	SAM	WNA	0	430	0
21	I	J	SAM	WNA	0	429	0
22	I	J	SAM	WNA	0	435	0
23	I	J	SAM	WNA	0	430	0
24	I	J	SAM	WNA	0	443	0
25	I	J	SAM	WNA	0	434	0
26	I	J	SAM	WNA	0	438	0
27	I	J	SAM	WNA	0	436	0
28	I	J	SAM	WNA	0	438	0
29	I	J	SAM	WNA	0	436	0
30	I	J	SAM	WNA	0	439	0
31	I	J	SAM	WNA	0	438	0
32	I	J	SAM	WNA	0	439	0
33	I	J	SAM	WNA	0	436	0
34	I	J	SAM	WNA	0	438	0
35	I	J	SAM	WNA	0	438	0
36	I	J	SAM	WNA	0	440	0
37	I	J	SAM	WNA	0	442	0
38	I	J	SAM	WNA	0	437	0
39	I	J	SAM	WNA	0	434	0
40	I	J	SAM	WNA	0	442	0
41	I	J	SAM	WNA	0	444	0
42	I	J	SAM	WNA	0	427	0
43	I	J	SAM	WNA	0	434	0
44	I	J	SAM	WNA	0	430	0
45	I	J	SAM	WNA	0	431	0
46	I	J	SAM	WNA	0	429	0
47	I	J	SAM	WNA	0	444	0
48	I	J	SAM	WNA	0	441	0
49	I	J	SAM	WNA	0	431	0
50	I	J	SAM	WNA	1	424	0.0023584905660377358
51	I	J	SAM	WNA	0	428	0
52	I	J	SAM	WNA	0	428	0
53	I	J	SAM	WNA	0	444	0
54	I	J	SAM	WNA	0	439	0
55	I	J	SAM	WNA	1	435	0.0022988505747126436
56	I	J	SAM	WNA	0	437	0
57	I	J	SAM	WNA	1	433	0.0023094688221709007
58	I	J	SAM	WNA	0	441	0
59	I	J	SAM	WNA	0	424	0
60	I	J	SAM	WNA	0	440	0
61	I	J	SAM	WNA	0	436	0
62	I	J	SAM	WNA	0	422	0
63	I	J	SAM	WNA	0	433	0
64	I	J	SAM	WNA	1	433	0.0023094688221709007
65	I	J	SAM	WNA	0	432	0
66	I	J	SAM	WNA	0	445	0
67	I	J	SAM	WNA	1	430	0.0023255813953488372
68	I	J	SAM	WNA	0	438	0
69	I	J	SAM	WNA	0	438	0
70	I	J	SAM	WNA	0	439	0
71	I	J	SAM	WNA	0	432	0
72	I	J	SAM	WNA	0	436	0
73	I	J	SAM	WNA	1	435	0.0022988505747126436
74	I	J	SAM	WNA	0	436	0
75	I	J	SAM	WNA	0	452	0
76	I	J	SAM	WNA	0	441	0
77	I	J	SAM	WNA	0	441	0
78	I	J	SAM	WNA	0	435	0
79	I	J	SAM	WNA	0	425	0
80	I	J	SAM	WNA	0	440	0
81	I	J	SAM	WNA	1	436	0.0022935779816513763
82	I	J	SAM	WNA	0	435	0
83	I	J	SAM	WNA	0	426	0
84	I	J	SAM	WNA	0	447	0
85	I	J	SAM	WNA	0	434	0
86	I	J	SAM	WNA	0	431	0
87	I	J	SAM	WNA	0	432	0
88	I	J	SAM	WNA	0	445	0
89	I	J	SAM	WNA	0	432	0
90	I	J	SAM	WNA	0	431	0
91	I	J	SAM	WNA	0	436	0
92	I	J	SAM	WNA	0	442	0
93	I	J	SAM	WNA	0	426	0
94	I	J	SAM	WNA	0	426	0
95	I	J	SAM	WNA	0	431	0
96	I	J	SAM	WNA	0	439	0
97	I	J	SAM	WNA	0	436	0
98	I	J	SAM	WNA	0	433	0
99	I	J	SAM	WNA	0	434	0
100	I	J	SAM	WNA	0	439	0
101	I	J	SAM	WNA	0	435	0
102	I	J	SAM	WNA	1	448	0.002232142857142857
103	I	J	SAM	WNA	0	438	0
104	I	J	SAM	WNA	0	431	0
105	I	J	SAM	WNA	0	435	0
106	I	J	SAM	WNA	1	435	0.0022988505747126436
107	I	J	SAM	WNA	0	443	0
108	I	J	SAM	WNA	0	426	0
109	I	J	SAM	WNA	0	444	0
110	I	J	SAM	WNA	0	427	0
111	I	J	SAM	WNA	0	447	0
112	I	J	SAM	WNA	0	436	0
113	I	J	SAM	WNA	0	432	0
114	I	J	SAM	WNA	1	442	0.0022624434389140274
115	I	J	SAM	WNA	1	435	0.0022988505747126436
116	I	J	SAM	WNA	0	445	0
117	I	J	SAM	WNA	0	441	0
118	I	J	SAM	WNA	0	436	0
119	I	J	SAM	WNA	0	439	0
120	I	J	SAM	WNA	0	451	0
121	I	J	SAM	WNA	0	443	0
122	I	J	SAM	WNA	0	432	0
123	I	J	SAM	WNA	0	442	0
124	I	J	SAM	WNA	0	437	0
125	I	J	SAM	WNA	0	433	0
126	I	J	SAM	WNA	0	438	0
127	I	J	SAM	WNA	0	436	0
128	I	J	SAM	WNA	0	436	0
129	I	J	SAM	WNA	2	435	0.0045977011494252873
130	I	J	SAM	WNA	0	433	0
131	I	J	SAM	WNA	0	446	0
132	I	J	SAM	WNA	0	442	0
133	I	J	SAM	WNA	0	441	0
134	I	J	SAM	WNA	0	444	0
135	I	J	SAM	WNA	0	433	0
136	I	J	SAM	WNA	0	432	0
137	I	J	SAM	WNA	0	433	0
138	I	J	SAM	WNA	0	438	0
139	I	J	SAM	WNA	0	433	0
140	I	J	SAM	WNA	0	433	0
141	I	J	SAM	WNA	0	427	0
142	I	J	SAM	WNA	0	425	0
143	I	J	SAM	WNA	0	430	0
144	I	J	SAM	WNA	0	434	0
145	I	J	SAM	WNA	0	446	0
146	I	J	SAM	WNA	0	439	0
147	I	J	SAM	WNA	0	433	0
148	I	J	SAM	WNA	0	437	0
149	I	J	SAM	WNA	1	425	0.002352941176470588
150	I	J	SAM	WNA	0	440	0
151	I	J	SAM	WNA	0	445	0
152	I	J	SAM	WNA	1	435	0.0022988505747126436
153	I	J	SAM	WNA	0	438	0
154	I	J	SAM	WNA	1	445	0.0022471910112359553
155	I	J	SAM	WNA	0	432	0
156	I	J	SAM	WNA	0	429	0
157	I	J	SAM	WNA	1	432	0.0023148148148148147
158	I	J	SAM	WNA	0	435	0
159	I	J	SAM	WNA	0	441	0
160	I	J	SAM	WNA	1	439	0.0022779043280182231
161	I	J	SAM	WNA	1	438	0.0022831050228310501
162	I	J	SAM	WNA	0	436	0
163	I	J	SAM	WNA	1	434	0.002304147465437788
164	I	J	SAM	WNA	0	437	0
165	I	J	SAM	WNA	0	428	0
166	I	J	SAM	WNA	0	436	0
167	I	J	SAM	WNA	0	433	0
168	I	J	SAM	WNA	0	435	0
169	I	J	SAM	WNA	0	434	0
170	I	J	SAM	WNA	0	432	0
171	I	J	SAM	WNA	0	434	0
172	I	J	SAM	WNA	0	444	0
173	I	J	SAM	WNA	0	440	0
174	I	J	SAM	WNA	0	435	0
175	I	J	SAM	WNA	0	429	0
176	I	J	SAM	WNA	0	437	0
177	I	J	SAM	WNA	0	434	0
178	I	J	SAM	WNA	0	442	0
179	I	J	SAM	WNA	1	447	0.0022371364653243847
180	I	J	SAM	WNA	2	442	0.0045248868778280547
181	I	J	SAM	WNA	0	435	0
182	I	J	SAM	WNA	0	441	0
183	I	J	SAM	WNA	0	437	0
184	I	J	SAM	WNA	0	436	0
185	I	J	SAM	WNA	1	434	0.002304147465437788
186	I	J	SAM	WNA	0	437	0
187	I	J	SAM	WNA	0	433	0
188	I	J	SAM	WNA	0	430	0
189	I	J	SAM	WNA	0	443	0
190	I	J	SAM	WNA	0	434	0
191	I	J	SAM	WNA	0	429	0
192	I	J	SAM	WNA	1	430	0.0023255813953488372
193	I	J	SAM	WNA	0	431	0
194	I	J	SAM	WNA	1	423	0.0023640661938534278
195	I	J	SAM	WNA	1	433	0.0023094688221709007
196	I	J	SAM	WNA	0	436	0
197	I	J	SAM	WNA	0	444	0
198	I	J	SAM	WNA	1	446	0.002242152466367713
199	I	J	SAM	WNA	0	434	0
200	I	J	SAM	WNA	0	431	0
201	I	J	SAM	WNA	0	435	0
202	I	J	SAM	WNA	0	427	0
203	I	J	SAM	WNA	0	433	0
204	I	J	SAM	WNA	0	437	0
205	I	J	SAM	WNA	0	431	0
206	I	J	SAM	WNA	0	435	0
207	I	J	SAM	WNA	0	442	0
208	I	J	SAM	WNA	0	434	0
209	I	J	SAM	WNA	0	438	0
210	I	J	SAM	WNA	0	434	0
211	I	J	SAM	WNA	0	440	0
212	I	J	SAM	WNA	0	447	0
213	I	J	SAM	WNA	0	436	0
214	I	J	SAM	WNA	0	428	0
215	I	J	SAM	WNA	0	448	0
216	I	J	SAM	WNA	0	442	0
217	I	J	SAM	WNA	0	433	0
218	I	J	SAM	WNA	0	431	0
219	I	J	SAM	WNA	0	434	0
220	I	J	SAM	WNA	0	445	0
221	I	J	SAM	WNA	0	422	0
222	I	J	SAM	WNA	1	425	0.002352941176470588
223	I	J	SAM	WNA	0	431	0
224	I	J	SAM	WNA	0	432	0
225	I	J	SAM	WNA	0	431	0
226	I	J	SAM	WNA	1	430	0.0023255813953488372
227	I	J	SAM	WNA	0	441	0
228	I	J	SAM	WNA	0	444	0
229	I	J	SAM	WNA	0	446	0
230	I	J	SAM	WNA	0	439	0
231	I	J	SAM	WNA	0	435	0
232	I	J	SAM	WNA	0	434	0
233	I	J	SAM	WNA	0	437	0
234	I	J	SAM	WNA	0	435	0
235	I	J	SAM	WNA	0	434	0
236	I	J	SAM	WNA	0	431	0
237	I	J	SAM	WNA	0	447	0
238	I	J	SAM	WNA	0	438	0
239	I	J	SAM	WNA	0	427	0
240	I	J	SAM	WNA	1	437	0.0022883295194508009
241	I	J	SAM	WNA	0	431	0
242	I	J	SAM	WNA	0	441	0
243	I	J	SAM	WNA	1	440	0.0022727272727272726
244	I	J	SAM	WNA	0	438	0
245	I	J	SAM	WNA	1	435	0.0022988505747126436
246	I	J	SAM	WNA	0	441	0
247	I	J	SAM	WNA	0	433	0
248	I	J	SAM	WNA	1	435	0.0022988505747126436
249	I	J	SAM	WNA	0	445	0
250	I	J	SAM	WNA	0	431	0
251	I	J	SAM	WNA	0	444	0
252	I	J	SAM	WNA	0	439	0
253	I	J	SAM	WNA	0	431	0
254	I	J	SAM	WNA	0	428	0
255	I	J	SAM	WNA	0	436	0
256	I	J	SAM	WNA	0	431	0
257	I	J	SAM	WNA	1	436	0.0022935779816513763
258	I	J	SAM	WNA	1	440	0.0022727272727272726
259	I	J	SAM	WNA	1	436	0.0022935779816513763
260	I	J	SAM	WNA	0	431	0
261	I	J	SAM	WNA	1	445	0.0022471910112359553
262	I	J	SAM	WNA	0	435	0
263	I	J	SAM	WNA	0	430	0
264	I	J	SAM	WNA	0	438	0
265	I	J	SAM	WNA	1	434	0.002304147465437788
266	I	J	SAM	WNA	0	429	0
267	I	J	SAM	WNA	1	437	0.0022883295194508009
268	I	J	SAM	WNA	0	431	0
269	I	J	SAM	WNA	0	433	0
270	I	J	SAM	WNA	1	430	0.0023255813953488372
271	I	J	SAM	WNA	0	428	0
272	I	J	SAM	WNA	0	433	0
273	I	J	SAM	WNA	0	438	0
274	I	J	SAM	WNA	0	435	0
275	I	J	SAM	WNA	0	443	0
276	I	J	SAM	WNA	0	425	0
277	I	J	SAM	WNA	1	433	0.0023094688221709007
278	I	J	SAM	WNA	0	439	0
279	I	J	SAM	WNA	1	434	0.002304147465437788
280	I	J	SAM	WNA	0	434	0
281	I	J	SAM	WNA	0	446	0
282	I	J	SAM	WNA	0	440	0
283	I	J	SAM	WNA	0	430	0
284	I	J	SAM	WNA	0	437	0
285	I	J	SAM	WNA	0	430	0
286	I	J	SAM	WNA	0	425	0
287	I	J	SAM	WNA	0	430	0
288	I	J	SAM	WNA	0	444	0
289	I	J	SAM	WNA	0	435	0
290	I	J	SAM	WNA	0	426	0
291	I	J	SAM	WNA	0	434	0
292	I	J	SAM	WNA	0	427	0
293	I	J	SAM	WNA	1	437	0.0022883295194508009
294	I	J	SAM	WNA	1	437	0.0022883295194508009
295	I	J	SAM	WNA	0	436	0
296	I	J	SAM	WNA	0	432	0
297	I	J	SAM	WNA	0	441	0
298	I	J	SAM	WNA	1	437	0.0022883295194508009
299	I	J	SAM	WNA	0	431	0
300	I	J	SAM	WNA	0	435	0
1	K	J	WPA	WNA	0	433	0
2	K	J	WPA	WNA	0	440	0
3	K	J	WPA	WNA	0	440	0
4	K	J	WPA	WNA	0	434	0
5	K	J	WPA	WNA	0	436	0
6	K	J	WPA	WNA	0	437	0
7	K	J	WPA	WNA	0	432	0
8	K	J	WPA	WNA	0	442	0
9	K	J	WPA	WNA	0	431	0
10	K	J	WPA	WNA	0	433	0
11	K	J	WPA	WNA	0	437	0
12	K	J	WPA	WNA	0	436	0
13	K	J	WPA	WNA	0	444	0
14	K	J	WPA	WNA	0	442	0
15	K	J	WPA	WNA	0	427	0
16	K	J	WPA	WNA	0	444	0
17	K	J	WPA	WNA	0	438	0
18	K	J	WPA	WNA	0	440	0
19	K	J	WPA	WNA	0	429	0
20	K	J	WPA	WNA	0	430	0
21	K	J	WPA	WNA	0	429	0
22	K	J	WPA	WNA	0	435	0
23	K	J	WPA	WNA	0	430	0
24	K	J	WPA	WNA	0	443	0
25	K	J	WPA	WNA	0	434	0
26	K	J	WPA	WNA	0	438	0
27	K	J	WPA	WNA	0	436	0
28	K	J	WPA	WNA	0	438	0
29	K	J	WPA	WNA	0	436	0
30	K	J	WPA	WNA	0	439	0
31	K	J	WPA	WNA	0	438	0
32	K	J	WPA	WNA	0	439	0
33	K	J	WPA	WNA	0	436	0
34	K	J	WPA	WNA	0	438	0
35	K	J	WPA	WNA	0	438	0
36	K	J	WPA	WNA	0	440	0
37	K	J	WPA	WNA	0	442	0
38	K	J	WPA	WNA	0	437	0
39	K	J	WPA	WNA	0	434	0
40	K	J	WPA	WNA	0	442	0
41	K	J	WPA	WNA	0	444	0
42	K	J	WPA	WNA	0	427	0
43	K	J	WPA	WNA	0	434	0
44	K	J	WPA	WNA	0	430	0
45	K	J	WPA	WNA	0	431	0
46	K	J	WPA	WNA	0	429	0
47	K	J	WPA	WNA	0	444	0
48	K	J	WPA	WNA	0	441	0
49	K	J	WPA	WNA	0	431	0
50	K	J	WPA	WNA	0	424	0
51	K	J	WPA	WNA	0	428	0
52	K	J	WPA	WNA	0	428	0
53	K	J	WPA	WNA	0	444	0
54	K	J	WPA	WNA	0	439	0
55	K	J	WPA	WNA	0	435	0
56	K	J	WPA	WNA	0	437	0
57	K	J	WPA	WNA	0	433	0
58	K	J	WPA	WNA	0	441	0
59	K	J	WPA	WNA	0	424	0
60	K	J	WPA	WNA	0	440	0
61	K	J	WPA	WNA	0	436	0
62	K	J	WPA	WNA	0	422	0
63	K	J	WPA	WNA	0	433	0
64	K	J	WPA	WNA	0	433	0
65	K	J	WPA	WNA	0	432	0
66	K	J	WPA	WNA	0	445	0
67	K	J	WPA	WNA	0	430	0
68	K	J	WPA	WNA	0	438	0
69	K	J	WPA	WNA	0	438	0
70	K	J	WPA	WNA	0	439	0
71	K	J	WPA	WNA	0	432	0
72	K	J	WPA	WNA	0	436	0
73	K	J	WPA	WNA	0	435	0
74	K	J	WPA	WNA	0	436	0
75	K	J	WPA	WNA	0	452	0
76	K	J	WPA	WNA	0	441	0
77	K	J	WPA	WNA	0	441	0
78	K	J	WPA	WNA	0	435	0
79	K	J	WPA	WNA	0	425	0
80	K	J	WPA	WNA	0	440	0
81	K	J	WPA	WNA	0	436	0
82	K	J	WPA	WNA	0	435	0
83	K	J	WPA	WNA	0	426	0
84	K	J	WPA	WNA	0	447	0
85	K	J	WPA	WNA	0	434	0
86	K	J	WPA	WNA	0	431	0
87	K	J	WPA	WNA	0	432	0
88	K	J	WPA	WNA	0	445	0
89	K	J	WPA	WNA	0	432	0
90	K	J	WPA	WNA	0	431	0
91	K	J	WPA	WNA	0	436	0
92	K	J	WPA	WNA	0	442	0
93	K	J	WPA	WNA	0	426	0
94	K	J	WPA	WNA	0	426	0
95	K	J	WPA	WNA	0	431	0
96	K	J	WPA	WNA	0	439	0
97	K	J	WPA	WNA	0	436	0
98	K	J	WPA	WNA	0	433	0
99	K	J	WPA	WNA	0	434	0
100	K	J	WPA	WNA	0	439	0
101	K	J	WPA	WNA	0	435	0
102	K	J	WPA	WNA	0	448	0
103	K	J	WPA	WNA	0	438	0
104	K	J	WPA	WNA	0	431	0
105	K	J	WPA	WNA	0	435	0
106	K	J	WPA	WNA	0	435	0
107	K	J	WPA	WNA	0	443	0
108	K	J	WPA	WNA	0	426	0
109	K	J	WPA	WNA	0	444	0
110	K	J	WPA	WNA	0	427	0
111	K	J	WPA	WNA	0	447	0
112	K	J	WPA	WNA	0	436	0
113	K	J	WPA	WNA	0	432	0
114	K	J	WPA	WNA	0	442	0
115	K	J	WPA	WNA	0	435	0
116	K	J	WPA	WNA	0	445	0
117	K	J	WPA	WNA	0	441	0
118	K	J	WPA	WNA	0	436	0
119	K	J	WPA	WNA	0	439	0
120	K	J	WPA	WNA	0	451	0
121	K	J	WPA	WNA	0	443	0
122	K	J	WPA	WNA	0	432	0
123	K	J	WPA	WNA	0	442	0
124	K	J	WPA	WNA	0	437	0
125	K	J	WPA	WNA	0	433	0
126	K	J	WPA	WNA	0	438	0
127	K	J	WPA	WNA	0	436	0
128	K	J	WPA	WNA	1	436	0.0022935779816513763
129	K	J	WPA	WNA	0	435	0
130	K	J	WPA	WNA	0	433	0
131	K	J	WPA	WNA	0	446	0
132	K	J	WPA	WNA	0	442	0
133	K	J	WPA	WNA	0	441	0
134	K	J	WPA	WNA	0	444	0
135	K	J	WPA	WNA	0	433	0
136	K	J	WPA	WNA	0	432	0
137	K	J	WPA	WNA	0	433	0
138	K	J	WPA	WNA	0	438	0
139	K	J	WPA	WNA	0	433	0
140	K	J	WPA	WNA	0	433	0
141	K	J	WPA	WNA	0	427	0
142	K	J	WPA	WNA	0	425	0
143	K	J	WPA	WNA	0	430	0
144	K	J	WPA	WNA	0	434	0
145	K	J	WPA	WNA	0	446	0
146	K	J	WPA	WNA	0	439	0
147	K	J	WPA	WNA	0	433	0
148	K	J	WPA	WNA	0	437	0
149	K	J	WPA	WNA	0	425	0
150	K	J	WPA	WNA	0	440	0
151	K	J	WPA	WNA	0	445	0
152	K	J	WPA	WNA	0	435	0
153	K	J	WPA	WNA	0	438	0
154	K	J	WPA	WNA	0	445	0
155	K	J	WPA	WNA	0	432	0
156	K	J	WPA	WNA	0	429	0
157	K	J	WPA	WNA	0	432	0
158	K	J	WPA	WNA	0	435	0
159	K	J	WPA	WNA	0	441	0
160	K	J	WPA	WNA	0	439	0
161	K	J	WPA	WNA	0	438	0
162	K	J	WPA	WNA	0	436	0
163	K	J	WPA	WNA	0	434	0
164	K	J	WPA	WNA	0	437	0
165	K	J	WPA	WNA	0	428	0
166	K	J	WPA	WNA	0	436	0
167	K	J	WPA	WNA	0	433	0
168	K	J	WPA	WNA	0	435	0
169	K	J	WPA	WNA	0	434	0
170	K	J	WPA	WNA	0	432	0
171	K	J	WPA	WNA	0	434	0
172	K	J	WPA	WNA	0	444	0
173	K	J	WPA	WNA	0	440	0
174	K	J	WPA	WNA	0	435	0
175	K	J	WPA	WNA	0	429	0
176	K	J	WPA	WNA	0	437	0
177	K	J	WPA	WNA	0	434	0
178	K	J	WPA	WNA	0	442	0
179	K	J	WPA	WNA	0	447	0
180	K	J	WPA	WNA	0	442	0
181	K	J	WPA	WNA	0	435	0
182	K	J	WPA	WNA	0	441	0
183	K	J	WPA	WNA	0	437	0
184	K	J	WPA	WNA	0	436	0
185	K	J	WPA	WNA	0	434	0
186	K	J	WPA	WNA	0	437	0
187	K	J	WPA	WNA	0	433	0
188	K	J	WPA	WNA	0	430	0
189	K	J	WPA	WNA	0	443	0
190	K	J	WPA	WNA	0	434	0
191	K	J	WPA	WNA	0	429	0
192	K	J	WPA	WNA	0	430	0
193	K	J	WPA	WNA	0	431	0
194	K	J	WPA	WNA	0	423	0
195	K	J	WPA	WNA	0	433	0
196	K	J	WPA	WNA	0	436	0
197	K	J	WPA	WNA	0	444	0
198	K	J	WPA	WNA	0	446	0
199	K	J	WPA	WNA	0	434	0
200	K	J	WPA	WNA	0	431	0
201	K	J	WPA	WNA	0	435	0
202	K	J	WPA	WNA	0	427	0
203	K	J	WPA	WNA	0	433	0
204	K	J	WPA	WNA	0	437	0
205	K	J	WPA	WNA	0	431	0
206	K	J	WPA	WNA	0	435	0
207	K	J	WPA	WNA	0	442	0
208	K	J	WPA	WNA	0	434	0
209	K	J	WPA	WNA	0	438	0
210	K	J	WPA	WNA	0	434	0
211	K	J	WPA	WNA	0	440	0
212	K	J	WPA	WNA	0	447	0
213	K	J	WPA	WNA	0	436	0
214	K	J	WPA	WNA	0	428	0
215	K	J	WPA	WNA	0	448	0
216	K	J	WPA	WNA	0	442	0
217	K	J	WPA	WNA	0	433	0
218	K	J	WPA	WNA	0	431	0
219	K	J	WPA	WNA	0	434	0
220	K	J	WPA	WNA	0	445	0
221	K	J	WPA	WNA	0	422	0
222	K	J	WPA	WNA	0	425	0
223	K	J	WPA	WNA	0	431	0
224	K	J	WPA	WNA	0	432	0
225	K	J	WPA	WNA	0	431	0
226	K	J	WPA	WNA	0	430	0
227	K	J	WPA	WNA	0	441	0
228	K	J	WPA	WNA	0	444	0
229	K	J	WPA	WNA	0	446	0
230	K	J	WPA	WNA	0	439	0
231	K	J	WPA	WNA	0	435	0
232	K	J	WPA	WNA	0	434	0
233	K	J	WPA	WNA	0	437	0
234	K	J	WPA	WNA	0	435	0
235	K	J	WPA	WNA	0	434	0
236	K	J	WPA	WNA	0	431	0
237	K	J	WPA	WNA	0	447	0
238	K	J	WPA	WNA	0	438	0
239	K	J	WPA	WNA	0	427	0
240	K	J	WPA	WNA	0	437	0
241	K	J	WPA	WNA	0	431	0
242	K	J	WPA	WNA	0	441	0
243	K	J	WPA	WNA	1	440	0.0022727272727272726
244	K	J	WPA	WNA	0	438	0
245	K	J	WPA	WNA	0	435	0
246	K	J	WPA	WNA	0	441	0
247	K	J	WPA	WNA	0	433	0
248	K	J	WPA	WNA	0	435	0
249	K	J	WPA	WNA	0	445	0
250	K	J	WPA	WNA	0	431	0
251	K	J	WPA	WNA	0	444	0
252	K	J	WPA	WNA	0	439	0
253	K	J	WPA	WNA	0	431	0
254	K	J	WPA	WNA	0	428	0
255	K	J	WPA	WNA	0	436	0
256	K	J	WPA	WNA	0	431	0
257	K	J	WPA	WNA	0	436	0
258	K	J	WPA	WNA	0	440	0
259	K	J	WPA	WNA	0	436	0
260	K	J	WPA	WNA	0	431	0
261	K	J	WPA	WNA	0	445	0
262	K	J	WPA	WNA	0	435	0
263	K	J	WPA	WNA	0	430	0
264	K	J	WPA	WNA	0	438	0
265	K	J	WPA	WNA	0	434	0
266	K	J	WPA	WNA	0	429	0
267	K	J	WPA	WNA	0	437	0
268	K	J	WPA	WNA	0	431	0
269	K	J	WPA	WNA	0	433	0
270	K	J	WPA	WNA	0	430	0
271	K	J	WPA	WNA	0	428	0
272	K	J	WPA	WNA	0	433	0
273	K	J	WPA	WNA	0	438	0
274	K	J	WPA	WNA	0	435	0
275	K	J	WPA	WNA	0	443	0
276	K	J	WPA	WNA	0	425	0
277	K	J	WPA	WNA	0	433	0
278	K	J	WPA	WNA	0	439	0
279	K	J	WPA	WNA	0	434	0
280	K	J	WPA	WNA	0	434	0
281	K	J	WPA	WNA	0	446	0
282	K	J	WPA	WNA	0	440	0
283	K	J	WPA	WNA	0	430	0
284	K	J	WPA	WNA	0	437	0
285	K	J	WPA	WNA	0	430	0
286	K	J	WPA	WNA	0	425	0
287	K	J	WPA	WNA	0	430	0
288	K	J	WPA	WNA	0	444	0
289	K	J	WPA	WNA	0	435	0
290	K	J	WPA	WNA	0	426	0
291	K	J	WPA	WNA	0	434	0
292	K	J	WPA	WNA	0	427	0
293	K	J	WPA	WNA	0	437	0
294	K	J	WPA	WNA	0	437	0
295	K	J	WPA	WNA	0	436	0
296	K	J	WPA	WNA	0	432	0
297	K	J	WPA	WNA	0	441	0
298	K	J	WPA	WNA	0	437	0
299	K	J	WPA	WNA	0	431	0
300	K	J	WPA	WNA	0	435	0
1	A	K	AF	WPA	1	433	0.0023094688221709007
2	A	K	AF	WPA	1	440	0.0022727272727272726
3	A	K	AF	WPA	3	440	0.0068181818181818179
4	A	K	AF	WPA	1	434	0.002304147465437788
5	A	K	AF	WPA	0	436	0
6	A	K	AF	WPA	2	437	0.0045766590389016018
7	A	K	AF	WPA	2	432	0.0046296296296296294
8	A	K	AF	WPA	2	442	0.0045248868778280547
9	A	K	AF	WPA	4	431	0.0092807424593967514
10	A	K	AF	WPA	1	433	0.0023094688221709007
11	A	K	AF	WPA	2	437	0.0045766590389016018
12	A	K	AF	WPA	4	436	0.0091743119266055051
13	A	K	AF	WPA	3	444	0.0067567567567567571
14	A	K	AF	WPA	2	442	0.0045248868778280547
15	A	K	AF	WPA	1	427	0.00234192037470726
16	A	K	AF	WPA	1	444	0.0022522522522522522
17	A	K	AF	WPA	2	438	0.0045662100456621002
18	A	K	AF	WPA	1	440	0.0022727272727272726
19	A	K	AF	WPA	2	429	0.004662004662004662
20	A	K	AF	WPA	3	430	0.0069767441860465115
21	A	K	AF	WPA	1	429	0.002331002331002331
22	A	K	AF	WPA	6	435	0.013793103448275862
23	A	K	AF	WPA	2	430	0.0046511627906976744
24	A	K	AF	WPA	3	443	0.0067720090293453723
25	A	K	AF	WPA	0	434	0
26	A	K	AF	WPA	3	438	0.0068493150684931503
27	A	K	AF	WPA	3	436	0.0068807339449541288
28	A	K	AF	WPA	2	438	0.0045662100456621002
29	A	K	AF	WPA	3	436	0.0068807339449541288
30	A	K	AF	WPA	1	439	0.0022779043280182231
31	A	K	AF	WPA	4	438	0.0091324200913242004
32	A	K	AF	WPA	3	439	0.0068337129840546698
33	A	K	AF	WPA	2	436	0.0045871559633027525
34	A	K	AF	WPA	5	438	0.011415525114155251
35	A	K	AF	WPA	2	438	0.0045662100456621002
36	A	K	AF	WPA	3	440	0.0068181818181818179
37	A	K	AF	WPA	3	442	0.0067873303167420816
38	A	K	AF	WPA	4	437	0.0091533180778032037
39	A	K	AF	WPA	2	434	0.004608294930875576
40	A	K	AF	WPA	1	442	0.0022624434389140274
41	A	K	AF	WPA	1	444	0.0022522522522522522
42	A	K	AF	WPA	3	427	0.0070257611241217799
43	A	K	AF	WPA	0	434	0
44	A	K	AF	WPA	2	430	0.0046511627906976744
45	A	K	AF	WPA	3	431	0.0069605568445475635
46	A	K	AF	WPA	2	429	0.004662004662004662
47	A	K	AF	WPA	1	444	0.0022522522522522522
48	A	K	AF	WPA	4	441	0.0090702947845804991
49	A	K	AF	WPA	0	431	0
50	A	K	AF	WPA	4	424	0.009433962264150943
51	A	K	AF	WPA	2	428	0.0046728971962616819
52	A	K	AF	WPA	1	428	0.0023364485981308409
53	A	K	AF	WPA	2	444	0.0045045045045045045
54	A	K	AF	WPA	1	439	0.0022779043280182231
55	A	K	AF	WPA	1	435	0.0022988505747126436
56	A	K	AF	WPA	3	437	0.0068649885583524023
57	A	K	AF	WPA	5	433	0.011547344110854504
58	A	K	AF	WPA	5	441	0.011337868480725623
59	A	K	AF	WPA	1	424	0.0023584905660377358
60	A	K	AF	WPA	2	440	0.0045454545454545452
61	A	K	AF	WPA	2	436	0.0045871559633027525
62	A	K	AF	WPA	3	422	0.0071090047393364926
63	A	K	AF	WPA	6	433	0.013856812933025405
64	A	K	AF	WPA	1	433	0.0023094688221709007
65	A	K	AF	WPA	1	432	0.0023148148148148147
66	A	K	AF	WPA	3	445	0.0067415730337078653
67	A	K	AF	WPA	4	430	0.0093023255813953487
68	A	K	AF	WPA	1	438	0.0022831050228310501
69	A	K	AF	WPA	1	438	0.0022831050228310501
70	A	K	AF	WPA	4	439	0.0091116173120728925
71	A	K	AF	WPA	5	432	0.011574074074074073
72	A	K	AF	WPA	7	436	0.016055045871559634
73	A	K	AF	WPA	1	435	0.0022988505747126436
74	A	K	AF	WPA	4	436	0.0091743119266055051
75	A	K	AF	WPA	4	452	0.0088495575221238937
76	A	K	AF	WPA	4	441	0.0090702947845804991
77	A	K	AF	WPA	1	441	0.0022675736961451248
78	A	K	AF	WPA	6	435	0.013793103448275862
79	A	K	AF	WPA	0	425	0
80	A	K	AF	WPA	1	440	0.0022727272727272726
81	A	K	AF	WPA	2	436	0.0045871559633027525
82	A	K	AF	WPA	2	435	0.0045977011494252873
83	A	K	AF	WPA	1	426	0.0023474178403755869
84	A	K	AF	WPA	2	447	0.0044742729306487695
85	A	K	AF	WPA	3	434	0.0069124423963133645
86	A	K	AF	WPA	0	431	0
87	A	K	AF	WPA	3	432	0.0069444444444444441
88	A	K	AF	WPA	3	445	0.0067415730337078653
89	A	K	AF	WPA	1	432	0.0023148148148148147
90	A	K	AF	WPA	6	431	0.013921113689095127
91	A	K	AF	WPA	2	436	0.0045871559633027525
92	A	K	AF	WPA	2	442	0.0045248868778280547
93	A	K	AF	WPA	3	426	0.0070422535211267607
94	A	K	AF	WPA	1	426	0.0023474178403755869
95	A	K	AF	WPA	2	431	0.0046403712296983757
96	A	K	AF	WPA	0	439	0
97	A	K	AF	WPA	0	436	0
98	A	K	AF	WPA	1	433	0.0023094688221709007
99	A	K	AF	WPA	1	434	0.002304147465437788
100	A	K	AF	WPA	1	439	0.0022779043280182231
101	A	K	AF	WPA	1	435	0.0022988505747126436
102	A	K	AF	WPA	4	448	0.0089285714285714281
103	A	K	AF	WPA	2	438	0.0045662100456621002
104	A	K	AF	WPA	1	431	0.0023201856148491878
105	A	K	AF	WPA	1	435	0.0022988505747126436
106	A	K	AF	WPA	4	435	0.0091954022988505746
107	A	K	AF	WPA	2	443	0.0045146726862302479
108	A	K	AF	WPA	2	426	0.0046948356807511738
109	A	K	AF	WPA	1	444	0.0022522522522522522
110	A	K	AF	WPA	3	427	0.0070257611241217799
111	A	K	AF	WPA	5	447	0.011185682326621925
112	A	K	AF	WPA	2	436	0.0045871559633027525
113	A	K	AF	WPA	2	432	0.0046296296296296294
114	A	K	AF	WPA	1	442	0.0022624434389140274
115	A	K	AF	WPA	0	435	0
116	A	K	AF	WPA	2	445	0.0044943820224719105
117	A	K	AF	WPA	4	441	0.0090702947845804991
118	A	K	AF	WPA	1	436	0.0022935779816513763
119	A	K	AF	WPA	1	439	0.0022779043280182231
120	A	K	AF	WPA	2	451	0.004434589800443459
121	A	K	AF	WPA	0	443	0
122	A	K	AF	WPA	3	432	0.0069444444444444441
123	A	K	AF	WPA	1	442	0.0022624434389140274
124	A	K	AF	WPA	0	437	0
125	A	K	AF	WPA	1	433	0.0023094688221709007
126	A	K	AF	WPA	5	438	0.011415525114155251
127	A	K	AF	WPA	2	436	0.0045871559633027525
128	A	K	AF	WPA	2	436	0.0045871559633027525
129	A	K	AF	WPA	2	435	0.0045977011494252873
130	A	K	AF	WPA	2	433	0.0046189376443418013
131	A	K	AF	WPA	1	446	0.002242152466367713
132	A	K	AF	WPA	2	442	0.0045248868778280547
133	A	K	AF	WPA	1	441	0.0022675736961451248
134	A	K	AF	WPA	1	444	0.0022522522522522522
135	A	K	AF	WPA	1	433	0.0023094688221709007
136	A	K	AF	WPA	1	432	0.0023148148148148147
137	A	K	AF	WPA	3	433	0.0069284064665127024
138	A	K	AF	WPA	3	438	0.0068493150684931503
139	A	K	AF	WPA	2	433	0.0046189376443418013
140	A	K	AF	WPA	0	433	0
141	A	K	AF	WPA	3	427	0.0070257611241217799
142	A	K	AF	WPA	2	425	0.0047058823529411761
143	A	K	AF	WPA	1	430	0.0023255813953488372
144	A	K	AF	WPA	5	434	0.011520737327188941
145	A	K	AF	WPA	2	446	0.0044843049327354259
146	A	K	AF	WPA	0	439	0
147	A	K	AF	WPA	2	433	0.0046189376443418013
148	A	K	AF	WPA	1	437	0.0022883295194508009
149	A	K	AF	WPA	1	425	0.002352941176470588
150	A	K	AF	WPA	5	440	0.011363636363636364
151	A	K	AF	WPA	2	445	0.0044943820224719105
152	A	K	AF	WPA	3	435	0.0068965517241379309
153	A	K	AF	WPA	1	438	0.0022831050228310501
154	A	K	AF	WPA	2	445	0.0044943820224719105
155	A	K	AF	WPA	3	432	0.0069444444444444441
156	A	K	AF	WPA	2	429	0.004662004662004662
157	A	K	AF	WPA	1	432	0.0023148148148148147
158	A	K	AF	WPA	4	435	0.0091954022988505746
159	A	K	AF	WPA	1	441	0.0022675736961451248
160	A	K	AF	WPA	2	439	0.0045558086560364463
161	A	K	AF	WPA	1	438	0.0022831050228310501
162	A	K	AF	WPA	2	436	0.0045871559633027525
163	A	K	AF	WPA	2	434	0.004608294930875576
164	A	K	AF	WPA	1	437	0.0022883295194508009
165	A	K	AF	WPA	2	428	0.0046728971962616819
166	A	K	AF	WPA	5	436	0.011467889908256881
167	A	K	AF	WPA	1	433	0.0023094688221709007
168	A	K	AF	WPA	2	435	0.0045977011494252873
169	A	K	AF	WPA	2	434	0.004608294930875576
170	A	K	AF	WPA	1	432	0.0023148148148148147
171	A	K	AF	WPA	1	434	0.002304147465437788
172	A	K	AF	WPA	2	444	0.0045045045045045045
173	A	K	AF	WPA	1	440	0.0022727272727272726
174	A	K	AF	WPA	2	435	0.0045977011494252873
175	A	K	AF	WPA	3	429	0.006993006993006993
176	A	K	AF	WPA	1	437	0.0022883295194508009
177	A	K	AF	WPA	2	434	0.004608294930875576
178	A	K	AF	WPA	4	442	0.0090497737556561094
179	A	K	AF	WPA	0	447	0
180	A	K	AF	WPA	3	442	0.0067873303167420816
181	A	K	AF	WPA	5	435	0.011494252873563218
182	A	K	AF	WPA	1	441	0.0022675736961451248
183	A	K	AF	WPA	5	437	0.011441647597254004
184	A	K	AF	WPA	2	436	0.0045871559633027525
185	A	K	AF	WPA	2	434	0.004608294930875576
186	A	K	AF	WPA	1	437	0.0022883295194508009
187	A	K	AF	WPA	3	433	0.0069284064665127024
188	A	K	AF	WPA	2	430	0.0046511627906976744
189	A	K	AF	WPA	0	443	0
190	A	K	AF	WPA	2	434	0.004608294930875576
191	A	K	AF	WPA	3	429	0.006993006993006993
192	A	K	AF	WPA	2	430	0.0046511627906976744
193	A	K	AF	WPA	5	431	0.011600928074245939
194	A	K	AF	WPA	4	423	0.0094562647754137114
195	A	K	AF	WPA	2	433	0.0046189376443418013
196	A	K	AF	WPA	3	436	0.0068807339449541288
197	A	K	AF	WPA	3	444	0.0067567567567567571
198	A	K	AF	WPA	2	446	0.0044843049327354259
199	A	K	AF	WPA	2	434	0.004608294930875576
200	A	K	AF	WPA	1	431	0.0023201856148491878
201	A	K	AF	WPA	2	435	0.0045977011494252873
202	A	K	AF	WPA	2	427	0.0046838407494145199
203	A	K	AF	WPA	2	433	0.0046189376443418013
204	A	K	AF	WPA	6	437	0.013729977116704805
205	A	K	AF	WPA	3	431	0.0069605568445475635
206	A	K	AF	WPA	4	435	0.0091954022988505746
207	A	K	AF	WPA	2	442	0.0045248868778280547
208	A	K	AF	WPA	3	434	0.0069124423963133645
209	A	K	AF	WPA	2	438	0.0045662100456621002
210	A	K	AF	WPA	3	434	0.0069124423963133645
211	A	K	AF	WPA	1	440	0.0022727272727272726
212	A	K	AF	WPA	2	447	0.0044742729306487695
213	A	K	AF	WPA	1	436	0.0022935779816513763
214	A	K	AF	WPA	0	428	0
215	A	K	AF	WPA	1	448	0.002232142857142857
216	A	K	AF	WPA	1	442	0.0022624434389140274
217	A	K	AF	WPA	1	433	0.0023094688221709007
218	A	K	AF	WPA	3	431	0.0069605568445475635
219	A	K	AF	WPA	4	434	0.0092165898617511521
220	A	K	AF	WPA	2	445	0.0044943820224719105
221	A	K	AF	WPA	4	422	0.0094786729857819912
222	A	K	AF	WPA	2	425	0.0047058823529411761
223	A	K	AF	WPA	3	431	0.0069605568445475635
224	A	K	AF	WPA	2	432	0.0046296296296296294
225	A	K	AF	WPA	1	431	0.0023201856148491878
226	A	K	AF	WPA	2	430	0.0046511627906976744
227	A	K	AF	WPA	3	441	0.0068027210884353739
228	A	K	AF	WPA	4	444	0.0090090090090090089
229	A	K	AF	WPA	3	446	0.0067264573991031393
230	A	K	AF	WPA	3	439	0.0068337129840546698
231	A	K	AF	WPA	3	435	0.0068965517241379309
232	A	K	AF	WPA	3	434	0.0069124423963133645
233	A	K	AF	WPA	0	437	0
234	A	K	AF	WPA	4	435	0.0091954022988505746
235	A	K	AF	WPA	1	434	0.002304147465437788
236	A	K	AF	WPA	2	431	0.0046403712296983757
237	A	K	AF	WPA	2	447	0.0044742729306487695
238	A	K	AF	WPA	2	438	0.0045662100456621002
239	A	K	AF	WPA	2	427	0.0046838407494145199
240	A	K	AF	WPA	6	437	0.013729977116704805
241	A	K	AF	WPA	2	431	0.0046403712296983757
242	A	K	AF	WPA	0	441	0
243	A	K	AF	WPA	2	440	0.0045454545454545452
244	A	K	AF	WPA	3	438	0.0068493150684931503
245	A	K	AF	WPA	2	435	0.0045977011494252873
246	A	K	AF	WPA	2	441	0.0045351473922902496
247	A	K	AF	WPA	3	433	0.0069284064665127024
248	A	K	AF	WPA	2	435	0.0045977011494252873
249	A	K	AF	WPA	2	445	0.0044943820224719105
250	A	K	AF	WPA	3	431	0.0069605568445475635
251	A	K	AF	WPA	2	444	0.0045045045045045045
252	A	K	AF	WPA	0	439	0
253	A	K	AF	WPA	1	431	0.0023201856148491878
254	A	K	AF	WPA	1	428	0.0023364485981308409
255	A	K	AF	WPA	4	436	0.0091743119266055051
256	A	K	AF	WPA	2	431	0.0046403712296983757
257	A	K	AF	WPA	1	436	0.0022935779816513763
258	A	K	AF	WPA	3	440	0.0068181818181818179
259	A	K	AF	WPA	0	436	0
260	A	K	AF	WPA	3	431	0.0069605568445475635
261	A	K	AF	WPA	1	445	0.0022471910112359553
262	A	K	AF	WPA	3	435	0.0068965517241379309
263	A	K	AF	WPA	1	430	0.0023255813953488372
264	A	K	AF	WPA	2	438	0.0045662100456621002
265	A	K	AF	WPA	4	434	0.0092165898617511521
266	A	K	AF	WPA	1	429	0.002331002331002331
267	A	K	AF	WPA	0	437	0
268	A	K	AF	WPA	2	431	0.0046403712296983757
269	A	K	AF	WPA	4	433	0.0092378752886836026
270	A	K	AF	WPA	4	430	0.0093023255813953487
271	A	K	AF	WPA	3	428	0.0070093457943925233
272	A	K	AF	WPA	0	433	0
273	A	K	AF	WPA	3	438	0.0068493150684931503
274	A	K	AF	WPA	3	435	0.0068965517241379309
275	A	K	AF	WPA	4	443	0.0090293453724604959
276	A	K	AF	WPA	0	425	0
277	A	K	AF	WPA	4	433	0.0092378752886836026
278	A	K	AF	WPA	1	439	0.0022779043280182231
279	A	K	AF	WPA	3	434	0.0069124423963133645
280	A	K	AF	WPA	2	434	0.004608294930875576
281	A	K	AF	WPA	5	446	0.011210762331838564
282	A	K	AF	WPA	2	440	0.0045454545454545452
283	A	K	AF	WPA	3	430	0.0069767441860465115
284	A	K	AF	WPA	1	437	0.0022883295194508009
285	A	K	AF	WPA	5	430	0.011627906976744186
286	A	K	AF	WPA	1	425	0.002352941176470588
287	A	K	AF	WPA	0	430	0
288	A	K	AF	WPA	3	444	0.0067567567567567571
289	A	K	AF	WPA	1	435	0.0022988505747126436
290	A	K	AF	WPA	3	426	0.0070422535211267607
291	A	K	AF	WPA	1	434	0.002304147465437788
292	A	K	AF	WPA	1	427	0.00234192037470726
293	A	K	AF	WPA	1	437	0.0022883295194508009
294	A	K	AF	WPA	3	437	0.0068649885583524023
295	A	K	AF	WPA	2	436	0.0045871559633027525
296	A	K	AF	WPA	2	432	0.0046296296296296294
297	A	K	AF	WPA	2	441	0.0045351473922902496
298	A	K	AF	WPA	2	437	0.0045766590389016018
299	A	K	AF	WPA	2	431	0.0046403712296983757
300	A	K	AF	WPA	1	435	0.0022988505747126436
1	B	K	AUS	WPA	0	433	0
2	B	K	AUS	WPA	0	440	0
3	B	K	AUS	WPA	0	440	0
4	B	K	AUS	WPA	0	434	0
5	B	K	AUS	WPA	0	436	0
6	B	K	AUS	WPA	0	437	0
7	B	K	AUS	WPA	0	432	0
8	B	K	AUS	WPA	0	442	0
9	B	K	AUS	WPA	0	431	0
10	B	K	AUS	WPA	0	433	0
11	B	K	AUS	WPA	0	437	0
12	B	K	AUS	WPA	0	436	0
13	B	K	AUS	WPA	0	444	0
14	B	K	AUS	WPA	0	442	0
15	B	K	AUS	WPA	0	427	0
16	B	K	AUS	WPA	0	444	0
17	B	K	AUS	WPA	0	438	0
18	B	K	AUS	WPA	0	440	0
19	B	K	AUS	WPA	0	429	0
20	B	K	AUS	WPA	0	430	0
21	B	K	AUS	WPA	0	429	0
22	B	K	AUS	WPA	0	435	0
23	B	K	AUS	WPA	0	430	0
24	B	K	AUS	WPA	0	443	0
25	B	K	AUS	WPA	0	434	0
26	B	K	AUS	WPA	0	438	0
27	B	K	AUS	WPA	0	436	0
28	B	K	AUS	WPA	0	438	0
29	B	K	AUS	WPA	0	436	0
30	B	K	AUS	WPA	0	439	0
31	B	K	AUS	WPA	0	438	0
32	B	K	AUS	WPA	0	439	0
33	B	K	AUS	WPA	0	436	0
34	B	K	AUS	WPA	0	438	0
35	B	K	AUS	WPA	0	438	0
36	B	K	AUS	WPA	0	440	0
37	B	K	AUS	WPA	0	442	0
38	B	K	AUS	WPA	0	437	0
39	B	K	AUS	WPA	0	434	0
40	B	K	AUS	WPA	0	442	0
41	B	K	AUS	WPA	0	444	0
42	B	K	AUS	WPA	0	427	0
43	B	K	AUS	WPA	0	434	0
44	B	K	AUS	WPA	0	430	0
45	B	K	AUS	WPA	0	431	0
46	B	K	AUS	WPA	0	429	0
47	B	K	AUS	WPA	0	444	0
48	B	K	AUS	WPA	0	441	0
49	B	K	AUS	WPA	0	431	0
50	B	K	AUS	WPA	0	424	0
51	B	K	AUS	WPA	0	428	0
52	B	K	AUS	WPA	0	428	0
53	B	K	AUS	WPA	0	444	0
54	B	K	AUS	WPA	0	439	0
55	B	K	AUS	WPA	0	435	0
56	B	K	AUS	WPA	0	437	0
57	B	K	AUS	WPA	0	433	0
58	B	K	AUS	WPA	0	441	0
59	B	K	AUS	WPA	0	424	0
60	B	K	AUS	WPA	0	440	0
61	B	K	AUS	WPA	0	436	0
62	B	K	AUS	WPA	0	422	0
63	B	K	AUS	WPA	0	433	0
64	B	K	AUS	WPA	0	433	0
65	B	K	AUS	WPA	0	432	0
66	B	K	AUS	WPA	0	445	0
67	B	K	AUS	WPA	0	430	0
68	B	K	AUS	WPA	0	438	0
69	B	K	AUS	WPA	0	438	0
70	B	K	AUS	WPA	0	439	0
71	B	K	AUS	WPA	0	432	0
72	B	K	AUS	WPA	0	436	0
73	B	K	AUS	WPA	0	435	0
74	B	K	AUS	WPA	0	436	0
75	B	K	AUS	WPA	0	452	0
76	B	K	AUS	WPA	0	441	0
77	B	K	AUS	WPA	0	441	0
78	B	K	AUS	WPA	0	435	0
79	B	K	AUS	WPA	0	425	0
80	B	K	AUS	WPA	0	440	0
81	B	K	AUS	WPA	0	436	0
82	B	K	AUS	WPA	0	435	0
83	B	K	AUS	WPA	0	426	0
84	B	K	AUS	WPA	0	447	0
85	B	K	AUS	WPA	0	434	0
86	B	K	AUS	WPA	0	431	0
87	B	K	AUS	WPA	0	432	0
88	B	K	AUS	WPA	0	445	0
89	B	K	AUS	WPA	0	432	0
90	B	K	AUS	WPA	0	431	0
91	B	K	AUS	WPA	0	436	0
92	B	K	AUS	WPA	0	442	0
93	B	K	AUS	WPA	0	426	0
94	B	K	AUS	WPA	0	426	0
95	B	K	AUS	WPA	0	431	0
96	B	K	AUS	WPA	0	439	0
97	B	K	AUS	WPA	0	436	0
98	B	K	AUS	WPA	0	433	0
99	B	K	AUS	WPA	0	434	0
100	B	K	AUS	WPA	0	439	0
101	B	K	AUS	WPA	0	435	0
102	B	K	AUS	WPA	0	448	0
103	B	K	AUS	WPA	0	438	0
104	B	K	AUS	WPA	0	431	0
105	B	K	AUS	WPA	0	435	0
106	B	K	AUS	WPA	0	435	0
107	B	K	AUS	WPA	0	443	0
108	B	K	AUS	WPA	0	426	0
109	B	K	AUS	WPA	0	444	0
110	B	K	AUS	WPA	0	427	0
111	B	K	AUS	WPA	0	447	0
112	B	K	AUS	WPA	0	436	0
113	B	K	AUS	WPA	0	432	0
114	B	K	AUS	WPA	0	442	0
115	B	K	AUS	WPA	0	435	0
116	B	K	AUS	WPA	0	445	0
117	B	K	AUS	WPA	0	441	0
118	B	K	AUS	WPA	0	436	0
119	B	K	AUS	WPA	0	439	0
120	B	K	AUS	WPA	0	451	0
121	B	K	AUS	WPA	0	443	0
122	B	K	AUS	WPA	0	432	0
123	B	K	AUS	WPA	0	442	0
124	B	K	AUS	WPA	0	437	0
125	B	K	AUS	WPA	0	433	0
126	B	K	AUS	WPA	0	438	0
127	B	K	AUS	WPA	0	436	0
128	B	K	AUS	WPA	0	436	0
129	B	K	AUS	WPA	0	435	0
130	B	K	AUS	WPA	0	433	0
131	B	K	AUS	WPA	0	446	0
132	B	K	AUS	WPA	0	442	0
133	B	K	AUS	WPA	0	441	0
134	B	K	AUS	WPA	0	444	0
135	B	K	AUS	WPA	0	433	0
136	B	K	AUS	WPA	0	432	0
137	B	K	AUS	WPA	0	433	0
138	B	K	AUS	WPA	0	438	0
139	B	K	AUS	WPA	0	433	0
140	B	K	AUS	WPA	0	433	0
141	B	K	AUS	WPA	0	427	0
142	B	K	AUS	WPA	0	425	0
143	B	K	AUS	WPA	0	430	0
144	B	K	AUS	WPA	0	434	0
145	B	K	AUS	WPA	0	446	0
146	B	K	AUS	WPA	0	439	0
147	B	K	AUS	WPA	0	433	0
148	B	K	AUS	WPA	0	437	0
149	B	K	AUS	WPA	0	425	0
150	B	K	AUS	WPA	0	440	0
151	B	K	AUS	WPA	0	445	0
152	B	K	AUS	WPA	0	435	0
153	B	K	AUS	WPA	0	438	0
154	B	K	AUS	WPA	0	445	0
155	B	K	AUS	WPA	0	432	0
156	B	K	AUS	WPA	0	429	0
157	B	K	AUS	WPA	0	432	0
158	B	K	AUS	WPA	0	435	0
159	B	K	AUS	WPA	0	441	0
160	B	K	AUS	WPA	0	439	0
161	B	K	AUS	WPA	0	438	0
162	B	K	AUS	WPA	0	436	0
163	B	K	AUS	WPA	0	434	0
164	B	K	AUS	WPA	0	437	0
165	B	K	AUS	WPA	0	428	0
166	B	K	AUS	WPA	0	436	0
167	B	K	AUS	WPA	0	433	0
168	B	K	AUS	WPA	0	435	0
169	B	K	AUS	WPA	0	434	0
170	B	K	AUS	WPA	0	432	0
171	B	K	AUS	WPA	0	434	0
172	B	K	AUS	WPA	0	444	0
173	B	K	AUS	WPA	0	440	0
174	B	K	AUS	WPA	0	435	0
175	B	K	AUS	WPA	0	429	0
176	B	K	AUS	WPA	0	437	0
177	B	K	AUS	WPA	0	434	0
178	B	K	AUS	WPA	0	442	0
179	B	K	AUS	WPA	0	447	0
180	B	K	AUS	WPA	0	442	0
181	B	K	AUS	WPA	0	435	0
182	B	K	AUS	WPA	0	441	0
183	B	K	AUS	WPA	0	437	0
184	B	K	AUS	WPA	0	436	0
185	B	K	AUS	WPA	0	434	0
186	B	K	AUS	WPA	0	437	0
187	B	K	AUS	WPA	0	433	0
188	B	K	AUS	WPA	0	430	0
189	B	K	AUS	WPA	0	443	0
190	B	K	AUS	WPA	0	434	0
191	B	K	AUS	WPA	0	429	0
192	B	K	AUS	WPA	0	430	0
193	B	K	AUS	WPA	0	431	0
194	B	K	AUS	WPA	0	423	0
195	B	K	AUS	WPA	0	433	0
196	B	K	AUS	WPA	0	436	0
197	B	K	AUS	WPA	0	444	0
198	B	K	AUS	WPA	0	446	0
199	B	K	AUS	WPA	0	434	0
200	B	K	AUS	WPA	0	431	0
201	B	K	AUS	WPA	0	435	0
202	B	K	AUS	WPA	0	427	0
203	B	K	AUS	WPA	0	433	0
204	B	K	AUS	WPA	0	437	0
205	B	K	AUS	WPA	0	431	0
206	B	K	AUS	WPA	0	435	0
207	B	K	AUS	WPA	0	442	0
208	B	K	AUS	WPA	0	434	0
209	B	K	AUS	WPA	0	438	0
210	B	K	AUS	WPA	0	434	0
211	B	K	AUS	WPA	0	440	0
212	B	K	AUS	WPA	0	447	0
213	B	K	AUS	WPA	0	436	0
214	B	K	AUS	WPA	0	428	0
215	B	K	AUS	WPA	0	448	0
216	B	K	AUS	WPA	0	442	0
217	B	K	AUS	WPA	0	433	0
218	B	K	AUS	WPA	0	431	0
219	B	K	AUS	WPA	0	434	0
220	B	K	AUS	WPA	0	445	0
221	B	K	AUS	WPA	0	422	0
222	B	K	AUS	WPA	0	425	0
223	B	K	AUS	WPA	0	431	0
224	B	K	AUS	WPA	0	432	0
225	B	K	AUS	WPA	0	431	0
226	B	K	AUS	WPA	0	430	0
227	B	K	AUS	WPA	0	441	0
228	B	K	AUS	WPA	0	444	0
229	B	K	AUS	WPA	0	446	0
230	B	K	AUS	WPA	0	439	0
231	B	K	AUS	WPA	0	435	0
232	B	K	AUS	WPA	0	434	0
233	B	K	AUS	WPA	0	437	0
234	B	K	AUS	WPA	0	435	0
235	B	K	AUS	WPA	0	434	0
236	B	K	AUS	WPA	0	431	0
237	B	K	AUS	WPA	0	447	0
238	B	K	AUS	WPA	0	438	0
239	B	K	AUS	WPA	0	427	0
240	B	K	AUS	WPA	0	437	0
241	B	K	AUS	WPA	0	431	0
242	B	K	AUS	WPA	0	441	0
243	B	K	AUS	WPA	0	440	0
244	B	K	AUS	WPA	0	438	0
245	B	K	AUS	WPA	0	435	0
246	B	K	AUS	WPA	0	441	0
247	B	K	AUS	WPA	0	433	0
248	B	K	AUS	WPA	0	435	0
249	B	K	AUS	WPA	0	445	0
250	B	K	AUS	WPA	0	431	0
251	B	K	AUS	WPA	0	444	0
252	B	K	AUS	WPA	0	439	0
253	B	K	AUS	WPA	0	431	0
254	B	K	AUS	WPA	0	428	0
255	B	K	AUS	WPA	0	436	0
256	B	K	AUS	WPA	0	431	0
257	B	K	AUS	WPA	0	436	0
258	B	K	AUS	WPA	0	440	0
259	B	K	AUS	WPA	0	436	0
260	B	K	AUS	WPA	0	431	0
261	B	K	AUS	WPA	0	445	0
262	B	K	AUS	WPA	0	435	0
263	B	K	AUS	WPA	0	430	0
264	B	K	AUS	WPA	0	438	0
265	B	K	AUS	WPA	0	434	0
266	B	K	AUS	WPA	0	429	0
267	B	K	AUS	WPA	0	437	0
268	B	K	AUS	WPA	0	431	0
269	B	K	AUS	WPA	0	433	0
270	B	K	AUS	WPA	0	430	0
271	B	K	AUS	WPA	0	428	0
272	B	K	AUS	WPA	0	433	0
273	B	K	AUS	WPA	0	438	0
274	B	K	AUS	WPA	0	435	0
275	B	K	AUS	WPA	0	443	0
276	B	K	AUS	WPA	0	425	0
277	B	K	AUS	WPA	0	433	0
278	B	K	AUS	WPA	0	439	0
279	B	K	AUS	WPA	0	434	0
280	B	K	AUS	WPA	0	434	0
281	B	K	AUS	WPA	0	446	0
282	B	K	AUS	WPA	0	440	0
283	B	K	AUS	WPA	0	430	0
284	B	K	AUS	WPA	0	437	0
285	B	K	AUS	WPA	0	430	0
286	B	K	AUS	WPA	0	425	0
287	B	K	AUS	WPA	0	430	0
288	B	K	AUS	WPA	0	444	0
289	B	K	AUS	WPA	0	435	0
290	B	K	AUS	WPA	0	426	0
291	B	K	AUS	WPA	0	434	0
292	B	K	AUS	WPA	0	427	0
293	B	K	AUS	WPA	0	437	0
294	B	K	AUS	WPA	0	437	0
295	B	K	AUS	WPA	0	436	0
296	B	K	AUS	WPA	0	432	0
297	B	K	AUS	WPA	0	441	0
298	B	K	AUS	WPA	0	437	0
299	B	K	AUS	WPA	0	431	0
300	B	K	AUS	WPA	0	435	0
1	C	K	CAM	WPA	0	433	0
2	C	K	CAM	WPA	0	440	0
3	C	K	CAM	WPA	0	440	0
4	C	K	CAM	WPA	0	434	0
5	C	K	CAM	WPA	0	436	0
6	C	K	CAM	WPA	0	437	0
7	C	K	CAM	WPA	0	432	0
8	C	K	CAM	WPA	0	442	0
9	C	K	CAM	WPA	0	431	0
10	C	K	CAM	WPA	0	433	0
11	C	K	CAM	WPA	0	437	0
12	C	K	CAM	WPA	0	436	0
13	C	K	CAM	WPA	0	444	0
14	C	K	CAM	WPA	0	442	0
15	C	K	CAM	WPA	0	427	0
16	C	K	CAM	WPA	0	444	0
17	C	K	CAM	WPA	0	438	0
18	C	K	CAM	WPA	0	440	0
19	C	K	CAM	WPA	0	429	0
20	C	K	CAM	WPA	0	430	0
21	C	K	CAM	WPA	0	429	0
22	C	K	CAM	WPA	0	435	0
23	C	K	CAM	WPA	0	430	0
24	C	K	CAM	WPA	0	443	0
25	C	K	CAM	WPA	0	434	0
26	C	K	CAM	WPA	0	438	0
27	C	K	CAM	WPA	0	436	0
28	C	K	CAM	WPA	0	438	0
29	C	K	CAM	WPA	0	436	0
30	C	K	CAM	WPA	0	439	0
31	C	K	CAM	WPA	0	438	0
32	C	K	CAM	WPA	0	439	0
33	C	K	CAM	WPA	0	436	0
34	C	K	CAM	WPA	0	438	0
35	C	K	CAM	WPA	0	438	0
36	C	K	CAM	WPA	0	440	0
37	C	K	CAM	WPA	0	442	0
38	C	K	CAM	WPA	0	437	0
39	C	K	CAM	WPA	0	434	0
40	C	K	CAM	WPA	0	442	0
41	C	K	CAM	WPA	0	444	0
42	C	K	CAM	WPA	0	427	0
43	C	K	CAM	WPA	0	434	0
44	C	K	CAM	WPA	0	430	0
45	C	K	CAM	WPA	0	431	0
46	C	K	CAM	WPA	0	429	0
47	C	K	CAM	WPA	0	444	0
48	C	K	CAM	WPA	0	441	0
49	C	K	CAM	WPA	0	431	0
50	C	K	CAM	WPA	0	424	0
51	C	K	CAM	WPA	0	428	0
52	C	K	CAM	WPA	0	428	0
53	C	K	CAM	WPA	0	444	0
54	C	K	CAM	WPA	0	439	0
55	C	K	CAM	WPA	0	435	0
56	C	K	CAM	WPA	0	437	0
57	C	K	CAM	WPA	0	433	0
58	C	K	CAM	WPA	0	441	0
59	C	K	CAM	WPA	0	424	0
60	C	K	CAM	WPA	0	440	0
61	C	K	CAM	WPA	0	436	0
62	C	K	CAM	WPA	0	422	0
63	C	K	CAM	WPA	0	433	0
64	C	K	CAM	WPA	0	433	0
65	C	K	CAM	WPA	0	432	0
66	C	K	CAM	WPA	0	445	0
67	C	K	CAM	WPA	0	430	0
68	C	K	CAM	WPA	0	438	0
69	C	K	CAM	WPA	0	438	0
70	C	K	CAM	WPA	0	439	0
71	C	K	CAM	WPA	0	432	0
72	C	K	CAM	WPA	0	436	0
73	C	K	CAM	WPA	0	435	0
74	C	K	CAM	WPA	0	436	0
75	C	K	CAM	WPA	0	452	0
76	C	K	CAM	WPA	0	441	0
77	C	K	CAM	WPA	0	441	0
78	C	K	CAM	WPA	0	435	0
79	C	K	CAM	WPA	0	425	0
80	C	K	CAM	WPA	0	440	0
81	C	K	CAM	WPA	0	436	0
82	C	K	CAM	WPA	0	435	0
83	C	K	CAM	WPA	0	426	0
84	C	K	CAM	WPA	0	447	0
85	C	K	CAM	WPA	0	434	0
86	C	K	CAM	WPA	0	431	0
87	C	K	CAM	WPA	0	432	0
88	C	K	CAM	WPA	0	445	0
89	C	K	CAM	WPA	0	432	0
90	C	K	CAM	WPA	0	431	0
91	C	K	CAM	WPA	0	436	0
92	C	K	CAM	WPA	0	442	0
93	C	K	CAM	WPA	0	426	0
94	C	K	CAM	WPA	0	426	0
95	C	K	CAM	WPA	0	431	0
96	C	K	CAM	WPA	0	439	0
97	C	K	CAM	WPA	0	436	0
98	C	K	CAM	WPA	0	433	0
99	C	K	CAM	WPA	0	434	0
100	C	K	CAM	WPA	0	439	0
101	C	K	CAM	WPA	0	435	0
102	C	K	CAM	WPA	0	448	0
103	C	K	CAM	WPA	0	438	0
104	C	K	CAM	WPA	0	431	0
105	C	K	CAM	WPA	0	435	0
106	C	K	CAM	WPA	0	435	0
107	C	K	CAM	WPA	0	443	0
108	C	K	CAM	WPA	0	426	0
109	C	K	CAM	WPA	0	444	0
110	C	K	CAM	WPA	0	427	0
111	C	K	CAM	WPA	0	447	0
112	C	K	CAM	WPA	0	436	0
113	C	K	CAM	WPA	0	432	0
114	C	K	CAM	WPA	0	442	0
115	C	K	CAM	WPA	0	435	0
116	C	K	CAM	WPA	0	445	0
117	C	K	CAM	WPA	0	441	0
118	C	K	CAM	WPA	0	436	0
119	C	K	CAM	WPA	0	439	0
120	C	K	CAM	WPA	0	451	0
121	C	K	CAM	WPA	0	443	0
122	C	K	CAM	WPA	0	432	0
123	C	K	CAM	WPA	0	442	0
124	C	K	CAM	WPA	0	437	0
125	C	K	CAM	WPA	0	433	0
126	C	K	CAM	WPA	0	438	0
127	C	K	CAM	WPA	0	436	0
128	C	K	CAM	WPA	0	436	0
129	C	K	CAM	WPA	0	435	0
130	C	K	CAM	WPA	0	433	0
131	C	K	CAM	WPA	0	446	0
132	C	K	CAM	WPA	0	442	0
133	C	K	CAM	WPA	0	441	0
134	C	K	CAM	WPA	0	444	0
135	C	K	CAM	WPA	0	433	0
136	C	K	CAM	WPA	0	432	0
137	C	K	CAM	WPA	0	433	0
138	C	K	CAM	WPA	0	438	0
139	C	K	CAM	WPA	0	433	0
140	C	K	CAM	WPA	0	433	0
141	C	K	CAM	WPA	0	427	0
142	C	K	CAM	WPA	0	425	0
143	C	K	CAM	WPA	0	430	0
144	C	K	CAM	WPA	0	434	0
145	C	K	CAM	WPA	0	446	0
146	C	K	CAM	WPA	0	439	0
147	C	K	CAM	WPA	0	433	0
148	C	K	CAM	WPA	0	437	0
149	C	K	CAM	WPA	0	425	0
150	C	K	CAM	WPA	0	440	0
151	C	K	CAM	WPA	0	445	0
152	C	K	CAM	WPA	0	435	0
153	C	K	CAM	WPA	0	438	0
154	C	K	CAM	WPA	0	445	0
155	C	K	CAM	WPA	0	432	0
156	C	K	CAM	WPA	0	429	0
157	C	K	CAM	WPA	0	432	0
158	C	K	CAM	WPA	0	435	0
159	C	K	CAM	WPA	0	441	0
160	C	K	CAM	WPA	0	439	0
161	C	K	CAM	WPA	0	438	0
162	C	K	CAM	WPA	0	436	0
163	C	K	CAM	WPA	0	434	0
164	C	K	CAM	WPA	0	437	0
165	C	K	CAM	WPA	0	428	0
166	C	K	CAM	WPA	0	436	0
167	C	K	CAM	WPA	0	433	0
168	C	K	CAM	WPA	0	435	0
169	C	K	CAM	WPA	0	434	0
170	C	K	CAM	WPA	0	432	0
171	C	K	CAM	WPA	0	434	0
172	C	K	CAM	WPA	0	444	0
173	C	K	CAM	WPA	0	440	0
174	C	K	CAM	WPA	0	435	0
175	C	K	CAM	WPA	0	429	0
176	C	K	CAM	WPA	0	437	0
177	C	K	CAM	WPA	0	434	0
178	C	K	CAM	WPA	0	442	0
179	C	K	CAM	WPA	0	447	0
180	C	K	CAM	WPA	0	442	0
181	C	K	CAM	WPA	0	435	0
182	C	K	CAM	WPA	0	441	0
183	C	K	CAM	WPA	0	437	0
184	C	K	CAM	WPA	0	436	0
185	C	K	CAM	WPA	0	434	0
186	C	K	CAM	WPA	0	437	0
187	C	K	CAM	WPA	0	433	0
188	C	K	CAM	WPA	0	430	0
189	C	K	CAM	WPA	0	443	0
190	C	K	CAM	WPA	0	434	0
191	C	K	CAM	WPA	0	429	0
192	C	K	CAM	WPA	0	430	0
193	C	K	CAM	WPA	0	431	0
194	C	K	CAM	WPA	0	423	0
195	C	K	CAM	WPA	0	433	0
196	C	K	CAM	WPA	0	436	0
197	C	K	CAM	WPA	0	444	0
198	C	K	CAM	WPA	0	446	0
199	C	K	CAM	WPA	0	434	0
200	C	K	CAM	WPA	0	431	0
201	C	K	CAM	WPA	0	435	0
202	C	K	CAM	WPA	0	427	0
203	C	K	CAM	WPA	0	433	0
204	C	K	CAM	WPA	0	437	0
205	C	K	CAM	WPA	0	431	0
206	C	K	CAM	WPA	0	435	0
207	C	K	CAM	WPA	0	442	0
208	C	K	CAM	WPA	0	434	0
209	C	K	CAM	WPA	0	438	0
210	C	K	CAM	WPA	0	434	0
211	C	K	CAM	WPA	0	440	0
212	C	K	CAM	WPA	0	447	0
213	C	K	CAM	WPA	0	436	0
214	C	K	CAM	WPA	0	428	0
215	C	K	CAM	WPA	0	448	0
216	C	K	CAM	WPA	0	442	0
217	C	K	CAM	WPA	0	433	0
218	C	K	CAM	WPA	0	431	0
219	C	K	CAM	WPA	0	434	0
220	C	K	CAM	WPA	0	445	0
221	C	K	CAM	WPA	0	422	0
222	C	K	CAM	WPA	0	425	0
223	C	K	CAM	WPA	0	431	0
224	C	K	CAM	WPA	0	432	0
225	C	K	CAM	WPA	0	431	0
226	C	K	CAM	WPA	0	430	0
227	C	K	CAM	WPA	0	441	0
228	C	K	CAM	WPA	0	444	0
229	C	K	CAM	WPA	0	446	0
230	C	K	CAM	WPA	0	439	0
231	C	K	CAM	WPA	0	435	0
232	C	K	CAM	WPA	0	434	0
233	C	K	CAM	WPA	0	437	0
234	C	K	CAM	WPA	0	435	0
235	C	K	CAM	WPA	0	434	0
236	C	K	CAM	WPA	0	431	0
237	C	K	CAM	WPA	0	447	0
238	C	K	CAM	WPA	0	438	0
239	C	K	CAM	WPA	0	427	0
240	C	K	CAM	WPA	0	437	0
241	C	K	CAM	WPA	0	431	0
242	C	K	CAM	WPA	0	441	0
243	C	K	CAM	WPA	0	440	0
244	C	K	CAM	WPA	0	438	0
245	C	K	CAM	WPA	0	435	0
246	C	K	CAM	WPA	0	441	0
247	C	K	CAM	WPA	0	433	0
248	C	K	CAM	WPA	0	435	0
249	C	K	CAM	WPA	0	445	0
250	C	K	CAM	WPA	0	431	0
251	C	K	CAM	WPA	0	444	0
252	C	K	CAM	WPA	0	439	0
253	C	K	CAM	WPA	0	431	0
254	C	K	CAM	WPA	0	428	0
255	C	K	CAM	WPA	0	436	0
256	C	K	CAM	WPA	0	431	0
257	C	K	CAM	WPA	0	436	0
258	C	K	CAM	WPA	0	440	0
259	C	K	CAM	WPA	0	436	0
260	C	K	CAM	WPA	0	431	0
261	C	K	CAM	WPA	0	445	0
262	C	K	CAM	WPA	0	435	0
263	C	K	CAM	WPA	0	430	0
264	C	K	CAM	WPA	0	438	0
265	C	K	CAM	WPA	0	434	0
266	C	K	CAM	WPA	0	429	0
267	C	K	CAM	WPA	0	437	0
268	C	K	CAM	WPA	0	431	0
269	C	K	CAM	WPA	0	433	0
270	C	K	CAM	WPA	0	430	0
271	C	K	CAM	WPA	0	428	0
272	C	K	CAM	WPA	0	433	0
273	C	K	CAM	WPA	0	438	0
274	C	K	CAM	WPA	0	435	0
275	C	K	CAM	WPA	0	443	0
276	C	K	CAM	WPA	0	425	0
277	C	K	CAM	WPA	0	433	0
278	C	K	CAM	WPA	0	439	0
279	C	K	CAM	WPA	0	434	0
280	C	K	CAM	WPA	0	434	0
281	C	K	CAM	WPA	0	446	0
282	C	K	CAM	WPA	0	440	0
283	C	K	CAM	WPA	0	430	0
284	C	K	CAM	WPA	0	437	0
285	C	K	CAM	WPA	0	430	0
286	C	K	CAM	WPA	0	425	0
287	C	K	CAM	WPA	0	430	0
288	C	K	CAM	WPA	0	444	0
289	C	K	CAM	WPA	0	435	0
290	C	K	CAM	WPA	0	426	0
291	C	K	CAM	WPA	0	434	0
292	C	K	CAM	WPA	0	427	0
293	C	K	CAM	WPA	0	437	0
294	C	K	CAM	WPA	0	437	0
295	C	K	CAM	WPA	0	436	0
296	C	K	CAM	WPA	0	432	0
297	C	K	CAM	WPA	0	441	0
298	C	K	CAM	WPA	0	437	0
299	C	K	CAM	WPA	0	431	0
300	C	K	CAM	WPA	0	435	0
1	D	K	ENA	WPA	0	433	0
2	D	K	ENA	WPA	0	440	0
3	D	K	ENA	WPA	0	440	0
4	D	K	ENA	WPA	0	434	0
5	D	K	ENA	WPA	0	436	0
6	D	K	ENA	WPA	0	437	0
7	D	K	ENA	WPA	0	432	0
8	D	K	ENA	WPA	0	442	0
9	D	K	ENA	WPA	0	431	0
10	D	K	ENA	WPA	0	433	0
11	D	K	ENA	WPA	0	437	0
12	D	K	ENA	WPA	0	436	0
13	D	K	ENA	WPA	0	444	0
14	D	K	ENA	WPA	0	442	0
15	D	K	ENA	WPA	0	427	0
16	D	K	ENA	WPA	0	444	0
17	D	K	ENA	WPA	1	438	0.0022831050228310501
18	D	K	ENA	WPA	0	440	0
19	D	K	ENA	WPA	0	429	0
20	D	K	ENA	WPA	0	430	0
21	D	K	ENA	WPA	0	429	0
22	D	K	ENA	WPA	0	435	0
23	D	K	ENA	WPA	0	430	0
24	D	K	ENA	WPA	0	443	0
25	D	K	ENA	WPA	0	434	0
26	D	K	ENA	WPA	0	438	0
27	D	K	ENA	WPA	1	436	0.0022935779816513763
28	D	K	ENA	WPA	0	438	0
29	D	K	ENA	WPA	0	436	0
30	D	K	ENA	WPA	0	439	0
31	D	K	ENA	WPA	0	438	0
32	D	K	ENA	WPA	0	439	0
33	D	K	ENA	WPA	0	436	0
34	D	K	ENA	WPA	0	438	0
35	D	K	ENA	WPA	0	438	0
36	D	K	ENA	WPA	0	440	0
37	D	K	ENA	WPA	0	442	0
38	D	K	ENA	WPA	0	437	0
39	D	K	ENA	WPA	0	434	0
40	D	K	ENA	WPA	0	442	0
41	D	K	ENA	WPA	0	444	0
42	D	K	ENA	WPA	0	427	0
43	D	K	ENA	WPA	0	434	0
44	D	K	ENA	WPA	0	430	0
45	D	K	ENA	WPA	0	431	0
46	D	K	ENA	WPA	0	429	0
47	D	K	ENA	WPA	0	444	0
48	D	K	ENA	WPA	0	441	0
49	D	K	ENA	WPA	0	431	0
50	D	K	ENA	WPA	0	424	0
51	D	K	ENA	WPA	1	428	0.0023364485981308409
52	D	K	ENA	WPA	0	428	0
53	D	K	ENA	WPA	0	444	0
54	D	K	ENA	WPA	0	439	0
55	D	K	ENA	WPA	0	435	0
56	D	K	ENA	WPA	0	437	0
57	D	K	ENA	WPA	0	433	0
58	D	K	ENA	WPA	0	441	0
59	D	K	ENA	WPA	0	424	0
60	D	K	ENA	WPA	0	440	0
61	D	K	ENA	WPA	0	436	0
62	D	K	ENA	WPA	0	422	0
63	D	K	ENA	WPA	0	433	0
64	D	K	ENA	WPA	1	433	0.0023094688221709007
65	D	K	ENA	WPA	0	432	0
66	D	K	ENA	WPA	0	445	0
67	D	K	ENA	WPA	0	430	0
68	D	K	ENA	WPA	0	438	0
69	D	K	ENA	WPA	0	438	0
70	D	K	ENA	WPA	0	439	0
71	D	K	ENA	WPA	0	432	0
72	D	K	ENA	WPA	0	436	0
73	D	K	ENA	WPA	0	435	0
74	D	K	ENA	WPA	0	436	0
75	D	K	ENA	WPA	0	452	0
76	D	K	ENA	WPA	0	441	0
77	D	K	ENA	WPA	0	441	0
78	D	K	ENA	WPA	0	435	0
79	D	K	ENA	WPA	0	425	0
80	D	K	ENA	WPA	0	440	0
81	D	K	ENA	WPA	0	436	0
82	D	K	ENA	WPA	0	435	0
83	D	K	ENA	WPA	0	426	0
84	D	K	ENA	WPA	0	447	0
85	D	K	ENA	WPA	0	434	0
86	D	K	ENA	WPA	1	431	0.0023201856148491878
87	D	K	ENA	WPA	0	432	0
88	D	K	ENA	WPA	0	445	0
89	D	K	ENA	WPA	0	432	0
90	D	K	ENA	WPA	0	431	0
91	D	K	ENA	WPA	0	436	0
92	D	K	ENA	WPA	0	442	0
93	D	K	ENA	WPA	0	426	0
94	D	K	ENA	WPA	0	426	0
95	D	K	ENA	WPA	0	431	0
96	D	K	ENA	WPA	0	439	0
97	D	K	ENA	WPA	0	436	0
98	D	K	ENA	WPA	0	433	0
99	D	K	ENA	WPA	0	434	0
100	D	K	ENA	WPA	0	439	0
101	D	K	ENA	WPA	0	435	0
102	D	K	ENA	WPA	0	448	0
103	D	K	ENA	WPA	0	438	0
104	D	K	ENA	WPA	0	431	0
105	D	K	ENA	WPA	0	435	0
106	D	K	ENA	WPA	1	435	0.0022988505747126436
107	D	K	ENA	WPA	0	443	0
108	D	K	ENA	WPA	0	426	0
109	D	K	ENA	WPA	0	444	0
110	D	K	ENA	WPA	0	427	0
111	D	K	ENA	WPA	0	447	0
112	D	K	ENA	WPA	0	436	0
113	D	K	ENA	WPA	0	432	0
114	D	K	ENA	WPA	0	442	0
115	D	K	ENA	WPA	1	435	0.0022988505747126436
116	D	K	ENA	WPA	0	445	0
117	D	K	ENA	WPA	0	441	0
118	D	K	ENA	WPA	0	436	0
119	D	K	ENA	WPA	0	439	0
120	D	K	ENA	WPA	0	451	0
121	D	K	ENA	WPA	0	443	0
122	D	K	ENA	WPA	0	432	0
123	D	K	ENA	WPA	0	442	0
124	D	K	ENA	WPA	0	437	0
125	D	K	ENA	WPA	0	433	0
126	D	K	ENA	WPA	1	438	0.0022831050228310501
127	D	K	ENA	WPA	0	436	0
128	D	K	ENA	WPA	1	436	0.0022935779816513763
129	D	K	ENA	WPA	0	435	0
130	D	K	ENA	WPA	0	433	0
131	D	K	ENA	WPA	0	446	0
132	D	K	ENA	WPA	1	442	0.0022624434389140274
133	D	K	ENA	WPA	0	441	0
134	D	K	ENA	WPA	0	444	0
135	D	K	ENA	WPA	0	433	0
136	D	K	ENA	WPA	0	432	0
137	D	K	ENA	WPA	0	433	0
138	D	K	ENA	WPA	0	438	0
139	D	K	ENA	WPA	0	433	0
140	D	K	ENA	WPA	1	433	0.0023094688221709007
141	D	K	ENA	WPA	0	427	0
142	D	K	ENA	WPA	0	425	0
143	D	K	ENA	WPA	1	430	0.0023255813953488372
144	D	K	ENA	WPA	0	434	0
145	D	K	ENA	WPA	0	446	0
146	D	K	ENA	WPA	0	439	0
147	D	K	ENA	WPA	0	433	0
148	D	K	ENA	WPA	0	437	0
149	D	K	ENA	WPA	0	425	0
150	D	K	ENA	WPA	0	440	0
151	D	K	ENA	WPA	0	445	0
152	D	K	ENA	WPA	0	435	0
153	D	K	ENA	WPA	0	438	0
154	D	K	ENA	WPA	0	445	0
155	D	K	ENA	WPA	0	432	0
156	D	K	ENA	WPA	0	429	0
157	D	K	ENA	WPA	0	432	0
158	D	K	ENA	WPA	0	435	0
159	D	K	ENA	WPA	0	441	0
160	D	K	ENA	WPA	0	439	0
161	D	K	ENA	WPA	1	438	0.0022831050228310501
162	D	K	ENA	WPA	0	436	0
163	D	K	ENA	WPA	0	434	0
164	D	K	ENA	WPA	0	437	0
165	D	K	ENA	WPA	0	428	0
166	D	K	ENA	WPA	0	436	0
167	D	K	ENA	WPA	0	433	0
168	D	K	ENA	WPA	1	435	0.0022988505747126436
169	D	K	ENA	WPA	0	434	0
170	D	K	ENA	WPA	0	432	0
171	D	K	ENA	WPA	0	434	0
172	D	K	ENA	WPA	0	444	0
173	D	K	ENA	WPA	0	440	0
174	D	K	ENA	WPA	0	435	0
175	D	K	ENA	WPA	0	429	0
176	D	K	ENA	WPA	0	437	0
177	D	K	ENA	WPA	1	434	0.002304147465437788
178	D	K	ENA	WPA	0	442	0
179	D	K	ENA	WPA	0	447	0
180	D	K	ENA	WPA	0	442	0
181	D	K	ENA	WPA	0	435	0
182	D	K	ENA	WPA	0	441	0
183	D	K	ENA	WPA	0	437	0
184	D	K	ENA	WPA	0	436	0
185	D	K	ENA	WPA	0	434	0
186	D	K	ENA	WPA	0	437	0
187	D	K	ENA	WPA	0	433	0
188	D	K	ENA	WPA	0	430	0
189	D	K	ENA	WPA	0	443	0
190	D	K	ENA	WPA	0	434	0
191	D	K	ENA	WPA	1	429	0.002331002331002331
192	D	K	ENA	WPA	0	430	0
193	D	K	ENA	WPA	0	431	0
194	D	K	ENA	WPA	0	423	0
195	D	K	ENA	WPA	0	433	0
196	D	K	ENA	WPA	1	436	0.0022935779816513763
197	D	K	ENA	WPA	0	444	0
198	D	K	ENA	WPA	0	446	0
199	D	K	ENA	WPA	0	434	0
200	D	K	ENA	WPA	1	431	0.0023201856148491878
201	D	K	ENA	WPA	0	435	0
202	D	K	ENA	WPA	0	427	0
203	D	K	ENA	WPA	0	433	0
204	D	K	ENA	WPA	0	437	0
205	D	K	ENA	WPA	0	431	0
206	D	K	ENA	WPA	0	435	0
207	D	K	ENA	WPA	1	442	0.0022624434389140274
208	D	K	ENA	WPA	0	434	0
209	D	K	ENA	WPA	0	438	0
210	D	K	ENA	WPA	0	434	0
211	D	K	ENA	WPA	0	440	0
212	D	K	ENA	WPA	0	447	0
213	D	K	ENA	WPA	0	436	0
214	D	K	ENA	WPA	0	428	0
215	D	K	ENA	WPA	0	448	0
216	D	K	ENA	WPA	0	442	0
217	D	K	ENA	WPA	1	433	0.0023094688221709007
218	D	K	ENA	WPA	0	431	0
219	D	K	ENA	WPA	0	434	0
220	D	K	ENA	WPA	0	445	0
221	D	K	ENA	WPA	0	422	0
222	D	K	ENA	WPA	0	425	0
223	D	K	ENA	WPA	0	431	0
224	D	K	ENA	WPA	0	432	0
225	D	K	ENA	WPA	0	431	0
226	D	K	ENA	WPA	0	430	0
227	D	K	ENA	WPA	0	441	0
228	D	K	ENA	WPA	0	444	0
229	D	K	ENA	WPA	0	446	0
230	D	K	ENA	WPA	0	439	0
231	D	K	ENA	WPA	0	435	0
232	D	K	ENA	WPA	0	434	0
233	D	K	ENA	WPA	0	437	0
234	D	K	ENA	WPA	0	435	0
235	D	K	ENA	WPA	1	434	0.002304147465437788
236	D	K	ENA	WPA	0	431	0
237	D	K	ENA	WPA	0	447	0
238	D	K	ENA	WPA	1	438	0.0022831050228310501
239	D	K	ENA	WPA	0	427	0
240	D	K	ENA	WPA	0	437	0
241	D	K	ENA	WPA	0	431	0
242	D	K	ENA	WPA	0	441	0
243	D	K	ENA	WPA	0	440	0
244	D	K	ENA	WPA	0	438	0
245	D	K	ENA	WPA	0	435	0
246	D	K	ENA	WPA	0	441	0
247	D	K	ENA	WPA	0	433	0
248	D	K	ENA	WPA	0	435	0
249	D	K	ENA	WPA	0	445	0
250	D	K	ENA	WPA	0	431	0
251	D	K	ENA	WPA	0	444	0
252	D	K	ENA	WPA	0	439	0
253	D	K	ENA	WPA	0	431	0
254	D	K	ENA	WPA	0	428	0
255	D	K	ENA	WPA	0	436	0
256	D	K	ENA	WPA	0	431	0
257	D	K	ENA	WPA	0	436	0
258	D	K	ENA	WPA	1	440	0.0022727272727272726
259	D	K	ENA	WPA	0	436	0
260	D	K	ENA	WPA	0	431	0
261	D	K	ENA	WPA	1	445	0.0022471910112359553
262	D	K	ENA	WPA	0	435	0
263	D	K	ENA	WPA	1	430	0.0023255813953488372
264	D	K	ENA	WPA	0	438	0
265	D	K	ENA	WPA	0	434	0
266	D	K	ENA	WPA	0	429	0
267	D	K	ENA	WPA	0	437	0
268	D	K	ENA	WPA	0	431	0
269	D	K	ENA	WPA	1	433	0.0023094688221709007
270	D	K	ENA	WPA	0	430	0
271	D	K	ENA	WPA	0	428	0
272	D	K	ENA	WPA	0	433	0
273	D	K	ENA	WPA	0	438	0
274	D	K	ENA	WPA	0	435	0
275	D	K	ENA	WPA	0	443	0
276	D	K	ENA	WPA	0	425	0
277	D	K	ENA	WPA	0	433	0
278	D	K	ENA	WPA	0	439	0
279	D	K	ENA	WPA	0	434	0
280	D	K	ENA	WPA	0	434	0
281	D	K	ENA	WPA	0	446	0
282	D	K	ENA	WPA	0	440	0
283	D	K	ENA	WPA	0	430	0
284	D	K	ENA	WPA	0	437	0
285	D	K	ENA	WPA	0	430	0
286	D	K	ENA	WPA	0	425	0
287	D	K	ENA	WPA	0	430	0
288	D	K	ENA	WPA	0	444	0
289	D	K	ENA	WPA	0	435	0
290	D	K	ENA	WPA	0	426	0
291	D	K	ENA	WPA	0	434	0
292	D	K	ENA	WPA	0	427	0
293	D	K	ENA	WPA	0	437	0
294	D	K	ENA	WPA	0	437	0
295	D	K	ENA	WPA	0	436	0
296	D	K	ENA	WPA	0	432	0
297	D	K	ENA	WPA	0	441	0
298	D	K	ENA	WPA	1	437	0.0022883295194508009
299	D	K	ENA	WPA	0	431	0
300	D	K	ENA	WPA	0	435	0
1	E	K	EPA	WPA	14	433	0.032332563510392612
2	E	K	EPA	WPA	12	440	0.027272727272727271
3	E	K	EPA	WPA	13	440	0.029545454545454545
4	E	K	EPA	WPA	9	434	0.020737327188940093
5	E	K	EPA	WPA	12	436	0.027522935779816515
6	E	K	EPA	WPA	10	437	0.022883295194508008
7	E	K	EPA	WPA	11	432	0.025462962962962962
8	E	K	EPA	WPA	12	442	0.027149321266968326
9	E	K	EPA	WPA	7	431	0.016241299303944315
10	E	K	EPA	WPA	13	433	0.030023094688221709
11	E	K	EPA	WPA	9	437	0.020594965675057208
12	E	K	EPA	WPA	10	436	0.022935779816513763
13	E	K	EPA	WPA	13	444	0.029279279279279279
14	E	K	EPA	WPA	14	442	0.031674208144796379
15	E	K	EPA	WPA	13	427	0.030444964871194378
16	E	K	EPA	WPA	13	444	0.029279279279279279
17	E	K	EPA	WPA	11	438	0.025114155251141551
18	E	K	EPA	WPA	11	440	0.025000000000000001
19	E	K	EPA	WPA	11	429	0.02564102564102564
20	E	K	EPA	WPA	8	430	0.018604651162790697
21	E	K	EPA	WPA	12	429	0.027972027972027972
22	E	K	EPA	WPA	10	435	0.022988505747126436
23	E	K	EPA	WPA	9	430	0.020930232558139535
24	E	K	EPA	WPA	13	443	0.029345372460496615
25	E	K	EPA	WPA	12	434	0.027649769585253458
26	E	K	EPA	WPA	10	438	0.022831050228310501
27	E	K	EPA	WPA	9	436	0.020642201834862386
28	E	K	EPA	WPA	9	438	0.020547945205479451
29	E	K	EPA	WPA	13	436	0.029816513761467892
30	E	K	EPA	WPA	11	439	0.025056947608200455
31	E	K	EPA	WPA	9	438	0.020547945205479451
32	E	K	EPA	WPA	12	439	0.027334851936218679
33	E	K	EPA	WPA	11	436	0.025229357798165139
34	E	K	EPA	WPA	11	438	0.025114155251141551
35	E	K	EPA	WPA	9	438	0.020547945205479451
36	E	K	EPA	WPA	11	440	0.025000000000000001
37	E	K	EPA	WPA	10	442	0.022624434389140271
38	E	K	EPA	WPA	13	437	0.029748283752860413
39	E	K	EPA	WPA	9	434	0.020737327188940093
40	E	K	EPA	WPA	13	442	0.029411764705882353
41	E	K	EPA	WPA	10	444	0.022522522522522521
42	E	K	EPA	WPA	10	427	0.023419203747072601
43	E	K	EPA	WPA	12	434	0.027649769585253458
44	E	K	EPA	WPA	8	430	0.018604651162790697
45	E	K	EPA	WPA	7	431	0.016241299303944315
46	E	K	EPA	WPA	9	429	0.02097902097902098
47	E	K	EPA	WPA	10	444	0.022522522522522521
48	E	K	EPA	WPA	11	441	0.024943310657596373
49	E	K	EPA	WPA	16	431	0.037122969837587005
50	E	K	EPA	WPA	8	424	0.018867924528301886
51	E	K	EPA	WPA	10	428	0.02336448598130841
52	E	K	EPA	WPA	8	428	0.018691588785046728
53	E	K	EPA	WPA	9	444	0.020270270270270271
54	E	K	EPA	WPA	12	439	0.027334851936218679
55	E	K	EPA	WPA	15	435	0.034482758620689655
56	E	K	EPA	WPA	10	437	0.022883295194508008
57	E	K	EPA	WPA	8	433	0.018475750577367205
58	E	K	EPA	WPA	11	441	0.024943310657596373
59	E	K	EPA	WPA	12	424	0.028301886792452831
60	E	K	EPA	WPA	9	440	0.020454545454545454
61	E	K	EPA	WPA	11	436	0.025229357798165139
62	E	K	EPA	WPA	9	422	0.02132701421800948
63	E	K	EPA	WPA	8	433	0.018475750577367205
64	E	K	EPA	WPA	10	433	0.023094688221709007
65	E	K	EPA	WPA	8	432	0.018518518518518517
66	E	K	EPA	WPA	12	445	0.026966292134831461
67	E	K	EPA	WPA	8	430	0.018604651162790697
68	E	K	EPA	WPA	8	438	0.018264840182648401
69	E	K	EPA	WPA	8	438	0.018264840182648401
70	E	K	EPA	WPA	12	439	0.027334851936218679
71	E	K	EPA	WPA	8	432	0.018518518518518517
72	E	K	EPA	WPA	10	436	0.022935779816513763
73	E	K	EPA	WPA	10	435	0.022988505747126436
74	E	K	EPA	WPA	8	436	0.01834862385321101
75	E	K	EPA	WPA	10	452	0.022123893805309734
76	E	K	EPA	WPA	13	441	0.029478458049886622
77	E	K	EPA	WPA	10	441	0.022675736961451247
78	E	K	EPA	WPA	11	435	0.02528735632183908
79	E	K	EPA	WPA	10	425	0.023529411764705882
80	E	K	EPA	WPA	12	440	0.027272727272727271
81	E	K	EPA	WPA	10	436	0.022935779816513763
82	E	K	EPA	WPA	12	435	0.027586206896551724
83	E	K	EPA	WPA	13	426	0.030516431924882629
84	E	K	EPA	WPA	13	447	0.029082774049217001
85	E	K	EPA	WPA	11	434	0.025345622119815669
86	E	K	EPA	WPA	10	431	0.023201856148491878
87	E	K	EPA	WPA	11	432	0.025462962962962962
88	E	K	EPA	WPA	9	445	0.020224719101123594
89	E	K	EPA	WPA	11	432	0.025462962962962962
90	E	K	EPA	WPA	12	431	0.027842227378190254
91	E	K	EPA	WPA	13	436	0.029816513761467892
92	E	K	EPA	WPA	12	442	0.027149321266968326
93	E	K	EPA	WPA	12	426	0.028169014084507043
94	E	K	EPA	WPA	11	426	0.025821596244131457
95	E	K	EPA	WPA	10	431	0.023201856148491878
96	E	K	EPA	WPA	11	439	0.025056947608200455
97	E	K	EPA	WPA	11	436	0.025229357798165139
98	E	K	EPA	WPA	10	433	0.023094688221709007
99	E	K	EPA	WPA	7	434	0.016129032258064516
100	E	K	EPA	WPA	7	439	0.015945330296127564
101	E	K	EPA	WPA	13	435	0.029885057471264367
102	E	K	EPA	WPA	10	448	0.022321428571428572
103	E	K	EPA	WPA	8	438	0.018264840182648401
104	E	K	EPA	WPA	12	431	0.027842227378190254
105	E	K	EPA	WPA	9	435	0.020689655172413793
106	E	K	EPA	WPA	11	435	0.02528735632183908
107	E	K	EPA	WPA	9	443	0.020316027088036117
108	E	K	EPA	WPA	10	426	0.023474178403755867
109	E	K	EPA	WPA	9	444	0.020270270270270271
110	E	K	EPA	WPA	9	427	0.021077283372365339
111	E	K	EPA	WPA	9	447	0.020134228187919462
112	E	K	EPA	WPA	11	436	0.025229357798165139
113	E	K	EPA	WPA	10	432	0.023148148148148147
114	E	K	EPA	WPA	12	442	0.027149321266968326
115	E	K	EPA	WPA	9	435	0.020689655172413793
116	E	K	EPA	WPA	9	445	0.020224719101123594
117	E	K	EPA	WPA	11	441	0.024943310657596373
118	E	K	EPA	WPA	11	436	0.025229357798165139
119	E	K	EPA	WPA	14	439	0.031890660592255128
120	E	K	EPA	WPA	12	451	0.026607538802660754
121	E	K	EPA	WPA	9	443	0.020316027088036117
122	E	K	EPA	WPA	9	432	0.020833333333333332
123	E	K	EPA	WPA	12	442	0.027149321266968326
124	E	K	EPA	WPA	11	437	0.025171624713958809
125	E	K	EPA	WPA	10	433	0.023094688221709007
126	E	K	EPA	WPA	8	438	0.018264840182648401
127	E	K	EPA	WPA	9	436	0.020642201834862386
128	E	K	EPA	WPA	6	436	0.013761467889908258
129	E	K	EPA	WPA	6	435	0.013793103448275862
130	E	K	EPA	WPA	9	433	0.020785219399538105
131	E	K	EPA	WPA	10	446	0.022421524663677129
132	E	K	EPA	WPA	8	442	0.018099547511312219
133	E	K	EPA	WPA	13	441	0.029478458049886622
134	E	K	EPA	WPA	10	444	0.022522522522522521
135	E	K	EPA	WPA	12	433	0.02771362586605081
136	E	K	EPA	WPA	10	432	0.023148148148148147
137	E	K	EPA	WPA	10	433	0.023094688221709007
138	E	K	EPA	WPA	10	438	0.022831050228310501
139	E	K	EPA	WPA	13	433	0.030023094688221709
140	E	K	EPA	WPA	9	433	0.020785219399538105
141	E	K	EPA	WPA	10	427	0.023419203747072601
142	E	K	EPA	WPA	12	425	0.02823529411764706
143	E	K	EPA	WPA	11	430	0.025581395348837209
144	E	K	EPA	WPA	7	434	0.016129032258064516
145	E	K	EPA	WPA	12	446	0.026905829596412557
146	E	K	EPA	WPA	9	439	0.020501138952164009
147	E	K	EPA	WPA	9	433	0.020785219399538105
148	E	K	EPA	WPA	11	437	0.025171624713958809
149	E	K	EPA	WPA	10	425	0.023529411764705882
150	E	K	EPA	WPA	10	440	0.022727272727272728
151	E	K	EPA	WPA	13	445	0.029213483146067417
152	E	K	EPA	WPA	9	435	0.020689655172413793
153	E	K	EPA	WPA	9	438	0.020547945205479451
154	E	K	EPA	WPA	15	445	0.033707865168539325
155	E	K	EPA	WPA	8	432	0.018518518518518517
156	E	K	EPA	WPA	12	429	0.027972027972027972
157	E	K	EPA	WPA	13	432	0.030092592592592591
158	E	K	EPA	WPA	13	435	0.029885057471264367
159	E	K	EPA	WPA	10	441	0.022675736961451247
160	E	K	EPA	WPA	11	439	0.025056947608200455
161	E	K	EPA	WPA	10	438	0.022831050228310501
162	E	K	EPA	WPA	11	436	0.025229357798165139
163	E	K	EPA	WPA	9	434	0.020737327188940093
164	E	K	EPA	WPA	13	437	0.029748283752860413
165	E	K	EPA	WPA	11	428	0.025700934579439252
166	E	K	EPA	WPA	10	436	0.022935779816513763
167	E	K	EPA	WPA	8	433	0.018475750577367205
168	E	K	EPA	WPA	9	435	0.020689655172413793
169	E	K	EPA	WPA	8	434	0.018433179723502304
170	E	K	EPA	WPA	9	432	0.020833333333333332
171	E	K	EPA	WPA	9	434	0.020737327188940093
172	E	K	EPA	WPA	12	444	0.027027027027027029
173	E	K	EPA	WPA	13	440	0.029545454545454545
174	E	K	EPA	WPA	13	435	0.029885057471264367
175	E	K	EPA	WPA	11	429	0.02564102564102564
176	E	K	EPA	WPA	9	437	0.020594965675057208
177	E	K	EPA	WPA	8	434	0.018433179723502304
178	E	K	EPA	WPA	8	442	0.018099547511312219
179	E	K	EPA	WPA	12	447	0.026845637583892617
180	E	K	EPA	WPA	15	442	0.033936651583710405
181	E	K	EPA	WPA	9	435	0.020689655172413793
182	E	K	EPA	WPA	9	441	0.020408163265306121
183	E	K	EPA	WPA	8	437	0.018306636155606407
184	E	K	EPA	WPA	7	436	0.016055045871559634
185	E	K	EPA	WPA	13	434	0.029953917050691243
186	E	K	EPA	WPA	10	437	0.022883295194508008
187	E	K	EPA	WPA	11	433	0.025404157043879907
188	E	K	EPA	WPA	12	430	0.027906976744186046
189	E	K	EPA	WPA	13	443	0.029345372460496615
190	E	K	EPA	WPA	10	434	0.023041474654377881
191	E	K	EPA	WPA	9	429	0.02097902097902098
192	E	K	EPA	WPA	11	430	0.025581395348837209
193	E	K	EPA	WPA	10	431	0.023201856148491878
194	E	K	EPA	WPA	7	423	0.016548463356973995
195	E	K	EPA	WPA	12	433	0.02771362586605081
196	E	K	EPA	WPA	10	436	0.022935779816513763
197	E	K	EPA	WPA	14	444	0.031531531531531529
198	E	K	EPA	WPA	12	446	0.026905829596412557
199	E	K	EPA	WPA	10	434	0.023041474654377881
200	E	K	EPA	WPA	10	431	0.023201856148491878
201	E	K	EPA	WPA	10	435	0.022988505747126436
202	E	K	EPA	WPA	10	427	0.023419203747072601
203	E	K	EPA	WPA	5	433	0.011547344110854504
204	E	K	EPA	WPA	9	437	0.020594965675057208
205	E	K	EPA	WPA	10	431	0.023201856148491878
206	E	K	EPA	WPA	9	435	0.020689655172413793
207	E	K	EPA	WPA	8	442	0.018099547511312219
208	E	K	EPA	WPA	9	434	0.020737327188940093
209	E	K	EPA	WPA	11	438	0.025114155251141551
210	E	K	EPA	WPA	13	434	0.029953917050691243
211	E	K	EPA	WPA	13	440	0.029545454545454545
212	E	K	EPA	WPA	12	447	0.026845637583892617
213	E	K	EPA	WPA	12	436	0.027522935779816515
214	E	K	EPA	WPA	11	428	0.025700934579439252
215	E	K	EPA	WPA	12	448	0.026785714285714284
216	E	K	EPA	WPA	12	442	0.027149321266968326
217	E	K	EPA	WPA	9	433	0.020785219399538105
218	E	K	EPA	WPA	11	431	0.025522041763341066
219	E	K	EPA	WPA	6	434	0.013824884792626729
220	E	K	EPA	WPA	12	445	0.026966292134831461
221	E	K	EPA	WPA	6	422	0.014218009478672985
222	E	K	EPA	WPA	9	425	0.021176470588235293
223	E	K	EPA	WPA	11	431	0.025522041763341066
224	E	K	EPA	WPA	12	432	0.027777777777777776
225	E	K	EPA	WPA	12	431	0.027842227378190254
226	E	K	EPA	WPA	9	430	0.020930232558139535
227	E	K	EPA	WPA	12	441	0.027210884353741496
228	E	K	EPA	WPA	9	444	0.020270270270270271
229	E	K	EPA	WPA	6	446	0.013452914798206279
230	E	K	EPA	WPA	11	439	0.025056947608200455
231	E	K	EPA	WPA	8	435	0.018390804597701149
232	E	K	EPA	WPA	10	434	0.023041474654377881
233	E	K	EPA	WPA	15	437	0.034324942791762014
234	E	K	EPA	WPA	7	435	0.016091954022988506
235	E	K	EPA	WPA	10	434	0.023041474654377881
236	E	K	EPA	WPA	10	431	0.023201856148491878
237	E	K	EPA	WPA	12	447	0.026845637583892617
238	E	K	EPA	WPA	8	438	0.018264840182648401
239	E	K	EPA	WPA	11	427	0.02576112412177986
240	E	K	EPA	WPA	12	437	0.027459954233409609
241	E	K	EPA	WPA	11	431	0.025522041763341066
242	E	K	EPA	WPA	11	441	0.024943310657596373
243	E	K	EPA	WPA	11	440	0.025000000000000001
244	E	K	EPA	WPA	8	438	0.018264840182648401
245	E	K	EPA	WPA	10	435	0.022988505747126436
246	E	K	EPA	WPA	13	441	0.029478458049886622
247	E	K	EPA	WPA	11	433	0.025404157043879907
248	E	K	EPA	WPA	6	435	0.013793103448275862
249	E	K	EPA	WPA	12	445	0.026966292134831461
250	E	K	EPA	WPA	11	431	0.025522041763341066
251	E	K	EPA	WPA	12	444	0.027027027027027029
252	E	K	EPA	WPA	11	439	0.025056947608200455
253	E	K	EPA	WPA	10	431	0.023201856148491878
254	E	K	EPA	WPA	10	428	0.02336448598130841
255	E	K	EPA	WPA	9	436	0.020642201834862386
256	E	K	EPA	WPA	12	431	0.027842227378190254
257	E	K	EPA	WPA	11	436	0.025229357798165139
258	E	K	EPA	WPA	9	440	0.020454545454545454
259	E	K	EPA	WPA	14	436	0.032110091743119268
260	E	K	EPA	WPA	9	431	0.020881670533642691
261	E	K	EPA	WPA	11	445	0.024719101123595506
262	E	K	EPA	WPA	11	435	0.02528735632183908
263	E	K	EPA	WPA	12	430	0.027906976744186046
264	E	K	EPA	WPA	12	438	0.027397260273972601
265	E	K	EPA	WPA	10	434	0.023041474654377881
266	E	K	EPA	WPA	12	429	0.027972027972027972
267	E	K	EPA	WPA	13	437	0.029748283752860413
268	E	K	EPA	WPA	9	431	0.020881670533642691
269	E	K	EPA	WPA	9	433	0.020785219399538105
270	E	K	EPA	WPA	10	430	0.023255813953488372
271	E	K	EPA	WPA	10	428	0.02336448598130841
272	E	K	EPA	WPA	12	433	0.02771362586605081
273	E	K	EPA	WPA	11	438	0.025114155251141551
274	E	K	EPA	WPA	11	435	0.02528735632183908
275	E	K	EPA	WPA	12	443	0.027088036117381489
276	E	K	EPA	WPA	9	425	0.021176470588235293
277	E	K	EPA	WPA	16	433	0.03695150115473441
278	E	K	EPA	WPA	10	439	0.022779043280182234
279	E	K	EPA	WPA	10	434	0.023041474654377881
280	E	K	EPA	WPA	13	434	0.029953917050691243
281	E	K	EPA	WPA	11	446	0.024663677130044841
282	E	K	EPA	WPA	4	440	0.0090909090909090905
283	E	K	EPA	WPA	10	430	0.023255813953488372
284	E	K	EPA	WPA	16	437	0.036613272311212815
285	E	K	EPA	WPA	7	430	0.01627906976744186
286	E	K	EPA	WPA	9	425	0.021176470588235293
287	E	K	EPA	WPA	14	430	0.03255813953488372
288	E	K	EPA	WPA	10	444	0.022522522522522521
289	E	K	EPA	WPA	10	435	0.022988505747126436
290	E	K	EPA	WPA	7	426	0.016431924882629109
291	E	K	EPA	WPA	11	434	0.025345622119815669
292	E	K	EPA	WPA	11	427	0.02576112412177986
293	E	K	EPA	WPA	14	437	0.032036613272311214
294	E	K	EPA	WPA	8	437	0.018306636155606407
295	E	K	EPA	WPA	10	436	0.022935779816513763
296	E	K	EPA	WPA	13	432	0.030092592592592591
297	E	K	EPA	WPA	11	441	0.024943310657596373
298	E	K	EPA	WPA	10	437	0.022883295194508008
299	E	K	EPA	WPA	8	431	0.018561484918793503
300	E	K	EPA	WPA	14	435	0.032183908045977011
1	F	K	IND	WPA	0	433	0
2	F	K	IND	WPA	1	440	0.0022727272727272726
3	F	K	IND	WPA	1	440	0.0022727272727272726
4	F	K	IND	WPA	2	434	0.004608294930875576
5	F	K	IND	WPA	2	436	0.0045871559633027525
6	F	K	IND	WPA	1	437	0.0022883295194508009
7	F	K	IND	WPA	0	432	0
8	F	K	IND	WPA	0	442	0
9	F	K	IND	WPA	0	431	0
10	F	K	IND	WPA	1	433	0.0023094688221709007
11	F	K	IND	WPA	3	437	0.0068649885583524023
12	F	K	IND	WPA	0	436	0
13	F	K	IND	WPA	0	444	0
14	F	K	IND	WPA	1	442	0.0022624434389140274
15	F	K	IND	WPA	0	427	0
16	F	K	IND	WPA	0	444	0
17	F	K	IND	WPA	1	438	0.0022831050228310501
18	F	K	IND	WPA	0	440	0
19	F	K	IND	WPA	0	429	0
20	F	K	IND	WPA	1	430	0.0023255813953488372
21	F	K	IND	WPA	2	429	0.004662004662004662
22	F	K	IND	WPA	1	435	0.0022988505747126436
23	F	K	IND	WPA	0	430	0
24	F	K	IND	WPA	0	443	0
25	F	K	IND	WPA	0	434	0
26	F	K	IND	WPA	0	438	0
27	F	K	IND	WPA	2	436	0.0045871559633027525
28	F	K	IND	WPA	1	438	0.0022831050228310501
29	F	K	IND	WPA	0	436	0
30	F	K	IND	WPA	1	439	0.0022779043280182231
31	F	K	IND	WPA	0	438	0
32	F	K	IND	WPA	1	439	0.0022779043280182231
33	F	K	IND	WPA	0	436	0
34	F	K	IND	WPA	2	438	0.0045662100456621002
35	F	K	IND	WPA	1	438	0.0022831050228310501
36	F	K	IND	WPA	0	440	0
37	F	K	IND	WPA	1	442	0.0022624434389140274
38	F	K	IND	WPA	0	437	0
39	F	K	IND	WPA	0	434	0
40	F	K	IND	WPA	0	442	0
41	F	K	IND	WPA	2	444	0.0045045045045045045
42	F	K	IND	WPA	1	427	0.00234192037470726
43	F	K	IND	WPA	1	434	0.002304147465437788
44	F	K	IND	WPA	2	430	0.0046511627906976744
45	F	K	IND	WPA	1	431	0.0023201856148491878
46	F	K	IND	WPA	1	429	0.002331002331002331
47	F	K	IND	WPA	1	444	0.0022522522522522522
48	F	K	IND	WPA	2	441	0.0045351473922902496
49	F	K	IND	WPA	0	431	0
50	F	K	IND	WPA	2	424	0.0047169811320754715
51	F	K	IND	WPA	0	428	0
52	F	K	IND	WPA	3	428	0.0070093457943925233
53	F	K	IND	WPA	0	444	0
54	F	K	IND	WPA	2	439	0.0045558086560364463
55	F	K	IND	WPA	0	435	0
56	F	K	IND	WPA	1	437	0.0022883295194508009
57	F	K	IND	WPA	3	433	0.0069284064665127024
58	F	K	IND	WPA	0	441	0
59	F	K	IND	WPA	1	424	0.0023584905660377358
60	F	K	IND	WPA	1	440	0.0022727272727272726
61	F	K	IND	WPA	1	436	0.0022935779816513763
62	F	K	IND	WPA	1	422	0.0023696682464454978
63	F	K	IND	WPA	1	433	0.0023094688221709007
64	F	K	IND	WPA	0	433	0
65	F	K	IND	WPA	2	432	0.0046296296296296294
66	F	K	IND	WPA	2	445	0.0044943820224719105
67	F	K	IND	WPA	0	430	0
68	F	K	IND	WPA	2	438	0.0045662100456621002
69	F	K	IND	WPA	0	438	0
70	F	K	IND	WPA	0	439	0
71	F	K	IND	WPA	1	432	0.0023148148148148147
72	F	K	IND	WPA	1	436	0.0022935779816513763
73	F	K	IND	WPA	1	435	0.0022988505747126436
74	F	K	IND	WPA	1	436	0.0022935779816513763
75	F	K	IND	WPA	2	452	0.0044247787610619468
76	F	K	IND	WPA	0	441	0
77	F	K	IND	WPA	0	441	0
78	F	K	IND	WPA	1	435	0.0022988505747126436
79	F	K	IND	WPA	1	425	0.002352941176470588
80	F	K	IND	WPA	0	440	0
81	F	K	IND	WPA	2	436	0.0045871559633027525
82	F	K	IND	WPA	0	435	0
83	F	K	IND	WPA	0	426	0
84	F	K	IND	WPA	1	447	0.0022371364653243847
85	F	K	IND	WPA	0	434	0
86	F	K	IND	WPA	0	431	0
87	F	K	IND	WPA	1	432	0.0023148148148148147
88	F	K	IND	WPA	2	445	0.0044943820224719105
89	F	K	IND	WPA	0	432	0
90	F	K	IND	WPA	0	431	0
91	F	K	IND	WPA	3	436	0.0068807339449541288
92	F	K	IND	WPA	1	442	0.0022624434389140274
93	F	K	IND	WPA	0	426	0
94	F	K	IND	WPA	1	426	0.0023474178403755869
95	F	K	IND	WPA	0	431	0
96	F	K	IND	WPA	0	439	0
97	F	K	IND	WPA	3	436	0.0068807339449541288
98	F	K	IND	WPA	0	433	0
99	F	K	IND	WPA	2	434	0.004608294930875576
100	F	K	IND	WPA	3	439	0.0068337129840546698
101	F	K	IND	WPA	0	435	0
102	F	K	IND	WPA	1	448	0.002232142857142857
103	F	K	IND	WPA	1	438	0.0022831050228310501
104	F	K	IND	WPA	1	431	0.0023201856148491878
105	F	K	IND	WPA	1	435	0.0022988505747126436
106	F	K	IND	WPA	0	435	0
107	F	K	IND	WPA	2	443	0.0045146726862302479
108	F	K	IND	WPA	0	426	0
109	F	K	IND	WPA	1	444	0.0022522522522522522
110	F	K	IND	WPA	2	427	0.0046838407494145199
111	F	K	IND	WPA	2	447	0.0044742729306487695
112	F	K	IND	WPA	3	436	0.0068807339449541288
113	F	K	IND	WPA	1	432	0.0023148148148148147
114	F	K	IND	WPA	4	442	0.0090497737556561094
115	F	K	IND	WPA	0	435	0
116	F	K	IND	WPA	2	445	0.0044943820224719105
117	F	K	IND	WPA	1	441	0.0022675736961451248
118	F	K	IND	WPA	0	436	0
119	F	K	IND	WPA	1	439	0.0022779043280182231
120	F	K	IND	WPA	2	451	0.004434589800443459
121	F	K	IND	WPA	3	443	0.0067720090293453723
122	F	K	IND	WPA	0	432	0
123	F	K	IND	WPA	0	442	0
124	F	K	IND	WPA	1	437	0.0022883295194508009
125	F	K	IND	WPA	1	433	0.0023094688221709007
126	F	K	IND	WPA	2	438	0.0045662100456621002
127	F	K	IND	WPA	1	436	0.0022935779816513763
128	F	K	IND	WPA	3	436	0.0068807339449541288
129	F	K	IND	WPA	2	435	0.0045977011494252873
130	F	K	IND	WPA	0	433	0
131	F	K	IND	WPA	2	446	0.0044843049327354259
132	F	K	IND	WPA	3	442	0.0067873303167420816
133	F	K	IND	WPA	3	441	0.0068027210884353739
134	F	K	IND	WPA	2	444	0.0045045045045045045
135	F	K	IND	WPA	0	433	0
136	F	K	IND	WPA	0	432	0
137	F	K	IND	WPA	1	433	0.0023094688221709007
138	F	K	IND	WPA	1	438	0.0022831050228310501
139	F	K	IND	WPA	0	433	0
140	F	K	IND	WPA	2	433	0.0046189376443418013
141	F	K	IND	WPA	1	427	0.00234192037470726
142	F	K	IND	WPA	2	425	0.0047058823529411761
143	F	K	IND	WPA	1	430	0.0023255813953488372
144	F	K	IND	WPA	2	434	0.004608294930875576
145	F	K	IND	WPA	1	446	0.002242152466367713
146	F	K	IND	WPA	2	439	0.0045558086560364463
147	F	K	IND	WPA	0	433	0
148	F	K	IND	WPA	0	437	0
149	F	K	IND	WPA	1	425	0.002352941176470588
150	F	K	IND	WPA	0	440	0
151	F	K	IND	WPA	1	445	0.0022471910112359553
152	F	K	IND	WPA	1	435	0.0022988505747126436
153	F	K	IND	WPA	0	438	0
154	F	K	IND	WPA	0	445	0
155	F	K	IND	WPA	1	432	0.0023148148148148147
156	F	K	IND	WPA	1	429	0.002331002331002331
157	F	K	IND	WPA	1	432	0.0023148148148148147
158	F	K	IND	WPA	0	435	0
159	F	K	IND	WPA	2	441	0.0045351473922902496
160	F	K	IND	WPA	2	439	0.0045558086560364463
161	F	K	IND	WPA	3	438	0.0068493150684931503
162	F	K	IND	WPA	1	436	0.0022935779816513763
163	F	K	IND	WPA	2	434	0.004608294930875576
164	F	K	IND	WPA	1	437	0.0022883295194508009
165	F	K	IND	WPA	0	428	0
166	F	K	IND	WPA	1	436	0.0022935779816513763
167	F	K	IND	WPA	2	433	0.0046189376443418013
168	F	K	IND	WPA	2	435	0.0045977011494252873
169	F	K	IND	WPA	1	434	0.002304147465437788
170	F	K	IND	WPA	2	432	0.0046296296296296294
171	F	K	IND	WPA	0	434	0
172	F	K	IND	WPA	0	444	0
173	F	K	IND	WPA	0	440	0
174	F	K	IND	WPA	0	435	0
175	F	K	IND	WPA	1	429	0.002331002331002331
176	F	K	IND	WPA	0	437	0
177	F	K	IND	WPA	1	434	0.002304147465437788
178	F	K	IND	WPA	0	442	0
179	F	K	IND	WPA	3	447	0.0067114093959731542
180	F	K	IND	WPA	0	442	0
181	F	K	IND	WPA	2	435	0.0045977011494252873
182	F	K	IND	WPA	1	441	0.0022675736961451248
183	F	K	IND	WPA	2	437	0.0045766590389016018
184	F	K	IND	WPA	0	436	0
185	F	K	IND	WPA	0	434	0
186	F	K	IND	WPA	3	437	0.0068649885583524023
187	F	K	IND	WPA	0	433	0
188	F	K	IND	WPA	0	430	0
189	F	K	IND	WPA	3	443	0.0067720090293453723
190	F	K	IND	WPA	0	434	0
191	F	K	IND	WPA	0	429	0
192	F	K	IND	WPA	1	430	0.0023255813953488372
193	F	K	IND	WPA	2	431	0.0046403712296983757
194	F	K	IND	WPA	1	423	0.0023640661938534278
195	F	K	IND	WPA	0	433	0
196	F	K	IND	WPA	1	436	0.0022935779816513763
197	F	K	IND	WPA	0	444	0
198	F	K	IND	WPA	0	446	0
199	F	K	IND	WPA	1	434	0.002304147465437788
200	F	K	IND	WPA	2	431	0.0046403712296983757
201	F	K	IND	WPA	0	435	0
202	F	K	IND	WPA	1	427	0.00234192037470726
203	F	K	IND	WPA	3	433	0.0069284064665127024
204	F	K	IND	WPA	1	437	0.0022883295194508009
205	F	K	IND	WPA	1	431	0.0023201856148491878
206	F	K	IND	WPA	1	435	0.0022988505747126436
207	F	K	IND	WPA	1	442	0.0022624434389140274
208	F	K	IND	WPA	2	434	0.004608294930875576
209	F	K	IND	WPA	0	438	0
210	F	K	IND	WPA	1	434	0.002304147465437788
211	F	K	IND	WPA	1	440	0.0022727272727272726
212	F	K	IND	WPA	2	447	0.0044742729306487695
213	F	K	IND	WPA	1	436	0.0022935779816513763
214	F	K	IND	WPA	1	428	0.0023364485981308409
215	F	K	IND	WPA	0	448	0
216	F	K	IND	WPA	1	442	0.0022624434389140274
217	F	K	IND	WPA	2	433	0.0046189376443418013
218	F	K	IND	WPA	0	431	0
219	F	K	IND	WPA	2	434	0.004608294930875576
220	F	K	IND	WPA	1	445	0.0022471910112359553
221	F	K	IND	WPA	2	422	0.0047393364928909956
222	F	K	IND	WPA	1	425	0.002352941176470588
223	F	K	IND	WPA	0	431	0
224	F	K	IND	WPA	1	432	0.0023148148148148147
225	F	K	IND	WPA	0	431	0
226	F	K	IND	WPA	2	430	0.0046511627906976744
227	F	K	IND	WPA	0	441	0
228	F	K	IND	WPA	0	444	0
229	F	K	IND	WPA	2	446	0.0044843049327354259
230	F	K	IND	WPA	3	439	0.0068337129840546698
231	F	K	IND	WPA	1	435	0.0022988505747126436
232	F	K	IND	WPA	0	434	0
233	F	K	IND	WPA	0	437	0
234	F	K	IND	WPA	1	435	0.0022988505747126436
235	F	K	IND	WPA	1	434	0.002304147465437788
236	F	K	IND	WPA	0	431	0
237	F	K	IND	WPA	0	447	0
238	F	K	IND	WPA	0	438	0
239	F	K	IND	WPA	1	427	0.00234192037470726
240	F	K	IND	WPA	0	437	0
241	F	K	IND	WPA	1	431	0.0023201856148491878
242	F	K	IND	WPA	0	441	0
243	F	K	IND	WPA	2	440	0.0045454545454545452
244	F	K	IND	WPA	1	438	0.0022831050228310501
245	F	K	IND	WPA	0	435	0
246	F	K	IND	WPA	0	441	0
247	F	K	IND	WPA	0	433	0
248	F	K	IND	WPA	2	435	0.0045977011494252873
249	F	K	IND	WPA	0	445	0
250	F	K	IND	WPA	1	431	0.0023201856148491878
251	F	K	IND	WPA	2	444	0.0045045045045045045
252	F	K	IND	WPA	1	439	0.0022779043280182231
253	F	K	IND	WPA	3	431	0.0069605568445475635
254	F	K	IND	WPA	2	428	0.0046728971962616819
255	F	K	IND	WPA	0	436	0
256	F	K	IND	WPA	0	431	0
257	F	K	IND	WPA	1	436	0.0022935779816513763
258	F	K	IND	WPA	1	440	0.0022727272727272726
259	F	K	IND	WPA	1	436	0.0022935779816513763
260	F	K	IND	WPA	2	431	0.0046403712296983757
261	F	K	IND	WPA	1	445	0.0022471910112359553
262	F	K	IND	WPA	0	435	0
263	F	K	IND	WPA	0	430	0
264	F	K	IND	WPA	0	438	0
265	F	K	IND	WPA	1	434	0.002304147465437788
266	F	K	IND	WPA	0	429	0
267	F	K	IND	WPA	1	437	0.0022883295194508009
268	F	K	IND	WPA	0	431	0
269	F	K	IND	WPA	1	433	0.0023094688221709007
270	F	K	IND	WPA	0	430	0
271	F	K	IND	WPA	3	428	0.0070093457943925233
272	F	K	IND	WPA	1	433	0.0023094688221709007
273	F	K	IND	WPA	1	438	0.0022831050228310501
274	F	K	IND	WPA	0	435	0
275	F	K	IND	WPA	0	443	0
276	F	K	IND	WPA	1	425	0.002352941176470588
277	F	K	IND	WPA	1	433	0.0023094688221709007
278	F	K	IND	WPA	0	439	0
279	F	K	IND	WPA	0	434	0
280	F	K	IND	WPA	1	434	0.002304147465437788
281	F	K	IND	WPA	1	446	0.002242152466367713
282	F	K	IND	WPA	3	440	0.0068181818181818179
283	F	K	IND	WPA	2	430	0.0046511627906976744
284	F	K	IND	WPA	1	437	0.0022883295194508009
285	F	K	IND	WPA	3	430	0.0069767441860465115
286	F	K	IND	WPA	0	425	0
287	F	K	IND	WPA	1	430	0.0023255813953488372
288	F	K	IND	WPA	3	444	0.0067567567567567571
289	F	K	IND	WPA	1	435	0.0022988505747126436
290	F	K	IND	WPA	1	426	0.0023474178403755869
291	F	K	IND	WPA	3	434	0.0069124423963133645
292	F	K	IND	WPA	0	427	0
293	F	K	IND	WPA	1	437	0.0022883295194508009
294	F	K	IND	WPA	1	437	0.0022883295194508009
295	F	K	IND	WPA	1	436	0.0022935779816513763
296	F	K	IND	WPA	1	432	0.0023148148148148147
297	F	K	IND	WPA	0	441	0
298	F	K	IND	WPA	1	437	0.0022883295194508009
299	F	K	IND	WPA	0	431	0
300	F	K	IND	WPA	0	435	0
1	G	K	MDG	WPA	0	433	0
2	G	K	MDG	WPA	0	440	0
3	G	K	MDG	WPA	0	440	0
4	G	K	MDG	WPA	0	434	0
5	G	K	MDG	WPA	0	436	0
6	G	K	MDG	WPA	0	437	0
7	G	K	MDG	WPA	0	432	0
8	G	K	MDG	WPA	0	442	0
9	G	K	MDG	WPA	0	431	0
10	G	K	MDG	WPA	0	433	0
11	G	K	MDG	WPA	0	437	0
12	G	K	MDG	WPA	0	436	0
13	G	K	MDG	WPA	0	444	0
14	G	K	MDG	WPA	0	442	0
15	G	K	MDG	WPA	0	427	0
16	G	K	MDG	WPA	0	444	0
17	G	K	MDG	WPA	0	438	0
18	G	K	MDG	WPA	0	440	0
19	G	K	MDG	WPA	0	429	0
20	G	K	MDG	WPA	0	430	0
21	G	K	MDG	WPA	0	429	0
22	G	K	MDG	WPA	0	435	0
23	G	K	MDG	WPA	0	430	0
24	G	K	MDG	WPA	0	443	0
25	G	K	MDG	WPA	0	434	0
26	G	K	MDG	WPA	0	438	0
27	G	K	MDG	WPA	0	436	0
28	G	K	MDG	WPA	0	438	0
29	G	K	MDG	WPA	0	436	0
30	G	K	MDG	WPA	0	439	0
31	G	K	MDG	WPA	0	438	0
32	G	K	MDG	WPA	0	439	0
33	G	K	MDG	WPA	0	436	0
34	G	K	MDG	WPA	0	438	0
35	G	K	MDG	WPA	0	438	0
36	G	K	MDG	WPA	0	440	0
37	G	K	MDG	WPA	0	442	0
38	G	K	MDG	WPA	0	437	0
39	G	K	MDG	WPA	0	434	0
40	G	K	MDG	WPA	0	442	0
41	G	K	MDG	WPA	0	444	0
42	G	K	MDG	WPA	0	427	0
43	G	K	MDG	WPA	0	434	0
44	G	K	MDG	WPA	0	430	0
45	G	K	MDG	WPA	0	431	0
46	G	K	MDG	WPA	0	429	0
47	G	K	MDG	WPA	0	444	0
48	G	K	MDG	WPA	0	441	0
49	G	K	MDG	WPA	0	431	0
50	G	K	MDG	WPA	0	424	0
51	G	K	MDG	WPA	0	428	0
52	G	K	MDG	WPA	0	428	0
53	G	K	MDG	WPA	0	444	0
54	G	K	MDG	WPA	0	439	0
55	G	K	MDG	WPA	0	435	0
56	G	K	MDG	WPA	0	437	0
57	G	K	MDG	WPA	0	433	0
58	G	K	MDG	WPA	0	441	0
59	G	K	MDG	WPA	0	424	0
60	G	K	MDG	WPA	0	440	0
61	G	K	MDG	WPA	0	436	0
62	G	K	MDG	WPA	0	422	0
63	G	K	MDG	WPA	0	433	0
64	G	K	MDG	WPA	0	433	0
65	G	K	MDG	WPA	0	432	0
66	G	K	MDG	WPA	0	445	0
67	G	K	MDG	WPA	0	430	0
68	G	K	MDG	WPA	0	438	0
69	G	K	MDG	WPA	0	438	0
70	G	K	MDG	WPA	0	439	0
71	G	K	MDG	WPA	0	432	0
72	G	K	MDG	WPA	0	436	0
73	G	K	MDG	WPA	0	435	0
74	G	K	MDG	WPA	0	436	0
75	G	K	MDG	WPA	0	452	0
76	G	K	MDG	WPA	0	441	0
77	G	K	MDG	WPA	0	441	0
78	G	K	MDG	WPA	0	435	0
79	G	K	MDG	WPA	0	425	0
80	G	K	MDG	WPA	0	440	0
81	G	K	MDG	WPA	0	436	0
82	G	K	MDG	WPA	0	435	0
83	G	K	MDG	WPA	0	426	0
84	G	K	MDG	WPA	0	447	0
85	G	K	MDG	WPA	0	434	0
86	G	K	MDG	WPA	0	431	0
87	G	K	MDG	WPA	0	432	0
88	G	K	MDG	WPA	0	445	0
89	G	K	MDG	WPA	0	432	0
90	G	K	MDG	WPA	0	431	0
91	G	K	MDG	WPA	0	436	0
92	G	K	MDG	WPA	0	442	0
93	G	K	MDG	WPA	0	426	0
94	G	K	MDG	WPA	0	426	0
95	G	K	MDG	WPA	0	431	0
96	G	K	MDG	WPA	0	439	0
97	G	K	MDG	WPA	0	436	0
98	G	K	MDG	WPA	0	433	0
99	G	K	MDG	WPA	0	434	0
100	G	K	MDG	WPA	0	439	0
101	G	K	MDG	WPA	0	435	0
102	G	K	MDG	WPA	0	448	0
103	G	K	MDG	WPA	0	438	0
104	G	K	MDG	WPA	0	431	0
105	G	K	MDG	WPA	0	435	0
106	G	K	MDG	WPA	0	435	0
107	G	K	MDG	WPA	0	443	0
108	G	K	MDG	WPA	0	426	0
109	G	K	MDG	WPA	0	444	0
110	G	K	MDG	WPA	0	427	0
111	G	K	MDG	WPA	0	447	0
112	G	K	MDG	WPA	0	436	0
113	G	K	MDG	WPA	0	432	0
114	G	K	MDG	WPA	0	442	0
115	G	K	MDG	WPA	0	435	0
116	G	K	MDG	WPA	0	445	0
117	G	K	MDG	WPA	0	441	0
118	G	K	MDG	WPA	0	436	0
119	G	K	MDG	WPA	0	439	0
120	G	K	MDG	WPA	0	451	0
121	G	K	MDG	WPA	0	443	0
122	G	K	MDG	WPA	0	432	0
123	G	K	MDG	WPA	0	442	0
124	G	K	MDG	WPA	0	437	0
125	G	K	MDG	WPA	0	433	0
126	G	K	MDG	WPA	0	438	0
127	G	K	MDG	WPA	0	436	0
128	G	K	MDG	WPA	0	436	0
129	G	K	MDG	WPA	0	435	0
130	G	K	MDG	WPA	0	433	0
131	G	K	MDG	WPA	0	446	0
132	G	K	MDG	WPA	0	442	0
133	G	K	MDG	WPA	0	441	0
134	G	K	MDG	WPA	0	444	0
135	G	K	MDG	WPA	0	433	0
136	G	K	MDG	WPA	0	432	0
137	G	K	MDG	WPA	0	433	0
138	G	K	MDG	WPA	0	438	0
139	G	K	MDG	WPA	0	433	0
140	G	K	MDG	WPA	0	433	0
141	G	K	MDG	WPA	0	427	0
142	G	K	MDG	WPA	0	425	0
143	G	K	MDG	WPA	0	430	0
144	G	K	MDG	WPA	0	434	0
145	G	K	MDG	WPA	0	446	0
146	G	K	MDG	WPA	0	439	0
147	G	K	MDG	WPA	0	433	0
148	G	K	MDG	WPA	0	437	0
149	G	K	MDG	WPA	0	425	0
150	G	K	MDG	WPA	0	440	0
151	G	K	MDG	WPA	0	445	0
152	G	K	MDG	WPA	0	435	0
153	G	K	MDG	WPA	0	438	0
154	G	K	MDG	WPA	0	445	0
155	G	K	MDG	WPA	0	432	0
156	G	K	MDG	WPA	0	429	0
157	G	K	MDG	WPA	0	432	0
158	G	K	MDG	WPA	0	435	0
159	G	K	MDG	WPA	0	441	0
160	G	K	MDG	WPA	0	439	0
161	G	K	MDG	WPA	0	438	0
162	G	K	MDG	WPA	0	436	0
163	G	K	MDG	WPA	0	434	0
164	G	K	MDG	WPA	0	437	0
165	G	K	MDG	WPA	0	428	0
166	G	K	MDG	WPA	0	436	0
167	G	K	MDG	WPA	0	433	0
168	G	K	MDG	WPA	0	435	0
169	G	K	MDG	WPA	0	434	0
170	G	K	MDG	WPA	0	432	0
171	G	K	MDG	WPA	0	434	0
172	G	K	MDG	WPA	0	444	0
173	G	K	MDG	WPA	0	440	0
174	G	K	MDG	WPA	0	435	0
175	G	K	MDG	WPA	0	429	0
176	G	K	MDG	WPA	0	437	0
177	G	K	MDG	WPA	0	434	0
178	G	K	MDG	WPA	0	442	0
179	G	K	MDG	WPA	0	447	0
180	G	K	MDG	WPA	0	442	0
181	G	K	MDG	WPA	0	435	0
182	G	K	MDG	WPA	0	441	0
183	G	K	MDG	WPA	0	437	0
184	G	K	MDG	WPA	0	436	0
185	G	K	MDG	WPA	0	434	0
186	G	K	MDG	WPA	0	437	0
187	G	K	MDG	WPA	0	433	0
188	G	K	MDG	WPA	0	430	0
189	G	K	MDG	WPA	0	443	0
190	G	K	MDG	WPA	0	434	0
191	G	K	MDG	WPA	0	429	0
192	G	K	MDG	WPA	0	430	0
193	G	K	MDG	WPA	0	431	0
194	G	K	MDG	WPA	0	423	0
195	G	K	MDG	WPA	0	433	0
196	G	K	MDG	WPA	0	436	0
197	G	K	MDG	WPA	0	444	0
198	G	K	MDG	WPA	0	446	0
199	G	K	MDG	WPA	0	434	0
200	G	K	MDG	WPA	0	431	0
201	G	K	MDG	WPA	0	435	0
202	G	K	MDG	WPA	0	427	0
203	G	K	MDG	WPA	0	433	0
204	G	K	MDG	WPA	0	437	0
205	G	K	MDG	WPA	0	431	0
206	G	K	MDG	WPA	0	435	0
207	G	K	MDG	WPA	0	442	0
208	G	K	MDG	WPA	0	434	0
209	G	K	MDG	WPA	0	438	0
210	G	K	MDG	WPA	0	434	0
211	G	K	MDG	WPA	0	440	0
212	G	K	MDG	WPA	0	447	0
213	G	K	MDG	WPA	0	436	0
214	G	K	MDG	WPA	0	428	0
215	G	K	MDG	WPA	0	448	0
216	G	K	MDG	WPA	0	442	0
217	G	K	MDG	WPA	0	433	0
218	G	K	MDG	WPA	0	431	0
219	G	K	MDG	WPA	0	434	0
220	G	K	MDG	WPA	0	445	0
221	G	K	MDG	WPA	0	422	0
222	G	K	MDG	WPA	0	425	0
223	G	K	MDG	WPA	0	431	0
224	G	K	MDG	WPA	0	432	0
225	G	K	MDG	WPA	0	431	0
226	G	K	MDG	WPA	0	430	0
227	G	K	MDG	WPA	0	441	0
228	G	K	MDG	WPA	0	444	0
229	G	K	MDG	WPA	0	446	0
230	G	K	MDG	WPA	0	439	0
231	G	K	MDG	WPA	0	435	0
232	G	K	MDG	WPA	0	434	0
233	G	K	MDG	WPA	0	437	0
234	G	K	MDG	WPA	0	435	0
235	G	K	MDG	WPA	0	434	0
236	G	K	MDG	WPA	0	431	0
237	G	K	MDG	WPA	0	447	0
238	G	K	MDG	WPA	0	438	0
239	G	K	MDG	WPA	0	427	0
240	G	K	MDG	WPA	0	437	0
241	G	K	MDG	WPA	0	431	0
242	G	K	MDG	WPA	0	441	0
243	G	K	MDG	WPA	0	440	0
244	G	K	MDG	WPA	0	438	0
245	G	K	MDG	WPA	0	435	0
246	G	K	MDG	WPA	0	441	0
247	G	K	MDG	WPA	0	433	0
248	G	K	MDG	WPA	0	435	0
249	G	K	MDG	WPA	0	445	0
250	G	K	MDG	WPA	0	431	0
251	G	K	MDG	WPA	0	444	0
252	G	K	MDG	WPA	0	439	0
253	G	K	MDG	WPA	0	431	0
254	G	K	MDG	WPA	0	428	0
255	G	K	MDG	WPA	0	436	0
256	G	K	MDG	WPA	0	431	0
257	G	K	MDG	WPA	0	436	0
258	G	K	MDG	WPA	0	440	0
259	G	K	MDG	WPA	0	436	0
260	G	K	MDG	WPA	0	431	0
261	G	K	MDG	WPA	0	445	0
262	G	K	MDG	WPA	0	435	0
263	G	K	MDG	WPA	0	430	0
264	G	K	MDG	WPA	0	438	0
265	G	K	MDG	WPA	0	434	0
266	G	K	MDG	WPA	0	429	0
267	G	K	MDG	WPA	0	437	0
268	G	K	MDG	WPA	0	431	0
269	G	K	MDG	WPA	0	433	0
270	G	K	MDG	WPA	0	430	0
271	G	K	MDG	WPA	0	428	0
272	G	K	MDG	WPA	0	433	0
273	G	K	MDG	WPA	0	438	0
274	G	K	MDG	WPA	0	435	0
275	G	K	MDG	WPA	0	443	0
276	G	K	MDG	WPA	0	425	0
277	G	K	MDG	WPA	0	433	0
278	G	K	MDG	WPA	0	439	0
279	G	K	MDG	WPA	0	434	0
280	G	K	MDG	WPA	0	434	0
281	G	K	MDG	WPA	0	446	0
282	G	K	MDG	WPA	0	440	0
283	G	K	MDG	WPA	0	430	0
284	G	K	MDG	WPA	0	437	0
285	G	K	MDG	WPA	0	430	0
286	G	K	MDG	WPA	0	425	0
287	G	K	MDG	WPA	0	430	0
288	G	K	MDG	WPA	0	444	0
289	G	K	MDG	WPA	0	435	0
290	G	K	MDG	WPA	0	426	0
291	G	K	MDG	WPA	0	434	0
292	G	K	MDG	WPA	0	427	0
293	G	K	MDG	WPA	0	437	0
294	G	K	MDG	WPA	0	437	0
295	G	K	MDG	WPA	0	436	0
296	G	K	MDG	WPA	0	432	0
297	G	K	MDG	WPA	0	441	0
298	G	K	MDG	WPA	0	437	0
299	G	K	MDG	WPA	0	431	0
300	G	K	MDG	WPA	0	435	0
1	H	K	ORI	WPA	0	433	0
2	H	K	ORI	WPA	0	440	0
3	H	K	ORI	WPA	0	440	0
4	H	K	ORI	WPA	0	434	0
5	H	K	ORI	WPA	0	436	0
6	H	K	ORI	WPA	0	437	0
7	H	K	ORI	WPA	0	432	0
8	H	K	ORI	WPA	0	442	0
9	H	K	ORI	WPA	0	431	0
10	H	K	ORI	WPA	0	433	0
11	H	K	ORI	WPA	0	437	0
12	H	K	ORI	WPA	0	436	0
13	H	K	ORI	WPA	0	444	0
14	H	K	ORI	WPA	0	442	0
15	H	K	ORI	WPA	0	427	0
16	H	K	ORI	WPA	0	444	0
17	H	K	ORI	WPA	0	438	0
18	H	K	ORI	WPA	0	440	0
19	H	K	ORI	WPA	0	429	0
20	H	K	ORI	WPA	0	430	0
21	H	K	ORI	WPA	0	429	0
22	H	K	ORI	WPA	0	435	0
23	H	K	ORI	WPA	0	430	0
24	H	K	ORI	WPA	0	443	0
25	H	K	ORI	WPA	0	434	0
26	H	K	ORI	WPA	0	438	0
27	H	K	ORI	WPA	0	436	0
28	H	K	ORI	WPA	0	438	0
29	H	K	ORI	WPA	0	436	0
30	H	K	ORI	WPA	0	439	0
31	H	K	ORI	WPA	0	438	0
32	H	K	ORI	WPA	0	439	0
33	H	K	ORI	WPA	0	436	0
34	H	K	ORI	WPA	0	438	0
35	H	K	ORI	WPA	0	438	0
36	H	K	ORI	WPA	0	440	0
37	H	K	ORI	WPA	1	442	0.0022624434389140274
38	H	K	ORI	WPA	0	437	0
39	H	K	ORI	WPA	1	434	0.002304147465437788
40	H	K	ORI	WPA	1	442	0.0022624434389140274
41	H	K	ORI	WPA	0	444	0
42	H	K	ORI	WPA	0	427	0
43	H	K	ORI	WPA	0	434	0
44	H	K	ORI	WPA	0	430	0
45	H	K	ORI	WPA	0	431	0
46	H	K	ORI	WPA	0	429	0
47	H	K	ORI	WPA	0	444	0
48	H	K	ORI	WPA	0	441	0
49	H	K	ORI	WPA	2	431	0.0046403712296983757
50	H	K	ORI	WPA	0	424	0
51	H	K	ORI	WPA	0	428	0
52	H	K	ORI	WPA	0	428	0
53	H	K	ORI	WPA	0	444	0
54	H	K	ORI	WPA	0	439	0
55	H	K	ORI	WPA	0	435	0
56	H	K	ORI	WPA	0	437	0
57	H	K	ORI	WPA	0	433	0
58	H	K	ORI	WPA	0	441	0
59	H	K	ORI	WPA	0	424	0
60	H	K	ORI	WPA	0	440	0
61	H	K	ORI	WPA	0	436	0
62	H	K	ORI	WPA	0	422	0
63	H	K	ORI	WPA	0	433	0
64	H	K	ORI	WPA	0	433	0
65	H	K	ORI	WPA	0	432	0
66	H	K	ORI	WPA	0	445	0
67	H	K	ORI	WPA	0	430	0
68	H	K	ORI	WPA	0	438	0
69	H	K	ORI	WPA	0	438	0
70	H	K	ORI	WPA	1	439	0.0022779043280182231
71	H	K	ORI	WPA	0	432	0
72	H	K	ORI	WPA	0	436	0
73	H	K	ORI	WPA	0	435	0
74	H	K	ORI	WPA	1	436	0.0022935779816513763
75	H	K	ORI	WPA	0	452	0
76	H	K	ORI	WPA	0	441	0
77	H	K	ORI	WPA	0	441	0
78	H	K	ORI	WPA	0	435	0
79	H	K	ORI	WPA	0	425	0
80	H	K	ORI	WPA	0	440	0
81	H	K	ORI	WPA	0	436	0
82	H	K	ORI	WPA	0	435	0
83	H	K	ORI	WPA	0	426	0
84	H	K	ORI	WPA	0	447	0
85	H	K	ORI	WPA	0	434	0
86	H	K	ORI	WPA	0	431	0
87	H	K	ORI	WPA	0	432	0
88	H	K	ORI	WPA	0	445	0
89	H	K	ORI	WPA	0	432	0
90	H	K	ORI	WPA	1	431	0.0023201856148491878
91	H	K	ORI	WPA	0	436	0
92	H	K	ORI	WPA	0	442	0
93	H	K	ORI	WPA	0	426	0
94	H	K	ORI	WPA	0	426	0
95	H	K	ORI	WPA	0	431	0
96	H	K	ORI	WPA	0	439	0
97	H	K	ORI	WPA	0	436	0
98	H	K	ORI	WPA	0	433	0
99	H	K	ORI	WPA	1	434	0.002304147465437788
100	H	K	ORI	WPA	0	439	0
101	H	K	ORI	WPA	0	435	0
102	H	K	ORI	WPA	0	448	0
103	H	K	ORI	WPA	0	438	0
104	H	K	ORI	WPA	1	431	0.0023201856148491878
105	H	K	ORI	WPA	1	435	0.0022988505747126436
106	H	K	ORI	WPA	0	435	0
107	H	K	ORI	WPA	0	443	0
108	H	K	ORI	WPA	0	426	0
109	H	K	ORI	WPA	0	444	0
110	H	K	ORI	WPA	0	427	0
111	H	K	ORI	WPA	0	447	0
112	H	K	ORI	WPA	0	436	0
113	H	K	ORI	WPA	1	432	0.0023148148148148147
114	H	K	ORI	WPA	0	442	0
115	H	K	ORI	WPA	0	435	0
116	H	K	ORI	WPA	0	445	0
117	H	K	ORI	WPA	0	441	0
118	H	K	ORI	WPA	0	436	0
119	H	K	ORI	WPA	0	439	0
120	H	K	ORI	WPA	0	451	0
121	H	K	ORI	WPA	0	443	0
122	H	K	ORI	WPA	0	432	0
123	H	K	ORI	WPA	0	442	0
124	H	K	ORI	WPA	0	437	0
125	H	K	ORI	WPA	0	433	0
126	H	K	ORI	WPA	0	438	0
127	H	K	ORI	WPA	0	436	0
128	H	K	ORI	WPA	0	436	0
129	H	K	ORI	WPA	0	435	0
130	H	K	ORI	WPA	0	433	0
131	H	K	ORI	WPA	1	446	0.002242152466367713
132	H	K	ORI	WPA	0	442	0
133	H	K	ORI	WPA	0	441	0
134	H	K	ORI	WPA	0	444	0
135	H	K	ORI	WPA	0	433	0
136	H	K	ORI	WPA	1	432	0.0023148148148148147
137	H	K	ORI	WPA	0	433	0
138	H	K	ORI	WPA	0	438	0
139	H	K	ORI	WPA	0	433	0
140	H	K	ORI	WPA	0	433	0
141	H	K	ORI	WPA	1	427	0.00234192037470726
142	H	K	ORI	WPA	0	425	0
143	H	K	ORI	WPA	1	430	0.0023255813953488372
144	H	K	ORI	WPA	0	434	0
145	H	K	ORI	WPA	0	446	0
146	H	K	ORI	WPA	0	439	0
147	H	K	ORI	WPA	0	433	0
148	H	K	ORI	WPA	0	437	0
149	H	K	ORI	WPA	0	425	0
150	H	K	ORI	WPA	1	440	0.0022727272727272726
151	H	K	ORI	WPA	0	445	0
152	H	K	ORI	WPA	1	435	0.0022988505747126436
153	H	K	ORI	WPA	0	438	0
154	H	K	ORI	WPA	0	445	0
155	H	K	ORI	WPA	0	432	0
156	H	K	ORI	WPA	0	429	0
157	H	K	ORI	WPA	0	432	0
158	H	K	ORI	WPA	0	435	0
159	H	K	ORI	WPA	0	441	0
160	H	K	ORI	WPA	0	439	0
161	H	K	ORI	WPA	0	438	0
162	H	K	ORI	WPA	0	436	0
163	H	K	ORI	WPA	0	434	0
164	H	K	ORI	WPA	1	437	0.0022883295194508009
165	H	K	ORI	WPA	0	428	0
166	H	K	ORI	WPA	0	436	0
167	H	K	ORI	WPA	1	433	0.0023094688221709007
168	H	K	ORI	WPA	1	435	0.0022988505747126436
169	H	K	ORI	WPA	0	434	0
170	H	K	ORI	WPA	1	432	0.0023148148148148147
171	H	K	ORI	WPA	1	434	0.002304147465437788
172	H	K	ORI	WPA	0	444	0
173	H	K	ORI	WPA	0	440	0
174	H	K	ORI	WPA	0	435	0
175	H	K	ORI	WPA	0	429	0
176	H	K	ORI	WPA	1	437	0.0022883295194508009
177	H	K	ORI	WPA	1	434	0.002304147465437788
178	H	K	ORI	WPA	1	442	0.0022624434389140274
179	H	K	ORI	WPA	1	447	0.0022371364653243847
180	H	K	ORI	WPA	0	442	0
181	H	K	ORI	WPA	0	435	0
182	H	K	ORI	WPA	0	441	0
183	H	K	ORI	WPA	0	437	0
184	H	K	ORI	WPA	0	436	0
185	H	K	ORI	WPA	0	434	0
186	H	K	ORI	WPA	0	437	0
187	H	K	ORI	WPA	0	433	0
188	H	K	ORI	WPA	0	430	0
189	H	K	ORI	WPA	0	443	0
190	H	K	ORI	WPA	1	434	0.002304147465437788
191	H	K	ORI	WPA	0	429	0
192	H	K	ORI	WPA	1	430	0.0023255813953488372
193	H	K	ORI	WPA	0	431	0
194	H	K	ORI	WPA	0	423	0
195	H	K	ORI	WPA	0	433	0
196	H	K	ORI	WPA	0	436	0
197	H	K	ORI	WPA	0	444	0
198	H	K	ORI	WPA	0	446	0
199	H	K	ORI	WPA	0	434	0
200	H	K	ORI	WPA	0	431	0
201	H	K	ORI	WPA	0	435	0
202	H	K	ORI	WPA	0	427	0
203	H	K	ORI	WPA	1	433	0.0023094688221709007
204	H	K	ORI	WPA	0	437	0
205	H	K	ORI	WPA	1	431	0.0023201856148491878
206	H	K	ORI	WPA	0	435	0
207	H	K	ORI	WPA	0	442	0
208	H	K	ORI	WPA	0	434	0
209	H	K	ORI	WPA	0	438	0
210	H	K	ORI	WPA	0	434	0
211	H	K	ORI	WPA	0	440	0
212	H	K	ORI	WPA	0	447	0
213	H	K	ORI	WPA	0	436	0
214	H	K	ORI	WPA	0	428	0
215	H	K	ORI	WPA	0	448	0
216	H	K	ORI	WPA	0	442	0
217	H	K	ORI	WPA	1	433	0.0023094688221709007
218	H	K	ORI	WPA	0	431	0
219	H	K	ORI	WPA	0	434	0
220	H	K	ORI	WPA	0	445	0
221	H	K	ORI	WPA	0	422	0
222	H	K	ORI	WPA	0	425	0
223	H	K	ORI	WPA	0	431	0
224	H	K	ORI	WPA	0	432	0
225	H	K	ORI	WPA	1	431	0.0023201856148491878
226	H	K	ORI	WPA	0	430	0
227	H	K	ORI	WPA	0	441	0
228	H	K	ORI	WPA	0	444	0
229	H	K	ORI	WPA	0	446	0
230	H	K	ORI	WPA	0	439	0
231	H	K	ORI	WPA	0	435	0
232	H	K	ORI	WPA	0	434	0
233	H	K	ORI	WPA	0	437	0
234	H	K	ORI	WPA	1	435	0.0022988505747126436
235	H	K	ORI	WPA	0	434	0
236	H	K	ORI	WPA	1	431	0.0023201856148491878
237	H	K	ORI	WPA	0	447	0
238	H	K	ORI	WPA	0	438	0
239	H	K	ORI	WPA	0	427	0
240	H	K	ORI	WPA	0	437	0
241	H	K	ORI	WPA	0	431	0
242	H	K	ORI	WPA	0	441	0
243	H	K	ORI	WPA	0	440	0
244	H	K	ORI	WPA	0	438	0
245	H	K	ORI	WPA	0	435	0
246	H	K	ORI	WPA	0	441	0
247	H	K	ORI	WPA	0	433	0
248	H	K	ORI	WPA	0	435	0
249	H	K	ORI	WPA	0	445	0
250	H	K	ORI	WPA	0	431	0
251	H	K	ORI	WPA	0	444	0
252	H	K	ORI	WPA	0	439	0
253	H	K	ORI	WPA	0	431	0
254	H	K	ORI	WPA	0	428	0
255	H	K	ORI	WPA	0	436	0
256	H	K	ORI	WPA	0	431	0
257	H	K	ORI	WPA	0	436	0
258	H	K	ORI	WPA	0	440	0
259	H	K	ORI	WPA	0	436	0
260	H	K	ORI	WPA	0	431	0
261	H	K	ORI	WPA	0	445	0
262	H	K	ORI	WPA	0	435	0
263	H	K	ORI	WPA	0	430	0
264	H	K	ORI	WPA	0	438	0
265	H	K	ORI	WPA	0	434	0
266	H	K	ORI	WPA	0	429	0
267	H	K	ORI	WPA	0	437	0
268	H	K	ORI	WPA	0	431	0
269	H	K	ORI	WPA	1	433	0.0023094688221709007
270	H	K	ORI	WPA	0	430	0
271	H	K	ORI	WPA	0	428	0
272	H	K	ORI	WPA	0	433	0
273	H	K	ORI	WPA	0	438	0
274	H	K	ORI	WPA	0	435	0
275	H	K	ORI	WPA	0	443	0
276	H	K	ORI	WPA	2	425	0.0047058823529411761
277	H	K	ORI	WPA	0	433	0
278	H	K	ORI	WPA	1	439	0.0022779043280182231
279	H	K	ORI	WPA	0	434	0
280	H	K	ORI	WPA	0	434	0
281	H	K	ORI	WPA	0	446	0
282	H	K	ORI	WPA	0	440	0
283	H	K	ORI	WPA	0	430	0
284	H	K	ORI	WPA	0	437	0
285	H	K	ORI	WPA	0	430	0
286	H	K	ORI	WPA	0	425	0
287	H	K	ORI	WPA	0	430	0
288	H	K	ORI	WPA	0	444	0
289	H	K	ORI	WPA	0	435	0
290	H	K	ORI	WPA	0	426	0
291	H	K	ORI	WPA	0	434	0
292	H	K	ORI	WPA	0	427	0
293	H	K	ORI	WPA	0	437	0
294	H	K	ORI	WPA	0	437	0
295	H	K	ORI	WPA	0	436	0
296	H	K	ORI	WPA	0	432	0
297	H	K	ORI	WPA	0	441	0
298	H	K	ORI	WPA	0	437	0
299	H	K	ORI	WPA	0	431	0
300	H	K	ORI	WPA	0	435	0
1	I	K	SAM	WPA	0	433	0
2	I	K	SAM	WPA	0	440	0
3	I	K	SAM	WPA	0	440	0
4	I	K	SAM	WPA	0	434	0
5	I	K	SAM	WPA	0	436	0
6	I	K	SAM	WPA	0	437	0
7	I	K	SAM	WPA	0	432	0
8	I	K	SAM	WPA	0	442	0
9	I	K	SAM	WPA	0	431	0
10	I	K	SAM	WPA	0	433	0
11	I	K	SAM	WPA	0	437	0
12	I	K	SAM	WPA	0	436	0
13	I	K	SAM	WPA	0	444	0
14	I	K	SAM	WPA	0	442	0
15	I	K	SAM	WPA	0	427	0
16	I	K	SAM	WPA	0	444	0
17	I	K	SAM	WPA	0	438	0
18	I	K	SAM	WPA	0	440	0
19	I	K	SAM	WPA	0	429	0
20	I	K	SAM	WPA	0	430	0
21	I	K	SAM	WPA	0	429	0
22	I	K	SAM	WPA	0	435	0
23	I	K	SAM	WPA	0	430	0
24	I	K	SAM	WPA	0	443	0
25	I	K	SAM	WPA	0	434	0
26	I	K	SAM	WPA	0	438	0
27	I	K	SAM	WPA	0	436	0
28	I	K	SAM	WPA	0	438	0
29	I	K	SAM	WPA	0	436	0
30	I	K	SAM	WPA	0	439	0
31	I	K	SAM	WPA	0	438	0
32	I	K	SAM	WPA	0	439	0
33	I	K	SAM	WPA	0	436	0
34	I	K	SAM	WPA	0	438	0
35	I	K	SAM	WPA	0	438	0
36	I	K	SAM	WPA	0	440	0
37	I	K	SAM	WPA	0	442	0
38	I	K	SAM	WPA	0	437	0
39	I	K	SAM	WPA	0	434	0
40	I	K	SAM	WPA	0	442	0
41	I	K	SAM	WPA	0	444	0
42	I	K	SAM	WPA	0	427	0
43	I	K	SAM	WPA	0	434	0
44	I	K	SAM	WPA	0	430	0
45	I	K	SAM	WPA	0	431	0
46	I	K	SAM	WPA	0	429	0
47	I	K	SAM	WPA	0	444	0
48	I	K	SAM	WPA	0	441	0
49	I	K	SAM	WPA	0	431	0
50	I	K	SAM	WPA	0	424	0
51	I	K	SAM	WPA	0	428	0
52	I	K	SAM	WPA	0	428	0
53	I	K	SAM	WPA	0	444	0
54	I	K	SAM	WPA	0	439	0
55	I	K	SAM	WPA	0	435	0
56	I	K	SAM	WPA	0	437	0
57	I	K	SAM	WPA	0	433	0
58	I	K	SAM	WPA	0	441	0
59	I	K	SAM	WPA	0	424	0
60	I	K	SAM	WPA	0	440	0
61	I	K	SAM	WPA	0	436	0
62	I	K	SAM	WPA	0	422	0
63	I	K	SAM	WPA	0	433	0
64	I	K	SAM	WPA	0	433	0
65	I	K	SAM	WPA	0	432	0
66	I	K	SAM	WPA	0	445	0
67	I	K	SAM	WPA	0	430	0
68	I	K	SAM	WPA	0	438	0
69	I	K	SAM	WPA	0	438	0
70	I	K	SAM	WPA	0	439	0
71	I	K	SAM	WPA	0	432	0
72	I	K	SAM	WPA	0	436	0
73	I	K	SAM	WPA	0	435	0
74	I	K	SAM	WPA	0	436	0
75	I	K	SAM	WPA	0	452	0
76	I	K	SAM	WPA	0	441	0
77	I	K	SAM	WPA	0	441	0
78	I	K	SAM	WPA	0	435	0
79	I	K	SAM	WPA	0	425	0
80	I	K	SAM	WPA	0	440	0
81	I	K	SAM	WPA	0	436	0
82	I	K	SAM	WPA	0	435	0
83	I	K	SAM	WPA	0	426	0
84	I	K	SAM	WPA	0	447	0
85	I	K	SAM	WPA	0	434	0
86	I	K	SAM	WPA	0	431	0
87	I	K	SAM	WPA	0	432	0
88	I	K	SAM	WPA	0	445	0
89	I	K	SAM	WPA	0	432	0
90	I	K	SAM	WPA	0	431	0
91	I	K	SAM	WPA	0	436	0
92	I	K	SAM	WPA	0	442	0
93	I	K	SAM	WPA	0	426	0
94	I	K	SAM	WPA	0	426	0
95	I	K	SAM	WPA	0	431	0
96	I	K	SAM	WPA	0	439	0
97	I	K	SAM	WPA	0	436	0
98	I	K	SAM	WPA	0	433	0
99	I	K	SAM	WPA	0	434	0
100	I	K	SAM	WPA	0	439	0
101	I	K	SAM	WPA	0	435	0
102	I	K	SAM	WPA	0	448	0
103	I	K	SAM	WPA	0	438	0
104	I	K	SAM	WPA	0	431	0
105	I	K	SAM	WPA	0	435	0
106	I	K	SAM	WPA	0	435	0
107	I	K	SAM	WPA	0	443	0
108	I	K	SAM	WPA	0	426	0
109	I	K	SAM	WPA	0	444	0
110	I	K	SAM	WPA	0	427	0
111	I	K	SAM	WPA	0	447	0
112	I	K	SAM	WPA	0	436	0
113	I	K	SAM	WPA	0	432	0
114	I	K	SAM	WPA	0	442	0
115	I	K	SAM	WPA	0	435	0
116	I	K	SAM	WPA	0	445	0
117	I	K	SAM	WPA	0	441	0
118	I	K	SAM	WPA	0	436	0
119	I	K	SAM	WPA	0	439	0
120	I	K	SAM	WPA	0	451	0
121	I	K	SAM	WPA	0	443	0
122	I	K	SAM	WPA	0	432	0
123	I	K	SAM	WPA	0	442	0
124	I	K	SAM	WPA	0	437	0
125	I	K	SAM	WPA	0	433	0
126	I	K	SAM	WPA	0	438	0
127	I	K	SAM	WPA	0	436	0
128	I	K	SAM	WPA	0	436	0
129	I	K	SAM	WPA	0	435	0
130	I	K	SAM	WPA	0	433	0
131	I	K	SAM	WPA	0	446	0
132	I	K	SAM	WPA	0	442	0
133	I	K	SAM	WPA	0	441	0
134	I	K	SAM	WPA	0	444	0
135	I	K	SAM	WPA	0	433	0
136	I	K	SAM	WPA	0	432	0
137	I	K	SAM	WPA	0	433	0
138	I	K	SAM	WPA	0	438	0
139	I	K	SAM	WPA	0	433	0
140	I	K	SAM	WPA	0	433	0
141	I	K	SAM	WPA	0	427	0
142	I	K	SAM	WPA	0	425	0
143	I	K	SAM	WPA	0	430	0
144	I	K	SAM	WPA	0	434	0
145	I	K	SAM	WPA	0	446	0
146	I	K	SAM	WPA	0	439	0
147	I	K	SAM	WPA	0	433	0
148	I	K	SAM	WPA	0	437	0
149	I	K	SAM	WPA	0	425	0
150	I	K	SAM	WPA	0	440	0
151	I	K	SAM	WPA	0	445	0
152	I	K	SAM	WPA	0	435	0
153	I	K	SAM	WPA	0	438	0
154	I	K	SAM	WPA	0	445	0
155	I	K	SAM	WPA	0	432	0
156	I	K	SAM	WPA	0	429	0
157	I	K	SAM	WPA	0	432	0
158	I	K	SAM	WPA	0	435	0
159	I	K	SAM	WPA	0	441	0
160	I	K	SAM	WPA	0	439	0
161	I	K	SAM	WPA	0	438	0
162	I	K	SAM	WPA	0	436	0
163	I	K	SAM	WPA	0	434	0
164	I	K	SAM	WPA	0	437	0
165	I	K	SAM	WPA	0	428	0
166	I	K	SAM	WPA	0	436	0
167	I	K	SAM	WPA	0	433	0
168	I	K	SAM	WPA	0	435	0
169	I	K	SAM	WPA	0	434	0
170	I	K	SAM	WPA	0	432	0
171	I	K	SAM	WPA	0	434	0
172	I	K	SAM	WPA	0	444	0
173	I	K	SAM	WPA	0	440	0
174	I	K	SAM	WPA	0	435	0
175	I	K	SAM	WPA	0	429	0
176	I	K	SAM	WPA	0	437	0
177	I	K	SAM	WPA	0	434	0
178	I	K	SAM	WPA	0	442	0
179	I	K	SAM	WPA	0	447	0
180	I	K	SAM	WPA	0	442	0
181	I	K	SAM	WPA	0	435	0
182	I	K	SAM	WPA	0	441	0
183	I	K	SAM	WPA	0	437	0
184	I	K	SAM	WPA	0	436	0
185	I	K	SAM	WPA	0	434	0
186	I	K	SAM	WPA	0	437	0
187	I	K	SAM	WPA	0	433	0
188	I	K	SAM	WPA	0	430	0
189	I	K	SAM	WPA	0	443	0
190	I	K	SAM	WPA	0	434	0
191	I	K	SAM	WPA	0	429	0
192	I	K	SAM	WPA	0	430	0
193	I	K	SAM	WPA	0	431	0
194	I	K	SAM	WPA	0	423	0
195	I	K	SAM	WPA	0	433	0
196	I	K	SAM	WPA	0	436	0
197	I	K	SAM	WPA	0	444	0
198	I	K	SAM	WPA	0	446	0
199	I	K	SAM	WPA	0	434	0
200	I	K	SAM	WPA	0	431	0
201	I	K	SAM	WPA	0	435	0
202	I	K	SAM	WPA	0	427	0
203	I	K	SAM	WPA	0	433	0
204	I	K	SAM	WPA	0	437	0
205	I	K	SAM	WPA	0	431	0
206	I	K	SAM	WPA	0	435	0
207	I	K	SAM	WPA	0	442	0
208	I	K	SAM	WPA	0	434	0
209	I	K	SAM	WPA	0	438	0
210	I	K	SAM	WPA	0	434	0
211	I	K	SAM	WPA	0	440	0
212	I	K	SAM	WPA	0	447	0
213	I	K	SAM	WPA	0	436	0
214	I	K	SAM	WPA	0	428	0
215	I	K	SAM	WPA	0	448	0
216	I	K	SAM	WPA	0	442	0
217	I	K	SAM	WPA	0	433	0
218	I	K	SAM	WPA	0	431	0
219	I	K	SAM	WPA	0	434	0
220	I	K	SAM	WPA	0	445	0
221	I	K	SAM	WPA	0	422	0
222	I	K	SAM	WPA	0	425	0
223	I	K	SAM	WPA	0	431	0
224	I	K	SAM	WPA	0	432	0
225	I	K	SAM	WPA	0	431	0
226	I	K	SAM	WPA	0	430	0
227	I	K	SAM	WPA	0	441	0
228	I	K	SAM	WPA	0	444	0
229	I	K	SAM	WPA	0	446	0
230	I	K	SAM	WPA	0	439	0
231	I	K	SAM	WPA	0	435	0
232	I	K	SAM	WPA	0	434	0
233	I	K	SAM	WPA	0	437	0
234	I	K	SAM	WPA	0	435	0
235	I	K	SAM	WPA	0	434	0
236	I	K	SAM	WPA	0	431	0
237	I	K	SAM	WPA	0	447	0
238	I	K	SAM	WPA	0	438	0
239	I	K	SAM	WPA	0	427	0
240	I	K	SAM	WPA	0	437	0
241	I	K	SAM	WPA	0	431	0
242	I	K	SAM	WPA	0	441	0
243	I	K	SAM	WPA	0	440	0
244	I	K	SAM	WPA	0	438	0
245	I	K	SAM	WPA	0	435	0
246	I	K	SAM	WPA	0	441	0
247	I	K	SAM	WPA	0	433	0
248	I	K	SAM	WPA	0	435	0
249	I	K	SAM	WPA	0	445	0
250	I	K	SAM	WPA	0	431	0
251	I	K	SAM	WPA	0	444	0
252	I	K	SAM	WPA	0	439	0
253	I	K	SAM	WPA	0	431	0
254	I	K	SAM	WPA	0	428	0
255	I	K	SAM	WPA	0	436	0
256	I	K	SAM	WPA	0	431	0
257	I	K	SAM	WPA	0	436	0
258	I	K	SAM	WPA	0	440	0
259	I	K	SAM	WPA	0	436	0
260	I	K	SAM	WPA	0	431	0
261	I	K	SAM	WPA	0	445	0
262	I	K	SAM	WPA	0	435	0
263	I	K	SAM	WPA	0	430	0
264	I	K	SAM	WPA	0	438	0
265	I	K	SAM	WPA	0	434	0
266	I	K	SAM	WPA	0	429	0
267	I	K	SAM	WPA	0	437	0
268	I	K	SAM	WPA	0	431	0
269	I	K	SAM	WPA	0	433	0
270	I	K	SAM	WPA	0	430	0
271	I	K	SAM	WPA	0	428	0
272	I	K	SAM	WPA	0	433	0
273	I	K	SAM	WPA	0	438	0
274	I	K	SAM	WPA	0	435	0
275	I	K	SAM	WPA	0	443	0
276	I	K	SAM	WPA	0	425	0
277	I	K	SAM	WPA	0	433	0
278	I	K	SAM	WPA	0	439	0
279	I	K	SAM	WPA	0	434	0
280	I	K	SAM	WPA	0	434	0
281	I	K	SAM	WPA	0	446	0
282	I	K	SAM	WPA	0	440	0
283	I	K	SAM	WPA	0	430	0
284	I	K	SAM	WPA	0	437	0
285	I	K	SAM	WPA	0	430	0
286	I	K	SAM	WPA	0	425	0
287	I	K	SAM	WPA	0	430	0
288	I	K	SAM	WPA	0	444	0
289	I	K	SAM	WPA	0	435	0
290	I	K	SAM	WPA	0	426	0
291	I	K	SAM	WPA	0	434	0
292	I	K	SAM	WPA	0	427	0
293	I	K	SAM	WPA	0	437	0
294	I	K	SAM	WPA	0	437	0
295	I	K	SAM	WPA	0	436	0
296	I	K	SAM	WPA	0	432	0
297	I	K	SAM	WPA	0	441	0
298	I	K	SAM	WPA	0	437	0
299	I	K	SAM	WPA	0	431	0
300	I	K	SAM	WPA	0	435	0
1	J	K	WNA	WPA	0	433	0
2	J	K	WNA	WPA	0	440	0
3	J	K	WNA	WPA	0	440	0
4	J	K	WNA	WPA	0	434	0
5	J	K	WNA	WPA	0	436	0
6	J	K	WNA	WPA	0	437	0
7	J	K	WNA	WPA	0	432	0
8	J	K	WNA	WPA	0	442	0
9	J	K	WNA	WPA	1	431	0.0023201856148491878
10	J	K	WNA	WPA	1	433	0.0023094688221709007
11	J	K	WNA	WPA	0	437	0
12	J	K	WNA	WPA	0	436	0
13	J	K	WNA	WPA	0	444	0
14	J	K	WNA	WPA	0	442	0
15	J	K	WNA	WPA	0	427	0
16	J	K	WNA	WPA	0	444	0
17	J	K	WNA	WPA	0	438	0
18	J	K	WNA	WPA	0	440	0
19	J	K	WNA	WPA	0	429	0
20	J	K	WNA	WPA	2	430	0.0046511627906976744
21	J	K	WNA	WPA	0	429	0
22	J	K	WNA	WPA	0	435	0
23	J	K	WNA	WPA	1	430	0.0023255813953488372
24	J	K	WNA	WPA	0	443	0
25	J	K	WNA	WPA	0	434	0
26	J	K	WNA	WPA	1	438	0.0022831050228310501
27	J	K	WNA	WPA	0	436	0
28	J	K	WNA	WPA	1	438	0.0022831050228310501
29	J	K	WNA	WPA	0	436	0
30	J	K	WNA	WPA	0	439	0
31	J	K	WNA	WPA	0	438	0
32	J	K	WNA	WPA	0	439	0
33	J	K	WNA	WPA	1	436	0.0022935779816513763
34	J	K	WNA	WPA	0	438	0
35	J	K	WNA	WPA	0	438	0
36	J	K	WNA	WPA	0	440	0
37	J	K	WNA	WPA	1	442	0.0022624434389140274
38	J	K	WNA	WPA	0	437	0
39	J	K	WNA	WPA	0	434	0
40	J	K	WNA	WPA	0	442	0
41	J	K	WNA	WPA	0	444	0
42	J	K	WNA	WPA	0	427	0
43	J	K	WNA	WPA	1	434	0.002304147465437788
44	J	K	WNA	WPA	1	430	0.0023255813953488372
45	J	K	WNA	WPA	0	431	0
46	J	K	WNA	WPA	0	429	0
47	J	K	WNA	WPA	0	444	0
48	J	K	WNA	WPA	0	441	0
49	J	K	WNA	WPA	0	431	0
50	J	K	WNA	WPA	0	424	0
51	J	K	WNA	WPA	0	428	0
52	J	K	WNA	WPA	0	428	0
53	J	K	WNA	WPA	1	444	0.0022522522522522522
54	J	K	WNA	WPA	0	439	0
55	J	K	WNA	WPA	0	435	0
56	J	K	WNA	WPA	0	437	0
57	J	K	WNA	WPA	0	433	0
58	J	K	WNA	WPA	1	441	0.0022675736961451248
59	J	K	WNA	WPA	0	424	0
60	J	K	WNA	WPA	1	440	0.0022727272727272726
61	J	K	WNA	WPA	0	436	0
62	J	K	WNA	WPA	0	422	0
63	J	K	WNA	WPA	0	433	0
64	J	K	WNA	WPA	0	433	0
65	J	K	WNA	WPA	0	432	0
66	J	K	WNA	WPA	0	445	0
67	J	K	WNA	WPA	1	430	0.0023255813953488372
68	J	K	WNA	WPA	1	438	0.0022831050228310501
69	J	K	WNA	WPA	0	438	0
70	J	K	WNA	WPA	0	439	0
71	J	K	WNA	WPA	0	432	0
72	J	K	WNA	WPA	0	436	0
73	J	K	WNA	WPA	0	435	0
74	J	K	WNA	WPA	0	436	0
75	J	K	WNA	WPA	1	452	0.0022123893805309734
76	J	K	WNA	WPA	0	441	0
77	J	K	WNA	WPA	1	441	0.0022675736961451248
78	J	K	WNA	WPA	1	435	0.0022988505747126436
79	J	K	WNA	WPA	1	425	0.002352941176470588
80	J	K	WNA	WPA	0	440	0
81	J	K	WNA	WPA	1	436	0.0022935779816513763
82	J	K	WNA	WPA	1	435	0.0022988505747126436
83	J	K	WNA	WPA	0	426	0
84	J	K	WNA	WPA	0	447	0
85	J	K	WNA	WPA	0	434	0
86	J	K	WNA	WPA	0	431	0
87	J	K	WNA	WPA	0	432	0
88	J	K	WNA	WPA	0	445	0
89	J	K	WNA	WPA	0	432	0
90	J	K	WNA	WPA	0	431	0
91	J	K	WNA	WPA	0	436	0
92	J	K	WNA	WPA	0	442	0
93	J	K	WNA	WPA	0	426	0
94	J	K	WNA	WPA	1	426	0.0023474178403755869
95	J	K	WNA	WPA	2	431	0.0046403712296983757
96	J	K	WNA	WPA	1	439	0.0022779043280182231
97	J	K	WNA	WPA	0	436	0
98	J	K	WNA	WPA	0	433	0
99	J	K	WNA	WPA	0	434	0
100	J	K	WNA	WPA	0	439	0
101	J	K	WNA	WPA	1	435	0.0022988505747126436
102	J	K	WNA	WPA	0	448	0
103	J	K	WNA	WPA	0	438	0
104	J	K	WNA	WPA	0	431	0
105	J	K	WNA	WPA	0	435	0
106	J	K	WNA	WPA	0	435	0
107	J	K	WNA	WPA	0	443	0
108	J	K	WNA	WPA	1	426	0.0023474178403755869
109	J	K	WNA	WPA	2	444	0.0045045045045045045
110	J	K	WNA	WPA	0	427	0
111	J	K	WNA	WPA	1	447	0.0022371364653243847
112	J	K	WNA	WPA	0	436	0
113	J	K	WNA	WPA	0	432	0
114	J	K	WNA	WPA	0	442	0
115	J	K	WNA	WPA	0	435	0
116	J	K	WNA	WPA	0	445	0
117	J	K	WNA	WPA	0	441	0
118	J	K	WNA	WPA	1	436	0.0022935779816513763
119	J	K	WNA	WPA	0	439	0
120	J	K	WNA	WPA	1	451	0.0022172949002217295
121	J	K	WNA	WPA	1	443	0.002257336343115124
122	J	K	WNA	WPA	0	432	0
123	J	K	WNA	WPA	0	442	0
124	J	K	WNA	WPA	1	437	0.0022883295194508009
125	J	K	WNA	WPA	0	433	0
126	J	K	WNA	WPA	0	438	0
127	J	K	WNA	WPA	2	436	0.0045871559633027525
128	J	K	WNA	WPA	0	436	0
129	J	K	WNA	WPA	0	435	0
130	J	K	WNA	WPA	0	433	0
131	J	K	WNA	WPA	0	446	0
132	J	K	WNA	WPA	0	442	0
133	J	K	WNA	WPA	0	441	0
134	J	K	WNA	WPA	0	444	0
135	J	K	WNA	WPA	0	433	0
136	J	K	WNA	WPA	1	432	0.0023148148148148147
137	J	K	WNA	WPA	1	433	0.0023094688221709007
138	J	K	WNA	WPA	0	438	0
139	J	K	WNA	WPA	0	433	0
140	J	K	WNA	WPA	0	433	0
141	J	K	WNA	WPA	0	427	0
142	J	K	WNA	WPA	0	425	0
143	J	K	WNA	WPA	0	430	0
144	J	K	WNA	WPA	0	434	0
145	J	K	WNA	WPA	0	446	0
146	J	K	WNA	WPA	0	439	0
147	J	K	WNA	WPA	1	433	0.0023094688221709007
148	J	K	WNA	WPA	1	437	0.0022883295194508009
149	J	K	WNA	WPA	0	425	0
150	J	K	WNA	WPA	0	440	0
151	J	K	WNA	WPA	0	445	0
152	J	K	WNA	WPA	0	435	0
153	J	K	WNA	WPA	2	438	0.0045662100456621002
154	J	K	WNA	WPA	0	445	0
155	J	K	WNA	WPA	0	432	0
156	J	K	WNA	WPA	0	429	0
157	J	K	WNA	WPA	0	432	0
158	J	K	WNA	WPA	0	435	0
159	J	K	WNA	WPA	0	441	0
160	J	K	WNA	WPA	1	439	0.0022779043280182231
161	J	K	WNA	WPA	0	438	0
162	J	K	WNA	WPA	0	436	0
163	J	K	WNA	WPA	0	434	0
164	J	K	WNA	WPA	0	437	0
165	J	K	WNA	WPA	0	428	0
166	J	K	WNA	WPA	0	436	0
167	J	K	WNA	WPA	0	433	0
168	J	K	WNA	WPA	0	435	0
169	J	K	WNA	WPA	1	434	0.002304147465437788
170	J	K	WNA	WPA	1	432	0.0023148148148148147
171	J	K	WNA	WPA	0	434	0
172	J	K	WNA	WPA	0	444	0
173	J	K	WNA	WPA	0	440	0
174	J	K	WNA	WPA	0	435	0
175	J	K	WNA	WPA	0	429	0
176	J	K	WNA	WPA	1	437	0.0022883295194508009
177	J	K	WNA	WPA	0	434	0
178	J	K	WNA	WPA	1	442	0.0022624434389140274
179	J	K	WNA	WPA	0	447	0
180	J	K	WNA	WPA	0	442	0
181	J	K	WNA	WPA	0	435	0
182	J	K	WNA	WPA	1	441	0.0022675736961451248
183	J	K	WNA	WPA	0	437	0
184	J	K	WNA	WPA	1	436	0.0022935779816513763
185	J	K	WNA	WPA	0	434	0
186	J	K	WNA	WPA	0	437	0
187	J	K	WNA	WPA	0	433	0
188	J	K	WNA	WPA	1	430	0.0023255813953488372
189	J	K	WNA	WPA	0	443	0
190	J	K	WNA	WPA	0	434	0
191	J	K	WNA	WPA	1	429	0.002331002331002331
192	J	K	WNA	WPA	0	430	0
193	J	K	WNA	WPA	0	431	0
194	J	K	WNA	WPA	0	423	0
195	J	K	WNA	WPA	0	433	0
196	J	K	WNA	WPA	1	436	0.0022935779816513763
197	J	K	WNA	WPA	1	444	0.0022522522522522522
198	J	K	WNA	WPA	1	446	0.002242152466367713
199	J	K	WNA	WPA	0	434	0
200	J	K	WNA	WPA	0	431	0
201	J	K	WNA	WPA	0	435	0
202	J	K	WNA	WPA	0	427	0
203	J	K	WNA	WPA	1	433	0.0023094688221709007
204	J	K	WNA	WPA	1	437	0.0022883295194508009
205	J	K	WNA	WPA	0	431	0
206	J	K	WNA	WPA	0	435	0
207	J	K	WNA	WPA	0	442	0
208	J	K	WNA	WPA	0	434	0
209	J	K	WNA	WPA	0	438	0
210	J	K	WNA	WPA	0	434	0
211	J	K	WNA	WPA	0	440	0
212	J	K	WNA	WPA	0	447	0
213	J	K	WNA	WPA	1	436	0.0022935779816513763
214	J	K	WNA	WPA	0	428	0
215	J	K	WNA	WPA	0	448	0
216	J	K	WNA	WPA	0	442	0
217	J	K	WNA	WPA	0	433	0
218	J	K	WNA	WPA	0	431	0
219	J	K	WNA	WPA	1	434	0.002304147465437788
220	J	K	WNA	WPA	0	445	0
221	J	K	WNA	WPA	1	422	0.0023696682464454978
222	J	K	WNA	WPA	0	425	0
223	J	K	WNA	WPA	0	431	0
224	J	K	WNA	WPA	0	432	0
225	J	K	WNA	WPA	1	431	0.0023201856148491878
226	J	K	WNA	WPA	0	430	0
227	J	K	WNA	WPA	0	441	0
228	J	K	WNA	WPA	0	444	0
229	J	K	WNA	WPA	2	446	0.0044843049327354259
230	J	K	WNA	WPA	0	439	0
231	J	K	WNA	WPA	1	435	0.0022988505747126436
232	J	K	WNA	WPA	0	434	0
233	J	K	WNA	WPA	0	437	0
234	J	K	WNA	WPA	0	435	0
235	J	K	WNA	WPA	0	434	0
236	J	K	WNA	WPA	0	431	0
237	J	K	WNA	WPA	0	447	0
238	J	K	WNA	WPA	0	438	0
239	J	K	WNA	WPA	0	427	0
240	J	K	WNA	WPA	0	437	0
241	J	K	WNA	WPA	0	431	0
242	J	K	WNA	WPA	0	441	0
243	J	K	WNA	WPA	0	440	0
244	J	K	WNA	WPA	0	438	0
245	J	K	WNA	WPA	1	435	0.0022988505747126436
246	J	K	WNA	WPA	0	441	0
247	J	K	WNA	WPA	0	433	0
248	J	K	WNA	WPA	1	435	0.0022988505747126436
249	J	K	WNA	WPA	0	445	0
250	J	K	WNA	WPA	0	431	0
251	J	K	WNA	WPA	0	444	0
252	J	K	WNA	WPA	0	439	0
253	J	K	WNA	WPA	0	431	0
254	J	K	WNA	WPA	0	428	0
255	J	K	WNA	WPA	0	436	0
256	J	K	WNA	WPA	0	431	0
257	J	K	WNA	WPA	0	436	0
258	J	K	WNA	WPA	1	440	0.0022727272727272726
259	J	K	WNA	WPA	0	436	0
260	J	K	WNA	WPA	0	431	0
261	J	K	WNA	WPA	0	445	0
262	J	K	WNA	WPA	0	435	0
263	J	K	WNA	WPA	0	430	0
264	J	K	WNA	WPA	1	438	0.0022831050228310501
265	J	K	WNA	WPA	0	434	0
266	J	K	WNA	WPA	0	429	0
267	J	K	WNA	WPA	0	437	0
268	J	K	WNA	WPA	0	431	0
269	J	K	WNA	WPA	0	433	0
270	J	K	WNA	WPA	0	430	0
271	J	K	WNA	WPA	0	428	0
272	J	K	WNA	WPA	0	433	0
273	J	K	WNA	WPA	0	438	0
274	J	K	WNA	WPA	1	435	0.0022988505747126436
275	J	K	WNA	WPA	0	443	0
276	J	K	WNA	WPA	0	425	0
277	J	K	WNA	WPA	0	433	0
278	J	K	WNA	WPA	0	439	0
279	J	K	WNA	WPA	1	434	0.002304147465437788
280	J	K	WNA	WPA	0	434	0
281	J	K	WNA	WPA	0	446	0
282	J	K	WNA	WPA	1	440	0.0022727272727272726
283	J	K	WNA	WPA	0	430	0
284	J	K	WNA	WPA	0	437	0
285	J	K	WNA	WPA	0	430	0
286	J	K	WNA	WPA	0	425	0
287	J	K	WNA	WPA	0	430	0
288	J	K	WNA	WPA	1	444	0.0022522522522522522
289	J	K	WNA	WPA	1	435	0.0022988505747126436
290	J	K	WNA	WPA	1	426	0.0023474178403755869
291	J	K	WNA	WPA	0	434	0
292	J	K	WNA	WPA	0	427	0
293	J	K	WNA	WPA	0	437	0
294	J	K	WNA	WPA	0	437	0
295	J	K	WNA	WPA	0	436	0
296	J	K	WNA	WPA	0	432	0
297	J	K	WNA	WPA	0	441	0
298	J	K	WNA	WPA	0	437	0
299	J	K	WNA	WPA	1	431	0.0023201856148491878
300	J	K	WNA	WPA	0	435	0
