time	temp
0.0	10.7695924
0.002	10.7764548
0.004	10.783285200000002
0.006	10.7900812
0.008	10.796844400000001
0.01	10.803571600000001
0.012	10.8102664
0.014	10.8169252
0.016	10.823549199999999
0.018	10.8301412
0.02	10.836696799999999
0.022	10.843218
0.024	10.849704800000001
0.026	10.8561552
0.028	10.862571599999999
0.03	10.868951599999999
0.032	10.8752976
0.034	10.881607200000001
0.036	10.887882399999999
0.038	10.8941212
0.04	10.900324000000001
0.042	10.906492400000001
0.044	10.9126224
0.046	10.9187184
0.048	10.924776000000001
0.05	10.9307996
0.052	10.936784800000002
0.054	10.9427336
0.056	10.948646400000001
0.058	10.9545232
0.06	10.960361599999999
0.062	10.966163600000002
0.064	10.9719276
0.066	10.977655599999999
0.068	10.983345199999999
0.07	10.9889984
0.072	10.994613600000001
0.074	11.000190799999999
0.076	11.005729599999999
0.078	11.011230399999999
0.08	11.016695200000001
0.082	11.0221196
0.084	11.027505999999999
0.086	11.032854
0.088	11.038163999999998
0.09	11.043436
0.092	11.048668
0.094	11.053861600000001
0.096	11.0590172
0.098	11.0641328
0.1	11.069208
0.102	11.074245600000001
0.104	11.0792428
0.106	11.084202000000001
0.108	11.089118800000001
0.11	11.093998
0.112	11.0988368
0.114	11.1036356
0.116	11.1083948
0.118	11.113113599999998
0.12	11.1177904
0.122	11.122428800000002
0.124	11.1270256
0.126	11.1315824
0.128	11.1360968
0.13	11.140571600000001
0.132	11.145004400000001
0.134	11.1493988
0.136	11.153755199999999
0.138	11.158073600000002
0.14	11.162355600000001
0.142	11.166601199999999
0.144	11.1708088
0.146	11.174982
0.148	11.179119199999999
0.15	11.183219999999999
0.152	11.1872844
0.154	11.1913148
0.156	11.195312399999999
0.158	11.199273999999999
0.16	11.203201199999999
0.162	11.207094000000001
0.164	11.2109548
0.166	11.2147808
0.168	11.2185764
0.17	11.2223376
0.172	11.2260664
0.174	11.229764800000002
0.176	11.2334308
0.178	11.237064400000001
0.18	11.2406672
0.182	11.244240000000001
0.184	11.2477816
0.186	11.251295200000001
0.188	11.254776
0.19	11.2582284
0.192	11.261652000000002
0.194	11.265047200000001
0.196	11.2684116
0.198	11.2717496
0.2	11.2750588
0.202	11.278339200000001
0.204	11.2815932
0.206	11.284820400000001
0.208	11.2880212
0.21	11.2911948
0.212	11.294342
0.214	11.2974624
0.216	11.300557999999999
0.218	11.303628799999998
0.22	11.306673199999999
0.222	11.309694400000001
0.224	11.312690799999999
0.226	11.3156624
0.228	11.3186112
0.23	11.3215352
0.232	11.324435999999999
0.234	11.327314399999999
0.236	11.330169600000001
0.238	11.333003999999999
0.24	11.3358156
0.242	11.338604
0.244	11.3413736
0.246	11.34412
0.248	11.346845600000002
0.25	11.349552
0.252	11.352237599999999
0.254	11.3549024
0.256	11.357549599999999
0.258	11.360176
0.26	11.3627836
0.262	11.3653716
0.264	11.367942800000002
0.266	11.370475599999999
0.268	11.3729516
0.27	11.375371999999999
0.272	11.377737199999999
0.274	11.3800488
0.276	11.3823088
0.278	11.3845156
0.28	11.3866728
0.282	11.388780400000002
0.284	11.390838800000001
0.286	11.392847199999999
0.288	11.3948116
0.29	11.3967284
0.292	11.3986016
0.294	11.400430799999999
0.296	11.402216
0.298	11.4039592
0.3	11.4056624
0.302	11.4073256
0.304	11.408948800000001
0.306	11.410536
0.308	11.412084400000001
0.31	11.413597200000002
0.312	11.415073199999998
0.314	11.416517200000001
0.316	11.417928799999999
0.318	11.419305999999999
0.32	11.420652400000002
0.322	11.4219704
0.324	11.423258
0.326	11.4245168
0.328	11.425748800000001
0.33	11.426956
0.332	11.4281368
0.334	11.429292799999999
0.336	11.4304256
0.338	11.4315356
0.34	11.4326248
0.342	11.433694800000001
0.344	11.434743999999998
0.346	11.4357756
0.348	11.436788400000001
0.35	11.437786
0.352	11.4387684
0.354	11.439735599999999
0.356	11.440689200000001
0.358	11.441629599999999
0.36	11.44256
0.362	11.443477600000001
0.364	11.444387599999999
0.366	11.445289599999999
0.368	11.446182400000001
0.37	11.447069200000001
0.372	11.447948400000001
0.374	11.448826
0.376	11.4496976
0.378	11.450567199999998
0.38	11.451435199999999
0.382	11.452302799999998
0.384	11.453170799999999
0.386	11.4540388
0.388	11.4549104
0.39	11.455784000000001
0.392	11.4566612
0.394	11.4575444
0.396	11.4584352
0.398	11.459331599999999
0.4	11.460142000000001
0.402	11.460779200000001
0.404	11.461248399999999
0.406	11.461553599999998
0.408	11.461700400000002
0.41	11.461692800000002
0.412	11.461534400000001
0.414	11.4612352
0.416	11.460794400000001
0.418	11.4602224
0.42	11.459520399999999
0.422	11.458694399999999
0.424	11.457750399999998
0.426	11.4566916
0.428	11.455524400000002
0.43	11.454253999999999
0.432	11.4528848
0.434	11.451419999999999
0.436	11.449869199999998
0.438	11.4482328
0.44	11.446518000000001
0.442	11.444730799999999
0.444	11.442873200000001
0.446	11.4409524
0.448	11.4389744
0.45	11.4369412
0.452	11.434860400000002
0.454	11.432733599999999
0.456	11.430570800000002
0.458	11.4283732
0.46	11.4261476
0.462	11.4238988
0.464	11.421630799999999
0.466	11.4193496
0.468	11.4170588
0.47	11.414766400000001
0.472	11.412473599999998
0.474	11.4101888
0.476	11.4079132
0.478	11.4056568
0.48	11.4034196
0.482	11.401210800000001
0.484	11.3990324
0.486	11.396892399999999
0.488	11.3947924
0.49	11.392738399999999
0.492	11.390737600000001
0.494	11.388791999999999
0.496	11.3869096
0.498	11.385091599999999
0.5	11.3833464
0.502	11.381679599999998
0.504	11.3800928
0.506	11.3785916
0.508	11.377184
0.51	11.3758716
0.512	11.374662399999998
0.514	11.373560000000001
0.516	11.372568000000001
0.518	11.371692800000002
0.52	11.3709412
0.522	11.3703136
0.524	11.3698196
0.526	11.3694628
0.528	11.3692456
0.53	11.369176800000002
0.532	11.369127200000001
0.534	11.368965200000002
0.536	11.368696400000001
0.538	11.368326
0.54	11.367856799999998
0.542	11.367294399999999
0.544	11.366641999999999
0.546	11.365904
0.548	11.3650856
0.55	11.3641912
0.552	11.363222
0.554	11.362186399999999
0.556	11.361087600000001
0.558	11.359928
0.56	11.358715199999999
0.562	11.357448399999999
0.564	11.3561364
0.566	11.354782
0.568	11.3533896
0.57	11.3519632
0.572	11.350506
0.574	11.349025600000001
0.576	11.3475228
0.578	11.3460024
0.58	11.3444708
0.582	11.3429316
0.584	11.3413888
0.586	11.339843599999998
0.588	11.3383064
0.59	11.336776799999999
0.592	11.3352584
0.594	11.3337592
0.596	11.3322832
0.598	11.3308316
0.6	11.3294104
0.602	11.328024
0.604	11.326677199999999
0.606	11.3253728
0.608	11.324115599999999
0.61	11.3229124
0.612	11.321764000000002
0.614	11.320674799999999
0.616	11.319650800000002
0.618	11.3186952
0.62	11.317813999999998
0.622	11.3170088
0.624	11.316288
0.626	11.3156508
0.628	11.315105599999999
0.63	11.314653199999999
0.632	11.3143004
0.634	11.3140508
0.636	11.3139076
0.638	11.3138772
0.64	11.313962799999999
0.642	11.314168800000001
0.644	11.314498799999999
0.646	11.314958399999998
0.648	11.3155516
0.65	11.3162804
0.652	11.317152
0.654	11.3181704
0.656	11.319337999999998
0.658	11.320659599999999
0.66	11.3221396
0.662	11.323784
0.664	11.325596
0.666	11.327528000000001
0.668	11.329528799999999
0.67	11.331600000000002
0.672	11.3337364
0.674	11.3359396
0.676	11.338209200000001
0.678	11.34054
0.68	11.3429356
0.682	11.345392400000001
0.684	11.347908
0.686	11.3504848
0.688	11.353116799999999
0.69	11.3558084
0.692	11.3585548
0.694	11.3613568
0.696	11.36421
0.698	11.367116800000002
0.7	11.3700732
0.702	11.373081200000001
0.704	11.376136800000001
0.706	11.379242000000001
0.708	11.3823908
0.71	11.385585599999999
0.712	11.3888264
0.714	11.392108799999999
0.716	11.395431599999998
0.718	11.398796
0.72	11.4022008
0.722	11.405643600000001
0.724	11.409122400000001
0.726	11.4126376
0.728	11.4161872
0.73	11.4197712
0.732	11.423387600000002
0.734	11.427036399999999
0.736	11.4307136
0.738	11.434419599999998
0.74	11.438154399999998
0.742	11.441915600000002
0.744	11.4457016
0.746	11.4495124
0.748	11.453346400000001
0.75	11.457202800000001
0.752	11.4610788
0.754	11.464975200000001
0.756	11.468891200000002
0.758	11.472824
0.76	11.476772400000002
0.762	11.4807356
0.764	11.4847128
0.766	11.488702799999999
0.768	11.492704400000001
0.77	11.4967176
0.772	11.500737999999998
0.774	11.5047684
0.776	11.508804399999999
0.778	11.512846
0.78	11.516893199999998
0.782	11.5209428
0.784	11.524996000000002
0.786	11.529048800000002
0.788	11.533102
0.79	11.5371552
0.792	11.541204400000002
0.794	11.54525
0.796	11.5492916
0.798	11.553436399999999
0.8	11.557786799999999
0.802	11.562338
0.804	11.567083199999999
0.806	11.5720196
0.808	11.577136800000002
0.81	11.5824316
0.812	11.587900000000001
0.814	11.5935324
0.816	11.5993252
0.818	11.6052724
0.82	11.611366400000001
0.822	11.617603200000001
0.824	11.623975600000001
0.826	11.630479999999999
0.828	11.637108000000001
0.83	11.643854000000001
0.832	11.6507148
0.834	11.657682399999999
0.836	11.664751200000001
0.838	11.6719152
0.84	11.6791668
0.842	11.6865044
0.844	11.693919999999999
0.846	11.7014064
0.848	11.7089596
0.85	11.716572
0.852	11.724241200000002
0.854	11.731956400000001
0.856	11.7397156
0.858	11.7475108
0.86	11.7553388
0.862	11.763191200000001
0.864	11.7710608
0.866	11.778946000000001
0.868	11.7868384
0.87	11.7947332
0.872	11.8026236
0.874	11.8105032
0.876	11.818368799999998
0.878	11.82621
0.88	11.834026399999999
0.882	11.841808400000001
0.884	11.849550399999998
0.886	11.8572484
0.888	11.864894799999998
0.89	11.872484400000001
0.892	11.880012399999998
0.894	11.887470400000002
0.896	11.8948556
0.898	11.9021608
0.9	11.909378
0.902	11.916505999999998
0.904	11.923534400000001
0.906	11.930458000000002
0.908	11.9372748
0.91	11.943975600000002
0.912	11.950554
0.914	11.957006400000001
0.916	11.963325600000001
0.918	11.969507199999999
0.92	11.975544
0.922	11.98143
0.924	11.987159599999998
0.926	11.992727200000001
0.928	11.9981252
0.93	12.0033512
0.932	12.0084856
0.934	12.0136148
0.936	12.018736
0.938	12.023853200000001
0.94	12.0289648
0.942	12.034070799999999
0.944	12.039171199999998
0.946	12.044267600000001
0.948	12.0493584
0.95	12.054443200000001
0.952	12.0595244
0.954	12.064599999999999
0.956	12.069669600000001
0.958	12.0747356
0.96	12.0797976
0.962	12.084854
0.964	12.089906800000001
0.966	12.094955599999999
0.968	12.0999984
0.97	12.1050376
0.972	12.1100748
0.974	12.115104800000001
0.976	12.1201324
0.978	12.125156400000002
0.98	12.1301764
0.982	12.135192799999999
0.984	12.140207199999999
0.986	12.145216000000001
0.988	12.1502208
0.99	12.155224
0.992	12.1602232
0.994	12.165220399999999
0.996	12.1702136
0.998	12.175203199999999
1.0	12.1801912
1.002	12.1851768
1.004	12.190158799999999
1.006	12.195137200000001
1.008	12.200115199999999
1.01	12.2050896
1.012	12.210062
1.014	12.215030800000001
1.016	12.2199992
1.018	12.224964
1.02	12.2299288
1.022	12.23489
1.024	12.239849199999998
1.026	12.244807999999999
1.028	12.249765199999999
1.03	12.254720800000001
1.032	12.259674
1.034	12.264625599999999
1.036	12.2695772
1.038	12.2745264
1.04	12.279474400000002
1.042	12.284422
1.044	12.2893696
1.046	12.2943152
1.048	12.2992612
1.05	12.3042048
1.052	12.3091488
1.054	12.314092800000001
1.056	12.3190344
1.058	12.3239764
1.06	12.328920400000001
1.062	12.333862400000001
1.064	12.338775600000002
1.066	12.343631599999998
1.068	12.348434399999999
1.07	12.353182
1.072	12.3578796
1.074	12.362528000000001
1.076	12.3671304
1.078	12.371685200000002
1.08	12.376196
1.082	12.3806668
1.084	12.3850956
1.086	12.3894864
1.088	12.393842800000002
1.09	12.3981608
1.092	12.402448799999998
1.094	12.406706
1.096	12.4109324
1.098	12.415132400000001
1.1	12.419305999999999
1.102	12.423456000000002
1.104	12.4275856
1.106	12.431694
1.108	12.435785200000002
1.11	12.4398592
1.112	12.443918400000001
1.114	12.4479656
1.116	12.4520016
1.118	12.456029999999998
1.12	12.4600488
1.122	12.4640636
1.124	12.4680748
1.126	12.472083999999999
1.128	12.476093200000001
1.13	12.480104399999998
1.132	12.4841212
1.134	12.488142
1.136	12.4921704
1.138	12.496208
1.14	12.5002556
1.142	12.504318399999999
1.144	12.5083944
1.146	12.5124876
1.148	12.5165976
1.15	12.520730799999999
1.152	12.524883200000001
1.154	12.5290624
1.156	12.533263999999999
1.158	12.537496399999998
1.16	12.541755599999998
1.162	12.546049199999999
1.164	12.5503732
1.166	12.554733200000001
1.168	12.559129599999999
1.17	12.5635644
1.172	12.5680388
1.174	12.5725576
1.176	12.577117999999999
1.178	12.581726
1.18	12.586382
1.182	12.5910856
1.184	12.595842399999999
1.186	12.6006508
1.188	12.605516399999999
1.19	12.6104372
1.192	12.6154176
1.194	12.620458800000002
1.196	12.625560799999999
1.198	12.6307564
1.2	12.636071999999999
1.202	12.641504399999999
1.204	12.6470472
1.206	12.652696800000001
1.208	12.6584492
1.21	12.664299199999999
1.212	12.670244400000001
1.214	12.6762808
1.216	12.682401599999999
1.218	12.6886044
1.22	12.694885200000002
1.222	12.701238799999999
1.224	12.7076608
1.226	12.7141476
1.228	12.720695599999999
1.23	12.7272988
1.232	12.7339536
1.234	12.740656000000001
1.236	12.747404
1.238	12.7541884
1.24	12.7610092
1.242	12.7678604
1.244	12.7747384
1.246	12.7816392
1.248	12.7885572
1.25	12.7954884
1.252	12.802431200000001
1.254	12.809377600000001
1.256	12.8163244
1.258	12.823268800000001
1.26	12.830206
1.262	12.8371316
1.264	12.84404
1.266	12.8509292
1.268	12.857793999999998
1.27	12.8646296
1.272	12.871433199999998
1.274	12.8781988
1.276	12.884924000000002
1.278	12.891601600000001
1.28	12.898231599999999
1.282	12.904806
1.284	12.9113216
1.286	12.917776
1.288	12.924161999999999
1.29	12.9304792
1.292	12.936720000000001
1.294	12.942880800000001
1.296	12.9489576
1.298	12.9549464
1.3	12.960844000000002
1.302	12.9666444
1.304	12.972343599999999
1.306	12.9779376
1.308	12.9834232
1.31	12.9887944
1.312	12.9940472
1.314	12.999179999999999
1.316	13.0041848
1.318	13.009060000000002
1.32	13.0138016
1.322	13.018401999999998
1.324	13.022861599999999
1.326	13.027172
1.328	13.03133
1.33	13.035447999999999
1.332	13.0396328
1.334	13.043882400000001
1.336	13.048194800000001
1.338	13.0525664
1.34	13.056993599999998
1.342	13.061475600000001
1.344	13.066009600000001
1.346	13.0705928
1.348	13.075220000000002
1.35	13.079891199999999
1.352	13.084602400000001
1.354	13.0893516
1.356	13.0941352
1.358	13.098949600000001
1.36	13.103794
1.362	13.108665599999998
1.364	13.113559599999999
1.366	13.118474800000001
1.368	13.123407199999999
1.37	13.128356799999999
1.372	13.133318
1.374	13.1382884
1.376	13.1432668
1.378	13.148248800000001
1.38	13.1532324
1.382	13.158214399999999
1.384	13.163192800000001
1.386	13.1681652
1.388	13.173126400000001
1.39	13.1780756
1.392	13.18301
1.394	13.1879272
1.396	13.1928236
1.398	13.1976968
1.4	13.202543200000001
1.402	13.207361200000001
1.404	13.2121468
1.406	13.216898
1.408	13.221612799999999
1.41	13.226286000000002
1.412	13.2309168
1.414	13.235503999999999
1.416	13.240041600000001
1.418	13.244527999999999
1.42	13.248960400000001
1.422	13.2533368
1.424	13.2576532
1.426	13.2619084
1.428	13.266098
1.43	13.27022
1.432	13.274272
1.434	13.2782508
1.436	13.2821532
1.438	13.2859764
1.44	13.2897196
1.442	13.293378
1.444	13.2969484
1.446	13.3004304
1.448	13.3038188
1.45	13.3071128
1.452	13.3103076
1.454	13.313402
1.456	13.316394
1.458	13.3192776
1.46	13.322054
1.462	13.3247176
1.464	13.327284
1.466	13.329772
1.468	13.3321828
1.47	13.3345184
1.472	13.3367788
1.474	13.3389672
1.476	13.3410836
1.478	13.3431312
1.48	13.3451088
1.482	13.34702
1.484	13.3488664
1.486	13.3506488
1.488	13.3523684
1.49	13.3540268
1.492	13.3556252
1.494	13.3571664
1.496	13.3586512
1.498	13.3600796
1.5	13.3614548
1.502	13.3627788
1.504	13.3640508
1.506	13.3652744
1.508	13.3664504
1.51	13.3675796
1.512	13.3686636
1.514	13.3697052
1.516	13.3707036
1.518	13.3716632
1.52	13.3725824
1.522	13.3734656
1.524	13.3743116
1.526	13.375124
1.528	13.3759032
1.53	13.37665
1.532	13.3773672
1.534	13.3780564
1.536	13.3787176
1.538	13.3793536
1.54	13.3799656
1.542	13.380554
1.544	13.3811224
1.546	13.38167
1.548	13.3822004
1.55	13.3827132
1.552	13.38321
1.554	13.3836948
1.556	13.3841656
1.558	13.3846264
1.56	13.3850776
1.562	13.38552
1.564	13.3859568
1.566	13.386388
1.568	13.386816
1.57	13.3872412
1.572	13.3876668
1.574	13.3880928
1.576	13.3885212
1.578	13.388954
1.58	13.389392
1.582	13.3898352
1.584	13.3902884
1.586	13.3907508
1.588	13.391224
1.59	13.3917104
1.592	13.3922108
1.594	13.3927268
1.596	13.3931408
1.598	13.3933412
1.6	13.3933316
1.602	13.3931208
1.604	13.3927124
1.606	13.3921148
1.608	13.3913328
1.61	13.3903732
1.612	13.3892432
1.614	13.3879472
1.616	13.3864916
1.618	13.384884
1.62	13.3831292
1.622	13.381234
1.624	13.3792056
1.626	13.3770484
1.628	13.37477
1.63	13.3723756
1.632	13.369872
1.634	13.3672648
1.636	13.364562
1.638	13.3617676
1.64	13.3588888
1.642	13.3559312
1.644	13.3529024
1.646	13.3498076
1.648	13.346654
1.65	13.3434456
1.652	13.3401908
1.654	13.3368948
1.656	13.333564
1.658	13.3302048
1.66	13.3268232
1.662	13.3234252
1.664	13.3200168
1.666	13.3166056
1.668	13.3131972
1.67	13.3097972
1.672	13.3064116
1.674	13.3030472
1.676	13.2997112
1.678	13.2964076
1.68	13.2931444
1.682	13.2899264
1.684	13.2867624
1.686	13.2836552
1.688	13.2806128
1.69	13.2776412
1.692	13.274748
1.694	13.2719364
1.696	13.2692156
1.698	13.2665892
1.7	13.2640656
1.702	13.26165
1.704	13.2593488
1.706	13.257168
1.708	13.2551136
1.71	13.2531928
1.712	13.2514116
1.714	13.2497748
1.716	13.248289199999999
1.718	13.2469636
1.72	13.2458
1.722	13.244806400000002
1.724	13.243991999999999
1.726	13.2433568
1.728	13.242912400000002
1.73	13.242557600000001
1.732	13.2421912
1.734	13.241811599999998
1.736	13.241422799999999
1.738	13.241024
1.74	13.2406176
1.742	13.240202
1.744	13.2397804
1.746	13.239351200000002
1.748	13.2389184
1.75	13.238479600000002
1.752	13.2380392
1.754	13.237596400000001
1.756	13.237151999999998
1.758	13.236707599999999
1.76	13.236261200000001
1.762	13.2358188
1.764	13.235378399999998
1.766	13.2349396
1.768	13.2345048
1.77	13.2340756
1.772	13.233652
1.774	13.2332364
1.776	13.232828000000001
1.778	13.232427600000001
1.78	13.232036399999998
1.782	13.2316572
1.784	13.2312872
1.786	13.230930399999998
1.788	13.230587199999999
1.79	13.2302572
1.792	13.2299444
1.794	13.229644799999999
1.796	13.2293624
1.798	13.2290992
1.8	13.2288532
1.802	13.228628
1.804	13.228421999999998
1.806	13.2282392
1.808	13.2280768
1.81	13.2279376
1.812	13.2278232
1.814	13.2277336
1.816	13.227670799999999
1.818	13.2276344
1.82	13.227624800000001
1.822	13.227646
1.824	13.2276956
1.826	13.227775600000001
1.828	13.227886000000002
1.83	13.2280312
1.832	13.228206799999999
1.834	13.228418399999999
1.836	13.2286644
1.838	13.2289468
1.84	13.2292652
1.842	13.229621999999999
1.844	13.2300188
1.846	13.2304536
1.848	13.2309284
1.85	13.231447200000002
1.852	13.232005999999998
1.854	13.232608800000001
1.856	13.233255199999999
1.858	13.2339476
1.86	13.234686
1.862	13.235446799999998
1.864	13.236206
1.866	13.236963200000002
1.868	13.2377224
1.87	13.2384816
1.872	13.239240800000001
1.874	13.240003600000001
1.876	13.2407684
1.878	13.2415372
1.88	13.242309599999999
1.882	13.243087599999999
1.884	13.243871599999999
1.886	13.244663200000002
1.888	13.245462400000001
1.89	13.246267199999998
1.892	13.2470836
1.894	13.247907600000001
1.896	13.2487432
1.898	13.249590000000001
1.9	13.2504472
1.902	13.251318
1.904	13.252202
1.906	13.2531004
1.908	13.2540132
1.91	13.254942
1.912	13.2558872
1.914	13.2568484
1.916	13.2578288
1.918	13.2588272
1.92	13.2598448
1.922	13.2608824
1.924	13.2619408
1.926	13.2630204
1.928	13.2641228
1.93	13.2652484
1.932	13.2663976
1.934	13.2675716
1.936	13.2687704
1.938	13.2699956
1.94	13.2712468
1.942	13.2725268
1.944	13.2738344
1.946	13.2751712
1.948	13.2765368
1.95	13.277934
1.952	13.2793628
1.954	13.2808228
1.956	13.2823152
1.958	13.2838412
1.96	13.2854024
1.962	13.2869976
1.964	13.2886284
1.966	13.2902964
1.968	13.2920016
1.97	13.2937452
1.972	13.2955264
1.974	13.2973472
1.976	13.2992088
1.978	13.3011112
1.98	13.3030548
1.982	13.3050412
1.984	13.3070708
1.986	13.309144
1.988	13.311262
1.99	13.313426
1.992	13.3156356
1.994	13.317892
1.996	13.3202344
1.998	13.3226968
2.0	13.3252772
2.002	13.3279704
2.004	13.3307744
2.006	13.3336848
2.008	13.3366996
2.01	13.339814
2.012	13.3430244
2.014	13.3463276
2.016	13.3497208
2.018	13.3532
2.02	13.356762
2.022	13.3604032
2.024	13.3641204
2.026	13.3679096
2.028	13.3717672
2.03	13.3756896
2.032	13.3796748
2.034	13.3837184
2.036	13.3878164
2.038	13.391966
2.04	13.396164
2.042	13.400406
2.044	13.4046888
2.046	13.40901
2.048	13.4133652
2.05	13.4177504
2.052	13.422164
2.054	13.4266004
2.056	13.4310568
2.058	13.4355316
2.06	13.4400188
2.062	13.4445152
2.064	13.4490196
2.066	13.4535256
2.068	13.4580316
2.07	13.462534
2.072	13.4670288
2.074	13.4715128
2.076	13.4759816
2.078	13.4804336
2.08	13.4848644
2.082	13.4892704
2.084	13.4936476
2.086	13.4979936
2.088	13.502304
2.09	13.5065764
2.092	13.5108072
2.094	13.5149916
2.096	13.5191268
2.098	13.5232104
2.1	13.527238
2.102	13.531206
2.104	13.5351116
2.106	13.5389508
2.108	13.54272
2.11	13.5464164
2.112	13.5500356
2.114	13.5535756
2.116	13.5570316
2.118	13.5604
2.12	13.5636776
2.122	13.566862
2.124	13.5699492
2.126	13.5729352
2.128	13.5759088
2.13	13.5789596
2.132	13.5820836
2.134	13.5852796
2.136	13.5885448
2.138	13.591876
2.14	13.59527
2.142	13.5987272
2.144	13.6022416
2.146	13.6058132
2.148	13.6094368
2.15	13.6131124
2.152	13.6168364
2.154	13.6206056
2.156	13.6244184
2.158	13.628272
2.16	13.6321632
2.162	13.6360904
2.164	13.64005
2.166	13.6440392
2.168	13.6480568
2.17	13.6521004
2.172	13.656166
2.174	13.6602516
2.176	13.6643544
2.178	13.6684724
2.18	13.6726028
2.182	13.6767424
2.184	13.68089
2.186	13.6850416
2.188	13.6891956
2.19	13.6933488
2.192	13.6974984
2.194	13.7016428
2.196	13.7057792
2.198	13.7099036
2.2	13.7140152
2.202	13.7181112
2.204	13.722188
2.206	13.726244
2.208	13.730276
2.21	13.7342816
2.212	13.7382592
2.214	13.7422048
2.216	13.7461156
2.218	13.7499904
2.22	13.753826
2.222	13.75762
2.224	13.7613696
2.226	13.765072
2.228	13.7687252
2.23	13.7723264
2.232	13.7758724
2.234	13.7793616
2.236	13.7827912
2.238	13.7861584
2.24	13.78946
2.242	13.7926952
2.244	13.7958592
2.246	13.7989512
2.248	13.8019676
2.25	13.8049068
2.252	13.8077652
2.254	13.81054
2.256	13.8132304
2.258	13.815832
2.26	13.8183432
2.262	13.8207656
2.264	13.823104
2.266	13.8253624
2.268	13.8275412
2.27	13.8296452
2.272	13.8316744
2.274	13.8336344
2.276	13.8355256
2.278	13.8373508
2.28	13.8391124
2.282	13.8408136
2.284	13.8424568
2.286	13.8440448
2.288	13.8455792
2.29	13.8470632
2.292	13.8484992
2.294	13.8498896
2.296	13.8512372
2.298	13.852544
2.3	13.8538132
2.302	13.8550472
2.304	13.856248
2.306	13.8574192
2.308	13.8585624
2.31	13.85968
2.312	13.8607748
2.314	13.8618496
2.316	13.8629076
2.318	13.8639496
2.32	13.8649788
2.322	13.8659992
2.324	13.8670112
2.326	13.868018
2.328	13.8690232
2.33	13.8700284
2.332	13.8710356
2.334	13.8720492
2.336	13.8730696
2.338	13.8741008
2.34	13.875144
2.342	13.8762024
2.344	13.8772804
2.346	13.8783768
2.348	13.8794976
2.35	13.8806428
2.352	13.8818168
2.354	13.8830204
2.356	13.8842584
2.358	13.8855304
2.36	13.8868416
2.362	13.8881932
2.364	13.8895884
2.366	13.8910284
2.368	13.892518
2.37	13.8940572
2.372	13.89565
2.374	13.8972988
2.376	13.899006
2.378	13.9007748
2.38	13.902606
2.382	13.904504
2.384	13.9064704
2.386	13.9085072
2.388	13.9106188
2.39	13.9128056
2.392	13.9150716
2.394	13.9173128
2.396	13.9194288
2.398	13.921424
2.4	13.9233008
2.402	13.925066
2.404	13.9267224
2.406	13.928274
2.408	13.9297268
2.41	13.9310828
2.412	13.9323484
2.414	13.9335268
2.416	13.934622
2.418	13.9356392
2.42	13.9365816
2.422	13.9374552
2.424	13.938262
2.426	13.9390076
2.428	13.9396972
2.43	13.9403332
2.432	13.9409208
2.434	13.9414644
2.436	13.9419688
2.438	13.9424372
2.44	13.942874
2.442	13.943284
2.444	13.9436712
2.446	13.9440392
2.448	13.944394
2.45	13.9447392
2.452	13.9450788
2.454	13.9454164
2.456	13.945758
2.458	13.946106
2.46	13.9464664
2.462	13.946842
2.464	13.947238
2.466	13.9476584
2.468	13.9481076
2.47	13.9485904
2.472	13.94911
2.474	13.9496716
2.476	13.9502784
2.478	13.9509364
2.48	13.9516476
2.482	13.9524192
2.484	13.9532528
2.486	13.954154
2.488	13.9551268
2.49	13.956176
2.492	13.9573048
2.494	13.958518
2.496	13.9598208
2.498	13.961216
2.5	13.9627096
2.502	13.964304
2.504	13.9660044
2.506	13.9678152
2.508	13.9697408
2.51	13.9717844
2.512	13.9739524
2.514	13.9762468
2.516	13.9786728
2.518	13.9812356
2.52	13.9839384
2.522	13.986786
2.524	13.9897824
2.526	13.9929312
2.528	13.9961928
2.53	13.9995224
2.532	14.0029172
2.534	14.0063772
2.536	14.0098992
2.538	14.0134832
2.54	14.017126
2.542	14.0208284
2.544	14.0245868
2.546	14.0283996
2.548	14.0322668
2.55	14.0361852
2.552	14.0401556
2.554	14.0441732
2.556	14.0482388
2.558	14.0523508
2.56	14.056506
2.562	14.0607052
2.564	14.0649444
2.566	14.0692236
2.568	14.0735408
2.57	14.0778944
2.572	14.0822832
2.574	14.0867052
2.576	14.0911588
2.578	14.0956432
2.58	14.100156
2.582	14.4683705
2.584	14.474077000000001
2.586	14.4798145
2.588	14.4855795
2.59	14.4913705
2.592	14.497187
2.594	14.503025500000001
2.596	14.5088835
2.598	14.514760500000001
2.6	14.520654500000001
2.602	14.526562499999999
2.604	14.532483500000001
2.606	14.538415500000001
2.608	14.544355500000002
2.61	14.550303
2.612	14.556255
2.614	14.5622095
2.616	14.568166500000002
2.618	14.574121
2.62	14.580072999999999
2.622	14.586021500000001
2.624	14.591962
2.626	14.5978935
2.628	14.6038145
2.63	14.609724000000002
2.632	14.615618999999999
2.634	14.621497
2.636	14.627355999999999
2.638	14.633195
2.64	14.639012500000002
2.642	14.644806
2.644	14.650572
2.646	14.656311000000002
2.648	14.66202
2.65	14.6676965
2.652	14.673339
2.654	14.6789465
2.656	14.684516
2.658	14.690045000000001
2.66	14.695655
2.662	14.7014625
2.664	14.707462500000002
2.666	14.713648000000001
2.668	14.720016500000002
2.67	14.726557500000002
2.672	14.733269
2.674	14.7401435
2.676	14.747177
2.678	14.754362
2.68	14.761693
2.682	14.769165000000001
2.684	14.776773
2.686	14.7845085
2.688	14.7923695
2.69	14.800347
2.692	14.8084375
2.694	14.816634500000001
2.696	14.824932500000001
2.698	14.833325000000002
2.7	14.8418065
2.702	14.850371500000001
2.704	14.859015500000002
2.706	14.867732
2.708	14.876514499999999
2.71	14.885357500000001
2.712	14.894255000000001
2.714	14.903203
2.716	14.912195
2.718	14.921224000000002
2.72	14.930286000000002
2.722	14.9393745
2.724	14.9484835
2.726	14.9576075
2.728	14.9667415
2.73	14.975879
2.732	14.985014
2.734	14.9941415
2.736	15.0032565
2.738	15.012352
2.74	15.021423
2.742	15.0304625
2.744	15.0394665
2.746	15.048427
2.748	15.0573415
2.75	15.066202500000001
2.752	15.075005
2.754	15.083741999999999
2.756	15.092408500000001
2.758	15.1009985
2.76	15.1095065
2.762	15.1179275
2.764	15.126254000000001
2.766	15.134483
2.768	15.142606
2.77	15.1506195
2.772	15.158517
2.774	15.166292
2.776	15.1739405
2.778	15.181454
2.78	15.1888295
2.782	15.1960595
2.784	15.2031405
2.786	15.2100645
2.788	15.216827000000002
2.79	15.2234215
2.792	15.2298435
2.794	15.23622
2.796	15.2426835
2.798	15.249228
2.8	15.2558525
2.802	15.262552
2.804	15.2693245
2.806	15.2761645
2.808	15.2830705
2.81	15.2900385
2.812	15.297064500000001
2.814	15.3041445
2.816	15.311276500000002
2.818	15.3184555
2.82	15.3256795
2.822	15.332944000000001
2.824	15.340247
2.826	15.347583
2.828	15.35495
2.83	15.3623435
2.832	15.369762
2.834	15.3771995
2.836	15.3846535
2.838	15.392122
2.84	15.3995985
2.842	15.4070825
2.844	15.414570000000001
2.846	15.4220565
2.848	15.429538
2.85	15.4370125
2.852	15.4444765
2.854	15.4519255
2.856	15.459357
2.858	15.466767
2.86	15.474152
2.862	15.48151
2.864	15.488835
2.866	15.496125
2.868	15.503376500000002
2.87	15.510585
2.872	15.517749499999999
2.874	15.524864
2.876	15.531926
2.878	15.538933000000002
2.88	15.545879500000002
2.882	15.5527635
2.884	15.559581
2.886	15.566329499999998
2.888	15.573004000000001
2.89	15.5796025
2.892	15.5861205
2.894	15.592554499999999
2.896	15.5989025
2.898	15.6051585
2.9	15.6113215
2.902	15.617387
2.904	15.623351
2.906	15.6292115
2.908	15.634964500000002
2.91	15.6406055
2.912	15.646130500000002
2.914	15.651539
2.916	15.656825000000001
2.918	15.6619865
2.92	15.6670195
2.922	15.6719205
2.924	15.676685
2.926	15.681327
2.928	15.685862
2.93	15.690292000000001
2.932	15.694619
2.934	15.698845
2.936	15.7029745
2.938	15.7070085
2.94	15.7109485
2.942	15.714797500000001
2.944	15.718557500000001
2.946	15.7222325
2.948	15.725822
2.95	15.7293305
2.952	15.73276
2.954	15.7361125
2.956	15.7393895
2.958	15.742595000000001
2.96	15.74573
2.962	15.7487975
2.964	15.751799000000002
2.966	15.7547375
2.968	15.757615
2.97	15.760434499999999
2.972	15.763198000000001
2.974	15.7659075
2.976	15.768564500000002
2.978	15.771174
2.98	15.773736
2.982	15.7762525
2.984	15.7787285
2.986	15.7811625
2.988	15.783560000000001
2.99	15.7859225
2.992	15.788252
2.994	15.790550499999998
2.996	15.7928215
2.998	15.795065000000001
3.0	15.7972855
3.002	15.799484999999999
3.004	15.801665500000002
3.006	15.803829
3.008	15.805978499999998
3.01	15.8081145
3.012	15.8102425
3.014	15.812362
3.016	15.814477
3.018	15.8165895
3.02	15.8187005
3.022	15.820814
3.024	15.822930999999999
3.026	15.8250555
3.028	15.827188
3.03	15.8293315
3.032	15.831489000000001
3.034	15.8336625
3.036	15.8358535
3.038	15.838066000000001
3.04	15.840300000000001
3.042	15.842559000000001
3.044	15.844846500000001
3.046	15.847163000000002
3.048	15.849511499999998
3.05	15.8518945
3.052	15.854313
3.054	15.8567725
3.056	15.859271999999999
3.058	15.861815
3.06	15.864229
3.062	15.8663435
3.064	15.868171
3.066	15.8697195
3.068	15.871000000000002
3.07	15.872023000000002
3.072	15.872797499999999
3.074	15.873333
3.076	15.8736415
3.078	15.873731
3.08	15.873612999999999
3.082	15.873296
3.084	15.8727915
3.086	15.872108500000001
3.088	15.871257499999999
3.09	15.870249000000001
3.092	15.8690925
3.094	15.867797000000001
3.096	15.866373500000002
3.098	15.864832
3.1	15.8631835
3.102	15.861436
3.104	15.8596
3.106	15.8576865
3.108	15.855705500000001
3.11	15.8536655
3.112	15.8515785
3.114	15.849453
3.116	15.847299000000001
3.118	15.845128
3.12	15.842949
3.122	15.840771
3.124	15.838606000000002
3.126	15.836462500000001
3.128	15.8343515
3.13	15.832282
3.132	15.830265
3.134	15.82831
3.136	15.826426500000002
3.138	15.824625000000001
3.14	15.822917
3.142	15.82131
3.144	15.819815000000002
3.146	15.818442999999998
3.148	15.817203000000001
3.15	15.8161055
3.152	15.8151585
3.154	15.814375499999999
3.156	15.813764
3.158	15.813333499999999
3.16	15.8130965
3.162	15.813061999999999
3.164	15.8132395
3.166	15.813639000000002
3.168	15.8142695
3.17	15.815143500000001
3.172	15.81627
3.174	15.8176585
3.176	15.819319
3.178	15.821261
3.18	15.823496
3.182	15.826034
3.184	15.8288845
3.186	15.832055500000001
3.188	15.835560000000001
3.19	15.839407000000001
3.192	15.843514
3.194	15.847790000000002
3.196	15.8522295
3.198	15.8568295
3.2	15.8615835
3.202	15.866489000000001
3.204	15.871539
3.206	15.8767315
3.208	15.882059000000002
3.21	15.887520000000002
3.212	15.893107500000001
3.214	15.8988185
3.216	15.904647
3.218	15.9105895
3.22	15.9166405
3.222	15.9227965
3.224	15.9290515
3.226	15.935403
3.228	15.941843500000001
3.23	15.9483715
3.232	15.9549805
3.234	15.961666000000001
3.236	15.968425000000002
3.238	15.9752495
3.24	15.982139000000002
3.242	15.989086499999999
3.244	15.9960875
3.246	16.0031375
3.248	16.010233
3.25	16.017367500000002
3.252	16.024538
3.254	16.0317395
3.256	16.038967
3.258	16.046216
3.26	16.053483
3.262	16.060762
3.264	16.0680495
3.266	16.075339
3.268	16.0826285
3.27	16.089911
3.272	16.097184
3.274	16.1044415
3.276	16.11168
3.278	16.1188935
3.28	16.126078
3.282	16.133229500000002
3.284	16.140344
3.286	16.147413999999998
3.288	16.154438
3.29	16.1614095
3.292	16.168324499999997
3.294	16.175179
3.296	16.181967999999998
3.298	16.188685500000002
3.3	16.195329
3.302	16.201894
3.304	16.208374
3.306	16.214766
3.308	16.221064
3.31	16.2272655
3.312	16.233363
3.314	16.2393545
3.316	16.245235
3.318	16.250998499999998
3.32	16.256641000000002
3.322	16.262159
3.324	16.267546000000003
3.326	16.272951
3.328	16.2785205
3.33	16.2842485
3.332	16.290130500000004
3.334	16.296158499999997
3.336	16.30233
3.338	16.3086375
3.34	16.315077
3.342	16.321641
3.344	16.328325
3.346	16.3351245
3.348	16.3420315
3.35	16.3490435
3.352	16.356153
3.354	16.3633545
3.356	16.370643
3.358	16.3780125
3.36	16.3854585
3.362	16.3929735
3.364	16.400554
3.366	16.408194
3.368	16.415887500000004
3.37	16.423629000000002
3.372	16.4314125
3.374	16.4392335
3.376	16.447087
3.378	16.4549655
3.38	16.462864500000002
3.382	16.470779
3.384	16.478702499999997
3.386	16.486629999999998
3.388	16.4945565
3.39	16.5024755
3.392	16.5103815
3.394	16.5182695
3.396	16.5261335
3.398	16.533968
3.4	16.541769000000002
3.402	16.5495285
3.404	16.5572425
3.406	16.564905500000002
3.408	16.572511
3.41	16.580053
3.412	16.587529
3.414	16.5949305
3.416	16.602253500000003
3.418	16.609491
3.42	16.61664
3.422	16.623691
3.424	16.630643499999998
3.426	16.637487
3.428	16.64422
3.43	16.6508335
3.432	16.657326
3.434	16.663688
3.436	16.669915500000002
3.438	16.676005
3.44	16.6819475
3.442	16.687738500000002
3.444	16.693375
3.446	16.6988475
3.448	16.7041535
3.45	16.709287000000003
3.452	16.714241
3.454	16.719012
3.456	16.723593
3.458	16.728172
3.46	16.7329405
3.462	16.7378875
3.464	16.74301
3.466	16.7483005
3.468	16.753750500000002
3.47	16.759356
3.472	16.765108
3.474	16.7710015
3.476	16.777030000000003
3.478	16.783186
3.48	16.789462
3.482	16.795854
3.484	16.8023525
3.486	16.808953000000002
3.488	16.8156475
3.49	16.822431
3.492	16.829296
3.494	16.836234
3.496	16.843241
3.498	16.85031
3.5	16.857434
3.502	16.864606000000002
3.504	16.871818
3.506	16.879066
3.508	16.8863425
3.51	16.8936405
3.512	16.900954
3.514	16.908275500000002
3.516	16.915599
3.518	16.922917
3.52	16.9302245
3.522	16.937513000000003
3.524	16.9447775
3.526	16.95201
3.528	16.9592055
3.53	16.9663555
3.532	16.973454500000003
3.534	16.9804965
3.536	16.987472500000003
3.538	16.994378
3.54	17.001206500000002
3.542	17.007949
3.544	17.014602
3.546	17.021156
3.548	17.0276065
3.55	17.033946
3.552	17.040169
3.554	17.0462665
3.556	17.052234000000002
3.558	17.0580635
3.56	17.0637485
3.562	17.069284500000002
3.564	17.074662
3.566	17.079875
3.568	17.084919
3.57	17.089785
3.572	17.0944665
3.574	17.098958000000003
3.576	17.1032535
3.578	17.1073445
3.58	17.111225
3.582	17.114888
3.584	17.1183285
3.586	17.121537500000002
3.588	17.1245105
3.59	17.1272405
3.592	17.129694
3.594	17.131849
3.596	17.1337135
3.598	17.1352945
3.6	17.136601
3.602	17.1376405
3.604	17.13842
3.606	17.138947
3.608	17.1392305
3.61	17.1392795
3.612	17.1390985
3.614	17.138697999999998
3.616	17.138085
3.618	17.137266
3.62	17.1362515
3.622	17.1350475
3.624	17.133661
3.626	17.132102
3.628	17.130377000000003
3.63	17.128494500000002
3.632	17.126462
3.634	17.1242865
3.636	17.1219775
3.638	17.119541
3.64	17.116986
3.642	17.1143205
3.644	17.1115515
3.646	17.108687
3.648	17.105735
3.65	17.1027025
3.652	17.0995995
3.654	17.096431000000003
3.656	17.0932075
3.658	17.089934
3.66	17.086621
3.662	17.083275
3.664	17.0799035
3.666	17.076516
3.668	17.0731185
3.67	17.0697185
3.672	17.066326
3.674	17.062946
3.676	17.0595895
3.678	17.056261000000003
3.68	17.052972
3.682	17.049727
3.684	17.0465345
3.686	17.043404000000002
3.688	17.040342000000003
3.69	17.037357
3.692	17.0344565
3.694	17.0316465
3.696	17.028938
3.698	17.026337
3.7	17.0238515
3.702	17.02149
3.704	17.0192595
3.706	17.0171675
3.708	17.015223
3.71	17.013434
3.712	17.011806500000002
3.714	17.0103485
3.716	17.009071
3.718	17.0079775
3.72	17.007079
3.722	17.0063815
3.724	17.0056695
3.726	17.004729
3.728	17.003567
3.73	17.002189
3.732	17.0006035
3.734	16.9988175
3.736	16.996838500000003
3.738	16.994675
3.74	16.9923315
3.742	16.989816
3.744	16.9871375
3.746	16.9843025
3.748	16.9813165
3.75	16.9781895
3.752	16.974927
3.754	16.9715355
3.756	16.9680245
3.758	16.9643995
3.76	16.9606695
3.762	16.9568405
3.764	16.952918500000003
3.766	16.948913
3.768	16.9448315
3.77	16.940678
3.772	16.936464
3.774	16.932194000000003
3.776	16.927875
3.778	16.9235155
3.78	16.9191225
3.782	16.9147045
3.784	16.910266500000002
3.786	16.9058165
3.788	16.9013615
3.79	16.8969105
3.792	16.8924685
3.794	16.888043500000002
3.796	16.883643499999998
3.798	16.879275500000002
3.8	16.874946
3.802	16.870663
3.804	16.8664335
3.806	16.8622635
3.808	16.8581625
3.81	16.854137
3.812	16.8501935
3.814	16.8463395
3.816	16.842583
3.818	16.8389305
3.82	16.83539
3.822	16.8319675
3.824	16.8286715
3.826	16.8255085
3.828	16.822487000000002
3.83	16.819612499999998
3.832	16.8168925
3.834	16.814335500000002
3.836	16.811947500000002
3.838	16.809736
3.84	16.8077095
3.842	16.805874
3.844	16.804237
3.846	16.8028055
3.848	16.801587
3.85	16.800589000000002
3.852	16.799819
3.854	16.7992825
3.856	16.7989895
3.858	16.798869
3.86	16.798845
3.862	16.7989165
3.864	16.7990825
3.866	16.7993385
3.868	16.799683
3.87	16.800115
3.872	16.800631000000003
3.874	16.801228000000002
3.876	16.8019065
3.878	16.8026635
3.88	16.8034945
3.882	16.8044005
3.884	16.805378
3.886	16.8064235
3.888	16.8075365
3.89	16.8087155
3.892	16.8099565
3.894	16.8112575
3.896	16.8126175
3.898	16.8140335
3.9	16.8155045
3.902	16.817027
3.904	16.818598
3.906	16.820218
3.908	16.8218835
3.91	16.823591999999998
3.912	16.8253405
3.914	16.827129
3.916	16.828954
3.918	16.8308135
3.92	16.8327055
3.922	16.834628000000002
3.924	16.8365785
3.926	16.838555
3.928	16.840554
3.93	16.842576
3.932	16.844617
3.934	16.8466755
3.936	16.848748500000003
3.938	16.850835000000004
3.94	16.8529315
3.942	16.855037000000003
3.944	16.857149500000002
3.946	16.859265
3.948	16.8613825
3.95	16.8635005
3.952	16.8656165
3.954	16.867728
3.956	16.869833
3.958	16.871929
3.96	16.874014000000003
3.962	16.876085500000002
3.964	16.878142
3.966	16.8801805
3.968	16.8822
3.97	16.884198
3.972	16.886172000000002
3.974	16.88812
3.976	16.890039
3.978	16.8919275
3.98	16.8937835
3.982	16.895605
3.984	16.897389500000003
3.986	16.899136
3.988	16.9008395
3.99	16.902587
3.992	16.9044635
3.994	16.906464
3.996	16.9085835
3.998	16.910819500000002
4.0	16.913169500000002
4.002	16.9156275
4.004	16.918188999999998
4.006	16.9208535
4.008	16.9236145
4.01	16.9264685
4.012	16.929412499999998
4.014	16.932442
4.016	16.935553
4.018	16.938742
4.02	16.942006
4.022	16.945339
4.024	16.94874
4.026	16.952202
4.028	16.955724500000002
4.03	16.959301
4.032	16.9629285
4.034	16.9666035
4.036	16.970322
4.038	16.974079500000002
4.04	16.9778725
4.042	16.981698
4.044	16.985552000000002
4.046	16.98943
4.048	16.993327999999998
4.05	16.997243
4.052	17.001169500000003
4.054	17.005106
4.056	17.009047000000002
4.058	17.012989
4.06	17.016929
4.062	17.020862
4.064	17.024785
4.066	17.028694
4.068	17.0325835
4.07	17.036453
4.072	17.0402955
4.074	17.044109
4.076	17.047889
4.078	17.051632
4.08	17.0553335
4.082	17.0589895
4.084	17.062598
4.086	17.066153
4.088	17.0696515
4.09	17.073091
4.092	17.0764655
4.094	17.0797715
4.096	17.083007000000002
4.098	17.086166
4.1	17.089245000000002
4.102	17.092240500000003
4.104	17.095150500000003
4.106	17.0979685
4.108	17.1006915
4.11	17.1033155
4.112	17.1058375
4.114	17.108253
4.116	17.110558500000003
4.118	17.1127495
4.12	17.114822500000002
4.122	17.116866
4.124	17.118965000000003
4.126	17.121119
4.128	17.1233255
4.13	17.1255835
4.132	17.127889
4.134	17.130241
4.136	17.132635999999998
4.138	17.135074
4.14	17.13755
4.142	17.1400625
4.144	17.1426115
4.146	17.1451925
4.148	17.147803000000003
4.15	17.1504425
4.152	17.153108000000003
4.154	17.155797
4.156	17.158508
4.158	17.161238
4.16	17.1639845
4.162	17.166746500000002
4.164	17.169521500000002
4.166	17.1723065
4.168	17.1750995
4.17	17.1778985
4.172	17.180702500000002
4.174	17.183506
4.176	17.18631
4.178	17.1891115
4.18	17.191907
4.182	17.194695
4.184	17.197474
4.186	17.200241
4.188	17.2029935
4.19	17.2057305
4.192	17.2084485
4.194	17.211146
4.196	17.213821
4.198	17.21647
4.2	17.219092500000002
4.202	17.221684000000003
4.204	17.2242445
4.206	17.226772
4.208	17.2292625
4.21	17.231714500000002
4.212	17.234125
4.214	17.2364935
4.216	17.238817
4.218	17.2410925
4.22	17.243318000000002
4.222	17.2454925
4.224	17.2476135
4.226	17.249677
4.228	17.251682000000002
4.23	17.2536275
4.232	17.2555085
4.234	17.2573255
4.236	17.2590755
4.238	17.260755
4.24	17.262362
4.242	17.263896000000003
4.244	17.265354000000002
4.246	17.266732
4.248	17.2680315
4.25	17.269246
4.252	17.2703765
4.254	17.2714435
4.256	17.272468500000002
4.258	17.273453
4.26	17.2743995
4.262	17.275308
4.264	17.2761795
4.266	17.277014
4.268	17.2778125
4.27	17.278578
4.272	17.2793085
4.274	17.2800075
4.276	17.2806735
4.278	17.281309
4.28	17.2819135
4.282	17.2824905
4.284	17.2830375
4.286	17.2835575
4.288	17.284052000000003
4.29	17.284519500000002
4.292	17.284963
4.294	17.2853825
4.296	17.2857795
4.298	17.2861535
4.3	17.2865075
4.302	17.2868405
4.304	17.287155
4.306	17.2874495
4.308	17.287727500000003
4.31	17.2879885
4.312	17.288234000000003
4.314	17.288464
4.316	17.288681
4.318	17.2888835
4.32	17.289075500000003
4.322	17.2892555
4.324	17.289425
4.326	17.2895845
4.328	17.2897345
4.33	17.289879
4.332	17.290015
4.334	17.290146
4.336	17.290271
4.338	17.290393
4.34	17.290511000000002
4.342	17.290626500000002
4.344	17.290741
4.346	17.290854
4.348	17.2909685
4.35	17.291083
4.352	17.291201
4.354	17.29132
4.356	17.291444
4.358	17.291574
4.36	17.2917075
4.362	17.291849499999998
4.364	17.2919975
4.366	17.292154500000002
4.368	17.292320500000002
4.37	17.292497
4.372	17.292684
4.374	17.292883
4.376	17.2930955
4.378	17.2933205
4.38	17.293561500000003
4.382	17.2938165
4.384	17.2940895
4.386	17.294379
4.388	17.2946545
4.39	17.294885999999998
4.392	17.295073000000002
4.394	17.2952185
4.396	17.295321
4.398	17.2953815
4.4	17.295403
4.402	17.295385500000002
4.404	17.295329000000002
4.406	17.295235
4.408	17.295104000000002
4.41	17.294937
4.412	17.2947355
4.414	17.2944995
4.416	17.294231500000002
4.418	17.2939295
4.42	17.293597
4.422	17.2932335
4.424	17.2928415
4.426	17.2924195
4.428	17.29197
4.43	17.291493000000003
4.432	17.29099
4.434	17.290460500000002
4.436	17.289909
4.438	17.289332
4.44	17.2887335
4.442	17.2881125
4.444	17.287471
4.446	17.286808
4.448	17.2861275
4.45	17.2854275
4.452	17.2847115
4.454	17.283978
4.456	17.2832295
4.458	17.2824655
4.46	17.281688000000003
4.462	17.2808965
4.464	17.2800945
4.466	17.27928
4.468	17.278455
4.47	17.2776205
4.472	17.276778
4.474	17.275928
4.476	17.2750695
4.478	17.274206500000002
4.48	17.2733375
4.482	17.272465
4.484	17.2715885
4.486	17.270709000000004
4.488	17.269829
4.49	17.268947
4.492	17.268066
4.494	17.2671865
4.496	17.2663075
4.498	17.2654315
4.5	17.26456
4.502	17.2636925
4.504	17.2628305
4.506	17.2619745
4.508	17.2611245
4.51	17.260284
4.512	17.259452000000003
4.514	17.2586295
4.516	17.257819
4.518	17.257018000000002
4.52	17.2561845
4.522	17.2552735
4.524	17.254288000000003
4.526	17.253228
4.528	17.252099
4.53	17.250902500000002
4.532	17.24964
4.534	17.2483145
4.536	17.246928
4.538	17.245483
4.54	17.243982000000003
4.542	17.242429
4.544	17.240823
4.546	17.2391685
4.548	17.237468500000002
4.55	17.2357245
4.552	17.233939
4.554	17.2321135
4.556	17.2302515
4.558	17.228355
4.56	17.226426500000002
4.562	17.224469
4.564	17.222484
4.566	17.220474000000003
4.568	17.2184415
4.57	17.216389
4.572	17.214319500000002
4.574	17.2122345
4.576	17.2101365
4.578	17.2080275
4.58	17.2059105
4.582	17.2037885
4.584	17.201663
4.586	17.1995375
4.588	17.197412
4.59	17.195291
4.592	17.1931765
4.594	17.191071
4.596	17.1889755
4.598	17.186894000000002
4.6	17.1848295
4.602	17.1827815
4.604	17.180755
4.606	17.178752000000003
4.608	17.1767745
4.61	17.174824
4.612	17.1729035
4.614	17.1710165
4.616	17.169164000000002
4.618	17.1673495
4.62	17.165574499999998
4.622	17.1638415
4.624	17.1621535
4.626	17.160513
4.628	17.1589205
4.63	17.1573815
4.632	17.155895
4.634	17.1544655
4.636	17.153096
4.638	17.151787
4.64	17.1505425
4.642	17.1493635
4.644	17.148252499999998
4.646	17.147213
4.648	17.1462475
4.65	17.145357
4.652	17.144544000000003
4.654	17.143756
4.656	17.142937
4.658	17.1420895
4.66	17.141213
4.662	17.1403105
4.664	17.139383000000002
4.666	17.138432
4.668	17.1374605
4.67	17.136467500000002
4.672	17.1354555
4.674	17.134426500000004
4.676	17.133381
4.678	17.1323215
4.68	17.1312485
4.682	17.130165
4.684	17.1290705
4.686	17.1279675
4.688	17.126858
4.69	17.1257435
4.692	17.1246225
4.694	17.123501
4.696	17.122378
4.698	17.121255
4.7	17.1201335
4.702	17.1190165
4.704	17.117903
4.706	17.1167965
4.708	17.1156975
4.71	17.114607
4.712	17.113528000000002
4.714	17.112461
4.716	17.111407
4.718	17.110369
4.72	17.109347
4.722	17.1083435
4.724	17.10736
4.726	17.106397
4.728	17.105456500000003
4.73	17.1045405
4.732	17.103649
4.734	17.102785
4.736	17.101949
4.738	17.1011445
4.74	17.1003695
4.742	17.099628
4.744	17.098921
4.746	17.09825
4.748	17.097617
4.75	17.097020999999998
4.752	17.096466500000002
4.754	17.095954
4.756	17.0954845
4.758	17.095059
4.76	17.094681
4.762	17.0943495
4.764	17.094067000000003
4.766	17.0938355
4.768	17.093657
4.77	17.093532
4.772	17.09346
4.774	17.093447
4.776	17.093491
4.778	17.093595
4.78	17.0937595
4.782	17.093986
4.784	17.094277
4.786	17.094613000000003
4.788	17.094970500000002
4.79	17.095352000000002
4.792	17.095756
4.794	17.0961805
4.796	17.096629
4.798	17.097096
4.8	17.097586
4.802	17.098095
4.804	17.0986255
4.806	17.099174
4.808	17.0997425
4.81	17.1003305
4.812	17.100937000000002
4.814	17.1015605
4.816	17.102203
4.818	17.1028625
4.82	17.103538
4.822	17.104232000000003
4.824	17.10494
4.826	17.105666
4.828	17.1064065
4.83	17.107161
4.832	17.107931999999998
4.834	17.1087165
4.836	17.109514
4.838	17.110326
4.84	17.111151
4.842	17.111989
4.844	17.112839
4.846	17.113701
4.848	17.114574500000003
4.85	17.1154605
4.852	17.1163555
4.854	17.117261499999998
4.856	17.1181785
4.858	17.1191035
4.86	17.120039
4.862	17.1209835
4.864	17.1219355
4.866	17.1228965
4.868	17.1238645
4.87	17.124841000000004
4.872	17.125823
4.874	17.1268125
4.876	17.127808
4.878	17.128809500000003
4.88	17.1298165
4.882	17.130827500000002
4.884	17.1318445
4.886	17.132865000000002
4.888	17.13389
4.89	17.134919000000004
4.892	17.13595
4.894	17.1369835
4.896	17.1380195
4.898	17.139058
4.9	17.1400985
4.902	17.141139000000003
4.904	17.142181
4.906	17.143224
4.908	17.144266000000002
4.91	17.145308
4.912	17.146349999999998
4.914	17.147389500000003
4.916	17.148429
4.918	17.149466
4.92	17.150530500000002
4.922	17.151653500000002
4.924	17.152831
4.926	17.154065
4.928	17.155351500000002
4.93	17.15669
4.932	17.1580775
4.934	17.1595155
4.936	17.1610005
4.938	17.1625315
4.94	17.164106
4.942	17.165725000000002
4.944	17.1673845
4.946	17.1690855
4.948	17.170824500000002
4.95	17.172601
4.952	17.174413
4.954	17.1762595
4.956	17.1781395
4.958	17.1800505
4.96	17.181991
4.962	17.183961500000002
4.964	17.185958499999998
4.966	17.1879815
4.968	17.1900295
4.97	17.192099
4.972	17.194191
4.974	17.196302000000003
4.976	17.1984325
4.978	17.200579500000003
4.98	17.202742999999998
4.982	17.204919500000003
4.984	17.2071095
4.986	17.209311500000002
4.988	17.2115225
4.99	17.213741
4.992	17.215968
4.994	17.218201
4.996	17.220437
4.998	17.222676
5.0	17.224916
5.002	17.227156
5.004	17.2293945
5.006	17.231630000000003
5.008	17.23386
5.01	17.236086
5.012	17.238303000000002
5.014	17.240510999999998
5.016	17.242708999999998
5.018	17.244895500000002
5.02	17.2470685
5.022	17.249227500000003
5.024	17.251369500000003
5.026	17.253495
5.028	17.2556005
5.03	17.257686500000002
5.032	17.25975
5.034	17.2617895
5.036	17.2638055
5.038	17.265795
5.04	17.267757500000002
5.042	17.2696895
5.044	17.2715925
5.046	17.2734615
5.048	17.275298499999998
5.05	17.277101000000002
5.052	17.2789715
5.054	17.2810135
5.056	17.28322
5.058	17.285585
5.06	17.288104
5.062	17.2907705
5.064	17.293579
5.066	17.296525
5.068	17.299603
5.07	17.302805
5.072	17.306127
5.074	17.309564
5.076	17.313109500000003
5.078	17.3167585
5.08	17.320504
5.082	17.3243425
5.084	17.3282655
5.086	17.332271
5.088	17.3363515
5.09	17.340501000000003
5.092	17.344714
5.094	17.348985499999998
5.096	17.3533105
5.098	17.3576815
5.1	17.362095000000004
5.102	17.3665435
5.104	17.371022500000002
5.106	17.375526
5.108	17.380049
5.11	17.384586000000002
5.112	17.3891305
5.114	17.393677
5.116	17.398220000000002
5.118	17.402753500000003
5.12	17.407274
5.122	17.411773
5.124	17.416247
5.126	17.4206895
5.128	17.4250945
5.13	17.429457499999998
5.132	17.433773000000002
5.134	17.4380335
5.136	17.442235500000002
5.138	17.446372
5.14	17.4504385
5.142	17.4544285
5.144	17.458336000000003
5.146	17.4621565
5.148	17.4658845
5.15	17.469514500000002
5.152	17.4730395
5.154	17.4764545
5.156	17.4797545
5.158	17.4829325
5.16	17.485985499999998
5.162	17.488905000000003
5.164	17.491687
5.166	17.4943265
5.168	17.496817
5.17	17.499152000000002
5.172	17.5013265
5.174	17.503336500000003
5.176	17.5051745
5.178	17.506835000000002
5.18	17.5083135
5.182	17.509603
5.184	17.5106985
5.186	17.5116705
5.188	17.5125895
5.19	17.513457000000002
5.192	17.514274
5.194	17.5150405
5.196	17.515758
5.198	17.5164255
5.2	17.517044000000002
5.202	17.517616500000003
5.204	17.5181395
5.206	17.5186165
5.208	17.519048
5.21	17.519433
5.212	17.519774
5.214	17.5200695
5.216	17.5203215
5.218	17.52053
5.22	17.520695500000002
5.222	17.5208195
5.224	17.5209005
5.226	17.5209425
5.228	17.5209425
5.23	17.520903
5.232	17.5208255
5.234	17.5207075
5.236	17.5205525
5.238	17.5203595
5.24	17.5201305
5.242	17.5198645
5.244	17.519562
5.246	17.5192255
5.248	17.518854
5.25	17.5184485
5.252	17.5180085
5.254	17.517536500000002
5.256	17.5170325
5.258	17.516496
5.26	17.5159295
5.262	17.515331
5.264	17.514704000000002
5.266	17.514046
5.268	17.5133605
5.27	17.512646500000002
5.272	17.511904
5.274	17.511135
5.276	17.51034
5.278	17.5095185
5.28	17.508672
5.282	17.507800500000002
5.284	17.5069045
5.286	17.505985000000003
5.288	17.5050435
5.29	17.504079
5.292	17.503092000000002
5.294	17.5020835
5.296	17.501056000000002
5.298	17.500007000000004
5.3	17.4989385
5.302	17.497851500000003
5.304	17.496745500000003
5.306	17.4956225
5.308	17.4944815
5.31	17.493324
5.312	17.492151
5.314	17.490962500000002
5.316	17.4897585
5.318	17.4885115
5.32	17.487192
5.322	17.485802
5.324	17.4843425
5.326	17.482817
5.328	17.4812255
5.33	17.4795695
5.332	17.021344
5.334	17.0206326
5.336	17.0198974
5.338	17.0191386
5.34	17.0183576
5.342	17.0175546
5.344	17.0167306
5.346	17.0158862
5.348	17.0150212
5.35	17.0141376
5.352	17.013235
5.354	17.0123142
5.356	17.0113762
5.358	17.0104212
5.36	17.0094502
5.362	17.0084638
5.364	17.0074618
5.366	17.0064462
5.368	17.0054172
5.37	17.0043748
5.372	17.003320000000002
5.374	17.0022534
5.376	17.0011758
5.378	17.000088
5.38	16.99899
5.382	16.9978832
5.384	16.9967674
5.386	16.995644
5.388	16.9945128
5.39	16.9933752
5.392	16.9922316
5.394	16.9910826
5.396	16.989929
5.398	16.9887708
5.4	16.9876092
5.402	16.9864448
5.404	16.9852784
5.406	16.9841102
5.408	16.982941
5.41	16.9817714
5.412	16.9806022
5.414	16.9794334
5.416	16.9782666
5.418	16.9771022
5.42	16.97594
5.422	16.9747814
5.424	16.973627
5.426	16.9724772
5.428	16.9713328
5.43	16.9701946
5.432	16.9690626
5.434	16.9679382
5.436	16.9668216
5.438	16.9657134
5.44	16.964613800000002
5.442	16.9635246
5.444	16.9624456
5.446	16.9613774
5.448	16.9603212
5.45	16.959277
5.452	16.9582026
5.454	16.9570558
5.456	16.955839
5.458	16.9545548
5.46	16.953205
5.462	16.951792
5.464	16.950318199999998
5.466	16.9487856
5.468	16.9471972
5.47	16.9455542
5.472	16.94386
5.474	16.9421156
5.476	16.9403242
5.478	16.9384878
5.48	16.9366086
5.482	16.9346894
5.484	16.9327314
5.486	16.9307378
5.488	16.9287104
5.49	16.926651800000002
5.492	16.9245642
5.494	16.9224494
5.496	16.920310399999998
5.498	16.9181484
5.5	16.9159668
5.502	16.9137676
5.504	16.9115528
5.506	16.909325
5.508	16.9070858
5.51	16.904838
5.512	16.902584
5.514	16.900325600000002
5.516	16.8980654
5.518	16.8958052
5.52	16.8935484
5.522	16.8912958
5.524	16.8890508
5.526	16.886815
5.528	16.884591
5.53	16.8823812
5.532	16.8801874
5.534	16.878012599999998
5.536	16.8758576
5.538	16.8737266
5.54	16.8716206
5.542	16.869542
5.544	16.8674934
5.546	16.865477
5.548	16.8634952
5.55	16.8615498
5.552	16.8596434
5.554	16.857778
5.556	16.8559564
5.558	16.854180200000002
5.56	16.852452200000002
5.562	16.8507746
5.564	16.849149
5.566	16.8475788
5.568	16.846065799999998
5.57	16.844611399999998
5.572	16.8432192
5.574	16.8418912
5.576	16.8406284
5.578	16.839435
5.58	16.8383116
5.582	16.8372616
5.584	16.8362306
5.586	16.8351644
5.588	16.8340648
5.59	16.832932800000002
5.592	16.8317702
5.594	16.8305786
5.596	16.8293584
5.598	16.828112
5.6	16.8268408
5.602	16.825545599999998
5.604	16.8242282
5.606	16.8228902
5.608	16.8215326
5.61	16.8201568
5.612	16.8187646
5.614	16.8173574
5.616	16.8159364
5.618	16.814503600000002
5.62	16.8130592
5.622	16.8116058
5.624	16.8101438
5.626	16.8086756
5.628	16.8072026
5.63	16.8057254
5.632	16.8042458
5.634	16.8027652
5.636	16.8012856
5.638	16.7998074
5.64	16.798333
5.642	16.796863000000002
5.644	16.7953996
5.646	16.7939432
5.648	16.7924966
5.65	16.7910598
5.652	16.7896356
5.654	16.788224
5.656	16.7868274
5.658	16.785447
5.66	16.7840836
5.662	16.78274
5.664	16.7814162
5.666	16.780115000000002
5.668	16.778836
5.67	16.7775824
5.672	16.7763552
5.674	16.775154999999998
5.676	16.7739834
5.678	16.7728428
5.68	16.7717336
5.682	16.770657800000002
5.684	16.7696164
5.686	16.768611200000002
5.688	16.767643800000002
5.69	16.7667148
5.692	16.7658266
5.694	16.7649796
5.696	16.7641762
5.698	16.763417
5.7	16.7627038
5.702	16.7620386
5.704	16.7614216
5.706	16.760855
5.708	16.76034
5.71	16.759878399999998
5.712	16.7594712
5.714	16.7591204
5.716	16.7588266
5.718	16.7585858
5.72	16.758393599999998
5.722	16.7582482
5.724	16.7581486
5.726	16.7580932
5.728	16.7580822
5.73	16.7581132
5.732	16.7581862
5.734	16.7582996
5.736	16.7584528
5.738	16.758644
5.74	16.7588724
5.742	16.7591374
5.744	16.7594374
5.746	16.7597716
5.748	16.7601388
5.75	16.7605384
5.752	16.760968599999998
5.754	16.761428600000002
5.756	16.761918
5.758	16.7624344
5.76	16.762978
5.762	16.7635472
5.764	16.764141000000002
5.766	16.764758399999998
5.768	16.765398400000002
5.77	16.7660592
5.772	16.7667412
5.774	16.7674416
5.776	16.7681612
5.778	16.7688974
5.78	16.7696498
5.782	16.770417000000002
5.784	16.771198599999998
5.786	16.771993000000002
5.788	16.7727988
5.79	16.7736162
5.792	16.774442999999998
5.794	16.7752784
5.796	16.7761214
5.798	16.7769712
5.8	16.7778262
5.802	16.778685799999998
5.804	16.779549
5.806	16.7804144
5.808	16.7812808
5.81	16.7821478
5.812	16.7830136
5.814	16.7838776
5.816	16.7847388
5.818	16.7855958
5.82	16.7864478
5.822	16.7872932
5.824	16.788132
5.826	16.7889622
5.828	16.7897828
5.83	16.7905934
5.832	16.791392600000002
5.834	16.792179
5.836	16.792952
5.838	16.79371
5.84	16.7944526
5.842	16.795178200000002
5.844	16.7958864
5.846	16.796575400000002
5.848	16.7972444
5.85	16.797933
5.852	16.7986802
5.854	16.799483600000002
5.856	16.800342399999998
5.858	16.8012546
5.86	16.8022188
5.862	16.8032326
5.864	16.804295
5.866	16.805404
5.868	16.8065584
5.87	16.8077558
5.872	16.808995
5.874	16.8102744
5.876	16.811592
5.878	16.8129462
5.88	16.814335200000002
5.882	16.8157576
5.884	16.817212
5.886	16.8186958
5.888	16.8202084
5.89	16.821747600000002
5.892	16.8233112
5.894	16.8248986
5.896	16.8265074
5.898	16.8281362
5.9	16.8297832
5.902	16.831447
5.904	16.8331254
5.906	16.8348168
5.908	16.83652
5.91	16.8382334
5.912	16.8399548
5.914	16.8416822
5.916	16.8434152
5.918	16.8451508
5.92	16.8468884
5.922	16.8486256
5.924	16.8503608
5.926	16.8520926
5.928	16.8538192
5.93	16.8555392
5.932	16.85725
5.934	16.858951400000002
5.936	16.8606404
5.938	16.862316
5.94	16.8639764
5.942	16.865619600000002
5.944	16.8672446
5.946	16.8688486
5.948	16.8704312
5.95	16.8719906
5.952	16.873524
5.954	16.8750308
5.956	16.876509
5.958	16.8779568
5.96	16.8793724
5.962	16.8807544
5.964	16.8821014
5.966	16.8834108
5.968	16.884682
5.97	16.8859128
5.972	16.8871014
5.974	16.8882464
5.976	16.889346
5.978	16.8903988
5.98	16.8914026
5.982	16.8923558
5.984	16.8933094
5.986	16.8943132
5.988	16.895366
5.99	16.8964662
5.992	16.897611
5.994	16.8987998
5.996	16.90003
5.998	16.9012998
6.0	16.9026082
6.002	16.903953
6.004	16.905332
6.006	16.9067438
6.008	16.9081868
6.01	16.9096592
6.012	16.9111588
6.014	16.9126842
6.016	16.9142336
6.018	16.9158052
6.02	16.9173974
6.022	16.9190076
6.024	16.920635
6.026	16.9222772
6.028	16.9239334
6.03	16.9256004
6.032	16.9272774
6.034	16.928962
6.036	16.9306534
6.038	16.932349000000002
6.04	16.934047
6.042	16.935746
6.044	16.937444
6.046	16.9391396
6.048	16.940830599999998
6.05	16.9425152
6.052	16.9441918
6.054	16.9458588
6.056	16.9475144
6.058	16.9491562
6.06	16.950783
6.062	16.9523934
6.064	16.9539846
6.066	16.9555558
6.068	16.9571046
6.07	16.958629000000002
6.072	16.9601282
6.074	16.9615996
6.076	16.9630416
6.078	16.964453
6.08	16.9658312
6.082	16.967174800000002
6.084	16.9684818
6.086	16.9697512
6.088	16.97098
6.09	16.9721674
6.092	16.9733112
6.094	16.97441
6.096	16.9754614
6.098	16.9764642
6.1	16.9774164
6.102	16.978316200000002
6.104	16.9791616
6.106	16.979951200000002
6.108	16.9806832
6.11	16.981355999999998
6.112	16.9819672
6.114	16.9825152
6.116	16.9830116
6.118	16.9834688
6.12	16.9838876
6.122	16.984269
6.124	16.984613799999998
6.126	16.9849232
6.128	16.9851978
6.13	16.985439200000002
6.132	16.9856476
6.134	16.985824
6.136	16.9859698
6.138	16.9860852
6.14	16.9861716
6.142	16.9862298
6.144	16.9862608
6.146	16.986265
6.148	16.9862446
6.15	16.9861988
6.152	16.986129599999998
6.154	16.986038
6.156	16.9859246
6.158	16.98579
6.16	16.985635600000002
6.162	16.985462
6.164	16.9852708
6.166	16.985062
6.168	16.984837
6.17	16.9845966
6.172	16.984341399999998
6.174	16.984073000000002
6.176	16.9837922
6.178	16.9834994
6.18	16.983195600000002
6.182	16.9828824
6.184	16.98256
6.186	16.9822296
6.188	16.981892000000002
6.19	16.9815482
6.192	16.9811986
6.194	16.9808452
6.196	16.9804882
6.198	16.9801286
6.2	16.9797676
6.202	16.9794058
6.204	16.9790438
6.206	16.9786834
6.208	16.9783248
6.21	16.977969
6.212	16.977617600000002
6.214	16.977270400000002
6.216	16.976929
6.218	16.9765942
6.22	16.9762672
6.222	16.9759486
6.224	16.9756392
6.226	16.9753398
6.228	16.9750522
6.23	16.9747762
6.232	16.9745134
6.234	16.9742644
6.236	16.9740304
6.238	16.973812
6.24	16.9736108
6.242	16.9734266
6.244	16.9732612
6.246	16.9731148
6.248	16.9729894
6.25	16.9728512
6.252	16.972668
6.254	16.9724416
6.256	16.9721726
6.258	16.9718632
6.26	16.971514
6.262	16.9711268
6.264	16.970703
6.266	16.9702438
6.268	16.9697508
6.27	16.9692248
6.272	16.9686674
6.274	16.968079799999998
6.276	16.967464200000002
6.278	16.966821
6.28	16.966152
6.282	16.9654588
6.284	16.9647416
6.286	16.964002999999998
6.288	16.9632442
6.29	16.962466
6.292	16.9616702
6.294	16.9608578
6.296	16.9600304
6.298	16.9591892
6.3	16.9583358
6.302	16.9574716
6.304	16.956597600000002
6.306	16.9557156
6.308	16.9548262
6.31	16.9539316
6.312	16.9530328
6.314	16.9521312
6.316	16.951228
6.318	16.9503244
6.32	16.9494222
6.322	16.9485228
6.324	16.947627400000002
6.326	16.9467372
6.328	16.9458536
6.33	16.944978
6.332	16.9441116
6.334	16.9432562
6.336	16.9424132
6.338	16.941583
6.34	16.940768
6.342	16.939969
6.344	16.9391874
6.346	16.938425000000002
6.348	16.9376824
6.35	16.936962
6.352	16.9362638
6.354	16.9355906
6.356	16.9349426
6.358	16.9343218
6.36	16.933729
6.362	16.9331664
6.364	16.9326346
6.366	16.9321354
6.368	16.93167
6.37	16.9312394
6.372	16.9308456
6.374	16.9304898
6.376	16.9301728
6.378	16.9298966
6.38	16.9296626
6.382	16.9294356
6.384	16.929181800000002
6.386	16.9289024
6.388	16.9285978
6.39	16.9282688
6.392	16.9279164
6.394	16.927542
6.396	16.9271468
6.398	16.9267304
6.4	16.9262952
6.402	16.9258416
6.404	16.9253706
6.406	16.9248828
6.408	16.9243796
6.41	16.9238618
6.412	16.9233302
6.414	16.922786
6.416	16.92223
6.418	16.9216632
6.42	16.9210866
6.422	16.9205016
6.424	16.9199078
6.426	16.919308
6.428	16.9187014
6.43	16.9180902
6.432	16.9174746
6.434	16.9168562
6.436	16.9162352
6.438	16.9156134
6.44	16.914990799999998
6.442	16.914369399999998
6.444	16.913749
6.446	16.913132
6.448	16.9125178
6.45	16.9119084
6.452	16.9113044
6.454	16.9107068
6.456	16.910116600000002
6.458	16.9095344
6.46	16.9089616
6.462	16.9083994
6.464	16.9078478
6.466	16.907309
6.468	16.9067824
6.47	16.9062704
6.472	16.905773
6.474	16.9052918
6.476	16.904827400000002
6.478	16.9043812
6.48	16.9039534
6.482	16.9035452
6.484	16.903158
6.486	16.9027924
6.488	16.902449400000002
6.49	16.90213
6.492	16.9018352
6.494	16.9015658
6.496	16.9013226
6.498	16.9011072
6.5	16.9009198
6.502	16.9007614
6.504	16.9006336
6.506	16.9005374
6.508	16.900473
6.51	16.9004414
6.512	16.9004444
6.514	16.900482
6.516	16.9005412
6.518	16.9006084
6.52	16.9006828
6.522	16.900765200000002
6.524	16.900855
6.526	16.9009532
6.528	16.901059
6.53	16.9011724
6.532	16.9012946
6.534	16.9014248
6.536	16.901563
6.538	16.9017094
6.54	16.9018638
6.542	16.9020274
6.544	16.9021992
6.546	16.9023794
6.548	16.9025682
6.55	16.902765600000002
6.552	16.902972
6.554	16.9031872
6.556	16.9034108
6.558	16.903644
6.56	16.9038856
6.562	16.904137
6.564	16.9043968
6.566	16.9046662
6.568	16.9049452
6.57	16.9052332
6.572	16.9055308
6.574	16.9058378
6.576	16.9061544
6.578	16.906480600000002
6.58	16.9068168
6.582	16.9071626
6.584	16.9075178
6.586	16.9078834
6.588	16.9082588
6.59	16.9086446
6.592	16.9090402
6.594	16.909446
6.596	16.9098618
6.598	16.9102886
6.6	16.9107254
6.602	16.9111728
6.604	16.9116304
6.606	16.9120988
6.608	16.912578
6.61	16.9130682
6.612	16.9135688
6.614	16.91408
6.616	16.914602600000002
6.618	16.9151362
6.62	16.9156808
6.622	16.9162368
6.624	16.9168036
6.626	16.9173816
6.628	16.9179714
6.63	16.9185728
6.632	16.919185
6.634	16.9198092
6.636	16.9204448
6.638	16.9210924
6.64	16.9217518
6.642	16.9224228
6.644	16.923106
6.646	16.923800800000002
6.648	16.9245118
6.65	16.9252428
6.652	16.9259928
6.654	16.926762
6.656	16.9275502
6.658	16.9283564
6.66	16.929181
6.662	16.930023
6.664	16.9308824
6.666	16.9317588
6.668	16.932651800000002
6.67	16.9335616
6.672	16.934486800000002
6.674	16.935428
6.676	16.9363846
6.678	16.9373558
6.68	16.938342
6.682	16.9393424
6.684	16.9403562
6.686	16.9413842
6.688	16.942425
6.69	16.943479
6.692	16.9445456
6.694	16.9456242
6.696	16.946714800000002
6.698	16.9478166
6.7	16.9489302
6.702	16.9500544
6.704	16.9511888
6.706	16.952333799999998
6.708	16.9534882
6.71	16.954652199999998
6.712	16.9558256
6.714	16.9570078
6.716	16.958198
6.718	16.9593966
6.72	16.9606026
6.722	16.9618162
6.724	16.9630374
6.726	16.964264800000002
6.728	16.9654982
6.73	16.9667386
6.732	16.967984
6.734	16.9692348
6.736	16.9704908
6.738	16.9717516
6.74	16.9730166
6.742	16.9742854
6.744	16.975557600000002
6.746	16.9768336
6.748	16.9781126
6.75	16.9793938
6.752	16.9806774
6.754	16.9819634
6.756	16.9832504
6.758	16.9845388
6.76	16.9858282
6.762	16.987118
6.764	16.988408
6.766	16.9896982
6.768	16.9909876
6.77	16.992276
6.772	16.9935634
6.774	16.994849600000002
6.776	16.9961336
6.778	16.9974158
6.78	16.9986952
6.782	16.9999932
6.784	17.0013312
6.786	17.0027074
6.788	17.0041212
6.79	17.0055702
6.792	17.0070552
6.794	17.008573
6.796	17.0101236
6.798	17.0117058
6.8	17.0133174
6.802	17.014958800000002
6.804	17.016627200000002
6.806	17.0183228
6.808	17.0200432
6.81	17.0217884
6.812	17.023556
6.814	17.0253456
6.816	17.0271562
6.818	17.0289858
6.82	17.030834
6.822	17.0326994
6.824	17.03458
6.826	17.036476
6.828	17.0383852
6.83	17.0403068
6.832	17.042239600000002
6.834	17.0441822
6.836	17.0461338
6.838	17.0480926
6.84	17.050058200000002
6.842	17.052029
6.844	17.0540036
6.846	17.0559814
6.848	17.0579604
6.85	17.0599402
6.852	17.061919
6.854	17.0638966
6.856	17.0658702
6.858	17.06784
6.86	17.0698046
6.862	17.071762
6.864	17.073711799999998
6.866	17.0756524
6.868	17.0775832
6.87	17.0795024
6.872	17.0814088
6.874	17.0833018
6.876	17.0851796
6.878	17.0870412
6.88	17.0888856
6.882	17.090712
6.884	17.0925182
6.886	17.0943034
6.888	17.0960668
6.89	17.0978068
6.892	17.0995224
6.894	17.1012124
6.896	17.1028756
6.898	17.1045106
6.9	17.1061166
6.902	17.1076926
6.904	17.1092366
6.906	17.1107476
6.908	17.1122254
6.91	17.1136674
6.912	17.1150736
6.914	17.1164764
6.916	17.1179092
6.918	17.1193712
6.92	17.1208614
6.922	17.1223782
6.924	17.1239212
6.926	17.125489
6.928	17.1270802
6.93	17.1286944
6.932	17.1303304
6.934	17.131987000000002
6.936	17.133663
6.938	17.1353578
6.94	17.1370696
6.942	17.138798
6.944	17.1405424
6.946	17.1423004
6.948	17.144072
6.95	17.1458558
6.952	17.1476506
6.954	17.1494554
6.956	17.1512698
6.958	17.1530918
6.96	17.154921
6.962	17.1567558
6.964	17.1585958
6.966	17.1604394
6.968	17.1622862
6.97	17.164134400000002
6.972	17.165983
6.974	17.167831200000002
6.976	17.1696786
6.978	17.171523
6.98	17.173364
6.982	17.1752004
6.984	17.1770308
6.986	17.1788552
6.988	17.1806716
6.99	17.1824788
6.992	17.1842764
6.994	17.1860632
6.996	17.1878384
6.998	17.1895998
7.0	17.191348
7.002	17.1930802
7.004	17.1947968
7.006	17.1964964
7.008	17.1981772
7.01	17.199839
7.012	17.2014802
7.014	17.2031006
7.016	17.204698
7.018	17.206272
7.02	17.2078212
7.022	17.2093452
7.024	17.2108424
7.026	17.2123116
7.028	17.213752200000002
7.03	17.215163
7.032	17.216543
7.034	17.217891
7.036	17.219206200000002
7.038	17.2204874
7.04	17.2217334
7.042	17.2229432
7.044	17.2241156
7.046	17.2252506
7.048	17.2263674
7.05	17.227487
7.052	17.2286094
7.054	17.2297348
7.056	17.230862000000002
7.058	17.2319912
7.06	17.2331218
7.062	17.2342538
7.064	17.2353862
7.066	17.2365192
7.068	17.2376522
7.07	17.2387852
7.072	17.2399172
7.074	17.2410486
7.076	17.2421788
7.078	17.243307
7.08	17.2444338
7.082	17.2455582
7.084	17.2466796
7.086	17.2477982
7.088	17.2489136
7.09	17.2500256
7.092	17.251133199999998
7.094	17.2522366
7.096	17.2533358
7.098	17.2544296
7.1	17.2555182
7.102	17.2566012
7.104	17.2576778
7.106	17.2587484
7.108	17.2598122
7.11	17.2608688
7.112	17.2619184
7.114	17.2629598
7.116	17.2639936
7.118	17.2650188
7.12	17.2660354
7.122	17.267043
7.124	17.2680406
7.126	17.269029
7.128	17.270007
7.13	17.270975
7.132	17.271932
7.134	17.2728776
7.136	17.273812200000002
7.138	17.2747348
7.14	17.2756452
7.142	17.276543
7.144	17.2774284
7.146	17.2783002
7.148	17.279159
7.15	17.2800034
7.152	17.280834
7.154	17.28165
7.156	17.282451000000002
7.158	17.2832374
7.16	17.2840078
7.162	17.2847622
7.164	17.2855004
7.166	17.2862224
7.168	17.286927
7.17	17.2876146
7.172	17.2882852
7.174	17.288937
7.176	17.2895712
7.178	17.2901862
7.18	17.2907894
7.182	17.291387
7.184	17.2919782
7.186	17.2925632
7.188	17.2931416
7.19	17.2937138
7.192	17.294279
7.194	17.2948374
7.196	17.295388
7.198	17.2959316
7.2	17.2964676
7.202	17.2969954
7.204	17.2975152
7.206	17.2980268
7.208	17.29853
7.21	17.2990244
7.212	17.2995098
7.214	17.2999866
7.216	17.3004536
7.218	17.3009112
7.22	17.3013596
7.222	17.3017972
7.224	17.302225
7.226	17.3026426
7.228	17.3030498
7.23	17.3034462
7.232	17.3038314
7.234	17.3042058
7.236	17.3045686
7.238	17.3049196
7.24	17.305259
7.242	17.3055866
7.244	17.3059018
7.246	17.3062052
7.248	17.3064956
7.25	17.306773
7.252	17.3070372
7.254	17.307289
7.256	17.3075264
7.258	17.307751
7.26	17.3079614
7.262	17.3081578
7.264	17.30834
7.266	17.3085078
7.268	17.3086608
7.27	17.3087992
7.272	17.3089222
7.274	17.30903
7.276	17.3091224
7.278	17.309199200000002
7.28	17.3092598
7.282	17.3093046
7.284	17.3093332
7.286	17.309345
7.288	17.3093404
7.29	17.309318400000002
7.292	17.3092798
7.294	17.3092234
7.296	17.3091496
7.298	17.3090586
7.3	17.3089488
7.302	17.3088216
7.304	17.3086756
7.306	17.3085112
7.308	17.3083276
7.31	17.3081254
7.312	17.307904
7.314	17.307669
7.316	17.3074258
7.318	17.3071746
7.32	17.3069146
7.322	17.3066462
7.324	17.3063692
7.326	17.3060836
7.328	17.305789400000002
7.33	17.3054856
7.332	17.3051732
7.334	17.3048514
7.336	17.3045204
7.338	17.30418
7.34	17.30383
7.342	17.303470400000002
7.344	17.303101
7.346	17.3027218
7.348	17.302332200000002
7.35	17.3019332
7.352	17.301523
7.354	17.301103
7.356	17.3006724
7.358	17.3002314
7.36	17.2997798
7.362	17.2993168
7.364	17.2988432
7.366	17.2983582
7.368	17.2978624
7.37	17.297355
7.372	17.2968368
7.374	17.2963064
7.376	17.2957642
7.378	17.2952106
7.38	17.2946452
7.382	17.2940678
7.384	17.2934778
7.386	17.292876
7.388	17.292262
7.39	17.2916348
7.392	17.2909954
7.394	17.2903436
7.396	17.2896784
7.398	17.2890008
7.4	17.2883094
7.402	17.2876056
7.404	17.286888
7.406	17.286157
7.408	17.2854126
7.41	17.2846544
7.412	17.2838824
7.414	17.2830966
7.416	17.282297
7.418	17.281483
7.42	17.2806548
7.422	17.279812200000002
7.424	17.2789554
7.426	17.278083600000002
7.428	17.2771972
7.43	17.276296000000002
7.432	17.27538
7.434	17.274448800000002
7.436	17.2735022
7.438	17.2725404
7.44	17.2715634
7.442	17.2705706
7.444	17.2695626
7.446	17.2685226
7.448	17.2674358
7.45	17.2663044
7.452	17.265128400000002
7.454	17.2639096
7.456	17.2626494
7.458	17.2613486
7.46	17.2600086
7.462	17.258631
7.464	17.257216800000002
7.466	17.2557672
7.468	17.2542828
7.47	17.252766
7.472	17.2512172
7.474	17.249638400000002
7.476	17.24803
7.478	17.2463936
7.48	17.2447304
7.482	17.2430414
7.484	17.2413286
7.486	17.2395924
7.488	17.2378348
7.49	17.2360562
7.492	17.2342584
7.494	17.2324422
7.496	17.2306098
7.498	17.228761
7.5	17.226898
7.502	17.2250222
7.504	17.2231344
7.506	17.2212356
7.508	17.219327200000002
7.51	17.2174108
7.512	17.2154878
7.514	17.2135586
7.516	17.211625
7.518	17.209688
7.52	17.207749200000002
7.522	17.2058094
7.524	17.2038702
7.526	17.2019322
7.528	17.1999978
7.53	17.198067
7.532	17.1961416
7.534	17.1942232
7.536	17.1923126
7.538	17.1904104
7.54	17.1885194
7.542	17.1866396
7.544	17.1847724
7.546	17.1829194
7.548	17.1810816
7.55	17.1792606
7.552	17.1774572
7.554	17.1756724
7.556	17.173908
7.558	17.172165200000002
7.56	17.1704452
7.562	17.1687492
7.564	17.1670778
7.566	17.1654332
7.568	17.1638162
7.57	17.162228
7.572	17.1606696
7.574	17.1591428
7.576	17.1576488
7.578	17.1561884
7.58	17.1547072
7.582	17.1531514
7.584	17.151523400000002
7.586	17.1498258
7.588	17.1480612
7.59	17.1462314
7.592	17.1443394
7.594	17.1423872
7.596	17.1403778
7.598	17.1383136
7.6	17.1361964
7.602	17.1340292
7.604	17.1318144
7.606	17.1295546
7.608	17.1272514
7.61	17.1249082
7.612	17.1225274
7.614	17.1201108
7.616	17.1176614
7.618	17.115181200000002
7.62	17.1126732
7.622	17.1101396
7.624	17.1075824
7.626	17.1050046
7.628	17.1024088
7.63	17.099797
7.632	17.0971716
7.634	17.0945352
7.636	17.0918906
7.638	17.08924
7.64	17.0865854
7.642	17.0839298
7.644	17.0812754
7.646	17.0786246
7.648	17.07598
7.65	17.0733446
7.652	17.0707196
7.654	17.0681084
7.656	17.065513
7.658	17.0629362
7.66	17.0603804
7.662	17.0578474
7.664	17.0553406
7.666	17.0528616
7.668	17.0504134
7.67	17.047998800000002
7.672	17.0456188
7.674	17.0432776
7.676	17.040976399999998
7.678	17.0387186
7.68	17.036505599999998
7.682	17.0343408
7.684	17.0322254
7.686	17.0301636
7.688	17.0281566
7.69	17.0262068
7.692	17.0243176
7.694	17.0224908
7.696	17.0207284
7.698	17.0190338
7.7	17.0174092
7.702	17.0158566
7.704	17.0143784
7.706	17.0129774
7.708	17.011656600000002
7.71	17.0104174
7.712	17.0092176
7.714	17.008013599999998
7.716	17.006805200000002
7.718	17.0055936
7.72	17.0043792
7.722	17.0031622
7.724	17.001943400000002
7.726	17.0007232
7.728	16.999502
7.73	16.9982804
7.732	16.9970588
7.734	16.995838
7.736	16.9946188
7.738	16.9934008
7.74	16.992185
7.742	16.9909724
7.744	16.9897626
7.746	16.9885568
7.748	16.987355
7.75	16.9861578
7.752	16.9849662
7.754	16.983780799999998
7.756	16.982601
7.758	16.9814284
7.76	16.980263
7.762	16.9791058
7.764	16.9779566
7.766	16.9768166
7.768	16.975686
7.77	16.9745654
7.772	16.9734548
7.774	16.9723556
7.776	16.9712676
7.778	16.970191800000002
7.78	16.9691284
7.782	16.968078
7.784	16.9670414
7.786	16.966018599999998
7.788	16.96501
7.79	16.9640172
7.792	16.9630398
7.794	16.962077999999998
7.796	16.9611334
7.798	16.9602058
7.8	16.9592956
7.802	16.958404
7.804	16.9575308
7.806	16.9566768
7.808	16.9558424
7.81	16.9550284
7.812	16.9542354
7.814	16.9534634
7.816	16.9527128
7.818	16.9519852
7.82	16.95128
7.822	16.950598
7.824	16.94994
7.826	16.9493064
7.828	16.9486974
7.83	16.9481142
7.832	16.9475568
7.834	16.9470256
7.836	16.9465216
7.838	16.9460448
7.84	16.945596000000002
7.842	16.9451754
7.844	16.9447844
7.846	16.9444516
7.848	16.9442046
7.85	16.9440416
7.852	16.94396
7.854	16.9439566
7.856	16.9440302
7.858	16.944177
7.86	16.9443958
7.862	16.9446834
7.864	16.9450372
7.866	16.9454554
7.868	16.9459356
7.87	16.9464744
7.872	16.9470704
7.874	16.9477204
7.876	16.9484228
7.878	16.9491742
7.88	16.9499724
7.882	16.9508156
7.884	16.951701
7.886	16.9526256
7.888	16.9535878
7.89	16.9545844
7.892	16.955614
7.894	16.956673
7.896	16.957759199999998
7.898	16.9588708
7.9	16.9600052
7.902	16.961159000000002
7.904	16.9623312
7.906	16.963518399999998
7.908	16.9647182
7.91	16.9659284
7.912	16.967146800000002
7.914	16.9683702
7.916	16.9695972
7.918	16.9708246
7.92	16.9720496
7.922	16.9732708
7.924	16.9744852
7.926	16.9756902
7.928	16.9768838
7.93	16.978063
7.932	16.979226
7.934	16.9803698
7.936	16.9814924
7.938	16.9825906
7.94	16.983663
7.942	16.9847068
7.944	16.985719
7.946	16.9866976
7.948	16.9876402
7.95	16.9885444
7.952	16.9894074
7.954	16.990227
7.956	16.991001
7.958	16.991726800000002
7.96	16.9924014
7.962	16.9930232
7.964	16.9935892
7.966	16.994097
7.968	16.9945444
7.97	16.9949292
7.972	16.9952482
7.974	16.9954994
7.976	16.9956802
7.978	16.9958384
7.98	16.996022
7.982	16.99623
7.984	16.9964622
7.986	16.9967168
7.988	16.9969938
7.99	16.9972918
7.992	16.9976104
7.994	16.997948
7.996	16.9983046
7.998	16.9986786
8.0	16.9990696
8.002	16.9994762
8.004	16.9998978
8.006	17.0003342
8.008	17.0007832
8.01	17.001244800000002
8.012	17.0017184
8.014	17.0022024
8.016	17.0026964
8.018	17.003199000000002
8.02	17.0037102
8.022	17.004228
8.024	17.0047524
8.026	17.0052822
8.028	17.0058168
8.03	17.0063552
8.032	17.0068958
8.034	17.007439
8.036	17.007983
8.038	17.0085276
8.04	17.0090712
8.042	17.0096138
8.044	17.0101536
8.046	17.01069
8.048	17.0112226
8.05	17.01175
8.052	17.0122718
8.054	17.0127862
8.056	17.0132936
8.058	17.0137924
8.06	17.0142816
8.062	17.0147608
8.064	17.015229
8.066	17.015685
8.068	17.0161284
8.07	17.0165576
8.072	17.0169728
8.074	17.017372
8.076	17.0177554
8.078	17.018121
8.08	17.0184688
8.082	17.0187978
8.084	17.0191068
8.086	17.019395199999998
8.088	17.0196618
8.09	17.0199064
8.092	17.0201272
8.094	17.020324000000002
8.096	17.0204962
8.098	17.0206416
8.1	17.0207608
8.102	17.0208524
8.104	17.0209154
8.106	17.0209488
8.108	17.0209516
8.11	17.0209234
8.112	17.0208714
8.114	17.0208028
8.116	17.0207184
8.118	17.0206182
8.12	17.0205028
8.122	17.0203728
8.124	17.0202282
8.126	17.0200694
8.128	17.0198974
8.13	17.0197122
8.132	17.019514
8.134	17.0193036
8.136	17.019081
8.138	17.0188468
8.14	17.0186012
8.142	17.0183452
8.144	17.0180786
8.146	17.017802
8.148	17.0175156
8.15	17.0172198
8.152	17.0169156
8.154	17.0166028
8.156	17.016282
8.158	17.0159534
8.16	17.0156176
8.162	17.0152748
8.164	17.0149258
8.166	17.014571
8.168	17.01421
8.17	17.0138438
8.172	17.0134728
8.174	17.013097600000002
8.176	17.012718
8.178	17.0123346
8.18	17.011948
8.182	17.0115588
8.184	17.0111668
8.186	17.010773
8.188	17.0103772
8.19	17.00998
8.192	17.0095824
8.194	17.0091838
8.196	17.008785
8.198	17.008387
8.2	17.0079892
8.202	17.007593
8.204	17.0071978
8.206	17.0068048
8.208	17.0064138
8.21	17.0060256
8.212	17.0056404
8.214	17.0052584
8.216	17.004880800000002
8.218	17.004507
8.22	17.004137800000002
8.222	17.003774
8.224	17.0034154
8.226	17.0030626
8.228	17.0027164
8.23	17.0023764
8.232	17.0020436
8.234	17.0017184
8.236	17.0014008
8.238	17.0010914
8.24	17.0007904
8.242	17.0004986
8.244	17.0001948
8.246	16.9998582
8.248	16.9994902
8.25	16.999091
8.252	16.9986618
8.254	16.998204
8.256	16.9977182
8.258	16.9972056
8.26	16.9966668
8.262	16.9961026
8.264	16.995514800000002
8.266	16.9949038
8.268	16.9942706
8.27	16.993616
8.272	16.9929412
8.274	16.9922474
8.276	16.991535
8.278	16.990805
8.28	16.9900592
8.282	16.9892972
8.284	16.9885214
8.286	16.9877318
8.288	16.9869292
8.29	16.9861154
8.292	16.9852908
8.294	16.9844568
8.296	16.9836138
8.298	16.9827632
8.3	16.981905400000002
8.302	16.9810418
8.304	16.980173399999998
8.306	16.979301200000002
8.308	16.9784258
8.31	16.9775484
8.312	16.9766702
8.314	16.9757914
8.316	16.9749134
8.318	16.974038
8.32	16.9731644
8.322	16.9722952
8.324	16.9714306
8.326	16.9705714
8.328	16.9697188
8.33	16.9688738
8.332	16.9680374
8.334	16.9672106
8.336	16.9663938
8.338	16.9655888
8.34	16.964796
8.342	16.9640168
8.344	16.9632514
8.346	16.9625014
8.348	16.9617676
8.35	16.9610514
8.352	16.9603528
8.354	16.9596732
8.356	16.9590138
8.358	16.9583754
8.36	16.9577588
8.362	16.9571656
8.364	16.9565958
8.366	16.9560508
8.368	16.955532
8.37	16.9550394
8.372	16.954575
8.374	16.9541386
8.376	16.953718000000002
8.378	16.9532984
8.38	16.9528802
8.382	16.952463
8.384	16.9520472
8.386	16.9516334
8.388	16.9512204
8.39	16.9508094
8.392	16.9503998
8.394	16.949992
8.396	16.9495858
8.398	16.9491818
8.4	16.9487794
8.402	16.9483794
8.404	16.9479808
8.406	16.9475844
8.408	16.9471906
8.41	16.9467992
8.412	16.9464096
8.414	16.9460224
8.416	16.9456376
8.418	16.9452556
8.42	16.944876
8.422	16.9444988
8.424	16.944124600000002
8.426	16.943753
8.428	16.9433844
8.43	16.9430188
8.432	16.9426558
8.434	16.9422958
8.436	16.9419392
8.438	16.9415858
8.44	16.9412354
8.442	16.9408882
8.444	16.9405444
8.446	16.9402044
8.448	16.939867800000002
8.45	16.9395346
8.452	16.939205
8.454	16.9388788
8.456	16.938557
8.458	16.9382384
8.46	16.9379242
8.462	16.9376134
8.464	16.9373072
8.466	16.9370048
8.468	16.9367064
8.47	16.9364122
8.472	16.9361228
8.474	16.9358372
8.476	16.9355562
8.478	16.9352796
8.48	16.9350078
8.482	16.9347404
8.484	16.9344776
8.486	16.9342202
8.488	16.933967
8.49	16.9337186
8.492	16.9334754
8.494	16.933237
8.496	16.9330038
8.498	16.9327758
8.5	16.9325532
8.502	16.9323358
8.504	16.9321236
8.506	16.9319166
8.508	16.9317172
8.51	16.9315274
8.512	16.9313472
8.514	16.9311756
8.516	16.9310134
8.518	16.9308594
8.52	16.930714000000002
8.522	16.930576600000002
8.524	16.9304474
8.526	16.9303258
8.528	16.930211800000002
8.53	16.930105
8.532	16.9300058
8.534	16.9299128
8.536	16.9298266
8.538	16.929747
8.54	16.9296736
8.542	16.9296058
8.544	16.929544200000002
8.546	16.929488
8.548	16.929437
8.55	16.9293912
8.552	16.929350200000002
8.554	16.9293136
8.556	16.9292816
8.558	16.929254
8.56	16.92923
8.562	16.92921
8.564	16.9291934
8.566	16.92918
8.568	16.92917
8.57	16.9291628
8.572	16.929158
8.574	16.9291556
8.576	16.9291556
8.578	16.9291576
8.58	16.929161
8.582	16.9291662
8.584	16.9291724
8.586	16.92918
8.588	16.9291886
8.59	16.929197600000002
8.592	16.9292066
8.594	16.9292162
8.596	16.9292258
8.598	16.9292354
8.6	16.929243800000002
8.602	16.929251999999998
8.604	16.9292592
8.606	16.9292654
8.608	16.9292702
8.61	16.929273000000002
8.612	16.9292744
8.614	16.9292734
8.616	16.9292706
8.618	16.9292648
8.62	16.9292568
8.622	16.9292458
8.624	16.9292314
8.626	16.9292138
8.628	16.9291924
8.63	16.9291676
8.632	16.929138000000002
8.634	16.929104600000002
8.636	16.929067
8.638	16.929024599999998
8.64	16.9289768
8.642	16.9289034
8.644	16.9287846
8.646	16.9286226
8.648	16.9284176
8.65	16.9281724
8.652	16.9278888
8.654	16.9275678
8.656	16.9272112
8.658	16.9268206
8.66	16.9263982
8.662	16.9259452
8.664	16.925463
8.666	16.9249538
8.668	16.9244188
8.67	16.92386
8.672	16.9232792
8.674	16.9226774
8.676	16.922057
8.678	16.9214194
8.68	16.9207658
8.682	16.9200986
8.684	16.9194186
8.686	16.9187282
8.688	16.9180286
8.69	16.917322
8.692	16.9166096
8.694	16.915893
8.696	16.9151744
8.698	16.9144548
8.7	16.9137362
8.702	16.91302
8.704	16.912308
8.706	16.9116018
8.708	16.9109038
8.71	16.9102142
8.712	16.9095358
8.714	16.90887
8.716	16.9082182
8.718	16.9075826
8.72	16.9069642
8.722	16.9063648
8.724	16.9057864
8.726	16.9052304
8.728	16.9046986
8.73	16.9041922
8.732	16.9037136
8.734	16.9032644
8.736	16.9028452
8.738	16.9024586
8.74	16.9021062
8.742	16.9017896
8.744	16.901510000000002
8.746	16.9012698
8.748	16.90107
8.75	16.9009122
8.752	16.9007986
8.754	16.900731
8.756	16.9007104
8.758	16.9007386
8.76	16.9008178
8.762	16.900948800000002
8.764	16.9011338
8.766	16.9013746
8.768	16.9016726
8.77	16.9020294
8.772	16.9024466
8.774	16.9029224
8.776	16.9034522
8.778	16.904035
8.78	16.9046682
8.782	16.9053514
8.784	16.906083
8.786	16.9068612
8.788	16.9076846
8.79	16.9085516
8.792	16.9094608
8.794	16.9104108
8.796	16.9114002
8.798	16.9124272
8.8	16.9134902
8.802	16.9145882
8.804	16.9157198
8.806	16.9168828
8.808	16.9180764
8.81	16.9192984
8.812	16.9205478
8.814	16.9218234
8.816	16.9231232
8.818	16.924446
8.82	16.9257896
8.822	16.927154
8.824	16.9285358
8.826	16.9299354
8.828	16.9313496
8.83	16.9327782
8.832	16.9342192
8.834	16.9356712
8.836	16.937132599999998
8.838	16.9386022
8.84	16.940078200000002
8.842	16.9415592
8.844	16.9430436
8.846	16.9445298
8.848	16.9460172
8.85	16.947503
8.852	16.9489864
8.854	16.9504664
8.856	16.9519404
8.858	16.9534076
8.86	16.9548668
8.862	16.9563158
8.864	16.9577536
8.866	16.9591782
8.868	16.9605888
8.87	16.9619836
8.872	16.9633606
8.874	16.9647192
8.876	16.9660576
8.878	16.967373600000002
8.88	16.9686668
8.882	16.969935200000002
8.884	16.971177400000002
8.886	16.972392
8.888	16.9735768
8.89	16.9747312
8.892	16.9758532
8.894	16.976942
8.896	16.977995200000002
8.898	16.979011800000002
8.9	16.9799898
8.902	16.9809288
8.904	16.9818266
8.906	16.9826816
8.908	16.9835284
8.91	16.984402
8.912	16.9853022
8.914	16.9862274
8.916	16.9871772
8.918	16.988150400000002
8.92	16.989146
8.922	16.9901632
8.924	16.9912012
8.926	16.992259400000002
8.928	16.9933366
8.93	16.9944318
8.932	16.9955442
8.934	16.9966734
8.936	16.9978178
8.938	16.998977
8.94	17.0001496
8.942	17.001335400000002
8.944	17.0025328
8.946	17.0037416
8.948	17.0049604
8.95	17.0061888
8.952	17.0074256
8.954	17.0086698
8.956	17.009921
8.958	17.0111774
8.96	17.012439
8.962	17.0137046
8.964	17.0149734
8.966	17.0162442
8.968	17.017517
8.97	17.0187896
8.972	17.020062199999998
8.974	17.0213336
8.976	17.0226024
8.978	17.0238684
8.98	17.0251306
8.982	17.026388
8.984	17.0276392
8.986	17.0288842
8.988	17.0301222
8.99	17.031351
8.992	17.0325712
8.994	17.0337808
8.996	17.0349796
8.998	17.0361666
9.0	17.037341
9.002	17.0385016
9.004	17.0396474
9.006	17.040778
9.008	17.041892400000002
9.01	17.0429896
9.012	17.0440686
9.014	17.045128599999998
9.016	17.0461686
9.018	17.0471882
9.02	17.0481862
9.022	17.0491618
9.024	17.050114
9.026	17.051042
9.028	17.0519446
9.03	17.052821
9.032	17.0536708
9.034	17.0544928
9.036	17.0552862
9.038	17.0560502
9.04	17.056803600000002
9.042	17.0575656
9.044	17.0583356
9.046	17.0591144
9.048	17.0599006
9.05	17.0606946
9.052	17.0614952
9.054	17.062303
9.056	17.0631168
9.058	17.063937
9.06	17.064763
9.062	17.0655946
9.064	17.0664308
9.066	17.067272
9.068	17.068118
9.07	17.0689676
9.072	17.0698212
9.074	17.070678
9.076	17.0715382
9.078	17.0724008
9.08	17.0732664
9.082	17.0741338
9.084	17.0750026
9.086	17.0758732
9.088	17.0767448
9.09	17.0776174
9.092	17.0784902
9.094	17.0793632
9.096	17.0802358
9.098	17.081108
9.1	17.0819792
9.102	17.0828494
9.104	17.0837176
9.106	17.084584
9.108	17.0854486
9.11	17.0863102
9.112	17.087169
9.114	17.088024400000002
9.116	17.088876
9.118	17.0897244
9.12	17.090568400000002
9.122	17.0914076
9.124	17.0922416
9.126	17.0930708
9.128	17.0938944
9.13	17.0947122
9.132	17.0955232
9.134	17.096328200000002
9.136	17.0971258
9.138	17.0979164
9.14	17.0986994
9.142	17.0994748
9.144	17.1002416
9.146	17.1009996
9.148	17.1017492
9.15	17.1024894
9.152	17.1032198
9.154	17.1039404
9.156	17.1046508
9.158	17.1053504
9.16	17.1060394
9.162	17.106717
9.164	17.107383
9.166	17.1080374
9.168	17.1086792
9.17	17.109308
9.172	17.1099246
9.174	17.1105068
9.176	17.1110362
9.178	17.111513000000002
9.18	17.111939800000002
9.182	17.1123178
9.184	17.1126492
9.186	17.1129354
9.188	17.1131772
9.19	17.1133774
9.192	17.1135366
9.194	17.1136578
9.196	17.1137412
9.198	17.113789
9.2	17.113802800000002
9.202	17.1137846
9.204	17.1137356
9.206	17.1136574
9.208	17.113552
9.21	17.1134204
9.212	17.1132648
9.214	17.1130866
9.216	17.1128878
9.218	17.1126694
9.22	17.112433199999998
9.222	17.1121816
9.224	17.111915
9.226	17.1116356
9.228	17.1113452
9.23	17.1110452
9.232	17.1107376
9.234	17.1104238
9.236	17.110104800000002
9.238	17.1097834
9.24	17.1094602
9.242	17.1091378
9.244	17.108817000000002
9.246	17.1084994
9.248	17.1081876
9.25	17.1078818
9.252	17.1075848
9.254	17.1072982
9.256	17.1070226
9.258	17.1067608
9.26	17.106513800000002
9.262	17.106283
9.264	17.1060708
9.266	17.1058782
9.268	17.1057074
9.27	17.105559200000002
9.272	17.1054362
9.274	17.1053388
9.276	17.1052702
9.278	17.1052306
9.28	17.1052226
9.282	17.1052474
9.284	17.1053064
9.286	17.1054014
9.288	17.1055344
9.29	17.105707
9.292	17.1059202
9.294	17.1061762
9.296	17.1064766
9.298	17.1068228
9.3	17.1072162
9.302	17.1076592
9.304	17.1081528
9.306	17.10867
9.308	17.1091846
9.31	17.1096952
9.312	17.1102026
9.314	17.1107076
9.316	17.111210200000002
9.318	17.111710000000002
9.32	17.1122078
9.322	17.1127036
9.324	17.1131976
9.326	17.1136908
9.328	17.1141824
9.33	17.114673
9.332	17.1151626
9.334	17.115652400000002
9.336	17.1161416
9.338	17.1166308
9.34	17.1171206
9.342	17.1176104
9.344	17.1181014
9.346	17.118593
9.348	17.1190856
9.35	17.1195802
9.352	17.120076
9.354	17.1205738
9.356	17.121074
9.358	17.1215762
9.36	17.1220812
9.362	17.122589
9.364	17.1231002
9.366	17.1236142
9.368	17.124132
9.37	17.124653600000002
9.372	17.1251792
9.374	17.125709
9.376	17.1262434
9.378	17.1267828
9.38	17.1273268
9.382	17.1278762
9.384	17.1284306
9.386	17.1289914
9.388	17.129558
9.39	17.1301302
9.392	17.1307094
9.394	17.131295
9.396	17.1318872
9.398	17.1324872
9.4	17.133094200000002
9.402	17.1337084
9.404	17.134331
9.406	17.1349614
9.408	17.1356
9.41	17.136247400000002
9.412	17.1369032
9.414	17.1375684
9.416	17.138242599999998
9.418	17.1389264
9.42	17.1396196
9.422	17.1403234
9.424	17.141036800000002
9.426	17.1417612
9.428	17.142496
9.43	17.1432412
9.432	17.143998
9.434	17.1447662
9.436	17.1455458
9.438	17.1463378
9.44	17.1471608
9.442	17.148034
9.444	17.1489556
9.446	17.1499246
9.448	17.1509394
9.45	17.1519978
9.452	17.153099
9.454	17.1542414
9.456	17.155423
9.458	17.1566432
9.46	17.1579002
9.462	17.159192
9.464	17.160517
9.466	17.161875000000002
9.468	17.1632632
9.47	17.1646808
9.472	17.1661256
9.474	17.1675972
9.476	17.169093
9.478	17.1706122
9.48	17.1721534
9.482	17.1737144
9.484	17.1752942
9.486	17.1768912
9.488	17.1785044
9.49	17.180131199999998
9.492	17.1817712
9.494	17.183422
9.496	17.1850828
9.498	17.1867516
9.5	17.1884278
9.502	17.190108600000002
9.504	17.1917938
9.506	17.1934808
9.508	17.1951688
9.51	17.1968564
9.512	17.1985414
9.514	17.2002228
9.516	17.201898800000002
9.518	17.2035688
9.52	17.20523
9.522	17.2068818
9.524	17.208522600000002
9.526	17.2101506
9.528	17.2117642
9.53	17.2133626
9.532	17.2149438
9.534	17.2165064
9.536	17.2180488
9.538	17.2195696
9.54	17.2210672
9.542	17.2225402
9.544	17.2239874
9.546	17.225407
9.548	17.2267974
9.55	17.2281574
9.552	17.2294848
9.554	17.2307794
9.556	17.2320388
9.558	17.2332614
9.56	17.2344458
9.562	17.235591200000002
9.564	17.2366956
9.566	17.237757000000002
9.568	17.2387746
9.57	17.2397468
9.572	17.240683
9.574	17.2415942
9.576	17.2424806
9.578	17.2433436
9.58	17.2441834
9.582	17.245001600000002
9.584	17.245798399999998
9.586	17.2465748
9.588	17.2473314
9.59	17.2480696
9.592	17.2487892
9.594	17.2494916
9.596	17.2501778
9.598	17.2508476
9.6	17.2515028
9.602	17.2521442
9.604	17.2527718
9.606	17.2533868
9.608	17.25399
9.61	17.2545822
9.612	17.255164399999998
9.614	17.2557372
9.616	17.2563012
9.618	17.2568572
9.62	17.257406
9.622	17.2579488
9.624	17.2584862
9.626	17.2590188
9.628	17.259547
9.63	17.2600726
9.632	17.260595600000002
9.634	17.2611174
9.636	17.261638
9.638	17.2621588
9.64	17.2626804
9.642	17.263203
9.644	17.2637284
9.646	17.2642572
9.648	17.26479
9.65	17.2653268
9.652	17.26587
9.654	17.2664188
9.656	17.2669748
9.658	17.2675388
9.66	17.2681116
9.662	17.2686938
9.664	17.269286
9.666	17.2698892
9.668	17.2705044
9.67	17.2711324
9.672	17.2717732
9.674	17.2724284
9.676	17.2730988
9.678	17.273785
9.68	17.274487399999998
9.682	17.2752068
9.684	17.275945
9.686	17.2767018
9.688	17.277478
9.69	17.2782748
9.692	17.2790932
9.694	17.2799332
9.696	17.2807964
9.698	17.2816832
9.7	17.282594
9.702	17.28353
9.704	17.2844924
9.706	17.2854694
9.708	17.2864492
9.71	17.2874326
9.712	17.2884186
9.714	17.2894076
9.716	17.290399
9.718	17.2913936
9.72	17.2923906
9.722	17.2933902
9.724	17.2943924
9.726	17.2953972
9.728	17.2964042
9.73	17.2974132
9.732	17.298425
9.734	17.2994388
9.736	17.3004544
9.738	17.3014726
9.74	17.302492
9.742	17.3035138
9.744	17.3045376
9.746	17.3055628
9.748	17.30659
9.75	17.3076184
9.752	17.3086484
9.754	17.3096798
9.756	17.310713200000002
9.758	17.3117474
9.76	17.3127826
9.762	17.3138198
9.764	17.3148574
9.766	17.3158964
9.768	17.3169364
9.77	17.3179772
9.772	17.3190186
9.774	17.320061
9.776	17.3211044
9.778	17.3221482
9.78	17.3231924
9.782	17.3242372
9.784	17.3252824
9.786	17.3263276
9.788	17.3273734
9.79	17.3284196
9.792	17.3294658
9.794	17.3305118
9.796	17.331558
9.798	17.3326042
9.8	17.3336504
9.802	17.3346962
9.804	17.3357414
9.806	17.3367866
9.808	17.3378314
9.81	17.3388756
9.812	17.3399194
9.814	17.3409622
9.816	17.3420046
9.818	17.343046
9.82	17.344086400000002
9.822	17.3451264
9.824	17.346165
9.826	17.3472032
9.828	17.348239200000002
9.83	17.349275
9.832	17.3503088
9.834	17.3513416
9.836	17.352373
9.838	17.3534144
9.84	17.3544762
9.842	17.3555582
9.844	17.3566592
9.846	17.3577794
9.848	17.358916999999998
9.85	17.360072
9.852	17.3612436
9.854	17.3624308
9.856	17.363634
9.858	17.3648508
9.86	17.366082
9.862	17.3673256
9.864	17.368582
9.866	17.3698504
9.868	17.3711298
9.87	17.3724192
9.872	17.3737186
9.874	17.375027
9.876	17.3763436
9.878	17.3776678
9.88	17.3789986
9.882	17.380335600000002
9.884	17.3816784
9.886	17.3830264
9.888	17.3843778
9.89	17.3857334
9.892	17.3870914
9.894	17.3884514
9.896	17.3898128
9.898	17.3911752
9.9	17.392537400000002
9.902	17.3938988
9.904	17.3952588
9.906	17.3966168
9.908	17.3979724
9.91	17.3993242
9.912	17.4006722
9.914	17.402015
9.916	17.4033526
9.918	17.404684
9.92	17.4060086
9.922	17.4073252
9.924	17.408634
9.926	17.4099334
9.928	17.411223800000002
9.93	17.412503
9.932	17.413772
9.934	17.4150288
9.936	17.4162734
9.938	17.4175052
9.94	17.418723
9.942	17.419926
9.944	17.421114199999998
9.946	17.4222864
9.948	17.4234422
9.95	17.4245808
9.952	17.4257014
9.954	17.4268034
9.956	17.4278864
9.958	17.428949199999998
9.96	17.429991
9.962	17.431012
9.964	17.4320104
9.966	17.4329866
9.968	17.4339394
9.97	17.4348678
9.972	17.4357952
9.974	17.4367454
9.976	17.4377178
9.978	17.4387106
9.98	17.4397238
9.982	17.4407562
9.984	17.4418066
9.986	17.4428748
9.988	17.4439596
9.99	17.4450602
9.992	17.4461754
9.994	17.4473056
9.996	17.4484486
9.998	17.4496038
10.0	17.4507712
10.002	17.451949
10.004	17.4531368
10.006	17.4543332
10.008	17.4555386
10.01	17.456750800000002
10.012	17.45797
10.014	17.4591946
10.016	17.4604238
10.018	17.4616574
10.02	17.4628938
10.022	17.4641326
10.024	17.4653734
10.026	17.466614
10.028	17.4678548
10.03	17.4690946
10.032	17.4703324
10.034	17.4715674
10.036	17.4727986
10.038	17.4740256
10.04	17.4752472
10.042	17.4764626
10.044	17.4776714
10.046	17.4788722
10.048	17.4800642
10.05	17.4812464
10.052	17.4824184
10.054	17.4835794
10.056	17.4847282
10.058	17.485864
10.06	17.486986
10.062	17.4880938
10.064	17.4891856
10.066	17.4902618
10.068	17.4913204
10.07	17.492361
10.072	17.4933828
10.074	17.494385
10.076	17.4953668
10.078	17.4963272
10.08	17.4972652
10.082	17.4981802
10.084	17.4990714
10.086	17.4999378
10.088	17.5007786
10.09	17.501593
10.092	17.5023802
10.094	17.503139400000002
10.096	17.5038694
10.098	17.5045694
10.1	17.5052394
10.102	17.5058774
10.104	17.506474400000002
10.106	17.5070228
10.108	17.5075234
10.11	17.5079782
10.112	17.5083884
10.114	17.508755
10.116	17.509079800000002
10.118	17.5093644
10.12	17.5096096
10.122	17.5098174
10.124	17.5099886
10.126	17.510125000000002
10.128	17.5102284
10.13	17.510299
10.132	17.510339600000002
10.134	17.5103506
10.136	17.5103334
10.138	17.51029
10.14	17.5102214
10.142	17.5101292
10.144	17.5100144
10.146	17.509879
10.148	17.509724
10.15	17.5095508
10.152	17.5093612
10.154	17.509156
10.156	17.5089372
10.158	17.5087054
10.16	17.5084628
10.162	17.508210599999998
10.164	17.5079502
10.166	17.5076822
10.168	17.5074094
10.17	17.507132
10.172	17.506852000000002
10.174	17.5065706
10.176	17.5062894
10.178	17.50601
10.18	17.5057328
10.182	17.5054602
10.184	17.505193
10.186	17.5049332
10.188	17.504682
10.19	17.5044406
10.192	17.5042104
10.194	17.5039924
10.196	17.5037888
10.198	17.5036004
10.2	17.5034292
10.202	17.503276200000002
10.204	17.5031426
10.206	17.5030306
10.208	17.502940600000002
10.21	17.5028746
10.212	17.5028336
10.214	17.5028194
10.216	17.5028332
10.218	17.5028766
10.22	17.5029506
10.222	17.5030568
10.224	17.503197
10.226	17.503372
10.228	17.5035832
10.23	17.5038326
10.232	17.5041212
10.234	17.5044502
10.236	17.504821200000002
10.238	17.5051902
10.24	17.5055136
10.242	17.505792
10.244	17.5060276
10.246	17.506222
10.248	17.506377
10.25	17.5064938
10.252	17.5065744
10.254	17.5066198
10.256	17.5066322
10.258	17.5066126
10.26	17.5065636
10.262	17.5064854
10.264	17.5063804
10.266	17.5062508
10.268	17.5060966
10.27	17.5059208
10.272	17.5057242
10.274	17.5055088
10.276	17.505276600000002
10.278	17.505028
10.28	17.5047654
10.282	17.5044902
10.284	17.5042042
10.286	17.503909
10.288	17.5036056
10.29	17.5032966
10.292	17.5029824
10.294	17.5026658
10.296	17.5023474
10.298	17.5020298
10.3	17.5017132
10.302	17.5014004
10.304	17.5010928
10.306	17.5007914
10.308	17.5004986
10.31	17.500215400000002
10.312	17.4999432
10.314	17.4996842
10.316	17.49944
10.318	17.4992116
10.32	17.4990014
10.322	17.4988102
10.324	17.49864
10.326	17.498492
10.328	17.4983686
10.33	17.4982708
10.332	17.4982002
10.334	17.4981588
10.336	17.498147799999998
10.338	17.498168800000002
10.34	17.498223199999998
10.342	17.4983132
10.344	17.4984402
10.346	17.4986056
10.348	17.4988106
10.35	17.4990576
10.352	17.499348
10.354	17.4996832
10.356	17.5000646
10.358	17.5004944
10.36	17.500973600000002
10.362	17.501503800000002
10.364	17.502087
10.366	17.502725
10.368	17.5034182
10.37	17.5041722
10.372	17.5049876
10.374	17.5058626
10.376	17.5067962
10.378	17.507786199999998
10.38	17.5088304
10.382	17.5099276
10.384	17.5110758
10.386	17.5122732
10.388	17.5135182
10.39	17.514808600000002
10.392	17.516143200000002
10.394	17.517519800000002
10.396	17.5189364
10.398	17.5203918
10.4	17.5218842
10.402	17.523411199999998
10.404	17.5249718
10.406	17.5265634
10.408	17.5281848
10.41	17.5298342
10.412	17.5315092
10.414	17.5332092
10.416	17.534931
10.418	17.5366738
10.42	17.538435800000002
10.422	17.5402148
10.424	17.5420088
10.426	17.543816800000002
10.428	17.5456366
10.43	17.5474662
10.432	17.5493038
10.434	17.5511482
10.436	17.5529974
10.438	17.554849400000002
10.44	17.5567024
10.442	17.558555
10.444	17.560405199999998
10.446	17.5622504
10.448	17.56409
10.45	17.5659222
10.452	17.5677446
10.454	17.5695556
10.456	17.5713532
10.458	17.5731362
10.46	17.5749024
10.462	17.57665
10.464	17.578377
10.466	17.5800822
10.468	17.581764
10.47	17.5834196
10.472	17.585048
10.474	17.5866474
10.476	17.5882156
10.478	17.589751
10.48	17.5912522
10.482	17.5927166
10.484	17.5941432
10.486	17.5955298
10.488	17.596875
10.49	17.5981764
10.492	17.5994328
10.494	17.600642
10.496	17.6018022
10.498	17.6029122
10.5	17.6039698
10.502	17.6049732
10.504	17.6059788
10.506	17.6070432
10.508	17.6081636
10.51	17.6093386
10.512	17.610566
10.514	17.611844
10.516	17.6131696
10.518	17.6145418
10.52	17.615958
10.522	17.6174168
10.524	17.618915
10.526	17.6204512
10.528	17.622024
10.53	17.6236304
10.532	17.6252684
10.534	17.6269362
10.536	17.628632
10.538	17.630353200000002
10.54	17.6320986
10.542	17.6338652
10.544	17.6356514
10.546	17.6374548
10.548	17.639274
10.55	17.641106399999998
10.552	17.6429504
10.554	17.6448034
10.556	17.6466636
10.558	17.6485294
10.56	17.6503976
10.562	17.6522674
10.564	17.6541366
10.566	17.6560018
10.568	17.6578626
10.57	17.659716
10.572	17.6615604
10.574	17.6633938
10.576	17.6652134
10.578	17.6670182
10.58	17.6688054
10.582	17.670573
10.584	17.6723192
10.586	17.674042
10.588	17.6757392
10.59	17.6774086
10.592	17.6790484
10.594	17.6806562
10.596	17.6822308
10.598	17.683769
10.6	17.6852696
10.602	17.6867302
10.604	17.6881488
10.606	17.6895236
10.608	17.690852
10.61	17.6921324
10.612	17.6933626
10.614	17.6945404
10.616	17.6956642
10.618	17.6967314
10.62	17.69774
10.622	17.6986884
10.624	17.6995744
10.626	17.700396
10.628	17.7011508
10.63	17.7018364
10.632	17.702452
10.634	17.7029946
10.636	17.7034968
10.638	17.703992200000002
10.64	17.704481
10.642	17.7049622
10.644	17.7054356
10.646	17.705902000000002
10.648	17.7063602
10.65	17.706809800000002
10.652	17.7072518
10.654	17.7076848
10.656	17.7081092
10.658	17.708525
10.66	17.708931200000002
10.662	17.709328
10.664	17.7097152
10.666	17.7100924
10.668	17.7104596
10.67	17.7108162
10.672	17.7111624
10.674	17.7114982
10.676	17.7118228
10.678	17.7121362
10.68	17.7124384
10.682	17.7127288
10.684	17.7130072
10.686	17.7132738
10.688	17.713528
10.69	17.7137698
10.692	17.7139986
10.694	17.7142146
10.696	17.714417400000002
10.698	17.714607
10.7	17.7147826
10.702	17.7149446
10.704	17.715093
10.706	17.7152264
10.708	17.7153458
10.71	17.7154502
10.712	17.715539800000002
10.714	17.7156142
10.716	17.7156732
10.718	17.7157172
10.72	17.7157448
10.722	17.7157562
10.724	17.715752000000002
10.726	17.7157306
10.728	17.7156928
10.73	17.7156384
10.732	17.7155664
10.734	17.715477800000002
10.736	17.715371
10.738	17.7152466
10.74	17.715104
10.742	17.7149438
10.744	17.7147644
10.746	17.7145666
10.748	17.71435
10.75	17.714114600000002
10.752	17.7138594
10.754	17.7135848
10.756	17.7132906
10.758	17.712976400000002
10.76	17.7126416
10.762	17.7122868
10.764	17.711911
10.766	17.7115148
10.768	17.711097000000002
10.77	17.7106312
10.772	17.710092
10.774	17.7094806
10.776	17.7087992
10.778	17.70805
10.78	17.7072356
10.782	17.706356800000002
10.784	17.7054166
10.786	17.704416600000002
10.788	17.7033584
10.79	17.702245
10.792	17.7010778
10.794	17.699859
10.796	17.698590199999998
10.798	17.697274
10.8	17.6959118
10.802	17.6945064
10.804	17.6930592
10.806	17.6915726
10.808	17.690048
10.81	17.6884878
10.812	17.6868942
10.814	17.6852692
10.816	17.6836146
10.818	17.6819322
10.82	17.6802248
10.822	17.6784934
10.824	17.6767404
10.826	17.6749686
10.828	17.673179
10.83	17.6713736
10.832	17.669555
10.834	17.667725400000002
10.836	17.6658858
10.838	17.664039
10.84	17.662187
10.842	17.6603316
10.844	17.6584748
10.846	17.6566184
10.848	17.654765
10.85	17.6529162
10.852	17.6510742
10.854	17.6492408
10.856	17.6474184
10.858	17.6456082
10.86	17.6438134
10.862	17.6420348
10.864	17.6402754
10.866	17.6385368
10.868	17.6368206
10.87	17.6351298
10.872	17.6334656
10.874	17.63183
10.876	17.6302256
10.878	17.628653800000002
10.88	17.627117
10.882	17.6256174
10.884	17.6241564
10.886	17.6227364
10.888	17.6213592
10.89	17.6200274
10.892	17.618742400000002
10.894	17.6175064
10.896	17.616321
10.898	17.615189
10.9	17.6141122
10.902	17.6130312
10.904	17.6118874
10.906	17.610681800000002
10.908	17.6094182
10.91	17.6080974
10.912	17.6067212
10.914	17.6052926
10.916	17.6038134
10.918	17.6022852
10.92	17.6007102
10.922	17.5990904
10.924	17.5974282
10.926	17.595725
10.928	17.5939834
10.93	17.5922054
10.932	17.5903924
10.934	17.588547
10.936	17.5866716
10.938	17.5847672
10.94	17.5828364
10.942	17.580882
10.944	17.5789044
10.946	17.576907
10.948	17.574891
10.95	17.5728586
10.952	17.5708126
10.954	17.568754
10.956	17.5666856
10.958	17.5646084
10.96	17.562526
10.962	17.560439
10.964	17.558350400000002
10.966	17.5562614
10.968	17.5541748
10.97	17.552092000000002
10.972	17.5500158
10.974	17.5479472
10.976	17.5458892
10.978	17.5438436
10.98	17.5418118
10.982	17.5397966
10.984	17.5377996
10.986	17.5358232
10.988	17.5338692
10.99	17.5319394
10.992	17.5300358
10.994	17.528161400000002
10.996	17.526317
10.998	17.5245054
11.0	17.5227288
11.002	17.5209884
11.004	17.519287
11.006	17.5176256
11.008	17.5160078
11.01	17.5144342
11.012	17.5129078
11.014	17.5114302
11.016	17.510003400000002
11.018	17.5086296
11.02	17.5073108
11.022	17.506049
11.024	17.504846
11.026	17.503704
11.028	17.5026254
11.03	17.5016116
11.032	17.5006656
11.034	17.4997882
11.036	17.498955000000002
11.038	17.4981406
11.04	17.4973438
11.042	17.4965652
11.044	17.4958036
11.046	17.4950594
11.048	17.4943316
11.05	17.4936212
11.052	17.492927
11.054	17.4922494
11.056	17.4915874
11.058	17.4909414
11.06	17.490311
11.062	17.4896958
11.064	17.4890956
11.066	17.4885104
11.068	17.4879396
11.07	17.4873832
11.072	17.486841
11.074	17.4863128
11.076	17.4857982
11.078	17.485297
11.08	17.4848088
11.082	17.4843334
11.084	17.4838708
11.086	17.483421200000002
11.088	17.482983
11.09	17.482557200000002
11.092	17.4821432
11.094	17.4817408
11.096	17.4813494
11.098	17.4809688
11.1	17.4805992
11.102	17.4802402
11.104	17.479891600000002
11.106	17.479553
11.108	17.479224000000002
11.11	17.478905
11.112	17.4785952
11.114	17.4782942
11.116	17.4780024
11.118	17.4777192
11.12	17.4774444
11.122	17.477177400000002
11.124	17.476919000000002
11.126	17.4766678
11.128	17.476424
11.13	17.476188
11.132	17.4759582
11.134	17.4757356
11.136	17.4755196
11.138	17.4753096
11.14	17.4751056
11.142	17.4749072
11.144	17.4747146
11.146	17.474527600000002
11.148	17.474345
11.15	17.4741676
11.152	17.473995000000002
11.154	17.4738268
11.156	17.4736622
11.158	17.4735016
11.16	17.4733446
11.162	17.4731916
11.164	17.473041000000002
11.166	17.4728936
11.168	17.4727624
11.17	17.4726608
11.172	17.472588000000002
11.174	17.4725426
11.176	17.4725244
11.178	17.472533
11.18	17.4725674
11.182	17.472626599999998
11.184	17.47271
11.186	17.4728172
11.188	17.4729474
11.19	17.4730996
11.192	17.4732732
11.194	17.4734676
11.196	17.4736818
11.198	17.4739154
11.2	17.4741676
11.202	17.474438
11.204	17.474725
11.206	17.4750288
11.208	17.4753478
11.21	17.4756822
11.212	17.4760306
11.214	17.4763926
11.216	17.4767674
11.218	17.4771542
11.22	17.4775528
11.222	17.4779614
11.224	17.4783806
11.226	17.4788082
11.228	17.479245
11.23	17.4796894
11.232	17.4801406
11.234	17.4805982
11.236	17.4810618
11.238	17.48153
11.24	17.4820022
11.242	17.482478
11.244	17.4829568
11.246	17.4834374
11.248	17.4839194
11.25	17.484401599999998
11.252	17.4848842
11.254	17.4853658
11.256	17.485845400000002
11.258	17.4863232
11.26	17.4867976
11.262	17.4872682
11.264	17.4877352
11.266	17.4881962
11.268	17.4886516
11.27	17.489100399999998
11.272	17.4895414
11.274	17.4899748
11.276	17.4903996
11.278	17.4908146
11.28	17.4912194
11.282	17.4916132
11.284	17.4919956
11.286	17.4923656
11.288	17.492722399999998
11.29	17.4930652
11.292	17.4933938
11.294	17.493707
11.296	17.4940046
11.298	17.494285
11.3	17.4945482
11.302	17.4948218
11.304	17.4951332
11.306	17.4954818
11.308	17.495865600000002
11.31	17.4962844
11.312	17.4967364
11.314	17.4972204
11.316	17.4977358
11.318	17.4982808
11.32	17.4988554
11.322	17.499457200000002
11.324	17.5000856
11.326	17.5007398
11.328	17.5014184
11.33	17.5021198
11.332	17.5028438
11.334	17.503588
11.336	17.5043528
11.338	17.5051358
11.34	17.5059364
11.342	17.5067538
11.344	17.5075864
11.346	17.5084328
11.348	17.5092924
11.35	17.5101642
11.352	17.5110462
11.354	17.5119384
11.356	17.512838600000002
11.358	17.5137466
11.36	17.5146606
11.362	17.5155796
11.364	17.5165028
11.366	17.5174288
11.368	17.5183566
11.37	17.5192846
11.372	17.5202124
11.374	17.5211386
11.376	17.5220616
11.378	17.522981
11.38	17.5238952
11.382	17.524803
11.384	17.525703800000002
11.386	17.526596
11.388	17.527478600000002
11.39	17.5283502
11.392	17.52921
11.394	17.5300568
11.396	17.5308898
11.398	17.5317072
11.4	17.532508200000002
11.402	17.533292199999998
11.404	17.534057
11.406	17.5348018
11.408	17.5355262
11.41	17.5362286
11.412	17.5369076
11.414	17.5375622
11.416	17.5381912
11.418	17.5387938
11.42	17.5393684
11.422	17.5399144
11.424	17.5404308
11.426	17.5409158
11.428	17.5413684
11.43	17.5417874
11.432	17.5421722
11.434	17.5425446
11.436	17.5429272
11.438	17.5433186
11.44	17.543719199999998
11.442	17.5441278
11.444	17.544545
11.446	17.5449698
11.448	17.5454018
11.45	17.5458406
11.452	17.546285400000002
11.454	17.546736
11.456	17.5471924
11.458	17.5476536
11.46	17.548119
11.462	17.548588600000002
11.464	17.5490616
11.466	17.549538
11.468	17.5500172
11.47	17.5504988
11.472	17.5509818
11.474	17.5514664
11.476	17.5519518
11.478	17.5524376
11.48	17.552924
11.482	17.5534094
11.484	17.5538938
11.486	17.5543774
11.488	17.554859
11.49	17.5553382
11.492	17.555815
11.494	17.556288600000002
11.496	17.5567588
11.498	17.5572246
11.5	17.5576866
11.502	17.558143
11.504	17.5585946
11.506	17.55904
11.508	17.5594796
11.51	17.559912
11.512	17.5603378
11.514	17.5607556
11.516	17.5611656
11.518	17.5615672
11.52	17.5619596
11.522	17.562343
11.524	17.5627164
11.526	17.5630792
11.528	17.5634316
11.53	17.563773
11.532	17.5641024
11.534	17.56442
11.536	17.5647252
11.538	17.565017
11.54	17.565296
11.542	17.5655612
11.544	17.5658114
11.546	17.5660476
11.548	17.5662682
11.55	17.5664734
11.552	17.5666622
11.554	17.566834800000002
11.556	17.5669902
11.558	17.5671286
11.56	17.5672486
11.562	17.5673508
11.564	17.5674336
11.566	17.5674976
11.568	17.567529
11.57	17.5675162
11.572	17.56746
11.574	17.567361599999998
11.576	17.5672234
11.578	17.5670456
11.58	17.56683
11.582	17.566578200000002
11.584	17.5662916
11.586	17.5659712
11.588	17.5656188
11.59	17.5652354
11.592	17.564822
11.594	17.564381
11.596	17.563913200000002
11.598	17.5634196
11.6	17.5629022
11.602	17.562362
11.604	17.5618004
11.606	17.561219
11.608	17.5606188
11.61	17.5600016
11.612	17.5593684
11.614	17.558721
11.616	17.55806
11.618	17.5573872
11.62	17.5567044
11.622	17.5560124
11.624	17.555312999999998
11.626	17.554606800000002
11.628	17.5538958
11.63	17.5531814
11.632	17.5524648
11.634	17.5517472
11.636	17.55103
11.638	17.5503152
11.64	17.549603400000002
11.642	17.5488962
11.644	17.5481948
11.646	17.547501
11.648	17.5468158
11.65	17.546141
11.652	17.5454772
11.654	17.5448264
11.656	17.5441898
11.658	17.543569
11.66	17.5429648
11.662	17.5423792
11.664	17.5418132
11.666	17.5412678
11.668	17.5407452
11.67	17.5402464
11.672	17.5397724
11.674	17.539325
11.676	17.5389054
11.678	17.5385154
11.68	17.5381554
11.682	17.537827800000002
11.684	17.5375336
11.686	17.5372738
11.688	17.53705
11.69	17.5368636
11.692	17.5367164
11.694	17.536609
11.696	17.5365432
11.698	17.5365204
11.7	17.536508
11.702	17.5364736
11.704	17.5364178
11.706	17.5363424
11.708	17.5362472
11.71	17.5361336
11.712	17.5360024
11.714	17.5358546
11.716	17.535691200000002
11.718	17.5355122
11.72	17.5353196
11.722	17.5351136
11.724	17.5348952
11.726	17.5346654
11.728	17.5344252
11.73	17.5341752
11.732	17.5339164
11.734	17.5336492
11.736	17.533375200000002
11.738	17.533095199999998
11.74	17.5328096
11.742	17.5325196
11.744	17.532226
11.746	17.5319298
11.748	17.5316318
11.75	17.5313328
11.752	17.5310338
11.754	17.530735800000002
11.756	17.5304392
11.758	17.530145
11.76	17.5298546
11.762	17.5295686
11.764	17.5292876
11.766	17.5290126
11.768	17.528745
11.77	17.5284846
11.772	17.5282334
11.774	17.5279916
11.776	17.5277604
11.778	17.527540000000002
11.78	17.5273326
11.782	17.5271376
11.784	17.5269568
11.786	17.5267914
11.788	17.5266412
11.79	17.5265078
11.792	17.5263914
11.794	17.526294
11.796	17.526215399999998
11.798	17.5261572
11.8	17.52612
11.802	17.5261042
11.804	17.5261114
11.806	17.5261424
11.808	17.5261978
11.81	17.5262788
11.812	17.5263856
11.814	17.52652
11.816	17.5266822
11.818	17.5268734
11.82	17.5270942
11.822	17.5273456
11.824	17.527628800000002
11.826	17.527944
11.828	17.528293
11.83	17.5286754
11.832	17.5290936
11.834	17.52955
11.836	17.5300482
11.838	17.530586
11.84	17.531162600000002
11.842	17.5317772
11.844	17.5324282
11.846	17.5331138
11.848	17.5338338
11.85	17.5345868
11.852	17.5353716
11.854	17.5361866
11.856	17.5370306
11.858	17.5379032
11.86	17.538802
11.862	17.539727
11.864	17.5406764
11.866	17.5416488
11.868	17.5426434
11.87	17.543658999999998
11.872	17.5446942
11.874	17.5457476
11.876	17.5468186
11.878	17.5479058
11.88	17.5490072
11.882	17.550123
11.884	17.5512512
11.886	17.5523904
11.888	17.553539999999998
11.89	17.5546984
11.892	17.555864200000002
11.894	17.5570368
11.896	17.5582146
11.898	17.5593966
11.9	17.5605816
11.902	17.5617684
11.904	17.5629552
11.906	17.5641416
11.908	17.5653266
11.91	17.5665076
11.912	17.567685
11.914	17.568857
11.916	17.570022
11.918	17.5711792
11.92	17.5723274
11.922	17.5734652
11.924	17.574592
11.926	17.5757058
11.928	17.576806
11.93	17.5778908
11.932	17.578959400000002
11.934	17.5800108
11.936	17.5810436
11.938	17.5820564
11.94	17.5830482
11.942	17.5840176
11.944	17.584963600000002
11.946	17.585885400000002
11.948	17.5867808
11.95	17.5876496
11.952	17.5884904
11.954	17.5893014
11.956	17.590082
11.958	17.5908306
11.96	17.5915464
11.962	17.5922278
11.964	17.5928738
11.966	17.5935248
11.968	17.594219
11.97	17.5949562
11.972	17.5957344
11.974	17.5965522
11.976	17.5974082
11.978	17.5983008
11.98	17.5992288
11.982	17.600191
11.984	17.6011852
11.986	17.6022104
11.988	17.6032646
11.99	17.6043476
11.992	17.6054566
11.994	17.606591
11.996	17.6077494
11.998	17.6089294
12.0	17.6101306
12.002	17.6113514
12.004	17.6125896
12.006	17.6138442
12.008	17.615114
12.01	17.6163972
12.012	17.6176928
12.014	17.6189984
12.016	17.6203134
12.018	17.6216368
12.02	17.6229656
12.022	17.6242998
12.024	17.625637
12.026	17.6269764
12.028	17.6283162
12.03	17.6296548
12.032	17.6309914
12.034	17.6323236
12.036	17.6336506
12.038	17.634971
12.04	17.6362832
12.042	17.6375854
12.044	17.6388772
12.046	17.6401556
12.048	17.6414206
12.05	17.6426696
12.052	17.6439022
12.054	17.6451156
12.056	17.646310200000002
12.058	17.6474828
12.06	17.6486328
12.062	17.6497586
12.064	17.6508588
12.066	17.651932000000002
12.068	17.6529768
12.07	17.653991
12.072	17.6549744
12.074	17.6559246
12.076	17.6568406
12.078	17.6577208
12.08	17.658564
12.082	17.6593678
12.084	17.6601322
12.086	17.6608546
12.088	17.6615342
12.09	17.6621688
12.092	17.6627578
12.094	17.6632994
12.096	17.6637924
12.098	17.664235
12.1	17.664658
12.102	17.6650932
12.104	17.6655406
12.106	17.6659984
12.108	17.666467
12.11	17.6669448
12.112	17.6674316
12.114	17.6679266
12.116	17.6684292
12.118	17.668939
12.12	17.6694554
12.122	17.6699766
12.124	17.6705034
12.126	17.6710342
12.128	17.6715688
12.13	17.6721062
12.132	17.6726458
12.134	17.6731872
12.136	17.6737298
12.138	17.6742724
12.14	17.6748146
12.142	17.6753558
12.144	17.6758956
12.146	17.676433
12.148	17.676967
12.15	17.6774978
12.152	17.6780236
12.154	17.6785448
12.156	17.6790604
12.158	17.6795696
12.16	17.6800716
12.162	17.6805662
12.164	17.681052
12.166	17.681529400000002
12.168	17.6819966
12.17	17.682454
12.172	17.6829002
12.174	17.683334600000002
12.176	17.6837566
12.178	17.6841658
12.18	17.684561000000002
12.182	17.6849426
12.184	17.6853088
12.186	17.6856592
12.188	17.6859936
12.19	17.6863106
12.192	17.68661
12.194	17.6868914
12.196	17.687153600000002
12.198	17.6873964
12.2	17.6876186
12.202	17.6878198
12.204	17.6879996
12.206	17.688157
12.208	17.6882914
12.21	17.6884024
12.212	17.688488800000002
12.214	17.6885504
12.216	17.6885866
12.218	17.688596
12.22	17.6885784
12.222	17.6885336
12.224	17.6884606
12.226	17.6883582
12.228	17.6882266
12.23	17.688064400000002
12.232	17.6878494
12.234	17.6875604
12.236	17.6871994
12.238	17.6867688
12.24	17.68627
12.242	17.685706
12.244	17.685078
12.246	17.684388
12.248	17.6836388
12.25	17.682832
12.252	17.68197
12.254	17.6810544
12.256	17.680087
12.258	17.6790708
12.26	17.678007
12.262	17.6768978
12.264	17.6757458
12.266	17.6745528
12.268	17.6733206
12.27	17.6720512
12.272	17.6707466
12.274	17.6694096
12.276	17.668041600000002
12.278	17.6666444
12.28	17.6652206
12.282	17.6637724
12.284	17.662301
12.286	17.6608094
12.288	17.6592992
12.29	17.6577724
12.292	17.6562308
12.294	17.654677200000002
12.296	17.6531132
12.298	17.651541
12.3	17.6499622
12.302	17.6483792
12.304	17.646794200000002
12.306	17.6452092
12.308	17.643626
12.31	17.6420468
12.312	17.6404736
12.314	17.6389088
12.316	17.6373538
12.318	17.6358112
12.32	17.634283
12.322	17.6327708
12.324	17.631277
12.326	17.6298036
12.328	17.6283524
12.33	17.6269262
12.332	17.6255262
12.334	17.6241548
12.336	17.622814599999998
12.338	17.6215066
12.34	17.6202334
12.342	17.618997
12.344	17.6177996
12.346	17.6166432
12.348	17.6155294
12.35	17.6144608
12.352	17.6134394
12.354	17.6124672
12.356	17.611545800000002
12.358	17.610678
12.36	17.609865
12.362	17.6091098
12.364	17.608414
12.366	17.6077436
12.368	17.6070636
12.37	17.606374600000002
12.372	17.6056774
12.374	17.6049718
12.376	17.6042584
12.378	17.6035374
12.38	17.6028088
12.382	17.602074
12.384	17.6013326
12.386	17.6005854
12.388	17.599832
12.39	17.5990738
12.392	17.5983104
12.394	17.5975426
12.396	17.5967702
12.398	17.595994400000002
12.4	17.5952146
12.402	17.5944322
12.404	17.593647400000002
12.406	17.5928596
12.408	17.59207
12.41	17.5912784
12.412	17.5904858
12.414	17.589693
12.416	17.588899
12.418	17.5881046
12.42	17.587311200000002
12.422	17.5865176
12.424	17.5857252
12.426	17.584934
12.428	17.584145
12.43	17.5833576
12.432	17.5825728
12.434	17.5817908
12.436	17.581012
12.438	17.5802368
12.44	17.5794652
12.442	17.578698
12.444	17.577935
12.446	17.5771778
12.448	17.5764254
12.45	17.5756792
12.452	17.5749386
12.454	17.5742048
12.456	17.5734776
12.458	17.5727576
12.46	17.5720452
12.462	17.5713408
12.464	17.5706448
12.466	17.569957600000002
12.468	17.569279
12.47	17.5686106
12.472	17.567951
12.474	17.567302
12.476	17.5666636
12.478	17.566036
12.48	17.56542
12.482	17.5648148
12.484	17.5642222
12.486	17.5636418
12.488	17.5630744
12.49	17.5625198
12.492	17.5619786
12.494	17.5614518
12.496	17.5609386
12.498	17.5604394
12.5	17.559953
12.502	17.5594796
12.504	17.559018000000002
12.506	17.5585684
12.508	17.5581306
12.51	17.5577038
12.512	17.557288
12.514	17.5568828
12.516	17.5564874
12.518	17.5561016
12.52	17.5557258
12.522	17.5553588
12.524	17.555000200000002
12.526	17.5546502
12.528	17.5543082
12.53	17.553974
12.532	17.5536468
12.534	17.553327
12.536	17.553013200000002
12.538	17.5527056
12.54	17.5524042
12.542	17.5521082
12.544	17.5518172
12.546	17.5515312
12.548	17.5512498
12.55	17.5509724
12.552	17.5506982
12.554	17.5504278
12.556	17.5501602
12.558	17.5498956
12.56	17.5496328
12.562	17.5493726
12.564	17.5491136
12.566	17.5488556
12.568	17.5485986
12.57	17.5483426
12.572	17.5480864
12.574	17.54783
12.576	17.547573
12.578	17.547315
12.58	17.547056
12.582	17.5467952
12.584	17.5465324
12.586	17.5462674
12.588	17.5459998
12.59	17.545729
12.592	17.5454548
12.594	17.5451774
12.596	17.544895
12.598	17.544609
12.6	17.5443176
12.602	17.544021
12.604	17.543719199999998
12.606	17.5434112
12.608	17.5430974
12.61	17.5427764
12.612	17.5424488
12.614	17.5421142
12.616	17.5417712
12.618	17.5414208
12.62	17.5410618
12.622	17.540694000000002
12.624	17.5403174
12.626	17.5399312
12.628	17.5395348
12.63	17.53911
12.632	17.5386394
12.634	17.5381248
12.636	17.537567
12.638	17.5369686
12.64	17.536331
12.642	17.5356558
12.644	17.534944799999998
12.646	17.5342
12.648	17.5334228
12.65	17.532614600000002
12.652	17.5317772
12.654	17.5309132
12.656	17.5300234
12.658	17.5291094
12.66	17.5281738
12.662	17.5272172
12.664	17.5262422
12.666	17.5252498
12.668	17.5242422
12.67	17.5232214
12.672	17.522188
12.674	17.521144800000002
12.676	17.5200928
12.678	17.5190342
12.68	17.5179704
12.682	17.5169032
12.684	17.5158342
12.686	17.5147652
12.688	17.5136974
12.69	17.5126336
12.692	17.511575
12.694	17.5105226
12.696	17.5094794
12.698	17.508446
12.7	17.5074242
12.702	17.5064166
12.704	17.5054238
12.706	17.5044482
12.708	17.5034918
12.71	17.5025552
12.712	17.5016412
12.714	17.5007504
12.716	17.4998854
12.718	17.4990476
12.72	17.4982388
12.722	17.4974606
12.724	17.496715000000002
12.726	17.4960034
12.728	17.4953274
12.73	17.4946888
12.732	17.4940894
12.734	17.493531
12.736	17.493015200000002
12.738	17.492543
12.74	17.4921172
12.742	17.4917396
12.744	17.491410600000002
12.746	17.491133
12.748	17.490908
12.75	17.4907378
12.752	17.4906238
12.754	17.4905676
12.756	17.4905708
12.758	17.4906352
12.76	17.490763
12.762	17.4909076
12.764	17.491023
12.766	17.4911102
12.768	17.4911712
12.77	17.4912074
12.772	17.4912204
12.774	17.4912108
12.776	17.491180800000002
12.778	17.4911322
12.78	17.4910654
12.782	17.4909824
12.784	17.4908846
12.786	17.4907736
12.788	17.490651
12.79	17.4905174
12.792	17.4903754
12.794	17.490225600000002
12.796	17.4900698
12.798	17.489909
12.8	17.4897454
12.802	17.4895804
12.804	17.4894146
12.806	17.48925
12.808	17.4890884
12.81	17.4889306
12.812	17.4887784
12.814	17.4886334
12.816	17.4884966
12.818	17.4883698
12.82	17.4882544
12.822	17.4881514
12.824	17.4880632
12.826	17.4879902
12.828	17.4879344
12.83	17.4878972
12.832	17.4878806
12.834	17.4878848
12.836	17.487912
12.838	17.487964
12.84	17.4880412
12.842	17.4881462
12.844	17.4882796
12.846	17.4884436
12.848	17.4886392
12.85	17.4888676
12.852	17.4891308
12.854	17.4894298
12.856	17.489766
12.858	17.4901418
12.86	17.490557
12.862	17.491014800000002
12.864	17.4915154
12.866	17.492061
12.868	17.492652200000002
12.87	17.4932918
12.872	17.493979799999998
12.874	17.4947184
12.876	17.495509
12.878	17.496353
12.88	17.4972518
12.882	17.498207
12.884	17.4992198
12.886	17.5002916
12.888	17.5014246
12.89	17.5026192
12.892	17.5038774
12.894	17.5052008
12.896	17.5065964
12.898	17.5080698
12.9	17.5096182
12.902	17.5112404
12.904	17.5129336
12.906	17.5146954
12.908	17.5165252
12.91	17.5184196
12.912	17.520377
12.914	17.5223954
12.916	17.5244726
12.918	17.5266068
12.92	17.528795600000002
12.922	17.5310368
12.924	17.5333288
12.926	17.5356692
12.928	17.5380562
12.93	17.5404872
12.932	17.5429604
12.934	17.5454744
12.936	17.5480264
12.938	17.5506142
12.94	17.5532364
12.942	17.5558904
12.944	17.558574
12.946	17.5612858
12.948	17.5640228
12.95	17.5667842
12.952	17.5695666
12.954	17.572369000000002
12.956	17.575188400000002
12.958	17.5780238
12.96	17.580872
12.962	17.5837314
12.964	17.5866002
12.966	17.5894764
12.968	17.5923574
12.97	17.5952414
12.972	17.5981262
12.974	17.6010102
12.976	17.603890800000002
12.978	17.6067656
12.98	17.6096338
12.982	17.612492
12.984	17.6153392
12.986	17.6181724
12.988	17.6209902
12.99	17.623790200000002
12.992	17.6265706
12.994	17.629329
12.996	17.6320638
12.998	17.6347722
13.0	17.637453
13.002	17.6401032
13.004	17.6427216
13.006	17.6453054
13.008	17.6478532
13.01	17.6503624
13.012	17.652831
13.014	17.6552576
13.016	17.6576394
13.018	17.659974
13.02	17.6622604
13.022	17.6644958
13.024	17.6666788
13.026	17.6688064
13.028	17.6709446
13.03	17.6731584
13.032	17.6754464
13.034	17.6778052
13.036	17.6802334
13.038	17.6827282
13.04	17.6852878
13.042	17.6879094
13.044	17.6905916
13.046	17.6933316
13.048	17.6961272
13.05	17.6989758
13.052	17.701876
13.054	17.7048248
13.056	17.7078198
13.058	17.7108596
13.06	17.7139414
13.062	17.7170632
13.064	17.720222800000002
13.066	17.7234172
13.068	17.7266448
13.07	17.7299036
13.072	17.7331908
13.074	17.7365044
13.076	17.7398422
13.078	17.7432016
13.08	17.746581
13.082	17.7499774
13.084	17.7533892
13.086	17.7568134
13.088	17.7602486
13.09	17.7636922
13.092	17.767141600000002
13.094	17.770595
13.096	17.77405
13.098	17.7775048
13.1	17.7809562
13.102	17.7844026
13.104	17.7878416
13.106	17.791271000000002
13.108	17.794688
13.11	17.7980918
13.112	17.801478799999998
13.114	17.804847000000002
13.116	17.8081944
13.118	17.8115186
13.12	17.8148172
13.122	17.818088799999998
13.124	17.82133
13.126	17.8245396
13.128	17.8277142
13.13	17.8308524
13.132	17.8339518
13.134	17.8370098
13.136	17.840024800000002
13.138	17.842994
13.14	17.8459152
13.142	17.8487862
13.144	17.8516052
13.146	17.8543694
13.148	17.8570764
13.15	17.859724800000002
13.152	17.8623112
13.154	17.864834600000002
13.156	17.8672918
13.158	17.8696808
13.16	17.871999600000002
13.162	17.8743056
13.164	17.8766564
13.166	17.879050200000002
13.168	17.8814854
13.17	17.8839606
13.172	17.886473600000002
13.174	17.8890226
13.176	17.8916066
13.178	17.8942236
13.18	17.896871400000002
13.182	17.8995488
13.184	17.902254
13.186	17.9049852
13.188	17.9077404
13.19	17.9105184
13.192	17.913317
13.194	17.9161352
13.196	17.9189704
13.198	17.921821
13.2	17.9246858
13.202	17.927563
13.204	17.9304508
13.206	17.933347
13.208	17.9362506
13.21	17.9391598
13.212	17.9420722
13.214	17.9449866
13.216	17.9479016
13.218	17.9508146
13.22	17.9537248
13.222	17.9566296
13.224	17.9595278
13.226	17.962418
13.228	17.9652976
13.23	17.9681658
13.232	17.97102
13.234	17.9738596
13.236	17.9766816
13.238	17.9794854
13.24	17.9822686
13.242	17.9850296
13.244	17.9877666
13.246	17.9904784
13.248	17.9931624
13.25	17.995818
13.252	17.998442400000002
13.254	18.001035
13.256	18.0035928
13.258	18.0061148
13.26	18.0085996
13.262	18.0110448
13.264	18.013449
13.266	18.0158104
13.268	18.0181272
13.27	18.020398
13.272	18.022621
13.274	18.0247944
13.276	18.0269164
13.278	18.0289848
13.28	18.030999
13.282	18.032957
13.284	18.0348562
13.286	18.0366954
13.288	18.0384734
13.29	18.0401876
13.292	18.041837
13.294	18.0434244
13.296	18.044956
13.298	18.0464318
13.3	18.0478542
13.302	18.0492238
13.304	18.0505412
13.306	18.0518086
13.308	18.053027
13.31	18.0541966
13.312	18.0553202
13.314	18.0563972
13.316	18.0574302
13.318	18.0584196
13.32	18.059367
13.322	18.060273000000002
13.324	18.061139400000002
13.326	18.0619672
13.328	18.0627578
13.33	18.0635116
13.332	18.0642302
13.334	18.0649156
13.336	18.0655678
13.338	18.0661882
13.34	18.0667786
13.342	18.0673392
13.344	18.0678718
13.346	18.0683782
13.348	18.0688584
13.35	18.0693144
13.352	18.0697464
13.354	18.0701568
13.356	18.070546
13.358	18.0709156
13.36	18.0712664
13.362	18.0715998
13.364	18.071917
13.366	18.0722188
13.368	18.0725068
13.37	18.0727824
13.372	18.073046
13.374	18.0732992
13.376	18.0735434
13.378	18.07378
13.38	18.0740088
13.382	18.0742324
13.384	18.0744518
13.386	18.0746674
13.388	18.0748814
13.39	18.075094
13.392	18.0753068
13.394	18.0755214
13.396	18.0757378
13.398	18.0759586
13.4	18.0761842
13.402	18.0764158
13.404	18.0766548
13.406	18.0769022
13.408	18.0771592
13.41	18.0774272
13.412	18.0777066
13.414	18.078
13.416	18.0783074
13.418	18.0786302
13.42	18.0789698
13.422	18.0793274
13.424	18.079703600000002
13.426	18.0801004
13.428	18.0804208
13.43	18.0805714
13.432	18.0805582
13.434	18.080386400000002
13.436	18.0800622
13.438	18.0795912
13.44	18.0789794
13.442	18.078232200000002
13.444	18.0773552
13.446	18.0763554
13.448	18.0752372
13.45	18.074006400000002
13.452	18.0726698
13.454	18.071232600000002
13.456	18.0697006
13.458	18.068079400000002
13.46	18.0663746
13.462	18.0645926
13.464	18.0627392
13.466	18.0608194
13.468	18.0588396
13.47	18.056805400000002
13.472	18.0547222
13.474	18.0525964
13.476	18.0504334
13.478	18.048239
13.48	18.046019
13.482	18.0437792
13.484	18.0415256
13.486	18.039263599999998
13.488	18.036999
13.49	18.034738
13.492	18.0324854
13.494	18.030248
13.496	18.0280312
13.498	18.025840600000002
13.5	18.023682
13.502	18.0215614
13.504	18.0194848
13.506	18.0174574
13.508	18.0154852
13.51	18.013574
13.512	18.0117296
13.514	18.0099572
13.516	18.0082634
13.518	18.0066536
13.52	18.005133999999998
13.522	18.0037096
13.524	18.0023868
13.526	18.001171
13.528	18.000068
13.53	17.9990838
13.532	17.9982242
13.534	17.9974946
13.536	17.9969008
13.538	17.9964488
13.54	17.9961446
13.542	17.9959934
13.544	17.9960016
13.546	17.9961742
13.548	17.9965176
13.55	17.9970372
13.552	17.9977392
13.554	17.998629
13.556	17.9997124
13.558	18.0009954
13.56	18.0023926
13.562	18.0038154
13.564	18.0052636
13.566	18.006737
13.568	18.0082358
13.57	18.0097598
13.572	18.011309400000002
13.574	18.0128844
13.576	18.014484799999998
13.578	18.0161108
13.58	18.0177616
13.582	18.0194382
13.584	18.02114
13.586	18.022867
13.588	18.02462
13.59	18.0263976
13.592	18.028201
13.594	18.0300296
13.596	18.0318836
13.598	18.0337628
13.6	18.0356678
13.602	18.037598
13.604	18.039553
13.606	18.0415338
13.608	18.0435404
13.61	18.0455716
13.612	18.0476282
13.614	18.0497106
13.616	18.0518182
13.618	18.0539512
13.62	18.0561092
13.622	18.0582928
13.624	18.0605014
13.626	18.0627354
13.628	18.0649952
13.63	18.0672802
13.632	18.06959
13.634	18.0719254
13.636	18.0742864
13.638	18.0766724
13.64	18.0790842
13.642	18.0815208
13.644	18.0839828
13.646	18.0864704
13.648	18.088983
13.65	18.0915212
13.652	18.0940842
13.654	18.0966728
13.656	18.0992868
13.658	18.1019262
13.66	18.1045908
13.662	18.1072806
13.664	18.1099956
13.666	18.112735999999998
13.668	18.1155018
13.67	18.1182926
13.672	18.1211094
13.674	18.1239508
13.676	18.1268176
13.678	18.12971
13.68	18.1326274
13.682	18.1355698
13.684	18.1385382
13.686	18.1415314
13.688	18.1445502
13.69	18.1475938
13.692	18.1506628
13.694	18.153821399999998
13.696	18.157130000000002
13.698	18.160584800000002
13.7	18.1641806
13.702	18.1679132
13.704	18.1717786
13.706	18.175771
13.708	18.1798872
13.71	18.184122000000002
13.712	18.188471200000002
13.714	18.1929296
13.716	18.1974934
13.718	18.202157800000002
13.72	18.206918
13.722	18.2117704
13.724	18.2167094
13.726	18.221731
13.728	18.226830800000002
13.73	18.232004
13.732	18.2372464
13.734	18.242553
13.736	18.2479198
13.738	18.253342
13.74	18.2588152
13.742	18.264334599999998
13.744	18.2698954
13.746	18.2754944
13.748	18.281125799999998
13.75	18.2867854
13.752	18.2924688
13.754	18.2981718
13.756	18.303889599999998
13.758	18.3096174
13.76	18.3153508
13.762	18.3210854
13.764	18.3268168
13.766	18.3325404
13.768	18.3382514
13.77	18.3439458
13.772	18.349618800000002
13.774	18.3552654
13.776	18.3608822
13.778	18.3664636
13.78	18.3720054
13.782	18.3775032
13.784	18.382953
13.786	18.3883494
13.788	18.393688
13.79	18.3989648
13.792	18.4041746
13.794	18.4093136
13.796	18.414377
13.798	18.41936
13.8	18.4242586
13.802	18.429068
13.804	18.4337834
13.806	18.4384006
13.808	18.4429148
13.81	18.447322200000002
13.812	18.4516176
13.814	18.455796
13.816	18.4598544
13.818	18.4637874
13.82	18.4675902
13.822	18.4712584
13.824	18.474788
13.826	18.478300400000002
13.828	18.481917799999998
13.83	18.4856376
13.832	18.4894556
13.834	18.4933684
13.836	18.497373
13.838	18.5014662
13.84	18.5056442
13.842	18.5099032
13.844	18.5142406
13.846	18.518652799999998
13.848	18.5231356
13.85	18.5276864
13.852	18.5323018
13.854	18.536977999999998
13.856	18.5417122
13.858	18.5465
13.86	18.5513386
13.862	18.5562246
13.864	18.561154600000002
13.866	18.566125200000002
13.868	18.571133
13.87	18.5761742
13.872	18.581245799999998
13.874	18.586344
13.876	18.5914658
13.878	18.596608
13.88	18.601766400000002
13.882	18.606938200000002
13.884	18.6121196
13.886	18.6173076
13.888	18.622498399999998
13.89	18.6276892
13.892	18.6328758
13.894	18.6380552
13.896	18.643224
13.898	18.6483786
13.9	18.6535156
13.902	18.6586322
13.904	18.6637242
13.906	18.6687888
13.908	18.6738218
13.91	18.6788204
13.912	18.6837814
13.914	18.6887006
13.916	18.693575199999998
13.918	18.6984018
13.92	18.7031768
13.922	18.707896599999998
13.924	18.7125582
13.926	18.7171576
13.928	18.721692
13.93	18.726157999999998
13.932	18.7305516
13.934	18.7348698
13.936	18.7391094
13.938	18.7432664
13.94	18.7473376
13.942	18.751320200000002
13.944	18.7552098
13.946	18.759004
13.948	18.762698399999998
13.95	18.766289999999998
13.952	18.769775799999998
13.954	18.7731518
13.956	18.776414799999998
13.958	18.7795618
13.96	18.7826184
13.962	18.7856144
13.964	18.788551599999998
13.966	18.7914308
13.968	18.7942532
13.97	18.7970202
13.972	18.7997334
13.974	18.8023938
13.976	18.8050026
13.978	18.807561800000002
13.98	18.810071399999998
13.982	18.8125338
13.984	18.8149498
13.986	18.817321200000002
13.988	18.8196486
13.99	18.8219336
13.992	18.8241776
13.994	18.826381599999998
13.996	18.828546799999998
13.998	18.8306754
14.0	18.8327678
14.002	18.8348254
14.004	18.83685
14.006	18.838842200000002
14.008	18.840804
14.01	18.842736000000002
14.012	18.8446396
14.014	18.846517
14.016	18.848368
14.018	18.8501952
14.02	18.8519992
14.022	18.853781599999998
14.024	18.855543400000002
14.026	18.8572864
14.028	18.859011000000002
14.03	18.8607196
14.032	18.8624128
14.034	18.8640918
14.036	18.865758200000002
14.038	18.8674134
14.04	18.8690584
14.042	18.870694399999998
14.044	18.8723228
14.046	18.8739456
14.048	18.875563
14.05	18.8771766
14.052	18.878788399999998
14.054	18.8803986
14.056	18.8820094
14.058	18.883621599999998
14.06	18.8852366
14.062	18.886856
14.064	18.8884806
14.066	18.8901118
14.068	18.8917506
14.07	18.893399600000002
14.072	18.8950584
14.074	18.896729399999998
14.076	18.8984136
14.078	18.9001124
14.08	18.901826800000002
14.082	18.9035582
14.084	18.9053076
14.086	18.9070772
14.088	18.9088672
14.09	18.9106796
14.092	18.912434400000002
14.094	18.9140538
14.096	18.915541
14.098	18.9169004
14.1	18.918136
14.102	18.9192508
14.104	18.9202494
14.106	18.921135200000002
14.108	18.9219126
14.11	18.9225848
14.112	18.9231556
14.114	18.923629599999998
14.116	18.924010199999998
14.118	18.924301
14.12	18.924506
14.122	18.9246296
14.124	18.9246748
14.126	18.9246458
14.128	18.9245466
14.13	18.9243806
14.132	18.9241522
14.134	18.9238646
14.136	18.9235228
14.138	18.923129
14.14	18.9226884
14.142	18.9222044
14.144	18.9216802
14.146	18.9211204
14.148	18.9205292
14.15	18.9199094
14.152	18.9192656
14.154	18.9186014
14.156	18.9179204
14.158	18.9172266
14.16	18.9165242
14.162	18.9158166
14.164	18.915108
14.166	18.9144018
14.168	18.9137024
14.17	18.9130128
14.172	18.9123376
14.174	18.9116806
14.176	18.9110454
14.178	18.910436
14.18	18.9098556
14.182	18.9093092
14.184	18.9087994
14.186	18.9083312
14.188	18.9079074
14.19	18.9075326
14.192	18.9072106
14.194	18.9069446
14.196	18.906739
14.198	18.906598
14.2	18.906524
14.202	18.9065226
14.204	18.9065966
14.206	18.90675
14.208	18.9069866
14.21	18.9073104
14.212	18.9077252
14.214	18.908235
14.216	18.908843400000002
14.218	18.9095544
14.22	18.9103716
14.222	18.911299
14.224	18.912340399999998
14.226	18.913466800000002
14.228	18.914644
14.23	18.915872
14.232	18.917149000000002
14.234	18.918473
14.236	18.9198436
14.238	18.9212588
14.24	18.9227174
14.242	18.9242186
14.244	18.9257602
14.246	18.9273414
14.248	18.9289612
14.25	18.9306172
14.252	18.932309
14.254	18.9340352
14.256	18.9357942
14.258	18.9375842
14.26	18.9394048
14.262	18.941254
14.264	18.9431308
14.266	18.9450338
14.268	18.9469618
14.27	18.948913
14.272	18.950886
14.274	18.9528802
14.276	18.954894
14.278	18.9569258
14.28	18.9589742
14.282	18.9610384
14.284	18.9631164
14.286	18.9652074
14.288	18.9673098
14.29	18.9694222
14.292	18.9715432
14.294	18.973671799999998
14.296	18.9758066
14.298	18.977946199999998
14.3	18.980089
14.302	18.9822338
14.304	18.9843796
14.306	18.986525
14.308	18.9886682
14.31	18.9908084
14.312	18.9929436
14.314	18.9950732
14.316	18.997195
14.318	18.999309
14.32	19.0014122
14.322	19.0035046
14.324	19.0055846
14.326	19.0076502
14.328	19.009700600000002
14.33	19.0117348
14.332	19.0137504
14.334	19.015747400000002
14.336	19.017723
14.338	19.019677
14.34	19.021607799999998
14.342	19.0235136
14.344	19.0253938
14.346	19.0272468
14.348	19.0290708
14.35	19.0308646
14.352	19.0326274
14.354	19.0343574
14.356	19.0360536
14.358	19.037741
14.36	19.0394452
14.362	19.0411656
14.364	19.0429018
14.366	19.0446538
14.368	19.04642
14.37	19.0482004
14.372	19.0499948
14.374	19.0518024
14.376	19.0536226
14.378	19.0554546
14.38	19.0572986
14.382	19.059153000000002
14.384	19.061018400000002
14.386	19.0628932
14.388	19.0647776
14.39	19.0666708
14.392	19.0685724
14.394	19.0704822
14.396	19.0723986
14.398	19.074322000000002
14.4	19.0762514
14.402	19.0781868
14.404	19.080127
14.406	19.0820716
14.408	19.0840204
14.41	19.085973199999998
14.412	19.0879282
14.414	19.089886
14.416	19.0918458
14.418	19.0938066
14.42	19.095768200000002
14.422	19.0977304
14.424	19.0996922
14.426	19.101653
14.428	19.1036128
14.43	19.1055706
14.432	19.1075256
14.434	19.1094784
14.436	19.1114272
14.438	19.1133722
14.44	19.1153124
14.442	19.1172474
14.444	19.1191772
14.446	19.1211008
14.448	19.1230172
14.45	19.1249268
14.452	19.1268286
14.454	19.128722
14.456	19.1306064
14.458	19.1324818
14.46	19.1343468
14.462	19.136201800000002
14.464	19.138045599999998
14.466	19.1398776
14.468	19.1416982
14.47	19.143505400000002
14.472	19.1453002
14.474	19.1470808
14.476	19.1488474
14.478	19.1505994
14.48	19.152336
14.482	19.1540564
14.484	19.155761
14.486	19.1574482
14.488	19.1591184
14.49	19.1607702
14.492	19.162404000000002
14.494	19.164019
14.496	19.1656158
14.498	19.167194600000002
14.5	19.1687568
14.502	19.170302200000002
14.504	19.171831
14.506	19.1733444
14.508	19.1748418
14.51	19.1763246
14.512	19.1777928
14.514	19.1792468
14.516	19.1806872
14.518	19.1821144
14.52	19.1835292
14.522	19.1849316
14.524	19.1863216
14.526	19.1877006
14.528	19.1890686
14.53	19.1904262
14.532	19.1917738
14.534	19.1931118
14.536	19.1944402
14.538	19.19576
14.54	19.1970718
14.542	19.1983756
14.544	19.199672
14.546	19.2009614
14.548	19.2022442
14.55	19.203521000000002
14.552	19.204792400000002
14.554	19.2060584
14.556	19.207319599999998
14.558	19.208577
14.56	19.2098302
14.562	19.21108
14.564	19.2123268
14.566	19.2135714
14.568	19.2148136
14.57	19.216054200000002
14.572	19.217294
14.574	19.2185328
14.576	19.2197712
14.578	19.22101
14.58	19.2222498
14.582	19.223489999999998
14.584	19.2247322
14.586	19.2259764
14.588	19.2272222
14.59	19.2284716
14.592	19.2297242
14.594	19.2309802
14.596	19.232241000000002
14.598	19.233506
14.6	19.2347764
14.602	19.2360518
14.604	19.2373336
14.606	19.238621600000002
14.608	19.2399166
14.61	19.2412188
14.612	19.242528800000002
14.614	19.2438468
14.616	19.2451738
14.618	19.2465094
14.62	19.247855
14.622	19.2492102
14.624	19.250593600000002
14.626	19.2520212
14.628	19.2534912
14.63	19.2550028
14.632	19.256554
14.634	19.2581438
14.636	19.2597702
14.638	19.2614324
14.64	19.2631282
14.642	19.2648562
14.644	19.2666152
14.646	19.2684034
14.648	19.2702202
14.65	19.272062599999998
14.652	19.2739304
14.654	19.2758216
14.656	19.277735
14.658	19.2796686
14.66	19.2816214
14.662	19.2835916
14.664	19.2855776
14.666	19.2875784
14.668	19.2895922
14.67	19.2916178
14.672	19.2936528
14.674	19.295697
14.676	19.2977484
14.678	19.299805
14.68	19.301866
14.682	19.3039296
14.684	19.3059944
14.686	19.308059
14.688	19.3101214
14.69	19.3121808
14.692	19.3142356
14.694	19.316284
14.696	19.3183244
14.698	19.3203558
14.7	19.3223766
14.702	19.324385
14.704	19.3263796
14.706	19.328359
14.708	19.3303216
14.71	19.3322666
14.712	19.3341916
14.714	19.3360956
14.716	19.3379768
14.718	19.339834
14.72	19.3416656
14.722	19.3434704
14.724	19.3452462
14.726	19.3469924
14.728	19.3487066
14.73	19.3503878
14.732	19.3520348
14.734	19.3536456
14.736	19.3552192
14.738	19.3567536
14.74	19.3582476
14.742	19.3596996
14.744	19.3611082
14.746	19.362472
14.748	19.3637894
14.75	19.3650588
14.752	19.366279
14.754	19.3674482
14.756	19.3685974
14.758	19.369758400000002
14.76	19.3709306
14.762	19.372113
14.764	19.3733052
14.766	19.3745064
14.768	19.375715200000002
14.77	19.3769316
14.772	19.378155
14.774	19.3793844
14.776	19.3806188
14.778	19.3818578
14.78	19.3831008
14.782	19.3843468
14.784	19.385595600000002
14.786	19.386846
14.788	19.3880972
14.79	19.3893484
14.792	19.3905996
14.794	19.3918496
14.796	19.3930978
14.798	19.3943432
14.8	19.3955854
14.802	19.3968238
14.804	19.398057
14.806	19.3992852
14.808	19.400507
14.81	19.401722
14.812	19.402929399999998
14.814	19.4041286
14.816	19.4053188
14.818	19.406499
14.82	19.407669
14.822	19.408827600000002
14.824	19.409974599999998
14.826	19.4111088
14.828	19.4122298
14.83	19.4133368
14.832	19.4144288
14.834	19.4155058
14.836	19.4165662
14.838	19.4176098
14.84	19.418636
14.842	19.419643399999998
14.844	19.4206322
14.846	19.4216012
14.848	19.4225496
14.85	19.4234768
14.852	19.4243822
14.854	19.425265
14.856	19.4261244
14.858	19.4269598
14.86	19.4277704
14.862	19.4285556
14.864	19.4293144
14.866	19.430046400000002
14.868	19.430751
14.87	19.4314268
14.872	19.432074
14.874	19.4326912
14.876	19.433278
14.878	19.4338334
14.88	19.434357
14.882	19.434848000000002
14.884	19.4353054
14.886	19.4357292
14.888	19.436134199999998
14.89	19.4365362
14.892	19.436935
14.894	19.43733
14.896	19.437721
14.898	19.4381074
14.9	19.4384886
14.902	19.4388644
14.904	19.4392342
14.906	19.4395974
14.908	19.439954200000003
14.91	19.440303200000002
14.912	19.4406448
14.914	19.4409782
14.916	19.4413026
14.918	19.4416182
14.92	19.4419244
14.922	19.4422206
14.924	19.4425064
14.926	19.4427812
14.928	19.4430448
14.93	19.4432968
14.932	19.4435364
14.934	19.4437636
14.936	19.4439776
14.938	19.4441782
14.94	19.4443646
14.942	19.4445368
14.944	19.4446942
14.946	19.4448362
14.948	19.4449626
14.95	19.4450728
14.952	19.4451662
14.954	19.4452428
14.956	19.4453016
14.958	19.4453426
14.96	19.445365199999998
14.962	19.445369
14.964	19.4453536
14.966	19.445318399999998
14.968	19.445262800000002
14.97	19.445187
14.972	19.4450896
14.974	19.444971199999998
14.976	19.4448308
14.978	19.444667600000002
14.98	19.444482
14.982	19.444273
14.984	19.4440404
14.986	19.4437834
14.988	19.4435018
14.99	19.443195199999998
14.992	19.442863
14.994	19.4425052
14.996	19.4421208
14.998	19.4417096
15.0	19.441271
15.002	19.440804800000002
15.004	19.4403104
15.006	19.4397874
15.008	19.4392352
15.01	19.4386538
15.012	19.438042199999998
15.014	19.4374004
15.016	19.4367278
15.018	19.4360238
15.02	19.435288
15.022	19.434492
15.024	19.433608800000002
15.026	19.4326408
15.028	19.431590800000002
15.03	19.4304614
15.032	19.4292546
15.034	19.4279734
15.036	19.4266198
15.038	19.4251964
15.04	19.423706199999998
15.042	19.422151200000002
15.044	19.4205342
15.046	19.418857199999998
15.048	19.4171234
15.05	19.4153346
15.052	19.413493799999998
15.054	19.411603200000002
15.056	19.4096656
15.058	19.4076832
15.06	19.405658600000002
15.062	19.4035944
15.064	19.4014926
15.066	19.399356400000002
15.068	19.397188
15.07	19.39499
15.072	19.3927646
15.074	19.3905144
15.076	19.388241999999998
15.078	19.3859504
15.08	19.383641
15.082	19.381317
15.084	19.3789804
15.086	19.3766344
15.088	19.3742812
15.09	19.3719232
15.092	19.369563
15.094	19.367203
15.096	19.3648456
15.098	19.3624938
15.1	19.360149200000002
15.102	19.3578152
15.104	19.3554938
15.106	19.3531874
15.108	19.350899
15.11	19.348630800000002
15.112	19.3463848
15.114	19.3441646
15.116	19.3419718
15.118	19.3398092
15.12	19.3376798
15.122	19.335585000000002
15.124	19.3335278
15.126	19.3315108
15.128	19.3295368
15.13	19.327607999999998
15.132	19.325726799999998
15.134	19.3238954
15.136	19.3221166
15.138	19.3203934
15.14	19.3187278
15.142	19.3171224
15.144	19.315579200000002
15.146	19.3141016
15.148	19.312691
15.15	19.3113512
15.152	19.3100838
15.154	19.3088168
15.156	19.3074788
15.158	19.306072
15.16	19.3045992
15.162	19.3030622
15.164	19.3014644
15.166	19.2998078
15.168	19.298095
15.17	19.2963284
15.172	19.2945102
15.174	19.2926434
15.176	19.2907304
15.178	19.2887734
15.18	19.286775
15.182	19.2847374
15.184	19.2826642
15.186	19.2805566
15.188	19.278418000000002
15.19	19.2762502
15.192	19.2740562
15.194	19.271838
15.196	19.2695988
15.198	19.26734
15.2	19.2650656
15.202	19.262776600000002
15.204	19.2604764
15.206	19.2581672
15.208	19.255851200000002
15.21	19.2535314
15.212	19.25121
15.214	19.2488898
15.216	19.2465732
15.218	19.244262
15.22	19.2419598
15.222	19.2396682
15.224	19.2373904
15.226	19.2351282
15.228	19.2328842
15.23	19.2306612
15.232	19.228462
15.234	19.2262882
15.236	19.2241428
15.238	19.2220286
15.24	19.2199472
15.242	19.217902000000002
15.244	19.215895
15.246	19.2139286
15.248	19.212006
15.25	19.2101286
15.252	19.2083
15.254	19.2065218
15.256	19.2047966
15.258	19.2031278
15.26	19.2015164
15.262	19.1999662
15.264	19.1984794
15.266	19.197058
15.268	19.1957048
15.27	19.1944226
15.272	19.1932134
15.274	19.1920794
15.276	19.1910242
15.278	19.190049000000002
15.28	19.1891574
15.282	19.188351
15.284	19.1876328
15.286	19.1870054
15.288	19.1864532
15.29	19.1859596
15.292	19.185522
15.294	19.185139
15.296	19.1848096
15.298	19.184531
15.3	19.1843022
15.302	19.184122000000002
15.304	19.183988
15.306	19.1838988
15.308	19.1838526
15.31	19.1838478
15.312	19.183883
15.314	19.1839564
15.316	19.1840666
15.318	19.1842112
15.32	19.1843894
15.322	19.1845992
15.324	19.1848386
15.326	19.1851066
15.328	19.1854012
15.33	19.1857208
15.332	19.186064000000002
15.334	19.1864284
15.336	19.1868132
15.338	19.1872162
15.34	19.1876362
15.342	19.188071
15.344	19.1885194
15.346	19.1889794
15.348	19.1894502
15.35	19.1899288
15.352	19.1904142
15.354	19.1909054
15.356	19.1913994
15.358	19.1918958
15.36	19.192392599999998
15.362	19.1928876
15.364	19.1933798
15.366	19.193867
15.368	19.1943482
15.37	19.1948212
15.372	19.1952842
15.374	19.1957362
15.376	19.1961754
15.378	19.1965998
15.38	19.197008
15.382	19.1973986
15.384	19.197769
15.386	19.1981186
15.388	19.198445200000002
15.39	19.198747400000002
15.392	19.1990236
15.394	19.1992716
15.396	19.199490400000002
15.398	19.1996782
15.4	19.1998328
15.402	19.1999534
15.404	19.2000378
15.406	19.2000846
15.408	19.2000916
15.41	19.2000578
15.412	19.1999816
15.414	19.1998608
15.416	19.1996944
15.418	19.19948
15.42	19.1992744
15.422	19.1991328
15.424	19.1990536
15.426	19.1990346
15.428	19.1990742
15.43	19.199170000000002
15.432	19.1993202
15.434	19.1995228
15.436	19.199776
15.438	19.2000774
15.44	19.200426
15.442	19.2008184
15.444	19.2012538
15.446	19.2017296
15.448	19.2022442
15.45	19.2027948
15.452	19.203381
15.454	19.2039994
15.456	19.2046484
15.458	19.2053264
15.46	19.206031199999998
15.462	19.2067608
15.464	19.2075132
15.466	19.2082862
15.468	19.209078599999998
15.47	19.2098874
15.472	19.2107114
15.474	19.2115486
15.476	19.2123964
15.478	19.2132534
15.48	19.2141174
15.482	19.2149862
15.484	19.215858400000002
15.486	19.216731799999998
15.488	19.217604
15.49	19.218473799999998
15.492	19.2193388
15.494	19.2201966
15.496	19.2210458
15.498	19.2218846
15.5	19.2227104
15.502	19.223521599999998
15.504	19.2243164
15.506	19.2250922
15.508	19.2258476
15.51	19.2265804
15.512	19.227289
15.514	19.2279704
15.516	19.2286242
15.518	19.229247
15.52	19.2298372
15.522	19.2303932
15.524	19.230913
15.526	19.2313946
15.528	19.2318356
15.53	19.2322344
15.532	19.2325886
15.534	19.2328972
15.536	19.233157
15.538	19.2333668
15.54	19.2335246
15.542	19.2336282
15.544	19.2336754
15.546	19.2336648
15.548	19.2335942
15.55	19.2334612
15.552	19.2332648
15.554	19.2330026
15.556	19.2326768
15.558	19.2322896
15.56	19.2318428
15.562	19.2313394
15.564	19.2307804
15.566	19.2301686
15.568	19.229506399999998
15.57	19.2287954
15.572	19.2280382
15.574	19.2272366
15.576	19.2263936
15.578	19.2255104
15.58	19.2245902
15.582	19.223634
15.584	19.2226446
15.586	19.2216246
15.588	19.2205752
15.59	19.2194994
15.592	19.2183994
15.594	19.2172764
15.596	19.216134
15.598	19.214972799999998
15.6	19.2137964
15.602	19.2126062
15.604	19.2114046
15.606	19.210194
15.608	19.208975600000002
15.61	19.207753
15.612	19.2065276
15.614	19.2053012
15.616	19.204076999999998
15.618	19.2028564
15.62	19.2016418
15.622	19.200435
15.624	19.1992392
15.626	19.1980556
15.628	19.1968868
15.63	19.1957348
15.632	19.1946018
15.634	19.1934904
15.636	19.1924022
15.638	19.1913398
15.64	19.190305000000002
15.642	19.1893004
15.644	19.1883276
15.646	19.1873896
15.648	19.1864876
15.65	19.185624400000002
15.652	19.1848024
15.654	19.1840232
15.656	19.1832894
15.658	19.1826032
15.66	19.181966199999998
15.662	19.181381000000002
15.664	19.1808498
15.666	19.180374999999998
15.668	19.1799582
15.67	19.179601599999998
15.672	19.1793082
15.674	19.1790794
15.676	19.1789178
15.678	19.1788252
15.68	19.178804200000002
15.682	19.1788566
15.684	19.1789844
15.686	19.1791104
15.688	19.1791562
15.69	19.1791246
15.692	19.1790188
15.694	19.178841
15.696	19.1785944
15.698	19.1782816
15.7	19.177905
15.702	19.1774682
15.704	19.1769732
15.706	19.176423
15.708	19.1758206
15.71	19.1751684
15.712	19.1744698
15.714	19.1737268
15.716	19.1729424
15.718	19.17212
15.72	19.1712612
15.722	19.17037
15.724	19.169448199999998
15.726	19.168498800000002
15.728	19.1675252
15.73	19.1665296
15.732	19.1655144
15.734	19.1644834
15.736	19.1634382
15.738	19.1623824
15.74	19.1613186
15.742	19.1602496
15.744	19.1591782
15.746	19.1581066
15.748	19.157038
15.75	19.1559752
15.752	19.1549214
15.754	19.1538786
15.756	19.1528496
15.758	19.1518376
15.76	19.1508454
15.762	19.1498754
15.764	19.1489304
15.766	19.1480134
15.768	19.147127400000002
15.77	19.1462744
15.772	19.145458
15.774	19.1446804
15.776	19.1439446
15.778	19.1432532
15.78	19.142609
15.782	19.1420154
15.784	19.141474000000002
15.786	19.1409882
15.788	19.140560999999998
15.79	19.1401952
15.792	19.139893
15.794	19.1396574
15.796	19.139491
15.798	19.1393974
15.8	19.1393784
15.802	19.139437
15.804	19.1395762
15.806	19.139799
15.808	19.140107399999998
15.81	19.1405046
15.812	19.140994
15.814	19.141576999999998
15.816	19.1422576
15.818	19.1430376
15.82	19.143915
15.822	19.144882
15.824	19.1459368
15.826	19.1470774
15.828	19.148301
15.83	19.1496052
15.832	19.150987999999998
15.834	19.1524466
15.836	19.153979200000002
15.838	19.1555832
15.84	19.157256
15.842	19.158995400000002
15.844	19.160799400000002
15.846	19.1626652
15.848	19.1645906
15.85	19.166573800000002
15.852	19.1686114
15.854	19.1707018
15.856	19.1728424
15.858	19.1750306
15.86	19.177265
15.862	19.179542
15.864	19.1818602
15.866	19.1842168
15.868	19.1866096
15.87	19.1890362
15.872	19.1914938
15.874	19.193981
15.876	19.196495
15.878	19.1990336
15.88	19.2015938
15.882	19.2041738
15.884	19.2067716
15.886	19.2093842
15.888	19.2120092
15.89	19.214644800000002
15.892	19.2172884
15.894	19.2199376
15.896	19.2225902
15.898	19.2252438
15.9	19.227896
15.902	19.2305444
15.904	19.2331866
15.906	19.2358202
15.908	19.2384432
15.91	19.241053
15.912	19.2436474
15.914	19.2462242
15.916	19.2487806
15.918	19.2513144
15.92	19.2538232
15.922	19.256305
15.924	19.2587574
15.926	19.2611778
15.928	19.2635634
15.93	19.265913400000002
15.932	19.2682236
15.934	19.2704928
15.936	19.2727182
15.938	19.274897799999998
15.94	19.2770288
15.942	19.2791094
15.944	19.2811368
15.946	19.283109
15.948	19.2850236
15.95	19.2868774
15.952	19.2887424
15.954	19.290688799999998
15.956	19.292714
15.958	19.294816400000002
15.96	19.2969932
15.962	19.2992418
15.964	19.3015602
15.966	19.3039464
15.968	19.3063978
15.97	19.3089122
15.972	19.311487
15.974	19.3141202
15.976	19.3168096
15.978	19.3195522
15.98	19.3223466
15.982	19.3251894
15.984	19.3280796
15.986	19.331014
15.988	19.3339904
15.99	19.3370064
15.992	19.34006
15.994	19.343149
15.996	19.3462708
15.998	19.3494232
16.0	19.3526038
16.002	19.3558104
16.004	19.3590406
16.006	19.3622922
16.008	19.3655622
16.01	19.3688496
16.012	19.3721512
16.014	19.3754648
16.016	19.3787878
16.018	19.382119
16.02	19.385455
16.022	19.3887934
16.024	19.3921328
16.026	19.3954702
16.028	19.3988036
16.03	19.4021304
16.032	19.4054486
16.034	19.4087556
16.036	19.4120494
16.038	19.415327599999998
16.04	19.4185878
16.042	19.4218276
16.044	19.425044800000002
16.046	19.428237
16.048	19.4314022
16.05	19.4345378
16.052	19.4376414
16.054	19.4407112
16.056	19.4437442
16.058	19.4467386
16.06	19.4496916
16.062	19.4526016
16.064	19.4554656
16.066	19.4582818
16.068	19.461047399999998
16.07	19.4637608
16.072	19.4664188
16.074	19.469019799999998
16.076	19.471561
16.078	19.474040600000002
16.08	19.4764558
16.082	19.4788044
16.084	19.4810844
16.086	19.483331200000002
16.088	19.4855822
16.09	19.4878372
16.092	19.4900954
16.094	19.4923566
16.096	19.4946206
16.098	19.496887
16.1	19.4991556
16.102	19.5014258
16.104	19.503697199999998
16.106	19.5059696
16.108	19.5082426
16.11	19.510516
16.112	19.5127894
16.114	19.5150622
16.116	19.517333999999998
16.118	19.519605
16.12	19.5218746
16.122	19.5241422
16.124	19.5264076
16.126	19.5286704
16.128	19.5309304
16.13	19.533186999999998
16.132	19.5354402
16.134	19.5376896
16.136	19.5399344
16.138	19.5421746
16.14	19.54441
16.142	19.54664
16.144	19.5488642
16.146	19.5510824
16.148	19.5532946
16.15	19.555499400000002
16.152	19.557697400000002
16.154	19.559888
16.156	19.5620706
16.158	19.5642454
16.16	19.566411600000002
16.162	19.5685688
16.164	19.570717000000002
16.166	19.5728554
16.168	19.574984
16.17	19.5771022
16.172	19.5792102
16.174	19.5813068
16.176	19.5833924
16.178	19.5854662
16.18	19.587528
16.182	19.5895776
16.184	19.5916144
16.186	19.593638
16.188	19.5956482
16.19	19.597644600000002
16.192	19.5996272
16.194	19.601595
16.196	19.6035482
16.198	19.6054862
16.2	19.6074086
16.202	19.6093152
16.204	19.611205599999998
16.206	19.6130794
16.208	19.614936200000002
16.21	19.6167758
16.212	19.6185978
16.214	19.620402
16.216	19.6221878
16.218	19.623967
16.22	19.6257526
16.222	19.6275428
16.224	19.629337800000002
16.226	19.6311366
16.228	19.632938799999998
16.23	19.634743
16.232	19.636549600000002
16.234	19.6383574
16.236	19.6401656
16.238	19.641974
16.24	19.6437818
16.242	19.6455882
16.244	19.6473926
16.246	19.6491946
16.248	19.650993
16.25	19.6527878
16.252	19.654578
16.254	19.6563628
16.256	19.6581422
16.258	19.6599148
16.26	19.6616806
16.262	19.6634384
16.264	19.665188
16.266	19.6669284
16.268	19.668658999999998
16.27	19.6703794
16.272	19.672089
16.274	19.673786800000002
16.276	19.6754724
16.278	19.6771448
16.28	19.678804
16.282	19.6804488
16.284	19.682079
16.286	19.6836934
16.288	19.685292
16.29	19.6868738
16.292	19.688437999999998
16.294	19.6899842
16.296	19.6915114
16.298	19.693019800000002
16.3	19.694508
16.302	19.695975400000002
16.304	19.6974214
16.306	19.6988458
16.308	19.700247400000002
16.31	19.701626
16.312	19.7029804
16.314	19.7043106
16.316	19.7056154
16.318	19.7068944
16.32	19.7081474
16.322	19.7093728
16.324	19.7105706
16.326	19.7117402
16.328	19.7128806
16.33	19.7139914
16.332	19.715072
16.334	19.7161216
16.336	19.7171394
16.338	19.7181252
16.34	19.719078
16.342	19.719997
16.344	19.7208822
16.346	19.7217324
16.348	19.7225472
16.35	19.7233258
16.352	19.724087
16.354	19.7248494
16.356	19.7256124
16.358	19.7263764
16.36	19.7271402
16.362	19.7279044
16.364	19.7286682
16.366	19.7294312
16.368	19.7301934
16.37	19.7309544
16.372	19.7317138
16.374	19.7324716
16.376	19.7332272
16.378	19.733980000000003
16.38	19.7347304
16.382	19.735477799999998
16.384	19.7362216
16.386	19.736962
16.388	19.7376982
16.39	19.7384302
16.392	19.7391578
16.394	19.7398804
16.396	19.7405978
16.398	19.7413098
16.4	19.742016
16.402	19.7427162
16.404	19.74341
16.406	19.7440968
16.408	19.744777
16.41	19.7454498
16.412	19.746115
16.414	19.7467724
16.416	19.7474214
16.418	19.748062
16.42	19.748693799999998
16.422	19.7493166
16.424	19.7499298
16.426	19.750533400000002
16.428	19.751127
16.43	19.751710199999998
16.432	19.7522828
16.434	19.7528444
16.436	19.753395
16.438	19.753934
16.44	19.7544608
16.442	19.7549758
16.444	19.7554784
16.446	19.755968199999998
16.448	19.7564448
16.45	19.756908199999998
16.452	19.757358
16.454	19.7577938
16.456	19.758215
16.458	19.758622
16.46	19.7590142
16.462	19.759391
16.464	19.7597524
16.466	19.760098
16.468	19.7604276
16.47	19.7607406
16.472	19.7610372
16.474	19.7613166
16.476	19.761578800000002
16.478	19.7618236
16.48	19.7620502
16.482	19.7622586
16.484	19.7624646
16.486	19.7626838
16.488	19.7629148
16.49	19.7631568
16.492	19.763408599999998
16.494	19.7636696
16.496	19.7639388
16.498	19.764215
16.5	19.7644974
16.502	19.7647852
16.504	19.765076999999998
16.506	19.7653718
16.508	19.7656692
16.51	19.765968
16.512	19.7662672
16.514	19.7665654
16.516	19.7668624
16.518	19.7671566
16.52	19.7674476
16.522	19.767733800000002
16.524	19.7680148
16.526	19.7682894
16.528	19.7685564
16.53	19.7688154
16.532	19.769064800000002
16.534	19.7693038
16.536	19.769531999999998
16.538	19.7697478
16.54	19.7699502
16.542	19.770138799999998
16.544	19.7703122
16.546	19.7704692
16.548	19.7706098
16.55	19.7707318
16.552	19.770834999999998
16.554	19.7709184
16.556	19.7709806
16.558	19.7710212
16.56	19.771039000000002
16.562	19.7710328
16.564	19.771002
16.566	19.770945400000002
16.568	19.770862
16.57	19.770751
16.572	19.7706114
16.574	19.770442
16.576	19.7702422
16.578	19.7700108
16.58	19.7697472
16.582	19.7694498
16.584	19.769118
16.586	19.7687508
16.588	19.7683472
16.59	19.7679062
16.592	19.767427
16.594	19.7669084
16.596	19.7663498
16.598	19.765749800000002
16.6	19.7651078
16.602	19.7644226
16.604	19.7636932
16.606	19.7629188
16.608	19.7620984
16.61	19.7612308
16.612	19.7603156
16.614	19.7593512
16.616	19.758336800000002
16.618	19.7572778
16.62	19.7561802
16.622	19.755044599999998
16.624	19.753871
16.626	19.7526604
16.628	19.751413200000002
16.63	19.7501296
16.632	19.7488104
16.634	19.747455600000002
16.636	19.7460664
16.638	19.7446428
16.64	19.7431852
16.642	19.741694199999998
16.644	19.7401704
16.646	19.7386142
16.648	19.7370258
16.65	19.735406
16.652	19.7337552
16.654	19.7320742
16.656	19.7303628
16.658	19.7286218
16.66	19.7268516
16.662	19.725053
16.664	19.7232262
16.666	19.721371400000002
16.668	19.719489799999998
16.67	19.7175814
16.672	19.7156466
16.674	19.713686
16.676	19.7117
16.678	19.709689400000002
16.68	19.7076544
16.682	19.7055954
16.684	19.703513
16.686	19.7014076
16.688	19.6992798
16.69	19.69713
16.692	19.6949586
16.694	19.6927662
16.696	19.6905532
16.698	19.6883202
16.7	19.6860676
16.702	19.6837958
16.704	19.6815052
16.706	19.6791966
16.708	19.6768702
16.71	19.6745266
16.712	19.6721662
16.714	19.6697894
16.716	19.6673968
16.718	19.664989
16.72	19.6625662
16.722	19.6601292
16.724	19.657678
16.726	19.6552134
16.728	19.652736
16.73	19.650246
16.732	19.6477438
16.734	19.6452302
16.736	19.6427056
16.738	19.6401702
16.74	19.6376248
16.742	19.6350696
16.744	19.632505600000002
16.746	19.6299324
16.748	19.627351400000002
16.75	19.6247316
16.752	19.622044000000002
16.754	19.6192904
16.756	19.616473
16.758	19.6135934
16.76	19.6106538
16.762	19.607656
16.764	19.604602
16.766	19.601493599999998
16.768	19.5983332
16.77	19.5951222
16.772	19.5918628
16.774	19.5885568
16.776	19.5852064
16.778	19.5818132
16.78	19.5783792
16.782	19.5749066
16.784	19.571397400000002
16.786	19.567853
16.788	19.5642758
16.79	19.5606678
16.792	19.5570306
16.794	19.5533662
16.796	19.549677
16.798	19.545963999999998
16.8	19.5422302
16.802	19.538477
16.804	19.5347064
16.806	19.5309202
16.808	19.5271206
16.81	19.523309400000002
16.812	19.519488600000003
16.814	19.5156602
16.816	19.5118258
16.818	19.507987800000002
16.82	19.5041478
16.822	19.5003078
16.824	19.496470000000002
16.826	19.4926362
16.828	19.4888082
16.83	19.484988
16.832	19.481177600000002
16.834	19.477379
16.836	19.473594
16.838	19.4698246
16.84	19.4660728
16.842	19.462340400000002
16.844	19.4586294
16.846	19.454942
16.848	19.451279800000002
16.85	19.4476448
16.852	19.444039
16.854	19.4404644
16.856	19.4369226
16.858	19.433416
16.86	19.4299466
16.862	19.426515600000002
16.864	19.4231258
16.866	19.4197786
16.868	19.4164764
16.87	19.4132204
16.872	19.4100132
16.874	19.4068568
16.876	19.4037526
16.878	19.400703
16.88	19.3977096
16.882	19.394706
16.884	19.3916262
16.886	19.3884724
16.888	19.385247
16.89	19.381952599999998
16.892	19.3785914
16.894	19.3751658
16.896	19.3716786
16.898	19.368132
16.9	19.3645286
16.902	19.3608706
16.904	19.357160399999998
16.906	19.3534006
16.908	19.3495934
16.91	19.3457416
16.912	19.3418472
16.914	19.337912799999998
16.916	19.3339414
16.918	19.3299344
16.92	19.325894599999998
16.922	19.3218254
16.924	19.3177278
16.926	19.313604599999998
16.928	19.309459
16.93	19.3052924
16.932	19.3011082
16.934	19.2969078
16.936	19.292694400000002
16.938	19.2884706
16.94	19.2842378
16.942	19.2799996
16.944	19.2757576
16.946	19.2715142
16.948	19.2672728
16.95	19.2630346
16.952	19.2588032
16.954	19.254579800000002
16.956	19.250368
16.958	19.2461694
16.96	19.2419866
16.962	19.2378224
16.964	19.2336792
16.966	19.2295588
16.968	19.2254642
16.97	19.2213978
16.972	19.2173612
16.974	19.213358200000002
16.976	19.2093904
16.978	19.2054604
16.98	19.2015708
16.982	19.1977232
16.984	19.1939214
16.986	19.1901668
16.988	19.1864622
16.99	19.1828096
16.992	19.1792124
16.994	19.175672
16.996	19.1721914
16.998	19.168773
17.0	19.165419
17.002	19.162131600000002
17.004	19.158914
17.006	19.1557678
17.008	19.152696
17.01	19.149701
17.012	19.1467852
17.014	19.1438654
17.016	19.1408608
17.018	19.1377744
17.02	19.1346086
17.022	19.131367
17.024	19.1280526
17.026	19.124669
17.028	19.121219
17.03	19.1177062
17.032	19.1141328
17.034	19.110503
17.036	19.1068194
17.038	19.1030854
17.04	19.099304
17.042	19.0954784
17.044	19.0916122
17.046	19.0877078
17.048	19.0837686
17.05	19.079798
17.052	19.0757994
17.054	19.0717752
17.056	19.0677294
17.058	19.063664199999998
17.06	19.0595836
17.062	19.0554904
17.064	19.051388199999998
17.066	19.0472792
17.068	19.0431674
17.07	19.0390562
17.072	19.0349478
17.074	19.030846
17.076	19.0267538
17.078	19.022674000000002
17.08	19.0186108
17.082	19.0145662
17.084	19.0105442
17.086	19.0065472
17.088	19.0025796
17.09	18.9986432
17.092	18.9947418
17.094	18.9908784
17.096	18.9870566
17.098	18.983279
17.1	18.9795488
17.102	18.9758696
17.104	18.9722442
17.106	18.968676000000002
17.108	18.9651678
17.11	18.9617236
17.112	18.9583452
17.114	18.955037
17.116	18.9518016
17.118	18.948642200000002
17.12	18.9455622
17.122	18.942564400000002
17.124	18.9396522
17.126	18.9368284
17.128	18.9340972
17.13	18.9314602
17.132	18.928922
17.134	18.926485
17.136	18.9241526
17.138	18.9219278
17.14	18.919814
17.142	18.917814200000002
17.144	18.915931
17.146	18.9141692
17.148	18.9125154
17.15	18.9109552
17.152	18.909487
17.154	18.9081086
17.156	18.9068178
17.158	18.9056124
17.16	18.9044908
17.162	18.9034508
17.164	18.9024904
17.166	18.9016084
17.168	18.9008016
17.17	18.9000682
17.172	18.8994068
17.174	18.898815
17.176	18.898291
17.178	18.8978328
17.18	18.8974378
17.182	18.897105
17.184	18.8968318
17.186	18.8966164
17.188	18.8964566
17.19	18.8963502
17.192	18.8962958
17.194	18.8962912
17.196	18.896334
17.198	18.8964228
17.2	18.8965552
17.202	18.896729399999998
17.204	18.8969434
17.206	18.8971952
17.208	18.8974822
17.21	18.8978036
17.212	18.898156
17.214	18.898539
17.216	18.898949
17.218	18.8993848
17.22	18.8998444
17.222	18.900326
17.224	18.900827200000002
17.226	18.901346
17.228	18.901881
17.23	18.9024294
17.232	18.9029898
17.234	18.9035596
17.236	18.904137
17.238	18.9047206
17.24	18.9053076
17.242	18.9058966
17.244	18.9064854
17.246	18.9070714
17.248	18.9076536
17.25	18.9082296
17.252	18.9087976
17.254	18.909354999999998
17.256	18.9099
17.258	18.910431199999998
17.26	18.910946199999998
17.262	18.9114426
17.264	18.911919
17.266	18.912373
17.268	18.912803
17.27	18.913207
17.272	18.9135822
17.274	18.9139274
17.276	18.914240200000002
17.278	18.9145192
17.28	18.9148162
17.282	18.9151848
17.284	18.9156226
17.286	18.9161276
17.288	18.9166984
17.29	18.9173324
17.292	18.918028200000002
17.294	18.9187836
17.296	18.919597
17.298	18.9204668
17.3	18.92139
17.302	18.9223656
17.304	18.9233912
17.306	18.9244656
17.308	18.925586
17.31	18.9267514
17.312	18.9279592
17.314	18.929207599999998
17.316	18.9304952
17.318	18.9318192
17.32	18.9331788
17.322	18.9345712
17.324	18.935995
17.326	18.9374478
17.328	18.9389284
17.33	18.9404344
17.332	18.941964
17.334	18.9435152
17.336	18.9450864
17.338	18.9466756
17.34	18.9482802
17.342	18.949899600000002
17.344	18.9515308
17.346	18.953172600000002
17.348	18.9548224
17.35	18.956479
17.352	18.9581402
17.354	18.959804
17.356	18.9614686
17.358	18.9631318
17.36	18.964792
17.362	18.966447600000002
17.364	18.9680966
17.366	18.969736400000002
17.368	18.9713658
17.37	18.9729828
17.372	18.974585
17.374	18.9761708
17.376	18.9777388
17.378	18.979286600000002
17.38	18.980812
17.382	18.9823134
17.384	18.9837892
17.386	18.9852374
17.388	18.9866556
17.39	18.9880426
17.392	18.989396
17.394	18.990714
17.396	18.9919948
17.398	18.9932364
17.4	18.9944366
17.402	18.9955944
17.404	18.9967068
17.406	18.997773000000002
17.408	18.998790200000002
17.41	18.9997566
17.412	19.0006708
17.414	19.001604399999998
17.416	19.0026296
17.418	19.0037426
17.42	19.0049414
17.422	19.0062216
17.424	19.007582
17.426	19.0090182
17.428	19.010528
17.43	19.0121076
17.432	19.0137552
17.434	19.015467
17.436	19.0172404
17.438	19.019072
17.44	19.0209592
17.442	19.022899
17.444	19.024888400000002
17.446	19.0269244
17.448	19.029004
17.45	19.0311244
17.452	19.0332826
17.454	19.0354752
17.456	19.0376996
17.458	19.0399526
17.46	19.0422314
17.462	19.0445336
17.464	19.0468552
17.466	19.0491938
17.468	19.051546000000002
17.47	19.0539096
17.472	19.056281
17.474	19.058657
17.476	19.0610354
17.478	19.063413
17.48	19.065786199999998
17.482	19.0681532
17.484	19.0705098
17.486	19.0728538
17.488	19.0751818
17.49	19.0774912
17.492	19.0797786
17.494	19.0820416
17.496	19.0842766
17.498	19.086481
17.5	19.088652
17.502	19.0907864
17.504	19.092881
17.506	19.094932800000002
17.508	19.0969394
17.51	19.0988978
17.512	19.1008042
17.514	19.1026566
17.516	19.104451
17.518	19.1061858
17.52	19.107856599999998
17.522	19.1094612
17.524	19.1109966
17.526	19.11246
17.528	19.1138476
17.53	19.1151574
17.532	19.1163858
17.534	19.1175302
17.536	19.1185874
17.538	19.1195548
17.54	19.1204288
17.542	19.1212066
17.544	19.1218856
17.546	19.122514
17.548	19.1231426
17.55	19.1237706
17.552	19.1243976
17.554	19.1250232
17.556	19.1256474
17.558	19.1262696
17.56	19.12689
17.562	19.1275076
17.564	19.1281222
17.566	19.1287334
17.568	19.1293414
17.57	19.1299452
17.572	19.1305446
17.574	19.1311392
17.576	19.131729
17.578	19.1323136
17.58	19.1328924
17.582	19.1334652
17.584	19.1340316
17.586	19.134591
17.588	19.1351436
17.59	19.1356886
17.592	19.136226
17.594	19.1367554
17.596	19.1372764
17.598	19.1377882
17.6	19.1382912
17.602	19.1387848
17.604	19.1392682
17.606	19.1397418
17.608	19.1402042
17.61	19.1406564
17.612	19.141097000000002
17.614	19.1415266
17.616	19.1419438
17.618	19.1423486
17.62	19.142741
17.622	19.1431206
17.624	19.143486799999998
17.626	19.143839200000002
17.628	19.1441782
17.63	19.1445024
17.632	19.144812
17.634	19.1451066
17.636	19.1453856
17.638	19.1456492
17.64	19.1458968
17.642	19.1461276
17.644	19.1463422
17.646	19.1465396
17.648	19.146719400000002
17.65	19.146881
17.652	19.147025
17.654	19.1471504
17.656	19.1472572
17.658	19.1473444
17.66	19.1474126
17.662	19.1474604
17.664	19.1474884
17.666	19.1474956
17.668	19.1474822
17.67	19.1474474
17.672	19.1473912
17.674	19.147313
17.676	19.1472124
17.678	19.1470888
17.68	19.146912
17.682	19.146652
17.684	19.1463106
17.686	19.145891
17.688	19.1453952
17.69	19.144825400000002
17.692	19.144184
17.694	19.1434734
17.696	19.1426962
17.698	19.1418542
17.7	19.14095
17.702	19.139986399999998
17.704	19.138965
17.706	19.1378882
17.708	19.1367592
17.71	19.135579
17.712	19.1343512
17.714	19.1330774
17.716	19.1317604
17.718	19.1304024
17.72	19.1290052
17.722	19.127572
17.724	19.126104599999998
17.726	19.1246056
17.728	19.1230768
17.73	19.1215214
17.732	19.119941
17.734	19.1183384
17.736	19.1167158
17.738	19.115075400000002
17.74	19.1134198
17.742	19.1117514
17.744	19.110072
17.746	19.1083844
17.748	19.1066912
17.75	19.1049936
17.752	19.1032956
17.754	19.101598199999998
17.756	19.099904000000002
17.758	19.098216
17.76	19.096536
17.762	19.0948662
17.764	19.0932092
17.766	19.0915674
17.768	19.0899432
17.77	19.0883386
17.772	19.086756
17.774	19.0851982
17.776	19.0836672
17.778	19.082165
17.78	19.0806946
17.782	19.079258199999998
17.784	19.0778578
17.786	19.076496
17.788	19.0751752
17.79	19.0738972
17.792	19.072665
17.794	19.0714806
17.796	19.0703466
17.798	19.0692652
17.8	19.0682386
17.802	19.0672696
17.804	19.0663598
17.806	19.065512
17.808	19.064728600000002
17.81	19.0640118
17.812	19.0633186
17.814	19.062603799999998
17.816	19.0618686
17.818	19.0611132
17.82	19.0603388
17.822	19.059545800000002
17.824	19.0587348
17.826	19.057906
17.828	19.057061
17.83	19.0561994
17.832	19.055323
17.834	19.0544312
17.836	19.0535252
17.838	19.052606
17.84	19.0516738
17.842	19.0507292
17.844	19.049773000000002
17.846	19.0488056
17.848	19.047828
17.85	19.0468406
17.852	19.0458444
17.854	19.0448392
17.856	19.043827
17.858	19.042807
17.86	19.0417804
17.862	19.040748
17.864	19.0397104
17.866	19.038668
17.868	19.0376218
17.87	19.0365724
17.872	19.035519999999998
17.874	19.0344656
17.876	19.0334094
17.878	19.032352799999998
17.88	19.0312962
17.882	19.03024
17.884	19.0291842
17.886	19.0281308
17.888	19.027079399999998
17.89	19.0260314
17.892	19.024987
17.894	19.023946600000002
17.896	19.022911399999998
17.898	19.021881399999998
17.9	19.0208576
17.902	19.019841
17.904	19.018832
17.906	19.0178306
17.908	19.0168384
17.91	19.0158552
17.912	19.014882
17.914	19.0139196
17.916	19.0129684
17.918	19.0120294
17.92	19.0111026
17.922	19.0101894
17.924	19.0092896
17.926	19.0084046
17.928	19.007534800000002
17.93	19.0066804
17.932	19.0058426
17.934	19.0050218
17.936	19.0042184
17.938	19.0034336
17.94	19.0026678
17.942	19.0019216
17.944	19.001195199999998
17.946	19.000512399999998
17.948	18.9998936
17.95	18.999337
17.952	18.9988406
17.954	18.9984024
17.956	18.9980196
17.958	18.997691
17.96	18.997414
17.962	18.997186
17.964	18.9970058
17.966	18.9968708
17.968	18.9967792
17.97	18.9967288
17.972	18.9967168
17.974	18.996742
17.976	18.9968018
17.978	18.9968942
17.98	18.997017200000002
17.982	18.9971688
17.984	18.9973468
17.986	18.9975484
17.988	18.9977726
17.99	18.9980166
17.992	18.9982784
17.994	18.998556
17.996	18.9988474
17.998	18.9991496
18.0	18.999462
18.002	18.9997814
18.004	19.0001062
18.006	19.0004338
18.008	19.0007624
18.01	19.0010898
18.012	19.0014142
18.014	19.0017326
18.016	19.002043999999998
18.018	19.0023458
18.02	19.0026358
18.022	19.0029118
18.024	19.0031722
18.026	19.0034144
18.028	19.0036366
18.03	19.0038364
18.032	19.004012
18.034	19.0041608
18.036	19.0042808
18.038	19.0043706
18.04	19.004427200000002
18.042	19.0044492
18.044	19.004434
18.046	19.0043796
18.048	19.0042842
18.05	19.004145
18.052	19.0039604
18.054	19.0037282
18.056	19.0034464
18.058	19.0031126
18.06	19.002724999999998
18.062	19.0022816
18.064	19.0017794
18.066	19.0012176
18.068	19.000593000000002
18.07	18.999904
18.072	18.9991482
18.074	18.9983238
18.076	18.9974288
18.078	18.9964874
18.08	18.995527199999998
18.082	18.9945482
18.084	18.9935506
18.086	18.992535
18.088	18.9915022
18.09	18.9904522
18.092	18.9893854
18.094	18.9883026
18.096	18.987204
18.098	18.98609
18.1	18.9849608
18.102	18.983818
18.104	18.9826606
18.106	18.98149
18.108	18.980306
18.11	18.9791096
18.112	18.9779008
18.114	18.9766802
18.116	18.9754484
18.118	18.9742054
18.12	18.9729522
18.122	18.9716886
18.124	18.970416
18.126	18.9691338
18.128	18.967843000000002
18.13	18.966544
18.132	18.965237000000002
18.134	18.9639224
18.136	18.9626016
18.138	18.9612736
18.14	18.9599398
18.142	18.958599800000002
18.144	18.9572552
18.146	18.9559058
18.148	18.954552
18.15	18.9531944
18.152	18.951833
18.154	18.9504688
18.156	18.9491022
18.158	18.947733200000002
18.16	18.9463628
18.162	18.944991
18.164	18.9436186
18.166	18.9422454
18.168	18.9408726
18.17	18.9395002
18.172	18.9381288
18.174	18.9367588
18.176	18.9353904
18.178	18.9340246
18.18	18.9326614
18.182	18.931301
18.184	18.9299448
18.186	18.928592000000002
18.188	18.927244
18.19	18.9259008
18.192	18.9245632
18.194	18.923231
18.196	18.9219054
18.198	18.920586
18.2	18.9192742
18.202	18.9179696
18.204	18.916673
18.206	18.915385
18.208	18.9141058
18.21	18.912836
18.212	18.9115084
18.214	18.9100588
18.216	18.908490999999998
18.218	18.9068096
18.22	18.9050176
18.222	18.9031198
18.224	18.90112
18.226	18.899022000000002
18.228	18.8968294
18.23	18.8945468
18.232	18.8921784
18.234	18.889727399999998
18.236	18.8871982
18.238	18.884594800000002
18.24	18.8819212
18.242	18.8791808
18.244	18.8763784
18.246	18.873517800000002
18.248	18.8706024
18.25	18.867637000000002
18.252	18.8646248
18.254	18.8615706
18.256	18.858477399999998
18.258	18.8553504
18.26	18.8521922
18.262	18.849007999999998
18.264	18.8458008
18.266	18.8425754
18.268	18.8393348
18.27	18.836084200000002
18.272	18.832827
18.274	18.829566800000002
18.276	18.8263076
18.278	18.8230542
18.28	18.8198102
18.282	18.8165792
18.284	18.813365400000002
18.286	18.8101728
18.288	18.8070058
18.29	18.8038672
18.292	18.8007626
18.294	18.7976946
18.296	18.7946676
18.298	18.791686
18.3	18.7887534
18.302	18.7858738
18.304	18.783050799999998
18.306	18.7802894
18.308	18.7775926
18.31	18.7749652
18.312	18.7724102
18.314	18.7699326
18.316	18.767535600000002
18.318	18.7652234
18.32	18.7630004
18.322	18.760869800000002
18.324	18.7588362
18.326	18.7569034
18.328	18.7550754
18.33	18.7533558
18.332	18.7517494
18.334	18.750259800000002
18.336	18.748890199999998
18.338	18.7476458
18.34	18.74653
18.342	18.7455466
18.344	18.744625
18.346	18.743692799999998
18.348	18.742751
18.35	18.7418002
18.352	18.7408418
18.354	18.739876600000002
18.356	18.738905799999998
18.358	18.7379302
18.36	18.736950800000002
18.362	18.735969
18.364	18.7349856
18.366	18.7340014
18.368	18.7330178
18.37	18.7320354
18.372	18.731055599999998
18.374	18.730079
18.376	18.7291072
18.378	18.7281406
18.38	18.7271804
18.382	18.726228
18.384	18.725284000000002
18.386	18.7243494
18.388	18.7234258
18.39	18.722513
18.392	18.7216132
18.394	18.7207272
18.396	18.719855600000002
18.398	18.7189998
18.4	18.718160400000002
18.402	18.7173388
18.404	18.7165358
18.406	18.7157524
18.408	18.71499
18.41	18.7142494
18.412	18.7135314
18.414	18.712837
18.416	18.7121672
18.418	18.7115234
18.42	18.7109068
18.422	18.7103174
18.424	18.7097572
18.426	18.709227
18.428	18.7087272
18.43	18.7082594
18.432	18.707824600000002
18.434	18.7074236
18.436	18.7070578
18.438	18.7067278
18.44	18.7064346
18.442	18.7061794
18.444	18.7059634
18.446	18.7057876
18.448	18.7056526
18.45	18.7055592
18.452	18.7055096
18.454	18.705503399999998
18.456	18.7055428
18.458	18.705627800000002
18.46	18.7057604
18.462	18.705941
18.464	18.706170399999998
18.466	18.7064504
18.468	18.7067818
18.47	18.7071646
18.472	18.7076014
18.474	18.708092
18.476	18.708638
18.478	18.709294200000002
18.48	18.710112000000002
18.482	18.7110862
18.484	18.7122124
18.486	18.713486
18.488	18.7149012
18.49	18.7164544
18.492	18.71814
18.494	18.719953
18.496	18.721889400000002
18.498	18.7239436
18.5	18.7261108
18.502	18.7283868
18.504	18.7307666
18.506	18.7332448
18.508	18.7358172
18.51	18.738478999999998
18.512	18.741224600000002
18.514	18.7440504
18.516	18.7469504
18.518	18.7499202
18.52	18.752955200000002
18.522	18.7560504
18.524	18.759201400000002
18.526	18.7624024
18.528	18.7656496
18.53	18.7689374
18.532	18.772261399999998
18.534	18.775617
18.536	18.7789986
18.538	18.782401800000002
18.54	18.7858222
18.542	18.7892546
18.544	18.792694
18.546	18.796135800000002
18.548	18.7995752
18.55	18.8030074
18.552	18.8064274
18.554	18.809829999999998
18.556	18.813211199999998
18.558	18.8165664
18.56	18.8198894
18.562	18.8231762
18.564	18.8264226
18.566	18.8296226
18.568	18.8327722
18.57	18.8358658
18.572	18.838899400000003
18.574	18.8418678
18.576	18.844766
18.578	18.8475898
18.58	18.850334
18.582	18.8529934
18.584	18.8555634
18.586	18.8580398
18.588	18.8604172
18.59	18.8626902
18.592	18.8648556
18.594	18.866907
18.596	18.8688406
18.598	18.8706506
18.6	18.872332800000002
18.602	18.8738826
18.604	18.875295
18.606	18.8765654
18.608	18.8776878
18.61	18.8787846
18.612	18.8799776
18.614	18.8812636
18.616	18.882638800000002
18.618	18.8840998
18.62	18.8856434
18.622	18.8872664
18.624	18.888965
18.626	18.8907354
18.628	18.8925756
18.63	18.8944806
18.632	18.896448
18.634	18.898474
18.636	18.900555
18.638	18.9026878
18.64	18.9048694
18.642	18.9070958
18.644	18.909364
18.646	18.91167
18.648	18.9140114
18.65	18.9163836
18.652	18.918784000000002
18.654	18.9212092
18.656	18.9236548
18.658	18.9261186
18.66	18.9285968
18.662	18.931086
18.664	18.9335822
18.666	18.9360826
18.668	18.9385842
18.67	18.9410824
18.672	18.9435748
18.674	18.9460576
18.676	18.9485272
18.678	18.9509806
18.68	18.9534142
18.682	18.9558246
18.684	18.9582084
18.686	18.960562
18.688	18.962881799999998
18.69	18.9651654
18.692	18.9674086
18.694	18.9696082
18.696	18.9717602
18.698	18.973862
18.7	18.97591
18.702	18.9779004
18.704	18.979830200000002
18.706	18.981696
18.708	18.9834942
18.71	18.985221199999998
18.712	18.986874
18.714	18.988449
18.716	18.9899424
18.718	18.9913514
18.72	18.9926728
18.722	18.993902
18.724	18.995037
18.726	18.9960736
18.728	18.9970082
18.73	18.9978378
18.732	18.9985594
18.734	18.9991688
18.736	18.9996628
18.738	19.000038
18.74	19.000290800000002
18.742	19.0004186
18.744	19.000429
18.746	19.000335
18.748	19.0001396
18.75	18.999845399999998
18.752	18.9994552
18.754	18.9989718
18.756	18.9983976
18.758	18.9977358
18.76	18.996989
18.762	18.9961604
18.764	18.9952524
18.766	18.9942674
18.768	18.993208799999998
18.77	18.9920792
18.772	18.9908812
18.774	18.9896176
18.776	18.9882916
18.778	18.9869054
18.78	18.985462
18.782	18.9839642
18.784	18.9824146
18.786	18.9808162
18.788	18.979172
18.79	18.977484
18.792	18.975756
18.794	18.9739898
18.796	18.9721888
18.798	18.9703554
18.8	18.9684928
18.802	18.9666036
18.804	18.96469
18.806	18.962756
18.808	18.9608028
18.81	18.9588344
18.812	18.9568538
18.814	18.9548624
18.816	18.952863999999998
18.818	18.9508608
18.82	18.9488562
18.822	18.946853
18.824	18.9448532
18.826	18.94286
18.828	18.9408764
18.83	18.9389046
18.832	18.9369482
18.834	18.9350094
18.836	18.933091
18.838	18.9311956
18.84	18.9293268
18.842	18.9274862
18.844	18.9256776
18.846	18.9239034
18.848	18.9221662
18.85	18.9204686
18.852	18.918814
18.854	18.917205199999998
18.856	18.915644
18.858	18.914134400000002
18.86	18.912678
18.862	18.9112786
18.864	18.9099382
18.866	18.9086598
18.868	18.9074468
18.87	18.9063008
18.872	18.9052256
18.874	18.9042238
18.876	18.9032228
18.878	18.90215
18.88	18.9010074
18.882	18.8997978
18.884	18.898522200000002
18.886	18.8971828
18.888	18.8957818
18.89	18.8943212
18.892	18.892803
18.894	18.891229
18.896	18.8896016
18.898	18.8879226
18.9	18.8861936
18.902	18.884417
18.904	18.882595000000002
18.906	18.880729000000002
18.908	18.878821600000002
18.91	18.8768742
18.912	18.8748896
18.914	18.8728688
18.916	18.8708146
18.918	18.868729000000002
18.92	18.8666132
18.922	18.864470400000002
18.924	18.8623012
18.926	18.8601086
18.928	18.8578948
18.93	18.8556608
18.932	18.8534092
18.934	18.851142199999998
18.936	18.848861
18.938	18.846569000000002
18.94	18.8442662
18.942	18.8419564
18.944	18.839641
18.946	18.8373216
18.948	18.8350008
18.95	18.83268
18.952	18.8303616
18.954	18.828048
18.956	18.8257402
18.958	18.8234408
18.96	18.821151999999998
18.962	18.8188752
18.964	18.816613
18.966	18.8143666
18.968	18.8121388
18.97	18.8099316
18.972	18.8077462
18.974	18.8055858
18.976	18.803451
18.978	18.801344800000003
18.98	18.799269000000002
18.982	18.797225400000002
18.984	18.795216
18.986	18.7932432
18.988	18.7913082
18.99	18.7894142
18.992	18.7875622
18.994	18.785754
18.996	18.783992599999998
18.998	18.782279799999998
19.0	18.780616600000002
19.002	18.7790064
19.004	18.77745
19.006	18.7759498
19.008	18.774508400000002
19.01	18.7731164
19.012	18.771763200000002
19.014	18.7704472
19.016	18.7691668
19.018	18.7679218
19.02	18.7667092
19.022	18.765529
19.024	18.7643794
19.026	18.7632588
19.028	18.7621658
19.03	18.7610992
19.032	18.7600578
19.034	18.7590402
19.036	18.758044599999998
19.038	18.75707
19.04	18.7561152
19.042	18.7551782
19.044	18.754258399999998
19.046	18.7533544
19.048	18.7524642
19.05	18.7515862
19.052	18.7507204
19.054	18.749864000000002
19.056	18.7490166
19.058	18.7481764
19.06	18.7473424
19.062	18.746512799999998
19.064	18.745686
19.066	18.744861399999998
19.068	18.7440374
19.07	18.743212
19.072	18.7423848
19.074	18.7415536
19.076	18.7407178
19.078	18.7398752
19.08	18.739024999999998
19.082	18.7381658
19.084	18.737296
19.086	18.7364148
19.088	18.7355198
19.09	18.7346104
19.092	18.7336854
19.094	18.7327426
19.096	18.7317818
19.098	18.7308004
19.1	18.729797599999998
19.102	18.7287724
19.104	18.727723
19.106	18.726647800000002
19.108	18.7255462
19.11	18.7244162
19.112	18.7232564
19.114	18.7220658
19.116	18.7208426
19.118	18.719586200000002
19.12	18.718294399999998
19.122	18.7169664
19.124	18.7156004
19.126	18.7141956
19.128	18.7127498
19.13	18.711262599999998
19.132	18.709732000000002
19.134	18.7081564
19.136	18.7065352
19.138	18.704866799999998
19.14	18.7031496
19.142	18.7013706
19.144	18.699521
19.146	18.6976022
19.148	18.6956176
19.15	18.6935686
19.152	18.691459000000002
19.154	18.6892904
19.156	18.687066
19.158	18.6847876
19.16	18.6824582
19.162	18.6800802
19.164	18.677656
19.166	18.6751888
19.168	18.672680200000002
19.17	18.6701334
19.172	18.6675504
19.174	18.664934000000002
19.176	18.6622866
19.178	18.659610999999998
19.18	18.6569094
19.182	18.6541846
19.184	18.651439
19.186	18.648674800000002
19.188	18.6458954
19.19	18.643102
19.192	18.6402986
19.194	18.637486799999998
19.196	18.6346692
19.198	18.631848599999998
19.2	18.6290272
19.202	18.6262076
19.204	18.623393
19.206	18.6205848
19.208	18.6177862
19.21	18.6149996
19.212	18.6122278
19.214	18.6094726
19.216	18.6067374
19.218	18.604024199999998
19.22	18.6013354
19.222	18.598673599999998
19.224	18.596042
19.226	18.5934422
19.228	18.5908774
19.23	18.5883496
19.232	18.5858616
19.234	18.5834158
19.236	18.5810154
19.238	18.5786618
19.24	18.5763582
19.242	18.5741066
19.244	18.571910199999998
19.246	18.5697716
19.248	18.5676926
19.25	18.565676
19.252	18.563724399999998
19.254	18.5618404
19.256	18.560026399999998
19.258	18.558284999999998
19.26	18.556618999999998
19.262	18.555030600000002
19.264	18.553522
19.266	18.5520962
19.268	18.5507554
19.27	18.5495026
19.272	18.5483402
19.274	18.5472702
19.276	18.546225
19.278	18.5451358
19.28	18.5440042
19.282	18.5428326
19.284	18.541623
19.286	18.540377
19.288	18.5390958
19.29	18.5377826
19.292	18.5364384
19.294	18.535065
19.296	18.5336646
19.298	18.5322392
19.3	18.5307906
19.302	18.5293206
19.304	18.5278314
19.306	18.526324199999998
19.308	18.5248016
19.31	18.5232648
19.312	18.521715999999998
19.314	18.5201576
19.316	18.5185908
19.318	18.517017199999998
19.32	18.5154398
19.322	18.5138596
19.324	18.5122788
19.326	18.510699199999998
19.328	18.509122599999998
19.33	18.507551
19.332	18.5059866
19.334	18.5044306
19.336	18.5028852
19.338	18.5013526
19.34	18.4998344
19.342	18.498332400000002
19.344	18.4968484
19.346	18.4953846
19.348	18.4939426
19.35	18.4925244
19.352	18.4911322
19.354	18.489767399999998
19.356	18.4884318
19.358	18.4871276
19.36	18.4858568
19.362	18.4846214
19.364	18.4834226
19.366	18.482263
19.368	18.481143799999998
19.37	18.480067599999998
19.372	18.4790358
19.374	18.47805
19.376	18.477113
19.378	18.4762258
19.38	18.4753908
19.382	18.4746102
19.384	18.473885
19.386	18.4732174
19.388	18.4726094
19.39	18.472063
19.392	18.4715798
19.394	18.471162200000002
19.396	18.4708112
19.398	18.4705298
19.4	18.4703192
19.402	18.4701808
19.404	18.4701174
19.406	18.4701308
19.408	18.4702332
19.41	18.4704354
19.412	18.470734
19.414	18.471125999999998
19.416	18.4716084
19.418	18.4721784
19.42	18.4728334
19.422	18.473570600000002
19.424	18.4743866
19.426	18.475278199999998
19.428	18.4762434
19.43	18.477278599999998
19.432	18.4783814
19.434	18.4795484
19.436	18.4807772
19.438	18.482064
19.44	18.4834074
19.442	18.484803
19.444	18.4862484
19.446	18.4877408
19.448	18.4892776
19.45	18.4908556
19.452	18.492471600000002
19.454	18.4941228
19.456	18.4958066
19.458	18.4975198
19.46	18.4992598
19.462	18.5010232
19.464	18.502807400000002
19.466	18.50461
19.468	18.5064272
19.47	18.508256199999998
19.472	18.5100944
19.474	18.5119394
19.476	18.5137872
19.478	18.5156358
19.48	18.5174816
19.482	18.519322199999998
19.484	18.521154199999998
19.486	18.5229752
19.488	18.524782000000002
19.49	18.526572
19.492	18.528342000000002
19.494	18.5300892
19.496	18.5318106
19.498	18.533503
19.5	18.5351642
19.502	18.5367906
19.504	18.53838
19.506	18.5399288
19.508	18.5414342
19.51	18.5428938
19.512	18.5443042
19.514	18.545662800000002
19.516	18.5469668
19.518	18.5482128
19.52	18.5493978
19.522	18.5505198
19.524	18.551575
19.526	18.5525606
19.528	18.5534742
19.53	18.5543126
19.532	18.5550726
19.534	18.5557516
19.536	18.5563472
19.538	18.5568556
19.54	18.5572738
19.542	18.5576734
19.544	18.5581258
19.546	18.5586294
19.548	18.5591824
19.55	18.5597848
19.552	18.5604338
19.554	18.561129
19.556	18.5618686
19.558	18.562651000000002
19.56	18.563475
19.562	18.5643394
19.564	18.565242599999998
19.566	18.5661838
19.568	18.567161
19.57	18.5681728
19.572	18.569218
19.574	18.5702956
19.576	18.5714034
19.578	18.572541
19.58	18.573706
19.582	18.574898
19.584	18.576115
19.586	18.5773558
19.588	18.5786188
19.59	18.5799034
19.592	18.5812072
19.594	18.5825294
19.596	18.5838684
19.598	18.585223
19.6	18.586592
19.602	18.5879734
19.604	18.5893668
19.606	18.5907696
19.608	18.5921816
19.61	18.593600600000002
19.612	18.5950254
19.614	18.596455
19.616	18.5978874
19.618	18.5993216
19.62	18.6007564
19.622	18.602190800000002
19.624	18.6036222
19.626	18.60505
19.628	18.6064728
19.63	18.607889
19.632	18.6092972
19.634	18.6106966
19.636	18.6120852
19.638	18.6134618
19.64	18.614825
19.642	18.6161736
19.644	18.6175058
19.646	18.618821
19.648	18.620117
19.65	18.621393
19.652	18.6226472
19.654	18.6238788
19.656	18.6250856
19.658	18.6262668
19.66	18.6274212
19.662	18.6285466
19.664	18.6296424
19.666	18.6307072
19.668	18.631739
19.67	18.632737
19.672	18.633699800000002
19.674	18.6346
19.676	18.6354134
19.678	18.6361436
19.68	18.6367926
19.682	18.6373638
19.684	18.6378596
19.686	18.638283
19.688	18.638637799999998
19.69	18.6389258
19.692	18.6391504
19.694	18.6393144
19.696	18.6394208
19.698	18.639472400000002
19.7	18.6394718
19.702	18.6394222
19.704	18.6393268
19.706	18.6391882
19.708	18.6390088
19.71	18.6387918
19.712	18.638541
19.714	18.638257799999998
19.716	18.6379464
19.718	18.637608800000002
19.72	18.6372484
19.722	18.6368678
19.724	18.636469599999998
19.726	18.6360578
19.728	18.6356342
19.73	18.635202200000002
19.732	18.6347646
19.734	18.634324
19.736	18.6338838
19.738	18.6334466
19.74	18.633015399999998
19.742	18.632593
19.744	18.632182399999998
19.746	18.6317862
19.748	18.6314076
19.75	18.631049400000002
19.752	18.6307148
19.754	18.6304062
19.756	18.6301268
19.758	18.6298794
19.76	18.6296666
19.762	18.6294916
19.764	18.6293576
19.766	18.629267
19.768	18.6292228
19.77	18.629227999999998
19.772	18.629285199999998
19.774	18.6293978
19.776	18.6295684
19.778	18.6298002
19.78	18.630095400000002
19.782	18.630457200000002
19.784	18.6308892
19.786	18.631393199999998
19.788	18.6319726
19.79	18.6326306
19.792	18.6333698
19.794	18.6341928
19.796	18.6351026
19.798	18.6361026
19.8	18.6371954
19.802	18.6383838
19.804	18.639670600000002
19.806	18.6410588
19.808	18.6424806
19.81	18.643867800000002
19.812	18.6452216
19.814	18.6465434
19.816	18.6478336
19.818	18.6490954
19.82	18.6503284
19.822	18.6515354
19.824	18.652717
19.826	18.6538748
19.828	18.6550096
19.83	18.656124
19.832	18.657218399999998
19.834	18.658294599999998
19.836	18.6593536
19.838	18.6603968
19.84	18.6614264
19.842	18.662443
19.844	18.663448199999998
19.846	18.6644434
19.848	18.66543
19.85	18.6664088
19.852	18.667382
19.854	18.668351
19.856	18.669316600000002
19.858	18.6702808
19.86	18.6712444
19.862	18.6722086
19.864	18.6731756
19.866	18.674146399999998
19.868	18.6751226
19.87	18.6761048
19.872	18.6770952
19.874	18.6780948
19.876	18.679105200000002
19.878	18.6801274
19.88	18.6811632
19.882	18.6822142
19.884	18.6832808
19.886	18.684365200000002
19.888	18.6854686
19.89	18.686592400000002
19.892	18.6877378
19.894	18.6889066
19.896	18.6900996
19.898	18.691318799999998
19.9	18.6925648
19.902	18.6938398
19.904	18.6951446
19.906	18.696481
19.908	18.697850000000003
19.91	18.6992534
19.912	18.700692
19.914	18.702167799999998
19.916	18.7036818
19.918	18.7052354
19.92	18.7068304
19.922	18.7084674
19.924	18.7101486
19.926	18.7118748
19.928	18.7136476
19.93	18.7154682
19.932	18.7173388
19.934	18.7192596
19.936	18.7212328
19.938	18.7232592
19.94	18.7254064
19.942	18.7277372
19.944	18.7302454
19.946	18.7329266
19.948	18.7357754
19.95	18.7387856
19.952	18.7419528
19.954	18.745271000000002
19.956	18.7487348
19.958	18.7523392
19.96	18.756079
19.962	18.7599482
19.964	18.763942
19.966	18.7680548
19.968	18.772281
19.97	18.776616
19.972	18.7810534
19.974	18.785589
19.976	18.7902162
19.978	18.7949308
19.98	18.7997264
19.982	18.8045986
19.984	18.809541
19.986	18.814549200000002
19.988	18.8196176
19.99	18.8247408
19.992	18.829912999999998
19.994	18.8351292
19.996	18.840383799999998
19.998	18.845672
20.0	18.8509882
20.002	18.8563264
20.004	18.8616822
20.006	18.86705
20.008	18.872424000000002
20.01	18.8777988
20.012	18.8831694
20.014	18.8885306
20.016	18.8938768
20.018	18.8992026
20.02	18.9045028
20.022	18.9097718
20.024	18.9150046
20.026	18.920195
20.028	18.9253386
20.03	18.9304298
20.032	18.9354628
20.034	18.9404328
20.036	18.9453342
20.038	18.9501618
20.04	18.9549096
20.042	18.9595732
20.044	18.9641464
20.046	18.9686244
20.048	18.9730014
20.05	18.9772724
20.052	18.9814318
20.054	18.985475
20.056	18.989395000000002
20.058	18.9931882
20.06	18.996848
20.062	19.0003698
20.064	19.0037478
20.066	19.0069764
20.068	19.010051
20.07	19.012966
20.072	19.015716
20.074	19.0184506
20.076	19.021320199999998
20.078	19.02432
20.08	19.0274446
20.082	19.030689600000002
20.084	19.0340494
20.086	19.0375194
20.088	19.0410936
20.09	19.0447682
20.092	19.0485372
20.094	19.0523962
20.096	19.0563396
20.098	19.0603626
20.1	19.0644606
20.102	19.0686282
20.104	19.07286
20.106	19.0771516
20.108	19.0814976
20.11	19.085893
20.112	19.0903328
20.114	19.0948122
20.116	19.0993256
20.118	19.1038684
20.12	19.108435
20.122	19.1130212
20.124	19.117621800000002
20.126	19.1222308
20.128	19.1268448
20.13	19.1314572
20.132	19.1360634
20.134	19.1406592
20.136	19.1452382
20.138	19.1497968
20.14	19.1543286
20.142	19.1588296
20.144	19.1632942
20.146	19.1677178
20.148	19.1720946
20.15	19.17642
20.152	19.1806896
20.154	19.1848972
20.156	19.1890386
20.158	19.1931084
20.16	19.197102
20.162	19.2010134
20.164	19.2048382
20.166	19.2085718
20.168	19.2122082
20.17	19.215743
20.172	19.2191708
20.174	19.2224872
20.176	19.2256864
20.178	19.228763999999998
20.18	19.2317146
20.182	19.2345326
20.184	19.2372144
20.186	19.2397536
20.188	19.2421458
20.19	19.244386
20.192	19.2464688
20.194	19.248389
20.196	19.2501424
20.198	19.2517236
20.2	19.2531274
20.202	19.2543486
20.204	19.255382400000002
20.206	19.2562512
20.208	19.256983599999998
20.21	19.2575816
20.212	19.2580488
20.214	19.2583888
20.216	19.2586034
20.218	19.2586968
20.22	19.2586716
20.222	19.258531
20.224	19.258277800000002
20.226	19.2579154
20.228	19.2574462
20.23	19.256874
20.232	19.2562012
20.234	19.2554314
20.236	19.254568
20.238	19.2536128
20.24	19.25257
20.242	19.251441800000002
20.244	19.250232
20.246	19.2489432
20.248	19.247579
20.25	19.2461418
20.252	19.2446344
20.254	19.243061
20.256	19.241424000000002
20.258	19.239726400000002
20.26	19.2379712
20.262	19.2361616
20.264	19.234300400000002
20.266	19.232391200000002
20.268	19.2304372
20.27	19.2284402
20.272	19.226404600000002
20.274	19.2243326
20.276	19.2222278
20.278	19.220093
20.28	19.2179312
20.282	19.2157452
20.284	19.213539
20.286	19.211315
20.288	19.2090758
20.29	19.206825600000002
20.292	19.2045664
20.294	19.2023018
20.296	19.2000344
20.298	19.197768
20.3	19.195505
20.302	19.193249
20.304	19.1910026
20.306	19.1887688
20.308	19.186551
20.31	19.1843522
20.312	19.1821754
20.314	19.1800236
20.316	19.1778996
20.318	19.1758074
20.32	19.1737488
20.322	19.1717276
20.324	19.1697468
20.326	19.1678094
20.328	19.1659182
20.33	19.1640762
20.332	19.162287
20.334	19.1605538
20.336	19.1588786
20.338	19.1572656
20.34	19.1555904
20.342	19.1537302
20.344	19.151691200000002
20.346	19.1494788
20.348	19.147099400000002
20.35	19.1445578
20.352	19.1418598
20.354	19.1390118
20.356	19.136019
20.358	19.1328872
20.36	19.1296218
20.362	19.1262292
20.364	19.1227144
20.366	19.1190832
20.368	19.1153416
20.37	19.1114948
20.372	19.107549
20.374	19.1035098
20.376	19.0993828
20.378	19.0951736
20.38	19.0908878
20.382	19.0865314
20.384	19.0821102
20.386	19.0776294
20.388	19.0730952
20.39	19.0685128
20.392	19.063888
20.394	19.0592268
20.396	19.0545348
20.398	19.049817400000002
20.4	19.045081
20.402	19.0403302
20.404	19.035571400000002
20.406	19.0308106
20.408	19.026052800000002
20.41	19.021304
20.412	19.0165694
20.414	19.011856
20.416	19.0071682
20.418	19.0025118
20.42	18.9978936
20.422	18.993318000000002
20.424	18.9887914
20.426	18.984319
20.428	18.979907400000002
20.43	18.9755614
20.432	18.9712866
20.434	18.9670896
20.436	18.9629754
20.438	18.9589498
20.44	18.9550188
20.442	18.951188000000002
20.444	18.9474624
20.446	18.9438484
20.448	18.940351800000002
20.45	18.9369778
20.452	18.9337324
20.454	18.9306214
20.456	18.9276498
20.458	18.924824
20.46	18.922150000000002
20.462	18.9196322
20.464	18.9172776
20.466	18.9150914
20.468	18.9130792
20.47	18.9112466
20.472	18.9094824
20.474	18.9076736
20.476	18.9058212
20.478	18.9039276
20.48	18.901995
20.482	18.9000248
20.484	18.8980192
20.486	18.8959798
20.488	18.8939088
20.49	18.891808400000002
20.492	18.8896798
20.494	18.887525
20.496	18.8853468
20.498	18.8831462
20.5	18.880924999999998
20.502	18.8786858
20.504	18.8764304
20.506	18.8741606
20.508	18.871878000000002
20.51	18.8695848
20.512	18.8672832
20.514	18.8649748
20.516	18.862661199999998
20.518	18.8603448
20.52	18.8580274
20.522	18.8557104
20.524	18.8533968
20.526	18.8510874
20.528	18.8487848
20.53	18.846490799999998
20.532	18.8442072
20.534	18.8419354
20.536	18.8396786
20.538	18.8374374
20.54	18.835214999999998
20.542	18.833012
20.544	18.8308308
20.546	18.828674200000002
20.548	18.8265428
20.55	18.8244388
20.552	18.8223646
20.554	18.820322400000002
20.556	18.818313
20.558	18.8163388
20.56	18.814402
20.562	18.8125046
20.564	18.810647799999998
20.566	18.808834400000002
20.568	18.8070658
20.57	18.805343399999998
20.572	18.8036702
20.574	18.802048
20.576	18.8004778
20.578	18.798962
20.58	18.7975028
20.582	18.796101800000002
20.584	18.794761
20.586	18.7934822
20.588	18.792267600000002
20.59	18.791118400000002
20.592	18.790038
20.594	18.7890266
20.596	18.7880872
20.598	18.7872212
20.6	18.7864306
20.602	18.7857178
20.604	18.785083999999998
20.606	18.784541
20.608	18.784098
20.61	18.7837518
20.612	18.7834996
20.614	18.7833388
20.616	18.783266400000002
20.618	18.783279800000003
20.62	18.783376
20.622	18.783552399999998
20.624	18.7838066
20.626	18.7841352
20.628	18.7845352
20.63	18.7850044
20.632	18.785540400000002
20.634	18.7861394
20.636	18.7867992
20.638	18.787517
20.64	18.7882898
20.642	18.7891148
20.644	18.7899898
20.646	18.7909116
20.648	18.791877200000002
20.65	18.7928842
20.652	18.7939294
20.654	18.795010400000002
20.656	18.7961244
20.658	18.797268799999998
20.66	18.7984404
20.662	18.799636200000002
20.664	18.800854
20.666	18.802091
20.668	18.803344
20.67	18.8046106
20.672	18.8058876
20.674	18.8071726
20.676	18.808463
20.678	18.809755199999998
20.68	18.8110474
20.682	18.8123362
20.684	18.813619
20.686	18.814892999999998
20.688	18.8161558
20.69	18.8174036
20.692	18.818634799999998
20.694	18.819846
20.696	18.8210342
20.698	18.822197199999998
20.7	18.8233316
20.702	18.8244356
20.704	18.8255056
20.706	18.8265388
20.708	18.827532599999998
20.71	18.8284844
20.712	18.8293914
20.714	18.8302506
20.716	18.8310594
20.718	18.8318146
20.72	18.8325136
20.722	18.8331546
20.724	18.8337334
20.726	18.834248000000002
20.728	18.8346952
20.73	18.8350728
20.732	18.8353776
20.734	18.8356064
20.736	18.8357576
20.738	18.835926399999998
20.74	18.8362082
20.742	18.8366002
20.744	18.837099000000002
20.746	18.8377002
20.748	18.8384012
20.75	18.839198
20.752	18.8400872
20.754	18.8410658
20.756	18.84213
20.758	18.8432758
20.76	18.8445004
20.762	18.8458002
20.764	18.8471716
20.766	18.8486108
20.768	18.8501152
20.77	18.8516802
20.772	18.8533032
20.774	18.854980400000002
20.776	18.856707800000002
20.778	18.858483200000002
20.78	18.860301800000002
20.782	18.862161
20.784	18.864057000000003
20.786	18.865986200000002
20.788	18.867945
20.79	18.8699306
20.792	18.871939
20.794	18.8739666
20.796	18.8760098
20.798	18.878066
20.8	18.8801306
20.802	18.882201000000002
20.804	18.884273399999998
20.806	18.8863438
20.808	18.8884094
20.81	18.890467
20.812	18.8925122
20.814	18.894542
20.816	18.896552800000002
20.818	18.8985412
20.82	18.900503999999998
20.822	18.902437
20.824	18.9043378
20.826	18.9062016
20.828	18.908026
20.83	18.9098066
20.832	18.9115408
20.834	18.9132246
20.836	18.9148548
20.838	18.9164274
20.84	18.9179396
20.842	18.9193876
20.844	18.9207682
20.846	18.922077
20.848	18.923311599999998
20.85	18.924467800000002
20.852	18.9255422
20.854	18.9265322
20.856	18.9274328
20.858	18.928242
20.86	18.9289554
20.862	18.9295696
20.864	18.9300816
20.866	18.9304874
20.868	18.930784
20.87	18.9309672
20.872	18.931055399999998
20.874	18.9310692
20.876	18.9310106
20.878	18.9308824
20.88	18.9306858
20.882	18.930424000000002
20.884	18.9300984
20.886	18.9297112
20.888	18.9292644
20.89	18.9287608
20.892	18.9282016
20.894	18.9275898
20.896	18.926927
20.898	18.9262154
20.9	18.9254574
20.902	18.9246544
20.904	18.9238094
20.906	18.9229244
20.908	18.9220008
20.91	18.9210414
20.912	18.9200486
20.914	18.9190234
20.916	18.917968600000002
20.918	18.916886599999998
20.92	18.915779399999998
20.922	18.914648800000002
20.924	18.913497200000002
20.926	18.9123262
20.928	18.9111388
20.93	18.9099368
20.932	18.908721800000002
20.934	18.9074962
20.936	18.9062628
20.938	18.905023
20.94	18.9037788
20.942	18.902533
20.944	18.9012874
20.946	18.9000438
20.948	18.898805
20.95	18.8975724
20.952	18.8963488
20.954	18.8951358
20.956	18.8939356
20.958	18.8927506
20.96	18.891582800000002
20.962	18.8904342
20.964	18.8893068
20.966	18.888203400000002
20.968	18.887125400000002
20.97	18.8860754
20.972	18.8850554
20.974	18.8840674
20.976	18.8831132
20.978	18.882195799999998
20.98	18.881316599999998
20.982	18.8804782
20.984	18.8796824
20.986	18.8789314
20.988	18.878227000000003
20.99	18.8775724
20.992	18.8769682
20.994	18.876418
20.996	18.875923
20.998	18.8754852
21.0	18.8751076
21.002	18.874792
21.004	18.8744744
21.006	18.8740914
21.008	18.8736456
21.01	18.8731382
21.012	18.8725718
21.014	18.8719476
21.016	18.8712682
21.018	18.8705348
21.02	18.8697504
21.022	18.8689158
21.024	18.8680342
21.026	18.867106200000002
21.028	18.866135
21.03	18.865121600000002
21.032	18.8640688
21.034	18.8629778
21.036	18.861851
21.038	18.860689999999998
21.04	18.859497
21.042	18.8582738
21.044	18.8570222
21.046	18.8557446
21.048	18.854443
21.05	18.8531188
21.052	18.851774
21.054	18.8504112
21.056	18.8490318
21.058	18.847638
21.06	18.8462314
21.062	18.844814200000002
21.064	18.843388400000002
21.066	18.8419556
21.068	18.8405184
21.07	18.8390782
21.072	18.8376372
21.074	18.8361972
21.076	18.83476
21.078	18.833328
21.08	18.8319028
21.082	18.8304866
21.084	18.8290814
21.086	18.827688600000002
21.088	18.826311
21.09	18.8249496
21.092	18.8236068
21.094	18.822285
21.096	18.8209852
21.098	18.8197102
21.1	18.8184618
21.102	18.8172416
21.104	18.8160514
21.106	18.814893599999998
21.108	18.8137702
21.11	18.8126824
21.112	18.811633399999998
21.114	18.810624400000002
21.116	18.809657
21.118	18.8087338
21.12	18.8078564
21.122	18.8070272
21.124	18.8062476
21.126	18.8055194
21.128	18.8048452
21.13	18.804226800000002
21.132	18.803666
21.134	18.8031644
21.136	18.8026956
21.138	18.8022312
21.14	18.8017714
21.142	18.8013166
21.144	18.800867
21.146	18.8004226
21.148	18.7999838
21.15	18.7995514
21.152	18.799125
21.154	18.7987054
21.156	18.7982924
21.158	18.7978866
21.16	18.797488
21.162	18.7970976
21.164	18.7967142
21.166	18.7963394
21.168	18.7959732
21.17	18.795614999999998
21.172	18.7952664
21.174	18.7949264
21.176	18.7945966
21.178	18.794276
21.18	18.7939656
21.182	18.7936658
21.184	18.7933762
21.186	18.7930974
21.188	18.7928298
21.19	18.7925732
21.192	18.7923286
21.194	18.792096
21.196	18.7918756
21.198	18.7916674
21.2	18.7914718
21.202	18.7912896
21.204	18.7911204
21.206	18.7909644
21.208	18.7908224
21.21	18.790694600000002
21.212	18.790581
21.214	18.790481800000002
21.216	18.790398
21.218	18.7903288
21.22	18.790275
21.222	18.790236800000002
21.224	18.7902148
21.226	18.7902092
21.228	18.7902196
21.23	18.7902468
21.232	18.7902912
21.234	18.7903526
21.236	18.7904314
21.238	18.7905282
21.24	18.790643
21.242	18.7907766
21.244	18.7909282
21.246	18.791099
21.248	18.7912886
21.25	18.791498
21.252	18.791727
21.254	18.7919758
21.256	18.7922448
21.258	18.7925342
21.26	18.792844600000002
21.262	18.793176
21.264	18.7935284
21.266	18.793902799999998
21.268	18.7942866
21.27	18.794669
21.272	18.79505
21.274	18.7954306
21.276	18.7958116
21.278	18.796192400000002
21.28	18.796575
21.282	18.7969592
21.284	18.7973454
21.286	18.797735
21.288	18.798128
21.29	18.7985252
21.292	18.7989266
21.294	18.799333400000002
21.296	18.7997458
21.298	18.800165
21.3	18.800590800000002
21.302	18.8010242
21.304	18.801465399999998
21.306	18.8019154
21.308	18.8023752
21.31	18.802844399999998
21.312	18.8033236
21.314	18.803814199999998
21.316	18.8043164
21.318	18.8048304
21.32	18.8053574
21.322	18.805897
21.324	18.806451199999998
21.326	18.8070196
21.328	18.807602799999998
21.33	18.8082016
21.332	18.808816800000002
21.334	18.8094486
21.336	18.8100976
21.338	18.8107646
21.34	18.8114498
21.342	18.812154200000002
21.344	18.812877999999998
21.346	18.8136224
21.348	18.8143872
21.35	18.815173
21.352	18.8159812
21.354	18.8168118
21.356	18.8176654
21.358	18.8185424
21.36	18.819444
21.362	18.82037
21.364	18.821321400000002
21.366	18.8222988
21.368	18.823302599999998
21.37	18.8243336
21.372	18.825392
21.374	18.8264788
21.376	18.8275946
21.378	18.8287394
21.38	18.8299144
21.382	18.8311198
21.384	18.832356400000002
21.386	18.8336246
21.388	18.834925
21.39	18.8362582
21.392	18.8376248
21.394	18.8390254
21.396	18.8404606
21.398	18.841931199999998
21.4	18.843437
21.402	18.8449986
21.404	18.8466342
21.406	18.8483418
21.408	18.8501184
21.41	18.851962399999998
21.412	18.853871599999998
21.414	18.855844400000002
21.416	18.8578772
21.418	18.859969
21.42	18.8621166
21.422	18.8643186
21.424	18.866573199999998
21.426	18.8688772
21.428	18.871228600000002
21.43	18.8736256
21.432	18.876066
21.434	18.8785476
21.436	18.8810676
21.438	18.883624400000002
21.44	18.8862156
21.442	18.8888396
21.444	18.8914932
21.446	18.894174800000002
21.448	18.896881999999998
21.45	18.8996128
21.452	18.902365
21.454	18.9051364
21.456	18.907925
21.458	18.9107278
21.46	18.9135436
21.462	18.9163698
21.464	18.919204
21.466	18.922044200000002
21.468	18.9248884
21.47	18.9277342
21.472	18.9305796
21.474	18.933422
21.476	18.936259200000002
21.478	18.9390896
21.48	18.9419106
21.482	18.9447202
21.484	18.947515799999998
21.486	18.9502958
21.488	18.9530576
21.49	18.9557994
21.492	18.9585184
21.494	18.961213
21.496	18.9638804
21.498	18.9665192
21.5	18.9691266
21.502	18.9717006
21.504	18.974238800000002
21.506	18.9767392
21.508	18.9791998
21.51	18.9816182
21.512	18.983992
21.514	18.9863194
21.516	18.9885982
21.518	18.990826
21.52	18.9930008
21.522	18.9951198
21.524	18.9971818
21.526	18.999184
21.528	19.0011242
21.53	19.0030006
21.532	19.0048106
21.534	19.0066436
21.536	19.0085882
21.538	19.010641
21.54	19.0127972
21.542	19.0150536
21.544	19.0174064
21.546	19.019851
21.548	19.0223844
21.55	19.0250028
21.552	19.0277018
21.554	19.0304778
21.556	19.033327
21.558	19.0362452
21.56	19.0392288
21.562	19.0422744
21.564	19.0453772
21.566	19.0485342
21.568	19.051741
21.57	19.054994399999998
21.572	19.0582898
21.574	19.0616238
21.576	19.0649928
21.578	19.068392199999998
21.58	19.0718186
21.582	19.0752682
21.584	19.0787366
21.586	19.0822208
21.588	19.085717
21.59	19.089220400000002
21.592	19.092728
21.594	19.0962352
21.596	19.099739
21.598	19.103234999999998
21.6	19.1067194
21.602	19.1101884
21.604	19.1136382
21.606	19.1170652
21.608	19.120465199999998
21.61	19.1238344
21.612	19.127169000000002
21.614	19.1304654
21.616	19.1337192
21.618	19.136927
21.62	19.1400846
21.622	19.1431888
21.624	19.146234800000002
21.626	19.1492198
21.628	19.152139
21.63	19.1549896
21.632	19.157766600000002
21.634	19.1604666
21.636	19.163086200000002
21.638	19.1656212
21.64	19.1680678
21.642	19.170422000000002
21.644	19.1726798
21.646	19.174838
21.648	19.1768922
21.65	19.1788386
21.652	19.1806734
21.654	19.182393400000002
21.656	19.1839936
21.658	19.185471
21.66	19.1868214
21.662	19.188041
21.664	19.1891258
21.666	19.1900728
21.668	19.1909484
21.67	19.1918228
21.672	19.192695399999998
21.674	19.1935662
21.676	19.194434
21.678	19.195298
21.68	19.1961582
21.682	19.1970138
21.684	19.197864
21.686	19.1987088
21.688	19.1995472
21.69	19.2003788
21.692	19.201203200000002
21.694	19.202019
21.696	19.2028268
21.698	19.203625
21.7	19.2044138
21.702	19.2051924
21.704	19.2059602
21.706	19.2067164
21.708	19.2074608
21.71	19.2081922
21.712	19.208910799999998
21.714	19.209616
21.716	19.2103064
21.718	19.2109826
21.72	19.211643000000002
21.722	19.2122878
21.724	19.2129158
21.726	19.2135266
21.728	19.2141198
21.73	19.2146948
21.732	19.2152512
21.734	19.2157882
21.736	19.2163052
21.738	19.2168014
21.74	19.2172768
21.742	19.2177308
21.744	19.2181624
21.746	19.218571
21.748	19.2189564
21.75	19.2193178
21.752	19.2196548
21.754	19.2199672
21.756	19.2202534
21.758	19.2205136
21.76	19.2207468
21.762	19.2209534
21.764	19.221131200000002
21.766	19.2212808
21.768	19.2214016
21.77	19.221493
21.772	19.2215536
21.774	19.2215842
21.776	19.2215828
21.778	19.2215498
21.78	19.2214846
21.782	19.2213862
21.784	19.2212542
21.786	19.2210882
21.788	19.220887
21.79	19.220651
21.792	19.2203792
21.794	19.2200706
21.796	19.219725
21.798	19.219342
21.8	19.218882
21.802	19.2183068
21.804	19.2176198
21.806	19.216824
21.808	19.2159212
21.81	19.2149156
21.812	19.2138094
21.814	19.2126054
21.816	19.211306399999998
21.818	19.2099154
21.82	19.208435
21.822	19.2068684
21.824	19.2052182
21.826	19.2034872
21.828	19.2016786
21.83	19.199795
21.832	19.1978392
21.834	19.195814
21.836	19.193722
21.838	19.1915668
21.84	19.189350400000002
21.842	19.187076400000002
21.844	19.184747
21.846	19.1823652
21.848	19.1799344
21.85	19.1774568
21.852	19.1749352
21.854	19.1723726
21.856	19.169772000000002
21.858	19.1671366
21.86	19.1644682
21.862	19.1617702
21.864	19.159046
21.866	19.156297600000002
21.868	19.153528
21.87	19.1507404
21.872	19.1479376
21.874	19.1451218
21.876	19.1422966
21.878	19.1394648
21.88	19.1366284
21.882	19.1337908
21.884	19.1309556
21.886	19.128124
21.888	19.125300199999998
21.89	19.122487
21.892	19.1196864
21.894	19.1169018
21.896	19.1141356
21.898	19.111391
21.9	19.108671
21.902	19.105978399999998
21.904	19.103315600000002
21.906	19.1006854
21.908	19.0980914
21.91	19.095536
21.912	19.0930218
21.914	19.0905522
21.916	19.0881294
21.918	19.0857566
21.92	19.0834364
21.922	19.0811718
21.924	19.078966
21.926	19.0768216
21.928	19.0747412
21.93	19.0727276
21.932	19.070784
21.934	19.068829
21.936	19.0667814
21.938	19.0646442
21.94	19.0624202
21.942	19.0601124
21.944	19.0577234
21.946	19.0552558
21.948	19.052712800000002
21.95	19.0500974
21.952	19.0474122
21.954	19.04466
21.956	19.041843800000002
21.958	19.038966600000002
21.96	19.0360306
21.962	19.0330394
21.964	19.029995200000002
21.966	19.026901000000002
21.968	19.023760199999998
21.97	19.0205754
21.972	19.0173486
21.974	19.0140838
21.976	19.010783
21.978	19.00745
21.98	19.0040864
21.982	19.000696
21.984	18.9972814
21.986	18.993845399999998
21.988	18.9903906
21.99	18.9869202
21.992	18.983437000000002
21.994	18.9799436
21.996	18.9764426
21.998	18.972938
22.0	18.9694312
22.002	18.9659264
22.004	18.962425
22.006	18.958931200000002
22.008	18.955447
22.01	18.9519756
22.012	18.948520000000002
22.014	18.9450826
22.016	18.9416664
22.018	18.938274200000002
22.02	18.9349092
22.022	18.9315738
22.024	18.9282706
22.026	18.9250034
22.028	18.9217742
22.03	18.9185862
22.032	18.9154424
22.034	18.9123448
22.036	18.9092974
22.038	18.9063022
22.04	18.9033626
22.042	18.900481
22.044	18.897661
22.046	18.8949044
22.048	18.8922146
22.05	18.8895944
22.052	18.887046599999998
22.054	18.8845738
22.056	18.8821796
22.058	18.879866
22.06	18.877636199999998
22.062	18.8754934
22.064	18.8734396
22.066	18.8714556
22.068	18.8695186
22.07	18.867627
22.072	18.8657806
22.074	18.8639772
22.076	18.8622158
22.078	18.860495800000002
22.08	18.8588156
22.082	18.8571742
22.084	18.855570200000003
22.086	18.8540024
22.088	18.8524692
22.09	18.8509706
22.092	18.8495048
22.094	18.84807
22.096	18.8466662
22.098	18.845291
22.1	18.843944399999998
22.102	18.842624
22.104	18.8413294
22.106	18.8400596
22.108	18.8388132
22.11	18.8375882
22.112	18.836384600000002
22.114	18.8352006
22.116	18.834035200000002
22.118	18.832887
22.12	18.831755
22.122	18.830637799999998
22.124	18.8295348
22.126	18.828444400000002
22.128	18.8273652
22.13	18.8262962
22.132	18.8252362
22.134	18.824184199999998
22.136	18.823139
22.138	18.8220996
22.14	18.8210638
22.142	18.820031399999998
22.144	18.819001
22.146	18.8179716
22.148	18.8169416
22.15	18.8159102
22.152	18.814875999999998
22.154	18.8138374
22.156	18.812794
22.158	18.811744
22.16	18.810687
22.162	18.8096208
22.164	18.808545000000002
22.166	18.8074582
22.168	18.8063586
22.17	18.8052462
22.172	18.804119
22.174	18.802976
22.176	18.8018158
22.178	18.8006376
22.18	18.7994402
22.182	18.798222
22.184	18.796982200000002
22.186	18.7957194
22.188	18.794432399999998
22.19	18.7931202
22.192	18.791781800000003
22.194	18.7904156
22.196	18.7890204
22.198	18.7875956
22.2	18.7861246
22.202	18.7845948
22.204	18.783008000000002
22.206	18.7813658
22.208	18.7796706
22.21	18.7779248
22.212	18.776130000000002
22.214	18.774289
22.216	18.772403
22.218	18.770474800000002
22.22	18.7685058
22.222	18.7664988
22.224	18.7644552
22.226	18.762378
22.228	18.760268
22.23	18.7581284
22.232	18.7559612
22.234	18.7537678
22.236	18.7515506
22.238	18.7493122
22.24	18.747054
22.242	18.744778
22.244	18.742486800000002
22.246	18.7401828
22.248	18.7378668
22.25	18.7355422
22.252	18.7332104
22.254	18.7308734
22.256	18.728534
22.258	18.7261938
22.26	18.7238544
22.262	18.7215188
22.264	18.719188600000003
22.266	18.7168658
22.268	18.7145528
22.27	18.712251600000002
22.272	18.709963600000002
22.274	18.7076924
22.276	18.7054384
22.278	18.703205
22.28	18.7009938
22.282	18.6988066
22.284	18.6966456
22.286	18.6945132
22.288	18.692411800000002
22.29	18.6903422
22.292	18.6883076
22.294	18.6863096
22.296	18.6843508
22.298	18.6824324
22.3	18.6805576
22.302	18.6787274
22.304	18.676945
22.306	18.6752112
22.308	18.6735294
22.31	18.6719006
22.312	18.6703276
22.314	18.668812199999998
22.316	18.6673564
22.318	18.665962
22.32	18.6646322
22.322	18.663368
22.324	18.6621716
22.326	18.6610458
22.328	18.659992
22.33	18.6590126
22.332	18.6580538
22.334	18.6570624
22.336	18.656039
22.338	18.6549862
22.34	18.6539058
22.342	18.652798400000002
22.344	18.651667
22.346	18.6505126
22.348	18.649336599999998
22.35	18.648141199999998
22.352	18.646928199999998
22.354	18.645698799999998
22.356	18.6444548
22.358	18.6431984
22.36	18.641931
22.362	18.640653999999998
22.364	18.6393694
22.366	18.6380786
22.368	18.6367834
22.37	18.635486
22.372	18.634187
22.374	18.6328896
22.376	18.631594
22.378	18.6303028
22.38	18.6290172
22.382	18.6277392
22.384	18.6264708
22.386	18.625213000000002
22.388	18.623967999999998
22.39	18.6227368
22.392	18.6215218
22.394	18.6203244
22.396	18.6191466
22.398	18.6179898
22.4	18.6168554
22.402	18.6157458
22.404	18.614662
22.406	18.613606400000002
22.408	18.6125796
22.41	18.6115846
22.412	18.6106222
22.414	18.609694400000002
22.416	18.6088026
22.418	18.6079492
22.42	18.607135200000002
22.422	18.6063626
22.424	18.6056332
22.426	18.604947799999998
22.428	18.604309399999998
22.43	18.603718999999998
22.432	18.6031784
22.434	18.6026892
22.436	18.6022532
22.438	18.601871799999998
22.44	18.601547
22.442	18.601281
22.444	18.6010746
22.446	18.6009296
22.448	18.6008476
22.45	18.6008308
22.452	18.600881
22.454	18.6009996
22.456	18.601188
22.458	18.601448400000002
22.46	18.601781600000002
22.462	18.602190800000002
22.464	18.602676199999998
22.466	18.603278
22.468	18.6040324
22.47	18.604934
22.472	18.6059788
22.474	18.6071624
22.476	18.608480399999998
22.478	18.6099276
22.48	18.6115006
22.482	18.613194800000002
22.484	18.6150054
22.486	18.616928
22.488	18.6189584
22.49	18.6210916
22.492	18.6233242
22.494	18.625650800000003
22.496	18.6280674
22.498	18.6305694
22.5	18.6331524
22.502	18.6358122
22.504	18.638544
22.506	18.6413434
22.508	18.6442058
22.51	18.647127400000002
22.512	18.6501038
22.514	18.65313
22.516	18.656201199999998
22.518	18.659314000000002
22.52	18.662463600000002
22.522	18.665644999999998
22.524	18.668854
22.526	18.672086999999998
22.528	18.6753386
22.53	18.678605
22.532	18.681880800000002
22.534	18.6851624
22.536	18.6884454
22.538	18.6917252
22.54	18.6949972
22.542	18.6982568
22.544	18.701500199999998
22.546	18.7047222
22.548	18.707919
22.55	18.7110856
22.552	18.7142184
22.554	18.717312200000002
22.556	18.7203626
22.558	18.7233656
22.56	18.7263162
22.562	18.7292108
22.564	18.732044000000002
22.566	18.7348122
22.568	18.73751
22.57	18.740134
22.572	18.7426794
22.574	18.7451414
22.576	18.747516
22.578	18.7497982
22.58	18.751984399999998
22.582	18.7540692
22.584	18.756049
22.586	18.7579192
22.588	18.7596754
22.59	18.7613124
22.592	18.7628262
22.594	18.7642134
22.596	18.765468
22.598	18.766724
22.6	18.768114
22.602	18.7696336
22.604	18.7712778
22.606	18.7730416
22.608	18.7749208
22.61	18.7769102
22.612	18.7790048
22.614	18.7812008
22.616	18.7834924
22.618	18.7858752
22.62	18.7883448
22.622	18.7908958
22.624	18.7935242
22.626	18.7962244
22.628	18.798992
22.63	18.801822
22.632	18.804710200000002
22.634	18.807651800000002
22.636	18.8106412
22.638	18.8136742
22.64	18.816746600000002
22.642	18.8198522
22.644	18.822987400000002
22.646	18.8261474
22.648	18.829327
22.65	18.832521200000002
22.652	18.8357256
22.654	18.8389356
22.656	18.842146200000002
22.658	18.8453524
22.66	18.8485502
22.662	18.851734
22.664	18.8548998
22.666	18.858042
22.668	18.8611564
22.67	18.8642382
22.672	18.8672822
22.674	18.870283999999998
22.676	18.873238399999998
22.678	18.8761414
22.68	18.878988200000002
22.682	18.8817728
22.684	18.8844918
22.686	18.8871402
22.688	18.889712199999998
22.69	18.892204200000002
22.692	18.8946108
22.694	18.896927599999998
22.696	18.8991498
22.698	18.9012722
22.7	18.9032906
22.702	18.9051998
22.704	18.906995600000002
22.706	18.908672199999998
22.708	18.9102258
22.71	18.9116514
22.712	18.9129436
22.714	18.9140986
22.716	18.9151114
22.718	18.9159768
22.72	18.916690199999998
22.722	18.9172466
22.724	18.917642
22.726	18.9178708
22.728	18.9179286
22.73	18.917810799999998
22.732	18.9175628
22.734	18.9172352
22.736	18.9168294
22.738	18.9163474
22.74	18.9157908
22.742	18.915162000000002
22.744	18.914462399999998
22.746	18.9136938
22.748	18.9128578
22.75	18.9119566
22.752	18.910992
22.754	18.9099654
22.756	18.9088786
22.758	18.9077342
22.76	18.906533
22.762	18.905277599999998
22.764	18.9039692
22.766	18.902609599999998
22.768	18.9012016
22.77	18.899745799999998
22.772	18.8982442
22.774	18.8966992
22.776	18.8951128
22.778	18.8934854
22.78	18.891820199999998
22.782	18.8901184
22.784	18.888382200000002
22.786	18.8866128
22.788	18.8848122
22.79	18.8829826
22.792	18.8811252
22.794	18.8792422
22.796	18.8773358
22.798	18.875407
22.8	18.8734578
22.802	18.8714904
22.804	18.8695062
22.806	18.8675074
22.808	18.865495
22.81	18.8634718
22.812	18.861439
22.814	18.8593986
22.816	18.8573526
22.818	18.8553026
22.82	18.8532504
22.822	18.8511976
22.824	18.8491462
22.826	18.847098199999998
22.828	18.845055000000002
22.83	18.8430184
22.832	18.8409908
22.834	18.8389734
22.836	18.8369682
22.838	18.8349774
22.84	18.833002399999998
22.842	18.8310446
22.844	18.8291066
22.846	18.8271898
22.848	18.8252958
22.85	18.823427000000002
22.852	18.8215846
22.854	18.819771199999998
22.856	18.8179872
22.858	18.8162358
22.86	18.814518200000002
22.862	18.812836400000002
22.864	18.8110292
22.866	18.8089394
22.868	18.806576
22.87	18.8039488
22.872	18.8010658
22.874	18.797936800000002
22.876	18.794569799999998
22.878	18.7909744
22.88	18.787159199999998
22.882	18.7831338
22.884	18.7789066
22.886	18.7744868
22.888	18.769883
22.89	18.7651046
22.892	18.7601602
22.894	18.755059
22.896	18.74981
22.898	18.744421799999998
22.9	18.7389038
22.902	18.7332648
22.904	18.7275132
22.906	18.721658599999998
22.908	18.71571
22.91	18.7096762
22.912	18.703566000000002
22.914	18.697388
22.916	18.691152000000002
22.918	18.6848668
22.92	18.678540599999998
22.922	18.6721834
22.924	18.6658032
22.926	18.6594098
22.928	18.6530112
22.93	18.6466172
22.932	18.6402368
22.934	18.633878
22.936	18.627551
22.938	18.6212634
22.94	18.6150254
22.942	18.608845000000002
22.944	18.602732
22.946	18.5966948
22.948	18.5907424
22.95	18.584884000000002
22.952	18.5791282
22.954	18.5734842
22.956	18.567961
22.958	18.5625676
22.96	18.5573128
22.962	18.5522054
22.964	18.5472544
22.966	18.5424688
22.968	18.5378584
22.97	18.533431
22.972	18.5291956
22.974	18.5251616
22.976	18.5213384
22.978	18.517733800000002
22.98	18.5143574
22.982	18.5112184
22.984	18.5083254
22.986	18.5056876
22.988	18.5033138
22.99	18.5012124
22.992	18.499393400000002
22.994	18.497865
22.996	18.4966368
22.998	18.4955644
23.0	18.494498200000002
23.002	18.493439600000002
23.004	18.4923896
23.006	18.4913482
23.008	18.490316800000002
23.01	18.4892958
23.012	18.4882868
23.014	18.4872902
23.016	18.4863066
23.018	18.4853372
23.02	18.484383
23.022	18.483444
23.024	18.4825218
23.026	18.481617200000002
23.028	18.4807308
23.03	18.4798634
23.032	18.4790162
23.034	18.478189399999998
23.036	18.4773844
23.038	18.476602
23.04	18.475842800000002
23.042	18.4751076
23.044	18.4743976
23.046	18.4737128
23.048	18.4730552
23.05	18.4724248
23.052	18.4718226
23.054	18.47125
23.056	18.4707072
23.058	18.4701952
23.06	18.4697144
23.062	18.4692668
23.064	18.4688518
23.066	18.4684714
23.068	18.4681262
23.07	18.4678166
23.072	18.4675434
23.074	18.4673078
23.076	18.467111
23.078	18.4669532
23.08	18.4668354
23.082	18.466758
23.084	18.4667228
23.086	18.46673
23.088	18.4667806
23.09	18.466875
23.092	18.4670146
23.094	18.467200599999998
23.096	18.4674328
23.098	18.4677128
23.1	18.4680408
23.102	18.4684184
23.104	18.4688462
23.106	18.4693244
23.108	18.469854599999998
23.11	18.4704374
23.112	18.4710734
23.114	18.471764
23.116	18.4725092
23.118	18.4733104
23.12	18.4741686
23.122	18.4750842
23.124	18.4760584
23.126	18.4770916
23.128	18.478185
23.13	18.479429
23.132	18.480908200000002
23.134	18.482616200000002
23.136	18.4845466
23.138	18.4866922
23.14	18.4890464
23.142	18.4916032
23.144	18.4943556
23.146	18.4972966
23.148	18.50042
23.15	18.5037188
23.152	18.5071862
23.154	18.5108164
23.156	18.5146016
23.158	18.518536
23.16	18.5226124
23.162	18.5268248
23.164	18.531166
23.166	18.535629200000002
23.168	18.540208200000002
23.17	18.544896
23.172	18.5496858
23.174	18.5545714
23.176	18.559546400000002
23.178	18.5646032
23.18	18.5697358
23.182	18.5749372
23.184	18.580201000000002
23.186	18.585520600000002
23.188	18.590889400000002
23.19	18.5963
23.192	18.6017464
23.194	18.607222
23.196	18.6127198
23.198	18.6182336
23.2	18.623755799999998
23.202	18.6292808
23.204	18.634801799999998
23.206	18.640311
23.208	18.6458032
23.21	18.6512712
23.212	18.6567076
23.214	18.6621074
23.216	18.6674622
23.218	18.672766
23.22	18.678012600000002
23.222	18.683194999999998
23.224	18.6883062
23.226	18.6933402
23.228	18.698289799999998
23.23	18.7031482
23.232	18.7079094
23.234	18.712566199999998
23.236	18.717112399999998
23.238	18.7215412
23.24	18.7258456
23.242	18.730019
23.244	18.7340554
23.246	18.7379468
23.248	18.741688
23.25	18.745271600000002
23.252	18.748691
23.254	18.7519396
23.256	18.755011
23.258	18.7578982
23.26	18.7605942
23.262	18.763093400000002
23.264	18.765531
23.266	18.7680468
23.268	18.7706384
23.27	18.7733028
23.272	18.7760384
23.274	18.778841800000002
23.276	18.7817114
23.278	18.784644399999998
23.28	18.7876386
23.282	18.790691199999998
23.284	18.793799800000002
23.286	18.7969616
23.288	18.800175
23.29	18.803437000000002
23.292	18.8067454
23.294	18.8100976
23.296	18.8134912
23.298	18.816924
23.3	18.8203924
23.302	18.823895800000003
23.304	18.82743
23.306	18.830994
23.308	18.8345846
23.31	18.838199
23.312	18.8418358
23.314	18.845491199999998
23.316	18.8491644
23.318	18.8528512
23.32	18.8565506
23.322	18.8602594
23.324	18.8639754
23.326	18.8676956
23.328	18.8714184
23.33	18.875141
23.332	18.878860799999998
23.334	18.882575799999998
23.336	18.8862828
23.338	18.8899802
23.34	18.8936646
23.342	18.8973344
23.344	18.900987
23.346	18.9046196
23.348	18.9082296
23.35	18.911815400000002
23.352	18.9153736
23.354	18.918902799999998
23.356	18.9223994
23.358	18.9258616
23.36	18.9292872
23.362	18.9326734
23.364	18.9360174
23.366	18.939317
23.368	18.9425706
23.37	18.9457744
23.372	18.9489268
23.374	18.9520248
23.376	18.955066600000002
23.378	18.9580496
23.38	18.9609708
23.382	18.9638284
23.384	18.9666194
23.386	18.9693416
23.388	18.9719928
23.39	18.9745706
23.392	18.977072
23.394	18.9794948
23.396	18.9818214
23.398	18.9840378
23.4	18.9861472
23.402	18.9881524
23.404	18.9900564
23.406	18.9918622
23.408	18.993573
23.41	18.9951924
23.412	18.9967226
23.414	18.9981668
23.416	18.9995282
23.418	19.0008104
23.42	19.002016
23.422	19.0031474
23.424	19.0042084
23.426	19.0052022
23.428	19.0061314
23.43	19.0069998
23.432	19.007809
23.434	19.0085634
23.436	19.0092658
23.438	19.0099186
23.44	19.0105256
23.442	19.0110896
23.444	19.0116136
23.446	19.0121006
23.448	19.0125536
23.45	19.012976000000002
23.452	19.0133704
23.454	19.0137404
23.456	19.0140884
23.458	19.014418
23.46	19.0147322
23.462	19.0150336
23.464	19.0153258
23.466	19.0156114
23.468	19.0158938
23.47	19.016176
23.472	19.016461200000002
23.474	19.0167516
23.476	19.017051600000002
23.478	19.017363
23.48	19.0176896
23.482	19.0180344
23.484	19.0184006
23.486	19.0187906
23.488	19.0192078
23.49	19.019655
23.492	19.0201358
23.494	19.020653
23.496	19.02121
23.498	19.021809
23.5	19.0224536
23.502	19.0231474
23.504	19.0238922
23.506	19.024692
23.508	19.0255498
23.51	19.0264682
23.512	19.0274504
23.514	19.0284994
23.516	19.0296186
23.518	19.0308106
23.52	19.032079
23.522	19.0334266
23.524	19.0348566
23.526	19.0363716
23.528	19.037975199999998
23.53	19.039618400000002
23.532	19.041251
23.534	19.0428738
23.536	19.0444868
23.538	19.0460904
23.54	19.047685
23.542	19.0492704
23.544	19.050847400000002
23.546	19.0524156
23.548	19.0539764
23.55	19.055529
23.552	19.0570744
23.554	19.0586126
23.556	19.0601438
23.558	19.0616682
23.56	19.063187
23.562	19.064699
23.564	19.0662058
23.566	19.067707
23.568	19.0692032
23.57	19.0706942
23.572	19.072181
23.574	19.073663
23.576	19.0751418
23.578	19.0766162
23.58	19.0780876
23.582	19.0795558
23.584	19.081021200000002
23.586	19.082484
23.588	19.0839446
23.59	19.085403200000002
23.592	19.0868606
23.594	19.0883158
23.596	19.0897706
23.598	19.091224
23.6	19.0926774
23.602	19.0941304
23.604	19.0955838
23.606	19.0970372
23.608	19.098491
23.61	19.0999464
23.612	19.1014026
23.614	19.102860200000002
23.616	19.1043198
23.618	19.1057818
23.62	19.1072458
23.622	19.1087126
23.624	19.1101826
23.626	19.1116556
23.628	19.1131324
23.63	19.1146124
23.632	19.1160972
23.634	19.117586
23.636	19.11908
23.638	19.1205786
23.64	19.1220826
23.642	19.1235922
23.644	19.1251076
23.646	19.1266292
23.648	19.1281574
23.65	19.129692
23.652	19.131234
23.654	19.1327832
23.656	19.1343402
23.658	19.1359046
23.66	19.1374772
23.662	19.1391046
23.664	19.1408304
23.666	19.1426514
23.668	19.1445644
23.67	19.146566800000002
23.672	19.1486552
23.674	19.1508264
23.676	19.1530774
23.678	19.1554054
23.68	19.1578072
23.682	19.1602796
23.684	19.1628192
23.686	19.1654232
23.688	19.1680892
23.69	19.170813
23.692	19.173592
23.694	19.1764234
23.696	19.179303400000002
23.698	19.1822294
23.7	19.1851986
23.702	19.1882074
23.704	19.1912526
23.706	19.1943314
23.708	19.1974414
23.71	19.200578
23.712	19.2037394
23.714	19.206922
23.716	19.210123
23.718	19.2133386
23.72	19.2165664
23.722	19.2198032
23.724	19.2230456
23.726	19.226291
23.728	19.229536
23.73	19.2327774
23.732	19.2360124
23.734	19.2392376
23.736	19.242450599999998
23.738	19.2456472
23.74	19.2488254
23.742	19.2519816
23.744	19.255113
23.746	19.258215800000002
23.748	19.2612876
23.75	19.2643254
23.752	19.267325200000002
23.754	19.2702854
23.756	19.2732014
23.758	19.276071
23.76	19.278891
23.762	19.281658
23.764	19.2843694
23.766	19.2870214
23.768	19.2896116
23.77	19.2921366
23.772	19.2945936
23.774	19.2969792
23.776	19.2992906
23.778	19.301524
23.78	19.303677399999998
23.782	19.3057468
23.784	19.307729600000002
23.786	19.3096226
23.788	19.3114226
23.79	19.3131264
23.792	19.3147314
23.794	19.3162344
23.796	19.3176968
23.798	19.3191812
23.8	19.320687200000002
23.802	19.322212
23.804	19.323756
23.806	19.3253162
23.808	19.3268926
23.81	19.3284834
23.812	19.3300876
23.814	19.331703
23.816	19.333329
23.818	19.3349642
23.82	19.3366074
23.822	19.3382572
23.824	19.3399118
23.826	19.3415708
23.828	19.343232
23.83	19.3448948
23.832	19.346557400000002
23.834	19.348218799999998
23.836	19.3498772
23.838	19.3515318
23.84	19.3531812
23.842	19.354824
23.844	19.356459
23.846	19.358084599999998
23.848	19.3596996
23.85	19.361303200000002
23.852	19.3628934
23.854	19.3644688
23.856	19.3660286
23.858	19.367571599999998
23.86	19.3690962
23.862	19.370601
23.864	19.3720844
23.866	19.373546
23.868	19.3749836
23.87	19.3763966
23.872	19.3777826
23.874	19.3791416
23.876	19.3804716
23.878	19.381771399999998
23.88	19.3830398
23.882	19.3842752
23.884	19.3854764
23.886	19.3866424
23.888	19.3877714
23.89	19.3888624
23.892	19.389913800000002
23.894	19.390924599999998
23.896	19.3918934
23.898	19.392819
23.9	19.3936998
23.902	19.3945346
23.904	19.395322399999998
23.906	19.3960612
23.908	19.3967506
23.91	19.3973884
23.912	19.3979738
23.914	19.398505200000002
23.916	19.3989818
23.918	19.3994018
23.92	19.399764
23.922	19.400067200000002
23.924	19.400309800000002
23.926	19.4004908
23.928	19.400605
23.93	19.400649
23.932	19.4006242
23.934	19.4005324
23.936	19.4003744
23.938	19.4001522
23.94	19.399867399999998
23.942	19.399521200000002
23.944	19.399115000000002
23.946	19.3986502
23.948	19.398128800000002
23.95	19.3975516
23.952	19.3969206
23.954	19.3962368
23.956	19.3955022
23.958	19.394717800000002
23.96	19.3938852
23.962	19.393006
23.964	19.392081400000002
23.966	19.391113400000002
23.968	19.3901028
23.97	19.3890518
23.972	19.387960800000002
23.974	19.386832599999998
23.976	19.385667599999998
23.978	19.384468
23.98	19.3832344
23.982	19.3819692
23.984	19.3806732
23.986	19.3793486
23.988	19.3779962
23.99	19.3766178
23.992	19.3752144
23.994	19.3737882
23.996	19.37234
23.998	19.3708714
24.0	19.3693846
24.002	19.367880200000002
24.004	19.3663596
24.006	19.364825
24.008	19.3632778
24.01	19.3617186
24.012	19.360149800000002
24.014	19.3585724
24.016	19.3569878
24.018	19.355398
24.02	19.353804
24.022	19.352207
24.024	19.3506092
24.026	19.3490118
24.028	19.3474158
24.03	19.3458236
24.032	19.3442358
24.034	19.342654
24.036	19.341080599999998
24.038	19.3395156
24.04	19.3379616
24.042	19.3364194
24.044	19.3348906
24.046	19.3333772
24.048	19.331879999999998
24.05	19.3304012
24.052	19.3289412
24.054	19.3275026
24.056	19.3260858
24.058	19.3246936
24.06	19.323326
24.062	19.3219502
24.064	19.3205316
24.066	19.3190712
24.068	19.31757
24.07	19.3160298
24.072	19.3144506
24.074	19.312834600000002
24.076	19.3111814
24.078	19.3094934
24.08	19.3077716
24.082	19.3060158
24.084	19.304228600000002
24.086	19.302410000000002
24.088	19.3005612
24.09	19.298684
24.092	19.296779
24.094	19.294846800000002
24.096	19.2928894
24.098	19.290906800000002
24.1	19.288901199999998
24.102	19.2868728
24.104	19.2848228
24.106	19.2827524
24.108	19.2806628
24.11	19.2785552
24.112	19.27643
24.114	19.274289
24.116	19.2721328
24.118	19.2699626
24.12	19.2677796
24.122	19.2655848
24.124	19.263379
24.126	19.2611636
24.128	19.2589392
24.13	19.2567076
24.132	19.254468799999998
24.134	19.252225199999998
24.136	19.249977
24.138	19.2477254
24.14	19.2454714
24.142	19.2432164
24.144	19.240961
24.146	19.238706999999998
24.148	19.2364544
24.15	19.234205
24.152	19.2319596
24.154	19.22972
24.156	19.227486
24.158	19.2252592
24.16	19.223041000000002
24.162	19.2208322
24.164	19.218634
24.166	19.2164472
24.168	19.2142732
24.17	19.2121128
24.172	19.209967
24.174	19.2078374
24.176	19.205724
24.178	19.2036294
24.18	19.2015532
24.182	19.199497
24.184	19.1974624
24.186	19.1954496
24.188	19.1934604
24.19	19.1914952
24.192	19.1895554
24.194	19.1875794
24.196	19.1855072
24.198	19.1833408
24.2	19.181085
24.202	19.1787414
24.204	19.1763138
24.206	19.1738046
24.208	19.1712178
24.21	19.168556
24.212	19.1658224
24.214	19.1630196
24.216	19.1601514
24.218	19.1572202
24.22	19.1542294
24.222	19.151182
24.224	19.1480816
24.226	19.1449302
24.228	19.141732
24.23	19.138489
24.232	19.1352056
24.234	19.1318834
24.236	19.1285266
24.238	19.125137600000002
24.24	19.1217202
24.242	19.1182764
24.244	19.1148104
24.246	19.1113246
24.248	19.1078222
24.25	19.104306
24.252	19.100779799999998
24.254	19.097246
24.256	19.0937084
24.258	19.0901688
24.26	19.0866316
24.262	19.0830992
24.264	19.079575
24.266	19.076062
24.268	19.072563
24.27	19.0690812
24.272	19.0656198
24.274	19.0621818
24.276	19.05877
24.278	19.0553882
24.28	19.052039
24.282	19.048725
24.284	19.04545
24.286	19.0422172
24.288	19.039029
24.29	19.035889
24.292	19.0328
24.294	19.029765
24.296	19.0267876
24.298	19.0238698
24.3	19.021016
24.302	19.018228399999998
24.304	19.0155104
24.306	19.012864999999998
24.308	19.0102952
24.31	19.0078042
24.312	19.0053948
24.314	19.0030706
24.316	19.000834400000002
24.318	18.998689
24.32	18.9966376
24.322	18.994683600000002
24.324	18.9928302
24.326	18.9910796
24.328	18.9893782
24.33	18.9876698
24.332	18.9859546
24.334	18.9842338
24.336	18.982507
24.338	18.9807762
24.34	18.9790404
24.342	18.977302
24.344	18.97556
24.346	18.9738158
24.348	18.9720696
24.35	18.9703224
24.352	18.9685744
24.354	18.9668268
24.356	18.9650796
24.358	18.9633334
24.36	18.9615892
24.362	18.9598472
24.364	18.958108199999998
24.366	18.956373
24.368	18.954641600000002
24.37	18.9529156
24.372	18.9511942
24.374	18.949479
24.376	18.9477704
24.378	18.946069
24.38	18.9443754
24.382	18.9426898
24.384	18.9410132
24.386	18.9393462
24.388	18.9376892
24.39	18.9360426
24.392	18.934408
24.394	18.9327848
24.396	18.9311742
24.398	18.9295768
24.4	18.9279926
24.402	18.926423
24.404	18.924868
24.406	18.9233288
24.408	18.9218052
24.41	18.920299
24.412	18.9188092
24.414	18.9173378
24.416	18.9158844
24.418	18.914450000000002
24.42	18.9130358
24.422	18.911641
24.424	18.9102676
24.426	18.908915399999998
24.428	18.907585
24.43	18.906277
24.432	18.9049924
24.434	18.9037316
24.436	18.9024952
24.438	18.901284
24.44	18.900098200000002
24.442	18.898938
24.444	18.897804999999998
24.446	18.8966992
24.448	18.8956216
24.45	18.8945722
24.452	18.893552200000002
24.454	18.8925618
24.456	18.8916014
24.458	18.890672000000002
24.46	18.889797
24.462	18.8889978
24.464	18.8882726
24.466	18.8876194
24.468	18.8870362
24.47	18.8865208
24.472	18.886071
24.474	18.8856852
24.476	18.885361
24.478	18.8850974
24.48	18.8848908
24.482	18.8847406
24.484	18.8846438
24.486	18.8845996
24.488	18.8846044
24.49	18.8846572
24.492	18.884756
24.494	18.8848986
24.496	18.885083
24.498	18.8853072
24.5	18.885569
24.502	18.8858664
24.504	18.8861974
24.506	18.886560799999998
24.508	18.8869536
24.51	18.8873738
24.512	18.887819999999998
24.514	18.8882902
24.516	18.8887818
24.518	18.889293000000002
24.52	18.8898218
24.522	18.8903668
24.524	18.890925199999998
24.526	18.891495
24.528	18.892075
24.53	18.8926618
24.532	18.8932546
24.534	18.8938512
24.536	18.8944496
24.538	18.895046999999998
24.54	18.895642600000002
24.542	18.8962334
24.544	18.896818
24.546	18.897394
24.548	18.8979596
24.55	18.8985126
24.552	18.8990516
24.554	18.8995736
24.556	18.9000776
24.558	18.9005612
24.56	18.901021800000002
24.562	18.9014582
24.564	18.9018682
24.566	18.9022492
24.568	18.902600200000002
24.57	18.9029186
24.572	18.9032024
24.574	18.9034494
24.576	18.9036582
24.578	18.903826000000002
24.58	18.9039514
24.582	18.9040326
24.584	18.9040668
24.586	18.9040526
24.588	18.9039878
24.59	18.9038704
24.592	18.9036982
24.594	18.9035242
24.596	18.903402200000002
24.598	18.9033296
24.6	18.9033058
24.602	18.9033282
24.604	18.9033954
24.606	18.9035066
24.608	18.9036592
24.61	18.903851799999998
24.612	18.904083
24.614	18.904351
24.616	18.9046544
24.618	18.904991
24.62	18.9053596
24.622	18.9057588
24.624	18.9061864
24.626	18.906641399999998
24.628	18.9071216
24.63	18.9076256
24.632	18.9081514
24.634	18.9086984
24.636	18.909264
24.638	18.9098466
24.64	18.910445
24.642	18.9110574
24.644	18.9116824
24.646	18.9123176
24.648	18.9129622
24.65	18.9136146
24.652	18.9142726
24.654	18.9149344
24.656	18.9155992
24.658	18.9162648
24.66	18.91693
24.662	18.9175928
24.664	18.9182514
24.666	18.9189046
24.668	18.9195508
24.67	18.9201878
24.672	18.9208144
24.674	18.921429
24.676	18.9220298
24.678	18.922615399999998
24.68	18.9231838
24.682	18.9237336
24.684	18.9242634
24.686	18.924770600000002
24.688	18.925255200000002
24.69	18.9257138
24.692	18.9261464
24.694	18.9265502
24.696	18.926924
24.698	18.927266
24.7	18.927575
24.702	18.9278486
24.704	18.9280856
24.706	18.928285
24.708	18.9284442
24.71	18.928562
24.712	18.928636400000002
24.714	18.9286664
24.716	18.9286502
24.718	18.9285858
24.72	18.9284718
24.722	18.9283064
24.724	18.928088
24.726	18.9278176
24.728	18.9274962
24.73	18.9271268
24.732	18.9267094
24.734	18.926247
24.736	18.9257396
24.738	18.9251898
24.74	18.9245986
24.742	18.9239676
24.744	18.9232982
24.746	18.922592
24.748	18.9218506
24.75	18.9210752
24.752	18.920267
24.754	18.9194282
24.756	18.9185604
24.758	18.9176638
24.76	18.9167416
24.762	18.9157942
24.764	18.914823
24.766	18.9138302
24.768	18.9128168
24.77	18.911784
24.772	18.9107346
24.774	18.9096682
24.776	18.9085878
24.778	18.9074944
24.78	18.906389
24.782	18.9052738
24.784	18.9041498
24.786	18.903018799999998
24.788	18.901882399999998
24.79	18.900742
24.792	18.899598400000002
24.794	18.898454
24.796	18.8973096
24.798	18.8961676
24.8	18.8950284
24.802	18.893894
24.804	18.8927664
24.806	18.8916462
24.808	18.890535200000002
24.81	18.8894352
24.812	18.888347
24.814	18.8872726
24.816	18.886213599999998
24.818	18.885171200000002
24.82	18.8841474
24.822	18.8831428
24.824	18.8821596
24.826	18.8811988
24.828	18.8802622
24.83	18.8793514
24.832	18.878467399999998
24.834	18.877612
24.836	18.876787
24.838	18.8759936
24.84	18.875233
24.842	18.8745068
24.844	18.8738168
24.846	18.8731646
24.848	18.8725508
24.85	18.8719782
24.852	18.871447
24.854	18.8709596
24.856	18.870517200000002
24.858	18.870120800000002
24.86	18.8697356
24.862	18.869325
24.864	18.8688902
24.866	18.8684318
24.868	18.8679512
24.87	18.8674492
24.872	18.8669266
24.874	18.8663848
24.876	18.8658236
24.878	18.8652452
24.88	18.86465
24.882	18.8640388
24.884	18.8634132
24.886	18.862772800000002
24.888	18.86212
24.89	18.8614548
24.892	18.8607786
24.894	18.8600924
24.896	18.8593968
24.898	18.858692400000002
24.9	18.857981000000002
24.902	18.857263
24.904	18.856539599999998
24.906	18.855812
24.908	18.85508
24.91	18.854345600000002
24.912	18.8536094
24.914	18.8528722
24.916	18.8521356
24.918	18.8513998
24.92	18.8506658
24.922	18.849935000000002
24.924	18.849207800000002
24.926	18.8484854
24.928	18.847768600000002
24.93	18.8470586
24.932	18.846356200000002
24.934	18.845662400000002
24.936	18.8449782
24.938	18.8443044
24.94	18.843641599999998
24.942	18.8429912
24.944	18.8423542
24.946	18.8417314
24.948	18.8411234
24.95	18.8405316
24.952	18.8399566
24.954	18.8393996
24.956	18.8388618
24.958	18.8383434
24.96	18.8378462
24.962	18.8373698
24.964	18.8369168
24.966	18.8364866
24.968	18.8360814
24.97	18.835701800000002
24.972	18.835348
24.974	18.8350218
24.976	18.8347238
24.978	18.8344548
24.98	18.834215999999998
24.982	18.8340086
24.984	18.8338326
24.986	18.8336896
24.988	18.8335808
24.99	18.8335064
24.992	18.833471199999998
24.994	18.8334774
24.996	18.8335236
24.998	18.83361
25.0	18.8337338
25.002	18.833895
25.004	18.8340924
25.006	18.8343242
25.008	18.8345902
25.01	18.8348884
25.012	18.8352182
25.014	18.8355782
25.016	18.8359678
25.018	18.8363856
25.02	18.83683
25.022	18.8373006
25.024	18.8377956
25.026	18.8383144
25.028	18.838855600000002
25.03	18.8394182
25.032	18.8400014
25.034	18.8406036
25.036	18.8412236
25.038	18.8418606
25.04	18.8425134
25.042	18.843181
25.044	18.8438624
25.046	18.844555800000002
25.048	18.8452604
25.05	18.845975199999998
25.052	18.8466996
25.054	18.8474316
25.056	18.8481702
25.058	18.848914399999998
25.06	18.8496636
25.062	18.850416
25.064	18.8511708
25.066	18.8519272
25.068	18.8526834
25.07	18.8534382
25.072	18.854191200000002
25.074	18.8549412
25.076	18.8556866
25.078	18.856426
25.08	18.8571594
25.082	18.8578848
25.084	18.858601399999998
25.086	18.8593076
25.088	18.8600034
25.09	18.8606866
25.092	18.8613562
25.094	18.862011799999998
25.096	18.862651200000002
25.098	18.8632744
25.1	18.8638796
25.102	18.8644656
25.104	18.865031600000002
25.106	18.8655766
25.108	18.8660992
25.11	18.8665984
25.112	18.867072999999998
25.114	18.867522
25.116	18.867944
25.118	18.868338
25.12	18.8687032
25.122	18.869038
25.124	18.8693416
25.126	18.869665400000002
25.128	18.8700608
25.13	18.8705248
25.132	18.871055
25.134	18.8716492
25.136	18.872304800000002
25.138	18.873019
25.14	18.873789600000002
25.142	18.8746146
25.144	18.8754906
25.146	18.876416
25.148	18.8773878
25.15	18.8784036
25.152	18.8794612
25.154	18.880558399999998
25.156	18.8816918
25.158	18.8828596
25.16	18.8840592
25.162	18.885288
25.164	18.886544
25.166	18.8878244
25.168	18.8891272
25.17	18.8904488
25.172	18.8917874
25.174	18.893141200000002
25.176	18.894506800000002
25.178	18.895882
25.18	18.8972644
25.182	18.8986514
25.184	18.900041
25.186	18.90143
25.188	18.9028166
25.19	18.9041984
25.192	18.9055722
25.194	18.906936
25.196	18.9082874
25.198	18.909624
25.2	18.9109428
25.202	18.9122422
25.204	18.9135192
25.206	18.914771000000002
25.208	18.915996
25.21	18.9171908
25.212	18.9183538
25.214	18.9194816
25.216	18.920573
25.218	18.9216246
25.22	18.922634000000002
25.222	18.9235986
25.224	18.924517
25.226	18.9253854
25.228	18.9262022
25.23	18.926964599999998
25.232	18.9276698
25.234	18.9283164
25.236	18.928901
25.238	18.9294212
25.24	18.929875199999998
25.242	18.9302596
25.244	18.9305728
25.246	18.9308118
25.248	18.9309744
25.25	18.9310578
25.252	18.9310596
25.254	18.9309782
25.256	18.9308098
25.258	18.9305804
25.26	18.9303172
25.262	18.9300202
25.264	18.9296906
25.266	18.9293298
25.268	18.9289372
25.27	18.9285144
25.272	18.9280622
25.274	18.9275812
25.276	18.9270714
25.278	18.9265344
25.28	18.9259714
25.282	18.9253816
25.284	18.9247668
25.286	18.924128
25.288	18.923465
25.29	18.9227794
25.292	18.9220714
25.294	18.9213412
25.296	18.9205912
25.298	18.9198206
25.3	18.919031
25.302	18.9182228
25.304	18.9173964
25.306	18.916553399999998
25.308	18.915694000000002
25.31	18.9148186
25.312	18.9139288
25.314	18.913024800000002
25.316	18.9121074
25.318	18.911177000000002
25.32	18.9102348
25.322	18.9092816
25.324	18.9083178
25.326	18.907344600000002
25.328	18.9063624
25.33	18.905372
25.332	18.904374
25.334	18.9033688
25.336	18.9023584
25.338	18.901342200000002
25.34	18.9003218
25.342	18.899297
25.344	18.89827
25.346	18.89724
25.348	18.896209
25.35	18.8951768
25.352	18.8941448
25.354	18.893113
25.356	18.892083
25.358	18.891055
25.36	18.8900298
25.362	18.8890084
25.364	18.8879908
25.366	18.886979
25.368	18.8859724
25.37	18.884972400000002
25.372	18.8839802
25.374	18.8829954
25.376	18.882019800000002
25.378	18.8810538
25.38	18.8800978
25.382	18.8791526
25.384	18.8782194
25.386	18.8772986
25.388	18.8763912
25.39	18.8754642
25.392	18.8744868
25.394	18.8734596
25.396	18.872384
25.398	18.871262
25.4	18.8700946
25.402	18.8688834
25.404	18.8676298
25.406	18.8663352
25.408	18.8650016
25.41	18.8636296
25.412	18.862220999999998
25.414	18.8607772
25.416	18.8593
25.418	18.8577904
25.42	18.856250199999998
25.422	18.8546804
25.424	18.8530826
25.426	18.8514584
25.428	18.849809399999998
25.43	18.8481368
25.432	18.846442
25.434	18.8447264
25.436	18.842991599999998
25.438	18.8412392
25.44	18.8394702
25.442	18.8376864
25.444	18.8358892
25.446	18.83408
25.448	18.8322604
25.45	18.830431400000002
25.452	18.828594600000002
25.454	18.8267516
25.456	18.8249042
25.458	18.8230532
25.46	18.8212002
25.462	18.819346799999998
25.464	18.8174942
25.466	18.8156446
25.468	18.8137982
25.47	18.8119576
25.472	18.8101238
25.474	18.808298
25.476	18.806481599999998
25.478	18.8046768
25.48	18.802884
25.482	18.801105800000002
25.484	18.7993424
25.486	18.7975964
25.488	18.7958688
25.49	18.7941602
25.492	18.7924736
25.494	18.7908094
25.496	18.7891692
25.498	18.7875546
25.5	18.7859668
25.502	18.784408
25.504	18.7828782
25.506	18.7813806
25.508	18.779915199999998
25.51	18.7784842
25.512	18.777089
25.514	18.775731
25.516	18.774411
25.518	18.7731316
25.52	18.7718934
25.522	18.770653
25.524	18.769367600000002
25.526	18.7680382
25.528	18.7666662
25.53	18.7652538
25.532	18.7638018
25.534	18.7623118
25.536	18.760785
25.538	18.7592234
25.54	18.7576282
25.542	18.756000800000002
25.544	18.7543428
25.546	18.7526558
25.548	18.7509406
25.55	18.7491998
25.552	18.7474336
25.554	18.7456444
25.556	18.7438334
25.558	18.7420018
25.56	18.7401512
25.562	18.7382834
25.564	18.7363994
25.566	18.7345012
25.568	18.732590000000002
25.57	18.730667
25.572	18.7287338
25.574	18.7267922
25.576	18.7248428
25.578	18.722888400000002
25.58	18.7209294
25.582	18.7189678
25.584	18.7170046
25.586	18.715042
25.588	18.7130802
25.59	18.7111224
25.592	18.7091688
25.594	18.7072208
25.596	18.705280600000002
25.598	18.7033494
25.6	18.701428800000002
25.602	18.69952
25.604	18.697624
25.606	18.695743399999998
25.608	18.693879
25.61	18.6920322
25.612	18.6902044
25.614	18.6883978
25.616	18.686613
25.618	18.684852
25.62	18.6831158
25.622	18.6814064
25.624	18.6797246
25.626	18.678072800000002
25.628	18.6764516
25.63	18.6748628
25.632	18.6733082
25.634	18.6717886
25.636	18.670306
25.638	18.668861800000002
25.64	18.667457
25.642	18.6660936
25.644	18.6647728
25.646	18.6634958
25.648	18.6622652
25.65	18.661081199999998
25.652	18.6599458
25.654	18.65886
25.656	18.6577968
25.658	18.6567262
25.66	18.6556496
25.662	18.6545666
25.664	18.653479400000002
25.666	18.652387400000002
25.668	18.6512916
25.67	18.6501936
25.672	18.649092
25.674	18.647989600000002
25.676	18.6468858
25.678	18.6457814
25.68	18.644677
25.682	18.6435736
25.684	18.6424716
25.686	18.6413716
25.688	18.6402748
25.69	18.639181
25.692	18.6380914
25.694	18.6370066
25.696	18.635927000000002
25.698	18.6348536
25.7	18.6337866
25.702	18.632727
25.704	18.631675
25.706	18.6306322
25.708	18.6295984
25.71	18.6285742
25.712	18.627561
25.714	18.6265586
25.716	18.6255682
25.718	18.6245902
25.72	18.6236252
25.722	18.6226738
25.724	18.6217374
25.726	18.6208156
25.728	18.6199096
25.73	18.6190198
25.732	18.6181472
25.734	18.6172922
25.736	18.6164558
25.738	18.6156382
25.74	18.6148398
25.742	18.6140616
25.744	18.6133044
25.746	18.6125692
25.748	18.6118558
25.75	18.6111654
25.752	18.610498200000002
25.754	18.609855
25.756	18.609237
25.758	18.6086438
25.76	18.6080774
25.762	18.6075372
25.764	18.6070246
25.766	18.606539599999998
25.768	18.6060838
25.77	18.605657
25.772	18.6052598
25.774	18.6048936
25.776	18.604558400000002
25.778	18.604255600000002
25.78	18.6039846
25.782	18.6037472
25.784	18.603543600000002
25.786	18.6033744
25.788	18.6032594
25.79	18.6032164
25.792	18.6032436
25.794	18.603339
25.796	18.6035006
25.798	18.6037262
25.8	18.6040132
25.802	18.604361
25.804	18.6047662
25.806	18.6052268
25.808	18.6057418
25.81	18.6063084
25.812	18.6069248
25.814	18.6075886
25.816	18.6082982
25.818	18.6090516
25.82	18.609846
25.822	18.610680000000002
25.824	18.6115516
25.826	18.612459
25.828	18.6133994
25.83	18.6143712
25.832	18.615372
25.834	18.6164
25.836	18.617453400000002
25.838	18.618530200000002
25.84	18.6196278
25.842	18.620744600000002
25.844	18.6218784
25.846	18.6230272
25.848	18.6241888
25.85	18.6253618
25.852	18.6265428
25.854	18.6277312
25.856	18.6289242
25.858	18.6301202
25.86	18.631316599999998
25.862	18.6325114
25.864	18.6337036
25.866	18.6348894
25.868	18.6360682
25.87	18.6372378
25.872	18.638395199999998
25.874	18.6395396
25.876	18.6406678
25.878	18.6417784
25.88	18.642869400000002
25.882	18.6439388
25.884	18.644984
25.886	18.6460036
25.888	18.646995
25.89	18.6479566
25.892	18.6488866
25.894	18.649782000000002
25.896	18.6506412
25.898	18.6514628
25.9	18.652244
25.902	18.652983
25.904	18.6536778
25.906	18.6543262
25.908	18.6549266
25.91	18.655476399999998
25.912	18.655973799999998
25.914	18.656416200000002
25.916	18.656803
25.918	18.657130600000002
25.92	18.657398
25.922	18.6576604
25.924	18.657974
25.926	18.658337
25.928	18.658747599999998
25.93	18.6592038
25.932	18.659703999999998
25.934	18.6602458
25.936	18.660828000000002
25.938	18.6614484
25.94	18.662105
25.942	18.662795799999998
25.944	18.6635198
25.946	18.6642746
25.948	18.665058000000002
25.95	18.6658686
25.952	18.666705
25.954	18.6675642
25.956	18.668445
25.958	18.669345200000002
25.96	18.6702636
25.962	18.6711978
25.964	18.6721462
25.966	18.6731066
25.968	18.6740778
25.97	18.675057199999998
25.972	18.6760434
25.974	18.6770342
25.976	18.678028400000002
25.978	18.6790232
25.98	18.6800174
25.982	18.6810092
25.984	18.6819962
25.986	18.682977
25.988	18.6839498
25.99	18.6849126
25.992	18.685863400000002
25.994	18.6868004
25.996	18.6877216
25.998	18.6886256
26.0	18.6895102
26.002	18.6903732
26.004	18.691214000000002
26.006	18.6920294
26.008	18.692818
26.01	18.693578000000002
26.012	18.694307600000002
26.014	18.6950052
26.016	18.6956686
26.018	18.6962956
26.02	18.696885
26.022	18.6974342
26.024	18.6979422
26.026	18.698407
26.028	18.6988262
26.03	18.699198
26.032	18.699521
26.034	18.699793200000002
26.036	18.7000126
26.038	18.700177
26.04	18.7002852
26.042	18.7003354
26.044	18.7003254
26.046	18.7002534
26.048	18.700117
26.05	18.6999152
26.052	18.6996458
26.054	18.699345
26.056	18.6990498
26.058	18.6987594
26.06	18.698473800000002
26.062	18.698192
26.064	18.697914
26.066	18.6976394
26.068	18.6973676
26.07	18.6970976
26.072	18.6968296
26.074	18.6965626
26.076	18.696297
26.078	18.696031400000003
26.08	18.6957658
26.082	18.6954998
26.084	18.6952328
26.086	18.6949638
26.088	18.6946934
26.09	18.6944202
26.092	18.6941446
26.094	18.6938652
26.096	18.6935824
26.098	18.6932948
26.1	18.6930026
26.102	18.6927054
26.104	18.6924022
26.106	18.692093200000002
26.108	18.6917776
26.11	18.6914542
26.112	18.6911238
26.114	18.6907858
26.116	18.6904386
26.118	18.6900828
26.12	18.6897172
26.122	18.6893418
26.124	18.6889566
26.126	18.6885598
26.128	18.6881522
26.13	18.687733
26.132	18.687300999999998
26.134	18.6868566
26.136	18.6863994
26.138	18.6859282
26.14	18.6854428
26.142	18.684943
26.144	18.684428
26.146	18.6838978
26.148	18.6833514
26.15	18.682788600000002
26.152	18.682208799999998
26.154	18.6816118
26.156	18.6809972
26.158	18.680364
26.16	18.6797122
26.162	18.6790408
26.164	18.6783502
26.166	18.6776394
26.168	18.6769074
26.17	18.676155
26.172	18.6753806
26.174	18.674584199999998
26.176	18.6737656
26.178	18.672923400000002
26.18	18.6720584
26.182	18.6711692
26.184	18.670256000000002
26.186	18.6693176
26.188	18.668315200000002
26.19	18.6672114
26.192	18.6660098
26.194	18.6647128
26.196	18.6633232
26.198	18.661844600000002
26.2	18.6602796
26.202	18.658631200000002
26.204	18.656902600000002
26.206	18.655096399999998
26.208	18.653215799999998
26.21	18.6512636
26.212	18.6492428
26.214	18.647156000000003
26.216	18.645007
26.218	18.6427982
26.22	18.6405332
26.222	18.638213999999998
26.224	18.635844
26.226	18.633426
26.228	18.6309636
26.23	18.6284588
26.232	18.6259154
26.234	18.6233362
26.236	18.620723599999998
26.238	18.6180814
26.24	18.6154116
26.242	18.612718
26.244	18.6100034
26.246	18.60727
26.248	18.604522
26.25	18.6017612
26.252	18.5989918
26.254	18.5962156
26.256	18.593436
26.258	18.590656199999998
26.26	18.5878786
26.262	18.5851066
26.264	18.5823434
26.266	18.5795916
26.268	18.576854
26.27	18.5741338
26.272	18.5714338
26.274	18.5687574
26.276	18.5661072
26.278	18.563486
26.28	18.5608972
26.282	18.5583432
26.284	18.555827999999998
26.286	18.5533532
26.288	18.550922800000002
26.29	18.5485394
26.292	18.5462058
26.294	18.5439252
26.296	18.5417002
26.298	18.5395344
26.3	18.5374306
26.302	18.5353912
26.304	18.5334194
26.306	18.5315188
26.308	18.5296916
26.31	18.527941
26.312	18.5262702
26.314	18.5246818
26.316	18.523179
26.318	18.5217646
26.32	18.5203756
26.322	18.518948
26.324	18.517483
26.326	18.5159824
26.328	18.514447
26.33	18.5128788
26.332	18.511279000000002
26.334	18.5096486
26.336	18.5079898
26.338	18.506303199999998
26.34	18.504590399999998
26.342	18.5028532
26.344	18.501092800000002
26.346	18.4993108
26.348	18.4975078
26.35	18.4956864
26.352	18.4938468
26.354	18.4919914
26.356	18.4901208
26.358	18.4882368
26.36	18.4863408
26.362	18.4844344
26.364	18.482519
26.366	18.4805954
26.368	18.4786656
26.37	18.4767306
26.372	18.4747924
26.374	18.4728516
26.376	18.47091
26.378	18.4689692
26.38	18.4670304
26.382	18.4650948
26.384	18.4631642
26.386	18.4612396
26.388	18.4593232
26.39	18.457415400000002
26.392	18.455518
26.394	18.4536326
26.396	18.451760200000002
26.398	18.4499024
26.4	18.4480608
26.402	18.446237
26.404	18.4444316
26.406	18.4426468
26.408	18.440883
26.41	18.439143
26.412	18.4374268
26.414	18.435737
26.416	18.4340742
26.418	18.432440200000002
26.42	18.4308366
26.422	18.429264
26.424	18.4277242
26.426	18.4262188
26.428	18.4247492
26.43	18.4233164
26.432	18.421922600000002
26.434	18.4205684
26.436	18.4192556
26.438	18.4179852
26.44	18.4167588
26.442	18.4155782
26.444	18.4144448
26.446	18.4133594
26.448	18.4123238
26.45	18.4113392
26.452	18.410407
26.454	18.4095328
26.456	18.4087198
26.458	18.4079664
26.46	18.4072708
26.462	18.406630800000002
26.464	18.4060458
26.466	18.4055136
26.468	18.4050324
26.47	18.404601
26.472	18.404217
26.474	18.4038794
26.476	18.4035868
26.478	18.4033364
26.48	18.4031276
26.482	18.4029578
26.484	18.4028262
26.486	18.4027308
26.488	18.4026702
26.49	18.402642
26.492	18.4026454
26.494	18.4026784
26.496	18.4027388
26.498	18.4028256
26.5	18.4029372
26.502	18.4030718
26.504	18.4032276
26.506	18.4034026
26.508	18.403595799999998
26.51	18.4038056
26.512	18.4040292
26.514	18.404266200000002
26.516	18.4045146
26.518	18.4047726
26.52	18.4050382
26.522	18.4053104
26.524	18.405587
26.526	18.4058664
26.528	18.406147400000002
26.53	18.4064282
26.532	18.4067066
26.534	18.4069814
26.536	18.4072512
26.538	18.4075134
26.54	18.407767200000002
26.542	18.4080108
26.544	18.408242
26.546	18.408459999999998
26.548	18.4086626
26.55	18.4088482
26.552	18.409015
26.554	18.409161400000002
26.556	18.4092858
26.558	18.409387000000002
26.56	18.4094622
26.562	18.409511000000002
26.564	18.409531
26.566	18.409520999999998
26.568	18.4094786
26.57	18.4094026
26.572	18.4092916
26.574	18.4091432
26.576	18.4089568
26.578	18.4087298
26.58	18.408461
26.582	18.4081486
26.584	18.407791
26.586	18.4074242
26.588	18.4070852
26.59	18.4067734
26.592	18.4064878
26.594	18.4062274
26.596	18.405991800000002
26.598	18.405780200000002
26.6	18.4055908
26.602	18.4054244
26.604	18.405279
26.606	18.405154
26.608	18.4050492
26.61	18.4049628
26.612	18.4048952
26.614	18.4048442
26.616	18.4048102
26.618	18.4047916
26.62	18.4047878
26.622	18.4047984
26.624	18.404822199999998
26.626	18.404858400000002
26.628	18.4049062
26.63	18.404964800000002
26.632	18.405034
26.634	18.405111599999998
26.636	18.405198
26.638	18.4052918
26.64	18.405393
26.642	18.4054998
26.644	18.4056118
26.646	18.4057282
26.648	18.4058478
26.65	18.4059708
26.652	18.406095399999998
26.654	18.4062212
26.656	18.4063472
26.658	18.406473
26.66	18.4065974
26.662	18.406719600000002
26.664	18.4068388
26.666	18.4069546
26.668	18.407065799999998
26.67	18.407171599999998
26.672	18.4072712
26.674	18.4073638
26.676	18.407449
26.678	18.4075254
26.68	18.4075926
26.682	18.4076494
26.684	18.4076952
26.686	18.4077294
26.688	18.407751
26.69	18.407759
26.692	18.4077528
26.694	18.4077314
26.696	18.4076946
26.698	18.4076408
26.7	18.4075698
26.702	18.40748
26.704	18.4073718
26.706	18.4072436
26.708	18.4070944
26.71	18.406924
26.712	18.406731
26.714	18.406515
26.716	18.4062752
26.718	18.4060104
26.72	18.4056996
26.722	18.4053234
26.724	18.4048832
26.726	18.404382
26.728	18.4038222
26.73	18.403205200000002
26.732	18.4025334
26.734	18.4018096
26.736	18.4010352
26.738	18.4002126
26.74	18.3993448
26.742	18.398433
26.744	18.3974798
26.746	18.3964876
26.748	18.3954586
26.75	18.3943942
26.752	18.3932976
26.754	18.392170800000002
26.756	18.391015799999998
26.758	18.3898348
26.76	18.3886298
26.762	18.3874034
26.764	18.3861578
26.766	18.3848946
26.768	18.3836172
26.77	18.382327
26.772	18.3810256
26.774	18.3797168
26.776	18.3784012
26.778	18.3770818
26.78	18.375760800000002
26.782	18.3744406
26.784	18.373122600000002
26.786	18.3718098
26.788	18.3705042
26.79	18.369207799999998
26.792	18.3679232
26.794	18.3666524
26.796	18.3653968
26.798	18.36416
26.8	18.3629434
26.802	18.3617494
26.804	18.3605802
26.806	18.3594382
26.808	18.3583254
26.81	18.3572434
26.812	18.356195200000002
26.814	18.3551834
26.816	18.3542092
26.818	18.3532752
26.82	18.3523834
26.822	18.3515366
26.824	18.350736400000002
26.826	18.3499854
26.828	18.3492854
26.83	18.3486394
26.832	18.3480486
26.834	18.3475154
26.836	18.3470428
26.838	18.3466324
26.84	18.3462862
26.842	18.3460068
26.844	18.3457964
26.846	18.345657199999998
26.848	18.345591
26.85	18.345600400000002
26.852	18.345631400000002
26.854	18.345629600000002
26.856	18.3455962
26.858	18.3455322
26.86	18.3454408
26.862	18.3453216
26.864	18.345177
26.866	18.345008200000002
26.868	18.344817
26.87	18.3446044
26.872	18.344372200000002
26.874	18.3441222
26.876	18.3438552
26.878	18.343573
26.88	18.343276799999998
26.882	18.3429688
26.884	18.3426498
26.886	18.3423212
26.888	18.341985
26.89	18.341642800000002
26.892	18.341295600000002
26.894	18.3409446
26.896	18.3405918
26.898	18.3402388
26.9	18.3398866
26.902	18.339537
26.904	18.339191800000002
26.906	18.3388512
26.908	18.338518399999998
26.91	18.3381932
26.912	18.3378786
26.914	18.3375752
26.916	18.3372844
26.918	18.337008400000002
26.92	18.336748
26.922	18.3365048
26.924	18.3362802
26.926	18.3360762
26.928	18.3358934
26.93	18.3357342
26.932	18.3355998
26.934	18.3354916
26.936	18.3354104
26.938	18.335359
26.94	18.335338
26.942	18.335349
26.944	18.3353932
26.946	18.335473
26.948	18.3355892
26.95	18.3357432
26.952	18.3359368
26.954	18.336171
26.956	18.336448
26.958	18.336769
26.96	18.3371352
26.962	18.3375482
26.964	18.338009200000002
26.966	18.3385204
26.968	18.3390826
26.97	18.3396976
26.972	18.3403672
26.974	18.3410924
26.976	18.341875
26.978	18.3427156
26.98	18.3436168
26.982	18.3445796
26.984	18.3456052
26.986	18.3467244
26.988	18.3479636
26.99	18.3493198
26.992	18.350789
26.994	18.3523678
26.996	18.354052799999998
26.998	18.355840999999998
27.0	18.3577284
27.002	18.359711
27.004	18.3617862
27.006	18.3639506
27.008	18.3661998
27.01	18.3685316
27.012	18.370941000000002
27.014	18.3734258
27.016	18.3759816
27.018	18.3786056
27.02	18.381294
27.022	18.3840436
27.024	18.386850600000002
27.026	18.3897118
27.028	18.392622799999998
27.03	18.3955816
27.032	18.3985838
27.034	18.401626
27.036	18.4047048
27.038	18.4078168
27.04	18.4109582
27.042	18.4141262
27.044	18.417316200000002
27.046	18.4205264
27.048	18.4237516
27.05	18.4269894
27.052	18.4302358
27.054	18.433487200000002
27.056	18.4367408
27.058	18.4399922
27.06	18.443239
27.062	18.4464772
27.064	18.449703
27.066	18.4529132
27.068	18.4561042
27.07	18.4592728
27.072	18.4624156
27.074	18.4655284
27.076	18.4686082
27.078	18.4716518
27.08	18.474655
27.082	18.477615200000002
27.084	18.480528200000002
27.086	18.4833912
27.088	18.4861998
27.09	18.488951
27.092	18.4916414
27.094	18.4942678
27.096	18.496826
27.098	18.4993132
27.1	18.5017256
27.102	18.5040592
27.104	18.5063112
27.106	18.5084784
27.108	18.5105566
27.11	18.5125426
27.112	18.5144332
27.114	18.5162242
27.116	18.517912799999998
27.118	18.5195984
27.12	18.5213812
27.122	18.523258
27.124	18.525225
27.126	18.527278799999998
27.128	18.529416400000002
27.13	18.5316338
27.132	18.5339282
27.134	18.5362966
27.136	18.5387348
27.138	18.5412396
27.14	18.5438078
27.142	18.546435600000002
27.144	18.5491202
27.146	18.551858199999998
27.148	18.5546464
27.15	18.557480599999998
27.152	18.5603578
27.154	18.5632752
27.156	18.5662282
27.158	18.569214600000002
27.16	18.5722306
27.162	18.5752728
27.164	18.578338000000002
27.166	18.5814226
27.168	18.584523
27.17	18.5876364
27.172	18.5907592
27.174	18.593887600000002
27.176	18.597019
27.178	18.6001494
27.18	18.6032756
27.182	18.6063946
27.184	18.6095022
27.186	18.6125958
27.188	18.615672
27.19	18.618726600000002
27.192	18.6217568
27.194	18.6247596
27.196	18.6277312
27.198	18.630668
27.2	18.6335672
27.202	18.6364248
27.204	18.6392382
27.206	18.642003
27.208	18.644716600000002
27.21	18.6473754
27.212	18.6499762
27.214	18.6525152
27.216	18.6549896
27.218	18.6573956
27.22	18.6597298
27.222	18.661989
27.224	18.6641702
27.226	18.666269200000002
27.228	18.6682828
27.23	18.6702084
27.232	18.672041200000002
27.234	18.6737798
27.236	18.6754192
27.238	18.6769566
27.24	18.6783884
27.242	18.6797116
27.244	18.6809228
27.246	18.6820182
27.248	18.6829946
27.25	18.6838488
27.252	18.684626
27.254	18.6853742
27.256	18.6860928
27.258	18.6867822
27.26	18.6874436
27.262	18.6880768
27.264	18.6886824
27.266	18.689260400000002
27.268	18.689811
27.27	18.6903346
27.272	18.690832
27.274	18.6913026
27.276	18.6917476
27.278	18.6921672
27.28	18.692560999999998
27.282	18.69293
27.284	18.6932744
27.286	18.693594400000002
27.288	18.6938904
27.29	18.6941622
27.292	18.6944112
27.294	18.6946366
27.296	18.6948394
27.298	18.69502
27.3	18.6951778
27.302	18.6953142
27.304	18.6954292
27.306	18.6955226
27.308	18.6955956
27.31	18.6956476
27.312	18.6956796
27.314	18.6956914
27.316	18.6956834
27.318	18.695656200000002
27.32	18.6956104
27.322	18.6955456
27.324	18.695462
27.326	18.695361
27.328	18.695241799999998
27.33	18.6951054
27.332	18.6949518
27.334	18.6947816
27.336	18.6945948
27.338	18.694392
27.34	18.6941732
27.342	18.6939386
27.344	18.6936888
27.346	18.6934246
27.348	18.6931452
27.35	18.6928518
27.352	18.6925448
27.354	18.6922234
27.356	18.6918892
27.358	18.691542
27.36	18.691181999999998
27.362	18.6908096
27.364	18.690424800000002
27.366	18.690028599999998
27.368	18.6896208
27.37	18.6892022
27.372	18.6887726
27.374	18.6883324
27.376	18.6878822
27.378	18.6874222
27.38	18.6869524
27.382	18.686473200000002
27.384	18.6859168
27.386	18.6852168
27.388	18.684378000000002
27.39	18.6834038
27.392	18.6822986
27.394	18.6810664
27.396	18.6797116
27.398	18.6782382
27.4	18.6766504
27.402	18.674952400000002
27.404	18.6731476
27.406	18.6712412
27.408	18.669236599999998
27.41	18.6671384
27.412	18.6649502
27.414	18.6626766
27.416	18.6603216
27.418	18.6578892
27.42	18.655383399999998
27.422	18.652808999999998
27.424	18.6501692
27.426	18.6474688
27.428	18.6447118
27.43	18.6419018
27.432	18.6390436
27.434	18.636141600000002
27.436	18.6331986
27.438	18.6302202
27.44	18.6272096
27.442	18.6241712
27.444	18.621108800000002
27.446	18.618026999999998
27.448	18.61493
27.45	18.611822
27.452	18.6087064
27.454	18.605587800000002
27.456	18.6024702
27.458	18.599358000000002
27.46	18.5962552
27.462	18.5931652
27.464	18.5900934
27.466	18.5870436
27.468	18.584018999999998
27.47	18.581025
27.472	18.5780648
27.474	18.575142800000002
27.476	18.572263
27.478	18.5694298
27.48	18.5666474
27.482	18.5639194
27.484	18.5612506
27.486	18.5586446
27.488	18.556106
27.49	18.5536384
27.492	18.551246
27.494	18.5489334
27.496	18.546704599999998
27.498	18.5445632
27.5	18.5425136
27.502	18.5405606
27.504	18.5387072
27.506	18.5369586
27.508	18.5353178
27.51	18.53379
27.512	18.5323786
27.514	18.5310878
27.516	18.5299218
27.518	18.5287842
27.52	18.5275748
27.522	18.526297800000002
27.524	18.5249552
27.526	18.5235494
27.528	18.522083600000002
27.53	18.5205596
27.532	18.5189804
27.534	18.517349
27.536	18.5156672
27.538	18.5139382
27.54	18.5121644
27.542	18.5103486
27.544	18.5084928
27.546	18.5066002
27.548	18.5046734
27.55	18.502715000000002
27.552	18.500726999999998
27.554	18.498712400000002
27.556	18.496674
27.558	18.4946144
27.56	18.492536
27.562	18.4904412
27.564	18.4883326
27.566	18.4862136
27.568	18.4840858
27.57	18.481952
27.572	18.4798158
27.574	18.4776782
27.576	18.4755434
27.578	18.4734128
27.58	18.4712894
27.582	18.4691756
27.584	18.4670748
27.586	18.464988599999998
27.588	18.4629206
27.59	18.460872000000002
27.592	18.4588468
27.594	18.456847
27.596	18.4548748
27.598	18.4529336
27.6	18.4510258
27.602	18.4491532
27.604	18.447319800000002
27.606	18.445527
27.608	18.4437778
27.61	18.442075
27.612	18.440421
27.614	18.438818400000002
27.616	18.4372696
27.618	18.435778
27.62	18.434345
27.622	18.4329742
27.624	18.4316676
27.626	18.4304284
27.628	18.4292586
27.63	18.4281614
27.632	18.4271386
27.634	18.4261936
27.636	18.4253282
27.638	18.424545600000002
27.64	18.4238484
27.642	18.423239000000002
27.644	18.4227198
27.646	18.422294
27.648	18.421963599999998
27.65	18.421695
27.652	18.4214524
27.654	18.4212354
27.656	18.421044600000002
27.658	18.4208792
27.66	18.420740000000002
27.662	18.420626
27.664	18.420537799999998
27.666	18.4204754
27.668	18.4204382
27.67	18.4204262
27.672	18.42044
27.674	18.4204792
27.676	18.420543600000002
27.678	18.4206332
27.68	18.4207476
27.682	18.420887399999998
27.684	18.4210524
27.686	18.421242
27.688	18.4214572
27.69	18.421697
27.692	18.4219616
27.694	18.422250599999998
27.696	18.4225648
27.698	18.4229034
27.7	18.4232668
27.702	18.4236548
27.704	18.4240674
27.706	18.4245042
27.708	18.4249652
27.71	18.4254512
27.712	18.4259608
27.714	18.426495
27.716	18.4270532
27.718	18.427636
27.72	18.428242
27.722	18.428873
27.724	18.4295272
27.726	18.4302056
27.728	18.4309076
27.73	18.4316338
27.732	18.4323834
27.734	18.4331568
27.736	18.433953600000002
27.738	18.4347742
27.74	18.4356182
27.742	18.4364856
27.744	18.437376399999998
27.746	18.438291
27.748	18.4392284
27.75	18.4401892
27.752	18.441173
27.754	18.44218
27.756	18.44321
27.758	18.4442634
27.76	18.4453396
27.762	18.4464382
27.764	18.447560199999998
27.766	18.4487046
27.768	18.4498718
27.77	18.451062
27.772	18.4522746
27.774	18.4535102
27.776	18.4547676
27.778	18.4560478
27.78	18.4573502
27.782	18.458675200000002
27.784	18.460078
27.786	18.461611599999998
27.788	18.463272
27.79	18.465055800000002
27.792	18.4669584
27.794	18.4689768
27.796	18.4711068
27.798	18.4733452
27.8	18.4756868
27.802	18.4781288
27.804	18.4806674
27.806	18.4832982
27.808	18.486018
27.81	18.4888224
27.812	18.491707599999998
27.814	18.4946702
27.816	18.4977062
27.818	18.500812
27.82	18.5039834
27.822	18.5072164
27.824	18.5105074
27.826	18.513853
27.828	18.5172484
27.83	18.5206908
27.832	18.524176
27.834	18.5276998
27.836	18.531259
27.838	18.5348494
27.84	18.5384672
27.842	18.5421084
27.844	18.5457696
27.846	18.5494464
27.848	18.5531358
27.85	18.5568332
27.852	18.5605348
27.854	18.5642374
27.856	18.5679368
27.858	18.5716288
27.86	18.57531
27.862	18.578977000000002
27.864	18.582624799999998
27.866	18.5862506
27.868	18.5898502
27.87	18.5934198
27.872	18.5969556
27.874	18.6004538
27.876	18.6039102
27.878	18.6073216
27.88	18.6106832
27.882	18.6139926
27.884	18.617245
27.886	18.620436599999998
27.888	18.6235636
27.89	18.6266226
27.892	18.6296094
27.894	18.63252
27.896	18.635351
27.898	18.6380986
27.9	18.6407584
27.902	18.643327
27.904	18.6458004
27.906	18.648175000000002
27.908	18.650447200000002
27.91	18.652611999999998
27.912	18.6546672
27.914	18.656608
27.916	18.658540000000002
27.918	18.6605704
27.92	18.6626958
27.922	18.6649116
27.924	18.6672152
27.926	18.6696028
27.928	18.6720708
27.93	18.674615799999998
27.932	18.6772344
27.934	18.6799234
27.936	18.6826786
27.938	18.6854972
27.94	18.688375399999998
27.942	18.6913092
27.944	18.6942962
27.946	18.6973318
27.948	18.700413
27.95	18.703536800000002
27.952	18.706698799999998
27.954	18.709896399999998
27.956	18.713124999999998
27.958	18.7163824
27.96	18.719664
27.962	18.7229666
27.964	18.7262872
27.966	18.7296218
27.968	18.7329672
27.97	18.7363198
27.972	18.7396758
27.974	18.7430324
27.976	18.7463854
27.978	18.7497314
27.98	18.7530674
27.982	18.7563894
27.984	18.7596944
27.986	18.7629784
27.988	18.7662386
27.99	18.7694706
27.992	18.772671
27.994	18.775837199999998
27.996	18.7789648
27.998	18.782051
28.0	18.7850918
28.002	18.7880838
28.004	18.791024
28.006	18.793908000000002
28.008	18.7967328
28.01	18.799495
28.012	18.8021912
28.014	18.8048176
28.016	18.8073706
28.018	18.8098472
28.02	18.8122434
28.022	18.814556
28.024	18.8167814
28.026	18.8189162
28.028	18.820956600000002
28.03	18.8228996
28.032	18.8247412
28.034	18.8264788
28.036	18.8281076
28.038	18.829625
28.04	18.8310274
28.042	18.832311
28.044	18.8334726
28.046	18.834508800000002
28.048	18.8354156
28.05	18.8362272
28.052	18.8369812
28.054	18.8376788
28.056	18.8383206
28.058	18.8389086
28.06	18.8394436
28.062	18.839927
28.064	18.84036
28.066	18.8407444
28.068	18.841081
28.07	18.841371000000002
28.072	18.8416156
28.074	18.8418162
28.076	18.8419746
28.078	18.8420914
28.08	18.8421678
28.082	18.8422054
28.084	18.8422054
28.086	18.8421692
28.088	18.842098
28.09	18.8419928
28.092	18.8418548
28.094	18.841686
28.096	18.8414872
28.098	18.8412594
28.1	18.8410042
28.102	18.8407228
28.104	18.8404162
28.106	18.8400864
28.108	18.839734
28.11	18.8393606
28.112	18.8389672
28.114	18.838555200000002
28.116	18.838125599999998
28.118	18.8376802
28.12	18.837220000000002
28.122	18.836745999999998
28.124	18.836260199999998
28.126	18.8357634
28.128	18.8352564
28.13	18.834741
28.132	18.834218800000002
28.134	18.833690400000002
28.136	18.8331574
28.138	18.832621
28.14	18.8320826
28.142	18.8315428
28.144	18.831004
28.146	18.8304666
28.148	18.829932
28.15	18.8294018
28.152	18.8288772
28.154	18.8283594
28.156	18.8278492
28.158	18.8273486
28.16	18.8268584
28.162	18.8263802
28.164	18.8259148
28.166	18.825464
28.168	18.8250288
28.17	18.82461
28.172	18.82421
28.174	18.823829
28.176	18.823469
28.178	18.823131
28.18	18.8228158
28.182	18.8224458
28.184	18.821944000000002
28.186	18.8213152
28.188	18.820562199999998
28.19	18.8196896
28.192	18.8187012
28.194	18.8176006
28.196	18.816391799999998
28.198	18.815079
28.2	18.8136658
28.202	18.8121556
28.204	18.810553
28.206	18.808861999999998
28.208	18.8070858
28.21	18.805229
28.212	18.803295
28.214	18.8012874
28.216	18.7992108
28.218	18.797069
28.22	18.7948654
28.222	18.7926048
28.224	18.7902898
28.226	18.787925
28.228	18.7855142
28.23	18.7830618
28.232	18.7805708
28.234	18.7780456
28.236	18.7754896
28.238	18.7729076
28.24	18.7703026
28.242	18.767679
28.244	18.7650402
28.246	18.762391
28.248	18.759734
28.25	18.757074199999998
28.252	18.7544148
28.254	18.751760400000002
28.256	18.7491144
28.258	18.7464804
28.26	18.7438624
28.262	18.7412646
28.264	18.738691199999998
28.266	18.736145399999998
28.268	18.7336314
28.27	18.7311528
28.272	18.7287144
28.274	18.7263186
28.276	18.7239708
28.278	18.721673799999998
28.28	18.719431800000002
28.282	18.7172488
28.284	18.715128800000002
28.286	18.7130754
28.288	18.7110928
28.29	18.709184399999998
28.292	18.7073544
28.294	18.7056072
28.296	18.703945400000002
28.298	18.7023744
28.3	18.700896999999998
28.302	18.699517
28.304	18.6982392
28.306	18.6970672
28.308	18.6960042
28.31	18.6950548
28.312	18.6942222
28.314	18.6935114
28.316	18.6928594
28.318	18.692201400000002
28.32	18.6915378
28.322	18.6908692
28.324	18.690195799999998
28.326	18.6895178
28.328	18.688835400000002
28.33	18.688149199999998
28.332	18.6874594
28.334	18.686766
28.336	18.6860694
28.338	18.6853702
28.34	18.6846688
28.342	18.683965
28.344	18.6832594
28.346	18.6825518
28.348	18.6818432
28.35	18.6811336
28.352	18.6804232
28.354	18.679712600000002
28.356	18.6790016
28.358	18.6782912
28.36	18.6775812
28.362	18.6768716
28.364	18.676163600000002
28.366	18.6754568
28.368	18.6747516
28.37	18.6740482
28.372	18.6733474
28.374	18.672649200000002
28.376	18.671954
28.378	18.6712616
28.38	18.670573
28.382	18.669887799999998
28.384	18.669207
28.386	18.6685308
28.388	18.667859
28.39	18.667191799999998
28.392	18.6665304
28.394	18.6658744
28.396	18.6652244
28.398	18.6645802
28.4	18.6639426
28.402	18.663311800000002
28.404	18.662688199999998
28.406	18.662072000000002
28.408	18.6614632
28.41	18.6608622
28.412	18.66027
28.414	18.659686
28.416	18.6591108
28.418	18.6585448
28.42	18.6579884
28.422	18.6574414
28.424	18.656905000000002
28.426	18.6563786
28.428	18.6558626
28.43	18.655358200000002
28.432	18.6548646
28.434	18.654382599999998
28.436	18.653912
28.438	18.6534542
28.44	18.6530084
28.442	18.6525754
28.444	18.6521558
28.446	18.651749000000002
28.448	18.651388400000002
28.45	18.6511052
28.452	18.650897399999998
28.454	18.650762399999998
28.456	18.650698
28.458	18.6507018
28.46	18.6507724
28.462	18.6509068
28.464	18.6511028
28.466	18.6513584
28.468	18.6516718
28.47	18.6520404
28.472	18.6524614
28.474	18.652933400000002
28.476	18.6534542
28.478	18.654021200000003
28.48	18.654632
28.482	18.6552848
28.484	18.655977
28.486	18.6567072
28.488	18.657472
28.49	18.6582702
28.492	18.659098999999998
28.494	18.6599568
28.496	18.660840399999998
28.498	18.661748199999998
28.5	18.662678
28.502	18.663628
28.504	18.664595
28.506	18.6655772
28.508	18.6665724
28.51	18.6675786
28.512	18.6685932
28.514	18.6696146
28.516	18.6706404
28.518	18.6716674
28.52	18.6726946
28.522	18.6737192
28.524	18.6747392
28.526	18.675752
28.528	18.6767562
28.53	18.6777486
28.532	18.678728
28.534	18.6796912
28.536	18.680636200000002
28.538	18.6815614
28.54	18.682464
28.542	18.6833418
28.544	18.684193
28.546	18.6850156
28.548	18.685806200000002
28.55	18.6865634
28.552	18.6872848
28.554	18.687968599999998
28.556	18.6886124
28.558	18.6892132
28.56	18.689769599999998
28.562	18.6902794
28.564	18.6907404
28.566	18.6911496
28.568	18.6915058
28.57	18.691806200000002
28.572	18.6920484
28.574	18.692231
28.576	18.6923508
28.578	18.692406599999998
28.58	18.692395
28.582	18.692355
28.584	18.6923254
28.586	18.692305400000002
28.588	18.692295
28.59	18.6922934
28.592	18.6923012
28.594	18.6923164
28.596	18.6923398
28.598	18.6923702
28.6	18.692408
28.602	18.6924518
28.604	18.692501800000002
28.606	18.6925576
28.608	18.6926182
28.61	18.692684
28.612	18.6927536
28.614	18.6928276
28.616	18.6929052
28.618	18.692985399999998
28.62	18.6930684
28.622	18.6931538
28.624	18.6932404
28.626	18.6933288
28.628	18.6934184
28.63	18.693508
28.632	18.6935976
28.634	18.693686800000002
28.636	18.693775600000002
28.638	18.693862799999998
28.64	18.6939486
28.642	18.694032
28.644	18.6941132
28.646	18.6941914
28.648	18.6942662
28.65	18.6943372
28.652	18.694404
28.654	18.694466
28.656	18.6945232
28.658	18.6945746
28.66	18.69462
28.662	18.6946596
28.664	18.694692
28.666	18.694716800000002
28.668	18.6947344
28.67	18.694744
28.672	18.694745
28.674	18.6947368
28.676	18.6947196
28.678	18.6946924
28.68	18.694654800000002
28.682	18.6946066
28.684	18.6945476
28.686	18.694477
28.688	18.6943944
28.69	18.6942996
28.692	18.6941918
28.694	18.6940712
28.696	18.6939362
28.698	18.6937878
28.7	18.6936244
28.702	18.6934464
28.704	18.6932528
28.706	18.6930436
28.708	18.692818
28.71	18.692576199999998
28.712	18.6923168
28.714	18.6920188
28.716	18.6916612
28.718	18.6912458
28.72	18.6907742
28.722	18.6902484
28.724	18.68967
28.726	18.68904
28.728	18.6883606
28.73	18.6876334
28.732	18.68686
28.734	18.6860422
28.736	18.6851814
28.738	18.6842792
28.74	18.683338
28.742	18.6823582
28.744	18.6813424
28.746	18.6802924
28.748	18.679209
28.75	18.6780948
28.752	18.6769504
28.754	18.6757782
28.756	18.6745794
28.758	18.6733564
28.76	18.6721104
28.762	18.670842999999998
28.764	18.669555600000002
28.766	18.668250399999998
28.768	18.6669286
28.77	18.6655926
28.772	18.664243
28.774	18.6628816
28.776	18.6615112
28.778	18.6601322
28.78	18.658746999999998
28.782	18.657357
28.784	18.655963800000002
28.786	18.654569000000002
28.788	18.653174800000002
28.79	18.651781800000002
28.792	18.6503928
28.794	18.649008600000002
28.796	18.647631
28.798	18.646262399999998
28.8	18.6449036
28.802	18.6435564
28.804	18.6422228
28.806	18.6409038
28.808	18.639602
28.81	18.6383184
28.812	18.6370552
28.814	18.635813
28.816	18.634594800000002
28.818	18.6334012
28.82	18.632234
28.822	18.6310958
28.824	18.629987
28.826	18.62891
28.828	18.6278662
28.83	18.6268572
28.832	18.6258848
28.834	18.6249508
28.836	18.6240566
28.838	18.623204
28.84	18.6223944
28.842	18.62163
28.844	18.620912
28.846	18.620242
28.848	18.6195802
28.85	18.6188872
28.852	18.618164
28.854	18.617412
28.856	18.6166318
28.858	18.6158256
28.86	18.6149938
28.862	18.6141384
28.864	18.6132602
28.866	18.6123604
28.868	18.61144
28.87	18.6105012
28.872	18.6095446
28.874	18.608571400000002
28.876	18.6075834
28.878	18.606581
28.88	18.6055664
28.882	18.604539799999998
28.884	18.6035036
28.886	18.6024584
28.888	18.601405
28.89	18.600346000000002
28.892	18.5992812
28.894	18.598213
28.896	18.5971416
28.898	18.596069200000002
28.9	18.5949968
28.902	18.5939254
28.904	18.5928562
28.906	18.591791
28.908	18.5907306
28.91	18.5896762
28.912	18.588629
28.914	18.587591
28.916	18.5865624
28.918	18.5855454
28.92	18.5845406
28.922	18.5835498
28.924	18.5825738
28.926	18.5816138
28.928	18.5806712
28.93	18.5797476
28.932	18.5788434
28.934	18.5779608
28.936	18.577101
28.938	18.5762648
28.94	18.5754532
28.942	18.5746678
28.944	18.573909999999998
28.946	18.573180999999998
28.948	18.5724824
28.95	18.5718144
28.952	18.5711792
28.954	18.570578
28.956	18.5700114
28.958	18.5694812
28.96	18.5689886
28.962	18.5685352
28.964	18.5681212
28.966	18.5677488
28.968	18.5674188
28.97	18.5671328
28.972	18.566891599999998
28.974	18.566696999999998
28.976	18.566549600000002
28.978	18.5664514
28.98	18.566368
28.982	18.5662654
28.984	18.5661452
28.986	18.5660088
28.988	18.5658568
28.99	18.5656904
28.992	18.565511
28.994	18.5653198
28.996	18.5651182
28.998	18.564906399999998
29.0	18.5646866
29.002	18.5644596
29.004	18.5642264
29.006	18.563988600000002
29.008	18.5637468
29.01	18.5635026
29.012	18.563257
29.014	18.5630114
29.016	18.5627668
29.018	18.5625242
29.02	18.562285199999998
29.022	18.5620502
29.024	18.5618214
29.026	18.5615992
29.028	18.561385
29.03	18.56118
29.032	18.5609854
29.034	18.5608024
29.036	18.560632
29.038	18.5604756
29.04	18.5603346
29.042	18.5602092
29.044	18.5601014
29.046	18.5600122
29.048	18.5599426
29.05	18.5598944
29.052	18.5598678
29.054	18.559864400000002
29.056	18.5598858
29.058	18.5599326
29.06	18.560006
29.062	18.560107600000002
29.064	18.5602382
29.066	18.560399
29.068	18.560591600000002
29.07	18.5608166
29.072	18.561075000000002
29.074	18.5613688
29.076	18.561698800000002
29.078	18.562066
29.08	18.5624718
29.082	18.562917
29.084	18.563403
29.086	18.5639314
29.088	18.5645026
29.09	18.5651182
29.092	18.565779
29.094	18.5664872
29.096	18.567242999999998
29.098	18.5680474
29.1	18.5689024
29.102	18.5698088
29.104	18.5707672
29.106	18.57178
29.108	18.5728472
29.11	18.5739706
29.112	18.5751512
29.114	18.5764026
29.116	18.5777338
29.118	18.5791438
29.12	18.5806302
29.122	18.582189800000002
29.124	18.5838212
29.126	18.585522
29.128	18.5872892
29.13	18.5891212
29.132	18.5910156
29.134	18.5929698
29.136	18.594982
29.138	18.597049
29.14	18.5991692
29.142	18.6013402
29.144	18.6035598
29.146	18.605825199999998
29.148	18.608134200000002
29.15	18.610485
29.152	18.6128748
29.154	18.6153014
29.156	18.6177628
29.158	18.6202562
29.16	18.6227796
29.162	18.6253308
29.164	18.6279072
29.166	18.6305064
29.168	18.6331266
29.17	18.635765
29.172	18.6384194
29.174	18.6410878
29.176	18.6437672
29.178	18.646456
29.18	18.6491516
29.182	18.651851999999998
29.184	18.6545542
29.186	18.6572564
29.188	18.6599564
29.19	18.6626518
29.192	18.665339799999998
29.194	18.6680186
29.196	18.6706856
29.198	18.6733388
29.2	18.6759756
29.202	18.678594
29.204	18.6811912
29.206	18.6837658
29.208	18.6863144
29.21	18.688835
29.212	18.691326
29.214	18.693784
29.216	18.6962078
29.218	18.6985944
29.22	18.700941399999998
29.222	18.703247
29.224	18.7055086
29.226	18.707724
29.228	18.7098902
29.23	18.712006000000002
29.232	18.7140688
29.234	18.7160752
29.236	18.7180246
29.238	18.7199134
29.24	18.72174
29.242	18.7235016
29.244	18.7251962
29.246	18.7268994
29.248	18.7286866
29.25	18.7305554
29.252	18.7325028
29.254	18.7345264
29.256	18.7366232
29.258	18.7387908
29.26	18.7410262
29.262	18.7433274
29.264	18.7456912
29.266	18.748115
29.268	18.7505964
29.27	18.7531322
29.272	18.75572
29.274	18.7583574
29.276	18.7610414
29.278	18.7637694
29.28	18.7665394
29.282	18.7693476
29.284	18.7721918
29.286	18.775069600000002
29.288	18.7779782
29.29	18.7809146
29.292	18.7838762
29.294	18.7868612
29.296	18.7898658
29.298	18.792887999999998
29.3	18.795925
29.302	18.7989738
29.304	18.8020318
29.306	18.805097
29.308	18.8081664
29.31	18.8112368
29.312	18.8143062
29.314	18.8173712
29.316	18.8204302
29.318	18.8234794
29.32	18.826517
29.322	18.8295396
29.324	18.8325456
29.326	18.835531
29.328	18.8384942
29.33	18.841432
29.332	18.844342
29.334	18.8472212
29.336	18.8500674
29.338	18.8528774
29.34	18.8556488
29.342	18.8583792
29.344	18.8610658
29.346	18.8637054
29.348	18.8662956
29.35	18.8688344
29.352	18.8713182
29.354	18.8737448
29.356	18.8761118
29.358	18.878416
29.36	18.8806546
29.362	18.8828256
29.364	18.884926200000002
29.366	18.8869532
29.368	18.8889044
29.37	18.890777
29.372	18.892568400000002
29.374	18.894276
29.376	18.8958968
29.378	18.8974284
29.38	18.8989142
29.382	18.9003996
29.384	18.9018834
29.386	18.9033664
29.388	18.904848
29.39	18.9063276
29.392	18.9078052
29.394	18.9092806
29.396	18.9107536
29.398	18.9122232
29.4	18.91369
29.402	18.9151534
29.404	18.916612399999998
29.406	18.9180682
29.408	18.9195192
29.41	18.920966
29.412	18.922408
29.414	18.9238446
29.416	18.9252762
29.418	18.9267018
29.42	18.9281218
29.422	18.9295352
29.424	18.9309424
29.426	18.9323428
29.428	18.9337362
29.43	18.9351218
29.432	18.9365004
29.434	18.9378708
29.436	18.9392332
29.438	18.9405874
29.44	18.9419326
29.442	18.9432686
29.444	18.9445956
29.446	18.9459132
29.448	18.9472206
29.45	18.9485186
29.452	18.9498056
29.454	18.951082
29.456	18.9523476
29.458	18.9536022
29.46	18.9548452
29.462	18.9560764
29.464	18.9572958
29.466	18.9585026
29.468	18.959697
29.47	18.9608782
29.472	18.962047
29.474	18.9632018
29.476	18.964343
29.478	18.9654702
29.48	18.966583
29.482	18.9676818
29.484	18.9687652
29.486	18.9698342
29.488	18.970887
29.49	18.9719252
29.492	18.9729464
29.494	18.9739522
29.496	18.9749412
29.498	18.9759138
29.5	18.976869
29.502	18.9778068
29.504	18.9787276
29.506	18.9796304
29.508	18.9805148
29.51	18.9813808
29.512	18.9821976
29.514	18.9829352
29.516	18.9835962
29.518	18.9841822
29.52	18.9846958
29.522	18.9851392
29.524	18.985514000000002
29.526	18.9858226
29.528	18.9860672
29.53	18.9862502
29.532	18.9863732
29.534	18.9864386
29.536	18.9864486
29.538	18.9864052
29.54	18.9863108
29.542	18.9861672
29.544	18.9859766
29.546	18.985741400000002
29.548	18.9854634
29.55	18.985145
29.552	18.9847882
29.554	18.9843948
29.556	18.9839676
29.558	18.983508399999998
29.56	18.9830196
29.562	18.9825028
29.564	18.9819602
29.566	18.9813946
29.568	18.9808076
29.57	18.9802016
29.572	18.9795784
29.574	18.9789398
29.576	18.978289
29.578	18.977627599999998
29.58	18.9769576
29.582	18.9762814
29.584	18.975601
29.586	18.9749182
29.588	18.9742358
29.59	18.973555400000002
29.592	18.9728792
29.594	18.9722098
29.596	18.9715488
29.598	18.970899
29.6	18.9702614
29.602	18.9696392
29.604	18.969034
29.606	18.9684484
29.608	18.967883999999998
29.61	18.967343200000002
29.612	18.9668278
29.614	18.9663404
29.616	18.9658832
29.618	18.9654582
29.62	18.9650672
29.622	18.9647124
29.624	18.9643964
29.626	18.9641208
29.628	18.963888
29.63	18.9637006
29.632	18.96356
29.634	18.9634684
29.636	18.963427799999998
29.638	18.9634412
29.64	18.9635104
29.642	18.9636368
29.644	18.9638084
29.646	18.964010000000002
29.648	18.9642408
29.65	18.9644994
29.652	18.9647844
29.654	18.9650948
29.656	18.9654296
29.658	18.9657872
29.66	18.9661672
29.662	18.9665678
29.664	18.966988
29.666	18.9674266
29.668	18.9678824
29.67	18.9683546
29.672	18.968841400000002
29.674	18.969342
29.676	18.9698556
29.678	18.9703806
29.68	18.970915599999998
29.682	18.971459799999998
29.684	18.9720118
29.686	18.9725712
29.688	18.9731358
29.69	18.9737046
29.692	18.9742774
29.694	18.974852
29.696	18.9754274
29.698	18.9760026
29.7	18.9765766
29.702	18.9771484
29.704	18.9777158
29.706	18.978279
29.708	18.978836
29.71	18.9793858
29.712	18.979927
29.714	18.980459
29.716	18.9809802
29.718	18.9814896
29.72	18.9819858
29.722	18.982468400000002
29.724	18.9829352
29.726	18.9833854
29.728	18.9838184
29.73	18.9842322
29.732	18.9846262
29.734	18.984999000000002
29.736	18.9853496
29.738	18.9856762
29.74	18.985979
29.742	18.986255
29.744	18.9865048
29.746	18.9867262
29.748	18.986918199999998
29.75	18.98708
29.752	18.9872096
29.754	18.987307
29.756	18.9873704
29.758	18.9873984
29.76	18.9873904
29.762	18.9873446
29.764	18.9872602
29.766	18.987136200000002
29.768	18.9869712
29.77	18.9867638
29.772	18.9865134
29.774	18.9862188
29.776	18.9859188
29.778	18.9856532
29.78	18.985421
29.782	18.9852198
29.784	18.985049
29.786	18.9849074
29.788	18.9847926
29.79	18.9847038
29.792	18.98464
29.794	18.9845984
29.796	18.9845794
29.798	18.9845804
29.8	18.9846
29.802	18.9846376
29.804	18.984690999999998
29.806	18.9847588
29.808	18.9848402
29.81	18.9849332
29.812	18.9850372
29.814	18.985149800000002
29.816	18.9852698
29.818	18.9853962
29.82	18.9855278
29.822	18.9856624
29.824	18.9857992
29.826	18.9859364
29.828	18.986072800000002
29.83	18.986206799999998
29.832	18.9863376
29.834	18.986463
29.836	18.9865822
29.838	18.9866932
29.84	18.9867948
29.842	18.9868864
29.844	18.986965
29.846	18.9870308
29.848	18.9870814
29.85	18.987115799999998
29.852	18.9871324
29.854	18.98713
29.856	18.9871066
29.858	18.9870618
29.86	18.986993599999998
29.862	18.9869002
29.864	18.986781
29.866	18.9866342
29.868	18.9864582
29.87	18.9862516
29.872	18.986013800000002
29.874	18.985742000000002
29.876	18.985436200000002
29.878	18.985094
29.88	18.9847144
29.882	18.9842962
29.884	18.9838374
29.886	18.9833372
29.888	18.9827936
29.89	18.9822058
29.892	18.981572
29.894	18.980891
29.896	18.980161
29.898	18.979381
29.9	18.9785498
29.902	18.9776652
29.904	18.9767264
29.906	18.9757316
29.908	18.9746802
29.91	18.973543
29.912	18.9722956
29.914	18.970941
29.916	18.9694822
29.918	18.9679234
29.92	18.966267000000002
29.922	18.964517
29.924	18.9626764
29.926	18.960748
29.928	18.9587358
29.93	18.956643
29.932	18.9544728
29.934	18.9522284
29.936	18.9499128
29.938	18.9475302
29.94	18.945083
29.942	18.9425748
29.944	18.940009
29.946	18.9373888
29.948	18.9347176
29.95	18.9319986
29.952	18.9292354
29.954	18.9264306
29.956	18.9235882
29.958	18.920711400000002
29.96	18.9178032
29.962	18.9148668
29.964	18.9119056
29.966	18.9089234
29.968	18.9059228
29.97	18.9029076
29.972	18.8998808
29.974	18.8968456
29.976	18.8938058
29.978	18.8907646
29.98	18.8877248
29.982	18.8846902
29.984	18.8816636
29.986	18.8786486
29.988	18.8756488
29.99	18.872666600000002
29.992	18.8697064
29.994	18.866771
29.996	18.8638634
29.998	18.8609876
30.0	18.858145999999998
30.002	18.8553422
30.004	18.8525804
30.006	18.8498624
30.008	18.8471926
30.01	18.8445742
30.012	18.8420098
30.014	18.8395036
30.016	18.837058
30.018	18.834677
30.02	18.8323634
30.022	18.8301214
30.024	18.8279528
30.026	18.8258622
30.028	18.8238524
30.03	18.821927000000002
30.032	18.8200882
30.034	18.8183406
30.036	18.8166874
30.038	18.815131
30.04	18.8136758
30.042	18.812241399999998
30.044	18.810748
30.046	18.8091982
30.048	18.8075932
30.05	18.8059358
30.052	18.8042272
30.054	18.80247
30.056	18.800666200000002
30.058	18.798817
30.06	18.7969258
30.062	18.7949932
30.064	18.793022399999998
30.066	18.791015
30.068	18.7889722
30.07	18.7868976
30.072	18.7847918
30.074	18.782657
30.076	18.780496
30.078	18.7783106
30.08	18.7761024
30.082	18.7738732
30.084	18.771625800000002
30.086	18.7693618
30.088	18.767083
30.09	18.7647918
30.092	18.762490200000002
30.094	18.7601798
30.096	18.757862799999998
30.098	18.7555416
30.1	18.753218
30.102	18.750894000000002
30.104	18.7485708
30.106	18.746252
30.108	18.743938200000002
30.11	18.7416324
30.112	18.7393358
30.114	18.7370508
30.116	18.7347796
30.118	18.7325242
30.12	18.730286
30.122	18.728067799999998
30.124	18.7258714
30.126	18.7236984
30.128	18.7215508
30.13	18.719431200000002
30.132	18.7173418
30.134	18.7152838
30.136	18.713259
30.138	18.7112706
30.14	18.709319999999998
30.142	18.7074088
30.144	18.7055396
30.146	18.7037142
30.148	18.7019342
30.15	18.7002028
30.152	18.698520600000002
30.154	18.6968906
30.156	18.6953142
30.158	18.693794
30.16	18.6923316
30.162	18.6909292
30.164	18.6895888
30.166	18.6883124
30.168	18.6871016
30.17	18.6859588
30.172	18.6848864
30.174	18.6838854
30.176	18.682936599999998
30.178	18.6820182
30.18	18.6811298
30.182	18.6802706
30.184	18.6794404
30.186	18.6786384
30.188	18.6778644
30.19	18.677118200000002
30.192	18.6763986
30.194	18.6757058
30.196	18.6750392
30.198	18.6743978
30.2	18.673782199999998
30.202	18.673191
30.204	18.6726234
30.206	18.6720804
30.208	18.671560200000002
30.21	18.6710628
30.212	18.6705878
30.214	18.6701348
30.216	18.6697034
30.218	18.6692928
30.22	18.668902199999998
30.222	18.6685318
30.224	18.6681812
30.226	18.6678494
30.228	18.6675362
30.23	18.667241
30.232	18.666964
30.234	18.666703599999998
30.236	18.6664598
30.238	18.6662324
30.24	18.6660212
30.242	18.6658248
30.244	18.6656436
30.246	18.6654762
30.248	18.6653232
30.25	18.6651834
30.252	18.6650566
30.254	18.6649422
30.256	18.6648396
30.258	18.664749
30.26	18.6646688
30.262	18.664599799999998
30.264	18.664540600000002
30.266	18.664491599999998
30.268	18.6644514
30.27	18.66442
30.272	18.6643966
30.274	18.6643814
30.276	18.6643732
30.278	18.664371799999998
30.28	18.664377
30.282	18.664388000000002
30.284	18.6644042
30.286	18.6644256
30.288	18.664452
30.29	18.6644814
30.292	18.6645154
30.294	18.6645516
30.296	18.6645912
30.298	18.6646322
30.3	18.664675600000002
30.302	18.6647194
30.304	18.6647648
30.306	18.66481
30.308	18.6648892
30.31	18.665035
30.312	18.6652468
30.314	18.6655214
30.316	18.665857600000002
30.318	18.6662544
30.32	18.666708800000002
30.322	18.6672194
30.324	18.667785000000002
30.326	18.668404000000002
30.328	18.669073400000002
30.33	18.6697924
30.332	18.6705592
30.334	18.6713718
30.336	18.6722286
30.338	18.673128
30.34	18.6740682
30.342	18.6750472
30.344	18.6760634
30.346	18.6771148
30.348	18.6782
30.35	18.679317400000002
30.352	18.6804646
30.354	18.6816404
30.356	18.682843
30.358	18.6840704
30.36	18.6853208
30.362	18.686593000000002
30.364	18.6878846
30.366	18.6891946
30.368	18.6905206
30.37	18.691861
30.372	18.693213800000002
30.374	18.694578
30.376	18.6959514
30.378	18.6973318
30.38	18.6987184
30.382	18.700108800000002
30.384	18.7015012
30.386	18.7028946
30.388	18.7042864
30.39	18.705675
30.392	18.7070588
30.394	18.7084364
30.396	18.7098054
30.398	18.7111648
30.4	18.7125118
30.402	18.713846
30.404	18.7151646
30.406	18.7164662
30.408	18.717748999999998
30.41	18.7190112
30.412	18.720251
30.414	18.7214674
30.416	18.722657599999998
30.418	18.72382
30.42	18.7249534
30.422	18.726056
30.424	18.727126
30.426	18.728161200000002
30.428	18.7291602
30.43	18.730121
30.432	18.7310422
30.434	18.731922
30.436	18.7327584
30.438	18.73355
30.44	18.7342942
30.442	18.7350338
30.444	18.7358092
30.446	18.7366198
30.448	18.7374638
30.45	18.7383408
30.452	18.7392482
30.454	18.740186
30.456	18.741152200000002
30.458	18.7421458
30.46	18.743165400000002
30.462	18.744210000000002
30.464	18.7452782
30.466	18.7463682
30.468	18.7474798
30.47	18.7486108
30.472	18.7497604
30.474	18.7509272
30.476	18.7521098
30.478	18.7533076
30.48	18.754518400000002
30.482	18.755741399999998
30.484	18.756975
30.486	18.7582186
30.488	18.759470399999998
30.49	18.7607292
30.492	18.7619938
30.494	18.763263000000002
30.496	18.7645352
30.498	18.7658098
30.5	18.767085
30.502	18.7683596
30.504	18.7696322
30.506	18.770902
30.508	18.7721676
30.51	18.7734268
30.512	18.77468
30.514	18.7759246
30.516	18.777160000000002
30.518	18.778384600000003
30.52	18.779597199999998
30.522	18.7807968
30.524	18.7819818
30.526	18.783151
30.528	18.784303
30.53	18.785437
30.532	18.7865514
30.534	18.787644800000002
30.536	18.7887162
30.538	18.7897642
30.54	18.790788
30.542	18.7917856
30.544	18.792756
30.546	18.7936976
30.548	18.7946098
30.55	18.795491
30.552	18.7963404
30.554	18.7971558
30.556	18.797936200000002
30.558	18.7986812
30.56	18.7993888
30.562	18.800057199999998
30.564	18.8006862
30.566	18.8012742
30.568	18.8018196
30.57	18.8023212
30.572	18.8027786
30.574	18.803193
30.576	18.8035692
30.578	18.8039078
30.58	18.8042106
30.582	18.8044784
30.584	18.804712600000002
30.586	18.8049138
30.588	18.805084
30.59	18.8052238
30.592	18.8053344
30.594	18.805417
30.596	18.8054732
30.598	18.8055032
30.6	18.805509
30.602	18.8054912
30.604	18.8054518
30.606	18.805391200000003
30.608	18.8053106
30.61	18.805211
30.612	18.805094
30.614	18.804961
30.616	18.8048128
30.618	18.8046502
30.62	18.8044752
30.622	18.8042878
30.624	18.8040904
30.626	18.8038834
30.628	18.8036678
30.63	18.8034456
30.632	18.8032172
30.634	18.802984000000002
30.636	18.802747
30.638	18.8025082
30.64	18.802267399999998
30.642	18.802027000000002
30.644	18.8017872
30.646	18.8015498
30.648	18.801315600000002
30.65	18.8010858
30.652	18.8008616
30.654	18.8006448
30.656	18.800435399999998
30.658	18.8002356
30.66	18.8000458
30.662	18.799867
30.664	18.7997016
30.666	18.7995494
30.668	18.7994126
30.67	18.7992914
30.672	18.7991876
30.674	18.7991022
30.676	18.7990364
30.678	18.7989916
30.68	18.7989682
30.682	18.7989682
30.684	18.798992
30.686	18.799041600000002
30.688	18.7991174
30.69	18.7992208
30.692	18.7993534
30.694	18.7995156
30.696	18.799709200000002
30.698	18.7999352
30.7	18.8001946
30.702	18.8004884
30.704	18.800818200000002
30.706	18.801185
30.708	18.801566
30.71	18.801938
30.712	18.802301200000002
30.714	18.802657
30.716	18.8030046
30.718	18.8033456
30.72	18.8036794
30.722	18.8040064
30.724	18.8043274
30.726	18.804643
30.728	18.804953400000002
30.73	18.805258600000002
30.732	18.80556
30.734	18.8058566
30.736	18.8061502
30.738	18.8064402
30.74	18.8067272
30.742	18.807012399999998
30.744	18.8072952
30.746	18.807576
30.748	18.807856
30.75	18.808134799999998
30.752	18.8084138
30.754	18.808692399999998
30.756	18.808971200000002
30.758	18.8092512
30.76	18.809532400000002
30.762	18.809814799999998
30.764	18.8100994
30.766	18.8103866
30.768	18.8106764
30.77	18.8109696
30.772	18.8112662
30.774	18.8115666
30.776	18.8118718
30.778	18.8121818
30.78	18.812497
30.782	18.8128174
30.784	18.8131446
30.786	18.8134774
30.788	18.813817399999998
30.79	18.814165
30.792	18.8145198
30.794	18.8148826
30.796	18.815254
30.798	18.815634
30.8	18.8160236
30.802	18.816422799999998
30.804	18.816831999999998
30.806	18.817252
30.808	18.8176822
30.81	18.8181242
30.812	18.8185776
30.814	18.819043
30.816	18.8195212
30.818	18.820012
30.82	18.820515999999998
30.822	18.821033800000002
30.824	18.821566
30.826	18.8221124
30.828	18.8226736
30.83	18.8232502
30.832	18.8238424
30.834	18.8244508
30.836	18.825076
30.838	18.8257178
30.84	18.826368600000002
30.842	18.827021000000002
30.844	18.8276742
30.846	18.828329
30.848	18.828985
30.85	18.829641600000002
30.852	18.8302998
30.854	18.830958600000002
30.856	18.8316186
30.858	18.83228
30.86	18.8329418
30.862	18.8336042
30.864	18.834268
30.866	18.8349322
30.868	18.8355974
30.87	18.836263600000002
30.872	18.8369302
30.874	18.8375972
30.876	18.8382648
30.878	18.838933400000002
30.88	18.8396024
30.882	18.8402718
30.884	18.8409418
30.886	18.8416118
30.888	18.8422826
30.89	18.8429536
30.892	18.843625
30.894	18.8442964
30.896	18.8449682
30.898	18.8456406
30.9	18.846312400000002
30.902	18.8469848
30.904	18.847656999999998
30.906	18.8483294
30.908	18.8490022
30.91	18.8496746
30.912	18.8503468
30.914	18.8510188
30.916	18.851691000000002
30.918	18.852363
30.92	18.8530344
30.922	18.8537058
30.924	18.854376600000002
30.926	18.8550476
30.928	18.855718
30.93	18.856388
30.932	18.857057400000002
30.934	18.8577264
30.936	18.858395
30.938	18.859063
30.94	18.85973
30.942	18.8603968
30.944	18.8610628
30.946	18.861728
30.948	18.862392200000002
30.95	18.863056
30.952	18.8637188
30.954	18.8643812
30.956	18.865042000000003
30.958	18.8657024
30.96	18.866361400000002
30.962	18.8670196
30.964	18.8676766
30.966	18.8683328
30.968	18.8689874
30.97	18.8696412
30.972	18.870294
30.974	18.8709462
30.976	18.8716
30.978	18.872255199999998
30.98	18.872912200000002
30.982	18.8735712
30.984	18.8742322
30.986	18.874895000000002
30.988	18.8755606
30.99	18.8762286
30.992	18.8768996
30.994	18.8775734
30.996	18.8782504
30.998	18.8789304
31.0	18.8796142
31.002	18.880301799999998
31.004	18.8809932
31.006	18.8816884
31.008	18.882388
31.01	18.8830922
31.012	18.8838008
31.014	18.8845138
31.016	18.8852322
31.018	18.8859556
31.02	18.886684199999998
31.022	18.8874186
31.024	18.8881582
31.026	18.888904
31.028	18.889656000000002
31.03	18.890413600000002
31.032	18.891178
31.034	18.891949
31.036	18.8927268
31.038	18.8935112
31.04	18.8943032
31.042	18.8951018
31.044	18.8959086
31.046	18.8967226
31.048	18.8975448
31.05	18.8983748
31.052	18.8992132
31.054	18.9000596
31.056	18.900915
31.058	18.901779
31.06	18.9026516
31.062	18.903533799999998
31.064	18.904425
31.066	18.9053258
31.068	18.9062364
31.07	18.9071568
31.072	18.9080872
31.074	18.9090274
31.076	18.9099782
31.078	18.9109396
31.08	18.9119118
31.082	18.912895
31.084	18.9138892
31.086	18.914895
31.088	18.9159116
31.09	18.91694
31.092	18.9179806
31.094	18.9190334
31.096	18.9200976
31.098	18.9211748
31.1	18.9222644
31.102	18.9233668
31.104	18.9244818
31.106	18.9256252
31.108	18.926811
31.11	18.9280384
31.112	18.9293058
31.114	18.9306114
31.116	18.9319552
31.118	18.933334600000002
31.12	18.934749
31.122	18.936197200000002
31.124	18.9376778
31.126	18.9391892
31.128	18.9407308
31.13	18.9423012
31.132	18.9438986
31.134	18.9455222
31.136	18.947170200000002
31.138	18.9488418
31.14	18.950536
31.142	18.9522512
31.144	18.953986
31.146	18.9557394
31.148	18.9575098
31.15	18.959296000000002
31.152	18.961097000000002
31.154	18.962912
31.156	18.9647382
31.158	18.966576
31.16	18.9684228
31.162	18.9702786
31.164	18.9721406
31.166	18.9740094
31.168	18.975882
31.17	18.9777582
31.172	18.979636
31.174	18.9815152
31.176	18.9833936
31.178	18.9852698
31.18	18.9871434
31.182	18.9890126
31.184	18.990876
31.186	18.9927328
31.188	18.994581
31.19	18.9964202
31.192	18.998249
31.194	19.0000656
31.196	19.001869
31.198	19.0036582
31.2	19.005431
31.202	19.0071872
31.204	19.0089252
31.206	19.0106438
31.208	19.0123414
31.21	19.0140174
31.212	19.0156696
31.214	19.0172972
31.216	19.0188992
31.218	19.0204738
31.22	19.0220202
31.222	19.023537
31.224	19.025022800000002
31.226	19.0264768
31.228	19.0278968
31.23	19.0292824
31.232	19.030631800000002
31.234	19.031944199999998
31.236	19.0332178
31.238	19.0344518
31.24	19.0356706
31.242	19.0368994
31.244	19.0381378
31.246	19.039384599999998
31.248	19.0406398
31.25	19.0419028
31.252	19.0431722
31.254	19.044448199999998
31.256	19.04573
31.258	19.0470164
31.26	19.0483078
31.262	19.0496028
31.264	19.0509008
31.266	19.0522016
31.268	19.0535044
31.27	19.0548084
31.272	19.0561136
31.274	19.0574186
31.276	19.0587232
31.278	19.060026999999998
31.28	19.0613288
31.282	19.0626282
31.284	19.0639246
31.286	19.0652178
31.288	19.0665068
31.29	19.0677908
31.292	19.0690692
31.294	19.070342
31.296	19.071608
31.298	19.0728668
31.3	19.0741176
31.302	19.0753602
31.304	19.0765938
31.306	19.0778172
31.308	19.0790304
31.31	19.080233
31.312	19.0814236
31.314	19.0826024
31.316	19.0837682
31.318	19.0849208
31.32	19.086059
31.322	19.0871828
31.324	19.0882914
31.326	19.0893844
31.328	19.0904606
31.33	19.091519599999998
31.332	19.092561
31.334	19.093584
31.336	19.0945882
31.338	19.0955728
31.34	19.096537
31.342	19.0974806
31.344	19.0984028
31.346	19.099303
31.348	19.1001804
31.35	19.1010344
31.352	19.1018652
31.354	19.102671
31.356	19.1034516
31.358	19.1042068
31.36	19.104935400000002
31.362	19.1056374
31.364	19.106311599999998
31.366	19.1069578
31.368	19.107574800000002
31.37	19.1081628
31.372	19.108743
31.374	19.1093386
31.376	19.1099484
31.378	19.1105718
31.38	19.1112078
31.382	19.111856799999998
31.384	19.1125172
31.386	19.1131886
31.388	19.1138704
31.39	19.1145618
31.392	19.1152628
31.394	19.1159718
31.396	19.116689
31.398	19.1174134
31.4	19.1181444
31.402	19.118881000000002
31.404	19.1196236
31.406	19.1203702
31.408	19.1211212
31.41	19.1218756
31.412	19.122632799999998
31.414	19.123392
31.416	19.124152600000002
31.418	19.124914
31.42	19.1256756
31.422	19.126437
31.424	19.1271972
31.426	19.127955800000002
31.428	19.1287116
31.43	19.129465
31.432	19.130214000000002
31.434	19.130959400000002
31.436	19.131699400000002
31.438	19.1324342
31.44	19.1331628
31.442	19.1338842
31.444	19.1345986
31.446	19.1353048
31.448	19.136002
31.45	19.13669
31.452	19.137368000000002
31.454	19.1380352
31.456	19.1386912
31.458	19.139335
31.46	19.1399668
31.462	19.1405848
31.464	19.141189
31.466	19.1417788
31.468	19.142353800000002
31.47	19.1429128
31.472	19.1434548
31.474	19.1439804
31.476	19.1444882
31.478	19.144977400000002
31.48	19.145448000000002
31.482	19.1458986
31.484	19.1463292
31.486	19.1467394
31.488	19.147127
31.49	19.1474932
31.492	19.147836599999998
31.494	19.148156
31.496	19.1484516
31.498	19.1487224
31.5	19.148968
31.502	19.1491874
31.504	19.1493806
31.506	19.149527
31.508	19.1496094
31.51	19.149630000000002
31.512	19.1495898
31.514	19.1494906
31.516	19.1493352
31.518	19.149124399999998
31.52	19.1488608
31.522	19.1485456
31.524	19.1481808
31.526	19.1477688
31.528	19.1473106
31.53	19.1468084
31.532	19.146264000000002
31.534	19.1456794
31.536	19.145056
31.538	19.1443962
31.54	19.1437014
31.542	19.1429732
31.544	19.142214199999998
31.546	19.1414254
31.548	19.1406096
31.55	19.139768
31.552	19.138902
31.554	19.1380142
31.556	19.137106199999998
31.558	19.1361798
31.56	19.1352366
31.562	19.134278600000002
31.564	19.1333078
31.566	19.132326
31.568	19.1313346
31.57	19.130335600000002
31.572	19.129331399999998
31.574	19.1283234
31.576	19.127313
31.578	19.1263026
31.58	19.125294
31.582	19.124288800000002
31.584	19.123289
31.586	19.1222966
31.588	19.121313
31.59	19.1203398
31.592	19.1193794
31.594	19.1184338
31.596	19.1175044
31.598	19.1165928
31.6	19.1157016
31.602	19.1148318
31.604	19.113985800000002
31.606	19.1131652
31.608	19.1123718
31.61	19.1116074
31.612	19.110874
31.614	19.1101736
31.616	19.1095074
31.618	19.108878
31.62	19.108286200000002
31.622	19.107734999999998
31.624	19.107225200000002
31.626	19.1067594
31.628	19.1063394
31.63	19.1059664
31.632	19.1056426
31.634	19.1053698
31.636	19.105150000000002
31.638	19.104916799999998
31.64	19.104606
31.642	19.1042192
31.644	19.1037596
31.646	19.1032298
31.648	19.1026324
31.65	19.10197
31.652	19.1012458
31.654	19.1004614
31.656	19.0996206
31.658	19.0987252
31.66	19.097778599999998
31.662	19.0967826
31.664	19.0957406
31.666	19.0946554
31.668	19.093529
31.67	19.0923642
31.672	19.091164
31.674	19.0899314
31.676	19.0886678
31.678	19.087377
31.68	19.0860614
31.682	19.0847234
31.684	19.0833658
31.686	19.081991600000002
31.688	19.080603
31.69	19.079203
31.692	19.077794
31.694	19.076378599999998
31.696	19.07496
31.698	19.0735406
31.7	19.0721228
31.702	19.0707096
31.704	19.0693034
31.706	19.0679068
31.708	19.066523
31.71	19.065154
31.712	19.063803
31.714	19.0624726
31.716	19.0611652
31.718	19.0598834
31.72	19.0586304
31.722	19.057408600000002
31.724	19.0562204
31.726	19.0550688
31.728	19.0539564
31.73	19.0528858
31.732	19.0518592
31.734	19.0508802
31.736	19.0499514
31.738	19.049074400000002
31.74	19.048253
31.742	19.047489
31.744	19.0467856
31.746	19.046145799999998
31.748	19.0455716
31.75	19.0450658
31.752	19.0446314
31.754	19.044270400000002
31.756	19.0439862
31.758	19.043781199999998
31.76	19.0436576
31.762	19.043619
31.764	19.0436672
31.766	19.0438054
31.768	19.0440362
31.77	19.044359
31.772	19.0447686
31.774	19.0452636
31.776	19.045841
31.778	19.0464986
31.78	19.047234
31.782	19.048044
31.784	19.0489272
31.786	19.0498804
31.788	19.0509012
31.79	19.0519874
31.792	19.053136600000002
31.794	19.0543464
31.796	19.0556134
31.798	19.0569366
31.8	19.0583122
31.802	19.0597384
31.804	19.0612128
31.806	19.062733
31.808	19.064296
31.81	19.0658996
31.812	19.067542
31.814	19.0692194
31.816	19.0709304
31.818	19.0726722
31.82	19.0744428
31.822	19.0762384
31.824	19.078058
31.826	19.0798986
31.828	19.0817574
31.83	19.0836324
31.832	19.085521
31.834	19.0874208
31.836	19.089329
31.838	19.0912436
31.84	19.093162
31.842	19.0950812
31.844	19.0969994
31.846	19.098914
31.848	19.1008222
31.85	19.1027224
31.852	19.1046112
31.854	19.1064866
31.856	19.108345800000002
31.858	19.110187
31.86	19.1120066
31.862	19.1138032
31.864	19.1155742
31.866	19.1173166
31.868	19.119028
31.87	19.1207064
31.872	19.1223496
31.874	19.1239542
31.876	19.125518200000002
31.878	19.1270388
31.88	19.1285146
31.882	19.1299418
31.884	19.1313188
31.886	19.1326426
31.888	19.1339114
31.89	19.1351222
31.892	19.1362728
31.894	19.1373604
31.896	19.138382800000002
31.898	19.139337400000002
31.9	19.140222
31.902	19.141125
31.904	19.1421346
31.906	19.1432464
31.908	19.1444576
31.91	19.1457646
31.912	19.1471632
31.914	19.1486504
31.916	19.150221600000002
31.918	19.1518744
31.92	19.1536044
31.922	19.1554078
31.924	19.1572818
31.926	19.1592214
31.928	19.1612246
31.93	19.1632866
31.932	19.165404600000002
31.934	19.1675742
31.936	19.169792
31.938	19.1720546
31.94	19.1743582
31.942	19.1766994
31.944	19.179074200000002
31.946	19.1814794
31.948	19.1839106
31.95	19.186365000000002
31.952	19.1888388
31.954	19.1913278
31.956	19.1938294
31.958	19.196339000000002
31.96	19.1988534
31.962	19.201368600000002
31.964	19.2038816
31.966	19.2063884
31.968	19.208885600000002
31.97	19.2113688
31.972	19.2138356
31.974	19.2162812
31.976	19.2187032
31.978	19.2210964
31.98	19.2234586
31.982	19.2257852
31.984	19.2280734
31.986	19.2303188
31.988	19.232518
31.99	19.2346676
31.992	19.2367638
31.994	19.2388032
31.996	19.240782199999998
31.998	19.242696600000002
32.0	19.244543
32.002	19.2463182
32.004	19.2480176
32.006	19.2496388
32.008	19.2511776
32.01	19.25263
32.012	19.2539934
32.014	19.2552632
32.016	19.2564358
32.018	19.2575082
32.02	19.2584762
32.022	19.259336400000002
32.024	19.260085
32.026	19.2607186
32.028	19.2612336
32.03	19.261626
32.032	19.2618926
32.034	19.2620294
32.036	19.2620862
32.038	19.2621138
32.04	19.262113
32.042	19.2620838
32.044	19.2620266
32.046	19.2619418
32.048	19.2618292
32.05	19.2616896
32.052	19.261523
32.054	19.26133
32.056	19.2611102
32.058	19.260864599999998
32.06	19.2605928
32.062	19.2602958
32.064	19.2599734
32.066	19.259625800000002
32.068	19.2592534
32.07	19.2588566
32.072	19.2584356
32.074	19.2579906
32.076	19.257522
32.078	19.257029799999998
32.08	19.2565144
32.082	19.2559766
32.084	19.2554158
32.086	19.2548326
32.088	19.2542274
32.09	19.2536004
32.092	19.252952
32.094	19.2522824
32.096	19.2515916
32.098	19.250880000000002
32.1	19.250148199999998
32.102	19.2493962
32.104	19.248624200000002
32.106	19.2478326
32.108	19.2470216
32.11	19.2461914
32.112	19.2453426
32.114	19.2444748
32.116	19.2435892
32.118	19.2426852
32.12	19.241764
32.122	19.240825
32.124	19.2398684
32.126	19.2388952
32.128	19.2379058
32.13	19.2368992
32.132	19.2358768
32.134	19.2348388
32.136	19.233785
32.138	19.232716
32.14	19.2316316
32.142	19.230533
32.144	19.2294196
32.146	19.2282918
32.148	19.2271502
32.15	19.225995
32.152	19.2248262
32.154	19.2236442
32.156	19.2224492
32.158	19.2212418
32.16	19.220022
32.162	19.2187904
32.164	19.2175468
32.166	19.2162912
32.168	19.2149732
32.17	19.2135424
32.172	19.2120016
32.174	19.210354600000002
32.176	19.2086042
32.178	19.2067536
32.18	19.2048062
32.182	19.2027654
32.184	19.2006334
32.186	19.198414200000002
32.188	19.1961106
32.19	19.1937264
32.192	19.1912636
32.194	19.1887262
32.196	19.186117
32.198	19.1834396
32.2	19.1806968
32.202	19.1778916
32.204	19.1750276
32.206	19.172108
32.208	19.169135400000002
32.21	19.166113199999998
32.212	19.1630452
32.214	19.1599334
32.216	19.156782
32.218	19.1535934
32.22	19.1503714
32.222	19.1471188
32.224	19.1438388
32.226	19.1405342
32.228	19.1372092
32.23	19.1338662
32.232	19.1305082
32.234	19.1271384
32.236	19.1237606
32.238	19.1203774
32.24	19.1169924
32.242	19.1136082
32.244	19.1102284
32.246	19.1068562
32.248	19.103494
32.25	19.1001462
32.252	19.096815
32.254	19.0935038
32.256	19.0902156
32.258	19.086954
32.26	19.083722
32.262	19.0805228
32.264	19.0773596
32.266	19.0742348
32.268	19.0711526
32.27	19.0681156
32.272	19.0651272
32.274	19.0621908
32.276	19.0593088
32.278	19.056485000000002
32.28	19.0537222
32.282	19.0510242
32.284	19.048393
32.286	19.045833000000002
32.288	19.043346800000002
32.29	19.040937200000002
32.292	19.038608
32.294	19.036362
32.296	19.034202399999998
32.298	19.032133
32.3	19.0301556
32.302	19.0282
32.304	19.0261934
32.306	19.0241374
32.308	19.022033999999998
32.31	19.019884400000002
32.312	19.0176906
32.314	19.0154542
32.316	19.0131768
32.318	19.0108598
32.32	19.0085056
32.322	19.0061148
32.324	19.00369
32.326	19.0012324
32.328	18.9987438
32.33	18.9962262
32.332	18.9936804
32.334	18.9911082
32.336	18.9885124
32.338	18.9858936
32.34	18.9832534
32.342	18.980594
32.344	18.9779166
32.346	18.9752234
32.348	18.972516
32.35	18.969795
32.352	18.9670632
32.354	18.9643224
32.356	18.9615734
32.358	18.9588182
32.36	18.9560588
32.362	18.953296
32.364	18.9505328
32.366	18.9477694
32.368	18.9450086
32.37	18.9422516
32.372	18.9394998
32.374	18.936754999999998
32.376	18.9340194
32.378	18.9312938
32.38	18.9285806
32.382	18.9258812
32.384	18.9231972
32.386	18.9205302
32.388	18.9178818
32.39	18.915254
32.392	18.912648
32.394	18.910066
32.396	18.9075092
32.398	18.9049796
32.4	18.902478600000002
32.402	18.900007600000002
32.404	18.897569
32.406	18.8951638
32.408	18.8927944
32.41	18.8904618
32.412	18.888167799999998
32.414	18.885913600000002
32.416	18.883702200000002
32.418	18.881534000000002
32.42	18.879411
32.422	18.8773354
32.424	18.8753078
32.426	18.873331
32.428	18.871406
32.43	18.8695344
32.432	18.867718
32.434	18.8659424
32.436	18.8641914
32.438	18.8624652
32.44	18.8607624
32.442	18.8590834
32.444	18.857427
32.446	18.8557934
32.448	18.8541812
32.45	18.8525904
32.452	18.851021199999998
32.454	18.8494718
32.456	18.8479426
32.458	18.846433
32.46	18.8449424
32.462	18.8434704
32.464	18.8420166
32.466	18.8405804
32.468	18.839160800000002
32.47	18.837758
32.472	18.836371800000002
32.474	18.8350008
32.476	18.833644800000002
32.478	18.8323038
32.48	18.830976800000002
32.482	18.8296636
32.484	18.828363799999998
32.486	18.8270768
32.488	18.8258016
32.49	18.824539
32.492	18.823287399999998
32.494	18.8220462
32.496	18.8208154
32.498	18.8195948
32.5	18.8183836
32.502	18.817180999999998
32.504	18.815987
32.506	18.814801
32.508	18.8136224
32.51	18.8124508
32.512	18.8112854
32.514	18.8101262
32.516	18.8089726
32.518	18.807824
32.52	18.806679600000002
32.522	18.80554
32.524	18.8044036
32.526	18.8032702
32.528	18.8021396
32.53	18.801011
32.532	18.7998842
32.534	18.7987584
32.536	18.797633400000002
32.538	18.7965086
32.54	18.7953838
32.542	18.794258
32.544	18.7931308
32.546	18.792002
32.548	18.790871
32.55	18.789737600000002
32.552	18.7886008
32.554	18.787460199999998
32.556	18.7863158
32.558	18.7851666
32.56	18.7840122
32.562	18.7828524
32.564	18.7816866
32.566	18.780514
32.568	18.7793368
32.57	18.778155599999998
32.572	18.7769716
32.574	18.7757852
32.576	18.774596600000002
32.578	18.7734068
32.58	18.7722156
32.582	18.771024
32.584	18.7698324
32.586	18.7686414
32.588	18.7674506
32.59	18.7662614
32.592	18.7650742
32.594	18.7638886
32.596	18.7627066
32.598	18.761527
32.6	18.7603516
32.602	18.75918
32.604	18.758013
32.606	18.756851
32.608	18.7556948
32.61	18.7545446
32.612	18.7534006
32.614	18.7522638
32.616	18.7511342
32.618	18.7500128
32.62	18.7488994
32.622	18.747795
32.624	18.7466996
32.626	18.7456144
32.628	18.7445392
32.63	18.7434744
32.632	18.742421
32.634	18.741379600000002
32.636	18.740349600000002
32.638	18.7393326
32.64	18.738328799999998
32.642	18.7373384
32.644	18.7363618
32.646	18.7353996
32.648	18.7344526
32.65	18.7335208
32.652	18.7326048
32.654	18.731704999999998
32.656	18.7308224
32.658	18.729957
32.66	18.7291092
32.662	18.728279999999998
32.664	18.7274688
32.666	18.7266772
32.668	18.725904800000002
32.67	18.7251528
32.672	18.7244214
32.674	18.7237108
32.676	18.723022399999998
32.678	18.7223552
32.68	18.7217106
32.682	18.7210892
32.684	18.7204908
32.686	18.7199162
32.688	18.7193664
32.69	18.718841
32.692	18.7183408
32.694	18.7178662
32.696	18.717418000000002
32.698	18.7169966
32.7	18.7165902
32.702	18.716186399999998
32.704	18.7157854
32.706	18.7153876
32.708	18.7149934
32.71	18.7146024
32.712	18.714215199999998
32.714	18.7138318
32.716	18.7134526
32.718	18.7130778
32.72	18.7127074
32.722	18.712341600000002
32.724	18.7119802
32.726	18.711624399999998
32.728	18.7112736
32.73	18.710928199999998
32.732	18.7105884
32.734	18.710254
32.736	18.709926
32.738	18.7096036
32.74	18.709288
32.742	18.708978600000002
32.744	18.7086758
32.746	18.7083796
32.748	18.7080912
32.75	18.7078092
32.752	18.707535200000002
32.754	18.707268
32.756	18.7070092
32.758	18.7067584
32.76	18.7065156
32.762	18.706281
32.764	18.706055
32.766	18.705837600000002
32.768	18.7056292
32.77	18.7054294
32.772	18.7052392
32.774	18.7050584
32.776	18.7048872
32.778	18.704726
32.78	18.7045744
32.782	18.7044332
32.784	18.7043022
32.786	18.7041816
32.788	18.7040718
32.79	18.7039732
32.792	18.7038854
32.794	18.703808600000002
32.796	18.7037434
32.798	18.7036898
32.8	18.7036484
32.802	18.7036184
32.804	18.7036012
32.806	18.703596
32.808	18.7036032
32.81	18.7036232
32.812	18.703656600000002
32.814	18.703702200000002
32.816	18.703762
32.818	18.703834399999998
32.82	18.7039212
32.822	18.704021400000002
32.824	18.7041358
32.826	18.704264000000002
32.828	18.704407
32.83	18.704564400000002
32.832	18.7047366
32.834	18.7049592
32.836	18.705264800000002
32.838	18.705652
32.84	18.7061174
32.842	18.7066592
32.844	18.7072738
32.846	18.7079594
32.848	18.7087134
32.85	18.7095326
32.852	18.7104152
32.854	18.711358
32.856	18.7123588
32.858	18.713414999999998
32.86	18.7145236
32.862	18.7156828
32.864	18.7168898
32.866	18.7181414
32.868	18.7194356
32.87	18.7207698
32.872	18.7221412
32.874	18.7235474
32.876	18.7249854
32.878	18.7264532
32.88	18.727947999999998
32.882	18.729467200000002
32.884	18.7310084
32.886	18.732568999999998
32.888	18.734146
32.89	18.7357372
32.892	18.7373398
32.894	18.738952
32.896	18.740569999999998
32.898	18.742192199999998
32.9	18.7438152
32.902	18.7454374
32.904	18.7470554
32.906	18.748667
32.908	18.750269799999998
32.91	18.751860999999998
32.912	18.7534378
32.914	18.7549976
32.916	18.7565382
32.918	18.758057
32.92	18.7595514
32.922	18.7610186
32.924	18.7624562
32.926	18.763862
32.928	18.765232400000002
32.93	18.7665656
32.932	18.7678594
32.934	18.769109999999998
32.936	18.770316
32.938	18.771473800000003
32.94	18.772582
32.942	18.7736366
32.944	18.7746366
32.946	18.7755784
32.948	18.7764596
32.95	18.7772778
32.952	18.7780302
32.954	18.7787146
32.956	18.7793278
32.958	18.7798674
32.96	18.7803314
32.962	18.780717199999998
32.964	18.7810214
32.966	18.781310400000002
32.968	18.7816504
32.97	18.782040000000002
32.972	18.782476199999998
32.974	18.7829584
32.976	18.7834844
32.978	18.7840518
32.98	18.7846598
32.982	18.7853054
32.984	18.7859878
32.986	18.786704399999998
32.988	18.787454
32.99	18.788234
32.992	18.789043200000002
32.994	18.7898796
32.996	18.7907418
32.998	18.7916268
33.0	18.7925338
33.002	18.7934606
33.004	18.794405400000002
33.006	18.7953662
33.008	18.7963418
33.01	18.7973292
33.012	18.7983278
33.014	18.7993348
33.016	18.800349
33.018	18.8013686
33.02	18.8023914
33.022	18.8034156
33.024	18.8044394
33.026	18.8054612
33.028	18.8064788
33.03	18.8074906
33.032	18.8084944
33.034	18.809489
33.036	18.810472400000002
33.038	18.811442200000002
33.04	18.812397400000002
33.042	18.8133352
33.044	18.814255
33.046	18.815154
33.048	18.816030400000002
33.05	18.8168824
33.052	18.8177088
33.054	18.818507
33.056	18.8192758
33.058	18.8200128
33.06	18.8207168
33.062	18.8213852
33.064	18.822016599999998
33.066	18.822609200000002
33.068	18.823161
33.07	18.823670800000002
33.072	18.824135599999998
33.074	18.8245542
33.076	18.824924799999998
33.078	18.8252458
33.08	18.825514599999998
33.082	18.825730200000002
33.084	18.82589
33.086	18.825993
33.088	18.8260368
33.09	18.826019600000002
33.092	18.825939599999998
33.094	18.825795
33.096	18.8255842
33.098	18.825304799999998
33.1	18.8249668
33.102	18.82458
33.104	18.8241462
33.106	18.823666
33.108	18.8231404
33.11	18.8225712
33.112	18.8219588
33.114	18.8213052
33.116	18.8206104
33.118	18.8198756
33.12	18.8191026
33.122	18.818292
33.124	18.8174452
33.126	18.816562400000002
33.128	18.815646
33.13	18.8146962
33.132	18.813714400000002
33.134	18.8127016
33.136	18.8116588
33.138	18.8105872
33.14	18.8094876
33.142	18.8083618
33.144	18.807209800000003
33.146	18.806034
33.148	18.804834200000002
33.15	18.8036126
33.152	18.802369
33.154	18.801105800000002
33.156	18.7998232
33.158	18.7985228
33.16	18.7972052
33.162	18.795872
33.164	18.7945246
33.166	18.793162600000002
33.168	18.7917884
33.17	18.790402800000003
33.172	18.7890066
33.174	18.7876008
33.176	18.786186999999998
33.178	18.784766
33.18	18.7833394
33.182	18.7819074
33.184	18.7804712
33.186	18.7790326
33.188	18.777592
33.19	18.7761506
33.192	18.77471
33.194	18.7732704
33.196	18.7718338
33.198	18.7704008
33.2	18.7689722
33.202	18.7675498
33.204	18.7661342
33.206	18.764727
33.208	18.7633284
33.21	18.7619398
33.212	18.760562800000002
33.214	18.759197999999998
33.216	18.7578466
33.218	18.7565096
33.22	18.7551884
33.222	18.7538836
33.224	18.7525972
33.226	18.7513288
33.228	18.750081
33.23	18.7488536
33.232	18.747561400000002
33.234	18.746120400000002
33.236	18.7445348
33.238	18.74281
33.24	18.740951
33.242	18.7389616
33.244	18.736846200000002
33.246	18.7346108
33.248	18.7322592
33.25	18.7297968
33.252	18.727227
33.254	18.7245558
33.256	18.7217872
33.258	18.7189262
33.26	18.715977600000002
33.262	18.7129458
33.264	18.7098354
33.266	18.7066516
33.268	18.703398
33.27	18.700080800000002
33.272	18.6967038
33.274	18.693272
33.276	18.6897896
33.278	18.686262
33.28	18.682693399999998
33.282	18.679088399999998
33.284	18.6754526
33.286	18.6717894
33.288	18.6681044
33.29	18.6644018
33.292	18.6606868
33.294	18.6569636
33.296	18.6532372
33.298	18.6495122
33.3	18.6457932
33.302	18.642085
33.304	18.6383922
33.306	18.6347202
33.308	18.6310724
33.31	18.6274546
33.312	18.6238706
33.314	18.6203258
33.316	18.616825
33.318	18.6133722
33.32	18.6099724
33.322	18.606630199999998
33.324	18.603351
33.326	18.6001386
33.328	18.596998
33.33	18.593934
33.332	18.5909508
33.334	18.588054
33.336	18.5852478
33.338	18.582537000000002
33.34	18.579925799999998
33.342	18.5774196
33.344	18.5750226
33.346	18.57274
33.348	18.570575599999998
33.35	18.5685352
33.352	18.566622600000002
33.354	18.564843
33.356	18.5632012
33.358	18.5617012
33.36	18.560348400000002
33.362	18.559147199999998
33.364	18.5581024
33.366	18.5570758
33.368	18.5559296
33.37	18.554668200000002
33.372	18.553297399999998
33.374	18.551822
33.376	18.5502466
33.378	18.5485766
33.38	18.5468172
33.382	18.5449728
33.384	18.5430492
33.386	18.5410508
33.388	18.5389828
33.39	18.5368508
33.392	18.5346588
33.394	18.5324128
33.396	18.5301174
33.398	18.527777
33.4	18.525398199999998
33.402	18.5229844
33.404	18.5205416
33.406	18.5180744
33.408	18.5155882
33.41	18.5130876
33.412	18.510577599999998
33.414	18.5080636
33.416	18.5055508
33.418	18.5030434
33.42	18.5005472
33.422	18.4980672
33.424	18.495607800000002
33.426	18.4931748
33.428	18.4907726
33.43	18.4884066
33.432	18.4860814
33.434	18.4838026
33.436	18.4815748
33.438	18.479403400000002
33.44	18.4772928
33.442	18.4752486
33.444	18.473276
33.446	18.4713796
33.448	18.4695642
33.45	18.4678352
33.452	18.4661978
33.454	18.4646572
33.456	18.4632172
33.458	18.461884400000002
33.46	18.4606626
33.462	18.4595574
33.464	18.4585736
33.466	18.4577168
33.468	18.456991000000002
33.47	18.4564026
33.472	18.4559554
33.474	18.455655
33.476	18.455506200000002
33.478	18.4555142
33.48	18.455683999999998
33.482	18.4560202
33.484	18.456529
33.486	18.4572142
33.488	18.458081
33.49	18.4591354
33.492	18.4603814
33.494	18.461824200000002
33.496	18.4634688
33.498	18.465278
33.5	18.4672072
33.502	18.4692552
33.504	18.4714192
33.506	18.473696
33.508	18.476084
33.51	18.4785808
33.512	18.4811828
33.514	18.483889
33.516	18.486696000000002
33.518	18.489601399999998
33.52	18.4926032
33.522	18.4956988
33.524	18.498885
33.526	18.50216
33.528	18.5055216
33.53	18.5089668
33.532	18.512493
33.534	18.5160984
33.536	18.51978
33.538	18.523535000000003
33.54	18.5273622
33.542	18.531258
33.544	18.5352204
33.546	18.5392468
33.548	18.5433348
33.55	18.547481400000002
33.552	18.5516852
33.554	18.5559428
33.556	18.560252
33.558	18.5646108
33.56	18.569016400000002
33.562	18.5734656
33.564	18.577956999999998
33.566	18.582487999999998
33.568	18.5870556
33.57	18.5916574
33.572	18.5962914
33.574	18.6009544
33.576	18.605645
33.578	18.610359600000002
33.58	18.6150964
33.582	18.6198534
33.584	18.624627
33.586	18.6294148
33.588	18.6342152
33.59	18.6390256
33.592	18.643843
33.594	18.6486652
33.596	18.653489399999998
33.598	18.658314
33.6	18.6631358
33.602	18.6679524
33.604	18.6727612
33.606	18.677560200000002
33.608	18.682346600000002
33.61	18.6871184
33.612	18.6918724
33.614	18.6966064
33.616	18.7013182
33.618	18.706005400000002
33.62	18.710665
33.622	18.7152946
33.624	18.7198924
33.626	18.7244552
33.628	18.728980800000002
33.63	18.733467
33.632	18.7379578
33.634	18.7424988
33.636	18.747090200000002
33.638	18.7517308
33.64	18.7564204
33.642	18.7611584
33.644	18.765944400000002
33.646	18.770778
33.648	18.7756584
33.65	18.780586
33.652	18.7855596
33.654	18.7905782
33.656	18.7956422
33.658	18.800750999999998
33.66	18.8059042
33.662	18.8111008
33.664	18.8163402
33.666	18.821623199999998
33.668	18.826948
33.67	18.8323144
33.672	18.8377222
33.674	18.843170999999998
33.676	18.8486598
33.678	18.8541888
33.68	18.8597572
33.682	18.8653644
33.684	18.8710096
33.686	18.876693
33.688	18.8824142
33.69	18.888172
33.692	18.8939666
33.694	18.8997968
33.696	18.9056628
33.698	18.9115638
33.7	18.917499
33.702	18.923469
33.704	18.9294718
33.706	18.935508
33.708	18.9415772
33.71	18.9476784
33.712	18.953811
33.714	18.959975
33.716	18.9661696
33.718	18.9723948
33.72	18.978649400000002
33.722	18.9849338
33.724	18.9912466
33.726	18.9975876
33.728	19.003956600000002
33.73	19.010353000000002
33.732	19.0167764
33.734	19.0232256
33.736	19.0297016
33.738	19.036202199999998
33.74	19.0427282
33.742	19.0492786
33.744	19.0558532
33.746	19.062451199999998
33.748	19.069072
33.75	19.0757154
33.752	19.082380999999998
33.754	19.0890682
33.756	19.0957764
33.758	19.1025056
33.76	19.1092546
33.762	19.1160234
33.764	19.1228216
33.766	19.1296586
33.768	19.136535000000002
33.77	19.1434502
33.772	19.1504038
33.774	19.1573962
33.776	19.1644266
33.778	19.1714952
33.78	19.178601999999998
33.782	19.1857466
33.784	19.192928600000002
33.786	19.2001484
33.788	19.2074054
33.79	19.2146996
33.792	19.222031
33.794	19.229399
33.796	19.2368034
33.798	19.2442444
33.8	19.2517218
33.802	19.2592358
33.804	19.266785
33.806	19.2743706
33.808	19.2819914
33.81	19.289648
33.812	19.2973392
33.814	19.3050664
33.816	19.312828
33.818	19.320624600000002
33.82	19.3284558
33.822	19.336321599999998
33.824	19.344221400000002
33.826	19.3521556
33.828	19.360124
33.83	19.3681258
33.832	19.376161
33.834	19.384230000000002
33.836	19.3923322
33.838	19.4004674
33.84	19.4086358
33.842	19.4168368
33.844	19.4250704
33.846	19.4333366
33.848	19.441634999999998
33.85	19.4499654
33.852	19.4583276
33.854	19.466721800000002
33.856	19.4751476
33.858	19.483604800000002
33.86	19.4920932
33.862	19.5006128
33.864	19.5091632
33.866	19.517744399999998
33.868	19.5263564
33.87	19.5349986
33.872	19.543671
33.874	19.5523734
33.876	19.561106
33.878	19.569868200000002
33.88	19.5786598
33.882	19.5874812
33.884	19.5963316
33.886	19.6052112
33.888	19.614119600000002
33.89	19.6230568
33.892	19.6320224
33.894	19.6410166
33.896	19.650034599999998
33.898	19.6590718
33.9	19.6681286
33.902	19.677205
33.904	19.686301
33.906	19.695417
33.908	19.704553
33.91	19.713709
33.912	19.7228852
33.914	19.7320814
33.916	19.7412986
33.918	19.7505358
33.92	19.759794
33.922	19.7690728
33.924	19.7783726
33.926	19.787693400000002
33.928	19.7970354
33.93	19.8063984
33.932	19.8157828
33.934	19.8251888
33.936	19.8346162
33.938	19.8440656
33.94	19.853536599999998
33.942	19.8630298
33.944	19.8725448
33.946	19.882082
33.948	19.893079
33.95	19.9122434
33.952	19.9314522
33.954	19.9507062
33.956	19.9700062
33.958	19.9893514
33.96	20.008743
33.962	20.028181
33.964	20.047665000000002
33.966	20.067196199999998
33.968	20.0867738
33.97	20.106399
33.972	20.1260714
33.974	20.145791
33.976	20.1655586
33.978	20.1853746
33.98	20.205239
33.982	20.2251518
33.984	20.2451134
33.986	20.2651242
33.988	20.2851838
33.99	20.3052934
33.992	20.3254522
33.994	20.3456614
33.996	20.365920199999998
33.998	20.3862302
34.0	20.4065902
34.002	20.4270018
34.004	20.4474642
34.006	20.4679778
34.008	20.4885434
34.01	20.5091602
34.012	20.5298294
34.014	20.5505506
34.016	20.571325
34.018	20.5921518
34.02	20.6130318
34.022	20.6339642
34.024	20.654951
34.026	20.6759914
34.03	20.9146258
34.035	20.9243702
34.04	20.9340062
34.045	20.9435322
34.05	20.9529478
34.055	20.9622518
34.06	20.971443
34.065	20.980519
34.07	20.9894802
34.075	20.9983242
34.08	21.007050200000002
34.085	21.0156578
34.09	21.024144200000002
34.095	21.032509
34.1	21.0407514
34.105	21.0488694
34.11	21.0568622
34.115	21.0647282
34.12	21.0724666
34.125	21.080076599999998
34.13	21.0875558
34.135	21.0949038
34.14	21.1021194
34.145	21.109201
34.15	21.1161474
34.155	21.1229574
34.16	21.129651
34.165	21.136247
34.17	21.1427474
34.175	21.1491518
34.18	21.155461
34.185	21.161676200000002
34.19	21.1677982
34.195	21.173827
34.2	21.1797638
34.205	21.1856082
34.21	21.1913622
34.215	21.1970258
34.22	21.2025994
34.225	21.2080838
34.23	21.2134802
34.235	21.218789
34.24	21.2240106
34.245	21.2291458
34.25	21.234195
34.255	21.239159
34.26	21.2440386
34.265	21.248834600000002
34.27	21.253547
34.275	21.2581766
34.28	21.2627254
34.285	21.2671918
34.29	21.2715654
34.295	21.2758338
34.3	21.2799994
34.305	21.2840638
34.31	21.288027800000002
34.315	21.2918938
34.32	21.295663400000002
34.325	21.2993378
34.33	21.3029194
34.335	21.3064094
34.34	21.309809
34.345	21.313121
34.35	21.3163466
34.355	21.319487000000002
34.36	21.3225438
34.365	21.325519800000002
34.37	21.328415800000002
34.375	21.331233400000002
34.38	21.3339746
34.385	21.3366406
34.39	21.3392342
34.395	21.3417558
34.4	21.344207
34.405	21.3465902
34.41	21.3489074
34.415	21.3511594
34.42	21.353277
34.425	21.355197
34.43	21.3569282
34.435	21.3584806
34.44	21.3598642
34.445	21.3610882
34.45	21.3621626
34.455	21.363097
34.46	21.3639006
34.465	21.3645834
34.47	21.3651554
34.475	21.3656258
34.48	21.3660042
34.485	21.366301
34.49	21.366524599999998
34.495	21.3666858
34.5	21.3667938
34.505	21.3668582
34.51	21.366889
34.515	21.3668954
34.52	21.3668874
34.525	21.3668746
34.53	21.3668666
34.535	21.3668726
34.54	21.366903
34.545	21.3669674
34.55	21.3668526
34.555	21.3663578
34.56	21.3655094
34.565	21.3643338
34.57	21.3628586
34.575	21.3611094
34.58	21.3591142
34.585	21.3568982
34.59	21.3544886
34.595	21.3519122
34.6	21.3491962
34.605	21.3463666
34.61	21.343451
34.615	21.3404746
34.62	21.337465
34.625	21.334449
34.63	21.3314526
34.635	21.3285034
34.64	21.3256278
34.645	21.322851800000002
34.65	21.320203
34.655	21.3177074
34.66	21.315392199999998
34.665	21.3132838
34.67	21.311409
34.675	21.3097942
34.68	21.3084202
34.685	21.3072354
34.69	21.3062234
34.695	21.3053646
34.7	21.3046406
34.705	21.3040338
34.71	21.3035242
34.715	21.303095
34.72	21.302727400000002
34.725	21.302402999999998
34.73	21.302103
34.735	21.3018086
34.74	21.3015026
34.745	21.3011658
34.75	21.3007802
34.755	21.300326599999998
34.76	21.2997878
34.765	21.299144599999998
34.77	21.298378200000002
34.775	21.2974714
34.78	21.296405
34.785	21.2951606
34.79	21.2937202
34.795	21.292065
34.8	21.2901766
34.805	21.288036599999998
34.81	21.285777
34.815	21.2835362
34.82	21.2813106
34.825	21.279093
34.83	21.2768786
34.835	21.2746618
34.84	21.2724374
34.845	21.2701998
34.85	21.2679426
34.855	21.2656614
34.86	21.263351
34.865	21.261004200000002
34.87	21.2586174
34.875	21.2561834
34.88	21.253698200000002
34.885	21.251155400000002
34.89	21.2485494
34.895	21.2458754
34.9	21.243127
34.905	21.2402994
34.91	21.237387
34.915	21.2343838
34.92	21.231285
34.925	21.2280846
34.93	21.224777
34.935	21.2213578
34.94	21.217513
34.945	21.2129734
34.95	21.2077982
34.955	21.2020458
34.96	21.1957738
34.965	21.1890414
34.97	21.181907
34.975	21.1744286
34.98	21.1666658
34.985	21.1586758
34.99	21.1505182
34.995	21.142251
35.0	21.1339326
35.005	21.1256218
35.01	21.1173762
35.015	21.1092558
35.02	21.1013178
35.025	21.093621
35.03	21.0862246
35.035	21.079186200000002
35.04	21.072565
35.045	21.066419
35.05	21.0608066
35.055	21.055787000000002
35.06	21.0514182
35.065	21.0469662
35.07	21.0417086
35.075	21.035722200000002
35.08	21.0290806
35.085	21.0218606
35.09	21.0141366
35.095	21.0059854
35.1	20.9974818
35.105	20.9887006
35.11	20.979718599999998
35.115	20.9706106
35.12	20.9614518
35.125	20.952318599999998
35.13	20.943285799999998
35.135	20.9344286
35.14	20.9258234
35.145	20.917545
35.15	20.9096694
35.155	20.902271
35.16	20.8954266
35.165	20.8892114
35.17	20.8837002
35.175	20.878968999999998
35.18	20.875093800000002
35.185	20.872149
35.19	20.8702106
35.195	20.8683314
35.2	20.865575800000002
35.205	20.8620362
35.21	20.8578054
35.215	20.8529762
35.22	20.8476402
35.225	20.8418918
35.23	20.8358226
35.235	20.829525
35.24	20.8230914
35.245	20.8166154
35.25	20.8101894
35.255	20.8039058
35.26	20.797857
35.265	20.7921366
35.27	20.7868358
35.275	20.7820482
35.28	20.7778662
35.285	20.7743826
35.29	20.7716898
35.295	20.7698802
35.3	20.769047
35.305	20.7692826
35.31	20.7706798
35.315	20.7733306
35.32	20.7773282
35.325	20.7824462
35.33	20.7883646
35.335	20.7950362
35.34	20.8024118
35.345	20.8104438
35.35	20.8190846
35.355	20.8282854
35.36	20.8379998
35.365	20.848177800000002
35.37	20.8587726
35.375	20.8697366
35.38	20.881020200000002
35.385	20.892577
35.39	20.9043582
35.395	20.9163162
35.4	20.9284026
35.405	20.9405702
35.41	20.9527702
35.415	20.9649546
35.42	20.9770754
35.425	20.9890854
35.43	21.0009358
35.435	21.0125794
35.44	21.023967
35.445	21.035051799999998
35.45	21.0457854
35.455	21.0575206
35.46	21.0715182
35.465	21.087591
35.47	21.105552199999998
35.475	21.125213000000002
35.48	21.146387
35.485	21.1688866
35.49	21.1925242
35.495	21.217113
35.5	21.2424654
35.505	21.2683938
35.51	21.294711
35.515	21.3212298
35.52	21.3477626
35.525	21.3741218
35.53	21.4001206
35.535	21.4255714
35.54	21.4502866
35.545	21.4740794
35.55	21.4967622
35.555	21.5181474
35.56	21.5380478
35.565	21.5562758
35.57	21.5726442
35.575	21.5869654
35.58	21.5990526
35.585	21.610541
35.59	21.6231234
35.595	21.6366978
35.6	21.6511618
35.605	21.6664146
35.61	21.6823538
35.615	21.6988782
35.62	21.7158854
35.625	21.7332738
35.63	21.7509422
35.635	21.7687878
35.64	21.786709000000002
35.645	21.804605000000002
35.65	21.8223734
35.655	21.8399118
35.66	21.857119400000002
35.665	21.873894200000002
35.67	21.8901342
35.675	21.9057374
35.68	21.920602600000002
35.685	21.9346274
35.69	21.9477102
35.695	21.959750200000002
35.7	21.9706442
35.705	21.9802914
35.71	21.9885886
35.715	21.9959742
35.72	22.002965
35.725	22.009579000000002
35.73	22.015837
35.735	22.0217574
35.74	22.0273598
35.745	22.032663
35.75	22.0376866
35.755	22.0424502
35.76	22.0469726
35.765	22.0512726
35.77	22.0553706
35.775	22.059285
35.78	22.0630354
35.785	22.0666406
35.79	22.0701206
35.795	22.0734938
35.8	22.0767802
35.805	22.079999
35.81	22.0831682
35.815	22.0863094
35.82	22.0894398
35.825	22.092579399999998
35.83	22.095747
35.835	22.0989626
35.84	22.102245
35.845	22.105017
35.85	22.106735399999998
35.855	22.1074746
35.86	22.1073074
35.865	22.106307
35.87	22.1045454
35.875	22.102097399999998
35.88	22.099035399999998
35.885	22.095432600000002
35.89	22.0913618
35.895	22.0868966
35.9	22.0821098
35.905	22.077075
35.91	22.071865
35.915	22.066553
35.92	22.0612118
35.925	22.0559154
35.93	22.050735799999998
35.935	22.0457466
35.94	22.0410218
35.945	22.0366334
35.95	22.032655
35.955	22.0291594
35.96	22.0262202
35.965	22.0239102
35.97	22.022303
35.975	22.020384200000002
35.98	22.0171606
35.985	22.0127394
35.99	22.0072254
35.995	22.000724599999998
36.0	21.993343799999998
36.005	21.9851874
36.01	21.9763622
36.015	21.966973799999998
36.02	21.957127800000002
36.025	21.9469306
36.03	21.936487800000002
36.035	21.9259054
36.04	21.9152886
36.045	21.9047446
36.05	21.8943774
36.055	21.884295
36.06	21.8746014
36.065	21.865403
36.07	21.8568062
36.075	21.848916199999998
36.08	21.8418398
36.085	21.8356814
36.09	21.8305482
36.095	21.826545
36.1	21.822727399999998
36.105	21.8181298
36.11	21.8128274
36.115	21.8068962
36.12	21.8004114
36.125	21.7934486
36.13	21.7860846
36.135	21.778393
36.14	21.7704506
36.145	21.7623326
36.15	21.754115
36.155	21.7458734
36.16	21.737682200000002
36.165	21.7296182
36.17	21.7217574
36.175	21.7141738
36.18	21.7069442
36.185	21.7001438
36.19	21.6938478
36.195	21.6881326
36.2	21.683073
36.205	21.678745
36.21	21.6752242
36.215	21.6725862
36.22	21.6709062
36.225	21.6702606
36.23	21.670197
36.235	21.6702222
36.24	21.6703494
36.245	21.6705922
36.25	21.6709626
36.255	21.6714754
36.26	21.6721418
36.265	21.6729762
36.27	21.6739914
36.275	21.6752006
36.28	21.676617
36.285	21.678252999999998
36.29	21.6801226
36.295	21.682238599999998
36.3	21.6846142
36.305	21.6872618
36.31	21.6901954
36.315	21.693427800000002
36.32	21.696972600000002
36.325	21.7008422
36.33	21.705050200000002
36.335	21.709609399999998
36.34	21.7145326
36.345	21.7198342
36.35	21.7255258
36.355	21.7316214
36.36	21.7379526
36.365	21.7443474
36.37	21.750815799999998
36.375	21.7573654
36.38	21.7640058
36.385	21.7707462
36.39	21.7775946
36.395	21.7845602
36.4	21.7916522
36.405	21.798878600000002
36.41	21.806249
36.415	21.8137722
36.42	21.8214566
36.425	21.8293118
36.43	21.8373454
36.435	21.8455674
36.44	21.8539866
36.445	21.862611
36.45	21.8714506
36.455	21.880513
36.46	21.8898082
36.465	21.8993442
36.47	21.9091306
36.475	21.9191754
36.48	21.9294882
36.485	21.940077000000002
36.49	21.9512618
36.495	21.9633118
36.5	21.9761646
36.505	21.9897566
36.51	22.0040238
36.515	22.0189034
36.52	22.0343318
36.525	22.0502458
36.53	22.0665814
36.535	22.0832758
36.54	22.100265
36.545	22.117486200000002
36.55	22.1348758
36.555	22.152369800000002
36.56	22.169905800000002
36.565	22.1874198
36.57	22.2048482
36.575	22.2221282
36.58	22.239195799999997
36.585	22.2559878
36.59	22.272440600000003
36.595	22.288491399999998
36.6	22.304076600000002
36.605	22.3191322
36.61	22.333595000000003
36.615	22.3474018
36.62	22.361955000000002
36.625	22.3785822
36.63	22.397109
36.635	22.4173598
36.64	22.4391598
36.645	22.4623342
36.65	22.486708200000002
36.655	22.512106199999998
36.66	22.5383542
36.665	22.565276599999997
36.67	22.5926986
36.675	22.620445
36.68	22.6483414
36.685	22.676212999999997
36.69	22.7038838
36.695	22.731180199999997
36.7	22.757925800000002
36.705	22.783946200000003
36.71	22.8090674
36.715	22.833113400000002
36.72	22.855909
36.725	22.8772806
36.73	22.897052119999998
36.735	22.91504892
36.74	22.931096160000003
36.745	22.945018599999997
36.75	22.95855148
36.755	22.973456
36.76	22.98959764
36.765	23.006841520000002
36.77	23.025053120000003
36.775	23.04409704
36.78	23.063839039999998
36.785	23.084144199999997
36.79	23.1048778
36.795	23.12590488
36.8	23.147090759999998
36.805	23.168300719999998
36.81	23.1893998
36.815	23.21025332
36.82	23.230726320000002
36.825	23.25068436
36.83	23.269992440000003
36.835	23.28851588
36.84	23.30612
36.845	23.322669599999998
36.85	23.3380302
36.855	23.352067079999998
36.86	23.36464532
36.865	23.37563
36.87	23.3848866
36.875	23.392280200000002
36.88	23.39823992
36.885	23.40331516
36.89	23.407550880000002
36.895	23.410992479999997
36.9	23.41368564
36.905	23.415675479999997
36.91	23.41700752
36.915	23.41772684
36.92	23.4178792
36.925	23.41750964
36.93	23.41666348
36.935	23.41538652
36.94	23.4137238
36.945	23.411720600000002
36.95	23.409422720000002
36.955	23.406875
36.96	23.40412292
36.965	23.40121208
36.97	23.398187720000003
36.975	23.3950952
36.98	23.39198
36.985	23.388887240000003
36.99	23.38586244
36.995	23.382950880000003
37.0	23.38019784
37.005	23.37764916
37.01	23.37427768
37.015	23.36911736
37.02	23.36230312
37.025	23.3539706
37.03	23.34425504
37.035	23.333291600000003
37.04	23.321215719999998
37.045	23.308162760000002
37.05	23.294268199999998
37.055	23.279667
37.06	23.264494759999998
37.065	23.24888644
37.07	23.23297796
37.075	23.216904239999998
37.08	23.20080052
37.085	23.18480236
37.09	23.16904528
37.095	23.153663960000003
37.1	23.13879428
37.105	23.1245714
37.11	23.11113056
37.115	23.0986074
37.12	23.0871366
37.125	23.07685408
37.13	23.06789504
37.135	23.059146480000003
37.14	23.049453120000003
37.145	23.03888712
37.15	23.02752052
37.155	23.01542504
37.16	23.002672760000003
37.165	22.98933588
37.17	22.97548588
37.175	22.96119508
37.18	22.946535439999998
37.185	22.93157896
37.19	22.9163972
37.195	22.9010628
37.2	22.885647
37.205	22.870222599999998
37.21	22.854860600000002
37.215	22.8396338
37.22	22.8246138
37.225	22.8098726
37.23	22.795482200000002
37.235	22.7815146
37.24	22.7680414
37.245	22.7551354
37.25	22.7428678
37.255	22.7313106
37.26	22.720536199999998
37.265	22.710057
37.27	22.699350600000002
37.275	22.6884334
37.28	22.6773238
37.285	22.666039400000003
37.29	22.654598200000002
37.295	22.643017
37.3	22.631314600000003
37.305	22.6195078
37.31	22.607615000000003
37.315	22.5956534
37.32	22.583641399999998
37.325	22.5715954
37.33	22.559535
37.335	22.5474762
37.34	22.535437
37.345	22.5234358
37.35	22.511490199999997
37.355	22.499617399999998
37.36	22.4878354
37.365	22.4761618
37.37	22.4646142
37.375	22.4532106
37.38	22.441968600000003
37.385	22.430906200000003
37.39	22.4200406
37.395	22.409300199999997
37.4	22.3986006
37.405	22.387940200000003
37.41	22.377318199999998
37.415	22.3667326
37.42	22.3561814
37.425	22.3456642
37.43	22.3351786
37.435	22.3247234
37.44	22.3142974
37.445	22.3038986
37.45	22.293526200000002
37.455	22.2831774
37.46	22.272851799999998
37.465	22.262548199999998
37.47	22.2522638
37.475	22.241998600000002
37.48	22.231749800000003
37.485	22.221517
37.49	22.2112974
37.495	22.2010906
37.5	22.190895400000002
37.505	22.180708600000003
37.51	22.1705306
37.515	22.160358600000002
37.52	22.1501922
37.525	22.139945
37.53	22.129545
37.535	22.119011399999998
37.54	22.1083606
37.545	22.097612599999998
37.55	22.0867846
37.555	22.0758958
37.56	22.064963
37.565	22.0540058
37.57	22.043042200000002
37.575	22.0320894
37.58	22.021167
37.585	22.010292200000002
37.59	21.9994842
37.595	21.9887602
37.6	21.9781398
37.605	21.9676398
37.61	21.957279
37.615	21.947076199999998
37.62	21.9370486
37.625	21.9272154
37.63	21.9175942
37.635	21.9082038
37.64	21.8990622
37.645	21.890187
37.65	21.8810678
37.655	21.8712258
37.66	21.8607306
37.665	21.8496522
37.67	21.8380598
37.675	21.8260234
37.68	21.8136122
37.685	21.8008962
37.69	21.7879446
37.695	21.774827000000002
37.7	21.7616126
37.705	21.7483718
37.71	21.7351742
37.715	21.7220882
37.72	21.7091846
37.725	21.6965322
37.73	21.6842006
37.735	21.6722598
37.74	21.6607794
37.745	21.6498282
37.75	21.639476600000002
37.755	21.6297934
37.76	21.620849
37.765	21.612712600000002
37.77	21.6054538
37.775	21.599141799999998
37.78	21.5930818
37.785	21.5865674
37.79	21.5796518
37.795	21.5723894
37.8	21.5648338
37.805	21.5570386
37.81	21.5490574
37.815	21.5409438
37.82	21.532751400000002
37.825	21.5245346
37.83	21.5163462
37.835	21.5082402
37.84	21.5002702
37.845	21.4924906
37.85	21.4849542
37.855	21.477715
37.86	21.4708258
37.865	21.464342600000002
37.87	21.4583166
37.875	21.452803
37.88	21.447854200000002
37.885	21.4435258
37.89	21.4398698
37.895	21.4369406
37.9	21.4347914
37.905	21.4334762
37.91	21.4328918
37.915	21.4328774
37.92	21.433403
37.925	21.434437
37.93	21.4359502
37.935	21.437911
37.94	21.440289
37.945	21.4430534
37.95	21.4461738
37.955	21.4496202
37.96	21.4533606
37.965	21.4573654
37.97	21.461603
37.975	21.4660438
37.98	21.470657
37.985	21.4754114
37.99	21.480277
37.995	21.4852222
38.0	21.4902174
38.005	21.4952314
38.01	21.5002346
38.015	21.5051946
38.02	21.510081800000002
38.025	21.5148658
38.03	21.5195154
38.035	21.5240002
38.04	21.5290522
38.045	21.535358600000002
38.05	21.5428206
38.055	21.5513394
38.06	21.5608158
38.065	21.5711506
38.07	21.582245
38.075	21.594001
38.08	21.6063186
38.085	21.6190998
38.09	21.632245
38.095	21.6456554
38.1	21.659233
38.105	21.672877
38.11	21.686491
38.115	21.699973800000002
38.12	21.7132274
38.125	21.7261538
38.13	21.7386526
38.135	21.7506258
38.14	21.7619742
38.145	21.772599
38.15	21.7824014
38.155	21.7912826
38.16	21.799143
38.165	21.8071006
38.17	21.8162694
38.175	21.8265466
38.18	21.8378294
38.185	21.850015
38.19	21.863001
38.195	21.876685000000002
38.2	21.8909634
38.205	21.9057338
38.21	21.9208938
38.215	21.9363406
38.22	21.951971
38.225	21.9676822
38.23	21.9833726
38.235	21.9989378
38.24	22.0142762
38.245	22.0292854
38.25	22.043861800000002
38.255	22.0579026
38.26	22.0713054
38.265	22.0839682
38.27	22.095787
38.275	22.106659399999998
38.28	22.116483
38.285	22.1251554
38.29	22.132573
38.295	22.1395554
38.3	22.1469586
38.305	22.154736999999997
38.31	22.1628422
38.315	22.1712286
38.32	22.179848999999997
38.325	22.1886566
38.33	22.1976046
38.335	22.2066462
38.34	22.2157354
38.345	22.2248242
38.35	22.2338666
38.355	22.242815800000002
38.36	22.251624999999997
38.365	22.260247
38.37	22.2686354
38.375	22.2767438
38.38	22.284524599999997
38.385	22.2919318
38.39	22.298918200000003
38.395	22.305437400000002
38.4	22.311441799999997
38.405	22.3168858
38.41	22.3217214
38.415	22.3259026
38.42	22.329383399999998
38.425	22.3320866
38.43	22.334004200000003
38.435	22.3351914
38.44	22.335702599999998
38.445	22.3355922
38.45	22.3349142
38.455	22.3337226
38.46	22.3320726
38.465	22.330019
38.47	22.3276146
38.475	22.3249158
38.48	22.3219754
38.485	22.318849
38.49	22.315589799999998
38.495	22.312253400000003
38.5	22.308893400000002
38.505	22.3055646
38.51	22.3023218
38.515	22.2992186
38.52	22.296309800000003
38.525	22.2936494
38.53	22.291293000000003
38.535	22.289293800000003
38.54	22.2877066
38.545	22.286586200000002
38.55	22.2859862
38.555	22.284975000000003
38.56	22.282656600000003
38.565	22.279139800000003
38.57	22.274533400000003
38.575	22.268946999999997
38.58	22.2624882
38.585	22.255267
38.59	22.247391399999998
38.595	22.238971
38.6	22.2301146
38.605	22.220931
38.61	22.2115286
38.615	22.202016999999998
38.62	22.1925046
38.625	22.183100600000003
38.63	22.1739134
38.635	22.165052199999998
38.64	22.156626600000003
38.645	22.1487438
38.65	22.1415146
38.655	22.135046199999998
38.66	22.1294486
38.665	22.1248306
38.67	22.1213006
38.675	22.1189678
38.68	22.1179406
38.685	22.117493
38.69	22.1168406
38.695	22.1160058
38.7	22.1150098
38.705	22.1138758
38.71	22.1126254
38.715	22.1112806
38.72	22.1098646
38.725	22.1083986
38.73	22.106905400000002
38.735	22.1054062
38.74	22.1039242
38.745	22.1024806
38.75	22.101099
38.755	22.0997998
38.76	22.098607
38.765	22.097541
38.77	22.096625799999998
38.775	22.0958818
38.78	22.0953318
38.785	22.0949986
38.79	22.0949038
38.795	22.0950694
38.8	22.0955178
38.805	22.0962714
38.81	22.0973522
38.815	22.0988406
38.82	22.100781
38.825	22.1031402
38.83	22.1058862
38.835	22.1089862
38.84	22.112407400000002
38.845	22.1161178
38.85	22.1200842
38.855	22.1242746
38.86	22.1286558
38.865	22.1331958
38.87	22.1378614
38.875	22.142621
38.88	22.1474406
38.885	22.1522894
38.89	22.157133
38.895	22.1619398
38.9	22.166677399999998
38.905	22.171312999999998
38.91	22.175813400000003
38.915	22.180146999999998
38.92	22.1842806
38.925	22.1881822
38.93	22.191818599999998
38.935	22.1951574
38.94	22.198165799999998
38.945	22.2011902
38.95	22.204581400000002
38.955	22.2083138
38.96	22.2123606
38.965	22.2166962
38.97	22.221295400000002
38.975	22.226131000000002
38.98	22.231177799999998
38.985	22.236409799999997
38.99	22.2418014
38.995	22.2473262
39.0	22.2529586
39.005	22.258673
39.01	22.264442199999998
39.015	22.2702422
39.02	22.276045
39.025	22.281826199999998
39.03	22.2875598
39.035	22.293219399999998
39.04	22.298779
39.045	22.3042126
39.05	22.309495
39.055	22.3145994
39.06	22.319500599999998
39.065	22.3241722
39.07	22.3285894
39.075	22.3329618
39.08	22.3375118
39.085	22.3422274
39.09	22.347095799999998
39.095	22.3521058
39.1	22.3572454
39.105	22.3625018
39.11	22.367863800000002
39.115	22.3733194
39.12	22.3788566
39.125	22.3844638
39.13	22.390127800000002
39.135	22.395837800000002
39.14	22.401581800000002
39.145	22.407347
39.15	22.4131226
39.155	22.4188954
39.16	22.4246542
39.165	22.4303874
39.17	22.4360822
39.175	22.441727
39.18	22.4473098
39.185	22.4528186
39.19	22.4582418
39.195	22.463566999999998
39.2	22.468674999999998
39.205	22.4734718
39.21	22.4779854
39.215	22.482241799999997
39.22	22.486268199999998
39.225	22.490091800000002
39.23	22.493739400000003
39.235	22.497238199999998
39.24	22.5006146
39.245	22.5038962
39.25	22.507109399999997
39.255	22.5102818
39.26	22.513439400000003
39.265	22.5166106
39.27	22.519821
39.275	22.5230982
39.28	22.526469
39.285	22.529960600000003
39.29	22.533599799999998
39.295	22.5374134
39.3	22.541429
39.305	22.5456722
39.31	22.5501718
39.315	22.554953400000002
39.32	22.5600442
39.325	22.5654714
39.33	22.5709046
39.335	22.576014200000003
39.34	22.5808318
39.345	22.585386200000002
39.35	22.5897086
39.355	22.593829
39.36	22.597777800000003
39.365	22.601584199999998
39.37	22.605280200000003
39.375	22.6088942
39.38	22.6124582
39.385	22.6160006
39.39	22.619553
39.395	22.623145
39.4	22.626807
39.405	22.6305698
39.41	22.6344622
39.415	22.6385158
39.42	22.642760199999998
39.425	22.6472258
39.43	22.651942599999998
39.435	22.6569414
39.44	22.6622518
39.445	22.667904200000002
39.45	22.673929
39.455	22.6803558
39.46	22.6872658
39.465	22.694693
39.47	22.702599
39.475	22.710946999999997
39.48	22.7196974
39.485	22.728813799999998
39.49	22.7382578
39.495	22.747991
39.5	22.7579758
39.505	22.768174600000002
39.51	22.7785486
39.515	22.789061
39.52	22.799673
39.525	22.810347
39.53	22.8210446
39.535	22.831728599999998
39.54	22.842361
39.545	22.8529026
39.55	22.8633174
39.555	22.8735658
39.56	22.883611000000002
39.565	22.8934146
39.57	22.90293844
39.575	22.912145000000002
39.58	22.92099628
39.585	22.92945392
39.59	22.93772372
39.595	22.94603644
39.6	22.95439324
39.605	22.96279536
39.61	22.9712442
39.615	22.97974048
39.62	22.98828564
39.625	22.996880599999997
39.63	23.005526879999998
39.635	23.014225080000003
39.64	23.022976720000003
39.645	23.03178296
39.65	23.04064496
39.655	23.04956348
39.66	23.0585402
39.665	23.06757576
39.67	23.076671920000003
39.675	23.08582912
39.68	23.095049
39.685	23.10433252
39.69	23.11368092
39.695	23.123095120000002
39.7	23.13257656
39.705	23.142126400000002
39.71	23.151745400000003
39.715	23.16143496
39.72	23.170706600000003
39.725	23.17912396
39.73	23.186768360000002
39.735	23.19372068
39.74	23.200061400000003
39.745	23.20587168
39.75	23.21123204
39.755	23.2162238
39.76	23.22092732
39.765	23.22542368
39.77	23.22979364
39.775	23.23411784
39.78	23.23847756
39.785	23.242953399999998
39.79	23.247626160000003
39.795	23.25257668
39.8	23.2578858
39.805	23.26363452
39.81	23.26990328
39.815	23.27677352
39.82	23.28432544
39.825	23.29264028
39.83	23.301798679999997
39.835	23.311881640000003
39.84	23.322969999999998
39.845	23.33514436
39.85	23.34826456
39.855	23.3621014
39.86	23.3766018
39.865	23.391713000000003
39.87	23.407382079999998
39.875	23.42355616
39.88	23.440182280000002
39.885	23.457207760000003
39.89	23.47457988
39.895	23.49224528
39.9	23.510151479999998
39.905	23.52824552
39.91	23.54647456
39.915	23.564785800000003
39.92	23.58312616
39.925	23.60144288
39.93	23.619683119999998
39.935	23.63779388
39.94	23.65572272
39.945	23.67341624
39.95	23.690821720000002
39.955	23.70788656
39.96	23.72455748
39.965	23.74078212
39.97	23.756507
39.975	23.77167996
39.98	23.78783284
39.985	23.8063906
39.99	23.827139000000003
39.995	23.84986408
40.0	23.87435136
40.005	23.900387119999998
40.01	23.92775664
40.015	23.95624624
40.02	23.985641559999998
40.025	24.01572856
40.03	24.04629264
40.035	24.07712016
40.04	24.107996800000002
40.045	24.1387082
40.05	24.16904052
40.055	24.1987792
40.06	24.22771032
40.065	24.2556196
40.07	24.282293160000002
40.075	24.30751644
40.08	24.33107552
40.085	24.352756120000002
40.09	24.37234412
40.095	24.3896254
40.1	24.40438564
40.105	24.416411
40.11	24.4277614
40.115	24.4405366
40.12	24.4545816
40.125	24.46974096
40.13	24.48585996
40.135	24.5027834
40.14	24.52035628
40.145	24.53842316
40.15	24.556829280000002
40.155	24.57541952
40.16	24.59403856
40.165	24.612531519999997
40.17	24.63074336
40.175	24.648518879999997
40.18	24.665702680000003
40.185	24.6821402
40.19	24.697676039999997
40.195	24.712155199999998
40.2	24.72542272
40.205	24.73732312
40.21	24.74770148
40.215	24.756403040000002
40.22	24.76327212
40.225	24.76815424
40.23	24.77089364
40.235	24.77200208
40.24	24.77212796
40.245	24.77132376
40.25	24.76964148
40.255	24.767132840000002
40.26	24.76385028
40.265	24.7598458
40.27	24.755171400000002
40.275	24.749879200000002
40.28	24.74402104
40.285	24.73764904
40.29	24.73081524
40.295	24.72357212
40.3	24.715971080000003
40.305	24.708064399999998
40.31	24.69990452
40.315	24.69154296
40.32	24.68303212
40.325	24.6744238
40.33	24.66577036
40.335	24.657123640000002
40.34	24.64853556
40.345	24.640058359999998
40.35	24.63174424
40.355	24.62364492
40.36	24.61581288
40.365	24.6067892
40.37	24.595209920000002
40.375	24.58126888
40.38	24.5651594
40.385	24.547075120000002
40.39	24.5272096
40.395	24.505756480000002
40.4	24.48290928
40.405	24.45886144
40.41	24.43380676
40.415	24.40793832
40.42	24.38145052
40.425	24.354536160000002
40.43	24.32738908
40.435	24.30020292
40.44	24.27317128
40.445	24.24648748
40.45	24.22034536
40.455	24.19493852
40.46	24.170460079999998
40.465	24.14710412
40.47	24.125064000000002
40.475	24.10453328
40.48	24.08570536
40.485	24.06877432
40.49	24.05393324
40.495	24.03881892
40.5	24.021085120000002
40.505	24.00095044
40.51	23.978633719999998
40.515	23.95435388
40.52	23.92832932
40.525	23.90077908
40.53	23.87192212
40.535	23.841976719999998
40.54	23.811162080000003
40.545	23.7796968
40.55	23.747799479999998
40.555	23.71568928
40.56	23.68358452
40.565	23.6517044
40.57	23.620267480000003
40.575	23.589492399999997
40.58	23.559598039999997
40.585	23.53080328
40.59	23.503326960000003
40.595	23.47738776
40.6	23.453204239999998
40.605	23.43099532
40.61	23.41097984
40.615	23.393376439999997
40.62	23.378404
40.625	23.36462912
40.63	23.35050592
40.635	23.33608468
40.64	23.321415520000002
40.645	23.30654844
40.65	23.2915338
40.655	23.2764214
40.66	23.261261320000003
40.665	23.246104080000002
40.67	23.23099956
40.675	23.2159978
40.68	23.20114908
40.685	23.18650348
40.69	23.17211112
40.695	23.158022000000003
40.7	23.144286479999998
