full_node_id	full_node_label	full_is_tip	full_parent_node_id	full_incoming_branch_length	full_root_distance	full_descendant_count	full_descendant_tips	selected_descendant_count	selected_descendant_tips	pruning_status	pruned_target_original_node_id	pruned_incoming_branch_length	pruned_incoming_full_path_node_ids	full_age_from_full_tree_anchor	pruned_age_from_same_anchor
N0001		0			0	495	Acada_biseriata_kawahara2023;Acerbas_sarala_chinensis_mydata;Acleros_leucopyga_kawahara2023;Acleros_ploetzi_kawahara2023;Adlerodea_petrovna_kawahara2023;Adopaeoides_prittwitzi_kawahara2023;Aeromachus_catocyanea_mydata;Aeromachus_jhora_mydata;Aeromachus_nana_mydata;Aeromachus_piceus_mydata;Aeromachus_stigmata_kawahara2023;Agathymus_aryxna_kawahara2023;Agathymus_mariae_kawahara2023;Agathymus_mariae_mariae_ncbi;Aides_duma_argyrina_kawahara2023;Alychna_victa_kawahara2023;Alychna_victa_ncbi;Amblyscirtes_belli_ncbi;Amblyscirtes_celia_ncbi;Amblyscirtes_elissa_ncbi;Amblyscirtes_eos_kawahara2023;Amblyscirtes_florus_kawahara2023;Amblyscirtes_simius_kawahara2023;Ampittia_dioscorides_fabricius_mydata;Ampittia_dioscorides_kawahara2023;Ampittia_subvittatus_kawahara2023;Ampittia_trimacula_ncbi;Ampittia_virgata_miyakei_kawahara2023;Anatrytone_logan_kawahara2023;Ancistroides_gemmifer_kawahara2023;Ancistroides_longicornis_kawahara2023;Ancistroides_nigrita_mydata;Ancyloxypha_numitor_kawahara2023;Andronymus_neander_kawahara2023;Ankola_fan_kawahara2023;Anthoptus_epictetus_kawahara2023;Anthoptus_insignis_kawahara2023;Anthoptus_insignis_ncbi;Anthoptus_sp._kawahara2023;Apaustus_gracilis_kawahara2023;Appia_appia_kawahara2023;Argon_lota_kawahara2023;Arnetta_atkinsoni_mydata;Arnetta_verones_kawahara2023;Aroma_aroma_kawahara2023;Arotis_derasa_brunnea_kawahara2023;Arrhenes_dschilus_kawahara2023;Arrhenes_marnas_kawahara2023;Artines_rica_kawahara2023;Artitropa_comus_kawahara2023;Artitropa_erinnys_kawahara2023;Asbolis_capucinus_kawahara2023;Asbolis_capucinus_ncbi;Astictopterus_jama_kawahara2023;Astictopterus_jama_mydata;Astictopterus_punctulata_kawahara2023;Atalopedes_campestris_kawahara2023;Atrytone_arogos_iowa_kawahara2023;Atrytonopsis_edwardsi_kawahara2023;Atrytonopsis_hianna_hianna_ncbi;Atrytonopsis_hianna_kawahara2023;Banta_banta_kawahara2023;Baoris_farri_farri_kawahara2023;Baoris_farri_mydata;Baoris_oceia_kawahara2023;Baracus_vittatus_kawahara2023;Borbo_borbonica_kawahara2023;Borbo_cinnara_kawahara2023;Borbo_cinnara_mydata;Brusa_saxicola_kawahara2023;Buzyges_idothea_kawahara2023;Caenides_dacela_kawahara2023;Caenides_hidaroides_kawahara2023;Callimormus_radiola_kawahara2023;Calpodes_ethlius_kawahara2023;Calpodes_ethlius_ncbi;Caltoris_cahira_mydata;Caltoris_cormasa_kawahara2023;Caltoris_sirius_fusca_ncbi;Caltoris_sirius_kawahara2023;Cantha_calva_kawahara2023;Carystina_aurifer_kawahara2023;Carystoides_escalantei_kawahara2023;Carystus_phorcus_kawahara2023;Carystus_phorcus_ncbi;Cephrenes_acalle_oceanica_mydata;Cephrenes_augiades_kawahara2023;Cephrenes_augiades_mydata;Ceratrichia_nothus_makomensis_kawahara2023;Ceratrichia_phocion_kawahara2023;Ceratricula_semilutea_kawahara2023;Chalcone_briquenydan_chalcone_kawahara2023;Chondrolepis_niveicornis_kawahara2023;Choranthus_haitensis_kawahara2023;Choranthus_radians_kawahara2023;Choranthus_vitellius_ncbi;Cobaloides_argus_kawahara2023;Cobalopsis_miaba_kawahara2023;Cobalus_calvina_kawahara2023;Conga_chydaea_kawahara2023;Conga_zela_kawahara2023;Copaeodes_aurantiaca_kawahara2023;Copaeodes_aurantiaca_ncbi;Corticea_corticea_kawahara2023;Creteus_cyrina_kawahara2023;Creteus_cyrina_mydata;Cumbre_cumbre_kawahara2023;Cupitha_purreea_kawahara2023;Cupitha_purreea_mydata;Cyclosma_sp._kawahara2023;Cymaenes_tripunctata_kawahara2023;Cynea_cynea_kawahara2023;Cynea_diluta_kawahara2023;Damas_clavus_kawahara2023;Decinea_decinea_kawahara2023;Dion_gemmatus_kawahara2023;Dotta_callicles_kawahara2023;Dubiella_dubius_kawahara2023;Duroca_duroca_duroca_ncbi;Duroca_duroca_kawahara2023;Ebusus_ebusus_kawahara2023;Eetion_elia_kawahara2023;Enosis_sp._kawahara2023;Eogenes_alcides_kawahara2023;Eprius_veleda_kawahara2023;Erionota_acroleucus_apicalis_kawahara2023;Erionota_grandis_mydata;Erionota_thrax_ncbi;Erionota_thrax_thrax_kawahara2023;Euphyes_arpa_kawahara2023;Euphyes_dion_kawahara2023;Eutocus_sp._kawahara2023;Eutychide_physcella_kawahara2023;Evansiella_cordela_kawahara2023;Falga_jeconia_kawahara2023;Flaccilla_aecas_kawahara2023;Flandria_weberi_kawahara2023;Fresna_netopha_kawahara2023;Fresna_nyassae_kawahara2023;Fulda_coroller_kawahara2023;Gallio_carasta_kawahara2023;Gamia_buchholzi_kawahara2023;Gamia_shelleyi_kawahara2023;Gangara_thyrsis_thyrsis_kawahara2023;Ge_geta_kawahara2023;Gegenes_nostrodamus_ncbi;Gegenes_pumilio_kawahara2023;Ginungagapus_fiedleri_kawahara2023;Ginungagapus_ranesus_kawahara2023;Gorgyra_diversata_kawahara2023;Graphium_cloanthus_mydata;Graphium_sarpedon_mydata;Gretna_cylinda_kawahara2023;Gyrogra_subnotata_kawahara2023;Halotus_rica_kawahara2023;Halpe_concavimarginata_mydata;Halpe_nephele_mydata;Halpe_porus_kawahara2023;Halpe_porus_mydata;Halpemorpha_albipectus_kawahara2023;Hansa_devergens_hydra_kawahara2023;Herila_herilus_kawahara2023;Hesperia_attalus_slossonae_ncbi;Hesperia_balcones_ncbi;Hesperia_colorado_sublima_ncbi;Hesperia_comma_kawahara2023;Hesperia_comma_ncbi;Hesperia_dacotae_ncbi;Hesperia_meskei_kawahara2023;Hesperia_meskei_straton_ncbi;Hesperia_nevada_nevada_ncbi;Hesperia_pahaska_williamsi_ncbi;Hesperia_viridis_ncbi;Hesperia_woodgatei_ncbi;Hidari_bhawani_kawahara2023;Hidari_irava_kawahara2023;Hidari_irava_mydata;Hollandus_xanthopeplus_kawahara2023;Hyarotis_adrastus_mydata;Hyarotis_adrastus_praba_kawahara2023;Hylephila_phyleus_ncbi;Hypoleucis_tripunctata_kawahara2023;Iambrix_salsala_kawahara2023;Iambrix_salsala_mydata;Idmon_distanti_kawahara2023;Idmon_fujianana_mydata;Ilma_irvina_kawahara2023;Isma_bononia_idyalis_kawahara2023;Isma_protoclea_iapis_kawahara2023;Isoteinon_lamprospilus_kawahara2023;Isoteinon_lamprospilus_mydata;Iton_semamora_semamora_kawahara2023;Iton_watsonii_mydata;Joanna_joanna_kawahara2023;Kedestes_barberae_kawahara2023;Kobrona_kobros_kawahara2023;Koruthaialos_butleri_kawahara2023;Koruthaialos_rubecula_mydata;Koruthaialos_rubecula_rubecula_kawahara2023;Lamponia_lamponia_kawahara2023;Lento_lento_kawahara2023;Leona_leonora_kawahara2023;Lepella_lepeletier_kawahara2023;Lerema_accius_kawahara2023;Lerema_lineosa_ncbi;Lerema_liris_ncbi;Lerodea_eufala_kawahara2023;Levina_levina_kawahara2023;Libra_aligula_aligula_kawahara2023;Librita_librita_kawahara2023;Lindra_brasus_kawahara2023;Lissia_luehderi_kawahara2023;Lon_zabulon_kawahara2023;Lotongus_calathus_calathus_kawahara2023;Lucida_lucia_kawahara2023;Lycas_argentea_kawahara2023;Lycas_argentea_ncbi;Lychnuchoides_ozias_ncbi;Lychnuchoides_ozias_ozias_kawahara2023;Lychnuchus_celsus_kawahara2023;Matapa_aria_kawahara2023;Matapa_aria_mydata;Matapa_druna_mydata;Matapa_sasivarna_mydata;Megathymus_streckeri_leussleri_kawahara2023;Megathymus_ursus_deserti_ncbi;Megathymus_ursus_kawahara2023;Megathymus_ursus_ursus_ncbi;Megathymus_violae_ncbi;Megathymus_yuccae_yuccae_ncbi;Melphina_melphis_kawahara2023;Melphinyet_flavina_kawahara2023;Melphinyet_tarace_kawahara2023;Methion_melas_kawahara2023;Methionopsis_ina_kawahara2023;Metron_oropa_kawahara2023;Meza_meza_kawahara2023;Miltomiges_cinnamomea_kawahara2023;Mimene_celia_kawahara2023;Misius_misius_kawahara2023;Mnaseas_bicolor_kawahara2023;Mnasicles_geta_kawahara2023;Mnasilus_allubita_kawahara2023;Mnasinous_patage_kawahara2023;Mnasitheus_chrysophrys_kawahara2023;Mnestheus_ittona_kawahara2023;Moeris_striga_striga_kawahara2023;Moeros_moeros_kawahara2023;Molla_molla_kawahara2023;Molo_mango_kawahara2023;Molo_mango_ncbi;Monca_branca_kawahara2023;Monza_punctata_kawahara2023;Mopala_orma_kawahara2023;Morys_compta_kawahara2023;Mucia_zygia_kawahara2023;Naevolus_orius_kawahara2023;Nastra_julia_kawahara2023;Nastra_julia_ncbi;Neoxeniades_braesia_kawahara2023;Niconiades_incomptus_kawahara2023;Niconiades_incomptus_ncbi;Niconiades_xanthaphes_kawahara2023;Noctulana_noctula_kawahara2023;Notamblyscirtes_simius_ncbi;Notocrypta_curvifascia_corinda_kawahara2023;Notocrypta_feisthamelii_kawahara2023;Notocrypta_feisthamelii_ncbi;Notocrypta_paralysos_mydata;Nyctelius_nyctelius_kawahara2023;Oarisma_garita_kawahara2023;Oarisma_garita_ncbi;Oarisma_powesheik_ncbi;Ochlodes_bouddha_mydata;Ochlodes_sylvanoides_omnigena_kawahara2023;Ochlodes_sylvanus_ncbi;Ochlodes_thibetana_mydata;Ocybadistes_flavovittata_kawahara2023;Ocybadistes_walkeri_kawahara2023;Oerane_microthyrus_kawahara2023;Oligoria_maculata_kawahara2023;Onespa_gala_kawahara2023;Onophas_columbaria_kawahara2023;Onryza_maga_mydata;Onryza_siamica_kawahara2023;Oriens_gola_mydata;Oriens_gola_pseudolus_kawahara2023;Orphe_gerasa_kawahara2023;Orphe_vatinius_kawahara2023;Orses_cynisca_kawahara2023;Orses_cynisca_ncbi;Orthos_trinka_kawahara2023;Osmodes_laronia_kawahara2023;Osmodes_thora_kawahara2023;Osphantes_ogowena_kawahara2023;Oxynthes_corusca_kawahara2023;Pamba_boyaca_kawahara2023;Panca_subpunctuli_kawahara2023;Panoquina_ocola_ocola_kawahara2023;Panoquina_ocola_ocola_ncbi;Panoquina_panoquin_kawahara2023;Papias_subcostulata_kawahara2023;Papias_trimacula_kawahara2023;Papilio_helenus_ncbi;Papilio_machaon_ncbi;Papilio_xuthus_ncbi;Paracarystus_hypargyra_kawahara2023;Parachoranthus_magdalia_kawahara2023;Paracleros_biguttulus_kawahara2023;Paratrytone_snowi_kawahara2023;Pardaleodes_edipus_kawahara2023;Pardaleodes_edipus_mydata;Pardaleodes_incerta_kawahara2023;Parnara_apostata_apostata_kawahara2023;Parnara_apostata_apostata_mydata;Parnara_guttata_kawahara2023;Parnara_guttata_mydata;Parnassius_apollo_ncbi;Parnassius_glacialis_ncbi;Paronymus_ligora_kawahara2023;Paronymus_xanthias_kawahara2023;Parosmodes_morantii_kawahara2023;Parphorus_storax_s._kawahara2023;Peba_verames_kawahara2023;Pedesta_blanchardii_mydata;Pedesta_masuriensis_mydata;Pedesta_rubella_mydata;Pedesta_submacula_mydata;Pelopidas_agna_ncbi;Pelopidas_mathias_kawahara2023;Pelopidas_mathias_mydata;Pelopidas_sinensis_mydata;Perichares_adela_kawahara2023;Perichares_adela_mydata;Perichares_lotus_kawahara2023;Perrotia_varians_kawahara2023;Phanes_abaris_kawahara2023;Phemiades_pohli_cidra_kawahara2023;Pheraeus_odilia_argus_kawahara2023;Pirdana_distanti_mydata;Pirdana_hyela_mydata;Pirdana_hyela_rudolphii_kawahara2023;Pithauria_linus_mydata;Pithauria_stramineipennis_kawahara2023;Pithauria_stramineipennis_mydata;Plastingia_naga_kawahara2023;Plastingia_naga_mydata;Platylesches_picanini_kawahara2023;Ploetzia_amygdalis_kawahara2023;Polites_baracoa_baracoa_ncbi;Polites_carus_ncbi;Polites_draco_ncbi;Polites_mardon_ncbi;Polites_mystic_mydata;Polites_origenes_origenes_mydata;Polites_peckius_peckius_ncbi;Polites_rhesus_ncbi;Polites_sabuleti_sabuleti_ncbi;Polites_sonora_mydata;Polites_themistocles_turneri_ncbi;Polites_vibex_kawahara2023;Polites_vibex_praeceps_ncbi;Polytremis_eltola_mydata;Polytremis_lubricans_lubricans_kawahara2023;Polytremis_nascens_mydata;Polytremis_theca_mydata;Pompeius_amblyspila_ncbi;Pompeius_pompeius_kawahara2023;Pompeius_pompeius_ncbi;Potanthus_flavus_mydata;Potanthus_ganda_mydata;Potanthus_omaha_omaha_kawahara2023;Potanthus_trachala_mydata;Praethoressa_varia_kawahara2023;Problema_byssus_kawahara2023;Propapias_sipariana_kawahara2023;Propertius_dejongi_kawahara2023;Prosopalpus_debilis_kawahara2023;Prusiana_prusias_kawahara2023;Pseudocopaeodes_eunus_kawahara2023;Pseudokerana_fulgur_kawahara2023;Pseudopirdana_albicornis_kawahara2023;Psolos_fuligo_fuligo_kawahara2023;Psoralis_stacara_kawahara2023;Pteroteinon_caenira_mydata;Pteroteinon_laufella_kawahara2023;Punta_punta_kawahara2023;Pyroneura_derna_kawahara2023;Pyroneura_margherita_mydata;Pyrrhocalles_antiqua_antiqua_kawahara2023;Pyrrhopygopsis_socrates_crates_kawahara2023;Quasimellana_antipazina_kawahara2023;Quedara_monteithi_monteithi_kawahara2023;Quinta_cannae_kawahara2023;Racta_chiria_kawahara2023;Racta_sp._kawahara2023;Remella_rita_kawahara2023;Rhabdomantis_galatia_kawahara2023;Rhabdomantis_sosia_kawahara2023;Rhinthon_cubana_kawahara2023;Rigga_hesia_kawahara2023;Rufocumbre_eberti_kawahara2023;Sabera_caesina_kawahara2023;Salanoemia_sala_kawahara2023;Saliana_esperi_kawahara2023;Saniba_sabina_kawahara2023;Saturnus_metonidia_kawahara2023;Scobura_cephala_kawahara2023;Scobura_cephaloides_mydata;Scobura_coniata_mydata;Scobura_eximia_mydata;Scobura_isota_kawahara2023;Sebastonyma_dolopia_kawahara2023;Semalea_pulvina_kawahara2023;Serdis_viridicans_kawahara2023;Sodalia_sodalis_kawahara2023;Sovia_lucasii_lucasii_mydata;Sovia_subflava_mydata;Stallingsia_maculosus_kawahara2023;Stimula_swinhoei_kawahara2023;Stinga_morrisoni_kawahara2023;Styriodes_quadrinotata_kawahara2023;Suada_swerga_suava_kawahara2023;Suastus_gremius_gremius_kawahara2023;Suastus_gremius_mydata;Suniana_sunias_kawahara2023;Synale_cynaxa_kawahara2023;Synapte_salenus_salenus_kawahara2023;Synapte_silius_kawahara2023;Talides_sinois_kawahara2023;Taractrocera_luzonensis_luzonensis_kawahara2023;Taractrocera_maevius_kawahara2023;Telicota_augias_augias_kawahara2023;Telicota_bambusae_mydata;Telicota_sp._kawahara2023;Telicota_sp._ncbi;Tellona_variegata_kawahara2023;Teniorhinus_harona_kawahara2023;Teniorhinus_watsoni_kawahara2023;Thargella_evansi_kawahara2023;Thespieus_dalman_kawahara2023;Thespieus_ethemides_mydata;Thespieus_macareus_kawahara2023;Thoon_modius_kawahara2023;Thoressa_bivitta_mydata;Thoressa_kuata_ncbi;Thoressa_masoni_kawahara2023;Thracides_phidon_kawahara2023;Thymelicus_lineola_kawahara2023;Thymelicus_lineola_ncbi;Thymelicus_sylvestris_ncbi;Tiacellia_tiacellia_kawahara2023;Tigasis_arita_kawahara2023;Tirynthia_conflua_kawahara2023;Tirynthoides_lotana_kawahara2023;Tricrista_advena_kawahara2023;Tromba_tromba_kawahara2023;Troyus_aurelius_ncbi;Troyus_diversus_maeon_ncbi;Troyus_fantasos_ncbi;Troyus_marcus_ncbi;Tsitana_tsita_kawahara2023;Turesis_theste_kawahara2023;Udaspes_folus_kawahara2023;Udaspes_folus_mydata;Unkana_ambasa_batara_kawahara2023;Unkana_ambasa_mydata;Vacerra_bonfilius_kawahara2023;Vehilius_celeus_kawahara2023;Venas_evans_kawahara2023;Vernia_verna_kawahara2023;Vernia_verna_ncbi;Vertica_verticalis_coatepeca_kawahara2023;Vettius_lafrenaye_kawahara2023;Vidius_catarinae_kawahara2023;Vinius_letis_kawahara2023;Virga_austrinus_kawahara2023;Wahydra_kenava_kawahara2023;Wahydra_kenava_ncbi;Wahydra_sp._kawahara2023;Wallengrenia_egeremet_ncbi;Wallengrenia_otho_ncbi;Wallengrenia_otho_otho_kawahara2023;Wallengrenia_premnas_kawahara2023;Xanthodisca_vibius_kawahara2023;Xanthoneura_obscurior_kawahara2023;Xeniades_orchamus_kawahara2023;Zariaspes_mys_kawahara2023;Zela_zeus_optimus_kawahara2023;Zenis_jebus_kawahara2023;Zenonia_zeno_kawahara2023;Zographetus_ogygia_ogygia_kawahara2023;Zographetus_satwa_mydata;Zophopetes_cerymica_kawahara2023;Zophopetes_dysmephila_kawahara2023	25	Acerbas_sarala_chinensis_mydata;Aeromachus_catocyanea_mydata;Aeromachus_nana_mydata;Ampittia_dioscorides_fabricius_mydata;Ancistroides_nigrita_mydata;Cupitha_purreea_mydata;Halpe_concavimarginata_mydata;Halpe_porus_mydata;Idmon_fujianana_mydata;Isoteinon_lamprospilus_mydata;Matapa_druna_mydata;Ochlodes_bouddha_mydata;Oriens_gola_mydata;Pedesta_masuriensis_mydata;Pedesta_rubella_mydata;Perichares_adela_mydata;Pithauria_linus_mydata;Pithauria_stramineipennis_mydata;Polytremis_eltola_mydata;Polytremis_theca_mydata;Potanthus_trachala_mydata;Sovia_lucasii_lucasii_mydata;Sovia_subflava_mydata;Telicota_bambusae_mydata;Thoressa_kuata_ncbi	retained_original_root	N0001		N0001	91.504603	91.504603
N0002	99.8/99	0	N0001	38.557300	38.557300	7	Graphium_cloanthus_mydata;Graphium_sarpedon_mydata;Papilio_helenus_ncbi;Papilio_machaon_ncbi;Papilio_xuthus_ncbi;Parnassius_apollo_ncbi;Parnassius_glacialis_ncbi	0		excluded_no_selected_descendants				52.947303	
N0003	100/100	0	N0002	42.288265	80.845565	2	Parnassius_apollo_ncbi;Parnassius_glacialis_ncbi	0		excluded_no_selected_descendants				10.659038	
N0004	Parnassius_apollo_ncbi	1	N0003	10.659035	91.504600	1	Parnassius_apollo_ncbi	0		excluded_no_selected_descendants				0.000003	
N0005	Parnassius_glacialis_ncbi	1	N0003	10.659035	91.504600	1	Parnassius_glacialis_ncbi	0		excluded_no_selected_descendants				0.000003	
N0006	10.4/53	0	N0002	4.668020	43.225320	5	Graphium_cloanthus_mydata;Graphium_sarpedon_mydata;Papilio_helenus_ncbi;Papilio_machaon_ncbi;Papilio_xuthus_ncbi	0		excluded_no_selected_descendants				48.279283	
N0007	100/100	0	N0006	42.494999	85.720319	2	Graphium_cloanthus_mydata;Graphium_sarpedon_mydata	0		excluded_no_selected_descendants				5.784284	
N0008	Graphium_sarpedon_mydata	1	N0007	5.784280	91.504599	1	Graphium_sarpedon_mydata	0		excluded_no_selected_descendants				0.000004	
N0009	Graphium_cloanthus_mydata	1	N0007	5.784280	91.504599	1	Graphium_cloanthus_mydata	0		excluded_no_selected_descendants				0.000004	
N0010	100/100	0	N0006	30.383274	73.608594	3	Papilio_helenus_ncbi;Papilio_machaon_ncbi;Papilio_xuthus_ncbi	0		excluded_no_selected_descendants				17.896009	
N0011	Papilio_helenus_ncbi	1	N0010	17.896006	91.504600	1	Papilio_helenus_ncbi	0		excluded_no_selected_descendants				0.000003	
N0012	100/100	0	N0010	6.299030	79.907624	2	Papilio_machaon_ncbi;Papilio_xuthus_ncbi	0		excluded_no_selected_descendants				11.596979	
N0013	Papilio_machaon_ncbi	1	N0012	11.596976	91.504600	1	Papilio_machaon_ncbi	0		excluded_no_selected_descendants				0.000003	
N0014	Papilio_xuthus_ncbi	1	N0012	11.596976	91.504600	1	Papilio_xuthus_ncbi	0		excluded_no_selected_descendants				0.000003	
N0015	100/100	0	N0001	49.421511	49.421511	488	Acada_biseriata_kawahara2023;Acerbas_sarala_chinensis_mydata;Acleros_leucopyga_kawahara2023;Acleros_ploetzi_kawahara2023;Adlerodea_petrovna_kawahara2023;Adopaeoides_prittwitzi_kawahara2023;Aeromachus_catocyanea_mydata;Aeromachus_jhora_mydata;Aeromachus_nana_mydata;Aeromachus_piceus_mydata;Aeromachus_stigmata_kawahara2023;Agathymus_aryxna_kawahara2023;Agathymus_mariae_kawahara2023;Agathymus_mariae_mariae_ncbi;Aides_duma_argyrina_kawahara2023;Alychna_victa_kawahara2023;Alychna_victa_ncbi;Amblyscirtes_belli_ncbi;Amblyscirtes_celia_ncbi;Amblyscirtes_elissa_ncbi;Amblyscirtes_eos_kawahara2023;Amblyscirtes_florus_kawahara2023;Amblyscirtes_simius_kawahara2023;Ampittia_dioscorides_fabricius_mydata;Ampittia_dioscorides_kawahara2023;Ampittia_subvittatus_kawahara2023;Ampittia_trimacula_ncbi;Ampittia_virgata_miyakei_kawahara2023;Anatrytone_logan_kawahara2023;Ancistroides_gemmifer_kawahara2023;Ancistroides_longicornis_kawahara2023;Ancistroides_nigrita_mydata;Ancyloxypha_numitor_kawahara2023;Andronymus_neander_kawahara2023;Ankola_fan_kawahara2023;Anthoptus_epictetus_kawahara2023;Anthoptus_insignis_kawahara2023;Anthoptus_insignis_ncbi;Anthoptus_sp._kawahara2023;Apaustus_gracilis_kawahara2023;Appia_appia_kawahara2023;Argon_lota_kawahara2023;Arnetta_atkinsoni_mydata;Arnetta_verones_kawahara2023;Aroma_aroma_kawahara2023;Arotis_derasa_brunnea_kawahara2023;Arrhenes_dschilus_kawahara2023;Arrhenes_marnas_kawahara2023;Artines_rica_kawahara2023;Artitropa_comus_kawahara2023;Artitropa_erinnys_kawahara2023;Asbolis_capucinus_kawahara2023;Asbolis_capucinus_ncbi;Astictopterus_jama_kawahara2023;Astictopterus_jama_mydata;Astictopterus_punctulata_kawahara2023;Atalopedes_campestris_kawahara2023;Atrytone_arogos_iowa_kawahara2023;Atrytonopsis_edwardsi_kawahara2023;Atrytonopsis_hianna_hianna_ncbi;Atrytonopsis_hianna_kawahara2023;Banta_banta_kawahara2023;Baoris_farri_farri_kawahara2023;Baoris_farri_mydata;Baoris_oceia_kawahara2023;Baracus_vittatus_kawahara2023;Borbo_borbonica_kawahara2023;Borbo_cinnara_kawahara2023;Borbo_cinnara_mydata;Brusa_saxicola_kawahara2023;Buzyges_idothea_kawahara2023;Caenides_dacela_kawahara2023;Caenides_hidaroides_kawahara2023;Callimormus_radiola_kawahara2023;Calpodes_ethlius_kawahara2023;Calpodes_ethlius_ncbi;Caltoris_cahira_mydata;Caltoris_cormasa_kawahara2023;Caltoris_sirius_fusca_ncbi;Caltoris_sirius_kawahara2023;Cantha_calva_kawahara2023;Carystina_aurifer_kawahara2023;Carystoides_escalantei_kawahara2023;Carystus_phorcus_kawahara2023;Carystus_phorcus_ncbi;Cephrenes_acalle_oceanica_mydata;Cephrenes_augiades_kawahara2023;Cephrenes_augiades_mydata;Ceratrichia_nothus_makomensis_kawahara2023;Ceratrichia_phocion_kawahara2023;Ceratricula_semilutea_kawahara2023;Chalcone_briquenydan_chalcone_kawahara2023;Chondrolepis_niveicornis_kawahara2023;Choranthus_haitensis_kawahara2023;Choranthus_radians_kawahara2023;Choranthus_vitellius_ncbi;Cobaloides_argus_kawahara2023;Cobalopsis_miaba_kawahara2023;Cobalus_calvina_kawahara2023;Conga_chydaea_kawahara2023;Conga_zela_kawahara2023;Copaeodes_aurantiaca_kawahara2023;Copaeodes_aurantiaca_ncbi;Corticea_corticea_kawahara2023;Creteus_cyrina_kawahara2023;Creteus_cyrina_mydata;Cumbre_cumbre_kawahara2023;Cupitha_purreea_kawahara2023;Cupitha_purreea_mydata;Cyclosma_sp._kawahara2023;Cymaenes_tripunctata_kawahara2023;Cynea_cynea_kawahara2023;Cynea_diluta_kawahara2023;Damas_clavus_kawahara2023;Decinea_decinea_kawahara2023;Dion_gemmatus_kawahara2023;Dotta_callicles_kawahara2023;Dubiella_dubius_kawahara2023;Duroca_duroca_duroca_ncbi;Duroca_duroca_kawahara2023;Ebusus_ebusus_kawahara2023;Eetion_elia_kawahara2023;Enosis_sp._kawahara2023;Eogenes_alcides_kawahara2023;Eprius_veleda_kawahara2023;Erionota_acroleucus_apicalis_kawahara2023;Erionota_grandis_mydata;Erionota_thrax_ncbi;Erionota_thrax_thrax_kawahara2023;Euphyes_arpa_kawahara2023;Euphyes_dion_kawahara2023;Eutocus_sp._kawahara2023;Eutychide_physcella_kawahara2023;Evansiella_cordela_kawahara2023;Falga_jeconia_kawahara2023;Flaccilla_aecas_kawahara2023;Flandria_weberi_kawahara2023;Fresna_netopha_kawahara2023;Fresna_nyassae_kawahara2023;Fulda_coroller_kawahara2023;Gallio_carasta_kawahara2023;Gamia_buchholzi_kawahara2023;Gamia_shelleyi_kawahara2023;Gangara_thyrsis_thyrsis_kawahara2023;Ge_geta_kawahara2023;Gegenes_nostrodamus_ncbi;Gegenes_pumilio_kawahara2023;Ginungagapus_fiedleri_kawahara2023;Ginungagapus_ranesus_kawahara2023;Gorgyra_diversata_kawahara2023;Gretna_cylinda_kawahara2023;Gyrogra_subnotata_kawahara2023;Halotus_rica_kawahara2023;Halpe_concavimarginata_mydata;Halpe_nephele_mydata;Halpe_porus_kawahara2023;Halpe_porus_mydata;Halpemorpha_albipectus_kawahara2023;Hansa_devergens_hydra_kawahara2023;Herila_herilus_kawahara2023;Hesperia_attalus_slossonae_ncbi;Hesperia_balcones_ncbi;Hesperia_colorado_sublima_ncbi;Hesperia_comma_kawahara2023;Hesperia_comma_ncbi;Hesperia_dacotae_ncbi;Hesperia_meskei_kawahara2023;Hesperia_meskei_straton_ncbi;Hesperia_nevada_nevada_ncbi;Hesperia_pahaska_williamsi_ncbi;Hesperia_viridis_ncbi;Hesperia_woodgatei_ncbi;Hidari_bhawani_kawahara2023;Hidari_irava_kawahara2023;Hidari_irava_mydata;Hollandus_xanthopeplus_kawahara2023;Hyarotis_adrastus_mydata;Hyarotis_adrastus_praba_kawahara2023;Hylephila_phyleus_ncbi;Hypoleucis_tripunctata_kawahara2023;Iambrix_salsala_kawahara2023;Iambrix_salsala_mydata;Idmon_distanti_kawahara2023;Idmon_fujianana_mydata;Ilma_irvina_kawahara2023;Isma_bononia_idyalis_kawahara2023;Isma_protoclea_iapis_kawahara2023;Isoteinon_lamprospilus_kawahara2023;Isoteinon_lamprospilus_mydata;Iton_semamora_semamora_kawahara2023;Iton_watsonii_mydata;Joanna_joanna_kawahara2023;Kedestes_barberae_kawahara2023;Kobrona_kobros_kawahara2023;Koruthaialos_butleri_kawahara2023;Koruthaialos_rubecula_mydata;Koruthaialos_rubecula_rubecula_kawahara2023;Lamponia_lamponia_kawahara2023;Lento_lento_kawahara2023;Leona_leonora_kawahara2023;Lepella_lepeletier_kawahara2023;Lerema_accius_kawahara2023;Lerema_lineosa_ncbi;Lerema_liris_ncbi;Lerodea_eufala_kawahara2023;Levina_levina_kawahara2023;Libra_aligula_aligula_kawahara2023;Librita_librita_kawahara2023;Lindra_brasus_kawahara2023;Lissia_luehderi_kawahara2023;Lon_zabulon_kawahara2023;Lotongus_calathus_calathus_kawahara2023;Lucida_lucia_kawahara2023;Lycas_argentea_kawahara2023;Lycas_argentea_ncbi;Lychnuchoides_ozias_ncbi;Lychnuchoides_ozias_ozias_kawahara2023;Lychnuchus_celsus_kawahara2023;Matapa_aria_kawahara2023;Matapa_aria_mydata;Matapa_druna_mydata;Matapa_sasivarna_mydata;Megathymus_streckeri_leussleri_kawahara2023;Megathymus_ursus_deserti_ncbi;Megathymus_ursus_kawahara2023;Megathymus_ursus_ursus_ncbi;Megathymus_violae_ncbi;Megathymus_yuccae_yuccae_ncbi;Melphina_melphis_kawahara2023;Melphinyet_flavina_kawahara2023;Melphinyet_tarace_kawahara2023;Methion_melas_kawahara2023;Methionopsis_ina_kawahara2023;Metron_oropa_kawahara2023;Meza_meza_kawahara2023;Miltomiges_cinnamomea_kawahara2023;Mimene_celia_kawahara2023;Misius_misius_kawahara2023;Mnaseas_bicolor_kawahara2023;Mnasicles_geta_kawahara2023;Mnasilus_allubita_kawahara2023;Mnasinous_patage_kawahara2023;Mnasitheus_chrysophrys_kawahara2023;Mnestheus_ittona_kawahara2023;Moeris_striga_striga_kawahara2023;Moeros_moeros_kawahara2023;Molla_molla_kawahara2023;Molo_mango_kawahara2023;Molo_mango_ncbi;Monca_branca_kawahara2023;Monza_punctata_kawahara2023;Mopala_orma_kawahara2023;Morys_compta_kawahara2023;Mucia_zygia_kawahara2023;Naevolus_orius_kawahara2023;Nastra_julia_kawahara2023;Nastra_julia_ncbi;Neoxeniades_braesia_kawahara2023;Niconiades_incomptus_kawahara2023;Niconiades_incomptus_ncbi;Niconiades_xanthaphes_kawahara2023;Noctulana_noctula_kawahara2023;Notamblyscirtes_simius_ncbi;Notocrypta_curvifascia_corinda_kawahara2023;Notocrypta_feisthamelii_kawahara2023;Notocrypta_feisthamelii_ncbi;Notocrypta_paralysos_mydata;Nyctelius_nyctelius_kawahara2023;Oarisma_garita_kawahara2023;Oarisma_garita_ncbi;Oarisma_powesheik_ncbi;Ochlodes_bouddha_mydata;Ochlodes_sylvanoides_omnigena_kawahara2023;Ochlodes_sylvanus_ncbi;Ochlodes_thibetana_mydata;Ocybadistes_flavovittata_kawahara2023;Ocybadistes_walkeri_kawahara2023;Oerane_microthyrus_kawahara2023;Oligoria_maculata_kawahara2023;Onespa_gala_kawahara2023;Onophas_columbaria_kawahara2023;Onryza_maga_mydata;Onryza_siamica_kawahara2023;Oriens_gola_mydata;Oriens_gola_pseudolus_kawahara2023;Orphe_gerasa_kawahara2023;Orphe_vatinius_kawahara2023;Orses_cynisca_kawahara2023;Orses_cynisca_ncbi;Orthos_trinka_kawahara2023;Osmodes_laronia_kawahara2023;Osmodes_thora_kawahara2023;Osphantes_ogowena_kawahara2023;Oxynthes_corusca_kawahara2023;Pamba_boyaca_kawahara2023;Panca_subpunctuli_kawahara2023;Panoquina_ocola_ocola_kawahara2023;Panoquina_ocola_ocola_ncbi;Panoquina_panoquin_kawahara2023;Papias_subcostulata_kawahara2023;Papias_trimacula_kawahara2023;Paracarystus_hypargyra_kawahara2023;Parachoranthus_magdalia_kawahara2023;Paracleros_biguttulus_kawahara2023;Paratrytone_snowi_kawahara2023;Pardaleodes_edipus_kawahara2023;Pardaleodes_edipus_mydata;Pardaleodes_incerta_kawahara2023;Parnara_apostata_apostata_kawahara2023;Parnara_apostata_apostata_mydata;Parnara_guttata_kawahara2023;Parnara_guttata_mydata;Paronymus_ligora_kawahara2023;Paronymus_xanthias_kawahara2023;Parosmodes_morantii_kawahara2023;Parphorus_storax_s._kawahara2023;Peba_verames_kawahara2023;Pedesta_blanchardii_mydata;Pedesta_masuriensis_mydata;Pedesta_rubella_mydata;Pedesta_submacula_mydata;Pelopidas_agna_ncbi;Pelopidas_mathias_kawahara2023;Pelopidas_mathias_mydata;Pelopidas_sinensis_mydata;Perichares_adela_kawahara2023;Perichares_adela_mydata;Perichares_lotus_kawahara2023;Perrotia_varians_kawahara2023;Phanes_abaris_kawahara2023;Phemiades_pohli_cidra_kawahara2023;Pheraeus_odilia_argus_kawahara2023;Pirdana_distanti_mydata;Pirdana_hyela_mydata;Pirdana_hyela_rudolphii_kawahara2023;Pithauria_linus_mydata;Pithauria_stramineipennis_kawahara2023;Pithauria_stramineipennis_mydata;Plastingia_naga_kawahara2023;Plastingia_naga_mydata;Platylesches_picanini_kawahara2023;Ploetzia_amygdalis_kawahara2023;Polites_baracoa_baracoa_ncbi;Polites_carus_ncbi;Polites_draco_ncbi;Polites_mardon_ncbi;Polites_mystic_mydata;Polites_origenes_origenes_mydata;Polites_peckius_peckius_ncbi;Polites_rhesus_ncbi;Polites_sabuleti_sabuleti_ncbi;Polites_sonora_mydata;Polites_themistocles_turneri_ncbi;Polites_vibex_kawahara2023;Polites_vibex_praeceps_ncbi;Polytremis_eltola_mydata;Polytremis_lubricans_lubricans_kawahara2023;Polytremis_nascens_mydata;Polytremis_theca_mydata;Pompeius_amblyspila_ncbi;Pompeius_pompeius_kawahara2023;Pompeius_pompeius_ncbi;Potanthus_flavus_mydata;Potanthus_ganda_mydata;Potanthus_omaha_omaha_kawahara2023;Potanthus_trachala_mydata;Praethoressa_varia_kawahara2023;Problema_byssus_kawahara2023;Propapias_sipariana_kawahara2023;Propertius_dejongi_kawahara2023;Prosopalpus_debilis_kawahara2023;Prusiana_prusias_kawahara2023;Pseudocopaeodes_eunus_kawahara2023;Pseudokerana_fulgur_kawahara2023;Pseudopirdana_albicornis_kawahara2023;Psolos_fuligo_fuligo_kawahara2023;Psoralis_stacara_kawahara2023;Pteroteinon_caenira_mydata;Pteroteinon_laufella_kawahara2023;Punta_punta_kawahara2023;Pyroneura_derna_kawahara2023;Pyroneura_margherita_mydata;Pyrrhocalles_antiqua_antiqua_kawahara2023;Pyrrhopygopsis_socrates_crates_kawahara2023;Quasimellana_antipazina_kawahara2023;Quedara_monteithi_monteithi_kawahara2023;Quinta_cannae_kawahara2023;Racta_chiria_kawahara2023;Racta_sp._kawahara2023;Remella_rita_kawahara2023;Rhabdomantis_galatia_kawahara2023;Rhabdomantis_sosia_kawahara2023;Rhinthon_cubana_kawahara2023;Rigga_hesia_kawahara2023;Rufocumbre_eberti_kawahara2023;Sabera_caesina_kawahara2023;Salanoemia_sala_kawahara2023;Saliana_esperi_kawahara2023;Saniba_sabina_kawahara2023;Saturnus_metonidia_kawahara2023;Scobura_cephala_kawahara2023;Scobura_cephaloides_mydata;Scobura_coniata_mydata;Scobura_eximia_mydata;Scobura_isota_kawahara2023;Sebastonyma_dolopia_kawahara2023;Semalea_pulvina_kawahara2023;Serdis_viridicans_kawahara2023;Sodalia_sodalis_kawahara2023;Sovia_lucasii_lucasii_mydata;Sovia_subflava_mydata;Stallingsia_maculosus_kawahara2023;Stimula_swinhoei_kawahara2023;Stinga_morrisoni_kawahara2023;Styriodes_quadrinotata_kawahara2023;Suada_swerga_suava_kawahara2023;Suastus_gremius_gremius_kawahara2023;Suastus_gremius_mydata;Suniana_sunias_kawahara2023;Synale_cynaxa_kawahara2023;Synapte_salenus_salenus_kawahara2023;Synapte_silius_kawahara2023;Talides_sinois_kawahara2023;Taractrocera_luzonensis_luzonensis_kawahara2023;Taractrocera_maevius_kawahara2023;Telicota_augias_augias_kawahara2023;Telicota_bambusae_mydata;Telicota_sp._kawahara2023;Telicota_sp._ncbi;Tellona_variegata_kawahara2023;Teniorhinus_harona_kawahara2023;Teniorhinus_watsoni_kawahara2023;Thargella_evansi_kawahara2023;Thespieus_dalman_kawahara2023;Thespieus_ethemides_mydata;Thespieus_macareus_kawahara2023;Thoon_modius_kawahara2023;Thoressa_bivitta_mydata;Thoressa_kuata_ncbi;Thoressa_masoni_kawahara2023;Thracides_phidon_kawahara2023;Thymelicus_lineola_kawahara2023;Thymelicus_lineola_ncbi;Thymelicus_sylvestris_ncbi;Tiacellia_tiacellia_kawahara2023;Tigasis_arita_kawahara2023;Tirynthia_conflua_kawahara2023;Tirynthoides_lotana_kawahara2023;Tricrista_advena_kawahara2023;Tromba_tromba_kawahara2023;Troyus_aurelius_ncbi;Troyus_diversus_maeon_ncbi;Troyus_fantasos_ncbi;Troyus_marcus_ncbi;Tsitana_tsita_kawahara2023;Turesis_theste_kawahara2023;Udaspes_folus_kawahara2023;Udaspes_folus_mydata;Unkana_ambasa_batara_kawahara2023;Unkana_ambasa_mydata;Vacerra_bonfilius_kawahara2023;Vehilius_celeus_kawahara2023;Venas_evans_kawahara2023;Vernia_verna_kawahara2023;Vernia_verna_ncbi;Vertica_verticalis_coatepeca_kawahara2023;Vettius_lafrenaye_kawahara2023;Vidius_catarinae_kawahara2023;Vinius_letis_kawahara2023;Virga_austrinus_kawahara2023;Wahydra_kenava_kawahara2023;Wahydra_kenava_ncbi;Wahydra_sp._kawahara2023;Wallengrenia_egeremet_ncbi;Wallengrenia_otho_ncbi;Wallengrenia_otho_otho_kawahara2023;Wallengrenia_premnas_kawahara2023;Xanthodisca_vibius_kawahara2023;Xanthoneura_obscurior_kawahara2023;Xeniades_orchamus_kawahara2023;Zariaspes_mys_kawahara2023;Zela_zeus_optimus_kawahara2023;Zenis_jebus_kawahara2023;Zenonia_zeno_kawahara2023;Zographetus_ogygia_ogygia_kawahara2023;Zographetus_satwa_mydata;Zophopetes_cerymica_kawahara2023;Zophopetes_dysmephila_kawahara2023	25	Acerbas_sarala_chinensis_mydata;Aeromachus_catocyanea_mydata;Aeromachus_nana_mydata;Ampittia_dioscorides_fabricius_mydata;Ancistroides_nigrita_mydata;Cupitha_purreea_mydata;Halpe_concavimarginata_mydata;Halpe_porus_mydata;Idmon_fujianana_mydata;Isoteinon_lamprospilus_mydata;Matapa_druna_mydata;Ochlodes_bouddha_mydata;Oriens_gola_mydata;Pedesta_masuriensis_mydata;Pedesta_rubella_mydata;Perichares_adela_mydata;Pithauria_linus_mydata;Pithauria_stramineipennis_mydata;Polytremis_eltola_mydata;Polytremis_theca_mydata;Potanthus_trachala_mydata;Sovia_lucasii_lucasii_mydata;Sovia_subflava_mydata;Telicota_bambusae_mydata;Thoressa_kuata_ncbi	retained_node	N0015	49.421511	N0015	42.083092	42.083092
N0016	100/100	0	N0015	5.908563	55.330074	38	Aeromachus_catocyanea_mydata;Aeromachus_jhora_mydata;Aeromachus_nana_mydata;Aeromachus_piceus_mydata;Aeromachus_stigmata_kawahara2023;Ampittia_dioscorides_fabricius_mydata;Ampittia_dioscorides_kawahara2023;Ampittia_subvittatus_kawahara2023;Ampittia_trimacula_ncbi;Ampittia_virgata_miyakei_kawahara2023;Arnetta_atkinsoni_mydata;Arnetta_verones_kawahara2023;Baracus_vittatus_kawahara2023;Creteus_cyrina_kawahara2023;Creteus_cyrina_mydata;Halpe_concavimarginata_mydata;Halpe_nephele_mydata;Halpe_porus_kawahara2023;Halpe_porus_mydata;Halpemorpha_albipectus_kawahara2023;Lepella_lepeletier_kawahara2023;Onryza_maga_mydata;Onryza_siamica_kawahara2023;Pedesta_blanchardii_mydata;Pedesta_masuriensis_mydata;Pedesta_rubella_mydata;Pedesta_submacula_mydata;Pithauria_linus_mydata;Pithauria_stramineipennis_kawahara2023;Pithauria_stramineipennis_mydata;Praethoressa_varia_kawahara2023;Prosopalpus_debilis_kawahara2023;Sebastonyma_dolopia_kawahara2023;Sovia_lucasii_lucasii_mydata;Sovia_subflava_mydata;Thoressa_bivitta_mydata;Thoressa_kuata_ncbi;Thoressa_masoni_kawahara2023	12	Aeromachus_catocyanea_mydata;Aeromachus_nana_mydata;Ampittia_dioscorides_fabricius_mydata;Halpe_concavimarginata_mydata;Halpe_porus_mydata;Pedesta_masuriensis_mydata;Pedesta_rubella_mydata;Pithauria_linus_mydata;Pithauria_stramineipennis_mydata;Sovia_lucasii_lucasii_mydata;Sovia_subflava_mydata;Thoressa_kuata_ncbi	collapsed_into_retained_path	N0020			36.174529	
N0017	100/100	0	N0016	35.485167	90.815241	2	Creteus_cyrina_kawahara2023;Creteus_cyrina_mydata	0		excluded_no_selected_descendants				0.689362	
N0018	Creteus_cyrina_mydata	1	N0017	0.689359	91.504600	1	Creteus_cyrina_mydata	0		excluded_no_selected_descendants				0.000003	
N0019	Creteus_cyrina_kawahara2023	1	N0017	0.689359	91.504600	1	Creteus_cyrina_kawahara2023	0		excluded_no_selected_descendants				0.000003	
N0020	100/100	0	N0016	1.456722	56.786796	36	Aeromachus_catocyanea_mydata;Aeromachus_jhora_mydata;Aeromachus_nana_mydata;Aeromachus_piceus_mydata;Aeromachus_stigmata_kawahara2023;Ampittia_dioscorides_fabricius_mydata;Ampittia_dioscorides_kawahara2023;Ampittia_subvittatus_kawahara2023;Ampittia_trimacula_ncbi;Ampittia_virgata_miyakei_kawahara2023;Arnetta_atkinsoni_mydata;Arnetta_verones_kawahara2023;Baracus_vittatus_kawahara2023;Halpe_concavimarginata_mydata;Halpe_nephele_mydata;Halpe_porus_kawahara2023;Halpe_porus_mydata;Halpemorpha_albipectus_kawahara2023;Lepella_lepeletier_kawahara2023;Onryza_maga_mydata;Onryza_siamica_kawahara2023;Pedesta_blanchardii_mydata;Pedesta_masuriensis_mydata;Pedesta_rubella_mydata;Pedesta_submacula_mydata;Pithauria_linus_mydata;Pithauria_stramineipennis_kawahara2023;Pithauria_stramineipennis_mydata;Praethoressa_varia_kawahara2023;Prosopalpus_debilis_kawahara2023;Sebastonyma_dolopia_kawahara2023;Sovia_lucasii_lucasii_mydata;Sovia_subflava_mydata;Thoressa_bivitta_mydata;Thoressa_kuata_ncbi;Thoressa_masoni_kawahara2023	12	Aeromachus_catocyanea_mydata;Aeromachus_nana_mydata;Ampittia_dioscorides_fabricius_mydata;Halpe_concavimarginata_mydata;Halpe_porus_mydata;Pedesta_masuriensis_mydata;Pedesta_rubella_mydata;Pithauria_linus_mydata;Pithauria_stramineipennis_mydata;Sovia_lucasii_lucasii_mydata;Sovia_subflava_mydata;Thoressa_kuata_ncbi	retained_node	N0020	7.365285	N0016;N0020	34.717807	34.717807
N0021	61.9/65	0	N0020	1.315356	58.102152	4	Arnetta_atkinsoni_mydata;Arnetta_verones_kawahara2023;Sovia_lucasii_lucasii_mydata;Sovia_subflava_mydata	2	Sovia_lucasii_lucasii_mydata;Sovia_subflava_mydata	collapsed_into_retained_path	N0022			33.402451	
N0022	100/100	0	N0021	24.356495	82.458647	2	Sovia_lucasii_lucasii_mydata;Sovia_subflava_mydata	2	Sovia_lucasii_lucasii_mydata;Sovia_subflava_mydata	retained_node	N0022	25.671851	N0021;N0022	9.045956	9.045956
N0023	Sovia_subflava_mydata	1	N0022	9.045953	91.504600	1	Sovia_subflava_mydata	1	Sovia_subflava_mydata	retained_node	N0023	9.045953	N0023	0.000003	0.000003
N0024	Sovia_lucasii_lucasii_mydata	1	N0022	9.045953	91.504600	1	Sovia_lucasii_lucasii_mydata	1	Sovia_lucasii_lucasii_mydata	retained_node	N0024	9.045953	N0024	0.000003	0.000003
N0025	100/100	0	N0021	23.831813	81.933965	2	Arnetta_atkinsoni_mydata;Arnetta_verones_kawahara2023	0		excluded_no_selected_descendants				9.570638	
N0026	Arnetta_atkinsoni_mydata	1	N0025	9.570635	91.504600	1	Arnetta_atkinsoni_mydata	0		excluded_no_selected_descendants				0.000003	
N0027	Arnetta_verones_kawahara2023	1	N0025	9.570635	91.504600	1	Arnetta_verones_kawahara2023	0		excluded_no_selected_descendants				0.000003	
N0028	100/95	0	N0020	1.081096	57.867892	32	Aeromachus_catocyanea_mydata;Aeromachus_jhora_mydata;Aeromachus_nana_mydata;Aeromachus_piceus_mydata;Aeromachus_stigmata_kawahara2023;Ampittia_dioscorides_fabricius_mydata;Ampittia_dioscorides_kawahara2023;Ampittia_subvittatus_kawahara2023;Ampittia_trimacula_ncbi;Ampittia_virgata_miyakei_kawahara2023;Baracus_vittatus_kawahara2023;Halpe_concavimarginata_mydata;Halpe_nephele_mydata;Halpe_porus_kawahara2023;Halpe_porus_mydata;Halpemorpha_albipectus_kawahara2023;Lepella_lepeletier_kawahara2023;Onryza_maga_mydata;Onryza_siamica_kawahara2023;Pedesta_blanchardii_mydata;Pedesta_masuriensis_mydata;Pedesta_rubella_mydata;Pedesta_submacula_mydata;Pithauria_linus_mydata;Pithauria_stramineipennis_kawahara2023;Pithauria_stramineipennis_mydata;Praethoressa_varia_kawahara2023;Prosopalpus_debilis_kawahara2023;Sebastonyma_dolopia_kawahara2023;Thoressa_bivitta_mydata;Thoressa_kuata_ncbi;Thoressa_masoni_kawahara2023	10	Aeromachus_catocyanea_mydata;Aeromachus_nana_mydata;Ampittia_dioscorides_fabricius_mydata;Halpe_concavimarginata_mydata;Halpe_porus_mydata;Pedesta_masuriensis_mydata;Pedesta_rubella_mydata;Pithauria_linus_mydata;Pithauria_stramineipennis_mydata;Thoressa_kuata_ncbi	retained_node	N0028	1.081096	N0028	33.636711	33.636711
N0029	100/100	0	N0028	14.826554	72.694446	6	Aeromachus_catocyanea_mydata;Aeromachus_jhora_mydata;Aeromachus_nana_mydata;Aeromachus_piceus_mydata;Aeromachus_stigmata_kawahara2023;Prosopalpus_debilis_kawahara2023	2	Aeromachus_catocyanea_mydata;Aeromachus_nana_mydata	collapsed_into_retained_path	N0031			18.810157	
N0030	Prosopalpus_debilis_kawahara2023	1	N0029	18.810154	91.504600	1	Prosopalpus_debilis_kawahara2023	0		excluded_no_selected_descendants				0.000003	
N0031	100/100	0	N0029	8.255586	80.950032	5	Aeromachus_catocyanea_mydata;Aeromachus_jhora_mydata;Aeromachus_nana_mydata;Aeromachus_piceus_mydata;Aeromachus_stigmata_kawahara2023	2	Aeromachus_catocyanea_mydata;Aeromachus_nana_mydata	retained_node	N0031	23.082140	N0029;N0031	10.554571	10.554571
N0032	Aeromachus_nana_mydata	1	N0031	10.554568	91.504600	1	Aeromachus_nana_mydata	1	Aeromachus_nana_mydata	retained_node	N0032	10.554568	N0032	0.000003	0.000003
N0033	100/100	0	N0031	2.266014	83.216046	4	Aeromachus_catocyanea_mydata;Aeromachus_jhora_mydata;Aeromachus_piceus_mydata;Aeromachus_stigmata_kawahara2023	1	Aeromachus_catocyanea_mydata	collapsed_into_retained_path	N0039			8.288557	
N0034	Aeromachus_jhora_mydata	1	N0033	8.288554	91.504600	1	Aeromachus_jhora_mydata	0		excluded_no_selected_descendants				0.000003	
N0035	100/100	0	N0033	3.834106	87.050152	3	Aeromachus_catocyanea_mydata;Aeromachus_piceus_mydata;Aeromachus_stigmata_kawahara2023	1	Aeromachus_catocyanea_mydata	collapsed_into_retained_path	N0039			4.454451	
N0036	Aeromachus_stigmata_kawahara2023	1	N0035	4.454448	91.504600	1	Aeromachus_stigmata_kawahara2023	0		excluded_no_selected_descendants				0.000003	
N0037	100/100	0	N0035	2.925996	89.976148	2	Aeromachus_catocyanea_mydata;Aeromachus_piceus_mydata	1	Aeromachus_catocyanea_mydata	collapsed_into_retained_path	N0039			1.528455	
N0038	Aeromachus_piceus_mydata	1	N0037	1.528452	91.504600	1	Aeromachus_piceus_mydata	0		excluded_no_selected_descendants				0.000003	
N0039	Aeromachus_catocyanea_mydata	1	N0037	1.528452	91.504600	1	Aeromachus_catocyanea_mydata	1	Aeromachus_catocyanea_mydata	retained_node	N0039	10.554568	N0033;N0035;N0037;N0039	0.000003	0.000003
N0040	100/100	0	N0028	2.708425	60.576317	26	Ampittia_dioscorides_fabricius_mydata;Ampittia_dioscorides_kawahara2023;Ampittia_subvittatus_kawahara2023;Ampittia_trimacula_ncbi;Ampittia_virgata_miyakei_kawahara2023;Baracus_vittatus_kawahara2023;Halpe_concavimarginata_mydata;Halpe_nephele_mydata;Halpe_porus_kawahara2023;Halpe_porus_mydata;Halpemorpha_albipectus_kawahara2023;Lepella_lepeletier_kawahara2023;Onryza_maga_mydata;Onryza_siamica_kawahara2023;Pedesta_blanchardii_mydata;Pedesta_masuriensis_mydata;Pedesta_rubella_mydata;Pedesta_submacula_mydata;Pithauria_linus_mydata;Pithauria_stramineipennis_kawahara2023;Pithauria_stramineipennis_mydata;Praethoressa_varia_kawahara2023;Sebastonyma_dolopia_kawahara2023;Thoressa_bivitta_mydata;Thoressa_kuata_ncbi;Thoressa_masoni_kawahara2023	8	Ampittia_dioscorides_fabricius_mydata;Halpe_concavimarginata_mydata;Halpe_porus_mydata;Pedesta_masuriensis_mydata;Pedesta_rubella_mydata;Pithauria_linus_mydata;Pithauria_stramineipennis_mydata;Thoressa_kuata_ncbi	collapsed_into_retained_path	N0042			30.928286	
N0041	Halpemorpha_albipectus_kawahara2023	1	N0040	30.928283	91.504600	1	Halpemorpha_albipectus_kawahara2023	0		excluded_no_selected_descendants				0.000003	
N0042	100/100	0	N0040	2.543629	63.119946	25	Ampittia_dioscorides_fabricius_mydata;Ampittia_dioscorides_kawahara2023;Ampittia_subvittatus_kawahara2023;Ampittia_trimacula_ncbi;Ampittia_virgata_miyakei_kawahara2023;Baracus_vittatus_kawahara2023;Halpe_concavimarginata_mydata;Halpe_nephele_mydata;Halpe_porus_kawahara2023;Halpe_porus_mydata;Lepella_lepeletier_kawahara2023;Onryza_maga_mydata;Onryza_siamica_kawahara2023;Pedesta_blanchardii_mydata;Pedesta_masuriensis_mydata;Pedesta_rubella_mydata;Pedesta_submacula_mydata;Pithauria_linus_mydata;Pithauria_stramineipennis_kawahara2023;Pithauria_stramineipennis_mydata;Praethoressa_varia_kawahara2023;Sebastonyma_dolopia_kawahara2023;Thoressa_bivitta_mydata;Thoressa_kuata_ncbi;Thoressa_masoni_kawahara2023	8	Ampittia_dioscorides_fabricius_mydata;Halpe_concavimarginata_mydata;Halpe_porus_mydata;Pedesta_masuriensis_mydata;Pedesta_rubella_mydata;Pithauria_linus_mydata;Pithauria_stramineipennis_mydata;Thoressa_kuata_ncbi	retained_node	N0042	5.252054	N0040;N0042	28.384657	28.384657
N0043	100/100	0	N0042	3.207503	66.327449	7	Ampittia_dioscorides_fabricius_mydata;Ampittia_dioscorides_kawahara2023;Ampittia_subvittatus_kawahara2023;Ampittia_trimacula_ncbi;Ampittia_virgata_miyakei_kawahara2023;Baracus_vittatus_kawahara2023;Lepella_lepeletier_kawahara2023	1	Ampittia_dioscorides_fabricius_mydata	collapsed_into_retained_path	N0054			25.177154	
N0044	100/100	0	N0043	5.063372	71.390821	2	Baracus_vittatus_kawahara2023;Lepella_lepeletier_kawahara2023	0		excluded_no_selected_descendants				20.113782	
N0045	Lepella_lepeletier_kawahara2023	1	N0044	20.113779	91.504600	1	Lepella_lepeletier_kawahara2023	0		excluded_no_selected_descendants				0.000003	
N0046	Baracus_vittatus_kawahara2023	1	N0044	20.113779	91.504600	1	Baracus_vittatus_kawahara2023	0		excluded_no_selected_descendants				0.000003	
N0047	100/100	0	N0043	11.193658	77.521107	5	Ampittia_dioscorides_fabricius_mydata;Ampittia_dioscorides_kawahara2023;Ampittia_subvittatus_kawahara2023;Ampittia_trimacula_ncbi;Ampittia_virgata_miyakei_kawahara2023	1	Ampittia_dioscorides_fabricius_mydata	collapsed_into_retained_path	N0054			13.983496	
N0048	Ampittia_virgata_miyakei_kawahara2023	1	N0047	13.983493	91.504600	1	Ampittia_virgata_miyakei_kawahara2023	0		excluded_no_selected_descendants				0.000003	
N0049	100/100	0	N0047	1.522444	79.043551	4	Ampittia_dioscorides_fabricius_mydata;Ampittia_dioscorides_kawahara2023;Ampittia_subvittatus_kawahara2023;Ampittia_trimacula_ncbi	1	Ampittia_dioscorides_fabricius_mydata	collapsed_into_retained_path	N0054			12.461052	
N0050	100/100	0	N0049	1.337239	80.380790	2	Ampittia_subvittatus_kawahara2023;Ampittia_trimacula_ncbi	0		excluded_no_selected_descendants				11.123813	
N0051	Ampittia_trimacula_ncbi	1	N0050	11.123810	91.504600	1	Ampittia_trimacula_ncbi	0		excluded_no_selected_descendants				0.000003	
N0052	Ampittia_subvittatus_kawahara2023	1	N0050	11.123810	91.504600	1	Ampittia_subvittatus_kawahara2023	0		excluded_no_selected_descendants				0.000003	
N0053	100/100	0	N0049	11.376970	90.420521	2	Ampittia_dioscorides_fabricius_mydata;Ampittia_dioscorides_kawahara2023	1	Ampittia_dioscorides_fabricius_mydata	collapsed_into_retained_path	N0054			1.084082	
N0054	Ampittia_dioscorides_fabricius_mydata	1	N0053	1.084080	91.504601	1	Ampittia_dioscorides_fabricius_mydata	1	Ampittia_dioscorides_fabricius_mydata	retained_node	N0054	28.384655	N0043;N0047;N0049;N0053;N0054	0.000002	0.000002
N0055	Ampittia_dioscorides_kawahara2023	1	N0053	1.084080	91.504601	1	Ampittia_dioscorides_kawahara2023	0		excluded_no_selected_descendants				0.000002	
N0056	99.4/98	0	N0042	1.137994	64.257940	18	Halpe_concavimarginata_mydata;Halpe_nephele_mydata;Halpe_porus_kawahara2023;Halpe_porus_mydata;Onryza_maga_mydata;Onryza_siamica_kawahara2023;Pedesta_blanchardii_mydata;Pedesta_masuriensis_mydata;Pedesta_rubella_mydata;Pedesta_submacula_mydata;Pithauria_linus_mydata;Pithauria_stramineipennis_kawahara2023;Pithauria_stramineipennis_mydata;Praethoressa_varia_kawahara2023;Sebastonyma_dolopia_kawahara2023;Thoressa_bivitta_mydata;Thoressa_kuata_ncbi;Thoressa_masoni_kawahara2023	7	Halpe_concavimarginata_mydata;Halpe_porus_mydata;Pedesta_masuriensis_mydata;Pedesta_rubella_mydata;Pithauria_linus_mydata;Pithauria_stramineipennis_mydata;Thoressa_kuata_ncbi	collapsed_into_retained_path	N0060			27.246663	
N0057	100/100	0	N0056	10.590475	74.848415	2	Sebastonyma_dolopia_kawahara2023;Thoressa_masoni_kawahara2023	0		excluded_no_selected_descendants				16.656188	
N0058	Thoressa_masoni_kawahara2023	1	N0057	16.656185	91.504600	1	Thoressa_masoni_kawahara2023	0		excluded_no_selected_descendants				0.000003	
N0059	Sebastonyma_dolopia_kawahara2023	1	N0057	16.656185	91.504600	1	Sebastonyma_dolopia_kawahara2023	0		excluded_no_selected_descendants				0.000003	
N0060	100/100	0	N0056	8.443663	72.701603	16	Halpe_concavimarginata_mydata;Halpe_nephele_mydata;Halpe_porus_kawahara2023;Halpe_porus_mydata;Onryza_maga_mydata;Onryza_siamica_kawahara2023;Pedesta_blanchardii_mydata;Pedesta_masuriensis_mydata;Pedesta_rubella_mydata;Pedesta_submacula_mydata;Pithauria_linus_mydata;Pithauria_stramineipennis_kawahara2023;Pithauria_stramineipennis_mydata;Praethoressa_varia_kawahara2023;Thoressa_bivitta_mydata;Thoressa_kuata_ncbi	7	Halpe_concavimarginata_mydata;Halpe_porus_mydata;Pedesta_masuriensis_mydata;Pedesta_rubella_mydata;Pithauria_linus_mydata;Pithauria_stramineipennis_mydata;Thoressa_kuata_ncbi	retained_node	N0060	9.581657	N0056;N0060	18.803000	18.803000
N0061	100/100	0	N0060	10.253951	82.955554	4	Halpe_concavimarginata_mydata;Halpe_nephele_mydata;Halpe_porus_kawahara2023;Halpe_porus_mydata	2	Halpe_concavimarginata_mydata;Halpe_porus_mydata	retained_node	N0061	10.253951	N0061	8.549049	8.549049
N0062	100/100	0	N0061	6.163344	89.118898	2	Halpe_porus_kawahara2023;Halpe_porus_mydata	1	Halpe_porus_mydata	collapsed_into_retained_path	N0063			2.385705	
N0063	Halpe_porus_mydata	1	N0062	2.385703	91.504601	1	Halpe_porus_mydata	1	Halpe_porus_mydata	retained_node	N0063	8.549047	N0062;N0063	0.000002	0.000002
N0064	Halpe_porus_kawahara2023	1	N0062	2.385703	91.504601	1	Halpe_porus_kawahara2023	0		excluded_no_selected_descendants				0.000002	
N0065	100/100	0	N0061	2.464855	85.420409	2	Halpe_concavimarginata_mydata;Halpe_nephele_mydata	1	Halpe_concavimarginata_mydata	collapsed_into_retained_path	N0067			6.084194	
N0066	Halpe_nephele_mydata	1	N0065	6.084191	91.504600	1	Halpe_nephele_mydata	0		excluded_no_selected_descendants				0.000003	
N0067	Halpe_concavimarginata_mydata	1	N0065	6.084191	91.504600	1	Halpe_concavimarginata_mydata	1	Halpe_concavimarginata_mydata	retained_node	N0067	8.549046	N0065;N0067	0.000003	0.000003
N0068	100/100	0	N0060	1.853022	74.554625	12	Onryza_maga_mydata;Onryza_siamica_kawahara2023;Pedesta_blanchardii_mydata;Pedesta_masuriensis_mydata;Pedesta_rubella_mydata;Pedesta_submacula_mydata;Pithauria_linus_mydata;Pithauria_stramineipennis_kawahara2023;Pithauria_stramineipennis_mydata;Praethoressa_varia_kawahara2023;Thoressa_bivitta_mydata;Thoressa_kuata_ncbi	5	Pedesta_masuriensis_mydata;Pedesta_rubella_mydata;Pithauria_linus_mydata;Pithauria_stramineipennis_mydata;Thoressa_kuata_ncbi	retained_node	N0068	1.853022	N0068	16.949978	16.949978
N0069	100/100	0	N0068	4.110860	78.665485	5	Pedesta_rubella_mydata;Pithauria_linus_mydata;Pithauria_stramineipennis_kawahara2023;Pithauria_stramineipennis_mydata;Praethoressa_varia_kawahara2023	3	Pedesta_rubella_mydata;Pithauria_linus_mydata;Pithauria_stramineipennis_mydata	retained_node	N0069	4.110860	N0069	12.839118	12.839118
N0070	Pedesta_rubella_mydata	1	N0069	12.839115	91.504600	1	Pedesta_rubella_mydata	1	Pedesta_rubella_mydata	retained_node	N0070	12.839115	N0070	0.000003	0.000003
N0071	100/100	0	N0069	2.668420	81.333905	4	Pithauria_linus_mydata;Pithauria_stramineipennis_kawahara2023;Pithauria_stramineipennis_mydata;Praethoressa_varia_kawahara2023	2	Pithauria_linus_mydata;Pithauria_stramineipennis_mydata	collapsed_into_retained_path	N0073			10.170698	
N0072	Praethoressa_varia_kawahara2023	1	N0071	10.170695	91.504600	1	Praethoressa_varia_kawahara2023	0		excluded_no_selected_descendants				0.000003	
N0073	100/100	0	N0071	7.637611	88.971516	3	Pithauria_linus_mydata;Pithauria_stramineipennis_kawahara2023;Pithauria_stramineipennis_mydata	2	Pithauria_linus_mydata;Pithauria_stramineipennis_mydata	retained_node	N0073	10.306031	N0071;N0073	2.533087	2.533087
N0074	Pithauria_linus_mydata	1	N0073	2.533083	91.504599	1	Pithauria_linus_mydata	1	Pithauria_linus_mydata	retained_node	N0074	2.533083	N0074	0.000004	0.000004
N0075	100/100	0	N0073	1.893374	90.864890	2	Pithauria_stramineipennis_kawahara2023;Pithauria_stramineipennis_mydata	1	Pithauria_stramineipennis_mydata	collapsed_into_retained_path	N0076			0.639713	
N0076	Pithauria_stramineipennis_mydata	1	N0075	0.639709	91.504599	1	Pithauria_stramineipennis_mydata	1	Pithauria_stramineipennis_mydata	retained_node	N0076	2.533083	N0075;N0076	0.000004	0.000004
N0077	Pithauria_stramineipennis_kawahara2023	1	N0075	0.639709	91.504599	1	Pithauria_stramineipennis_kawahara2023	0		excluded_no_selected_descendants				0.000004	
N0078	100/100	0	N0068	6.340851	80.895476	7	Onryza_maga_mydata;Onryza_siamica_kawahara2023;Pedesta_blanchardii_mydata;Pedesta_masuriensis_mydata;Pedesta_submacula_mydata;Thoressa_bivitta_mydata;Thoressa_kuata_ncbi	2	Pedesta_masuriensis_mydata;Thoressa_kuata_ncbi	collapsed_into_retained_path	N0080			10.609127	
N0079	Onryza_siamica_kawahara2023	1	N0078	10.609124	91.504600	1	Onryza_siamica_kawahara2023	0		excluded_no_selected_descendants				0.000003	
N0080	100/100	0	N0078	2.244150	83.139626	6	Onryza_maga_mydata;Pedesta_blanchardii_mydata;Pedesta_masuriensis_mydata;Pedesta_submacula_mydata;Thoressa_bivitta_mydata;Thoressa_kuata_ncbi	2	Pedesta_masuriensis_mydata;Thoressa_kuata_ncbi	retained_node	N0080	8.585001	N0078;N0080	8.364977	8.364977
N0081	100/100	0	N0080	1.473095	84.612721	2	Onryza_maga_mydata;Thoressa_kuata_ncbi	1	Thoressa_kuata_ncbi	collapsed_into_retained_path	N0082			6.891882	
N0082	Thoressa_kuata_ncbi	1	N0081	6.891879	91.504600	1	Thoressa_kuata_ncbi	1	Thoressa_kuata_ncbi	retained_node	N0082	8.364974	N0081;N0082	0.000003	0.000003
N0083	Onryza_maga_mydata	1	N0081	6.891879	91.504600	1	Onryza_maga_mydata	0		excluded_no_selected_descendants				0.000003	
N0084	100/100	0	N0080	0.586001	83.725627	4	Pedesta_blanchardii_mydata;Pedesta_masuriensis_mydata;Pedesta_submacula_mydata;Thoressa_bivitta_mydata	1	Pedesta_masuriensis_mydata	collapsed_into_retained_path	N0089			7.778976	
N0085	100/100	0	N0084	3.613421	87.339048	2	Pedesta_submacula_mydata;Thoressa_bivitta_mydata	0		excluded_no_selected_descendants				4.165555	
N0086	Pedesta_submacula_mydata	1	N0085	4.165552	91.504600	1	Pedesta_submacula_mydata	0		excluded_no_selected_descendants				0.000003	
N0087	Thoressa_bivitta_mydata	1	N0085	4.165552	91.504600	1	Thoressa_bivitta_mydata	0		excluded_no_selected_descendants				0.000003	
N0088	100/100	0	N0084	3.268966	86.994593	2	Pedesta_blanchardii_mydata;Pedesta_masuriensis_mydata	1	Pedesta_masuriensis_mydata	collapsed_into_retained_path	N0089			4.510010	
N0089	Pedesta_masuriensis_mydata	1	N0088	4.510008	91.504601	1	Pedesta_masuriensis_mydata	1	Pedesta_masuriensis_mydata	retained_node	N0089	8.364975	N0084;N0088;N0089	0.000002	0.000002
N0090	Pedesta_blanchardii_mydata	1	N0088	4.510008	91.504601	1	Pedesta_blanchardii_mydata	0		excluded_no_selected_descendants				0.000002	
N0091	100/100	0	N0015	4.671122	54.092633	450	Acada_biseriata_kawahara2023;Acerbas_sarala_chinensis_mydata;Acleros_leucopyga_kawahara2023;Acleros_ploetzi_kawahara2023;Adlerodea_petrovna_kawahara2023;Adopaeoides_prittwitzi_kawahara2023;Agathymus_aryxna_kawahara2023;Agathymus_mariae_kawahara2023;Agathymus_mariae_mariae_ncbi;Aides_duma_argyrina_kawahara2023;Alychna_victa_kawahara2023;Alychna_victa_ncbi;Amblyscirtes_belli_ncbi;Amblyscirtes_celia_ncbi;Amblyscirtes_elissa_ncbi;Amblyscirtes_eos_kawahara2023;Amblyscirtes_florus_kawahara2023;Amblyscirtes_simius_kawahara2023;Anatrytone_logan_kawahara2023;Ancistroides_gemmifer_kawahara2023;Ancistroides_longicornis_kawahara2023;Ancistroides_nigrita_mydata;Ancyloxypha_numitor_kawahara2023;Andronymus_neander_kawahara2023;Ankola_fan_kawahara2023;Anthoptus_epictetus_kawahara2023;Anthoptus_insignis_kawahara2023;Anthoptus_insignis_ncbi;Anthoptus_sp._kawahara2023;Apaustus_gracilis_kawahara2023;Appia_appia_kawahara2023;Argon_lota_kawahara2023;Aroma_aroma_kawahara2023;Arotis_derasa_brunnea_kawahara2023;Arrhenes_dschilus_kawahara2023;Arrhenes_marnas_kawahara2023;Artines_rica_kawahara2023;Artitropa_comus_kawahara2023;Artitropa_erinnys_kawahara2023;Asbolis_capucinus_kawahara2023;Asbolis_capucinus_ncbi;Astictopterus_jama_kawahara2023;Astictopterus_jama_mydata;Astictopterus_punctulata_kawahara2023;Atalopedes_campestris_kawahara2023;Atrytone_arogos_iowa_kawahara2023;Atrytonopsis_edwardsi_kawahara2023;Atrytonopsis_hianna_hianna_ncbi;Atrytonopsis_hianna_kawahara2023;Banta_banta_kawahara2023;Baoris_farri_farri_kawahara2023;Baoris_farri_mydata;Baoris_oceia_kawahara2023;Borbo_borbonica_kawahara2023;Borbo_cinnara_kawahara2023;Borbo_cinnara_mydata;Brusa_saxicola_kawahara2023;Buzyges_idothea_kawahara2023;Caenides_dacela_kawahara2023;Caenides_hidaroides_kawahara2023;Callimormus_radiola_kawahara2023;Calpodes_ethlius_kawahara2023;Calpodes_ethlius_ncbi;Caltoris_cahira_mydata;Caltoris_cormasa_kawahara2023;Caltoris_sirius_fusca_ncbi;Caltoris_sirius_kawahara2023;Cantha_calva_kawahara2023;Carystina_aurifer_kawahara2023;Carystoides_escalantei_kawahara2023;Carystus_phorcus_kawahara2023;Carystus_phorcus_ncbi;Cephrenes_acalle_oceanica_mydata;Cephrenes_augiades_kawahara2023;Cephrenes_augiades_mydata;Ceratrichia_nothus_makomensis_kawahara2023;Ceratrichia_phocion_kawahara2023;Ceratricula_semilutea_kawahara2023;Chalcone_briquenydan_chalcone_kawahara2023;Chondrolepis_niveicornis_kawahara2023;Choranthus_haitensis_kawahara2023;Choranthus_radians_kawahara2023;Choranthus_vitellius_ncbi;Cobaloides_argus_kawahara2023;Cobalopsis_miaba_kawahara2023;Cobalus_calvina_kawahara2023;Conga_chydaea_kawahara2023;Conga_zela_kawahara2023;Copaeodes_aurantiaca_kawahara2023;Copaeodes_aurantiaca_ncbi;Corticea_corticea_kawahara2023;Cumbre_cumbre_kawahara2023;Cupitha_purreea_kawahara2023;Cupitha_purreea_mydata;Cyclosma_sp._kawahara2023;Cymaenes_tripunctata_kawahara2023;Cynea_cynea_kawahara2023;Cynea_diluta_kawahara2023;Damas_clavus_kawahara2023;Decinea_decinea_kawahara2023;Dion_gemmatus_kawahara2023;Dotta_callicles_kawahara2023;Dubiella_dubius_kawahara2023;Duroca_duroca_duroca_ncbi;Duroca_duroca_kawahara2023;Ebusus_ebusus_kawahara2023;Eetion_elia_kawahara2023;Enosis_sp._kawahara2023;Eogenes_alcides_kawahara2023;Eprius_veleda_kawahara2023;Erionota_acroleucus_apicalis_kawahara2023;Erionota_grandis_mydata;Erionota_thrax_ncbi;Erionota_thrax_thrax_kawahara2023;Euphyes_arpa_kawahara2023;Euphyes_dion_kawahara2023;Eutocus_sp._kawahara2023;Eutychide_physcella_kawahara2023;Evansiella_cordela_kawahara2023;Falga_jeconia_kawahara2023;Flaccilla_aecas_kawahara2023;Flandria_weberi_kawahara2023;Fresna_netopha_kawahara2023;Fresna_nyassae_kawahara2023;Fulda_coroller_kawahara2023;Gallio_carasta_kawahara2023;Gamia_buchholzi_kawahara2023;Gamia_shelleyi_kawahara2023;Gangara_thyrsis_thyrsis_kawahara2023;Ge_geta_kawahara2023;Gegenes_nostrodamus_ncbi;Gegenes_pumilio_kawahara2023;Ginungagapus_fiedleri_kawahara2023;Ginungagapus_ranesus_kawahara2023;Gorgyra_diversata_kawahara2023;Gretna_cylinda_kawahara2023;Gyrogra_subnotata_kawahara2023;Halotus_rica_kawahara2023;Hansa_devergens_hydra_kawahara2023;Herila_herilus_kawahara2023;Hesperia_attalus_slossonae_ncbi;Hesperia_balcones_ncbi;Hesperia_colorado_sublima_ncbi;Hesperia_comma_kawahara2023;Hesperia_comma_ncbi;Hesperia_dacotae_ncbi;Hesperia_meskei_kawahara2023;Hesperia_meskei_straton_ncbi;Hesperia_nevada_nevada_ncbi;Hesperia_pahaska_williamsi_ncbi;Hesperia_viridis_ncbi;Hesperia_woodgatei_ncbi;Hidari_bhawani_kawahara2023;Hidari_irava_kawahara2023;Hidari_irava_mydata;Hollandus_xanthopeplus_kawahara2023;Hyarotis_adrastus_mydata;Hyarotis_adrastus_praba_kawahara2023;Hylephila_phyleus_ncbi;Hypoleucis_tripunctata_kawahara2023;Iambrix_salsala_kawahara2023;Iambrix_salsala_mydata;Idmon_distanti_kawahara2023;Idmon_fujianana_mydata;Ilma_irvina_kawahara2023;Isma_bononia_idyalis_kawahara2023;Isma_protoclea_iapis_kawahara2023;Isoteinon_lamprospilus_kawahara2023;Isoteinon_lamprospilus_mydata;Iton_semamora_semamora_kawahara2023;Iton_watsonii_mydata;Joanna_joanna_kawahara2023;Kedestes_barberae_kawahara2023;Kobrona_kobros_kawahara2023;Koruthaialos_butleri_kawahara2023;Koruthaialos_rubecula_mydata;Koruthaialos_rubecula_rubecula_kawahara2023;Lamponia_lamponia_kawahara2023;Lento_lento_kawahara2023;Leona_leonora_kawahara2023;Lerema_accius_kawahara2023;Lerema_lineosa_ncbi;Lerema_liris_ncbi;Lerodea_eufala_kawahara2023;Levina_levina_kawahara2023;Libra_aligula_aligula_kawahara2023;Librita_librita_kawahara2023;Lindra_brasus_kawahara2023;Lissia_luehderi_kawahara2023;Lon_zabulon_kawahara2023;Lotongus_calathus_calathus_kawahara2023;Lucida_lucia_kawahara2023;Lycas_argentea_kawahara2023;Lycas_argentea_ncbi;Lychnuchoides_ozias_ncbi;Lychnuchoides_ozias_ozias_kawahara2023;Lychnuchus_celsus_kawahara2023;Matapa_aria_kawahara2023;Matapa_aria_mydata;Matapa_druna_mydata;Matapa_sasivarna_mydata;Megathymus_streckeri_leussleri_kawahara2023;Megathymus_ursus_deserti_ncbi;Megathymus_ursus_kawahara2023;Megathymus_ursus_ursus_ncbi;Megathymus_violae_ncbi;Megathymus_yuccae_yuccae_ncbi;Melphina_melphis_kawahara2023;Melphinyet_flavina_kawahara2023;Melphinyet_tarace_kawahara2023;Methion_melas_kawahara2023;Methionopsis_ina_kawahara2023;Metron_oropa_kawahara2023;Meza_meza_kawahara2023;Miltomiges_cinnamomea_kawahara2023;Mimene_celia_kawahara2023;Misius_misius_kawahara2023;Mnaseas_bicolor_kawahara2023;Mnasicles_geta_kawahara2023;Mnasilus_allubita_kawahara2023;Mnasinous_patage_kawahara2023;Mnasitheus_chrysophrys_kawahara2023;Mnestheus_ittona_kawahara2023;Moeris_striga_striga_kawahara2023;Moeros_moeros_kawahara2023;Molla_molla_kawahara2023;Molo_mango_kawahara2023;Molo_mango_ncbi;Monca_branca_kawahara2023;Monza_punctata_kawahara2023;Mopala_orma_kawahara2023;Morys_compta_kawahara2023;Mucia_zygia_kawahara2023;Naevolus_orius_kawahara2023;Nastra_julia_kawahara2023;Nastra_julia_ncbi;Neoxeniades_braesia_kawahara2023;Niconiades_incomptus_kawahara2023;Niconiades_incomptus_ncbi;Niconiades_xanthaphes_kawahara2023;Noctulana_noctula_kawahara2023;Notamblyscirtes_simius_ncbi;Notocrypta_curvifascia_corinda_kawahara2023;Notocrypta_feisthamelii_kawahara2023;Notocrypta_feisthamelii_ncbi;Notocrypta_paralysos_mydata;Nyctelius_nyctelius_kawahara2023;Oarisma_garita_kawahara2023;Oarisma_garita_ncbi;Oarisma_powesheik_ncbi;Ochlodes_bouddha_mydata;Ochlodes_sylvanoides_omnigena_kawahara2023;Ochlodes_sylvanus_ncbi;Ochlodes_thibetana_mydata;Ocybadistes_flavovittata_kawahara2023;Ocybadistes_walkeri_kawahara2023;Oerane_microthyrus_kawahara2023;Oligoria_maculata_kawahara2023;Onespa_gala_kawahara2023;Onophas_columbaria_kawahara2023;Oriens_gola_mydata;Oriens_gola_pseudolus_kawahara2023;Orphe_gerasa_kawahara2023;Orphe_vatinius_kawahara2023;Orses_cynisca_kawahara2023;Orses_cynisca_ncbi;Orthos_trinka_kawahara2023;Osmodes_laronia_kawahara2023;Osmodes_thora_kawahara2023;Osphantes_ogowena_kawahara2023;Oxynthes_corusca_kawahara2023;Pamba_boyaca_kawahara2023;Panca_subpunctuli_kawahara2023;Panoquina_ocola_ocola_kawahara2023;Panoquina_ocola_ocola_ncbi;Panoquina_panoquin_kawahara2023;Papias_subcostulata_kawahara2023;Papias_trimacula_kawahara2023;Paracarystus_hypargyra_kawahara2023;Parachoranthus_magdalia_kawahara2023;Paracleros_biguttulus_kawahara2023;Paratrytone_snowi_kawahara2023;Pardaleodes_edipus_kawahara2023;Pardaleodes_edipus_mydata;Pardaleodes_incerta_kawahara2023;Parnara_apostata_apostata_kawahara2023;Parnara_apostata_apostata_mydata;Parnara_guttata_kawahara2023;Parnara_guttata_mydata;Paronymus_ligora_kawahara2023;Paronymus_xanthias_kawahara2023;Parosmodes_morantii_kawahara2023;Parphorus_storax_s._kawahara2023;Peba_verames_kawahara2023;Pelopidas_agna_ncbi;Pelopidas_mathias_kawahara2023;Pelopidas_mathias_mydata;Pelopidas_sinensis_mydata;Perichares_adela_kawahara2023;Perichares_adela_mydata;Perichares_lotus_kawahara2023;Perrotia_varians_kawahara2023;Phanes_abaris_kawahara2023;Phemiades_pohli_cidra_kawahara2023;Pheraeus_odilia_argus_kawahara2023;Pirdana_distanti_mydata;Pirdana_hyela_mydata;Pirdana_hyela_rudolphii_kawahara2023;Plastingia_naga_kawahara2023;Plastingia_naga_mydata;Platylesches_picanini_kawahara2023;Ploetzia_amygdalis_kawahara2023;Polites_baracoa_baracoa_ncbi;Polites_carus_ncbi;Polites_draco_ncbi;Polites_mardon_ncbi;Polites_mystic_mydata;Polites_origenes_origenes_mydata;Polites_peckius_peckius_ncbi;Polites_rhesus_ncbi;Polites_sabuleti_sabuleti_ncbi;Polites_sonora_mydata;Polites_themistocles_turneri_ncbi;Polites_vibex_kawahara2023;Polites_vibex_praeceps_ncbi;Polytremis_eltola_mydata;Polytremis_lubricans_lubricans_kawahara2023;Polytremis_nascens_mydata;Polytremis_theca_mydata;Pompeius_amblyspila_ncbi;Pompeius_pompeius_kawahara2023;Pompeius_pompeius_ncbi;Potanthus_flavus_mydata;Potanthus_ganda_mydata;Potanthus_omaha_omaha_kawahara2023;Potanthus_trachala_mydata;Problema_byssus_kawahara2023;Propapias_sipariana_kawahara2023;Propertius_dejongi_kawahara2023;Prusiana_prusias_kawahara2023;Pseudocopaeodes_eunus_kawahara2023;Pseudokerana_fulgur_kawahara2023;Pseudopirdana_albicornis_kawahara2023;Psolos_fuligo_fuligo_kawahara2023;Psoralis_stacara_kawahara2023;Pteroteinon_caenira_mydata;Pteroteinon_laufella_kawahara2023;Punta_punta_kawahara2023;Pyroneura_derna_kawahara2023;Pyroneura_margherita_mydata;Pyrrhocalles_antiqua_antiqua_kawahara2023;Pyrrhopygopsis_socrates_crates_kawahara2023;Quasimellana_antipazina_kawahara2023;Quedara_monteithi_monteithi_kawahara2023;Quinta_cannae_kawahara2023;Racta_chiria_kawahara2023;Racta_sp._kawahara2023;Remella_rita_kawahara2023;Rhabdomantis_galatia_kawahara2023;Rhabdomantis_sosia_kawahara2023;Rhinthon_cubana_kawahara2023;Rigga_hesia_kawahara2023;Rufocumbre_eberti_kawahara2023;Sabera_caesina_kawahara2023;Salanoemia_sala_kawahara2023;Saliana_esperi_kawahara2023;Saniba_sabina_kawahara2023;Saturnus_metonidia_kawahara2023;Scobura_cephala_kawahara2023;Scobura_cephaloides_mydata;Scobura_coniata_mydata;Scobura_eximia_mydata;Scobura_isota_kawahara2023;Semalea_pulvina_kawahara2023;Serdis_viridicans_kawahara2023;Sodalia_sodalis_kawahara2023;Stallingsia_maculosus_kawahara2023;Stimula_swinhoei_kawahara2023;Stinga_morrisoni_kawahara2023;Styriodes_quadrinotata_kawahara2023;Suada_swerga_suava_kawahara2023;Suastus_gremius_gremius_kawahara2023;Suastus_gremius_mydata;Suniana_sunias_kawahara2023;Synale_cynaxa_kawahara2023;Synapte_salenus_salenus_kawahara2023;Synapte_silius_kawahara2023;Talides_sinois_kawahara2023;Taractrocera_luzonensis_luzonensis_kawahara2023;Taractrocera_maevius_kawahara2023;Telicota_augias_augias_kawahara2023;Telicota_bambusae_mydata;Telicota_sp._kawahara2023;Telicota_sp._ncbi;Tellona_variegata_kawahara2023;Teniorhinus_harona_kawahara2023;Teniorhinus_watsoni_kawahara2023;Thargella_evansi_kawahara2023;Thespieus_dalman_kawahara2023;Thespieus_ethemides_mydata;Thespieus_macareus_kawahara2023;Thoon_modius_kawahara2023;Thracides_phidon_kawahara2023;Thymelicus_lineola_kawahara2023;Thymelicus_lineola_ncbi;Thymelicus_sylvestris_ncbi;Tiacellia_tiacellia_kawahara2023;Tigasis_arita_kawahara2023;Tirynthia_conflua_kawahara2023;Tirynthoides_lotana_kawahara2023;Tricrista_advena_kawahara2023;Tromba_tromba_kawahara2023;Troyus_aurelius_ncbi;Troyus_diversus_maeon_ncbi;Troyus_fantasos_ncbi;Troyus_marcus_ncbi;Tsitana_tsita_kawahara2023;Turesis_theste_kawahara2023;Udaspes_folus_kawahara2023;Udaspes_folus_mydata;Unkana_ambasa_batara_kawahara2023;Unkana_ambasa_mydata;Vacerra_bonfilius_kawahara2023;Vehilius_celeus_kawahara2023;Venas_evans_kawahara2023;Vernia_verna_kawahara2023;Vernia_verna_ncbi;Vertica_verticalis_coatepeca_kawahara2023;Vettius_lafrenaye_kawahara2023;Vidius_catarinae_kawahara2023;Vinius_letis_kawahara2023;Virga_austrinus_kawahara2023;Wahydra_kenava_kawahara2023;Wahydra_kenava_ncbi;Wahydra_sp._kawahara2023;Wallengrenia_egeremet_ncbi;Wallengrenia_otho_ncbi;Wallengrenia_otho_otho_kawahara2023;Wallengrenia_premnas_kawahara2023;Xanthodisca_vibius_kawahara2023;Xanthoneura_obscurior_kawahara2023;Xeniades_orchamus_kawahara2023;Zariaspes_mys_kawahara2023;Zela_zeus_optimus_kawahara2023;Zenis_jebus_kawahara2023;Zenonia_zeno_kawahara2023;Zographetus_ogygia_ogygia_kawahara2023;Zographetus_satwa_mydata;Zophopetes_cerymica_kawahara2023;Zophopetes_dysmephila_kawahara2023	13	Acerbas_sarala_chinensis_mydata;Ancistroides_nigrita_mydata;Cupitha_purreea_mydata;Idmon_fujianana_mydata;Isoteinon_lamprospilus_mydata;Matapa_druna_mydata;Ochlodes_bouddha_mydata;Oriens_gola_mydata;Perichares_adela_mydata;Polytremis_eltola_mydata;Polytremis_theca_mydata;Potanthus_trachala_mydata;Telicota_bambusae_mydata	collapsed_into_retained_path	N0107			37.411970	
N0092	100/100	0	N0091	11.376279	65.468912	8	Ankola_fan_kawahara2023;Ceratrichia_nothus_makomensis_kawahara2023;Ceratrichia_phocion_kawahara2023;Herila_herilus_kawahara2023;Meza_meza_kawahara2023;Pardaleodes_edipus_kawahara2023;Pardaleodes_edipus_mydata;Pardaleodes_incerta_kawahara2023	0		excluded_no_selected_descendants				26.035691	
N0093	100/100	0	N0092	18.456437	83.925349	2	Ceratrichia_nothus_makomensis_kawahara2023;Ceratrichia_phocion_kawahara2023	0		excluded_no_selected_descendants				7.579254	
N0094	Ceratrichia_phocion_kawahara2023	1	N0093	7.579251	91.504600	1	Ceratrichia_phocion_kawahara2023	0		excluded_no_selected_descendants				0.000003	
N0095	Ceratrichia_nothus_makomensis_kawahara2023	1	N0093	7.579251	91.504600	1	Ceratrichia_nothus_makomensis_kawahara2023	0		excluded_no_selected_descendants				0.000003	
N0096	100/100	0	N0092	3.632521	69.101433	6	Ankola_fan_kawahara2023;Herila_herilus_kawahara2023;Meza_meza_kawahara2023;Pardaleodes_edipus_kawahara2023;Pardaleodes_edipus_mydata;Pardaleodes_incerta_kawahara2023	0		excluded_no_selected_descendants				22.403170	
N0097	100/100	0	N0096	4.954038	74.055471	2	Herila_herilus_kawahara2023;Meza_meza_kawahara2023	0		excluded_no_selected_descendants				17.449132	
N0098	Herila_herilus_kawahara2023	1	N0097	17.449130	91.504601	1	Herila_herilus_kawahara2023	0		excluded_no_selected_descendants				0.000002	
N0099	Meza_meza_kawahara2023	1	N0097	17.449130	91.504601	1	Meza_meza_kawahara2023	0		excluded_no_selected_descendants				0.000002	
N0100	100/100	0	N0096	14.722281	83.823714	4	Ankola_fan_kawahara2023;Pardaleodes_edipus_kawahara2023;Pardaleodes_edipus_mydata;Pardaleodes_incerta_kawahara2023	0		excluded_no_selected_descendants				7.680889	
N0101	Ankola_fan_kawahara2023	1	N0100	7.680886	91.504600	1	Ankola_fan_kawahara2023	0		excluded_no_selected_descendants				0.000003	
N0102	100/100	0	N0100	6.404534	90.228248	3	Pardaleodes_edipus_kawahara2023;Pardaleodes_edipus_mydata;Pardaleodes_incerta_kawahara2023	0		excluded_no_selected_descendants				1.276355	
N0103	Pardaleodes_incerta_kawahara2023	1	N0102	1.276353	91.504601	1	Pardaleodes_incerta_kawahara2023	0		excluded_no_selected_descendants				0.000002	
N0104	100/100	0	N0102	0.993132	91.221380	2	Pardaleodes_edipus_kawahara2023;Pardaleodes_edipus_mydata	0		excluded_no_selected_descendants				0.283223	
N0105	Pardaleodes_edipus_mydata	1	N0104	0.283221	91.504601	1	Pardaleodes_edipus_mydata	0		excluded_no_selected_descendants				0.000002	
N0106	Pardaleodes_edipus_kawahara2023	1	N0104	0.283221	91.504601	1	Pardaleodes_edipus_kawahara2023	0		excluded_no_selected_descendants				0.000002	
N0107	100/100	0	N0091	1.385723	55.478356	442	Acada_biseriata_kawahara2023;Acerbas_sarala_chinensis_mydata;Acleros_leucopyga_kawahara2023;Acleros_ploetzi_kawahara2023;Adlerodea_petrovna_kawahara2023;Adopaeoides_prittwitzi_kawahara2023;Agathymus_aryxna_kawahara2023;Agathymus_mariae_kawahara2023;Agathymus_mariae_mariae_ncbi;Aides_duma_argyrina_kawahara2023;Alychna_victa_kawahara2023;Alychna_victa_ncbi;Amblyscirtes_belli_ncbi;Amblyscirtes_celia_ncbi;Amblyscirtes_elissa_ncbi;Amblyscirtes_eos_kawahara2023;Amblyscirtes_florus_kawahara2023;Amblyscirtes_simius_kawahara2023;Anatrytone_logan_kawahara2023;Ancistroides_gemmifer_kawahara2023;Ancistroides_longicornis_kawahara2023;Ancistroides_nigrita_mydata;Ancyloxypha_numitor_kawahara2023;Andronymus_neander_kawahara2023;Anthoptus_epictetus_kawahara2023;Anthoptus_insignis_kawahara2023;Anthoptus_insignis_ncbi;Anthoptus_sp._kawahara2023;Apaustus_gracilis_kawahara2023;Appia_appia_kawahara2023;Argon_lota_kawahara2023;Aroma_aroma_kawahara2023;Arotis_derasa_brunnea_kawahara2023;Arrhenes_dschilus_kawahara2023;Arrhenes_marnas_kawahara2023;Artines_rica_kawahara2023;Artitropa_comus_kawahara2023;Artitropa_erinnys_kawahara2023;Asbolis_capucinus_kawahara2023;Asbolis_capucinus_ncbi;Astictopterus_jama_kawahara2023;Astictopterus_jama_mydata;Astictopterus_punctulata_kawahara2023;Atalopedes_campestris_kawahara2023;Atrytone_arogos_iowa_kawahara2023;Atrytonopsis_edwardsi_kawahara2023;Atrytonopsis_hianna_hianna_ncbi;Atrytonopsis_hianna_kawahara2023;Banta_banta_kawahara2023;Baoris_farri_farri_kawahara2023;Baoris_farri_mydata;Baoris_oceia_kawahara2023;Borbo_borbonica_kawahara2023;Borbo_cinnara_kawahara2023;Borbo_cinnara_mydata;Brusa_saxicola_kawahara2023;Buzyges_idothea_kawahara2023;Caenides_dacela_kawahara2023;Caenides_hidaroides_kawahara2023;Callimormus_radiola_kawahara2023;Calpodes_ethlius_kawahara2023;Calpodes_ethlius_ncbi;Caltoris_cahira_mydata;Caltoris_cormasa_kawahara2023;Caltoris_sirius_fusca_ncbi;Caltoris_sirius_kawahara2023;Cantha_calva_kawahara2023;Carystina_aurifer_kawahara2023;Carystoides_escalantei_kawahara2023;Carystus_phorcus_kawahara2023;Carystus_phorcus_ncbi;Cephrenes_acalle_oceanica_mydata;Cephrenes_augiades_kawahara2023;Cephrenes_augiades_mydata;Ceratricula_semilutea_kawahara2023;Chalcone_briquenydan_chalcone_kawahara2023;Chondrolepis_niveicornis_kawahara2023;Choranthus_haitensis_kawahara2023;Choranthus_radians_kawahara2023;Choranthus_vitellius_ncbi;Cobaloides_argus_kawahara2023;Cobalopsis_miaba_kawahara2023;Cobalus_calvina_kawahara2023;Conga_chydaea_kawahara2023;Conga_zela_kawahara2023;Copaeodes_aurantiaca_kawahara2023;Copaeodes_aurantiaca_ncbi;Corticea_corticea_kawahara2023;Cumbre_cumbre_kawahara2023;Cupitha_purreea_kawahara2023;Cupitha_purreea_mydata;Cyclosma_sp._kawahara2023;Cymaenes_tripunctata_kawahara2023;Cynea_cynea_kawahara2023;Cynea_diluta_kawahara2023;Damas_clavus_kawahara2023;Decinea_decinea_kawahara2023;Dion_gemmatus_kawahara2023;Dotta_callicles_kawahara2023;Dubiella_dubius_kawahara2023;Duroca_duroca_duroca_ncbi;Duroca_duroca_kawahara2023;Ebusus_ebusus_kawahara2023;Eetion_elia_kawahara2023;Enosis_sp._kawahara2023;Eogenes_alcides_kawahara2023;Eprius_veleda_kawahara2023;Erionota_acroleucus_apicalis_kawahara2023;Erionota_grandis_mydata;Erionota_thrax_ncbi;Erionota_thrax_thrax_kawahara2023;Euphyes_arpa_kawahara2023;Euphyes_dion_kawahara2023;Eutocus_sp._kawahara2023;Eutychide_physcella_kawahara2023;Evansiella_cordela_kawahara2023;Falga_jeconia_kawahara2023;Flaccilla_aecas_kawahara2023;Flandria_weberi_kawahara2023;Fresna_netopha_kawahara2023;Fresna_nyassae_kawahara2023;Fulda_coroller_kawahara2023;Gallio_carasta_kawahara2023;Gamia_buchholzi_kawahara2023;Gamia_shelleyi_kawahara2023;Gangara_thyrsis_thyrsis_kawahara2023;Ge_geta_kawahara2023;Gegenes_nostrodamus_ncbi;Gegenes_pumilio_kawahara2023;Ginungagapus_fiedleri_kawahara2023;Ginungagapus_ranesus_kawahara2023;Gorgyra_diversata_kawahara2023;Gretna_cylinda_kawahara2023;Gyrogra_subnotata_kawahara2023;Halotus_rica_kawahara2023;Hansa_devergens_hydra_kawahara2023;Hesperia_attalus_slossonae_ncbi;Hesperia_balcones_ncbi;Hesperia_colorado_sublima_ncbi;Hesperia_comma_kawahara2023;Hesperia_comma_ncbi;Hesperia_dacotae_ncbi;Hesperia_meskei_kawahara2023;Hesperia_meskei_straton_ncbi;Hesperia_nevada_nevada_ncbi;Hesperia_pahaska_williamsi_ncbi;Hesperia_viridis_ncbi;Hesperia_woodgatei_ncbi;Hidari_bhawani_kawahara2023;Hidari_irava_kawahara2023;Hidari_irava_mydata;Hollandus_xanthopeplus_kawahara2023;Hyarotis_adrastus_mydata;Hyarotis_adrastus_praba_kawahara2023;Hylephila_phyleus_ncbi;Hypoleucis_tripunctata_kawahara2023;Iambrix_salsala_kawahara2023;Iambrix_salsala_mydata;Idmon_distanti_kawahara2023;Idmon_fujianana_mydata;Ilma_irvina_kawahara2023;Isma_bononia_idyalis_kawahara2023;Isma_protoclea_iapis_kawahara2023;Isoteinon_lamprospilus_kawahara2023;Isoteinon_lamprospilus_mydata;Iton_semamora_semamora_kawahara2023;Iton_watsonii_mydata;Joanna_joanna_kawahara2023;Kedestes_barberae_kawahara2023;Kobrona_kobros_kawahara2023;Koruthaialos_butleri_kawahara2023;Koruthaialos_rubecula_mydata;Koruthaialos_rubecula_rubecula_kawahara2023;Lamponia_lamponia_kawahara2023;Lento_lento_kawahara2023;Leona_leonora_kawahara2023;Lerema_accius_kawahara2023;Lerema_lineosa_ncbi;Lerema_liris_ncbi;Lerodea_eufala_kawahara2023;Levina_levina_kawahara2023;Libra_aligula_aligula_kawahara2023;Librita_librita_kawahara2023;Lindra_brasus_kawahara2023;Lissia_luehderi_kawahara2023;Lon_zabulon_kawahara2023;Lotongus_calathus_calathus_kawahara2023;Lucida_lucia_kawahara2023;Lycas_argentea_kawahara2023;Lycas_argentea_ncbi;Lychnuchoides_ozias_ncbi;Lychnuchoides_ozias_ozias_kawahara2023;Lychnuchus_celsus_kawahara2023;Matapa_aria_kawahara2023;Matapa_aria_mydata;Matapa_druna_mydata;Matapa_sasivarna_mydata;Megathymus_streckeri_leussleri_kawahara2023;Megathymus_ursus_deserti_ncbi;Megathymus_ursus_kawahara2023;Megathymus_ursus_ursus_ncbi;Megathymus_violae_ncbi;Megathymus_yuccae_yuccae_ncbi;Melphina_melphis_kawahara2023;Melphinyet_flavina_kawahara2023;Melphinyet_tarace_kawahara2023;Methion_melas_kawahara2023;Methionopsis_ina_kawahara2023;Metron_oropa_kawahara2023;Miltomiges_cinnamomea_kawahara2023;Mimene_celia_kawahara2023;Misius_misius_kawahara2023;Mnaseas_bicolor_kawahara2023;Mnasicles_geta_kawahara2023;Mnasilus_allubita_kawahara2023;Mnasinous_patage_kawahara2023;Mnasitheus_chrysophrys_kawahara2023;Mnestheus_ittona_kawahara2023;Moeris_striga_striga_kawahara2023;Moeros_moeros_kawahara2023;Molla_molla_kawahara2023;Molo_mango_kawahara2023;Molo_mango_ncbi;Monca_branca_kawahara2023;Monza_punctata_kawahara2023;Mopala_orma_kawahara2023;Morys_compta_kawahara2023;Mucia_zygia_kawahara2023;Naevolus_orius_kawahara2023;Nastra_julia_kawahara2023;Nastra_julia_ncbi;Neoxeniades_braesia_kawahara2023;Niconiades_incomptus_kawahara2023;Niconiades_incomptus_ncbi;Niconiades_xanthaphes_kawahara2023;Noctulana_noctula_kawahara2023;Notamblyscirtes_simius_ncbi;Notocrypta_curvifascia_corinda_kawahara2023;Notocrypta_feisthamelii_kawahara2023;Notocrypta_feisthamelii_ncbi;Notocrypta_paralysos_mydata;Nyctelius_nyctelius_kawahara2023;Oarisma_garita_kawahara2023;Oarisma_garita_ncbi;Oarisma_powesheik_ncbi;Ochlodes_bouddha_mydata;Ochlodes_sylvanoides_omnigena_kawahara2023;Ochlodes_sylvanus_ncbi;Ochlodes_thibetana_mydata;Ocybadistes_flavovittata_kawahara2023;Ocybadistes_walkeri_kawahara2023;Oerane_microthyrus_kawahara2023;Oligoria_maculata_kawahara2023;Onespa_gala_kawahara2023;Onophas_columbaria_kawahara2023;Oriens_gola_mydata;Oriens_gola_pseudolus_kawahara2023;Orphe_gerasa_kawahara2023;Orphe_vatinius_kawahara2023;Orses_cynisca_kawahara2023;Orses_cynisca_ncbi;Orthos_trinka_kawahara2023;Osmodes_laronia_kawahara2023;Osmodes_thora_kawahara2023;Osphantes_ogowena_kawahara2023;Oxynthes_corusca_kawahara2023;Pamba_boyaca_kawahara2023;Panca_subpunctuli_kawahara2023;Panoquina_ocola_ocola_kawahara2023;Panoquina_ocola_ocola_ncbi;Panoquina_panoquin_kawahara2023;Papias_subcostulata_kawahara2023;Papias_trimacula_kawahara2023;Paracarystus_hypargyra_kawahara2023;Parachoranthus_magdalia_kawahara2023;Paracleros_biguttulus_kawahara2023;Paratrytone_snowi_kawahara2023;Parnara_apostata_apostata_kawahara2023;Parnara_apostata_apostata_mydata;Parnara_guttata_kawahara2023;Parnara_guttata_mydata;Paronymus_ligora_kawahara2023;Paronymus_xanthias_kawahara2023;Parosmodes_morantii_kawahara2023;Parphorus_storax_s._kawahara2023;Peba_verames_kawahara2023;Pelopidas_agna_ncbi;Pelopidas_mathias_kawahara2023;Pelopidas_mathias_mydata;Pelopidas_sinensis_mydata;Perichares_adela_kawahara2023;Perichares_adela_mydata;Perichares_lotus_kawahara2023;Perrotia_varians_kawahara2023;Phanes_abaris_kawahara2023;Phemiades_pohli_cidra_kawahara2023;Pheraeus_odilia_argus_kawahara2023;Pirdana_distanti_mydata;Pirdana_hyela_mydata;Pirdana_hyela_rudolphii_kawahara2023;Plastingia_naga_kawahara2023;Plastingia_naga_mydata;Platylesches_picanini_kawahara2023;Ploetzia_amygdalis_kawahara2023;Polites_baracoa_baracoa_ncbi;Polites_carus_ncbi;Polites_draco_ncbi;Polites_mardon_ncbi;Polites_mystic_mydata;Polites_origenes_origenes_mydata;Polites_peckius_peckius_ncbi;Polites_rhesus_ncbi;Polites_sabuleti_sabuleti_ncbi;Polites_sonora_mydata;Polites_themistocles_turneri_ncbi;Polites_vibex_kawahara2023;Polites_vibex_praeceps_ncbi;Polytremis_eltola_mydata;Polytremis_lubricans_lubricans_kawahara2023;Polytremis_nascens_mydata;Polytremis_theca_mydata;Pompeius_amblyspila_ncbi;Pompeius_pompeius_kawahara2023;Pompeius_pompeius_ncbi;Potanthus_flavus_mydata;Potanthus_ganda_mydata;Potanthus_omaha_omaha_kawahara2023;Potanthus_trachala_mydata;Problema_byssus_kawahara2023;Propapias_sipariana_kawahara2023;Propertius_dejongi_kawahara2023;Prusiana_prusias_kawahara2023;Pseudocopaeodes_eunus_kawahara2023;Pseudokerana_fulgur_kawahara2023;Pseudopirdana_albicornis_kawahara2023;Psolos_fuligo_fuligo_kawahara2023;Psoralis_stacara_kawahara2023;Pteroteinon_caenira_mydata;Pteroteinon_laufella_kawahara2023;Punta_punta_kawahara2023;Pyroneura_derna_kawahara2023;Pyroneura_margherita_mydata;Pyrrhocalles_antiqua_antiqua_kawahara2023;Pyrrhopygopsis_socrates_crates_kawahara2023;Quasimellana_antipazina_kawahara2023;Quedara_monteithi_monteithi_kawahara2023;Quinta_cannae_kawahara2023;Racta_chiria_kawahara2023;Racta_sp._kawahara2023;Remella_rita_kawahara2023;Rhabdomantis_galatia_kawahara2023;Rhabdomantis_sosia_kawahara2023;Rhinthon_cubana_kawahara2023;Rigga_hesia_kawahara2023;Rufocumbre_eberti_kawahara2023;Sabera_caesina_kawahara2023;Salanoemia_sala_kawahara2023;Saliana_esperi_kawahara2023;Saniba_sabina_kawahara2023;Saturnus_metonidia_kawahara2023;Scobura_cephala_kawahara2023;Scobura_cephaloides_mydata;Scobura_coniata_mydata;Scobura_eximia_mydata;Scobura_isota_kawahara2023;Semalea_pulvina_kawahara2023;Serdis_viridicans_kawahara2023;Sodalia_sodalis_kawahara2023;Stallingsia_maculosus_kawahara2023;Stimula_swinhoei_kawahara2023;Stinga_morrisoni_kawahara2023;Styriodes_quadrinotata_kawahara2023;Suada_swerga_suava_kawahara2023;Suastus_gremius_gremius_kawahara2023;Suastus_gremius_mydata;Suniana_sunias_kawahara2023;Synale_cynaxa_kawahara2023;Synapte_salenus_salenus_kawahara2023;Synapte_silius_kawahara2023;Talides_sinois_kawahara2023;Taractrocera_luzonensis_luzonensis_kawahara2023;Taractrocera_maevius_kawahara2023;Telicota_augias_augias_kawahara2023;Telicota_bambusae_mydata;Telicota_sp._kawahara2023;Telicota_sp._ncbi;Tellona_variegata_kawahara2023;Teniorhinus_harona_kawahara2023;Teniorhinus_watsoni_kawahara2023;Thargella_evansi_kawahara2023;Thespieus_dalman_kawahara2023;Thespieus_ethemides_mydata;Thespieus_macareus_kawahara2023;Thoon_modius_kawahara2023;Thracides_phidon_kawahara2023;Thymelicus_lineola_kawahara2023;Thymelicus_lineola_ncbi;Thymelicus_sylvestris_ncbi;Tiacellia_tiacellia_kawahara2023;Tigasis_arita_kawahara2023;Tirynthia_conflua_kawahara2023;Tirynthoides_lotana_kawahara2023;Tricrista_advena_kawahara2023;Tromba_tromba_kawahara2023;Troyus_aurelius_ncbi;Troyus_diversus_maeon_ncbi;Troyus_fantasos_ncbi;Troyus_marcus_ncbi;Tsitana_tsita_kawahara2023;Turesis_theste_kawahara2023;Udaspes_folus_kawahara2023;Udaspes_folus_mydata;Unkana_ambasa_batara_kawahara2023;Unkana_ambasa_mydata;Vacerra_bonfilius_kawahara2023;Vehilius_celeus_kawahara2023;Venas_evans_kawahara2023;Vernia_verna_kawahara2023;Vernia_verna_ncbi;Vertica_verticalis_coatepeca_kawahara2023;Vettius_lafrenaye_kawahara2023;Vidius_catarinae_kawahara2023;Vinius_letis_kawahara2023;Virga_austrinus_kawahara2023;Wahydra_kenava_kawahara2023;Wahydra_kenava_ncbi;Wahydra_sp._kawahara2023;Wallengrenia_egeremet_ncbi;Wallengrenia_otho_ncbi;Wallengrenia_otho_otho_kawahara2023;Wallengrenia_premnas_kawahara2023;Xanthodisca_vibius_kawahara2023;Xanthoneura_obscurior_kawahara2023;Xeniades_orchamus_kawahara2023;Zariaspes_mys_kawahara2023;Zela_zeus_optimus_kawahara2023;Zenis_jebus_kawahara2023;Zenonia_zeno_kawahara2023;Zographetus_ogygia_ogygia_kawahara2023;Zographetus_satwa_mydata;Zophopetes_cerymica_kawahara2023;Zophopetes_dysmephila_kawahara2023	13	Acerbas_sarala_chinensis_mydata;Ancistroides_nigrita_mydata;Cupitha_purreea_mydata;Idmon_fujianana_mydata;Isoteinon_lamprospilus_mydata;Matapa_druna_mydata;Ochlodes_bouddha_mydata;Oriens_gola_mydata;Perichares_adela_mydata;Polytremis_eltola_mydata;Polytremis_theca_mydata;Potanthus_trachala_mydata;Telicota_bambusae_mydata	retained_node	N0107	6.056845	N0091;N0107	36.026247	36.026247
N0108	100/100	0	N0107	1.564803	57.043159	64	Acada_biseriata_kawahara2023;Acleros_leucopyga_kawahara2023;Acleros_ploetzi_kawahara2023;Andronymus_neander_kawahara2023;Artitropa_comus_kawahara2023;Artitropa_erinnys_kawahara2023;Astictopterus_jama_kawahara2023;Astictopterus_jama_mydata;Astictopterus_punctulata_kawahara2023;Caenides_dacela_kawahara2023;Caenides_hidaroides_kawahara2023;Ceratricula_semilutea_kawahara2023;Chondrolepis_niveicornis_kawahara2023;Cupitha_purreea_kawahara2023;Cupitha_purreea_mydata;Dotta_callicles_kawahara2023;Eogenes_alcides_kawahara2023;Flandria_weberi_kawahara2023;Fresna_netopha_kawahara2023;Fresna_nyassae_kawahara2023;Fulda_coroller_kawahara2023;Gamia_buchholzi_kawahara2023;Gamia_shelleyi_kawahara2023;Gorgyra_diversata_kawahara2023;Gyrogra_subnotata_kawahara2023;Hidari_bhawani_kawahara2023;Hidari_irava_kawahara2023;Hidari_irava_mydata;Hollandus_xanthopeplus_kawahara2023;Hypoleucis_tripunctata_kawahara2023;Isoteinon_lamprospilus_kawahara2023;Isoteinon_lamprospilus_mydata;Kedestes_barberae_kawahara2023;Leona_leonora_kawahara2023;Lissia_luehderi_kawahara2023;Melphina_melphis_kawahara2023;Melphinyet_flavina_kawahara2023;Melphinyet_tarace_kawahara2023;Monza_punctata_kawahara2023;Mopala_orma_kawahara2023;Noctulana_noctula_kawahara2023;Osmodes_laronia_kawahara2023;Osmodes_thora_kawahara2023;Osphantes_ogowena_kawahara2023;Paracleros_biguttulus_kawahara2023;Paronymus_ligora_kawahara2023;Paronymus_xanthias_kawahara2023;Parosmodes_morantii_kawahara2023;Perrotia_varians_kawahara2023;Platylesches_picanini_kawahara2023;Pteroteinon_caenira_mydata;Pteroteinon_laufella_kawahara2023;Rhabdomantis_galatia_kawahara2023;Rhabdomantis_sosia_kawahara2023;Semalea_pulvina_kawahara2023;Teniorhinus_harona_kawahara2023;Teniorhinus_watsoni_kawahara2023;Tsitana_tsita_kawahara2023;Xanthodisca_vibius_kawahara2023;Xanthoneura_obscurior_kawahara2023;Zographetus_ogygia_ogygia_kawahara2023;Zographetus_satwa_mydata;Zophopetes_cerymica_kawahara2023;Zophopetes_dysmephila_kawahara2023	2	Cupitha_purreea_mydata;Isoteinon_lamprospilus_mydata	retained_node	N0108	1.564803	N0108	34.461444	34.461444
N0109	100/100	0	N0108	9.592162	66.635321	29	Artitropa_comus_kawahara2023;Artitropa_erinnys_kawahara2023;Astictopterus_jama_kawahara2023;Astictopterus_jama_mydata;Astictopterus_punctulata_kawahara2023;Chondrolepis_niveicornis_kawahara2023;Dotta_callicles_kawahara2023;Eogenes_alcides_kawahara2023;Flandria_weberi_kawahara2023;Fulda_coroller_kawahara2023;Gamia_buchholzi_kawahara2023;Gamia_shelleyi_kawahara2023;Hidari_bhawani_kawahara2023;Hidari_irava_kawahara2023;Hidari_irava_mydata;Isoteinon_lamprospilus_kawahara2023;Isoteinon_lamprospilus_mydata;Kedestes_barberae_kawahara2023;Leona_leonora_kawahara2023;Lissia_luehderi_kawahara2023;Monza_punctata_kawahara2023;Mopala_orma_kawahara2023;Perrotia_varians_kawahara2023;Pteroteinon_caenira_mydata;Pteroteinon_laufella_kawahara2023;Tsitana_tsita_kawahara2023;Xanthoneura_obscurior_kawahara2023;Zophopetes_cerymica_kawahara2023;Zophopetes_dysmephila_kawahara2023	1	Isoteinon_lamprospilus_mydata	collapsed_into_retained_path	N0133			24.869282	
N0110	100/98	0	N0109	1.013193	67.648514	13	Astictopterus_jama_kawahara2023;Astictopterus_jama_mydata;Astictopterus_punctulata_kawahara2023;Chondrolepis_niveicornis_kawahara2023;Dotta_callicles_kawahara2023;Eogenes_alcides_kawahara2023;Fulda_coroller_kawahara2023;Isoteinon_lamprospilus_kawahara2023;Isoteinon_lamprospilus_mydata;Kedestes_barberae_kawahara2023;Perrotia_varians_kawahara2023;Tsitana_tsita_kawahara2023;Xanthoneura_obscurior_kawahara2023	1	Isoteinon_lamprospilus_mydata	collapsed_into_retained_path	N0133			23.856089	
N0111	Chondrolepis_niveicornis_kawahara2023	1	N0110	23.856087	91.504601	1	Chondrolepis_niveicornis_kawahara2023	0		excluded_no_selected_descendants				0.000002	
N0112	100/100	0	N0110	5.466139	73.114653	12	Astictopterus_jama_kawahara2023;Astictopterus_jama_mydata;Astictopterus_punctulata_kawahara2023;Dotta_callicles_kawahara2023;Eogenes_alcides_kawahara2023;Fulda_coroller_kawahara2023;Isoteinon_lamprospilus_kawahara2023;Isoteinon_lamprospilus_mydata;Kedestes_barberae_kawahara2023;Perrotia_varians_kawahara2023;Tsitana_tsita_kawahara2023;Xanthoneura_obscurior_kawahara2023	1	Isoteinon_lamprospilus_mydata	collapsed_into_retained_path	N0133			18.389950	
N0113	Eogenes_alcides_kawahara2023	1	N0112	18.389948	91.504601	1	Eogenes_alcides_kawahara2023	0		excluded_no_selected_descendants				0.000002	
N0114	100/100	0	N0112	2.362800	75.477453	11	Astictopterus_jama_kawahara2023;Astictopterus_jama_mydata;Astictopterus_punctulata_kawahara2023;Dotta_callicles_kawahara2023;Fulda_coroller_kawahara2023;Isoteinon_lamprospilus_kawahara2023;Isoteinon_lamprospilus_mydata;Kedestes_barberae_kawahara2023;Perrotia_varians_kawahara2023;Tsitana_tsita_kawahara2023;Xanthoneura_obscurior_kawahara2023	1	Isoteinon_lamprospilus_mydata	collapsed_into_retained_path	N0133			16.027150	
N0115	100/100	0	N0114	1.228790	76.706243	2	Kedestes_barberae_kawahara2023;Tsitana_tsita_kawahara2023	0		excluded_no_selected_descendants				14.798360	
N0116	Tsitana_tsita_kawahara2023	1	N0115	14.798358	91.504601	1	Tsitana_tsita_kawahara2023	0		excluded_no_selected_descendants				0.000002	
N0117	Kedestes_barberae_kawahara2023	1	N0115	14.798358	91.504601	1	Kedestes_barberae_kawahara2023	0		excluded_no_selected_descendants				0.000002	
N0118	100/100	0	N0114	2.187012	77.664465	9	Astictopterus_jama_kawahara2023;Astictopterus_jama_mydata;Astictopterus_punctulata_kawahara2023;Dotta_callicles_kawahara2023;Fulda_coroller_kawahara2023;Isoteinon_lamprospilus_kawahara2023;Isoteinon_lamprospilus_mydata;Perrotia_varians_kawahara2023;Xanthoneura_obscurior_kawahara2023	1	Isoteinon_lamprospilus_mydata	collapsed_into_retained_path	N0133			13.840138	
N0119	100/100	0	N0118	12.752572	90.417037	2	Astictopterus_jama_kawahara2023;Astictopterus_jama_mydata	0		excluded_no_selected_descendants				1.087566	
N0120	Astictopterus_jama_mydata	1	N0119	1.087565	91.504602	1	Astictopterus_jama_mydata	0		excluded_no_selected_descendants				0.000001	
N0121	Astictopterus_jama_kawahara2023	1	N0119	1.087565	91.504602	1	Astictopterus_jama_kawahara2023	0		excluded_no_selected_descendants				0.000001	
N0122	100/100	0	N0118	0.926223	78.590688	7	Astictopterus_punctulata_kawahara2023;Dotta_callicles_kawahara2023;Fulda_coroller_kawahara2023;Isoteinon_lamprospilus_kawahara2023;Isoteinon_lamprospilus_mydata;Perrotia_varians_kawahara2023;Xanthoneura_obscurior_kawahara2023	1	Isoteinon_lamprospilus_mydata	collapsed_into_retained_path	N0133			12.913915	
N0123	Xanthoneura_obscurior_kawahara2023	1	N0122	12.913914	91.504602	1	Xanthoneura_obscurior_kawahara2023	0		excluded_no_selected_descendants				0.000001	
N0124	100/100	0	N0122	2.434551	81.025239	6	Astictopterus_punctulata_kawahara2023;Dotta_callicles_kawahara2023;Fulda_coroller_kawahara2023;Isoteinon_lamprospilus_kawahara2023;Isoteinon_lamprospilus_mydata;Perrotia_varians_kawahara2023	1	Isoteinon_lamprospilus_mydata	collapsed_into_retained_path	N0133			10.479364	
N0125	100/100	0	N0124	0.592102	81.617341	3	Dotta_callicles_kawahara2023;Fulda_coroller_kawahara2023;Perrotia_varians_kawahara2023	0		excluded_no_selected_descendants				9.887262	
N0126	Dotta_callicles_kawahara2023	1	N0125	9.887261	91.504602	1	Dotta_callicles_kawahara2023	0		excluded_no_selected_descendants				0.000001	
N0127	100/100	0	N0125	1.118475	82.735816	2	Fulda_coroller_kawahara2023;Perrotia_varians_kawahara2023	0		excluded_no_selected_descendants				8.768787	
N0128	Perrotia_varians_kawahara2023	1	N0127	8.768786	91.504602	1	Perrotia_varians_kawahara2023	0		excluded_no_selected_descendants				0.000001	
N0129	Fulda_coroller_kawahara2023	1	N0127	8.768786	91.504602	1	Fulda_coroller_kawahara2023	0		excluded_no_selected_descendants				0.000001	
N0130	100/100	0	N0124	3.765183	84.790422	3	Astictopterus_punctulata_kawahara2023;Isoteinon_lamprospilus_kawahara2023;Isoteinon_lamprospilus_mydata	1	Isoteinon_lamprospilus_mydata	collapsed_into_retained_path	N0133			6.714181	
N0131	Astictopterus_punctulata_kawahara2023	1	N0130	6.714179	91.504601	1	Astictopterus_punctulata_kawahara2023	0		excluded_no_selected_descendants				0.000002	
N0132	100/100	0	N0130	6.412266	91.202688	2	Isoteinon_lamprospilus_kawahara2023;Isoteinon_lamprospilus_mydata	1	Isoteinon_lamprospilus_mydata	collapsed_into_retained_path	N0133			0.301915	
N0133	Isoteinon_lamprospilus_mydata	1	N0132	0.301913	91.504601	1	Isoteinon_lamprospilus_mydata	1	Isoteinon_lamprospilus_mydata	retained_node	N0133	34.461442	N0109;N0110;N0112;N0114;N0118;N0122;N0124;N0130;N0132;N0133	0.000002	0.000002
N0134	Isoteinon_lamprospilus_kawahara2023	1	N0132	0.301913	91.504601	1	Isoteinon_lamprospilus_kawahara2023	0		excluded_no_selected_descendants				0.000002	
N0135	20.5/61	0	N0109	0.293728	66.929049	16	Artitropa_comus_kawahara2023;Artitropa_erinnys_kawahara2023;Flandria_weberi_kawahara2023;Gamia_buchholzi_kawahara2023;Gamia_shelleyi_kawahara2023;Hidari_bhawani_kawahara2023;Hidari_irava_kawahara2023;Hidari_irava_mydata;Leona_leonora_kawahara2023;Lissia_luehderi_kawahara2023;Monza_punctata_kawahara2023;Mopala_orma_kawahara2023;Pteroteinon_caenira_mydata;Pteroteinon_laufella_kawahara2023;Zophopetes_cerymica_kawahara2023;Zophopetes_dysmephila_kawahara2023	0		excluded_no_selected_descendants				24.575554	
N0136	100/100	0	N0135	3.812060	70.741109	5	Artitropa_comus_kawahara2023;Artitropa_erinnys_kawahara2023;Gamia_buchholzi_kawahara2023;Gamia_shelleyi_kawahara2023;Lissia_luehderi_kawahara2023	0		excluded_no_selected_descendants				20.763494	
N0137	Lissia_luehderi_kawahara2023	1	N0136	20.763492	91.504601	1	Lissia_luehderi_kawahara2023	0		excluded_no_selected_descendants				0.000002	
N0138	100/100	0	N0136	12.817194	83.558303	4	Artitropa_comus_kawahara2023;Artitropa_erinnys_kawahara2023;Gamia_buchholzi_kawahara2023;Gamia_shelleyi_kawahara2023	0		excluded_no_selected_descendants				7.946300	
N0139	100/100	0	N0138	4.800395	88.358698	2	Gamia_buchholzi_kawahara2023;Gamia_shelleyi_kawahara2023	0		excluded_no_selected_descendants				3.145905	
N0140	Gamia_shelleyi_kawahara2023	1	N0139	3.145904	91.504602	1	Gamia_shelleyi_kawahara2023	0		excluded_no_selected_descendants				0.000001	
N0141	Gamia_buchholzi_kawahara2023	1	N0139	3.145904	91.504602	1	Gamia_buchholzi_kawahara2023	0		excluded_no_selected_descendants				0.000001	
N0142	100/100	0	N0138	4.006847	87.565150	2	Artitropa_comus_kawahara2023;Artitropa_erinnys_kawahara2023	0		excluded_no_selected_descendants				3.939453	
N0143	Artitropa_erinnys_kawahara2023	1	N0142	3.939452	91.504602	1	Artitropa_erinnys_kawahara2023	0		excluded_no_selected_descendants				0.000001	
N0144	Artitropa_comus_kawahara2023	1	N0142	3.939452	91.504602	1	Artitropa_comus_kawahara2023	0		excluded_no_selected_descendants				0.000001	
N0145	92.8/69	0	N0135	0.217376	67.146425	11	Flandria_weberi_kawahara2023;Hidari_bhawani_kawahara2023;Hidari_irava_kawahara2023;Hidari_irava_mydata;Leona_leonora_kawahara2023;Monza_punctata_kawahara2023;Mopala_orma_kawahara2023;Pteroteinon_caenira_mydata;Pteroteinon_laufella_kawahara2023;Zophopetes_cerymica_kawahara2023;Zophopetes_dysmephila_kawahara2023	0		excluded_no_selected_descendants				24.358178	
N0146	99.9/81	0	N0145	1.188578	68.335003	3	Flandria_weberi_kawahara2023;Leona_leonora_kawahara2023;Mopala_orma_kawahara2023	0		excluded_no_selected_descendants				23.169600	
N0147	Flandria_weberi_kawahara2023	1	N0146	23.169599	91.504602	1	Flandria_weberi_kawahara2023	0		excluded_no_selected_descendants				0.000001	
N0148	100/100	0	N0146	8.879994	77.214997	2	Leona_leonora_kawahara2023;Mopala_orma_kawahara2023	0		excluded_no_selected_descendants				14.289606	
N0149	Mopala_orma_kawahara2023	1	N0148	14.289604	91.504601	1	Mopala_orma_kawahara2023	0		excluded_no_selected_descendants				0.000002	
N0150	Leona_leonora_kawahara2023	1	N0148	14.289604	91.504601	1	Leona_leonora_kawahara2023	0		excluded_no_selected_descendants				0.000002	
N0151	100/97	0	N0145	0.304173	67.450598	8	Hidari_bhawani_kawahara2023;Hidari_irava_kawahara2023;Hidari_irava_mydata;Monza_punctata_kawahara2023;Pteroteinon_caenira_mydata;Pteroteinon_laufella_kawahara2023;Zophopetes_cerymica_kawahara2023;Zophopetes_dysmephila_kawahara2023	0		excluded_no_selected_descendants				24.054005	
N0152	100/100	0	N0151	18.284025	85.734623	2	Zophopetes_cerymica_kawahara2023;Zophopetes_dysmephila_kawahara2023	0		excluded_no_selected_descendants				5.769980	
N0153	Zophopetes_dysmephila_kawahara2023	1	N0152	5.769979	91.504602	1	Zophopetes_dysmephila_kawahara2023	0		excluded_no_selected_descendants				0.000001	
N0154	Zophopetes_cerymica_kawahara2023	1	N0152	5.769979	91.504602	1	Zophopetes_cerymica_kawahara2023	0		excluded_no_selected_descendants				0.000001	
N0155	100/100	0	N0151	1.378831	68.829429	6	Hidari_bhawani_kawahara2023;Hidari_irava_kawahara2023;Hidari_irava_mydata;Monza_punctata_kawahara2023;Pteroteinon_caenira_mydata;Pteroteinon_laufella_kawahara2023	0		excluded_no_selected_descendants				22.675174	
N0156	100/100	0	N0155	6.928872	75.758301	3	Monza_punctata_kawahara2023;Pteroteinon_caenira_mydata;Pteroteinon_laufella_kawahara2023	0		excluded_no_selected_descendants				15.746302	
N0157	Monza_punctata_kawahara2023	1	N0156	15.746301	91.504602	1	Monza_punctata_kawahara2023	0		excluded_no_selected_descendants				0.000001	
N0158	100/100	0	N0156	4.227004	79.985305	2	Pteroteinon_caenira_mydata;Pteroteinon_laufella_kawahara2023	0		excluded_no_selected_descendants				11.519298	
N0159	Pteroteinon_caenira_mydata	1	N0158	11.519297	91.504602	1	Pteroteinon_caenira_mydata	0		excluded_no_selected_descendants				0.000001	
N0160	Pteroteinon_laufella_kawahara2023	1	N0158	11.519297	91.504602	1	Pteroteinon_laufella_kawahara2023	0		excluded_no_selected_descendants				0.000001	
N0161	100/100	0	N0155	6.404725	75.234154	3	Hidari_bhawani_kawahara2023;Hidari_irava_kawahara2023;Hidari_irava_mydata	0		excluded_no_selected_descendants				16.270449	
N0162	Hidari_bhawani_kawahara2023	1	N0161	16.270448	91.504602	1	Hidari_bhawani_kawahara2023	0		excluded_no_selected_descendants				0.000001	
N0163	100/100	0	N0161	3.738633	78.972787	2	Hidari_irava_kawahara2023;Hidari_irava_mydata	0		excluded_no_selected_descendants				12.531816	
N0164	Hidari_irava_mydata	1	N0163	12.531815	91.504602	1	Hidari_irava_mydata	0		excluded_no_selected_descendants				0.000001	
N0165	Hidari_irava_kawahara2023	1	N0163	12.531815	91.504602	1	Hidari_irava_kawahara2023	0		excluded_no_selected_descendants				0.000001	
N0166	99.5/99	0	N0108	1.215567	58.258726	35	Acada_biseriata_kawahara2023;Acleros_leucopyga_kawahara2023;Acleros_ploetzi_kawahara2023;Andronymus_neander_kawahara2023;Caenides_dacela_kawahara2023;Caenides_hidaroides_kawahara2023;Ceratricula_semilutea_kawahara2023;Cupitha_purreea_kawahara2023;Cupitha_purreea_mydata;Fresna_netopha_kawahara2023;Fresna_nyassae_kawahara2023;Gorgyra_diversata_kawahara2023;Gyrogra_subnotata_kawahara2023;Hollandus_xanthopeplus_kawahara2023;Hypoleucis_tripunctata_kawahara2023;Melphina_melphis_kawahara2023;Melphinyet_flavina_kawahara2023;Melphinyet_tarace_kawahara2023;Noctulana_noctula_kawahara2023;Osmodes_laronia_kawahara2023;Osmodes_thora_kawahara2023;Osphantes_ogowena_kawahara2023;Paracleros_biguttulus_kawahara2023;Paronymus_ligora_kawahara2023;Paronymus_xanthias_kawahara2023;Parosmodes_morantii_kawahara2023;Platylesches_picanini_kawahara2023;Rhabdomantis_galatia_kawahara2023;Rhabdomantis_sosia_kawahara2023;Semalea_pulvina_kawahara2023;Teniorhinus_harona_kawahara2023;Teniorhinus_watsoni_kawahara2023;Xanthodisca_vibius_kawahara2023;Zographetus_ogygia_ogygia_kawahara2023;Zographetus_satwa_mydata	1	Cupitha_purreea_mydata	collapsed_into_retained_path	N0188			33.245877	
N0167	100/100	0	N0166	8.617362	66.876088	5	Caenides_dacela_kawahara2023;Hollandus_xanthopeplus_kawahara2023;Hypoleucis_tripunctata_kawahara2023;Semalea_pulvina_kawahara2023;Xanthodisca_vibius_kawahara2023	0		excluded_no_selected_descendants				24.628515	
N0168	Caenides_dacela_kawahara2023	1	N0167	24.628512	91.504600	1	Caenides_dacela_kawahara2023	0		excluded_no_selected_descendants				0.000003	
N0169	100/100	0	N0167	2.438157	69.314245	4	Hollandus_xanthopeplus_kawahara2023;Hypoleucis_tripunctata_kawahara2023;Semalea_pulvina_kawahara2023;Xanthodisca_vibius_kawahara2023	0		excluded_no_selected_descendants				22.190358	
N0170	Hollandus_xanthopeplus_kawahara2023	1	N0169	22.190355	91.504600	1	Hollandus_xanthopeplus_kawahara2023	0		excluded_no_selected_descendants				0.000003	
N0171	100/100	0	N0169	10.533948	79.848193	3	Hypoleucis_tripunctata_kawahara2023;Semalea_pulvina_kawahara2023;Xanthodisca_vibius_kawahara2023	0		excluded_no_selected_descendants				11.656410	
N0172	Hypoleucis_tripunctata_kawahara2023	1	N0171	11.656407	91.504600	1	Hypoleucis_tripunctata_kawahara2023	0		excluded_no_selected_descendants				0.000003	
N0173	100/100	0	N0171	3.978046	83.826239	2	Semalea_pulvina_kawahara2023;Xanthodisca_vibius_kawahara2023	0		excluded_no_selected_descendants				7.678364	
N0174	Xanthodisca_vibius_kawahara2023	1	N0173	7.678361	91.504600	1	Xanthodisca_vibius_kawahara2023	0		excluded_no_selected_descendants				0.000003	
N0175	Semalea_pulvina_kawahara2023	1	N0173	7.678361	91.504600	1	Semalea_pulvina_kawahara2023	0		excluded_no_selected_descendants				0.000003	
N0176	100/89	0	N0166	0.405381	58.664107	30	Acada_biseriata_kawahara2023;Acleros_leucopyga_kawahara2023;Acleros_ploetzi_kawahara2023;Andronymus_neander_kawahara2023;Caenides_hidaroides_kawahara2023;Ceratricula_semilutea_kawahara2023;Cupitha_purreea_kawahara2023;Cupitha_purreea_mydata;Fresna_netopha_kawahara2023;Fresna_nyassae_kawahara2023;Gorgyra_diversata_kawahara2023;Gyrogra_subnotata_kawahara2023;Melphina_melphis_kawahara2023;Melphinyet_flavina_kawahara2023;Melphinyet_tarace_kawahara2023;Noctulana_noctula_kawahara2023;Osmodes_laronia_kawahara2023;Osmodes_thora_kawahara2023;Osphantes_ogowena_kawahara2023;Paracleros_biguttulus_kawahara2023;Paronymus_ligora_kawahara2023;Paronymus_xanthias_kawahara2023;Parosmodes_morantii_kawahara2023;Platylesches_picanini_kawahara2023;Rhabdomantis_galatia_kawahara2023;Rhabdomantis_sosia_kawahara2023;Teniorhinus_harona_kawahara2023;Teniorhinus_watsoni_kawahara2023;Zographetus_ogygia_ogygia_kawahara2023;Zographetus_satwa_mydata	1	Cupitha_purreea_mydata	collapsed_into_retained_path	N0188			32.840496	
N0177	100/89	0	N0176	0.660419	59.324526	13	Cupitha_purreea_kawahara2023;Cupitha_purreea_mydata;Gorgyra_diversata_kawahara2023;Gyrogra_subnotata_kawahara2023;Melphina_melphis_kawahara2023;Melphinyet_flavina_kawahara2023;Melphinyet_tarace_kawahara2023;Noctulana_noctula_kawahara2023;Osphantes_ogowena_kawahara2023;Parosmodes_morantii_kawahara2023;Platylesches_picanini_kawahara2023;Zographetus_ogygia_ogygia_kawahara2023;Zographetus_satwa_mydata	1	Cupitha_purreea_mydata	collapsed_into_retained_path	N0188			32.180077	
N0178	100/89	0	N0177	2.421217	61.745743	2	Melphina_melphis_kawahara2023;Platylesches_picanini_kawahara2023	0		excluded_no_selected_descendants				29.758860	
N0179	Platylesches_picanini_kawahara2023	1	N0178	29.758858	91.504601	1	Platylesches_picanini_kawahara2023	0		excluded_no_selected_descendants				0.000002	
N0180	Melphina_melphis_kawahara2023	1	N0178	29.758858	91.504601	1	Melphina_melphis_kawahara2023	0		excluded_no_selected_descendants				0.000002	
N0181	100/100	0	N0177	5.195581	64.520107	11	Cupitha_purreea_kawahara2023;Cupitha_purreea_mydata;Gorgyra_diversata_kawahara2023;Gyrogra_subnotata_kawahara2023;Melphinyet_flavina_kawahara2023;Melphinyet_tarace_kawahara2023;Noctulana_noctula_kawahara2023;Osphantes_ogowena_kawahara2023;Parosmodes_morantii_kawahara2023;Zographetus_ogygia_ogygia_kawahara2023;Zographetus_satwa_mydata	1	Cupitha_purreea_mydata	collapsed_into_retained_path	N0188			26.984496	
N0182	86.9/85	0	N0181	1.098402	65.618509	4	Cupitha_purreea_kawahara2023;Cupitha_purreea_mydata;Gorgyra_diversata_kawahara2023;Parosmodes_morantii_kawahara2023	1	Cupitha_purreea_mydata	collapsed_into_retained_path	N0188			25.886094	
N0183	Gorgyra_diversata_kawahara2023	1	N0182	25.886092	91.504601	1	Gorgyra_diversata_kawahara2023	0		excluded_no_selected_descendants				0.000002	
N0184	100/100	0	N0182	4.065449	69.683958	3	Cupitha_purreea_kawahara2023;Cupitha_purreea_mydata;Parosmodes_morantii_kawahara2023	1	Cupitha_purreea_mydata	collapsed_into_retained_path	N0188			21.820645	
N0185	Parosmodes_morantii_kawahara2023	1	N0184	21.820644	91.504602	1	Parosmodes_morantii_kawahara2023	0		excluded_no_selected_descendants				0.000001	
N0186	100/100	0	N0184	19.705997	89.389955	2	Cupitha_purreea_kawahara2023;Cupitha_purreea_mydata	1	Cupitha_purreea_mydata	collapsed_into_retained_path	N0188			2.114648	
N0187	Cupitha_purreea_kawahara2023	1	N0186	2.114647	91.504602	1	Cupitha_purreea_kawahara2023	0		excluded_no_selected_descendants				0.000001	
N0188	Cupitha_purreea_mydata	1	N0186	2.114647	91.504602	1	Cupitha_purreea_mydata	1	Cupitha_purreea_mydata	retained_node	N0188	34.461443	N0166;N0176;N0177;N0181;N0182;N0184;N0186;N0188	0.000001	0.000001
N0189	25.9/55	0	N0181	0.850539	65.370646	7	Gyrogra_subnotata_kawahara2023;Melphinyet_flavina_kawahara2023;Melphinyet_tarace_kawahara2023;Noctulana_noctula_kawahara2023;Osphantes_ogowena_kawahara2023;Zographetus_ogygia_ogygia_kawahara2023;Zographetus_satwa_mydata	0		excluded_no_selected_descendants				26.133957	
N0190	Osphantes_ogowena_kawahara2023	1	N0189	26.133956	91.504602	1	Osphantes_ogowena_kawahara2023	0		excluded_no_selected_descendants				0.000001	
N0191	100/100	0	N0189	3.437705	68.808351	6	Gyrogra_subnotata_kawahara2023;Melphinyet_flavina_kawahara2023;Melphinyet_tarace_kawahara2023;Noctulana_noctula_kawahara2023;Zographetus_ogygia_ogygia_kawahara2023;Zographetus_satwa_mydata	0		excluded_no_selected_descendants				22.696252	
N0192	100/100	0	N0191	2.768374	71.576725	3	Noctulana_noctula_kawahara2023;Zographetus_ogygia_ogygia_kawahara2023;Zographetus_satwa_mydata	0		excluded_no_selected_descendants				19.927878	
N0193	Noctulana_noctula_kawahara2023	1	N0192	19.927876	91.504601	1	Noctulana_noctula_kawahara2023	0		excluded_no_selected_descendants				0.000002	
N0194	100/100	0	N0192	12.030001	83.606726	2	Zographetus_ogygia_ogygia_kawahara2023;Zographetus_satwa_mydata	0		excluded_no_selected_descendants				7.897877	
N0195	Zographetus_satwa_mydata	1	N0194	7.897875	91.504601	1	Zographetus_satwa_mydata	0		excluded_no_selected_descendants				0.000002	
N0196	Zographetus_ogygia_ogygia_kawahara2023	1	N0194	7.897875	91.504601	1	Zographetus_ogygia_ogygia_kawahara2023	0		excluded_no_selected_descendants				0.000002	
N0197	100/100	0	N0191	5.963160	74.771511	3	Gyrogra_subnotata_kawahara2023;Melphinyet_flavina_kawahara2023;Melphinyet_tarace_kawahara2023	0		excluded_no_selected_descendants				16.733092	
N0198	Gyrogra_subnotata_kawahara2023	1	N0197	16.733091	91.504602	1	Gyrogra_subnotata_kawahara2023	0		excluded_no_selected_descendants				0.000001	
N0199	100/100	0	N0197	15.547528	90.319039	2	Melphinyet_flavina_kawahara2023;Melphinyet_tarace_kawahara2023	0		excluded_no_selected_descendants				1.185564	
N0200	Melphinyet_tarace_kawahara2023	1	N0199	1.185563	91.504602	1	Melphinyet_tarace_kawahara2023	0		excluded_no_selected_descendants				0.000001	
N0201	Melphinyet_flavina_kawahara2023	1	N0199	1.185563	91.504602	1	Melphinyet_flavina_kawahara2023	0		excluded_no_selected_descendants				0.000001	
N0202	100/100	0	N0176	0.655111	59.319218	17	Acada_biseriata_kawahara2023;Acleros_leucopyga_kawahara2023;Acleros_ploetzi_kawahara2023;Andronymus_neander_kawahara2023;Caenides_hidaroides_kawahara2023;Ceratricula_semilutea_kawahara2023;Fresna_netopha_kawahara2023;Fresna_nyassae_kawahara2023;Osmodes_laronia_kawahara2023;Osmodes_thora_kawahara2023;Paracleros_biguttulus_kawahara2023;Paronymus_ligora_kawahara2023;Paronymus_xanthias_kawahara2023;Rhabdomantis_galatia_kawahara2023;Rhabdomantis_sosia_kawahara2023;Teniorhinus_harona_kawahara2023;Teniorhinus_watsoni_kawahara2023	0		excluded_no_selected_descendants				32.185385	
N0203	100/100	0	N0202	8.591237	67.910455	4	Osmodes_laronia_kawahara2023;Osmodes_thora_kawahara2023;Rhabdomantis_galatia_kawahara2023;Rhabdomantis_sosia_kawahara2023	0		excluded_no_selected_descendants				23.594148	
N0204	100/100	0	N0203	22.551200	90.461655	2	Rhabdomantis_galatia_kawahara2023;Rhabdomantis_sosia_kawahara2023	0		excluded_no_selected_descendants				1.042948	
N0205	Rhabdomantis_sosia_kawahara2023	1	N0204	1.042946	91.504601	1	Rhabdomantis_sosia_kawahara2023	0		excluded_no_selected_descendants				0.000002	
N0206	Rhabdomantis_galatia_kawahara2023	1	N0204	1.042946	91.504601	1	Rhabdomantis_galatia_kawahara2023	0		excluded_no_selected_descendants				0.000002	
N0207	100/100	0	N0203	12.220228	80.130683	2	Osmodes_laronia_kawahara2023;Osmodes_thora_kawahara2023	0		excluded_no_selected_descendants				11.373920	
N0208	Osmodes_thora_kawahara2023	1	N0207	11.373918	91.504601	1	Osmodes_thora_kawahara2023	0		excluded_no_selected_descendants				0.000002	
N0209	Osmodes_laronia_kawahara2023	1	N0207	11.373918	91.504601	1	Osmodes_laronia_kawahara2023	0		excluded_no_selected_descendants				0.000002	
N0210	89.2/89	0	N0202	4.409083	63.728301	13	Acada_biseriata_kawahara2023;Acleros_leucopyga_kawahara2023;Acleros_ploetzi_kawahara2023;Andronymus_neander_kawahara2023;Caenides_hidaroides_kawahara2023;Ceratricula_semilutea_kawahara2023;Fresna_netopha_kawahara2023;Fresna_nyassae_kawahara2023;Paracleros_biguttulus_kawahara2023;Paronymus_ligora_kawahara2023;Paronymus_xanthias_kawahara2023;Teniorhinus_harona_kawahara2023;Teniorhinus_watsoni_kawahara2023	0		excluded_no_selected_descendants				27.776302	
N0211	100/100	0	N0210	9.800451	73.528752	6	Caenides_hidaroides_kawahara2023;Ceratricula_semilutea_kawahara2023;Fresna_netopha_kawahara2023;Fresna_nyassae_kawahara2023;Paronymus_ligora_kawahara2023;Paronymus_xanthias_kawahara2023	0		excluded_no_selected_descendants				17.975851	
N0212	100/100	0	N0211	16.399736	89.928488	2	Fresna_netopha_kawahara2023;Fresna_nyassae_kawahara2023	0		excluded_no_selected_descendants				1.576115	
N0213	Fresna_nyassae_kawahara2023	1	N0212	1.576112	91.504600	1	Fresna_nyassae_kawahara2023	0		excluded_no_selected_descendants				0.000003	
N0214	Fresna_netopha_kawahara2023	1	N0212	1.576112	91.504600	1	Fresna_netopha_kawahara2023	0		excluded_no_selected_descendants				0.000003	
N0215	100/100	0	N0211	6.974263	80.503015	4	Caenides_hidaroides_kawahara2023;Ceratricula_semilutea_kawahara2023;Paronymus_ligora_kawahara2023;Paronymus_xanthias_kawahara2023	0		excluded_no_selected_descendants				11.001588	
N0216	Caenides_hidaroides_kawahara2023	1	N0215	11.001585	91.504600	1	Caenides_hidaroides_kawahara2023	0		excluded_no_selected_descendants				0.000003	
N0217	75.2/77	0	N0215	0.914488	81.417503	3	Ceratricula_semilutea_kawahara2023;Paronymus_ligora_kawahara2023;Paronymus_xanthias_kawahara2023	0		excluded_no_selected_descendants				10.087100	
N0218	Paronymus_ligora_kawahara2023	1	N0217	10.087097	91.504600	1	Paronymus_ligora_kawahara2023	0		excluded_no_selected_descendants				0.000003	
N0219	100/100	0	N0217	3.956910	85.374413	2	Ceratricula_semilutea_kawahara2023;Paronymus_xanthias_kawahara2023	0		excluded_no_selected_descendants				6.130190	
N0220	Paronymus_xanthias_kawahara2023	1	N0219	6.130187	91.504600	1	Paronymus_xanthias_kawahara2023	0		excluded_no_selected_descendants				0.000003	
N0221	Ceratricula_semilutea_kawahara2023	1	N0219	6.130187	91.504600	1	Ceratricula_semilutea_kawahara2023	0		excluded_no_selected_descendants				0.000003	
N0222	32.1/62	0	N0210	0.773963	64.502264	7	Acada_biseriata_kawahara2023;Acleros_leucopyga_kawahara2023;Acleros_ploetzi_kawahara2023;Andronymus_neander_kawahara2023;Paracleros_biguttulus_kawahara2023;Teniorhinus_harona_kawahara2023;Teniorhinus_watsoni_kawahara2023	0		excluded_no_selected_descendants				27.002339	
N0223	100/100	0	N0222	11.128708	75.630972	3	Acleros_leucopyga_kawahara2023;Acleros_ploetzi_kawahara2023;Paracleros_biguttulus_kawahara2023	0		excluded_no_selected_descendants				15.873631	
N0224	Paracleros_biguttulus_kawahara2023	1	N0223	15.873629	91.504601	1	Paracleros_biguttulus_kawahara2023	0		excluded_no_selected_descendants				0.000002	
N0225	90.5/86	0	N0223	1.108930	76.739902	2	Acleros_leucopyga_kawahara2023;Acleros_ploetzi_kawahara2023	0		excluded_no_selected_descendants				14.764701	
N0226	Acleros_ploetzi_kawahara2023	1	N0225	14.764699	91.504601	1	Acleros_ploetzi_kawahara2023	0		excluded_no_selected_descendants				0.000002	
N0227	Acleros_leucopyga_kawahara2023	1	N0225	14.764699	91.504601	1	Acleros_leucopyga_kawahara2023	0		excluded_no_selected_descendants				0.000002	
N0228	100/100	0	N0222	0.962534	65.464798	4	Acada_biseriata_kawahara2023;Andronymus_neander_kawahara2023;Teniorhinus_harona_kawahara2023;Teniorhinus_watsoni_kawahara2023	0		excluded_no_selected_descendants				26.039805	
N0229	Andronymus_neander_kawahara2023	1	N0228	26.039802	91.504600	1	Andronymus_neander_kawahara2023	0		excluded_no_selected_descendants				0.000003	
N0230		0	N0228	6.145370	71.610168	3	Acada_biseriata_kawahara2023;Teniorhinus_harona_kawahara2023;Teniorhinus_watsoni_kawahara2023	0		excluded_no_selected_descendants				19.894435	
N0231	Acada_biseriata_kawahara2023	1	N0230	19.894432	91.504600	1	Acada_biseriata_kawahara2023	0		excluded_no_selected_descendants				0.000003	
N0232	100/100	0	N0230	8.449839	80.060007	2	Teniorhinus_harona_kawahara2023;Teniorhinus_watsoni_kawahara2023	0		excluded_no_selected_descendants				11.444596	
N0233	Teniorhinus_watsoni_kawahara2023	1	N0232	11.444593	91.504600	1	Teniorhinus_watsoni_kawahara2023	0		excluded_no_selected_descendants				0.000003	
N0234	Teniorhinus_harona_kawahara2023	1	N0232	11.444593	91.504600	1	Teniorhinus_harona_kawahara2023	0		excluded_no_selected_descendants				0.000003	
N0235	100/100	0	N0107	1.102771	56.581127	378	Acerbas_sarala_chinensis_mydata;Adlerodea_petrovna_kawahara2023;Adopaeoides_prittwitzi_kawahara2023;Agathymus_aryxna_kawahara2023;Agathymus_mariae_kawahara2023;Agathymus_mariae_mariae_ncbi;Aides_duma_argyrina_kawahara2023;Alychna_victa_kawahara2023;Alychna_victa_ncbi;Amblyscirtes_belli_ncbi;Amblyscirtes_celia_ncbi;Amblyscirtes_elissa_ncbi;Amblyscirtes_eos_kawahara2023;Amblyscirtes_florus_kawahara2023;Amblyscirtes_simius_kawahara2023;Anatrytone_logan_kawahara2023;Ancistroides_gemmifer_kawahara2023;Ancistroides_longicornis_kawahara2023;Ancistroides_nigrita_mydata;Ancyloxypha_numitor_kawahara2023;Anthoptus_epictetus_kawahara2023;Anthoptus_insignis_kawahara2023;Anthoptus_insignis_ncbi;Anthoptus_sp._kawahara2023;Apaustus_gracilis_kawahara2023;Appia_appia_kawahara2023;Argon_lota_kawahara2023;Aroma_aroma_kawahara2023;Arotis_derasa_brunnea_kawahara2023;Arrhenes_dschilus_kawahara2023;Arrhenes_marnas_kawahara2023;Artines_rica_kawahara2023;Asbolis_capucinus_kawahara2023;Asbolis_capucinus_ncbi;Atalopedes_campestris_kawahara2023;Atrytone_arogos_iowa_kawahara2023;Atrytonopsis_edwardsi_kawahara2023;Atrytonopsis_hianna_hianna_ncbi;Atrytonopsis_hianna_kawahara2023;Banta_banta_kawahara2023;Baoris_farri_farri_kawahara2023;Baoris_farri_mydata;Baoris_oceia_kawahara2023;Borbo_borbonica_kawahara2023;Borbo_cinnara_kawahara2023;Borbo_cinnara_mydata;Brusa_saxicola_kawahara2023;Buzyges_idothea_kawahara2023;Callimormus_radiola_kawahara2023;Calpodes_ethlius_kawahara2023;Calpodes_ethlius_ncbi;Caltoris_cahira_mydata;Caltoris_cormasa_kawahara2023;Caltoris_sirius_fusca_ncbi;Caltoris_sirius_kawahara2023;Cantha_calva_kawahara2023;Carystina_aurifer_kawahara2023;Carystoides_escalantei_kawahara2023;Carystus_phorcus_kawahara2023;Carystus_phorcus_ncbi;Cephrenes_acalle_oceanica_mydata;Cephrenes_augiades_kawahara2023;Cephrenes_augiades_mydata;Chalcone_briquenydan_chalcone_kawahara2023;Choranthus_haitensis_kawahara2023;Choranthus_radians_kawahara2023;Choranthus_vitellius_ncbi;Cobaloides_argus_kawahara2023;Cobalopsis_miaba_kawahara2023;Cobalus_calvina_kawahara2023;Conga_chydaea_kawahara2023;Conga_zela_kawahara2023;Copaeodes_aurantiaca_kawahara2023;Copaeodes_aurantiaca_ncbi;Corticea_corticea_kawahara2023;Cumbre_cumbre_kawahara2023;Cyclosma_sp._kawahara2023;Cymaenes_tripunctata_kawahara2023;Cynea_cynea_kawahara2023;Cynea_diluta_kawahara2023;Damas_clavus_kawahara2023;Decinea_decinea_kawahara2023;Dion_gemmatus_kawahara2023;Dubiella_dubius_kawahara2023;Duroca_duroca_duroca_ncbi;Duroca_duroca_kawahara2023;Ebusus_ebusus_kawahara2023;Eetion_elia_kawahara2023;Enosis_sp._kawahara2023;Eprius_veleda_kawahara2023;Erionota_acroleucus_apicalis_kawahara2023;Erionota_grandis_mydata;Erionota_thrax_ncbi;Erionota_thrax_thrax_kawahara2023;Euphyes_arpa_kawahara2023;Euphyes_dion_kawahara2023;Eutocus_sp._kawahara2023;Eutychide_physcella_kawahara2023;Evansiella_cordela_kawahara2023;Falga_jeconia_kawahara2023;Flaccilla_aecas_kawahara2023;Gallio_carasta_kawahara2023;Gangara_thyrsis_thyrsis_kawahara2023;Ge_geta_kawahara2023;Gegenes_nostrodamus_ncbi;Gegenes_pumilio_kawahara2023;Ginungagapus_fiedleri_kawahara2023;Ginungagapus_ranesus_kawahara2023;Gretna_cylinda_kawahara2023;Halotus_rica_kawahara2023;Hansa_devergens_hydra_kawahara2023;Hesperia_attalus_slossonae_ncbi;Hesperia_balcones_ncbi;Hesperia_colorado_sublima_ncbi;Hesperia_comma_kawahara2023;Hesperia_comma_ncbi;Hesperia_dacotae_ncbi;Hesperia_meskei_kawahara2023;Hesperia_meskei_straton_ncbi;Hesperia_nevada_nevada_ncbi;Hesperia_pahaska_williamsi_ncbi;Hesperia_viridis_ncbi;Hesperia_woodgatei_ncbi;Hyarotis_adrastus_mydata;Hyarotis_adrastus_praba_kawahara2023;Hylephila_phyleus_ncbi;Iambrix_salsala_kawahara2023;Iambrix_salsala_mydata;Idmon_distanti_kawahara2023;Idmon_fujianana_mydata;Ilma_irvina_kawahara2023;Isma_bononia_idyalis_kawahara2023;Isma_protoclea_iapis_kawahara2023;Iton_semamora_semamora_kawahara2023;Iton_watsonii_mydata;Joanna_joanna_kawahara2023;Kobrona_kobros_kawahara2023;Koruthaialos_butleri_kawahara2023;Koruthaialos_rubecula_mydata;Koruthaialos_rubecula_rubecula_kawahara2023;Lamponia_lamponia_kawahara2023;Lento_lento_kawahara2023;Lerema_accius_kawahara2023;Lerema_lineosa_ncbi;Lerema_liris_ncbi;Lerodea_eufala_kawahara2023;Levina_levina_kawahara2023;Libra_aligula_aligula_kawahara2023;Librita_librita_kawahara2023;Lindra_brasus_kawahara2023;Lon_zabulon_kawahara2023;Lotongus_calathus_calathus_kawahara2023;Lucida_lucia_kawahara2023;Lycas_argentea_kawahara2023;Lycas_argentea_ncbi;Lychnuchoides_ozias_ncbi;Lychnuchoides_ozias_ozias_kawahara2023;Lychnuchus_celsus_kawahara2023;Matapa_aria_kawahara2023;Matapa_aria_mydata;Matapa_druna_mydata;Matapa_sasivarna_mydata;Megathymus_streckeri_leussleri_kawahara2023;Megathymus_ursus_deserti_ncbi;Megathymus_ursus_kawahara2023;Megathymus_ursus_ursus_ncbi;Megathymus_violae_ncbi;Megathymus_yuccae_yuccae_ncbi;Methion_melas_kawahara2023;Methionopsis_ina_kawahara2023;Metron_oropa_kawahara2023;Miltomiges_cinnamomea_kawahara2023;Mimene_celia_kawahara2023;Misius_misius_kawahara2023;Mnaseas_bicolor_kawahara2023;Mnasicles_geta_kawahara2023;Mnasilus_allubita_kawahara2023;Mnasinous_patage_kawahara2023;Mnasitheus_chrysophrys_kawahara2023;Mnestheus_ittona_kawahara2023;Moeris_striga_striga_kawahara2023;Moeros_moeros_kawahara2023;Molla_molla_kawahara2023;Molo_mango_kawahara2023;Molo_mango_ncbi;Monca_branca_kawahara2023;Morys_compta_kawahara2023;Mucia_zygia_kawahara2023;Naevolus_orius_kawahara2023;Nastra_julia_kawahara2023;Nastra_julia_ncbi;Neoxeniades_braesia_kawahara2023;Niconiades_incomptus_kawahara2023;Niconiades_incomptus_ncbi;Niconiades_xanthaphes_kawahara2023;Notamblyscirtes_simius_ncbi;Notocrypta_curvifascia_corinda_kawahara2023;Notocrypta_feisthamelii_kawahara2023;Notocrypta_feisthamelii_ncbi;Notocrypta_paralysos_mydata;Nyctelius_nyctelius_kawahara2023;Oarisma_garita_kawahara2023;Oarisma_garita_ncbi;Oarisma_powesheik_ncbi;Ochlodes_bouddha_mydata;Ochlodes_sylvanoides_omnigena_kawahara2023;Ochlodes_sylvanus_ncbi;Ochlodes_thibetana_mydata;Ocybadistes_flavovittata_kawahara2023;Ocybadistes_walkeri_kawahara2023;Oerane_microthyrus_kawahara2023;Oligoria_maculata_kawahara2023;Onespa_gala_kawahara2023;Onophas_columbaria_kawahara2023;Oriens_gola_mydata;Oriens_gola_pseudolus_kawahara2023;Orphe_gerasa_kawahara2023;Orphe_vatinius_kawahara2023;Orses_cynisca_kawahara2023;Orses_cynisca_ncbi;Orthos_trinka_kawahara2023;Oxynthes_corusca_kawahara2023;Pamba_boyaca_kawahara2023;Panca_subpunctuli_kawahara2023;Panoquina_ocola_ocola_kawahara2023;Panoquina_ocola_ocola_ncbi;Panoquina_panoquin_kawahara2023;Papias_subcostulata_kawahara2023;Papias_trimacula_kawahara2023;Paracarystus_hypargyra_kawahara2023;Parachoranthus_magdalia_kawahara2023;Paratrytone_snowi_kawahara2023;Parnara_apostata_apostata_kawahara2023;Parnara_apostata_apostata_mydata;Parnara_guttata_kawahara2023;Parnara_guttata_mydata;Parphorus_storax_s._kawahara2023;Peba_verames_kawahara2023;Pelopidas_agna_ncbi;Pelopidas_mathias_kawahara2023;Pelopidas_mathias_mydata;Pelopidas_sinensis_mydata;Perichares_adela_kawahara2023;Perichares_adela_mydata;Perichares_lotus_kawahara2023;Phanes_abaris_kawahara2023;Phemiades_pohli_cidra_kawahara2023;Pheraeus_odilia_argus_kawahara2023;Pirdana_distanti_mydata;Pirdana_hyela_mydata;Pirdana_hyela_rudolphii_kawahara2023;Plastingia_naga_kawahara2023;Plastingia_naga_mydata;Ploetzia_amygdalis_kawahara2023;Polites_baracoa_baracoa_ncbi;Polites_carus_ncbi;Polites_draco_ncbi;Polites_mardon_ncbi;Polites_mystic_mydata;Polites_origenes_origenes_mydata;Polites_peckius_peckius_ncbi;Polites_rhesus_ncbi;Polites_sabuleti_sabuleti_ncbi;Polites_sonora_mydata;Polites_themistocles_turneri_ncbi;Polites_vibex_kawahara2023;Polites_vibex_praeceps_ncbi;Polytremis_eltola_mydata;Polytremis_lubricans_lubricans_kawahara2023;Polytremis_nascens_mydata;Polytremis_theca_mydata;Pompeius_amblyspila_ncbi;Pompeius_pompeius_kawahara2023;Pompeius_pompeius_ncbi;Potanthus_flavus_mydata;Potanthus_ganda_mydata;Potanthus_omaha_omaha_kawahara2023;Potanthus_trachala_mydata;Problema_byssus_kawahara2023;Propapias_sipariana_kawahara2023;Propertius_dejongi_kawahara2023;Prusiana_prusias_kawahara2023;Pseudocopaeodes_eunus_kawahara2023;Pseudokerana_fulgur_kawahara2023;Pseudopirdana_albicornis_kawahara2023;Psolos_fuligo_fuligo_kawahara2023;Psoralis_stacara_kawahara2023;Punta_punta_kawahara2023;Pyroneura_derna_kawahara2023;Pyroneura_margherita_mydata;Pyrrhocalles_antiqua_antiqua_kawahara2023;Pyrrhopygopsis_socrates_crates_kawahara2023;Quasimellana_antipazina_kawahara2023;Quedara_monteithi_monteithi_kawahara2023;Quinta_cannae_kawahara2023;Racta_chiria_kawahara2023;Racta_sp._kawahara2023;Remella_rita_kawahara2023;Rhinthon_cubana_kawahara2023;Rigga_hesia_kawahara2023;Rufocumbre_eberti_kawahara2023;Sabera_caesina_kawahara2023;Salanoemia_sala_kawahara2023;Saliana_esperi_kawahara2023;Saniba_sabina_kawahara2023;Saturnus_metonidia_kawahara2023;Scobura_cephala_kawahara2023;Scobura_cephaloides_mydata;Scobura_coniata_mydata;Scobura_eximia_mydata;Scobura_isota_kawahara2023;Serdis_viridicans_kawahara2023;Sodalia_sodalis_kawahara2023;Stallingsia_maculosus_kawahara2023;Stimula_swinhoei_kawahara2023;Stinga_morrisoni_kawahara2023;Styriodes_quadrinotata_kawahara2023;Suada_swerga_suava_kawahara2023;Suastus_gremius_gremius_kawahara2023;Suastus_gremius_mydata;Suniana_sunias_kawahara2023;Synale_cynaxa_kawahara2023;Synapte_salenus_salenus_kawahara2023;Synapte_silius_kawahara2023;Talides_sinois_kawahara2023;Taractrocera_luzonensis_luzonensis_kawahara2023;Taractrocera_maevius_kawahara2023;Telicota_augias_augias_kawahara2023;Telicota_bambusae_mydata;Telicota_sp._kawahara2023;Telicota_sp._ncbi;Tellona_variegata_kawahara2023;Thargella_evansi_kawahara2023;Thespieus_dalman_kawahara2023;Thespieus_ethemides_mydata;Thespieus_macareus_kawahara2023;Thoon_modius_kawahara2023;Thracides_phidon_kawahara2023;Thymelicus_lineola_kawahara2023;Thymelicus_lineola_ncbi;Thymelicus_sylvestris_ncbi;Tiacellia_tiacellia_kawahara2023;Tigasis_arita_kawahara2023;Tirynthia_conflua_kawahara2023;Tirynthoides_lotana_kawahara2023;Tricrista_advena_kawahara2023;Tromba_tromba_kawahara2023;Troyus_aurelius_ncbi;Troyus_diversus_maeon_ncbi;Troyus_fantasos_ncbi;Troyus_marcus_ncbi;Turesis_theste_kawahara2023;Udaspes_folus_kawahara2023;Udaspes_folus_mydata;Unkana_ambasa_batara_kawahara2023;Unkana_ambasa_mydata;Vacerra_bonfilius_kawahara2023;Vehilius_celeus_kawahara2023;Venas_evans_kawahara2023;Vernia_verna_kawahara2023;Vernia_verna_ncbi;Vertica_verticalis_coatepeca_kawahara2023;Vettius_lafrenaye_kawahara2023;Vidius_catarinae_kawahara2023;Vinius_letis_kawahara2023;Virga_austrinus_kawahara2023;Wahydra_kenava_kawahara2023;Wahydra_kenava_ncbi;Wahydra_sp._kawahara2023;Wallengrenia_egeremet_ncbi;Wallengrenia_otho_ncbi;Wallengrenia_otho_otho_kawahara2023;Wallengrenia_premnas_kawahara2023;Xeniades_orchamus_kawahara2023;Zariaspes_mys_kawahara2023;Zela_zeus_optimus_kawahara2023;Zenis_jebus_kawahara2023;Zenonia_zeno_kawahara2023	11	Acerbas_sarala_chinensis_mydata;Ancistroides_nigrita_mydata;Idmon_fujianana_mydata;Matapa_druna_mydata;Ochlodes_bouddha_mydata;Oriens_gola_mydata;Perichares_adela_mydata;Polytremis_eltola_mydata;Polytremis_theca_mydata;Potanthus_trachala_mydata;Telicota_bambusae_mydata	collapsed_into_retained_path	N0237			34.923476	
N0236	Gretna_cylinda_kawahara2023	1	N0235	34.923473	91.504600	1	Gretna_cylinda_kawahara2023	0		excluded_no_selected_descendants				0.000003	
N0237	100/100	0	N0235	0.889006	57.470133	377	Acerbas_sarala_chinensis_mydata;Adlerodea_petrovna_kawahara2023;Adopaeoides_prittwitzi_kawahara2023;Agathymus_aryxna_kawahara2023;Agathymus_mariae_kawahara2023;Agathymus_mariae_mariae_ncbi;Aides_duma_argyrina_kawahara2023;Alychna_victa_kawahara2023;Alychna_victa_ncbi;Amblyscirtes_belli_ncbi;Amblyscirtes_celia_ncbi;Amblyscirtes_elissa_ncbi;Amblyscirtes_eos_kawahara2023;Amblyscirtes_florus_kawahara2023;Amblyscirtes_simius_kawahara2023;Anatrytone_logan_kawahara2023;Ancistroides_gemmifer_kawahara2023;Ancistroides_longicornis_kawahara2023;Ancistroides_nigrita_mydata;Ancyloxypha_numitor_kawahara2023;Anthoptus_epictetus_kawahara2023;Anthoptus_insignis_kawahara2023;Anthoptus_insignis_ncbi;Anthoptus_sp._kawahara2023;Apaustus_gracilis_kawahara2023;Appia_appia_kawahara2023;Argon_lota_kawahara2023;Aroma_aroma_kawahara2023;Arotis_derasa_brunnea_kawahara2023;Arrhenes_dschilus_kawahara2023;Arrhenes_marnas_kawahara2023;Artines_rica_kawahara2023;Asbolis_capucinus_kawahara2023;Asbolis_capucinus_ncbi;Atalopedes_campestris_kawahara2023;Atrytone_arogos_iowa_kawahara2023;Atrytonopsis_edwardsi_kawahara2023;Atrytonopsis_hianna_hianna_ncbi;Atrytonopsis_hianna_kawahara2023;Banta_banta_kawahara2023;Baoris_farri_farri_kawahara2023;Baoris_farri_mydata;Baoris_oceia_kawahara2023;Borbo_borbonica_kawahara2023;Borbo_cinnara_kawahara2023;Borbo_cinnara_mydata;Brusa_saxicola_kawahara2023;Buzyges_idothea_kawahara2023;Callimormus_radiola_kawahara2023;Calpodes_ethlius_kawahara2023;Calpodes_ethlius_ncbi;Caltoris_cahira_mydata;Caltoris_cormasa_kawahara2023;Caltoris_sirius_fusca_ncbi;Caltoris_sirius_kawahara2023;Cantha_calva_kawahara2023;Carystina_aurifer_kawahara2023;Carystoides_escalantei_kawahara2023;Carystus_phorcus_kawahara2023;Carystus_phorcus_ncbi;Cephrenes_acalle_oceanica_mydata;Cephrenes_augiades_kawahara2023;Cephrenes_augiades_mydata;Chalcone_briquenydan_chalcone_kawahara2023;Choranthus_haitensis_kawahara2023;Choranthus_radians_kawahara2023;Choranthus_vitellius_ncbi;Cobaloides_argus_kawahara2023;Cobalopsis_miaba_kawahara2023;Cobalus_calvina_kawahara2023;Conga_chydaea_kawahara2023;Conga_zela_kawahara2023;Copaeodes_aurantiaca_kawahara2023;Copaeodes_aurantiaca_ncbi;Corticea_corticea_kawahara2023;Cumbre_cumbre_kawahara2023;Cyclosma_sp._kawahara2023;Cymaenes_tripunctata_kawahara2023;Cynea_cynea_kawahara2023;Cynea_diluta_kawahara2023;Damas_clavus_kawahara2023;Decinea_decinea_kawahara2023;Dion_gemmatus_kawahara2023;Dubiella_dubius_kawahara2023;Duroca_duroca_duroca_ncbi;Duroca_duroca_kawahara2023;Ebusus_ebusus_kawahara2023;Eetion_elia_kawahara2023;Enosis_sp._kawahara2023;Eprius_veleda_kawahara2023;Erionota_acroleucus_apicalis_kawahara2023;Erionota_grandis_mydata;Erionota_thrax_ncbi;Erionota_thrax_thrax_kawahara2023;Euphyes_arpa_kawahara2023;Euphyes_dion_kawahara2023;Eutocus_sp._kawahara2023;Eutychide_physcella_kawahara2023;Evansiella_cordela_kawahara2023;Falga_jeconia_kawahara2023;Flaccilla_aecas_kawahara2023;Gallio_carasta_kawahara2023;Gangara_thyrsis_thyrsis_kawahara2023;Ge_geta_kawahara2023;Gegenes_nostrodamus_ncbi;Gegenes_pumilio_kawahara2023;Ginungagapus_fiedleri_kawahara2023;Ginungagapus_ranesus_kawahara2023;Halotus_rica_kawahara2023;Hansa_devergens_hydra_kawahara2023;Hesperia_attalus_slossonae_ncbi;Hesperia_balcones_ncbi;Hesperia_colorado_sublima_ncbi;Hesperia_comma_kawahara2023;Hesperia_comma_ncbi;Hesperia_dacotae_ncbi;Hesperia_meskei_kawahara2023;Hesperia_meskei_straton_ncbi;Hesperia_nevada_nevada_ncbi;Hesperia_pahaska_williamsi_ncbi;Hesperia_viridis_ncbi;Hesperia_woodgatei_ncbi;Hyarotis_adrastus_mydata;Hyarotis_adrastus_praba_kawahara2023;Hylephila_phyleus_ncbi;Iambrix_salsala_kawahara2023;Iambrix_salsala_mydata;Idmon_distanti_kawahara2023;Idmon_fujianana_mydata;Ilma_irvina_kawahara2023;Isma_bononia_idyalis_kawahara2023;Isma_protoclea_iapis_kawahara2023;Iton_semamora_semamora_kawahara2023;Iton_watsonii_mydata;Joanna_joanna_kawahara2023;Kobrona_kobros_kawahara2023;Koruthaialos_butleri_kawahara2023;Koruthaialos_rubecula_mydata;Koruthaialos_rubecula_rubecula_kawahara2023;Lamponia_lamponia_kawahara2023;Lento_lento_kawahara2023;Lerema_accius_kawahara2023;Lerema_lineosa_ncbi;Lerema_liris_ncbi;Lerodea_eufala_kawahara2023;Levina_levina_kawahara2023;Libra_aligula_aligula_kawahara2023;Librita_librita_kawahara2023;Lindra_brasus_kawahara2023;Lon_zabulon_kawahara2023;Lotongus_calathus_calathus_kawahara2023;Lucida_lucia_kawahara2023;Lycas_argentea_kawahara2023;Lycas_argentea_ncbi;Lychnuchoides_ozias_ncbi;Lychnuchoides_ozias_ozias_kawahara2023;Lychnuchus_celsus_kawahara2023;Matapa_aria_kawahara2023;Matapa_aria_mydata;Matapa_druna_mydata;Matapa_sasivarna_mydata;Megathymus_streckeri_leussleri_kawahara2023;Megathymus_ursus_deserti_ncbi;Megathymus_ursus_kawahara2023;Megathymus_ursus_ursus_ncbi;Megathymus_violae_ncbi;Megathymus_yuccae_yuccae_ncbi;Methion_melas_kawahara2023;Methionopsis_ina_kawahara2023;Metron_oropa_kawahara2023;Miltomiges_cinnamomea_kawahara2023;Mimene_celia_kawahara2023;Misius_misius_kawahara2023;Mnaseas_bicolor_kawahara2023;Mnasicles_geta_kawahara2023;Mnasilus_allubita_kawahara2023;Mnasinous_patage_kawahara2023;Mnasitheus_chrysophrys_kawahara2023;Mnestheus_ittona_kawahara2023;Moeris_striga_striga_kawahara2023;Moeros_moeros_kawahara2023;Molla_molla_kawahara2023;Molo_mango_kawahara2023;Molo_mango_ncbi;Monca_branca_kawahara2023;Morys_compta_kawahara2023;Mucia_zygia_kawahara2023;Naevolus_orius_kawahara2023;Nastra_julia_kawahara2023;Nastra_julia_ncbi;Neoxeniades_braesia_kawahara2023;Niconiades_incomptus_kawahara2023;Niconiades_incomptus_ncbi;Niconiades_xanthaphes_kawahara2023;Notamblyscirtes_simius_ncbi;Notocrypta_curvifascia_corinda_kawahara2023;Notocrypta_feisthamelii_kawahara2023;Notocrypta_feisthamelii_ncbi;Notocrypta_paralysos_mydata;Nyctelius_nyctelius_kawahara2023;Oarisma_garita_kawahara2023;Oarisma_garita_ncbi;Oarisma_powesheik_ncbi;Ochlodes_bouddha_mydata;Ochlodes_sylvanoides_omnigena_kawahara2023;Ochlodes_sylvanus_ncbi;Ochlodes_thibetana_mydata;Ocybadistes_flavovittata_kawahara2023;Ocybadistes_walkeri_kawahara2023;Oerane_microthyrus_kawahara2023;Oligoria_maculata_kawahara2023;Onespa_gala_kawahara2023;Onophas_columbaria_kawahara2023;Oriens_gola_mydata;Oriens_gola_pseudolus_kawahara2023;Orphe_gerasa_kawahara2023;Orphe_vatinius_kawahara2023;Orses_cynisca_kawahara2023;Orses_cynisca_ncbi;Orthos_trinka_kawahara2023;Oxynthes_corusca_kawahara2023;Pamba_boyaca_kawahara2023;Panca_subpunctuli_kawahara2023;Panoquina_ocola_ocola_kawahara2023;Panoquina_ocola_ocola_ncbi;Panoquina_panoquin_kawahara2023;Papias_subcostulata_kawahara2023;Papias_trimacula_kawahara2023;Paracarystus_hypargyra_kawahara2023;Parachoranthus_magdalia_kawahara2023;Paratrytone_snowi_kawahara2023;Parnara_apostata_apostata_kawahara2023;Parnara_apostata_apostata_mydata;Parnara_guttata_kawahara2023;Parnara_guttata_mydata;Parphorus_storax_s._kawahara2023;Peba_verames_kawahara2023;Pelopidas_agna_ncbi;Pelopidas_mathias_kawahara2023;Pelopidas_mathias_mydata;Pelopidas_sinensis_mydata;Perichares_adela_kawahara2023;Perichares_adela_mydata;Perichares_lotus_kawahara2023;Phanes_abaris_kawahara2023;Phemiades_pohli_cidra_kawahara2023;Pheraeus_odilia_argus_kawahara2023;Pirdana_distanti_mydata;Pirdana_hyela_mydata;Pirdana_hyela_rudolphii_kawahara2023;Plastingia_naga_kawahara2023;Plastingia_naga_mydata;Ploetzia_amygdalis_kawahara2023;Polites_baracoa_baracoa_ncbi;Polites_carus_ncbi;Polites_draco_ncbi;Polites_mardon_ncbi;Polites_mystic_mydata;Polites_origenes_origenes_mydata;Polites_peckius_peckius_ncbi;Polites_rhesus_ncbi;Polites_sabuleti_sabuleti_ncbi;Polites_sonora_mydata;Polites_themistocles_turneri_ncbi;Polites_vibex_kawahara2023;Polites_vibex_praeceps_ncbi;Polytremis_eltola_mydata;Polytremis_lubricans_lubricans_kawahara2023;Polytremis_nascens_mydata;Polytremis_theca_mydata;Pompeius_amblyspila_ncbi;Pompeius_pompeius_kawahara2023;Pompeius_pompeius_ncbi;Potanthus_flavus_mydata;Potanthus_ganda_mydata;Potanthus_omaha_omaha_kawahara2023;Potanthus_trachala_mydata;Problema_byssus_kawahara2023;Propapias_sipariana_kawahara2023;Propertius_dejongi_kawahara2023;Prusiana_prusias_kawahara2023;Pseudocopaeodes_eunus_kawahara2023;Pseudokerana_fulgur_kawahara2023;Pseudopirdana_albicornis_kawahara2023;Psolos_fuligo_fuligo_kawahara2023;Psoralis_stacara_kawahara2023;Punta_punta_kawahara2023;Pyroneura_derna_kawahara2023;Pyroneura_margherita_mydata;Pyrrhocalles_antiqua_antiqua_kawahara2023;Pyrrhopygopsis_socrates_crates_kawahara2023;Quasimellana_antipazina_kawahara2023;Quedara_monteithi_monteithi_kawahara2023;Quinta_cannae_kawahara2023;Racta_chiria_kawahara2023;Racta_sp._kawahara2023;Remella_rita_kawahara2023;Rhinthon_cubana_kawahara2023;Rigga_hesia_kawahara2023;Rufocumbre_eberti_kawahara2023;Sabera_caesina_kawahara2023;Salanoemia_sala_kawahara2023;Saliana_esperi_kawahara2023;Saniba_sabina_kawahara2023;Saturnus_metonidia_kawahara2023;Scobura_cephala_kawahara2023;Scobura_cephaloides_mydata;Scobura_coniata_mydata;Scobura_eximia_mydata;Scobura_isota_kawahara2023;Serdis_viridicans_kawahara2023;Sodalia_sodalis_kawahara2023;Stallingsia_maculosus_kawahara2023;Stimula_swinhoei_kawahara2023;Stinga_morrisoni_kawahara2023;Styriodes_quadrinotata_kawahara2023;Suada_swerga_suava_kawahara2023;Suastus_gremius_gremius_kawahara2023;Suastus_gremius_mydata;Suniana_sunias_kawahara2023;Synale_cynaxa_kawahara2023;Synapte_salenus_salenus_kawahara2023;Synapte_silius_kawahara2023;Talides_sinois_kawahara2023;Taractrocera_luzonensis_luzonensis_kawahara2023;Taractrocera_maevius_kawahara2023;Telicota_augias_augias_kawahara2023;Telicota_bambusae_mydata;Telicota_sp._kawahara2023;Telicota_sp._ncbi;Tellona_variegata_kawahara2023;Thargella_evansi_kawahara2023;Thespieus_dalman_kawahara2023;Thespieus_ethemides_mydata;Thespieus_macareus_kawahara2023;Thoon_modius_kawahara2023;Thracides_phidon_kawahara2023;Thymelicus_lineola_kawahara2023;Thymelicus_lineola_ncbi;Thymelicus_sylvestris_ncbi;Tiacellia_tiacellia_kawahara2023;Tigasis_arita_kawahara2023;Tirynthia_conflua_kawahara2023;Tirynthoides_lotana_kawahara2023;Tricrista_advena_kawahara2023;Tromba_tromba_kawahara2023;Troyus_aurelius_ncbi;Troyus_diversus_maeon_ncbi;Troyus_fantasos_ncbi;Troyus_marcus_ncbi;Turesis_theste_kawahara2023;Udaspes_folus_kawahara2023;Udaspes_folus_mydata;Unkana_ambasa_batara_kawahara2023;Unkana_ambasa_mydata;Vacerra_bonfilius_kawahara2023;Vehilius_celeus_kawahara2023;Venas_evans_kawahara2023;Vernia_verna_kawahara2023;Vernia_verna_ncbi;Vertica_verticalis_coatepeca_kawahara2023;Vettius_lafrenaye_kawahara2023;Vidius_catarinae_kawahara2023;Vinius_letis_kawahara2023;Virga_austrinus_kawahara2023;Wahydra_kenava_kawahara2023;Wahydra_kenava_ncbi;Wahydra_sp._kawahara2023;Wallengrenia_egeremet_ncbi;Wallengrenia_otho_ncbi;Wallengrenia_otho_otho_kawahara2023;Wallengrenia_premnas_kawahara2023;Xeniades_orchamus_kawahara2023;Zariaspes_mys_kawahara2023;Zela_zeus_optimus_kawahara2023;Zenis_jebus_kawahara2023;Zenonia_zeno_kawahara2023	11	Acerbas_sarala_chinensis_mydata;Ancistroides_nigrita_mydata;Idmon_fujianana_mydata;Matapa_druna_mydata;Ochlodes_bouddha_mydata;Oriens_gola_mydata;Perichares_adela_mydata;Polytremis_eltola_mydata;Polytremis_theca_mydata;Potanthus_trachala_mydata;Telicota_bambusae_mydata	retained_node	N0237	1.991777	N0235;N0237	34.034470	34.034470
N0238	100/100	0	N0237	2.751525	60.221658	25	Arrhenes_dschilus_kawahara2023;Arrhenes_marnas_kawahara2023;Banta_banta_kawahara2023;Cephrenes_acalle_oceanica_mydata;Cephrenes_augiades_kawahara2023;Cephrenes_augiades_mydata;Kobrona_kobros_kawahara2023;Mimene_celia_kawahara2023;Ocybadistes_flavovittata_kawahara2023;Ocybadistes_walkeri_kawahara2023;Oriens_gola_mydata;Oriens_gola_pseudolus_kawahara2023;Potanthus_flavus_mydata;Potanthus_ganda_mydata;Potanthus_omaha_omaha_kawahara2023;Potanthus_trachala_mydata;Sabera_caesina_kawahara2023;Suniana_sunias_kawahara2023;Taractrocera_luzonensis_luzonensis_kawahara2023;Taractrocera_maevius_kawahara2023;Telicota_augias_augias_kawahara2023;Telicota_bambusae_mydata;Telicota_sp._kawahara2023;Telicota_sp._ncbi;Tiacellia_tiacellia_kawahara2023	3	Oriens_gola_mydata;Potanthus_trachala_mydata;Telicota_bambusae_mydata	collapsed_into_retained_path	N0240			31.282945	
N0239	Tiacellia_tiacellia_kawahara2023	1	N0238	31.282943	91.504601	1	Tiacellia_tiacellia_kawahara2023	0		excluded_no_selected_descendants				0.000002	
N0240	100/100	0	N0238	2.372489	62.594147	24	Arrhenes_dschilus_kawahara2023;Arrhenes_marnas_kawahara2023;Banta_banta_kawahara2023;Cephrenes_acalle_oceanica_mydata;Cephrenes_augiades_kawahara2023;Cephrenes_augiades_mydata;Kobrona_kobros_kawahara2023;Mimene_celia_kawahara2023;Ocybadistes_flavovittata_kawahara2023;Ocybadistes_walkeri_kawahara2023;Oriens_gola_mydata;Oriens_gola_pseudolus_kawahara2023;Potanthus_flavus_mydata;Potanthus_ganda_mydata;Potanthus_omaha_omaha_kawahara2023;Potanthus_trachala_mydata;Sabera_caesina_kawahara2023;Suniana_sunias_kawahara2023;Taractrocera_luzonensis_luzonensis_kawahara2023;Taractrocera_maevius_kawahara2023;Telicota_augias_augias_kawahara2023;Telicota_bambusae_mydata;Telicota_sp._kawahara2023;Telicota_sp._ncbi	3	Oriens_gola_mydata;Potanthus_trachala_mydata;Telicota_bambusae_mydata	retained_node	N0240	5.124014	N0238;N0240	28.910456	28.910456
N0241	100/100	0	N0240	24.712959	87.307106	2	Oriens_gola_mydata;Oriens_gola_pseudolus_kawahara2023	1	Oriens_gola_mydata	collapsed_into_retained_path	N0242			4.197497	
N0242	Oriens_gola_mydata	1	N0241	4.197494	91.504600	1	Oriens_gola_mydata	1	Oriens_gola_mydata	retained_node	N0242	28.910453	N0241;N0242	0.000003	0.000003
N0243	Oriens_gola_pseudolus_kawahara2023	1	N0241	4.197494	91.504600	1	Oriens_gola_pseudolus_kawahara2023	0		excluded_no_selected_descendants				0.000003	
N0244	100/100	0	N0240	5.568432	68.162579	22	Arrhenes_dschilus_kawahara2023;Arrhenes_marnas_kawahara2023;Banta_banta_kawahara2023;Cephrenes_acalle_oceanica_mydata;Cephrenes_augiades_kawahara2023;Cephrenes_augiades_mydata;Kobrona_kobros_kawahara2023;Mimene_celia_kawahara2023;Ocybadistes_flavovittata_kawahara2023;Ocybadistes_walkeri_kawahara2023;Potanthus_flavus_mydata;Potanthus_ganda_mydata;Potanthus_omaha_omaha_kawahara2023;Potanthus_trachala_mydata;Sabera_caesina_kawahara2023;Suniana_sunias_kawahara2023;Taractrocera_luzonensis_luzonensis_kawahara2023;Taractrocera_maevius_kawahara2023;Telicota_augias_augias_kawahara2023;Telicota_bambusae_mydata;Telicota_sp._kawahara2023;Telicota_sp._ncbi	2	Potanthus_trachala_mydata;Telicota_bambusae_mydata	collapsed_into_retained_path	N0246			23.342024	
N0245	Banta_banta_kawahara2023	1	N0244	23.342021	91.504600	1	Banta_banta_kawahara2023	0		excluded_no_selected_descendants				0.000003	
N0246	100/100	0	N0244	3.093373	71.255952	21	Arrhenes_dschilus_kawahara2023;Arrhenes_marnas_kawahara2023;Cephrenes_acalle_oceanica_mydata;Cephrenes_augiades_kawahara2023;Cephrenes_augiades_mydata;Kobrona_kobros_kawahara2023;Mimene_celia_kawahara2023;Ocybadistes_flavovittata_kawahara2023;Ocybadistes_walkeri_kawahara2023;Potanthus_flavus_mydata;Potanthus_ganda_mydata;Potanthus_omaha_omaha_kawahara2023;Potanthus_trachala_mydata;Sabera_caesina_kawahara2023;Suniana_sunias_kawahara2023;Taractrocera_luzonensis_luzonensis_kawahara2023;Taractrocera_maevius_kawahara2023;Telicota_augias_augias_kawahara2023;Telicota_bambusae_mydata;Telicota_sp._kawahara2023;Telicota_sp._ncbi	2	Potanthus_trachala_mydata;Telicota_bambusae_mydata	retained_node	N0246	8.661805	N0244;N0246	20.248651	20.248651
N0247	100/100	0	N0246	1.873238	73.129190	10	Kobrona_kobros_kawahara2023;Ocybadistes_flavovittata_kawahara2023;Ocybadistes_walkeri_kawahara2023;Potanthus_flavus_mydata;Potanthus_ganda_mydata;Potanthus_omaha_omaha_kawahara2023;Potanthus_trachala_mydata;Suniana_sunias_kawahara2023;Taractrocera_luzonensis_luzonensis_kawahara2023;Taractrocera_maevius_kawahara2023	1	Potanthus_trachala_mydata	collapsed_into_retained_path	N0265			18.375413	
N0248	100/100	0	N0247	11.354752	84.483942	2	Taractrocera_luzonensis_luzonensis_kawahara2023;Taractrocera_maevius_kawahara2023	0		excluded_no_selected_descendants				7.020661	
N0249	Taractrocera_maevius_kawahara2023	1	N0248	7.020659	91.504601	1	Taractrocera_maevius_kawahara2023	0		excluded_no_selected_descendants				0.000002	
N0250	Taractrocera_luzonensis_luzonensis_kawahara2023	1	N0248	7.020659	91.504601	1	Taractrocera_luzonensis_luzonensis_kawahara2023	0		excluded_no_selected_descendants				0.000002	
N0251	100/100	0	N0247	3.774887	76.904077	8	Kobrona_kobros_kawahara2023;Ocybadistes_flavovittata_kawahara2023;Ocybadistes_walkeri_kawahara2023;Potanthus_flavus_mydata;Potanthus_ganda_mydata;Potanthus_omaha_omaha_kawahara2023;Potanthus_trachala_mydata;Suniana_sunias_kawahara2023	1	Potanthus_trachala_mydata	collapsed_into_retained_path	N0265			14.600526	
N0252	Kobrona_kobros_kawahara2023	1	N0251	14.600523	91.504600	1	Kobrona_kobros_kawahara2023	0		excluded_no_selected_descendants				0.000003	
N0253	100/100	0	N0251	5.627578	82.531655	7	Ocybadistes_flavovittata_kawahara2023;Ocybadistes_walkeri_kawahara2023;Potanthus_flavus_mydata;Potanthus_ganda_mydata;Potanthus_omaha_omaha_kawahara2023;Potanthus_trachala_mydata;Suniana_sunias_kawahara2023	1	Potanthus_trachala_mydata	collapsed_into_retained_path	N0265			8.972948	
N0254	100/100	0	N0253	2.136393	84.668048	2	Ocybadistes_flavovittata_kawahara2023;Ocybadistes_walkeri_kawahara2023	0		excluded_no_selected_descendants				6.836555	
N0255	Ocybadistes_walkeri_kawahara2023	1	N0254	6.836552	91.504600	1	Ocybadistes_walkeri_kawahara2023	0		excluded_no_selected_descendants				0.000003	
N0256	Ocybadistes_flavovittata_kawahara2023	1	N0254	6.836552	91.504600	1	Ocybadistes_flavovittata_kawahara2023	0		excluded_no_selected_descendants				0.000003	
N0257	100/100	0	N0253	0.943092	83.474747	5	Potanthus_flavus_mydata;Potanthus_ganda_mydata;Potanthus_omaha_omaha_kawahara2023;Potanthus_trachala_mydata;Suniana_sunias_kawahara2023	1	Potanthus_trachala_mydata	collapsed_into_retained_path	N0265			8.029856	
N0258	Suniana_sunias_kawahara2023	1	N0257	8.029853	91.504600	1	Suniana_sunias_kawahara2023	0		excluded_no_selected_descendants				0.000003	
N0259	100/100	0	N0257	3.385506	86.860253	4	Potanthus_flavus_mydata;Potanthus_ganda_mydata;Potanthus_omaha_omaha_kawahara2023;Potanthus_trachala_mydata	1	Potanthus_trachala_mydata	collapsed_into_retained_path	N0265			4.644350	
N0260	Potanthus_omaha_omaha_kawahara2023	1	N0259	4.644347	91.504600	1	Potanthus_omaha_omaha_kawahara2023	0		excluded_no_selected_descendants				0.000003	
N0261	100/100	0	N0259	0.936008	87.796261	3	Potanthus_flavus_mydata;Potanthus_ganda_mydata;Potanthus_trachala_mydata	1	Potanthus_trachala_mydata	collapsed_into_retained_path	N0265			3.708342	
N0262	Potanthus_ganda_mydata	1	N0261	3.708339	91.504600	1	Potanthus_ganda_mydata	0		excluded_no_selected_descendants				0.000003	
N0263	100/100	0	N0261	1.250666	89.046927	2	Potanthus_flavus_mydata;Potanthus_trachala_mydata	1	Potanthus_trachala_mydata	collapsed_into_retained_path	N0265			2.457676	
N0264	Potanthus_flavus_mydata	1	N0263	2.457673	91.504600	1	Potanthus_flavus_mydata	0		excluded_no_selected_descendants				0.000003	
N0265	Potanthus_trachala_mydata	1	N0263	2.457673	91.504600	1	Potanthus_trachala_mydata	1	Potanthus_trachala_mydata	retained_node	N0265	20.248648	N0247;N0251;N0253;N0257;N0259;N0261;N0263;N0265	0.000003	0.000003
N0266	100/100	0	N0246	4.430163	75.686115	11	Arrhenes_dschilus_kawahara2023;Arrhenes_marnas_kawahara2023;Cephrenes_acalle_oceanica_mydata;Cephrenes_augiades_kawahara2023;Cephrenes_augiades_mydata;Mimene_celia_kawahara2023;Sabera_caesina_kawahara2023;Telicota_augias_augias_kawahara2023;Telicota_bambusae_mydata;Telicota_sp._kawahara2023;Telicota_sp._ncbi	1	Telicota_bambusae_mydata	collapsed_into_retained_path	N0285			15.818488	
N0267	100/100	0	N0266	1.568799	77.254914	4	Arrhenes_dschilus_kawahara2023;Arrhenes_marnas_kawahara2023;Mimene_celia_kawahara2023;Sabera_caesina_kawahara2023	0		excluded_no_selected_descendants				14.249689	
N0268	100/100	0	N0267	1.849758	79.104672	2	Mimene_celia_kawahara2023;Sabera_caesina_kawahara2023	0		excluded_no_selected_descendants				12.399931	
N0269	Sabera_caesina_kawahara2023	1	N0268	12.399927	91.504599	1	Sabera_caesina_kawahara2023	0		excluded_no_selected_descendants				0.000004	
N0270	Mimene_celia_kawahara2023	1	N0268	12.399927	91.504599	1	Mimene_celia_kawahara2023	0		excluded_no_selected_descendants				0.000004	
N0271	100/100	0	N0267	10.477038	87.731952	2	Arrhenes_dschilus_kawahara2023;Arrhenes_marnas_kawahara2023	0		excluded_no_selected_descendants				3.772651	
N0272	Arrhenes_marnas_kawahara2023	1	N0271	3.772648	91.504600	1	Arrhenes_marnas_kawahara2023	0		excluded_no_selected_descendants				0.000003	
N0273	Arrhenes_dschilus_kawahara2023	1	N0271	3.772648	91.504600	1	Arrhenes_dschilus_kawahara2023	0		excluded_no_selected_descendants				0.000003	
N0274	100/100	0	N0266	1.120982	76.807097	7	Cephrenes_acalle_oceanica_mydata;Cephrenes_augiades_kawahara2023;Cephrenes_augiades_mydata;Telicota_augias_augias_kawahara2023;Telicota_bambusae_mydata;Telicota_sp._kawahara2023;Telicota_sp._ncbi	1	Telicota_bambusae_mydata	collapsed_into_retained_path	N0285			14.697506	
N0275	100/100	0	N0274	6.343583	83.150680	3	Cephrenes_acalle_oceanica_mydata;Cephrenes_augiades_kawahara2023;Cephrenes_augiades_mydata	0		excluded_no_selected_descendants				8.353923	
N0276	Cephrenes_acalle_oceanica_mydata	1	N0275	8.353919	91.504599	1	Cephrenes_acalle_oceanica_mydata	0		excluded_no_selected_descendants				0.000004	
N0277	100/100	0	N0275	6.640676	89.791356	2	Cephrenes_augiades_kawahara2023;Cephrenes_augiades_mydata	0		excluded_no_selected_descendants				1.713247	
N0278	Cephrenes_augiades_kawahara2023	1	N0277	1.713243	91.504599	1	Cephrenes_augiades_kawahara2023	0		excluded_no_selected_descendants				0.000004	
N0279	Cephrenes_augiades_mydata	1	N0277	1.713243	91.504599	1	Cephrenes_augiades_mydata	0		excluded_no_selected_descendants				0.000004	
N0280	100/100	0	N0274	9.137813	85.944910	4	Telicota_augias_augias_kawahara2023;Telicota_bambusae_mydata;Telicota_sp._kawahara2023;Telicota_sp._ncbi	1	Telicota_bambusae_mydata	collapsed_into_retained_path	N0285			5.559693	
N0281	100/100	0	N0280	2.716806	88.661716	2	Telicota_sp._kawahara2023;Telicota_sp._ncbi	0		excluded_no_selected_descendants				2.842887	
N0282	Telicota_sp._kawahara2023	1	N0281	2.842883	91.504599	1	Telicota_sp._kawahara2023	0		excluded_no_selected_descendants				0.000004	
N0283	Telicota_sp._ncbi	1	N0281	2.842883	91.504599	1	Telicota_sp._ncbi	0		excluded_no_selected_descendants				0.000004	
N0284	100/100	0	N0280	3.843148	89.788058	2	Telicota_augias_augias_kawahara2023;Telicota_bambusae_mydata	1	Telicota_bambusae_mydata	collapsed_into_retained_path	N0285			1.716545	
N0285	Telicota_bambusae_mydata	1	N0284	1.716542	91.504600	1	Telicota_bambusae_mydata	1	Telicota_bambusae_mydata	retained_node	N0285	20.248648	N0266;N0274;N0280;N0284;N0285	0.000003	0.000003
N0286	Telicota_augias_augias_kawahara2023	1	N0284	1.716542	91.504600	1	Telicota_augias_augias_kawahara2023	0		excluded_no_selected_descendants				0.000003	
N0287	100/100	0	N0237	0.441445	57.911578	352	Acerbas_sarala_chinensis_mydata;Adlerodea_petrovna_kawahara2023;Adopaeoides_prittwitzi_kawahara2023;Agathymus_aryxna_kawahara2023;Agathymus_mariae_kawahara2023;Agathymus_mariae_mariae_ncbi;Aides_duma_argyrina_kawahara2023;Alychna_victa_kawahara2023;Alychna_victa_ncbi;Amblyscirtes_belli_ncbi;Amblyscirtes_celia_ncbi;Amblyscirtes_elissa_ncbi;Amblyscirtes_eos_kawahara2023;Amblyscirtes_florus_kawahara2023;Amblyscirtes_simius_kawahara2023;Anatrytone_logan_kawahara2023;Ancistroides_gemmifer_kawahara2023;Ancistroides_longicornis_kawahara2023;Ancistroides_nigrita_mydata;Ancyloxypha_numitor_kawahara2023;Anthoptus_epictetus_kawahara2023;Anthoptus_insignis_kawahara2023;Anthoptus_insignis_ncbi;Anthoptus_sp._kawahara2023;Apaustus_gracilis_kawahara2023;Appia_appia_kawahara2023;Argon_lota_kawahara2023;Aroma_aroma_kawahara2023;Arotis_derasa_brunnea_kawahara2023;Artines_rica_kawahara2023;Asbolis_capucinus_kawahara2023;Asbolis_capucinus_ncbi;Atalopedes_campestris_kawahara2023;Atrytone_arogos_iowa_kawahara2023;Atrytonopsis_edwardsi_kawahara2023;Atrytonopsis_hianna_hianna_ncbi;Atrytonopsis_hianna_kawahara2023;Baoris_farri_farri_kawahara2023;Baoris_farri_mydata;Baoris_oceia_kawahara2023;Borbo_borbonica_kawahara2023;Borbo_cinnara_kawahara2023;Borbo_cinnara_mydata;Brusa_saxicola_kawahara2023;Buzyges_idothea_kawahara2023;Callimormus_radiola_kawahara2023;Calpodes_ethlius_kawahara2023;Calpodes_ethlius_ncbi;Caltoris_cahira_mydata;Caltoris_cormasa_kawahara2023;Caltoris_sirius_fusca_ncbi;Caltoris_sirius_kawahara2023;Cantha_calva_kawahara2023;Carystina_aurifer_kawahara2023;Carystoides_escalantei_kawahara2023;Carystus_phorcus_kawahara2023;Carystus_phorcus_ncbi;Chalcone_briquenydan_chalcone_kawahara2023;Choranthus_haitensis_kawahara2023;Choranthus_radians_kawahara2023;Choranthus_vitellius_ncbi;Cobaloides_argus_kawahara2023;Cobalopsis_miaba_kawahara2023;Cobalus_calvina_kawahara2023;Conga_chydaea_kawahara2023;Conga_zela_kawahara2023;Copaeodes_aurantiaca_kawahara2023;Copaeodes_aurantiaca_ncbi;Corticea_corticea_kawahara2023;Cumbre_cumbre_kawahara2023;Cyclosma_sp._kawahara2023;Cymaenes_tripunctata_kawahara2023;Cynea_cynea_kawahara2023;Cynea_diluta_kawahara2023;Damas_clavus_kawahara2023;Decinea_decinea_kawahara2023;Dion_gemmatus_kawahara2023;Dubiella_dubius_kawahara2023;Duroca_duroca_duroca_ncbi;Duroca_duroca_kawahara2023;Ebusus_ebusus_kawahara2023;Eetion_elia_kawahara2023;Enosis_sp._kawahara2023;Eprius_veleda_kawahara2023;Erionota_acroleucus_apicalis_kawahara2023;Erionota_grandis_mydata;Erionota_thrax_ncbi;Erionota_thrax_thrax_kawahara2023;Euphyes_arpa_kawahara2023;Euphyes_dion_kawahara2023;Eutocus_sp._kawahara2023;Eutychide_physcella_kawahara2023;Evansiella_cordela_kawahara2023;Falga_jeconia_kawahara2023;Flaccilla_aecas_kawahara2023;Gallio_carasta_kawahara2023;Gangara_thyrsis_thyrsis_kawahara2023;Ge_geta_kawahara2023;Gegenes_nostrodamus_ncbi;Gegenes_pumilio_kawahara2023;Ginungagapus_fiedleri_kawahara2023;Ginungagapus_ranesus_kawahara2023;Halotus_rica_kawahara2023;Hansa_devergens_hydra_kawahara2023;Hesperia_attalus_slossonae_ncbi;Hesperia_balcones_ncbi;Hesperia_colorado_sublima_ncbi;Hesperia_comma_kawahara2023;Hesperia_comma_ncbi;Hesperia_dacotae_ncbi;Hesperia_meskei_kawahara2023;Hesperia_meskei_straton_ncbi;Hesperia_nevada_nevada_ncbi;Hesperia_pahaska_williamsi_ncbi;Hesperia_viridis_ncbi;Hesperia_woodgatei_ncbi;Hyarotis_adrastus_mydata;Hyarotis_adrastus_praba_kawahara2023;Hylephila_phyleus_ncbi;Iambrix_salsala_kawahara2023;Iambrix_salsala_mydata;Idmon_distanti_kawahara2023;Idmon_fujianana_mydata;Ilma_irvina_kawahara2023;Isma_bononia_idyalis_kawahara2023;Isma_protoclea_iapis_kawahara2023;Iton_semamora_semamora_kawahara2023;Iton_watsonii_mydata;Joanna_joanna_kawahara2023;Koruthaialos_butleri_kawahara2023;Koruthaialos_rubecula_mydata;Koruthaialos_rubecula_rubecula_kawahara2023;Lamponia_lamponia_kawahara2023;Lento_lento_kawahara2023;Lerema_accius_kawahara2023;Lerema_lineosa_ncbi;Lerema_liris_ncbi;Lerodea_eufala_kawahara2023;Levina_levina_kawahara2023;Libra_aligula_aligula_kawahara2023;Librita_librita_kawahara2023;Lindra_brasus_kawahara2023;Lon_zabulon_kawahara2023;Lotongus_calathus_calathus_kawahara2023;Lucida_lucia_kawahara2023;Lycas_argentea_kawahara2023;Lycas_argentea_ncbi;Lychnuchoides_ozias_ncbi;Lychnuchoides_ozias_ozias_kawahara2023;Lychnuchus_celsus_kawahara2023;Matapa_aria_kawahara2023;Matapa_aria_mydata;Matapa_druna_mydata;Matapa_sasivarna_mydata;Megathymus_streckeri_leussleri_kawahara2023;Megathymus_ursus_deserti_ncbi;Megathymus_ursus_kawahara2023;Megathymus_ursus_ursus_ncbi;Megathymus_violae_ncbi;Megathymus_yuccae_yuccae_ncbi;Methion_melas_kawahara2023;Methionopsis_ina_kawahara2023;Metron_oropa_kawahara2023;Miltomiges_cinnamomea_kawahara2023;Misius_misius_kawahara2023;Mnaseas_bicolor_kawahara2023;Mnasicles_geta_kawahara2023;Mnasilus_allubita_kawahara2023;Mnasinous_patage_kawahara2023;Mnasitheus_chrysophrys_kawahara2023;Mnestheus_ittona_kawahara2023;Moeris_striga_striga_kawahara2023;Moeros_moeros_kawahara2023;Molla_molla_kawahara2023;Molo_mango_kawahara2023;Molo_mango_ncbi;Monca_branca_kawahara2023;Morys_compta_kawahara2023;Mucia_zygia_kawahara2023;Naevolus_orius_kawahara2023;Nastra_julia_kawahara2023;Nastra_julia_ncbi;Neoxeniades_braesia_kawahara2023;Niconiades_incomptus_kawahara2023;Niconiades_incomptus_ncbi;Niconiades_xanthaphes_kawahara2023;Notamblyscirtes_simius_ncbi;Notocrypta_curvifascia_corinda_kawahara2023;Notocrypta_feisthamelii_kawahara2023;Notocrypta_feisthamelii_ncbi;Notocrypta_paralysos_mydata;Nyctelius_nyctelius_kawahara2023;Oarisma_garita_kawahara2023;Oarisma_garita_ncbi;Oarisma_powesheik_ncbi;Ochlodes_bouddha_mydata;Ochlodes_sylvanoides_omnigena_kawahara2023;Ochlodes_sylvanus_ncbi;Ochlodes_thibetana_mydata;Oerane_microthyrus_kawahara2023;Oligoria_maculata_kawahara2023;Onespa_gala_kawahara2023;Onophas_columbaria_kawahara2023;Orphe_gerasa_kawahara2023;Orphe_vatinius_kawahara2023;Orses_cynisca_kawahara2023;Orses_cynisca_ncbi;Orthos_trinka_kawahara2023;Oxynthes_corusca_kawahara2023;Pamba_boyaca_kawahara2023;Panca_subpunctuli_kawahara2023;Panoquina_ocola_ocola_kawahara2023;Panoquina_ocola_ocola_ncbi;Panoquina_panoquin_kawahara2023;Papias_subcostulata_kawahara2023;Papias_trimacula_kawahara2023;Paracarystus_hypargyra_kawahara2023;Parachoranthus_magdalia_kawahara2023;Paratrytone_snowi_kawahara2023;Parnara_apostata_apostata_kawahara2023;Parnara_apostata_apostata_mydata;Parnara_guttata_kawahara2023;Parnara_guttata_mydata;Parphorus_storax_s._kawahara2023;Peba_verames_kawahara2023;Pelopidas_agna_ncbi;Pelopidas_mathias_kawahara2023;Pelopidas_mathias_mydata;Pelopidas_sinensis_mydata;Perichares_adela_kawahara2023;Perichares_adela_mydata;Perichares_lotus_kawahara2023;Phanes_abaris_kawahara2023;Phemiades_pohli_cidra_kawahara2023;Pheraeus_odilia_argus_kawahara2023;Pirdana_distanti_mydata;Pirdana_hyela_mydata;Pirdana_hyela_rudolphii_kawahara2023;Plastingia_naga_kawahara2023;Plastingia_naga_mydata;Ploetzia_amygdalis_kawahara2023;Polites_baracoa_baracoa_ncbi;Polites_carus_ncbi;Polites_draco_ncbi;Polites_mardon_ncbi;Polites_mystic_mydata;Polites_origenes_origenes_mydata;Polites_peckius_peckius_ncbi;Polites_rhesus_ncbi;Polites_sabuleti_sabuleti_ncbi;Polites_sonora_mydata;Polites_themistocles_turneri_ncbi;Polites_vibex_kawahara2023;Polites_vibex_praeceps_ncbi;Polytremis_eltola_mydata;Polytremis_lubricans_lubricans_kawahara2023;Polytremis_nascens_mydata;Polytremis_theca_mydata;Pompeius_amblyspila_ncbi;Pompeius_pompeius_kawahara2023;Pompeius_pompeius_ncbi;Problema_byssus_kawahara2023;Propapias_sipariana_kawahara2023;Propertius_dejongi_kawahara2023;Prusiana_prusias_kawahara2023;Pseudocopaeodes_eunus_kawahara2023;Pseudokerana_fulgur_kawahara2023;Pseudopirdana_albicornis_kawahara2023;Psolos_fuligo_fuligo_kawahara2023;Psoralis_stacara_kawahara2023;Punta_punta_kawahara2023;Pyroneura_derna_kawahara2023;Pyroneura_margherita_mydata;Pyrrhocalles_antiqua_antiqua_kawahara2023;Pyrrhopygopsis_socrates_crates_kawahara2023;Quasimellana_antipazina_kawahara2023;Quedara_monteithi_monteithi_kawahara2023;Quinta_cannae_kawahara2023;Racta_chiria_kawahara2023;Racta_sp._kawahara2023;Remella_rita_kawahara2023;Rhinthon_cubana_kawahara2023;Rigga_hesia_kawahara2023;Rufocumbre_eberti_kawahara2023;Salanoemia_sala_kawahara2023;Saliana_esperi_kawahara2023;Saniba_sabina_kawahara2023;Saturnus_metonidia_kawahara2023;Scobura_cephala_kawahara2023;Scobura_cephaloides_mydata;Scobura_coniata_mydata;Scobura_eximia_mydata;Scobura_isota_kawahara2023;Serdis_viridicans_kawahara2023;Sodalia_sodalis_kawahara2023;Stallingsia_maculosus_kawahara2023;Stimula_swinhoei_kawahara2023;Stinga_morrisoni_kawahara2023;Styriodes_quadrinotata_kawahara2023;Suada_swerga_suava_kawahara2023;Suastus_gremius_gremius_kawahara2023;Suastus_gremius_mydata;Synale_cynaxa_kawahara2023;Synapte_salenus_salenus_kawahara2023;Synapte_silius_kawahara2023;Talides_sinois_kawahara2023;Tellona_variegata_kawahara2023;Thargella_evansi_kawahara2023;Thespieus_dalman_kawahara2023;Thespieus_ethemides_mydata;Thespieus_macareus_kawahara2023;Thoon_modius_kawahara2023;Thracides_phidon_kawahara2023;Thymelicus_lineola_kawahara2023;Thymelicus_lineola_ncbi;Thymelicus_sylvestris_ncbi;Tigasis_arita_kawahara2023;Tirynthia_conflua_kawahara2023;Tirynthoides_lotana_kawahara2023;Tricrista_advena_kawahara2023;Tromba_tromba_kawahara2023;Troyus_aurelius_ncbi;Troyus_diversus_maeon_ncbi;Troyus_fantasos_ncbi;Troyus_marcus_ncbi;Turesis_theste_kawahara2023;Udaspes_folus_kawahara2023;Udaspes_folus_mydata;Unkana_ambasa_batara_kawahara2023;Unkana_ambasa_mydata;Vacerra_bonfilius_kawahara2023;Vehilius_celeus_kawahara2023;Venas_evans_kawahara2023;Vernia_verna_kawahara2023;Vernia_verna_ncbi;Vertica_verticalis_coatepeca_kawahara2023;Vettius_lafrenaye_kawahara2023;Vidius_catarinae_kawahara2023;Vinius_letis_kawahara2023;Virga_austrinus_kawahara2023;Wahydra_kenava_kawahara2023;Wahydra_kenava_ncbi;Wahydra_sp._kawahara2023;Wallengrenia_egeremet_ncbi;Wallengrenia_otho_ncbi;Wallengrenia_otho_otho_kawahara2023;Wallengrenia_premnas_kawahara2023;Xeniades_orchamus_kawahara2023;Zariaspes_mys_kawahara2023;Zela_zeus_optimus_kawahara2023;Zenis_jebus_kawahara2023;Zenonia_zeno_kawahara2023	8	Acerbas_sarala_chinensis_mydata;Ancistroides_nigrita_mydata;Idmon_fujianana_mydata;Matapa_druna_mydata;Ochlodes_bouddha_mydata;Perichares_adela_mydata;Polytremis_eltola_mydata;Polytremis_theca_mydata	retained_node	N0287	0.441445	N0287	33.593025	33.593025
N0288	100/100	0	N0287	2.605095	60.516673	39	Acerbas_sarala_chinensis_mydata;Erionota_acroleucus_apicalis_kawahara2023;Erionota_grandis_mydata;Erionota_thrax_ncbi;Erionota_thrax_thrax_kawahara2023;Gangara_thyrsis_thyrsis_kawahara2023;Ge_geta_kawahara2023;Hyarotis_adrastus_mydata;Hyarotis_adrastus_praba_kawahara2023;Ilma_irvina_kawahara2023;Lotongus_calathus_calathus_kawahara2023;Matapa_aria_kawahara2023;Matapa_aria_mydata;Matapa_druna_mydata;Matapa_sasivarna_mydata;Oerane_microthyrus_kawahara2023;Pirdana_distanti_mydata;Pirdana_hyela_mydata;Pirdana_hyela_rudolphii_kawahara2023;Plastingia_naga_kawahara2023;Plastingia_naga_mydata;Ploetzia_amygdalis_kawahara2023;Pseudokerana_fulgur_kawahara2023;Pseudopirdana_albicornis_kawahara2023;Pyroneura_derna_kawahara2023;Pyroneura_margherita_mydata;Quedara_monteithi_monteithi_kawahara2023;Salanoemia_sala_kawahara2023;Scobura_cephala_kawahara2023;Scobura_cephaloides_mydata;Scobura_coniata_mydata;Scobura_eximia_mydata;Scobura_isota_kawahara2023;Suada_swerga_suava_kawahara2023;Suastus_gremius_gremius_kawahara2023;Suastus_gremius_mydata;Unkana_ambasa_batara_kawahara2023;Unkana_ambasa_mydata;Zela_zeus_optimus_kawahara2023	2	Acerbas_sarala_chinensis_mydata;Matapa_druna_mydata	collapsed_into_retained_path	N0344			30.987930	
N0289	99.2/40	0	N0288	0.885166	61.401839	9	Hyarotis_adrastus_mydata;Hyarotis_adrastus_praba_kawahara2023;Quedara_monteithi_monteithi_kawahara2023;Scobura_cephala_kawahara2023;Scobura_cephaloides_mydata;Scobura_coniata_mydata;Scobura_eximia_mydata;Scobura_isota_kawahara2023;Suada_swerga_suava_kawahara2023	0		excluded_no_selected_descendants				30.102764	
N0290	100/100	0	N0289	6.970448	68.372287	3	Hyarotis_adrastus_mydata;Hyarotis_adrastus_praba_kawahara2023;Quedara_monteithi_monteithi_kawahara2023	0		excluded_no_selected_descendants				23.132316	
N0291	Quedara_monteithi_monteithi_kawahara2023	1	N0290	23.132313	91.504600	1	Quedara_monteithi_monteithi_kawahara2023	0		excluded_no_selected_descendants				0.000003	
N0292	100/100	0	N0290	21.469106	89.841393	2	Hyarotis_adrastus_mydata;Hyarotis_adrastus_praba_kawahara2023	0		excluded_no_selected_descendants				1.663210	
N0293	Hyarotis_adrastus_praba_kawahara2023	1	N0292	1.663207	91.504600	1	Hyarotis_adrastus_praba_kawahara2023	0		excluded_no_selected_descendants				0.000003	
N0294	Hyarotis_adrastus_mydata	1	N0292	1.663207	91.504600	1	Hyarotis_adrastus_mydata	0		excluded_no_selected_descendants				0.000003	
N0295	100/100	0	N0289	9.121278	70.523117	6	Scobura_cephala_kawahara2023;Scobura_cephaloides_mydata;Scobura_coniata_mydata;Scobura_eximia_mydata;Scobura_isota_kawahara2023;Suada_swerga_suava_kawahara2023	0		excluded_no_selected_descendants				20.981486	
N0296	Suada_swerga_suava_kawahara2023	1	N0295	20.981483	91.504600	1	Suada_swerga_suava_kawahara2023	0		excluded_no_selected_descendants				0.000003	
N0297	100/100	0	N0295	5.233094	75.756211	5	Scobura_cephala_kawahara2023;Scobura_cephaloides_mydata;Scobura_coniata_mydata;Scobura_eximia_mydata;Scobura_isota_kawahara2023	0		excluded_no_selected_descendants				15.748392	
N0298	100/100	0	N0297	2.303730	78.059941	2	Scobura_cephaloides_mydata;Scobura_coniata_mydata	0		excluded_no_selected_descendants				13.444662	
N0299	Scobura_coniata_mydata	1	N0298	13.444659	91.504600	1	Scobura_coniata_mydata	0		excluded_no_selected_descendants				0.000003	
N0300	Scobura_cephaloides_mydata	1	N0298	13.444659	91.504600	1	Scobura_cephaloides_mydata	0		excluded_no_selected_descendants				0.000003	
N0301	100/100	0	N0297	7.899286	83.655497	3	Scobura_cephala_kawahara2023;Scobura_eximia_mydata;Scobura_isota_kawahara2023	0		excluded_no_selected_descendants				7.849106	
N0302	Scobura_isota_kawahara2023	1	N0301	7.849103	91.504600	1	Scobura_isota_kawahara2023	0		excluded_no_selected_descendants				0.000003	
N0303	100/100	0	N0301	6.602765	90.258262	2	Scobura_cephala_kawahara2023;Scobura_eximia_mydata	0		excluded_no_selected_descendants				1.246341	
N0304	Scobura_eximia_mydata	1	N0303	1.246338	91.504600	1	Scobura_eximia_mydata	0		excluded_no_selected_descendants				0.000003	
N0305	Scobura_cephala_kawahara2023	1	N0303	1.246338	91.504600	1	Scobura_cephala_kawahara2023	0		excluded_no_selected_descendants				0.000003	
N0306	25.9/23	0	N0288	0.409324	60.925997	30	Acerbas_sarala_chinensis_mydata;Erionota_acroleucus_apicalis_kawahara2023;Erionota_grandis_mydata;Erionota_thrax_ncbi;Erionota_thrax_thrax_kawahara2023;Gangara_thyrsis_thyrsis_kawahara2023;Ge_geta_kawahara2023;Ilma_irvina_kawahara2023;Lotongus_calathus_calathus_kawahara2023;Matapa_aria_kawahara2023;Matapa_aria_mydata;Matapa_druna_mydata;Matapa_sasivarna_mydata;Oerane_microthyrus_kawahara2023;Pirdana_distanti_mydata;Pirdana_hyela_mydata;Pirdana_hyela_rudolphii_kawahara2023;Plastingia_naga_kawahara2023;Plastingia_naga_mydata;Ploetzia_amygdalis_kawahara2023;Pseudokerana_fulgur_kawahara2023;Pseudopirdana_albicornis_kawahara2023;Pyroneura_derna_kawahara2023;Pyroneura_margherita_mydata;Salanoemia_sala_kawahara2023;Suastus_gremius_gremius_kawahara2023;Suastus_gremius_mydata;Unkana_ambasa_batara_kawahara2023;Unkana_ambasa_mydata;Zela_zeus_optimus_kawahara2023	2	Acerbas_sarala_chinensis_mydata;Matapa_druna_mydata	collapsed_into_retained_path	N0344			30.578606	
N0307	100/100	0	N0306	1.675329	62.601326	10	Oerane_microthyrus_kawahara2023;Pirdana_distanti_mydata;Pirdana_hyela_mydata;Pirdana_hyela_rudolphii_kawahara2023;Plastingia_naga_kawahara2023;Plastingia_naga_mydata;Ploetzia_amygdalis_kawahara2023;Salanoemia_sala_kawahara2023;Suastus_gremius_gremius_kawahara2023;Suastus_gremius_mydata	0		excluded_no_selected_descendants				28.903277	
N0308	100/100	0	N0307	8.199525	70.800851	4	Pirdana_distanti_mydata;Pirdana_hyela_mydata;Pirdana_hyela_rudolphii_kawahara2023;Ploetzia_amygdalis_kawahara2023	0		excluded_no_selected_descendants				20.703752	
N0309	Ploetzia_amygdalis_kawahara2023	1	N0308	20.703749	91.504600	1	Ploetzia_amygdalis_kawahara2023	0		excluded_no_selected_descendants				0.000003	
N0310	100/100	0	N0308	14.725940	85.526791	3	Pirdana_distanti_mydata;Pirdana_hyela_mydata;Pirdana_hyela_rudolphii_kawahara2023	0		excluded_no_selected_descendants				5.977812	
N0311	Pirdana_distanti_mydata	1	N0310	5.977810	91.504601	1	Pirdana_distanti_mydata	0		excluded_no_selected_descendants				0.000002	
N0312	99.7/98	0	N0310	4.038934	89.565725	2	Pirdana_hyela_mydata;Pirdana_hyela_rudolphii_kawahara2023	0		excluded_no_selected_descendants				1.938878	
N0313	Pirdana_hyela_rudolphii_kawahara2023	1	N0312	1.938876	91.504601	1	Pirdana_hyela_rudolphii_kawahara2023	0		excluded_no_selected_descendants				0.000002	
N0314	Pirdana_hyela_mydata	1	N0312	1.938876	91.504601	1	Pirdana_hyela_mydata	0		excluded_no_selected_descendants				0.000002	
N0315	100/100	0	N0307	2.642751	65.244077	6	Oerane_microthyrus_kawahara2023;Plastingia_naga_kawahara2023;Plastingia_naga_mydata;Salanoemia_sala_kawahara2023;Suastus_gremius_gremius_kawahara2023;Suastus_gremius_mydata	0		excluded_no_selected_descendants				26.260526	
N0316	Oerane_microthyrus_kawahara2023	1	N0315	26.260523	91.504600	1	Oerane_microthyrus_kawahara2023	0		excluded_no_selected_descendants				0.000003	
N0317	100/100	0	N0315	3.051115	68.295192	5	Plastingia_naga_kawahara2023;Plastingia_naga_mydata;Salanoemia_sala_kawahara2023;Suastus_gremius_gremius_kawahara2023;Suastus_gremius_mydata	0		excluded_no_selected_descendants				23.209411	
N0318	100/100	0	N0317	22.327216	90.622408	2	Suastus_gremius_gremius_kawahara2023;Suastus_gremius_mydata	0		excluded_no_selected_descendants				0.882195	
N0319	Suastus_gremius_mydata	1	N0318	0.882192	91.504600	1	Suastus_gremius_mydata	0		excluded_no_selected_descendants				0.000003	
N0320	Suastus_gremius_gremius_kawahara2023	1	N0318	0.882192	91.504600	1	Suastus_gremius_gremius_kawahara2023	0		excluded_no_selected_descendants				0.000003	
N0321	100/100	0	N0317	13.540760	81.835952	3	Plastingia_naga_kawahara2023;Plastingia_naga_mydata;Salanoemia_sala_kawahara2023	0		excluded_no_selected_descendants				9.668651	
N0322	Salanoemia_sala_kawahara2023	1	N0321	9.668648	91.504600	1	Salanoemia_sala_kawahara2023	0		excluded_no_selected_descendants				0.000003	
N0323	100/100	0	N0321	8.666502	90.502454	2	Plastingia_naga_kawahara2023;Plastingia_naga_mydata	0		excluded_no_selected_descendants				1.002149	
N0324	Plastingia_naga_kawahara2023	1	N0323	1.002146	91.504600	1	Plastingia_naga_kawahara2023	0		excluded_no_selected_descendants				0.000003	
N0325	Plastingia_naga_mydata	1	N0323	1.002146	91.504600	1	Plastingia_naga_mydata	0		excluded_no_selected_descendants				0.000003	
N0326	6.15/39	0	N0306	0.356853	61.282850	20	Acerbas_sarala_chinensis_mydata;Erionota_acroleucus_apicalis_kawahara2023;Erionota_grandis_mydata;Erionota_thrax_ncbi;Erionota_thrax_thrax_kawahara2023;Gangara_thyrsis_thyrsis_kawahara2023;Ge_geta_kawahara2023;Ilma_irvina_kawahara2023;Lotongus_calathus_calathus_kawahara2023;Matapa_aria_kawahara2023;Matapa_aria_mydata;Matapa_druna_mydata;Matapa_sasivarna_mydata;Pseudokerana_fulgur_kawahara2023;Pseudopirdana_albicornis_kawahara2023;Pyroneura_derna_kawahara2023;Pyroneura_margherita_mydata;Unkana_ambasa_batara_kawahara2023;Unkana_ambasa_mydata;Zela_zeus_optimus_kawahara2023	2	Acerbas_sarala_chinensis_mydata;Matapa_druna_mydata	collapsed_into_retained_path	N0344			30.221753	
N0327	100/100	0	N0326	1.958750	63.241600	5	Ge_geta_kawahara2023;Pseudokerana_fulgur_kawahara2023;Pseudopirdana_albicornis_kawahara2023;Pyroneura_derna_kawahara2023;Pyroneura_margherita_mydata	0		excluded_no_selected_descendants				28.263003	
N0328	Ge_geta_kawahara2023	1	N0327	28.263001	91.504601	1	Ge_geta_kawahara2023	0		excluded_no_selected_descendants				0.000002	
N0329	100/100	0	N0327	16.857582	80.099182	4	Pseudokerana_fulgur_kawahara2023;Pseudopirdana_albicornis_kawahara2023;Pyroneura_derna_kawahara2023;Pyroneura_margherita_mydata	0		excluded_no_selected_descendants				11.405421	
N0330	Pseudopirdana_albicornis_kawahara2023	1	N0329	11.405418	91.504600	1	Pseudopirdana_albicornis_kawahara2023	0		excluded_no_selected_descendants				0.000003	
N0331	100/100	0	N0329	3.649034	83.748216	3	Pseudokerana_fulgur_kawahara2023;Pyroneura_derna_kawahara2023;Pyroneura_margherita_mydata	0		excluded_no_selected_descendants				7.756387	
N0332	Pyroneura_margherita_mydata	1	N0331	7.756385	91.504601	1	Pyroneura_margherita_mydata	0		excluded_no_selected_descendants				0.000002	
N0333	99.9/100	0	N0331	0.896417	84.644633	2	Pseudokerana_fulgur_kawahara2023;Pyroneura_derna_kawahara2023	0		excluded_no_selected_descendants				6.859970	
N0334	Pseudokerana_fulgur_kawahara2023	1	N0333	6.859968	91.504601	1	Pseudokerana_fulgur_kawahara2023	0		excluded_no_selected_descendants				0.000002	
N0335	Pyroneura_derna_kawahara2023	1	N0333	6.859968	91.504601	1	Pyroneura_derna_kawahara2023	0		excluded_no_selected_descendants				0.000002	
N0336	100/100	0	N0326	1.378083	62.660933	15	Acerbas_sarala_chinensis_mydata;Erionota_acroleucus_apicalis_kawahara2023;Erionota_grandis_mydata;Erionota_thrax_ncbi;Erionota_thrax_thrax_kawahara2023;Gangara_thyrsis_thyrsis_kawahara2023;Ilma_irvina_kawahara2023;Lotongus_calathus_calathus_kawahara2023;Matapa_aria_kawahara2023;Matapa_aria_mydata;Matapa_druna_mydata;Matapa_sasivarna_mydata;Unkana_ambasa_batara_kawahara2023;Unkana_ambasa_mydata;Zela_zeus_optimus_kawahara2023	2	Acerbas_sarala_chinensis_mydata;Matapa_druna_mydata	collapsed_into_retained_path	N0344			28.843670	
N0337	100/100	0	N0336	7.626415	70.287348	4	Ilma_irvina_kawahara2023;Lotongus_calathus_calathus_kawahara2023;Unkana_ambasa_batara_kawahara2023;Unkana_ambasa_mydata	0		excluded_no_selected_descendants				21.217255	
N0338	Lotongus_calathus_calathus_kawahara2023	1	N0337	21.217252	91.504600	1	Lotongus_calathus_calathus_kawahara2023	0		excluded_no_selected_descendants				0.000003	
N0339	100/100	0	N0337	8.189782	78.477130	3	Ilma_irvina_kawahara2023;Unkana_ambasa_batara_kawahara2023;Unkana_ambasa_mydata	0		excluded_no_selected_descendants				13.027473	
N0340	Ilma_irvina_kawahara2023	1	N0339	13.027470	91.504600	1	Ilma_irvina_kawahara2023	0		excluded_no_selected_descendants				0.000003	
N0341	100/100	0	N0339	8.705329	87.182459	2	Unkana_ambasa_batara_kawahara2023;Unkana_ambasa_mydata	0		excluded_no_selected_descendants				4.322144	
N0342	Unkana_ambasa_mydata	1	N0341	4.322141	91.504600	1	Unkana_ambasa_mydata	0		excluded_no_selected_descendants				0.000003	
N0343	Unkana_ambasa_batara_kawahara2023	1	N0341	4.322141	91.504600	1	Unkana_ambasa_batara_kawahara2023	0		excluded_no_selected_descendants				0.000003	
N0344	100/100	0	N0336	2.264169	64.925102	11	Acerbas_sarala_chinensis_mydata;Erionota_acroleucus_apicalis_kawahara2023;Erionota_grandis_mydata;Erionota_thrax_ncbi;Erionota_thrax_thrax_kawahara2023;Gangara_thyrsis_thyrsis_kawahara2023;Matapa_aria_kawahara2023;Matapa_aria_mydata;Matapa_druna_mydata;Matapa_sasivarna_mydata;Zela_zeus_optimus_kawahara2023	2	Acerbas_sarala_chinensis_mydata;Matapa_druna_mydata	retained_node	N0344	7.013524	N0288;N0306;N0326;N0336;N0344	26.579501	26.579501
N0345	100/100	0	N0344	15.529163	80.454265	4	Matapa_aria_kawahara2023;Matapa_aria_mydata;Matapa_druna_mydata;Matapa_sasivarna_mydata	1	Matapa_druna_mydata	collapsed_into_retained_path	N0348			11.050338	
N0346	Matapa_sasivarna_mydata	1	N0345	11.050336	91.504601	1	Matapa_sasivarna_mydata	0		excluded_no_selected_descendants				0.000002	
N0347	100/100	0	N0345	1.802815	82.257080	3	Matapa_aria_kawahara2023;Matapa_aria_mydata;Matapa_druna_mydata	1	Matapa_druna_mydata	collapsed_into_retained_path	N0348			9.247523	
N0348	Matapa_druna_mydata	1	N0347	9.247521	91.504601	1	Matapa_druna_mydata	1	Matapa_druna_mydata	retained_node	N0348	26.579499	N0345;N0347;N0348	0.000002	0.000002
N0349	100/100	0	N0347	8.533557	90.790637	2	Matapa_aria_kawahara2023;Matapa_aria_mydata	0		excluded_no_selected_descendants				0.713966	
N0350	Matapa_aria_kawahara2023	1	N0349	0.713964	91.504601	1	Matapa_aria_kawahara2023	0		excluded_no_selected_descendants				0.000002	
N0351	Matapa_aria_mydata	1	N0349	0.713964	91.504601	1	Matapa_aria_mydata	0		excluded_no_selected_descendants				0.000002	
N0352	100/100	0	N0344	1.768078	66.693180	7	Acerbas_sarala_chinensis_mydata;Erionota_acroleucus_apicalis_kawahara2023;Erionota_grandis_mydata;Erionota_thrax_ncbi;Erionota_thrax_thrax_kawahara2023;Gangara_thyrsis_thyrsis_kawahara2023;Zela_zeus_optimus_kawahara2023	1	Acerbas_sarala_chinensis_mydata	collapsed_into_retained_path	N0355			24.811423	
N0353	100/100	0	N0352	6.307206	73.000386	2	Acerbas_sarala_chinensis_mydata;Zela_zeus_optimus_kawahara2023	1	Acerbas_sarala_chinensis_mydata	collapsed_into_retained_path	N0355			18.504217	
N0354	Zela_zeus_optimus_kawahara2023	1	N0353	18.504214	91.504600	1	Zela_zeus_optimus_kawahara2023	0		excluded_no_selected_descendants				0.000003	
N0355	Acerbas_sarala_chinensis_mydata	1	N0353	18.504214	91.504600	1	Acerbas_sarala_chinensis_mydata	1	Acerbas_sarala_chinensis_mydata	retained_node	N0355	26.579498	N0352;N0353;N0355	0.000003	0.000003
N0356	100/100	0	N0352	3.688952	70.382132	5	Erionota_acroleucus_apicalis_kawahara2023;Erionota_grandis_mydata;Erionota_thrax_ncbi;Erionota_thrax_thrax_kawahara2023;Gangara_thyrsis_thyrsis_kawahara2023	0		excluded_no_selected_descendants				21.122471	
N0357	Gangara_thyrsis_thyrsis_kawahara2023	1	N0356	21.122468	91.504600	1	Gangara_thyrsis_thyrsis_kawahara2023	0		excluded_no_selected_descendants				0.000003	
N0358	100/100	0	N0356	15.268104	85.650236	4	Erionota_acroleucus_apicalis_kawahara2023;Erionota_grandis_mydata;Erionota_thrax_ncbi;Erionota_thrax_thrax_kawahara2023	0		excluded_no_selected_descendants				5.854367	
N0359	Erionota_grandis_mydata	1	N0358	5.854364	91.504600	1	Erionota_grandis_mydata	0		excluded_no_selected_descendants				0.000003	
N0360	100/100	0	N0358	3.749352	89.399588	3	Erionota_acroleucus_apicalis_kawahara2023;Erionota_thrax_ncbi;Erionota_thrax_thrax_kawahara2023	0		excluded_no_selected_descendants				2.105015	
N0361	Erionota_acroleucus_apicalis_kawahara2023	1	N0360	2.105013	91.504601	1	Erionota_acroleucus_apicalis_kawahara2023	0		excluded_no_selected_descendants				0.000002	
N0362	100/100	0	N0360	0.763757	90.163345	2	Erionota_thrax_ncbi;Erionota_thrax_thrax_kawahara2023	0		excluded_no_selected_descendants				1.341258	
N0363	Erionota_thrax_ncbi	1	N0362	1.341255	91.504600	1	Erionota_thrax_ncbi	0		excluded_no_selected_descendants				0.000003	
N0364	Erionota_thrax_thrax_kawahara2023	1	N0362	1.341255	91.504600	1	Erionota_thrax_thrax_kawahara2023	0		excluded_no_selected_descendants				0.000003	
N0365	100/100	0	N0287	0.466627	58.378205	313	Adlerodea_petrovna_kawahara2023;Adopaeoides_prittwitzi_kawahara2023;Agathymus_aryxna_kawahara2023;Agathymus_mariae_kawahara2023;Agathymus_mariae_mariae_ncbi;Aides_duma_argyrina_kawahara2023;Alychna_victa_kawahara2023;Alychna_victa_ncbi;Amblyscirtes_belli_ncbi;Amblyscirtes_celia_ncbi;Amblyscirtes_elissa_ncbi;Amblyscirtes_eos_kawahara2023;Amblyscirtes_florus_kawahara2023;Amblyscirtes_simius_kawahara2023;Anatrytone_logan_kawahara2023;Ancistroides_gemmifer_kawahara2023;Ancistroides_longicornis_kawahara2023;Ancistroides_nigrita_mydata;Ancyloxypha_numitor_kawahara2023;Anthoptus_epictetus_kawahara2023;Anthoptus_insignis_kawahara2023;Anthoptus_insignis_ncbi;Anthoptus_sp._kawahara2023;Apaustus_gracilis_kawahara2023;Appia_appia_kawahara2023;Argon_lota_kawahara2023;Aroma_aroma_kawahara2023;Arotis_derasa_brunnea_kawahara2023;Artines_rica_kawahara2023;Asbolis_capucinus_kawahara2023;Asbolis_capucinus_ncbi;Atalopedes_campestris_kawahara2023;Atrytone_arogos_iowa_kawahara2023;Atrytonopsis_edwardsi_kawahara2023;Atrytonopsis_hianna_hianna_ncbi;Atrytonopsis_hianna_kawahara2023;Baoris_farri_farri_kawahara2023;Baoris_farri_mydata;Baoris_oceia_kawahara2023;Borbo_borbonica_kawahara2023;Borbo_cinnara_kawahara2023;Borbo_cinnara_mydata;Brusa_saxicola_kawahara2023;Buzyges_idothea_kawahara2023;Callimormus_radiola_kawahara2023;Calpodes_ethlius_kawahara2023;Calpodes_ethlius_ncbi;Caltoris_cahira_mydata;Caltoris_cormasa_kawahara2023;Caltoris_sirius_fusca_ncbi;Caltoris_sirius_kawahara2023;Cantha_calva_kawahara2023;Carystina_aurifer_kawahara2023;Carystoides_escalantei_kawahara2023;Carystus_phorcus_kawahara2023;Carystus_phorcus_ncbi;Chalcone_briquenydan_chalcone_kawahara2023;Choranthus_haitensis_kawahara2023;Choranthus_radians_kawahara2023;Choranthus_vitellius_ncbi;Cobaloides_argus_kawahara2023;Cobalopsis_miaba_kawahara2023;Cobalus_calvina_kawahara2023;Conga_chydaea_kawahara2023;Conga_zela_kawahara2023;Copaeodes_aurantiaca_kawahara2023;Copaeodes_aurantiaca_ncbi;Corticea_corticea_kawahara2023;Cumbre_cumbre_kawahara2023;Cyclosma_sp._kawahara2023;Cymaenes_tripunctata_kawahara2023;Cynea_cynea_kawahara2023;Cynea_diluta_kawahara2023;Damas_clavus_kawahara2023;Decinea_decinea_kawahara2023;Dion_gemmatus_kawahara2023;Dubiella_dubius_kawahara2023;Duroca_duroca_duroca_ncbi;Duroca_duroca_kawahara2023;Ebusus_ebusus_kawahara2023;Eetion_elia_kawahara2023;Enosis_sp._kawahara2023;Eprius_veleda_kawahara2023;Euphyes_arpa_kawahara2023;Euphyes_dion_kawahara2023;Eutocus_sp._kawahara2023;Eutychide_physcella_kawahara2023;Evansiella_cordela_kawahara2023;Falga_jeconia_kawahara2023;Flaccilla_aecas_kawahara2023;Gallio_carasta_kawahara2023;Gegenes_nostrodamus_ncbi;Gegenes_pumilio_kawahara2023;Ginungagapus_fiedleri_kawahara2023;Ginungagapus_ranesus_kawahara2023;Halotus_rica_kawahara2023;Hansa_devergens_hydra_kawahara2023;Hesperia_attalus_slossonae_ncbi;Hesperia_balcones_ncbi;Hesperia_colorado_sublima_ncbi;Hesperia_comma_kawahara2023;Hesperia_comma_ncbi;Hesperia_dacotae_ncbi;Hesperia_meskei_kawahara2023;Hesperia_meskei_straton_ncbi;Hesperia_nevada_nevada_ncbi;Hesperia_pahaska_williamsi_ncbi;Hesperia_viridis_ncbi;Hesperia_woodgatei_ncbi;Hylephila_phyleus_ncbi;Iambrix_salsala_kawahara2023;Iambrix_salsala_mydata;Idmon_distanti_kawahara2023;Idmon_fujianana_mydata;Isma_bononia_idyalis_kawahara2023;Isma_protoclea_iapis_kawahara2023;Iton_semamora_semamora_kawahara2023;Iton_watsonii_mydata;Joanna_joanna_kawahara2023;Koruthaialos_butleri_kawahara2023;Koruthaialos_rubecula_mydata;Koruthaialos_rubecula_rubecula_kawahara2023;Lamponia_lamponia_kawahara2023;Lento_lento_kawahara2023;Lerema_accius_kawahara2023;Lerema_lineosa_ncbi;Lerema_liris_ncbi;Lerodea_eufala_kawahara2023;Levina_levina_kawahara2023;Libra_aligula_aligula_kawahara2023;Librita_librita_kawahara2023;Lindra_brasus_kawahara2023;Lon_zabulon_kawahara2023;Lucida_lucia_kawahara2023;Lycas_argentea_kawahara2023;Lycas_argentea_ncbi;Lychnuchoides_ozias_ncbi;Lychnuchoides_ozias_ozias_kawahara2023;Lychnuchus_celsus_kawahara2023;Megathymus_streckeri_leussleri_kawahara2023;Megathymus_ursus_deserti_ncbi;Megathymus_ursus_kawahara2023;Megathymus_ursus_ursus_ncbi;Megathymus_violae_ncbi;Megathymus_yuccae_yuccae_ncbi;Methion_melas_kawahara2023;Methionopsis_ina_kawahara2023;Metron_oropa_kawahara2023;Miltomiges_cinnamomea_kawahara2023;Misius_misius_kawahara2023;Mnaseas_bicolor_kawahara2023;Mnasicles_geta_kawahara2023;Mnasilus_allubita_kawahara2023;Mnasinous_patage_kawahara2023;Mnasitheus_chrysophrys_kawahara2023;Mnestheus_ittona_kawahara2023;Moeris_striga_striga_kawahara2023;Moeros_moeros_kawahara2023;Molla_molla_kawahara2023;Molo_mango_kawahara2023;Molo_mango_ncbi;Monca_branca_kawahara2023;Morys_compta_kawahara2023;Mucia_zygia_kawahara2023;Naevolus_orius_kawahara2023;Nastra_julia_kawahara2023;Nastra_julia_ncbi;Neoxeniades_braesia_kawahara2023;Niconiades_incomptus_kawahara2023;Niconiades_incomptus_ncbi;Niconiades_xanthaphes_kawahara2023;Notamblyscirtes_simius_ncbi;Notocrypta_curvifascia_corinda_kawahara2023;Notocrypta_feisthamelii_kawahara2023;Notocrypta_feisthamelii_ncbi;Notocrypta_paralysos_mydata;Nyctelius_nyctelius_kawahara2023;Oarisma_garita_kawahara2023;Oarisma_garita_ncbi;Oarisma_powesheik_ncbi;Ochlodes_bouddha_mydata;Ochlodes_sylvanoides_omnigena_kawahara2023;Ochlodes_sylvanus_ncbi;Ochlodes_thibetana_mydata;Oligoria_maculata_kawahara2023;Onespa_gala_kawahara2023;Onophas_columbaria_kawahara2023;Orphe_gerasa_kawahara2023;Orphe_vatinius_kawahara2023;Orses_cynisca_kawahara2023;Orses_cynisca_ncbi;Orthos_trinka_kawahara2023;Oxynthes_corusca_kawahara2023;Pamba_boyaca_kawahara2023;Panca_subpunctuli_kawahara2023;Panoquina_ocola_ocola_kawahara2023;Panoquina_ocola_ocola_ncbi;Panoquina_panoquin_kawahara2023;Papias_subcostulata_kawahara2023;Papias_trimacula_kawahara2023;Paracarystus_hypargyra_kawahara2023;Parachoranthus_magdalia_kawahara2023;Paratrytone_snowi_kawahara2023;Parnara_apostata_apostata_kawahara2023;Parnara_apostata_apostata_mydata;Parnara_guttata_kawahara2023;Parnara_guttata_mydata;Parphorus_storax_s._kawahara2023;Peba_verames_kawahara2023;Pelopidas_agna_ncbi;Pelopidas_mathias_kawahara2023;Pelopidas_mathias_mydata;Pelopidas_sinensis_mydata;Perichares_adela_kawahara2023;Perichares_adela_mydata;Perichares_lotus_kawahara2023;Phanes_abaris_kawahara2023;Phemiades_pohli_cidra_kawahara2023;Pheraeus_odilia_argus_kawahara2023;Polites_baracoa_baracoa_ncbi;Polites_carus_ncbi;Polites_draco_ncbi;Polites_mardon_ncbi;Polites_mystic_mydata;Polites_origenes_origenes_mydata;Polites_peckius_peckius_ncbi;Polites_rhesus_ncbi;Polites_sabuleti_sabuleti_ncbi;Polites_sonora_mydata;Polites_themistocles_turneri_ncbi;Polites_vibex_kawahara2023;Polites_vibex_praeceps_ncbi;Polytremis_eltola_mydata;Polytremis_lubricans_lubricans_kawahara2023;Polytremis_nascens_mydata;Polytremis_theca_mydata;Pompeius_amblyspila_ncbi;Pompeius_pompeius_kawahara2023;Pompeius_pompeius_ncbi;Problema_byssus_kawahara2023;Propapias_sipariana_kawahara2023;Propertius_dejongi_kawahara2023;Prusiana_prusias_kawahara2023;Pseudocopaeodes_eunus_kawahara2023;Psolos_fuligo_fuligo_kawahara2023;Psoralis_stacara_kawahara2023;Punta_punta_kawahara2023;Pyrrhocalles_antiqua_antiqua_kawahara2023;Pyrrhopygopsis_socrates_crates_kawahara2023;Quasimellana_antipazina_kawahara2023;Quinta_cannae_kawahara2023;Racta_chiria_kawahara2023;Racta_sp._kawahara2023;Remella_rita_kawahara2023;Rhinthon_cubana_kawahara2023;Rigga_hesia_kawahara2023;Rufocumbre_eberti_kawahara2023;Saliana_esperi_kawahara2023;Saniba_sabina_kawahara2023;Saturnus_metonidia_kawahara2023;Serdis_viridicans_kawahara2023;Sodalia_sodalis_kawahara2023;Stallingsia_maculosus_kawahara2023;Stimula_swinhoei_kawahara2023;Stinga_morrisoni_kawahara2023;Styriodes_quadrinotata_kawahara2023;Synale_cynaxa_kawahara2023;Synapte_salenus_salenus_kawahara2023;Synapte_silius_kawahara2023;Talides_sinois_kawahara2023;Tellona_variegata_kawahara2023;Thargella_evansi_kawahara2023;Thespieus_dalman_kawahara2023;Thespieus_ethemides_mydata;Thespieus_macareus_kawahara2023;Thoon_modius_kawahara2023;Thracides_phidon_kawahara2023;Thymelicus_lineola_kawahara2023;Thymelicus_lineola_ncbi;Thymelicus_sylvestris_ncbi;Tigasis_arita_kawahara2023;Tirynthia_conflua_kawahara2023;Tirynthoides_lotana_kawahara2023;Tricrista_advena_kawahara2023;Tromba_tromba_kawahara2023;Troyus_aurelius_ncbi;Troyus_diversus_maeon_ncbi;Troyus_fantasos_ncbi;Troyus_marcus_ncbi;Turesis_theste_kawahara2023;Udaspes_folus_kawahara2023;Udaspes_folus_mydata;Vacerra_bonfilius_kawahara2023;Vehilius_celeus_kawahara2023;Venas_evans_kawahara2023;Vernia_verna_kawahara2023;Vernia_verna_ncbi;Vertica_verticalis_coatepeca_kawahara2023;Vettius_lafrenaye_kawahara2023;Vidius_catarinae_kawahara2023;Vinius_letis_kawahara2023;Virga_austrinus_kawahara2023;Wahydra_kenava_kawahara2023;Wahydra_kenava_ncbi;Wahydra_sp._kawahara2023;Wallengrenia_egeremet_ncbi;Wallengrenia_otho_ncbi;Wallengrenia_otho_otho_kawahara2023;Wallengrenia_premnas_kawahara2023;Xeniades_orchamus_kawahara2023;Zariaspes_mys_kawahara2023;Zenis_jebus_kawahara2023;Zenonia_zeno_kawahara2023	6	Ancistroides_nigrita_mydata;Idmon_fujianana_mydata;Ochlodes_bouddha_mydata;Perichares_adela_mydata;Polytremis_eltola_mydata;Polytremis_theca_mydata	retained_node	N0365	0.466627	N0365	33.126398	33.126398
N0366	100/100	0	N0365	11.258998	69.637203	9	Ancistroides_gemmifer_kawahara2023;Ancistroides_longicornis_kawahara2023;Ancistroides_nigrita_mydata;Notocrypta_curvifascia_corinda_kawahara2023;Notocrypta_feisthamelii_kawahara2023;Notocrypta_feisthamelii_ncbi;Notocrypta_paralysos_mydata;Udaspes_folus_kawahara2023;Udaspes_folus_mydata	1	Ancistroides_nigrita_mydata	collapsed_into_retained_path	N0369			21.867400	
N0367	Ancistroides_gemmifer_kawahara2023	1	N0366	21.867398	91.504601	1	Ancistroides_gemmifer_kawahara2023	0		excluded_no_selected_descendants				0.000002	
N0368	100/100	0	N0366	4.111399	73.748602	8	Ancistroides_longicornis_kawahara2023;Ancistroides_nigrita_mydata;Notocrypta_curvifascia_corinda_kawahara2023;Notocrypta_feisthamelii_kawahara2023;Notocrypta_feisthamelii_ncbi;Notocrypta_paralysos_mydata;Udaspes_folus_kawahara2023;Udaspes_folus_mydata	1	Ancistroides_nigrita_mydata	collapsed_into_retained_path	N0369			17.756001	
N0369	Ancistroides_nigrita_mydata	1	N0368	17.755999	91.504601	1	Ancistroides_nigrita_mydata	1	Ancistroides_nigrita_mydata	retained_node	N0369	33.126396	N0366;N0368;N0369	0.000002	0.000002
N0370	100/100	0	N0368	6.238571	79.987173	7	Ancistroides_longicornis_kawahara2023;Notocrypta_curvifascia_corinda_kawahara2023;Notocrypta_feisthamelii_kawahara2023;Notocrypta_feisthamelii_ncbi;Notocrypta_paralysos_mydata;Udaspes_folus_kawahara2023;Udaspes_folus_mydata	0		excluded_no_selected_descendants				11.517430	
N0371	100/100	0	N0370	9.933028	89.920201	2	Udaspes_folus_kawahara2023;Udaspes_folus_mydata	0		excluded_no_selected_descendants				1.584402	
N0372	Udaspes_folus_mydata	1	N0371	1.584400	91.504601	1	Udaspes_folus_mydata	0		excluded_no_selected_descendants				0.000002	
N0373	Udaspes_folus_kawahara2023	1	N0371	1.584400	91.504601	1	Udaspes_folus_kawahara2023	0		excluded_no_selected_descendants				0.000002	
N0374	100/100	0	N0370	1.071823	81.058996	5	Ancistroides_longicornis_kawahara2023;Notocrypta_curvifascia_corinda_kawahara2023;Notocrypta_feisthamelii_kawahara2023;Notocrypta_feisthamelii_ncbi;Notocrypta_paralysos_mydata	0		excluded_no_selected_descendants				10.445607	
N0375	Ancistroides_longicornis_kawahara2023	1	N0374	10.445605	91.504601	1	Ancistroides_longicornis_kawahara2023	0		excluded_no_selected_descendants				0.000002	
N0376	100/100	0	N0374	0.881372	81.940368	4	Notocrypta_curvifascia_corinda_kawahara2023;Notocrypta_feisthamelii_kawahara2023;Notocrypta_feisthamelii_ncbi;Notocrypta_paralysos_mydata	0		excluded_no_selected_descendants				9.564235	
N0377	Notocrypta_paralysos_mydata	1	N0376	9.564233	91.504601	1	Notocrypta_paralysos_mydata	0		excluded_no_selected_descendants				0.000002	
N0378	100/100	0	N0376	0.956752	82.897120	3	Notocrypta_curvifascia_corinda_kawahara2023;Notocrypta_feisthamelii_kawahara2023;Notocrypta_feisthamelii_ncbi	0		excluded_no_selected_descendants				8.607483	
N0379	Notocrypta_curvifascia_corinda_kawahara2023	1	N0378	8.607481	91.504601	1	Notocrypta_curvifascia_corinda_kawahara2023	0		excluded_no_selected_descendants				0.000002	
N0380	100/100	0	N0378	3.708795	86.605915	2	Notocrypta_feisthamelii_kawahara2023;Notocrypta_feisthamelii_ncbi	0		excluded_no_selected_descendants				4.898688	
N0381	Notocrypta_feisthamelii_kawahara2023	1	N0380	4.898686	91.504601	1	Notocrypta_feisthamelii_kawahara2023	0		excluded_no_selected_descendants				0.000002	
N0382	Notocrypta_feisthamelii_ncbi	1	N0380	4.898686	91.504601	1	Notocrypta_feisthamelii_ncbi	0		excluded_no_selected_descendants				0.000002	
N0383	100/97	0	N0365	0.227772	58.605977	304	Adlerodea_petrovna_kawahara2023;Adopaeoides_prittwitzi_kawahara2023;Agathymus_aryxna_kawahara2023;Agathymus_mariae_kawahara2023;Agathymus_mariae_mariae_ncbi;Aides_duma_argyrina_kawahara2023;Alychna_victa_kawahara2023;Alychna_victa_ncbi;Amblyscirtes_belli_ncbi;Amblyscirtes_celia_ncbi;Amblyscirtes_elissa_ncbi;Amblyscirtes_eos_kawahara2023;Amblyscirtes_florus_kawahara2023;Amblyscirtes_simius_kawahara2023;Anatrytone_logan_kawahara2023;Ancyloxypha_numitor_kawahara2023;Anthoptus_epictetus_kawahara2023;Anthoptus_insignis_kawahara2023;Anthoptus_insignis_ncbi;Anthoptus_sp._kawahara2023;Apaustus_gracilis_kawahara2023;Appia_appia_kawahara2023;Argon_lota_kawahara2023;Aroma_aroma_kawahara2023;Arotis_derasa_brunnea_kawahara2023;Artines_rica_kawahara2023;Asbolis_capucinus_kawahara2023;Asbolis_capucinus_ncbi;Atalopedes_campestris_kawahara2023;Atrytone_arogos_iowa_kawahara2023;Atrytonopsis_edwardsi_kawahara2023;Atrytonopsis_hianna_hianna_ncbi;Atrytonopsis_hianna_kawahara2023;Baoris_farri_farri_kawahara2023;Baoris_farri_mydata;Baoris_oceia_kawahara2023;Borbo_borbonica_kawahara2023;Borbo_cinnara_kawahara2023;Borbo_cinnara_mydata;Brusa_saxicola_kawahara2023;Buzyges_idothea_kawahara2023;Callimormus_radiola_kawahara2023;Calpodes_ethlius_kawahara2023;Calpodes_ethlius_ncbi;Caltoris_cahira_mydata;Caltoris_cormasa_kawahara2023;Caltoris_sirius_fusca_ncbi;Caltoris_sirius_kawahara2023;Cantha_calva_kawahara2023;Carystina_aurifer_kawahara2023;Carystoides_escalantei_kawahara2023;Carystus_phorcus_kawahara2023;Carystus_phorcus_ncbi;Chalcone_briquenydan_chalcone_kawahara2023;Choranthus_haitensis_kawahara2023;Choranthus_radians_kawahara2023;Choranthus_vitellius_ncbi;Cobaloides_argus_kawahara2023;Cobalopsis_miaba_kawahara2023;Cobalus_calvina_kawahara2023;Conga_chydaea_kawahara2023;Conga_zela_kawahara2023;Copaeodes_aurantiaca_kawahara2023;Copaeodes_aurantiaca_ncbi;Corticea_corticea_kawahara2023;Cumbre_cumbre_kawahara2023;Cyclosma_sp._kawahara2023;Cymaenes_tripunctata_kawahara2023;Cynea_cynea_kawahara2023;Cynea_diluta_kawahara2023;Damas_clavus_kawahara2023;Decinea_decinea_kawahara2023;Dion_gemmatus_kawahara2023;Dubiella_dubius_kawahara2023;Duroca_duroca_duroca_ncbi;Duroca_duroca_kawahara2023;Ebusus_ebusus_kawahara2023;Eetion_elia_kawahara2023;Enosis_sp._kawahara2023;Eprius_veleda_kawahara2023;Euphyes_arpa_kawahara2023;Euphyes_dion_kawahara2023;Eutocus_sp._kawahara2023;Eutychide_physcella_kawahara2023;Evansiella_cordela_kawahara2023;Falga_jeconia_kawahara2023;Flaccilla_aecas_kawahara2023;Gallio_carasta_kawahara2023;Gegenes_nostrodamus_ncbi;Gegenes_pumilio_kawahara2023;Ginungagapus_fiedleri_kawahara2023;Ginungagapus_ranesus_kawahara2023;Halotus_rica_kawahara2023;Hansa_devergens_hydra_kawahara2023;Hesperia_attalus_slossonae_ncbi;Hesperia_balcones_ncbi;Hesperia_colorado_sublima_ncbi;Hesperia_comma_kawahara2023;Hesperia_comma_ncbi;Hesperia_dacotae_ncbi;Hesperia_meskei_kawahara2023;Hesperia_meskei_straton_ncbi;Hesperia_nevada_nevada_ncbi;Hesperia_pahaska_williamsi_ncbi;Hesperia_viridis_ncbi;Hesperia_woodgatei_ncbi;Hylephila_phyleus_ncbi;Iambrix_salsala_kawahara2023;Iambrix_salsala_mydata;Idmon_distanti_kawahara2023;Idmon_fujianana_mydata;Isma_bononia_idyalis_kawahara2023;Isma_protoclea_iapis_kawahara2023;Iton_semamora_semamora_kawahara2023;Iton_watsonii_mydata;Joanna_joanna_kawahara2023;Koruthaialos_butleri_kawahara2023;Koruthaialos_rubecula_mydata;Koruthaialos_rubecula_rubecula_kawahara2023;Lamponia_lamponia_kawahara2023;Lento_lento_kawahara2023;Lerema_accius_kawahara2023;Lerema_lineosa_ncbi;Lerema_liris_ncbi;Lerodea_eufala_kawahara2023;Levina_levina_kawahara2023;Libra_aligula_aligula_kawahara2023;Librita_librita_kawahara2023;Lindra_brasus_kawahara2023;Lon_zabulon_kawahara2023;Lucida_lucia_kawahara2023;Lycas_argentea_kawahara2023;Lycas_argentea_ncbi;Lychnuchoides_ozias_ncbi;Lychnuchoides_ozias_ozias_kawahara2023;Lychnuchus_celsus_kawahara2023;Megathymus_streckeri_leussleri_kawahara2023;Megathymus_ursus_deserti_ncbi;Megathymus_ursus_kawahara2023;Megathymus_ursus_ursus_ncbi;Megathymus_violae_ncbi;Megathymus_yuccae_yuccae_ncbi;Methion_melas_kawahara2023;Methionopsis_ina_kawahara2023;Metron_oropa_kawahara2023;Miltomiges_cinnamomea_kawahara2023;Misius_misius_kawahara2023;Mnaseas_bicolor_kawahara2023;Mnasicles_geta_kawahara2023;Mnasilus_allubita_kawahara2023;Mnasinous_patage_kawahara2023;Mnasitheus_chrysophrys_kawahara2023;Mnestheus_ittona_kawahara2023;Moeris_striga_striga_kawahara2023;Moeros_moeros_kawahara2023;Molla_molla_kawahara2023;Molo_mango_kawahara2023;Molo_mango_ncbi;Monca_branca_kawahara2023;Morys_compta_kawahara2023;Mucia_zygia_kawahara2023;Naevolus_orius_kawahara2023;Nastra_julia_kawahara2023;Nastra_julia_ncbi;Neoxeniades_braesia_kawahara2023;Niconiades_incomptus_kawahara2023;Niconiades_incomptus_ncbi;Niconiades_xanthaphes_kawahara2023;Notamblyscirtes_simius_ncbi;Nyctelius_nyctelius_kawahara2023;Oarisma_garita_kawahara2023;Oarisma_garita_ncbi;Oarisma_powesheik_ncbi;Ochlodes_bouddha_mydata;Ochlodes_sylvanoides_omnigena_kawahara2023;Ochlodes_sylvanus_ncbi;Ochlodes_thibetana_mydata;Oligoria_maculata_kawahara2023;Onespa_gala_kawahara2023;Onophas_columbaria_kawahara2023;Orphe_gerasa_kawahara2023;Orphe_vatinius_kawahara2023;Orses_cynisca_kawahara2023;Orses_cynisca_ncbi;Orthos_trinka_kawahara2023;Oxynthes_corusca_kawahara2023;Pamba_boyaca_kawahara2023;Panca_subpunctuli_kawahara2023;Panoquina_ocola_ocola_kawahara2023;Panoquina_ocola_ocola_ncbi;Panoquina_panoquin_kawahara2023;Papias_subcostulata_kawahara2023;Papias_trimacula_kawahara2023;Paracarystus_hypargyra_kawahara2023;Parachoranthus_magdalia_kawahara2023;Paratrytone_snowi_kawahara2023;Parnara_apostata_apostata_kawahara2023;Parnara_apostata_apostata_mydata;Parnara_guttata_kawahara2023;Parnara_guttata_mydata;Parphorus_storax_s._kawahara2023;Peba_verames_kawahara2023;Pelopidas_agna_ncbi;Pelopidas_mathias_kawahara2023;Pelopidas_mathias_mydata;Pelopidas_sinensis_mydata;Perichares_adela_kawahara2023;Perichares_adela_mydata;Perichares_lotus_kawahara2023;Phanes_abaris_kawahara2023;Phemiades_pohli_cidra_kawahara2023;Pheraeus_odilia_argus_kawahara2023;Polites_baracoa_baracoa_ncbi;Polites_carus_ncbi;Polites_draco_ncbi;Polites_mardon_ncbi;Polites_mystic_mydata;Polites_origenes_origenes_mydata;Polites_peckius_peckius_ncbi;Polites_rhesus_ncbi;Polites_sabuleti_sabuleti_ncbi;Polites_sonora_mydata;Polites_themistocles_turneri_ncbi;Polites_vibex_kawahara2023;Polites_vibex_praeceps_ncbi;Polytremis_eltola_mydata;Polytremis_lubricans_lubricans_kawahara2023;Polytremis_nascens_mydata;Polytremis_theca_mydata;Pompeius_amblyspila_ncbi;Pompeius_pompeius_kawahara2023;Pompeius_pompeius_ncbi;Problema_byssus_kawahara2023;Propapias_sipariana_kawahara2023;Propertius_dejongi_kawahara2023;Prusiana_prusias_kawahara2023;Pseudocopaeodes_eunus_kawahara2023;Psolos_fuligo_fuligo_kawahara2023;Psoralis_stacara_kawahara2023;Punta_punta_kawahara2023;Pyrrhocalles_antiqua_antiqua_kawahara2023;Pyrrhopygopsis_socrates_crates_kawahara2023;Quasimellana_antipazina_kawahara2023;Quinta_cannae_kawahara2023;Racta_chiria_kawahara2023;Racta_sp._kawahara2023;Remella_rita_kawahara2023;Rhinthon_cubana_kawahara2023;Rigga_hesia_kawahara2023;Rufocumbre_eberti_kawahara2023;Saliana_esperi_kawahara2023;Saniba_sabina_kawahara2023;Saturnus_metonidia_kawahara2023;Serdis_viridicans_kawahara2023;Sodalia_sodalis_kawahara2023;Stallingsia_maculosus_kawahara2023;Stimula_swinhoei_kawahara2023;Stinga_morrisoni_kawahara2023;Styriodes_quadrinotata_kawahara2023;Synale_cynaxa_kawahara2023;Synapte_salenus_salenus_kawahara2023;Synapte_silius_kawahara2023;Talides_sinois_kawahara2023;Tellona_variegata_kawahara2023;Thargella_evansi_kawahara2023;Thespieus_dalman_kawahara2023;Thespieus_ethemides_mydata;Thespieus_macareus_kawahara2023;Thoon_modius_kawahara2023;Thracides_phidon_kawahara2023;Thymelicus_lineola_kawahara2023;Thymelicus_lineola_ncbi;Thymelicus_sylvestris_ncbi;Tigasis_arita_kawahara2023;Tirynthia_conflua_kawahara2023;Tirynthoides_lotana_kawahara2023;Tricrista_advena_kawahara2023;Tromba_tromba_kawahara2023;Troyus_aurelius_ncbi;Troyus_diversus_maeon_ncbi;Troyus_fantasos_ncbi;Troyus_marcus_ncbi;Turesis_theste_kawahara2023;Vacerra_bonfilius_kawahara2023;Vehilius_celeus_kawahara2023;Venas_evans_kawahara2023;Vernia_verna_kawahara2023;Vernia_verna_ncbi;Vertica_verticalis_coatepeca_kawahara2023;Vettius_lafrenaye_kawahara2023;Vidius_catarinae_kawahara2023;Vinius_letis_kawahara2023;Virga_austrinus_kawahara2023;Wahydra_kenava_kawahara2023;Wahydra_kenava_ncbi;Wahydra_sp._kawahara2023;Wallengrenia_egeremet_ncbi;Wallengrenia_otho_ncbi;Wallengrenia_otho_otho_kawahara2023;Wallengrenia_premnas_kawahara2023;Xeniades_orchamus_kawahara2023;Zariaspes_mys_kawahara2023;Zenis_jebus_kawahara2023;Zenonia_zeno_kawahara2023	5	Idmon_fujianana_mydata;Ochlodes_bouddha_mydata;Perichares_adela_mydata;Polytremis_eltola_mydata;Polytremis_theca_mydata	retained_node	N0383	0.227772	N0383	32.898626	32.898626
N0384	100/97	0	N0383	1.575256	60.181233	7	Eetion_elia_kawahara2023;Iambrix_salsala_kawahara2023;Iambrix_salsala_mydata;Idmon_distanti_kawahara2023;Idmon_fujianana_mydata;Isma_bononia_idyalis_kawahara2023;Isma_protoclea_iapis_kawahara2023	1	Idmon_fujianana_mydata	collapsed_into_retained_path	N0395			31.323370	
N0385	Eetion_elia_kawahara2023	1	N0384	31.323368	91.504601	1	Eetion_elia_kawahara2023	0		excluded_no_selected_descendants				0.000002	
N0386	100/100	0	N0384	4.659794	64.841027	6	Iambrix_salsala_kawahara2023;Iambrix_salsala_mydata;Idmon_distanti_kawahara2023;Idmon_fujianana_mydata;Isma_bononia_idyalis_kawahara2023;Isma_protoclea_iapis_kawahara2023	1	Idmon_fujianana_mydata	collapsed_into_retained_path	N0395			26.663576	
N0387	100/100	0	N0386	25.619784	90.460811	2	Iambrix_salsala_kawahara2023;Iambrix_salsala_mydata	0		excluded_no_selected_descendants				1.043792	
N0388	Iambrix_salsala_kawahara2023	1	N0387	1.043789	91.504600	1	Iambrix_salsala_kawahara2023	0		excluded_no_selected_descendants				0.000003	
N0389	Iambrix_salsala_mydata	1	N0387	1.043789	91.504600	1	Iambrix_salsala_mydata	0		excluded_no_selected_descendants				0.000003	
N0390	100/100	0	N0386	9.951142	74.792169	4	Idmon_distanti_kawahara2023;Idmon_fujianana_mydata;Isma_bononia_idyalis_kawahara2023;Isma_protoclea_iapis_kawahara2023	1	Idmon_fujianana_mydata	collapsed_into_retained_path	N0395			16.712434	
N0391	100/100	0	N0390	7.899234	82.691403	2	Isma_bononia_idyalis_kawahara2023;Isma_protoclea_iapis_kawahara2023	0		excluded_no_selected_descendants				8.813200	
N0392	Isma_protoclea_iapis_kawahara2023	1	N0391	8.813197	91.504600	1	Isma_protoclea_iapis_kawahara2023	0		excluded_no_selected_descendants				0.000003	
N0393	Isma_bononia_idyalis_kawahara2023	1	N0391	8.813197	91.504600	1	Isma_bononia_idyalis_kawahara2023	0		excluded_no_selected_descendants				0.000003	
N0394	100/100	0	N0390	8.227214	83.019383	2	Idmon_distanti_kawahara2023;Idmon_fujianana_mydata	1	Idmon_fujianana_mydata	collapsed_into_retained_path	N0395			8.485220	
N0395	Idmon_fujianana_mydata	1	N0394	8.485218	91.504601	1	Idmon_fujianana_mydata	1	Idmon_fujianana_mydata	retained_node	N0395	32.898624	N0384;N0386;N0390;N0394;N0395	0.000002	0.000002
N0396	Idmon_distanti_kawahara2023	1	N0394	8.485218	91.504601	1	Idmon_distanti_kawahara2023	0		excluded_no_selected_descendants				0.000002	
N0397	99.9/100	0	N0383	0.444879	59.050856	297	Adlerodea_petrovna_kawahara2023;Adopaeoides_prittwitzi_kawahara2023;Agathymus_aryxna_kawahara2023;Agathymus_mariae_kawahara2023;Agathymus_mariae_mariae_ncbi;Aides_duma_argyrina_kawahara2023;Alychna_victa_kawahara2023;Alychna_victa_ncbi;Amblyscirtes_belli_ncbi;Amblyscirtes_celia_ncbi;Amblyscirtes_elissa_ncbi;Amblyscirtes_eos_kawahara2023;Amblyscirtes_florus_kawahara2023;Amblyscirtes_simius_kawahara2023;Anatrytone_logan_kawahara2023;Ancyloxypha_numitor_kawahara2023;Anthoptus_epictetus_kawahara2023;Anthoptus_insignis_kawahara2023;Anthoptus_insignis_ncbi;Anthoptus_sp._kawahara2023;Apaustus_gracilis_kawahara2023;Appia_appia_kawahara2023;Argon_lota_kawahara2023;Aroma_aroma_kawahara2023;Arotis_derasa_brunnea_kawahara2023;Artines_rica_kawahara2023;Asbolis_capucinus_kawahara2023;Asbolis_capucinus_ncbi;Atalopedes_campestris_kawahara2023;Atrytone_arogos_iowa_kawahara2023;Atrytonopsis_edwardsi_kawahara2023;Atrytonopsis_hianna_hianna_ncbi;Atrytonopsis_hianna_kawahara2023;Baoris_farri_farri_kawahara2023;Baoris_farri_mydata;Baoris_oceia_kawahara2023;Borbo_borbonica_kawahara2023;Borbo_cinnara_kawahara2023;Borbo_cinnara_mydata;Brusa_saxicola_kawahara2023;Buzyges_idothea_kawahara2023;Callimormus_radiola_kawahara2023;Calpodes_ethlius_kawahara2023;Calpodes_ethlius_ncbi;Caltoris_cahira_mydata;Caltoris_cormasa_kawahara2023;Caltoris_sirius_fusca_ncbi;Caltoris_sirius_kawahara2023;Cantha_calva_kawahara2023;Carystina_aurifer_kawahara2023;Carystoides_escalantei_kawahara2023;Carystus_phorcus_kawahara2023;Carystus_phorcus_ncbi;Chalcone_briquenydan_chalcone_kawahara2023;Choranthus_haitensis_kawahara2023;Choranthus_radians_kawahara2023;Choranthus_vitellius_ncbi;Cobaloides_argus_kawahara2023;Cobalopsis_miaba_kawahara2023;Cobalus_calvina_kawahara2023;Conga_chydaea_kawahara2023;Conga_zela_kawahara2023;Copaeodes_aurantiaca_kawahara2023;Copaeodes_aurantiaca_ncbi;Corticea_corticea_kawahara2023;Cumbre_cumbre_kawahara2023;Cyclosma_sp._kawahara2023;Cymaenes_tripunctata_kawahara2023;Cynea_cynea_kawahara2023;Cynea_diluta_kawahara2023;Damas_clavus_kawahara2023;Decinea_decinea_kawahara2023;Dion_gemmatus_kawahara2023;Dubiella_dubius_kawahara2023;Duroca_duroca_duroca_ncbi;Duroca_duroca_kawahara2023;Ebusus_ebusus_kawahara2023;Enosis_sp._kawahara2023;Eprius_veleda_kawahara2023;Euphyes_arpa_kawahara2023;Euphyes_dion_kawahara2023;Eutocus_sp._kawahara2023;Eutychide_physcella_kawahara2023;Evansiella_cordela_kawahara2023;Falga_jeconia_kawahara2023;Flaccilla_aecas_kawahara2023;Gallio_carasta_kawahara2023;Gegenes_nostrodamus_ncbi;Gegenes_pumilio_kawahara2023;Ginungagapus_fiedleri_kawahara2023;Ginungagapus_ranesus_kawahara2023;Halotus_rica_kawahara2023;Hansa_devergens_hydra_kawahara2023;Hesperia_attalus_slossonae_ncbi;Hesperia_balcones_ncbi;Hesperia_colorado_sublima_ncbi;Hesperia_comma_kawahara2023;Hesperia_comma_ncbi;Hesperia_dacotae_ncbi;Hesperia_meskei_kawahara2023;Hesperia_meskei_straton_ncbi;Hesperia_nevada_nevada_ncbi;Hesperia_pahaska_williamsi_ncbi;Hesperia_viridis_ncbi;Hesperia_woodgatei_ncbi;Hylephila_phyleus_ncbi;Iton_semamora_semamora_kawahara2023;Iton_watsonii_mydata;Joanna_joanna_kawahara2023;Koruthaialos_butleri_kawahara2023;Koruthaialos_rubecula_mydata;Koruthaialos_rubecula_rubecula_kawahara2023;Lamponia_lamponia_kawahara2023;Lento_lento_kawahara2023;Lerema_accius_kawahara2023;Lerema_lineosa_ncbi;Lerema_liris_ncbi;Lerodea_eufala_kawahara2023;Levina_levina_kawahara2023;Libra_aligula_aligula_kawahara2023;Librita_librita_kawahara2023;Lindra_brasus_kawahara2023;Lon_zabulon_kawahara2023;Lucida_lucia_kawahara2023;Lycas_argentea_kawahara2023;Lycas_argentea_ncbi;Lychnuchoides_ozias_ncbi;Lychnuchoides_ozias_ozias_kawahara2023;Lychnuchus_celsus_kawahara2023;Megathymus_streckeri_leussleri_kawahara2023;Megathymus_ursus_deserti_ncbi;Megathymus_ursus_kawahara2023;Megathymus_ursus_ursus_ncbi;Megathymus_violae_ncbi;Megathymus_yuccae_yuccae_ncbi;Methion_melas_kawahara2023;Methionopsis_ina_kawahara2023;Metron_oropa_kawahara2023;Miltomiges_cinnamomea_kawahara2023;Misius_misius_kawahara2023;Mnaseas_bicolor_kawahara2023;Mnasicles_geta_kawahara2023;Mnasilus_allubita_kawahara2023;Mnasinous_patage_kawahara2023;Mnasitheus_chrysophrys_kawahara2023;Mnestheus_ittona_kawahara2023;Moeris_striga_striga_kawahara2023;Moeros_moeros_kawahara2023;Molla_molla_kawahara2023;Molo_mango_kawahara2023;Molo_mango_ncbi;Monca_branca_kawahara2023;Morys_compta_kawahara2023;Mucia_zygia_kawahara2023;Naevolus_orius_kawahara2023;Nastra_julia_kawahara2023;Nastra_julia_ncbi;Neoxeniades_braesia_kawahara2023;Niconiades_incomptus_kawahara2023;Niconiades_incomptus_ncbi;Niconiades_xanthaphes_kawahara2023;Notamblyscirtes_simius_ncbi;Nyctelius_nyctelius_kawahara2023;Oarisma_garita_kawahara2023;Oarisma_garita_ncbi;Oarisma_powesheik_ncbi;Ochlodes_bouddha_mydata;Ochlodes_sylvanoides_omnigena_kawahara2023;Ochlodes_sylvanus_ncbi;Ochlodes_thibetana_mydata;Oligoria_maculata_kawahara2023;Onespa_gala_kawahara2023;Onophas_columbaria_kawahara2023;Orphe_gerasa_kawahara2023;Orphe_vatinius_kawahara2023;Orses_cynisca_kawahara2023;Orses_cynisca_ncbi;Orthos_trinka_kawahara2023;Oxynthes_corusca_kawahara2023;Pamba_boyaca_kawahara2023;Panca_subpunctuli_kawahara2023;Panoquina_ocola_ocola_kawahara2023;Panoquina_ocola_ocola_ncbi;Panoquina_panoquin_kawahara2023;Papias_subcostulata_kawahara2023;Papias_trimacula_kawahara2023;Paracarystus_hypargyra_kawahara2023;Parachoranthus_magdalia_kawahara2023;Paratrytone_snowi_kawahara2023;Parnara_apostata_apostata_kawahara2023;Parnara_apostata_apostata_mydata;Parnara_guttata_kawahara2023;Parnara_guttata_mydata;Parphorus_storax_s._kawahara2023;Peba_verames_kawahara2023;Pelopidas_agna_ncbi;Pelopidas_mathias_kawahara2023;Pelopidas_mathias_mydata;Pelopidas_sinensis_mydata;Perichares_adela_kawahara2023;Perichares_adela_mydata;Perichares_lotus_kawahara2023;Phanes_abaris_kawahara2023;Phemiades_pohli_cidra_kawahara2023;Pheraeus_odilia_argus_kawahara2023;Polites_baracoa_baracoa_ncbi;Polites_carus_ncbi;Polites_draco_ncbi;Polites_mardon_ncbi;Polites_mystic_mydata;Polites_origenes_origenes_mydata;Polites_peckius_peckius_ncbi;Polites_rhesus_ncbi;Polites_sabuleti_sabuleti_ncbi;Polites_sonora_mydata;Polites_themistocles_turneri_ncbi;Polites_vibex_kawahara2023;Polites_vibex_praeceps_ncbi;Polytremis_eltola_mydata;Polytremis_lubricans_lubricans_kawahara2023;Polytremis_nascens_mydata;Polytremis_theca_mydata;Pompeius_amblyspila_ncbi;Pompeius_pompeius_kawahara2023;Pompeius_pompeius_ncbi;Problema_byssus_kawahara2023;Propapias_sipariana_kawahara2023;Propertius_dejongi_kawahara2023;Prusiana_prusias_kawahara2023;Pseudocopaeodes_eunus_kawahara2023;Psolos_fuligo_fuligo_kawahara2023;Psoralis_stacara_kawahara2023;Punta_punta_kawahara2023;Pyrrhocalles_antiqua_antiqua_kawahara2023;Pyrrhopygopsis_socrates_crates_kawahara2023;Quasimellana_antipazina_kawahara2023;Quinta_cannae_kawahara2023;Racta_chiria_kawahara2023;Racta_sp._kawahara2023;Remella_rita_kawahara2023;Rhinthon_cubana_kawahara2023;Rigga_hesia_kawahara2023;Rufocumbre_eberti_kawahara2023;Saliana_esperi_kawahara2023;Saniba_sabina_kawahara2023;Saturnus_metonidia_kawahara2023;Serdis_viridicans_kawahara2023;Sodalia_sodalis_kawahara2023;Stallingsia_maculosus_kawahara2023;Stimula_swinhoei_kawahara2023;Stinga_morrisoni_kawahara2023;Styriodes_quadrinotata_kawahara2023;Synale_cynaxa_kawahara2023;Synapte_salenus_salenus_kawahara2023;Synapte_silius_kawahara2023;Talides_sinois_kawahara2023;Tellona_variegata_kawahara2023;Thargella_evansi_kawahara2023;Thespieus_dalman_kawahara2023;Thespieus_ethemides_mydata;Thespieus_macareus_kawahara2023;Thoon_modius_kawahara2023;Thracides_phidon_kawahara2023;Thymelicus_lineola_kawahara2023;Thymelicus_lineola_ncbi;Thymelicus_sylvestris_ncbi;Tigasis_arita_kawahara2023;Tirynthia_conflua_kawahara2023;Tirynthoides_lotana_kawahara2023;Tricrista_advena_kawahara2023;Tromba_tromba_kawahara2023;Troyus_aurelius_ncbi;Troyus_diversus_maeon_ncbi;Troyus_fantasos_ncbi;Troyus_marcus_ncbi;Turesis_theste_kawahara2023;Vacerra_bonfilius_kawahara2023;Vehilius_celeus_kawahara2023;Venas_evans_kawahara2023;Vernia_verna_kawahara2023;Vernia_verna_ncbi;Vertica_verticalis_coatepeca_kawahara2023;Vettius_lafrenaye_kawahara2023;Vidius_catarinae_kawahara2023;Vinius_letis_kawahara2023;Virga_austrinus_kawahara2023;Wahydra_kenava_kawahara2023;Wahydra_kenava_ncbi;Wahydra_sp._kawahara2023;Wallengrenia_egeremet_ncbi;Wallengrenia_otho_ncbi;Wallengrenia_otho_otho_kawahara2023;Wallengrenia_premnas_kawahara2023;Xeniades_orchamus_kawahara2023;Zariaspes_mys_kawahara2023;Zenis_jebus_kawahara2023;Zenonia_zeno_kawahara2023	4	Ochlodes_bouddha_mydata;Perichares_adela_mydata;Polytremis_eltola_mydata;Polytremis_theca_mydata	collapsed_into_retained_path	N0407			32.453747	
N0398	100/100	0	N0397	14.152129	73.202985	5	Koruthaialos_butleri_kawahara2023;Koruthaialos_rubecula_mydata;Koruthaialos_rubecula_rubecula_kawahara2023;Psolos_fuligo_fuligo_kawahara2023;Stimula_swinhoei_kawahara2023	0		excluded_no_selected_descendants				18.301618	
N0399	Psolos_fuligo_fuligo_kawahara2023	1	N0398	18.301616	91.504601	1	Psolos_fuligo_fuligo_kawahara2023	0		excluded_no_selected_descendants				0.000002	
N0400	100/100	0	N0398	10.154783	83.357768	4	Koruthaialos_butleri_kawahara2023;Koruthaialos_rubecula_mydata;Koruthaialos_rubecula_rubecula_kawahara2023;Stimula_swinhoei_kawahara2023	0		excluded_no_selected_descendants				8.146835	
N0401	100/100	0	N0400	6.770132	90.127900	2	Koruthaialos_rubecula_mydata;Koruthaialos_rubecula_rubecula_kawahara2023	0		excluded_no_selected_descendants				1.376703	
N0402	Koruthaialos_rubecula_mydata	1	N0401	1.376701	91.504601	1	Koruthaialos_rubecula_mydata	0		excluded_no_selected_descendants				0.000002	
N0403	Koruthaialos_rubecula_rubecula_kawahara2023	1	N0401	1.376701	91.504601	1	Koruthaialos_rubecula_rubecula_kawahara2023	0		excluded_no_selected_descendants				0.000002	
N0404	100/100	0	N0400	3.593981	86.951749	2	Koruthaialos_butleri_kawahara2023;Stimula_swinhoei_kawahara2023	0		excluded_no_selected_descendants				4.552854	
N0405	Stimula_swinhoei_kawahara2023	1	N0404	4.552852	91.504601	1	Stimula_swinhoei_kawahara2023	0		excluded_no_selected_descendants				0.000002	
N0406	Koruthaialos_butleri_kawahara2023	1	N0404	4.552852	91.504601	1	Koruthaialos_butleri_kawahara2023	0		excluded_no_selected_descendants				0.000002	
N0407	100/100	0	N0397	1.220239	60.271095	292	Adlerodea_petrovna_kawahara2023;Adopaeoides_prittwitzi_kawahara2023;Agathymus_aryxna_kawahara2023;Agathymus_mariae_kawahara2023;Agathymus_mariae_mariae_ncbi;Aides_duma_argyrina_kawahara2023;Alychna_victa_kawahara2023;Alychna_victa_ncbi;Amblyscirtes_belli_ncbi;Amblyscirtes_celia_ncbi;Amblyscirtes_elissa_ncbi;Amblyscirtes_eos_kawahara2023;Amblyscirtes_florus_kawahara2023;Amblyscirtes_simius_kawahara2023;Anatrytone_logan_kawahara2023;Ancyloxypha_numitor_kawahara2023;Anthoptus_epictetus_kawahara2023;Anthoptus_insignis_kawahara2023;Anthoptus_insignis_ncbi;Anthoptus_sp._kawahara2023;Apaustus_gracilis_kawahara2023;Appia_appia_kawahara2023;Argon_lota_kawahara2023;Aroma_aroma_kawahara2023;Arotis_derasa_brunnea_kawahara2023;Artines_rica_kawahara2023;Asbolis_capucinus_kawahara2023;Asbolis_capucinus_ncbi;Atalopedes_campestris_kawahara2023;Atrytone_arogos_iowa_kawahara2023;Atrytonopsis_edwardsi_kawahara2023;Atrytonopsis_hianna_hianna_ncbi;Atrytonopsis_hianna_kawahara2023;Baoris_farri_farri_kawahara2023;Baoris_farri_mydata;Baoris_oceia_kawahara2023;Borbo_borbonica_kawahara2023;Borbo_cinnara_kawahara2023;Borbo_cinnara_mydata;Brusa_saxicola_kawahara2023;Buzyges_idothea_kawahara2023;Callimormus_radiola_kawahara2023;Calpodes_ethlius_kawahara2023;Calpodes_ethlius_ncbi;Caltoris_cahira_mydata;Caltoris_cormasa_kawahara2023;Caltoris_sirius_fusca_ncbi;Caltoris_sirius_kawahara2023;Cantha_calva_kawahara2023;Carystina_aurifer_kawahara2023;Carystoides_escalantei_kawahara2023;Carystus_phorcus_kawahara2023;Carystus_phorcus_ncbi;Chalcone_briquenydan_chalcone_kawahara2023;Choranthus_haitensis_kawahara2023;Choranthus_radians_kawahara2023;Choranthus_vitellius_ncbi;Cobaloides_argus_kawahara2023;Cobalopsis_miaba_kawahara2023;Cobalus_calvina_kawahara2023;Conga_chydaea_kawahara2023;Conga_zela_kawahara2023;Copaeodes_aurantiaca_kawahara2023;Copaeodes_aurantiaca_ncbi;Corticea_corticea_kawahara2023;Cumbre_cumbre_kawahara2023;Cyclosma_sp._kawahara2023;Cymaenes_tripunctata_kawahara2023;Cynea_cynea_kawahara2023;Cynea_diluta_kawahara2023;Damas_clavus_kawahara2023;Decinea_decinea_kawahara2023;Dion_gemmatus_kawahara2023;Dubiella_dubius_kawahara2023;Duroca_duroca_duroca_ncbi;Duroca_duroca_kawahara2023;Ebusus_ebusus_kawahara2023;Enosis_sp._kawahara2023;Eprius_veleda_kawahara2023;Euphyes_arpa_kawahara2023;Euphyes_dion_kawahara2023;Eutocus_sp._kawahara2023;Eutychide_physcella_kawahara2023;Evansiella_cordela_kawahara2023;Falga_jeconia_kawahara2023;Flaccilla_aecas_kawahara2023;Gallio_carasta_kawahara2023;Gegenes_nostrodamus_ncbi;Gegenes_pumilio_kawahara2023;Ginungagapus_fiedleri_kawahara2023;Ginungagapus_ranesus_kawahara2023;Halotus_rica_kawahara2023;Hansa_devergens_hydra_kawahara2023;Hesperia_attalus_slossonae_ncbi;Hesperia_balcones_ncbi;Hesperia_colorado_sublima_ncbi;Hesperia_comma_kawahara2023;Hesperia_comma_ncbi;Hesperia_dacotae_ncbi;Hesperia_meskei_kawahara2023;Hesperia_meskei_straton_ncbi;Hesperia_nevada_nevada_ncbi;Hesperia_pahaska_williamsi_ncbi;Hesperia_viridis_ncbi;Hesperia_woodgatei_ncbi;Hylephila_phyleus_ncbi;Iton_semamora_semamora_kawahara2023;Iton_watsonii_mydata;Joanna_joanna_kawahara2023;Lamponia_lamponia_kawahara2023;Lento_lento_kawahara2023;Lerema_accius_kawahara2023;Lerema_lineosa_ncbi;Lerema_liris_ncbi;Lerodea_eufala_kawahara2023;Levina_levina_kawahara2023;Libra_aligula_aligula_kawahara2023;Librita_librita_kawahara2023;Lindra_brasus_kawahara2023;Lon_zabulon_kawahara2023;Lucida_lucia_kawahara2023;Lycas_argentea_kawahara2023;Lycas_argentea_ncbi;Lychnuchoides_ozias_ncbi;Lychnuchoides_ozias_ozias_kawahara2023;Lychnuchus_celsus_kawahara2023;Megathymus_streckeri_leussleri_kawahara2023;Megathymus_ursus_deserti_ncbi;Megathymus_ursus_kawahara2023;Megathymus_ursus_ursus_ncbi;Megathymus_violae_ncbi;Megathymus_yuccae_yuccae_ncbi;Methion_melas_kawahara2023;Methionopsis_ina_kawahara2023;Metron_oropa_kawahara2023;Miltomiges_cinnamomea_kawahara2023;Misius_misius_kawahara2023;Mnaseas_bicolor_kawahara2023;Mnasicles_geta_kawahara2023;Mnasilus_allubita_kawahara2023;Mnasinous_patage_kawahara2023;Mnasitheus_chrysophrys_kawahara2023;Mnestheus_ittona_kawahara2023;Moeris_striga_striga_kawahara2023;Moeros_moeros_kawahara2023;Molla_molla_kawahara2023;Molo_mango_kawahara2023;Molo_mango_ncbi;Monca_branca_kawahara2023;Morys_compta_kawahara2023;Mucia_zygia_kawahara2023;Naevolus_orius_kawahara2023;Nastra_julia_kawahara2023;Nastra_julia_ncbi;Neoxeniades_braesia_kawahara2023;Niconiades_incomptus_kawahara2023;Niconiades_incomptus_ncbi;Niconiades_xanthaphes_kawahara2023;Notamblyscirtes_simius_ncbi;Nyctelius_nyctelius_kawahara2023;Oarisma_garita_kawahara2023;Oarisma_garita_ncbi;Oarisma_powesheik_ncbi;Ochlodes_bouddha_mydata;Ochlodes_sylvanoides_omnigena_kawahara2023;Ochlodes_sylvanus_ncbi;Ochlodes_thibetana_mydata;Oligoria_maculata_kawahara2023;Onespa_gala_kawahara2023;Onophas_columbaria_kawahara2023;Orphe_gerasa_kawahara2023;Orphe_vatinius_kawahara2023;Orses_cynisca_kawahara2023;Orses_cynisca_ncbi;Orthos_trinka_kawahara2023;Oxynthes_corusca_kawahara2023;Pamba_boyaca_kawahara2023;Panca_subpunctuli_kawahara2023;Panoquina_ocola_ocola_kawahara2023;Panoquina_ocola_ocola_ncbi;Panoquina_panoquin_kawahara2023;Papias_subcostulata_kawahara2023;Papias_trimacula_kawahara2023;Paracarystus_hypargyra_kawahara2023;Parachoranthus_magdalia_kawahara2023;Paratrytone_snowi_kawahara2023;Parnara_apostata_apostata_kawahara2023;Parnara_apostata_apostata_mydata;Parnara_guttata_kawahara2023;Parnara_guttata_mydata;Parphorus_storax_s._kawahara2023;Peba_verames_kawahara2023;Pelopidas_agna_ncbi;Pelopidas_mathias_kawahara2023;Pelopidas_mathias_mydata;Pelopidas_sinensis_mydata;Perichares_adela_kawahara2023;Perichares_adela_mydata;Perichares_lotus_kawahara2023;Phanes_abaris_kawahara2023;Phemiades_pohli_cidra_kawahara2023;Pheraeus_odilia_argus_kawahara2023;Polites_baracoa_baracoa_ncbi;Polites_carus_ncbi;Polites_draco_ncbi;Polites_mardon_ncbi;Polites_mystic_mydata;Polites_origenes_origenes_mydata;Polites_peckius_peckius_ncbi;Polites_rhesus_ncbi;Polites_sabuleti_sabuleti_ncbi;Polites_sonora_mydata;Polites_themistocles_turneri_ncbi;Polites_vibex_kawahara2023;Polites_vibex_praeceps_ncbi;Polytremis_eltola_mydata;Polytremis_lubricans_lubricans_kawahara2023;Polytremis_nascens_mydata;Polytremis_theca_mydata;Pompeius_amblyspila_ncbi;Pompeius_pompeius_kawahara2023;Pompeius_pompeius_ncbi;Problema_byssus_kawahara2023;Propapias_sipariana_kawahara2023;Propertius_dejongi_kawahara2023;Prusiana_prusias_kawahara2023;Pseudocopaeodes_eunus_kawahara2023;Psoralis_stacara_kawahara2023;Punta_punta_kawahara2023;Pyrrhocalles_antiqua_antiqua_kawahara2023;Pyrrhopygopsis_socrates_crates_kawahara2023;Quasimellana_antipazina_kawahara2023;Quinta_cannae_kawahara2023;Racta_chiria_kawahara2023;Racta_sp._kawahara2023;Remella_rita_kawahara2023;Rhinthon_cubana_kawahara2023;Rigga_hesia_kawahara2023;Rufocumbre_eberti_kawahara2023;Saliana_esperi_kawahara2023;Saniba_sabina_kawahara2023;Saturnus_metonidia_kawahara2023;Serdis_viridicans_kawahara2023;Sodalia_sodalis_kawahara2023;Stallingsia_maculosus_kawahara2023;Stinga_morrisoni_kawahara2023;Styriodes_quadrinotata_kawahara2023;Synale_cynaxa_kawahara2023;Synapte_salenus_salenus_kawahara2023;Synapte_silius_kawahara2023;Talides_sinois_kawahara2023;Tellona_variegata_kawahara2023;Thargella_evansi_kawahara2023;Thespieus_dalman_kawahara2023;Thespieus_ethemides_mydata;Thespieus_macareus_kawahara2023;Thoon_modius_kawahara2023;Thracides_phidon_kawahara2023;Thymelicus_lineola_kawahara2023;Thymelicus_lineola_ncbi;Thymelicus_sylvestris_ncbi;Tigasis_arita_kawahara2023;Tirynthia_conflua_kawahara2023;Tirynthoides_lotana_kawahara2023;Tricrista_advena_kawahara2023;Tromba_tromba_kawahara2023;Troyus_aurelius_ncbi;Troyus_diversus_maeon_ncbi;Troyus_fantasos_ncbi;Troyus_marcus_ncbi;Turesis_theste_kawahara2023;Vacerra_bonfilius_kawahara2023;Vehilius_celeus_kawahara2023;Venas_evans_kawahara2023;Vernia_verna_kawahara2023;Vernia_verna_ncbi;Vertica_verticalis_coatepeca_kawahara2023;Vettius_lafrenaye_kawahara2023;Vidius_catarinae_kawahara2023;Vinius_letis_kawahara2023;Virga_austrinus_kawahara2023;Wahydra_kenava_kawahara2023;Wahydra_kenava_ncbi;Wahydra_sp._kawahara2023;Wallengrenia_egeremet_ncbi;Wallengrenia_otho_ncbi;Wallengrenia_otho_otho_kawahara2023;Wallengrenia_premnas_kawahara2023;Xeniades_orchamus_kawahara2023;Zariaspes_mys_kawahara2023;Zenis_jebus_kawahara2023;Zenonia_zeno_kawahara2023	4	Ochlodes_bouddha_mydata;Perichares_adela_mydata;Polytremis_eltola_mydata;Polytremis_theca_mydata	retained_node	N0407	1.665118	N0397;N0407	31.233508	31.233508
N0408	100/100	0	N0407	9.039329	69.310424	29	Baoris_farri_farri_kawahara2023;Baoris_farri_mydata;Baoris_oceia_kawahara2023;Borbo_borbonica_kawahara2023;Borbo_cinnara_kawahara2023;Borbo_cinnara_mydata;Brusa_saxicola_kawahara2023;Caltoris_cahira_mydata;Caltoris_cormasa_kawahara2023;Caltoris_sirius_fusca_ncbi;Caltoris_sirius_kawahara2023;Gegenes_nostrodamus_ncbi;Gegenes_pumilio_kawahara2023;Iton_semamora_semamora_kawahara2023;Iton_watsonii_mydata;Parnara_apostata_apostata_kawahara2023;Parnara_apostata_apostata_mydata;Parnara_guttata_kawahara2023;Parnara_guttata_mydata;Pelopidas_agna_ncbi;Pelopidas_mathias_kawahara2023;Pelopidas_mathias_mydata;Pelopidas_sinensis_mydata;Polytremis_eltola_mydata;Polytremis_lubricans_lubricans_kawahara2023;Polytremis_nascens_mydata;Polytremis_theca_mydata;Prusiana_prusias_kawahara2023;Zenonia_zeno_kawahara2023	2	Polytremis_eltola_mydata;Polytremis_theca_mydata	collapsed_into_retained_path	N0417			22.194179	
N0409	100/100	0	N0408	20.123094	89.433518	4	Parnara_apostata_apostata_kawahara2023;Parnara_apostata_apostata_mydata;Parnara_guttata_kawahara2023;Parnara_guttata_mydata	0		excluded_no_selected_descendants				2.071085	
N0410	100/100	0	N0409	1.134119	90.567637	2	Parnara_guttata_kawahara2023;Parnara_guttata_mydata	0		excluded_no_selected_descendants				0.936966	
N0411	Parnara_guttata_mydata	1	N0410	0.936964	91.504601	1	Parnara_guttata_mydata	0		excluded_no_selected_descendants				0.000002	
N0412	Parnara_guttata_kawahara2023	1	N0410	0.936964	91.504601	1	Parnara_guttata_kawahara2023	0		excluded_no_selected_descendants				0.000002	
N0413	100/100	0	N0409	0.832470	90.265988	2	Parnara_apostata_apostata_kawahara2023;Parnara_apostata_apostata_mydata	0		excluded_no_selected_descendants				1.238615	
N0414	Parnara_apostata_apostata_kawahara2023	1	N0413	1.238612	91.504600	1	Parnara_apostata_apostata_kawahara2023	0		excluded_no_selected_descendants				0.000003	
N0415	Parnara_apostata_apostata_mydata	1	N0413	1.238612	91.504600	1	Parnara_apostata_apostata_mydata	0		excluded_no_selected_descendants				0.000003	
N0416	100/100	0	N0408	8.525621	77.836045	25	Baoris_farri_farri_kawahara2023;Baoris_farri_mydata;Baoris_oceia_kawahara2023;Borbo_borbonica_kawahara2023;Borbo_cinnara_kawahara2023;Borbo_cinnara_mydata;Brusa_saxicola_kawahara2023;Caltoris_cahira_mydata;Caltoris_cormasa_kawahara2023;Caltoris_sirius_fusca_ncbi;Caltoris_sirius_kawahara2023;Gegenes_nostrodamus_ncbi;Gegenes_pumilio_kawahara2023;Iton_semamora_semamora_kawahara2023;Iton_watsonii_mydata;Pelopidas_agna_ncbi;Pelopidas_mathias_kawahara2023;Pelopidas_mathias_mydata;Pelopidas_sinensis_mydata;Polytremis_eltola_mydata;Polytremis_lubricans_lubricans_kawahara2023;Polytremis_nascens_mydata;Polytremis_theca_mydata;Prusiana_prusias_kawahara2023;Zenonia_zeno_kawahara2023	2	Polytremis_eltola_mydata;Polytremis_theca_mydata	collapsed_into_retained_path	N0417			13.668558	
N0417	100/100	0	N0416	2.000425	79.836470	4	Polytremis_eltola_mydata;Polytremis_nascens_mydata;Polytremis_theca_mydata;Zenonia_zeno_kawahara2023	2	Polytremis_eltola_mydata;Polytremis_theca_mydata	retained_node	N0417	19.565375	N0408;N0416;N0417	11.668133	11.668133
N0418	100/100	0	N0417	6.949593	86.786063	2	Polytremis_nascens_mydata;Polytremis_theca_mydata	1	Polytremis_theca_mydata	collapsed_into_retained_path	N0420			4.718540	
N0419	Polytremis_nascens_mydata	1	N0418	4.718538	91.504601	1	Polytremis_nascens_mydata	0		excluded_no_selected_descendants				0.000002	
N0420	Polytremis_theca_mydata	1	N0418	4.718538	91.504601	1	Polytremis_theca_mydata	1	Polytremis_theca_mydata	retained_node	N0420	11.668131	N0418;N0420	0.000002	0.000002
N0421	100/100	0	N0417	3.782754	83.619224	2	Polytremis_eltola_mydata;Zenonia_zeno_kawahara2023	1	Polytremis_eltola_mydata	collapsed_into_retained_path	N0423			7.885379	
N0422	Zenonia_zeno_kawahara2023	1	N0421	7.885377	91.504601	1	Zenonia_zeno_kawahara2023	0		excluded_no_selected_descendants				0.000002	
N0423	Polytremis_eltola_mydata	1	N0421	7.885377	91.504601	1	Polytremis_eltola_mydata	1	Polytremis_eltola_mydata	retained_node	N0423	11.668131	N0421;N0423	0.000002	0.000002
N0424	100/100	0	N0416	0.496116	78.332161	21	Baoris_farri_farri_kawahara2023;Baoris_farri_mydata;Baoris_oceia_kawahara2023;Borbo_borbonica_kawahara2023;Borbo_cinnara_kawahara2023;Borbo_cinnara_mydata;Brusa_saxicola_kawahara2023;Caltoris_cahira_mydata;Caltoris_cormasa_kawahara2023;Caltoris_sirius_fusca_ncbi;Caltoris_sirius_kawahara2023;Gegenes_nostrodamus_ncbi;Gegenes_pumilio_kawahara2023;Iton_semamora_semamora_kawahara2023;Iton_watsonii_mydata;Pelopidas_agna_ncbi;Pelopidas_mathias_kawahara2023;Pelopidas_mathias_mydata;Pelopidas_sinensis_mydata;Polytremis_lubricans_lubricans_kawahara2023;Prusiana_prusias_kawahara2023	0		excluded_no_selected_descendants				13.172442	
N0425	100/100	0	N0424	11.142616	89.474777	2	Iton_semamora_semamora_kawahara2023;Iton_watsonii_mydata	0		excluded_no_selected_descendants				2.029826	
N0426	Iton_watsonii_mydata	1	N0425	2.029824	91.504601	1	Iton_watsonii_mydata	0		excluded_no_selected_descendants				0.000002	
N0427	Iton_semamora_semamora_kawahara2023	1	N0425	2.029824	91.504601	1	Iton_semamora_semamora_kawahara2023	0		excluded_no_selected_descendants				0.000002	
N0428	100/100	0	N0424	1.528635	79.860796	19	Baoris_farri_farri_kawahara2023;Baoris_farri_mydata;Baoris_oceia_kawahara2023;Borbo_borbonica_kawahara2023;Borbo_cinnara_kawahara2023;Borbo_cinnara_mydata;Brusa_saxicola_kawahara2023;Caltoris_cahira_mydata;Caltoris_cormasa_kawahara2023;Caltoris_sirius_fusca_ncbi;Caltoris_sirius_kawahara2023;Gegenes_nostrodamus_ncbi;Gegenes_pumilio_kawahara2023;Pelopidas_agna_ncbi;Pelopidas_mathias_kawahara2023;Pelopidas_mathias_mydata;Pelopidas_sinensis_mydata;Polytremis_lubricans_lubricans_kawahara2023;Prusiana_prusias_kawahara2023	0		excluded_no_selected_descendants				11.643807	
N0429	16.2/53	0	N0428	0.211182	80.071978	7	Borbo_borbonica_kawahara2023;Borbo_cinnara_kawahara2023;Borbo_cinnara_mydata;Brusa_saxicola_kawahara2023;Gegenes_nostrodamus_ncbi;Gegenes_pumilio_kawahara2023;Polytremis_lubricans_lubricans_kawahara2023	0		excluded_no_selected_descendants				11.432625	
N0430	Brusa_saxicola_kawahara2023	1	N0429	11.432622	91.504600	1	Brusa_saxicola_kawahara2023	0		excluded_no_selected_descendants				0.000003	
N0431	100/100	0	N0429	0.386061	80.458039	6	Borbo_borbonica_kawahara2023;Borbo_cinnara_kawahara2023;Borbo_cinnara_mydata;Gegenes_nostrodamus_ncbi;Gegenes_pumilio_kawahara2023;Polytremis_lubricans_lubricans_kawahara2023	0		excluded_no_selected_descendants				11.046564	
N0432	Polytremis_lubricans_lubricans_kawahara2023	1	N0431	11.046562	91.504601	1	Polytremis_lubricans_lubricans_kawahara2023	0		excluded_no_selected_descendants				0.000002	
N0433	100/100	0	N0431	1.293138	81.751177	5	Borbo_borbonica_kawahara2023;Borbo_cinnara_kawahara2023;Borbo_cinnara_mydata;Gegenes_nostrodamus_ncbi;Gegenes_pumilio_kawahara2023	0		excluded_no_selected_descendants				9.753426	
N0434	100/100	0	N0433	5.643397	87.394574	2	Gegenes_nostrodamus_ncbi;Gegenes_pumilio_kawahara2023	0		excluded_no_selected_descendants				4.110029	
N0435	Gegenes_nostrodamus_ncbi	1	N0434	4.110026	91.504600	1	Gegenes_nostrodamus_ncbi	0		excluded_no_selected_descendants				0.000003	
N0436	Gegenes_pumilio_kawahara2023	1	N0434	4.110026	91.504600	1	Gegenes_pumilio_kawahara2023	0		excluded_no_selected_descendants				0.000003	
N0437	100/100	0	N0433	3.686475	85.437652	3	Borbo_borbonica_kawahara2023;Borbo_cinnara_kawahara2023;Borbo_cinnara_mydata	0		excluded_no_selected_descendants				6.066951	
N0438	Borbo_borbonica_kawahara2023	1	N0437	6.066949	91.504601	1	Borbo_borbonica_kawahara2023	0		excluded_no_selected_descendants				0.000002	
N0439	100/100	0	N0437	5.683655	91.121307	2	Borbo_cinnara_kawahara2023;Borbo_cinnara_mydata	0		excluded_no_selected_descendants				0.383296	
N0440	Borbo_cinnara_kawahara2023	1	N0439	0.383294	91.504601	1	Borbo_cinnara_kawahara2023	0		excluded_no_selected_descendants				0.000002	
N0441	Borbo_cinnara_mydata	1	N0439	0.383294	91.504601	1	Borbo_cinnara_mydata	0		excluded_no_selected_descendants				0.000002	
N0442	100/100	0	N0428	0.650198	80.510994	12	Baoris_farri_farri_kawahara2023;Baoris_farri_mydata;Baoris_oceia_kawahara2023;Caltoris_cahira_mydata;Caltoris_cormasa_kawahara2023;Caltoris_sirius_fusca_ncbi;Caltoris_sirius_kawahara2023;Pelopidas_agna_ncbi;Pelopidas_mathias_kawahara2023;Pelopidas_mathias_mydata;Pelopidas_sinensis_mydata;Prusiana_prusias_kawahara2023	0		excluded_no_selected_descendants				10.993609	
N0443	100/100	0	N0442	0.441122	80.952116	5	Caltoris_cahira_mydata;Caltoris_cormasa_kawahara2023;Caltoris_sirius_fusca_ncbi;Caltoris_sirius_kawahara2023;Prusiana_prusias_kawahara2023	0		excluded_no_selected_descendants				10.552487	
N0444	Prusiana_prusias_kawahara2023	1	N0443	10.552485	91.504601	1	Prusiana_prusias_kawahara2023	0		excluded_no_selected_descendants				0.000002	
N0445	98.4/95	0	N0443	0.381993	81.334109	4	Caltoris_cahira_mydata;Caltoris_cormasa_kawahara2023;Caltoris_sirius_fusca_ncbi;Caltoris_sirius_kawahara2023	0		excluded_no_selected_descendants				10.170494	
N0446	100/100	0	N0445	6.000204	87.334313	2	Caltoris_sirius_fusca_ncbi;Caltoris_sirius_kawahara2023	0		excluded_no_selected_descendants				4.170290	
N0447	Caltoris_sirius_kawahara2023	1	N0446	4.170288	91.504601	1	Caltoris_sirius_kawahara2023	0		excluded_no_selected_descendants				0.000002	
N0448	Caltoris_sirius_fusca_ncbi	1	N0446	4.170288	91.504601	1	Caltoris_sirius_fusca_ncbi	0		excluded_no_selected_descendants				0.000002	
N0449	100/100	0	N0445	2.046962	83.381071	2	Caltoris_cahira_mydata;Caltoris_cormasa_kawahara2023	0		excluded_no_selected_descendants				8.123532	
N0450	Caltoris_cormasa_kawahara2023	1	N0449	8.123530	91.504601	1	Caltoris_cormasa_kawahara2023	0		excluded_no_selected_descendants				0.000002	
N0451	Caltoris_cahira_mydata	1	N0449	8.123530	91.504601	1	Caltoris_cahira_mydata	0		excluded_no_selected_descendants				0.000002	
N0452	100/100	0	N0442	1.488223	81.999217	7	Baoris_farri_farri_kawahara2023;Baoris_farri_mydata;Baoris_oceia_kawahara2023;Pelopidas_agna_ncbi;Pelopidas_mathias_kawahara2023;Pelopidas_mathias_mydata;Pelopidas_sinensis_mydata	0		excluded_no_selected_descendants				9.505386	
N0453	100/100	0	N0452	7.290268	89.289485	3	Baoris_farri_farri_kawahara2023;Baoris_farri_mydata;Baoris_oceia_kawahara2023	0		excluded_no_selected_descendants				2.215118	
N0454	Baoris_oceia_kawahara2023	1	N0453	2.215116	91.504601	1	Baoris_oceia_kawahara2023	0		excluded_no_selected_descendants				0.000002	
N0455	100/100	0	N0453	1.871667	91.161152	2	Baoris_farri_farri_kawahara2023;Baoris_farri_mydata	0		excluded_no_selected_descendants				0.343451	
N0456	Baoris_farri_farri_kawahara2023	1	N0455	0.343449	91.504601	1	Baoris_farri_farri_kawahara2023	0		excluded_no_selected_descendants				0.000002	
N0457	Baoris_farri_mydata	1	N0455	0.343449	91.504601	1	Baoris_farri_mydata	0		excluded_no_selected_descendants				0.000002	
N0458	100/100	0	N0452	3.182813	85.182030	4	Pelopidas_agna_ncbi;Pelopidas_mathias_kawahara2023;Pelopidas_mathias_mydata;Pelopidas_sinensis_mydata	0		excluded_no_selected_descendants				6.322573	
N0459	Pelopidas_sinensis_mydata	1	N0458	6.322571	91.504601	1	Pelopidas_sinensis_mydata	0		excluded_no_selected_descendants				0.000002	
N0460	100/100	0	N0458	2.842408	88.024438	3	Pelopidas_agna_ncbi;Pelopidas_mathias_kawahara2023;Pelopidas_mathias_mydata	0		excluded_no_selected_descendants				3.480165	
N0461	Pelopidas_mathias_kawahara2023	1	N0460	3.480162	91.504600	1	Pelopidas_mathias_kawahara2023	0		excluded_no_selected_descendants				0.000003	
N0462	100/100	0	N0460	1.870521	89.894959	2	Pelopidas_agna_ncbi;Pelopidas_mathias_mydata	0		excluded_no_selected_descendants				1.609644	
N0463	Pelopidas_mathias_mydata	1	N0462	1.609641	91.504600	1	Pelopidas_mathias_mydata	0		excluded_no_selected_descendants				0.000003	
N0464	Pelopidas_agna_ncbi	1	N0462	1.609641	91.504600	1	Pelopidas_agna_ncbi	0		excluded_no_selected_descendants				0.000003	
N0465	100/100	0	N0407	0.263447	60.534542	263	Adlerodea_petrovna_kawahara2023;Adopaeoides_prittwitzi_kawahara2023;Agathymus_aryxna_kawahara2023;Agathymus_mariae_kawahara2023;Agathymus_mariae_mariae_ncbi;Aides_duma_argyrina_kawahara2023;Alychna_victa_kawahara2023;Alychna_victa_ncbi;Amblyscirtes_belli_ncbi;Amblyscirtes_celia_ncbi;Amblyscirtes_elissa_ncbi;Amblyscirtes_eos_kawahara2023;Amblyscirtes_florus_kawahara2023;Amblyscirtes_simius_kawahara2023;Anatrytone_logan_kawahara2023;Ancyloxypha_numitor_kawahara2023;Anthoptus_epictetus_kawahara2023;Anthoptus_insignis_kawahara2023;Anthoptus_insignis_ncbi;Anthoptus_sp._kawahara2023;Apaustus_gracilis_kawahara2023;Appia_appia_kawahara2023;Argon_lota_kawahara2023;Aroma_aroma_kawahara2023;Arotis_derasa_brunnea_kawahara2023;Artines_rica_kawahara2023;Asbolis_capucinus_kawahara2023;Asbolis_capucinus_ncbi;Atalopedes_campestris_kawahara2023;Atrytone_arogos_iowa_kawahara2023;Atrytonopsis_edwardsi_kawahara2023;Atrytonopsis_hianna_hianna_ncbi;Atrytonopsis_hianna_kawahara2023;Buzyges_idothea_kawahara2023;Callimormus_radiola_kawahara2023;Calpodes_ethlius_kawahara2023;Calpodes_ethlius_ncbi;Cantha_calva_kawahara2023;Carystina_aurifer_kawahara2023;Carystoides_escalantei_kawahara2023;Carystus_phorcus_kawahara2023;Carystus_phorcus_ncbi;Chalcone_briquenydan_chalcone_kawahara2023;Choranthus_haitensis_kawahara2023;Choranthus_radians_kawahara2023;Choranthus_vitellius_ncbi;Cobaloides_argus_kawahara2023;Cobalopsis_miaba_kawahara2023;Cobalus_calvina_kawahara2023;Conga_chydaea_kawahara2023;Conga_zela_kawahara2023;Copaeodes_aurantiaca_kawahara2023;Copaeodes_aurantiaca_ncbi;Corticea_corticea_kawahara2023;Cumbre_cumbre_kawahara2023;Cyclosma_sp._kawahara2023;Cymaenes_tripunctata_kawahara2023;Cynea_cynea_kawahara2023;Cynea_diluta_kawahara2023;Damas_clavus_kawahara2023;Decinea_decinea_kawahara2023;Dion_gemmatus_kawahara2023;Dubiella_dubius_kawahara2023;Duroca_duroca_duroca_ncbi;Duroca_duroca_kawahara2023;Ebusus_ebusus_kawahara2023;Enosis_sp._kawahara2023;Eprius_veleda_kawahara2023;Euphyes_arpa_kawahara2023;Euphyes_dion_kawahara2023;Eutocus_sp._kawahara2023;Eutychide_physcella_kawahara2023;Evansiella_cordela_kawahara2023;Falga_jeconia_kawahara2023;Flaccilla_aecas_kawahara2023;Gallio_carasta_kawahara2023;Ginungagapus_fiedleri_kawahara2023;Ginungagapus_ranesus_kawahara2023;Halotus_rica_kawahara2023;Hansa_devergens_hydra_kawahara2023;Hesperia_attalus_slossonae_ncbi;Hesperia_balcones_ncbi;Hesperia_colorado_sublima_ncbi;Hesperia_comma_kawahara2023;Hesperia_comma_ncbi;Hesperia_dacotae_ncbi;Hesperia_meskei_kawahara2023;Hesperia_meskei_straton_ncbi;Hesperia_nevada_nevada_ncbi;Hesperia_pahaska_williamsi_ncbi;Hesperia_viridis_ncbi;Hesperia_woodgatei_ncbi;Hylephila_phyleus_ncbi;Joanna_joanna_kawahara2023;Lamponia_lamponia_kawahara2023;Lento_lento_kawahara2023;Lerema_accius_kawahara2023;Lerema_lineosa_ncbi;Lerema_liris_ncbi;Lerodea_eufala_kawahara2023;Levina_levina_kawahara2023;Libra_aligula_aligula_kawahara2023;Librita_librita_kawahara2023;Lindra_brasus_kawahara2023;Lon_zabulon_kawahara2023;Lucida_lucia_kawahara2023;Lycas_argentea_kawahara2023;Lycas_argentea_ncbi;Lychnuchoides_ozias_ncbi;Lychnuchoides_ozias_ozias_kawahara2023;Lychnuchus_celsus_kawahara2023;Megathymus_streckeri_leussleri_kawahara2023;Megathymus_ursus_deserti_ncbi;Megathymus_ursus_kawahara2023;Megathymus_ursus_ursus_ncbi;Megathymus_violae_ncbi;Megathymus_yuccae_yuccae_ncbi;Methion_melas_kawahara2023;Methionopsis_ina_kawahara2023;Metron_oropa_kawahara2023;Miltomiges_cinnamomea_kawahara2023;Misius_misius_kawahara2023;Mnaseas_bicolor_kawahara2023;Mnasicles_geta_kawahara2023;Mnasilus_allubita_kawahara2023;Mnasinous_patage_kawahara2023;Mnasitheus_chrysophrys_kawahara2023;Mnestheus_ittona_kawahara2023;Moeris_striga_striga_kawahara2023;Moeros_moeros_kawahara2023;Molla_molla_kawahara2023;Molo_mango_kawahara2023;Molo_mango_ncbi;Monca_branca_kawahara2023;Morys_compta_kawahara2023;Mucia_zygia_kawahara2023;Naevolus_orius_kawahara2023;Nastra_julia_kawahara2023;Nastra_julia_ncbi;Neoxeniades_braesia_kawahara2023;Niconiades_incomptus_kawahara2023;Niconiades_incomptus_ncbi;Niconiades_xanthaphes_kawahara2023;Notamblyscirtes_simius_ncbi;Nyctelius_nyctelius_kawahara2023;Oarisma_garita_kawahara2023;Oarisma_garita_ncbi;Oarisma_powesheik_ncbi;Ochlodes_bouddha_mydata;Ochlodes_sylvanoides_omnigena_kawahara2023;Ochlodes_sylvanus_ncbi;Ochlodes_thibetana_mydata;Oligoria_maculata_kawahara2023;Onespa_gala_kawahara2023;Onophas_columbaria_kawahara2023;Orphe_gerasa_kawahara2023;Orphe_vatinius_kawahara2023;Orses_cynisca_kawahara2023;Orses_cynisca_ncbi;Orthos_trinka_kawahara2023;Oxynthes_corusca_kawahara2023;Pamba_boyaca_kawahara2023;Panca_subpunctuli_kawahara2023;Panoquina_ocola_ocola_kawahara2023;Panoquina_ocola_ocola_ncbi;Panoquina_panoquin_kawahara2023;Papias_subcostulata_kawahara2023;Papias_trimacula_kawahara2023;Paracarystus_hypargyra_kawahara2023;Parachoranthus_magdalia_kawahara2023;Paratrytone_snowi_kawahara2023;Parphorus_storax_s._kawahara2023;Peba_verames_kawahara2023;Perichares_adela_kawahara2023;Perichares_adela_mydata;Perichares_lotus_kawahara2023;Phanes_abaris_kawahara2023;Phemiades_pohli_cidra_kawahara2023;Pheraeus_odilia_argus_kawahara2023;Polites_baracoa_baracoa_ncbi;Polites_carus_ncbi;Polites_draco_ncbi;Polites_mardon_ncbi;Polites_mystic_mydata;Polites_origenes_origenes_mydata;Polites_peckius_peckius_ncbi;Polites_rhesus_ncbi;Polites_sabuleti_sabuleti_ncbi;Polites_sonora_mydata;Polites_themistocles_turneri_ncbi;Polites_vibex_kawahara2023;Polites_vibex_praeceps_ncbi;Pompeius_amblyspila_ncbi;Pompeius_pompeius_kawahara2023;Pompeius_pompeius_ncbi;Problema_byssus_kawahara2023;Propapias_sipariana_kawahara2023;Propertius_dejongi_kawahara2023;Pseudocopaeodes_eunus_kawahara2023;Psoralis_stacara_kawahara2023;Punta_punta_kawahara2023;Pyrrhocalles_antiqua_antiqua_kawahara2023;Pyrrhopygopsis_socrates_crates_kawahara2023;Quasimellana_antipazina_kawahara2023;Quinta_cannae_kawahara2023;Racta_chiria_kawahara2023;Racta_sp._kawahara2023;Remella_rita_kawahara2023;Rhinthon_cubana_kawahara2023;Rigga_hesia_kawahara2023;Rufocumbre_eberti_kawahara2023;Saliana_esperi_kawahara2023;Saniba_sabina_kawahara2023;Saturnus_metonidia_kawahara2023;Serdis_viridicans_kawahara2023;Sodalia_sodalis_kawahara2023;Stallingsia_maculosus_kawahara2023;Stinga_morrisoni_kawahara2023;Styriodes_quadrinotata_kawahara2023;Synale_cynaxa_kawahara2023;Synapte_salenus_salenus_kawahara2023;Synapte_silius_kawahara2023;Talides_sinois_kawahara2023;Tellona_variegata_kawahara2023;Thargella_evansi_kawahara2023;Thespieus_dalman_kawahara2023;Thespieus_ethemides_mydata;Thespieus_macareus_kawahara2023;Thoon_modius_kawahara2023;Thracides_phidon_kawahara2023;Thymelicus_lineola_kawahara2023;Thymelicus_lineola_ncbi;Thymelicus_sylvestris_ncbi;Tigasis_arita_kawahara2023;Tirynthia_conflua_kawahara2023;Tirynthoides_lotana_kawahara2023;Tricrista_advena_kawahara2023;Tromba_tromba_kawahara2023;Troyus_aurelius_ncbi;Troyus_diversus_maeon_ncbi;Troyus_fantasos_ncbi;Troyus_marcus_ncbi;Turesis_theste_kawahara2023;Vacerra_bonfilius_kawahara2023;Vehilius_celeus_kawahara2023;Venas_evans_kawahara2023;Vernia_verna_kawahara2023;Vernia_verna_ncbi;Vertica_verticalis_coatepeca_kawahara2023;Vettius_lafrenaye_kawahara2023;Vidius_catarinae_kawahara2023;Vinius_letis_kawahara2023;Virga_austrinus_kawahara2023;Wahydra_kenava_kawahara2023;Wahydra_kenava_ncbi;Wahydra_sp._kawahara2023;Wallengrenia_egeremet_ncbi;Wallengrenia_otho_ncbi;Wallengrenia_otho_otho_kawahara2023;Wallengrenia_premnas_kawahara2023;Xeniades_orchamus_kawahara2023;Zariaspes_mys_kawahara2023;Zenis_jebus_kawahara2023	2	Ochlodes_bouddha_mydata;Perichares_adela_mydata	retained_node	N0465	0.263447	N0465	30.970061	30.970061
N0466	100/100	0	N0465	1.059408	61.593950	11	Lycas_argentea_kawahara2023;Lycas_argentea_ncbi;Lychnuchoides_ozias_ncbi;Lychnuchoides_ozias_ozias_kawahara2023;Orphe_gerasa_kawahara2023;Orphe_vatinius_kawahara2023;Orses_cynisca_kawahara2023;Orses_cynisca_ncbi;Perichares_adela_kawahara2023;Perichares_adela_mydata;Perichares_lotus_kawahara2023	1	Perichares_adela_mydata	collapsed_into_retained_path	N0479			29.910653	
N0467	100/100	0	N0466	17.368569	78.962519	2	Orphe_gerasa_kawahara2023;Orphe_vatinius_kawahara2023	0		excluded_no_selected_descendants				12.542084	
N0468	Orphe_vatinius_kawahara2023	1	N0467	12.542081	91.504600	1	Orphe_vatinius_kawahara2023	0		excluded_no_selected_descendants				0.000003	
N0469	Orphe_gerasa_kawahara2023	1	N0467	12.542081	91.504600	1	Orphe_gerasa_kawahara2023	0		excluded_no_selected_descendants				0.000003	
N0470	100/100	0	N0466	2.832276	64.426226	9	Lycas_argentea_kawahara2023;Lycas_argentea_ncbi;Lychnuchoides_ozias_ncbi;Lychnuchoides_ozias_ozias_kawahara2023;Orses_cynisca_kawahara2023;Orses_cynisca_ncbi;Perichares_adela_kawahara2023;Perichares_adela_mydata;Perichares_lotus_kawahara2023	1	Perichares_adela_mydata	collapsed_into_retained_path	N0479			27.078377	
N0471	100/100	0	N0470	24.521237	88.947463	2	Lychnuchoides_ozias_ncbi;Lychnuchoides_ozias_ozias_kawahara2023	0		excluded_no_selected_descendants				2.557140	
N0472	Lychnuchoides_ozias_ozias_kawahara2023	1	N0471	2.557137	91.504600	1	Lychnuchoides_ozias_ozias_kawahara2023	0		excluded_no_selected_descendants				0.000003	
N0473	Lychnuchoides_ozias_ncbi	1	N0471	2.557137	91.504600	1	Lychnuchoides_ozias_ncbi	0		excluded_no_selected_descendants				0.000003	
N0474	100/100	0	N0470	5.290536	69.716762	7	Lycas_argentea_kawahara2023;Lycas_argentea_ncbi;Orses_cynisca_kawahara2023;Orses_cynisca_ncbi;Perichares_adela_kawahara2023;Perichares_adela_mydata;Perichares_lotus_kawahara2023	1	Perichares_adela_mydata	collapsed_into_retained_path	N0479			21.787841	
N0475	100/100	0	N0474	5.850240	75.567002	3	Perichares_adela_kawahara2023;Perichares_adela_mydata;Perichares_lotus_kawahara2023	1	Perichares_adela_mydata	collapsed_into_retained_path	N0479			15.937601	
N0476	Perichares_lotus_kawahara2023	1	N0475	15.937598	91.504600	1	Perichares_lotus_kawahara2023	0		excluded_no_selected_descendants				0.000003	
N0477	100/100	0	N0475	11.404885	86.971887	2	Perichares_adela_kawahara2023;Perichares_adela_mydata	1	Perichares_adela_mydata	collapsed_into_retained_path	N0479			4.532716	
N0478	Perichares_adela_kawahara2023	1	N0477	4.532714	91.504601	1	Perichares_adela_kawahara2023	0		excluded_no_selected_descendants				0.000002	
N0479	Perichares_adela_mydata	1	N0477	4.532714	91.504601	1	Perichares_adela_mydata	1	Perichares_adela_mydata	retained_node	N0479	30.970059	N0466;N0470;N0474;N0475;N0477;N0479	0.000002	0.000002
N0480	52.7/69	0	N0474	0.427900	70.144662	4	Lycas_argentea_kawahara2023;Lycas_argentea_ncbi;Orses_cynisca_kawahara2023;Orses_cynisca_ncbi	0		excluded_no_selected_descendants				21.359941	
N0481	100/100	0	N0480	17.630481	87.775143	2	Orses_cynisca_kawahara2023;Orses_cynisca_ncbi	0		excluded_no_selected_descendants				3.729460	
N0482	Orses_cynisca_ncbi	1	N0481	3.729457	91.504600	1	Orses_cynisca_ncbi	0		excluded_no_selected_descendants				0.000003	
N0483	Orses_cynisca_kawahara2023	1	N0481	3.729457	91.504600	1	Orses_cynisca_kawahara2023	0		excluded_no_selected_descendants				0.000003	
N0484	100/100	0	N0480	5.966871	76.111533	2	Lycas_argentea_kawahara2023;Lycas_argentea_ncbi	0		excluded_no_selected_descendants				15.393070	
N0485	Lycas_argentea_kawahara2023	1	N0484	15.393067	91.504600	1	Lycas_argentea_kawahara2023	0		excluded_no_selected_descendants				0.000003	
N0486	Lycas_argentea_ncbi	1	N0484	15.393067	91.504600	1	Lycas_argentea_ncbi	0		excluded_no_selected_descendants				0.000003	
N0487	100/100	0	N0465	0.291956	60.826498	252	Adlerodea_petrovna_kawahara2023;Adopaeoides_prittwitzi_kawahara2023;Agathymus_aryxna_kawahara2023;Agathymus_mariae_kawahara2023;Agathymus_mariae_mariae_ncbi;Aides_duma_argyrina_kawahara2023;Alychna_victa_kawahara2023;Alychna_victa_ncbi;Amblyscirtes_belli_ncbi;Amblyscirtes_celia_ncbi;Amblyscirtes_elissa_ncbi;Amblyscirtes_eos_kawahara2023;Amblyscirtes_florus_kawahara2023;Amblyscirtes_simius_kawahara2023;Anatrytone_logan_kawahara2023;Ancyloxypha_numitor_kawahara2023;Anthoptus_epictetus_kawahara2023;Anthoptus_insignis_kawahara2023;Anthoptus_insignis_ncbi;Anthoptus_sp._kawahara2023;Apaustus_gracilis_kawahara2023;Appia_appia_kawahara2023;Argon_lota_kawahara2023;Aroma_aroma_kawahara2023;Arotis_derasa_brunnea_kawahara2023;Artines_rica_kawahara2023;Asbolis_capucinus_kawahara2023;Asbolis_capucinus_ncbi;Atalopedes_campestris_kawahara2023;Atrytone_arogos_iowa_kawahara2023;Atrytonopsis_edwardsi_kawahara2023;Atrytonopsis_hianna_hianna_ncbi;Atrytonopsis_hianna_kawahara2023;Buzyges_idothea_kawahara2023;Callimormus_radiola_kawahara2023;Calpodes_ethlius_kawahara2023;Calpodes_ethlius_ncbi;Cantha_calva_kawahara2023;Carystina_aurifer_kawahara2023;Carystoides_escalantei_kawahara2023;Carystus_phorcus_kawahara2023;Carystus_phorcus_ncbi;Chalcone_briquenydan_chalcone_kawahara2023;Choranthus_haitensis_kawahara2023;Choranthus_radians_kawahara2023;Choranthus_vitellius_ncbi;Cobaloides_argus_kawahara2023;Cobalopsis_miaba_kawahara2023;Cobalus_calvina_kawahara2023;Conga_chydaea_kawahara2023;Conga_zela_kawahara2023;Copaeodes_aurantiaca_kawahara2023;Copaeodes_aurantiaca_ncbi;Corticea_corticea_kawahara2023;Cumbre_cumbre_kawahara2023;Cyclosma_sp._kawahara2023;Cymaenes_tripunctata_kawahara2023;Cynea_cynea_kawahara2023;Cynea_diluta_kawahara2023;Damas_clavus_kawahara2023;Decinea_decinea_kawahara2023;Dion_gemmatus_kawahara2023;Dubiella_dubius_kawahara2023;Duroca_duroca_duroca_ncbi;Duroca_duroca_kawahara2023;Ebusus_ebusus_kawahara2023;Enosis_sp._kawahara2023;Eprius_veleda_kawahara2023;Euphyes_arpa_kawahara2023;Euphyes_dion_kawahara2023;Eutocus_sp._kawahara2023;Eutychide_physcella_kawahara2023;Evansiella_cordela_kawahara2023;Falga_jeconia_kawahara2023;Flaccilla_aecas_kawahara2023;Gallio_carasta_kawahara2023;Ginungagapus_fiedleri_kawahara2023;Ginungagapus_ranesus_kawahara2023;Halotus_rica_kawahara2023;Hansa_devergens_hydra_kawahara2023;Hesperia_attalus_slossonae_ncbi;Hesperia_balcones_ncbi;Hesperia_colorado_sublima_ncbi;Hesperia_comma_kawahara2023;Hesperia_comma_ncbi;Hesperia_dacotae_ncbi;Hesperia_meskei_kawahara2023;Hesperia_meskei_straton_ncbi;Hesperia_nevada_nevada_ncbi;Hesperia_pahaska_williamsi_ncbi;Hesperia_viridis_ncbi;Hesperia_woodgatei_ncbi;Hylephila_phyleus_ncbi;Joanna_joanna_kawahara2023;Lamponia_lamponia_kawahara2023;Lento_lento_kawahara2023;Lerema_accius_kawahara2023;Lerema_lineosa_ncbi;Lerema_liris_ncbi;Lerodea_eufala_kawahara2023;Levina_levina_kawahara2023;Libra_aligula_aligula_kawahara2023;Librita_librita_kawahara2023;Lindra_brasus_kawahara2023;Lon_zabulon_kawahara2023;Lucida_lucia_kawahara2023;Lychnuchus_celsus_kawahara2023;Megathymus_streckeri_leussleri_kawahara2023;Megathymus_ursus_deserti_ncbi;Megathymus_ursus_kawahara2023;Megathymus_ursus_ursus_ncbi;Megathymus_violae_ncbi;Megathymus_yuccae_yuccae_ncbi;Methion_melas_kawahara2023;Methionopsis_ina_kawahara2023;Metron_oropa_kawahara2023;Miltomiges_cinnamomea_kawahara2023;Misius_misius_kawahara2023;Mnaseas_bicolor_kawahara2023;Mnasicles_geta_kawahara2023;Mnasilus_allubita_kawahara2023;Mnasinous_patage_kawahara2023;Mnasitheus_chrysophrys_kawahara2023;Mnestheus_ittona_kawahara2023;Moeris_striga_striga_kawahara2023;Moeros_moeros_kawahara2023;Molla_molla_kawahara2023;Molo_mango_kawahara2023;Molo_mango_ncbi;Monca_branca_kawahara2023;Morys_compta_kawahara2023;Mucia_zygia_kawahara2023;Naevolus_orius_kawahara2023;Nastra_julia_kawahara2023;Nastra_julia_ncbi;Neoxeniades_braesia_kawahara2023;Niconiades_incomptus_kawahara2023;Niconiades_incomptus_ncbi;Niconiades_xanthaphes_kawahara2023;Notamblyscirtes_simius_ncbi;Nyctelius_nyctelius_kawahara2023;Oarisma_garita_kawahara2023;Oarisma_garita_ncbi;Oarisma_powesheik_ncbi;Ochlodes_bouddha_mydata;Ochlodes_sylvanoides_omnigena_kawahara2023;Ochlodes_sylvanus_ncbi;Ochlodes_thibetana_mydata;Oligoria_maculata_kawahara2023;Onespa_gala_kawahara2023;Onophas_columbaria_kawahara2023;Orthos_trinka_kawahara2023;Oxynthes_corusca_kawahara2023;Pamba_boyaca_kawahara2023;Panca_subpunctuli_kawahara2023;Panoquina_ocola_ocola_kawahara2023;Panoquina_ocola_ocola_ncbi;Panoquina_panoquin_kawahara2023;Papias_subcostulata_kawahara2023;Papias_trimacula_kawahara2023;Paracarystus_hypargyra_kawahara2023;Parachoranthus_magdalia_kawahara2023;Paratrytone_snowi_kawahara2023;Parphorus_storax_s._kawahara2023;Peba_verames_kawahara2023;Phanes_abaris_kawahara2023;Phemiades_pohli_cidra_kawahara2023;Pheraeus_odilia_argus_kawahara2023;Polites_baracoa_baracoa_ncbi;Polites_carus_ncbi;Polites_draco_ncbi;Polites_mardon_ncbi;Polites_mystic_mydata;Polites_origenes_origenes_mydata;Polites_peckius_peckius_ncbi;Polites_rhesus_ncbi;Polites_sabuleti_sabuleti_ncbi;Polites_sonora_mydata;Polites_themistocles_turneri_ncbi;Polites_vibex_kawahara2023;Polites_vibex_praeceps_ncbi;Pompeius_amblyspila_ncbi;Pompeius_pompeius_kawahara2023;Pompeius_pompeius_ncbi;Problema_byssus_kawahara2023;Propapias_sipariana_kawahara2023;Propertius_dejongi_kawahara2023;Pseudocopaeodes_eunus_kawahara2023;Psoralis_stacara_kawahara2023;Punta_punta_kawahara2023;Pyrrhocalles_antiqua_antiqua_kawahara2023;Pyrrhopygopsis_socrates_crates_kawahara2023;Quasimellana_antipazina_kawahara2023;Quinta_cannae_kawahara2023;Racta_chiria_kawahara2023;Racta_sp._kawahara2023;Remella_rita_kawahara2023;Rhinthon_cubana_kawahara2023;Rigga_hesia_kawahara2023;Rufocumbre_eberti_kawahara2023;Saliana_esperi_kawahara2023;Saniba_sabina_kawahara2023;Saturnus_metonidia_kawahara2023;Serdis_viridicans_kawahara2023;Sodalia_sodalis_kawahara2023;Stallingsia_maculosus_kawahara2023;Stinga_morrisoni_kawahara2023;Styriodes_quadrinotata_kawahara2023;Synale_cynaxa_kawahara2023;Synapte_salenus_salenus_kawahara2023;Synapte_silius_kawahara2023;Talides_sinois_kawahara2023;Tellona_variegata_kawahara2023;Thargella_evansi_kawahara2023;Thespieus_dalman_kawahara2023;Thespieus_ethemides_mydata;Thespieus_macareus_kawahara2023;Thoon_modius_kawahara2023;Thracides_phidon_kawahara2023;Thymelicus_lineola_kawahara2023;Thymelicus_lineola_ncbi;Thymelicus_sylvestris_ncbi;Tigasis_arita_kawahara2023;Tirynthia_conflua_kawahara2023;Tirynthoides_lotana_kawahara2023;Tricrista_advena_kawahara2023;Tromba_tromba_kawahara2023;Troyus_aurelius_ncbi;Troyus_diversus_maeon_ncbi;Troyus_fantasos_ncbi;Troyus_marcus_ncbi;Turesis_theste_kawahara2023;Vacerra_bonfilius_kawahara2023;Vehilius_celeus_kawahara2023;Venas_evans_kawahara2023;Vernia_verna_kawahara2023;Vernia_verna_ncbi;Vertica_verticalis_coatepeca_kawahara2023;Vettius_lafrenaye_kawahara2023;Vidius_catarinae_kawahara2023;Vinius_letis_kawahara2023;Virga_austrinus_kawahara2023;Wahydra_kenava_kawahara2023;Wahydra_kenava_ncbi;Wahydra_sp._kawahara2023;Wallengrenia_egeremet_ncbi;Wallengrenia_otho_ncbi;Wallengrenia_otho_otho_kawahara2023;Wallengrenia_premnas_kawahara2023;Xeniades_orchamus_kawahara2023;Zariaspes_mys_kawahara2023;Zenis_jebus_kawahara2023	1	Ochlodes_bouddha_mydata	collapsed_into_retained_path	N0680			30.678105	
N0488	100/100	0	N0487	12.634286	73.460784	11	Agathymus_aryxna_kawahara2023;Agathymus_mariae_kawahara2023;Agathymus_mariae_mariae_ncbi;Carystoides_escalantei_kawahara2023;Megathymus_streckeri_leussleri_kawahara2023;Megathymus_ursus_deserti_ncbi;Megathymus_ursus_kawahara2023;Megathymus_ursus_ursus_ncbi;Megathymus_violae_ncbi;Megathymus_yuccae_yuccae_ncbi;Stallingsia_maculosus_kawahara2023	0		excluded_no_selected_descendants				18.043819	
N0489	Carystoides_escalantei_kawahara2023	1	N0488	18.043817	91.504601	1	Carystoides_escalantei_kawahara2023	0		excluded_no_selected_descendants				0.000002	
N0490	100/100	0	N0488	9.785023	83.245807	10	Agathymus_aryxna_kawahara2023;Agathymus_mariae_kawahara2023;Agathymus_mariae_mariae_ncbi;Megathymus_streckeri_leussleri_kawahara2023;Megathymus_ursus_deserti_ncbi;Megathymus_ursus_kawahara2023;Megathymus_ursus_ursus_ncbi;Megathymus_violae_ncbi;Megathymus_yuccae_yuccae_ncbi;Stallingsia_maculosus_kawahara2023	0		excluded_no_selected_descendants				8.258796	
N0491	100/100	0	N0490	6.919512	90.165319	3	Agathymus_aryxna_kawahara2023;Agathymus_mariae_kawahara2023;Agathymus_mariae_mariae_ncbi	0		excluded_no_selected_descendants				1.339284	
N0492	Agathymus_aryxna_kawahara2023	1	N0491	1.339282	91.504601	1	Agathymus_aryxna_kawahara2023	0		excluded_no_selected_descendants				0.000002	
N0493	100/100	0	N0491	1.194457	91.359776	2	Agathymus_mariae_kawahara2023;Agathymus_mariae_mariae_ncbi	0		excluded_no_selected_descendants				0.144827	
N0494	Agathymus_mariae_kawahara2023	1	N0493	0.144825	91.504601	1	Agathymus_mariae_kawahara2023	0		excluded_no_selected_descendants				0.000002	
N0495	Agathymus_mariae_mariae_ncbi	1	N0493	0.144825	91.504601	1	Agathymus_mariae_mariae_ncbi	0		excluded_no_selected_descendants				0.000002	
N0496	100/100	0	N0490	1.908335	85.154142	7	Megathymus_streckeri_leussleri_kawahara2023;Megathymus_ursus_deserti_ncbi;Megathymus_ursus_kawahara2023;Megathymus_ursus_ursus_ncbi;Megathymus_violae_ncbi;Megathymus_yuccae_yuccae_ncbi;Stallingsia_maculosus_kawahara2023	0		excluded_no_selected_descendants				6.350461	
N0497	Stallingsia_maculosus_kawahara2023	1	N0496	6.350459	91.504601	1	Stallingsia_maculosus_kawahara2023	0		excluded_no_selected_descendants				0.000002	
N0498	100/100	0	N0496	1.339252	86.493394	6	Megathymus_streckeri_leussleri_kawahara2023;Megathymus_ursus_deserti_ncbi;Megathymus_ursus_kawahara2023;Megathymus_ursus_ursus_ncbi;Megathymus_violae_ncbi;Megathymus_yuccae_yuccae_ncbi	0		excluded_no_selected_descendants				5.011209	
N0499	Megathymus_streckeri_leussleri_kawahara2023	1	N0498	5.011207	91.504601	1	Megathymus_streckeri_leussleri_kawahara2023	0		excluded_no_selected_descendants				0.000002	
N0500	100/100	0	N0498	0.990601	87.483995	5	Megathymus_ursus_deserti_ncbi;Megathymus_ursus_kawahara2023;Megathymus_ursus_ursus_ncbi;Megathymus_violae_ncbi;Megathymus_yuccae_yuccae_ncbi	0		excluded_no_selected_descendants				4.020608	
N0501	Megathymus_yuccae_yuccae_ncbi	1	N0500	4.020605	91.504600	1	Megathymus_yuccae_yuccae_ncbi	0		excluded_no_selected_descendants				0.000003	
N0502	100/100	0	N0500	2.105127	89.589122	4	Megathymus_ursus_deserti_ncbi;Megathymus_ursus_kawahara2023;Megathymus_ursus_ursus_ncbi;Megathymus_violae_ncbi	0		excluded_no_selected_descendants				1.915481	
N0503	100/100	0	N0502	1.852004	91.441126	2	Megathymus_ursus_kawahara2023;Megathymus_violae_ncbi	0		excluded_no_selected_descendants				0.063477	
N0504	Megathymus_violae_ncbi	1	N0503	0.063475	91.504601	1	Megathymus_violae_ncbi	0		excluded_no_selected_descendants				0.000002	
N0505	Megathymus_ursus_kawahara2023	1	N0503	0.063475	91.504601	1	Megathymus_ursus_kawahara2023	0		excluded_no_selected_descendants				0.000002	
N0506	100/100	0	N0502	0.760082	90.349204	2	Megathymus_ursus_deserti_ncbi;Megathymus_ursus_ursus_ncbi	0		excluded_no_selected_descendants				1.155399	
N0507	Megathymus_ursus_ursus_ncbi	1	N0506	1.155397	91.504601	1	Megathymus_ursus_ursus_ncbi	0		excluded_no_selected_descendants				0.000002	
N0508	Megathymus_ursus_deserti_ncbi	1	N0506	1.155397	91.504601	1	Megathymus_ursus_deserti_ncbi	0		excluded_no_selected_descendants				0.000002	
N0509	100/100	0	N0487	2.444020	63.270518	241	Adlerodea_petrovna_kawahara2023;Adopaeoides_prittwitzi_kawahara2023;Aides_duma_argyrina_kawahara2023;Alychna_victa_kawahara2023;Alychna_victa_ncbi;Amblyscirtes_belli_ncbi;Amblyscirtes_celia_ncbi;Amblyscirtes_elissa_ncbi;Amblyscirtes_eos_kawahara2023;Amblyscirtes_florus_kawahara2023;Amblyscirtes_simius_kawahara2023;Anatrytone_logan_kawahara2023;Ancyloxypha_numitor_kawahara2023;Anthoptus_epictetus_kawahara2023;Anthoptus_insignis_kawahara2023;Anthoptus_insignis_ncbi;Anthoptus_sp._kawahara2023;Apaustus_gracilis_kawahara2023;Appia_appia_kawahara2023;Argon_lota_kawahara2023;Aroma_aroma_kawahara2023;Arotis_derasa_brunnea_kawahara2023;Artines_rica_kawahara2023;Asbolis_capucinus_kawahara2023;Asbolis_capucinus_ncbi;Atalopedes_campestris_kawahara2023;Atrytone_arogos_iowa_kawahara2023;Atrytonopsis_edwardsi_kawahara2023;Atrytonopsis_hianna_hianna_ncbi;Atrytonopsis_hianna_kawahara2023;Buzyges_idothea_kawahara2023;Callimormus_radiola_kawahara2023;Calpodes_ethlius_kawahara2023;Calpodes_ethlius_ncbi;Cantha_calva_kawahara2023;Carystina_aurifer_kawahara2023;Carystus_phorcus_kawahara2023;Carystus_phorcus_ncbi;Chalcone_briquenydan_chalcone_kawahara2023;Choranthus_haitensis_kawahara2023;Choranthus_radians_kawahara2023;Choranthus_vitellius_ncbi;Cobaloides_argus_kawahara2023;Cobalopsis_miaba_kawahara2023;Cobalus_calvina_kawahara2023;Conga_chydaea_kawahara2023;Conga_zela_kawahara2023;Copaeodes_aurantiaca_kawahara2023;Copaeodes_aurantiaca_ncbi;Corticea_corticea_kawahara2023;Cumbre_cumbre_kawahara2023;Cyclosma_sp._kawahara2023;Cymaenes_tripunctata_kawahara2023;Cynea_cynea_kawahara2023;Cynea_diluta_kawahara2023;Damas_clavus_kawahara2023;Decinea_decinea_kawahara2023;Dion_gemmatus_kawahara2023;Dubiella_dubius_kawahara2023;Duroca_duroca_duroca_ncbi;Duroca_duroca_kawahara2023;Ebusus_ebusus_kawahara2023;Enosis_sp._kawahara2023;Eprius_veleda_kawahara2023;Euphyes_arpa_kawahara2023;Euphyes_dion_kawahara2023;Eutocus_sp._kawahara2023;Eutychide_physcella_kawahara2023;Evansiella_cordela_kawahara2023;Falga_jeconia_kawahara2023;Flaccilla_aecas_kawahara2023;Gallio_carasta_kawahara2023;Ginungagapus_fiedleri_kawahara2023;Ginungagapus_ranesus_kawahara2023;Halotus_rica_kawahara2023;Hansa_devergens_hydra_kawahara2023;Hesperia_attalus_slossonae_ncbi;Hesperia_balcones_ncbi;Hesperia_colorado_sublima_ncbi;Hesperia_comma_kawahara2023;Hesperia_comma_ncbi;Hesperia_dacotae_ncbi;Hesperia_meskei_kawahara2023;Hesperia_meskei_straton_ncbi;Hesperia_nevada_nevada_ncbi;Hesperia_pahaska_williamsi_ncbi;Hesperia_viridis_ncbi;Hesperia_woodgatei_ncbi;Hylephila_phyleus_ncbi;Joanna_joanna_kawahara2023;Lamponia_lamponia_kawahara2023;Lento_lento_kawahara2023;Lerema_accius_kawahara2023;Lerema_lineosa_ncbi;Lerema_liris_ncbi;Lerodea_eufala_kawahara2023;Levina_levina_kawahara2023;Libra_aligula_aligula_kawahara2023;Librita_librita_kawahara2023;Lindra_brasus_kawahara2023;Lon_zabulon_kawahara2023;Lucida_lucia_kawahara2023;Lychnuchus_celsus_kawahara2023;Methion_melas_kawahara2023;Methionopsis_ina_kawahara2023;Metron_oropa_kawahara2023;Miltomiges_cinnamomea_kawahara2023;Misius_misius_kawahara2023;Mnaseas_bicolor_kawahara2023;Mnasicles_geta_kawahara2023;Mnasilus_allubita_kawahara2023;Mnasinous_patage_kawahara2023;Mnasitheus_chrysophrys_kawahara2023;Mnestheus_ittona_kawahara2023;Moeris_striga_striga_kawahara2023;Moeros_moeros_kawahara2023;Molla_molla_kawahara2023;Molo_mango_kawahara2023;Molo_mango_ncbi;Monca_branca_kawahara2023;Morys_compta_kawahara2023;Mucia_zygia_kawahara2023;Naevolus_orius_kawahara2023;Nastra_julia_kawahara2023;Nastra_julia_ncbi;Neoxeniades_braesia_kawahara2023;Niconiades_incomptus_kawahara2023;Niconiades_incomptus_ncbi;Niconiades_xanthaphes_kawahara2023;Notamblyscirtes_simius_ncbi;Nyctelius_nyctelius_kawahara2023;Oarisma_garita_kawahara2023;Oarisma_garita_ncbi;Oarisma_powesheik_ncbi;Ochlodes_bouddha_mydata;Ochlodes_sylvanoides_omnigena_kawahara2023;Ochlodes_sylvanus_ncbi;Ochlodes_thibetana_mydata;Oligoria_maculata_kawahara2023;Onespa_gala_kawahara2023;Onophas_columbaria_kawahara2023;Orthos_trinka_kawahara2023;Oxynthes_corusca_kawahara2023;Pamba_boyaca_kawahara2023;Panca_subpunctuli_kawahara2023;Panoquina_ocola_ocola_kawahara2023;Panoquina_ocola_ocola_ncbi;Panoquina_panoquin_kawahara2023;Papias_subcostulata_kawahara2023;Papias_trimacula_kawahara2023;Paracarystus_hypargyra_kawahara2023;Parachoranthus_magdalia_kawahara2023;Paratrytone_snowi_kawahara2023;Parphorus_storax_s._kawahara2023;Peba_verames_kawahara2023;Phanes_abaris_kawahara2023;Phemiades_pohli_cidra_kawahara2023;Pheraeus_odilia_argus_kawahara2023;Polites_baracoa_baracoa_ncbi;Polites_carus_ncbi;Polites_draco_ncbi;Polites_mardon_ncbi;Polites_mystic_mydata;Polites_origenes_origenes_mydata;Polites_peckius_peckius_ncbi;Polites_rhesus_ncbi;Polites_sabuleti_sabuleti_ncbi;Polites_sonora_mydata;Polites_themistocles_turneri_ncbi;Polites_vibex_kawahara2023;Polites_vibex_praeceps_ncbi;Pompeius_amblyspila_ncbi;Pompeius_pompeius_kawahara2023;Pompeius_pompeius_ncbi;Problema_byssus_kawahara2023;Propapias_sipariana_kawahara2023;Propertius_dejongi_kawahara2023;Pseudocopaeodes_eunus_kawahara2023;Psoralis_stacara_kawahara2023;Punta_punta_kawahara2023;Pyrrhocalles_antiqua_antiqua_kawahara2023;Pyrrhopygopsis_socrates_crates_kawahara2023;Quasimellana_antipazina_kawahara2023;Quinta_cannae_kawahara2023;Racta_chiria_kawahara2023;Racta_sp._kawahara2023;Remella_rita_kawahara2023;Rhinthon_cubana_kawahara2023;Rigga_hesia_kawahara2023;Rufocumbre_eberti_kawahara2023;Saliana_esperi_kawahara2023;Saniba_sabina_kawahara2023;Saturnus_metonidia_kawahara2023;Serdis_viridicans_kawahara2023;Sodalia_sodalis_kawahara2023;Stinga_morrisoni_kawahara2023;Styriodes_quadrinotata_kawahara2023;Synale_cynaxa_kawahara2023;Synapte_salenus_salenus_kawahara2023;Synapte_silius_kawahara2023;Talides_sinois_kawahara2023;Tellona_variegata_kawahara2023;Thargella_evansi_kawahara2023;Thespieus_dalman_kawahara2023;Thespieus_ethemides_mydata;Thespieus_macareus_kawahara2023;Thoon_modius_kawahara2023;Thracides_phidon_kawahara2023;Thymelicus_lineola_kawahara2023;Thymelicus_lineola_ncbi;Thymelicus_sylvestris_ncbi;Tigasis_arita_kawahara2023;Tirynthia_conflua_kawahara2023;Tirynthoides_lotana_kawahara2023;Tricrista_advena_kawahara2023;Tromba_tromba_kawahara2023;Troyus_aurelius_ncbi;Troyus_diversus_maeon_ncbi;Troyus_fantasos_ncbi;Troyus_marcus_ncbi;Turesis_theste_kawahara2023;Vacerra_bonfilius_kawahara2023;Vehilius_celeus_kawahara2023;Venas_evans_kawahara2023;Vernia_verna_kawahara2023;Vernia_verna_ncbi;Vertica_verticalis_coatepeca_kawahara2023;Vettius_lafrenaye_kawahara2023;Vidius_catarinae_kawahara2023;Vinius_letis_kawahara2023;Virga_austrinus_kawahara2023;Wahydra_kenava_kawahara2023;Wahydra_kenava_ncbi;Wahydra_sp._kawahara2023;Wallengrenia_egeremet_ncbi;Wallengrenia_otho_ncbi;Wallengrenia_otho_otho_kawahara2023;Wallengrenia_premnas_kawahara2023;Xeniades_orchamus_kawahara2023;Zariaspes_mys_kawahara2023;Zenis_jebus_kawahara2023	1	Ochlodes_bouddha_mydata	collapsed_into_retained_path	N0680			28.234085	
N0510	100/100	0	N0509	0.947301	64.217819	21	Aides_duma_argyrina_kawahara2023;Argon_lota_kawahara2023;Aroma_aroma_kawahara2023;Carystina_aurifer_kawahara2023;Carystus_phorcus_kawahara2023;Carystus_phorcus_ncbi;Cobalus_calvina_kawahara2023;Damas_clavus_kawahara2023;Dubiella_dubius_kawahara2023;Ebusus_ebusus_kawahara2023;Moeros_moeros_kawahara2023;Molo_mango_kawahara2023;Molo_mango_ncbi;Peba_verames_kawahara2023;Pyrrhopygopsis_socrates_crates_kawahara2023;Synale_cynaxa_kawahara2023;Talides_sinois_kawahara2023;Tellona_variegata_kawahara2023;Thracides_phidon_kawahara2023;Tromba_tromba_kawahara2023;Vertica_verticalis_coatepeca_kawahara2023	0		excluded_no_selected_descendants				27.286784	
N0511	100/99	0	N0510	0.618851	64.836670	9	Aroma_aroma_kawahara2023;Damas_clavus_kawahara2023;Ebusus_ebusus_kawahara2023;Molo_mango_kawahara2023;Molo_mango_ncbi;Pyrrhopygopsis_socrates_crates_kawahara2023;Talides_sinois_kawahara2023;Tellona_variegata_kawahara2023;Tromba_tromba_kawahara2023	0		excluded_no_selected_descendants				26.667933	
N0512	Talides_sinois_kawahara2023	1	N0511	26.667931	91.504601	1	Talides_sinois_kawahara2023	0		excluded_no_selected_descendants				0.000002	
N0513	55.5/65	0	N0511	0.358846	65.195516	8	Aroma_aroma_kawahara2023;Damas_clavus_kawahara2023;Ebusus_ebusus_kawahara2023;Molo_mango_kawahara2023;Molo_mango_ncbi;Pyrrhopygopsis_socrates_crates_kawahara2023;Tellona_variegata_kawahara2023;Tromba_tromba_kawahara2023	0		excluded_no_selected_descendants				26.309087	
N0514	100/100	0	N0513	5.444254	70.639770	4	Damas_clavus_kawahara2023;Ebusus_ebusus_kawahara2023;Pyrrhopygopsis_socrates_crates_kawahara2023;Tromba_tromba_kawahara2023	0		excluded_no_selected_descendants				20.864833	
N0515	100/100	0	N0514	7.647299	78.287069	2	Pyrrhopygopsis_socrates_crates_kawahara2023;Tromba_tromba_kawahara2023	0		excluded_no_selected_descendants				13.217534	
N0516	Tromba_tromba_kawahara2023	1	N0515	13.217531	91.504600	1	Tromba_tromba_kawahara2023	0		excluded_no_selected_descendants				0.000003	
N0517	Pyrrhopygopsis_socrates_crates_kawahara2023	1	N0515	13.217531	91.504600	1	Pyrrhopygopsis_socrates_crates_kawahara2023	0		excluded_no_selected_descendants				0.000003	
N0518	93.6/90	0	N0514	0.844158	71.483928	2	Damas_clavus_kawahara2023;Ebusus_ebusus_kawahara2023	0		excluded_no_selected_descendants				20.020675	
N0519	Ebusus_ebusus_kawahara2023	1	N0518	20.020672	91.504600	1	Ebusus_ebusus_kawahara2023	0		excluded_no_selected_descendants				0.000003	
N0520	Damas_clavus_kawahara2023	1	N0518	20.020672	91.504600	1	Damas_clavus_kawahara2023	0		excluded_no_selected_descendants				0.000003	
N0521	100/100	0	N0513	3.051944	68.247460	4	Aroma_aroma_kawahara2023;Molo_mango_kawahara2023;Molo_mango_ncbi;Tellona_variegata_kawahara2023	0		excluded_no_selected_descendants				23.257143	
N0522	Aroma_aroma_kawahara2023	1	N0521	23.257141	91.504601	1	Aroma_aroma_kawahara2023	0		excluded_no_selected_descendants				0.000002	
N0523	100/100	0	N0521	1.762391	70.009851	3	Molo_mango_kawahara2023;Molo_mango_ncbi;Tellona_variegata_kawahara2023	0		excluded_no_selected_descendants				21.494752	
N0524	Tellona_variegata_kawahara2023	1	N0523	21.494750	91.504601	1	Tellona_variegata_kawahara2023	0		excluded_no_selected_descendants				0.000002	
N0525	100/100	0	N0523	19.698972	89.708823	2	Molo_mango_kawahara2023;Molo_mango_ncbi	0		excluded_no_selected_descendants				1.795780	
N0526	Molo_mango_kawahara2023	1	N0525	1.795778	91.504601	1	Molo_mango_kawahara2023	0		excluded_no_selected_descendants				0.000002	
N0527	Molo_mango_ncbi	1	N0525	1.795778	91.504601	1	Molo_mango_ncbi	0		excluded_no_selected_descendants				0.000002	
N0528	100/100	0	N0510	7.009128	71.226947	12	Aides_duma_argyrina_kawahara2023;Argon_lota_kawahara2023;Carystina_aurifer_kawahara2023;Carystus_phorcus_kawahara2023;Carystus_phorcus_ncbi;Cobalus_calvina_kawahara2023;Dubiella_dubius_kawahara2023;Moeros_moeros_kawahara2023;Peba_verames_kawahara2023;Synale_cynaxa_kawahara2023;Thracides_phidon_kawahara2023;Vertica_verticalis_coatepeca_kawahara2023	0		excluded_no_selected_descendants				20.277656	
N0529	100/100	0	N0528	1.241347	72.468294	4	Aides_duma_argyrina_kawahara2023;Carystina_aurifer_kawahara2023;Dubiella_dubius_kawahara2023;Thracides_phidon_kawahara2023	0		excluded_no_selected_descendants				19.036309	
N0530	100/100	0	N0529	8.501270	80.969564	2	Carystina_aurifer_kawahara2023;Dubiella_dubius_kawahara2023	0		excluded_no_selected_descendants				10.535039	
N0531	Dubiella_dubius_kawahara2023	1	N0530	10.535037	91.504601	1	Dubiella_dubius_kawahara2023	0		excluded_no_selected_descendants				0.000002	
N0532	Carystina_aurifer_kawahara2023	1	N0530	10.535037	91.504601	1	Carystina_aurifer_kawahara2023	0		excluded_no_selected_descendants				0.000002	
N0533	100/100	0	N0529	1.894705	74.362999	2	Aides_duma_argyrina_kawahara2023;Thracides_phidon_kawahara2023	0		excluded_no_selected_descendants				17.141604	
N0534	Thracides_phidon_kawahara2023	1	N0533	17.141602	91.504601	1	Thracides_phidon_kawahara2023	0		excluded_no_selected_descendants				0.000002	
N0535	Aides_duma_argyrina_kawahara2023	1	N0533	17.141602	91.504601	1	Aides_duma_argyrina_kawahara2023	0		excluded_no_selected_descendants				0.000002	
N0536	100/100	0	N0528	0.588433	71.815380	8	Argon_lota_kawahara2023;Carystus_phorcus_kawahara2023;Carystus_phorcus_ncbi;Cobalus_calvina_kawahara2023;Moeros_moeros_kawahara2023;Peba_verames_kawahara2023;Synale_cynaxa_kawahara2023;Vertica_verticalis_coatepeca_kawahara2023	0		excluded_no_selected_descendants				19.689223	
N0537	Vertica_verticalis_coatepeca_kawahara2023	1	N0536	19.689221	91.504601	1	Vertica_verticalis_coatepeca_kawahara2023	0		excluded_no_selected_descendants				0.000002	
N0538	100/100	0	N0536	1.901592	73.716972	7	Argon_lota_kawahara2023;Carystus_phorcus_kawahara2023;Carystus_phorcus_ncbi;Cobalus_calvina_kawahara2023;Moeros_moeros_kawahara2023;Peba_verames_kawahara2023;Synale_cynaxa_kawahara2023	0		excluded_no_selected_descendants				17.787631	
N0539	Cobalus_calvina_kawahara2023	1	N0538	17.787628	91.504600	1	Cobalus_calvina_kawahara2023	0		excluded_no_selected_descendants				0.000003	
N0540	100/100	0	N0538	2.027081	75.744053	6	Argon_lota_kawahara2023;Carystus_phorcus_kawahara2023;Carystus_phorcus_ncbi;Moeros_moeros_kawahara2023;Peba_verames_kawahara2023;Synale_cynaxa_kawahara2023	0		excluded_no_selected_descendants				15.760550	
N0541	Moeros_moeros_kawahara2023	1	N0540	15.760548	91.504601	1	Moeros_moeros_kawahara2023	0		excluded_no_selected_descendants				0.000002	
N0542	100/100	0	N0540	0.718186	76.462239	5	Argon_lota_kawahara2023;Carystus_phorcus_kawahara2023;Carystus_phorcus_ncbi;Peba_verames_kawahara2023;Synale_cynaxa_kawahara2023	0		excluded_no_selected_descendants				15.042364	
N0543	100/100	0	N0542	3.385662	79.847901	2	Argon_lota_kawahara2023;Peba_verames_kawahara2023	0		excluded_no_selected_descendants				11.656702	
N0544	Peba_verames_kawahara2023	1	N0543	11.656699	91.504600	1	Peba_verames_kawahara2023	0		excluded_no_selected_descendants				0.000003	
N0545	Argon_lota_kawahara2023	1	N0543	11.656699	91.504600	1	Argon_lota_kawahara2023	0		excluded_no_selected_descendants				0.000003	
N0546	100/100	0	N0542	6.180826	82.643065	3	Carystus_phorcus_kawahara2023;Carystus_phorcus_ncbi;Synale_cynaxa_kawahara2023	0		excluded_no_selected_descendants				8.861538	
N0547	Synale_cynaxa_kawahara2023	1	N0546	8.861536	91.504601	1	Synale_cynaxa_kawahara2023	0		excluded_no_selected_descendants				0.000002	
N0548	100/100	0	N0546	8.165105	90.808170	2	Carystus_phorcus_kawahara2023;Carystus_phorcus_ncbi	0		excluded_no_selected_descendants				0.696433	
N0549	Carystus_phorcus_kawahara2023	1	N0548	0.696431	91.504601	1	Carystus_phorcus_kawahara2023	0		excluded_no_selected_descendants				0.000002	
N0550	Carystus_phorcus_ncbi	1	N0548	0.696431	91.504601	1	Carystus_phorcus_ncbi	0		excluded_no_selected_descendants				0.000002	
N0551	100/100	0	N0509	0.533657	63.804175	220	Adlerodea_petrovna_kawahara2023;Adopaeoides_prittwitzi_kawahara2023;Alychna_victa_kawahara2023;Alychna_victa_ncbi;Amblyscirtes_belli_ncbi;Amblyscirtes_celia_ncbi;Amblyscirtes_elissa_ncbi;Amblyscirtes_eos_kawahara2023;Amblyscirtes_florus_kawahara2023;Amblyscirtes_simius_kawahara2023;Anatrytone_logan_kawahara2023;Ancyloxypha_numitor_kawahara2023;Anthoptus_epictetus_kawahara2023;Anthoptus_insignis_kawahara2023;Anthoptus_insignis_ncbi;Anthoptus_sp._kawahara2023;Apaustus_gracilis_kawahara2023;Appia_appia_kawahara2023;Arotis_derasa_brunnea_kawahara2023;Artines_rica_kawahara2023;Asbolis_capucinus_kawahara2023;Asbolis_capucinus_ncbi;Atalopedes_campestris_kawahara2023;Atrytone_arogos_iowa_kawahara2023;Atrytonopsis_edwardsi_kawahara2023;Atrytonopsis_hianna_hianna_ncbi;Atrytonopsis_hianna_kawahara2023;Buzyges_idothea_kawahara2023;Callimormus_radiola_kawahara2023;Calpodes_ethlius_kawahara2023;Calpodes_ethlius_ncbi;Cantha_calva_kawahara2023;Chalcone_briquenydan_chalcone_kawahara2023;Choranthus_haitensis_kawahara2023;Choranthus_radians_kawahara2023;Choranthus_vitellius_ncbi;Cobaloides_argus_kawahara2023;Cobalopsis_miaba_kawahara2023;Conga_chydaea_kawahara2023;Conga_zela_kawahara2023;Copaeodes_aurantiaca_kawahara2023;Copaeodes_aurantiaca_ncbi;Corticea_corticea_kawahara2023;Cumbre_cumbre_kawahara2023;Cyclosma_sp._kawahara2023;Cymaenes_tripunctata_kawahara2023;Cynea_cynea_kawahara2023;Cynea_diluta_kawahara2023;Decinea_decinea_kawahara2023;Dion_gemmatus_kawahara2023;Duroca_duroca_duroca_ncbi;Duroca_duroca_kawahara2023;Enosis_sp._kawahara2023;Eprius_veleda_kawahara2023;Euphyes_arpa_kawahara2023;Euphyes_dion_kawahara2023;Eutocus_sp._kawahara2023;Eutychide_physcella_kawahara2023;Evansiella_cordela_kawahara2023;Falga_jeconia_kawahara2023;Flaccilla_aecas_kawahara2023;Gallio_carasta_kawahara2023;Ginungagapus_fiedleri_kawahara2023;Ginungagapus_ranesus_kawahara2023;Halotus_rica_kawahara2023;Hansa_devergens_hydra_kawahara2023;Hesperia_attalus_slossonae_ncbi;Hesperia_balcones_ncbi;Hesperia_colorado_sublima_ncbi;Hesperia_comma_kawahara2023;Hesperia_comma_ncbi;Hesperia_dacotae_ncbi;Hesperia_meskei_kawahara2023;Hesperia_meskei_straton_ncbi;Hesperia_nevada_nevada_ncbi;Hesperia_pahaska_williamsi_ncbi;Hesperia_viridis_ncbi;Hesperia_woodgatei_ncbi;Hylephila_phyleus_ncbi;Joanna_joanna_kawahara2023;Lamponia_lamponia_kawahara2023;Lento_lento_kawahara2023;Lerema_accius_kawahara2023;Lerema_lineosa_ncbi;Lerema_liris_ncbi;Lerodea_eufala_kawahara2023;Levina_levina_kawahara2023;Libra_aligula_aligula_kawahara2023;Librita_librita_kawahara2023;Lindra_brasus_kawahara2023;Lon_zabulon_kawahara2023;Lucida_lucia_kawahara2023;Lychnuchus_celsus_kawahara2023;Methion_melas_kawahara2023;Methionopsis_ina_kawahara2023;Metron_oropa_kawahara2023;Miltomiges_cinnamomea_kawahara2023;Misius_misius_kawahara2023;Mnaseas_bicolor_kawahara2023;Mnasicles_geta_kawahara2023;Mnasilus_allubita_kawahara2023;Mnasinous_patage_kawahara2023;Mnasitheus_chrysophrys_kawahara2023;Mnestheus_ittona_kawahara2023;Moeris_striga_striga_kawahara2023;Molla_molla_kawahara2023;Monca_branca_kawahara2023;Morys_compta_kawahara2023;Mucia_zygia_kawahara2023;Naevolus_orius_kawahara2023;Nastra_julia_kawahara2023;Nastra_julia_ncbi;Neoxeniades_braesia_kawahara2023;Niconiades_incomptus_kawahara2023;Niconiades_incomptus_ncbi;Niconiades_xanthaphes_kawahara2023;Notamblyscirtes_simius_ncbi;Nyctelius_nyctelius_kawahara2023;Oarisma_garita_kawahara2023;Oarisma_garita_ncbi;Oarisma_powesheik_ncbi;Ochlodes_bouddha_mydata;Ochlodes_sylvanoides_omnigena_kawahara2023;Ochlodes_sylvanus_ncbi;Ochlodes_thibetana_mydata;Oligoria_maculata_kawahara2023;Onespa_gala_kawahara2023;Onophas_columbaria_kawahara2023;Orthos_trinka_kawahara2023;Oxynthes_corusca_kawahara2023;Pamba_boyaca_kawahara2023;Panca_subpunctuli_kawahara2023;Panoquina_ocola_ocola_kawahara2023;Panoquina_ocola_ocola_ncbi;Panoquina_panoquin_kawahara2023;Papias_subcostulata_kawahara2023;Papias_trimacula_kawahara2023;Paracarystus_hypargyra_kawahara2023;Parachoranthus_magdalia_kawahara2023;Paratrytone_snowi_kawahara2023;Parphorus_storax_s._kawahara2023;Phanes_abaris_kawahara2023;Phemiades_pohli_cidra_kawahara2023;Pheraeus_odilia_argus_kawahara2023;Polites_baracoa_baracoa_ncbi;Polites_carus_ncbi;Polites_draco_ncbi;Polites_mardon_ncbi;Polites_mystic_mydata;Polites_origenes_origenes_mydata;Polites_peckius_peckius_ncbi;Polites_rhesus_ncbi;Polites_sabuleti_sabuleti_ncbi;Polites_sonora_mydata;Polites_themistocles_turneri_ncbi;Polites_vibex_kawahara2023;Polites_vibex_praeceps_ncbi;Pompeius_amblyspila_ncbi;Pompeius_pompeius_kawahara2023;Pompeius_pompeius_ncbi;Problema_byssus_kawahara2023;Propapias_sipariana_kawahara2023;Propertius_dejongi_kawahara2023;Pseudocopaeodes_eunus_kawahara2023;Psoralis_stacara_kawahara2023;Punta_punta_kawahara2023;Pyrrhocalles_antiqua_antiqua_kawahara2023;Quasimellana_antipazina_kawahara2023;Quinta_cannae_kawahara2023;Racta_chiria_kawahara2023;Racta_sp._kawahara2023;Remella_rita_kawahara2023;Rhinthon_cubana_kawahara2023;Rigga_hesia_kawahara2023;Rufocumbre_eberti_kawahara2023;Saliana_esperi_kawahara2023;Saniba_sabina_kawahara2023;Saturnus_metonidia_kawahara2023;Serdis_viridicans_kawahara2023;Sodalia_sodalis_kawahara2023;Stinga_morrisoni_kawahara2023;Styriodes_quadrinotata_kawahara2023;Synapte_salenus_salenus_kawahara2023;Synapte_silius_kawahara2023;Thargella_evansi_kawahara2023;Thespieus_dalman_kawahara2023;Thespieus_ethemides_mydata;Thespieus_macareus_kawahara2023;Thoon_modius_kawahara2023;Thymelicus_lineola_kawahara2023;Thymelicus_lineola_ncbi;Thymelicus_sylvestris_ncbi;Tigasis_arita_kawahara2023;Tirynthia_conflua_kawahara2023;Tirynthoides_lotana_kawahara2023;Tricrista_advena_kawahara2023;Troyus_aurelius_ncbi;Troyus_diversus_maeon_ncbi;Troyus_fantasos_ncbi;Troyus_marcus_ncbi;Turesis_theste_kawahara2023;Vacerra_bonfilius_kawahara2023;Vehilius_celeus_kawahara2023;Venas_evans_kawahara2023;Vernia_verna_kawahara2023;Vernia_verna_ncbi;Vettius_lafrenaye_kawahara2023;Vidius_catarinae_kawahara2023;Vinius_letis_kawahara2023;Virga_austrinus_kawahara2023;Wahydra_kenava_kawahara2023;Wahydra_kenava_ncbi;Wahydra_sp._kawahara2023;Wallengrenia_egeremet_ncbi;Wallengrenia_otho_ncbi;Wallengrenia_otho_otho_kawahara2023;Wallengrenia_premnas_kawahara2023;Xeniades_orchamus_kawahara2023;Zariaspes_mys_kawahara2023;Zenis_jebus_kawahara2023	1	Ochlodes_bouddha_mydata	collapsed_into_retained_path	N0680			27.700428	
N0552	82/84	0	N0551	0.429876	64.234051	107	Adopaeoides_prittwitzi_kawahara2023;Amblyscirtes_simius_kawahara2023;Anatrytone_logan_kawahara2023;Ancyloxypha_numitor_kawahara2023;Apaustus_gracilis_kawahara2023;Appia_appia_kawahara2023;Arotis_derasa_brunnea_kawahara2023;Atalopedes_campestris_kawahara2023;Atrytone_arogos_iowa_kawahara2023;Atrytonopsis_edwardsi_kawahara2023;Atrytonopsis_hianna_hianna_ncbi;Atrytonopsis_hianna_kawahara2023;Buzyges_idothea_kawahara2023;Calpodes_ethlius_kawahara2023;Calpodes_ethlius_ncbi;Chalcone_briquenydan_chalcone_kawahara2023;Cobaloides_argus_kawahara2023;Conga_chydaea_kawahara2023;Conga_zela_kawahara2023;Copaeodes_aurantiaca_kawahara2023;Copaeodes_aurantiaca_ncbi;Cyclosma_sp._kawahara2023;Decinea_decinea_kawahara2023;Euphyes_arpa_kawahara2023;Euphyes_dion_kawahara2023;Evansiella_cordela_kawahara2023;Hansa_devergens_hydra_kawahara2023;Hesperia_attalus_slossonae_ncbi;Hesperia_balcones_ncbi;Hesperia_colorado_sublima_ncbi;Hesperia_comma_kawahara2023;Hesperia_comma_ncbi;Hesperia_dacotae_ncbi;Hesperia_meskei_kawahara2023;Hesperia_meskei_straton_ncbi;Hesperia_nevada_nevada_ncbi;Hesperia_pahaska_williamsi_ncbi;Hesperia_viridis_ncbi;Hesperia_woodgatei_ncbi;Hylephila_phyleus_ncbi;Libra_aligula_aligula_kawahara2023;Librita_librita_kawahara2023;Lindra_brasus_kawahara2023;Lon_zabulon_kawahara2023;Metron_oropa_kawahara2023;Mnaseas_bicolor_kawahara2023;Notamblyscirtes_simius_ncbi;Nyctelius_nyctelius_kawahara2023;Oarisma_garita_kawahara2023;Oarisma_garita_ncbi;Oarisma_powesheik_ncbi;Ochlodes_bouddha_mydata;Ochlodes_sylvanoides_omnigena_kawahara2023;Ochlodes_sylvanus_ncbi;Ochlodes_thibetana_mydata;Oligoria_maculata_kawahara2023;Onespa_gala_kawahara2023;Orthos_trinka_kawahara2023;Oxynthes_corusca_kawahara2023;Panoquina_ocola_ocola_kawahara2023;Panoquina_ocola_ocola_ncbi;Panoquina_panoquin_kawahara2023;Papias_trimacula_kawahara2023;Parachoranthus_magdalia_kawahara2023;Paratrytone_snowi_kawahara2023;Phemiades_pohli_cidra_kawahara2023;Polites_baracoa_baracoa_ncbi;Polites_carus_ncbi;Polites_draco_ncbi;Polites_mardon_ncbi;Polites_mystic_mydata;Polites_origenes_origenes_mydata;Polites_peckius_peckius_ncbi;Polites_rhesus_ncbi;Polites_sabuleti_sabuleti_ncbi;Polites_sonora_mydata;Polites_themistocles_turneri_ncbi;Polites_vibex_kawahara2023;Polites_vibex_praeceps_ncbi;Pompeius_amblyspila_ncbi;Pompeius_pompeius_kawahara2023;Pompeius_pompeius_ncbi;Problema_byssus_kawahara2023;Propertius_dejongi_kawahara2023;Pseudocopaeodes_eunus_kawahara2023;Quasimellana_antipazina_kawahara2023;Saliana_esperi_kawahara2023;Serdis_viridicans_kawahara2023;Stinga_morrisoni_kawahara2023;Thespieus_dalman_kawahara2023;Thespieus_ethemides_mydata;Thespieus_macareus_kawahara2023;Thymelicus_lineola_kawahara2023;Thymelicus_lineola_ncbi;Thymelicus_sylvestris_ncbi;Tirynthia_conflua_kawahara2023;Tirynthoides_lotana_kawahara2023;Vacerra_bonfilius_kawahara2023;Vernia_verna_kawahara2023;Vernia_verna_ncbi;Wallengrenia_egeremet_ncbi;Wallengrenia_otho_ncbi;Wallengrenia_otho_otho_kawahara2023;Wallengrenia_premnas_kawahara2023;Xeniades_orchamus_kawahara2023;Zariaspes_mys_kawahara2023;Zenis_jebus_kawahara2023	1	Ochlodes_bouddha_mydata	collapsed_into_retained_path	N0680			27.270552	
N0553	100/100	0	N0552	0.691382	64.925433	18	Adopaeoides_prittwitzi_kawahara2023;Ancyloxypha_numitor_kawahara2023;Apaustus_gracilis_kawahara2023;Calpodes_ethlius_kawahara2023;Calpodes_ethlius_ncbi;Copaeodes_aurantiaca_kawahara2023;Copaeodes_aurantiaca_ncbi;Oarisma_garita_kawahara2023;Oarisma_garita_ncbi;Oarisma_powesheik_ncbi;Panoquina_ocola_ocola_kawahara2023;Panoquina_ocola_ocola_ncbi;Panoquina_panoquin_kawahara2023;Saliana_esperi_kawahara2023;Thymelicus_lineola_kawahara2023;Thymelicus_lineola_ncbi;Thymelicus_sylvestris_ncbi;Zenis_jebus_kawahara2023	0		excluded_no_selected_descendants				26.579170	
N0554	100/100	0	N0553	8.825976	73.751409	3	Adopaeoides_prittwitzi_kawahara2023;Ancyloxypha_numitor_kawahara2023;Apaustus_gracilis_kawahara2023	0		excluded_no_selected_descendants				17.753194	
N0555	Adopaeoides_prittwitzi_kawahara2023	1	N0554	17.753191	91.504600	1	Adopaeoides_prittwitzi_kawahara2023	0		excluded_no_selected_descendants				0.000003	
N0556	100/100	0	N0554	3.540866	77.292275	2	Ancyloxypha_numitor_kawahara2023;Apaustus_gracilis_kawahara2023	0		excluded_no_selected_descendants				14.212328	
N0557	Apaustus_gracilis_kawahara2023	1	N0556	14.212325	91.504600	1	Apaustus_gracilis_kawahara2023	0		excluded_no_selected_descendants				0.000003	
N0558	Ancyloxypha_numitor_kawahara2023	1	N0556	14.212325	91.504600	1	Ancyloxypha_numitor_kawahara2023	0		excluded_no_selected_descendants				0.000003	
N0559	100/100	0	N0553	2.365147	67.290580	15	Calpodes_ethlius_kawahara2023;Calpodes_ethlius_ncbi;Copaeodes_aurantiaca_kawahara2023;Copaeodes_aurantiaca_ncbi;Oarisma_garita_kawahara2023;Oarisma_garita_ncbi;Oarisma_powesheik_ncbi;Panoquina_ocola_ocola_kawahara2023;Panoquina_ocola_ocola_ncbi;Panoquina_panoquin_kawahara2023;Saliana_esperi_kawahara2023;Thymelicus_lineola_kawahara2023;Thymelicus_lineola_ncbi;Thymelicus_sylvestris_ncbi;Zenis_jebus_kawahara2023	0		excluded_no_selected_descendants				24.214023	
N0560	100/100	0	N0559	4.711612	72.002192	7	Calpodes_ethlius_kawahara2023;Calpodes_ethlius_ncbi;Panoquina_ocola_ocola_kawahara2023;Panoquina_ocola_ocola_ncbi;Panoquina_panoquin_kawahara2023;Saliana_esperi_kawahara2023;Zenis_jebus_kawahara2023	0		excluded_no_selected_descendants				19.502411	
N0561	100/100	0	N0560	7.524414	79.526606	3	Calpodes_ethlius_kawahara2023;Calpodes_ethlius_ncbi;Saliana_esperi_kawahara2023	0		excluded_no_selected_descendants				11.977997	
N0562	Saliana_esperi_kawahara2023	1	N0561	11.977994	91.504600	1	Saliana_esperi_kawahara2023	0		excluded_no_selected_descendants				0.000003	
N0563	100/100	0	N0561	9.904530	89.431136	2	Calpodes_ethlius_kawahara2023;Calpodes_ethlius_ncbi	0		excluded_no_selected_descendants				2.073467	
N0564	Calpodes_ethlius_ncbi	1	N0563	2.073464	91.504600	1	Calpodes_ethlius_ncbi	0		excluded_no_selected_descendants				0.000003	
N0565	Calpodes_ethlius_kawahara2023	1	N0563	2.073464	91.504600	1	Calpodes_ethlius_kawahara2023	0		excluded_no_selected_descendants				0.000003	
N0566	100/100	0	N0560	6.747046	78.749238	4	Panoquina_ocola_ocola_kawahara2023;Panoquina_ocola_ocola_ncbi;Panoquina_panoquin_kawahara2023;Zenis_jebus_kawahara2023	0		excluded_no_selected_descendants				12.755365	
N0567	Zenis_jebus_kawahara2023	1	N0566	12.755362	91.504600	1	Zenis_jebus_kawahara2023	0		excluded_no_selected_descendants				0.000003	
N0568	100/100	0	N0566	5.510537	84.259775	3	Panoquina_ocola_ocola_kawahara2023;Panoquina_ocola_ocola_ncbi;Panoquina_panoquin_kawahara2023	0		excluded_no_selected_descendants				7.244828	
N0569	Panoquina_panoquin_kawahara2023	1	N0568	7.244825	91.504600	1	Panoquina_panoquin_kawahara2023	0		excluded_no_selected_descendants				0.000003	
N0570	100/100	0	N0568	3.845973	88.105748	2	Panoquina_ocola_ocola_kawahara2023;Panoquina_ocola_ocola_ncbi	0		excluded_no_selected_descendants				3.398855	
N0571	Panoquina_ocola_ocola_ncbi	1	N0570	3.398853	91.504601	1	Panoquina_ocola_ocola_ncbi	0		excluded_no_selected_descendants				0.000002	
N0572	Panoquina_ocola_ocola_kawahara2023	1	N0570	3.398853	91.504601	1	Panoquina_ocola_ocola_kawahara2023	0		excluded_no_selected_descendants				0.000002	
N0573	100/100	0	N0559	7.041825	74.332405	8	Copaeodes_aurantiaca_kawahara2023;Copaeodes_aurantiaca_ncbi;Oarisma_garita_kawahara2023;Oarisma_garita_ncbi;Oarisma_powesheik_ncbi;Thymelicus_lineola_kawahara2023;Thymelicus_lineola_ncbi;Thymelicus_sylvestris_ncbi	0		excluded_no_selected_descendants				17.172198	
N0574	100/100	0	N0573	7.491266	81.823671	3	Thymelicus_lineola_kawahara2023;Thymelicus_lineola_ncbi;Thymelicus_sylvestris_ncbi	0		excluded_no_selected_descendants				9.680932	
N0575	Thymelicus_sylvestris_ncbi	1	N0574	9.680930	91.504601	1	Thymelicus_sylvestris_ncbi	0		excluded_no_selected_descendants				0.000002	
N0576	100/100	0	N0574	7.075244	88.898915	2	Thymelicus_lineola_kawahara2023;Thymelicus_lineola_ncbi	0		excluded_no_selected_descendants				2.605688	
N0577	Thymelicus_lineola_kawahara2023	1	N0576	2.605685	91.504600	1	Thymelicus_lineola_kawahara2023	0		excluded_no_selected_descendants				0.000003	
N0578	Thymelicus_lineola_ncbi	1	N0576	2.605685	91.504600	1	Thymelicus_lineola_ncbi	0		excluded_no_selected_descendants				0.000003	
N0579	100/100	0	N0573	4.072567	78.404972	5	Copaeodes_aurantiaca_kawahara2023;Copaeodes_aurantiaca_ncbi;Oarisma_garita_kawahara2023;Oarisma_garita_ncbi;Oarisma_powesheik_ncbi	0		excluded_no_selected_descendants				13.099631	
N0580	100/100	0	N0579	11.539799	89.944771	2	Copaeodes_aurantiaca_kawahara2023;Copaeodes_aurantiaca_ncbi	0		excluded_no_selected_descendants				1.559832	
N0581	Copaeodes_aurantiaca_ncbi	1	N0580	1.559829	91.504600	1	Copaeodes_aurantiaca_ncbi	0		excluded_no_selected_descendants				0.000003	
N0582	Copaeodes_aurantiaca_kawahara2023	1	N0580	1.559829	91.504600	1	Copaeodes_aurantiaca_kawahara2023	0		excluded_no_selected_descendants				0.000003	
N0583	100/100	0	N0579	10.237657	88.642629	3	Oarisma_garita_kawahara2023;Oarisma_garita_ncbi;Oarisma_powesheik_ncbi	0		excluded_no_selected_descendants				2.861974	
N0584	Oarisma_powesheik_ncbi	1	N0583	2.861971	91.504600	1	Oarisma_powesheik_ncbi	0		excluded_no_selected_descendants				0.000003	
N0585	100/100	0	N0583	1.817202	90.459831	2	Oarisma_garita_kawahara2023;Oarisma_garita_ncbi	0		excluded_no_selected_descendants				1.044772	
N0586	Oarisma_garita_ncbi	1	N0585	1.044769	91.504600	1	Oarisma_garita_ncbi	0		excluded_no_selected_descendants				0.000003	
N0587	Oarisma_garita_kawahara2023	1	N0585	1.044769	91.504600	1	Oarisma_garita_kawahara2023	0		excluded_no_selected_descendants				0.000003	
N0588	100/100	0	N0552	5.765877	69.999928	89	Amblyscirtes_simius_kawahara2023;Anatrytone_logan_kawahara2023;Appia_appia_kawahara2023;Arotis_derasa_brunnea_kawahara2023;Atalopedes_campestris_kawahara2023;Atrytone_arogos_iowa_kawahara2023;Atrytonopsis_edwardsi_kawahara2023;Atrytonopsis_hianna_hianna_ncbi;Atrytonopsis_hianna_kawahara2023;Buzyges_idothea_kawahara2023;Chalcone_briquenydan_chalcone_kawahara2023;Cobaloides_argus_kawahara2023;Conga_chydaea_kawahara2023;Conga_zela_kawahara2023;Cyclosma_sp._kawahara2023;Decinea_decinea_kawahara2023;Euphyes_arpa_kawahara2023;Euphyes_dion_kawahara2023;Evansiella_cordela_kawahara2023;Hansa_devergens_hydra_kawahara2023;Hesperia_attalus_slossonae_ncbi;Hesperia_balcones_ncbi;Hesperia_colorado_sublima_ncbi;Hesperia_comma_kawahara2023;Hesperia_comma_ncbi;Hesperia_dacotae_ncbi;Hesperia_meskei_kawahara2023;Hesperia_meskei_straton_ncbi;Hesperia_nevada_nevada_ncbi;Hesperia_pahaska_williamsi_ncbi;Hesperia_viridis_ncbi;Hesperia_woodgatei_ncbi;Hylephila_phyleus_ncbi;Libra_aligula_aligula_kawahara2023;Librita_librita_kawahara2023;Lindra_brasus_kawahara2023;Lon_zabulon_kawahara2023;Metron_oropa_kawahara2023;Mnaseas_bicolor_kawahara2023;Notamblyscirtes_simius_ncbi;Nyctelius_nyctelius_kawahara2023;Ochlodes_bouddha_mydata;Ochlodes_sylvanoides_omnigena_kawahara2023;Ochlodes_sylvanus_ncbi;Ochlodes_thibetana_mydata;Oligoria_maculata_kawahara2023;Onespa_gala_kawahara2023;Orthos_trinka_kawahara2023;Oxynthes_corusca_kawahara2023;Papias_trimacula_kawahara2023;Parachoranthus_magdalia_kawahara2023;Paratrytone_snowi_kawahara2023;Phemiades_pohli_cidra_kawahara2023;Polites_baracoa_baracoa_ncbi;Polites_carus_ncbi;Polites_draco_ncbi;Polites_mardon_ncbi;Polites_mystic_mydata;Polites_origenes_origenes_mydata;Polites_peckius_peckius_ncbi;Polites_rhesus_ncbi;Polites_sabuleti_sabuleti_ncbi;Polites_sonora_mydata;Polites_themistocles_turneri_ncbi;Polites_vibex_kawahara2023;Polites_vibex_praeceps_ncbi;Pompeius_amblyspila_ncbi;Pompeius_pompeius_kawahara2023;Pompeius_pompeius_ncbi;Problema_byssus_kawahara2023;Propertius_dejongi_kawahara2023;Pseudocopaeodes_eunus_kawahara2023;Quasimellana_antipazina_kawahara2023;Serdis_viridicans_kawahara2023;Stinga_morrisoni_kawahara2023;Thespieus_dalman_kawahara2023;Thespieus_ethemides_mydata;Thespieus_macareus_kawahara2023;Tirynthia_conflua_kawahara2023;Tirynthoides_lotana_kawahara2023;Vacerra_bonfilius_kawahara2023;Vernia_verna_kawahara2023;Vernia_verna_ncbi;Wallengrenia_egeremet_ncbi;Wallengrenia_otho_ncbi;Wallengrenia_otho_otho_kawahara2023;Wallengrenia_premnas_kawahara2023;Xeniades_orchamus_kawahara2023;Zariaspes_mys_kawahara2023	1	Ochlodes_bouddha_mydata	collapsed_into_retained_path	N0680			21.504675	
N0589	100/100	0	N0588	5.704206	75.704134	18	Arotis_derasa_brunnea_kawahara2023;Chalcone_briquenydan_chalcone_kawahara2023;Cyclosma_sp._kawahara2023;Euphyes_arpa_kawahara2023;Euphyes_dion_kawahara2023;Hansa_devergens_hydra_kawahara2023;Libra_aligula_aligula_kawahara2023;Lindra_brasus_kawahara2023;Metron_oropa_kawahara2023;Mnaseas_bicolor_kawahara2023;Notamblyscirtes_simius_ncbi;Orthos_trinka_kawahara2023;Oxynthes_corusca_kawahara2023;Papias_trimacula_kawahara2023;Phemiades_pohli_cidra_kawahara2023;Propertius_dejongi_kawahara2023;Serdis_viridicans_kawahara2023;Tirynthoides_lotana_kawahara2023	0		excluded_no_selected_descendants				15.800469	
N0590	100/100	0	N0589	3.807378	79.511512	6	Arotis_derasa_brunnea_kawahara2023;Euphyes_arpa_kawahara2023;Euphyes_dion_kawahara2023;Mnaseas_bicolor_kawahara2023;Notamblyscirtes_simius_ncbi;Papias_trimacula_kawahara2023	0		excluded_no_selected_descendants				11.993091	
N0591	100/100	0	N0590	3.051384	82.562896	2	Arotis_derasa_brunnea_kawahara2023;Mnaseas_bicolor_kawahara2023	0		excluded_no_selected_descendants				8.941707	
N0592	Mnaseas_bicolor_kawahara2023	1	N0591	8.941704	91.504600	1	Mnaseas_bicolor_kawahara2023	0		excluded_no_selected_descendants				0.000003	
N0593	Arotis_derasa_brunnea_kawahara2023	1	N0591	8.941704	91.504600	1	Arotis_derasa_brunnea_kawahara2023	0		excluded_no_selected_descendants				0.000003	
N0594	100/100	0	N0590	5.053128	84.564640	4	Euphyes_arpa_kawahara2023;Euphyes_dion_kawahara2023;Notamblyscirtes_simius_ncbi;Papias_trimacula_kawahara2023	0		excluded_no_selected_descendants				6.939963	
N0595	Papias_trimacula_kawahara2023	1	N0594	6.939960	91.504600	1	Papias_trimacula_kawahara2023	0		excluded_no_selected_descendants				0.000003	
N0596	100/100	0	N0594	1.245976	85.810616	3	Euphyes_arpa_kawahara2023;Euphyes_dion_kawahara2023;Notamblyscirtes_simius_ncbi	0		excluded_no_selected_descendants				5.693987	
N0597	Euphyes_arpa_kawahara2023	1	N0596	5.693984	91.504600	1	Euphyes_arpa_kawahara2023	0		excluded_no_selected_descendants				0.000003	
N0598	100/100	0	N0596	2.763159	88.573775	2	Euphyes_dion_kawahara2023;Notamblyscirtes_simius_ncbi	0		excluded_no_selected_descendants				2.930828	
N0599	Euphyes_dion_kawahara2023	1	N0598	2.930825	91.504600	1	Euphyes_dion_kawahara2023	0		excluded_no_selected_descendants				0.000003	
N0600	Notamblyscirtes_simius_ncbi	1	N0598	2.930825	91.504600	1	Notamblyscirtes_simius_ncbi	0		excluded_no_selected_descendants				0.000003	
N0601	100/100	0	N0589	0.906455	76.610589	12	Chalcone_briquenydan_chalcone_kawahara2023;Cyclosma_sp._kawahara2023;Hansa_devergens_hydra_kawahara2023;Libra_aligula_aligula_kawahara2023;Lindra_brasus_kawahara2023;Metron_oropa_kawahara2023;Orthos_trinka_kawahara2023;Oxynthes_corusca_kawahara2023;Phemiades_pohli_cidra_kawahara2023;Propertius_dejongi_kawahara2023;Serdis_viridicans_kawahara2023;Tirynthoides_lotana_kawahara2023	0		excluded_no_selected_descendants				14.894014	
N0602	100/100	0	N0601	2.900970	79.511559	3	Cyclosma_sp._kawahara2023;Serdis_viridicans_kawahara2023;Tirynthoides_lotana_kawahara2023	0		excluded_no_selected_descendants				11.993044	
N0603	Serdis_viridicans_kawahara2023	1	N0602	11.993041	91.504600	1	Serdis_viridicans_kawahara2023	0		excluded_no_selected_descendants				0.000003	
N0604	100/100	0	N0602	3.971151	83.482710	2	Cyclosma_sp._kawahara2023;Tirynthoides_lotana_kawahara2023	0		excluded_no_selected_descendants				8.021893	
N0605	Tirynthoides_lotana_kawahara2023	1	N0604	8.021889	91.504599	1	Tirynthoides_lotana_kawahara2023	0		excluded_no_selected_descendants				0.000004	
N0606	Cyclosma_sp._kawahara2023	1	N0604	8.021889	91.504599	1	Cyclosma_sp._kawahara2023	0		excluded_no_selected_descendants				0.000004	
N0607	100/100	0	N0601	1.221146	77.831735	9	Chalcone_briquenydan_chalcone_kawahara2023;Hansa_devergens_hydra_kawahara2023;Libra_aligula_aligula_kawahara2023;Lindra_brasus_kawahara2023;Metron_oropa_kawahara2023;Orthos_trinka_kawahara2023;Oxynthes_corusca_kawahara2023;Phemiades_pohli_cidra_kawahara2023;Propertius_dejongi_kawahara2023	0		excluded_no_selected_descendants				13.672868	
N0608	100/100	0	N0607	0.582614	78.414349	3	Libra_aligula_aligula_kawahara2023;Metron_oropa_kawahara2023;Phemiades_pohli_cidra_kawahara2023	0		excluded_no_selected_descendants				13.090254	
N0609	Metron_oropa_kawahara2023	1	N0608	13.090251	91.504600	1	Metron_oropa_kawahara2023	0		excluded_no_selected_descendants				0.000003	
N0610	100/100	0	N0608	3.420776	81.835125	2	Libra_aligula_aligula_kawahara2023;Phemiades_pohli_cidra_kawahara2023	0		excluded_no_selected_descendants				9.669478	
N0611	Phemiades_pohli_cidra_kawahara2023	1	N0610	9.669475	91.504600	1	Phemiades_pohli_cidra_kawahara2023	0		excluded_no_selected_descendants				0.000003	
N0612	Libra_aligula_aligula_kawahara2023	1	N0610	9.669475	91.504600	1	Libra_aligula_aligula_kawahara2023	0		excluded_no_selected_descendants				0.000003	
N0613	100/100	0	N0607	0.606333	78.438068	6	Chalcone_briquenydan_chalcone_kawahara2023;Hansa_devergens_hydra_kawahara2023;Lindra_brasus_kawahara2023;Orthos_trinka_kawahara2023;Oxynthes_corusca_kawahara2023;Propertius_dejongi_kawahara2023	0		excluded_no_selected_descendants				13.066535	
N0614	28.3/61	0	N0613	0.753678	79.191746	3	Lindra_brasus_kawahara2023;Orthos_trinka_kawahara2023;Oxynthes_corusca_kawahara2023	0		excluded_no_selected_descendants				12.312857	
N0615	Lindra_brasus_kawahara2023	1	N0614	12.312854	91.504600	1	Lindra_brasus_kawahara2023	0		excluded_no_selected_descendants				0.000003	
N0616	100/100	0	N0614	7.586569	86.778315	2	Orthos_trinka_kawahara2023;Oxynthes_corusca_kawahara2023	0		excluded_no_selected_descendants				4.726288	
N0617	Oxynthes_corusca_kawahara2023	1	N0616	4.726285	91.504600	1	Oxynthes_corusca_kawahara2023	0		excluded_no_selected_descendants				0.000003	
N0618	Orthos_trinka_kawahara2023	1	N0616	4.726285	91.504600	1	Orthos_trinka_kawahara2023	0		excluded_no_selected_descendants				0.000003	
N0619	100/100	0	N0613	3.813181	82.251249	3	Chalcone_briquenydan_chalcone_kawahara2023;Hansa_devergens_hydra_kawahara2023;Propertius_dejongi_kawahara2023	0		excluded_no_selected_descendants				9.253354	
N0620	Chalcone_briquenydan_chalcone_kawahara2023	1	N0619	9.253351	91.504600	1	Chalcone_briquenydan_chalcone_kawahara2023	0		excluded_no_selected_descendants				0.000003	
N0621	85.7/82	0	N0619	0.548762	82.800011	2	Hansa_devergens_hydra_kawahara2023;Propertius_dejongi_kawahara2023	0		excluded_no_selected_descendants				8.704592	
N0622	Propertius_dejongi_kawahara2023	1	N0621	8.704589	91.504600	1	Propertius_dejongi_kawahara2023	0		excluded_no_selected_descendants				0.000003	
N0623	Hansa_devergens_hydra_kawahara2023	1	N0621	8.704589	91.504600	1	Hansa_devergens_hydra_kawahara2023	0		excluded_no_selected_descendants				0.000003	
N0624	99.8/100	0	N0588	0.355784	70.355712	71	Amblyscirtes_simius_kawahara2023;Anatrytone_logan_kawahara2023;Appia_appia_kawahara2023;Atalopedes_campestris_kawahara2023;Atrytone_arogos_iowa_kawahara2023;Atrytonopsis_edwardsi_kawahara2023;Atrytonopsis_hianna_hianna_ncbi;Atrytonopsis_hianna_kawahara2023;Buzyges_idothea_kawahara2023;Cobaloides_argus_kawahara2023;Conga_chydaea_kawahara2023;Conga_zela_kawahara2023;Decinea_decinea_kawahara2023;Evansiella_cordela_kawahara2023;Hesperia_attalus_slossonae_ncbi;Hesperia_balcones_ncbi;Hesperia_colorado_sublima_ncbi;Hesperia_comma_kawahara2023;Hesperia_comma_ncbi;Hesperia_dacotae_ncbi;Hesperia_meskei_kawahara2023;Hesperia_meskei_straton_ncbi;Hesperia_nevada_nevada_ncbi;Hesperia_pahaska_williamsi_ncbi;Hesperia_viridis_ncbi;Hesperia_woodgatei_ncbi;Hylephila_phyleus_ncbi;Librita_librita_kawahara2023;Lon_zabulon_kawahara2023;Nyctelius_nyctelius_kawahara2023;Ochlodes_bouddha_mydata;Ochlodes_sylvanoides_omnigena_kawahara2023;Ochlodes_sylvanus_ncbi;Ochlodes_thibetana_mydata;Oligoria_maculata_kawahara2023;Onespa_gala_kawahara2023;Parachoranthus_magdalia_kawahara2023;Paratrytone_snowi_kawahara2023;Polites_baracoa_baracoa_ncbi;Polites_carus_ncbi;Polites_draco_ncbi;Polites_mardon_ncbi;Polites_mystic_mydata;Polites_origenes_origenes_mydata;Polites_peckius_peckius_ncbi;Polites_rhesus_ncbi;Polites_sabuleti_sabuleti_ncbi;Polites_sonora_mydata;Polites_themistocles_turneri_ncbi;Polites_vibex_kawahara2023;Polites_vibex_praeceps_ncbi;Pompeius_amblyspila_ncbi;Pompeius_pompeius_kawahara2023;Pompeius_pompeius_ncbi;Problema_byssus_kawahara2023;Pseudocopaeodes_eunus_kawahara2023;Quasimellana_antipazina_kawahara2023;Stinga_morrisoni_kawahara2023;Thespieus_dalman_kawahara2023;Thespieus_ethemides_mydata;Thespieus_macareus_kawahara2023;Tirynthia_conflua_kawahara2023;Vacerra_bonfilius_kawahara2023;Vernia_verna_kawahara2023;Vernia_verna_ncbi;Wallengrenia_egeremet_ncbi;Wallengrenia_otho_ncbi;Wallengrenia_otho_otho_kawahara2023;Wallengrenia_premnas_kawahara2023;Xeniades_orchamus_kawahara2023;Zariaspes_mys_kawahara2023	1	Ochlodes_bouddha_mydata	collapsed_into_retained_path	N0680			21.148891	
N0625	100/100	0	N0624	1.505855	71.861567	11	Amblyscirtes_simius_kawahara2023;Anatrytone_logan_kawahara2023;Atrytone_arogos_iowa_kawahara2023;Buzyges_idothea_kawahara2023;Decinea_decinea_kawahara2023;Librita_librita_kawahara2023;Onespa_gala_kawahara2023;Problema_byssus_kawahara2023;Quasimellana_antipazina_kawahara2023;Tirynthia_conflua_kawahara2023;Zariaspes_mys_kawahara2023	0		excluded_no_selected_descendants				19.643036	
N0626	Amblyscirtes_simius_kawahara2023	1	N0625	19.643033	91.504600	1	Amblyscirtes_simius_kawahara2023	0		excluded_no_selected_descendants				0.000003	
N0627	100/100	0	N0625	4.719571	76.581138	10	Anatrytone_logan_kawahara2023;Atrytone_arogos_iowa_kawahara2023;Buzyges_idothea_kawahara2023;Decinea_decinea_kawahara2023;Librita_librita_kawahara2023;Onespa_gala_kawahara2023;Problema_byssus_kawahara2023;Quasimellana_antipazina_kawahara2023;Tirynthia_conflua_kawahara2023;Zariaspes_mys_kawahara2023	0		excluded_no_selected_descendants				14.923465	
N0628	100/100	0	N0627	0.519398	77.100536	4	Anatrytone_logan_kawahara2023;Atrytone_arogos_iowa_kawahara2023;Problema_byssus_kawahara2023;Zariaspes_mys_kawahara2023	0		excluded_no_selected_descendants				14.404067	
N0629	100/100	0	N0628	8.853009	85.953545	2	Atrytone_arogos_iowa_kawahara2023;Problema_byssus_kawahara2023	0		excluded_no_selected_descendants				5.551058	
N0630	Problema_byssus_kawahara2023	1	N0629	5.551056	91.504601	1	Problema_byssus_kawahara2023	0		excluded_no_selected_descendants				0.000002	
N0631	Atrytone_arogos_iowa_kawahara2023	1	N0629	5.551056	91.504601	1	Atrytone_arogos_iowa_kawahara2023	0		excluded_no_selected_descendants				0.000002	
N0632	100/100	0	N0628	2.328088	79.428624	2	Anatrytone_logan_kawahara2023;Zariaspes_mys_kawahara2023	0		excluded_no_selected_descendants				12.075979	
N0633	Zariaspes_mys_kawahara2023	1	N0632	12.075976	91.504600	1	Zariaspes_mys_kawahara2023	0		excluded_no_selected_descendants				0.000003	
N0634	Anatrytone_logan_kawahara2023	1	N0632	12.075976	91.504600	1	Anatrytone_logan_kawahara2023	0		excluded_no_selected_descendants				0.000003	
N0635	100/100	0	N0627	1.828106	78.409244	6	Buzyges_idothea_kawahara2023;Decinea_decinea_kawahara2023;Librita_librita_kawahara2023;Onespa_gala_kawahara2023;Quasimellana_antipazina_kawahara2023;Tirynthia_conflua_kawahara2023	0		excluded_no_selected_descendants				13.095359	
N0636	Quasimellana_antipazina_kawahara2023	1	N0635	13.095356	91.504600	1	Quasimellana_antipazina_kawahara2023	0		excluded_no_selected_descendants				0.000003	
N0637	100/100	0	N0635	4.750145	83.159389	5	Buzyges_idothea_kawahara2023;Decinea_decinea_kawahara2023;Librita_librita_kawahara2023;Onespa_gala_kawahara2023;Tirynthia_conflua_kawahara2023	0		excluded_no_selected_descendants				8.345214	
N0638	100/100	0	N0637	2.079819	85.239208	2	Buzyges_idothea_kawahara2023;Onespa_gala_kawahara2023	0		excluded_no_selected_descendants				6.265395	
N0639	Onespa_gala_kawahara2023	1	N0638	6.265392	91.504600	1	Onespa_gala_kawahara2023	0		excluded_no_selected_descendants				0.000003	
N0640	Buzyges_idothea_kawahara2023	1	N0638	6.265392	91.504600	1	Buzyges_idothea_kawahara2023	0		excluded_no_selected_descendants				0.000003	
N0641	100/100	0	N0637	0.712223	83.871612	3	Decinea_decinea_kawahara2023;Librita_librita_kawahara2023;Tirynthia_conflua_kawahara2023	0		excluded_no_selected_descendants				7.632991	
N0642	Librita_librita_kawahara2023	1	N0641	7.632988	91.504600	1	Librita_librita_kawahara2023	0		excluded_no_selected_descendants				0.000003	
N0643	32.4/50	0	N0641	0.358449	84.230061	2	Decinea_decinea_kawahara2023;Tirynthia_conflua_kawahara2023	0		excluded_no_selected_descendants				7.274542	
N0644	Tirynthia_conflua_kawahara2023	1	N0643	7.274539	91.504600	1	Tirynthia_conflua_kawahara2023	0		excluded_no_selected_descendants				0.000003	
N0645	Decinea_decinea_kawahara2023	1	N0643	7.274539	91.504600	1	Decinea_decinea_kawahara2023	0		excluded_no_selected_descendants				0.000003	
N0646	100/100	0	N0624	0.656923	71.012635	60	Appia_appia_kawahara2023;Atalopedes_campestris_kawahara2023;Atrytonopsis_edwardsi_kawahara2023;Atrytonopsis_hianna_hianna_ncbi;Atrytonopsis_hianna_kawahara2023;Cobaloides_argus_kawahara2023;Conga_chydaea_kawahara2023;Conga_zela_kawahara2023;Evansiella_cordela_kawahara2023;Hesperia_attalus_slossonae_ncbi;Hesperia_balcones_ncbi;Hesperia_colorado_sublima_ncbi;Hesperia_comma_kawahara2023;Hesperia_comma_ncbi;Hesperia_dacotae_ncbi;Hesperia_meskei_kawahara2023;Hesperia_meskei_straton_ncbi;Hesperia_nevada_nevada_ncbi;Hesperia_pahaska_williamsi_ncbi;Hesperia_viridis_ncbi;Hesperia_woodgatei_ncbi;Hylephila_phyleus_ncbi;Lon_zabulon_kawahara2023;Nyctelius_nyctelius_kawahara2023;Ochlodes_bouddha_mydata;Ochlodes_sylvanoides_omnigena_kawahara2023;Ochlodes_sylvanus_ncbi;Ochlodes_thibetana_mydata;Oligoria_maculata_kawahara2023;Parachoranthus_magdalia_kawahara2023;Paratrytone_snowi_kawahara2023;Polites_baracoa_baracoa_ncbi;Polites_carus_ncbi;Polites_draco_ncbi;Polites_mardon_ncbi;Polites_mystic_mydata;Polites_origenes_origenes_mydata;Polites_peckius_peckius_ncbi;Polites_rhesus_ncbi;Polites_sabuleti_sabuleti_ncbi;Polites_sonora_mydata;Polites_themistocles_turneri_ncbi;Polites_vibex_kawahara2023;Polites_vibex_praeceps_ncbi;Pompeius_amblyspila_ncbi;Pompeius_pompeius_kawahara2023;Pompeius_pompeius_ncbi;Pseudocopaeodes_eunus_kawahara2023;Stinga_morrisoni_kawahara2023;Thespieus_dalman_kawahara2023;Thespieus_ethemides_mydata;Thespieus_macareus_kawahara2023;Vacerra_bonfilius_kawahara2023;Vernia_verna_kawahara2023;Vernia_verna_ncbi;Wallengrenia_egeremet_ncbi;Wallengrenia_otho_ncbi;Wallengrenia_otho_otho_kawahara2023;Wallengrenia_premnas_kawahara2023;Xeniades_orchamus_kawahara2023	1	Ochlodes_bouddha_mydata	collapsed_into_retained_path	N0680			20.491968	
N0647	100/100	0	N0646	2.733630	73.746265	12	Atrytonopsis_edwardsi_kawahara2023;Atrytonopsis_hianna_hianna_ncbi;Atrytonopsis_hianna_kawahara2023;Cobaloides_argus_kawahara2023;Evansiella_cordela_kawahara2023;Oligoria_maculata_kawahara2023;Paratrytone_snowi_kawahara2023;Thespieus_dalman_kawahara2023;Thespieus_ethemides_mydata;Thespieus_macareus_kawahara2023;Vacerra_bonfilius_kawahara2023;Xeniades_orchamus_kawahara2023	0		excluded_no_selected_descendants				17.758338	
N0648	Evansiella_cordela_kawahara2023	1	N0647	17.758335	91.504600	1	Evansiella_cordela_kawahara2023	0		excluded_no_selected_descendants				0.000003	
N0649	100/100	0	N0647	2.850401	76.596666	11	Atrytonopsis_edwardsi_kawahara2023;Atrytonopsis_hianna_hianna_ncbi;Atrytonopsis_hianna_kawahara2023;Cobaloides_argus_kawahara2023;Oligoria_maculata_kawahara2023;Paratrytone_snowi_kawahara2023;Thespieus_dalman_kawahara2023;Thespieus_ethemides_mydata;Thespieus_macareus_kawahara2023;Vacerra_bonfilius_kawahara2023;Xeniades_orchamus_kawahara2023	0		excluded_no_selected_descendants				14.907937	
N0650	Paratrytone_snowi_kawahara2023	1	N0649	14.907933	91.504599	1	Paratrytone_snowi_kawahara2023	0		excluded_no_selected_descendants				0.000004	
N0651	100/100	0	N0649	2.612115	79.208781	10	Atrytonopsis_edwardsi_kawahara2023;Atrytonopsis_hianna_hianna_ncbi;Atrytonopsis_hianna_kawahara2023;Cobaloides_argus_kawahara2023;Oligoria_maculata_kawahara2023;Thespieus_dalman_kawahara2023;Thespieus_ethemides_mydata;Thespieus_macareus_kawahara2023;Vacerra_bonfilius_kawahara2023;Xeniades_orchamus_kawahara2023	0		excluded_no_selected_descendants				12.295822	
N0652	100/100	0	N0651	4.781490	83.990271	3	Thespieus_dalman_kawahara2023;Thespieus_ethemides_mydata;Thespieus_macareus_kawahara2023	0		excluded_no_selected_descendants				7.514332	
N0653	Thespieus_dalman_kawahara2023	1	N0652	7.514328	91.504599	1	Thespieus_dalman_kawahara2023	0		excluded_no_selected_descendants				0.000004	
N0654	100/100	0	N0652	0.814917	84.805188	2	Thespieus_ethemides_mydata;Thespieus_macareus_kawahara2023	0		excluded_no_selected_descendants				6.699415	
N0655	Thespieus_ethemides_mydata	1	N0654	6.699411	91.504599	1	Thespieus_ethemides_mydata	0		excluded_no_selected_descendants				0.000004	
N0656	Thespieus_macareus_kawahara2023	1	N0654	6.699411	91.504599	1	Thespieus_macareus_kawahara2023	0		excluded_no_selected_descendants				0.000004	
N0657	100/100	0	N0651	1.060695	80.269476	7	Atrytonopsis_edwardsi_kawahara2023;Atrytonopsis_hianna_hianna_ncbi;Atrytonopsis_hianna_kawahara2023;Cobaloides_argus_kawahara2023;Oligoria_maculata_kawahara2023;Vacerra_bonfilius_kawahara2023;Xeniades_orchamus_kawahara2023	0		excluded_no_selected_descendants				11.235127	
N0658	100/100	0	N0657	5.112417	85.381893	3	Atrytonopsis_edwardsi_kawahara2023;Atrytonopsis_hianna_hianna_ncbi;Atrytonopsis_hianna_kawahara2023	0		excluded_no_selected_descendants				6.122710	
N0659	Atrytonopsis_edwardsi_kawahara2023	1	N0658	6.122705	91.504598	1	Atrytonopsis_edwardsi_kawahara2023	0		excluded_no_selected_descendants				0.000005	
N0660	100/100	0	N0658	4.288776	89.670669	2	Atrytonopsis_hianna_hianna_ncbi;Atrytonopsis_hianna_kawahara2023	0		excluded_no_selected_descendants				1.833934	
N0661	Atrytonopsis_hianna_kawahara2023	1	N0660	1.833929	91.504598	1	Atrytonopsis_hianna_kawahara2023	0		excluded_no_selected_descendants				0.000005	
N0662	Atrytonopsis_hianna_hianna_ncbi	1	N0660	1.833929	91.504598	1	Atrytonopsis_hianna_hianna_ncbi	0		excluded_no_selected_descendants				0.000005	
N0663	100/100	0	N0657	1.735094	82.004570	4	Cobaloides_argus_kawahara2023;Oligoria_maculata_kawahara2023;Vacerra_bonfilius_kawahara2023;Xeniades_orchamus_kawahara2023	0		excluded_no_selected_descendants				9.500033	
N0664	Xeniades_orchamus_kawahara2023	1	N0663	9.500029	91.504599	1	Xeniades_orchamus_kawahara2023	0		excluded_no_selected_descendants				0.000004	
N0665	100/100	0	N0663	0.895957	82.900527	3	Cobaloides_argus_kawahara2023;Oligoria_maculata_kawahara2023;Vacerra_bonfilius_kawahara2023	0		excluded_no_selected_descendants				8.604076	
N0666	Vacerra_bonfilius_kawahara2023	1	N0665	8.604072	91.504599	1	Vacerra_bonfilius_kawahara2023	0		excluded_no_selected_descendants				0.000004	
N0667	100/100	0	N0665	1.784179	84.684706	2	Cobaloides_argus_kawahara2023;Oligoria_maculata_kawahara2023	0		excluded_no_selected_descendants				6.819897	
N0668	Cobaloides_argus_kawahara2023	1	N0667	6.819893	91.504599	1	Cobaloides_argus_kawahara2023	0		excluded_no_selected_descendants				0.000004	
N0669	Oligoria_maculata_kawahara2023	1	N0667	6.819893	91.504599	1	Oligoria_maculata_kawahara2023	0		excluded_no_selected_descendants				0.000004	
N0670	100/100	0	N0646	1.516894	72.529529	48	Appia_appia_kawahara2023;Atalopedes_campestris_kawahara2023;Conga_chydaea_kawahara2023;Conga_zela_kawahara2023;Hesperia_attalus_slossonae_ncbi;Hesperia_balcones_ncbi;Hesperia_colorado_sublima_ncbi;Hesperia_comma_kawahara2023;Hesperia_comma_ncbi;Hesperia_dacotae_ncbi;Hesperia_meskei_kawahara2023;Hesperia_meskei_straton_ncbi;Hesperia_nevada_nevada_ncbi;Hesperia_pahaska_williamsi_ncbi;Hesperia_viridis_ncbi;Hesperia_woodgatei_ncbi;Hylephila_phyleus_ncbi;Lon_zabulon_kawahara2023;Nyctelius_nyctelius_kawahara2023;Ochlodes_bouddha_mydata;Ochlodes_sylvanoides_omnigena_kawahara2023;Ochlodes_sylvanus_ncbi;Ochlodes_thibetana_mydata;Parachoranthus_magdalia_kawahara2023;Polites_baracoa_baracoa_ncbi;Polites_carus_ncbi;Polites_draco_ncbi;Polites_mardon_ncbi;Polites_mystic_mydata;Polites_origenes_origenes_mydata;Polites_peckius_peckius_ncbi;Polites_rhesus_ncbi;Polites_sabuleti_sabuleti_ncbi;Polites_sonora_mydata;Polites_themistocles_turneri_ncbi;Polites_vibex_kawahara2023;Polites_vibex_praeceps_ncbi;Pompeius_amblyspila_ncbi;Pompeius_pompeius_kawahara2023;Pompeius_pompeius_ncbi;Pseudocopaeodes_eunus_kawahara2023;Stinga_morrisoni_kawahara2023;Vernia_verna_kawahara2023;Vernia_verna_ncbi;Wallengrenia_egeremet_ncbi;Wallengrenia_otho_ncbi;Wallengrenia_otho_otho_kawahara2023;Wallengrenia_premnas_kawahara2023	1	Ochlodes_bouddha_mydata	collapsed_into_retained_path	N0680			18.975074	
N0671	100/100	0	N0670	8.319492	80.849021	6	Lon_zabulon_kawahara2023;Ochlodes_bouddha_mydata;Ochlodes_sylvanoides_omnigena_kawahara2023;Ochlodes_sylvanus_ncbi;Ochlodes_thibetana_mydata;Stinga_morrisoni_kawahara2023	1	Ochlodes_bouddha_mydata	collapsed_into_retained_path	N0680			10.655582	
N0672	100/100	0	N0671	2.633833	83.482854	2	Lon_zabulon_kawahara2023;Stinga_morrisoni_kawahara2023	0		excluded_no_selected_descendants				8.021749	
N0673	Stinga_morrisoni_kawahara2023	1	N0672	8.021747	91.504601	1	Stinga_morrisoni_kawahara2023	0		excluded_no_selected_descendants				0.000002	
N0674	Lon_zabulon_kawahara2023	1	N0672	8.021747	91.504601	1	Lon_zabulon_kawahara2023	0		excluded_no_selected_descendants				0.000002	
N0675	100/100	0	N0671	1.631143	82.480164	4	Ochlodes_bouddha_mydata;Ochlodes_sylvanoides_omnigena_kawahara2023;Ochlodes_sylvanus_ncbi;Ochlodes_thibetana_mydata	1	Ochlodes_bouddha_mydata	collapsed_into_retained_path	N0680			9.024439	
N0676	Ochlodes_sylvanoides_omnigena_kawahara2023	1	N0675	9.024436	91.504600	1	Ochlodes_sylvanoides_omnigena_kawahara2023	0		excluded_no_selected_descendants				0.000003	
N0677	100/100	0	N0675	3.309303	85.789467	3	Ochlodes_bouddha_mydata;Ochlodes_sylvanus_ncbi;Ochlodes_thibetana_mydata	1	Ochlodes_bouddha_mydata	collapsed_into_retained_path	N0680			5.715136	
N0678	Ochlodes_sylvanus_ncbi	1	N0677	5.715133	91.504600	1	Ochlodes_sylvanus_ncbi	0		excluded_no_selected_descendants				0.000003	
N0679	100/100	0	N0677	1.035700	86.825167	2	Ochlodes_bouddha_mydata;Ochlodes_thibetana_mydata	1	Ochlodes_bouddha_mydata	collapsed_into_retained_path	N0680			4.679436	
N0680	Ochlodes_bouddha_mydata	1	N0679	4.679433	91.504600	1	Ochlodes_bouddha_mydata	1	Ochlodes_bouddha_mydata	retained_node	N0680	30.970058	N0487;N0509;N0551;N0552;N0588;N0624;N0646;N0670;N0671;N0675;N0677;N0679;N0680	0.000003	0.000003
N0681	Ochlodes_thibetana_mydata	1	N0679	4.679433	91.504600	1	Ochlodes_thibetana_mydata	0		excluded_no_selected_descendants				0.000003	
N0682	100/100	0	N0670	1.493480	74.023009	42	Appia_appia_kawahara2023;Atalopedes_campestris_kawahara2023;Conga_chydaea_kawahara2023;Conga_zela_kawahara2023;Hesperia_attalus_slossonae_ncbi;Hesperia_balcones_ncbi;Hesperia_colorado_sublima_ncbi;Hesperia_comma_kawahara2023;Hesperia_comma_ncbi;Hesperia_dacotae_ncbi;Hesperia_meskei_kawahara2023;Hesperia_meskei_straton_ncbi;Hesperia_nevada_nevada_ncbi;Hesperia_pahaska_williamsi_ncbi;Hesperia_viridis_ncbi;Hesperia_woodgatei_ncbi;Hylephila_phyleus_ncbi;Nyctelius_nyctelius_kawahara2023;Parachoranthus_magdalia_kawahara2023;Polites_baracoa_baracoa_ncbi;Polites_carus_ncbi;Polites_draco_ncbi;Polites_mardon_ncbi;Polites_mystic_mydata;Polites_origenes_origenes_mydata;Polites_peckius_peckius_ncbi;Polites_rhesus_ncbi;Polites_sabuleti_sabuleti_ncbi;Polites_sonora_mydata;Polites_themistocles_turneri_ncbi;Polites_vibex_kawahara2023;Polites_vibex_praeceps_ncbi;Pompeius_amblyspila_ncbi;Pompeius_pompeius_kawahara2023;Pompeius_pompeius_ncbi;Pseudocopaeodes_eunus_kawahara2023;Vernia_verna_kawahara2023;Vernia_verna_ncbi;Wallengrenia_egeremet_ncbi;Wallengrenia_otho_ncbi;Wallengrenia_otho_otho_kawahara2023;Wallengrenia_premnas_kawahara2023	0		excluded_no_selected_descendants				17.481594	
N0683	100/100	0	N0682	1.315013	75.338022	20	Atalopedes_campestris_kawahara2023;Conga_chydaea_kawahara2023;Conga_zela_kawahara2023;Hesperia_attalus_slossonae_ncbi;Hesperia_balcones_ncbi;Hesperia_colorado_sublima_ncbi;Hesperia_comma_kawahara2023;Hesperia_comma_ncbi;Hesperia_dacotae_ncbi;Hesperia_meskei_kawahara2023;Hesperia_meskei_straton_ncbi;Hesperia_nevada_nevada_ncbi;Hesperia_pahaska_williamsi_ncbi;Hesperia_viridis_ncbi;Hesperia_woodgatei_ncbi;Nyctelius_nyctelius_kawahara2023;Parachoranthus_magdalia_kawahara2023;Pseudocopaeodes_eunus_kawahara2023;Vernia_verna_kawahara2023;Vernia_verna_ncbi	0		excluded_no_selected_descendants				16.166581	
N0684	Parachoranthus_magdalia_kawahara2023	1	N0683	16.166578	91.504600	1	Parachoranthus_magdalia_kawahara2023	0		excluded_no_selected_descendants				0.000003	
N0685	100/100	0	N0683	0.690681	76.028703	19	Atalopedes_campestris_kawahara2023;Conga_chydaea_kawahara2023;Conga_zela_kawahara2023;Hesperia_attalus_slossonae_ncbi;Hesperia_balcones_ncbi;Hesperia_colorado_sublima_ncbi;Hesperia_comma_kawahara2023;Hesperia_comma_ncbi;Hesperia_dacotae_ncbi;Hesperia_meskei_kawahara2023;Hesperia_meskei_straton_ncbi;Hesperia_nevada_nevada_ncbi;Hesperia_pahaska_williamsi_ncbi;Hesperia_viridis_ncbi;Hesperia_woodgatei_ncbi;Nyctelius_nyctelius_kawahara2023;Pseudocopaeodes_eunus_kawahara2023;Vernia_verna_kawahara2023;Vernia_verna_ncbi	0		excluded_no_selected_descendants				15.475900	
N0686	100/100	0	N0685	5.083297	81.112000	3	Conga_chydaea_kawahara2023;Conga_zela_kawahara2023;Nyctelius_nyctelius_kawahara2023	0		excluded_no_selected_descendants				10.392603	
N0687	Nyctelius_nyctelius_kawahara2023	1	N0686	10.392600	91.504600	1	Nyctelius_nyctelius_kawahara2023	0		excluded_no_selected_descendants				0.000003	
N0688	100/100	0	N0686	6.496446	87.608446	2	Conga_chydaea_kawahara2023;Conga_zela_kawahara2023	0		excluded_no_selected_descendants				3.896157	
N0689	Conga_zela_kawahara2023	1	N0688	3.896154	91.504600	1	Conga_zela_kawahara2023	0		excluded_no_selected_descendants				0.000003	
N0690	Conga_chydaea_kawahara2023	1	N0688	3.896154	91.504600	1	Conga_chydaea_kawahara2023	0		excluded_no_selected_descendants				0.000003	
N0691	100/100	0	N0685	1.449799	77.478502	16	Atalopedes_campestris_kawahara2023;Hesperia_attalus_slossonae_ncbi;Hesperia_balcones_ncbi;Hesperia_colorado_sublima_ncbi;Hesperia_comma_kawahara2023;Hesperia_comma_ncbi;Hesperia_dacotae_ncbi;Hesperia_meskei_kawahara2023;Hesperia_meskei_straton_ncbi;Hesperia_nevada_nevada_ncbi;Hesperia_pahaska_williamsi_ncbi;Hesperia_viridis_ncbi;Hesperia_woodgatei_ncbi;Pseudocopaeodes_eunus_kawahara2023;Vernia_verna_kawahara2023;Vernia_verna_ncbi	0		excluded_no_selected_descendants				14.026101	
N0692	100/100	0	N0691	12.221962	89.700464	2	Vernia_verna_kawahara2023;Vernia_verna_ncbi	0		excluded_no_selected_descendants				1.804139	
N0693	Vernia_verna_ncbi	1	N0692	1.804135	91.504599	1	Vernia_verna_ncbi	0		excluded_no_selected_descendants				0.000004	
N0694	Vernia_verna_kawahara2023	1	N0692	1.804135	91.504599	1	Vernia_verna_kawahara2023	0		excluded_no_selected_descendants				0.000004	
N0695	100/100	0	N0691	0.502227	77.980729	14	Atalopedes_campestris_kawahara2023;Hesperia_attalus_slossonae_ncbi;Hesperia_balcones_ncbi;Hesperia_colorado_sublima_ncbi;Hesperia_comma_kawahara2023;Hesperia_comma_ncbi;Hesperia_dacotae_ncbi;Hesperia_meskei_kawahara2023;Hesperia_meskei_straton_ncbi;Hesperia_nevada_nevada_ncbi;Hesperia_pahaska_williamsi_ncbi;Hesperia_viridis_ncbi;Hesperia_woodgatei_ncbi;Pseudocopaeodes_eunus_kawahara2023	0		excluded_no_selected_descendants				13.523874	
N0696	Pseudocopaeodes_eunus_kawahara2023	1	N0695	13.523871	91.504600	1	Pseudocopaeodes_eunus_kawahara2023	0		excluded_no_selected_descendants				0.000003	
N0697	100/100	0	N0695	0.830398	78.811127	13	Atalopedes_campestris_kawahara2023;Hesperia_attalus_slossonae_ncbi;Hesperia_balcones_ncbi;Hesperia_colorado_sublima_ncbi;Hesperia_comma_kawahara2023;Hesperia_comma_ncbi;Hesperia_dacotae_ncbi;Hesperia_meskei_kawahara2023;Hesperia_meskei_straton_ncbi;Hesperia_nevada_nevada_ncbi;Hesperia_pahaska_williamsi_ncbi;Hesperia_viridis_ncbi;Hesperia_woodgatei_ncbi	0		excluded_no_selected_descendants				12.693476	
N0698	Atalopedes_campestris_kawahara2023	1	N0697	12.693472	91.504599	1	Atalopedes_campestris_kawahara2023	0		excluded_no_selected_descendants				0.000004	
N0699	100/100	0	N0697	4.228619	83.039746	12	Hesperia_attalus_slossonae_ncbi;Hesperia_balcones_ncbi;Hesperia_colorado_sublima_ncbi;Hesperia_comma_kawahara2023;Hesperia_comma_ncbi;Hesperia_dacotae_ncbi;Hesperia_meskei_kawahara2023;Hesperia_meskei_straton_ncbi;Hesperia_nevada_nevada_ncbi;Hesperia_pahaska_williamsi_ncbi;Hesperia_viridis_ncbi;Hesperia_woodgatei_ncbi	0		excluded_no_selected_descendants				8.464857	
N0700	Hesperia_comma_kawahara2023	1	N0699	8.464854	91.504600	1	Hesperia_comma_kawahara2023	0		excluded_no_selected_descendants				0.000003	
N0701	100/95	0	N0699	0.367149	83.406895	11	Hesperia_attalus_slossonae_ncbi;Hesperia_balcones_ncbi;Hesperia_colorado_sublima_ncbi;Hesperia_comma_ncbi;Hesperia_dacotae_ncbi;Hesperia_meskei_kawahara2023;Hesperia_meskei_straton_ncbi;Hesperia_nevada_nevada_ncbi;Hesperia_pahaska_williamsi_ncbi;Hesperia_viridis_ncbi;Hesperia_woodgatei_ncbi	0		excluded_no_selected_descendants				8.097708	
N0702	100/100	0	N0701	6.147530	89.554425	2	Hesperia_meskei_kawahara2023;Hesperia_meskei_straton_ncbi	0		excluded_no_selected_descendants				1.950178	
N0703	Hesperia_meskei_straton_ncbi	1	N0702	1.950175	91.504600	1	Hesperia_meskei_straton_ncbi	0		excluded_no_selected_descendants				0.000003	
N0704	Hesperia_meskei_kawahara2023	1	N0702	1.950175	91.504600	1	Hesperia_meskei_kawahara2023	0		excluded_no_selected_descendants				0.000003	
N0705	100/96	0	N0701	0.768459	84.175354	9	Hesperia_attalus_slossonae_ncbi;Hesperia_balcones_ncbi;Hesperia_colorado_sublima_ncbi;Hesperia_comma_ncbi;Hesperia_dacotae_ncbi;Hesperia_nevada_nevada_ncbi;Hesperia_pahaska_williamsi_ncbi;Hesperia_viridis_ncbi;Hesperia_woodgatei_ncbi	0		excluded_no_selected_descendants				7.329249	
N0706	100/96	0	N0705	1.426790	85.602144	4	Hesperia_colorado_sublima_ncbi;Hesperia_comma_ncbi;Hesperia_dacotae_ncbi;Hesperia_nevada_nevada_ncbi	0		excluded_no_selected_descendants				5.902459	
N0707	Hesperia_dacotae_ncbi	1	N0706	5.902455	91.504599	1	Hesperia_dacotae_ncbi	0		excluded_no_selected_descendants				0.000004	
N0708	100/96	0	N0706	1.664597	87.266741	3	Hesperia_colorado_sublima_ncbi;Hesperia_comma_ncbi;Hesperia_nevada_nevada_ncbi	0		excluded_no_selected_descendants				4.237862	
N0709	Hesperia_nevada_nevada_ncbi	1	N0708	4.237858	91.504599	1	Hesperia_nevada_nevada_ncbi	0		excluded_no_selected_descendants				0.000004	
N0710	100/96	0	N0708	1.610943	88.877684	2	Hesperia_colorado_sublima_ncbi;Hesperia_comma_ncbi	0		excluded_no_selected_descendants				2.626919	
N0711	Hesperia_colorado_sublima_ncbi	1	N0710	2.626915	91.504599	1	Hesperia_colorado_sublima_ncbi	0		excluded_no_selected_descendants				0.000004	
N0712	Hesperia_comma_ncbi	1	N0710	2.626915	91.504599	1	Hesperia_comma_ncbi	0		excluded_no_selected_descendants				0.000004	
N0713	100/99	0	N0705	0.077246	84.252600	5	Hesperia_attalus_slossonae_ncbi;Hesperia_balcones_ncbi;Hesperia_pahaska_williamsi_ncbi;Hesperia_viridis_ncbi;Hesperia_woodgatei_ncbi	0		excluded_no_selected_descendants				7.252003	
N0714	Hesperia_pahaska_williamsi_ncbi	1	N0713	7.251999	91.504599	1	Hesperia_pahaska_williamsi_ncbi	0		excluded_no_selected_descendants				0.000004	
N0715	69.2/72	0	N0713	0.178667	84.431267	4	Hesperia_attalus_slossonae_ncbi;Hesperia_balcones_ncbi;Hesperia_viridis_ncbi;Hesperia_woodgatei_ncbi	0		excluded_no_selected_descendants				7.073336	
N0716	100/100	0	N0715	2.241077	86.672344	2	Hesperia_balcones_ncbi;Hesperia_woodgatei_ncbi	0		excluded_no_selected_descendants				4.832259	
N0717	Hesperia_woodgatei_ncbi	1	N0716	4.832256	91.504600	1	Hesperia_woodgatei_ncbi	0		excluded_no_selected_descendants				0.000003	
N0718	Hesperia_balcones_ncbi	1	N0716	4.832256	91.504600	1	Hesperia_balcones_ncbi	0		excluded_no_selected_descendants				0.000003	
N0719	100/100	0	N0715	0.761691	85.192958	2	Hesperia_attalus_slossonae_ncbi;Hesperia_viridis_ncbi	0		excluded_no_selected_descendants				6.311645	
N0720	Hesperia_viridis_ncbi	1	N0719	6.311642	91.504600	1	Hesperia_viridis_ncbi	0		excluded_no_selected_descendants				0.000003	
N0721	Hesperia_attalus_slossonae_ncbi	1	N0719	6.311642	91.504600	1	Hesperia_attalus_slossonae_ncbi	0		excluded_no_selected_descendants				0.000003	
N0722	100/100	0	N0682	2.059057	76.082066	22	Appia_appia_kawahara2023;Hylephila_phyleus_ncbi;Polites_baracoa_baracoa_ncbi;Polites_carus_ncbi;Polites_draco_ncbi;Polites_mardon_ncbi;Polites_mystic_mydata;Polites_origenes_origenes_mydata;Polites_peckius_peckius_ncbi;Polites_rhesus_ncbi;Polites_sabuleti_sabuleti_ncbi;Polites_sonora_mydata;Polites_themistocles_turneri_ncbi;Polites_vibex_kawahara2023;Polites_vibex_praeceps_ncbi;Pompeius_amblyspila_ncbi;Pompeius_pompeius_kawahara2023;Pompeius_pompeius_ncbi;Wallengrenia_egeremet_ncbi;Wallengrenia_otho_ncbi;Wallengrenia_otho_otho_kawahara2023;Wallengrenia_premnas_kawahara2023	0		excluded_no_selected_descendants				15.422537	
N0723	Hylephila_phyleus_ncbi	1	N0722	15.422534	91.504600	1	Hylephila_phyleus_ncbi	0		excluded_no_selected_descendants				0.000003	
N0724	100/100	0	N0722	0.418923	76.500989	21	Appia_appia_kawahara2023;Polites_baracoa_baracoa_ncbi;Polites_carus_ncbi;Polites_draco_ncbi;Polites_mardon_ncbi;Polites_mystic_mydata;Polites_origenes_origenes_mydata;Polites_peckius_peckius_ncbi;Polites_rhesus_ncbi;Polites_sabuleti_sabuleti_ncbi;Polites_sonora_mydata;Polites_themistocles_turneri_ncbi;Polites_vibex_kawahara2023;Polites_vibex_praeceps_ncbi;Pompeius_amblyspila_ncbi;Pompeius_pompeius_kawahara2023;Pompeius_pompeius_ncbi;Wallengrenia_egeremet_ncbi;Wallengrenia_otho_ncbi;Wallengrenia_otho_otho_kawahara2023;Wallengrenia_premnas_kawahara2023	0		excluded_no_selected_descendants				15.003614	
N0725	100/100	0	N0724	1.288357	77.789346	6	Appia_appia_kawahara2023;Polites_vibex_kawahara2023;Polites_vibex_praeceps_ncbi;Pompeius_amblyspila_ncbi;Pompeius_pompeius_kawahara2023;Pompeius_pompeius_ncbi	0		excluded_no_selected_descendants				13.715257	
N0726	100/100	0	N0725	10.677193	88.466539	2	Polites_vibex_kawahara2023;Polites_vibex_praeceps_ncbi	0		excluded_no_selected_descendants				3.038064	
N0727	Polites_vibex_praeceps_ncbi	1	N0726	3.038061	91.504600	1	Polites_vibex_praeceps_ncbi	0		excluded_no_selected_descendants				0.000003	
N0728	Polites_vibex_kawahara2023	1	N0726	3.038061	91.504600	1	Polites_vibex_kawahara2023	0		excluded_no_selected_descendants				0.000003	
N0729	100/100	0	N0725	4.635308	82.424654	4	Appia_appia_kawahara2023;Pompeius_amblyspila_ncbi;Pompeius_pompeius_kawahara2023;Pompeius_pompeius_ncbi	0		excluded_no_selected_descendants				9.079949	
N0730	100/100	0	N0729	4.823198	87.247852	2	Pompeius_pompeius_kawahara2023;Pompeius_pompeius_ncbi	0		excluded_no_selected_descendants				4.256751	
N0731	Pompeius_pompeius_kawahara2023	1	N0730	4.256748	91.504600	1	Pompeius_pompeius_kawahara2023	0		excluded_no_selected_descendants				0.000003	
N0732	Pompeius_pompeius_ncbi	1	N0730	4.256748	91.504600	1	Pompeius_pompeius_ncbi	0		excluded_no_selected_descendants				0.000003	
N0733	100/100	0	N0729	1.135859	83.560513	2	Appia_appia_kawahara2023;Pompeius_amblyspila_ncbi	0		excluded_no_selected_descendants				7.944090	
N0734	Pompeius_amblyspila_ncbi	1	N0733	7.944087	91.504600	1	Pompeius_amblyspila_ncbi	0		excluded_no_selected_descendants				0.000003	
N0735	Appia_appia_kawahara2023	1	N0733	7.944087	91.504600	1	Appia_appia_kawahara2023	0		excluded_no_selected_descendants				0.000003	
N0736	100/100	0	N0724	0.998260	77.499249	15	Polites_baracoa_baracoa_ncbi;Polites_carus_ncbi;Polites_draco_ncbi;Polites_mardon_ncbi;Polites_mystic_mydata;Polites_origenes_origenes_mydata;Polites_peckius_peckius_ncbi;Polites_rhesus_ncbi;Polites_sabuleti_sabuleti_ncbi;Polites_sonora_mydata;Polites_themistocles_turneri_ncbi;Wallengrenia_egeremet_ncbi;Wallengrenia_otho_ncbi;Wallengrenia_otho_otho_kawahara2023;Wallengrenia_premnas_kawahara2023	0		excluded_no_selected_descendants				14.005354	
N0737	100/100	0	N0736	4.752226	82.251475	3	Polites_mystic_mydata;Polites_origenes_origenes_mydata;Polites_sonora_mydata	0		excluded_no_selected_descendants				9.253128	
N0738	Polites_origenes_origenes_mydata	1	N0737	9.253125	91.504600	1	Polites_origenes_origenes_mydata	0		excluded_no_selected_descendants				0.000003	
N0739	100/100	0	N0737	2.544528	84.796003	2	Polites_mystic_mydata;Polites_sonora_mydata	0		excluded_no_selected_descendants				6.708600	
N0740	Polites_sonora_mydata	1	N0739	6.708597	91.504600	1	Polites_sonora_mydata	0		excluded_no_selected_descendants				0.000003	
N0741	Polites_mystic_mydata	1	N0739	6.708597	91.504600	1	Polites_mystic_mydata	0		excluded_no_selected_descendants				0.000003	
N0742	100/100	0	N0736	0.954053	78.453302	12	Polites_baracoa_baracoa_ncbi;Polites_carus_ncbi;Polites_draco_ncbi;Polites_mardon_ncbi;Polites_peckius_peckius_ncbi;Polites_rhesus_ncbi;Polites_sabuleti_sabuleti_ncbi;Polites_themistocles_turneri_ncbi;Wallengrenia_egeremet_ncbi;Wallengrenia_otho_ncbi;Wallengrenia_otho_otho_kawahara2023;Wallengrenia_premnas_kawahara2023	0		excluded_no_selected_descendants				13.051301	
N0743	100/100	0	N0742	9.529646	87.982948	4	Wallengrenia_egeremet_ncbi;Wallengrenia_otho_ncbi;Wallengrenia_otho_otho_kawahara2023;Wallengrenia_premnas_kawahara2023	0		excluded_no_selected_descendants				3.521655	
N0744	Wallengrenia_egeremet_ncbi	1	N0743	3.521652	91.504600	1	Wallengrenia_egeremet_ncbi	0		excluded_no_selected_descendants				0.000003	
N0745	100/100	0	N0743	1.314075	89.297023	3	Wallengrenia_otho_ncbi;Wallengrenia_otho_otho_kawahara2023;Wallengrenia_premnas_kawahara2023	0		excluded_no_selected_descendants				2.207580	
N0746	Wallengrenia_premnas_kawahara2023	1	N0745	2.207577	91.504600	1	Wallengrenia_premnas_kawahara2023	0		excluded_no_selected_descendants				0.000003	
N0747	100/100	0	N0745	0.535388	89.832411	2	Wallengrenia_otho_ncbi;Wallengrenia_otho_otho_kawahara2023	0		excluded_no_selected_descendants				1.672192	
N0748	Wallengrenia_otho_otho_kawahara2023	1	N0747	1.672190	91.504601	1	Wallengrenia_otho_otho_kawahara2023	0		excluded_no_selected_descendants				0.000002	
N0749	Wallengrenia_otho_ncbi	1	N0747	1.672190	91.504601	1	Wallengrenia_otho_ncbi	0		excluded_no_selected_descendants				0.000002	
N0750	100/100	0	N0742	0.316746	78.770048	8	Polites_baracoa_baracoa_ncbi;Polites_carus_ncbi;Polites_draco_ncbi;Polites_mardon_ncbi;Polites_peckius_peckius_ncbi;Polites_rhesus_ncbi;Polites_sabuleti_sabuleti_ncbi;Polites_themistocles_turneri_ncbi	0		excluded_no_selected_descendants				12.734555	
N0751	100/100	0	N0750	1.931424	80.701472	3	Polites_baracoa_baracoa_ncbi;Polites_carus_ncbi;Polites_rhesus_ncbi	0		excluded_no_selected_descendants				10.803131	
N0752	Polites_baracoa_baracoa_ncbi	1	N0751	10.803128	91.504600	1	Polites_baracoa_baracoa_ncbi	0		excluded_no_selected_descendants				0.000003	
N0753	100/100	0	N0751	3.037211	83.738683	2	Polites_carus_ncbi;Polites_rhesus_ncbi	0		excluded_no_selected_descendants				7.765920	
N0754	Polites_rhesus_ncbi	1	N0753	7.765917	91.504600	1	Polites_rhesus_ncbi	0		excluded_no_selected_descendants				0.000003	
N0755	Polites_carus_ncbi	1	N0753	7.765917	91.504600	1	Polites_carus_ncbi	0		excluded_no_selected_descendants				0.000003	
N0756	100/100	0	N0750	2.982713	81.752761	5	Polites_draco_ncbi;Polites_mardon_ncbi;Polites_peckius_peckius_ncbi;Polites_sabuleti_sabuleti_ncbi;Polites_themistocles_turneri_ncbi	0		excluded_no_selected_descendants				9.751842	
N0757	Polites_themistocles_turneri_ncbi	1	N0756	9.751839	91.504600	1	Polites_themistocles_turneri_ncbi	0		excluded_no_selected_descendants				0.000003	
N0758	100/100	0	N0756	1.868126	83.620887	4	Polites_draco_ncbi;Polites_mardon_ncbi;Polites_peckius_peckius_ncbi;Polites_sabuleti_sabuleti_ncbi	0		excluded_no_selected_descendants				7.883716	
N0759	99/97	0	N0758	0.262372	83.883259	2	Polites_mardon_ncbi;Polites_peckius_peckius_ncbi	0		excluded_no_selected_descendants				7.621344	
N0760	Polites_mardon_ncbi	1	N0759	7.621341	91.504600	1	Polites_mardon_ncbi	0		excluded_no_selected_descendants				0.000003	
N0761	Polites_peckius_peckius_ncbi	1	N0759	7.621341	91.504600	1	Polites_peckius_peckius_ncbi	0		excluded_no_selected_descendants				0.000003	
N0762	100/98	0	N0758	3.908208	87.529095	2	Polites_draco_ncbi;Polites_sabuleti_sabuleti_ncbi	0		excluded_no_selected_descendants				3.975508	
N0763	Polites_sabuleti_sabuleti_ncbi	1	N0762	3.975505	91.504600	1	Polites_sabuleti_sabuleti_ncbi	0		excluded_no_selected_descendants				0.000003	
N0764	Polites_draco_ncbi	1	N0762	3.975505	91.504600	1	Polites_draco_ncbi	0		excluded_no_selected_descendants				0.000003	
N0765	100/100	0	N0551	0.893534	64.697709	113	Adlerodea_petrovna_kawahara2023;Alychna_victa_kawahara2023;Alychna_victa_ncbi;Amblyscirtes_belli_ncbi;Amblyscirtes_celia_ncbi;Amblyscirtes_elissa_ncbi;Amblyscirtes_eos_kawahara2023;Amblyscirtes_florus_kawahara2023;Anthoptus_epictetus_kawahara2023;Anthoptus_insignis_kawahara2023;Anthoptus_insignis_ncbi;Anthoptus_sp._kawahara2023;Artines_rica_kawahara2023;Asbolis_capucinus_kawahara2023;Asbolis_capucinus_ncbi;Callimormus_radiola_kawahara2023;Cantha_calva_kawahara2023;Choranthus_haitensis_kawahara2023;Choranthus_radians_kawahara2023;Choranthus_vitellius_ncbi;Cobalopsis_miaba_kawahara2023;Corticea_corticea_kawahara2023;Cumbre_cumbre_kawahara2023;Cymaenes_tripunctata_kawahara2023;Cynea_cynea_kawahara2023;Cynea_diluta_kawahara2023;Dion_gemmatus_kawahara2023;Duroca_duroca_duroca_ncbi;Duroca_duroca_kawahara2023;Enosis_sp._kawahara2023;Eprius_veleda_kawahara2023;Eutocus_sp._kawahara2023;Eutychide_physcella_kawahara2023;Falga_jeconia_kawahara2023;Flaccilla_aecas_kawahara2023;Gallio_carasta_kawahara2023;Ginungagapus_fiedleri_kawahara2023;Ginungagapus_ranesus_kawahara2023;Halotus_rica_kawahara2023;Joanna_joanna_kawahara2023;Lamponia_lamponia_kawahara2023;Lento_lento_kawahara2023;Lerema_accius_kawahara2023;Lerema_lineosa_ncbi;Lerema_liris_ncbi;Lerodea_eufala_kawahara2023;Levina_levina_kawahara2023;Lucida_lucia_kawahara2023;Lychnuchus_celsus_kawahara2023;Methion_melas_kawahara2023;Methionopsis_ina_kawahara2023;Miltomiges_cinnamomea_kawahara2023;Misius_misius_kawahara2023;Mnasicles_geta_kawahara2023;Mnasilus_allubita_kawahara2023;Mnasinous_patage_kawahara2023;Mnasitheus_chrysophrys_kawahara2023;Mnestheus_ittona_kawahara2023;Moeris_striga_striga_kawahara2023;Molla_molla_kawahara2023;Monca_branca_kawahara2023;Morys_compta_kawahara2023;Mucia_zygia_kawahara2023;Naevolus_orius_kawahara2023;Nastra_julia_kawahara2023;Nastra_julia_ncbi;Neoxeniades_braesia_kawahara2023;Niconiades_incomptus_kawahara2023;Niconiades_incomptus_ncbi;Niconiades_xanthaphes_kawahara2023;Onophas_columbaria_kawahara2023;Pamba_boyaca_kawahara2023;Panca_subpunctuli_kawahara2023;Papias_subcostulata_kawahara2023;Paracarystus_hypargyra_kawahara2023;Parphorus_storax_s._kawahara2023;Phanes_abaris_kawahara2023;Pheraeus_odilia_argus_kawahara2023;Propapias_sipariana_kawahara2023;Psoralis_stacara_kawahara2023;Punta_punta_kawahara2023;Pyrrhocalles_antiqua_antiqua_kawahara2023;Quinta_cannae_kawahara2023;Racta_chiria_kawahara2023;Racta_sp._kawahara2023;Remella_rita_kawahara2023;Rhinthon_cubana_kawahara2023;Rigga_hesia_kawahara2023;Rufocumbre_eberti_kawahara2023;Saniba_sabina_kawahara2023;Saturnus_metonidia_kawahara2023;Sodalia_sodalis_kawahara2023;Styriodes_quadrinotata_kawahara2023;Synapte_salenus_salenus_kawahara2023;Synapte_silius_kawahara2023;Thargella_evansi_kawahara2023;Thoon_modius_kawahara2023;Tigasis_arita_kawahara2023;Tricrista_advena_kawahara2023;Troyus_aurelius_ncbi;Troyus_diversus_maeon_ncbi;Troyus_fantasos_ncbi;Troyus_marcus_ncbi;Turesis_theste_kawahara2023;Vehilius_celeus_kawahara2023;Venas_evans_kawahara2023;Vettius_lafrenaye_kawahara2023;Vidius_catarinae_kawahara2023;Vinius_letis_kawahara2023;Virga_austrinus_kawahara2023;Wahydra_kenava_kawahara2023;Wahydra_kenava_ncbi;Wahydra_sp._kawahara2023	0		excluded_no_selected_descendants				26.806894	
N0766	99.3/98	0	N0765	0.928374	65.626083	24	Anthoptus_epictetus_kawahara2023;Anthoptus_insignis_kawahara2023;Anthoptus_insignis_ncbi;Anthoptus_sp._kawahara2023;Asbolis_capucinus_kawahara2023;Asbolis_capucinus_ncbi;Choranthus_haitensis_kawahara2023;Choranthus_radians_kawahara2023;Choranthus_vitellius_ncbi;Corticea_corticea_kawahara2023;Falga_jeconia_kawahara2023;Flaccilla_aecas_kawahara2023;Methion_melas_kawahara2023;Methionopsis_ina_kawahara2023;Miltomiges_cinnamomea_kawahara2023;Mnasinous_patage_kawahara2023;Propapias_sipariana_kawahara2023;Pyrrhocalles_antiqua_antiqua_kawahara2023;Racta_chiria_kawahara2023;Racta_sp._kawahara2023;Synapte_salenus_salenus_kawahara2023;Synapte_silius_kawahara2023;Thargella_evansi_kawahara2023;Turesis_theste_kawahara2023	0		excluded_no_selected_descendants				25.878520	
N0767	100/100	0	N0766	8.278462	73.904545	11	Falga_jeconia_kawahara2023;Flaccilla_aecas_kawahara2023;Methion_melas_kawahara2023;Methionopsis_ina_kawahara2023;Miltomiges_cinnamomea_kawahara2023;Mnasinous_patage_kawahara2023;Propapias_sipariana_kawahara2023;Synapte_salenus_salenus_kawahara2023;Synapte_silius_kawahara2023;Thargella_evansi_kawahara2023;Turesis_theste_kawahara2023	0		excluded_no_selected_descendants				17.600058	
N0768	Falga_jeconia_kawahara2023	1	N0767	17.600055	91.504600	1	Falga_jeconia_kawahara2023	0		excluded_no_selected_descendants				0.000003	
N0769	100/100	0	N0767	2.196017	76.100562	10	Flaccilla_aecas_kawahara2023;Methion_melas_kawahara2023;Methionopsis_ina_kawahara2023;Miltomiges_cinnamomea_kawahara2023;Mnasinous_patage_kawahara2023;Propapias_sipariana_kawahara2023;Synapte_salenus_salenus_kawahara2023;Synapte_silius_kawahara2023;Thargella_evansi_kawahara2023;Turesis_theste_kawahara2023	0		excluded_no_selected_descendants				15.404041	
N0770	100/100	0	N0769	3.278984	79.379546	4	Propapias_sipariana_kawahara2023;Synapte_salenus_salenus_kawahara2023;Synapte_silius_kawahara2023;Thargella_evansi_kawahara2023	0		excluded_no_selected_descendants				12.125057	
N0771	Thargella_evansi_kawahara2023	1	N0770	12.125054	91.504600	1	Thargella_evansi_kawahara2023	0		excluded_no_selected_descendants				0.000003	
N0772	100/100	0	N0770	1.842685	81.222231	3	Propapias_sipariana_kawahara2023;Synapte_salenus_salenus_kawahara2023;Synapte_silius_kawahara2023	0		excluded_no_selected_descendants				10.282372	
N0773	Propapias_sipariana_kawahara2023	1	N0772	10.282369	91.504600	1	Propapias_sipariana_kawahara2023	0		excluded_no_selected_descendants				0.000003	
N0774	100/100	0	N0772	5.661114	86.883345	2	Synapte_salenus_salenus_kawahara2023;Synapte_silius_kawahara2023	0		excluded_no_selected_descendants				4.621258	
N0775	Synapte_silius_kawahara2023	1	N0774	4.621254	91.504599	1	Synapte_silius_kawahara2023	0		excluded_no_selected_descendants				0.000004	
N0776	Synapte_salenus_salenus_kawahara2023	1	N0774	4.621254	91.504599	1	Synapte_salenus_salenus_kawahara2023	0		excluded_no_selected_descendants				0.000004	
N0777	100/100	0	N0769	3.042317	79.142879	6	Flaccilla_aecas_kawahara2023;Methion_melas_kawahara2023;Methionopsis_ina_kawahara2023;Miltomiges_cinnamomea_kawahara2023;Mnasinous_patage_kawahara2023;Turesis_theste_kawahara2023	0		excluded_no_selected_descendants				12.361724	
N0778	99.7/99	0	N0777	0.822594	79.965473	2	Flaccilla_aecas_kawahara2023;Turesis_theste_kawahara2023	0		excluded_no_selected_descendants				11.539130	
N0779	Turesis_theste_kawahara2023	1	N0778	11.539126	91.504599	1	Turesis_theste_kawahara2023	0		excluded_no_selected_descendants				0.000004	
N0780	Flaccilla_aecas_kawahara2023	1	N0778	11.539126	91.504599	1	Flaccilla_aecas_kawahara2023	0		excluded_no_selected_descendants				0.000004	
N0781	100/100	0	N0777	1.357163	80.500042	4	Methion_melas_kawahara2023;Methionopsis_ina_kawahara2023;Miltomiges_cinnamomea_kawahara2023;Mnasinous_patage_kawahara2023	0		excluded_no_selected_descendants				11.004561	
N0782	Methion_melas_kawahara2023	1	N0781	11.004557	91.504599	1	Methion_melas_kawahara2023	0		excluded_no_selected_descendants				0.000004	
N0783	100/100	0	N0781	3.248107	83.748149	3	Methionopsis_ina_kawahara2023;Miltomiges_cinnamomea_kawahara2023;Mnasinous_patage_kawahara2023	0		excluded_no_selected_descendants				7.756454	
N0784	Mnasinous_patage_kawahara2023	1	N0783	7.756450	91.504599	1	Mnasinous_patage_kawahara2023	0		excluded_no_selected_descendants				0.000004	
N0785	100/100	0	N0783	3.204501	86.952650	2	Methionopsis_ina_kawahara2023;Miltomiges_cinnamomea_kawahara2023	0		excluded_no_selected_descendants				4.551953	
N0786	Miltomiges_cinnamomea_kawahara2023	1	N0785	4.551949	91.504599	1	Miltomiges_cinnamomea_kawahara2023	0		excluded_no_selected_descendants				0.000004	
N0787	Methionopsis_ina_kawahara2023	1	N0785	4.551949	91.504599	1	Methionopsis_ina_kawahara2023	0		excluded_no_selected_descendants				0.000004	
N0788	100/100	0	N0766	7.050413	72.676496	13	Anthoptus_epictetus_kawahara2023;Anthoptus_insignis_kawahara2023;Anthoptus_insignis_ncbi;Anthoptus_sp._kawahara2023;Asbolis_capucinus_kawahara2023;Asbolis_capucinus_ncbi;Choranthus_haitensis_kawahara2023;Choranthus_radians_kawahara2023;Choranthus_vitellius_ncbi;Corticea_corticea_kawahara2023;Pyrrhocalles_antiqua_antiqua_kawahara2023;Racta_chiria_kawahara2023;Racta_sp._kawahara2023	0		excluded_no_selected_descendants				18.828107	
N0789	100/100	0	N0788	13.924975	86.601471	2	Racta_chiria_kawahara2023;Racta_sp._kawahara2023	0		excluded_no_selected_descendants				4.903132	
N0790	Racta_chiria_kawahara2023	1	N0789	4.903130	91.504601	1	Racta_chiria_kawahara2023	0		excluded_no_selected_descendants				0.000002	
N0791	Racta_sp._kawahara2023	1	N0789	4.903130	91.504601	1	Racta_sp._kawahara2023	0		excluded_no_selected_descendants				0.000002	
N0792	100/100	0	N0788	2.986759	75.663255	11	Anthoptus_epictetus_kawahara2023;Anthoptus_insignis_kawahara2023;Anthoptus_insignis_ncbi;Anthoptus_sp._kawahara2023;Asbolis_capucinus_kawahara2023;Asbolis_capucinus_ncbi;Choranthus_haitensis_kawahara2023;Choranthus_radians_kawahara2023;Choranthus_vitellius_ncbi;Corticea_corticea_kawahara2023;Pyrrhocalles_antiqua_antiqua_kawahara2023	0		excluded_no_selected_descendants				15.841348	
N0793	100/100	0	N0792	2.567926	78.231181	5	Anthoptus_epictetus_kawahara2023;Anthoptus_insignis_kawahara2023;Anthoptus_insignis_ncbi;Anthoptus_sp._kawahara2023;Corticea_corticea_kawahara2023	0		excluded_no_selected_descendants				13.273422	
N0794	Corticea_corticea_kawahara2023	1	N0793	13.273421	91.504602	1	Corticea_corticea_kawahara2023	0		excluded_no_selected_descendants				0.000001	
N0795	100/100	0	N0793	2.305407	80.536588	4	Anthoptus_epictetus_kawahara2023;Anthoptus_insignis_kawahara2023;Anthoptus_insignis_ncbi;Anthoptus_sp._kawahara2023	0		excluded_no_selected_descendants				10.968015	
N0796	100/100	0	N0795	5.524205	86.060793	2	Anthoptus_insignis_kawahara2023;Anthoptus_insignis_ncbi	0		excluded_no_selected_descendants				5.443810	
N0797	Anthoptus_insignis_kawahara2023	1	N0796	5.443808	91.504601	1	Anthoptus_insignis_kawahara2023	0		excluded_no_selected_descendants				0.000002	
N0798	Anthoptus_insignis_ncbi	1	N0796	5.443808	91.504601	1	Anthoptus_insignis_ncbi	0		excluded_no_selected_descendants				0.000002	
N0799	100/100	0	N0795	3.026818	83.563406	2	Anthoptus_epictetus_kawahara2023;Anthoptus_sp._kawahara2023	0		excluded_no_selected_descendants				7.941197	
N0800	Anthoptus_sp._kawahara2023	1	N0799	7.941195	91.504601	1	Anthoptus_sp._kawahara2023	0		excluded_no_selected_descendants				0.000002	
N0801	Anthoptus_epictetus_kawahara2023	1	N0799	7.941195	91.504601	1	Anthoptus_epictetus_kawahara2023	0		excluded_no_selected_descendants				0.000002	
N0802	100/100	0	N0792	7.249461	82.912716	6	Asbolis_capucinus_kawahara2023;Asbolis_capucinus_ncbi;Choranthus_haitensis_kawahara2023;Choranthus_radians_kawahara2023;Choranthus_vitellius_ncbi;Pyrrhocalles_antiqua_antiqua_kawahara2023	0		excluded_no_selected_descendants				8.591887	
N0803	97.9/98	0	N0802	0.523764	83.436480	3	Choranthus_haitensis_kawahara2023;Choranthus_radians_kawahara2023;Choranthus_vitellius_ncbi	0		excluded_no_selected_descendants				8.068123	
N0804	Choranthus_radians_kawahara2023	1	N0803	8.068121	91.504601	1	Choranthus_radians_kawahara2023	0		excluded_no_selected_descendants				0.000002	
N0805	100/100	0	N0803	3.525101	86.961581	2	Choranthus_haitensis_kawahara2023;Choranthus_vitellius_ncbi	0		excluded_no_selected_descendants				4.543022	
N0806	Choranthus_vitellius_ncbi	1	N0805	4.543020	91.504601	1	Choranthus_vitellius_ncbi	0		excluded_no_selected_descendants				0.000002	
N0807	Choranthus_haitensis_kawahara2023	1	N0805	4.543020	91.504601	1	Choranthus_haitensis_kawahara2023	0		excluded_no_selected_descendants				0.000002	
N0808	100/100	0	N0802	2.757481	85.670197	3	Asbolis_capucinus_kawahara2023;Asbolis_capucinus_ncbi;Pyrrhocalles_antiqua_antiqua_kawahara2023	0		excluded_no_selected_descendants				5.834406	
N0809	Pyrrhocalles_antiqua_antiqua_kawahara2023	1	N0808	5.834404	91.504601	1	Pyrrhocalles_antiqua_antiqua_kawahara2023	0		excluded_no_selected_descendants				0.000002	
N0810	100/100	0	N0808	4.697191	90.367388	2	Asbolis_capucinus_kawahara2023;Asbolis_capucinus_ncbi	0		excluded_no_selected_descendants				1.137215	
N0811	Asbolis_capucinus_ncbi	1	N0810	1.137213	91.504601	1	Asbolis_capucinus_ncbi	0		excluded_no_selected_descendants				0.000002	
N0812	Asbolis_capucinus_kawahara2023	1	N0810	1.137213	91.504601	1	Asbolis_capucinus_kawahara2023	0		excluded_no_selected_descendants				0.000002	
N0813	100/100	0	N0765	3.631247	68.328956	89	Adlerodea_petrovna_kawahara2023;Alychna_victa_kawahara2023;Alychna_victa_ncbi;Amblyscirtes_belli_ncbi;Amblyscirtes_celia_ncbi;Amblyscirtes_elissa_ncbi;Amblyscirtes_eos_kawahara2023;Amblyscirtes_florus_kawahara2023;Artines_rica_kawahara2023;Callimormus_radiola_kawahara2023;Cantha_calva_kawahara2023;Cobalopsis_miaba_kawahara2023;Cumbre_cumbre_kawahara2023;Cymaenes_tripunctata_kawahara2023;Cynea_cynea_kawahara2023;Cynea_diluta_kawahara2023;Dion_gemmatus_kawahara2023;Duroca_duroca_duroca_ncbi;Duroca_duroca_kawahara2023;Enosis_sp._kawahara2023;Eprius_veleda_kawahara2023;Eutocus_sp._kawahara2023;Eutychide_physcella_kawahara2023;Gallio_carasta_kawahara2023;Ginungagapus_fiedleri_kawahara2023;Ginungagapus_ranesus_kawahara2023;Halotus_rica_kawahara2023;Joanna_joanna_kawahara2023;Lamponia_lamponia_kawahara2023;Lento_lento_kawahara2023;Lerema_accius_kawahara2023;Lerema_lineosa_ncbi;Lerema_liris_ncbi;Lerodea_eufala_kawahara2023;Levina_levina_kawahara2023;Lucida_lucia_kawahara2023;Lychnuchus_celsus_kawahara2023;Misius_misius_kawahara2023;Mnasicles_geta_kawahara2023;Mnasilus_allubita_kawahara2023;Mnasitheus_chrysophrys_kawahara2023;Mnestheus_ittona_kawahara2023;Moeris_striga_striga_kawahara2023;Molla_molla_kawahara2023;Monca_branca_kawahara2023;Morys_compta_kawahara2023;Mucia_zygia_kawahara2023;Naevolus_orius_kawahara2023;Nastra_julia_kawahara2023;Nastra_julia_ncbi;Neoxeniades_braesia_kawahara2023;Niconiades_incomptus_kawahara2023;Niconiades_incomptus_ncbi;Niconiades_xanthaphes_kawahara2023;Onophas_columbaria_kawahara2023;Pamba_boyaca_kawahara2023;Panca_subpunctuli_kawahara2023;Papias_subcostulata_kawahara2023;Paracarystus_hypargyra_kawahara2023;Parphorus_storax_s._kawahara2023;Phanes_abaris_kawahara2023;Pheraeus_odilia_argus_kawahara2023;Psoralis_stacara_kawahara2023;Punta_punta_kawahara2023;Quinta_cannae_kawahara2023;Remella_rita_kawahara2023;Rhinthon_cubana_kawahara2023;Rigga_hesia_kawahara2023;Rufocumbre_eberti_kawahara2023;Saniba_sabina_kawahara2023;Saturnus_metonidia_kawahara2023;Sodalia_sodalis_kawahara2023;Styriodes_quadrinotata_kawahara2023;Thoon_modius_kawahara2023;Tigasis_arita_kawahara2023;Tricrista_advena_kawahara2023;Troyus_aurelius_ncbi;Troyus_diversus_maeon_ncbi;Troyus_fantasos_ncbi;Troyus_marcus_ncbi;Vehilius_celeus_kawahara2023;Venas_evans_kawahara2023;Vettius_lafrenaye_kawahara2023;Vidius_catarinae_kawahara2023;Vinius_letis_kawahara2023;Virga_austrinus_kawahara2023;Wahydra_kenava_kawahara2023;Wahydra_kenava_ncbi;Wahydra_sp._kawahara2023	0		excluded_no_selected_descendants				23.175647	
N0814	100/100	0	N0813	9.423623	77.752579	4	Pamba_boyaca_kawahara2023;Psoralis_stacara_kawahara2023;Saniba_sabina_kawahara2023;Styriodes_quadrinotata_kawahara2023	0		excluded_no_selected_descendants				13.752024	
N0815	Styriodes_quadrinotata_kawahara2023	1	N0814	13.752022	91.504601	1	Styriodes_quadrinotata_kawahara2023	0		excluded_no_selected_descendants				0.000002	
N0816	100/100	0	N0814	2.768831	80.521410	3	Pamba_boyaca_kawahara2023;Psoralis_stacara_kawahara2023;Saniba_sabina_kawahara2023	0		excluded_no_selected_descendants				10.983193	
N0817	Saniba_sabina_kawahara2023	1	N0816	10.983191	91.504601	1	Saniba_sabina_kawahara2023	0		excluded_no_selected_descendants				0.000002	
N0818	100/100	0	N0816	6.941084	87.462494	2	Pamba_boyaca_kawahara2023;Psoralis_stacara_kawahara2023	0		excluded_no_selected_descendants				4.042109	
N0819	Psoralis_stacara_kawahara2023	1	N0818	4.042107	91.504601	1	Psoralis_stacara_kawahara2023	0		excluded_no_selected_descendants				0.000002	
N0820	Pamba_boyaca_kawahara2023	1	N0818	4.042107	91.504601	1	Pamba_boyaca_kawahara2023	0		excluded_no_selected_descendants				0.000002	
N0821	100/100	0	N0813	0.569103	68.898059	85	Adlerodea_petrovna_kawahara2023;Alychna_victa_kawahara2023;Alychna_victa_ncbi;Amblyscirtes_belli_ncbi;Amblyscirtes_celia_ncbi;Amblyscirtes_elissa_ncbi;Amblyscirtes_eos_kawahara2023;Amblyscirtes_florus_kawahara2023;Artines_rica_kawahara2023;Callimormus_radiola_kawahara2023;Cantha_calva_kawahara2023;Cobalopsis_miaba_kawahara2023;Cumbre_cumbre_kawahara2023;Cymaenes_tripunctata_kawahara2023;Cynea_cynea_kawahara2023;Cynea_diluta_kawahara2023;Dion_gemmatus_kawahara2023;Duroca_duroca_duroca_ncbi;Duroca_duroca_kawahara2023;Enosis_sp._kawahara2023;Eprius_veleda_kawahara2023;Eutocus_sp._kawahara2023;Eutychide_physcella_kawahara2023;Gallio_carasta_kawahara2023;Ginungagapus_fiedleri_kawahara2023;Ginungagapus_ranesus_kawahara2023;Halotus_rica_kawahara2023;Joanna_joanna_kawahara2023;Lamponia_lamponia_kawahara2023;Lento_lento_kawahara2023;Lerema_accius_kawahara2023;Lerema_lineosa_ncbi;Lerema_liris_ncbi;Lerodea_eufala_kawahara2023;Levina_levina_kawahara2023;Lucida_lucia_kawahara2023;Lychnuchus_celsus_kawahara2023;Misius_misius_kawahara2023;Mnasicles_geta_kawahara2023;Mnasilus_allubita_kawahara2023;Mnasitheus_chrysophrys_kawahara2023;Mnestheus_ittona_kawahara2023;Moeris_striga_striga_kawahara2023;Molla_molla_kawahara2023;Monca_branca_kawahara2023;Morys_compta_kawahara2023;Mucia_zygia_kawahara2023;Naevolus_orius_kawahara2023;Nastra_julia_kawahara2023;Nastra_julia_ncbi;Neoxeniades_braesia_kawahara2023;Niconiades_incomptus_kawahara2023;Niconiades_incomptus_ncbi;Niconiades_xanthaphes_kawahara2023;Onophas_columbaria_kawahara2023;Panca_subpunctuli_kawahara2023;Papias_subcostulata_kawahara2023;Paracarystus_hypargyra_kawahara2023;Parphorus_storax_s._kawahara2023;Phanes_abaris_kawahara2023;Pheraeus_odilia_argus_kawahara2023;Punta_punta_kawahara2023;Quinta_cannae_kawahara2023;Remella_rita_kawahara2023;Rhinthon_cubana_kawahara2023;Rigga_hesia_kawahara2023;Rufocumbre_eberti_kawahara2023;Saturnus_metonidia_kawahara2023;Sodalia_sodalis_kawahara2023;Thoon_modius_kawahara2023;Tigasis_arita_kawahara2023;Tricrista_advena_kawahara2023;Troyus_aurelius_ncbi;Troyus_diversus_maeon_ncbi;Troyus_fantasos_ncbi;Troyus_marcus_ncbi;Vehilius_celeus_kawahara2023;Venas_evans_kawahara2023;Vettius_lafrenaye_kawahara2023;Vidius_catarinae_kawahara2023;Vinius_letis_kawahara2023;Virga_austrinus_kawahara2023;Wahydra_kenava_kawahara2023;Wahydra_kenava_ncbi;Wahydra_sp._kawahara2023	0		excluded_no_selected_descendants				22.606544	
N0822	100/100	0	N0821	1.499931	70.397990	7	Adlerodea_petrovna_kawahara2023;Alychna_victa_kawahara2023;Alychna_victa_ncbi;Mucia_zygia_kawahara2023;Wahydra_kenava_kawahara2023;Wahydra_kenava_ncbi;Wahydra_sp._kawahara2023	0		excluded_no_selected_descendants				21.106613	
N0823	100/100	0	N0822	15.857028	86.255018	2	Alychna_victa_kawahara2023;Alychna_victa_ncbi	0		excluded_no_selected_descendants				5.249585	
N0824	Alychna_victa_ncbi	1	N0823	5.249583	91.504601	1	Alychna_victa_ncbi	0		excluded_no_selected_descendants				0.000002	
N0825	Alychna_victa_kawahara2023	1	N0823	5.249583	91.504601	1	Alychna_victa_kawahara2023	0		excluded_no_selected_descendants				0.000002	
N0826	100/100	0	N0822	2.595073	72.993063	5	Adlerodea_petrovna_kawahara2023;Mucia_zygia_kawahara2023;Wahydra_kenava_kawahara2023;Wahydra_kenava_ncbi;Wahydra_sp._kawahara2023	0		excluded_no_selected_descendants				18.511540	
N0827	100/100	0	N0826	2.873581	75.866644	2	Adlerodea_petrovna_kawahara2023;Mucia_zygia_kawahara2023	0		excluded_no_selected_descendants				15.637959	
N0828	Mucia_zygia_kawahara2023	1	N0827	15.637957	91.504601	1	Mucia_zygia_kawahara2023	0		excluded_no_selected_descendants				0.000002	
N0829	Adlerodea_petrovna_kawahara2023	1	N0827	15.637957	91.504601	1	Adlerodea_petrovna_kawahara2023	0		excluded_no_selected_descendants				0.000002	
N0830	100/100	0	N0826	9.000357	81.993420	3	Wahydra_kenava_kawahara2023;Wahydra_kenava_ncbi;Wahydra_sp._kawahara2023	0		excluded_no_selected_descendants				9.511183	
N0831	Wahydra_sp._kawahara2023	1	N0830	9.511181	91.504601	1	Wahydra_sp._kawahara2023	0		excluded_no_selected_descendants				0.000002	
N0832	100/100	0	N0830	3.107729	85.101149	2	Wahydra_kenava_kawahara2023;Wahydra_kenava_ncbi	0		excluded_no_selected_descendants				6.403454	
N0833	Wahydra_kenava_kawahara2023	1	N0832	6.403452	91.504601	1	Wahydra_kenava_kawahara2023	0		excluded_no_selected_descendants				0.000002	
N0834	Wahydra_kenava_ncbi	1	N0832	6.403452	91.504601	1	Wahydra_kenava_ncbi	0		excluded_no_selected_descendants				0.000002	
N0835	82/83	0	N0821	0.344400	69.242459	78	Amblyscirtes_belli_ncbi;Amblyscirtes_celia_ncbi;Amblyscirtes_elissa_ncbi;Amblyscirtes_eos_kawahara2023;Amblyscirtes_florus_kawahara2023;Artines_rica_kawahara2023;Callimormus_radiola_kawahara2023;Cantha_calva_kawahara2023;Cobalopsis_miaba_kawahara2023;Cumbre_cumbre_kawahara2023;Cymaenes_tripunctata_kawahara2023;Cynea_cynea_kawahara2023;Cynea_diluta_kawahara2023;Dion_gemmatus_kawahara2023;Duroca_duroca_duroca_ncbi;Duroca_duroca_kawahara2023;Enosis_sp._kawahara2023;Eprius_veleda_kawahara2023;Eutocus_sp._kawahara2023;Eutychide_physcella_kawahara2023;Gallio_carasta_kawahara2023;Ginungagapus_fiedleri_kawahara2023;Ginungagapus_ranesus_kawahara2023;Halotus_rica_kawahara2023;Joanna_joanna_kawahara2023;Lamponia_lamponia_kawahara2023;Lento_lento_kawahara2023;Lerema_accius_kawahara2023;Lerema_lineosa_ncbi;Lerema_liris_ncbi;Lerodea_eufala_kawahara2023;Levina_levina_kawahara2023;Lucida_lucia_kawahara2023;Lychnuchus_celsus_kawahara2023;Misius_misius_kawahara2023;Mnasicles_geta_kawahara2023;Mnasilus_allubita_kawahara2023;Mnasitheus_chrysophrys_kawahara2023;Mnestheus_ittona_kawahara2023;Moeris_striga_striga_kawahara2023;Molla_molla_kawahara2023;Monca_branca_kawahara2023;Morys_compta_kawahara2023;Naevolus_orius_kawahara2023;Nastra_julia_kawahara2023;Nastra_julia_ncbi;Neoxeniades_braesia_kawahara2023;Niconiades_incomptus_kawahara2023;Niconiades_incomptus_ncbi;Niconiades_xanthaphes_kawahara2023;Onophas_columbaria_kawahara2023;Panca_subpunctuli_kawahara2023;Papias_subcostulata_kawahara2023;Paracarystus_hypargyra_kawahara2023;Parphorus_storax_s._kawahara2023;Phanes_abaris_kawahara2023;Pheraeus_odilia_argus_kawahara2023;Punta_punta_kawahara2023;Quinta_cannae_kawahara2023;Remella_rita_kawahara2023;Rhinthon_cubana_kawahara2023;Rigga_hesia_kawahara2023;Rufocumbre_eberti_kawahara2023;Saturnus_metonidia_kawahara2023;Sodalia_sodalis_kawahara2023;Thoon_modius_kawahara2023;Tigasis_arita_kawahara2023;Tricrista_advena_kawahara2023;Troyus_aurelius_ncbi;Troyus_diversus_maeon_ncbi;Troyus_fantasos_ncbi;Troyus_marcus_ncbi;Vehilius_celeus_kawahara2023;Venas_evans_kawahara2023;Vettius_lafrenaye_kawahara2023;Vidius_catarinae_kawahara2023;Vinius_letis_kawahara2023;Virga_austrinus_kawahara2023	0		excluded_no_selected_descendants				22.262144	
N0836	100/100	0	N0835	2.274105	71.516564	19	Cynea_cynea_kawahara2023;Cynea_diluta_kawahara2023;Gallio_carasta_kawahara2023;Halotus_rica_kawahara2023;Joanna_joanna_kawahara2023;Moeris_striga_striga_kawahara2023;Neoxeniades_braesia_kawahara2023;Niconiades_incomptus_kawahara2023;Niconiades_incomptus_ncbi;Niconiades_xanthaphes_kawahara2023;Onophas_columbaria_kawahara2023;Paracarystus_hypargyra_kawahara2023;Punta_punta_kawahara2023;Quinta_cannae_kawahara2023;Rhinthon_cubana_kawahara2023;Thoon_modius_kawahara2023;Tigasis_arita_kawahara2023;Tricrista_advena_kawahara2023;Vinius_letis_kawahara2023	0		excluded_no_selected_descendants				19.988039	
N0837	Vinius_letis_kawahara2023	1	N0836	19.988036	91.504600	1	Vinius_letis_kawahara2023	0		excluded_no_selected_descendants				0.000003	
N0838	100/100	0	N0836	3.586469	75.103033	18	Cynea_cynea_kawahara2023;Cynea_diluta_kawahara2023;Gallio_carasta_kawahara2023;Halotus_rica_kawahara2023;Joanna_joanna_kawahara2023;Moeris_striga_striga_kawahara2023;Neoxeniades_braesia_kawahara2023;Niconiades_incomptus_kawahara2023;Niconiades_incomptus_ncbi;Niconiades_xanthaphes_kawahara2023;Onophas_columbaria_kawahara2023;Paracarystus_hypargyra_kawahara2023;Punta_punta_kawahara2023;Quinta_cannae_kawahara2023;Rhinthon_cubana_kawahara2023;Thoon_modius_kawahara2023;Tigasis_arita_kawahara2023;Tricrista_advena_kawahara2023	0		excluded_no_selected_descendants				16.401570	
N0839	100/100	0	N0838	6.246642	81.349675	5	Cynea_cynea_kawahara2023;Cynea_diluta_kawahara2023;Neoxeniades_braesia_kawahara2023;Quinta_cannae_kawahara2023;Rhinthon_cubana_kawahara2023	0		excluded_no_selected_descendants				10.154928	
N0840	100/100	0	N0839	6.496950	87.846625	2	Neoxeniades_braesia_kawahara2023;Rhinthon_cubana_kawahara2023	0		excluded_no_selected_descendants				3.657978	
N0841	Rhinthon_cubana_kawahara2023	1	N0840	3.657976	91.504601	1	Rhinthon_cubana_kawahara2023	0		excluded_no_selected_descendants				0.000002	
N0842	Neoxeniades_braesia_kawahara2023	1	N0840	3.657976	91.504601	1	Neoxeniades_braesia_kawahara2023	0		excluded_no_selected_descendants				0.000002	
N0843	100/100	0	N0839	0.935516	82.285191	3	Cynea_cynea_kawahara2023;Cynea_diluta_kawahara2023;Quinta_cannae_kawahara2023	0		excluded_no_selected_descendants				9.219412	
N0844	Quinta_cannae_kawahara2023	1	N0843	9.219410	91.504601	1	Quinta_cannae_kawahara2023	0		excluded_no_selected_descendants				0.000002	
N0845	97/95	0	N0843	0.722605	83.007796	2	Cynea_cynea_kawahara2023;Cynea_diluta_kawahara2023	0		excluded_no_selected_descendants				8.496807	
N0846	Cynea_cynea_kawahara2023	1	N0845	8.496804	91.504600	1	Cynea_cynea_kawahara2023	0		excluded_no_selected_descendants				0.000003	
N0847	Cynea_diluta_kawahara2023	1	N0845	8.496804	91.504600	1	Cynea_diluta_kawahara2023	0		excluded_no_selected_descendants				0.000003	
N0848	100/100	0	N0838	0.956789	76.059822	13	Gallio_carasta_kawahara2023;Halotus_rica_kawahara2023;Joanna_joanna_kawahara2023;Moeris_striga_striga_kawahara2023;Niconiades_incomptus_kawahara2023;Niconiades_incomptus_ncbi;Niconiades_xanthaphes_kawahara2023;Onophas_columbaria_kawahara2023;Paracarystus_hypargyra_kawahara2023;Punta_punta_kawahara2023;Thoon_modius_kawahara2023;Tigasis_arita_kawahara2023;Tricrista_advena_kawahara2023	0		excluded_no_selected_descendants				15.444781	
N0849	Onophas_columbaria_kawahara2023	1	N0848	15.444779	91.504601	1	Onophas_columbaria_kawahara2023	0		excluded_no_selected_descendants				0.000002	
N0850	100/100	0	N0848	0.882207	76.942029	12	Gallio_carasta_kawahara2023;Halotus_rica_kawahara2023;Joanna_joanna_kawahara2023;Moeris_striga_striga_kawahara2023;Niconiades_incomptus_kawahara2023;Niconiades_incomptus_ncbi;Niconiades_xanthaphes_kawahara2023;Paracarystus_hypargyra_kawahara2023;Punta_punta_kawahara2023;Thoon_modius_kawahara2023;Tigasis_arita_kawahara2023;Tricrista_advena_kawahara2023	0		excluded_no_selected_descendants				14.562574	
N0851	100/100	0	N0850	1.673885	78.615914	5	Gallio_carasta_kawahara2023;Moeris_striga_striga_kawahara2023;Paracarystus_hypargyra_kawahara2023;Punta_punta_kawahara2023;Tricrista_advena_kawahara2023	0		excluded_no_selected_descendants				12.888689	
N0852	100/100	0	N0851	6.939339	85.555253	2	Paracarystus_hypargyra_kawahara2023;Punta_punta_kawahara2023	0		excluded_no_selected_descendants				5.949350	
N0853	Punta_punta_kawahara2023	1	N0852	5.949348	91.504601	1	Punta_punta_kawahara2023	0		excluded_no_selected_descendants				0.000002	
N0854	Paracarystus_hypargyra_kawahara2023	1	N0852	5.949348	91.504601	1	Paracarystus_hypargyra_kawahara2023	0		excluded_no_selected_descendants				0.000002	
N0855	100/100	0	N0851	1.001348	79.617262	3	Gallio_carasta_kawahara2023;Moeris_striga_striga_kawahara2023;Tricrista_advena_kawahara2023	0		excluded_no_selected_descendants				11.887341	
N0856	Moeris_striga_striga_kawahara2023	1	N0855	11.887338	91.504600	1	Moeris_striga_striga_kawahara2023	0		excluded_no_selected_descendants				0.000003	
N0857	100/100	0	N0855	3.151752	82.769014	2	Gallio_carasta_kawahara2023;Tricrista_advena_kawahara2023	0		excluded_no_selected_descendants				8.735589	
N0858	Tricrista_advena_kawahara2023	1	N0857	8.735587	91.504601	1	Tricrista_advena_kawahara2023	0		excluded_no_selected_descendants				0.000002	
N0859	Gallio_carasta_kawahara2023	1	N0857	8.735587	91.504601	1	Gallio_carasta_kawahara2023	0		excluded_no_selected_descendants				0.000002	
N0860	100/100	0	N0850	4.228645	81.170674	7	Halotus_rica_kawahara2023;Joanna_joanna_kawahara2023;Niconiades_incomptus_kawahara2023;Niconiades_incomptus_ncbi;Niconiades_xanthaphes_kawahara2023;Thoon_modius_kawahara2023;Tigasis_arita_kawahara2023	0		excluded_no_selected_descendants				10.333929	
N0861	100/100	0	N0860	0.955907	82.126581	2	Halotus_rica_kawahara2023;Thoon_modius_kawahara2023	0		excluded_no_selected_descendants				9.378022	
N0862	Thoon_modius_kawahara2023	1	N0861	9.378019	91.504600	1	Thoon_modius_kawahara2023	0		excluded_no_selected_descendants				0.000003	
N0863	Halotus_rica_kawahara2023	1	N0861	9.378019	91.504600	1	Halotus_rica_kawahara2023	0		excluded_no_selected_descendants				0.000003	
N0864	100/100	0	N0860	0.512925	81.683599	5	Joanna_joanna_kawahara2023;Niconiades_incomptus_kawahara2023;Niconiades_incomptus_ncbi;Niconiades_xanthaphes_kawahara2023;Tigasis_arita_kawahara2023	0		excluded_no_selected_descendants				9.821004	
N0865	Tigasis_arita_kawahara2023	1	N0864	9.821002	91.504601	1	Tigasis_arita_kawahara2023	0		excluded_no_selected_descendants				0.000002	
N0866	100/100	0	N0864	0.905678	82.589277	4	Joanna_joanna_kawahara2023;Niconiades_incomptus_kawahara2023;Niconiades_incomptus_ncbi;Niconiades_xanthaphes_kawahara2023	0		excluded_no_selected_descendants				8.915326	
N0867	Joanna_joanna_kawahara2023	1	N0866	8.915324	91.504601	1	Joanna_joanna_kawahara2023	0		excluded_no_selected_descendants				0.000002	
N0868	100/100	0	N0866	6.281690	88.870967	3	Niconiades_incomptus_kawahara2023;Niconiades_incomptus_ncbi;Niconiades_xanthaphes_kawahara2023	0		excluded_no_selected_descendants				2.633636	
N0869	Niconiades_xanthaphes_kawahara2023	1	N0868	2.633634	91.504601	1	Niconiades_xanthaphes_kawahara2023	0		excluded_no_selected_descendants				0.000002	
N0870	100/100	0	N0868	0.661916	89.532883	2	Niconiades_incomptus_kawahara2023;Niconiades_incomptus_ncbi	0		excluded_no_selected_descendants				1.971720	
N0871	Niconiades_incomptus_ncbi	1	N0870	1.971717	91.504600	1	Niconiades_incomptus_ncbi	0		excluded_no_selected_descendants				0.000003	
N0872	Niconiades_incomptus_kawahara2023	1	N0870	1.971717	91.504600	1	Niconiades_incomptus_kawahara2023	0		excluded_no_selected_descendants				0.000003	
N0873	100/100	0	N0835	0.572991	69.815450	59	Amblyscirtes_belli_ncbi;Amblyscirtes_celia_ncbi;Amblyscirtes_elissa_ncbi;Amblyscirtes_eos_kawahara2023;Amblyscirtes_florus_kawahara2023;Artines_rica_kawahara2023;Callimormus_radiola_kawahara2023;Cantha_calva_kawahara2023;Cobalopsis_miaba_kawahara2023;Cumbre_cumbre_kawahara2023;Cymaenes_tripunctata_kawahara2023;Dion_gemmatus_kawahara2023;Duroca_duroca_duroca_ncbi;Duroca_duroca_kawahara2023;Enosis_sp._kawahara2023;Eprius_veleda_kawahara2023;Eutocus_sp._kawahara2023;Eutychide_physcella_kawahara2023;Ginungagapus_fiedleri_kawahara2023;Ginungagapus_ranesus_kawahara2023;Lamponia_lamponia_kawahara2023;Lento_lento_kawahara2023;Lerema_accius_kawahara2023;Lerema_lineosa_ncbi;Lerema_liris_ncbi;Lerodea_eufala_kawahara2023;Levina_levina_kawahara2023;Lucida_lucia_kawahara2023;Lychnuchus_celsus_kawahara2023;Misius_misius_kawahara2023;Mnasicles_geta_kawahara2023;Mnasilus_allubita_kawahara2023;Mnasitheus_chrysophrys_kawahara2023;Mnestheus_ittona_kawahara2023;Molla_molla_kawahara2023;Monca_branca_kawahara2023;Morys_compta_kawahara2023;Naevolus_orius_kawahara2023;Nastra_julia_kawahara2023;Nastra_julia_ncbi;Panca_subpunctuli_kawahara2023;Papias_subcostulata_kawahara2023;Parphorus_storax_s._kawahara2023;Phanes_abaris_kawahara2023;Pheraeus_odilia_argus_kawahara2023;Remella_rita_kawahara2023;Rigga_hesia_kawahara2023;Rufocumbre_eberti_kawahara2023;Saturnus_metonidia_kawahara2023;Sodalia_sodalis_kawahara2023;Troyus_aurelius_ncbi;Troyus_diversus_maeon_ncbi;Troyus_fantasos_ncbi;Troyus_marcus_ncbi;Vehilius_celeus_kawahara2023;Venas_evans_kawahara2023;Vettius_lafrenaye_kawahara2023;Vidius_catarinae_kawahara2023;Virga_austrinus_kawahara2023	0		excluded_no_selected_descendants				21.689153	
N0874	100/100	0	N0873	4.897922	74.713372	7	Amblyscirtes_belli_ncbi;Amblyscirtes_celia_ncbi;Amblyscirtes_elissa_ncbi;Amblyscirtes_eos_kawahara2023;Amblyscirtes_florus_kawahara2023;Mnasicles_geta_kawahara2023;Remella_rita_kawahara2023	0		excluded_no_selected_descendants				16.791231	
N0875	100/100	0	N0874	4.841812	79.555184	2	Mnasicles_geta_kawahara2023;Remella_rita_kawahara2023	0		excluded_no_selected_descendants				11.949419	
N0876	Remella_rita_kawahara2023	1	N0875	11.949416	91.504600	1	Remella_rita_kawahara2023	0		excluded_no_selected_descendants				0.000003	
N0877	Mnasicles_geta_kawahara2023	1	N0875	11.949416	91.504600	1	Mnasicles_geta_kawahara2023	0		excluded_no_selected_descendants				0.000003	
N0878	100/100	0	N0874	1.101440	75.814812	5	Amblyscirtes_belli_ncbi;Amblyscirtes_celia_ncbi;Amblyscirtes_elissa_ncbi;Amblyscirtes_eos_kawahara2023;Amblyscirtes_florus_kawahara2023	0		excluded_no_selected_descendants				15.689791	
N0879	Amblyscirtes_florus_kawahara2023	1	N0878	15.689788	91.504600	1	Amblyscirtes_florus_kawahara2023	0		excluded_no_selected_descendants				0.000003	
N0880	100/100	0	N0878	0.324906	76.139718	4	Amblyscirtes_belli_ncbi;Amblyscirtes_celia_ncbi;Amblyscirtes_elissa_ncbi;Amblyscirtes_eos_kawahara2023	0		excluded_no_selected_descendants				15.364885	
N0881	Amblyscirtes_elissa_ncbi	1	N0880	15.364882	91.504600	1	Amblyscirtes_elissa_ncbi	0		excluded_no_selected_descendants				0.000003	
N0882	100/100	0	N0880	5.485812	81.625530	3	Amblyscirtes_belli_ncbi;Amblyscirtes_celia_ncbi;Amblyscirtes_eos_kawahara2023	0		excluded_no_selected_descendants				9.879073	
N0883	Amblyscirtes_eos_kawahara2023	1	N0882	9.879070	91.504600	1	Amblyscirtes_eos_kawahara2023	0		excluded_no_selected_descendants				0.000003	
N0884	100/100	0	N0882	5.918531	87.544061	2	Amblyscirtes_belli_ncbi;Amblyscirtes_celia_ncbi	0		excluded_no_selected_descendants				3.960542	
N0885	Amblyscirtes_celia_ncbi	1	N0884	3.960539	91.504600	1	Amblyscirtes_celia_ncbi	0		excluded_no_selected_descendants				0.000003	
N0886	Amblyscirtes_belli_ncbi	1	N0884	3.960539	91.504600	1	Amblyscirtes_belli_ncbi	0		excluded_no_selected_descendants				0.000003	
N0887	83/74	0	N0873	0.332579	70.148029	52	Artines_rica_kawahara2023;Callimormus_radiola_kawahara2023;Cantha_calva_kawahara2023;Cobalopsis_miaba_kawahara2023;Cumbre_cumbre_kawahara2023;Cymaenes_tripunctata_kawahara2023;Dion_gemmatus_kawahara2023;Duroca_duroca_duroca_ncbi;Duroca_duroca_kawahara2023;Enosis_sp._kawahara2023;Eprius_veleda_kawahara2023;Eutocus_sp._kawahara2023;Eutychide_physcella_kawahara2023;Ginungagapus_fiedleri_kawahara2023;Ginungagapus_ranesus_kawahara2023;Lamponia_lamponia_kawahara2023;Lento_lento_kawahara2023;Lerema_accius_kawahara2023;Lerema_lineosa_ncbi;Lerema_liris_ncbi;Lerodea_eufala_kawahara2023;Levina_levina_kawahara2023;Lucida_lucia_kawahara2023;Lychnuchus_celsus_kawahara2023;Misius_misius_kawahara2023;Mnasilus_allubita_kawahara2023;Mnasitheus_chrysophrys_kawahara2023;Mnestheus_ittona_kawahara2023;Molla_molla_kawahara2023;Monca_branca_kawahara2023;Morys_compta_kawahara2023;Naevolus_orius_kawahara2023;Nastra_julia_kawahara2023;Nastra_julia_ncbi;Panca_subpunctuli_kawahara2023;Papias_subcostulata_kawahara2023;Parphorus_storax_s._kawahara2023;Phanes_abaris_kawahara2023;Pheraeus_odilia_argus_kawahara2023;Rigga_hesia_kawahara2023;Rufocumbre_eberti_kawahara2023;Saturnus_metonidia_kawahara2023;Sodalia_sodalis_kawahara2023;Troyus_aurelius_ncbi;Troyus_diversus_maeon_ncbi;Troyus_fantasos_ncbi;Troyus_marcus_ncbi;Vehilius_celeus_kawahara2023;Venas_evans_kawahara2023;Vettius_lafrenaye_kawahara2023;Vidius_catarinae_kawahara2023;Virga_austrinus_kawahara2023	0		excluded_no_selected_descendants				21.356574	
N0888	100/84	0	N0887	0.746280	70.894309	8	Callimormus_radiola_kawahara2023;Lento_lento_kawahara2023;Levina_levina_kawahara2023;Misius_misius_kawahara2023;Mnasitheus_chrysophrys_kawahara2023;Mnestheus_ittona_kawahara2023;Rigga_hesia_kawahara2023;Virga_austrinus_kawahara2023	0		excluded_no_selected_descendants				20.610294	
N0889	100/97	0	N0888	1.561521	72.455830	2	Callimormus_radiola_kawahara2023;Mnasitheus_chrysophrys_kawahara2023	0		excluded_no_selected_descendants				19.048773	
N0890	Mnasitheus_chrysophrys_kawahara2023	1	N0889	19.048770	91.504600	1	Mnasitheus_chrysophrys_kawahara2023	0		excluded_no_selected_descendants				0.000003	
N0891	Callimormus_radiola_kawahara2023	1	N0889	19.048770	91.504600	1	Callimormus_radiola_kawahara2023	0		excluded_no_selected_descendants				0.000003	
N0892	100/100	0	N0888	2.591506	73.485815	6	Lento_lento_kawahara2023;Levina_levina_kawahara2023;Misius_misius_kawahara2023;Mnestheus_ittona_kawahara2023;Rigga_hesia_kawahara2023;Virga_austrinus_kawahara2023	0		excluded_no_selected_descendants				18.018788	
N0893	99.9/100	0	N0892	1.387249	74.873064	2	Misius_misius_kawahara2023;Rigga_hesia_kawahara2023	0		excluded_no_selected_descendants				16.631539	
N0894	Misius_misius_kawahara2023	1	N0893	16.631537	91.504601	1	Misius_misius_kawahara2023	0		excluded_no_selected_descendants				0.000002	
N0895	Rigga_hesia_kawahara2023	1	N0893	16.631537	91.504601	1	Rigga_hesia_kawahara2023	0		excluded_no_selected_descendants				0.000002	
N0896	100/100	0	N0892	5.857450	79.343265	4	Lento_lento_kawahara2023;Levina_levina_kawahara2023;Mnestheus_ittona_kawahara2023;Virga_austrinus_kawahara2023	0		excluded_no_selected_descendants				12.161338	
N0897	89.2/84	0	N0896	1.014346	80.357611	2	Levina_levina_kawahara2023;Mnestheus_ittona_kawahara2023	0		excluded_no_selected_descendants				11.146992	
N0898	Levina_levina_kawahara2023	1	N0897	11.146989	91.504600	1	Levina_levina_kawahara2023	0		excluded_no_selected_descendants				0.000003	
N0899	Mnestheus_ittona_kawahara2023	1	N0897	11.146989	91.504600	1	Mnestheus_ittona_kawahara2023	0		excluded_no_selected_descendants				0.000003	
N0900	100/100	0	N0896	2.527900	81.871165	2	Lento_lento_kawahara2023;Virga_austrinus_kawahara2023	0		excluded_no_selected_descendants				9.633438	
N0901	Virga_austrinus_kawahara2023	1	N0900	9.633436	91.504601	1	Virga_austrinus_kawahara2023	0		excluded_no_selected_descendants				0.000002	
N0902	Lento_lento_kawahara2023	1	N0900	9.633436	91.504601	1	Lento_lento_kawahara2023	0		excluded_no_selected_descendants				0.000002	
N0903	99/90	0	N0887	0.448153	70.596182	44	Artines_rica_kawahara2023;Cantha_calva_kawahara2023;Cobalopsis_miaba_kawahara2023;Cumbre_cumbre_kawahara2023;Cymaenes_tripunctata_kawahara2023;Dion_gemmatus_kawahara2023;Duroca_duroca_duroca_ncbi;Duroca_duroca_kawahara2023;Enosis_sp._kawahara2023;Eprius_veleda_kawahara2023;Eutocus_sp._kawahara2023;Eutychide_physcella_kawahara2023;Ginungagapus_fiedleri_kawahara2023;Ginungagapus_ranesus_kawahara2023;Lamponia_lamponia_kawahara2023;Lerema_accius_kawahara2023;Lerema_lineosa_ncbi;Lerema_liris_ncbi;Lerodea_eufala_kawahara2023;Lucida_lucia_kawahara2023;Lychnuchus_celsus_kawahara2023;Mnasilus_allubita_kawahara2023;Molla_molla_kawahara2023;Monca_branca_kawahara2023;Morys_compta_kawahara2023;Naevolus_orius_kawahara2023;Nastra_julia_kawahara2023;Nastra_julia_ncbi;Panca_subpunctuli_kawahara2023;Papias_subcostulata_kawahara2023;Parphorus_storax_s._kawahara2023;Phanes_abaris_kawahara2023;Pheraeus_odilia_argus_kawahara2023;Rufocumbre_eberti_kawahara2023;Saturnus_metonidia_kawahara2023;Sodalia_sodalis_kawahara2023;Troyus_aurelius_ncbi;Troyus_diversus_maeon_ncbi;Troyus_fantasos_ncbi;Troyus_marcus_ncbi;Vehilius_celeus_kawahara2023;Venas_evans_kawahara2023;Vettius_lafrenaye_kawahara2023;Vidius_catarinae_kawahara2023	0		excluded_no_selected_descendants				20.908421	
N0904	100/100	0	N0903	4.882574	75.478756	20	Artines_rica_kawahara2023;Cumbre_cumbre_kawahara2023;Dion_gemmatus_kawahara2023;Enosis_sp._kawahara2023;Eprius_veleda_kawahara2023;Eutocus_sp._kawahara2023;Eutychide_physcella_kawahara2023;Ginungagapus_fiedleri_kawahara2023;Ginungagapus_ranesus_kawahara2023;Lamponia_lamponia_kawahara2023;Lucida_lucia_kawahara2023;Lychnuchus_celsus_kawahara2023;Molla_molla_kawahara2023;Naevolus_orius_kawahara2023;Panca_subpunctuli_kawahara2023;Phanes_abaris_kawahara2023;Pheraeus_odilia_argus_kawahara2023;Rufocumbre_eberti_kawahara2023;Sodalia_sodalis_kawahara2023;Venas_evans_kawahara2023	0		excluded_no_selected_descendants				16.025847	
N0905	100/100	0	N0904	0.758331	76.237087	8	Dion_gemmatus_kawahara2023;Enosis_sp._kawahara2023;Eprius_veleda_kawahara2023;Eutychide_physcella_kawahara2023;Lychnuchus_celsus_kawahara2023;Naevolus_orius_kawahara2023;Sodalia_sodalis_kawahara2023;Venas_evans_kawahara2023	0		excluded_no_selected_descendants				15.267516	
N0906	100/100	0	N0905	2.246543	78.483630	2	Naevolus_orius_kawahara2023;Sodalia_sodalis_kawahara2023	0		excluded_no_selected_descendants				13.020973	
N0907	Sodalia_sodalis_kawahara2023	1	N0906	13.020971	91.504601	1	Sodalia_sodalis_kawahara2023	0		excluded_no_selected_descendants				0.000002	
N0908	Naevolus_orius_kawahara2023	1	N0906	13.020971	91.504601	1	Naevolus_orius_kawahara2023	0		excluded_no_selected_descendants				0.000002	
N0909	100/100	0	N0905	2.433523	78.670610	6	Dion_gemmatus_kawahara2023;Enosis_sp._kawahara2023;Eprius_veleda_kawahara2023;Eutychide_physcella_kawahara2023;Lychnuchus_celsus_kawahara2023;Venas_evans_kawahara2023	0		excluded_no_selected_descendants				12.833993	
N0910	100/100	0	N0909	4.620639	83.291249	2	Enosis_sp._kawahara2023;Lychnuchus_celsus_kawahara2023	0		excluded_no_selected_descendants				8.213354	
N0911	Lychnuchus_celsus_kawahara2023	1	N0910	8.213353	91.504602	1	Lychnuchus_celsus_kawahara2023	0		excluded_no_selected_descendants				0.000001	
N0912	Enosis_sp._kawahara2023	1	N0910	8.213353	91.504602	1	Enosis_sp._kawahara2023	0		excluded_no_selected_descendants				0.000001	
N0913	99.7/99	0	N0909	0.625447	79.296057	4	Dion_gemmatus_kawahara2023;Eprius_veleda_kawahara2023;Eutychide_physcella_kawahara2023;Venas_evans_kawahara2023	0		excluded_no_selected_descendants				12.208546	
N0914	95.2/94	0	N0913	0.755520	80.051577	2	Eprius_veleda_kawahara2023;Venas_evans_kawahara2023	0		excluded_no_selected_descendants				11.453026	
N0915	Venas_evans_kawahara2023	1	N0914	11.453025	91.504602	1	Venas_evans_kawahara2023	0		excluded_no_selected_descendants				0.000001	
N0916	Eprius_veleda_kawahara2023	1	N0914	11.453025	91.504602	1	Eprius_veleda_kawahara2023	0		excluded_no_selected_descendants				0.000001	
N0917	100/100	0	N0913	2.261909	81.557966	2	Dion_gemmatus_kawahara2023;Eutychide_physcella_kawahara2023	0		excluded_no_selected_descendants				9.946637	
N0918	Eutychide_physcella_kawahara2023	1	N0917	9.946636	91.504602	1	Eutychide_physcella_kawahara2023	0		excluded_no_selected_descendants				0.000001	
N0919	Dion_gemmatus_kawahara2023	1	N0917	9.946636	91.504602	1	Dion_gemmatus_kawahara2023	0		excluded_no_selected_descendants				0.000001	
N0920	100/100	0	N0904	4.419092	79.897848	12	Artines_rica_kawahara2023;Cumbre_cumbre_kawahara2023;Eutocus_sp._kawahara2023;Ginungagapus_fiedleri_kawahara2023;Ginungagapus_ranesus_kawahara2023;Lamponia_lamponia_kawahara2023;Lucida_lucia_kawahara2023;Molla_molla_kawahara2023;Panca_subpunctuli_kawahara2023;Phanes_abaris_kawahara2023;Pheraeus_odilia_argus_kawahara2023;Rufocumbre_eberti_kawahara2023	0		excluded_no_selected_descendants				11.606755	
N0921	100/100	0	N0920	0.769058	80.666906	6	Cumbre_cumbre_kawahara2023;Lamponia_lamponia_kawahara2023;Molla_molla_kawahara2023;Phanes_abaris_kawahara2023;Pheraeus_odilia_argus_kawahara2023;Rufocumbre_eberti_kawahara2023	0		excluded_no_selected_descendants				10.837697	
N0922	Phanes_abaris_kawahara2023	1	N0921	10.837696	91.504602	1	Phanes_abaris_kawahara2023	0		excluded_no_selected_descendants				0.000001	
N0923	61.5/71	0	N0921	0.646599	81.313505	5	Cumbre_cumbre_kawahara2023;Lamponia_lamponia_kawahara2023;Molla_molla_kawahara2023;Pheraeus_odilia_argus_kawahara2023;Rufocumbre_eberti_kawahara2023	0		excluded_no_selected_descendants				10.191098	
N0924	Cumbre_cumbre_kawahara2023	1	N0923	10.191096	91.504601	1	Cumbre_cumbre_kawahara2023	0		excluded_no_selected_descendants				0.000002	
N0925	97.6/96	0	N0923	0.653042	81.966547	4	Lamponia_lamponia_kawahara2023;Molla_molla_kawahara2023;Pheraeus_odilia_argus_kawahara2023;Rufocumbre_eberti_kawahara2023	0		excluded_no_selected_descendants				9.538056	
N0926	100/100	0	N0925	6.013806	87.980353	2	Molla_molla_kawahara2023;Rufocumbre_eberti_kawahara2023	0		excluded_no_selected_descendants				3.524250	
N0927	Rufocumbre_eberti_kawahara2023	1	N0926	3.524248	91.504601	1	Rufocumbre_eberti_kawahara2023	0		excluded_no_selected_descendants				0.000002	
N0928	Molla_molla_kawahara2023	1	N0926	3.524248	91.504601	1	Molla_molla_kawahara2023	0		excluded_no_selected_descendants				0.000002	
N0929	99.3/98	0	N0925	0.715607	82.682154	2	Lamponia_lamponia_kawahara2023;Pheraeus_odilia_argus_kawahara2023	0		excluded_no_selected_descendants				8.822449	
N0930	Lamponia_lamponia_kawahara2023	1	N0929	8.822446	91.504600	1	Lamponia_lamponia_kawahara2023	0		excluded_no_selected_descendants				0.000003	
N0931	Pheraeus_odilia_argus_kawahara2023	1	N0929	8.822446	91.504600	1	Pheraeus_odilia_argus_kawahara2023	0		excluded_no_selected_descendants				0.000003	
N0932	100/100	0	N0920	0.929510	80.827358	6	Artines_rica_kawahara2023;Eutocus_sp._kawahara2023;Ginungagapus_fiedleri_kawahara2023;Ginungagapus_ranesus_kawahara2023;Lucida_lucia_kawahara2023;Panca_subpunctuli_kawahara2023	0		excluded_no_selected_descendants				10.677245	
N0933	Artines_rica_kawahara2023	1	N0932	10.677244	91.504602	1	Artines_rica_kawahara2023	0		excluded_no_selected_descendants				0.000001	
N0934	100/100	0	N0932	2.473298	83.300656	5	Eutocus_sp._kawahara2023;Ginungagapus_fiedleri_kawahara2023;Ginungagapus_ranesus_kawahara2023;Lucida_lucia_kawahara2023;Panca_subpunctuli_kawahara2023	0		excluded_no_selected_descendants				8.203947	
N0935	Eutocus_sp._kawahara2023	1	N0934	8.203945	91.504601	1	Eutocus_sp._kawahara2023	0		excluded_no_selected_descendants				0.000002	
N0936	77.7/72	0	N0934	0.422464	83.723120	4	Ginungagapus_fiedleri_kawahara2023;Ginungagapus_ranesus_kawahara2023;Lucida_lucia_kawahara2023;Panca_subpunctuli_kawahara2023	0		excluded_no_selected_descendants				7.781483	
N0937	99.9/98	0	N0936	0.723957	84.447077	2	Ginungagapus_ranesus_kawahara2023;Lucida_lucia_kawahara2023	0		excluded_no_selected_descendants				7.057526	
N0938	Lucida_lucia_kawahara2023	1	N0937	7.057524	91.504601	1	Lucida_lucia_kawahara2023	0		excluded_no_selected_descendants				0.000002	
N0939	Ginungagapus_ranesus_kawahara2023	1	N0937	7.057524	91.504601	1	Ginungagapus_ranesus_kawahara2023	0		excluded_no_selected_descendants				0.000002	
N0940	100/99	0	N0936	0.740702	84.463822	2	Ginungagapus_fiedleri_kawahara2023;Panca_subpunctuli_kawahara2023	0		excluded_no_selected_descendants				7.040781	
N0941	Panca_subpunctuli_kawahara2023	1	N0940	7.040779	91.504601	1	Panca_subpunctuli_kawahara2023	0		excluded_no_selected_descendants				0.000002	
N0942	Ginungagapus_fiedleri_kawahara2023	1	N0940	7.040779	91.504601	1	Ginungagapus_fiedleri_kawahara2023	0		excluded_no_selected_descendants				0.000002	
N0943	100/100	0	N0903	2.295719	72.891901	24	Cantha_calva_kawahara2023;Cobalopsis_miaba_kawahara2023;Cymaenes_tripunctata_kawahara2023;Duroca_duroca_duroca_ncbi;Duroca_duroca_kawahara2023;Lerema_accius_kawahara2023;Lerema_lineosa_ncbi;Lerema_liris_ncbi;Lerodea_eufala_kawahara2023;Mnasilus_allubita_kawahara2023;Monca_branca_kawahara2023;Morys_compta_kawahara2023;Nastra_julia_kawahara2023;Nastra_julia_ncbi;Papias_subcostulata_kawahara2023;Parphorus_storax_s._kawahara2023;Saturnus_metonidia_kawahara2023;Troyus_aurelius_ncbi;Troyus_diversus_maeon_ncbi;Troyus_fantasos_ncbi;Troyus_marcus_ncbi;Vehilius_celeus_kawahara2023;Vettius_lafrenaye_kawahara2023;Vidius_catarinae_kawahara2023	0		excluded_no_selected_descendants				18.612702	
N0944	100/100	0	N0943	3.910546	76.802447	5	Cantha_calva_kawahara2023;Duroca_duroca_duroca_ncbi;Duroca_duroca_kawahara2023;Parphorus_storax_s._kawahara2023;Saturnus_metonidia_kawahara2023	0		excluded_no_selected_descendants				14.702156	
N0945	100/100	0	N0944	9.402280	86.204727	2	Duroca_duroca_duroca_ncbi;Duroca_duroca_kawahara2023	0		excluded_no_selected_descendants				5.299876	
N0946	Duroca_duroca_duroca_ncbi	1	N0945	5.299875	91.504602	1	Duroca_duroca_duroca_ncbi	0		excluded_no_selected_descendants				0.000001	
N0947	Duroca_duroca_kawahara2023	1	N0945	5.299875	91.504602	1	Duroca_duroca_kawahara2023	0		excluded_no_selected_descendants				0.000001	
N0948	100/100	0	N0944	2.146542	78.948989	3	Cantha_calva_kawahara2023;Parphorus_storax_s._kawahara2023;Saturnus_metonidia_kawahara2023	0		excluded_no_selected_descendants				12.555614	
N0949	Cantha_calva_kawahara2023	1	N0948	12.555613	91.504602	1	Cantha_calva_kawahara2023	0		excluded_no_selected_descendants				0.000001	
N0950	100/100	0	N0948	2.203942	81.152931	2	Parphorus_storax_s._kawahara2023;Saturnus_metonidia_kawahara2023	0		excluded_no_selected_descendants				10.351672	
N0951	Saturnus_metonidia_kawahara2023	1	N0950	10.351670	91.504601	1	Saturnus_metonidia_kawahara2023	0		excluded_no_selected_descendants				0.000002	
N0952	Parphorus_storax_s._kawahara2023	1	N0950	10.351670	91.504601	1	Parphorus_storax_s._kawahara2023	0		excluded_no_selected_descendants				0.000002	
N0953	100/100	0	N0943	4.063217	76.955118	19	Cobalopsis_miaba_kawahara2023;Cymaenes_tripunctata_kawahara2023;Lerema_accius_kawahara2023;Lerema_lineosa_ncbi;Lerema_liris_ncbi;Lerodea_eufala_kawahara2023;Mnasilus_allubita_kawahara2023;Monca_branca_kawahara2023;Morys_compta_kawahara2023;Nastra_julia_kawahara2023;Nastra_julia_ncbi;Papias_subcostulata_kawahara2023;Troyus_aurelius_ncbi;Troyus_diversus_maeon_ncbi;Troyus_fantasos_ncbi;Troyus_marcus_ncbi;Vehilius_celeus_kawahara2023;Vettius_lafrenaye_kawahara2023;Vidius_catarinae_kawahara2023	0		excluded_no_selected_descendants				14.549485	
N0954	100/100	0	N0953	0.655144	77.610262	6	Lerema_accius_kawahara2023;Lerema_lineosa_ncbi;Lerema_liris_ncbi;Mnasilus_allubita_kawahara2023;Morys_compta_kawahara2023;Papias_subcostulata_kawahara2023	0		excluded_no_selected_descendants				13.894341	
N0955	100/100	0	N0954	3.009404	80.619666	2	Mnasilus_allubita_kawahara2023;Papias_subcostulata_kawahara2023	0		excluded_no_selected_descendants				10.884937	
N0956	Papias_subcostulata_kawahara2023	1	N0955	10.884936	91.504602	1	Papias_subcostulata_kawahara2023	0		excluded_no_selected_descendants				0.000001	
N0957	Mnasilus_allubita_kawahara2023	1	N0955	10.884936	91.504602	1	Mnasilus_allubita_kawahara2023	0		excluded_no_selected_descendants				0.000001	
N0958	100/100	0	N0954	2.580053	80.190315	4	Lerema_accius_kawahara2023;Lerema_lineosa_ncbi;Lerema_liris_ncbi;Morys_compta_kawahara2023	0		excluded_no_selected_descendants				11.314288	
N0959	Morys_compta_kawahara2023	1	N0958	11.314287	91.504602	1	Morys_compta_kawahara2023	0		excluded_no_selected_descendants				0.000001	
N0960	100/100	0	N0958	1.744267	81.934582	3	Lerema_accius_kawahara2023;Lerema_lineosa_ncbi;Lerema_liris_ncbi	0		excluded_no_selected_descendants				9.570021	
N0961	Lerema_accius_kawahara2023	1	N0960	9.570021	91.504603	1	Lerema_accius_kawahara2023	0		excluded_no_selected_descendants				0.000000	
N0962	67/71	0	N0960	0.945256	82.879838	2	Lerema_lineosa_ncbi;Lerema_liris_ncbi	0		excluded_no_selected_descendants				8.624765	
N0963	Lerema_liris_ncbi	1	N0962	8.624765	91.504603	1	Lerema_liris_ncbi	0		excluded_no_selected_descendants				0.000000	
N0964	Lerema_lineosa_ncbi	1	N0962	8.624765	91.504603	1	Lerema_lineosa_ncbi	0		excluded_no_selected_descendants				0.000000	
N0965	100/100	0	N0953	0.918804	77.873922	13	Cobalopsis_miaba_kawahara2023;Cymaenes_tripunctata_kawahara2023;Lerodea_eufala_kawahara2023;Monca_branca_kawahara2023;Nastra_julia_kawahara2023;Nastra_julia_ncbi;Troyus_aurelius_ncbi;Troyus_diversus_maeon_ncbi;Troyus_fantasos_ncbi;Troyus_marcus_ncbi;Vehilius_celeus_kawahara2023;Vettius_lafrenaye_kawahara2023;Vidius_catarinae_kawahara2023	0		excluded_no_selected_descendants				13.630681	
N0966	100/100	0	N0965	9.173972	87.047894	2	Cymaenes_tripunctata_kawahara2023;Vidius_catarinae_kawahara2023	0		excluded_no_selected_descendants				4.456709	
N0967	Vidius_catarinae_kawahara2023	1	N0966	4.456707	91.504601	1	Vidius_catarinae_kawahara2023	0		excluded_no_selected_descendants				0.000002	
N0968	Cymaenes_tripunctata_kawahara2023	1	N0966	4.456707	91.504601	1	Cymaenes_tripunctata_kawahara2023	0		excluded_no_selected_descendants				0.000002	
N0969	63.4/73	0	N0965	0.263022	78.136944	11	Cobalopsis_miaba_kawahara2023;Lerodea_eufala_kawahara2023;Monca_branca_kawahara2023;Nastra_julia_kawahara2023;Nastra_julia_ncbi;Troyus_aurelius_ncbi;Troyus_diversus_maeon_ncbi;Troyus_fantasos_ncbi;Troyus_marcus_ncbi;Vehilius_celeus_kawahara2023;Vettius_lafrenaye_kawahara2023	0		excluded_no_selected_descendants				13.367659	
N0970	99.9/97	0	N0969	0.527325	78.664269	5	Cobalopsis_miaba_kawahara2023;Lerodea_eufala_kawahara2023;Nastra_julia_kawahara2023;Nastra_julia_ncbi;Vehilius_celeus_kawahara2023	0		excluded_no_selected_descendants				12.840334	
N0971	Cobalopsis_miaba_kawahara2023	1	N0970	12.840333	91.504602	1	Cobalopsis_miaba_kawahara2023	0		excluded_no_selected_descendants				0.000001	
N0972	100/100	0	N0970	0.813298	79.477567	4	Lerodea_eufala_kawahara2023;Nastra_julia_kawahara2023;Nastra_julia_ncbi;Vehilius_celeus_kawahara2023	0		excluded_no_selected_descendants				12.027036	
N0973	Lerodea_eufala_kawahara2023	1	N0972	12.027035	91.504602	1	Lerodea_eufala_kawahara2023	0		excluded_no_selected_descendants				0.000001	
N0974	100/100	0	N0972	3.913108	83.390675	3	Nastra_julia_kawahara2023;Nastra_julia_ncbi;Vehilius_celeus_kawahara2023	0		excluded_no_selected_descendants				8.113928	
N0975	Vehilius_celeus_kawahara2023	1	N0974	8.113927	91.504602	1	Vehilius_celeus_kawahara2023	0		excluded_no_selected_descendants				0.000001	
N0976	100/100	0	N0974	5.644977	89.035652	2	Nastra_julia_kawahara2023;Nastra_julia_ncbi	0		excluded_no_selected_descendants				2.468951	
N0977	Nastra_julia_kawahara2023	1	N0976	2.468949	91.504601	1	Nastra_julia_kawahara2023	0		excluded_no_selected_descendants				0.000002	
N0978	Nastra_julia_ncbi	1	N0976	2.468949	91.504601	1	Nastra_julia_ncbi	0		excluded_no_selected_descendants				0.000002	
N0979	100/100	0	N0969	1.376443	79.513387	6	Monca_branca_kawahara2023;Troyus_aurelius_ncbi;Troyus_diversus_maeon_ncbi;Troyus_fantasos_ncbi;Troyus_marcus_ncbi;Vettius_lafrenaye_kawahara2023	0		excluded_no_selected_descendants				11.991216	
N0980	Monca_branca_kawahara2023	1	N0979	11.991215	91.504602	1	Monca_branca_kawahara2023	0		excluded_no_selected_descendants				0.000001	
N0981	100/100	0	N0979	3.538152	83.051539	5	Troyus_aurelius_ncbi;Troyus_diversus_maeon_ncbi;Troyus_fantasos_ncbi;Troyus_marcus_ncbi;Vettius_lafrenaye_kawahara2023	0		excluded_no_selected_descendants				8.453064	
N0982	Troyus_fantasos_ncbi	1	N0981	8.453063	91.504602	1	Troyus_fantasos_ncbi	0		excluded_no_selected_descendants				0.000001	
N0983	99.1/99	0	N0981	0.849894	83.901433	4	Troyus_aurelius_ncbi;Troyus_diversus_maeon_ncbi;Troyus_marcus_ncbi;Vettius_lafrenaye_kawahara2023	0		excluded_no_selected_descendants				7.603170	
N0984	Troyus_diversus_maeon_ncbi	1	N0983	7.603169	91.504602	1	Troyus_diversus_maeon_ncbi	0		excluded_no_selected_descendants				0.000001	
N0985	100/100	0	N0983	1.961062	85.862495	3	Troyus_aurelius_ncbi;Troyus_marcus_ncbi;Vettius_lafrenaye_kawahara2023	0		excluded_no_selected_descendants				5.642108	
N0986	Troyus_aurelius_ncbi	1	N0985	5.642106	91.504601	1	Troyus_aurelius_ncbi	0		excluded_no_selected_descendants				0.000002	
N0987	100/100	0	N0985	1.407624	87.270119	2	Troyus_marcus_ncbi;Vettius_lafrenaye_kawahara2023	0		excluded_no_selected_descendants				4.234484	
N0988	Troyus_marcus_ncbi	1	N0987	4.234483	91.504602	1	Troyus_marcus_ncbi	0		excluded_no_selected_descendants				0.000001	
N0989	Vettius_lafrenaye_kawahara2023	1	N0987	4.234483	91.504602	1	Vettius_lafrenaye_kawahara2023	0		excluded_no_selected_descendants				0.000001	
