permutation	host_slot_1	host_slot_2	host_slot_3	host_slot_4	host_slot_5	host_slot_6	host_slot_7	host_slot_8	host_slot_9	host_slot_10	host_slot_11	host_slot_12	host_slot_13	host_slot_14	host_slot_15	host_slot_16	host_slot_17	host_slot_18	host_slot_19	host_slot_20	host_slot_21	host_slot_22	host_slot_23	host_slot_24	host_slot_25
1	24	18	13	16	9	10	15	2	6	21	11	1	12	8	22	5	25	20	23	3	19	14	7	4	17
2	3	16	24	7	4	21	17	1	8	20	18	5	13	2	9	10	22	14	15	23	12	6	19	11	25
3	12	11	6	13	2	25	23	17	3	1	24	4	22	8	21	14	16	10	5	18	7	19	9	15	20
4	14	17	18	25	13	20	23	2	19	9	10	24	5	21	6	22	16	8	7	3	1	4	12	11	15
5	24	12	15	20	13	8	18	21	16	7	2	10	11	14	23	17	4	25	5	22	6	1	9	19	3
6	18	24	19	6	4	25	17	14	10	23	20	15	8	9	16	11	21	1	22	13	5	3	7	2	12
7	15	3	17	7	22	18	23	8	10	21	4	20	6	13	16	14	11	12	9	5	24	25	1	2	19
8	3	5	12	6	22	10	13	7	23	11	9	4	2	19	8	18	1	25	16	14	17	15	21	20	24
9	22	7	16	15	5	3	19	17	18	4	21	24	14	11	1	13	10	9	25	8	20	12	23	6	2
10	15	19	11	2	25	17	13	4	23	6	20	21	18	10	16	24	5	8	1	3	22	14	12	7	9
11	23	5	10	19	6	13	4	1	15	17	18	11	20	12	2	9	14	8	7	21	22	25	3	16	24
12	24	17	3	14	4	2	1	13	21	16	25	12	20	15	6	22	19	23	11	18	5	9	10	7	8
13	5	21	6	24	18	16	22	14	4	11	13	15	12	25	7	3	1	17	10	19	8	20	2	9	23
14	10	22	13	16	11	23	19	1	7	5	18	9	8	12	3	6	24	17	14	20	21	25	4	15	2
15	22	21	1	17	24	12	7	4	16	10	5	19	14	18	3	23	25	2	13	8	9	20	11	6	15
16	21	18	19	8	20	2	6	10	23	14	5	1	15	7	16	3	13	11	25	17	4	24	9	22	12
17	15	25	10	17	16	12	23	8	21	6	1	11	18	3	20	19	4	7	9	14	22	2	24	13	5
18	2	13	18	14	15	16	12	21	23	3	1	4	25	19	20	8	11	6	9	5	7	24	17	10	22
19	9	8	23	18	7	12	15	19	16	24	13	20	14	4	17	1	11	22	5	21	6	10	3	25	2
20	14	13	15	4	2	16	6	12	24	3	19	10	21	7	23	18	9	25	11	1	5	8	17	22	20
21	15	11	19	25	16	21	9	3	1	13	20	5	23	10	8	12	22	14	6	2	17	7	18	24	4
22	4	2	1	8	20	15	5	24	13	25	23	11	10	16	6	19	21	9	7	12	17	22	3	14	18
23	6	1	4	24	13	21	22	16	2	10	11	20	5	14	7	8	18	15	17	19	12	23	25	3	9
24	13	18	12	24	25	14	16	1	2	20	10	6	4	19	9	7	11	15	23	17	21	22	3	8	5
25	9	23	24	19	14	20	17	15	10	1	18	13	25	16	11	8	22	4	12	3	6	5	21	2	7
26	20	12	4	10	22	25	16	2	23	11	3	18	5	7	9	13	19	14	8	24	15	6	17	21	1
27	10	12	24	25	11	23	2	9	5	15	18	6	7	16	4	22	3	17	8	1	19	21	13	20	14
28	22	20	15	12	13	10	9	21	19	7	25	16	23	5	3	11	2	18	8	24	6	14	4	1	17
29	6	5	9	12	13	24	17	7	23	19	16	15	22	14	8	10	3	20	4	25	2	1	21	11	18
30	22	20	12	16	25	24	11	4	7	10	17	23	18	15	3	21	14	19	8	9	5	13	2	1	6
31	21	9	13	4	24	17	8	7	16	18	2	25	6	23	5	22	19	10	15	12	14	20	11	1	3
32	19	12	1	7	20	25	6	21	24	4	15	2	3	17	11	5	16	18	14	22	8	23	10	13	9
33	10	14	22	2	21	17	19	4	9	8	3	16	11	25	12	23	7	15	13	6	1	20	18	5	24
34	4	1	16	13	21	22	7	8	20	12	10	19	14	17	18	3	24	2	9	11	6	5	25	23	15
35	14	19	9	20	18	16	1	11	15	5	10	13	25	22	7	23	4	21	2	3	17	8	12	24	6
36	21	22	24	25	2	9	8	1	4	14	3	18	13	7	12	5	17	16	11	19	23	6	20	10	15
37	3	16	15	19	10	5	24	2	23	17	11	4	7	14	20	13	12	1	6	21	8	18	22	25	9
38	1	18	4	22	16	8	6	17	12	2	19	13	5	20	15	21	23	14	10	24	9	11	25	7	3
39	5	12	3	14	16	13	15	1	7	6	10	21	17	23	8	2	4	18	25	11	24	20	19	22	9
40	16	18	14	7	1	2	17	21	10	15	12	6	24	20	23	25	13	4	19	9	3	22	11	5	8
41	16	11	13	20	23	18	22	5	14	21	10	25	8	3	1	12	4	2	15	7	9	17	6	24	19
42	11	10	25	7	13	5	21	24	2	19	8	3	9	16	18	20	23	12	15	22	1	6	4	14	17
43	7	20	6	22	17	1	25	11	8	4	15	24	5	23	19	18	2	14	13	3	12	16	10	9	21
44	15	25	14	11	20	18	17	9	8	24	2	6	23	13	21	3	4	16	5	1	12	19	10	22	7
45	5	20	12	4	9	25	17	19	8	18	10	16	6	11	24	14	7	2	23	3	21	15	22	1	13
46	21	19	25	18	3	12	24	15	14	22	20	8	6	5	17	4	11	10	2	7	23	1	9	16	13
47	11	21	1	19	13	15	8	18	25	14	6	20	12	17	9	3	5	16	10	24	7	2	23	22	4
48	17	23	5	15	14	1	6	2	10	12	22	9	8	3	19	21	20	16	7	24	25	13	4	18	11
49	11	14	7	9	24	1	5	20	3	25	8	2	18	15	16	6	23	10	4	12	22	17	19	13	21
50	17	1	3	15	6	20	2	11	12	10	16	13	25	23	22	24	14	9	4	19	8	5	7	18	21
51	2	25	16	6	19	24	11	1	13	12	23	4	3	18	22	10	9	20	8	14	5	17	7	15	21
52	15	1	10	6	22	18	19	23	20	14	13	9	16	4	21	3	17	5	24	11	7	12	8	25	2
53	21	3	15	6	4	23	1	25	12	24	9	13	7	18	11	10	20	22	8	17	14	16	2	19	5
54	1	5	2	14	21	6	10	25	17	23	22	4	15	20	18	24	9	16	8	19	3	7	12	11	13
55	16	4	7	13	10	24	1	5	15	23	12	2	25	17	3	18	6	19	20	8	21	9	14	11	22
56	25	18	19	10	6	9	1	5	23	2	16	17	24	22	14	21	20	13	4	7	12	8	11	3	15
57	4	3	16	7	11	21	18	22	17	10	1	15	20	24	2	23	9	25	5	13	14	6	12	8	19
58	16	13	7	1	25	24	17	22	19	23	15	9	5	21	14	4	12	3	8	11	10	6	20	18	2
59	5	23	4	16	18	14	15	1	9	3	2	25	21	17	13	20	7	12	22	6	19	24	11	10	8
60	24	15	20	5	25	23	1	6	4	10	2	14	22	3	19	11	21	13	18	16	7	9	17	12	8
61	1	18	2	21	13	22	8	16	12	4	19	24	14	6	5	7	3	20	10	17	25	23	9	15	11
62	9	6	14	24	23	11	2	7	22	16	10	1	3	5	19	4	21	13	15	18	20	25	17	12	8
63	10	3	1	5	23	22	11	19	15	8	18	6	7	12	13	16	14	2	9	4	20	24	25	21	17
64	10	24	17	19	12	13	15	9	16	25	4	5	7	2	21	6	23	1	8	22	14	18	20	3	11
65	7	12	3	2	6	22	5	8	16	15	4	1	13	10	24	11	14	18	19	25	17	20	23	21	9
66	2	23	8	14	7	20	9	4	12	11	22	15	10	3	17	16	13	6	18	19	1	25	24	5	21
67	7	3	15	16	21	22	19	6	24	8	2	14	25	11	5	23	13	12	1	20	10	4	9	18	17
68	5	17	12	7	19	20	10	14	4	13	22	9	21	15	6	11	1	8	18	25	2	24	23	3	16
69	3	20	22	8	17	13	6	14	9	1	23	12	19	10	16	11	7	4	24	18	5	21	25	2	15
70	22	21	15	7	25	8	18	23	9	11	13	14	19	6	1	16	2	12	20	10	3	4	5	17	24
71	22	25	3	24	12	9	13	8	11	14	17	5	18	23	20	19	21	4	10	2	15	6	7	1	16
72	14	8	17	6	1	23	21	5	19	2	22	12	16	10	18	9	25	20	3	7	24	11	13	4	15
73	11	12	4	16	3	2	22	17	1	18	19	14	15	21	9	25	20	6	23	13	7	24	5	10	8
74	2	20	22	6	8	1	19	16	21	23	14	11	10	24	25	3	12	7	9	4	17	5	18	15	13
75	13	25	15	19	4	20	9	11	24	7	6	3	5	8	14	21	12	17	10	2	22	23	18	16	1
76	12	6	11	10	20	9	2	3	23	18	4	14	15	8	22	1	25	7	17	19	24	16	5	21	13
77	6	20	2	9	5	16	3	18	15	14	22	8	4	17	21	11	1	19	13	12	7	23	25	10	24
78	7	11	18	20	12	22	8	10	23	6	3	4	1	24	15	25	21	13	9	16	17	2	14	5	19
79	24	8	16	13	7	4	11	6	20	2	22	19	17	23	21	15	18	9	1	3	14	10	5	12	25
80	18	14	3	8	22	12	15	21	10	4	11	20	6	17	7	16	5	24	1	13	23	19	25	9	2
81	8	1	10	23	9	12	5	11	14	25	15	24	20	17	22	6	3	7	2	16	19	13	21	4	18
82	4	7	14	8	6	5	19	2	9	25	15	20	1	21	13	24	23	17	22	10	18	3	11	16	12
83	16	25	15	8	22	6	19	21	9	10	2	4	3	18	12	11	23	14	5	13	1	17	7	24	20
84	20	7	24	22	23	25	5	15	13	1	21	4	17	14	3	12	2	8	11	16	18	10	6	19	9
85	14	5	22	4	23	15	25	24	6	9	3	8	13	10	2	12	7	21	1	11	19	16	17	18	20
86	4	6	13	17	14	21	11	2	9	8	7	24	16	12	19	1	5	23	3	22	18	20	25	10	15
87	12	3	15	1	14	23	24	11	13	5	2	8	6	21	19	4	22	16	18	9	10	20	25	17	7
88	18	4	6	23	21	16	1	19	24	14	11	10	9	20	12	13	22	3	5	7	15	2	8	25	17
89	12	3	23	2	8	22	1	13	4	9	15	11	10	20	7	18	17	24	16	6	25	19	5	21	14
90	1	21	24	16	11	7	17	13	10	3	25	22	14	5	4	20	2	18	8	9	19	12	15	23	6
91	14	12	23	3	20	17	1	22	11	24	7	9	5	13	8	18	16	15	4	25	6	2	21	10	19
92	15	3	22	9	12	10	17	6	14	13	8	5	25	19	1	16	18	11	20	24	4	21	7	2	23
93	3	25	18	17	1	11	20	24	8	13	4	15	16	10	19	12	5	23	7	14	21	6	2	9	22
94	13	7	6	1	15	19	9	8	2	12	20	24	10	14	5	21	16	22	23	11	3	25	18	4	17
95	2	22	13	8	18	3	16	4	9	17	19	15	6	11	25	5	24	21	20	10	23	7	12	1	14
96	10	1	8	18	22	5	7	14	21	11	12	25	19	16	3	9	6	2	20	24	4	17	15	13	23
97	7	19	8	21	10	13	2	15	23	4	5	24	16	25	9	14	11	12	3	6	18	22	1	17	20
98	21	25	4	12	20	23	15	6	9	17	1	19	18	11	22	5	16	10	24	13	7	3	14	2	8
99	3	11	1	9	2	15	16	5	19	7	24	4	14	22	23	25	6	20	10	21	12	18	13	17	8
100	18	8	13	7	20	11	10	19	12	16	24	2	25	23	21	5	17	14	9	3	1	22	15	6	4
101	9	5	21	11	4	17	12	3	18	2	23	6	13	22	25	24	8	1	10	14	19	15	7	16	20
102	19	14	6	20	17	13	7	11	25	22	21	3	18	12	23	10	8	1	4	5	16	24	2	9	15
103	8	22	13	16	1	23	18	19	9	11	12	10	6	21	24	25	2	5	17	4	14	3	20	15	7
104	15	13	22	21	11	10	18	23	1	25	7	5	8	3	24	19	20	17	14	16	2	4	6	9	12
105	25	23	22	9	10	19	20	24	3	12	21	16	13	17	15	1	11	4	2	6	5	18	8	7	14
106	2	18	16	19	3	11	12	1	4	20	17	7	25	22	8	24	10	15	23	21	14	5	6	13	9
107	25	13	15	18	9	17	24	10	11	6	5	21	7	12	8	23	14	19	2	22	3	16	1	20	4
108	24	1	6	18	15	13	14	11	23	8	3	17	2	9	25	10	16	19	22	5	12	7	20	21	4
109	7	22	17	13	24	11	10	25	16	9	8	14	1	12	2	23	4	3	21	20	5	18	15	6	19
110	19	22	15	24	7	14	16	13	2	10	20	25	23	17	6	1	21	3	12	9	4	11	18	5	8
111	5	1	21	23	11	14	17	25	9	22	8	18	7	12	13	3	15	4	10	6	19	20	24	2	16
112	22	4	5	17	14	24	6	10	12	3	19	1	23	13	20	11	7	15	25	18	21	2	16	8	9
113	13	8	7	20	10	19	23	12	14	16	18	1	24	4	5	22	3	11	9	6	17	25	2	21	15
114	14	13	1	22	21	3	2	19	10	7	20	16	15	25	4	6	11	18	17	5	12	24	9	23	8
115	21	20	18	2	10	13	23	7	5	22	15	14	11	25	9	1	12	8	3	24	16	19	4	17	6
116	17	18	25	4	6	24	14	9	2	3	20	10	7	13	22	23	8	16	5	1	19	15	11	21	12
117	1	18	14	13	15	20	6	9	8	11	12	16	17	23	7	22	24	3	19	5	4	10	21	2	25
118	4	2	23	22	5	9	3	21	6	15	18	24	16	19	13	1	17	14	12	7	20	11	10	8	25
119	8	15	2	24	18	6	3	1	13	19	4	16	23	22	9	17	14	11	25	21	10	5	20	12	7
120	11	22	8	7	25	24	3	13	14	21	9	12	5	18	16	1	20	4	10	6	2	15	23	19	17
121	16	18	14	22	3	7	17	5	21	4	8	10	19	1	20	2	11	9	23	6	13	24	25	15	12
122	3	16	19	17	14	8	10	21	24	13	25	1	18	20	7	4	6	22	2	11	15	23	5	12	9
123	3	14	17	11	21	2	24	20	15	7	10	19	16	8	4	25	18	9	12	1	22	23	5	13	6
124	3	2	23	14	11	18	25	19	20	7	10	13	16	8	6	15	5	12	9	21	22	1	17	4	24
125	20	24	14	5	8	2	7	25	4	3	15	21	12	13	1	11	16	17	23	6	9	10	18	22	19
126	19	17	20	14	6	1	8	5	21	11	10	25	3	7	24	12	2	15	23	22	16	9	18	4	13
127	9	20	8	23	11	5	24	6	13	21	1	4	15	2	17	22	14	3	10	7	12	25	18	19	16
128	5	1	8	25	14	17	12	24	2	15	18	11	9	21	23	6	22	13	10	19	7	20	3	4	16
129	20	5	10	17	3	11	9	12	21	23	18	22	16	2	8	4	1	6	13	15	14	24	7	19	25
130	18	25	4	2	21	22	14	20	11	7	13	5	8	3	1	16	10	12	9	24	19	6	15	17	23
131	5	20	22	23	12	14	11	6	25	24	7	1	15	9	19	16	18	4	21	8	10	13	17	3	2
132	2	14	1	6	24	13	8	4	19	7	16	12	23	20	21	11	9	15	5	17	18	10	22	25	3
133	11	8	18	25	16	19	9	1	20	5	23	13	21	24	6	4	7	22	15	14	3	17	12	2	10
134	23	10	11	9	4	15	12	20	8	2	22	13	19	25	16	17	6	1	7	18	21	5	3	14	24
135	19	22	12	4	11	16	23	17	20	14	24	10	2	1	7	18	21	3	8	5	6	15	9	25	13
136	25	18	23	14	11	7	16	21	8	20	19	17	10	1	15	5	2	3	22	6	12	9	24	4	13
137	11	13	6	23	15	10	16	4	18	24	12	19	5	21	25	8	17	22	9	20	1	3	7	2	14
138	21	6	17	14	9	24	16	3	22	5	23	25	20	12	4	13	15	7	18	1	8	11	10	19	2
139	25	4	22	2	9	18	20	13	17	15	6	11	3	19	10	12	1	21	16	7	14	5	23	8	24
140	2	7	14	21	19	8	25	13	22	18	12	10	24	23	11	3	17	15	16	6	1	9	5	4	20
141	17	3	15	20	24	25	16	12	4	9	18	7	22	5	19	21	6	11	10	2	8	23	13	14	1
142	20	16	13	12	10	11	21	7	19	17	24	22	8	5	6	15	14	9	3	4	25	23	18	2	1
143	3	6	20	14	11	19	15	13	12	2	21	24	16	17	1	5	10	9	18	25	23	8	22	4	7
144	20	14	13	11	4	15	8	19	9	3	23	25	24	7	22	17	18	16	6	2	10	5	12	1	21
145	7	19	20	9	13	22	4	14	15	23	17	24	12	8	6	18	16	1	25	5	21	2	10	3	11
146	3	13	19	4	2	23	14	10	12	24	25	15	20	18	11	8	16	7	21	5	22	9	1	17	6
147	24	5	23	19	12	3	2	11	10	17	6	15	4	21	1	18	8	20	7	13	14	16	22	9	25
148	14	8	13	22	12	3	16	4	18	1	21	17	25	19	7	6	9	24	10	5	20	23	11	15	2
149	23	20	4	16	17	3	9	12	21	8	2	10	13	19	15	11	14	22	5	18	24	1	6	25	7
150	22	24	2	25	13	5	4	9	3	1	17	18	14	21	12	20	10	8	11	7	15	23	16	6	19
151	22	16	8	3	20	6	23	17	2	11	13	15	9	19	10	4	14	5	24	7	18	1	25	21	12
152	10	11	22	9	24	25	5	2	4	16	14	8	18	15	6	17	13	1	21	20	3	23	7	12	19
153	12	4	1	11	10	19	5	13	17	16	18	23	15	21	6	7	8	24	3	14	20	25	2	22	9
154	8	13	17	3	20	9	16	1	4	21	22	5	18	2	24	10	7	15	12	25	11	19	14	23	6
155	4	8	11	16	14	17	18	20	15	1	7	25	10	19	2	5	9	24	6	3	23	13	21	12	22
156	3	21	2	12	1	6	7	20	19	5	8	15	17	11	18	13	10	24	22	9	16	23	4	14	25
157	19	11	3	5	18	12	2	21	15	1	25	22	14	10	4	17	16	24	8	13	20	23	6	7	9
158	22	11	20	3	21	7	14	4	25	17	8	16	9	12	10	18	6	23	19	15	1	5	2	13	24
159	17	25	19	22	13	4	12	7	20	24	10	9	18	16	2	21	14	1	11	23	6	5	8	3	15
160	14	12	25	13	18	19	21	5	22	9	3	2	10	23	8	6	1	17	15	4	11	24	7	16	20
161	11	16	18	22	25	14	21	7	6	23	20	5	17	1	24	13	19	3	4	12	10	8	15	9	2
162	4	16	5	22	11	12	10	7	25	2	13	8	21	20	17	1	15	19	3	24	9	14	18	6	23
163	4	17	3	15	25	22	24	11	2	1	18	6	20	21	19	23	14	7	13	12	8	9	10	5	16
164	4	1	9	19	23	11	16	24	14	20	21	7	17	25	22	15	18	13	10	5	6	8	2	3	12
165	17	12	3	1	18	8	2	7	16	19	23	21	10	20	14	4	5	13	25	6	24	9	15	22	11
166	8	6	21	23	17	2	12	5	10	1	4	22	18	14	20	15	25	16	13	7	11	19	24	9	3
167	12	2	23	19	14	16	3	22	15	7	11	17	18	6	21	9	20	8	10	4	24	5	1	25	13
168	17	21	20	3	2	1	15	23	11	12	24	8	25	4	10	13	18	19	5	22	6	7	16	9	14
169	21	10	5	8	23	24	2	12	6	7	4	22	16	9	17	19	1	3	18	25	14	11	20	13	15
170	15	5	3	8	2	22	13	4	1	7	12	24	19	23	21	10	11	9	18	17	14	16	25	20	6
171	5	14	21	2	10	3	12	8	7	17	15	19	16	11	23	4	1	18	13	25	22	20	9	6	24
172	8	15	18	11	17	1	9	13	10	5	24	14	20	4	16	25	21	12	22	7	3	2	6	23	19
173	22	6	17	13	3	8	4	24	18	23	11	21	16	19	9	12	2	14	7	25	1	20	15	10	5
174	2	11	9	4	22	16	12	24	7	20	25	10	1	19	15	23	18	3	5	21	8	13	6	17	14
175	21	2	7	10	3	15	19	24	1	25	14	9	6	5	17	13	12	23	11	8	20	22	18	4	16
176	14	10	22	15	21	8	4	13	19	17	7	23	3	12	6	20	11	2	25	18	24	1	9	5	16
177	5	8	10	4	23	22	13	6	21	11	19	15	3	1	20	14	9	7	25	18	24	17	12	2	16
178	10	4	15	8	20	18	23	16	1	6	5	13	14	7	19	2	21	3	22	17	24	11	9	12	25
179	4	7	16	3	17	10	6	5	8	13	20	14	22	18	21	2	9	25	23	11	24	12	15	19	1
180	1	15	25	5	8	6	13	14	3	18	11	19	20	12	4	21	24	23	10	17	2	9	7	22	16
181	5	4	16	23	19	2	15	14	3	9	11	1	8	20	18	13	17	21	12	6	24	7	22	10	25
182	22	18	3	21	2	20	11	5	9	14	13	7	1	10	15	24	23	16	12	6	8	25	4	17	19
183	18	25	2	5	19	20	1	11	9	23	16	24	15	8	3	17	6	13	7	14	21	12	4	22	10
184	16	7	22	19	12	5	13	8	11	9	3	2	15	21	23	17	14	6	18	10	24	1	4	20	25
185	5	21	20	12	3	2	14	24	13	9	11	23	6	15	7	16	19	18	1	25	17	22	10	4	8
186	24	15	6	22	19	4	10	7	18	14	23	21	12	17	9	2	25	8	16	3	20	1	13	5	11
187	9	3	4	22	14	11	18	15	25	24	20	7	2	12	13	19	8	21	17	23	1	6	16	5	10
188	14	13	4	23	1	5	24	2	9	21	6	7	19	16	25	11	10	12	20	15	18	8	3	17	22
189	12	15	13	20	18	22	7	8	3	23	10	5	11	4	9	17	2	14	6	24	25	1	19	21	16
190	9	12	15	25	7	3	14	13	19	6	17	11	22	24	21	18	5	16	4	2	8	20	23	10	1
191	11	7	17	8	22	20	2	16	6	3	5	21	1	24	9	23	25	14	15	18	4	12	19	10	13
192	9	17	2	12	23	1	14	18	8	6	22	15	11	21	20	19	4	5	16	7	3	13	24	10	25
193	7	22	16	6	24	8	25	20	2	9	19	14	3	21	23	1	13	4	11	5	17	12	10	15	18
194	13	14	22	25	8	7	11	12	2	5	21	20	3	16	19	4	1	17	9	6	24	15	10	18	23
195	24	22	3	9	21	13	14	19	6	15	23	20	16	12	5	8	11	7	1	17	4	25	2	10	18
196	12	25	13	1	9	24	17	11	14	18	2	20	6	16	3	4	8	5	21	23	19	15	10	22	7
197	23	13	7	25	16	19	6	10	17	4	3	2	22	21	14	8	24	15	5	11	18	12	20	1	9
198	16	8	1	9	3	2	10	13	19	25	7	11	24	21	22	12	18	20	4	15	17	23	5	14	6
199	10	7	21	16	11	18	13	4	9	8	24	20	1	19	6	17	12	2	14	22	5	25	3	15	23
200	5	7	15	21	25	23	22	12	20	11	1	6	9	4	14	10	8	19	16	13	17	18	3	24	2
201	18	9	21	15	4	22	2	20	19	3	23	24	6	16	25	8	12	10	5	7	14	11	1	13	17
202	18	1	22	23	7	15	25	5	13	6	24	2	20	21	10	14	11	12	8	17	3	4	19	9	16
203	24	22	19	13	5	8	25	9	17	11	18	4	12	3	10	6	20	23	16	2	14	7	1	21	15
204	15	7	4	12	6	22	14	16	20	9	8	3	23	1	18	21	2	25	11	5	24	10	19	17	13
205	3	20	13	23	7	18	17	21	25	22	12	15	14	5	24	11	6	10	2	8	9	4	16	19	1
206	14	20	24	8	6	25	3	18	5	12	4	22	9	10	19	2	17	13	23	1	11	21	7	16	15
207	13	1	23	10	2	18	20	9	24	14	7	21	4	17	15	5	3	22	11	8	12	25	16	19	6
208	3	14	15	2	6	11	13	20	18	9	23	24	19	1	21	7	25	8	4	10	16	22	5	12	17
209	20	15	6	23	19	3	9	7	10	11	8	25	18	14	1	13	17	2	24	22	4	5	21	16	12
210	19	9	14	4	25	7	22	16	10	12	8	18	5	13	15	3	24	1	20	6	21	2	11	17	23
211	19	21	7	11	20	5	22	25	16	18	15	6	9	23	8	2	17	24	10	14	1	13	12	4	3
212	23	4	9	15	17	12	25	5	11	1	7	10	24	18	2	22	16	6	13	20	21	3	19	8	14
213	15	2	6	3	8	5	12	1	14	11	23	7	17	16	20	10	18	4	24	9	13	19	22	25	21
214	2	5	8	9	3	18	14	7	15	13	19	17	25	4	1	23	6	21	11	12	24	22	16	10	20
215	11	9	20	18	19	1	5	6	22	7	2	8	21	16	25	24	17	4	10	13	14	15	23	3	12
216	19	4	2	25	3	16	21	8	14	6	5	23	15	7	11	22	10	9	1	17	18	24	20	12	13
217	24	4	25	1	23	3	14	7	18	12	16	8	20	21	15	19	22	6	17	13	9	10	5	2	11
218	16	17	11	24	3	20	14	10	21	9	15	2	23	22	6	5	13	1	8	12	4	25	19	18	7
219	7	12	4	16	19	3	23	24	22	18	2	14	9	13	10	8	6	17	5	15	11	1	25	21	20
220	19	14	2	1	18	10	6	4	16	22	21	12	17	20	24	5	25	23	3	11	13	8	9	15	7
221	22	17	24	14	2	8	20	5	19	7	9	4	1	23	3	16	12	10	25	15	21	11	18	13	6
222	8	23	25	12	5	3	9	21	6	17	1	10	11	16	7	18	14	19	2	22	24	15	20	13	4
223	19	25	11	5	6	20	10	9	14	2	16	3	4	21	23	8	1	17	15	12	24	7	22	13	18
224	16	11	18	4	19	22	10	7	6	2	14	13	12	21	25	5	15	17	1	8	9	24	3	20	23
225	4	13	3	19	11	23	20	21	12	22	10	6	8	15	7	2	25	1	5	24	18	16	17	14	9
226	1	19	16	25	14	11	2	8	24	5	15	23	21	18	4	7	9	20	17	6	13	22	3	10	12
227	22	25	14	24	11	12	8	16	1	4	19	5	23	6	7	10	18	3	2	13	17	20	9	21	15
228	24	2	4	11	8	6	18	14	15	12	5	16	10	3	21	9	19	22	1	20	23	17	13	7	25
229	22	21	2	12	25	13	1	11	5	19	23	15	3	7	8	18	17	6	10	24	14	4	20	16	9
230	14	13	8	17	11	16	22	19	10	6	4	15	23	5	1	18	9	24	2	12	3	21	7	20	25
231	20	23	17	4	5	8	18	16	7	22	12	24	10	2	14	11	21	1	25	13	3	9	19	15	6
232	24	17	5	20	8	10	19	21	23	22	1	18	16	6	13	3	25	15	11	14	12	9	2	7	4
233	14	10	9	22	21	11	15	17	7	3	1	16	12	20	4	13	25	6	18	2	8	5	23	24	19
234	10	13	9	25	7	12	21	23	17	8	15	19	11	1	18	6	14	2	22	5	24	4	20	3	16
235	14	9	2	10	21	3	7	4	11	13	12	23	18	22	16	19	8	15	25	24	6	20	5	1	17
236	14	20	17	7	16	10	21	3	13	2	4	8	22	1	25	11	5	19	9	23	24	18	12	15	6
237	9	12	3	23	21	20	15	11	24	8	19	16	18	7	2	14	13	10	25	4	17	1	5	22	6
238	23	20	25	22	9	1	4	18	14	2	3	17	6	12	8	16	10	21	11	24	5	13	15	19	7
239	7	12	23	15	17	13	14	22	4	19	11	16	5	10	1	9	2	3	24	8	6	21	18	25	20
240	2	14	25	6	13	19	22	24	15	3	21	12	18	20	5	7	9	10	1	8	16	23	4	11	17
241	10	5	11	12	1	19	4	13	20	14	3	15	7	18	25	8	9	21	24	6	23	16	22	17	2
242	15	9	1	10	22	12	18	7	13	19	5	4	23	16	14	20	21	24	6	3	8	17	2	11	25
243	8	9	20	12	25	24	19	21	16	14	18	15	1	3	13	23	7	11	4	5	6	10	22	17	2
244	16	8	22	20	14	10	4	21	19	18	7	6	1	17	11	12	15	2	9	3	23	24	25	13	5
245	11	2	17	15	16	18	24	25	23	4	13	10	9	22	14	3	20	21	19	8	7	1	12	5	6
246	19	14	6	5	10	23	3	8	11	12	17	1	24	22	13	9	21	15	4	18	25	20	2	7	16
247	17	8	1	19	23	24	16	10	7	25	21	20	5	12	9	2	4	13	6	22	15	3	18	11	14
248	16	25	6	13	18	1	7	14	9	22	11	8	4	2	20	3	21	19	10	15	17	24	23	12	5
249	4	2	1	16	12	6	22	8	18	20	10	5	14	9	15	13	7	3	17	19	24	11	25	23	21
250	21	20	10	3	19	23	14	1	6	15	13	22	2	4	17	8	18	25	9	12	7	5	16	11	24
251	4	5	7	15	22	20	10	24	14	18	6	13	3	25	2	8	12	19	1	16	9	21	17	11	23
252	17	4	16	1	3	24	13	18	9	12	23	6	10	21	15	20	5	7	14	2	11	25	22	19	8
253	2	18	23	12	13	21	8	1	3	10	20	4	11	6	25	24	15	9	16	7	17	22	19	5	14
254	18	10	21	9	13	16	8	11	2	7	24	19	14	12	25	3	15	6	5	23	4	22	17	1	20
255	18	4	10	21	20	11	2	8	6	15	9	13	23	1	24	17	7	25	12	22	19	3	14	5	16
256	11	7	5	9	4	16	3	25	13	10	14	1	20	19	15	18	2	12	8	24	22	6	17	23	21
257	6	23	10	15	11	13	12	1	9	8	17	18	19	5	2	16	4	3	25	24	20	14	21	22	7
258	10	23	14	5	17	11	15	18	24	12	13	16	1	20	22	3	2	7	9	4	25	21	19	8	6
259	3	2	23	4	15	13	9	19	11	5	17	22	12	7	16	18	21	10	1	6	14	8	20	25	24
260	17	23	2	21	19	16	18	24	6	14	9	15	10	25	7	4	5	11	20	12	3	1	8	13	22
261	23	19	4	16	5	25	21	2	22	18	24	14	9	3	6	8	10	13	7	17	11	12	15	20	1
262	15	11	7	16	24	9	6	8	22	3	18	25	21	4	14	13	5	10	19	2	17	1	20	12	23
263	20	3	5	6	16	11	2	12	21	23	4	15	19	10	7	8	13	9	1	24	17	22	14	18	25
264	9	10	24	4	20	15	12	1	5	6	7	17	22	18	13	16	11	2	23	8	21	25	19	3	14
265	18	20	8	19	9	22	3	2	6	17	14	4	11	25	7	12	23	24	21	1	15	16	13	10	5
266	17	13	21	9	15	2	18	22	19	6	20	8	11	24	3	7	5	12	25	10	14	4	16	23	1
267	2	8	17	21	16	9	12	6	1	3	20	4	7	10	13	22	23	5	24	15	14	25	18	11	19
268	18	15	3	10	11	25	20	17	9	22	8	23	21	7	12	1	13	5	14	19	4	24	2	16	6
269	21	13	9	2	5	25	22	23	3	10	11	6	4	20	24	17	18	1	12	7	15	8	19	16	14
270	16	25	14	5	20	24	15	8	4	10	17	21	7	18	12	22	6	23	13	11	19	9	3	1	2
271	18	6	9	8	21	2	19	14	15	7	11	20	25	1	13	5	12	3	22	10	16	4	24	17	23
272	14	1	11	22	3	2	12	24	15	19	18	5	7	17	6	9	8	21	23	4	13	25	16	20	10
273	22	21	10	19	5	9	2	20	14	1	6	25	11	3	24	12	16	23	18	17	7	13	15	8	4
274	13	21	8	19	25	1	9	17	2	6	11	22	3	14	18	12	5	20	4	15	7	23	24	16	10
275	23	20	19	13	12	22	10	14	6	7	25	9	11	8	5	3	2	24	18	15	17	4	1	16	21
276	15	18	23	25	7	19	10	16	24	2	14	6	13	9	17	11	21	1	5	12	4	22	3	8	20
277	10	23	3	6	18	4	17	2	16	21	8	25	14	12	11	22	1	15	5	19	24	13	20	9	7
278	9	8	2	15	17	1	18	23	7	10	6	24	25	22	11	4	20	5	3	16	21	14	13	19	12
279	8	20	18	24	1	9	19	15	17	12	14	2	5	16	3	11	23	4	25	21	22	13	6	7	10
280	3	16	14	24	22	21	5	25	4	18	13	11	19	12	1	9	23	17	15	6	20	8	7	10	2
281	25	3	9	4	23	2	7	10	11	13	19	18	16	22	17	24	14	6	15	8	1	21	5	12	20
282	19	23	24	6	25	9	1	10	21	22	8	4	18	20	5	13	17	11	7	15	14	12	2	16	3
283	7	14	2	8	18	17	23	9	24	19	6	22	5	1	12	25	3	16	4	13	10	21	15	20	11
284	5	7	8	19	11	1	13	3	6	17	2	18	10	24	16	25	9	21	22	20	14	23	4	15	12
285	4	5	23	18	14	13	21	2	19	3	16	24	7	8	10	20	12	1	17	6	25	22	11	9	15
286	14	1	24	13	4	17	2	25	5	21	20	10	6	12	7	3	15	11	22	16	19	18	9	8	23
287	3	21	20	10	4	7	13	19	18	24	8	9	5	14	15	2	12	25	17	1	16	6	11	23	22
288	5	16	21	7	2	9	19	17	13	14	4	15	1	6	12	8	11	20	3	23	24	25	22	10	18
289	22	21	8	9	19	17	16	24	13	11	23	18	14	15	10	7	25	1	3	5	6	12	20	4	2
290	12	3	22	4	2	8	18	5	15	25	24	21	9	23	20	14	13	17	7	1	10	16	6	19	11
291	25	9	12	17	15	20	8	1	16	19	4	23	5	7	18	10	24	11	21	2	13	3	14	6	22
292	11	4	1	10	18	15	22	16	24	3	6	14	12	20	21	23	19	2	13	25	7	8	9	5	17
293	25	16	23	21	3	17	10	22	20	6	1	2	14	11	8	18	7	4	9	12	5	15	13	19	24
294	18	7	19	17	23	13	21	4	16	5	24	6	15	12	1	2	9	22	20	8	10	3	11	14	25
295	15	13	3	9	17	19	16	24	8	7	11	10	25	4	1	14	5	20	22	2	12	18	21	23	6
296	3	7	4	1	24	12	9	21	8	13	23	17	18	20	15	2	11	5	6	19	14	16	25	22	10
297	25	15	13	7	17	3	22	5	4	21	14	9	11	20	18	24	12	8	19	23	2	6	16	1	10
298	18	4	12	15	6	25	2	9	23	11	5	21	7	20	13	16	1	14	17	19	22	8	3	24	10
299	7	17	15	14	13	20	12	10	25	11	21	3	2	22	8	16	18	24	4	23	5	9	19	6	1
300	5	6	20	3	8	25	14	18	12	23	24	11	16	17	19	2	7	4	9	10	15	22	13	21	1
301	4	16	13	24	6	15	23	20	9	10	7	8	11	22	18	19	5	12	2	25	14	17	3	21	1
302	2	16	11	18	17	24	1	15	19	3	21	12	4	8	10	6	7	25	5	20	14	22	13	23	9
303	11	9	7	8	16	21	2	25	10	4	5	24	17	18	1	15	14	19	3	12	13	20	22	6	23
304	25	15	14	13	6	7	19	3	18	24	20	1	12	23	11	17	4	22	2	5	10	9	21	16	8
305	7	10	12	16	15	11	25	5	23	2	3	22	24	14	9	17	18	8	1	19	6	13	4	21	20
306	21	20	1	2	13	8	9	7	23	4	11	12	3	24	6	14	25	10	16	15	19	17	22	18	5
307	22	20	16	12	11	6	18	13	21	24	17	2	14	8	5	10	1	19	9	25	3	23	15	7	4
308	23	12	10	21	3	18	13	8	14	11	2	17	1	6	5	19	25	4	22	24	16	20	7	15	9
309	9	20	11	15	24	6	22	8	14	17	18	1	12	7	21	4	13	10	23	25	2	16	19	5	3
310	24	18	6	22	3	16	25	23	17	15	12	1	4	2	9	14	7	19	8	13	21	5	11	10	20
311	7	25	13	1	19	17	24	8	9	23	10	22	2	20	3	6	18	5	15	12	14	16	4	11	21
312	25	10	22	23	6	8	9	17	16	11	21	7	20	2	14	15	12	3	18	13	1	4	5	19	24
313	23	11	12	10	7	21	19	14	2	15	8	17	9	22	24	25	3	20	5	1	4	16	13	18	6
314	24	14	7	17	1	9	4	13	25	11	12	10	21	3	15	20	19	22	6	23	16	5	2	8	18
315	24	13	15	4	10	18	12	20	11	17	2	22	23	6	19	7	21	16	8	1	9	14	5	25	3
316	7	13	20	22	23	8	3	25	18	9	12	10	6	17	21	5	24	11	4	15	1	19	2	16	14
317	12	16	5	8	6	1	13	21	11	19	2	9	10	18	14	4	24	22	15	3	20	25	7	23	17
318	7	3	2	18	1	13	8	14	21	11	12	6	24	22	25	17	10	15	19	9	4	23	5	16	20
319	25	8	13	12	4	19	17	11	15	23	7	10	22	3	20	24	5	16	1	14	18	2	6	9	21
320	13	15	1	3	21	23	18	5	2	11	4	16	14	12	6	9	19	7	17	10	25	22	20	24	8
321	5	2	22	23	10	15	17	20	3	1	4	11	18	21	16	7	19	12	14	8	13	6	24	25	9
322	23	3	5	25	12	20	7	9	2	21	16	13	22	18	4	19	15	8	10	24	11	14	6	17	1
323	15	24	22	17	11	20	4	9	12	3	23	14	6	7	19	18	25	16	21	1	5	10	8	13	2
324	15	13	24	18	2	21	25	3	1	4	5	19	16	12	22	23	20	14	7	6	17	8	9	11	10
325	15	20	10	18	11	21	13	12	6	4	9	24	22	1	8	16	14	2	5	17	7	3	23	25	19
326	12	24	4	18	15	22	1	19	6	16	8	21	14	5	11	13	3	23	25	10	9	20	2	17	7
327	6	13	4	20	2	10	22	12	5	18	9	25	11	23	15	19	14	16	7	3	8	21	24	17	1
328	9	21	24	19	15	10	12	17	18	16	23	8	7	1	25	4	2	20	22	13	14	6	3	11	5
329	3	6	19	9	2	16	14	22	15	20	18	8	17	11	12	25	23	1	7	5	13	24	21	10	4
330	9	15	22	2	1	3	5	18	10	19	6	17	16	23	12	11	7	20	4	24	21	13	8	25	14
331	10	21	12	8	20	24	25	23	3	1	18	13	7	19	11	14	9	16	5	4	15	22	2	17	6
332	20	3	14	4	25	18	17	19	12	16	15	5	23	2	13	6	9	24	7	22	1	11	10	21	8
333	1	20	6	10	23	12	13	18	16	21	11	17	8	14	9	22	5	7	2	19	3	15	25	4	24
334	3	11	24	7	10	13	25	2	16	4	21	18	14	8	20	19	17	12	22	6	23	15	5	9	1
335	3	22	18	16	25	5	12	23	4	8	24	15	9	20	2	17	7	6	19	1	14	10	21	13	11
336	21	20	12	7	4	18	19	13	3	17	22	2	11	14	23	24	25	6	10	9	5	15	16	1	8
337	4	5	8	14	18	16	20	17	12	6	23	21	3	24	9	11	22	13	7	10	1	25	15	2	19
338	8	24	1	18	21	9	15	19	17	5	11	7	20	14	13	25	6	3	22	10	12	2	23	16	4
339	5	12	16	17	7	11	3	25	19	22	18	24	6	13	15	1	23	10	4	21	8	9	14	20	2
340	23	16	20	25	11	15	18	9	4	6	14	24	5	13	22	8	10	7	12	3	19	1	21	2	17
341	7	20	3	12	18	8	6	2	16	10	21	17	25	1	19	14	23	9	11	24	5	13	22	15	4
342	23	14	7	3	19	5	11	16	18	1	25	15	22	12	13	6	10	4	21	2	24	9	8	20	17
343	16	8	15	3	6	17	1	5	2	23	22	24	7	10	13	19	9	21	4	25	11	20	14	12	18
344	6	8	7	14	5	10	22	15	19	20	4	2	18	12	9	16	17	25	3	23	24	11	13	1	21
345	3	20	5	9	16	11	14	10	24	13	19	1	25	18	4	15	21	2	8	22	12	17	6	7	23
346	23	24	18	20	12	3	1	25	16	6	19	17	14	7	9	21	15	11	4	22	13	5	8	2	10
347	17	15	5	21	20	25	16	6	18	22	9	1	24	14	10	8	2	19	12	4	7	11	3	13	23
348	10	22	23	21	15	18	14	7	2	16	17	5	24	11	6	19	12	4	8	13	20	1	25	3	9
349	19	1	22	23	8	6	5	9	17	2	11	14	24	18	4	25	7	20	12	10	15	21	13	16	3
350	11	6	20	2	25	4	16	13	22	19	15	9	1	14	21	7	12	23	8	17	3	5	10	24	18
351	9	8	16	25	21	12	10	7	24	2	17	3	11	23	13	4	6	19	22	18	5	1	15	20	14
352	19	3	25	4	22	6	9	13	11	21	12	14	20	7	15	24	2	18	8	23	5	17	10	1	16
353	2	9	20	24	16	15	1	4	5	11	6	13	3	23	18	17	25	21	8	7	22	19	10	12	14
354	19	15	23	3	24	22	2	7	17	10	16	9	5	18	25	6	4	12	14	21	20	11	8	13	1
355	24	13	5	18	6	4	19	17	8	21	16	1	23	2	7	22	11	15	9	25	20	10	14	12	3
356	12	11	25	14	2	8	10	18	9	6	17	16	23	5	19	24	3	15	1	13	22	7	4	21	20
357	6	1	19	9	22	10	8	14	12	20	17	24	15	25	13	16	23	18	5	7	2	21	4	3	11
358	7	12	8	23	13	24	25	22	6	1	5	4	15	11	17	2	19	20	3	16	21	10	14	18	9
359	6	9	2	17	12	1	20	4	14	22	23	10	8	11	21	3	19	13	15	24	5	25	7	16	18
360	19	25	4	3	10	20	15	18	2	14	17	7	11	16	13	21	8	22	1	5	9	23	24	6	12
361	10	20	17	13	14	21	19	22	9	8	5	12	18	16	15	4	1	3	24	11	6	7	25	23	2
362	10	2	13	18	3	11	21	17	25	1	9	20	24	12	15	23	8	6	19	7	14	16	5	22	4
363	11	20	22	8	3	15	21	25	18	5	19	12	1	4	24	17	7	2	10	6	16	23	9	14	13
364	2	6	8	24	14	12	23	13	19	3	7	4	10	5	1	18	22	16	25	20	21	15	11	9	17
365	24	13	22	5	18	8	23	17	14	12	10	3	6	1	21	4	9	7	15	25	2	19	20	16	11
366	11	18	1	7	9	17	19	6	5	14	16	4	22	2	10	3	8	12	13	21	24	25	20	23	15
367	16	12	17	11	25	24	10	13	9	15	1	23	5	22	19	21	20	2	14	6	18	8	3	7	4
368	23	19	10	24	1	16	9	11	3	17	20	15	22	18	12	21	8	5	6	7	13	14	4	25	2
369	6	23	1	12	20	24	19	25	15	22	17	10	11	2	13	5	14	3	16	8	9	4	7	21	18
370	8	24	25	19	11	1	23	13	17	16	15	22	2	4	3	14	21	5	6	18	20	10	9	7	12
371	19	1	11	21	20	15	2	22	24	25	5	17	6	9	14	3	7	13	10	4	16	18	12	23	8
372	18	23	6	16	14	11	2	8	13	5	25	20	3	17	9	4	19	1	7	24	21	10	22	15	12
373	6	24	2	17	21	18	15	1	23	25	8	20	14	12	19	4	7	13	5	3	9	11	16	10	22
374	15	22	16	14	8	10	5	12	13	21	2	23	7	1	18	4	17	3	25	20	9	11	6	19	24
375	3	2	18	23	6	15	21	12	20	7	14	5	13	1	19	9	22	24	4	17	16	11	8	25	10
376	15	19	13	8	22	2	17	7	23	14	20	12	11	3	16	9	1	10	25	18	5	24	4	6	21
377	3	4	25	11	1	15	12	24	7	22	16	20	23	8	19	10	9	2	21	6	18	17	5	14	13
378	14	25	9	7	8	5	2	4	20	13	6	1	17	10	22	23	11	18	3	16	21	12	24	19	15
379	12	9	19	8	14	17	3	23	1	5	2	25	22	21	6	20	24	10	11	18	4	13	16	15	7
380	22	10	24	25	13	3	17	15	16	4	7	23	14	5	1	21	9	18	2	19	12	11	8	6	20
381	14	11	13	22	18	10	24	19	1	25	4	5	15	16	3	2	23	21	12	17	8	20	7	6	9
382	6	17	22	1	25	5	24	19	8	9	18	16	4	12	3	11	23	7	10	13	15	21	2	20	14
383	3	21	20	5	9	6	11	16	25	13	2	1	8	14	12	15	19	7	24	10	4	18	17	22	23
384	10	7	9	13	19	17	2	11	25	21	14	8	1	4	12	20	3	15	6	22	23	16	24	5	18
385	25	24	5	10	4	2	17	6	16	14	22	15	7	20	1	12	18	8	3	21	11	23	9	19	13
386	18	6	2	9	3	10	16	15	1	12	8	25	19	7	21	24	17	5	13	23	4	22	14	11	20
387	19	4	17	22	3	15	9	10	12	11	14	1	7	23	18	2	25	20	8	21	6	16	24	13	5
388	2	11	10	6	8	12	1	24	19	13	4	22	9	7	5	21	16	15	20	18	23	25	17	14	3
389	14	4	1	8	10	18	21	9	23	12	7	20	3	22	24	2	13	19	5	25	15	17	6	16	11
390	10	7	20	12	19	8	9	23	18	6	25	5	11	15	21	2	3	16	1	22	24	13	14	17	4
391	18	24	25	20	11	1	23	5	7	13	16	12	15	9	6	21	3	10	8	2	4	14	17	19	22
392	10	16	5	17	1	15	20	9	8	2	3	12	7	6	4	21	13	25	14	18	19	11	24	23	22
393	15	20	1	18	12	9	4	6	2	23	24	17	19	11	21	10	3	5	8	25	16	13	14	22	7
394	24	22	16	1	2	14	21	6	13	15	25	3	11	23	20	4	7	18	19	17	5	10	12	9	8
395	21	24	12	7	5	17	1	20	16	9	15	11	14	19	2	10	8	13	18	23	6	25	3	4	22
396	16	8	2	12	11	25	6	4	21	18	14	20	23	15	7	13	9	17	5	3	10	24	19	22	1
397	25	23	20	22	7	17	19	9	15	4	18	12	2	1	16	6	13	21	5	3	11	10	14	24	8
398	22	25	24	13	10	9	3	19	23	15	14	21	11	7	16	5	12	18	6	20	8	1	4	2	17
399	23	8	5	19	17	11	9	10	12	4	21	2	3	16	18	1	22	24	13	25	15	6	7	14	20
400	4	10	19	16	20	25	1	3	12	17	14	18	6	2	5	7	23	21	15	11	22	13	24	9	8
401	9	21	24	2	16	17	12	23	19	22	5	6	4	8	18	25	13	7	11	3	15	1	20	14	10
402	17	6	24	4	3	15	11	9	13	25	7	23	19	12	1	8	16	5	22	14	18	2	10	21	20
403	10	23	19	18	17	15	6	13	5	8	1	16	25	14	7	12	22	9	2	3	11	4	24	21	20
404	1	8	3	21	25	17	9	15	11	24	4	10	5	20	13	18	16	2	14	12	6	7	22	23	19
405	19	6	5	4	13	1	21	11	24	2	18	23	17	25	16	10	15	8	3	9	12	14	7	20	22
406	3	11	8	6	9	21	7	23	12	25	18	24	14	16	17	22	13	10	5	19	1	15	20	4	2
407	2	7	12	1	6	17	25	11	14	18	24	19	13	20	5	4	23	16	9	8	22	3	10	21	15
408	10	6	13	18	8	20	17	7	22	16	9	2	11	23	14	21	1	4	5	3	24	12	25	15	19
409	18	17	10	24	4	15	21	19	12	6	23	3	5	11	13	1	25	14	2	8	20	16	22	7	9
410	18	5	22	4	12	3	23	6	13	8	9	19	14	1	25	7	10	16	24	15	2	21	20	11	17
411	8	21	3	7	1	22	14	10	18	17	25	16	13	2	12	24	15	23	4	9	5	6	11	20	19
412	14	2	16	3	5	4	1	8	19	11	12	17	21	7	22	24	20	15	23	9	25	6	18	10	13
413	8	21	19	20	1	11	2	24	22	13	15	18	16	3	7	17	10	6	9	5	12	25	4	23	14
414	8	18	4	24	1	10	5	17	7	15	12	3	20	11	21	6	19	16	2	9	13	23	22	14	25
415	17	2	1	9	23	5	12	25	10	8	22	6	20	11	14	7	16	21	13	19	3	4	15	24	18
416	24	15	21	22	19	18	4	17	12	1	16	3	25	13	10	5	14	6	7	11	2	20	8	9	23
417	7	23	25	19	21	9	4	8	15	11	2	18	17	6	12	5	22	16	20	3	13	24	14	10	1
418	7	6	17	4	14	12	3	16	21	15	10	23	1	22	19	20	18	24	2	9	11	25	5	13	8
419	21	19	12	24	6	8	9	16	11	5	13	18	22	17	1	14	4	2	3	20	15	7	23	25	10
420	18	14	4	11	1	20	15	25	23	7	3	5	21	9	22	19	10	16	24	8	12	17	6	2	13
421	21	19	25	16	1	10	23	3	4	20	13	14	15	12	9	24	18	2	8	5	11	6	7	22	17
422	23	25	20	18	17	21	2	24	4	22	5	14	13	3	7	1	9	10	11	12	15	8	16	19	6
423	14	6	23	3	9	5	7	24	11	4	8	15	25	2	10	13	19	21	16	12	18	1	20	22	17
424	19	25	23	17	16	14	8	18	7	22	15	3	11	13	1	21	20	6	10	24	12	9	2	5	4
425	25	23	19	24	6	4	1	17	3	2	5	21	15	16	7	20	13	9	14	11	18	22	12	10	8
426	5	15	9	17	12	11	24	18	16	2	14	25	21	22	6	19	1	8	4	20	13	23	3	10	7
427	12	17	22	18	5	25	13	23	3	1	7	15	4	8	9	14	16	11	21	24	10	6	20	2	19
428	24	25	16	12	10	23	7	4	1	14	19	2	22	5	18	21	6	11	15	9	8	17	20	3	13
429	7	8	17	5	9	18	14	12	19	6	22	21	10	1	23	16	13	15	2	11	24	4	25	3	20
430	19	10	17	6	21	3	14	5	25	1	8	9	18	4	2	15	13	20	23	24	16	12	11	22	7
431	2	1	9	10	22	8	6	25	13	17	16	15	19	20	5	24	14	18	4	21	23	3	12	11	7
432	9	3	18	19	16	17	11	24	14	5	10	21	1	13	7	6	25	12	2	15	23	8	20	22	4
433	18	24	12	11	9	5	10	4	13	1	25	22	20	6	23	7	19	14	8	21	2	3	16	17	15
434	1	25	21	18	22	23	3	9	7	5	2	15	19	11	14	6	10	24	16	17	12	4	13	8	20
435	9	10	19	3	4	2	14	8	24	23	25	12	6	5	18	16	13	21	7	11	1	22	15	17	20
436	24	17	19	22	21	6	8	13	16	10	23	18	7	9	5	14	4	20	1	15	12	25	2	3	11
437	12	25	18	11	6	1	20	2	19	13	4	16	5	9	10	21	23	22	8	15	17	7	3	24	14
438	22	21	7	3	23	1	4	5	13	19	24	11	18	20	12	9	15	14	16	6	17	10	8	2	25
439	12	10	22	4	1	11	23	24	6	13	2	16	14	5	18	21	7	19	3	8	20	9	15	25	17
440	7	11	16	15	9	3	8	4	19	21	10	14	23	22	25	5	6	24	20	13	1	2	18	12	17
441	12	9	2	4	25	11	17	5	10	1	20	21	24	23	19	8	22	16	15	7	18	14	13	3	6
442	8	23	5	6	21	4	19	25	9	16	1	3	15	13	24	10	14	22	11	7	2	12	18	17	20
443	3	4	17	10	2	5	12	14	21	9	20	7	1	22	25	6	13	11	19	24	23	18	16	8	15
444	10	5	20	22	15	13	14	8	11	9	23	19	16	1	24	7	3	4	21	18	12	6	25	2	17
445	7	18	23	17	20	21	8	5	15	1	9	19	4	24	11	13	25	2	10	6	16	22	3	12	14
446	20	22	15	25	17	4	3	5	12	21	23	19	10	24	7	11	2	9	1	18	14	8	13	6	16
447	1	20	5	3	2	13	15	23	19	4	10	12	18	24	7	17	8	6	21	25	16	14	11	22	9
448	18	20	19	9	3	23	10	15	2	8	16	11	12	1	22	13	6	7	17	4	5	24	14	25	21
449	25	16	9	19	18	15	6	8	5	20	23	21	10	12	22	24	4	14	7	11	17	3	13	2	1
450	23	15	9	12	1	19	10	4	16	21	14	8	18	7	5	2	13	6	11	20	17	3	25	24	22
451	2	13	23	21	4	24	19	22	17	18	15	6	10	12	8	9	20	25	5	7	1	3	16	14	11
452	7	14	15	4	18	10	8	6	2	21	25	12	17	5	3	23	20	9	13	24	22	19	1	11	16
453	22	11	14	19	25	16	6	12	21	3	18	10	9	17	24	13	1	4	20	2	23	8	7	15	5
454	18	3	1	22	19	23	7	14	2	20	10	21	17	4	16	11	9	25	12	5	6	13	24	15	8
455	3	24	23	5	19	25	12	16	9	22	14	8	15	18	13	1	10	11	2	17	4	7	21	20	6
456	20	18	25	15	16	4	3	19	9	13	10	14	6	17	8	24	7	12	1	21	11	5	23	2	22
457	22	20	17	5	23	24	14	21	4	25	15	13	1	16	9	11	12	10	8	19	18	6	2	3	7
458	3	23	16	19	22	1	7	10	4	21	12	25	9	14	24	17	11	6	15	18	2	5	13	20	8
459	23	19	18	13	4	3	10	1	7	9	17	16	14	24	12	22	6	21	20	8	5	11	2	15	25
460	5	14	1	18	12	15	13	25	20	6	11	24	17	9	3	22	2	21	7	10	19	8	4	23	16
461	25	20	5	1	8	13	3	22	19	16	15	11	6	7	2	14	10	23	12	9	18	24	4	17	21
462	2	19	8	3	12	4	18	10	16	13	14	1	23	6	15	22	17	20	5	11	9	21	25	24	7
463	2	17	11	3	10	20	14	1	5	18	8	12	21	15	4	7	23	6	19	22	24	13	9	25	16
464	17	11	23	12	2	21	6	9	7	8	4	3	15	5	20	10	14	22	25	1	19	13	16	18	24
465	18	22	7	23	25	4	21	19	16	12	6	24	15	11	9	3	1	2	10	17	8	14	20	5	13
466	1	9	22	19	24	16	7	23	15	12	17	25	21	8	18	4	14	6	2	5	11	3	13	10	20
467	18	17	16	5	20	13	3	8	19	2	14	11	9	7	1	6	10	23	21	24	12	15	4	22	25
468	9	1	13	2	18	7	15	21	20	6	12	22	24	3	25	23	4	16	14	19	5	8	17	10	11
469	18	12	21	11	5	16	1	24	10	19	17	3	23	20	6	25	2	13	22	7	15	4	9	8	14
470	14	21	3	25	2	16	15	6	17	22	12	4	11	7	5	24	23	10	1	9	8	13	18	19	20
471	10	20	16	4	5	13	1	15	18	11	19	2	12	3	8	21	24	23	6	9	22	25	14	7	17
472	3	22	20	15	13	11	7	24	12	18	5	8	9	4	16	23	17	6	19	10	14	1	25	21	2
473	5	18	7	4	24	3	10	12	6	25	17	16	20	9	22	21	8	11	23	1	13	15	2	14	19
474	9	24	21	8	7	13	14	10	5	11	19	4	18	20	25	3	2	6	15	17	22	16	12	1	23
475	5	3	6	20	8	17	7	18	12	11	14	16	15	21	24	4	13	22	9	10	25	19	2	1	23
476	3	15	7	14	4	9	25	8	5	17	18	23	2	16	1	6	20	13	10	19	11	12	22	21	24
477	15	5	19	3	7	17	11	2	20	16	25	18	4	14	12	9	6	21	24	13	8	23	1	10	22
478	14	17	8	5	15	2	25	13	19	3	11	6	16	23	10	22	1	9	20	21	4	18	7	24	12
479	3	2	25	23	16	4	7	1	22	21	18	9	15	24	19	17	13	10	6	8	14	20	11	5	12
480	18	25	17	21	3	5	1	10	11	22	9	4	13	8	20	7	19	2	24	23	14	12	15	16	6
481	16	10	7	13	15	25	6	20	21	22	19	8	12	23	3	18	9	24	11	17	4	2	5	14	1
482	25	4	1	17	24	19	9	22	14	20	15	5	21	23	2	18	7	11	13	16	12	8	6	10	3
483	16	15	21	2	20	6	7	3	22	23	25	13	17	1	10	18	12	14	19	11	24	4	8	5	9
484	7	3	10	4	25	24	21	23	9	1	16	18	12	8	13	5	22	2	17	14	11	19	20	6	15
485	5	6	25	23	11	24	22	8	13	10	15	21	14	1	18	3	9	7	12	4	20	2	16	17	19
486	15	16	17	12	22	13	9	20	3	1	4	7	23	10	8	25	24	18	11	19	2	6	21	5	14
487	8	16	24	13	2	25	20	22	6	17	18	4	19	3	5	10	1	9	21	11	12	23	7	14	15
488	11	13	6	5	21	7	8	23	18	22	14	9	10	24	20	17	1	25	19	16	2	3	15	12	4
489	3	20	10	14	15	4	21	24	23	8	25	9	13	6	18	5	16	12	11	1	2	7	22	19	17
490	5	17	1	12	8	25	4	22	7	10	18	24	20	19	21	13	14	3	6	2	11	16	15	9	23
491	24	6	23	13	14	1	4	19	21	25	2	7	5	9	12	17	15	11	18	22	10	3	8	16	20
492	25	21	8	18	6	24	11	9	14	3	4	15	16	19	22	23	1	5	17	13	20	10	7	2	12
493	6	8	13	16	22	4	14	25	24	3	19	12	5	18	17	21	2	7	11	10	23	15	20	1	9
494	6	23	4	18	22	24	16	14	15	12	11	25	9	8	10	1	20	7	3	13	2	5	17	19	21
495	7	8	19	4	2	16	6	22	9	23	18	12	15	13	24	14	21	10	20	11	5	1	17	25	3
496	7	22	2	6	24	11	21	25	4	1	15	16	13	14	12	19	9	5	20	17	3	23	10	18	8
497	13	4	18	17	25	5	24	8	19	1	20	2	11	22	6	12	9	3	7	10	23	21	15	14	16
498	19	8	16	23	15	14	21	11	13	7	4	6	22	12	25	9	10	5	3	24	18	20	2	1	17
499	5	19	13	11	14	18	4	7	20	17	25	8	16	3	2	23	22	21	15	12	24	6	9	1	10
500	17	4	1	13	24	25	3	15	6	23	20	10	7	8	11	16	21	18	19	22	5	9	14	2	12
501	7	17	25	20	19	1	15	23	12	10	5	3	16	13	18	11	4	6	21	2	8	14	22	24	9
502	18	3	13	1	8	7	17	10	20	12	14	5	6	24	11	4	2	9	23	25	22	21	16	19	15
503	17	24	21	22	20	6	9	19	16	25	4	7	10	15	3	5	1	12	18	14	11	23	2	13	8
504	2	13	15	11	21	24	6	25	4	17	19	8	3	18	12	10	7	5	20	14	22	23	16	9	1
505	14	1	16	19	2	23	18	10	15	13	25	4	6	24	5	8	3	12	17	9	11	7	22	21	20
506	10	9	23	14	1	19	11	17	13	5	7	24	4	8	18	12	15	22	6	2	25	20	21	16	3
507	14	12	22	10	3	5	21	17	8	13	15	7	19	11	24	9	4	6	1	23	18	25	2	20	16
508	25	12	18	9	19	10	5	21	22	3	23	20	1	16	6	4	13	14	8	15	24	7	17	2	11
509	2	4	9	14	16	8	17	13	12	24	11	19	20	23	18	10	15	22	21	1	7	5	6	3	25
510	15	14	21	7	8	13	17	22	10	16	2	18	24	19	11	20	12	3	4	1	9	6	23	5	25
511	20	21	19	7	11	18	23	6	12	22	9	1	14	15	17	13	25	4	24	10	8	16	3	5	2
512	24	9	12	25	2	17	20	14	11	1	4	6	18	22	7	23	13	15	10	21	8	3	19	5	16
513	24	2	20	10	22	23	14	21	13	6	25	12	17	15	4	8	7	9	19	11	3	1	18	5	16
514	11	14	1	13	20	25	6	12	23	22	18	2	9	4	7	19	24	3	5	10	21	16	15	17	8
515	20	24	16	3	21	17	12	23	7	11	10	6	19	9	13	8	14	15	2	5	4	18	1	25	22
516	23	9	4	6	2	7	3	8	17	22	15	11	20	12	5	16	19	14	18	13	25	10	24	1	21
517	5	4	3	19	22	2	25	7	21	16	17	12	9	11	13	14	8	1	23	20	10	6	15	24	18
518	4	13	18	25	14	11	5	8	23	22	19	2	10	15	3	24	17	1	7	16	12	20	21	9	6
519	15	8	7	20	6	14	24	4	25	16	23	1	21	19	10	9	11	3	2	13	22	5	18	17	12
520	15	10	2	11	3	17	18	22	6	5	21	13	14	7	19	24	4	1	23	16	20	12	25	8	9
521	9	23	1	13	6	24	18	20	8	11	21	7	14	16	25	10	2	17	4	3	5	19	22	12	15
522	3	8	20	9	4	17	21	10	13	14	6	25	19	5	7	1	24	23	11	18	16	2	15	22	12
523	6	24	21	16	22	25	15	5	1	19	13	23	4	3	7	10	20	12	14	9	17	2	11	8	18
524	7	5	1	20	16	11	22	15	2	14	9	12	17	6	25	13	3	4	19	23	8	24	21	18	10
525	9	23	18	7	22	3	6	17	4	14	16	24	25	5	10	20	19	8	1	13	15	12	11	2	21
526	9	5	6	1	8	12	10	21	3	7	18	19	13	25	24	11	20	17	16	4	2	22	14	23	15
527	10	19	2	25	6	1	7	11	16	12	17	4	22	20	14	9	15	8	13	24	3	18	21	5	23
528	25	19	5	14	23	11	3	22	21	24	8	17	9	15	6	13	10	2	4	20	1	7	18	16	12
529	15	23	24	20	6	9	17	5	3	1	13	14	18	4	25	19	10	16	2	22	21	7	11	12	8
530	11	22	5	23	3	13	16	12	24	4	7	15	8	2	25	17	21	6	10	1	9	19	20	18	14
531	11	8	3	12	17	10	21	16	2	13	15	14	23	7	9	24	1	4	6	22	20	25	5	19	18
532	19	12	1	7	3	14	11	8	18	2	25	9	20	17	13	4	24	23	5	10	21	16	6	15	22
533	22	11	14	25	7	24	21	4	13	15	10	9	19	18	23	6	17	5	16	8	3	20	2	1	12
534	6	18	16	22	2	17	14	8	7	24	10	11	3	5	1	9	4	15	21	23	13	25	12	19	20
535	13	15	11	22	18	10	17	16	3	14	8	9	12	20	21	23	7	24	19	2	6	25	1	4	5
536	12	9	4	25	17	13	6	3	5	16	18	22	11	24	1	14	7	2	20	10	19	23	15	21	8
537	23	2	18	5	11	6	24	15	10	13	25	14	4	1	22	8	17	12	7	9	19	3	16	21	20
538	3	20	7	23	22	5	8	4	17	11	12	15	10	1	2	14	6	13	16	21	9	25	24	19	18
539	23	15	3	8	21	6	20	13	14	16	19	10	1	11	18	5	24	17	9	12	2	22	7	4	25
540	7	5	9	15	17	10	14	24	23	11	2	6	21	12	4	16	13	1	22	8	19	18	3	25	20
541	1	12	22	6	4	20	9	25	16	7	19	13	17	10	14	18	2	23	21	15	5	24	3	8	11
542	23	21	19	16	11	25	8	5	6	7	20	1	24	22	2	9	10	17	15	14	13	4	3	12	18
543	21	15	17	18	2	4	5	20	8	22	6	9	13	3	11	19	24	12	23	10	14	7	16	1	25
544	12	8	23	5	17	1	9	24	11	14	19	7	4	10	18	3	21	15	13	2	25	16	6	22	20
545	8	11	4	19	7	10	17	22	9	12	13	2	21	15	6	5	16	20	23	18	3	24	25	14	1
546	16	4	1	8	2	10	23	24	15	18	21	9	6	11	13	14	20	5	12	3	7	19	25	22	17
547	21	6	1	15	16	20	19	23	3	11	24	5	8	12	9	25	2	4	17	22	18	14	10	13	7
548	4	7	19	17	11	12	15	22	13	18	14	1	3	5	21	20	24	10	23	25	16	8	2	9	6
549	14	17	5	6	22	7	1	24	12	19	10	9	16	13	21	11	23	15	2	20	3	8	4	25	18
550	2	12	18	20	24	25	9	15	11	5	6	13	14	16	17	8	1	21	22	23	4	10	3	19	7
551	25	7	19	16	13	23	6	24	2	8	15	1	18	11	22	17	21	14	12	10	3	9	5	4	20
552	16	24	14	22	9	4	6	20	2	17	12	18	19	21	8	7	15	11	5	13	23	10	25	3	1
553	14	19	23	18	1	3	20	21	7	5	6	8	4	24	25	13	16	22	15	2	17	10	11	9	12
554	11	16	20	14	1	6	17	12	2	22	9	18	8	10	19	3	13	23	5	4	24	21	7	25	15
555	18	4	23	7	6	1	22	11	9	15	19	24	17	13	2	3	12	25	5	16	8	10	21	14	20
556	23	16	5	25	18	20	14	12	1	7	13	21	8	22	15	10	2	19	4	24	9	17	11	6	3
557	6	1	15	9	17	23	4	10	18	22	7	5	11	20	25	24	12	3	2	21	16	19	14	8	13
558	3	19	13	4	1	24	21	10	25	16	18	7	5	17	22	2	8	6	15	9	11	12	20	14	23
559	25	13	3	6	17	9	18	20	12	5	24	16	7	14	4	21	19	2	8	22	11	1	10	15	23
560	19	20	14	15	18	10	9	8	4	17	2	25	16	7	3	13	21	24	1	22	6	12	11	5	23
561	7	2	5	8	11	14	6	25	10	18	19	24	23	4	22	20	12	3	21	17	13	15	16	1	9
562	19	22	21	4	13	6	3	10	25	20	5	15	14	16	18	12	8	1	23	11	2	24	17	9	7
563	25	10	9	15	19	6	7	18	12	14	5	24	8	11	23	16	22	4	13	20	2	17	21	1	3
564	19	23	1	15	10	12	8	2	4	21	22	11	18	24	13	16	20	14	6	9	5	17	25	7	3
565	3	8	12	2	14	17	23	9	24	21	15	11	7	1	13	25	6	10	16	5	22	20	18	4	19
566	9	21	10	18	15	12	20	3	25	22	11	14	4	16	6	17	23	7	13	2	19	8	24	5	1
567	14	4	10	13	21	19	2	22	25	18	7	8	6	16	3	9	17	15	24	12	23	1	20	5	11
568	25	5	17	2	13	19	24	4	11	22	12	20	16	3	14	21	15	7	9	18	6	23	8	10	1
569	10	3	14	23	16	24	8	15	22	11	5	1	9	18	6	19	20	17	2	4	25	13	12	7	21
570	14	5	10	22	19	15	23	12	21	1	16	8	20	25	13	17	6	4	2	9	11	3	7	24	18
571	22	16	12	4	2	19	1	11	6	24	25	17	5	3	14	13	9	10	20	18	8	15	21	23	7
572	20	8	13	16	10	2	17	21	15	23	18	24	5	11	1	14	7	25	6	4	19	12	22	3	9
573	15	22	17	23	19	18	10	9	7	11	8	4	3	24	16	25	1	13	20	2	12	6	14	5	21
574	11	6	5	1	13	10	2	17	18	3	14	23	21	25	20	9	7	22	8	4	19	24	16	12	15
575	10	18	3	5	24	6	19	15	22	8	11	12	21	1	14	7	25	20	2	16	13	23	17	4	9
576	14	21	6	2	15	13	12	9	1	18	20	19	25	10	7	24	17	3	23	5	8	22	4	11	16
577	7	6	9	3	8	15	21	17	4	12	10	16	24	2	5	18	1	11	22	20	14	25	13	19	23
578	23	3	10	5	6	4	8	11	22	19	1	17	2	9	24	16	14	18	12	7	21	13	20	25	15
579	24	16	22	18	12	11	9	4	6	14	7	1	8	20	17	13	3	25	23	5	15	10	21	2	19
580	17	16	4	9	11	5	23	19	13	21	10	18	25	20	2	14	7	22	24	8	12	6	15	3	1
581	19	15	20	4	24	12	8	2	23	14	13	10	25	3	5	18	17	21	7	6	9	11	22	1	16
582	13	7	5	9	16	18	22	6	1	24	14	4	10	12	21	15	2	19	20	8	11	23	3	25	17
583	12	25	24	13	6	16	8	18	14	2	1	11	17	7	9	15	23	19	5	4	21	22	20	3	10
584	13	3	16	1	11	7	6	18	2	19	17	24	21	20	23	4	8	22	14	15	9	5	12	25	10
585	20	22	4	9	25	23	5	24	19	7	10	2	15	1	14	11	8	13	17	3	16	21	6	12	18
586	4	23	6	5	13	16	24	22	14	2	20	17	19	9	3	10	1	18	21	7	8	11	15	25	12
587	2	24	11	22	4	16	8	6	17	12	13	21	18	23	5	7	3	1	15	25	10	19	14	9	20
588	22	16	2	14	6	15	17	23	5	24	13	12	4	21	1	18	8	20	3	19	10	25	11	9	7
589	5	20	19	24	7	14	3	21	13	4	1	10	9	22	2	16	25	17	18	15	6	12	8	11	23
590	7	8	23	1	21	16	6	2	5	9	10	15	20	4	22	17	14	3	18	13	11	19	24	25	12
591	5	16	19	14	20	2	18	22	17	13	6	9	25	21	1	4	11	15	10	23	8	12	7	24	3
592	6	18	25	15	16	22	21	1	12	7	17	3	10	14	19	24	11	13	5	8	4	20	9	2	23
593	24	12	18	4	9	3	22	19	15	5	23	10	7	6	20	13	17	25	21	16	1	8	11	14	2
594	2	4	8	7	24	21	18	16	13	20	15	22	1	3	5	10	6	17	9	11	23	14	19	12	25
595	5	4	9	22	12	8	2	1	15	19	23	13	7	24	25	14	21	20	18	10	17	6	11	3	16
596	15	21	11	23	19	1	18	9	22	17	13	7	25	4	12	6	3	14	10	8	20	5	16	24	2
597	3	5	21	24	14	16	4	2	10	8	9	22	15	7	11	23	1	18	13	12	25	6	17	20	19
598	6	17	1	23	10	14	16	2	7	4	12	3	19	5	24	15	20	22	8	18	13	11	9	25	21
599	9	22	10	6	5	4	3	1	17	16	21	13	23	14	12	11	18	20	7	24	2	8	15	19	25
600	10	2	18	5	7	1	22	12	13	8	16	14	6	17	21	25	11	20	4	9	15	19	23	24	3
601	10	5	8	24	9	17	12	2	14	7	25	21	4	1	19	13	18	15	23	11	6	22	20	16	3
602	2	14	19	15	3	4	9	1	7	11	17	5	22	6	12	21	13	16	10	18	24	20	8	25	23
603	7	14	6	9	3	1	12	25	17	4	8	13	16	15	20	21	2	11	23	22	24	19	10	18	5
604	14	7	22	6	18	12	9	11	24	21	25	5	19	10	4	16	23	3	8	17	13	20	2	1	15
605	7	24	10	8	20	15	21	19	1	3	25	12	5	2	14	18	6	11	23	13	9	17	22	16	4
606	12	22	18	14	9	2	3	11	24	8	1	5	25	20	15	10	7	13	6	16	17	21	19	4	23
607	12	23	4	22	11	5	8	19	16	18	21	3	14	1	7	24	15	2	9	10	6	25	13	17	20
608	18	13	9	14	12	6	10	5	7	17	25	16	4	20	19	11	3	23	2	8	21	24	15	22	1
609	19	6	2	20	24	9	1	18	23	12	14	15	25	10	8	7	13	17	3	5	21	16	22	4	11
610	11	21	8	9	7	17	12	19	25	18	13	23	6	5	24	10	2	15	16	1	14	4	22	20	3
611	17	3	24	9	18	10	8	25	1	22	23	20	15	7	6	13	16	11	14	5	2	4	21	12	19
612	18	22	13	8	3	14	12	2	4	17	5	7	9	1	16	25	10	23	6	15	19	11	24	21	20
613	22	21	2	19	14	20	9	7	12	16	5	10	3	17	24	1	13	25	15	23	4	8	6	18	11
614	2	6	15	3	23	20	22	12	7	16	5	11	14	8	13	10	25	19	18	17	1	21	4	9	24
615	22	25	21	23	19	11	9	12	24	14	5	15	10	17	3	13	20	1	4	8	18	2	16	7	6
616	3	1	23	14	13	20	15	10	4	5	21	17	24	6	16	7	18	25	22	8	2	11	12	9	19
617	10	3	13	24	11	19	6	21	2	17	18	1	9	8	23	12	15	7	22	20	16	5	25	14	4
618	1	13	6	20	4	18	14	10	19	16	2	5	15	11	24	17	22	3	25	21	9	12	8	23	7
619	16	19	23	25	17	21	24	18	15	12	3	11	6	7	20	13	22	4	8	14	1	9	10	2	5
620	17	23	19	5	21	2	16	10	22	15	25	24	8	4	20	3	7	1	14	6	9	12	13	18	11
621	2	22	20	23	6	5	3	14	4	25	15	10	7	18	9	12	19	8	11	16	17	21	13	1	24
622	18	7	15	2	16	14	9	5	21	10	3	20	24	12	19	11	22	4	13	25	17	8	23	6	1
623	25	8	10	22	18	24	14	5	17	6	21	15	11	2	1	3	19	4	12	20	7	13	9	16	23
624	21	20	25	24	14	13	3	19	4	9	7	16	15	1	11	18	23	2	10	17	5	12	8	22	6
625	4	19	18	3	21	1	20	13	8	16	5	9	7	11	10	2	15	22	23	12	14	6	24	17	25
626	5	22	4	7	8	20	16	21	1	14	2	24	3	12	15	17	6	23	11	18	19	25	13	9	10
627	12	4	14	11	22	10	9	18	1	15	7	13	23	20	6	2	3	24	17	5	19	16	8	21	25
628	8	14	6	5	4	2	25	10	3	13	22	1	16	21	15	18	20	12	9	24	7	19	11	17	23
629	5	1	14	7	24	4	22	11	8	25	10	6	15	2	13	18	3	12	19	20	23	16	21	9	17
630	10	2	1	21	20	11	15	7	22	6	18	8	19	3	24	23	16	9	12	13	5	14	25	17	4
631	16	8	23	2	19	15	5	17	14	6	12	25	21	11	18	10	3	22	20	7	24	1	9	13	4
632	10	6	11	8	12	19	23	24	3	2	18	5	21	13	4	9	15	16	1	14	20	22	7	25	17
633	7	8	2	23	15	3	25	20	11	13	12	14	10	19	4	6	24	16	5	1	22	21	17	18	9
634	21	16	7	8	10	20	23	11	6	1	18	25	24	14	17	22	12	2	5	3	15	4	9	19	13
635	17	3	7	2	14	15	11	13	20	22	9	1	8	5	19	16	24	23	25	6	21	4	12	18	10
636	23	12	19	4	16	17	24	15	18	3	5	2	22	21	7	1	8	14	20	10	25	13	9	6	11
637	25	4	15	19	6	17	7	24	3	10	2	5	1	12	8	14	22	9	16	21	20	11	13	23	18
638	19	12	9	10	18	24	1	11	3	22	7	8	16	6	2	23	4	14	17	20	5	21	15	25	13
639	25	16	10	13	7	20	4	2	14	12	22	23	21	1	8	24	9	5	19	6	3	18	17	15	11
640	8	21	3	7	2	20	6	14	4	5	12	1	19	24	13	17	10	22	11	18	9	25	15	16	23
641	9	8	5	12	23	3	13	20	7	17	16	22	10	21	24	6	1	25	19	11	2	14	18	15	4
642	23	12	8	14	17	4	11	5	22	13	2	3	15	16	20	9	19	25	10	24	1	21	18	6	7
643	8	11	12	3	7	24	9	19	23	5	16	2	1	13	17	18	10	15	14	4	25	21	20	6	22
644	24	23	8	15	18	12	5	21	14	16	4	13	6	1	22	9	2	19	7	10	17	3	11	25	20
645	1	6	8	9	25	12	20	22	7	4	2	16	11	3	21	10	17	23	18	13	15	5	19	14	24
646	2	15	8	7	22	1	16	24	14	11	20	9	4	13	23	12	17	3	25	10	18	6	21	5	19
647	23	20	14	4	17	19	13	10	3	22	7	25	9	2	16	5	11	8	6	18	24	21	12	15	1
648	4	15	18	5	20	22	8	17	25	1	6	13	2	3	19	7	21	23	11	12	16	10	9	14	24
649	7	6	4	22	2	17	8	23	5	14	11	16	18	13	15	12	10	21	3	24	20	19	9	1	25
650	7	13	22	14	10	21	1	18	12	24	15	17	2	6	5	16	23	11	3	9	20	19	25	4	8
651	24	8	3	18	9	15	14	6	1	7	13	4	22	2	17	20	11	16	19	25	5	10	12	23	21
652	21	3	2	7	12	20	6	10	9	24	17	23	22	15	18	11	25	19	16	13	4	14	8	5	1
653	16	5	11	10	12	9	2	4	14	8	7	1	24	6	18	23	3	20	17	21	25	13	15	19	22
654	22	10	17	12	20	2	23	24	13	25	3	5	9	1	4	18	16	8	11	15	21	6	14	7	19
655	3	6	15	22	5	25	12	2	18	9	10	23	17	8	20	14	1	4	24	13	7	19	16	11	21
656	10	6	4	19	13	5	12	14	8	3	17	1	23	11	7	21	25	2	18	9	20	15	22	16	24
657	11	24	14	21	2	22	4	10	5	3	23	25	7	8	13	19	16	6	12	15	9	20	1	17	18
658	3	9	24	19	16	21	2	13	18	7	4	6	1	20	25	22	12	15	11	10	8	5	23	14	17
659	8	18	9	7	2	23	24	17	15	14	6	22	20	21	13	11	25	1	12	19	10	3	5	4	16
660	23	4	5	20	9	8	10	11	14	2	21	7	17	22	18	19	16	6	13	1	3	15	25	24	12
661	7	12	15	10	9	17	4	22	6	23	1	8	21	24	13	25	16	2	5	20	14	19	3	18	11
662	6	22	14	7	4	21	12	25	16	23	19	10	13	15	9	20	24	17	2	18	3	5	8	1	11
663	20	3	22	19	6	16	21	17	2	7	5	18	8	24	9	11	14	4	10	25	13	12	15	1	23
664	24	4	25	14	18	21	9	17	8	11	3	19	13	23	10	22	12	2	1	7	6	5	16	20	15
665	8	25	7	5	15	2	17	19	18	12	11	9	24	10	21	1	20	14	3	13	23	6	16	22	4
666	14	18	23	3	5	24	9	11	6	19	15	13	12	20	22	7	2	8	17	21	1	25	16	4	10
667	1	22	6	7	17	11	2	4	16	9	19	12	3	5	23	24	15	14	18	13	8	21	25	10	20
668	13	11	6	17	3	16	5	12	15	25	10	20	19	21	14	24	7	18	1	8	4	2	22	9	23
669	10	13	7	8	22	21	14	25	16	15	9	23	19	12	11	1	24	3	17	5	6	18	20	4	2
670	16	25	17	6	21	1	20	5	7	14	19	11	10	23	13	24	4	2	9	15	12	18	22	8	3
671	19	4	6	13	1	11	20	2	25	22	17	12	9	14	3	8	5	7	18	23	16	15	21	24	10
672	1	25	15	17	6	18	21	5	20	4	2	16	23	19	22	12	3	10	9	8	7	14	13	24	11
673	25	13	15	5	16	12	21	10	11	6	1	7	24	4	17	18	14	9	20	8	2	3	23	19	22
674	15	8	2	25	16	10	18	13	6	14	12	24	22	11	23	1	21	3	4	19	17	7	9	5	20
675	4	21	9	8	1	12	16	15	19	22	6	20	14	11	7	10	5	13	2	3	23	18	25	17	24
676	9	21	16	2	18	8	11	5	1	7	10	19	20	17	4	22	25	24	13	14	15	12	3	23	6
677	11	4	5	25	18	15	21	14	7	22	10	13	19	17	12	6	2	1	23	20	8	16	3	24	9
678	25	12	13	9	3	19	11	22	6	10	2	14	20	16	23	4	8	18	7	5	24	1	15	21	17
679	10	8	13	7	3	1	11	20	25	15	22	18	9	23	4	24	5	14	19	6	21	2	12	17	16
680	22	3	25	14	24	12	7	19	23	17	2	15	6	21	9	13	16	5	20	18	11	8	4	10	1
681	16	9	24	18	8	17	23	21	6	2	1	20	15	3	4	19	22	10	12	7	5	11	14	25	13
682	24	8	11	23	3	25	10	13	7	16	5	19	14	15	12	2	9	4	18	17	22	20	1	6	21
683	20	15	10	1	8	13	7	21	12	18	23	6	24	11	17	14	22	9	16	19	25	3	4	5	2
684	11	25	24	14	10	16	22	7	18	20	3	5	1	12	17	8	4	21	23	2	6	15	13	19	9
685	3	6	22	14	4	8	25	21	23	12	15	2	16	1	17	18	19	24	7	13	11	20	5	9	10
686	19	20	22	11	16	10	12	15	2	21	4	7	23	9	3	5	1	24	17	8	25	6	18	14	13
687	21	20	12	8	13	22	4	9	15	25	3	6	7	5	1	14	16	17	19	11	23	10	2	24	18
688	3	20	4	14	11	5	21	24	25	22	17	16	15	6	7	19	18	1	13	23	12	9	8	10	2
689	16	25	4	2	9	24	21	13	8	1	11	15	22	20	14	3	10	23	19	18	17	5	12	6	7
690	22	17	10	23	5	25	7	13	6	14	2	3	1	20	11	12	21	19	24	9	4	18	8	16	15
691	20	17	21	9	22	8	7	18	13	10	6	23	2	19	3	5	1	14	12	11	15	24	16	4	25
692	15	9	14	11	4	2	8	7	3	13	24	19	6	10	18	1	21	20	17	23	22	5	16	25	12
693	4	22	14	23	21	11	20	10	18	1	9	15	17	8	7	6	12	19	25	3	2	16	5	13	24
694	5	8	7	22	19	23	9	21	24	10	17	14	2	6	15	25	12	11	13	3	18	16	20	1	4
695	8	18	1	21	16	24	14	23	2	25	13	10	17	3	7	20	9	12	19	5	6	15	4	11	22
696	14	18	5	7	11	13	12	10	21	25	17	20	3	16	8	4	2	1	9	6	19	24	22	23	15
697	13	23	2	15	9	5	19	21	22	20	3	11	14	16	18	10	24	7	25	17	1	4	12	8	6
698	10	24	7	22	5	17	13	21	25	6	8	18	9	19	11	15	3	1	4	14	12	16	23	2	20
699	20	25	8	15	9	17	1	2	24	12	10	16	14	18	6	7	5	4	21	22	19	13	23	11	3
700	23	11	17	5	8	12	16	10	3	15	4	14	25	2	13	22	6	1	24	20	19	18	9	7	21
701	11	8	9	18	1	4	22	24	21	3	23	7	6	20	17	10	13	25	5	16	2	15	19	12	14
702	1	11	5	17	4	19	20	16	7	14	2	6	23	15	9	25	8	3	10	24	13	21	12	18	22
703	1	15	7	18	2	12	20	9	22	19	14	4	21	3	10	25	17	11	5	24	16	23	8	13	6
704	21	25	9	3	18	20	23	2	24	12	8	13	17	14	7	6	1	19	5	16	4	22	10	11	15
705	8	21	16	20	7	5	1	15	18	17	25	12	4	24	6	19	22	13	14	9	11	23	2	10	3
706	11	13	20	7	5	16	12	4	14	21	15	9	23	24	22	17	6	3	1	2	10	19	25	18	8
707	25	12	19	21	16	11	15	6	3	20	14	17	8	22	1	9	7	18	2	23	13	5	4	24	10
708	17	8	12	13	19	23	24	3	7	1	25	16	4	14	10	21	2	18	5	11	9	15	20	22	6
709	8	14	9	24	12	5	11	2	17	15	19	13	22	20	4	10	21	25	6	23	7	16	3	1	18
710	10	24	9	4	21	22	19	1	25	18	2	13	15	11	5	7	17	16	20	23	8	12	14	3	6
711	20	1	6	25	3	15	18	5	13	9	14	16	2	21	17	4	23	8	19	22	12	7	11	10	24
712	22	8	20	9	5	1	18	12	10	15	7	17	11	3	2	4	23	6	16	24	21	19	14	25	13
713	15	24	9	20	7	11	25	2	19	5	8	21	4	18	3	23	13	6	10	16	17	12	14	22	1
714	9	10	8	2	7	23	12	19	17	14	4	20	13	21	5	15	22	1	16	24	6	18	3	11	25
715	19	15	8	10	13	9	21	12	6	23	3	1	16	17	2	18	7	22	24	14	5	20	25	4	11
716	1	10	20	24	16	19	21	25	6	12	8	7	23	3	5	17	9	2	14	4	18	11	13	22	15
717	7	3	17	22	18	14	8	15	2	4	11	23	25	20	9	21	13	6	24	10	16	5	1	19	12
718	15	7	9	3	11	2	22	21	13	23	20	10	17	4	6	19	1	25	8	18	14	5	12	16	24
719	20	15	8	6	11	9	25	4	21	1	14	17	5	10	12	24	19	7	16	13	22	18	23	2	3
720	7	19	22	10	2	14	17	23	25	20	6	16	4	15	5	12	18	8	21	13	3	11	9	1	24
721	4	8	3	11	5	15	21	7	13	10	1	22	16	6	12	23	14	17	2	25	18	20	19	9	24
722	10	14	24	12	8	1	7	25	9	13	6	2	19	15	21	22	11	20	17	23	16	18	5	4	3
723	23	6	25	8	5	18	17	13	14	15	22	3	9	21	10	24	12	7	19	16	11	2	1	4	20
724	13	4	15	22	24	10	14	16	1	8	21	7	3	20	18	9	5	25	6	2	12	17	11	19	23
725	4	7	19	13	8	12	1	24	20	3	6	5	18	23	14	2	25	15	16	21	22	10	9	11	17
726	6	9	20	5	22	8	15	14	10	17	21	23	3	24	18	16	7	19	25	4	12	1	11	2	13
727	22	12	9	13	10	21	4	6	25	17	7	23	24	16	8	2	15	14	11	5	3	19	18	1	20
728	5	7	20	2	12	19	22	16	6	3	18	25	11	4	17	13	10	14	24	9	23	8	21	15	1
729	5	20	25	6	2	9	21	16	14	23	3	12	10	4	8	24	17	19	15	18	11	22	7	13	1
730	3	12	23	22	18	11	10	17	25	5	6	13	1	2	19	20	4	24	9	14	21	16	8	7	15
731	1	18	20	10	9	2	6	11	25	15	8	12	17	21	4	16	13	23	24	7	3	19	22	14	5
732	7	5	15	3	22	13	4	19	11	17	12	20	21	14	18	16	24	6	10	9	8	2	25	1	23
733	10	16	12	15	7	18	8	1	19	22	14	21	11	20	23	25	4	24	2	5	6	13	9	17	3
734	5	24	23	16	22	4	17	13	20	2	14	1	10	15	18	19	9	12	6	25	7	8	11	21	3
735	15	18	5	12	16	24	10	17	3	11	14	8	1	7	13	21	4	23	22	20	19	9	2	6	25
736	12	3	9	16	4	6	20	25	18	17	23	21	14	19	10	15	8	7	5	2	1	24	22	13	11
737	11	14	16	15	1	3	2	5	21	10	20	23	25	9	22	17	19	4	6	18	12	13	8	7	24
738	1	12	22	18	25	10	17	14	2	23	19	7	21	4	13	5	3	8	11	6	16	9	24	15	20
739	16	13	3	7	20	14	17	15	24	10	11	2	23	4	21	12	25	19	1	6	18	22	8	5	9
740	8	13	15	16	24	6	23	2	18	22	17	5	14	12	4	1	3	21	9	10	11	19	25	7	20
741	3	11	4	15	19	25	12	24	5	13	16	22	20	23	6	8	1	2	10	14	7	9	21	17	18
742	16	20	14	11	2	25	24	18	3	17	10	4	8	13	21	5	19	23	6	12	22	7	1	9	15
743	7	13	24	17	10	22	15	23	4	20	11	9	21	3	5	1	2	16	18	19	25	12	6	14	8
744	14	8	13	22	2	11	10	12	21	7	3	24	20	17	25	5	19	16	9	1	23	15	6	4	18
745	3	11	23	22	21	1	14	16	17	2	19	4	24	13	9	5	20	7	18	25	8	10	6	12	15
746	16	17	11	20	13	1	10	9	6	19	7	21	25	8	15	18	4	24	23	12	5	3	22	14	2
747	24	23	1	18	7	12	25	15	6	14	16	5	4	22	21	10	17	11	3	13	19	20	9	2	8
748	2	17	22	1	21	24	5	7	14	12	6	4	16	8	10	15	20	23	13	11	25	19	9	3	18
749	16	3	22	12	23	20	24	11	10	2	1	17	5	7	15	14	4	19	13	9	25	21	8	6	18
750	2	15	5	17	13	6	23	9	14	4	12	22	11	24	21	18	16	20	7	10	3	8	1	19	25
751	22	2	11	3	21	10	17	9	13	25	14	19	1	4	16	8	24	12	6	15	7	20	18	5	23
752	25	7	24	21	16	3	5	14	6	1	2	20	17	8	9	12	15	10	13	18	23	4	19	11	22
753	8	9	21	14	1	24	11	6	12	4	19	13	25	18	10	2	22	20	17	16	3	7	5	15	23
754	21	4	9	3	23	22	10	14	17	19	20	12	2	24	5	11	15	13	1	7	18	8	6	16	25
755	19	10	23	12	18	17	1	4	7	2	5	3	16	20	9	8	24	6	14	15	22	21	13	25	11
756	24	2	13	7	12	6	9	14	10	1	16	17	20	4	11	8	19	15	3	23	21	25	22	18	5
757	8	12	17	25	24	11	20	22	7	23	4	5	16	9	3	14	10	19	6	13	2	18	21	15	1
758	21	20	22	3	9	1	12	6	24	19	25	7	2	13	17	14	23	10	8	4	15	16	11	18	5
759	2	12	20	23	18	25	16	4	22	14	9	6	17	1	8	21	15	3	11	24	7	10	19	13	5
760	6	18	12	15	16	2	11	22	7	24	9	21	19	13	14	1	8	5	23	3	17	10	20	4	25
761	8	3	16	23	21	11	15	25	17	1	6	14	13	5	2	7	18	24	20	22	10	12	19	9	4
762	20	19	10	12	15	9	1	2	21	13	5	4	25	3	23	22	17	8	7	11	24	6	14	18	16
763	24	23	9	3	1	16	19	2	6	10	14	8	15	13	7	11	20	12	4	5	22	17	21	18	25
764	17	7	21	24	15	6	2	18	16	25	11	10	23	8	12	20	19	1	9	13	4	14	5	22	3
765	21	25	23	10	6	3	24	8	4	22	1	13	11	17	5	19	15	7	20	18	14	9	16	2	12
766	22	15	20	4	16	25	11	5	1	24	9	2	6	18	10	3	14	8	21	13	7	19	12	23	17
767	20	6	14	25	8	15	11	13	9	4	16	19	10	22	1	12	7	23	17	21	2	5	24	18	3
768	10	18	1	24	20	15	25	6	21	11	7	2	5	8	17	23	16	19	12	9	13	4	22	3	14
769	23	13	2	9	12	18	20	3	19	22	24	16	11	10	17	21	6	5	25	8	14	15	4	7	1
770	15	14	19	17	7	25	24	5	9	20	18	2	4	21	16	3	23	22	13	6	12	10	1	11	8
771	13	12	25	3	23	20	7	14	18	10	16	21	8	6	2	22	11	1	15	24	4	19	5	17	9
772	23	24	16	5	22	13	15	25	7	12	18	10	11	20	6	21	1	4	2	3	14	8	17	19	9
773	20	10	11	12	13	24	7	17	1	25	19	6	15	16	4	18	3	22	9	21	5	8	2	14	23
774	19	7	14	16	15	18	13	2	8	22	9	5	11	1	12	24	3	20	23	21	10	4	25	6	17
775	21	8	1	22	23	2	14	3	4	13	6	10	25	9	17	19	12	24	16	11	15	7	20	18	5
776	20	1	24	25	22	14	7	3	8	23	13	4	16	11	17	21	10	9	6	19	15	2	18	12	5
777	24	11	19	15	5	1	12	18	16	6	25	2	7	13	9	23	14	22	4	20	21	10	8	17	3
778	2	16	3	10	9	11	8	25	1	5	4	22	18	13	7	14	15	12	17	21	6	24	20	23	19
779	7	3	5	23	16	20	8	14	11	9	1	17	6	25	15	21	22	12	2	10	19	4	13	24	18
780	1	14	9	3	6	24	18	21	2	8	25	5	4	17	22	13	19	15	16	7	20	12	11	23	10
781	5	21	2	19	14	17	15	10	12	13	24	18	23	9	11	4	16	22	25	1	3	7	6	8	20
782	25	22	17	21	20	23	4	18	14	2	24	16	6	7	1	12	19	15	3	13	10	8	9	5	11
783	21	25	11	20	6	4	12	7	14	13	18	2	10	3	19	23	15	24	9	8	16	17	1	5	22
784	1	14	25	6	24	13	2	9	23	12	15	16	10	17	4	18	11	20	7	5	19	21	22	3	8
785	12	4	19	15	11	21	2	10	18	17	14	7	1	13	5	6	8	25	23	24	3	20	9	22	16
786	24	3	10	22	12	9	6	7	20	19	13	2	18	14	11	16	1	15	5	4	23	25	21	8	17
787	25	9	5	10	13	21	12	22	4	23	7	16	24	11	18	2	17	14	20	6	3	8	19	1	15
788	24	3	12	13	8	1	5	10	16	20	2	17	7	22	4	6	11	15	19	14	18	9	21	23	25
789	11	8	19	7	14	17	13	24	23	2	5	1	6	16	4	25	18	9	22	15	21	20	10	12	3
790	7	22	17	20	10	4	11	9	21	14	6	5	23	2	8	12	3	16	24	1	18	13	15	19	25
791	2	18	17	10	25	13	11	3	6	12	14	5	4	1	19	24	22	8	23	21	15	9	20	16	7
792	7	21	16	6	19	22	15	23	20	14	13	11	12	2	1	25	18	10	24	5	3	4	17	8	9
793	10	14	19	22	13	18	3	8	20	1	25	21	17	24	6	12	9	11	2	4	5	16	15	7	23
794	15	9	1	3	25	8	24	22	7	10	14	2	6	20	18	19	21	5	16	13	23	17	11	12	4
795	18	5	9	13	1	19	6	14	4	16	12	2	10	22	15	7	25	24	11	21	17	8	23	20	3
796	10	25	11	9	18	23	5	14	19	16	8	3	21	4	13	24	22	17	6	15	7	20	1	2	12
797	20	14	12	16	24	2	17	10	1	15	6	9	8	22	18	23	3	19	13	5	11	25	4	7	21
798	16	18	12	10	19	8	24	7	11	6	2	9	14	1	5	13	25	4	15	21	3	17	20	22	23
799	8	18	16	9	14	21	13	6	11	4	15	12	23	2	25	20	19	3	24	5	22	7	17	1	10
800	20	4	8	3	13	9	25	11	18	10	21	14	16	2	19	23	22	12	24	1	15	17	7	5	6
801	23	10	24	4	12	8	6	2	9	20	18	3	1	11	21	25	13	7	22	16	5	15	17	14	19
802	14	22	24	8	6	9	13	7	11	3	19	23	25	18	20	2	10	15	4	21	16	5	12	1	17
803	20	5	4	14	2	1	8	23	7	16	13	3	21	22	9	18	11	15	12	25	19	17	10	6	24
804	9	10	15	4	21	14	13	17	22	16	25	1	5	19	23	18	20	2	11	6	12	24	8	7	3
805	4	11	25	8	16	21	9	24	13	22	2	15	12	20	7	5	3	14	10	19	18	6	23	1	17
806	13	24	16	23	9	12	18	20	19	3	25	14	22	7	17	5	21	4	6	15	10	1	8	11	2
807	5	25	3	9	10	15	23	19	4	16	13	11	20	7	22	17	8	2	18	24	12	14	6	1	21
808	19	1	2	25	7	22	11	14	20	18	21	3	24	12	5	10	17	9	4	8	16	15	6	13	23
809	11	2	18	25	7	5	14	10	21	8	16	23	4	22	3	1	19	17	12	9	13	6	20	24	15
810	25	14	7	18	13	5	23	11	22	21	19	15	1	9	24	8	17	2	6	4	10	3	16	12	20
811	23	20	4	18	13	1	11	15	22	8	19	10	6	5	25	14	7	16	24	9	2	3	17	12	21
812	22	16	10	7	20	12	5	6	8	11	15	9	23	24	13	19	25	1	21	14	4	3	18	17	2
813	14	8	11	2	20	15	17	3	21	10	24	23	25	7	5	9	12	22	19	18	16	1	13	4	6
814	12	7	4	22	6	16	3	17	14	21	8	9	11	24	18	5	2	20	15	1	25	23	19	13	10
815	1	20	6	18	17	11	5	16	7	15	10	22	2	3	8	23	12	14	24	25	19	4	21	9	13
816	20	25	10	23	22	17	24	1	13	9	16	4	2	18	8	11	7	19	21	6	14	3	12	5	15
817	24	19	5	22	2	1	16	11	15	8	7	13	17	12	20	18	23	25	14	6	4	10	3	21	9
818	25	10	11	9	1	4	24	5	15	17	18	22	14	16	13	7	6	21	12	8	19	20	3	2	23
819	15	10	23	22	4	12	21	13	3	17	24	9	11	16	19	18	20	1	6	14	5	25	2	8	7
820	5	12	15	24	3	6	7	13	21	10	8	2	23	9	1	11	4	18	25	16	22	20	17	14	19
821	17	15	25	7	8	18	22	23	14	6	12	24	21	4	5	19	1	11	9	2	10	13	3	16	20
822	5	18	7	6	23	20	12	8	11	3	25	14	24	19	4	16	9	17	10	22	2	1	21	15	13
823	1	9	21	4	12	18	11	3	13	5	23	17	7	10	6	2	22	8	14	16	24	25	20	15	19
824	10	4	18	7	1	20	24	25	2	6	9	15	3	16	12	17	5	22	21	8	19	13	23	11	14
825	17	15	21	22	1	4	6	11	18	5	20	3	16	9	8	2	12	25	24	10	14	23	13	7	19
826	15	4	9	2	5	6	11	13	24	19	10	1	21	16	14	17	18	12	7	25	8	23	22	3	20
827	24	10	4	16	9	12	15	17	25	1	19	11	20	14	8	6	7	22	13	5	21	18	2	23	3
828	21	19	24	8	22	7	17	18	1	3	11	6	9	20	23	14	5	12	10	13	2	16	25	15	4
829	9	8	23	11	7	2	25	16	17	4	5	20	19	1	21	15	3	14	24	12	6	10	13	22	18
830	8	2	22	7	12	1	13	5	19	24	9	18	6	25	15	16	20	23	11	21	4	14	17	3	10
831	1	15	7	16	12	18	21	9	20	3	13	5	24	10	23	2	22	6	4	19	17	11	8	14	25
832	14	1	16	25	3	6	12	17	21	11	20	10	4	24	22	19	2	18	23	13	8	9	5	15	7
833	23	12	21	6	15	16	24	11	1	9	4	17	8	19	20	7	18	13	2	14	22	10	5	25	3
834	23	18	15	25	4	21	6	3	7	19	24	8	2	12	5	20	16	17	11	1	22	13	10	9	14
835	16	12	24	9	4	3	13	14	15	2	10	17	8	6	5	19	11	18	22	7	25	1	20	23	21
836	15	3	17	16	19	4	22	25	20	6	21	18	10	24	11	2	13	5	8	1	12	14	23	9	7
837	15	3	2	16	10	23	6	21	17	25	18	5	8	12	13	11	1	9	7	22	14	4	20	24	19
838	23	21	5	3	24	13	8	9	19	16	25	20	22	4	12	7	6	18	2	11	10	14	17	1	15
839	2	11	17	9	10	4	1	20	6	21	19	22	13	7	16	3	24	15	18	12	8	23	14	5	25
840	9	4	18	5	16	23	10	12	8	19	25	2	24	15	11	7	22	1	20	13	17	21	3	14	6
841	16	13	15	4	9	7	10	12	2	20	14	18	25	3	23	1	21	22	17	8	24	19	5	11	6
842	21	15	3	7	24	9	25	2	22	14	13	10	20	16	12	17	23	1	6	4	8	5	18	19	11
843	7	13	5	10	19	24	8	15	20	14	12	4	6	11	21	2	1	18	9	17	25	22	16	23	3
844	21	4	14	13	7	3	19	15	8	2	20	6	18	22	11	12	25	10	5	17	9	1	16	23	24
845	21	22	14	20	8	15	17	24	16	4	12	1	7	25	11	2	19	13	9	3	18	6	23	10	5
846	19	7	2	15	16	8	11	20	9	12	3	18	23	21	14	1	4	17	25	13	5	24	6	22	10
847	14	4	8	5	17	22	9	7	23	20	2	11	25	10	19	18	3	15	1	12	13	24	16	21	6
848	13	22	18	5	20	16	24	7	15	11	8	2	21	6	3	10	9	14	12	17	19	1	25	23	4
849	19	18	14	9	17	11	15	20	1	6	7	12	21	10	22	3	25	23	24	8	13	16	2	4	5
850	3	7	18	14	1	19	4	25	21	5	11	13	24	17	16	8	22	15	12	23	20	6	10	9	2
851	7	18	8	13	21	16	4	10	3	2	23	5	17	24	6	9	11	15	14	25	22	20	1	12	19
852	16	22	10	13	4	2	21	5	19	12	1	8	3	20	11	14	17	15	7	23	24	18	9	6	25
853	24	19	7	12	16	22	25	10	1	2	13	11	17	3	8	5	15	9	21	20	4	14	6	23	18
854	8	1	2	6	22	20	13	24	3	9	7	17	11	21	12	18	19	14	10	16	5	25	4	15	23
855	24	1	23	25	4	8	21	6	5	10	11	19	12	17	7	16	18	9	3	13	2	20	14	15	22
856	16	23	21	22	4	8	10	2	20	12	3	25	1	9	14	5	7	6	18	13	15	17	11	24	19
857	6	15	16	11	9	10	21	2	13	24	19	5	1	3	14	12	22	18	25	17	23	20	8	7	4
858	8	7	12	16	20	21	5	4	25	19	3	1	11	15	23	18	14	10	6	22	17	13	24	9	2
859	7	1	14	13	25	22	8	20	21	4	11	15	9	18	16	5	2	10	24	12	19	17	6	23	3
860	9	3	24	11	5	17	19	22	4	25	8	10	1	7	18	14	16	6	20	12	2	15	13	23	21
861	4	23	12	10	3	5	11	25	14	21	9	20	6	1	13	7	18	17	2	22	15	19	16	24	8
862	20	3	22	25	19	1	6	8	11	21	2	5	24	10	16	17	13	12	4	23	9	7	15	14	18
863	25	5	2	13	9	8	15	6	23	3	12	1	4	21	19	17	16	20	7	18	22	10	24	11	14
864	13	22	4	2	23	18	17	9	16	5	19	3	20	11	10	21	6	14	24	7	25	15	12	8	1
865	1	15	17	24	12	19	5	4	2	3	18	6	23	21	9	14	8	16	11	20	7	25	13	22	10
866	14	21	4	17	12	3	16	18	1	23	19	22	10	13	6	25	15	9	8	20	5	2	11	7	24
867	5	15	14	11	22	8	13	12	20	25	16	17	10	3	7	18	19	21	23	1	4	2	9	24	6
868	9	25	13	21	22	4	1	20	7	19	14	16	3	10	5	12	8	6	17	15	24	23	2	11	18
869	22	14	16	8	23	2	20	11	12	1	3	4	17	15	6	19	24	25	21	7	18	9	13	10	5
870	8	7	18	9	6	20	1	15	13	19	14	10	23	12	22	21	5	25	11	4	24	3	16	2	17
871	13	6	11	3	23	18	12	1	14	10	20	22	9	19	21	4	2	24	5	16	25	8	15	17	7
872	10	25	19	23	4	21	22	20	17	6	5	2	8	18	3	15	9	11	14	1	13	24	16	7	12
873	20	10	15	14	21	17	13	24	6	22	9	12	3	25	23	8	19	16	18	2	4	1	11	7	5
874	11	17	3	25	12	14	13	20	2	15	6	1	19	9	22	8	18	5	24	10	4	23	16	21	7
875	8	14	23	15	22	24	2	1	12	25	6	11	13	18	20	7	5	9	4	3	17	19	16	10	21
876	4	16	12	24	9	6	20	21	11	22	10	2	1	5	17	13	15	19	23	14	18	7	8	3	25
877	1	6	12	3	21	18	25	15	9	2	22	20	7	13	11	17	4	8	23	24	5	10	19	16	14
878	17	21	3	4	22	18	13	9	14	6	20	5	8	2	24	23	7	25	12	10	15	11	1	19	16
879	4	23	5	20	2	17	22	10	12	6	1	11	9	16	3	21	24	13	8	25	14	7	18	15	19
880	10	25	13	4	22	8	14	19	9	2	12	3	17	21	1	18	6	23	24	7	11	16	5	15	20
881	19	21	11	17	12	2	8	18	1	10	3	4	13	23	5	20	22	7	24	6	15	16	14	25	9
882	23	17	19	12	14	11	5	2	18	7	22	4	8	25	20	1	6	24	9	15	21	10	16	3	13
883	9	18	2	1	21	12	24	5	25	17	10	3	8	15	20	22	19	11	7	4	6	23	16	14	13
884	6	23	15	1	8	5	9	22	3	20	21	10	12	25	17	13	24	11	7	19	18	2	4	16	14
885	11	8	19	4	1	12	5	22	13	10	20	14	21	9	6	24	18	2	15	23	25	3	7	17	16
886	21	9	13	12	17	25	10	5	18	11	23	6	2	1	16	4	15	14	24	8	22	20	19	7	3
887	9	1	8	24	3	15	23	14	5	22	17	16	10	21	11	20	13	12	2	19	18	4	7	25	6
888	12	20	23	11	3	18	6	22	19	14	8	25	17	24	10	2	13	16	1	5	7	15	4	21	9
889	15	9	21	7	2	12	8	13	23	3	17	1	6	22	10	19	14	11	16	5	20	18	4	24	25
890	8	7	20	2	12	4	22	21	6	11	15	9	23	24	17	25	16	18	10	19	3	5	1	14	13
891	14	20	11	9	12	22	13	15	1	25	16	2	3	4	10	21	23	17	19	5	7	18	8	24	6
892	19	23	24	5	25	6	14	17	9	10	12	21	4	22	18	8	13	15	16	11	3	7	2	20	1
893	19	22	15	23	13	25	7	2	9	16	11	18	10	6	12	14	3	8	21	20	1	4	5	17	24
894	3	7	11	21	20	18	13	8	14	16	22	6	19	12	4	25	9	23	17	2	10	15	1	5	24
895	3	14	22	12	11	20	6	23	18	1	25	2	10	5	9	17	13	7	19	16	8	15	4	21	24
896	3	6	23	20	15	12	24	22	17	14	2	21	4	7	16	9	13	18	10	8	11	25	19	5	1
897	25	10	9	8	24	4	7	13	22	19	17	3	16	18	20	6	2	15	11	14	23	1	5	12	21
898	9	22	17	1	3	5	2	11	6	21	13	24	16	23	18	7	20	10	12	19	14	25	8	15	4
899	10	7	17	25	12	18	21	11	20	2	15	5	8	19	4	23	24	13	1	6	22	3	14	9	16
900	11	12	4	8	1	25	21	10	22	20	6	14	19	9	18	2	13	7	23	16	3	17	5	15	24
901	21	10	12	5	3	20	11	15	7	16	13	25	1	24	23	4	8	9	18	2	19	22	17	6	14
902	19	17	13	20	22	3	9	8	11	24	10	5	2	1	7	15	14	25	16	4	23	18	21	12	6
903	1	6	22	24	17	18	8	5	25	21	2	15	20	13	19	7	23	11	4	3	16	10	14	12	9
904	3	5	15	8	6	9	13	1	18	25	7	2	23	14	4	20	19	21	11	24	10	22	16	17	12
905	2	13	6	7	22	23	4	25	1	8	11	21	12	10	18	14	17	19	24	3	5	15	20	16	9
906	16	2	3	14	8	7	5	12	24	21	18	15	13	9	11	20	17	10	22	1	23	4	25	19	6
907	2	16	1	4	22	25	7	18	8	21	6	13	11	9	19	12	23	17	14	15	20	5	3	24	10
908	16	20	23	13	10	21	5	7	12	14	1	6	17	3	8	19	11	18	25	15	2	24	4	9	22
909	24	1	20	25	10	6	21	23	4	15	2	13	22	8	9	16	5	3	7	19	14	12	18	17	11
910	2	5	7	1	9	21	8	6	16	10	24	12	19	4	11	22	20	13	15	14	18	25	17	23	3
911	4	2	13	15	19	8	11	1	10	25	14	6	20	7	16	22	23	12	17	24	9	3	21	5	18
912	1	7	16	11	15	21	14	2	17	18	12	24	3	5	6	4	10	8	23	19	9	13	25	20	22
913	15	24	12	17	5	7	21	10	14	11	20	16	23	1	2	3	6	4	19	25	8	18	9	22	13
914	13	7	25	2	20	17	9	14	3	5	15	8	11	6	23	10	16	12	22	18	4	1	24	21	19
915	9	11	21	24	18	14	25	1	16	2	7	5	3	23	20	8	4	13	15	6	12	22	19	10	17
916	7	20	2	16	15	12	13	4	1	22	18	9	21	24	3	6	11	19	17	25	14	10	5	8	23
917	17	20	24	11	2	21	25	4	9	7	22	15	5	19	6	8	16	14	18	3	12	1	23	13	10
918	2	23	25	20	9	19	1	4	3	14	12	18	16	17	7	24	5	15	13	6	8	21	10	11	22
919	15	11	1	23	25	12	6	17	9	5	3	2	4	20	19	8	18	14	22	13	7	10	21	24	16
920	6	5	2	25	11	4	3	1	24	17	13	14	10	18	20	7	16	22	9	12	21	19	15	8	23
921	15	2	23	7	11	25	9	14	1	17	20	21	5	13	16	18	12	4	6	8	19	24	3	22	10
922	25	8	6	3	23	21	10	5	4	19	20	17	1	22	9	12	2	15	13	11	7	18	14	16	24
923	12	14	9	3	4	16	13	6	25	23	18	2	24	8	21	7	17	20	22	15	5	10	19	11	1
924	19	14	2	1	25	4	7	16	10	9	24	5	21	17	3	20	23	8	13	11	6	15	22	12	18
925	21	11	3	12	9	1	23	19	22	24	15	20	5	16	2	4	17	6	10	18	8	25	13	14	7
926	13	21	5	3	12	2	22	19	8	17	10	6	23	14	24	11	18	1	4	25	7	9	20	16	15
927	17	20	15	22	25	21	24	18	16	2	13	11	1	14	23	19	10	4	8	5	7	9	3	6	12
928	2	23	15	22	11	16	18	24	14	5	21	6	7	17	4	13	3	25	19	20	8	1	9	12	10
929	3	23	19	15	13	8	7	22	20	16	5	9	25	24	21	12	17	11	14	2	18	4	10	1	6
930	12	1	10	24	6	23	15	21	20	17	4	2	3	8	25	19	7	13	5	14	18	11	16	9	22
931	24	16	3	12	1	25	5	7	15	9	13	10	6	11	19	18	21	17	20	4	22	14	2	23	8
932	12	23	21	13	17	14	19	3	24	11	18	25	7	22	15	2	8	6	16	20	5	1	4	10	9
933	1	24	10	14	2	12	11	18	15	8	21	9	25	5	7	17	20	22	6	19	23	16	4	13	3
934	21	11	10	24	5	7	8	3	2	9	1	13	23	25	14	12	16	6	15	19	22	20	17	18	4
935	21	11	19	13	20	1	6	14	23	7	17	2	9	16	22	15	3	4	10	18	12	24	25	8	5
936	2	17	3	1	13	15	9	6	11	24	12	14	21	16	5	18	20	25	23	10	19	7	4	22	8
937	25	4	21	23	16	10	11	17	3	22	12	9	7	13	6	20	5	19	18	24	8	14	1	2	15
938	16	11	1	2	19	25	14	8	20	7	15	17	13	21	9	6	5	24	22	10	4	12	23	3	18
939	1	16	25	12	4	3	5	15	11	10	23	22	6	21	17	19	7	18	9	24	13	8	2	20	14
940	18	10	2	13	22	17	19	3	15	11	16	4	5	23	12	20	1	7	9	25	8	24	21	14	6
941	8	17	7	20	10	21	19	18	2	25	22	5	13	23	14	4	16	1	15	9	12	6	3	11	24
942	20	11	2	22	23	14	7	8	6	25	13	5	1	9	21	24	18	10	16	17	4	15	3	12	19
943	6	25	9	8	4	19	10	3	21	2	1	15	23	13	17	11	22	24	5	20	14	7	16	12	18
944	25	7	16	20	15	13	4	17	10	3	11	22	5	8	9	18	19	23	24	1	14	12	6	21	2
945	8	7	23	21	1	10	14	9	13	18	5	22	3	25	19	12	17	16	2	4	11	6	20	15	24
946	18	13	15	14	20	7	9	6	23	25	19	5	16	22	11	2	8	17	1	3	12	21	10	4	24
947	19	9	25	2	15	4	16	1	10	8	6	5	23	7	11	12	13	20	17	14	24	3	22	18	21
948	22	6	17	4	8	7	10	20	13	19	9	3	11	23	21	16	15	24	25	2	14	18	5	1	12
949	13	4	15	16	18	12	6	3	24	22	7	17	21	9	11	14	19	8	25	20	5	1	2	10	23
950	18	8	2	15	13	12	24	9	11	16	19	1	23	20	3	6	21	22	10	5	17	4	7	25	14
951	5	4	2	22	25	7	20	10	8	14	19	1	23	21	15	13	18	11	9	24	6	12	17	3	16
952	19	18	11	1	16	7	23	8	6	5	21	20	22	10	12	13	17	2	9	15	4	25	3	24	14
953	11	20	9	3	6	1	4	21	14	8	19	5	7	24	12	13	23	15	2	17	25	16	18	10	22
954	22	23	7	5	6	1	21	13	11	17	25	18	2	4	24	9	8	3	12	15	10	14	19	20	16
955	12	18	22	14	4	2	13	9	17	20	6	16	23	1	7	5	19	3	10	25	24	15	8	21	11
956	6	16	7	2	15	14	22	25	21	9	17	3	19	1	12	4	20	11	10	18	5	24	23	13	8
957	1	21	17	25	13	12	14	22	16	7	2	18	24	23	8	20	10	5	9	15	19	3	11	6	4
958	4	1	3	22	23	13	7	18	19	6	8	9	2	11	14	16	17	20	10	21	12	15	24	25	5
959	16	19	6	17	5	15	3	22	18	23	11	20	21	2	7	12	10	8	1	24	13	9	25	4	14
960	15	21	9	7	20	23	16	14	13	17	24	18	4	6	3	22	25	19	2	12	11	5	10	1	8
961	21	22	7	2	1	9	23	3	15	19	14	18	5	11	16	10	12	17	6	4	13	8	25	20	24
962	4	7	14	6	21	23	20	25	11	17	8	10	9	22	24	12	16	13	3	18	2	19	5	15	1
963	11	7	5	18	4	8	15	12	14	3	20	1	16	9	25	19	6	21	24	10	23	13	22	17	2
964	6	24	5	19	3	8	9	11	10	4	18	25	7	13	15	23	22	2	16	17	21	1	20	12	14
965	10	23	18	22	4	6	9	12	8	20	11	24	5	13	25	16	19	1	15	3	7	21	17	14	2
966	1	4	25	14	18	22	19	9	3	17	16	8	12	7	6	2	11	24	10	20	5	23	15	21	13
967	19	14	24	8	15	20	21	6	23	3	11	25	10	9	22	1	16	18	7	13	4	2	5	17	12
968	17	9	6	5	24	8	4	12	10	7	1	25	21	3	2	18	16	14	11	19	15	23	20	13	22
969	24	1	23	11	6	7	15	25	17	14	2	18	16	19	12	21	20	13	3	5	9	22	10	8	4
970	9	8	17	13	1	16	25	19	21	18	3	15	4	22	7	12	6	11	10	2	24	5	20	23	14
971	10	14	3	11	22	8	24	20	9	19	12	7	15	1	4	13	23	16	21	17	25	6	2	18	5
972	17	15	23	2	16	7	21	25	4	5	8	18	12	6	3	22	10	13	14	9	19	11	1	20	24
973	13	15	10	5	6	23	2	1	9	18	22	12	21	11	4	19	24	14	16	7	17	20	3	25	8
974	22	10	12	4	9	25	8	2	13	23	7	18	20	1	17	6	5	11	24	16	19	14	3	21	15
975	3	1	10	2	17	22	20	6	25	5	13	8	24	4	12	19	7	9	14	15	16	18	21	11	23
976	2	9	18	19	22	23	11	7	24	25	6	14	13	8	17	12	5	3	20	1	21	16	15	4	10
977	23	20	4	5	3	6	10	2	1	25	15	24	21	7	13	18	12	16	9	17	8	11	14	19	22
978	2	17	22	3	18	25	8	13	10	12	20	21	9	19	15	14	11	24	1	4	7	5	16	6	23
979	3	13	22	19	25	14	8	16	24	4	17	20	11	9	1	21	10	12	5	2	7	15	6	18	23
980	20	15	8	6	24	25	11	12	18	3	5	7	23	21	19	4	13	1	22	14	16	17	10	9	2
981	7	18	3	19	25	15	8	13	21	9	6	5	14	12	10	11	17	2	22	4	20	24	16	1	23
982	7	4	17	22	1	18	16	24	15	21	5	13	19	9	3	2	11	25	20	12	10	14	6	8	23
983	5	24	23	25	18	1	14	17	21	16	4	19	8	20	7	12	11	10	3	13	9	15	6	2	22
984	16	24	22	10	12	2	1	15	21	4	19	5	23	11	14	18	8	7	20	6	13	9	3	25	17
985	9	10	4	16	7	11	1	24	17	3	18	23	12	13	5	22	21	14	19	25	20	8	2	15	6
986	1	11	13	17	4	2	19	20	12	8	16	3	21	14	7	6	23	15	10	5	22	9	18	25	24
987	18	9	15	12	23	6	5	7	22	11	1	16	24	21	20	14	10	4	8	13	3	19	25	17	2
988	18	14	15	22	7	1	2	3	13	11	10	21	12	9	17	23	16	4	25	8	19	6	20	24	5
989	12	9	15	8	13	19	25	20	16	5	22	10	2	11	3	17	6	14	7	1	24	21	23	4	18
990	2	10	24	7	25	12	16	13	18	21	22	20	9	4	3	19	8	23	5	15	1	14	6	11	17
991	15	7	25	21	11	22	4	16	1	24	12	2	14	9	13	10	8	18	5	19	23	6	20	3	17
992	18	23	3	8	19	16	10	1	5	25	15	11	12	21	7	2	20	6	13	4	24	9	14	22	17
993	18	23	11	25	7	24	15	22	20	4	21	8	19	6	17	3	10	5	2	14	13	9	1	16	12
994	3	12	8	23	18	11	21	16	20	17	14	19	9	25	7	4	10	1	13	6	5	22	2	15	24
995	11	19	9	8	7	2	23	6	3	18	12	15	13	25	1	5	22	10	20	17	4	14	21	24	16
996	23	22	13	14	11	6	2	7	19	20	17	21	12	15	5	9	10	1	16	8	18	3	25	4	24
997	11	2	16	14	8	23	18	3	4	25	12	6	22	15	1	20	13	24	19	10	5	7	21	17	9
998	11	12	16	24	7	25	9	10	5	20	21	17	1	8	13	19	3	14	22	15	18	4	6	23	2
999	2	6	24	20	21	1	17	5	12	13	16	18	19	7	25	14	15	23	22	4	3	11	10	9	8
1000	6	11	17	9	19	20	3	22	24	8	12	10	23	25	5	1	2	14	15	7	21	18	4	16	13
1001	6	10	3	12	5	19	7	13	8	21	18	16	24	2	9	25	23	4	22	11	15	17	20	1	14
1002	20	8	16	9	22	6	5	2	21	25	12	3	11	14	10	15	18	4	19	1	13	17	24	23	7
1003	20	18	1	19	23	14	21	7	3	13	12	11	2	16	4	10	25	17	22	24	6	15	9	5	8
1004	14	20	10	24	15	23	11	9	1	3	19	17	18	4	2	8	21	12	13	7	22	5	25	16	6
1005	5	3	21	10	17	7	19	24	25	11	1	9	15	16	13	14	4	6	23	8	18	20	22	2	12
1006	11	10	6	23	21	5	14	4	12	24	16	15	20	13	9	7	19	17	2	18	1	8	25	22	3
1007	16	24	1	2	17	23	4	19	10	18	20	9	14	25	7	13	15	8	6	12	3	22	5	21	11
1008	7	17	12	13	15	2	14	20	19	8	1	3	6	11	5	21	9	16	18	4	25	23	24	10	22
1009	19	22	11	18	10	17	24	14	13	2	23	8	9	16	15	5	1	25	6	4	3	20	7	12	21
1010	12	13	18	14	22	23	3	10	8	5	1	19	4	21	20	7	15	9	11	24	16	25	17	2	6
1011	1	21	2	25	16	24	6	4	3	7	12	8	19	9	10	23	22	15	17	11	20	14	18	5	13
1012	2	21	8	20	23	10	24	11	15	4	19	22	12	1	6	18	13	9	5	14	17	25	16	7	3
1013	11	5	20	10	16	18	15	6	4	14	23	19	25	7	17	9	21	2	22	24	13	12	8	3	1
1014	8	24	5	7	6	13	2	21	20	16	1	3	23	22	18	12	14	11	17	15	25	10	4	19	9
1015	10	7	9	4	25	3	1	6	5	12	22	21	18	17	14	20	2	15	24	11	23	16	19	8	13
1016	23	17	6	1	13	11	20	4	10	3	12	22	15	16	18	5	25	2	21	7	9	8	14	19	24
1017	3	6	4	21	14	11	22	8	15	20	18	9	2	17	19	10	13	23	24	25	5	16	7	1	12
1018	16	9	2	4	11	18	12	1	21	13	22	19	20	24	23	17	25	14	8	15	5	6	3	7	10
1019	19	17	9	15	8	12	6	5	21	13	20	1	23	10	16	7	2	4	3	22	11	14	25	24	18
1020	24	22	20	13	23	1	5	10	7	4	11	15	12	25	6	18	3	19	9	8	16	21	17	2	14
1021	9	11	17	5	18	19	16	15	6	7	2	10	1	8	24	3	20	23	13	4	22	14	21	25	12
1022	20	22	21	13	4	10	3	8	19	25	11	7	5	2	23	18	17	12	24	1	14	9	6	16	15
1023	11	18	4	17	9	1	12	3	24	8	22	23	20	15	25	2	13	5	19	10	6	16	14	21	7
1024	8	24	6	22	15	1	3	18	4	19	16	20	9	7	13	11	5	17	12	23	25	2	10	14	21
1025	3	13	12	18	24	11	21	5	2	7	25	14	17	8	9	20	19	6	16	23	10	1	22	15	4
1026	19	16	24	15	22	1	3	18	21	8	9	11	7	13	6	17	25	4	12	2	5	10	20	14	23
1027	5	10	3	8	13	6	14	20	7	25	18	4	16	24	19	17	22	23	1	12	21	9	11	15	2
1028	3	5	12	18	23	6	14	20	1	19	15	4	11	10	22	7	17	9	2	24	8	21	13	16	25
1029	21	22	4	25	9	12	5	3	1	19	10	24	6	23	15	14	7	16	18	13	11	8	2	17	20
1030	6	14	16	25	1	15	23	11	9	20	3	24	17	21	7	4	10	8	18	2	12	22	5	13	19
1031	15	7	23	6	16	21	18	13	25	8	19	4	10	14	11	3	22	20	12	2	9	24	1	17	5
1032	1	4	5	17	23	9	15	14	24	7	13	6	19	12	25	8	10	18	3	11	22	16	21	2	20
1033	2	9	7	12	20	1	4	6	10	11	21	25	19	16	22	3	5	8	13	18	24	17	23	15	14
1034	17	1	20	11	15	7	12	9	21	23	22	10	8	19	18	16	5	25	2	14	13	3	6	4	24
1035	23	5	3	21	15	8	2	19	12	4	14	17	10	9	7	6	20	18	16	1	24	25	22	13	11
1036	4	16	5	15	2	24	13	9	7	3	14	11	23	21	18	10	1	12	25	17	19	6	22	8	20
1037	11	18	4	21	3	23	6	19	17	16	25	13	15	24	22	14	20	1	12	10	2	8	7	9	5
1038	25	5	20	19	2	1	23	4	17	15	11	3	18	9	7	16	8	22	13	12	14	24	10	6	21
1039	2	5	24	18	1	23	7	20	16	12	21	9	6	3	25	14	8	13	4	10	19	22	11	17	15
1040	3	11	7	17	15	12	16	4	14	8	9	25	21	2	1	18	5	23	22	19	20	6	13	24	10
1041	24	16	11	10	19	3	12	7	18	1	22	25	17	5	14	2	9	6	4	21	15	23	20	8	13
1042	7	4	1	20	9	5	23	22	13	3	18	11	17	19	21	24	12	8	25	15	10	16	2	14	6
1043	10	19	21	9	24	23	20	6	22	3	12	2	4	13	17	11	16	25	8	5	14	15	1	18	7
1044	18	21	2	24	17	8	22	15	11	19	10	16	13	25	3	5	7	9	1	23	20	4	14	6	12
1045	22	5	24	20	25	9	4	7	16	10	23	19	6	17	8	21	12	13	1	14	3	11	2	18	15
1046	9	22	13	3	8	5	4	14	12	7	2	20	11	25	10	23	16	1	6	21	15	18	19	17	24
1047	22	18	7	10	3	9	1	11	2	24	13	4	17	16	25	20	23	12	8	15	21	6	5	14	19
1048	9	11	24	4	8	10	1	25	19	6	16	15	18	5	2	22	23	7	17	14	12	21	13	20	3
1049	13	20	11	22	25	10	24	14	8	16	2	17	4	5	21	23	1	15	6	3	19	7	18	9	12
1050	13	8	1	20	18	3	22	14	5	25	23	24	17	9	2	10	21	15	6	7	4	19	11	12	16
1051	16	3	23	12	17	13	25	14	19	11	5	1	18	24	15	4	20	22	10	8	21	7	2	9	6
1052	3	6	20	25	2	24	4	7	14	9	17	22	8	18	12	10	15	16	23	11	19	13	1	21	5
1053	2	17	9	20	12	14	8	11	5	16	21	3	24	7	22	4	25	6	10	19	23	15	18	13	1
1054	19	16	6	10	13	20	17	2	7	12	22	18	1	3	5	9	23	24	21	15	8	25	4	11	14
1055	16	1	8	21	5	24	11	3	7	10	6	20	2	12	22	14	4	18	19	9	17	25	13	15	23
1056	25	19	20	15	14	13	1	21	17	6	2	9	4	22	24	8	18	7	16	5	3	10	12	11	23
1057	9	12	14	5	4	11	18	16	8	2	3	24	6	22	1	19	17	10	7	15	21	23	13	20	25
1058	11	20	3	4	8	15	24	21	9	1	23	17	5	22	6	19	18	10	16	7	25	13	2	14	12
1059	20	8	1	7	21	19	13	14	25	9	23	6	2	15	10	16	3	12	24	17	18	4	5	11	22
1060	22	23	5	25	17	3	2	12	1	4	10	13	15	21	6	19	20	14	9	16	18	8	24	11	7
1061	12	17	19	18	3	25	21	15	13	4	9	23	7	1	20	16	10	14	2	6	22	5	8	24	11
1062	6	19	3	2	5	20	17	21	10	24	15	14	23	16	4	22	1	7	18	12	8	13	9	11	25
1063	21	14	2	10	24	11	7	17	4	20	9	15	16	1	5	3	12	6	19	22	13	23	25	8	18
1064	19	12	25	6	21	24	20	18	14	3	13	5	4	1	15	22	17	7	2	16	11	9	23	8	10
1065	14	9	22	8	4	1	5	11	18	13	25	21	3	24	2	16	10	7	23	15	19	12	6	17	20
1066	1	9	21	22	14	6	20	10	7	3	8	12	13	5	15	17	11	25	24	2	16	4	19	23	18
1067	5	2	17	10	13	19	9	20	16	24	23	11	12	14	3	15	4	6	22	25	8	21	7	1	18
1068	20	24	13	10	1	17	11	4	2	25	6	21	19	9	16	5	18	12	15	7	8	22	3	14	23
1069	15	4	18	17	9	5	22	8	23	1	6	2	25	21	14	24	3	7	16	10	11	20	13	19	12
1070	21	8	4	16	13	14	19	25	10	15	6	2	18	3	9	11	23	5	1	7	17	22	24	12	20
1071	22	24	16	19	11	17	12	21	9	15	1	2	23	14	20	3	18	4	13	6	10	5	8	7	25
1072	18	11	24	16	17	25	6	9	4	22	1	12	21	13	2	20	5	3	8	7	15	19	23	10	14
1073	22	14	18	5	8	10	19	4	20	1	16	9	25	2	17	23	12	15	6	3	11	7	24	13	21
1074	4	9	10	12	21	16	11	24	6	18	14	22	15	19	8	2	1	25	23	20	17	3	5	7	13
1075	23	8	12	19	11	20	14	6	22	9	1	2	16	17	4	24	5	13	18	25	10	7	3	15	21
1076	7	17	3	2	21	1	5	18	13	20	14	24	22	25	12	23	16	10	8	11	4	6	15	9	19
1077	7	22	13	10	12	3	5	1	2	16	17	8	23	19	24	21	11	4	25	6	14	20	9	18	15
1078	20	7	16	12	21	9	8	22	6	13	4	25	14	2	18	15	11	10	1	19	24	23	3	17	5
1079	6	2	22	10	11	13	1	23	25	4	24	19	15	16	8	9	14	20	7	21	3	17	18	5	12
1080	21	24	19	20	15	13	16	1	11	3	22	25	17	23	10	2	12	14	18	4	9	5	8	6	7
1081	20	9	7	5	13	14	10	3	1	22	8	23	25	2	6	11	15	18	17	24	4	12	21	16	19
1082	24	3	12	13	22	9	18	10	6	2	7	1	11	19	21	5	8	14	4	25	17	16	20	23	15
1083	12	8	24	7	2	11	1	23	14	19	3	22	4	5	10	17	21	20	25	15	9	6	13	16	18
1084	6	21	9	15	22	19	23	25	10	1	14	17	12	2	3	24	5	16	11	20	7	8	18	4	13
1085	24	4	9	18	7	13	21	3	19	25	6	11	2	14	12	22	23	10	17	8	20	5	16	15	1
1086	2	1	9	22	5	12	13	8	7	14	23	18	21	16	15	20	10	11	4	19	25	24	17	6	3
1087	24	9	22	12	2	1	25	15	5	8	19	18	21	14	17	10	4	3	23	16	7	6	20	11	13
1088	10	20	6	2	8	5	1	12	22	7	19	18	14	23	16	15	24	9	25	21	3	17	13	11	4
1089	16	4	6	12	19	2	11	17	9	10	18	22	25	14	23	15	3	8	24	1	7	20	5	13	21
1090	9	1	3	11	5	8	16	25	2	12	6	7	14	13	19	24	22	17	21	15	18	23	10	4	20
1091	18	7	15	23	1	24	10	8	3	14	9	5	16	6	2	17	4	25	20	22	13	19	21	11	12
1092	15	16	23	8	21	24	2	14	22	13	6	5	7	20	3	25	4	1	12	10	9	18	19	11	17
1093	16	20	13	22	1	21	24	2	15	19	8	17	25	12	3	4	23	9	11	18	10	5	7	14	6
1094	20	23	3	6	25	4	13	17	12	2	7	11	1	15	21	5	14	9	8	22	19	10	18	24	16
1095	18	1	21	19	2	24	6	16	8	15	3	12	23	25	4	13	11	9	22	20	10	5	7	14	17
1096	20	25	7	5	14	1	18	15	6	3	13	23	17	22	16	21	2	19	11	12	24	9	4	8	10
1097	12	8	4	18	20	23	19	2	16	6	25	7	10	22	15	17	3	5	21	13	14	1	24	11	9
1098	7	8	24	2	14	6	17	11	1	3	4	22	10	25	20	5	16	23	13	15	19	9	21	12	18
1099	22	4	1	20	18	6	2	13	23	12	10	8	25	19	7	3	17	14	9	15	24	5	11	21	16
1100	23	15	18	7	14	22	4	9	8	21	24	25	20	19	17	1	16	13	5	6	11	12	2	3	10
1101	22	11	16	17	20	23	7	24	9	1	6	12	2	14	3	13	25	18	19	15	10	21	4	8	5
1102	18	21	3	15	20	8	23	7	17	13	6	14	10	25	4	19	9	1	22	24	2	12	16	5	11
1103	9	18	14	1	15	24	8	20	23	10	4	19	11	22	16	2	5	25	7	21	13	12	17	3	6
1104	19	25	18	3	14	6	16	20	10	4	13	17	9	2	22	21	5	8	11	1	7	15	12	23	24
1105	6	13	17	9	21	15	8	14	22	5	10	7	18	25	11	2	20	23	16	24	4	12	1	19	3
1106	6	5	3	14	12	23	15	18	21	10	25	4	17	22	13	11	20	16	9	7	8	1	24	2	19
1107	23	22	12	2	6	14	20	1	13	19	5	9	4	10	3	15	17	7	8	18	11	16	24	21	25
1108	5	10	11	3	16	25	9	15	14	6	24	18	23	4	22	17	7	19	13	1	20	8	21	12	2
1109	21	2	12	6	25	14	9	19	22	3	16	15	17	13	24	10	5	20	7	11	4	18	1	8	23
1110	9	11	20	16	1	13	5	4	21	24	19	15	7	12	10	23	17	14	3	22	6	18	25	2	8
1111	13	15	1	21	17	11	10	7	24	5	20	3	9	18	6	16	22	23	2	25	19	4	12	8	14
1112	24	19	8	3	22	12	18	6	4	21	9	7	17	10	14	1	25	11	23	16	15	2	20	5	13
1113	15	21	10	3	11	9	18	1	8	25	24	12	14	6	22	4	13	20	7	5	16	17	19	23	2
1114	8	20	2	4	14	5	12	21	17	1	11	7	15	18	10	6	25	19	23	22	13	16	9	3	24
1115	12	1	17	3	13	22	25	4	24	8	2	9	15	18	10	21	7	14	16	23	5	20	11	6	19
1116	9	24	5	17	1	10	16	3	14	13	18	21	19	25	20	7	23	6	11	2	12	8	15	22	4
1117	7	14	11	25	13	17	2	12	15	16	19	20	9	21	18	10	23	5	1	3	8	4	24	6	22
1118	20	1	7	25	17	6	10	15	4	5	16	21	12	14	9	22	24	19	18	23	13	3	2	8	11
1119	3	21	16	15	19	23	9	17	5	22	2	20	1	6	11	24	10	12	7	8	14	4	18	13	25
1120	13	1	21	19	2	23	3	6	12	16	25	11	18	4	5	24	20	7	17	9	22	14	10	8	15
1121	15	18	20	3	21	6	5	12	9	23	8	14	7	10	24	22	11	17	13	2	16	4	19	1	25
1122	11	3	25	15	19	18	7	9	14	2	23	17	6	1	5	16	20	8	13	10	24	21	22	4	12
1123	24	25	21	3	5	12	17	6	4	8	22	9	7	16	23	20	10	18	19	11	13	2	1	14	15
1124	6	16	19	25	1	14	12	18	22	2	3	5	17	21	23	11	8	9	13	7	15	10	20	4	24
1125	5	6	1	18	12	16	24	10	19	3	25	22	20	2	15	17	21	13	7	11	23	8	9	14	4
1126	13	1	22	7	3	10	19	21	8	15	5	12	16	20	2	14	9	18	4	25	6	17	11	23	24
1127	13	24	9	7	18	12	23	8	1	4	19	3	16	20	22	11	2	21	10	15	25	5	6	14	17
1128	24	15	18	6	5	17	2	3	25	12	1	21	11	9	8	20	19	7	16	10	13	23	14	4	22
1129	11	6	4	21	14	25	24	19	18	7	13	17	10	22	5	12	8	20	1	2	3	15	16	23	9
1130	24	6	4	1	3	12	8	16	5	2	14	21	7	17	22	23	19	9	13	25	20	15	10	11	18
1131	1	3	22	25	13	5	18	17	8	12	20	2	23	15	16	24	14	6	19	7	4	10	9	11	21
1132	23	19	9	13	25	3	11	16	2	5	7	6	1	24	12	20	17	18	8	15	4	22	21	14	10
1133	18	11	13	20	1	22	15	5	6	17	25	4	21	23	9	12	3	24	2	7	16	8	19	10	14
1134	16	5	11	20	10	17	22	1	19	4	24	12	8	3	21	7	25	18	15	6	2	23	14	13	9
1135	15	21	8	3	20	14	4	25	10	16	23	1	17	5	24	11	6	22	7	12	13	19	2	18	9
1136	23	24	16	8	7	6	4	12	25	15	9	11	18	14	19	10	5	2	3	1	13	22	17	20	21
1137	5	20	16	19	6	12	7	4	21	2	9	11	22	1	3	14	10	15	8	13	23	24	25	18	17
1138	9	16	13	20	1	8	4	5	18	6	19	14	15	12	7	10	17	3	2	23	21	25	24	11	22
1139	7	11	24	8	20	18	9	5	14	12	22	4	15	21	10	25	1	16	3	6	17	2	23	19	13
1140	13	25	12	7	22	14	18	15	17	9	20	16	10	1	6	5	19	21	23	11	4	3	2	24	8
1141	11	4	2	8	9	1	10	6	13	19	23	7	22	14	12	17	18	25	20	16	5	21	3	15	24
1142	15	25	12	10	20	21	9	3	4	17	22	14	6	19	24	7	23	2	13	11	1	5	18	16	8
1143	7	16	10	14	20	5	9	15	8	4	3	24	22	21	17	6	12	25	13	11	18	1	2	19	23
1144	23	4	18	15	13	5	22	1	6	14	24	19	2	12	17	10	21	11	25	20	8	16	3	7	9
1145	5	24	7	11	10	25	1	6	9	12	15	18	20	8	19	3	16	21	4	2	23	13	22	17	14
1146	23	15	4	17	2	25	18	12	8	19	22	9	3	10	13	1	20	11	6	7	16	5	21	14	24
1147	23	18	8	15	22	21	24	17	7	4	20	6	13	3	2	10	1	9	25	16	11	12	5	19	14
1148	22	7	21	3	9	20	25	4	5	18	16	2	24	12	10	1	23	6	17	8	11	15	19	14	13
1149	20	18	12	23	24	15	7	14	11	9	21	17	6	3	19	5	10	22	25	4	16	2	8	1	13
1150	14	24	10	22	12	4	19	11	3	7	25	15	18	21	13	2	1	17	6	9	16	8	23	20	5
1151	3	1	2	6	19	13	21	14	10	24	4	7	25	22	23	15	11	20	18	12	16	8	9	5	17
1152	8	13	5	19	12	11	6	24	15	22	21	1	3	25	20	10	14	9	7	4	23	18	2	16	17
1153	18	22	21	3	16	24	1	25	2	12	11	14	10	19	15	17	6	5	7	9	4	8	13	23	20
1154	15	21	18	2	8	22	3	24	6	17	13	7	4	23	1	16	20	10	9	14	19	25	11	12	5
1155	21	15	11	24	8	22	1	23	2	18	7	13	10	20	14	17	4	19	5	12	3	16	9	6	25
1156	16	4	18	12	19	13	8	21	2	15	24	14	11	6	22	25	5	1	3	9	7	10	23	20	17
1157	16	11	22	24	19	4	9	25	3	17	13	6	2	21	20	7	10	18	5	1	12	14	15	8	23
1158	24	23	16	13	25	20	3	7	15	8	21	12	11	17	14	22	10	5	9	18	4	2	6	1	19
1159	14	17	3	10	15	6	4	21	16	24	13	23	20	9	2	19	7	5	1	12	25	22	8	18	11
1160	4	23	3	9	8	22	20	1	10	6	16	24	25	5	18	14	15	12	11	19	2	17	13	21	7
1161	21	3	25	8	24	4	12	1	19	11	13	22	10	9	14	7	17	16	6	23	5	20	18	15	2
1162	15	12	24	10	1	25	11	4	22	18	16	8	5	2	14	19	7	9	20	3	6	13	17	23	21
1163	18	3	13	1	7	6	14	25	22	16	8	15	9	12	24	4	2	17	10	19	23	5	11	21	20
1164	9	15	7	11	23	25	18	17	6	20	14	10	5	22	1	21	8	4	13	3	2	16	24	19	12
1165	21	5	7	8	22	18	4	15	6	2	19	14	9	12	17	11	20	25	10	13	23	24	1	16	3
1166	11	22	14	4	2	20	3	24	1	10	16	19	25	5	12	18	13	7	9	21	23	6	17	8	15
1167	5	13	8	17	3	21	18	16	11	23	22	15	14	24	19	4	2	6	7	12	10	9	25	20	1
1168	13	18	15	1	3	8	19	21	7	25	17	12	4	9	14	10	23	2	11	24	20	5	22	16	6
1169	13	12	8	4	15	7	14	5	23	16	20	25	24	9	10	21	6	1	11	19	3	17	2	22	18
1170	12	23	14	3	13	6	4	25	24	22	8	21	20	7	18	19	9	2	11	5	15	1	10	17	16
1171	21	24	11	9	6	18	4	16	23	1	3	12	5	25	17	15	19	13	14	10	22	7	20	2	8
1172	24	4	19	3	17	5	13	12	8	25	1	7	20	23	10	22	11	2	18	21	16	9	6	14	15
1173	23	18	11	10	1	21	4	5	12	7	8	17	19	16	20	15	6	14	2	9	22	3	25	13	24
1174	20	15	18	11	13	24	16	6	22	25	8	23	1	7	17	2	3	10	19	14	4	21	12	5	9
1175	13	7	17	19	3	21	23	6	24	2	5	4	9	15	11	10	22	14	1	18	16	25	8	20	12
1176	17	5	10	25	19	11	23	12	13	8	3	14	21	2	1	18	9	15	16	6	24	22	20	4	7
1177	18	17	19	20	16	6	2	3	24	10	22	11	15	7	25	9	5	8	12	4	23	21	14	13	1
1178	17	14	24	19	9	23	13	12	6	1	5	20	10	15	2	3	25	21	7	16	8	22	4	18	11
1179	4	20	25	22	15	19	13	17	21	11	1	14	23	18	12	6	2	16	7	10	3	8	5	24	9
1180	4	24	16	14	3	1	22	9	15	20	7	10	8	6	19	25	2	11	23	13	21	17	5	18	12
1181	18	13	21	14	20	3	11	24	7	10	6	16	9	15	19	2	17	12	4	5	25	22	1	8	23
1182	24	18	20	21	7	5	14	6	10	23	1	3	19	8	4	9	15	12	17	2	11	25	16	13	22
1183	8	14	15	11	20	2	23	1	13	9	17	18	21	25	3	16	4	22	19	7	24	6	12	10	5
1184	11	13	15	9	8	7	5	23	1	4	10	14	24	17	2	16	21	18	22	12	19	3	6	25	20
1185	4	15	3	2	14	7	22	12	19	23	6	11	18	1	21	9	25	10	24	17	16	5	13	8	20
1186	9	16	2	17	25	23	12	6	20	24	22	11	13	18	1	5	14	19	4	15	8	3	7	10	21
1187	21	10	11	14	1	22	3	13	20	24	19	25	16	2	6	17	9	5	15	12	8	23	7	18	4
1188	20	1	22	13	2	11	21	8	16	19	7	3	24	14	15	17	4	5	18	23	10	12	6	9	25
1189	18	7	14	13	20	12	22	23	16	11	15	1	8	10	19	24	21	3	6	9	4	25	5	2	17
1190	21	25	18	10	19	8	17	16	11	5	2	22	15	3	23	20	6	4	9	24	7	13	14	1	12
1191	8	11	15	9	21	25	23	17	22	2	4	18	3	7	14	10	19	13	5	12	20	1	6	16	24
1192	23	20	13	24	8	1	21	17	25	9	14	10	18	15	3	11	5	4	7	22	12	2	19	16	6
1193	18	24	8	15	2	14	17	23	5	13	6	12	7	3	1	16	19	21	25	20	4	22	9	10	11
1194	9	6	10	13	23	14	7	5	15	19	22	21	20	3	18	16	17	12	11	4	2	24	1	8	25
1195	2	15	3	9	23	14	24	5	8	19	11	7	17	21	12	4	25	1	10	6	13	18	16	20	22
1196	1	10	6	20	17	16	8	25	18	13	24	15	21	22	23	9	5	4	3	7	14	19	2	11	12
1197	20	24	17	10	19	16	22	1	9	12	6	18	8	7	14	15	23	2	4	21	11	13	3	5	25
1198	4	7	16	21	25	1	14	22	3	20	23	12	9	6	10	17	5	8	15	11	19	18	13	2	24
1199	6	23	13	1	14	11	22	20	4	17	10	5	19	2	21	12	24	9	7	15	8	25	16	3	18
1200	4	19	1	2	17	8	5	13	25	12	15	21	9	10	14	3	11	7	6	18	16	24	20	23	22
1201	25	2	17	8	12	4	24	14	11	23	7	15	13	19	22	9	21	16	1	20	18	3	5	6	10
1202	10	2	8	22	5	19	11	25	3	15	7	20	13	9	6	23	21	12	24	17	4	14	1	18	16
1203	22	25	23	13	24	2	18	9	19	3	8	12	16	6	5	4	17	7	21	10	1	14	20	15	11
1204	20	4	11	22	19	1	25	2	18	8	14	7	10	23	9	15	17	16	13	6	21	12	24	5	3
1205	6	15	5	14	12	17	22	11	25	1	8	24	7	18	20	4	2	23	21	13	3	9	10	19	16
1206	18	12	4	13	2	16	23	7	11	6	1	10	19	17	22	21	15	14	8	3	25	9	20	24	5
1207	7	21	16	14	12	18	22	6	9	10	17	5	2	1	20	11	3	25	23	4	8	19	15	13	24
1208	10	16	5	15	17	3	19	1	6	20	25	14	13	7	24	21	23	8	4	22	12	11	18	9	2
1209	19	22	25	14	21	4	17	23	9	13	1	20	11	7	18	12	8	6	3	5	10	2	15	16	24
1210	24	20	18	17	3	6	14	8	22	23	15	10	13	16	25	11	9	2	5	7	4	12	21	1	19
1211	13	2	1	14	24	25	22	7	6	8	16	11	21	12	23	18	15	10	5	3	4	9	19	20	17
1212	24	16	1	14	4	9	15	21	25	11	5	8	7	10	3	20	6	12	13	2	17	19	18	23	22
1213	22	14	23	6	19	17	24	13	4	7	25	16	10	2	3	15	21	11	18	20	12	9	5	8	1
1214	22	2	4	23	14	16	6	15	11	19	20	12	24	25	18	13	8	5	7	17	1	21	3	9	10
1215	10	19	7	4	8	6	22	14	9	5	21	20	16	2	1	25	15	23	12	18	24	11	3	17	13
1216	24	3	12	5	20	23	1	7	8	16	17	6	2	25	14	15	22	11	18	9	21	19	4	10	13
1217	2	25	14	12	7	5	8	4	20	24	3	11	17	6	16	1	13	15	18	23	19	9	21	22	10
1218	19	23	2	10	14	22	15	18	5	1	25	3	16	21	4	13	7	9	17	8	6	24	12	20	11
1219	15	13	8	1	4	14	21	23	24	11	16	2	19	17	20	18	22	3	5	10	9	6	12	25	7
1220	25	6	20	21	17	2	8	15	3	9	14	23	22	11	18	10	7	5	12	19	24	4	16	1	13
1221	10	7	21	2	5	22	25	15	1	4	19	17	11	20	12	18	16	9	13	24	3	8	14	6	23
1222	13	6	3	20	10	24	15	21	17	11	5	4	2	25	14	8	7	1	9	19	12	16	18	23	22
1223	21	25	9	19	13	5	6	12	22	11	23	18	17	8	20	15	3	2	4	10	24	16	14	7	1
1224	20	8	10	12	4	7	2	17	9	15	6	3	11	18	21	24	16	14	25	19	5	22	1	23	13
1225	17	20	12	19	9	1	18	2	8	14	6	15	4	11	21	23	16	25	7	13	10	24	5	3	22
1226	23	14	18	1	22	24	8	3	13	16	4	9	2	5	20	19	7	6	21	15	17	11	12	25	10
1227	24	9	18	12	20	13	8	4	14	2	10	19	7	6	22	17	11	15	1	23	5	21	3	16	25
1228	6	1	11	20	15	12	19	9	2	13	23	25	24	14	8	4	18	5	3	21	10	17	22	7	16
1229	7	15	17	3	13	22	18	2	1	23	10	21	25	4	8	9	12	6	16	24	14	20	11	5	19
1230	9	5	21	24	19	17	6	14	22	15	10	25	18	23	12	13	3	4	1	7	2	11	8	16	20
1231	14	17	7	9	18	1	6	12	4	10	2	5	22	13	3	24	20	25	11	15	21	8	16	23	19
1232	24	25	20	17	1	5	14	15	10	6	4	19	16	8	2	7	13	22	3	9	23	11	21	12	18
1233	10	9	7	3	2	15	5	11	25	12	22	8	13	4	20	6	24	23	16	14	17	21	18	19	1
1234	1	4	10	12	17	20	11	7	13	24	16	5	6	15	23	22	21	25	9	18	2	3	8	19	14
1235	18	17	10	15	23	3	6	16	1	22	24	8	9	19	14	21	25	13	20	7	2	12	4	5	11
1236	23	25	12	13	24	17	19	8	3	22	14	16	9	20	2	6	10	7	4	15	11	21	18	5	1
1237	12	16	23	7	6	21	4	5	10	14	11	9	19	20	18	8	25	22	17	1	2	3	24	13	15
1238	11	12	3	4	10	21	13	6	24	8	22	25	20	18	19	14	1	23	5	16	17	2	9	7	15
1239	2	4	13	15	11	9	24	23	16	21	18	3	22	1	12	7	14	6	19	20	10	17	25	8	5
1240	20	18	4	3	21	8	5	22	6	19	15	24	10	2	12	14	1	16	7	9	13	25	17	11	23
1241	2	14	10	19	5	22	23	11	16	6	8	13	25	7	20	1	21	15	3	12	17	9	24	18	4
1242	11	18	1	22	8	7	13	15	16	19	17	25	3	12	6	14	20	21	10	2	4	9	24	23	5
1243	16	21	25	4	20	2	17	24	9	14	3	18	15	13	22	23	12	8	6	1	10	19	7	11	5
1244	2	3	18	12	15	8	14	7	5	4	23	9	1	10	6	11	21	24	13	25	20	17	19	16	22
1245	21	7	3	2	12	11	1	6	23	15	25	19	10	8	24	20	22	9	13	16	18	17	5	14	4
1246	15	10	9	4	1	21	2	8	25	11	16	22	3	18	19	14	24	17	5	7	20	13	12	23	6
1247	15	14	25	1	6	16	22	23	8	19	20	17	24	18	21	12	9	10	2	3	11	7	13	4	5
1248	12	22	21	5	20	1	18	2	11	14	6	9	17	13	3	19	25	10	23	24	16	7	15	8	4
1249	20	25	6	5	9	15	23	7	11	22	16	12	24	2	8	3	19	18	4	21	17	1	13	10	14
1250	10	25	12	24	20	18	22	16	5	11	2	17	4	1	15	13	14	3	6	21	7	23	8	9	19
1251	4	23	2	14	25	7	16	10	9	5	8	6	19	1	3	18	15	24	22	13	20	21	11	12	17
1252	15	4	3	22	21	10	19	17	9	13	14	7	24	1	12	5	23	8	20	11	6	2	25	16	18
1253	18	7	17	13	8	15	9	6	19	21	1	11	10	22	23	25	2	4	16	20	5	12	14	3	24
1254	5	21	16	24	2	14	8	3	4	20	17	23	19	9	11	22	1	12	10	7	6	18	25	15	13
1255	9	12	4	15	22	16	23	13	18	10	3	17	24	25	8	11	20	21	6	2	5	1	7	19	14
1256	7	21	24	11	1	23	6	9	2	14	12	16	25	8	4	17	3	19	22	18	13	5	20	10	15
1257	8	20	9	24	15	6	2	10	17	5	18	23	22	21	16	12	14	3	25	11	7	13	4	19	1
1258	15	7	22	6	10	12	16	1	25	11	17	5	18	3	21	24	23	9	4	20	8	14	19	2	13
1259	4	6	18	8	9	20	1	23	21	7	12	14	10	3	22	17	24	5	19	2	15	13	11	25	16
1260	3	4	19	6	23	12	25	11	7	5	13	18	14	22	17	10	2	24	1	9	21	15	16	8	20
1261	16	19	12	3	10	9	8	20	23	6	2	1	21	13	22	4	7	14	11	17	18	15	5	24	25
1262	18	11	19	15	21	9	1	17	23	14	2	8	12	5	4	25	24	20	22	6	10	3	7	16	13
1263	11	10	12	17	23	1	19	2	16	22	20	21	9	3	25	18	4	6	8	14	13	7	5	15	24
1264	17	12	16	18	23	8	24	22	14	3	2	11	1	7	13	20	6	19	25	21	5	10	15	9	4
1265	9	6	7	2	16	24	21	4	8	15	22	5	23	18	11	12	17	25	19	13	1	10	20	14	3
1266	15	22	7	12	13	24	6	9	5	4	23	25	21	11	2	8	18	10	17	14	1	20	3	16	19
1267	16	22	4	7	17	14	15	23	6	24	2	5	8	18	13	10	21	12	19	20	1	9	3	11	25
1268	7	1	2	17	22	25	11	10	4	12	8	6	5	18	16	21	3	24	9	15	19	14	20	13	23
1269	11	5	10	25	3	15	24	12	6	13	18	14	7	22	20	4	23	17	19	1	2	9	16	21	8
1270	17	23	20	8	3	1	9	10	15	22	14	18	24	4	6	11	5	7	2	12	19	25	16	13	21
1271	18	7	6	5	21	13	20	25	16	19	1	24	17	4	3	10	14	9	11	12	15	22	8	2	23
1272	10	4	17	15	24	23	7	1	11	2	25	12	19	3	22	16	9	20	14	6	13	18	5	21	8
1273	20	15	19	24	6	17	9	4	3	23	11	14	10	7	22	8	18	1	13	12	2	5	16	25	21
1274	8	18	11	1	2	4	12	20	15	14	19	23	17	7	3	25	13	21	10	5	6	9	22	16	24
1275	7	6	3	2	15	9	18	24	25	23	1	20	19	17	16	5	21	13	22	10	12	11	4	8	14
1276	22	15	19	18	20	13	4	16	17	8	2	9	25	3	21	12	14	23	11	6	1	7	10	24	5
1277	15	8	1	5	21	2	14	23	9	19	24	20	13	7	10	18	25	6	3	12	4	17	16	22	11
1278	22	18	15	6	1	12	11	9	17	21	25	2	19	20	23	5	14	13	16	8	7	3	10	4	24
1279	21	25	17	11	9	12	19	5	7	13	22	3	14	2	24	18	4	20	6	8	1	15	23	10	16
1280	25	12	9	17	15	23	3	5	21	22	19	13	20	2	7	8	4	10	6	1	24	16	18	14	11
1281	15	20	21	17	6	3	22	1	16	4	10	24	7	2	14	8	23	12	18	19	13	5	11	25	9
1282	25	6	15	14	24	10	5	3	23	19	22	13	21	20	16	2	7	9	12	1	4	17	18	11	8
1283	2	10	14	3	19	11	21	8	5	24	1	9	23	20	17	13	4	25	16	7	12	15	22	18	6
1284	13	21	5	24	9	4	20	10	15	2	8	25	17	11	23	6	12	3	7	22	14	16	19	18	1
1285	6	21	22	8	7	16	20	23	24	15	14	9	17	12	2	25	10	5	4	3	13	19	11	18	1
1286	22	24	16	11	5	25	14	2	21	10	12	7	13	17	1	19	9	4	23	18	3	6	20	15	8
1287	19	25	6	1	16	20	18	22	15	21	14	2	9	12	10	24	3	7	17	4	11	5	8	13	23
1288	4	22	16	3	9	5	11	6	12	21	13	14	17	23	15	10	24	19	7	18	2	25	1	8	20
1289	21	22	24	4	19	16	5	17	6	11	23	12	8	2	10	14	20	15	1	18	13	25	9	7	3
1290	5	24	3	8	19	12	14	4	2	20	21	18	17	9	1	7	11	13	16	10	6	25	22	23	15
1291	4	10	6	20	22	16	24	25	3	19	14	13	9	18	23	5	11	8	17	21	12	1	2	15	7
1292	2	22	21	7	19	25	1	18	20	6	10	23	16	9	5	8	24	17	4	15	12	13	14	11	3
1293	14	18	25	17	8	5	20	23	6	16	15	3	22	12	4	21	10	2	19	13	1	7	11	24	9
1294	23	3	24	7	2	19	15	17	9	12	14	8	16	4	6	10	5	22	21	25	1	13	20	11	18
1295	11	5	17	13	25	2	14	4	23	3	12	20	21	24	19	18	10	8	1	22	9	15	16	6	7
1296	8	17	6	3	19	2	9	10	21	4	1	13	18	14	16	22	24	11	7	23	5	20	25	12	15
1297	13	4	9	7	12	3	25	2	24	17	15	1	18	11	10	23	16	14	8	22	5	20	6	19	21
1298	7	6	1	8	22	16	17	23	14	25	2	11	15	24	19	4	3	9	10	21	12	13	18	5	20
1299	19	10	13	3	1	7	24	23	20	11	25	15	12	5	4	16	22	17	2	9	8	21	6	14	18
1300	14	23	7	18	4	5	3	12	22	11	17	25	2	13	1	20	24	10	9	8	15	19	6	16	21
1301	21	13	19	3	18	11	7	16	10	5	2	8	12	22	4	24	6	9	14	25	23	20	17	1	15
1302	21	25	19	16	11	1	17	14	5	7	10	23	15	9	8	2	3	24	4	12	22	18	6	13	20
1303	3	4	16	9	12	23	11	1	20	21	19	7	13	18	25	8	24	2	14	17	10	15	22	6	5
1304	17	25	18	4	9	19	8	12	3	5	2	24	16	13	10	15	7	21	20	6	22	23	11	14	1
1305	25	12	15	8	11	22	24	18	3	5	4	19	14	16	9	7	21	1	2	17	20	10	6	13	23
1306	24	14	22	20	5	4	13	12	19	6	10	21	18	1	16	11	2	17	9	23	3	8	15	25	7
1307	17	20	5	1	22	6	19	9	12	24	15	7	11	25	13	21	16	2	18	4	3	8	23	14	10
1308	12	11	8	7	2	1	19	22	18	15	24	25	3	23	14	13	6	10	20	9	17	4	21	5	16
1309	23	22	10	21	14	9	4	15	11	3	12	8	7	17	13	19	18	6	5	25	1	16	20	2	24
1310	20	15	25	18	19	2	3	7	10	6	16	23	12	24	9	11	8	5	1	4	21	14	13	17	22
1311	5	23	11	16	17	24	6	21	22	18	25	20	15	4	12	14	10	1	2	9	3	8	7	13	19
1312	21	7	3	2	12	6	24	22	19	15	4	20	10	17	8	5	1	16	9	23	11	13	18	14	25
1313	23	18	20	2	1	9	5	25	21	11	12	13	24	22	15	17	6	3	8	16	7	10	19	14	4
1314	9	23	13	18	16	10	1	4	8	22	12	20	24	19	6	5	15	17	2	21	14	25	11	7	3
1315	15	5	22	19	11	2	7	21	16	4	14	9	3	18	25	12	23	6	20	8	13	24	1	10	17
1316	12	3	13	1	10	14	4	22	16	2	11	7	23	5	17	15	20	24	21	8	6	25	19	9	18
1317	2	12	7	18	4	13	14	21	20	17	11	24	23	22	6	5	10	15	16	19	1	9	8	3	25
1318	14	17	20	8	5	19	18	9	3	16	24	1	6	22	4	15	23	10	2	11	21	7	13	12	25
1319	5	11	1	17	20	19	23	22	12	18	7	16	21	2	24	4	25	9	10	3	8	6	13	14	15
1320	15	24	21	1	18	5	16	14	7	25	13	8	20	19	12	2	10	6	17	22	11	9	23	3	4
1321	13	25	16	14	6	10	1	8	12	22	17	15	23	19	20	2	9	24	21	7	11	5	3	4	18
1322	25	6	16	19	23	4	7	1	12	11	8	18	2	24	17	21	14	9	15	20	22	3	5	10	13
1323	25	13	8	15	12	9	19	3	4	17	16	20	2	10	22	11	18	23	1	21	7	5	6	24	14
1324	10	4	16	11	12	24	9	20	19	5	17	22	21	14	25	3	18	1	6	15	13	2	7	23	8
1325	19	15	10	13	1	4	24	7	21	9	8	2	16	17	12	5	25	23	22	6	11	14	18	3	20
1326	22	15	9	1	16	5	23	11	21	24	20	25	4	13	6	2	19	7	8	18	17	12	14	3	10
1327	24	6	14	23	19	5	18	7	12	13	8	21	20	17	3	11	10	16	2	1	15	22	4	25	9
1328	7	3	10	15	4	20	11	5	16	25	19	6	17	22	21	24	12	9	14	13	23	8	18	2	1
1329	16	5	14	12	13	7	2	3	24	8	1	9	18	25	21	15	22	23	11	19	10	17	4	6	20
1330	10	6	1	11	24	4	22	7	18	21	23	13	14	5	3	12	19	16	15	17	2	8	20	9	25
1331	13	3	12	16	14	8	18	4	17	9	15	22	20	23	1	6	24	10	19	7	21	5	11	2	25
1332	16	3	1	7	5	2	15	22	8	12	10	19	4	14	18	13	9	24	25	23	21	20	11	6	17
1333	5	20	3	2	4	24	21	16	12	17	11	23	1	25	6	18	22	19	10	7	8	15	13	14	9
1334	5	6	15	20	4	13	3	25	24	7	8	14	2	9	18	17	21	19	12	1	11	10	22	23	16
1335	19	15	16	8	18	5	24	9	3	22	25	1	20	21	7	11	17	12	14	23	13	6	4	10	2
1336	8	13	23	20	25	2	19	1	15	16	24	9	3	18	4	17	22	10	5	6	14	7	12	11	21
1337	18	16	10	19	23	3	1	8	22	15	24	20	13	14	4	25	9	11	5	12	21	17	6	7	2
1338	3	15	14	5	7	11	8	24	20	18	10	4	6	17	2	16	9	21	22	12	13	23	25	19	1
1339	16	2	1	22	18	19	20	17	25	5	3	9	11	4	15	8	12	10	24	14	13	21	23	6	7
1340	1	21	2	25	15	6	12	5	19	13	8	9	4	3	22	14	18	24	17	10	16	7	23	11	20
1341	3	8	21	25	1	2	16	9	4	22	20	6	15	23	11	17	7	10	12	14	19	5	18	24	13
1342	8	13	16	14	20	25	22	10	24	11	19	17	12	4	9	18	15	3	21	6	1	7	5	2	23
1343	1	11	9	5	2	19	20	7	16	8	12	17	13	10	3	25	18	24	15	6	21	4	14	23	22
1344	3	21	18	9	4	15	8	25	6	20	23	24	13	5	16	17	2	19	10	14	11	12	7	22	1
1345	24	12	6	15	10	22	16	18	5	25	19	7	13	23	3	11	8	9	17	20	1	21	2	4	14
1346	6	7	2	15	4	24	13	12	25	11	10	14	20	9	22	16	3	23	17	1	8	19	21	18	5
1347	10	15	9	7	24	5	3	25	11	17	6	23	18	12	13	8	4	1	19	21	16	14	22	20	2
1348	1	7	8	19	14	3	4	24	18	10	13	25	15	23	5	21	11	20	16	6	12	9	17	22	2
1349	19	15	5	2	9	1	13	7	17	3	21	23	18	14	10	16	24	11	12	25	22	6	4	8	20
1350	8	7	22	20	16	2	5	13	12	3	6	9	24	23	17	11	15	14	1	19	21	4	10	18	25
1351	16	22	14	5	9	10	19	3	24	4	6	18	17	15	20	13	11	21	12	25	23	8	1	2	7
1352	13	7	9	21	4	1	24	3	15	2	16	8	10	19	14	12	5	22	18	17	6	11	25	20	23
1353	6	19	21	7	5	25	4	15	20	9	17	16	13	24	8	10	1	11	12	18	14	22	3	2	23
1354	19	14	21	24	17	7	22	11	6	12	3	15	8	20	10	5	18	16	2	13	25	9	23	1	4
1355	25	23	20	7	10	9	2	5	22	21	4	16	15	17	3	1	24	18	11	13	19	8	6	12	14
1356	9	7	19	18	4	13	12	10	20	11	17	6	14	25	2	23	24	5	3	15	22	1	21	16	8
1357	19	17	14	18	8	7	15	23	13	20	12	3	24	22	25	1	2	9	11	5	16	4	6	21	10
1358	12	20	6	22	23	19	16	10	17	8	11	5	7	9	4	1	18	2	24	15	21	14	3	13	25
1359	12	2	11	3	19	6	13	18	15	25	24	23	17	4	5	8	9	7	16	1	20	14	22	10	21
1360	11	24	21	15	1	13	18	10	3	20	12	6	7	9	4	17	23	14	22	16	2	19	5	8	25
1361	21	7	1	11	12	9	23	3	5	20	6	18	4	22	2	10	14	8	15	25	16	24	13	17	19
1362	12	23	2	22	6	10	24	19	20	16	11	5	1	7	17	13	15	9	4	25	3	8	18	14	21
1363	1	7	16	3	21	23	2	22	17	11	15	13	18	5	25	10	20	4	24	12	14	6	9	8	19
1364	5	6	22	25	10	1	24	7	17	3	8	12	21	23	20	14	19	4	15	18	13	11	16	9	2
1365	20	23	2	24	8	21	18	15	3	7	11	9	16	4	5	22	12	13	25	10	19	1	14	17	6
1366	14	24	9	7	17	3	1	6	25	18	2	8	13	22	15	11	10	19	21	23	12	20	16	4	5
1367	13	14	10	2	21	9	20	6	15	25	7	18	12	1	11	17	3	5	8	24	23	22	16	19	4
1368	12	14	6	16	23	21	4	2	19	8	18	22	9	17	13	5	11	24	20	7	10	15	25	1	3
1369	12	3	17	15	21	4	24	25	16	7	14	20	23	1	2	11	9	8	19	5	18	22	13	6	10
1370	17	3	24	23	10	8	16	6	2	21	13	20	12	11	4	18	9	25	14	19	22	5	7	1	15
1371	15	2	3	13	22	10	11	14	24	5	16	20	1	8	17	21	12	25	6	7	4	19	18	9	23
1372	16	1	22	11	23	7	17	4	19	8	2	10	24	25	13	5	3	14	15	6	18	20	9	21	12
1373	6	7	24	23	11	8	1	14	9	25	18	22	5	12	13	3	17	20	15	19	2	16	4	10	21
1374	16	14	10	2	23	6	1	3	21	25	7	13	19	18	12	9	8	5	24	15	4	22	17	11	20
1375	25	11	21	9	18	17	13	15	19	4	24	3	6	2	8	1	23	16	10	12	7	5	14	22	20
1376	1	10	15	5	4	16	24	2	6	20	25	9	18	13	19	23	17	12	14	11	7	8	22	21	3
1377	5	24	15	1	22	14	10	4	11	8	20	17	25	12	13	16	7	19	3	6	18	2	23	21	9
1378	15	7	9	25	4	14	6	12	11	10	24	19	17	23	2	3	21	1	8	5	13	16	22	18	20
1379	20	3	13	18	6	21	25	2	9	14	7	5	4	16	11	15	22	12	8	19	17	1	24	10	23
1380	7	3	21	18	4	12	20	24	13	22	2	1	5	8	11	17	25	15	6	9	14	19	16	10	23
1381	2	11	9	15	7	24	23	3	12	16	17	19	21	10	20	14	13	22	18	4	1	25	6	5	8
1382	24	22	2	3	13	5	23	16	6	18	21	11	14	4	25	17	8	10	20	12	7	9	15	1	19
1383	16	21	17	22	4	15	5	7	14	24	25	11	18	20	19	10	23	13	3	8	1	6	2	9	12
1384	23	9	18	7	11	14	21	17	4	12	15	3	25	5	13	19	10	6	8	1	24	16	20	22	2
1385	2	6	13	21	14	1	24	15	22	4	11	12	9	5	3	20	8	16	25	23	7	10	19	17	18
1386	13	20	9	17	23	1	18	5	24	16	12	11	15	2	3	14	19	6	21	10	4	8	22	7	25
1387	17	19	1	13	22	10	14	11	12	9	5	18	6	15	25	16	7	3	23	2	24	21	4	8	20
1388	7	24	23	8	16	18	12	5	9	17	4	11	3	15	25	2	19	10	13	1	20	6	21	22	14
1389	11	16	1	4	19	8	6	12	20	17	18	25	22	23	7	21	3	5	13	9	2	14	10	24	15
1390	3	19	23	4	6	9	10	21	2	14	8	7	25	11	13	5	24	15	1	18	17	16	12	20	22
1391	3	4	21	8	11	2	14	22	23	10	7	16	20	5	25	9	13	19	24	17	12	15	18	6	1
1392	4	5	9	15	1	16	20	13	6	19	25	3	14	22	11	8	21	18	10	2	7	17	12	23	24
1393	21	23	20	2	4	18	19	24	25	1	10	7	16	9	6	14	13	3	5	8	11	22	17	12	15
1394	18	16	23	21	3	20	11	19	24	6	12	5	25	15	8	4	2	7	13	22	1	17	10	14	9
1395	5	8	10	2	7	15	16	9	4	18	1	14	22	25	21	23	17	19	6	12	20	24	11	13	3
1396	9	7	10	24	1	19	14	18	2	4	17	12	3	21	25	22	13	16	5	15	8	20	6	11	23
1397	13	14	6	5	18	1	17	7	4	20	23	11	24	19	8	16	2	9	12	25	21	22	15	3	10
1398	24	17	1	23	5	9	18	7	13	6	15	19	2	8	14	20	25	22	4	16	12	3	10	21	11
1399	15	1	21	20	6	2	7	17	10	12	19	22	14	4	18	13	25	9	8	3	5	24	16	11	23
1400	23	8	14	20	5	2	16	24	6	21	7	11	18	13	12	17	22	1	9	4	19	3	10	15	25
1401	17	18	20	3	7	6	15	2	21	19	5	10	13	4	24	23	11	8	14	22	16	1	9	25	12
1402	3	11	9	19	10	18	4	21	8	6	16	23	7	14	13	20	5	22	12	17	2	1	15	24	25
1403	22	3	17	20	15	12	25	11	13	14	2	4	9	10	5	24	6	18	1	8	23	19	21	7	16
1404	7	11	25	22	17	9	3	18	24	19	6	12	13	2	21	1	10	23	5	15	20	4	8	14	16
1405	21	12	13	9	3	19	11	22	24	14	1	5	23	25	4	2	10	16	17	7	6	18	8	20	15
1406	15	9	14	16	21	23	18	1	12	13	5	2	25	8	3	20	17	11	4	19	10	6	22	7	24
1407	7	12	19	9	16	23	3	8	15	11	17	24	18	21	13	22	14	6	25	20	2	1	4	10	5
1408	22	9	11	20	24	1	23	15	8	5	2	16	12	6	17	19	25	14	13	4	3	7	18	10	21
1409	25	22	20	9	10	2	12	7	21	17	4	3	6	8	18	5	24	23	19	1	16	11	15	13	14
1410	12	1	9	11	16	23	7	25	20	2	21	5	10	24	18	15	17	13	6	8	14	19	3	4	22
1411	6	15	22	8	25	7	20	23	10	5	11	18	2	16	12	3	1	14	9	13	19	21	17	24	4
1412	10	21	7	4	19	6	2	1	20	17	23	14	22	25	11	15	9	16	12	5	13	8	18	3	24
1413	19	1	12	8	6	3	20	18	13	7	21	16	14	24	15	9	23	2	25	5	22	17	11	10	4
1414	25	22	10	24	4	13	19	11	5	16	6	9	23	1	15	21	7	17	8	14	2	20	12	3	18
1415	12	15	16	19	20	23	3	25	22	10	2	18	4	7	14	8	11	5	1	13	21	17	9	24	6
1416	22	5	21	3	20	11	6	9	23	10	2	12	7	14	13	24	25	1	15	8	4	18	16	17	19
1417	21	2	8	15	25	19	1	13	6	11	3	5	22	7	4	14	12	10	20	17	16	18	24	9	23
1418	11	10	25	16	7	1	23	13	18	19	4	14	5	24	12	3	22	9	2	8	6	15	17	21	20
1419	11	8	5	16	3	14	22	4	20	18	1	6	21	24	17	2	7	15	10	12	19	23	25	13	9
1420	24	6	4	13	12	18	20	10	9	7	14	23	8	2	5	1	16	21	3	15	17	25	11	22	19
1421	16	8	20	6	12	7	21	10	19	24	2	3	15	4	25	14	5	23	18	1	9	13	22	11	17
1422	3	10	7	5	25	20	13	6	2	14	17	18	1	12	8	9	19	16	15	22	11	24	21	4	23
1423	16	13	1	24	15	2	22	25	21	18	6	7	11	10	3	23	14	5	19	9	4	12	8	17	20
1424	9	1	15	8	3	7	5	20	13	4	17	10	11	18	16	2	22	19	6	23	12	25	24	14	21
1425	1	19	21	14	16	8	11	20	7	18	15	23	4	25	5	2	10	3	13	12	22	24	6	17	9
1426	16	5	13	18	2	24	14	22	19	7	21	6	1	23	20	25	15	17	3	4	12	10	9	8	11
1427	5	23	9	25	19	18	14	6	7	13	16	4	21	24	12	17	2	22	15	20	11	3	1	10	8
1428	23	17	3	24	12	15	20	25	14	5	22	7	21	8	11	16	1	4	13	6	19	2	9	10	18
1429	19	1	6	24	25	17	22	8	3	15	16	13	9	5	14	20	10	2	12	21	11	7	23	18	4
1430	8	18	12	7	17	15	9	25	5	24	16	23	11	14	19	10	3	13	4	1	22	2	20	6	21
1431	21	3	17	11	15	4	19	1	9	13	24	20	10	25	18	22	23	8	16	12	6	2	7	14	5
1432	4	22	14	23	16	20	25	9	15	18	17	7	1	19	24	5	8	10	6	13	12	21	11	2	3
1433	15	5	3	16	6	18	2	25	9	13	14	24	1	17	8	19	12	11	21	22	4	10	20	7	23
1434	9	2	18	17	7	13	5	1	4	11	24	3	12	8	6	16	21	14	19	20	25	10	15	22	23
1435	9	2	4	24	16	6	15	12	19	20	18	14	13	3	10	21	1	25	8	5	22	17	11	23	7
1436	4	1	22	12	7	23	19	14	21	17	18	16	20	2	5	3	9	8	10	25	13	6	24	15	11
1437	23	18	15	22	21	12	5	2	10	14	7	19	24	11	13	9	20	17	8	16	6	25	1	4	3
1438	9	19	2	14	22	6	17	11	5	20	15	23	25	1	18	12	3	4	10	21	7	16	13	8	24
1439	24	1	5	8	9	12	17	25	4	6	23	10	18	3	16	7	13	15	11	20	19	21	14	22	2
1440	20	4	19	8	7	22	2	25	21	13	24	6	3	11	16	14	5	10	12	9	17	1	15	23	18
1441	1	8	15	23	11	25	7	2	17	6	18	4	21	14	22	10	9	13	19	24	5	20	3	16	12
1442	10	18	21	2	25	9	8	16	7	11	19	5	15	3	17	22	23	1	6	14	20	4	13	12	24
1443	5	18	8	1	22	19	10	9	24	21	11	15	17	6	7	2	4	13	16	14	23	25	3	20	12
1444	8	4	20	22	18	24	3	6	9	17	12	11	10	15	14	21	16	19	23	7	1	25	2	5	13
1445	25	10	11	22	19	4	14	18	7	12	8	2	23	24	9	17	16	20	15	13	3	1	5	6	21
1446	22	8	25	16	3	17	20	1	23	9	18	11	2	19	24	4	21	12	14	7	13	5	6	10	15
1447	22	3	9	21	5	6	13	16	2	10	8	24	4	1	18	12	17	25	15	20	14	23	11	19	7
1448	18	5	22	10	17	24	12	20	14	9	3	8	2	21	15	11	16	25	19	13	1	4	7	23	6
1449	5	21	4	3	6	23	18	16	24	19	9	17	7	2	14	25	8	20	15	12	13	22	1	11	10
1450	23	5	15	21	14	24	10	13	25	12	20	9	1	22	7	3	16	19	17	6	2	18	8	11	4
1451	16	9	15	3	2	12	7	6	22	24	17	25	5	1	19	4	21	23	13	10	20	8	18	14	11
1452	1	25	24	2	8	20	11	10	21	5	16	4	7	23	19	3	6	14	12	18	9	15	17	22	13
1453	24	18	21	8	4	17	12	23	9	15	13	10	6	22	19	14	3	1	11	5	7	16	2	25	20
1454	8	10	12	24	14	22	21	20	11	1	4	15	3	25	19	9	2	5	6	7	18	13	16	23	17
1455	4	6	7	22	24	13	14	2	21	11	19	18	20	3	12	17	1	5	9	8	23	10	15	16	25
1456	23	18	22	11	24	19	20	17	9	4	21	13	3	1	16	7	2	14	15	10	25	12	5	6	8
1457	9	8	10	23	12	15	11	20	16	13	21	4	24	19	3	6	1	22	14	17	18	7	5	25	2
1458	1	11	6	9	15	5	20	3	21	25	19	13	16	14	8	23	18	10	2	4	24	12	22	7	17
1459	14	6	10	7	15	23	8	1	21	22	25	11	13	4	24	18	3	20	16	19	9	2	17	12	5
1460	15	8	7	17	10	5	25	21	14	19	4	9	6	20	11	24	2	1	12	13	22	23	3	16	18
1461	14	22	23	9	21	20	16	2	15	7	12	24	6	13	4	5	8	25	18	17	10	3	11	1	19
1462	12	18	11	19	21	20	14	3	23	13	25	10	17	15	6	7	24	4	1	2	5	9	22	8	16
1463	23	12	22	16	21	20	6	11	3	18	1	9	15	19	10	25	4	17	5	8	2	7	14	13	24
1464	15	20	11	18	10	3	7	1	8	16	14	22	24	2	5	17	21	12	4	25	23	13	9	19	6
1465	21	18	22	19	5	3	2	11	1	20	9	25	6	17	13	12	16	14	10	7	24	15	8	23	4
1466	19	24	9	2	21	8	5	18	6	13	15	25	3	23	14	12	1	17	4	22	10	7	20	11	16
1467	17	20	9	12	15	24	25	23	14	5	16	4	11	7	8	6	13	2	1	18	19	3	10	22	21
1468	13	6	20	4	7	17	9	8	2	5	19	15	12	16	24	21	14	25	22	3	23	11	1	18	10
1469	19	9	6	21	8	18	15	22	24	23	12	10	3	25	16	4	14	17	7	1	11	13	5	2	20
1470	6	21	23	5	7	22	18	24	16	9	3	10	1	19	17	13	14	25	12	11	2	15	4	8	20
1471	12	1	15	8	4	16	23	19	11	21	2	9	22	7	5	17	14	13	24	3	6	18	20	25	10
1472	13	23	5	9	11	18	25	15	20	1	19	24	16	14	22	21	10	12	4	7	6	17	2	3	8
1473	12	1	25	19	6	4	7	17	16	14	24	15	11	22	9	10	5	23	13	20	21	18	8	2	3
1474	10	14	1	16	17	13	2	19	15	5	20	22	11	6	21	23	4	7	24	8	12	9	18	3	25
1475	9	11	22	8	25	4	21	3	18	12	1	7	10	16	24	17	15	14	20	6	19	5	2	13	23
1476	4	17	7	8	14	18	9	15	16	10	25	2	11	22	23	24	5	13	19	21	3	20	12	6	1
1477	24	8	18	17	16	5	21	10	19	7	12	14	13	1	25	3	6	23	2	4	22	20	15	11	9
1478	16	18	2	19	21	7	10	14	15	9	11	13	3	12	25	20	23	22	24	5	6	1	8	17	4
1479	3	9	18	15	16	5	20	23	22	11	6	19	21	1	24	4	25	14	13	10	12	17	2	7	8
1480	15	19	14	11	10	8	17	24	18	6	2	1	12	3	9	20	4	13	16	23	21	7	22	25	5
1481	23	5	15	13	22	24	25	10	19	12	7	16	18	2	1	14	11	4	6	9	17	3	20	8	21
1482	17	16	19	24	7	6	18	11	4	14	1	5	10	20	22	9	25	3	12	15	2	23	21	8	13
1483	8	15	21	10	19	14	20	16	9	24	17	6	5	22	13	11	3	7	4	25	1	12	23	18	2
1484	12	24	22	16	10	14	18	13	11	20	8	2	19	9	15	5	17	23	6	1	21	25	4	3	7
1485	1	12	24	9	8	5	19	10	7	6	16	14	13	23	25	3	11	22	20	15	2	21	17	18	4
1486	15	13	17	18	12	7	8	11	14	3	6	2	16	20	10	24	5	19	23	25	21	4	1	22	9
1487	4	2	6	19	25	23	9	14	15	5	18	20	7	1	10	22	17	12	16	8	24	21	13	3	11
1488	1	11	5	21	14	24	7	12	2	3	17	10	25	23	16	4	20	18	22	9	8	15	6	19	13
1489	1	3	5	9	24	2	8	11	14	22	19	4	13	18	10	21	23	12	15	6	7	16	20	17	25
1490	7	18	24	17	10	14	6	13	2	16	9	3	19	23	11	12	21	4	22	1	20	8	25	15	5
1491	24	14	11	4	7	8	5	16	19	10	1	18	23	17	20	6	2	21	22	15	3	25	12	13	9
1492	17	4	22	10	2	25	8	19	16	3	24	1	23	21	12	11	5	18	9	14	13	20	7	15	6
1493	13	6	10	18	19	16	7	12	4	3	2	5	22	21	25	23	20	14	11	15	8	17	24	9	1
1494	13	10	14	11	17	22	24	18	23	7	21	1	6	19	16	8	3	4	25	9	2	15	20	12	5
1495	3	20	7	16	11	12	5	4	2	25	10	23	6	17	19	13	9	1	15	18	14	8	24	22	21
1496	11	20	19	8	18	21	25	9	13	22	2	17	14	23	1	6	15	10	7	4	24	12	16	3	5
1497	25	1	24	15	22	10	2	13	7	16	6	4	14	12	5	23	11	19	18	20	21	3	8	17	9
1498	12	21	2	1	25	4	15	24	6	19	3	7	22	10	17	14	16	13	11	5	9	18	20	8	23
1499	19	6	4	21	10	9	11	8	7	14	3	16	24	1	13	20	23	17	12	2	5	25	15	22	18
1500	18	20	17	8	7	21	16	6	22	19	23	14	11	5	9	1	25	2	15	3	12	4	24	13	10
1501	6	22	24	7	16	8	9	5	19	15	11	14	13	2	4	1	12	18	3	20	23	10	25	21	17
1502	16	20	24	8	18	1	9	19	12	10	4	13	5	2	25	15	7	3	23	6	22	11	17	14	21
1503	16	15	25	18	2	24	13	9	22	12	14	17	5	6	1	3	23	4	8	11	19	21	7	10	20
1504	1	10	25	21	18	11	13	3	16	20	7	4	24	6	2	15	12	14	5	17	9	22	19	8	23
1505	4	24	10	17	1	15	16	11	5	2	22	20	19	8	3	21	18	7	9	23	13	14	25	12	6
1506	21	24	4	13	17	8	10	3	18	5	23	25	19	22	1	20	2	16	12	7	14	6	11	9	15
1507	5	25	7	3	8	10	23	19	24	15	1	17	6	13	9	2	18	21	14	4	16	20	22	11	12
1508	2	11	25	18	12	1	8	6	22	7	21	24	23	9	14	20	10	17	15	5	13	16	4	19	3
1509	19	1	25	2	15	9	3	5	4	13	10	24	14	11	23	22	16	12	17	6	21	20	7	18	8
1510	9	11	15	1	17	16	5	7	10	14	19	21	20	23	3	24	4	13	25	22	18	6	8	2	12
1511	13	25	1	21	11	18	12	7	2	17	3	5	14	9	19	6	10	22	23	4	15	20	16	24	8
1512	7	1	5	24	4	11	23	15	9	20	2	25	13	8	10	17	6	19	3	18	12	22	21	16	14
1513	7	6	17	24	3	23	4	14	19	22	8	11	13	5	25	15	18	20	1	16	12	9	2	21	10
1514	17	22	16	5	1	3	21	2	23	24	19	9	18	6	10	15	11	4	7	25	8	12	14	13	20
1515	25	10	13	18	1	9	11	3	20	24	15	2	14	4	22	21	23	12	17	7	6	8	19	16	5
1516	23	1	3	11	19	2	12	22	24	25	5	7	21	8	14	9	18	17	6	4	20	13	10	16	15
1517	10	5	8	12	24	22	18	4	17	2	16	14	25	23	21	6	19	1	20	13	7	3	9	11	15
1518	22	4	11	21	24	20	14	5	7	2	8	16	12	25	10	18	6	19	1	17	3	23	9	15	13
1519	9	1	6	12	23	15	20	24	17	4	11	18	25	22	8	16	13	14	5	10	19	21	7	2	3
1520	23	9	12	4	6	15	19	22	13	25	2	17	8	24	1	5	20	14	3	18	21	16	7	11	10
1521	11	3	25	22	16	20	15	2	6	1	9	12	13	24	18	5	7	14	10	21	17	4	23	19	8
1522	4	22	18	3	23	13	16	8	6	20	11	12	24	14	1	15	10	5	21	7	9	17	2	19	25
1523	16	14	19	12	20	18	4	15	22	25	13	24	17	23	6	3	11	10	7	1	2	9	5	8	21
1524	18	3	19	20	25	22	11	21	13	1	14	2	8	23	10	6	7	9	24	15	17	5	4	12	16
1525	12	2	15	9	25	20	7	6	22	5	11	3	13	10	8	18	19	21	4	16	14	24	1	17	23
1526	8	20	10	16	2	19	21	6	5	23	13	7	14	15	1	3	17	12	9	11	4	25	24	18	22
1527	9	19	4	5	21	15	17	20	13	24	22	16	10	18	2	11	25	3	6	1	12	23	14	7	8
1528	20	3	19	17	11	5	15	2	10	25	14	13	21	16	7	24	8	4	9	22	6	23	12	18	1
1529	6	7	4	24	22	12	1	19	13	18	11	20	5	3	9	10	14	23	2	15	8	25	17	16	21
1530	21	23	7	3	10	12	20	11	22	4	13	2	25	16	6	1	18	19	14	9	24	17	8	5	15
1531	11	8	21	24	16	7	5	19	1	15	17	18	23	14	4	20	12	25	3	22	6	10	13	9	2
1532	17	22	11	15	20	21	10	2	18	8	24	4	25	1	6	12	5	3	23	16	13	14	7	9	19
1533	19	11	4	6	7	23	25	2	5	8	9	21	22	17	16	20	14	1	13	3	15	24	10	12	18
1534	19	23	22	16	18	25	11	21	17	5	1	12	2	24	7	3	20	13	14	8	4	6	9	15	10
1535	8	7	19	6	21	20	16	13	3	24	1	4	10	25	23	11	9	14	22	18	2	17	5	12	15
1536	5	22	17	2	7	10	1	18	25	16	14	20	15	3	21	24	6	12	8	23	9	4	11	13	19
1537	20	19	12	1	15	13	23	21	3	11	4	14	25	7	18	9	22	8	24	10	16	5	2	17	6
1538	17	3	12	19	14	24	8	25	10	18	9	13	2	16	21	6	7	22	23	11	20	5	4	1	15
1539	21	14	5	9	7	22	18	17	19	6	15	11	2	23	16	13	8	25	12	10	1	20	24	4	3
1540	14	17	2	25	5	15	9	1	20	21	23	4	7	10	8	12	24	3	18	13	11	19	16	6	22
1541	16	11	15	25	20	1	14	4	6	19	12	2	17	22	3	24	21	7	23	10	18	13	8	5	9
1542	3	22	11	12	21	9	25	2	5	24	15	1	16	13	14	23	7	17	6	8	4	20	10	19	18
1543	4	10	25	9	14	1	17	6	8	7	24	22	20	18	15	19	23	2	5	16	12	3	21	11	13
1544	3	17	20	19	5	7	9	10	16	14	23	15	2	13	25	18	4	24	12	8	21	11	22	1	6
1545	1	24	10	15	14	5	11	21	17	2	16	13	9	19	3	20	8	23	18	4	6	22	12	7	25
1546	9	19	11	2	23	12	10	4	6	7	18	21	16	25	14	20	24	17	5	3	1	22	13	15	8
1547	8	12	21	19	20	16	14	13	4	25	6	22	7	10	3	15	17	24	18	9	11	5	1	23	2
1548	5	21	25	13	2	18	7	11	4	3	6	22	15	23	1	10	12	19	24	8	20	14	9	17	16
1549	25	22	19	14	8	18	13	24	9	3	4	7	20	23	16	2	11	17	15	5	12	1	6	10	21
1550	11	9	22	7	2	14	21	15	10	13	17	4	6	12	19	20	23	5	3	25	16	8	1	18	24
1551	22	23	18	1	9	17	7	2	19	25	6	14	5	24	20	15	16	10	12	8	13	3	21	4	11
1552	23	20	16	4	9	1	15	24	13	22	10	21	17	18	2	19	12	25	8	5	3	11	6	7	14
1553	20	3	4	18	10	16	9	15	17	14	1	2	7	24	19	23	13	21	11	5	6	12	22	8	25
1554	20	23	9	7	22	21	8	10	12	3	13	24	18	19	6	16	15	1	17	2	5	4	11	14	25
1555	4	21	1	2	12	20	19	16	11	5	3	22	7	18	10	8	15	24	14	17	23	9	25	13	6
1556	19	1	5	10	23	18	9	11	21	15	14	12	24	8	6	20	13	3	22	25	7	2	4	17	16
1557	18	16	9	4	5	7	2	19	20	6	25	22	17	8	1	15	13	12	11	3	24	23	21	14	10
1558	13	16	12	9	15	20	7	11	19	6	2	24	5	1	21	10	23	22	25	4	18	14	17	3	8
1559	4	12	1	15	9	17	7	13	8	11	21	6	23	18	24	2	20	3	5	14	10	25	22	19	16
1560	13	23	12	2	5	14	18	16	22	20	7	1	8	15	9	4	19	6	25	24	3	10	17	21	11
1561	9	2	18	11	13	21	25	4	20	12	19	10	5	15	23	8	16	24	17	1	3	7	14	6	22
1562	19	18	1	22	7	5	9	11	20	10	25	17	14	15	3	21	8	23	6	16	12	24	4	13	2
1563	21	1	4	2	7	5	16	24	3	15	22	6	17	13	11	8	20	23	9	14	25	19	18	12	10
1564	17	6	4	24	12	23	15	21	18	20	11	13	7	14	2	10	25	1	9	19	16	5	22	8	3
1565	19	13	6	17	20	5	25	9	3	16	2	18	12	11	15	22	21	4	8	24	10	7	14	23	1
1566	10	5	18	24	16	1	2	7	14	23	17	8	6	19	22	3	13	4	21	11	15	25	9	20	12
1567	9	11	2	3	15	6	17	5	20	14	4	22	16	10	8	25	18	7	24	12	1	13	23	19	21
1568	4	24	16	11	2	14	3	5	6	15	1	7	21	23	19	25	22	9	10	8	13	17	12	18	20
1569	20	14	3	16	24	13	11	18	23	21	19	10	15	22	25	12	2	6	5	1	7	8	4	17	9
1570	5	3	11	17	20	24	7	1	16	21	13	23	22	12	10	18	8	4	9	14	6	25	19	15	2
1571	10	15	2	13	25	19	1	14	23	16	9	21	5	4	7	8	17	18	6	12	24	3	20	11	22
1572	12	1	16	15	13	10	6	23	4	2	8	9	21	25	3	20	24	19	18	11	14	22	7	5	17
1573	4	25	20	17	6	21	16	18	1	14	11	10	8	12	13	23	2	22	7	9	5	15	3	24	19
1574	12	20	13	6	11	7	18	16	14	17	5	19	2	25	22	4	8	24	1	23	3	10	15	9	21
1575	1	12	21	20	2	25	17	11	9	22	14	24	6	5	23	18	19	3	4	15	13	8	16	7	10
1576	10	1	17	12	15	19	6	11	22	21	9	18	13	23	24	25	4	16	2	14	3	20	8	7	5
1577	6	17	4	9	25	15	21	23	2	19	24	11	12	22	3	1	20	16	18	7	8	5	13	10	14
1578	4	25	24	2	15	7	11	5	17	12	18	9	20	19	10	23	16	14	22	1	8	13	3	21	6
1579	13	8	25	5	4	6	14	16	7	11	17	21	2	18	22	12	20	9	19	15	3	10	1	23	24
1580	15	12	5	24	23	4	6	2	21	14	3	18	22	20	8	16	13	7	19	17	11	25	9	1	10
1581	14	8	2	11	21	23	4	24	19	25	22	6	16	7	5	17	15	20	1	3	9	18	13	10	12
1582	25	13	3	5	23	7	15	1	9	22	20	11	21	8	19	4	10	16	12	2	18	24	6	14	17
1583	20	6	17	2	18	23	9	10	21	25	24	7	5	11	12	3	1	19	13	8	4	15	14	16	22
1584	23	22	12	14	8	5	3	6	24	11	18	16	13	20	1	9	19	25	4	21	7	15	17	10	2
1585	16	25	3	11	13	18	15	19	2	21	17	5	20	10	4	22	24	9	14	8	6	1	23	7	12
1586	10	22	25	3	20	4	14	13	17	5	12	18	7	15	11	9	16	8	6	21	24	1	19	23	2
1587	15	13	23	9	11	19	4	25	1	5	18	20	8	10	24	2	12	16	17	3	21	7	14	22	6
1588	4	25	16	23	14	12	6	22	13	10	24	8	7	17	5	21	20	3	19	2	15	9	11	1	18
1589	5	3	7	11	18	13	15	17	22	12	21	24	6	10	20	16	4	19	9	23	1	8	2	25	14
1590	3	22	10	8	24	9	18	23	6	7	12	5	25	16	14	4	11	13	17	2	19	21	20	1	15
1591	7	6	22	21	5	12	18	17	24	2	13	23	4	20	14	11	1	9	19	25	15	10	16	3	8
1592	22	11	9	19	24	18	16	7	14	3	6	17	21	10	4	23	20	15	8	25	5	1	2	13	12
1593	25	22	4	6	5	8	7	12	15	1	20	2	23	21	16	18	11	24	19	14	13	9	10	17	3
1594	21	11	23	16	9	18	8	5	24	1	19	3	22	12	7	15	25	14	4	20	17	6	10	2	13
1595	1	15	21	10	8	16	11	6	2	7	5	12	13	9	18	25	23	20	19	24	22	14	17	3	4
1596	10	15	8	22	12	20	9	2	11	1	14	13	19	16	5	7	17	24	4	18	3	21	25	23	6
1597	12	17	8	10	2	18	3	21	5	24	1	22	23	4	11	7	14	19	15	6	20	16	25	9	13
1598	15	2	1	16	4	14	6	20	10	24	22	19	17	7	9	21	13	5	3	8	11	23	12	18	25
1599	9	8	4	10	18	7	2	6	5	3	11	12	19	1	21	15	17	13	20	16	24	23	22	25	14
1600	2	5	15	24	23	7	19	21	10	17	9	3	20	25	1	8	4	13	6	22	14	11	12	18	16
1601	15	4	24	14	10	7	8	16	2	3	5	20	23	17	9	22	21	18	11	19	6	1	12	13	25
1602	11	12	5	23	13	16	3	14	6	4	15	19	2	24	17	9	20	22	21	10	7	18	1	8	25
1603	23	6	22	3	10	25	21	7	13	8	15	16	18	4	5	1	9	12	14	24	19	11	20	2	17
1604	11	7	13	25	9	10	3	18	4	24	8	14	12	22	5	20	16	6	17	15	21	19	2	23	1
1605	4	8	17	13	5	12	15	21	1	20	16	24	6	25	7	11	3	2	10	18	14	22	9	23	19
1606	22	19	5	2	1	15	10	23	18	14	4	16	25	3	11	8	17	12	7	13	9	24	21	20	6
1607	5	4	10	7	18	14	3	21	16	6	13	8	1	24	20	15	22	23	11	2	9	19	25	12	17
1608	13	24	1	22	12	19	11	10	17	16	6	18	23	7	2	21	25	4	3	9	8	5	15	20	14
1609	9	19	17	23	18	24	13	25	21	1	16	11	14	3	4	7	6	22	8	12	2	15	20	10	5
1610	17	18	3	5	13	12	6	15	22	10	11	9	21	25	23	24	20	8	1	14	16	4	2	7	19
1611	8	25	12	14	7	22	15	24	23	20	11	2	5	1	17	9	21	6	13	10	19	3	18	4	16
1612	16	15	6	21	22	19	18	14	1	9	13	10	12	4	20	23	17	2	5	3	11	24	25	7	8
1613	1	17	21	23	20	5	14	15	16	19	7	9	24	2	10	12	11	6	18	8	13	25	4	3	22
1614	24	14	22	8	19	2	11	13	6	4	18	23	16	9	21	3	10	7	12	15	25	1	20	17	5
1615	13	7	20	3	5	15	18	23	1	14	8	24	25	2	16	21	4	19	22	12	10	11	6	17	9
1616	14	16	19	23	1	10	22	3	18	9	20	11	4	12	8	25	6	21	2	17	5	13	24	7	15
1617	3	8	17	13	22	18	21	1	7	6	10	24	25	15	19	11	23	2	4	20	5	12	9	16	14
1618	14	16	7	18	17	25	13	3	8	10	20	11	2	9	4	1	21	23	5	6	24	22	12	15	19
1619	1	4	13	24	8	9	6	11	3	21	12	22	14	5	25	10	16	2	18	23	15	7	20	17	19
1620	25	10	6	19	9	20	15	23	16	22	7	13	24	4	3	21	18	2	11	1	8	14	5	12	17
1621	21	5	7	23	14	10	12	6	9	24	17	11	2	18	8	1	13	20	22	3	25	16	19	15	4
1622	12	20	6	21	13	5	11	24	4	22	1	15	19	17	9	23	3	16	10	8	14	2	7	18	25
1623	9	8	22	15	4	23	25	1	17	16	10	5	19	6	7	12	14	21	13	20	3	24	2	18	11
1624	18	12	9	24	1	14	6	11	15	21	10	2	19	4	13	23	3	5	20	7	16	25	22	8	17
1625	19	3	4	22	9	25	11	1	21	18	12	24	14	13	15	17	16	20	2	7	8	23	6	5	10
1626	19	1	10	13	11	21	20	18	15	2	6	24	17	3	25	8	7	22	9	23	4	16	14	12	5
1627	8	25	10	19	16	1	23	14	24	15	5	4	2	18	7	11	9	13	21	17	12	3	22	6	20
1628	3	10	16	21	23	4	5	18	25	9	2	7	20	8	6	17	14	13	19	22	15	12	24	11	1
1629	5	13	14	15	4	23	17	7	16	10	2	12	22	8	11	20	18	19	3	25	9	21	1	24	6
1630	20	1	18	25	13	14	24	22	17	12	11	4	3	2	15	16	8	21	19	7	23	10	5	9	6
1631	15	2	5	25	6	18	8	3	22	20	17	23	19	13	14	4	11	21	12	16	10	24	7	1	9
1632	3	21	25	20	11	10	6	5	22	1	9	24	18	2	19	8	13	14	4	17	7	16	23	15	12
1633	11	14	15	9	2	4	18	20	17	8	24	1	21	16	19	7	22	13	25	10	6	5	12	3	23
1634	5	8	19	12	10	16	6	24	15	7	4	17	9	3	18	13	22	1	21	14	20	23	2	11	25
1635	13	3	8	21	2	20	6	14	4	11	19	7	18	22	1	17	15	5	16	25	12	9	10	24	23
1636	10	2	25	21	18	5	19	24	16	20	23	11	8	3	4	14	12	7	22	9	1	15	13	6	17
1637	23	24	19	14	20	25	5	6	21	17	8	13	2	7	10	18	9	11	3	4	16	1	15	12	22
1638	4	25	1	19	23	24	10	9	8	14	7	16	18	3	11	17	21	2	22	5	6	20	12	13	15
1639	24	23	15	5	7	21	14	6	18	1	3	9	20	17	25	22	4	13	8	19	2	16	12	11	10
1640	16	18	11	25	5	17	3	19	24	14	2	22	23	15	21	8	1	20	10	7	12	6	13	4	9
1641	4	14	10	3	11	5	7	2	25	22	12	19	9	6	13	23	1	20	8	17	16	24	21	18	15
1642	11	1	17	25	22	12	10	8	21	4	24	18	13	5	20	19	23	9	3	6	15	7	2	14	16
1643	3	10	2	13	6	4	12	15	7	1	17	11	9	21	19	18	14	16	20	24	23	5	22	25	8
1644	21	1	23	10	7	3	22	8	5	12	6	15	18	13	4	20	16	14	17	24	9	11	19	25	2
1645	12	23	18	17	19	1	2	21	6	9	3	14	11	5	4	15	8	22	13	20	10	16	24	25	7
1646	21	1	5	25	22	12	14	6	4	2	8	9	7	24	13	3	20	10	15	16	11	19	23	17	18
1647	23	17	3	1	14	8	13	10	4	5	9	19	22	12	18	15	16	11	20	21	7	6	25	24	2
1648	7	20	17	10	3	16	23	4	18	15	1	14	22	13	6	8	19	25	11	9	24	21	2	5	12
1649	13	9	15	18	22	17	23	11	25	21	3	16	7	20	24	4	19	10	6	1	2	8	14	12	5
1650	15	2	10	7	19	9	18	3	17	16	5	24	1	25	6	22	12	11	4	14	21	8	20	23	13
1651	19	7	10	11	9	8	1	20	2	16	25	15	6	22	24	12	18	17	23	3	13	5	4	21	14
1652	2	25	15	24	19	5	22	3	16	7	17	8	12	14	10	21	4	18	11	20	6	9	13	1	23
1653	3	23	7	14	21	22	13	18	10	11	2	9	4	25	15	8	20	5	19	17	1	6	16	12	24
1654	21	3	10	17	2	14	8	7	5	22	6	25	23	13	20	15	1	12	18	24	9	16	11	19	4
1655	7	16	24	20	6	21	8	22	14	11	10	13	12	18	3	2	23	19	5	17	1	4	15	9	25
1656	21	15	12	23	22	20	6	4	13	24	2	3	11	18	16	14	19	9	8	25	17	7	10	1	5
1657	24	21	3	13	1	17	11	14	15	18	7	20	22	16	4	12	8	19	25	9	5	2	10	6	23
1658	14	4	22	19	18	9	23	1	17	5	25	3	11	8	24	13	20	15	10	21	7	6	2	12	16
1659	14	23	2	6	18	5	8	16	4	13	11	24	15	19	21	22	3	10	7	12	25	1	20	17	9
1660	15	19	5	23	25	9	20	18	8	17	6	12	24	11	3	21	16	2	13	4	1	7	10	22	14
1661	23	1	17	25	5	14	6	4	22	24	21	11	10	20	3	19	13	2	18	12	16	8	7	15	9
1662	10	14	11	6	5	8	18	20	9	15	16	12	1	21	17	22	4	19	24	2	3	13	25	23	7
1663	19	14	24	9	15	4	25	20	21	16	5	13	12	8	1	18	22	11	3	7	23	10	6	17	2
1664	24	15	6	25	22	16	2	23	4	19	18	20	12	1	17	13	21	8	7	10	14	9	11	5	3
1665	4	19	8	16	5	20	12	24	1	25	6	18	13	14	15	7	23	3	21	11	10	22	17	2	9
1666	6	20	4	19	14	18	9	7	12	11	24	21	25	1	8	3	2	13	22	15	17	23	5	10	16
1667	23	6	9	8	7	3	4	20	22	16	10	25	24	15	17	5	1	13	21	2	19	11	12	14	18
1668	15	3	24	22	17	23	2	14	5	19	25	20	7	9	6	8	13	21	1	4	10	16	12	18	11
1669	14	6	5	19	15	1	18	13	25	17	8	9	11	21	22	10	24	16	7	20	23	3	12	4	2
1670	11	8	3	4	13	16	25	24	2	19	7	1	5	12	14	10	9	22	15	23	17	6	20	18	21
1671	9	4	1	15	17	24	5	20	21	7	2	18	23	19	25	16	8	14	22	11	13	10	3	12	6
1672	6	25	13	3	9	10	5	1	4	23	22	8	16	12	24	11	17	20	7	2	21	15	14	18	19
1673	13	10	25	4	11	8	18	21	14	22	24	23	20	5	6	19	16	15	3	17	7	1	2	12	9
1674	1	11	17	5	14	10	9	12	6	16	8	15	18	20	2	25	24	13	21	23	19	3	4	7	22
1675	23	24	15	2	22	13	21	3	10	17	8	14	18	5	19	25	9	11	12	16	1	20	4	7	6
1676	20	24	19	13	25	23	17	16	10	3	5	15	21	22	9	7	1	2	8	14	11	6	18	12	4
1677	3	25	20	18	10	17	23	22	11	24	8	6	5	9	1	12	15	19	7	4	13	21	2	16	14
1678	11	20	2	24	25	19	17	10	18	5	16	14	13	8	21	12	4	1	9	22	7	15	23	3	6
1679	19	8	17	24	15	23	6	11	22	25	7	12	5	20	4	1	18	2	16	10	21	13	3	14	9
1680	14	23	4	12	3	25	16	2	22	9	7	5	10	15	6	20	18	19	11	1	13	8	21	17	24
1681	14	13	1	23	17	2	7	20	9	3	19	8	24	22	21	5	11	12	6	15	25	18	16	4	10
1682	17	22	4	10	5	3	19	23	25	8	21	9	24	2	7	15	18	6	16	12	1	14	20	13	11
1683	3	5	6	2	18	24	1	21	14	4	11	20	16	25	8	23	13	19	17	10	22	12	7	9	15
1684	21	11	6	4	24	10	9	19	23	1	12	25	18	7	8	16	3	5	2	14	15	20	17	13	22
1685	1	24	16	9	21	13	19	6	20	5	18	25	15	12	11	10	2	7	23	14	22	4	8	3	17
1686	6	22	23	25	20	24	1	7	18	12	5	15	19	10	4	9	16	2	17	8	13	14	11	21	3
1687	12	7	3	25	8	5	11	18	6	16	19	23	15	9	20	1	2	17	10	14	24	13	22	21	4
1688	16	13	21	15	4	7	23	18	25	3	11	14	1	24	6	2	19	8	12	5	22	17	20	10	9
1689	3	9	6	25	22	20	18	13	17	19	15	4	2	12	21	1	16	23	14	10	5	24	8	11	7
1690	17	4	13	14	21	10	6	7	9	1	25	22	18	15	5	20	2	8	3	19	12	16	24	11	23
1691	10	14	18	21	9	3	24	25	1	22	13	23	5	12	15	4	6	11	7	16	8	19	20	2	17
1692	8	1	12	15	21	18	16	24	3	9	5	4	17	20	11	22	25	7	2	23	13	14	19	10	6
1693	4	3	19	12	22	20	24	23	6	9	21	15	18	8	13	16	1	5	2	7	11	10	25	17	14
1694	11	18	13	25	20	23	4	12	16	5	9	22	8	24	19	21	7	3	6	17	15	2	1	14	10
1695	24	11	20	14	2	19	15	4	22	9	13	10	6	5	3	8	16	17	21	25	12	23	7	1	18
1696	5	11	15	20	8	23	1	16	7	19	10	6	18	4	21	17	24	22	9	25	2	3	13	14	12
1697	3	1	20	13	6	25	11	14	2	21	8	23	22	9	15	24	10	5	17	16	18	7	12	4	19
1698	12	8	21	18	20	9	4	11	6	1	3	16	23	2	25	19	13	17	22	5	7	15	14	10	24
1699	12	11	25	2	21	9	24	6	3	19	17	1	20	7	10	23	22	14	18	4	16	15	5	13	8
1700	24	17	12	9	6	7	14	18	8	10	20	11	21	1	5	2	4	16	15	19	25	3	23	13	22
1701	10	18	24	17	13	16	15	5	25	22	11	12	9	1	23	4	14	21	2	6	3	7	8	20	19
1702	9	13	16	22	20	11	1	7	17	25	15	14	21	10	8	2	24	3	19	12	18	5	6	23	4
1703	20	1	17	16	8	10	2	13	22	9	23	7	19	24	3	21	18	14	12	15	6	5	25	11	4
1704	20	8	21	7	14	11	9	10	19	4	3	15	24	1	25	17	18	5	6	23	22	13	12	2	16
1705	9	13	7	17	15	8	24	23	19	2	11	4	25	12	18	3	6	20	16	1	14	22	10	5	21
1706	24	5	19	11	10	22	13	7	12	4	23	15	18	3	21	2	9	8	25	6	1	17	20	16	14
1707	21	23	14	16	12	5	17	10	9	8	6	25	1	2	22	4	3	19	18	7	11	24	20	15	13
1708	2	5	1	9	24	18	3	12	20	17	25	15	22	14	11	13	21	19	7	10	6	8	4	23	16
1709	19	14	15	9	12	22	6	7	4	17	11	16	2	10	3	13	8	5	21	18	23	1	25	24	20
1710	17	1	18	25	13	3	21	4	7	15	9	8	14	24	6	5	10	2	22	23	19	16	20	11	12
1711	10	17	8	13	9	16	2	12	21	18	23	1	5	15	7	3	4	19	11	14	20	25	6	24	22
1712	20	23	6	1	8	19	5	17	11	21	12	10	4	22	7	18	14	24	13	2	15	3	16	9	25
1713	22	2	3	5	23	9	21	1	17	13	15	4	8	19	20	6	14	24	11	12	10	7	18	16	25
1714	23	1	19	2	20	7	14	12	3	18	5	6	10	8	25	13	4	11	9	16	17	22	15	24	21
1715	23	21	2	8	22	15	10	17	18	19	24	6	3	4	9	25	11	16	14	13	7	5	1	12	20
1716	3	17	19	22	10	21	20	14	9	2	6	11	5	25	1	4	18	13	24	12	16	8	7	23	15
1717	25	8	17	9	3	19	6	5	4	23	24	21	15	1	7	10	11	18	12	16	22	14	2	13	20
1718	9	5	17	6	15	20	4	7	22	19	11	10	24	1	23	13	21	3	2	25	8	18	12	14	16
1719	13	11	20	12	16	7	21	23	8	9	10	17	3	25	24	2	22	19	1	4	6	14	5	15	18
1720	25	24	13	5	2	14	11	20	22	21	16	6	10	4	15	3	9	12	7	1	23	18	17	19	8
1721	12	2	9	18	10	1	23	20	15	6	4	13	14	5	21	17	25	3	11	16	22	7	8	19	24
1722	4	10	17	16	6	18	22	14	19	12	3	7	23	9	13	5	24	11	2	25	1	20	21	15	8
1723	15	12	1	25	2	7	19	13	11	21	17	24	20	14	16	3	22	23	10	4	5	18	9	8	6
1724	4	22	24	25	23	3	13	19	2	8	17	11	10	12	7	1	16	20	9	18	14	6	15	21	5
1725	18	24	11	23	20	15	4	21	13	6	1	25	22	16	8	17	2	10	14	5	12	9	3	7	19
1726	9	6	2	7	11	4	1	5	22	17	25	20	18	10	12	24	23	3	15	14	19	21	13	16	8
1727	20	18	10	15	16	11	17	23	2	25	5	8	14	1	9	13	19	4	7	3	22	6	12	24	21
1728	7	23	13	21	24	15	17	4	3	14	1	20	8	19	11	25	22	9	6	16	10	2	18	5	12
1729	11	25	3	4	14	23	2	7	22	9	5	6	17	21	15	10	1	12	18	8	19	24	13	20	16
1730	1	11	14	4	19	7	16	23	18	15	3	17	2	25	10	12	24	6	20	21	13	8	9	5	22
1731	17	14	15	1	20	10	21	12	6	18	4	8	11	3	9	25	7	24	23	22	19	5	16	2	13
1732	23	2	20	10	13	8	25	11	5	14	3	17	22	21	6	9	7	1	19	12	18	16	4	15	24
1733	18	5	8	7	11	24	15	17	10	4	12	20	16	1	22	19	2	13	23	21	14	9	3	6	25
1734	5	1	22	7	12	4	14	2	3	19	20	18	13	15	10	21	23	16	17	9	6	11	8	24	25
1735	17	3	2	13	14	4	1	19	9	6	21	18	22	15	16	25	10	20	11	24	5	7	23	12	8
1736	8	18	23	19	14	25	22	16	24	20	4	2	11	10	13	15	17	6	1	7	12	9	21	5	3
1737	12	11	4	9	3	21	22	6	16	7	23	18	13	20	1	2	8	10	24	19	15	14	5	25	17
1738	22	23	9	6	1	3	4	2	17	5	19	20	7	25	21	16	15	8	14	11	13	18	12	10	24
1739	5	24	11	21	7	9	16	18	19	6	3	25	14	1	8	23	17	13	2	4	22	12	10	15	20
1740	13	21	15	9	6	7	1	23	22	14	19	3	11	8	18	16	12	17	4	2	20	5	10	24	25
1741	12	3	23	1	10	16	4	5	21	9	25	14	24	18	7	13	15	8	6	11	20	2	17	19	22
1742	3	14	18	2	23	16	11	13	21	8	19	12	22	15	24	6	4	7	10	5	1	25	20	9	17
1743	10	8	17	13	1	7	22	18	16	15	4	2	14	25	12	3	23	6	21	24	19	9	5	11	20
1744	4	2	11	1	13	15	17	18	19	24	14	6	23	8	3	16	5	12	10	22	21	25	9	7	20
1745	14	5	24	1	9	25	10	12	16	4	15	23	13	7	20	21	22	3	6	17	19	8	11	18	2
1746	6	24	13	14	16	19	2	3	9	18	11	5	12	10	8	25	15	7	1	22	4	21	23	17	20
1747	10	14	2	24	17	1	15	16	19	6	25	4	5	21	9	18	11	12	20	7	13	23	3	22	8
1748	14	22	15	4	2	7	24	9	16	21	3	6	8	25	19	17	10	23	11	13	5	20	18	1	12
1749	21	9	1	4	23	10	20	2	12	3	22	7	15	5	25	14	8	6	18	17	24	11	13	19	16
1750	14	16	4	13	10	9	17	21	18	2	8	11	7	6	15	12	25	5	1	19	22	24	20	23	3
1751	12	19	1	24	10	25	16	18	9	23	21	8	22	13	11	14	17	2	5	6	7	4	3	20	15
1752	21	14	11	18	25	24	7	3	17	13	1	22	10	19	6	5	23	12	9	8	2	20	15	4	16
1753	13	22	25	7	15	2	20	21	19	23	8	24	4	10	14	18	17	6	11	16	9	5	1	3	12
1754	6	24	18	25	3	7	21	17	16	2	13	1	22	23	15	4	9	10	11	14	8	12	19	5	20
1755	1	6	10	8	18	22	7	4	11	19	20	12	3	25	21	5	17	24	15	13	16	9	14	2	23
1756	11	16	23	10	1	15	3	4	12	5	7	24	17	8	13	6	9	19	20	21	2	25	14	22	18
1757	22	3	2	21	24	20	11	13	18	15	10	9	1	19	17	8	16	23	6	14	5	7	4	25	12
1758	17	15	4	12	6	18	2	5	9	22	14	24	3	25	7	10	20	16	19	8	21	23	13	11	1
1759	21	14	10	13	6	15	25	3	4	7	2	24	22	5	11	23	20	9	19	8	18	12	1	16	17
1760	21	3	1	12	7	13	15	4	24	19	11	9	23	8	10	25	2	20	18	17	16	22	5	14	6
1761	23	18	1	22	16	6	11	7	8	19	2	25	12	24	5	15	10	13	21	3	14	9	4	20	17
1762	21	25	19	9	15	4	10	20	5	23	14	11	2	6	1	3	7	18	8	24	13	22	17	12	16
1763	13	1	17	3	6	15	2	12	21	14	11	8	10	25	18	4	19	23	7	22	24	5	16	20	9
1764	7	5	25	9	18	24	12	11	14	17	2	8	1	10	16	19	4	13	3	20	21	22	23	6	15
1765	4	2	18	19	21	7	12	24	15	14	9	25	13	23	5	3	20	6	17	8	16	11	22	1	10
1766	7	25	8	22	15	18	17	24	3	11	20	5	12	14	23	16	21	6	10	19	4	1	13	9	2
1767	2	3	21	10	5	16	20	1	15	23	9	6	8	4	12	19	18	7	22	13	14	17	24	25	11
1768	7	10	3	23	9	16	6	17	12	13	25	2	14	24	19	5	8	15	18	20	4	22	11	1	21
1769	9	18	6	13	25	1	14	11	24	3	16	23	7	8	2	22	10	15	19	4	5	20	21	17	12
1770	18	23	3	15	21	24	22	19	14	13	4	17	20	6	8	16	9	1	2	5	10	25	7	11	12
1771	13	3	23	21	9	6	2	15	14	8	17	16	4	12	18	25	10	5	24	19	11	1	7	22	20
1772	8	16	17	11	10	2	21	4	15	20	1	22	5	23	6	24	9	13	19	7	12	14	3	25	18
1773	19	24	15	25	16	18	13	2	1	5	10	7	17	21	23	12	3	9	6	20	4	8	22	11	14
1774	20	2	13	18	4	9	8	11	24	16	19	21	7	5	17	3	15	22	23	1	6	10	14	25	12
1775	21	13	12	2	22	4	24	16	15	11	3	20	9	5	19	23	6	1	7	18	25	17	8	10	14
1776	21	10	24	13	16	23	5	6	9	4	15	20	14	2	25	17	19	22	18	7	11	3	1	8	12
1777	23	18	19	11	15	14	12	7	25	13	10	1	16	2	22	8	20	21	3	5	6	24	4	17	9
1778	3	7	21	25	11	17	14	5	19	23	18	24	13	6	12	4	1	10	2	20	9	15	22	16	8
1779	5	25	4	14	19	2	15	13	10	1	11	9	24	23	8	17	16	3	7	18	22	12	20	21	6
1780	14	5	7	16	6	18	24	2	8	4	9	23	22	15	21	25	10	20	12	3	11	13	1	17	19
1781	13	7	18	17	19	5	21	25	12	24	23	10	4	2	3	1	9	11	22	14	16	20	15	8	6
1782	11	15	25	9	3	1	21	14	8	2	17	5	10	20	19	12	6	4	23	16	22	7	18	13	24
1783	23	6	20	5	2	21	19	8	11	24	12	7	13	17	1	15	16	25	10	9	14	4	18	3	22
1784	17	2	8	9	20	19	21	14	13	5	1	7	22	12	11	6	15	10	18	3	23	16	4	25	24
1785	15	2	7	4	10	20	25	22	11	13	17	21	14	9	12	5	8	6	16	18	1	24	23	3	19
1786	3	5	13	20	6	8	17	1	18	21	25	19	16	15	14	12	24	9	4	7	2	23	10	22	11
1787	7	2	21	13	6	12	24	8	20	4	16	14	23	17	5	1	9	11	25	22	19	18	10	15	3
1788	7	8	24	2	21	3	25	22	14	17	18	10	15	16	23	4	11	5	1	6	19	13	20	9	12
1789	1	13	9	11	16	24	22	25	18	7	15	14	2	12	6	21	3	19	20	23	8	10	4	17	5
1790	19	24	21	17	22	25	11	13	5	10	23	4	15	12	7	18	2	20	14	9	3	6	8	16	1
1791	20	24	16	21	11	9	6	18	23	14	15	12	10	25	17	5	13	19	1	22	7	4	2	3	8
1792	10	8	1	13	2	18	9	6	22	25	19	5	24	20	21	7	15	4	14	11	12	17	3	16	23
1793	15	11	23	8	22	3	1	13	25	14	16	21	5	17	12	24	20	9	10	7	2	4	6	19	18
1794	2	9	24	10	12	17	20	1	18	4	8	14	19	11	22	25	15	16	3	5	23	6	21	13	7
1795	17	10	7	3	20	15	8	18	6	23	9	12	24	14	5	16	2	13	21	11	25	1	22	4	19
1796	18	25	2	22	14	16	6	20	23	5	12	10	19	15	21	8	9	24	13	1	4	11	7	17	3
1797	23	15	22	11	8	14	1	12	21	13	4	2	25	9	6	19	16	18	7	5	10	24	3	17	20
1798	25	3	16	12	24	11	9	1	13	10	18	4	6	14	7	20	21	23	19	15	5	8	22	17	2
1799	22	3	15	7	18	1	19	16	2	23	8	13	24	25	4	5	21	20	11	9	6	12	10	17	14
1800	10	7	13	14	19	15	9	18	16	21	4	24	20	5	1	3	2	6	22	23	12	11	8	17	25
1801	14	15	4	5	11	13	25	17	22	9	24	16	10	18	20	1	2	3	23	6	7	8	12	19	21
1802	16	6	3	20	21	24	15	22	10	8	1	7	9	14	11	12	13	25	23	19	4	5	17	18	2
1803	17	13	1	2	3	23	25	8	22	21	11	12	20	7	16	4	14	18	5	10	15	24	19	6	9
1804	8	13	5	17	14	15	7	19	12	6	10	22	20	24	1	2	3	21	4	18	11	25	9	16	23
1805	3	5	4	6	9	15	21	10	18	16	24	7	11	13	17	22	8	14	12	23	25	2	1	19	20
1806	1	13	20	15	21	25	8	23	14	16	24	7	2	19	17	3	12	5	4	18	6	22	11	9	10
1807	8	20	24	19	3	7	14	2	5	23	11	15	1	16	25	13	22	9	21	4	18	17	6	10	12
1808	7	4	25	12	13	18	5	11	24	3	20	21	15	19	22	2	10	17	9	23	8	6	1	14	16
1809	8	7	3	22	13	24	1	4	25	6	10	15	11	21	17	12	18	14	20	19	9	23	2	16	5
1810	11	24	22	2	4	8	6	13	21	14	1	12	15	25	19	16	5	7	23	3	9	18	10	20	17
1811	9	21	14	17	18	3	19	11	10	13	16	12	8	25	1	24	6	5	4	20	22	23	15	2	7
1812	22	8	18	17	4	23	7	16	11	2	3	12	19	10	6	14	5	1	25	24	13	20	21	9	15
1813	15	9	5	8	14	19	17	23	4	2	18	24	11	3	20	6	25	12	13	21	1	7	16	10	22
1814	7	13	14	4	17	10	24	6	15	9	22	1	8	19	16	21	2	11	12	23	25	3	5	20	18
1815	7	5	14	18	15	16	20	12	8	17	4	2	13	24	6	1	3	22	19	21	25	9	23	11	10
1816	16	10	12	13	8	7	15	25	18	5	24	21	23	6	3	4	22	14	17	1	19	9	11	20	2
1817	19	18	17	24	6	16	4	9	5	2	21	20	11	8	25	14	23	15	7	1	13	3	10	12	22
1818	7	14	22	1	20	10	11	15	12	13	24	9	8	17	4	25	23	3	5	19	2	21	18	6	16
1819	10	19	2	4	1	25	12	22	5	3	21	9	13	20	7	23	15	14	8	6	16	11	17	18	24
1820	2	6	17	16	14	4	11	12	9	7	19	8	20	18	24	25	15	10	1	3	5	21	23	22	13
1821	25	21	4	5	10	12	11	8	16	20	1	2	9	7	13	14	17	18	24	23	6	22	15	19	3
1822	12	11	6	18	17	2	19	4	5	20	16	9	25	24	10	15	21	22	13	14	1	23	8	7	3
1823	13	24	15	21	7	12	18	3	1	14	23	6	8	10	16	4	2	25	5	9	20	17	22	19	11
1824	24	16	20	12	7	4	9	13	18	1	15	19	2	11	17	8	5	10	3	23	25	22	14	21	6
1825	1	10	19	7	9	24	16	2	15	13	18	6	8	5	23	25	12	21	4	20	22	11	17	3	14
1826	11	23	14	22	8	4	9	17	3	20	15	10	21	2	6	12	5	13	1	18	7	25	24	19	16
1827	9	11	22	23	2	12	7	10	25	1	16	21	8	20	17	18	3	14	24	19	6	4	13	15	5
1828	12	4	25	21	23	6	13	5	16	14	9	24	19	17	22	2	20	3	11	7	10	18	15	8	1
1829	7	15	23	17	6	13	22	14	24	19	21	8	4	1	11	12	5	9	2	25	20	18	16	3	10
1830	20	18	9	17	4	2	12	6	22	5	23	19	7	1	3	14	11	15	16	25	24	10	13	8	21
1831	18	8	10	13	22	11	19	20	3	9	16	1	4	6	7	21	24	2	14	15	17	5	25	23	12
1832	16	6	23	20	2	15	18	17	12	1	3	8	14	7	25	21	9	22	10	19	24	5	13	11	4
1833	7	2	8	10	24	23	11	4	20	13	15	1	18	5	12	21	14	16	6	3	9	17	22	19	25
1834	4	8	15	9	2	16	14	19	24	21	11	23	5	17	12	1	10	22	6	18	7	20	13	25	3
1835	5	13	25	7	6	3	15	9	2	18	11	19	8	21	12	22	1	20	4	23	16	14	10	17	24
1836	23	17	7	19	12	18	5	25	1	21	4	20	14	24	16	8	11	22	13	6	15	3	10	2	9
1837	9	11	25	3	15	10	7	13	4	22	17	24	19	1	12	8	20	14	2	16	21	18	23	6	5
1838	16	18	17	21	19	10	22	20	6	3	9	8	23	15	5	1	14	2	4	11	13	24	7	12	25
1839	12	20	23	13	16	8	19	2	7	15	3	14	22	24	21	5	1	11	10	18	4	25	9	17	6
1840	20	25	2	12	15	14	13	5	7	16	1	22	21	23	10	3	24	19	17	8	11	9	18	6	4
1841	21	11	13	16	3	12	22	25	18	14	15	1	23	7	9	10	20	4	5	8	19	17	6	24	2
1842	10	13	9	5	21	23	15	1	7	22	19	14	25	8	17	18	4	6	16	12	20	2	3	11	24
1843	9	25	6	1	23	21	3	22	24	17	12	16	2	8	10	5	14	11	19	20	13	4	15	18	7
1844	25	1	6	4	14	24	20	15	22	16	19	11	9	7	17	12	23	8	18	3	10	2	5	21	13
1845	25	14	19	24	9	10	6	17	4	1	22	11	12	13	15	18	3	23	16	21	20	8	5	2	7
1846	5	6	2	10	25	17	7	11	16	8	18	20	19	23	22	12	21	13	4	1	14	9	15	3	24
1847	8	7	4	23	25	21	2	18	17	1	5	6	3	12	11	15	13	19	24	20	22	10	14	16	9
1848	13	1	8	20	16	18	10	6	21	15	3	4	5	17	23	25	22	7	9	14	2	11	12	24	19
1849	5	2	10	13	22	8	23	9	19	15	20	3	18	6	4	1	25	16	7	14	12	11	21	24	17
1850	25	8	12	9	24	17	6	10	2	21	13	19	23	18	20	3	15	7	14	11	16	4	1	5	22
1851	6	13	20	19	16	14	1	15	22	4	17	9	12	11	7	23	25	24	5	10	21	3	18	8	2
1852	4	17	9	10	20	5	8	21	18	14	22	7	3	1	13	19	15	12	6	16	2	23	11	24	25
1853	10	3	22	7	12	25	2	9	20	19	14	8	15	4	16	6	23	21	5	1	11	17	13	18	24
1854	25	10	1	14	18	16	7	23	8	5	15	3	17	13	20	2	21	22	6	4	12	19	11	24	9
1855	4	6	2	18	16	3	8	11	1	12	17	10	19	9	23	13	14	20	15	7	22	21	25	24	5
1856	17	6	9	2	10	22	4	19	16	21	7	23	25	5	3	20	24	18	11	15	12	14	13	1	8
1857	12	24	13	25	6	23	21	16	9	18	17	20	19	4	10	1	22	7	5	8	15	11	14	3	2
1858	5	16	1	19	18	22	23	24	17	2	9	25	12	10	15	6	3	8	21	11	20	4	7	13	14
1859	20	12	15	8	24	6	9	19	14	16	1	21	23	22	4	18	13	25	5	3	17	10	7	2	11
1860	10	18	7	20	5	4	23	15	1	12	8	21	13	16	6	17	11	14	9	24	25	22	3	2	19
1861	24	20	10	21	11	23	25	9	7	8	4	6	15	12	17	3	19	14	1	5	16	18	22	13	2
1862	7	15	9	10	17	20	3	5	11	19	23	24	2	1	25	6	18	14	13	4	22	16	21	12	8
1863	9	24	5	17	18	20	23	6	4	15	16	1	11	10	25	14	3	21	8	19	22	12	7	13	2
1864	17	12	21	3	10	24	19	8	20	13	4	7	5	18	14	16	2	22	11	25	6	1	9	15	23
1865	6	25	2	5	24	18	22	9	7	17	1	11	3	13	21	23	16	10	19	12	14	4	8	15	20
1866	8	16	7	5	24	12	2	17	23	19	3	6	11	1	25	13	15	18	4	9	10	14	20	22	21
1867	23	13	20	21	22	8	18	12	7	9	4	15	5	11	2	24	17	25	16	3	6	1	19	14	10
1868	4	17	1	6	24	7	12	11	2	10	23	22	14	21	15	8	25	5	16	3	9	20	13	18	19
1869	21	18	23	20	5	11	25	17	16	3	14	22	9	10	15	2	19	1	4	12	6	13	8	7	24
1870	23	2	3	18	24	6	12	14	17	19	8	15	4	11	20	25	5	16	7	21	1	13	9	10	22
1871	6	10	15	25	2	20	13	21	23	1	12	22	3	9	5	19	16	4	11	8	7	24	17	18	14
1872	24	5	11	14	21	10	19	12	13	6	9	2	23	25	20	17	18	1	15	8	22	16	3	4	7
1873	18	3	23	2	14	21	6	15	13	5	20	11	17	8	24	22	4	25	12	16	9	7	1	19	10
1874	14	12	17	3	10	6	19	2	8	9	4	18	11	15	1	23	7	16	20	22	13	25	21	24	5
1875	22	19	5	13	14	24	16	15	20	7	25	6	12	1	17	21	8	23	11	4	10	3	2	9	18
1876	5	14	17	4	23	9	2	13	7	18	15	12	11	19	10	6	25	24	22	1	21	16	3	8	20
1877	13	7	6	22	10	18	23	11	5	16	12	3	25	2	19	8	9	1	14	4	17	15	21	24	20
1878	11	8	23	15	9	20	14	21	2	24	18	10	3	7	16	12	13	4	1	19	25	5	22	17	6
1879	8	7	20	12	9	4	24	13	17	6	15	14	1	16	2	19	23	21	10	22	25	3	5	18	11
1880	11	18	22	15	25	7	12	19	10	6	16	9	4	1	20	2	17	3	24	23	5	8	13	14	21
1881	4	18	15	11	2	19	20	16	14	12	23	3	25	10	24	8	7	6	13	21	22	5	17	1	9
1882	22	12	14	1	6	18	23	17	7	13	20	9	4	11	10	24	15	16	3	25	5	2	21	19	8
1883	12	13	11	16	8	20	2	6	10	4	24	3	14	7	23	17	19	21	5	9	25	15	18	22	1
1884	11	10	16	25	13	2	19	3	9	20	4	12	5	15	24	7	23	6	1	14	22	18	8	17	21
1885	21	4	8	20	23	25	15	24	14	19	9	16	18	7	22	17	11	13	10	1	6	5	3	12	2
1886	19	15	10	22	12	5	24	17	14	3	13	25	18	7	23	11	6	2	9	21	8	20	1	16	4
1887	7	5	25	13	12	15	19	1	16	17	20	24	9	14	11	6	21	23	10	22	2	8	18	3	4
1888	10	16	19	3	5	18	14	7	9	20	12	17	24	4	23	15	2	13	25	21	8	11	1	6	22
1889	23	15	18	3	10	5	11	9	21	12	22	7	14	20	19	4	17	16	25	6	24	1	2	13	8
1890	10	9	25	11	15	16	22	24	18	5	7	8	19	1	2	23	21	3	20	14	12	13	17	6	4
1891	23	13	15	14	21	5	18	24	17	9	16	10	7	25	22	19	6	3	2	11	4	20	12	8	1
1892	22	18	10	2	23	1	25	21	12	4	3	20	11	15	7	14	24	9	5	17	8	19	13	6	16
1893	24	20	15	14	3	6	7	12	16	5	4	8	11	25	9	1	2	23	22	21	19	18	17	13	10
1894	11	19	20	24	12	2	17	7	3	23	21	16	6	25	13	10	22	4	15	9	5	14	18	1	8
1895	8	9	6	25	4	23	3	2	24	16	18	20	13	11	21	12	17	22	7	10	15	19	14	1	5
1896	15	25	7	13	19	10	23	21	8	17	5	4	20	3	18	2	14	24	16	9	1	22	11	12	6
1897	10	11	6	18	15	14	12	3	8	4	24	9	21	22	2	20	7	23	19	1	16	13	25	17	5
1898	4	15	23	19	3	12	20	24	16	11	14	7	9	25	8	1	6	10	13	2	21	22	5	18	17
1899	1	3	18	20	4	19	10	24	22	2	15	9	8	12	6	11	13	5	21	23	14	17	7	16	25
1900	23	10	7	21	25	11	8	12	22	14	20	13	24	5	1	18	3	6	15	9	16	17	2	19	4
1901	14	3	5	21	17	8	11	9	18	7	22	6	12	15	19	2	4	13	25	1	16	23	20	24	10
1902	15	20	9	13	16	14	10	17	8	25	5	1	18	12	3	11	21	2	19	6	24	22	4	23	7
1903	20	3	5	14	9	19	16	8	25	12	6	18	4	7	22	2	21	15	10	24	1	13	23	11	17
1904	2	21	19	11	24	13	8	23	1	25	5	9	14	3	22	6	10	7	16	20	18	4	17	12	15
1905	18	19	20	12	15	11	22	8	7	6	2	23	5	1	4	3	14	25	13	10	24	21	17	16	9
1906	23	20	10	5	21	9	25	19	24	17	6	1	18	15	7	8	16	14	12	11	2	4	3	13	22
1907	17	7	12	18	13	14	15	1	19	3	10	2	4	24	22	8	25	21	20	11	16	9	6	5	23
1908	23	15	6	1	19	2	8	5	16	20	22	10	25	7	14	11	9	18	24	21	4	12	17	13	3
1909	16	1	20	12	22	25	8	13	17	2	10	18	4	9	6	5	23	19	24	15	14	21	7	11	3
1910	6	18	1	23	2	12	9	3	20	14	7	13	4	10	17	21	22	8	5	11	25	16	24	15	19
1911	16	6	21	11	5	17	25	10	15	7	9	3	24	22	13	19	20	4	2	8	23	18	12	1	14
1912	8	5	24	17	13	20	4	3	16	21	11	25	23	12	22	14	9	15	18	2	1	7	19	6	10
1913	25	7	20	1	19	2	16	24	10	17	8	12	9	22	15	6	11	21	4	23	13	18	3	5	14
1914	7	1	20	15	24	2	12	23	11	4	13	17	9	21	8	5	25	16	22	6	14	10	19	18	3
1915	1	3	16	9	20	15	11	21	8	23	19	4	10	24	7	2	12	5	6	18	13	17	14	25	22
1916	5	17	8	10	14	2	4	6	12	1	16	13	7	19	22	9	20	3	25	23	18	24	11	21	15
1917	15	17	7	8	5	4	2	16	23	21	1	20	24	11	13	9	14	18	6	22	19	12	10	3	25
1918	23	22	3	25	21	17	20	7	1	12	18	8	14	9	15	24	11	2	6	10	19	5	13	4	16
1919	14	23	21	9	7	6	11	25	13	10	15	5	16	22	20	18	2	19	12	3	17	8	4	24	1
1920	2	24	3	21	1	25	10	18	23	16	17	15	13	14	6	12	8	4	22	5	7	11	9	20	19
1921	13	18	9	1	24	4	19	23	10	14	22	21	2	25	17	11	7	16	20	3	12	15	6	5	8
1922	5	24	10	8	18	9	12	7	11	25	17	15	2	13	19	3	21	23	14	6	20	1	22	16	4
1923	2	3	11	23	4	24	25	16	15	19	8	10	18	20	13	7	22	9	6	5	17	12	21	1	14
1924	13	1	11	19	25	10	23	3	20	7	4	18	5	6	15	24	16	21	8	14	9	17	22	12	2
1925	12	9	21	23	24	16	4	5	2	11	3	8	25	17	19	1	22	7	6	14	13	10	18	15	20
1926	9	19	8	21	12	10	5	14	23	25	24	15	1	6	3	11	13	2	16	7	22	18	20	17	4
1927	24	19	1	11	17	13	7	9	14	15	10	8	21	12	3	23	16	22	5	20	6	2	4	25	18
1928	16	24	4	17	19	15	8	18	21	3	7	13	20	11	25	6	5	2	9	22	14	1	23	12	10
1929	3	1	10	9	5	25	11	18	2	4	12	16	21	7	17	14	6	13	22	8	19	23	24	20	15
1930	23	17	2	20	25	18	8	9	6	5	1	21	16	15	22	19	4	24	11	13	3	7	10	14	12
1931	8	1	18	16	9	7	3	20	6	21	15	25	11	23	22	14	5	4	13	19	24	2	12	10	17
1932	5	19	23	6	22	1	21	11	3	15	18	9	10	2	13	4	8	16	25	24	20	7	14	12	17
1933	22	13	14	3	12	8	5	7	16	2	21	25	20	9	15	19	17	11	4	1	6	10	24	23	18
1934	9	1	6	22	24	23	12	7	16	17	14	5	15	11	13	10	8	3	18	25	4	20	19	21	2
1935	19	24	2	17	7	15	20	6	23	11	16	3	10	18	12	13	22	25	4	1	21	14	9	5	8
1936	16	2	9	3	24	22	4	12	11	23	5	15	6	14	20	10	21	19	1	8	7	25	18	13	17
1937	25	21	9	20	23	14	8	2	15	12	6	22	24	17	19	11	5	16	13	18	4	7	10	1	3
1938	23	8	11	16	19	17	5	25	15	9	1	6	22	24	13	10	4	18	20	21	3	2	7	12	14
1939	10	25	20	3	11	1	14	22	24	13	2	18	23	6	7	5	15	16	12	21	9	4	17	8	19
1940	15	19	24	20	12	7	13	3	23	25	22	8	18	9	2	21	17	16	6	1	4	5	14	10	11
1941	16	12	10	17	2	5	11	9	3	18	7	20	6	14	23	19	4	13	24	15	21	1	25	8	22
1942	1	4	16	13	11	21	10	15	3	19	17	7	2	8	24	23	14	12	18	6	22	5	9	20	25
1943	17	13	2	5	4	10	6	19	14	15	3	16	8	24	7	23	11	21	20	22	25	12	18	9	1
1944	15	14	3	10	22	2	24	23	4	5	16	18	19	8	6	1	13	7	20	12	17	21	11	25	9
1945	18	24	12	2	15	14	21	5	8	4	23	13	25	6	3	16	7	20	11	1	22	19	9	17	10
1946	11	21	15	4	2	22	16	14	13	9	7	5	8	6	10	1	12	24	18	23	25	19	20	3	17
1947	12	1	23	11	18	9	20	6	19	15	22	10	25	16	7	8	24	17	4	5	3	21	2	14	13
1948	3	8	4	23	15	17	2	10	7	25	16	24	9	6	18	14	21	1	13	22	11	19	12	20	5
1949	19	7	1	17	25	22	2	11	23	6	9	5	14	20	21	12	4	15	3	10	24	13	8	18	16
1950	9	18	10	4	21	7	1	19	16	14	15	22	13	12	5	25	11	20	8	24	2	3	23	17	6
1951	14	25	10	20	21	11	22	19	17	12	15	24	23	7	2	8	6	3	16	13	18	4	1	5	9
1952	9	16	5	24	7	12	23	22	17	25	4	1	20	13	6	15	3	19	21	14	2	11	18	10	8
1953	22	4	16	3	6	14	24	19	2	10	5	8	7	25	11	1	21	9	15	12	20	17	13	18	23
1954	12	2	3	20	14	19	7	8	11	1	17	23	4	24	6	13	16	10	22	25	5	15	21	9	18
1955	10	19	9	16	23	20	2	24	11	3	7	17	8	4	5	21	1	18	22	12	25	13	15	14	6
1956	5	9	22	14	4	8	1	2	20	21	11	15	25	7	10	23	17	19	12	24	18	13	3	6	16
1957	2	25	6	10	11	24	4	14	17	9	21	3	12	19	20	16	22	5	15	1	7	23	18	13	8
1958	19	25	23	2	3	18	14	9	7	13	22	15	24	4	20	16	17	5	1	21	6	12	8	10	11
1959	23	16	13	12	21	7	17	5	6	1	11	3	24	25	18	10	15	2	22	20	4	9	14	19	8
1960	1	14	15	7	20	10	6	3	22	4	17	8	25	19	21	5	24	9	12	18	23	16	13	11	2
1961	17	12	2	24	23	18	5	15	7	11	19	22	10	16	3	20	13	1	9	8	4	6	25	21	14
1962	10	2	3	13	4	12	25	1	8	9	15	20	19	7	17	18	24	11	14	5	23	21	16	22	6
1963	1	17	3	20	5	6	18	21	10	16	24	23	11	7	15	19	9	13	2	12	8	25	14	22	4
1964	11	13	5	22	8	10	14	25	21	4	3	20	16	23	15	6	12	2	7	17	19	9	1	18	24
1965	1	4	9	2	11	17	7	23	10	6	5	3	21	20	15	24	22	25	12	14	8	18	16	19	13
1966	6	24	11	10	20	15	18	14	3	9	12	13	16	23	25	4	2	17	19	7	22	8	21	1	5
1967	5	15	13	7	21	12	2	14	25	9	16	17	3	24	1	11	23	19	8	20	10	18	4	6	22
1968	9	25	1	16	8	2	14	17	7	23	4	18	19	3	22	6	5	15	12	21	10	20	11	24	13
1969	17	16	6	19	21	5	2	4	8	10	18	9	15	7	1	13	20	24	11	3	12	14	22	25	23
1970	23	19	1	6	13	16	21	25	2	24	8	9	15	5	11	10	12	7	22	17	20	18	3	4	14
1971	19	24	11	3	23	13	4	7	25	1	14	21	12	2	22	17	20	5	9	8	18	16	6	15	10
1972	10	14	3	22	11	23	15	4	8	17	1	19	18	25	20	16	2	9	12	24	13	7	21	6	5
1973	22	13	20	14	8	23	18	6	4	16	17	25	19	10	12	7	3	1	24	9	21	2	11	15	5
1974	20	7	9	19	1	3	14	11	18	10	21	4	17	22	15	16	24	25	2	8	23	6	13	12	5
1975	2	12	3	24	1	5	21	6	14	17	10	16	13	15	22	11	9	19	23	20	7	8	4	25	18
1976	23	19	13	9	14	21	4	16	1	15	11	3	6	12	22	17	20	25	7	18	10	8	2	24	5
1977	18	1	9	10	11	6	2	24	19	5	22	15	3	8	21	14	12	23	13	20	25	4	7	16	17
1978	7	4	25	10	9	23	19	20	8	22	1	11	24	3	15	14	5	13	18	2	17	16	6	21	12
1979	13	16	3	22	1	10	21	6	24	23	5	2	8	7	18	15	20	25	19	14	4	12	17	9	11
1980	23	11	15	4	8	7	19	20	3	21	25	14	6	1	2	16	24	13	10	18	9	12	22	17	5
1981	13	15	14	21	9	12	17	18	25	16	19	8	23	20	7	5	4	1	2	11	6	22	3	24	10
1982	24	13	19	12	25	17	21	22	16	14	7	10	11	8	1	4	6	23	5	18	2	15	9	3	20
1983	6	13	14	25	2	7	15	21	1	4	20	18	8	12	16	5	10	11	24	9	22	3	23	17	19
1984	1	6	3	5	7	25	22	23	24	12	9	11	14	20	15	16	17	18	21	8	19	2	13	4	10
1985	2	25	24	12	19	20	11	22	4	17	23	21	14	16	1	18	6	8	13	3	15	5	9	10	7
1986	19	11	18	2	14	4	12	5	9	25	20	22	8	17	13	6	21	10	1	7	16	15	3	23	24
1987	6	19	14	25	7	10	18	3	1	2	23	17	24	9	20	12	5	21	22	4	15	11	16	8	13
1988	3	15	5	16	25	9	24	10	22	2	14	23	17	8	12	21	18	20	11	4	6	7	19	1	13
1989	10	5	16	17	15	12	13	6	11	20	9	19	3	23	14	2	8	18	7	4	1	21	25	24	22
1990	2	10	13	6	23	25	15	5	22	11	20	19	21	12	24	16	3	14	1	8	9	4	7	18	17
1991	18	1	9	25	19	5	13	4	3	14	2	12	24	8	23	17	11	7	6	21	20	15	10	22	16
1992	9	17	13	12	15	19	23	5	14	16	6	18	21	10	20	2	22	1	8	3	7	11	24	4	25
1993	6	16	1	10	3	18	22	14	15	4	23	25	13	20	21	11	12	8	19	2	24	17	9	5	7
1994	23	19	8	9	21	18	15	14	22	24	4	13	11	1	17	12	20	5	16	2	25	10	7	3	6
1995	13	4	7	18	22	14	9	21	24	10	15	25	12	19	8	17	5	23	3	2	6	11	1	20	16
1996	14	11	20	25	18	7	1	2	21	10	13	6	22	3	23	9	4	19	16	17	12	24	5	8	15
1997	24	6	17	1	20	19	18	2	13	4	8	25	11	9	12	5	7	22	3	16	14	23	21	10	15
1998	16	11	1	22	23	18	3	8	7	13	15	12	20	10	14	21	4	2	5	24	19	25	6	17	9
1999	16	18	24	22	7	12	17	5	4	23	13	9	15	8	11	20	3	14	10	25	1	21	2	19	6
2000	7	10	11	22	21	2	15	9	14	24	13	20	3	19	6	1	5	23	18	12	4	25	16	8	17
2001	10	21	11	22	1	3	6	16	5	19	9	17	12	8	4	7	15	24	20	18	23	2	25	13	14
2002	13	1	24	4	21	10	8	3	22	19	23	2	14	18	9	6	5	15	12	25	16	11	7	17	20
2003	4	6	23	12	22	8	25	19	9	20	5	18	1	15	17	7	21	2	3	24	16	14	10	11	13
2004	17	21	6	13	23	2	18	12	9	19	3	25	24	7	20	1	11	4	10	16	22	15	8	5	14
2005	16	17	9	12	11	3	5	1	25	20	6	13	21	24	22	19	7	15	18	4	8	23	2	10	14
2006	15	11	2	3	9	16	17	7	5	22	25	20	12	8	10	23	21	6	13	24	14	19	1	4	18
2007	23	25	5	6	19	3	7	11	1	17	12	13	20	14	21	18	16	22	24	9	2	4	10	8	15
2008	8	14	21	16	2	7	11	13	23	18	17	5	22	25	6	9	24	12	19	3	4	20	10	15	1
2009	6	16	15	4	25	23	20	13	1	19	22	11	21	14	2	3	12	9	8	10	17	5	24	7	18
2010	12	14	2	9	10	11	21	13	7	16	15	17	25	8	23	19	6	1	24	5	3	18	4	22	20
2011	22	9	12	11	21	13	14	24	25	20	15	18	4	17	2	3	1	7	19	6	8	5	10	23	16
2012	2	14	3	19	13	17	25	7	18	24	4	11	10	12	5	20	22	8	16	9	15	1	6	23	21
2013	19	22	11	2	20	8	15	21	9	10	7	1	12	5	24	13	6	16	4	25	3	14	18	23	17
2014	23	8	9	13	19	12	1	4	21	10	11	17	22	14	2	18	15	20	7	16	6	5	25	3	24
2015	21	1	24	11	12	6	4	5	7	19	23	14	20	17	8	16	13	3	18	10	2	15	9	22	25
2016	12	13	8	15	23	17	21	4	14	16	10	9	20	1	19	11	2	6	22	24	3	5	25	7	18
2017	12	4	6	15	17	16	2	21	18	23	5	24	10	20	1	3	25	19	7	9	11	13	22	14	8
2018	12	3	6	5	25	20	11	4	10	21	2	13	16	23	1	24	22	19	9	7	8	18	17	15	14
2019	17	23	1	2	5	24	25	12	4	18	8	7	15	22	19	9	14	10	6	16	3	13	21	11	20
2020	7	18	16	1	9	17	24	4	22	13	5	20	25	10	12	3	6	14	21	8	11	2	19	23	15
2021	10	13	17	8	25	3	16	1	11	20	9	6	2	5	18	7	19	24	14	12	4	22	15	23	21
2022	15	16	12	5	21	18	1	4	11	19	6	25	24	2	20	14	10	8	13	9	23	17	7	3	22
2023	21	10	18	3	22	4	16	12	17	14	5	23	11	9	8	1	7	25	20	15	19	13	6	24	2
2024	18	6	23	12	22	25	5	17	1	16	3	15	13	4	14	19	21	7	20	24	8	9	2	11	10
2025	16	23	21	1	11	17	7	12	25	15	22	13	6	9	5	19	8	10	24	2	20	14	4	3	18
2026	14	7	15	3	17	5	22	1	13	21	18	11	24	10	6	2	12	19	4	25	20	23	16	8	9
2027	22	25	10	2	14	15	6	7	9	13	17	21	8	24	3	19	23	12	20	1	5	18	4	16	11
2028	11	25	20	23	13	16	12	2	19	6	14	8	1	18	7	5	15	21	17	22	10	3	9	4	24
2029	18	24	7	2	6	17	12	15	25	21	11	19	5	9	20	22	16	14	10	13	3	23	4	1	8
2030	15	16	20	10	19	12	14	7	17	25	1	22	21	3	6	2	8	18	24	4	5	23	13	9	11
2031	20	8	1	14	7	4	6	21	18	16	9	2	15	17	25	11	19	12	22	5	13	24	3	10	23
2032	18	20	13	11	7	5	10	24	15	4	22	16	2	21	14	19	1	6	17	25	23	3	12	8	9
2033	25	22	17	7	12	23	6	16	20	5	9	1	21	18	8	2	4	14	15	10	19	11	24	3	13
2034	13	7	12	22	2	20	21	5	24	11	16	25	8	9	23	14	10	18	4	17	1	6	3	15	19
2035	23	1	24	21	3	6	12	22	4	11	13	14	8	5	20	9	16	7	19	15	25	2	18	10	17
2036	18	16	25	22	15	21	13	11	24	17	14	8	3	1	5	4	6	2	7	12	10	20	19	23	9
2037	6	5	22	3	18	15	19	10	7	4	2	12	20	1	16	14	13	24	25	9	11	17	8	23	21
2038	19	6	15	13	10	18	8	17	16	5	22	1	25	11	7	9	12	3	23	21	20	2	14	4	24
2039	15	23	16	24	13	11	18	19	22	14	6	2	1	3	9	5	21	25	12	17	7	4	8	20	10
2040	16	15	23	8	7	17	9	21	3	13	6	1	14	19	20	18	11	4	25	12	22	24	10	2	5
2041	23	25	16	4	12	19	17	24	11	8	18	3	15	14	7	22	10	5	21	2	9	20	13	1	6
2042	20	21	4	7	13	12	3	11	17	5	2	16	18	1	19	14	25	15	22	23	10	8	9	24	6
2043	10	5	3	9	22	1	18	17	4	11	23	14	12	21	8	13	19	2	24	6	20	15	16	25	7
2044	8	6	15	2	23	10	24	16	14	5	7	20	13	18	22	1	21	9	25	17	4	12	19	3	11
2045	17	22	19	3	23	7	18	15	20	25	5	4	14	21	8	24	16	1	11	2	10	6	13	9	12
2046	10	14	2	6	13	11	1	9	21	20	12	25	19	15	5	18	16	3	17	24	23	8	7	4	22
2047	8	25	18	14	7	3	2	4	24	9	15	20	12	17	13	22	23	5	6	11	21	16	19	10	1
2048	11	1	15	20	2	13	12	16	9	25	18	3	7	14	19	6	24	4	21	5	23	10	8	17	22
2049	9	19	11	6	3	10	25	14	8	18	20	22	23	13	5	1	4	16	24	12	17	21	7	2	15
2050	5	23	16	19	20	11	8	6	25	24	18	13	3	10	12	22	15	14	17	2	4	7	1	9	21
2051	21	2	9	7	5	11	14	17	23	12	25	24	6	16	1	13	10	22	19	4	8	15	20	18	3
2052	20	25	16	7	13	23	17	14	4	24	1	9	3	21	18	15	22	6	2	12	8	10	11	19	5
2053	24	15	23	3	4	11	16	8	2	9	6	10	25	19	18	17	22	21	1	14	12	7	20	5	13
2054	11	16	12	13	10	8	9	25	17	5	15	23	4	3	21	7	24	1	6	18	20	19	22	14	2
2055	18	2	17	16	1	5	11	12	22	10	13	21	8	25	20	3	9	6	4	19	7	14	15	23	24
2056	1	18	24	7	5	21	11	2	9	23	3	15	14	10	4	17	8	6	13	19	25	22	16	12	20
2057	7	8	12	1	10	25	22	9	24	4	5	3	23	6	13	15	21	17	11	18	20	2	16	14	19
2058	22	14	5	3	13	20	25	2	1	19	9	11	7	23	6	16	4	17	18	12	15	10	21	8	24
2059	9	14	2	4	6	10	18	19	25	15	23	11	21	12	7	17	13	1	20	22	3	16	8	5	24
2060	8	18	17	15	19	13	14	9	24	11	5	2	6	1	10	7	3	23	20	21	12	25	16	22	4
2061	1	19	5	11	25	3	8	14	23	16	24	9	18	7	15	20	12	4	17	10	22	6	2	21	13
2062	3	9	15	5	25	2	16	22	21	11	1	24	20	19	23	7	4	8	17	10	6	13	18	14	12
2063	4	6	14	3	21	11	15	24	9	25	8	20	7	19	16	10	18	5	17	13	23	2	1	22	12
2064	8	9	14	4	11	1	23	13	5	6	3	25	10	15	21	2	18	16	24	17	22	19	12	7	20
2065	16	8	14	13	17	23	7	2	20	4	15	25	21	10	11	1	24	3	12	19	6	22	18	9	5
2066	11	22	6	21	16	2	25	9	5	3	1	15	10	24	8	20	7	18	23	19	12	17	4	13	14
2067	16	17	19	13	24	11	5	2	4	8	20	21	25	7	3	18	1	6	9	23	15	12	10	14	22
2068	25	8	19	7	2	16	5	14	15	17	18	23	22	11	24	10	21	3	4	6	13	9	1	12	20
2069	7	12	5	13	20	24	6	10	9	19	17	1	2	22	18	21	4	3	8	25	15	14	23	11	16
2070	18	17	7	6	22	9	14	1	16	8	11	10	2	19	15	20	4	23	13	25	21	12	24	5	3
2071	12	3	17	18	23	15	16	4	24	1	20	21	7	6	19	11	22	25	2	9	10	5	14	13	8
2072	21	10	5	15	13	19	4	2	6	22	16	11	23	1	8	14	20	24	7	25	18	17	9	12	3
2073	13	23	5	8	6	3	11	21	12	22	24	1	15	9	4	18	14	10	17	16	19	25	2	7	20
2074	18	14	4	23	3	6	24	15	25	16	22	7	12	11	10	1	8	2	19	13	5	9	20	17	21
2075	24	1	10	15	2	18	3	13	6	12	16	17	20	11	25	23	4	5	21	19	14	8	22	7	9
2076	4	20	25	22	1	13	14	21	3	17	12	10	19	18	8	5	6	7	9	16	15	24	11	23	2
2077	8	7	11	25	4	22	21	13	19	10	1	20	15	9	3	24	12	16	23	2	18	17	6	5	14
2078	20	7	23	9	21	13	10	3	19	14	12	6	4	24	16	2	18	5	15	8	25	11	1	17	22
2079	17	9	1	18	15	20	12	8	6	5	21	22	16	10	7	13	2	4	24	11	25	3	19	14	23
2080	2	19	6	7	20	18	25	24	12	1	17	16	9	14	8	3	4	22	15	11	13	5	21	10	23
2081	14	20	12	8	17	18	24	11	4	25	5	19	2	7	16	22	13	3	10	23	1	9	6	21	15
2082	10	24	18	7	13	25	16	11	21	2	15	1	3	14	6	20	19	4	5	22	17	23	9	12	8
2083	3	21	5	16	25	1	2	6	20	23	12	18	24	22	7	9	8	15	4	19	10	13	14	11	17
2084	10	20	5	9	23	4	3	1	22	2	19	17	7	12	15	13	6	11	14	24	21	18	8	16	25
2085	10	8	15	1	7	2	13	17	19	22	21	24	25	6	20	12	18	16	23	14	9	11	3	5	4
2086	19	23	7	15	1	13	10	20	24	18	11	16	4	21	9	3	14	12	6	17	2	25	8	22	5
2087	8	11	23	9	24	17	25	1	13	10	5	3	15	19	4	2	21	7	14	6	16	18	20	22	12
2088	8	15	1	4	6	16	14	13	3	12	25	20	11	18	9	22	7	23	2	21	10	17	5	24	19
2089	6	3	9	7	22	8	23	13	5	4	19	15	17	24	18	1	16	14	12	11	21	2	20	10	25
2090	24	5	4	3	1	9	15	17	2	14	12	6	8	7	19	23	10	11	25	20	13	16	18	22	21
2091	21	5	12	10	19	23	22	3	7	1	15	18	4	6	17	2	13	24	14	11	9	20	8	25	16
2092	23	18	13	6	5	9	12	2	24	21	19	7	1	8	15	11	3	14	16	10	25	17	4	20	22
2093	20	11	9	7	18	14	21	13	25	3	16	22	17	15	6	19	5	4	2	12	10	24	23	8	1
2094	2	21	7	20	6	24	14	1	10	5	11	16	22	15	17	25	12	4	9	19	3	8	18	23	13
2095	12	23	15	4	21	19	5	3	13	9	8	6	14	11	10	1	17	16	18	22	7	2	25	20	24
2096	17	15	2	11	14	22	3	24	18	16	20	25	23	10	6	12	9	13	1	7	21	4	5	8	19
2097	6	24	19	3	25	12	10	11	5	7	9	18	22	14	17	23	16	4	13	15	1	21	8	20	2
2098	5	9	25	16	18	20	21	1	10	22	11	23	6	19	17	3	24	2	13	12	8	15	7	4	14
2099	9	25	4	7	24	15	16	12	18	14	2	13	17	21	6	8	19	10	3	5	20	22	1	11	23
2100	22	25	16	17	13	21	18	6	23	1	14	4	24	15	3	7	20	2	8	11	12	9	5	19	10
2101	9	8	10	22	23	1	25	18	4	12	5	21	16	2	19	15	3	17	11	7	13	24	14	6	20
2102	2	20	11	12	1	21	15	14	3	23	17	16	24	9	7	22	8	4	10	6	13	18	25	5	19
2103	10	19	13	16	20	8	6	18	3	7	24	2	9	23	11	25	4	21	1	5	17	14	15	12	22
2104	6	18	13	23	11	10	14	20	17	1	16	3	24	15	2	8	22	12	25	4	19	5	9	21	7
2105	17	6	23	12	21	7	9	13	10	20	15	8	24	5	18	16	25	14	1	4	11	22	3	2	19
2106	25	12	9	21	23	10	14	2	3	8	17	19	20	4	11	13	24	18	15	16	1	5	22	7	6
2107	5	7	24	15	12	21	8	18	25	3	19	2	16	20	22	6	13	10	9	14	23	1	17	4	11
2108	15	14	22	21	2	20	25	1	5	3	9	8	16	24	18	23	13	11	6	17	12	19	4	10	7
2109	15	1	25	11	4	13	14	8	9	22	6	24	2	5	10	7	21	3	19	20	18	16	12	17	23
2110	21	16	5	7	25	13	2	11	20	24	17	1	6	3	14	22	4	19	8	12	15	10	9	23	18
2111	20	14	6	7	3	25	18	22	23	19	5	16	13	10	11	15	12	4	24	2	21	9	1	17	8
2112	12	9	19	8	23	24	6	25	13	10	18	3	20	16	22	1	7	4	5	17	21	14	15	11	2
2113	6	1	3	7	17	22	15	9	19	10	18	12	24	11	23	16	21	2	25	4	5	13	20	8	14
2114	20	1	12	3	17	23	6	9	14	4	5	25	2	7	21	10	16	15	24	18	13	22	11	19	8
2115	18	14	22	2	23	1	11	7	19	4	3	15	12	10	5	9	13	25	24	8	17	21	6	16	20
2116	4	25	17	19	11	10	24	1	2	5	13	12	23	20	18	16	7	21	8	15	14	6	22	9	3
2117	4	1	20	14	10	25	9	8	13	24	22	3	12	11	16	6	5	2	19	21	7	15	23	18	17
2118	1	11	8	18	10	5	16	23	6	19	17	9	21	14	15	12	4	24	25	13	22	20	7	3	2
2119	23	5	17	7	14	24	20	9	25	19	15	4	11	22	6	21	10	18	2	1	12	3	8	16	13
2120	20	5	6	11	18	25	13	22	19	14	10	24	17	12	1	9	23	15	3	2	21	4	8	7	16
2121	25	24	8	21	20	17	11	13	6	22	7	1	19	2	5	23	3	4	18	14	9	10	16	15	12
2122	21	10	2	24	20	6	5	11	14	7	25	22	3	12	8	4	9	19	15	23	13	17	18	16	1
2123	22	4	8	12	1	6	5	14	13	18	24	16	25	15	9	17	10	19	20	2	11	3	7	23	21
2124	23	5	10	18	4	3	7	19	13	14	8	15	12	1	24	6	22	17	21	16	2	11	9	20	25
2125	9	5	12	4	19	11	17	25	7	21	16	23	1	24	20	15	14	13	18	6	2	3	10	8	22
2126	16	12	9	19	8	10	23	14	5	1	18	21	7	2	3	6	25	22	4	20	24	17	15	13	11
2127	1	14	15	19	4	18	20	22	13	6	25	16	12	3	17	7	24	8	11	10	9	23	2	21	5
2128	19	15	17	3	5	18	12	8	20	2	13	6	9	1	7	10	23	14	21	22	25	24	11	16	4
2129	11	15	3	19	22	8	9	12	14	20	4	16	1	24	10	21	2	13	6	7	23	18	5	17	25
2130	6	7	13	2	18	14	23	4	20	21	16	1	8	11	17	19	25	22	24	3	15	10	12	5	9
2131	9	5	12	24	10	6	19	11	23	17	8	7	18	3	15	2	16	14	13	22	20	25	4	21	1
2132	12	14	25	19	8	13	23	24	5	20	21	18	16	10	1	15	4	11	3	22	2	6	7	9	17
2133	3	4	6	2	24	5	18	13	9	20	7	10	11	15	1	21	25	22	17	14	16	23	19	8	12
2134	6	18	24	2	14	1	22	16	8	15	5	4	17	9	13	11	10	25	3	12	19	20	21	23	7
2135	23	16	15	25	9	5	22	18	24	3	21	8	13	17	10	7	19	12	20	1	6	14	4	2	11
2136	4	3	7	20	15	12	5	2	23	10	14	18	19	9	8	24	11	6	22	25	16	1	21	17	13
2137	22	5	12	4	1	11	21	24	2	6	20	17	3	25	23	7	9	15	10	16	13	8	14	19	18
2138	3	13	24	14	25	8	11	16	2	10	5	21	9	1	20	22	19	17	7	15	6	18	23	12	4
2139	17	1	12	24	9	6	5	7	20	8	11	25	3	4	13	18	2	23	21	14	10	15	22	16	19
2140	12	20	1	8	3	6	2	10	19	13	18	23	22	7	15	11	5	24	9	14	4	16	25	17	21
2141	23	18	10	17	9	24	7	25	22	6	4	20	19	3	21	16	2	11	5	1	8	12	13	14	15
2142	14	25	7	8	18	17	12	1	5	24	20	9	2	22	13	19	11	3	4	23	16	21	15	6	10
2143	10	6	21	22	3	12	4	20	24	1	23	19	15	5	17	14	8	7	13	11	2	25	16	9	18
2144	17	24	25	15	21	9	19	13	22	14	8	10	18	6	5	3	7	4	2	20	23	12	16	1	11
2145	14	6	3	23	12	5	8	11	13	16	18	7	2	1	9	17	24	25	22	20	21	15	19	10	4
2146	19	5	22	4	25	15	16	21	24	10	7	2	6	9	14	18	12	3	17	11	13	23	20	1	8
2147	22	24	25	23	3	18	2	16	21	17	5	8	9	12	13	19	6	15	11	10	7	14	4	1	20
2148	4	18	24	14	25	22	1	10	12	21	3	19	2	17	7	6	8	11	15	20	23	5	13	9	16
2149	14	23	4	7	1	21	8	2	13	25	20	15	11	19	3	18	24	12	10	17	6	22	16	9	5
2150	14	21	18	12	3	24	9	11	7	13	1	6	17	19	15	2	5	22	16	10	23	20	4	25	8
2151	12	25	21	7	23	20	13	5	24	9	15	3	19	22	17	18	8	4	1	2	11	16	6	10	14
2152	19	17	22	25	16	13	20	24	18	21	14	8	23	1	9	4	12	10	7	5	3	2	11	15	6
2153	6	14	11	2	21	17	13	12	10	4	9	25	16	22	19	18	5	1	8	7	3	23	15	20	24
2154	20	2	5	4	25	7	17	19	14	21	6	22	11	15	9	16	12	1	18	13	23	24	8	3	10
2155	24	5	19	25	11	9	18	3	17	20	7	4	1	10	6	23	13	21	22	15	14	16	8	2	12
2156	13	22	18	8	6	4	14	5	19	9	15	25	1	21	2	17	20	11	12	23	10	3	7	16	24
2157	25	17	15	23	22	1	9	10	7	14	20	13	21	11	12	18	19	5	4	2	3	24	6	8	16
2158	20	7	24	16	8	18	3	13	12	25	21	19	15	10	23	6	9	14	11	22	17	4	5	1	2
2159	7	25	6	19	1	3	13	14	5	15	16	9	20	18	12	10	24	17	21	23	11	8	4	22	2
2160	13	11	21	18	12	3	6	23	5	22	4	9	20	16	15	8	19	2	17	10	1	25	7	24	14
2161	18	17	13	11	25	20	23	16	7	9	21	1	24	4	2	3	10	12	22	6	8	5	19	14	15
2162	6	25	11	22	10	8	20	19	3	7	14	23	5	15	13	1	12	17	18	24	16	2	4	21	9
2163	10	18	1	8	13	19	14	15	6	24	21	25	20	3	22	11	17	5	7	16	2	4	23	9	12
2164	14	2	18	3	4	23	13	25	10	7	21	22	8	12	15	11	16	5	17	19	6	24	1	20	9
2165	15	18	24	7	2	16	21	1	6	4	25	17	14	5	8	12	20	22	10	9	3	11	19	23	13
2166	22	7	12	18	8	6	4	21	15	19	11	14	16	5	9	17	24	23	10	2	1	13	20	3	25
2167	12	20	5	24	14	13	4	2	17	15	10	9	23	1	7	11	6	22	8	21	25	18	16	19	3
2168	17	25	7	19	8	4	10	2	5	3	20	13	11	22	16	1	21	23	12	9	24	6	14	15	18
2169	21	1	12	16	24	8	25	4	23	11	2	18	7	22	6	13	3	15	9	20	5	17	19	14	10
2170	22	25	10	1	16	2	8	3	21	7	5	17	14	6	24	4	12	18	23	9	11	19	13	15	20
2171	21	16	4	2	11	19	18	22	1	24	13	17	10	8	12	14	3	9	7	23	6	20	5	15	25
2172	5	18	7	22	11	9	8	21	16	10	17	4	3	15	25	12	24	13	2	23	14	1	20	19	6
2173	21	12	18	23	10	17	22	15	16	2	4	3	19	11	14	20	6	25	13	9	8	7	5	1	24
2174	15	23	11	9	18	19	4	7	3	20	16	1	21	2	5	17	13	10	8	22	24	6	12	25	14
2175	11	7	9	1	21	19	23	13	3	18	16	10	12	20	4	17	5	8	6	24	14	25	22	15	2
2176	12	18	25	2	8	13	19	4	6	1	17	9	3	10	21	24	16	15	7	20	23	22	14	11	5
2177	24	12	7	21	20	18	16	4	6	11	14	5	17	3	8	2	19	13	1	10	22	23	15	25	9
2178	2	15	19	12	10	5	9	25	18	22	11	14	4	16	13	23	20	21	17	8	7	6	24	1	3
2179	12	3	17	4	9	10	13	22	5	24	7	19	2	15	21	11	18	6	23	14	1	20	25	16	8
2180	22	19	3	11	13	10	17	15	21	2	16	1	7	4	18	9	12	25	20	23	24	6	14	8	5
2181	1	5	25	11	23	6	8	7	10	24	18	15	17	13	14	21	3	12	22	4	2	20	19	9	16
2182	6	5	17	10	25	9	3	16	20	23	7	13	4	21	11	18	24	8	15	22	19	12	14	1	2
2183	10	16	23	21	8	6	12	5	9	1	15	4	18	24	13	22	3	19	17	20	7	14	11	2	25
2184	25	5	20	23	9	18	2	17	19	7	16	3	15	8	12	13	10	14	11	21	1	22	4	24	6
2185	1	20	7	23	18	12	21	6	9	25	16	3	15	14	24	13	8	5	17	2	10	4	22	11	19
2186	12	24	5	2	6	13	11	7	8	4	16	3	18	20	17	9	1	15	19	21	22	14	25	23	10
2187	15	25	4	23	10	21	12	3	8	7	11	5	24	2	18	22	19	1	17	20	9	16	13	6	14
2188	15	16	6	1	11	10	14	2	19	22	7	24	25	18	5	17	12	4	13	9	3	20	21	23	8
2189	21	23	24	25	17	8	6	3	9	15	1	20	22	18	12	11	7	13	16	2	19	10	4	14	5
2190	13	18	8	24	15	23	22	19	9	6	12	4	10	14	5	11	1	2	17	25	7	16	20	3	21
2191	6	7	5	12	20	4	2	14	21	18	8	17	11	3	25	13	15	19	16	10	9	24	23	22	1
2192	13	20	25	19	2	6	5	15	17	10	24	8	16	22	3	18	9	23	21	7	12	14	4	1	11
2193	4	25	24	11	23	7	15	3	22	21	12	10	8	13	17	19	6	1	5	18	2	16	20	9	14
2194	10	2	17	16	8	9	24	3	18	1	7	20	4	12	19	22	11	14	5	15	25	13	23	6	21
2195	15	2	6	10	24	22	9	11	3	20	16	19	18	4	8	14	21	5	17	7	13	25	23	12	1
2196	18	5	7	4	17	20	1	12	15	13	19	25	23	2	16	9	8	21	22	6	10	24	14	3	11
2197	23	12	2	5	4	19	17	10	6	8	7	22	13	18	14	15	21	9	11	16	20	25	3	1	24
2198	1	20	4	2	25	9	22	10	11	5	18	7	13	17	3	19	23	21	15	12	24	6	14	16	8
2199	20	15	17	13	8	1	10	4	6	5	25	11	7	18	22	21	19	14	2	12	9	24	23	3	16
2200	17	18	24	3	12	2	9	22	10	4	1	20	23	11	25	19	5	14	15	6	8	7	13	21	16
2201	1	5	10	13	9	15	2	14	25	8	21	24	22	16	6	19	12	4	20	23	11	3	7	18	17
2202	21	11	17	13	23	1	22	20	18	10	15	12	7	25	8	24	16	2	19	3	6	5	14	4	9
2203	7	21	3	24	18	25	19	8	6	22	17	4	1	15	9	2	16	20	5	14	10	12	23	11	13
2204	1	11	10	6	25	13	9	20	19	5	18	12	4	14	16	24	7	17	2	21	15	23	22	8	3
2205	2	23	15	6	11	19	10	3	7	24	9	5	1	17	16	14	8	25	22	13	12	18	4	21	20
2206	17	9	12	11	4	2	22	25	5	20	24	1	10	19	13	8	6	15	21	16	23	18	3	7	14
2207	17	1	2	13	19	23	18	11	21	16	22	9	8	6	4	10	14	20	15	7	5	12	25	24	3
2208	19	21	18	15	24	4	20	9	12	14	17	11	10	25	7	13	1	6	23	8	3	22	16	2	5
2209	4	1	5	12	9	11	3	25	22	20	15	7	13	14	23	17	6	16	10	18	19	8	21	2	24
2210	1	18	23	5	16	10	11	21	13	24	12	4	9	6	20	19	22	2	3	15	25	17	14	7	8
2211	12	11	14	5	19	8	1	18	23	7	22	25	21	4	20	15	2	17	10	3	13	9	16	6	24
2212	10	16	22	25	1	6	8	14	11	3	5	23	9	13	19	24	7	12	18	21	2	17	20	15	4
2213	12	9	2	25	22	4	18	11	23	7	6	1	13	15	20	8	24	10	5	17	3	14	21	16	19
2214	6	15	11	10	1	21	2	25	9	17	18	8	13	7	24	5	20	12	3	23	16	14	19	22	4
2215	9	15	17	21	3	14	22	20	4	16	12	8	23	10	1	24	13	25	2	18	6	5	11	7	19
2216	21	7	8	10	1	18	25	22	6	5	24	15	3	16	9	14	20	11	17	4	12	23	2	13	19
2217	19	21	6	24	2	23	22	18	3	8	13	11	16	17	15	9	20	5	12	10	1	7	4	14	25
2218	18	4	9	17	6	3	5	10	8	19	11	13	12	22	25	14	20	7	2	16	24	23	1	15	21
2219	17	14	18	1	2	25	23	6	15	3	5	4	19	22	12	9	20	16	11	13	24	7	10	8	21
2220	24	20	3	19	2	1	11	17	21	18	7	4	25	13	12	6	9	10	14	22	23	15	8	5	16
2221	20	21	1	10	25	19	14	3	24	16	2	22	23	11	5	4	18	8	13	12	7	9	15	6	17
2222	21	6	19	24	23	17	14	3	5	22	7	2	10	11	1	8	4	25	13	16	15	12	18	9	20
2223	15	4	2	22	19	18	24	20	9	12	17	11	10	1	3	5	6	13	14	23	7	21	25	8	16
2224	16	5	6	24	12	3	8	25	1	23	22	15	10	13	20	18	9	11	2	7	14	21	19	17	4
2225	17	11	2	10	20	14	18	13	25	16	21	7	19	8	4	3	15	5	6	12	23	24	9	22	1
2226	2	1	14	21	8	18	19	3	22	9	16	5	24	12	7	6	20	15	25	10	13	11	23	4	17
2227	17	5	11	23	18	9	3	15	2	13	10	8	1	19	22	4	25	12	16	14	21	6	20	7	24
2228	1	25	11	16	3	21	19	9	14	6	24	5	15	23	20	2	13	10	22	12	17	18	4	8	7
2229	22	13	20	3	12	15	16	14	8	1	17	4	11	24	18	9	7	2	19	6	23	10	21	5	25
2230	20	2	1	18	8	6	11	10	4	19	16	12	21	23	25	13	22	17	15	14	9	7	24	5	3
2231	16	19	7	12	6	23	14	15	25	8	18	1	3	17	5	4	22	13	21	11	2	10	20	9	24
2232	8	9	25	6	24	3	20	11	13	2	7	17	1	22	5	16	4	10	21	12	19	23	18	14	15
2233	7	2	22	19	5	11	20	15	13	1	23	9	18	8	12	21	25	16	24	14	3	4	6	17	10
2234	8	4	6	15	19	12	2	20	13	11	22	14	1	17	9	24	5	10	21	16	3	23	18	25	7
2235	5	18	11	21	25	16	19	2	15	3	9	8	4	10	6	17	7	1	24	23	22	13	20	12	14
2236	23	6	19	9	2	1	8	20	21	15	18	11	16	24	3	14	22	7	12	4	17	5	10	25	13
2237	2	18	16	7	4	11	21	24	5	1	13	22	14	8	15	3	23	19	17	9	6	20	10	25	12
2238	1	20	14	16	18	22	5	11	25	15	19	24	6	2	8	12	3	7	17	10	23	21	13	9	4
2239	20	23	24	11	12	22	9	4	25	2	19	15	13	17	5	18	3	8	7	21	10	6	14	16	1
2240	7	24	9	5	13	1	22	3	4	17	8	23	2	16	15	21	6	12	18	20	14	25	19	10	11
2241	12	22	10	3	16	25	18	2	20	19	7	15	21	24	6	8	4	5	13	11	9	23	1	14	17
2242	4	9	22	3	2	20	24	16	15	11	13	25	17	23	12	5	8	18	6	19	10	1	14	7	21
2243	16	23	12	14	20	8	7	11	9	13	18	25	17	3	22	10	6	5	15	24	1	21	19	4	2
2244	18	3	20	5	13	21	14	2	25	9	8	11	10	12	19	1	16	15	4	7	17	24	6	22	23
2245	15	5	18	21	9	10	13	7	22	16	12	20	17	25	6	4	2	14	19	24	8	3	1	23	11
2246	16	24	22	5	9	23	1	3	14	13	18	25	20	7	21	4	12	10	2	6	8	15	19	11	17
2247	14	4	13	21	10	25	5	16	22	11	17	7	20	18	3	2	6	9	15	23	1	24	8	12	19
2248	10	12	21	2	4	9	7	6	3	1	8	11	5	19	13	24	20	25	16	18	14	15	22	17	23
2249	21	17	6	14	25	12	19	24	15	22	18	20	5	11	7	1	23	4	8	3	9	13	16	10	2
2250	5	1	19	24	9	25	11	13	4	15	18	16	14	23	10	6	7	17	3	20	2	8	22	12	21
2251	17	5	25	22	18	8	12	13	7	3	6	1	11	2	14	10	24	16	4	20	19	9	23	21	15
2252	24	7	17	2	15	22	9	1	16	5	25	6	4	19	10	3	20	11	12	23	14	21	8	13	18
2253	24	9	11	3	21	13	4	15	22	7	19	1	2	6	20	14	18	17	23	25	12	16	5	8	10
2254	9	5	24	23	15	14	25	6	10	1	11	12	8	18	22	7	3	16	13	17	19	4	20	21	2
2255	13	25	17	14	1	5	24	12	11	6	20	23	4	7	2	16	9	3	18	19	15	22	8	21	10
2256	14	17	7	8	21	2	22	16	11	24	9	18	4	10	19	13	12	3	1	25	20	23	15	5	6
2257	7	5	23	13	9	10	3	1	16	24	25	6	20	14	2	17	4	15	12	22	8	19	11	21	18
2258	10	1	6	17	16	14	5	4	3	2	13	7	25	9	20	8	12	24	22	21	23	11	18	19	15
2259	12	11	9	23	1	7	13	5	24	10	16	3	20	18	8	17	22	6	14	15	21	2	19	25	4
2260	14	17	24	5	3	23	16	1	6	20	18	22	2	7	12	10	9	11	13	8	25	15	21	19	4
2261	17	24	11	7	12	6	5	18	21	13	10	8	16	3	20	15	9	23	14	25	19	22	1	2	4
2262	12	3	7	5	25	20	1	23	19	14	10	22	16	15	24	21	17	6	8	4	2	18	11	9	13
2263	20	19	4	15	8	11	23	16	21	5	22	13	25	1	24	2	18	6	10	3	9	14	17	12	7
2264	4	21	23	24	5	13	7	1	25	16	12	11	8	10	15	14	18	6	9	19	3	2	17	22	20
2265	22	9	6	16	5	2	12	11	20	21	8	23	24	13	18	1	10	4	3	19	25	17	7	14	15
2266	23	8	19	11	6	18	15	16	7	2	9	1	24	12	10	22	21	5	25	14	4	3	17	13	20
2267	12	10	24	15	20	8	5	14	7	22	11	1	3	6	21	23	17	25	9	13	2	18	16	4	19
2268	1	13	22	5	23	19	21	7	12	24	3	4	20	6	14	18	25	16	2	17	10	9	15	11	8
2269	22	8	15	13	24	10	1	2	12	17	21	7	14	25	9	16	3	23	4	20	6	19	5	18	11
2270	7	12	18	21	22	13	17	20	24	9	25	6	11	2	16	1	10	23	19	8	5	4	3	14	15
2271	7	1	16	4	17	11	23	13	21	14	19	24	5	12	25	20	8	18	2	9	3	15	6	10	22
2272	13	11	12	25	20	15	10	5	6	1	22	9	8	14	7	16	3	19	21	17	18	2	23	4	24
2273	14	23	6	20	10	9	25	15	2	1	18	3	7	8	12	11	24	22	4	16	13	21	17	19	5
2274	10	24	22	1	15	17	5	2	19	16	20	12	8	7	23	21	13	9	25	4	3	6	14	18	11
2275	24	20	18	8	3	12	22	9	19	16	11	6	4	14	25	7	21	13	17	5	2	23	1	10	15
2276	3	12	18	16	23	10	17	8	2	11	20	14	4	6	9	21	25	1	7	5	24	19	13	22	15
2277	21	15	13	2	20	14	9	10	1	11	3	16	12	5	4	19	22	7	8	25	17	23	6	18	24
2278	14	5	16	2	24	19	1	23	11	21	22	25	6	12	7	20	18	3	10	17	15	4	13	9	8
2279	23	18	8	19	21	24	10	20	7	3	11	13	17	4	16	6	14	9	12	5	22	25	15	2	1
2280	1	8	2	13	6	20	23	7	18	12	4	21	3	10	16	15	5	14	9	22	24	25	17	19	11
2281	16	11	7	1	4	25	23	14	8	6	5	18	12	2	24	3	15	13	9	22	21	17	20	10	19
2282	17	13	23	8	16	6	21	18	14	1	20	22	19	10	2	11	7	5	12	15	9	3	24	4	25
2283	14	17	10	18	16	3	9	13	12	25	21	15	4	8	5	23	2	1	7	6	24	22	19	20	11
2284	18	13	3	11	2	20	23	19	5	6	4	14	24	16	9	7	12	10	25	1	17	8	21	15	22
2285	3	17	21	13	20	18	9	22	24	5	2	12	15	10	25	8	11	16	6	4	14	23	7	19	1
2286	13	5	11	8	20	6	22	19	14	12	16	24	18	7	25	21	2	23	17	9	3	4	1	10	15
2287	5	6	13	10	22	14	11	25	2	1	7	23	4	8	3	17	12	15	19	24	21	18	16	20	9
2288	4	6	7	23	19	25	21	11	8	2	17	13	14	9	20	5	3	18	15	22	12	10	16	1	24
2289	2	22	18	17	3	8	11	6	7	13	25	23	16	14	19	12	20	5	10	4	21	9	24	1	15
2290	6	22	2	14	3	19	20	12	21	16	25	10	9	8	5	24	18	23	11	7	4	13	17	1	15
2291	21	19	10	5	13	1	2	4	16	22	25	14	11	23	9	6	8	20	17	12	24	15	18	7	3
2292	23	5	24	13	9	19	25	8	11	1	21	17	16	20	12	15	10	6	14	22	4	18	3	2	7
2293	16	2	6	5	9	22	15	1	4	20	11	3	13	25	24	8	17	7	19	12	10	14	21	18	23
2294	13	20	6	3	14	9	18	22	1	19	25	15	17	23	21	10	12	11	24	8	4	5	7	2	16
2295	16	18	17	7	11	12	24	15	9	3	22	23	5	14	2	8	10	6	25	20	19	1	13	21	4
2296	13	8	2	23	5	10	3	6	11	19	12	1	20	22	18	9	21	24	25	7	15	4	14	17	16
2297	13	2	4	3	22	15	24	12	21	19	11	16	20	6	23	17	5	1	18	7	14	25	8	10	9
2298	23	24	2	6	9	17	18	7	4	15	16	13	1	10	14	12	5	3	19	25	22	21	11	8	20
2299	20	6	14	8	18	24	22	3	17	4	12	15	23	25	21	7	9	5	19	10	11	1	2	16	13
2300	24	14	3	13	6	9	22	10	4	15	18	19	17	16	7	20	2	5	25	21	11	8	23	1	12
2301	16	23	25	1	13	21	6	12	2	5	7	3	24	8	19	15	20	9	10	22	18	14	17	11	4
2302	2	4	6	16	25	1	19	9	20	10	14	7	11	21	13	17	23	15	18	12	5	3	8	22	24
2303	20	3	18	5	10	8	9	16	19	12	17	23	21	22	15	2	24	4	11	6	1	7	13	25	14
2304	6	1	23	10	11	9	15	16	20	4	19	14	3	21	24	18	12	13	25	22	17	7	5	2	8
2305	18	24	9	16	4	14	21	20	17	10	5	19	22	11	23	15	3	6	13	1	25	12	2	7	8
2306	14	5	25	9	12	18	7	4	22	19	23	24	2	1	6	3	17	8	13	20	16	10	21	15	11
2307	14	2	11	7	1	15	22	20	17	25	19	4	8	6	16	13	10	5	12	24	23	21	9	3	18
2308	18	23	4	10	21	25	17	16	3	13	19	5	8	9	12	11	14	22	20	2	15	1	7	24	6
2309	21	4	13	14	5	6	22	25	19	9	24	17	10	3	1	2	20	23	8	16	11	15	12	18	7
2310	10	2	13	7	14	16	1	9	20	3	21	19	5	25	11	17	15	24	23	8	12	6	4	18	22
2311	19	14	20	25	17	21	15	24	23	11	3	16	8	18	5	12	4	7	1	22	10	2	13	6	9
2312	9	17	19	2	11	21	4	3	20	22	6	12	15	25	13	18	8	23	7	24	1	16	10	14	5
2313	1	21	5	14	22	2	20	13	3	19	4	15	23	12	16	24	11	25	9	18	10	7	6	8	17
2314	13	3	23	22	6	21	24	16	20	1	12	7	14	17	10	11	8	4	15	2	25	5	9	18	19
2315	21	4	14	15	2	19	17	22	20	5	18	25	12	11	6	16	23	3	24	1	10	13	7	8	9
2316	13	17	9	10	20	15	1	23	2	25	14	21	24	18	11	19	8	22	6	16	5	12	4	3	7
2317	25	2	21	20	10	4	13	7	12	11	6	8	5	17	18	9	16	24	1	15	22	19	23	3	14
2318	24	10	13	19	25	8	21	14	5	3	12	15	22	23	1	18	6	4	11	17	16	2	9	7	20
2319	9	21	22	4	15	7	10	2	3	13	14	23	18	19	5	1	16	6	8	24	12	11	20	17	25
2320	1	6	23	19	16	18	24	10	20	21	17	25	3	2	4	14	9	12	15	8	5	11	7	13	22
2321	3	7	18	17	10	11	15	20	19	21	24	4	2	14	1	22	8	23	16	13	25	12	5	6	9
2322	1	21	3	22	24	6	16	19	20	7	17	15	4	11	9	25	13	14	8	2	18	12	10	23	5
2323	23	2	16	21	25	22	5	11	18	10	13	8	1	7	24	15	19	17	9	20	14	4	6	3	12
2324	11	6	1	9	22	2	18	16	19	13	4	7	24	3	14	21	20	15	25	23	12	8	5	10	17
2325	1	8	21	14	9	23	3	16	4	24	19	22	13	15	7	20	11	10	25	6	12	17	2	18	5
2326	14	16	9	13	22	25	3	21	1	12	10	17	18	2	6	11	8	15	7	5	4	19	20	23	24
2327	1	25	2	7	20	19	11	16	9	17	24	15	8	22	23	18	14	4	12	13	10	6	5	21	3
2328	9	3	16	22	6	21	14	12	15	4	10	25	13	20	7	24	19	11	1	18	17	23	2	5	8
2329	8	13	18	9	21	23	1	11	24	17	10	5	15	25	20	22	3	7	4	16	14	19	2	6	12
2330	22	9	11	8	2	20	10	13	16	1	24	17	6	19	23	18	15	7	25	3	21	14	12	4	5
2331	4	18	25	7	13	16	19	12	6	20	15	17	23	14	1	8	5	9	21	11	10	24	22	2	3
2332	24	14	13	8	23	12	22	20	18	4	1	10	19	25	15	11	6	9	3	2	21	7	16	5	17
2333	11	12	19	7	22	2	20	3	25	4	15	14	1	10	21	9	23	13	5	16	24	8	18	17	6
2334	18	5	8	23	24	1	21	19	4	17	14	11	7	20	15	13	9	22	12	16	10	3	6	2	25
2335	11	15	24	8	12	10	13	23	17	25	18	21	1	19	22	4	5	7	3	14	6	2	9	16	20
2336	10	15	20	6	18	19	12	5	3	24	23	2	16	22	7	17	14	4	1	25	8	11	9	21	13
2337	15	5	14	17	2	24	1	21	16	20	3	8	11	10	6	23	19	12	18	9	7	13	4	25	22
2338	6	3	24	15	8	4	10	9	22	7	25	2	19	14	20	12	13	21	23	11	16	18	5	17	1
2339	2	14	8	5	3	7	17	19	22	16	23	21	13	18	9	12	1	24	15	10	6	4	25	11	20
2340	20	14	8	24	25	22	23	19	21	5	4	7	17	6	12	1	13	11	18	3	10	15	9	16	2
2341	11	9	3	25	20	13	6	12	18	15	19	22	2	7	16	14	24	10	21	4	1	5	23	8	17
2342	6	16	3	5	22	10	8	1	18	19	23	17	11	12	20	21	2	9	25	15	7	13	24	4	14
2343	2	13	10	24	11	12	7	4	21	8	1	5	18	16	22	15	25	20	9	6	23	17	14	3	19
2344	12	15	16	24	2	18	10	13	5	7	11	22	6	14	21	9	17	19	20	23	1	25	8	3	4
2345	4	22	3	8	23	6	18	21	9	25	2	12	5	13	11	20	16	17	14	7	15	1	24	10	19
2346	16	4	25	20	3	12	11	2	22	6	14	1	24	13	17	8	10	9	7	18	5	19	23	21	15
2347	3	25	7	16	23	13	10	11	14	18	15	8	2	22	17	24	12	6	20	9	4	21	1	5	19
2348	1	16	14	10	18	13	22	9	7	24	11	6	8	25	23	12	17	4	15	2	5	20	3	19	21
2349	3	14	25	8	22	4	2	24	19	20	12	16	9	21	11	1	13	15	7	23	5	18	17	10	6
2350	15	2	14	12	10	11	24	1	7	23	21	25	9	19	4	5	22	18	13	3	6	8	17	20	16
2351	9	15	17	12	16	7	19	1	24	18	13	22	4	5	14	21	20	8	11	6	2	25	10	3	23
2352	4	15	7	12	16	11	23	9	3	10	2	13	20	22	19	5	6	1	24	18	17	21	14	8	25
2353	2	10	20	12	18	11	19	17	4	13	25	15	22	21	1	7	8	23	16	3	14	5	9	24	6
2354	19	12	11	25	6	7	3	5	15	1	2	24	17	16	9	10	13	4	22	20	8	14	18	23	21
2355	2	14	20	10	18	3	25	19	17	1	12	5	8	6	24	13	23	11	9	15	4	21	16	7	22
2356	6	20	22	3	1	21	4	15	11	13	18	7	5	19	9	23	2	12	8	16	25	14	24	17	10
2357	10	24	20	22	5	11	9	25	15	14	6	3	7	13	8	16	18	21	12	23	1	19	17	2	4
2358	21	10	17	20	3	11	7	13	19	8	2	25	18	12	23	1	4	16	5	24	6	22	15	14	9
2359	10	7	13	5	11	1	6	19	9	8	23	15	14	16	24	21	17	22	18	20	3	2	25	12	4
2360	25	3	10	7	1	18	9	13	24	21	19	8	6	2	4	11	23	17	20	5	16	14	15	22	12
2361	23	9	19	7	12	14	10	25	20	21	15	22	6	8	5	1	3	4	11	24	17	18	13	2	16
2362	21	19	18	8	4	22	9	15	1	16	2	13	24	11	12	7	5	14	17	23	3	6	25	20	10
2363	24	21	2	20	9	17	1	15	22	16	5	18	23	8	3	14	6	19	10	25	11	13	12	4	7
2364	24	12	16	18	21	22	19	1	4	20	8	10	5	7	23	2	9	11	15	14	25	13	6	3	17
2365	15	14	4	2	16	7	21	20	17	3	13	6	5	1	24	12	22	8	10	9	11	19	25	18	23
2366	2	5	8	1	9	24	7	6	20	21	16	17	22	19	12	10	25	18	3	11	4	23	14	13	15
2367	11	3	10	9	18	13	4	17	19	20	7	12	22	23	14	16	21	2	15	8	24	6	25	5	1
2368	8	17	10	3	24	22	11	7	12	15	5	18	14	1	4	13	19	23	6	21	20	9	2	16	25
2369	10	11	5	18	14	9	24	15	21	16	7	13	17	2	25	8	1	23	4	19	3	22	6	20	12
2370	9	1	6	20	7	25	16	13	10	12	15	21	23	4	3	24	5	8	22	18	14	11	2	19	17
2371	3	4	23	24	6	7	10	20	1	2	21	25	9	12	19	5	15	16	8	14	11	13	17	22	18
2372	15	24	5	19	10	6	7	18	9	21	13	4	1	2	8	17	12	20	16	25	22	23	11	14	3
2373	11	10	8	16	14	21	1	22	9	25	19	17	24	4	5	6	3	7	15	23	20	2	12	18	13
2374	11	7	21	20	13	12	2	24	10	16	18	9	1	3	19	22	23	15	17	5	6	25	14	4	8
2375	17	16	9	24	2	12	13	25	14	22	4	11	18	19	5	15	6	23	3	10	1	8	21	20	7
2376	7	6	19	25	5	4	22	21	15	23	8	18	24	12	3	10	17	2	13	20	9	1	14	16	11
2377	18	6	21	16	8	22	7	17	25	3	19	9	4	15	1	24	23	12	2	13	11	10	14	5	20
2378	4	5	9	16	23	10	22	17	1	15	24	2	11	7	6	8	3	19	20	21	25	14	13	12	18
2379	25	4	24	13	16	11	6	12	3	20	5	23	10	19	17	18	2	9	15	21	14	7	22	1	8
2380	1	17	16	22	8	14	18	11	24	7	9	12	23	13	21	25	4	10	15	3	5	20	2	19	6
2381	20	16	18	6	14	17	1	22	10	5	21	13	4	25	9	12	11	3	23	7	24	8	19	15	2
2382	14	16	13	4	10	5	15	9	1	3	24	18	19	8	20	23	7	6	21	25	12	22	2	11	17
2383	2	4	17	21	16	15	19	20	12	1	13	6	22	10	8	7	5	23	18	9	11	25	3	14	24
2384	10	23	15	2	16	12	6	14	9	24	7	11	5	19	17	21	1	20	22	4	25	13	3	8	18
2385	17	1	5	3	15	23	24	6	13	14	25	7	20	4	2	12	16	21	22	11	8	10	19	18	9
2386	9	21	12	20	16	11	25	5	8	15	14	22	19	17	23	13	2	10	7	24	6	1	4	3	18
2387	5	13	16	8	12	7	2	20	3	6	25	17	14	1	10	18	24	11	4	15	23	9	19	22	21
2388	23	16	15	18	8	5	2	19	25	14	4	13	24	1	11	22	9	21	6	20	12	3	17	10	7
2389	13	8	12	18	6	24	22	15	14	3	17	21	2	20	16	25	10	23	1	9	4	5	11	19	7
2390	2	25	22	12	11	3	1	18	10	8	23	7	19	24	14	15	17	21	16	4	20	5	13	6	9
2391	3	6	19	10	8	2	20	25	14	12	24	1	16	23	7	11	21	5	4	17	22	9	13	18	15
2392	11	12	18	25	4	3	15	22	2	21	19	13	1	24	17	10	20	6	9	23	14	7	5	8	16
2393	13	23	20	7	6	8	17	25	16	4	9	3	24	10	5	19	2	22	12	21	1	14	15	11	18
2394	5	25	24	7	15	22	23	12	9	20	10	18	4	19	17	11	8	6	14	21	2	1	3	16	13
2395	25	8	1	21	11	20	6	12	16	22	15	23	14	10	5	18	2	17	13	3	9	7	19	24	4
2396	1	15	8	11	25	9	12	4	7	3	14	22	16	17	21	18	23	6	10	2	13	19	24	5	20
2397	2	3	15	4	6	11	5	24	7	19	14	16	23	18	13	9	25	22	10	8	17	1	12	20	21
2398	7	16	13	20	11	14	18	23	4	12	2	5	25	1	8	19	21	10	17	3	22	24	6	9	15
2399	16	18	21	1	22	10	23	17	7	6	12	4	19	24	20	8	9	5	14	11	15	3	25	2	13
2400	20	12	10	19	23	17	4	7	15	5	11	21	25	14	18	3	16	22	6	2	1	9	8	24	13
2401	19	16	8	2	25	14	5	12	18	23	1	4	22	24	9	3	21	6	20	17	7	13	11	15	10
2402	9	22	16	6	5	17	10	25	2	18	15	21	14	19	24	23	20	11	8	4	13	3	12	7	1
2403	12	4	17	2	20	18	9	13	24	10	8	19	3	7	23	1	16	14	22	6	15	21	25	11	5
2404	7	25	6	4	13	8	1	5	9	23	2	11	3	10	22	12	24	15	19	14	18	20	21	16	17
2405	7	1	20	5	14	18	11	12	22	8	16	21	25	13	17	2	9	24	23	10	6	19	3	4	15
2406	10	19	12	13	14	16	22	3	17	1	24	23	6	2	25	15	5	8	18	20	4	7	11	21	9
2407	25	17	4	1	16	18	9	12	8	13	5	3	10	11	22	15	19	7	21	23	2	20	24	6	14
2408	1	24	3	5	18	17	11	9	23	6	15	20	7	19	4	13	25	22	16	2	21	12	14	10	8
2409	16	14	5	3	15	13	7	19	11	24	12	10	2	22	18	6	21	25	20	23	9	17	8	4	1
2410	3	2	19	14	12	7	5	21	1	16	23	20	10	15	18	6	11	4	22	13	8	9	24	17	25
2411	12	13	21	16	18	6	11	9	23	14	8	17	19	4	7	20	10	5	2	1	24	15	25	22	3
2412	11	16	18	21	10	6	3	1	24	12	15	14	25	22	9	4	17	2	5	20	19	8	23	13	7
2413	13	3	2	25	6	9	1	4	12	18	22	17	16	8	15	7	23	24	10	14	5	19	20	21	11
2414	20	14	3	17	9	11	21	24	15	22	12	8	19	4	2	10	16	13	25	5	6	1	18	23	7
2415	8	10	18	5	16	22	9	2	7	14	19	20	3	23	1	12	21	4	17	6	15	11	24	25	13
2416	12	15	11	19	20	23	1	2	6	4	9	14	18	5	21	24	13	25	3	22	10	16	8	7	17
2417	25	13	20	11	22	19	21	16	15	14	18	3	9	7	5	8	4	10	6	12	24	17	2	23	1
2418	22	13	14	21	9	23	15	16	4	19	8	20	25	24	6	18	10	5	11	17	2	1	12	7	3
2419	7	9	16	24	8	13	25	18	20	1	5	2	10	17	11	19	15	12	22	6	21	23	14	3	4
2420	24	6	7	9	14	15	25	11	8	5	13	22	21	18	3	12	19	1	4	10	2	17	20	23	16
2421	9	24	2	10	21	14	6	4	8	13	20	22	18	12	7	17	15	3	25	16	19	11	23	1	5
2422	24	14	9	21	1	12	3	5	10	20	17	19	15	23	22	2	4	18	13	16	25	7	6	11	8
2423	17	24	15	14	3	11	2	22	13	5	7	16	12	19	18	20	9	6	4	1	25	8	23	10	21
2424	17	11	25	7	13	12	4	2	23	15	1	16	14	5	6	9	20	3	8	21	24	19	18	10	22
2425	18	12	2	21	25	14	24	16	6	10	3	15	13	7	23	22	17	8	11	20	5	19	4	1	9
2426	21	18	8	14	12	24	2	11	13	5	23	10	22	25	3	16	6	19	7	9	17	15	20	1	4
2427	8	23	16	12	15	17	19	2	10	1	4	7	13	24	5	11	20	25	6	21	9	22	14	3	18
2428	1	4	2	9	25	21	3	22	10	17	8	18	7	16	19	11	24	5	15	13	20	23	12	6	14
2429	11	4	18	6	8	15	9	13	21	24	2	23	5	19	14	17	10	22	20	16	12	7	25	3	1
2430	24	14	15	19	5	12	22	25	13	20	7	21	23	18	11	17	9	1	8	6	2	3	16	4	10
2431	10	6	25	14	13	9	15	19	12	3	1	11	5	4	23	7	17	16	24	21	2	22	18	8	20
2432	20	18	5	6	24	7	11	15	2	17	25	19	1	22	3	23	9	13	12	16	10	8	14	21	4
2433	13	19	3	10	24	20	1	11	6	2	16	18	7	21	14	22	9	23	17	12	5	4	25	8	15
2434	9	22	5	3	18	7	16	11	13	4	10	25	20	24	19	2	21	1	14	17	12	6	23	8	15
2435	9	16	18	6	2	5	20	17	7	4	12	23	15	14	1	10	22	24	3	13	11	25	8	19	21
2436	1	14	16	10	5	15	8	12	21	18	24	17	22	19	4	3	7	9	20	6	23	13	11	25	2
2437	9	21	12	15	6	19	11	25	18	17	5	7	14	10	24	2	16	13	4	3	23	20	8	1	22
2438	3	13	1	14	16	25	4	6	12	10	22	17	11	5	8	9	2	20	18	7	19	15	23	21	24
2439	11	22	24	4	5	1	7	19	18	14	2	17	10	3	12	15	8	13	23	20	21	25	9	6	16
2440	10	13	6	16	18	3	24	1	4	15	20	11	12	2	14	5	7	17	9	23	21	19	22	8	25
2441	12	21	6	9	19	23	13	7	25	5	20	16	11	17	15	1	10	24	22	18	4	3	2	8	14
2442	14	7	12	6	23	5	16	22	13	21	18	1	20	4	10	8	3	19	24	11	17	25	9	2	15
2443	4	18	11	15	6	5	7	20	1	25	8	23	19	16	2	10	12	9	14	21	17	13	24	22	3
2444	4	14	16	12	22	1	11	9	15	2	6	21	7	18	8	23	17	24	19	10	5	20	3	13	25
2445	1	25	24	3	15	16	22	8	13	12	19	2	23	10	14	5	21	9	7	6	11	17	20	18	4
2446	7	23	19	2	22	5	10	17	24	16	8	6	9	20	11	25	12	15	21	4	3	14	1	13	18
2447	6	12	3	1	2	5	21	25	14	9	24	8	11	20	18	13	16	17	15	10	4	23	19	7	22
2448	1	23	25	19	21	15	4	9	6	11	3	13	16	8	17	7	10	5	12	18	22	14	20	24	2
2449	11	21	22	18	17	10	9	4	1	8	13	7	3	23	24	15	19	6	5	25	16	14	20	2	12
2450	25	22	11	6	8	14	7	15	23	21	12	9	2	16	24	3	4	5	20	10	13	17	19	18	1
2451	14	3	16	12	8	7	2	23	1	17	4	13	10	5	6	20	15	11	19	22	25	21	9	24	18
2452	25	3	9	17	11	16	24	6	7	1	21	5	12	23	19	2	10	8	22	14	13	18	15	4	20
2453	8	21	6	7	2	16	25	4	17	13	12	5	3	24	19	20	14	23	15	9	11	18	10	22	1
2454	16	21	3	9	23	13	22	14	24	11	15	10	4	1	6	7	20	5	25	17	19	8	18	2	12
2455	12	6	18	15	17	4	21	16	1	23	22	11	19	8	20	25	24	13	7	2	9	14	5	10	3
2456	6	11	19	17	5	18	13	22	7	24	21	25	14	3	15	1	12	10	8	4	23	2	9	20	16
2457	21	2	24	8	15	4	16	20	5	12	22	10	17	19	3	23	1	14	6	11	9	25	13	18	7
2458	17	9	21	18	15	7	16	24	25	11	12	5	20	6	14	10	8	22	2	19	3	13	23	4	1
2459	21	15	18	10	22	8	13	6	1	9	16	7	3	14	20	12	24	17	23	11	4	5	2	25	19
2460	24	2	7	5	6	14	17	19	9	25	15	8	10	13	4	1	16	23	21	18	12	20	11	3	22
2461	7	11	6	13	19	1	3	17	9	8	23	14	5	24	10	20	25	18	21	2	22	16	4	15	12
2462	16	25	15	24	7	6	5	12	19	14	22	13	11	4	17	18	20	2	23	10	3	8	9	1	21
2463	5	14	4	19	8	20	18	10	12	21	22	3	24	23	7	13	11	6	16	1	17	15	9	25	2
2464	8	22	6	1	20	9	5	19	24	3	16	7	11	4	14	17	18	12	25	13	2	10	15	21	23
2465	5	6	13	4	23	8	12	17	2	1	10	20	24	7	9	22	19	25	3	21	16	15	14	18	11
2466	13	10	18	3	8	9	17	16	20	19	6	2	4	21	12	22	1	24	5	23	11	7	15	25	14
2467	24	17	8	13	19	6	4	18	23	14	1	9	5	11	25	22	21	2	3	15	10	16	12	7	20
2468	8	14	2	22	16	25	15	21	18	7	11	6	3	10	13	20	19	5	9	23	1	24	4	12	17
2469	9	22	4	6	11	21	3	7	14	5	16	1	13	23	17	19	15	12	2	18	25	8	20	10	24
2470	5	22	6	14	8	10	2	9	12	21	17	24	23	19	4	7	25	16	15	3	1	13	20	11	18
2471	21	19	2	5	17	14	16	25	13	18	6	3	4	11	12	1	15	22	10	24	20	7	9	23	8
2472	10	7	20	25	21	17	15	6	24	14	12	11	9	2	23	13	5	22	4	19	8	16	3	18	1
2473	16	13	1	24	6	8	25	19	21	12	7	14	10	2	20	11	5	18	9	17	15	23	4	22	3
2474	16	24	10	18	1	25	5	3	9	6	23	7	17	4	14	21	22	8	15	12	11	2	13	20	19
2475	8	5	14	16	7	11	19	22	12	15	25	2	17	24	21	9	23	4	3	6	20	13	18	10	1
2476	1	9	12	15	6	20	11	21	17	23	8	16	4	5	7	14	18	25	24	19	2	10	22	3	13
2477	19	25	13	4	23	14	24	16	9	12	5	1	21	7	10	11	20	8	18	2	22	6	15	3	17
2478	8	2	13	14	9	23	16	7	10	20	4	15	12	6	11	21	3	1	17	18	25	5	24	19	22
2479	23	1	14	20	12	13	3	5	6	19	21	22	25	11	17	16	4	24	9	8	15	18	7	2	10
2480	8	14	24	17	10	20	22	1	2	19	9	12	18	6	25	13	23	21	5	16	15	7	3	11	4
2481	21	8	3	7	17	4	19	12	9	6	5	18	24	25	22	14	16	23	10	20	11	15	2	13	1
2482	17	13	18	4	5	23	20	25	8	14	16	15	21	10	12	1	7	3	22	11	9	24	2	19	6
2483	19	11	3	25	2	9	12	7	8	21	17	6	16	22	15	24	4	13	1	10	18	14	5	20	23
2484	1	18	23	7	24	16	10	15	19	11	12	5	4	8	17	20	3	14	13	2	9	6	21	22	25
2485	19	18	3	17	12	13	6	5	10	4	16	9	21	23	2	20	11	8	1	15	25	14	24	22	7
2486	25	18	14	23	10	8	11	13	5	16	15	19	4	12	7	22	20	1	9	6	24	3	17	2	21
2487	3	12	22	7	8	11	1	13	20	23	2	9	15	6	10	21	16	25	14	4	18	17	5	24	19
2488	15	3	11	12	5	13	19	21	23	18	22	24	4	1	10	16	2	6	8	14	17	25	9	7	20
2489	10	19	14	9	20	25	16	4	21	2	13	18	23	1	8	24	6	17	22	11	3	7	5	15	12
2490	18	21	24	13	14	3	25	4	12	23	5	1	20	2	6	15	16	11	9	7	8	19	22	10	17
2491	3	16	25	8	20	4	15	12	22	2	9	11	18	19	14	1	21	17	23	24	7	10	6	5	13
2492	24	1	20	10	6	11	12	23	18	16	2	17	5	8	7	14	3	19	9	15	21	4	22	25	13
2493	20	11	9	6	22	14	7	15	12	21	4	16	1	2	23	3	25	17	24	18	13	5	8	19	10
2494	12	20	15	8	18	1	4	6	14	10	25	22	19	3	17	9	2	16	5	23	21	24	11	13	7
2495	14	19	22	16	25	8	13	20	6	4	3	9	12	7	11	23	10	15	5	2	21	17	18	1	24
2496	14	15	7	18	6	8	3	16	10	23	19	12	13	17	20	1	22	25	11	24	2	5	4	9	21
2497	18	23	13	19	25	2	5	3	14	17	9	7	10	16	12	8	4	20	1	22	6	21	11	24	15
2498	19	3	24	12	18	5	4	16	9	11	17	22	1	14	8	10	7	6	20	23	2	15	25	13	21
2499	11	2	21	16	6	3	7	17	13	1	20	15	19	14	23	10	4	18	5	25	12	22	24	9	8
2500	5	25	3	23	17	12	11	10	21	24	20	14	15	8	9	13	6	7	19	4	16	1	22	18	2
2501	15	23	22	16	9	21	3	18	4	1	12	13	20	7	11	25	6	5	10	19	14	8	24	17	2
2502	17	25	8	24	7	20	12	23	2	16	6	5	22	1	15	14	11	9	19	4	13	21	3	10	18
2503	13	16	3	1	12	17	9	10	18	7	15	24	23	21	5	4	22	11	19	2	14	8	25	6	20
2504	11	24	23	12	1	21	18	3	4	15	19	16	22	6	2	8	25	14	20	17	10	5	9	13	7
2505	25	17	19	1	22	7	5	11	8	21	23	13	10	16	24	2	14	9	4	6	18	20	15	12	3
2506	1	21	17	3	6	10	12	11	23	22	18	24	25	16	19	8	7	20	13	15	2	9	14	5	4
2507	14	15	25	16	11	21	3	9	23	18	17	24	1	6	13	12	22	4	10	2	5	20	7	8	19
2508	6	16	5	1	15	12	13	21	19	2	23	17	25	3	22	11	7	9	10	24	4	14	8	20	18
2509	9	1	2	23	20	12	3	15	8	22	24	17	21	19	10	13	5	25	14	6	18	4	7	16	11
2510	2	22	5	25	12	14	18	21	15	3	24	4	13	6	11	16	20	17	7	1	8	19	23	9	10
2511	19	8	21	12	4	2	6	25	10	9	17	5	11	1	18	13	3	20	23	16	14	15	7	24	22
2512	23	8	6	16	7	22	9	24	4	10	17	2	20	13	25	14	18	3	19	1	21	15	12	5	11
2513	12	17	18	14	15	3	24	23	8	7	13	4	22	19	5	16	1	9	10	11	20	6	25	21	2
2514	25	14	12	17	4	2	23	5	11	6	3	15	16	19	8	20	18	24	9	7	21	13	22	1	10
2515	10	19	11	14	25	24	3	16	5	17	20	15	4	23	21	2	7	22	1	9	18	12	8	13	6
2516	16	23	14	21	25	2	4	1	11	5	22	9	6	20	19	10	3	24	12	7	13	15	17	18	8
2517	3	8	2	4	13	9	20	12	19	5	7	17	15	25	18	24	10	6	22	11	14	23	16	21	1
2518	8	17	16	11	13	6	5	21	4	19	20	18	15	12	22	7	1	10	3	2	14	23	9	25	24
2519	11	4	18	14	17	3	2	22	19	8	12	6	16	23	20	21	24	15	10	13	9	7	25	5	1
2520	1	6	21	17	8	9	15	22	19	25	16	14	10	23	12	20	7	13	11	3	24	18	5	4	2
2521	7	25	1	19	8	23	12	13	21	15	4	24	11	10	6	14	22	17	16	18	20	2	9	3	5
2522	24	19	13	22	9	2	1	8	14	18	20	6	11	21	23	17	7	5	10	16	12	25	15	4	3
2523	23	7	6	4	22	19	9	2	24	8	17	14	10	25	11	16	1	3	21	5	13	20	15	18	12
2524	14	23	9	12	3	10	7	8	18	25	4	22	17	19	13	6	21	1	2	16	20	24	15	5	11
2525	2	16	11	24	7	4	19	15	25	17	10	13	9	23	8	22	6	20	21	1	3	5	12	14	18
2526	3	6	11	16	21	14	25	23	22	8	20	9	18	19	7	17	4	12	15	1	10	2	13	24	5
2527	11	8	9	23	5	21	14	17	19	25	2	24	16	22	15	4	1	3	18	7	10	12	20	13	6
2528	19	8	9	18	3	11	1	7	17	24	22	16	23	4	21	5	13	14	6	15	10	25	12	20	2
2529	4	24	6	18	9	13	20	10	23	2	21	19	16	7	15	14	25	1	5	11	22	12	17	8	3
2530	24	4	3	19	10	1	6	7	18	15	21	8	12	17	11	13	22	2	14	25	5	16	23	20	9
2531	13	1	6	14	10	3	8	5	12	24	25	18	4	16	9	19	20	17	21	2	7	11	23	15	22
2532	12	10	6	21	9	5	18	1	2	15	16	20	23	22	11	7	19	24	3	13	25	14	4	17	8
2533	24	13	6	2	5	1	19	17	9	23	18	11	3	22	4	20	10	14	15	8	7	25	12	21	16
2534	11	6	10	22	13	8	17	19	4	9	20	18	7	5	16	21	2	24	1	14	23	12	25	15	3
2535	23	5	22	21	10	2	8	16	17	18	25	3	6	11	24	7	20	14	9	4	19	12	1	15	13
2536	15	23	7	19	22	9	12	10	3	5	21	14	13	4	6	24	11	8	18	25	16	1	2	17	20
2537	7	16	2	20	10	17	18	14	15	6	9	8	4	1	3	21	24	11	19	5	13	22	12	23	25
2538	21	22	23	10	18	20	12	3	24	1	4	13	2	6	14	19	17	5	16	7	11	25	15	8	9
2539	3	24	15	8	22	16	23	21	7	2	13	18	9	25	10	11	20	5	1	17	6	19	12	14	4
2540	10	18	9	14	1	22	17	13	12	8	21	15	16	19	7	4	6	20	25	23	3	2	24	11	5
2541	11	8	5	25	7	13	20	21	24	19	18	14	12	16	17	2	23	9	10	6	22	4	15	1	3
2542	6	25	16	13	12	3	8	10	21	2	14	23	22	11	19	18	20	15	4	17	5	7	1	24	9
2543	6	9	23	17	10	8	21	19	20	18	5	24	11	22	3	13	15	1	14	12	25	16	2	7	4
2544	19	6	8	17	5	15	4	11	13	10	2	7	9	24	3	1	22	18	23	16	14	21	25	12	20
2545	17	2	3	8	15	9	18	6	5	25	14	12	24	16	13	1	20	4	10	19	7	23	21	11	22
2546	10	7	8	16	4	22	19	24	9	3	15	5	21	14	12	1	13	25	17	2	20	6	11	23	18
2547	18	10	23	11	3	17	25	13	20	14	24	9	4	19	22	21	2	6	7	16	5	12	15	8	1
2548	12	19	14	24	7	9	25	23	21	17	4	20	5	13	2	11	22	18	8	6	16	15	1	10	3
2549	22	19	7	25	9	23	13	17	2	8	12	4	20	14	6	16	21	5	24	10	18	11	1	15	3
2550	6	22	17	3	24	4	2	25	20	14	7	18	23	11	8	21	19	5	12	10	1	16	13	15	9
2551	12	8	10	23	5	2	20	17	9	1	3	4	14	7	15	19	6	24	21	11	22	16	25	13	18
2552	19	21	7	10	4	11	1	2	18	22	20	5	16	23	8	15	9	13	14	6	25	24	17	3	12
2553	24	21	19	7	1	15	4	22	23	6	8	25	18	14	12	11	5	20	2	3	13	10	16	9	17
2554	23	8	18	10	13	16	6	2	25	9	3	17	11	4	15	24	19	7	5	20	21	14	22	1	12
2555	11	24	13	15	8	7	14	9	12	1	2	19	6	18	21	20	25	23	5	16	22	3	17	10	4
2556	11	12	4	3	21	23	9	8	6	17	1	7	14	2	18	5	10	22	19	15	24	20	13	16	25
2557	25	9	17	13	15	1	22	4	21	6	18	12	14	20	11	7	10	19	23	3	16	24	5	2	8
2558	9	12	19	13	25	21	20	10	5	1	7	11	8	18	24	15	2	17	22	16	3	4	23	6	14
2559	12	16	8	10	21	14	3	1	23	7	25	18	6	17	19	24	2	13	15	4	11	5	22	9	20
2560	25	20	17	23	21	8	2	4	15	22	3	6	9	14	1	16	12	19	24	18	5	10	13	11	7
2561	8	21	12	5	4	17	19	9	22	10	6	13	20	24	18	25	15	16	14	1	3	2	11	23	7
2562	2	16	14	24	9	10	11	4	22	13	15	7	17	23	6	21	5	12	8	1	25	3	19	20	18
2563	15	24	1	7	19	6	13	25	17	10	21	16	23	14	2	20	18	22	9	12	8	3	4	5	11
2564	23	7	9	11	10	25	4	22	21	13	14	2	15	8	24	5	3	12	19	1	6	20	17	16	18
2565	21	2	9	7	11	22	17	23	14	16	1	12	10	8	6	5	18	3	4	15	13	25	19	20	24
2566	3	19	4	16	14	11	8	1	5	2	22	23	17	24	20	12	10	21	25	9	6	15	18	13	7
2567	10	1	24	3	12	18	19	13	22	6	2	4	25	11	17	9	21	23	8	7	15	20	16	5	14
2568	12	21	4	22	17	13	15	24	3	16	10	1	9	5	23	18	7	11	2	25	20	8	6	19	14
2569	10	25	8	4	20	1	21	15	9	19	12	5	24	3	16	6	11	13	14	18	7	22	17	2	23
2570	6	19	25	12	22	2	21	13	24	14	18	1	16	4	8	9	23	11	10	20	17	7	15	3	5
2571	3	22	14	16	20	15	6	21	8	11	12	17	24	10	2	23	7	5	9	1	18	25	4	19	13
2572	16	21	19	14	5	24	6	17	8	9	10	25	12	11	4	13	18	22	2	20	23	3	7	1	15
2573	9	17	14	20	19	8	13	18	7	4	1	21	12	15	2	6	24	23	10	5	25	16	3	11	22
2574	18	22	21	1	4	11	12	25	8	14	16	10	6	9	17	13	15	23	19	20	24	5	3	7	2
2575	19	10	9	12	1	18	23	14	17	8	3	25	15	11	24	4	5	22	2	20	6	7	21	13	16
2576	7	8	6	14	2	9	25	1	13	23	10	19	24	12	3	11	18	22	21	20	17	4	5	16	15
2577	5	4	22	19	9	7	20	15	2	11	13	16	14	1	18	25	12	21	6	10	8	23	17	24	3
2578	2	12	25	7	23	11	4	22	17	14	6	15	20	16	19	8	3	24	10	1	9	18	5	13	21
2579	21	22	25	13	17	12	20	18	11	19	7	2	24	8	3	1	5	23	9	6	10	15	4	14	16
2580	21	24	5	11	9	4	12	10	23	14	3	7	6	15	8	13	25	2	19	22	20	1	16	18	17
2581	21	8	12	22	4	9	24	7	16	20	1	6	15	23	10	13	17	5	18	14	25	11	2	19	3
2582	21	16	1	2	22	12	15	23	9	11	18	24	17	7	4	14	13	3	10	5	20	8	6	25	19
2583	11	2	16	13	6	19	25	17	9	12	18	23	22	5	24	1	7	15	20	8	4	10	3	21	14
2584	6	9	22	3	23	21	7	10	13	2	8	5	14	12	20	1	17	18	11	16	24	25	15	4	19
2585	3	11	24	19	2	17	10	8	5	7	6	1	12	21	4	15	23	25	18	14	9	13	16	20	22
2586	6	25	13	7	10	19	17	5	11	14	22	2	21	20	1	4	8	3	23	12	24	18	16	9	15
2587	24	16	22	15	25	6	18	19	11	5	10	2	1	9	17	7	8	4	21	3	14	13	20	23	12
2588	12	4	17	13	8	6	23	25	15	16	7	1	5	9	22	3	19	21	18	11	2	24	14	20	10
2589	17	8	1	21	7	16	6	19	4	5	13	2	25	9	22	12	10	20	3	15	11	24	14	23	18
2590	9	17	7	22	8	4	2	16	12	11	13	25	6	21	1	3	10	5	14	23	24	20	15	19	18
2591	1	19	15	10	18	11	17	6	3	4	20	24	23	2	5	12	14	8	9	16	13	25	7	22	21
2592	9	23	13	2	6	21	22	24	16	19	5	20	4	17	25	15	14	11	8	18	12	1	7	3	10
2593	22	3	5	16	21	23	11	1	24	6	14	13	12	7	25	19	20	17	15	10	9	2	18	8	4
2594	5	4	3	14	6	16	17	15	22	20	13	10	8	2	11	1	23	21	7	18	12	19	25	24	9
2595	7	1	24	19	18	14	5	21	9	10	12	8	25	15	3	13	4	20	2	22	17	16	23	6	11
2596	7	10	12	11	6	3	9	8	13	25	4	24	22	2	18	16	15	14	17	19	21	23	20	5	1
2597	15	13	5	8	25	17	7	12	14	21	24	2	11	23	16	4	6	3	20	19	22	18	1	9	10
2598	1	25	16	11	12	17	4	15	6	23	14	7	24	18	10	19	21	20	5	13	9	8	22	3	2
2599	8	24	12	3	5	22	11	19	4	10	17	14	2	7	1	23	20	18	15	21	6	16	25	9	13
2600	3	18	9	21	16	2	20	10	17	4	14	8	25	24	7	19	12	22	6	1	5	15	23	11	13
2601	2	12	21	11	3	10	18	15	25	6	4	24	1	14	7	22	5	20	8	9	23	17	13	16	19
2602	19	13	22	5	9	10	6	8	21	17	3	2	16	11	25	15	4	20	7	18	24	23	1	12	14
2603	23	1	6	16	25	2	13	22	8	10	12	9	19	20	24	7	4	15	14	18	21	5	3	11	17
2604	22	25	14	2	11	1	7	17	20	5	16	13	21	18	3	24	12	6	10	23	4	9	15	8	19
2605	21	7	10	12	20	2	15	6	25	1	8	23	17	16	3	19	9	22	24	4	13	18	5	14	11
2606	12	4	19	18	9	14	13	23	20	22	11	10	21	15	17	16	1	6	25	3	7	24	8	2	5
2607	10	19	2	25	13	12	21	15	8	6	3	11	24	18	7	16	23	20	4	14	5	22	1	9	17
2608	5	8	22	18	13	23	3	19	14	4	11	9	21	10	1	12	17	15	20	25	7	24	6	2	16
2609	1	6	15	9	5	19	4	10	13	3	25	20	14	8	11	18	17	21	23	12	24	22	7	16	2
2610	3	19	2	16	15	13	24	21	18	1	25	10	7	12	5	17	20	11	6	22	8	4	14	9	23
2611	15	13	21	2	5	11	20	19	9	10	16	25	24	23	3	8	4	1	7	12	6	22	17	18	14
2612	13	1	17	11	6	23	15	21	12	16	4	8	24	7	3	18	20	22	2	19	10	9	14	25	5
2613	10	20	18	25	11	13	12	23	4	15	6	16	14	3	19	2	5	8	9	1	24	7	22	17	21
2614	15	11	19	20	25	1	7	3	2	23	16	8	24	18	21	10	12	22	5	13	17	14	4	9	6
2615	23	11	7	12	25	19	13	6	15	20	5	1	16	18	9	21	10	4	22	24	14	3	8	2	17
2616	15	23	9	14	17	12	13	5	21	2	25	16	22	6	10	3	4	20	18	1	24	19	7	8	11
2617	17	22	6	9	25	4	11	2	8	23	5	13	3	20	21	7	14	18	16	10	15	19	1	24	12
2618	6	22	1	7	24	4	3	10	18	21	14	13	19	9	25	15	17	23	16	11	2	12	20	8	5
2619	10	18	16	1	20	3	4	15	9	21	2	23	22	13	25	11	17	7	19	8	24	5	12	6	14
2620	19	25	9	20	4	7	24	3	10	11	22	17	8	12	6	2	5	16	21	15	1	14	13	23	18
2621	19	3	23	7	5	22	9	13	21	4	2	14	10	24	6	18	15	17	1	16	20	8	11	25	12
2622	20	9	4	7	17	18	5	25	13	14	15	21	23	2	1	16	3	22	24	10	6	19	11	8	12
2623	13	23	8	14	6	2	25	3	5	12	16	4	9	17	10	20	24	19	15	22	18	7	11	1	21
2624	20	17	13	6	19	15	18	4	7	5	24	1	8	22	16	25	23	9	21	12	3	11	10	2	14
2625	6	22	3	1	4	14	9	10	23	13	19	21	16	11	17	7	12	2	5	8	24	20	15	18	25
2626	10	23	18	24	7	13	2	25	5	4	8	3	16	1	19	15	22	9	11	12	17	14	20	21	6
2627	23	7	8	15	14	25	4	24	16	19	11	21	20	9	6	10	12	17	13	2	5	3	18	1	22
2628	2	18	21	12	3	11	17	4	19	1	5	8	25	20	24	22	15	14	23	16	10	7	13	6	9
2629	21	12	8	23	19	10	18	22	11	7	16	17	2	1	25	24	5	3	14	6	20	13	15	4	9
2630	17	5	1	6	11	4	19	10	16	7	14	9	15	25	23	24	21	2	3	13	20	12	8	18	22
2631	19	21	12	10	2	3	24	18	14	5	6	9	25	13	22	11	23	8	1	7	4	20	15	17	16
2632	8	3	23	22	4	9	15	16	6	5	7	13	18	20	24	25	1	12	2	11	10	14	21	17	19
2633	21	15	23	22	4	3	6	1	18	13	25	12	9	10	2	11	14	24	7	17	8	5	19	20	16
2634	1	24	11	18	2	16	8	14	22	9	23	21	3	12	20	4	6	13	17	7	5	15	19	25	10
2635	25	11	9	2	12	15	10	4	21	14	8	20	13	5	22	19	17	16	23	6	24	18	3	1	7
2636	24	15	13	25	3	10	4	5	6	14	16	1	23	11	20	8	9	7	19	2	18	17	21	12	22
2637	2	18	5	9	14	20	22	3	11	21	19	8	24	6	1	7	12	13	16	17	23	10	4	25	15
2638	15	9	6	2	12	4	16	19	20	7	5	23	11	17	24	3	10	8	13	14	22	18	25	21	1
2639	21	23	18	20	6	15	12	5	4	3	10	7	25	8	17	2	19	22	11	16	9	24	1	13	14
2640	6	5	8	23	11	15	17	4	3	24	20	22	21	12	13	25	19	9	10	2	7	18	16	14	1
2641	21	18	20	6	5	10	22	12	7	16	14	9	23	11	4	2	19	24	1	3	25	13	8	15	17
2642	10	19	20	21	13	23	14	5	7	2	6	18	1	25	11	3	17	16	22	4	12	9	24	15	8
2643	22	14	24	6	1	7	8	20	9	15	13	16	4	23	2	10	25	21	17	3	18	5	11	12	19
2644	3	10	8	23	17	24	18	4	16	5	21	11	12	7	20	13	1	25	9	6	19	22	14	2	15
2645	2	16	20	7	12	14	8	22	10	5	24	3	23	9	13	4	6	1	25	18	11	19	17	21	15
2646	20	5	18	10	22	6	15	24	21	19	14	2	25	17	12	16	8	13	11	9	4	1	23	3	7
2647	6	25	22	7	11	24	8	2	4	9	23	5	3	10	13	20	18	21	12	15	16	19	1	17	14
2648	7	11	3	5	9	16	12	1	15	6	4	22	10	20	8	18	17	13	23	24	19	14	21	2	25
2649	18	22	16	10	23	19	2	24	5	4	25	8	9	3	20	12	13	7	11	14	17	15	21	6	1
2650	15	11	14	13	20	10	5	22	19	21	16	9	1	6	8	25	24	3	17	7	18	2	4	23	12
2651	4	20	2	5	12	25	15	11	13	14	21	6	3	23	19	9	18	24	7	22	16	8	10	1	17
2652	23	22	1	19	2	6	8	24	14	7	16	11	17	15	5	12	18	10	21	25	4	9	20	13	3
2653	20	8	11	6	18	5	7	25	10	24	23	12	17	19	13	2	14	1	9	3	4	22	15	16	21
2654	16	7	19	6	21	20	2	24	5	25	15	3	1	8	10	22	4	13	17	12	14	18	23	9	11
2655	5	17	25	12	8	19	3	1	4	22	13	11	18	7	20	24	6	10	2	15	9	23	16	14	21
2656	5	3	14	16	9	12	21	2	17	1	15	8	13	23	20	4	10	19	22	6	7	18	25	24	11
2657	20	18	1	15	23	8	25	12	10	17	9	21	4	22	19	3	14	2	6	7	5	24	13	11	16
2658	6	23	17	15	7	1	11	20	14	5	24	18	16	10	4	13	8	3	12	9	19	2	21	22	25
2659	4	8	21	19	12	3	23	25	1	22	16	14	7	17	2	11	9	18	10	6	20	15	5	24	13
2660	22	16	7	5	19	8	15	9	3	1	13	10	17	6	24	20	21	2	23	18	4	14	12	11	25
2661	10	13	11	5	25	14	19	6	17	24	15	18	2	8	4	12	23	16	9	3	21	20	7	1	22
2662	10	24	3	17	22	7	1	9	21	25	5	6	15	16	14	13	8	23	2	20	18	12	11	19	4
2663	22	9	12	24	11	13	23	7	16	14	20	15	10	4	3	2	21	18	1	5	6	8	17	19	25
2664	9	19	5	13	10	7	14	4	8	18	1	12	3	23	25	17	2	20	24	22	21	15	16	6	11
2665	17	13	10	2	20	19	12	7	14	5	25	23	16	9	4	6	11	3	22	21	18	8	24	1	15
2666	4	8	13	5	18	22	3	14	15	24	25	11	12	23	21	16	1	17	9	7	10	2	20	6	19
2667	23	21	15	11	13	22	19	18	6	12	5	1	20	16	9	7	2	4	3	25	24	14	8	10	17
2668	21	10	13	25	17	9	19	20	23	8	1	6	2	4	22	11	7	5	18	3	14	12	24	16	15
2669	7	20	24	17	16	14	9	11	5	12	13	10	1	21	6	2	15	3	25	4	22	8	18	23	19
2670	2	5	3	22	13	12	6	19	4	16	17	24	9	1	8	10	11	14	20	23	18	15	7	21	25
2671	24	21	6	15	10	2	9	3	5	1	12	23	25	16	4	22	20	19	7	13	18	17	8	11	14
2672	7	13	9	3	24	20	23	8	15	6	19	2	16	10	1	22	21	5	14	25	12	17	18	4	11
2673	19	6	25	24	13	18	1	5	7	23	20	17	15	2	10	11	9	8	21	14	12	16	4	3	22
2674	14	12	11	2	4	25	20	3	23	9	5	17	19	6	1	8	15	22	16	10	21	13	18	24	7
2675	12	3	23	22	14	9	15	4	16	20	6	21	1	13	18	5	8	19	25	24	7	2	11	17	10
2676	17	25	4	19	8	11	16	2	15	13	1	5	24	23	22	14	12	9	18	3	20	7	21	6	10
2677	17	4	6	22	2	1	7	24	8	19	23	20	25	18	15	3	11	12	16	10	21	14	5	9	13
2678	8	6	7	13	1	20	24	10	15	12	17	22	19	4	21	14	25	16	23	9	18	2	11	3	5
2679	22	5	1	4	3	15	16	23	14	11	7	12	2	13	9	10	21	8	19	20	17	18	25	6	24
2680	23	13	15	8	20	6	18	19	12	5	3	2	17	24	1	16	21	11	14	25	22	9	7	4	10
2681	11	5	21	23	20	15	14	1	18	2	16	4	7	19	8	9	25	13	24	22	6	10	17	3	12
2682	7	15	19	25	8	18	2	13	21	20	1	6	14	17	23	24	11	12	5	22	4	3	9	10	16
2683	14	23	20	8	6	22	19	5	4	3	13	17	1	11	21	7	18	2	12	9	24	10	15	25	16
2684	23	16	22	12	11	15	13	3	19	8	21	25	2	5	17	1	24	6	10	9	4	14	20	18	7
2685	19	24	23	17	16	5	3	2	25	11	18	8	12	10	7	13	9	14	20	21	15	22	6	1	4
2686	22	17	1	24	8	11	25	12	10	2	6	23	4	19	14	5	16	15	20	9	3	13	18	7	21
2687	25	15	23	12	3	20	24	1	21	19	18	11	14	7	22	2	13	5	9	16	6	10	17	8	4
2688	22	3	14	25	10	16	1	18	11	6	17	5	19	13	12	20	2	7	8	24	4	23	21	9	15
2689	16	4	7	14	22	15	6	12	23	21	3	13	10	1	8	17	9	18	24	20	5	11	2	25	19
2690	5	19	10	7	6	4	11	2	17	9	15	21	25	12	3	16	23	14	13	18	1	22	20	24	8
2691	13	22	17	10	4	3	2	21	5	8	9	19	14	15	25	12	1	18	6	11	16	24	20	23	7
2692	23	6	10	1	9	14	22	11	12	18	21	20	7	2	16	24	4	3	19	8	5	13	17	15	25
2693	11	22	10	24	18	15	23	7	1	6	4	21	14	9	16	25	17	8	3	12	13	2	5	20	19
2694	19	14	16	11	9	21	12	2	7	17	4	22	23	15	1	13	18	5	10	25	8	24	6	20	3
2695	10	21	23	13	14	22	5	6	1	11	19	9	4	7	8	24	3	20	17	16	18	25	2	15	12
2696	17	12	1	9	6	10	23	20	7	2	11	24	4	16	18	13	5	8	22	19	21	14	3	15	25
2697	5	23	15	12	4	24	7	9	6	21	17	25	20	8	3	13	1	11	14	16	19	18	22	10	2
2698	18	25	10	15	17	11	8	5	12	4	9	1	2	6	14	24	13	3	21	19	16	22	20	7	23
2699	2	16	1	14	3	11	24	10	8	12	5	21	22	4	19	18	6	7	13	9	20	25	15	17	23
2700	1	6	16	3	20	9	17	13	5	18	15	14	8	10	22	7	23	25	21	12	4	2	19	24	11
2701	11	4	10	2	17	13	5	23	15	1	8	12	25	18	7	16	3	22	24	9	20	21	14	19	6
2702	17	21	5	25	9	10	23	22	19	18	14	12	24	11	7	2	20	3	8	15	4	1	6	16	13
2703	20	21	3	10	13	12	4	6	9	2	1	7	22	17	5	24	15	14	18	19	25	23	16	11	8
2704	9	17	21	5	25	15	4	8	12	22	10	13	23	11	20	24	16	18	19	2	3	1	7	6	14
2705	6	2	13	19	24	12	22	15	17	23	20	4	25	5	3	16	11	7	8	21	18	14	9	1	10
2706	4	14	6	23	12	16	15	13	25	10	9	1	3	17	5	19	22	2	24	11	20	21	18	8	7
2707	25	8	13	2	16	11	15	21	18	17	7	23	3	19	12	4	1	6	14	10	9	22	24	20	5
2708	25	14	9	10	4	7	3	17	19	16	6	13	5	1	18	20	8	23	24	22	15	12	21	2	11
2709	13	5	4	16	15	10	8	14	7	21	25	1	9	6	12	17	23	3	20	24	22	2	19	11	18
2710	18	10	23	2	9	21	24	1	13	4	15	16	11	19	7	3	20	17	14	12	5	8	6	22	25
2711	21	25	1	7	10	16	5	8	18	17	14	19	13	12	4	2	22	3	11	20	15	23	9	24	6
2712	4	11	18	10	12	23	9	14	5	7	22	2	3	6	24	19	25	15	20	17	21	8	1	16	13
2713	19	21	1	8	6	14	22	17	15	11	7	3	18	12	9	2	24	13	4	23	10	20	16	25	5
2714	12	20	16	13	22	14	10	2	11	8	9	6	19	7	5	24	3	23	1	15	17	18	25	21	4
2715	10	12	22	21	3	23	4	18	16	2	7	17	6	11	8	13	24	1	9	14	25	20	15	5	19
2716	21	11	2	12	19	23	6	1	24	9	5	16	17	10	22	25	14	4	15	8	3	7	13	20	18
2717	13	1	24	25	10	7	6	14	18	17	19	16	4	21	5	15	3	20	11	23	9	22	2	12	8
2718	14	3	22	10	12	1	25	6	2	16	5	11	9	21	15	4	23	8	18	13	7	19	20	24	17
2719	23	2	4	13	6	11	1	18	7	10	5	17	15	20	12	24	3	19	16	25	9	8	21	14	22
2720	18	10	14	22	16	25	23	3	21	17	20	13	1	7	6	8	19	4	24	12	5	2	9	15	11
2721	2	25	19	4	24	6	14	1	10	23	11	21	15	13	12	16	18	7	20	3	8	5	17	22	9
2722	15	25	13	17	18	4	23	22	8	24	1	14	3	12	11	20	19	9	10	6	21	5	7	16	2
2723	25	12	7	15	14	10	5	21	11	20	1	6	16	8	3	24	23	9	17	4	18	22	13	2	19
2724	8	22	1	14	6	7	17	23	15	18	9	11	2	20	16	13	24	19	5	10	21	4	3	12	25
2725	20	23	15	25	4	7	8	13	22	24	19	21	1	2	12	9	3	18	10	11	6	16	5	14	17
2726	24	5	6	16	2	3	13	18	7	11	25	14	4	23	17	21	15	8	9	12	20	1	19	22	10
2727	25	9	1	16	24	8	11	7	12	10	19	6	17	18	23	4	20	21	15	14	5	3	13	2	22
2728	16	14	20	15	12	18	25	7	19	22	17	6	4	10	5	11	2	8	1	13	3	24	21	23	9
2729	23	12	7	3	5	14	21	11	19	20	4	25	17	16	1	13	10	8	9	22	24	18	15	2	6
2730	2	5	15	24	25	22	6	14	8	1	13	3	4	23	7	17	21	9	18	19	11	10	16	20	12
2731	5	18	24	3	19	15	13	16	23	9	2	7	22	12	4	1	6	14	20	25	17	8	21	11	10
2732	10	23	14	19	22	4	15	25	21	12	13	20	5	16	17	8	7	9	3	24	6	2	18	11	1
2733	10	8	19	4	24	12	18	7	11	22	13	21	6	9	14	25	5	1	16	15	20	2	23	17	3
2734	6	17	12	2	19	24	18	1	13	25	21	14	22	8	10	9	7	11	5	16	20	4	23	15	3
2735	24	16	23	11	14	22	12	7	17	20	21	25	10	8	4	2	15	1	18	13	3	9	6	19	5
2736	10	15	25	13	3	12	9	21	19	7	23	14	5	2	1	17	18	24	6	16	11	20	8	4	22
2737	2	1	10	8	21	9	16	23	19	6	5	12	11	4	14	13	24	7	22	15	18	20	17	3	25
2738	24	5	6	23	18	4	2	16	21	17	8	15	20	11	13	9	22	3	10	12	25	14	1	19	7
2739	18	22	6	19	12	1	21	14	2	5	7	23	25	16	13	15	9	8	17	4	3	11	24	20	10
2740	14	25	16	20	11	1	9	4	15	2	10	22	18	6	8	12	17	19	5	23	13	24	21	3	7
2741	6	23	14	8	20	12	15	5	9	19	1	21	18	10	17	22	11	4	7	3	25	16	13	24	2
2742	23	16	2	13	18	6	10	25	3	20	9	11	1	14	4	15	12	22	17	21	7	24	8	19	5
2743	11	19	13	9	14	1	3	7	6	4	10	2	15	16	25	12	8	17	21	5	23	18	22	20	24
2744	5	12	9	7	1	2	16	19	8	20	13	3	24	6	15	18	22	17	14	23	10	4	25	21	11
2745	4	5	8	11	3	6	10	1	19	13	15	18	2	22	16	21	20	12	23	24	9	25	14	7	17
2746	9	22	24	17	7	23	14	20	12	11	13	2	4	3	18	19	6	21	15	8	25	10	5	16	1
2747	10	19	3	24	6	12	23	21	14	18	4	2	15	7	17	13	1	5	20	9	16	8	22	25	11
2748	16	17	19	11	3	13	1	9	20	15	23	2	6	4	24	10	12	7	18	25	21	22	5	8	14
2749	5	21	9	10	15	23	2	13	7	20	1	24	17	4	16	19	6	8	18	14	12	11	22	25	3
2750	24	1	25	10	3	15	7	17	9	14	22	12	8	2	16	13	21	19	5	11	23	20	6	18	4
2751	14	10	22	17	23	24	15	12	7	20	25	21	18	4	9	3	5	8	19	13	1	16	11	6	2
2752	10	3	11	7	19	25	18	1	8	12	2	15	9	21	17	22	14	20	24	5	23	16	6	4	13
2753	9	7	8	1	11	17	20	18	13	2	10	16	15	6	19	3	23	21	14	4	25	12	5	22	24
2754	23	9	16	2	10	6	4	15	20	17	14	8	7	3	5	18	25	13	11	12	24	1	22	19	21
2755	20	14	9	6	18	23	1	2	21	17	24	11	15	10	7	8	12	19	13	22	5	4	16	3	25
2756	15	4	25	14	19	11	10	17	9	24	22	1	23	5	2	20	21	7	12	13	8	18	6	16	3
2757	23	7	16	19	14	20	10	1	4	6	8	21	3	12	24	5	25	22	13	15	9	2	18	17	11
2758	6	12	20	2	8	1	7	10	19	23	25	17	5	15	11	3	22	9	24	16	18	13	4	21	14
2759	18	22	25	9	17	7	16	10	20	8	24	21	1	13	19	3	5	4	23	15	2	12	14	11	6
2760	16	18	5	10	7	19	23	11	6	3	14	4	21	9	12	22	1	8	24	20	15	2	25	17	13
2761	7	23	24	10	6	15	20	8	4	1	12	14	18	19	3	16	13	2	5	9	22	17	21	25	11
2762	9	23	7	17	11	4	6	13	22	16	14	8	19	10	2	5	18	21	20	3	24	1	15	25	12
2763	10	25	15	8	4	11	18	16	20	14	19	17	2	21	6	24	3	22	23	13	1	9	5	12	7
2764	20	21	22	9	18	8	10	14	6	11	2	1	25	3	19	24	23	13	17	5	4	15	16	7	12
2765	8	6	25	20	18	17	22	14	5	24	2	21	3	11	9	1	19	7	4	10	12	23	16	13	15
2766	16	25	18	9	8	17	2	4	21	12	3	7	24	15	19	20	10	22	14	6	5	11	23	1	13
2767	6	22	25	3	7	2	8	24	21	10	14	17	12	18	15	13	11	4	20	19	23	16	5	1	9
2768	17	11	15	19	21	7	5	20	6	24	10	9	23	22	13	12	1	4	14	2	8	3	25	18	16
2769	8	10	4	23	7	25	11	22	24	18	15	13	6	9	1	5	2	14	16	20	21	3	17	19	12
2770	18	14	3	16	5	8	2	17	11	1	10	13	6	22	19	4	25	21	20	24	7	15	9	12	23
2771	22	19	16	25	2	18	13	7	12	23	4	14	6	11	15	5	10	9	3	21	24	17	20	8	1
2772	2	4	25	24	8	10	14	18	1	16	23	21	9	15	20	11	17	22	19	6	3	7	13	12	5
2773	8	7	21	20	23	13	18	14	9	10	11	2	15	25	3	24	17	6	19	22	5	1	4	16	12
2774	5	16	21	14	20	9	11	13	1	17	25	10	3	24	12	7	22	4	19	2	6	23	15	18	8
2775	9	18	15	17	25	23	16	4	24	14	20	22	12	5	8	10	7	1	11	13	21	6	3	2	19
2776	17	25	3	18	16	8	1	5	22	10	24	2	6	20	4	9	11	15	13	14	23	19	7	21	12
2777	21	7	13	3	10	11	24	22	16	25	6	14	1	4	2	9	8	19	15	5	18	20	12	17	23
2778	24	23	5	9	15	13	7	20	21	22	1	3	18	10	6	17	25	16	11	19	4	8	14	2	12
2779	14	11	21	20	9	23	4	6	24	5	18	10	25	16	12	15	3	19	2	8	17	22	13	7	1
2780	12	13	11	9	20	22	15	14	19	17	7	2	5	21	1	18	8	10	6	23	24	16	25	4	3
2781	7	22	15	8	20	19	23	14	21	6	13	1	4	2	17	18	24	3	10	9	11	12	5	25	16
2782	3	14	2	18	25	5	21	8	19	20	1	15	10	22	9	11	24	4	17	13	12	16	23	7	6
2783	17	16	1	20	12	9	24	21	14	7	3	19	18	23	4	5	15	2	25	6	10	13	22	8	11
2784	18	1	2	12	4	24	3	23	25	16	11	15	5	6	8	21	9	20	19	22	13	17	10	14	7
2785	3	6	8	22	18	4	25	14	5	17	12	20	1	2	21	19	13	15	23	24	16	9	11	7	10
2786	9	23	14	24	6	16	19	7	22	2	13	3	11	1	18	10	12	17	4	21	25	8	15	20	5
2787	7	20	1	16	17	12	9	2	4	21	10	13	14	23	18	8	6	19	22	25	15	11	5	24	3
2788	13	18	5	3	6	14	2	23	25	17	24	20	8	7	21	11	10	1	16	22	9	4	12	19	15
2789	17	15	1	20	5	19	4	3	7	6	8	23	12	22	25	10	16	24	2	18	21	11	9	14	13
2790	1	18	25	13	20	7	14	8	22	24	5	15	11	21	17	23	4	19	3	9	12	10	6	16	2
2791	16	3	21	7	15	22	24	23	10	11	6	4	8	13	20	1	25	17	14	18	9	5	19	12	2
2792	11	22	21	10	4	12	13	24	15	17	16	9	7	3	23	20	14	2	18	25	8	1	6	19	5
2793	23	10	20	12	2	4	24	6	5	11	14	15	19	1	9	22	7	8	16	18	17	3	13	25	21
2794	13	15	9	3	20	12	25	10	5	11	24	6	1	22	18	14	4	7	19	16	2	21	17	8	23
2795	7	8	3	18	14	17	21	9	10	12	15	1	24	16	13	25	11	19	22	6	4	2	20	23	5
2796	3	19	17	1	21	14	9	12	10	22	13	11	15	7	25	6	2	20	23	18	5	24	8	4	16
2797	25	19	20	18	1	4	3	10	6	22	11	12	8	21	17	13	16	23	14	7	9	24	5	2	15
2798	20	8	22	19	9	11	4	21	12	7	25	3	17	5	2	1	24	23	13	15	6	14	10	16	18
2799	25	19	7	11	6	20	17	4	22	14	8	13	24	15	10	9	18	3	2	23	16	1	5	12	21
2800	20	12	23	4	19	24	1	17	9	11	16	18	13	7	10	14	6	3	5	2	21	15	22	8	25
2801	23	13	11	12	9	15	22	10	1	6	18	17	4	20	21	14	5	24	8	2	25	3	7	19	16
2802	5	16	20	13	19	3	21	11	2	8	18	10	7	22	25	6	24	4	9	14	15	17	1	23	12
2803	21	2	20	14	24	4	13	11	25	5	1	15	18	7	12	23	8	17	10	6	19	22	9	3	16
2804	6	19	1	23	14	16	7	13	4	24	11	5	25	22	15	2	12	17	9	10	8	20	21	3	18
2805	4	15	9	8	2	21	3	25	7	18	12	17	1	5	10	24	23	16	20	11	19	22	14	6	13
2806	6	1	5	24	18	14	4	8	25	12	11	13	2	17	15	23	20	22	10	16	3	9	21	7	19
2807	25	24	14	18	3	11	10	5	21	22	4	9	1	19	15	23	8	6	16	20	2	7	17	13	12
2808	17	3	19	11	18	14	6	10	16	25	20	15	7	9	8	23	4	1	12	13	2	24	21	5	22
2809	21	1	8	19	15	11	4	25	6	23	3	9	14	5	18	24	10	12	2	16	20	7	13	17	22
2810	6	17	25	2	12	8	16	18	11	1	4	21	9	3	22	15	13	7	19	20	5	14	23	24	10
2811	20	25	21	10	5	11	1	14	13	22	24	17	2	6	4	23	15	8	16	7	3	9	18	12	19
2812	2	6	25	3	10	14	4	13	15	12	9	19	11	17	23	21	7	1	24	20	22	18	8	5	16
2813	16	13	19	17	6	25	22	7	3	1	9	14	2	24	4	20	5	8	10	15	23	11	21	12	18
2814	12	8	14	10	1	24	25	19	22	20	4	5	15	17	3	7	9	18	11	16	21	6	2	13	23
2815	18	17	15	23	7	10	8	24	11	22	20	16	4	3	19	2	5	12	21	25	13	9	6	14	1
2816	2	17	15	4	24	23	7	5	3	21	10	13	25	18	19	11	16	22	6	12	20	9	8	14	1
2817	20	17	12	22	18	24	2	19	23	14	8	11	16	7	10	5	9	4	13	1	3	21	25	6	15
2818	4	6	21	16	15	12	22	9	11	17	10	25	14	3	13	20	24	23	2	8	1	5	7	19	18
2819	21	6	12	2	17	10	13	24	19	22	4	20	18	16	3	25	23	5	9	11	14	15	1	8	7
2820	9	21	6	5	13	8	25	10	15	2	12	7	23	1	17	24	16	20	14	19	22	3	18	4	11
2821	12	10	9	3	14	18	1	8	5	15	13	24	21	4	16	19	7	11	20	2	23	6	25	22	17
2822	19	18	2	20	4	8	16	24	21	11	6	15	1	17	25	7	23	12	3	5	10	13	22	9	14
2823	10	12	14	8	17	18	19	24	22	11	25	5	23	9	6	20	13	1	21	16	4	7	2	15	3
2824	20	18	5	25	17	21	14	15	11	3	13	1	12	24	7	10	6	16	2	23	19	4	8	22	9
2825	4	19	20	1	7	11	12	17	13	10	16	3	8	6	24	25	15	9	2	21	5	18	22	14	23
2826	12	5	1	7	3	4	18	10	15	2	22	8	13	14	16	9	6	20	11	19	17	24	21	25	23
2827	25	15	17	20	11	14	6	9	7	12	10	16	1	23	5	4	13	21	24	19	2	22	18	3	8
2828	24	7	13	18	21	5	11	23	9	2	19	8	16	1	10	17	12	3	15	22	20	6	25	4	14
2829	13	18	6	20	2	22	1	8	25	24	7	12	15	9	16	3	11	21	14	4	5	10	17	23	19
2830	11	5	19	3	15	25	17	21	18	7	24	23	1	20	16	6	9	2	10	4	8	22	12	13	14
2831	21	25	15	16	4	17	3	22	14	23	10	5	13	8	18	1	19	6	20	12	9	2	24	11	7
2832	1	10	13	12	7	25	3	8	21	15	18	24	4	22	2	16	5	9	6	17	14	20	11	19	23
2833	11	6	7	20	2	4	9	16	23	15	24	10	17	12	19	14	21	3	22	1	8	25	13	18	5
2834	3	8	24	17	15	6	4	19	12	14	25	2	21	13	5	22	11	7	20	9	23	1	10	16	18
2835	16	4	25	12	2	19	17	11	14	22	8	24	21	20	3	10	15	5	7	23	1	18	6	13	9
2836	17	21	25	10	13	6	4	3	15	5	22	11	24	2	20	12	14	19	18	1	8	7	16	9	23
2837	17	1	10	15	24	16	4	22	19	13	5	7	14	11	20	25	2	6	23	3	9	8	12	21	18
2838	2	10	20	4	14	13	9	18	7	23	25	16	21	12	8	22	24	6	1	11	5	15	19	17	3
2839	21	8	13	7	16	15	25	11	23	4	19	18	6	17	1	24	2	22	9	10	5	12	14	20	3
2840	1	18	5	13	22	17	7	10	21	20	16	23	2	14	25	15	3	8	11	24	19	9	12	6	4
2841	5	15	7	3	18	24	10	13	19	17	12	8	1	9	11	25	23	2	22	14	6	16	20	21	4
2842	7	6	19	5	3	15	4	18	20	2	23	24	14	11	13	16	25	8	12	22	1	21	17	9	10
2843	4	1	8	5	23	7	2	6	25	11	13	9	10	18	21	14	12	24	19	3	22	20	17	15	16
2844	13	19	10	6	16	20	23	22	8	2	15	11	21	12	24	5	1	25	3	17	4	7	18	14	9
2845	6	7	20	5	23	21	19	2	9	16	11	10	22	13	15	24	1	14	17	12	18	3	8	25	4
2846	23	21	15	9	2	14	13	18	22	5	1	20	24	6	10	16	3	8	17	19	4	25	12	7	11
2847	9	16	24	11	8	13	2	22	1	10	25	5	18	15	21	3	23	6	14	7	19	12	17	20	4
2848	3	16	20	21	11	22	24	13	12	1	6	15	8	25	7	19	4	17	23	5	2	14	9	18	10
2849	1	19	18	4	5	9	17	22	15	2	24	6	12	3	21	25	14	8	20	16	10	13	11	7	23
2850	12	21	20	4	24	8	3	19	22	14	23	1	7	9	13	18	2	11	16	5	15	10	6	25	17
2851	24	5	19	9	2	10	15	23	22	12	16	3	17	25	20	21	8	4	7	6	14	18	13	11	1
2852	18	2	23	19	1	4	3	13	25	12	22	17	24	6	9	20	11	15	16	10	8	7	5	21	14
2853	9	2	16	3	21	4	22	7	18	23	6	15	11	13	5	12	14	19	20	8	17	10	1	25	24
2854	20	19	17	10	21	2	6	7	1	4	15	18	13	23	8	12	14	3	16	9	22	25	24	5	11
2855	6	10	12	17	4	19	20	11	14	25	13	18	5	16	22	15	2	8	3	21	9	7	1	23	24
2856	24	22	2	19	12	18	20	6	4	11	25	10	5	7	16	17	3	14	21	13	23	9	15	1	8
2857	25	16	15	14	22	6	10	17	7	11	4	2	24	3	13	5	20	19	9	1	12	8	23	21	18
2858	21	1	3	12	2	8	5	19	10	7	20	14	15	22	13	16	6	4	9	18	24	17	11	25	23
2859	23	5	22	17	6	9	21	8	19	12	2	18	7	24	13	14	16	20	10	1	3	11	15	25	4
2860	22	24	25	12	23	2	9	7	15	14	19	21	20	10	3	18	13	17	8	5	1	16	4	6	11
2861	6	17	22	13	8	19	10	15	1	12	23	25	16	18	11	7	4	9	24	20	5	3	2	21	14
2862	25	22	10	20	12	19	9	1	7	17	14	16	24	3	2	23	11	13	8	18	6	4	15	5	21
2863	14	21	6	19	10	18	17	3	23	8	9	22	13	2	12	20	25	1	24	5	7	15	16	4	11
2864	2	1	18	10	6	13	19	8	17	4	7	16	11	14	25	23	5	15	12	24	9	22	21	3	20
2865	11	24	17	19	22	12	7	14	16	6	2	13	9	21	15	25	23	5	1	8	18	4	10	20	3
2866	21	1	6	16	12	3	19	15	20	18	11	8	13	9	17	24	14	22	4	23	5	7	10	25	2
2867	4	17	9	20	12	23	21	18	5	16	11	7	2	1	3	6	13	24	15	10	22	25	8	14	19
2868	2	3	19	15	20	25	9	21	22	4	13	14	7	17	5	12	16	24	6	18	8	23	10	11	1
2869	4	17	12	23	15	11	8	13	5	9	24	19	25	3	14	2	1	18	10	7	16	20	21	22	6
2870	22	18	17	11	16	19	24	1	4	23	25	6	3	2	15	10	7	20	5	13	8	12	14	9	21
2871	24	23	6	3	14	4	7	1	18	11	9	12	10	21	2	5	17	8	25	19	16	15	20	13	22
2872	3	13	10	4	9	1	22	12	5	21	14	6	16	25	18	23	2	11	19	8	20	7	17	15	24
2873	5	15	20	10	8	25	13	21	2	7	12	24	23	22	6	3	17	9	14	11	1	4	19	18	16
2874	1	9	16	5	13	2	22	3	20	19	24	17	23	8	12	18	10	6	4	21	14	11	25	7	15
2875	11	14	23	22	3	8	10	6	9	1	7	24	5	21	2	25	16	18	4	19	12	20	17	13	15
2876	3	18	21	13	24	22	17	25	4	6	1	23	8	11	15	16	14	10	20	12	9	5	2	7	19
2877	4	21	16	23	10	7	15	3	8	14	19	18	24	25	1	11	17	13	2	6	22	5	12	9	20
2878	3	13	16	17	20	2	14	24	23	11	8	4	15	22	6	21	10	5	19	12	1	9	25	18	7
2879	12	25	4	14	7	2	15	17	22	16	21	8	20	13	5	1	24	6	11	18	10	19	9	3	23
2880	12	11	20	8	21	22	3	7	13	24	23	25	4	6	17	14	9	16	19	10	18	15	2	5	1
2881	2	11	21	24	22	17	16	13	5	7	9	6	19	3	15	25	10	4	18	14	1	23	12	20	8
2882	18	22	4	6	16	19	21	3	7	10	24	11	5	23	1	2	12	15	20	13	9	25	14	8	17
2883	11	12	19	24	21	13	4	7	25	8	1	23	2	15	14	9	6	5	20	17	16	10	18	3	22
2884	19	21	10	2	25	18	8	23	17	12	9	7	22	11	3	15	16	6	1	5	20	24	13	14	4
2885	5	24	4	1	23	2	8	13	15	22	7	14	11	10	20	3	6	9	18	16	19	17	21	25	12
2886	3	16	22	8	10	13	6	14	23	21	5	20	24	11	19	9	17	4	25	12	2	18	1	15	7
2887	17	18	25	4	3	1	13	10	8	14	7	6	22	5	12	19	11	15	9	2	21	23	20	16	24
2888	2	3	1	15	24	10	5	7	18	20	4	16	9	8	14	17	6	22	19	11	12	25	21	23	13
2889	15	12	8	16	7	5	9	20	21	22	18	25	24	2	1	19	13	11	17	10	4	6	3	23	14
2890	22	21	19	10	6	14	16	13	12	2	24	25	5	3	18	4	11	7	17	1	23	9	8	20	15
2891	4	22	17	7	14	6	9	3	10	16	2	23	12	8	15	20	21	19	24	11	5	1	25	18	13
2892	20	2	7	22	17	15	9	13	8	12	5	24	3	4	18	25	19	21	16	14	23	10	11	1	6
2893	10	22	1	25	11	9	16	20	19	14	13	17	24	7	3	6	4	21	23	8	5	12	2	15	18
2894	16	7	20	13	22	21	8	4	18	2	14	12	17	3	5	25	6	19	24	10	11	23	1	15	9
2895	8	25	7	14	10	12	4	1	24	13	22	16	5	18	21	17	3	20	6	23	19	15	11	9	2
2896	11	5	8	3	23	4	24	12	2	16	17	7	22	10	19	21	20	6	25	13	1	9	15	14	18
2897	12	20	11	4	14	23	1	2	24	16	22	10	18	8	13	15	19	25	6	17	7	5	3	21	9
2898	20	3	14	10	8	25	18	1	19	6	17	13	23	16	22	12	5	24	7	21	9	11	4	2	15
2899	16	9	23	17	19	24	5	1	15	4	8	11	6	13	3	18	12	2	7	14	10	21	22	25	20
2900	21	22	9	24	23	8	15	6	18	25	4	14	2	12	5	3	13	19	17	10	1	7	16	20	11
2901	23	5	19	9	13	4	8	2	25	11	3	21	12	22	10	6	1	17	18	15	7	20	16	14	24
2902	23	14	11	21	24	19	9	7	2	1	8	15	20	18	5	4	22	25	3	13	12	17	10	6	16
2903	10	3	23	20	11	21	13	6	9	16	7	14	17	5	18	4	15	24	2	25	19	8	12	1	22
2904	19	15	24	1	6	2	22	11	4	21	10	23	9	14	18	5	7	20	17	8	12	3	13	16	25
2905	23	10	2	3	6	11	22	5	1	17	8	15	9	21	19	20	25	7	18	24	16	14	13	4	12
2906	25	4	10	5	6	24	7	17	21	13	12	2	15	11	8	18	19	22	3	16	1	20	23	14	9
2907	9	22	6	20	16	3	24	25	15	4	12	13	7	21	19	5	14	17	2	1	8	18	23	11	10
2908	3	11	23	9	24	15	21	6	13	17	12	10	22	20	18	8	5	14	16	7	4	19	2	1	25
2909	24	6	12	14	7	10	15	23	19	13	3	2	25	16	22	1	4	9	17	20	21	8	18	11	5
2910	21	22	10	17	8	11	4	7	19	9	13	12	23	2	5	16	18	3	14	20	6	15	24	1	25
2911	9	17	2	4	20	3	25	11	24	12	5	14	22	19	21	1	15	23	18	16	13	7	8	6	10
2912	14	7	16	9	24	15	13	5	22	3	20	6	23	1	8	11	18	10	19	17	4	2	21	25	12
2913	15	10	5	20	1	17	4	6	25	12	23	14	19	13	24	8	16	11	18	2	3	22	7	21	9
2914	6	7	22	18	10	25	23	12	20	21	4	17	11	2	24	3	14	8	19	9	1	5	16	13	15
2915	8	16	4	23	11	17	2	20	14	15	3	24	19	6	22	25	21	10	12	9	1	13	7	5	18
2916	7	13	3	24	14	16	21	12	23	8	25	19	1	18	6	9	22	17	15	10	5	4	20	2	11
2917	6	14	24	10	23	19	2	16	11	1	25	22	15	4	18	13	5	3	12	7	8	20	17	21	9
2918	25	17	1	14	6	18	19	13	8	12	21	10	15	3	16	11	9	23	7	22	5	2	24	20	4
2919	9	12	6	5	18	13	7	10	4	15	24	17	11	8	14	3	19	20	22	23	2	25	1	16	21
2920	5	11	21	13	15	19	3	22	2	9	25	23	17	14	8	12	10	6	4	16	24	20	7	18	1
2921	24	2	15	3	20	25	10	5	17	1	16	9	19	21	11	23	6	14	8	13	4	12	7	18	22
2922	4	23	7	1	8	21	14	2	16	5	10	25	20	24	19	13	11	18	9	6	12	3	15	17	22
2923	7	1	10	24	21	23	9	22	6	11	19	14	16	3	4	8	12	15	25	18	2	5	13	17	20
2924	21	18	19	5	23	2	11	25	14	13	1	10	9	8	3	20	22	7	15	24	6	17	4	12	16
2925	12	20	21	6	7	23	15	13	25	4	8	3	22	17	19	11	16	1	2	24	9	14	18	5	10
2926	10	6	14	11	9	13	12	1	19	21	17	7	24	15	16	4	5	25	20	3	2	23	22	18	8
2927	8	2	25	9	10	11	19	16	7	1	13	24	4	22	18	6	15	17	23	5	12	3	21	14	20
2928	23	22	5	8	17	4	2	12	13	20	7	11	10	24	19	1	6	16	18	25	15	9	21	14	3
2929	16	18	22	21	2	20	5	6	10	3	8	25	15	24	23	19	12	9	1	17	11	14	13	7	4
2930	9	21	17	20	18	24	2	11	23	15	12	10	14	3	1	25	7	5	13	8	19	22	4	16	6
2931	18	4	2	15	14	20	11	9	17	6	25	19	3	13	16	12	7	24	8	1	5	10	23	21	22
2932	19	4	10	13	12	15	8	22	23	20	9	24	3	25	6	7	18	2	11	16	14	5	21	1	17
2933	5	4	18	21	22	23	12	10	15	19	17	6	3	11	7	24	25	2	20	14	13	16	8	1	9
2934	24	17	2	12	18	15	5	23	10	25	14	13	20	6	1	8	11	21	16	9	19	4	7	22	3
2935	15	2	3	17	12	19	13	11	18	16	6	10	22	23	24	21	1	20	9	5	25	8	14	4	7
2936	17	15	4	6	16	12	22	14	25	20	23	1	9	24	3	10	7	19	21	11	5	13	18	8	2
2937	4	11	21	5	1	18	14	15	19	22	12	25	24	16	2	3	17	8	9	10	13	7	20	6	23
2938	18	23	17	3	8	6	12	2	4	25	24	7	15	21	14	9	11	16	20	1	19	13	5	22	10
2939	25	4	24	10	16	8	12	19	23	9	11	6	7	22	1	13	3	18	17	5	21	14	2	20	15
2940	18	24	2	6	25	10	8	16	15	9	5	23	12	14	4	19	20	17	13	3	1	22	11	7	21
2941	6	14	3	1	17	4	2	20	8	16	24	19	5	7	13	10	21	25	9	22	23	11	12	15	18
2942	20	14	2	12	11	3	17	25	5	18	8	15	19	10	24	4	16	21	22	9	1	6	13	23	7
2943	13	23	12	10	6	21	22	7	5	15	24	1	25	9	3	20	17	16	4	18	19	2	14	8	11
2944	19	16	9	13	10	15	25	1	4	23	14	24	6	17	12	21	11	18	5	2	3	22	8	7	20
2945	16	9	20	1	2	14	6	19	17	3	24	25	11	13	12	15	21	22	10	18	4	5	7	8	23
2946	21	9	8	5	20	14	24	7	12	6	19	17	13	11	10	4	15	1	16	23	25	2	18	3	22
2947	9	14	4	10	11	12	19	21	22	3	17	13	5	15	8	1	20	7	18	25	6	16	24	23	2
2948	4	3	22	11	14	8	15	5	13	21	17	10	25	6	18	9	23	2	19	16	7	24	1	12	20
2949	18	2	19	20	7	10	21	6	11	3	13	16	22	23	12	15	25	24	1	5	14	17	8	4	9
2950	16	17	21	3	1	2	6	8	25	13	11	15	7	19	12	23	5	24	10	22	18	9	14	20	4
2951	6	20	4	8	2	10	14	15	22	7	21	19	12	11	18	16	25	13	5	3	23	24	1	9	17
2952	18	11	3	1	13	4	12	22	15	14	10	25	24	17	23	20	6	2	16	9	8	21	5	7	19
2953	12	24	6	2	17	8	5	22	13	11	19	14	20	23	16	18	25	1	15	3	7	9	4	21	10
2954	17	4	11	6	18	8	3	21	13	10	15	2	7	19	12	1	25	14	9	24	22	16	23	20	5
2955	13	21	20	14	15	6	22	18	12	25	4	24	9	2	19	5	17	23	3	8	10	11	16	7	1
2956	14	19	2	9	15	24	4	17	6	1	5	13	20	25	10	3	16	23	8	7	18	22	21	12	11
2957	23	19	16	2	5	10	3	4	25	24	18	8	13	15	20	6	1	21	7	17	14	11	22	12	9
2958	4	6	10	1	7	11	3	25	5	2	19	23	15	18	12	8	22	14	21	17	20	9	13	16	24
2959	2	21	16	12	22	24	19	15	3	20	6	11	18	4	10	9	8	25	17	23	5	14	13	7	1
2960	2	10	21	16	23	12	22	9	13	20	18	1	6	19	8	24	11	5	17	4	7	15	14	25	3
2961	12	25	22	10	21	24	8	2	13	5	14	15	6	3	9	20	1	18	4	17	11	19	23	7	16
2962	2	8	14	18	22	3	19	25	15	5	1	21	7	11	13	10	23	12	17	24	9	6	4	20	16
2963	14	21	3	24	13	6	16	18	11	19	4	9	8	25	5	12	1	7	15	20	2	23	17	10	22
2964	21	8	24	12	20	13	17	14	16	3	11	19	2	7	15	25	23	18	10	9	4	22	5	1	6
2965	8	7	6	1	15	25	10	23	16	3	14	20	9	17	2	19	4	5	21	24	18	22	11	13	12
2966	11	20	24	2	13	7	1	9	25	8	15	21	14	10	4	5	23	16	12	3	19	18	17	6	22
2967	19	14	25	6	20	8	2	12	21	4	24	13	23	10	3	7	18	17	15	1	11	5	22	9	16
2968	16	24	21	12	17	13	5	19	15	22	11	23	6	20	4	10	2	1	7	18	25	9	3	8	14
2969	23	8	24	3	10	16	13	5	7	17	21	14	9	15	19	18	20	2	12	1	22	11	6	25	4
2970	13	9	22	15	4	12	21	10	25	2	17	16	5	1	11	18	24	19	23	8	14	7	20	6	3
2971	4	21	15	3	9	22	14	11	12	25	1	18	13	7	6	10	23	5	16	2	17	19	8	24	20
2972	19	6	2	14	17	22	16	5	10	21	9	1	4	15	24	23	18	3	25	7	20	8	13	11	12
2973	20	17	9	24	22	13	11	18	25	14	3	8	15	16	12	21	7	5	4	1	19	23	6	2	10
2974	19	10	14	6	12	7	20	4	16	8	11	25	23	5	15	13	24	9	17	3	22	2	18	21	1
2975	21	5	16	20	2	12	13	18	6	10	17	15	14	19	8	4	11	23	9	3	1	22	7	25	24
2976	2	6	4	10	14	12	8	3	16	24	11	17	1	7	23	20	9	5	18	21	13	19	25	22	15
2977	19	10	12	23	20	15	1	24	22	8	7	5	2	6	14	9	16	11	21	4	25	13	18	17	3
2978	12	18	17	8	10	3	15	21	6	5	22	2	24	9	14	25	1	4	7	23	19	11	13	16	20
2979	11	12	2	21	22	10	7	16	24	15	6	25	20	4	5	9	19	3	17	23	8	14	13	18	1
2980	9	18	15	19	21	4	20	24	25	6	2	12	11	16	23	8	7	14	10	13	22	1	17	3	5
2981	4	16	8	10	20	23	6	1	7	14	3	22	19	24	25	18	12	9	13	11	5	21	17	15	2
2982	16	15	3	4	12	5	18	6	17	8	13	21	2	10	7	22	11	1	14	24	9	20	19	25	23
2983	1	22	3	24	4	9	18	10	15	20	21	14	12	17	6	5	13	2	7	19	11	23	16	25	8
2984	20	10	11	18	3	4	9	25	16	12	15	21	23	2	14	6	19	24	1	8	13	5	17	7	22
2985	20	8	11	25	16	15	21	4	2	18	23	13	14	5	10	12	7	24	17	3	1	19	6	9	22
2986	25	5	4	19	10	22	23	2	9	15	21	13	7	14	24	11	3	6	16	8	18	12	20	1	17
2987	16	20	15	6	21	10	2	23	1	19	17	5	22	7	9	13	11	12	18	14	8	25	4	3	24
2988	19	9	22	8	14	16	7	3	13	12	23	10	24	15	18	6	11	25	2	5	21	4	17	20	1
2989	12	19	1	4	18	24	3	16	20	5	25	9	14	10	6	8	13	15	17	23	11	22	2	21	7
2990	18	8	6	24	3	25	17	7	16	4	21	19	13	23	11	9	2	15	5	20	12	14	1	10	22
2991	3	15	8	6	25	12	19	16	1	7	24	9	13	11	17	22	4	2	5	18	14	23	21	10	20
2992	17	15	20	14	3	7	9	4	5	16	24	6	10	25	11	19	18	2	23	12	13	8	1	21	22
2993	16	10	19	9	7	17	11	1	4	22	5	2	8	18	20	15	24	21	25	14	13	3	6	12	23
2994	15	24	23	1	10	8	21	3	25	2	5	20	7	16	19	4	22	6	9	11	14	17	13	12	18
2995	6	25	22	9	10	12	2	11	4	20	17	5	1	3	15	8	7	21	23	18	16	19	13	14	24
2996	1	21	18	19	22	17	5	6	20	4	23	16	3	10	8	14	25	13	11	7	12	24	9	2	15
2997	3	5	15	6	10	12	21	24	7	20	4	11	18	23	8	19	1	17	25	22	16	2	9	14	13
2998	24	15	12	7	16	25	10	8	21	3	13	11	9	4	23	5	1	14	22	18	19	20	6	17	2
2999	3	7	13	10	5	11	14	4	17	8	6	24	9	15	2	19	25	23	20	12	18	16	1	21	22
3000	14	12	22	23	6	25	1	8	7	17	15	21	13	18	24	2	5	11	3	19	10	16	20	9	4
3001	8	19	12	7	9	13	6	4	15	24	3	22	23	2	16	10	25	21	20	17	1	11	18	14	5
3002	6	5	8	21	20	16	22	24	9	19	4	3	10	18	25	12	15	7	17	1	11	14	13	23	2
3003	19	12	3	17	9	4	25	13	20	7	2	6	14	15	24	8	22	23	21	1	18	11	10	5	16
3004	22	7	16	19	3	21	14	4	6	9	1	25	17	13	11	10	5	8	15	20	12	18	24	2	23
3005	15	5	19	1	23	11	7	4	8	22	21	25	13	14	16	24	12	17	10	2	6	20	9	3	18
3006	1	10	11	7	8	24	17	12	5	25	6	18	4	14	16	21	23	9	22	15	20	13	2	19	3
3007	25	3	8	23	6	22	16	15	9	2	12	19	21	10	4	5	14	13	20	11	7	24	17	1	18
3008	8	18	16	3	19	12	7	11	6	22	24	17	2	20	5	21	14	25	9	13	15	4	10	23	1
3009	5	21	11	8	15	19	25	10	18	12	22	9	14	20	24	1	17	2	6	23	13	7	4	16	3
3010	22	1	13	7	6	5	16	25	20	4	8	24	10	17	11	14	15	3	23	18	9	21	12	2	19
3011	16	10	7	3	5	8	12	21	22	20	2	19	4	6	25	15	14	11	13	23	17	24	1	18	9
3012	4	12	22	14	5	7	11	15	9	19	25	10	8	17	24	6	13	1	16	20	21	2	23	18	3
3013	4	12	19	6	1	10	18	11	16	24	25	22	3	21	23	13	5	14	9	2	20	15	7	17	8
3014	13	21	7	5	3	8	4	20	9	22	19	17	23	12	2	14	16	24	1	6	10	15	25	11	18
3015	24	5	23	15	10	14	1	20	3	8	21	9	18	13	19	17	12	7	2	6	22	16	25	11	4
3016	10	6	21	13	4	17	8	22	16	2	20	7	9	15	25	1	14	24	23	11	12	19	5	3	18
3017	2	10	7	11	24	17	5	20	13	22	6	1	4	21	25	12	15	18	9	23	3	16	19	8	14
3018	22	4	8	14	6	23	16	12	13	15	5	7	11	21	10	1	9	24	20	17	18	19	2	25	3
3019	25	24	12	17	2	6	22	14	23	1	16	19	13	7	4	8	5	11	18	21	3	15	10	20	9
3020	10	19	2	6	12	23	16	17	9	13	15	20	4	5	18	1	3	14	8	25	24	7	21	22	11
3021	17	21	10	14	3	2	1	6	4	8	20	11	12	13	18	19	5	23	15	24	7	25	9	16	22
3022	11	22	13	15	2	7	25	9	23	21	16	24	12	1	4	6	19	20	18	17	8	10	14	3	5
3023	7	16	6	5	20	4	19	25	11	15	14	17	8	1	12	24	2	13	22	23	3	18	10	9	21
3024	22	14	12	24	5	25	11	6	19	17	21	7	13	9	20	15	4	1	3	2	8	18	10	23	16
3025	22	18	9	6	24	15	7	12	20	16	1	11	23	25	8	17	5	19	14	3	4	10	2	13	21
3026	3	17	8	16	13	7	2	11	5	25	20	10	18	24	4	19	6	22	15	12	9	21	14	1	23
3027	11	3	22	24	19	25	10	16	18	5	21	13	8	23	2	12	1	4	14	17	9	20	7	15	6
3028	6	3	8	1	2	9	21	19	23	4	15	18	13	20	25	5	11	7	12	22	17	24	10	16	14
3029	12	9	14	10	21	13	24	20	23	17	4	16	6	1	15	7	25	19	3	8	18	5	2	22	11
3030	12	19	3	14	1	20	2	23	9	17	7	8	18	15	11	5	13	24	16	10	21	4	6	22	25
3031	19	21	23	4	16	2	9	12	14	6	7	18	24	22	17	10	15	3	11	8	1	25	13	20	5
3032	25	9	17	24	16	18	15	14	13	1	3	10	2	7	8	19	5	22	23	11	20	21	6	12	4
3033	23	9	15	13	7	10	17	19	11	25	2	12	3	1	20	21	22	16	6	18	8	5	4	14	24
3034	21	12	15	13	18	8	4	9	19	22	16	6	2	20	17	25	14	3	10	5	11	7	24	23	1
3035	13	10	6	7	12	23	16	17	24	21	5	4	8	9	1	11	2	19	15	3	18	25	22	14	20
3036	17	9	15	20	23	13	7	25	24	19	1	14	2	22	11	18	4	10	5	16	21	12	8	3	6
3037	12	8	14	2	3	18	25	13	6	20	24	11	16	15	22	4	5	9	17	19	7	10	1	21	23
3038	5	25	19	18	7	16	8	20	3	22	17	2	1	12	11	23	10	24	14	9	4	13	15	21	6
3039	22	10	14	23	2	9	1	13	3	7	12	21	17	4	25	8	20	6	15	16	19	5	18	11	24
3040	12	8	9	21	2	24	19	6	25	3	4	18	7	1	15	23	10	13	11	20	16	14	17	5	22
3041	9	2	6	16	7	12	13	24	21	19	3	8	5	10	17	4	20	15	1	11	18	14	22	25	23
3042	13	18	25	20	6	4	16	3	9	23	5	19	1	2	11	21	14	12	8	15	17	24	7	10	22
3043	24	10	6	18	20	4	3	8	7	11	25	23	1	9	13	5	15	17	22	16	21	12	2	19	14
3044	9	14	10	13	4	20	16	8	5	17	25	1	15	11	21	7	24	18	22	3	12	6	2	19	23
3045	23	17	4	15	2	9	25	1	19	8	16	24	3	7	6	12	21	13	18	11	22	5	10	14	20
3046	12	1	2	15	18	5	16	24	9	21	8	6	13	11	23	25	3	17	10	20	14	19	7	4	22
3047	11	19	25	13	7	16	21	18	17	4	2	23	14	1	6	22	10	8	3	20	5	9	12	15	24
3048	10	19	11	16	15	24	25	23	6	13	9	4	21	1	20	3	5	22	8	2	7	18	12	17	14
3049	10	17	15	20	7	16	22	1	5	9	12	6	24	23	18	2	21	8	3	11	19	4	13	25	14
3050	15	7	5	3	21	2	9	11	4	19	22	20	13	18	6	1	12	10	14	24	17	16	23	8	25
3051	18	15	7	5	8	10	9	16	6	17	20	14	3	21	23	12	11	4	25	2	1	13	22	24	19
3052	24	25	18	12	23	7	14	13	2	20	5	19	21	8	9	11	4	3	6	1	22	17	10	15	16
3053	10	2	18	25	6	21	20	5	24	9	17	7	23	8	19	11	3	15	12	4	1	13	16	14	22
3054	11	10	21	5	2	16	15	22	12	13	14	23	9	19	25	17	3	6	1	20	8	7	24	4	18
3055	8	21	11	16	7	13	14	24	25	18	23	20	19	9	1	17	5	12	4	22	15	3	2	10	6
3056	24	12	7	5	21	15	20	8	25	3	9	22	18	2	10	17	1	13	11	4	23	14	6	16	19
3057	20	3	22	24	1	13	19	15	21	8	6	10	23	17	18	5	12	9	2	25	14	7	16	11	4
3058	5	1	21	25	4	11	23	14	24	18	3	12	19	13	9	8	20	2	16	7	15	17	10	6	22
3059	10	17	14	7	15	12	22	6	20	9	8	23	4	21	2	1	5	18	25	11	3	13	19	16	24
3060	10	12	5	14	18	25	15	8	2	3	6	20	19	21	23	9	7	11	17	16	1	13	24	4	22
3061	2	17	24	20	5	14	21	22	18	7	13	1	10	9	23	19	3	25	12	8	11	16	4	15	6
3062	3	18	8	9	2	17	6	20	10	24	25	14	4	5	1	7	22	21	12	19	11	13	16	15	23
3063	1	13	20	16	8	22	12	24	9	14	15	21	7	6	11	17	19	2	25	10	18	23	5	4	3
3064	20	14	3	22	16	12	7	23	18	17	8	24	19	9	25	1	10	11	4	6	21	5	13	15	2
3065	13	15	14	17	6	20	16	25	19	10	12	1	18	24	2	8	22	11	3	23	9	7	5	4	21
3066	16	13	10	14	2	22	21	12	8	19	15	11	17	3	4	20	7	23	1	25	6	5	9	18	24
3067	6	13	5	15	12	11	24	21	8	17	7	2	10	20	16	9	14	4	22	19	25	18	3	1	23
3068	10	4	20	23	17	9	3	25	7	14	1	21	19	8	2	22	6	12	24	15	11	13	5	16	18
3069	2	20	18	4	14	11	21	10	12	17	1	22	16	6	5	9	7	24	19	3	13	25	15	23	8
3070	13	9	2	6	14	3	24	15	5	20	17	11	21	8	16	25	4	12	19	1	18	7	10	23	22
3071	23	7	2	19	3	5	22	9	6	14	1	12	21	20	18	8	16	24	11	17	25	10	13	4	15
3072	19	24	11	16	4	7	9	23	13	17	14	1	21	3	8	20	10	2	25	22	15	5	18	12	6
3073	17	15	6	25	5	16	14	1	18	19	11	3	20	24	23	9	12	10	2	22	21	13	7	8	4
3074	15	16	2	3	18	22	8	14	23	6	21	4	17	25	1	12	19	11	7	10	9	20	13	5	24
3075	7	12	21	5	4	17	9	2	25	11	16	20	14	8	1	15	10	13	22	18	3	24	23	19	6
3076	21	8	18	6	9	19	17	10	12	22	23	25	14	7	16	11	24	15	3	13	4	5	1	2	20
3077	13	5	25	7	20	2	19	18	22	10	24	3	17	12	9	6	21	16	1	4	15	8	11	14	23
3078	13	24	25	3	22	10	20	4	17	18	15	8	23	7	14	5	1	12	16	19	6	11	21	2	9
3079	20	17	16	11	12	7	5	6	25	4	14	21	24	9	10	13	19	1	22	2	3	8	18	23	15
3080	3	9	15	1	11	17	14	8	4	2	7	19	13	25	12	16	21	18	6	24	20	22	23	5	10
3081	13	1	24	25	10	15	22	19	3	7	2	12	9	4	16	5	17	20	18	11	21	6	14	8	23
3082	24	23	7	17	12	19	13	11	10	18	8	15	14	5	6	21	16	22	3	25	2	4	20	1	9
3083	14	2	5	7	12	21	9	24	13	19	3	4	10	11	20	6	16	15	23	17	25	18	8	1	22
3084	10	3	11	18	22	14	15	24	21	5	12	8	23	7	13	17	2	20	16	4	19	1	25	6	9
3085	12	19	16	13	1	18	20	4	3	5	22	2	6	17	21	9	25	23	14	24	11	7	10	15	8
3086	6	18	16	25	7	11	21	19	17	15	23	9	10	4	14	12	8	22	24	20	2	13	3	5	1
3087	17	18	20	12	22	5	4	14	13	1	21	2	25	8	9	15	3	23	24	6	7	10	19	16	11
3088	9	13	12	5	21	10	22	1	4	8	20	2	15	6	25	11	24	19	14	7	23	3	16	18	17
3089	4	22	14	17	9	25	5	19	21	13	15	6	3	10	7	8	2	16	11	18	23	12	24	1	20
3090	18	24	15	4	21	8	11	14	6	7	9	12	1	5	23	3	22	2	25	19	20	16	10	13	17
3091	13	19	3	1	4	5	2	11	17	9	22	14	18	24	21	16	10	25	12	15	8	7	20	6	23
3092	3	9	13	1	4	19	24	15	16	5	23	11	8	18	7	20	12	22	14	6	10	2	21	25	17
3093	19	23	20	7	1	17	15	25	5	12	24	22	13	4	9	10	18	14	3	16	21	6	11	2	8
3094	15	4	19	6	7	5	13	20	18	25	11	3	12	23	2	8	16	14	10	24	1	9	22	21	17
3095	14	19	5	22	4	17	2	6	13	16	11	21	15	10	23	3	25	12	8	18	7	9	1	20	24
3096	21	3	15	23	1	8	5	12	18	19	4	6	2	9	11	24	16	17	22	25	20	13	14	7	10
3097	1	11	23	6	18	20	24	10	8	7	17	12	2	21	19	14	22	25	3	4	16	15	9	5	13
3098	11	24	20	1	25	2	18	23	22	7	9	3	17	13	4	12	5	10	19	21	15	6	14	8	16
3099	23	11	3	12	24	22	4	5	8	15	10	2	1	25	20	6	18	21	13	17	14	16	19	9	7
3100	24	8	11	3	12	22	23	1	2	16	19	13	20	18	4	17	10	6	5	15	25	9	21	14	7
3101	9	6	20	7	18	24	11	1	10	23	2	21	5	19	25	15	16	14	12	13	8	3	4	17	22
3102	12	21	17	4	24	7	14	25	20	8	18	11	6	9	15	2	3	16	23	13	19	5	1	22	10
3103	8	9	25	11	4	15	3	21	1	20	10	6	23	2	19	18	22	16	7	5	13	24	14	17	12
3104	14	17	18	23	5	1	9	10	25	11	16	19	13	2	22	12	21	8	24	20	15	6	3	4	7
3105	11	1	21	25	17	24	14	2	22	13	10	18	3	8	4	5	20	23	7	6	12	19	16	15	9
3106	20	3	2	22	10	7	12	15	8	6	23	5	21	24	1	13	4	19	25	18	14	16	9	17	11
3107	20	23	4	11	6	17	24	22	19	15	1	8	16	10	13	7	18	12	21	5	14	3	9	25	2
3108	18	21	6	8	3	11	20	25	14	23	17	10	12	1	13	22	7	4	24	19	2	9	16	5	15
3109	21	23	16	7	25	14	19	5	24	22	9	17	20	15	4	13	1	18	10	8	2	11	3	12	6
3110	22	6	2	16	9	5	25	8	13	24	17	12	11	1	3	15	7	21	14	23	20	19	4	18	10
3111	13	5	1	19	8	18	12	17	6	23	20	4	11	15	24	3	14	2	7	22	16	21	9	25	10
3112	4	10	23	19	2	9	12	21	18	11	22	20	8	7	14	16	25	13	15	3	6	5	24	17	1
3113	10	1	20	25	14	19	17	5	3	12	18	21	9	11	15	13	8	2	4	6	23	24	7	22	16
3114	25	14	8	3	1	17	12	23	24	18	7	2	20	21	9	15	10	19	22	6	5	16	4	13	11
3115	4	10	12	21	8	18	17	25	16	19	6	15	9	13	11	23	1	7	2	24	3	20	5	14	22
3116	10	4	1	23	12	11	16	25	2	20	6	13	8	22	21	5	19	7	9	18	24	3	14	15	17
3117	18	1	17	8	13	19	7	11	12	16	5	6	23	15	14	20	2	25	10	3	9	24	4	21	22
3118	13	25	3	20	19	12	11	6	14	9	8	21	4	18	10	1	15	23	24	22	7	2	17	16	5
3119	25	19	20	11	2	21	13	1	16	15	23	9	22	10	14	18	4	5	12	17	8	7	24	6	3
3120	14	16	23	8	2	18	17	6	12	3	13	20	25	9	4	15	19	22	5	10	24	7	11	1	21
3121	14	24	9	2	21	13	16	6	25	22	17	15	12	18	20	5	4	1	11	7	23	10	8	3	19
3122	17	21	19	5	20	7	3	1	24	16	9	6	22	18	11	2	25	13	8	10	12	15	4	23	14
3123	1	15	11	4	17	23	3	16	5	7	25	10	14	9	8	13	18	20	24	21	6	22	19	2	12
3124	24	23	15	20	9	6	13	18	22	2	11	4	8	14	25	12	21	19	16	10	1	17	3	7	5
3125	15	12	24	21	23	17	22	14	10	19	18	13	16	5	4	2	9	6	25	1	8	11	3	7	20
3126	6	19	4	2	5	14	10	7	12	25	18	21	17	8	16	15	9	13	24	22	11	23	3	20	1
3127	20	12	17	4	10	7	24	8	9	21	5	25	11	2	1	18	19	16	22	3	6	15	23	13	14
3128	2	7	24	11	8	18	23	3	5	1	9	19	12	6	20	22	13	15	25	16	14	17	4	10	21
3129	18	15	11	3	14	13	16	19	24	22	23	1	7	17	12	2	21	25	20	9	4	5	10	6	8
3130	2	1	8	20	21	19	5	11	17	24	23	18	6	10	12	22	13	15	7	9	3	25	16	14	4
3131	14	2	18	9	20	3	1	21	24	13	16	4	11	7	17	23	15	12	10	6	5	8	19	25	22
3132	4	9	23	15	24	8	6	10	20	12	25	3	18	14	2	21	7	5	19	17	1	22	11	16	13
3133	12	16	6	24	4	3	7	14	8	18	10	22	19	21	9	11	13	5	20	23	25	2	15	1	17
3134	3	5	18	11	4	23	2	17	14	25	15	12	13	22	7	16	21	19	10	20	8	1	6	9	24
3135	7	5	15	21	13	25	8	4	11	6	24	1	10	14	18	3	20	12	23	19	2	22	17	9	16
3136	15	14	11	13	19	21	23	1	12	8	10	4	5	18	22	25	6	3	9	24	7	2	20	17	16
3137	8	19	1	15	17	16	6	5	13	9	23	21	7	22	12	25	2	18	20	14	24	3	10	4	11
3138	20	18	1	14	10	6	17	23	8	19	25	5	7	3	16	11	13	9	2	21	15	24	12	4	22
3139	2	17	4	20	25	23	24	22	8	5	12	18	6	21	15	10	14	19	7	16	13	9	11	1	3
3140	10	20	23	13	16	15	11	4	5	19	22	12	7	1	18	21	2	9	8	25	6	24	14	3	17
3141	20	11	21	4	8	9	22	14	1	19	25	16	7	18	23	12	5	6	10	24	3	13	2	17	15
3142	3	5	15	24	17	12	14	8	13	16	19	7	2	20	4	11	18	25	10	9	23	22	1	21	6
3143	10	7	19	17	3	13	1	11	2	9	23	22	21	15	18	14	8	12	5	16	4	25	6	24	20
3144	8	21	20	2	18	25	23	13	5	3	7	9	6	10	15	1	19	22	24	11	16	12	17	4	14
3145	14	24	19	25	7	22	20	8	6	1	3	5	23	2	18	9	11	17	21	12	13	10	15	4	16
3146	1	11	12	17	7	5	18	21	2	14	15	6	24	4	25	10	16	20	3	23	22	9	13	19	8
3147	22	19	12	17	13	3	23	7	4	16	9	25	15	8	1	18	21	11	2	24	6	20	5	14	10
3148	6	11	10	12	2	24	23	8	4	1	17	19	7	16	9	18	5	20	3	15	13	21	14	25	22
3149	7	3	2	4	20	10	15	25	11	21	1	13	12	22	16	19	24	5	6	17	9	8	18	23	14
3150	15	19	9	22	12	17	24	7	2	6	14	1	16	4	10	23	11	18	20	5	21	8	25	3	13
3151	5	9	22	6	10	7	11	13	1	25	8	24	15	4	19	14	21	3	20	2	16	17	12	18	23
3152	22	4	17	8	9	21	24	25	12	2	13	15	6	23	11	20	19	16	1	7	18	5	14	10	3
3153	25	21	4	8	12	5	7	13	19	15	22	11	1	23	20	6	9	14	2	24	17	16	18	10	3
3154	7	5	8	11	20	21	12	23	15	3	4	13	18	14	2	17	24	25	6	9	1	19	10	22	16
3155	4	1	8	23	12	3	18	5	11	14	7	2	13	21	20	15	16	24	10	19	17	9	6	25	22
3156	23	22	25	15	12	10	20	16	4	1	19	3	18	14	24	5	13	17	6	21	7	8	9	11	2
3157	14	4	20	15	10	16	22	5	11	3	9	7	1	17	24	6	25	12	23	8	13	2	18	21	19
3158	4	25	3	6	23	19	24	21	18	9	1	8	17	14	10	20	16	7	11	22	12	13	2	5	15
3159	11	14	9	8	7	5	25	18	20	12	4	22	21	19	16	2	17	23	24	6	15	13	3	10	1
3160	8	11	17	15	20	16	14	4	21	6	23	22	7	10	3	19	9	13	25	12	18	1	2	24	5
3161	10	22	12	24	25	1	5	20	2	11	13	18	7	15	8	6	3	14	16	4	21	9	23	19	17
3162	16	2	19	22	17	6	4	7	15	13	1	8	14	10	24	25	9	21	5	3	20	18	11	12	23
3163	25	22	13	7	23	1	5	21	16	2	20	6	24	9	14	15	3	17	18	19	8	4	12	10	11
3164	2	1	11	21	19	18	8	20	15	14	5	7	16	3	10	6	25	23	9	17	12	24	13	4	22
3165	23	20	9	25	24	4	11	1	19	8	18	21	5	2	16	17	15	6	22	14	13	10	7	12	3
3166	3	5	12	10	14	2	8	21	4	22	16	20	6	25	19	18	23	24	1	13	17	7	9	11	15
3167	14	6	11	1	15	2	8	19	20	17	3	21	9	22	16	5	12	18	23	4	24	13	7	25	10
3168	4	22	25	14	8	24	16	5	13	15	21	1	2	17	9	10	18	11	6	7	12	3	20	23	19
3169	23	13	15	12	14	9	16	20	6	22	10	18	11	3	2	21	24	17	1	8	7	5	19	25	4
3170	13	20	8	23	18	24	3	19	12	17	11	7	2	16	22	14	1	4	6	21	9	5	25	15	10
3171	18	14	20	10	19	4	11	1	7	9	6	25	24	16	8	23	13	17	12	2	3	5	21	15	22
3172	10	14	21	9	17	3	18	23	4	25	19	20	5	1	13	7	6	15	8	2	11	22	24	12	16
3173	19	5	6	2	17	10	22	11	15	8	20	16	4	3	24	25	14	18	9	12	7	21	23	13	1
3174	17	1	7	6	11	20	22	16	8	5	24	23	14	12	2	4	10	18	13	9	19	3	21	15	25
3175	24	17	12	16	13	2	15	25	1	10	22	3	19	14	11	6	23	5	20	9	4	18	21	8	7
3176	11	17	12	20	25	14	5	22	7	8	15	19	9	23	24	1	3	18	2	13	16	10	6	4	21
3177	10	6	5	19	3	21	11	15	9	12	22	7	18	2	24	16	14	8	25	23	4	13	17	20	1
3178	10	11	5	6	17	8	15	7	1	9	14	24	18	21	4	12	22	16	19	25	13	3	2	23	20
3179	22	17	3	20	2	12	21	16	19	18	8	6	10	9	14	5	15	23	25	7	1	4	13	24	11
3180	22	11	8	6	20	24	21	15	17	7	19	18	1	9	12	10	2	3	5	13	16	14	4	25	23
3181	23	12	15	4	19	1	9	20	16	13	8	2	3	17	22	14	6	7	21	25	10	24	18	11	5
3182	25	3	2	6	24	14	17	13	11	15	18	23	16	20	1	10	21	22	19	7	12	8	4	5	9
3183	10	19	4	21	20	18	12	16	13	3	14	1	25	2	7	23	9	5	8	17	6	24	15	11	22
3184	2	15	19	10	8	13	5	6	24	3	12	14	16	17	23	11	9	25	18	1	20	22	21	4	7
3185	16	14	2	24	7	18	1	4	21	11	15	9	13	5	10	19	12	25	6	22	8	3	23	20	17
3186	5	24	20	21	15	3	25	19	23	1	9	18	11	16	13	8	7	17	2	22	6	10	12	4	14
3187	13	4	19	15	12	3	22	20	21	1	25	23	17	7	6	24	10	11	9	2	16	14	8	18	5
3188	9	1	24	20	3	22	8	25	21	15	19	16	11	7	2	12	5	17	14	13	23	18	6	4	10
3189	14	15	10	20	17	2	6	11	3	24	7	25	13	1	22	18	16	12	5	23	21	19	9	8	4
3190	21	25	10	12	15	8	6	19	18	11	4	20	22	23	7	24	5	16	14	9	13	1	17	2	3
3191	14	9	1	12	11	4	24	15	19	5	13	17	25	16	7	23	20	3	10	6	22	8	2	18	21
3192	9	14	20	16	7	11	22	21	2	10	6	5	13	1	25	15	8	19	18	17	24	12	23	4	3
3193	8	18	20	13	2	21	9	10	11	19	5	23	17	1	25	24	3	16	4	22	15	14	6	7	12
3194	3	5	7	11	25	1	14	19	22	18	12	23	16	15	17	10	8	9	21	2	24	20	4	6	13
3195	2	25	24	10	5	9	16	1	12	22	11	13	4	19	17	21	23	6	14	8	15	18	20	3	7
3196	8	16	6	18	24	20	17	21	3	4	11	9	14	12	23	7	19	22	25	15	13	1	5	2	10
3197	18	25	4	1	7	5	15	20	2	24	9	12	8	17	19	16	23	22	14	3	10	21	13	11	6
3198	23	15	14	3	16	10	13	6	7	25	24	5	9	22	19	8	2	1	12	18	11	20	21	4	17
3199	5	14	8	23	2	15	10	13	4	9	3	22	18	19	16	12	24	20	17	25	11	1	21	7	6
3200	8	10	18	21	16	22	20	4	14	1	3	9	7	5	2	19	11	23	24	17	25	13	12	15	6
3201	24	11	13	6	4	3	5	12	15	8	16	2	23	10	21	18	7	20	17	1	22	9	19	14	25
3202	2	19	12	18	6	5	15	20	14	4	25	7	13	11	3	16	17	23	22	24	9	21	1	10	8
3203	19	2	4	12	23	6	15	22	7	21	24	10	11	5	1	3	25	13	8	14	17	16	9	18	20
3204	16	12	1	4	24	13	7	6	20	17	10	18	3	11	15	23	2	21	25	22	8	14	9	19	5
3205	18	23	12	21	1	19	5	2	16	22	8	15	4	6	10	3	7	25	17	11	24	13	9	14	20
3206	25	17	1	24	20	7	10	22	5	3	6	16	14	23	2	11	19	13	12	8	18	21	4	9	15
3207	20	17	7	23	25	24	15	22	8	16	6	3	18	5	2	10	9	11	14	12	19	4	13	21	1
3208	20	18	8	16	23	17	14	24	10	2	9	1	15	12	5	4	22	13	11	7	6	3	21	19	25
3209	25	2	11	6	3	21	19	14	12	8	15	5	1	18	13	17	22	9	10	7	24	4	23	16	20
3210	9	1	12	22	8	18	15	2	25	6	3	4	7	10	21	20	23	14	11	17	19	24	5	16	13
3211	6	15	5	13	2	3	20	8	1	22	24	23	18	12	17	10	25	11	4	21	19	14	7	16	9
3212	7	1	2	4	20	13	23	11	24	5	3	6	9	8	21	22	17	10	12	25	14	19	15	18	16
3213	9	12	4	1	10	7	5	16	24	14	3	17	20	6	19	11	25	18	13	23	15	21	8	22	2
3214	2	11	18	24	10	14	4	15	7	23	19	1	3	22	9	5	6	16	25	20	8	17	12	13	21
3215	20	16	2	18	25	14	11	22	8	24	17	10	4	6	7	1	23	19	5	15	21	12	3	13	9
3216	9	23	18	21	1	6	24	4	16	2	25	11	15	19	14	10	13	22	17	7	8	5	12	3	20
3217	14	11	10	5	9	21	20	15	4	3	7	24	1	25	16	19	17	18	6	8	22	12	2	13	23
3218	23	8	4	17	13	19	12	10	5	24	11	15	9	22	20	2	21	3	6	16	14	7	25	1	18
3219	6	11	25	8	7	10	20	23	1	5	17	4	9	19	18	14	12	15	16	2	21	13	22	24	3
3220	22	19	7	15	6	16	14	21	23	20	4	10	5	3	25	13	24	17	18	11	9	2	1	8	12
3221	1	7	16	5	20	6	15	11	21	17	24	19	14	10	2	4	18	23	12	8	9	22	13	3	25
3222	1	17	7	2	22	18	15	13	12	16	10	5	6	19	4	21	3	24	11	14	25	9	23	8	20
3223	21	16	8	22	25	18	19	6	13	20	17	5	14	23	4	10	12	9	11	24	15	7	1	3	2
3224	5	17	4	2	18	19	25	24	7	9	6	22	11	12	20	23	21	3	13	15	8	10	1	16	14
3225	16	12	18	11	2	22	21	6	20	14	13	8	5	23	9	25	19	10	7	24	1	15	3	4	17
3226	5	18	6	24	13	15	1	14	8	10	11	9	23	19	2	16	25	12	4	22	17	20	21	7	3
3227	20	13	1	10	14	12	18	6	7	25	24	22	11	16	23	4	5	8	21	17	15	2	3	19	9
3228	15	17	7	20	12	8	24	16	5	10	23	21	3	9	4	1	18	22	11	25	6	19	2	14	13
3229	10	4	19	2	11	16	5	23	22	15	14	7	1	17	9	24	3	18	21	25	13	12	20	8	6
3230	18	23	20	15	6	14	5	22	9	2	19	16	24	4	7	13	12	8	11	25	17	21	1	3	10
3231	15	12	8	23	20	21	13	18	1	14	11	17	3	19	4	7	9	5	10	24	25	22	2	6	16
3232	14	15	6	22	2	16	11	8	4	5	21	24	18	12	13	3	20	17	10	25	1	19	7	23	9
3233	1	13	17	5	11	6	2	23	3	7	14	16	12	4	15	10	25	20	22	18	24	8	9	21	19
3234	4	17	2	13	24	11	9	22	1	5	7	23	6	10	8	12	25	14	16	21	20	3	18	15	19
3235	4	1	10	6	20	16	12	7	9	14	17	21	22	11	25	13	19	24	3	23	8	5	18	2	15
3236	11	17	5	4	3	18	22	20	23	1	8	16	14	9	2	7	19	12	25	15	21	24	13	10	6
3237	2	6	23	4	9	12	8	20	3	5	1	14	22	24	7	21	10	16	19	18	15	11	17	13	25
3238	9	18	17	13	12	11	2	15	8	23	14	6	4	16	5	22	20	7	3	1	24	25	10	19	21
3239	20	21	10	24	3	19	22	14	25	23	18	12	6	5	1	15	11	9	16	4	2	7	13	17	8
3240	11	16	8	4	23	17	15	3	25	24	13	21	14	12	10	18	1	5	2	9	20	19	7	6	22
3241	7	5	4	11	3	12	20	25	8	19	1	16	17	14	23	18	6	22	21	24	9	13	10	15	2
3242	16	8	24	20	7	9	23	17	2	21	15	14	4	22	11	19	1	10	3	13	18	25	5	12	6
3243	15	10	4	17	22	19	20	1	21	3	16	23	7	8	9	18	25	14	2	6	5	11	24	12	13
3244	9	4	15	2	20	14	25	12	3	23	10	22	21	6	7	19	13	24	8	18	16	17	11	5	1
3245	1	2	9	15	20	16	7	25	3	18	14	8	19	4	10	21	13	17	22	6	5	23	11	12	24
3246	20	18	25	10	22	15	7	2	23	13	19	12	17	24	1	3	21	9	8	6	5	16	14	11	4
3247	12	9	14	11	22	8	13	19	21	23	3	5	4	20	17	25	7	2	15	10	6	1	24	16	18
3248	24	5	3	13	25	1	10	12	22	14	9	21	2	19	6	23	8	15	17	20	18	4	11	7	16
3249	11	16	13	4	3	17	6	18	25	8	1	12	19	23	7	24	10	22	14	20	21	5	15	2	9
3250	24	23	1	25	15	18	21	20	11	22	14	3	19	6	4	13	10	8	9	12	17	16	7	2	5
3251	6	7	11	1	4	21	14	8	19	10	22	15	12	25	23	9	17	24	18	13	16	3	5	2	20
3252	25	24	9	13	8	2	12	14	17	23	18	15	6	16	5	21	4	11	22	1	19	3	20	10	7
3253	4	6	17	20	9	18	13	7	12	22	14	24	1	5	2	19	15	23	16	3	10	25	21	8	11
3254	2	19	15	25	20	17	21	23	11	1	12	7	5	10	16	4	8	22	14	13	18	9	6	24	3
3255	20	1	24	23	22	13	4	17	3	9	25	18	5	11	16	7	10	12	21	2	8	19	6	15	14
3256	1	11	16	20	3	19	13	5	23	25	24	22	21	6	10	8	17	15	4	2	7	18	14	12	9
3257	20	22	19	3	23	6	18	8	14	21	12	1	15	13	9	4	10	17	2	11	7	5	25	24	16
3258	13	4	25	22	20	11	14	15	16	18	8	19	3	12	2	1	17	7	21	6	5	23	9	24	10
3259	6	21	24	5	16	23	18	11	17	19	9	12	22	25	13	10	14	7	1	3	15	2	4	20	8
3260	17	4	15	13	22	2	11	21	1	7	12	24	6	16	18	23	8	10	3	20	14	5	25	19	9
3261	13	22	3	17	11	19	10	5	21	6	23	8	25	4	9	1	7	24	18	20	2	12	16	15	14
3262	17	25	14	11	8	10	19	20	1	9	4	12	2	21	7	6	3	23	5	24	22	16	13	15	18
3263	3	14	5	19	21	9	8	10	13	22	11	23	17	16	15	1	20	25	18	4	7	12	24	6	2
3264	9	10	13	6	20	18	1	24	19	12	16	25	14	15	5	23	7	22	11	17	8	2	21	4	3
3265	10	24	22	2	13	6	12	1	8	20	19	3	11	16	9	23	14	18	25	21	7	5	17	4	15
3266	12	4	21	13	1	6	17	23	9	11	20	25	10	22	15	18	5	14	2	7	24	16	3	8	19
3267	15	3	25	23	24	6	11	16	20	18	21	2	12	1	19	9	8	13	5	7	22	17	4	10	14
3268	20	11	10	4	8	1	5	14	19	12	21	24	17	23	6	16	22	15	7	25	3	9	13	18	2
3269	17	14	23	21	8	7	24	3	22	13	6	18	19	10	4	25	9	5	2	11	20	12	15	16	1
3270	17	21	10	8	12	15	2	3	22	1	11	7	23	5	19	13	4	9	25	16	6	20	24	18	14
3271	9	12	13	2	24	8	3	15	25	23	6	16	17	11	18	22	20	4	5	1	14	10	21	19	7
3272	1	9	13	8	10	14	23	6	16	22	19	5	12	3	2	15	25	21	4	7	18	17	24	20	11
3273	22	2	11	13	21	12	4	24	5	15	1	10	20	14	19	16	17	25	3	23	18	9	7	6	8
3274	14	6	5	3	11	10	7	17	20	18	22	9	23	21	16	13	24	8	2	12	25	4	1	15	19
3275	11	14	8	13	16	4	21	17	23	6	19	2	3	7	10	25	24	1	9	15	22	20	5	18	12
3276	7	2	21	24	8	3	4	19	23	15	6	13	12	18	25	5	16	1	22	14	11	20	9	17	10
3277	18	2	15	5	16	17	9	23	12	10	21	4	22	7	20	24	25	8	13	11	19	14	3	1	6
3278	12	3	20	16	10	13	23	21	22	6	8	11	7	4	15	1	24	25	18	19	17	5	9	2	14
3279	11	7	6	3	20	16	4	1	12	21	19	13	25	23	24	2	17	5	18	15	14	10	9	8	22
3280	10	4	6	24	18	20	3	7	11	25	23	22	21	19	14	12	16	2	13	9	8	1	17	15	5
3281	12	22	17	4	6	21	24	10	1	16	18	23	11	7	19	25	3	15	20	9	8	14	2	5	13
3282	15	21	24	9	2	20	7	5	25	10	18	19	8	22	14	13	1	12	23	3	17	16	4	6	11
3283	5	11	2	24	17	18	22	6	4	1	10	12	21	20	9	19	8	13	15	7	25	3	23	16	14
3284	13	1	10	12	16	20	9	3	24	18	8	14	17	25	11	4	21	6	22	19	23	7	5	15	2
3285	18	10	12	21	11	22	13	16	23	9	14	6	1	2	3	19	25	24	15	4	20	17	8	7	5
3286	12	14	5	2	4	7	11	13	15	9	1	19	10	21	17	3	22	18	20	24	6	25	16	8	23
3287	25	13	18	10	24	17	8	14	20	3	4	21	5	12	2	1	7	15	19	11	22	16	6	23	9
3288	17	9	1	12	6	24	7	19	23	10	22	25	11	14	4	3	15	5	18	8	16	2	20	13	21
3289	23	19	13	1	17	5	24	9	18	8	2	6	10	7	11	12	15	3	21	20	16	14	22	25	4
3290	2	13	11	1	22	23	15	24	19	7	20	9	10	6	17	5	3	4	14	12	18	25	16	8	21
3291	12	14	16	23	25	4	3	11	9	8	6	21	1	22	19	20	5	15	10	24	7	17	18	2	13
3292	18	13	4	15	5	1	19	6	10	7	9	16	11	12	20	14	17	23	21	3	22	8	2	25	24
3293	19	2	10	8	17	15	5	13	18	21	9	4	11	16	12	3	6	25	24	23	22	1	20	14	7
3294	1	5	22	9	21	20	12	16	15	23	11	4	3	18	8	19	24	6	13	10	25	7	14	17	2
3295	8	2	20	14	1	15	11	7	5	24	17	12	19	4	23	22	9	13	6	25	16	18	3	21	10
3296	11	7	8	3	9	22	10	6	24	1	18	12	19	15	23	21	5	16	13	17	14	20	4	25	2
3297	10	3	7	18	22	15	17	25	8	2	19	16	1	24	20	12	5	21	13	11	4	6	14	23	9
3298	17	15	16	2	23	10	6	19	13	1	14	22	5	24	4	8	20	18	9	25	3	21	7	12	11
3299	11	7	17	21	16	25	15	19	4	8	23	6	10	2	5	12	14	24	9	20	1	13	3	22	18
3300	19	18	15	21	12	24	5	22	3	10	13	23	17	7	9	2	11	16	25	20	1	14	4	8	6
3301	7	20	19	12	3	17	11	18	6	2	8	16	1	10	25	9	13	5	23	14	15	24	4	21	22
3302	15	24	10	12	20	1	9	5	11	22	8	16	18	14	2	6	7	21	23	19	13	25	4	3	17
3303	17	18	23	12	19	9	3	2	6	16	7	15	1	13	14	4	8	24	20	21	10	5	22	25	11
3304	8	12	21	22	7	1	15	25	2	18	6	14	13	10	5	4	17	23	20	16	11	19	3	9	24
3305	20	16	5	25	21	24	3	23	22	18	15	10	19	6	2	17	14	11	4	8	9	12	1	7	13
3306	7	3	20	13	17	8	6	21	18	5	15	1	16	10	22	24	23	9	2	14	4	11	25	12	19
3307	6	17	19	25	11	15	10	18	8	1	23	21	12	2	3	7	13	16	14	4	24	22	20	9	5
3308	24	25	21	4	13	2	12	16	22	18	17	5	23	7	3	9	15	8	10	11	19	14	20	1	6
3309	3	14	16	8	13	15	25	5	22	11	6	21	9	18	17	4	23	2	12	20	24	10	7	1	19
3310	15	2	25	5	12	24	13	21	1	6	11	7	18	9	3	17	10	8	20	23	4	19	14	22	16
3311	19	24	22	3	2	21	12	18	1	15	11	25	14	20	4	8	6	10	13	7	9	5	23	16	17
3312	11	14	21	8	6	13	3	5	20	16	23	22	18	4	24	1	19	17	2	25	12	10	15	9	7
3313	6	14	13	22	4	23	1	16	8	12	15	11	24	10	18	25	20	21	3	5	17	7	9	2	19
3314	15	22	1	6	2	18	25	11	8	16	3	19	24	23	7	17	14	9	12	5	4	21	10	13	20
3315	8	23	18	10	25	2	9	13	21	3	7	20	16	6	24	15	19	5	12	22	1	17	14	4	11
3316	10	9	19	25	8	21	23	7	6	1	20	14	24	5	11	13	15	2	4	17	18	3	16	12	22
3317	16	10	25	17	15	2	3	12	1	7	22	13	6	23	11	8	21	9	14	19	5	4	24	20	18
3318	21	8	15	10	22	1	5	17	20	16	19	24	25	6	23	14	4	9	13	18	3	7	12	2	11
3319	24	6	2	5	21	12	14	17	13	8	25	16	1	4	11	15	19	18	20	3	7	23	10	9	22
3320	10	12	7	1	19	23	8	14	2	20	3	6	24	5	18	15	9	21	11	25	17	4	13	22	16
3321	20	23	1	13	12	21	22	15	16	10	6	4	11	18	2	5	17	7	8	25	9	19	14	24	3
3322	6	5	21	9	2	20	25	24	16	22	17	19	3	8	11	10	14	12	18	13	7	23	1	4	15
3323	10	2	21	24	3	25	20	23	13	14	19	11	18	6	7	17	22	5	1	9	8	4	16	12	15
3324	11	24	13	14	2	25	21	18	7	16	4	15	19	3	20	12	6	17	23	5	10	8	9	1	22
3325	19	13	18	16	24	12	1	6	4	15	23	8	17	5	2	11	21	20	7	14	10	22	25	3	9
3326	8	13	4	6	22	21	16	12	1	25	14	5	17	7	2	11	15	20	10	24	19	23	9	18	3
3327	1	23	14	20	3	11	24	15	16	4	12	2	25	8	13	17	9	19	21	5	18	22	10	7	6
3328	8	17	20	16	18	4	9	12	7	10	3	24	5	13	11	15	23	19	2	14	21	6	1	25	22
3329	12	20	8	24	7	9	11	10	25	18	5	4	1	14	15	23	17	2	6	3	13	16	19	21	22
3330	18	16	9	14	4	24	1	8	10	5	7	2	15	20	23	19	6	12	3	17	11	13	21	25	22
3331	6	18	1	24	3	15	5	12	23	25	9	16	20	11	14	13	22	17	8	10	19	2	7	21	4
3332	10	14	20	18	9	12	16	15	21	23	4	24	11	5	1	25	7	22	13	19	3	8	6	17	2
3333	10	9	8	4	15	23	18	13	19	24	14	25	6	7	3	5	1	12	20	16	11	22	2	17	21
3334	2	24	17	21	6	8	9	4	1	19	22	14	15	10	3	12	25	13	5	20	11	16	23	7	18
3335	12	8	3	24	14	18	6	23	19	7	4	16	22	20	17	10	5	1	11	21	2	13	9	15	25
3336	9	21	17	16	22	2	11	10	5	1	20	3	7	14	4	19	8	12	23	24	15	18	13	6	25
3337	1	12	6	25	4	8	21	13	3	5	10	17	15	20	23	24	9	7	11	14	19	16	22	18	2
3338	20	17	1	24	22	10	2	18	19	6	7	8	16	14	21	5	15	9	23	25	13	11	4	3	12
3339	9	22	15	24	6	12	11	16	2	19	1	18	8	14	13	25	3	20	17	4	7	10	21	5	23
3340	24	14	18	4	2	5	13	25	1	22	20	15	17	7	21	16	3	12	10	19	23	11	9	6	8
3341	18	24	10	6	3	9	16	20	17	21	12	7	11	14	1	23	13	22	25	19	5	15	8	2	4
3342	17	4	16	3	21	15	20	11	14	2	24	19	6	18	12	7	10	23	5	8	13	1	25	22	9
3343	23	8	19	24	1	20	9	10	25	3	18	21	13	5	7	11	22	6	15	16	4	14	17	12	2
3344	19	17	6	8	16	14	20	3	9	10	24	1	15	18	22	13	21	23	25	11	2	12	7	4	5
3345	6	11	2	18	12	9	24	10	13	4	22	7	16	8	1	15	17	25	5	19	21	14	3	23	20
3346	24	1	16	19	10	11	12	18	3	9	13	8	5	2	22	14	17	15	25	6	4	21	23	20	7
3347	16	17	9	7	18	6	5	25	24	21	20	14	15	10	1	4	23	12	11	22	13	2	19	8	3
3348	19	6	21	23	25	17	8	1	22	11	2	10	7	24	20	13	12	4	3	5	14	15	18	16	9
3349	12	23	8	24	14	10	6	3	13	18	15	5	16	25	21	2	1	4	20	7	11	19	22	17	9
3350	3	10	16	25	8	6	19	15	18	13	23	1	14	24	7	12	9	20	5	4	11	21	2	17	22
3351	7	23	10	17	25	5	13	3	18	19	20	24	12	21	8	11	22	4	14	9	2	6	1	16	15
3352	19	22	23	24	15	17	13	21	6	1	8	4	20	7	25	9	18	16	5	3	12	11	10	14	2
3353	2	5	6	13	20	19	12	21	24	3	23	7	25	14	15	16	1	22	9	17	10	8	11	4	18
3354	20	1	11	19	18	16	22	25	4	14	17	24	6	15	13	9	8	2	10	3	5	12	7	21	23
3355	10	16	14	13	18	25	2	6	20	23	8	24	21	15	19	22	9	5	7	1	17	12	11	4	3
3356	4	23	2	5	1	17	3	20	9	12	15	13	18	22	10	16	25	24	19	7	21	14	11	6	8
3357	7	11	18	6	23	20	17	10	9	12	4	14	13	21	19	5	8	15	2	25	16	3	1	22	24
3358	8	14	22	2	20	16	18	24	10	4	7	9	6	21	13	1	3	5	15	25	19	17	11	12	23
3359	1	10	5	22	19	4	2	14	24	21	3	8	6	11	23	25	7	13	9	20	16	15	12	18	17
3360	2	19	8	6	3	15	9	12	16	14	24	7	11	21	18	25	4	5	17	10	1	23	22	13	20
3361	7	19	3	15	22	17	20	13	11	5	14	6	21	12	2	1	8	4	10	18	24	25	9	23	16
3362	16	8	13	17	1	23	19	3	14	25	10	20	2	22	7	9	24	18	15	21	12	11	4	6	5
3363	17	9	23	8	5	22	21	16	11	14	20	18	6	10	3	12	13	15	24	4	1	25	7	19	2
3364	16	24	10	5	22	11	21	13	4	1	14	6	8	9	23	25	12	18	2	19	3	15	20	7	17
3365	10	4	19	7	21	15	23	17	3	13	1	2	9	25	11	16	22	18	20	5	12	6	8	14	24
3366	14	12	19	17	25	16	18	23	9	13	8	5	7	1	24	6	21	10	11	20	2	22	3	15	4
3367	8	9	24	11	23	16	6	20	3	18	22	21	1	10	14	7	17	4	12	25	13	2	19	5	15
3368	6	8	13	11	16	22	1	18	24	5	14	19	4	21	9	20	25	15	10	23	17	7	12	3	2
3369	18	19	21	4	2	17	15	23	3	6	10	20	12	14	8	16	5	25	1	7	24	22	13	11	9
3370	20	9	2	25	17	23	24	12	18	13	15	22	16	4	21	5	6	14	19	10	8	11	7	3	1
3371	6	18	24	19	11	15	23	7	21	10	1	12	2	13	22	9	4	16	3	20	25	17	5	8	14
3372	13	2	7	25	15	20	10	23	4	1	6	22	3	11	21	19	24	16	17	8	12	9	5	14	18
3373	17	18	25	22	1	2	15	10	23	9	24	8	21	16	5	3	19	11	12	6	13	4	14	7	20
3374	25	15	13	21	1	6	9	18	11	10	16	4	14	2	20	17	23	19	22	24	7	3	12	5	8
3375	13	19	3	1	21	25	16	7	23	18	9	20	11	2	17	22	24	15	6	8	14	4	10	12	5
3376	17	7	15	14	22	5	6	25	23	10	13	8	12	1	20	9	19	3	16	24	21	18	4	11	2
3377	5	18	25	7	2	24	21	14	12	6	17	3	20	4	11	9	16	13	1	10	8	15	19	22	23
3378	8	23	17	15	6	4	9	1	13	24	2	12	19	5	21	22	16	11	7	10	3	14	25	20	18
3379	11	14	19	5	4	25	10	24	21	1	3	16	23	9	15	6	2	18	20	22	8	17	12	7	13
3380	7	8	11	23	19	21	18	15	1	2	12	24	5	10	13	20	14	22	16	4	6	3	17	25	9
3381	22	8	11	1	18	9	17	20	6	3	25	23	19	4	2	14	13	12	21	10	24	16	15	5	7
3382	3	2	12	8	1	19	16	20	24	13	6	10	25	22	14	7	17	23	9	15	21	4	18	5	11
3383	22	21	18	10	3	19	24	4	25	5	9	15	6	20	12	14	2	16	7	13	1	23	8	17	11
3384	4	25	17	6	22	7	20	15	19	18	13	8	16	24	10	1	21	14	2	3	12	5	23	9	11
3385	14	13	19	16	3	8	24	15	7	4	5	20	18	23	12	17	10	21	22	1	11	25	9	6	2
3386	23	16	2	7	8	9	13	15	22	5	17	14	6	1	25	12	4	20	19	10	24	3	18	11	21
3387	16	11	1	9	8	10	21	20	14	17	7	5	12	3	13	15	22	23	6	18	24	4	19	2	25
3388	9	25	11	21	22	8	16	24	17	2	14	23	3	13	10	12	5	1	6	19	7	20	4	18	15
3389	14	9	3	25	7	15	2	16	19	6	24	13	12	21	18	23	10	5	4	22	11	8	17	1	20
3390	23	11	18	10	21	25	8	4	17	3	20	9	6	15	16	19	22	24	14	12	13	5	2	1	7
3391	7	6	20	12	2	21	3	24	19	17	4	11	15	25	9	14	1	18	8	16	23	5	13	10	22
3392	9	10	23	17	4	12	6	14	18	2	20	21	8	7	25	5	11	22	24	19	16	3	13	1	15
3393	24	20	13	7	22	8	18	11	4	23	10	17	15	16	12	6	5	25	19	21	2	3	14	9	1
3394	13	8	14	23	9	6	4	20	17	16	24	18	2	11	21	7	5	22	25	1	12	10	3	19	15
3395	24	23	20	21	12	14	25	10	7	3	9	13	22	18	5	11	19	8	17	4	6	1	16	15	2
3396	3	7	15	8	12	4	16	20	21	1	6	10	9	13	2	23	25	5	24	14	19	17	11	18	22
3397	13	23	7	14	21	11	22	20	8	17	15	5	2	25	18	10	24	1	9	6	12	19	4	16	3
3398	11	2	17	22	7	19	3	9	15	21	24	5	16	8	14	20	4	12	23	25	10	6	1	13	18
3399	24	13	18	7	14	22	16	5	2	1	10	20	19	23	9	8	11	25	15	4	21	6	12	17	3
3400	17	7	21	8	3	11	24	22	13	18	25	5	19	4	2	15	1	9	20	10	6	23	12	16	14
3401	6	23	12	19	4	11	13	20	1	8	15	25	3	9	24	22	2	10	18	5	21	7	14	17	16
3402	15	22	25	13	8	9	20	3	14	7	23	24	18	4	1	11	17	10	12	5	19	6	16	2	21
3403	22	9	16	20	24	12	25	6	23	18	5	14	2	15	8	1	11	21	4	7	19	17	13	3	10
3404	12	14	7	10	8	22	1	6	24	9	23	3	18	15	11	17	25	2	16	5	19	20	4	21	13
3405	12	10	7	4	14	24	5	18	25	13	21	15	2	3	19	1	9	17	8	20	11	6	22	23	16
3406	3	1	17	19	11	8	5	4	18	24	21	14	16	20	9	15	2	22	23	6	13	10	7	25	12
3407	19	18	9	17	6	8	24	16	20	25	2	7	10	23	3	1	5	15	12	11	14	4	21	13	22
3408	5	16	22	10	13	24	17	21	23	4	11	20	9	25	18	15	12	7	6	19	8	3	2	1	14
3409	1	19	15	20	22	23	4	21	8	9	14	18	24	2	7	17	13	11	3	5	12	10	25	16	6
3410	11	3	18	1	23	24	21	13	22	5	14	25	16	4	7	19	20	6	12	9	10	2	17	15	8
3411	15	4	25	2	23	18	6	22	17	14	1	13	16	8	9	10	19	5	21	24	7	3	11	20	12
3412	23	19	8	24	6	17	10	13	4	14	5	12	22	18	9	15	2	16	20	3	7	11	25	21	1
3413	22	16	19	3	20	9	7	4	25	2	10	24	18	1	11	14	15	13	6	5	12	23	17	8	21
3414	20	15	4	21	22	2	5	18	11	7	6	14	19	16	9	12	13	23	24	8	1	3	25	10	17
3415	18	23	17	16	6	13	11	7	15	20	21	4	8	10	9	5	2	22	1	12	14	25	3	19	24
3416	1	14	2	8	6	19	7	5	25	18	12	13	4	23	10	24	17	15	20	22	21	11	16	3	9
3417	19	16	22	18	4	2	12	23	25	24	1	8	15	21	5	10	17	20	14	3	9	7	11	13	6
3418	3	21	1	19	9	20	22	18	14	8	6	17	10	16	7	5	12	24	2	11	15	23	13	25	4
3419	5	3	18	8	10	20	12	15	6	19	16	23	24	1	9	21	14	22	7	11	25	17	2	4	13
3420	5	1	2	19	4	14	18	15	12	23	17	13	24	25	8	7	6	11	16	21	3	9	10	22	20
3421	22	4	1	24	10	7	23	15	2	21	20	9	12	25	5	13	3	14	19	8	17	11	16	6	18
3422	12	5	22	23	4	9	18	21	25	24	14	7	8	19	3	6	13	2	16	20	15	10	17	11	1
3423	17	7	18	3	14	1	20	19	23	10	22	6	21	24	8	11	15	9	13	25	2	16	4	12	5
3424	21	20	2	17	7	11	12	24	16	15	3	4	6	22	9	14	18	25	23	8	10	13	1	5	19
3425	5	19	6	4	1	17	7	20	22	25	15	3	8	2	14	18	16	23	21	12	9	24	11	10	13
3426	12	2	21	25	4	18	1	16	8	11	10	15	24	5	13	22	14	9	20	23	7	3	19	6	17
3427	21	7	20	2	24	1	15	12	22	10	18	9	4	6	5	3	19	23	11	25	16	14	8	17	13
3428	17	21	24	16	18	15	25	6	20	4	9	11	10	13	2	1	23	5	3	7	14	8	22	19	12
3429	24	22	17	16	5	12	15	9	23	13	8	6	7	10	3	21	1	18	25	2	20	19	4	14	11
3430	20	24	7	9	1	11	16	15	6	23	5	25	22	2	13	3	14	8	19	18	21	17	10	12	4
3431	12	2	5	22	4	7	18	6	23	19	14	25	9	1	11	20	13	10	16	17	15	8	21	3	24
3432	25	24	7	6	13	17	16	8	23	18	2	3	9	12	21	1	14	22	19	15	10	11	4	5	20
3433	17	3	8	12	1	20	14	18	9	10	19	25	2	6	5	7	24	21	22	16	4	13	11	23	15
3434	20	10	24	3	19	25	23	15	1	12	9	7	17	5	16	18	11	6	22	8	4	14	2	21	13
3435	3	2	16	6	9	12	5	18	7	25	11	14	4	10	24	22	19	8	21	1	20	23	13	15	17
3436	13	23	4	3	10	11	20	25	1	22	15	12	9	6	2	19	5	7	17	24	16	18	8	14	21
3437	12	14	5	10	18	2	8	11	25	20	3	9	7	6	21	15	19	24	1	13	17	16	4	23	22
3438	16	12	6	3	14	20	7	1	21	17	24	25	11	23	18	5	22	13	19	9	15	8	2	4	10
3439	21	9	17	15	10	13	23	18	19	5	6	20	3	2	16	8	12	4	25	22	14	24	11	1	7
3440	11	18	23	10	24	20	8	2	9	15	7	21	4	25	12	22	5	1	16	19	6	3	17	13	14
3441	21	20	25	14	3	19	6	11	4	2	18	22	17	1	24	12	10	16	15	5	23	8	13	7	9
3442	5	12	22	1	21	24	19	16	14	7	3	25	18	17	20	10	11	8	4	9	15	23	13	6	2
3443	16	6	19	20	23	22	17	7	3	12	8	5	2	1	25	4	21	13	15	14	18	11	10	24	9
3444	8	5	7	11	15	19	22	2	16	23	6	20	10	17	4	25	21	14	9	12	3	1	13	24	18
3445	19	12	20	16	13	5	7	4	17	10	3	18	2	25	9	11	24	21	15	23	22	8	6	1	14
3446	20	23	12	25	14	22	18	1	7	4	3	10	24	19	2	13	21	8	16	9	5	11	15	6	17
3447	22	13	23	20	6	7	18	21	2	16	3	8	17	12	24	1	5	9	25	10	11	15	14	4	19
3448	25	10	2	13	11	5	24	6	16	18	14	1	3	9	8	17	23	15	20	22	7	12	21	19	4
3449	7	1	19	16	24	13	21	9	12	14	18	6	25	10	2	20	5	23	4	11	15	22	17	3	8
3450	17	13	24	23	18	8	5	22	12	11	10	15	9	6	2	1	14	3	16	19	21	4	25	7	20
3451	15	20	24	9	8	13	16	12	18	5	23	11	2	14	17	7	10	6	19	1	3	4	25	21	22
3452	3	2	15	17	13	12	10	5	8	14	16	1	19	22	18	23	25	9	11	20	6	21	7	4	24
3453	6	3	7	8	14	21	17	1	4	19	2	24	22	16	9	10	25	15	23	13	11	5	20	18	12
3454	23	7	3	13	1	8	25	14	11	21	4	12	6	16	20	22	2	5	15	9	10	24	19	18	17
3455	22	25	7	24	1	17	18	15	5	14	11	3	19	6	13	4	20	21	16	9	12	23	2	10	8
3456	25	16	6	4	12	10	9	15	7	21	19	20	2	13	18	8	14	17	1	3	11	23	24	5	22
3457	13	16	15	22	5	23	7	20	10	11	8	25	12	1	3	19	24	14	4	2	17	9	6	18	21
3458	22	1	21	9	5	18	16	4	13	20	8	2	12	25	17	10	7	14	19	11	3	24	23	15	6
3459	7	18	5	15	13	24	2	20	6	25	3	17	21	11	16	9	4	8	19	23	22	14	10	12	1
3460	12	8	23	22	13	1	15	4	19	24	11	5	25	21	3	6	20	7	10	9	16	18	14	17	2
3461	18	15	20	19	7	9	16	1	17	22	13	8	6	24	14	4	21	23	11	12	5	3	10	25	2
3462	6	15	17	23	18	13	16	21	20	2	9	24	3	14	19	10	25	4	8	11	12	22	5	7	1
3463	4	8	1	5	11	13	22	24	6	15	2	10	18	14	23	17	25	16	9	3	7	21	19	20	12
3464	22	11	23	21	13	7	12	17	25	15	19	18	3	8	10	16	9	5	20	6	4	2	1	24	14
3465	21	16	23	3	11	1	4	22	8	18	2	10	15	19	17	12	6	25	5	7	14	20	13	9	24
3466	3	18	11	8	12	15	9	17	23	20	24	4	13	5	1	21	25	2	7	19	10	16	22	14	6
3467	17	5	9	12	25	23	8	1	20	22	10	21	6	13	24	3	7	4	16	19	14	2	11	18	15
3468	8	15	13	6	11	12	2	24	5	19	23	18	14	3	4	20	21	17	1	7	22	9	25	16	10
3469	15	6	1	23	9	8	12	7	22	4	16	20	17	21	13	19	3	2	25	18	10	24	14	11	5
3470	8	21	20	19	15	9	11	3	13	16	10	24	14	5	12	1	2	22	7	4	25	17	6	23	18
3471	15	9	4	5	14	12	25	19	3	20	24	18	22	10	8	16	1	23	11	7	2	6	21	13	17
3472	25	24	6	18	2	13	19	14	11	8	1	21	17	4	20	12	23	9	15	16	5	7	10	22	3
3473	12	11	23	16	4	13	7	15	17	6	14	18	8	2	1	20	5	22	25	19	3	9	24	10	21
3474	18	3	21	14	8	25	12	20	22	16	4	2	17	5	23	15	13	6	24	7	11	9	10	1	19
3475	18	2	4	24	5	21	7	12	6	9	22	16	13	10	23	25	11	1	17	3	8	20	15	19	14
3476	14	15	7	16	1	22	5	24	6	11	23	9	17	3	18	20	21	8	13	12	10	25	2	4	19
3477	8	12	22	23	15	19	9	14	18	24	6	3	7	10	11	25	13	16	21	2	4	17	5	20	1
3478	16	22	10	24	7	13	17	2	15	21	5	25	19	8	1	11	6	12	9	4	20	18	14	23	3
3479	21	16	23	4	22	6	10	9	25	17	14	19	1	2	5	18	11	24	3	13	12	8	20	15	7
3480	1	14	18	21	3	16	20	12	11	17	6	23	13	7	10	5	4	2	15	8	19	22	9	25	24
3481	13	1	21	15	12	11	14	25	4	3	9	10	17	22	7	19	23	20	18	24	16	2	8	5	6
3482	24	10	17	6	21	22	25	15	4	18	11	14	3	12	2	7	13	5	8	9	20	23	1	19	16
3483	4	22	3	7	17	1	15	19	5	25	16	2	18	9	11	20	12	21	10	13	8	24	23	14	6
3484	13	12	3	4	24	8	19	16	15	10	25	18	17	14	22	20	1	11	2	5	6	21	7	23	9
3485	8	20	17	5	21	3	10	1	4	13	25	22	16	2	24	9	6	7	15	18	11	19	12	14	23
3486	18	8	3	17	23	7	22	1	13	25	15	11	10	4	20	12	21	14	9	24	5	6	2	19	16
3487	19	5	7	4	15	6	12	11	17	3	8	24	14	21	13	22	16	9	1	20	25	10	2	18	23
3488	16	21	6	4	23	22	3	5	19	12	2	25	17	18	14	8	11	1	9	24	15	20	13	7	10
3489	3	5	25	11	21	15	8	10	6	7	20	24	12	9	2	23	19	17	14	16	13	22	1	4	18
3490	18	14	21	23	12	22	8	20	1	10	13	3	15	2	7	17	6	5	9	4	16	24	19	11	25
3491	1	22	18	3	13	10	15	9	2	21	11	17	23	12	19	14	8	24	4	7	25	6	5	20	16
3492	10	8	21	22	9	18	23	2	12	4	5	20	7	17	6	13	19	1	15	14	25	3	16	11	24
3493	14	8	9	5	7	15	21	24	20	25	2	4	12	17	1	13	11	16	23	6	18	22	10	19	3
3494	5	15	3	1	21	18	12	16	11	13	8	6	19	23	22	17	24	20	9	4	14	2	7	10	25
3495	6	9	22	1	23	5	11	15	18	21	10	2	14	24	7	25	3	12	8	13	17	4	16	19	20
3496	10	4	19	8	25	16	20	15	9	5	13	3	1	2	7	17	12	24	6	11	18	23	14	22	21
3497	8	6	1	23	15	5	24	3	4	20	7	16	10	2	22	19	14	18	17	11	21	25	13	9	12
3498	19	20	24	3	6	22	14	11	15	12	21	4	8	5	10	18	25	7	13	23	1	9	17	16	2
3499	9	14	19	24	12	11	15	2	21	20	23	13	22	6	17	18	25	4	5	7	3	1	10	16	8
3500	19	6	14	5	4	2	10	25	15	18	3	13	1	23	22	8	17	24	20	9	11	7	12	21	16
3501	20	16	12	18	2	3	4	17	23	19	6	9	15	13	7	14	1	8	11	5	25	24	21	10	22
3502	12	14	23	11	7	16	21	20	24	19	5	2	17	9	3	15	8	25	1	13	22	6	4	10	18
3503	6	5	22	12	3	21	15	14	24	8	11	17	23	18	2	4	10	1	13	25	7	9	20	19	16
3504	5	12	8	7	1	4	22	6	9	2	18	23	16	10	11	13	20	14	15	17	3	19	24	21	25
3505	23	14	8	4	25	7	9	19	1	22	5	24	18	11	6	21	2	10	12	3	20	13	15	17	16
3506	9	11	17	6	3	16	7	15	20	12	19	14	21	4	1	2	24	25	23	5	10	22	18	13	8
3507	18	15	19	1	22	5	17	12	9	7	8	3	21	2	11	4	10	16	13	20	6	14	25	23	24
3508	10	6	23	4	16	25	2	19	1	13	14	18	12	21	22	17	7	15	20	9	5	11	3	8	24
3509	17	24	11	9	25	20	8	7	10	5	22	4	3	23	16	15	1	18	6	12	14	19	13	2	21
3510	13	24	23	2	15	10	8	20	17	12	19	18	3	7	25	22	14	11	6	21	4	1	9	5	16
3511	4	22	24	23	12	10	3	15	17	8	6	7	19	21	20	25	5	18	14	9	16	1	2	11	13
3512	3	14	8	9	25	18	16	1	20	2	6	22	13	11	5	12	17	15	23	19	24	21	7	4	10
3513	12	21	19	13	4	3	24	14	7	25	18	11	8	10	16	1	2	20	15	17	23	6	22	5	9
3514	5	4	20	21	1	23	2	19	6	16	7	25	14	8	11	13	3	17	24	18	15	10	9	22	12
3515	4	24	13	5	18	25	3	14	8	12	17	6	21	7	20	23	16	15	19	9	22	1	11	2	10
3516	14	20	22	6	23	18	24	11	7	10	17	4	15	1	9	5	16	13	2	12	8	21	19	3	25
3517	8	4	5	21	11	13	15	2	3	17	24	10	12	7	20	23	14	19	9	6	25	16	1	18	22
3518	2	16	7	24	8	21	15	6	12	20	19	11	13	10	25	3	18	14	5	22	17	4	1	9	23
3519	1	21	13	22	23	2	12	7	24	6	3	10	8	17	5	14	4	25	18	9	16	19	11	20	15
3520	4	2	25	1	22	7	8	14	11	9	18	20	17	13	6	23	15	21	16	24	5	10	3	19	12
3521	6	18	23	9	4	22	1	13	20	5	3	14	2	25	15	7	19	11	12	17	21	16	24	8	10
3522	7	20	18	14	12	16	22	19	13	6	1	8	23	21	17	4	10	25	24	5	9	3	2	15	11
3523	22	14	2	3	8	7	18	9	10	4	6	20	11	15	5	12	13	23	21	17	1	25	24	16	19
3524	10	16	8	25	20	3	14	17	15	6	21	4	12	22	13	9	23	2	1	5	24	18	11	19	7
3525	20	15	5	24	13	21	7	12	22	10	9	14	4	25	17	3	6	11	16	23	8	18	2	19	1
3526	22	10	7	3	21	18	4	6	14	16	17	1	23	11	12	5	8	13	2	24	15	9	20	19	25
3527	18	12	15	20	11	3	14	4	10	19	21	5	22	17	6	23	2	24	7	25	8	16	13	1	9
3528	7	14	23	10	20	15	8	12	25	24	16	22	4	11	21	3	13	1	6	2	9	17	5	19	18
3529	14	23	25	7	22	11	16	20	21	17	6	2	13	5	24	1	19	3	8	18	15	4	12	10	9
3530	9	2	12	7	23	21	3	20	17	14	1	24	25	22	18	8	13	5	15	4	10	19	6	11	16
3531	1	4	15	3	19	22	17	21	16	23	2	18	13	14	8	20	9	24	6	11	10	25	7	12	5
3532	6	14	4	18	15	11	25	2	19	8	10	20	22	1	9	7	24	17	13	3	23	16	12	5	21
3533	1	6	24	8	4	2	7	17	21	16	13	15	12	3	9	11	23	10	14	19	25	5	18	20	22
3534	20	9	4	5	2	10	16	1	17	8	18	13	12	3	6	14	21	11	7	25	15	22	19	24	23
3535	15	4	21	8	23	17	1	5	24	22	2	18	13	25	20	7	6	14	19	16	12	3	10	11	9
3536	13	18	8	21	23	16	6	1	12	3	20	17	15	10	22	7	25	24	4	19	9	11	2	5	14
3537	9	21	17	22	24	13	11	18	10	20	19	8	5	14	23	6	3	25	15	16	12	4	7	2	1
3538	2	21	19	9	7	4	14	11	1	15	25	13	17	3	23	18	6	8	12	10	20	24	16	5	22
3539	7	18	6	12	4	23	14	5	22	24	16	10	13	11	8	9	3	20	19	25	1	17	21	15	2
3540	18	15	4	6	21	11	16	8	10	1	22	14	9	7	12	24	5	2	17	23	20	19	25	3	13
3541	5	3	6	23	25	10	21	15	14	17	4	12	16	18	22	8	2	19	11	7	13	20	1	9	24
3542	1	11	24	17	23	22	3	9	13	8	25	19	12	16	18	15	10	4	6	14	5	2	7	20	21
3543	20	9	12	24	11	25	2	3	14	10	22	7	13	18	8	15	1	16	23	5	21	19	17	6	4
3544	17	25	22	5	20	13	1	4	14	23	24	12	2	7	19	9	8	10	11	21	6	15	3	18	16
3545	12	8	1	20	11	14	22	24	18	13	6	19	4	5	15	2	25	23	17	16	21	9	3	10	7
3546	17	25	21	5	7	4	24	11	13	3	16	19	22	6	15	9	14	18	23	20	8	10	1	2	12
3547	11	4	19	1	22	15	21	6	2	18	17	3	13	5	7	23	10	8	24	16	12	14	25	20	9
3548	6	23	11	22	18	13	15	21	10	25	17	14	4	19	7	12	9	2	20	24	16	1	3	5	8
3549	14	11	21	17	24	1	18	22	4	23	15	25	20	2	16	8	3	12	6	13	7	9	10	19	5
3550	18	3	15	6	4	2	1	14	19	22	24	11	21	12	7	23	16	10	9	17	5	13	25	20	8
3551	17	24	19	3	12	8	14	2	4	5	23	25	10	13	11	21	9	16	1	7	22	15	6	20	18
3552	4	22	1	3	12	20	19	8	16	10	11	21	5	24	6	9	15	23	25	18	17	13	2	14	7
3553	21	20	23	15	10	3	13	2	25	6	18	22	12	11	1	9	19	17	4	8	24	14	5	16	7
3554	9	17	16	3	2	15	4	6	14	11	19	13	12	18	25	20	24	5	7	8	10	1	23	21	22
3555	22	13	11	20	24	17	2	7	16	12	8	6	5	19	14	9	3	10	21	1	15	25	23	4	18
3556	18	17	22	25	13	1	4	14	9	19	21	23	2	16	6	20	10	3	12	7	11	5	8	15	24
3557	9	16	6	4	25	5	14	22	7	23	24	12	17	10	13	3	15	20	18	1	21	19	11	8	2
3558	13	9	4	2	5	17	25	15	10	20	1	18	21	7	19	12	22	6	23	14	16	11	8	3	24
3559	1	6	9	22	3	16	14	19	4	2	23	7	12	25	8	24	13	20	15	21	17	5	10	11	18
3560	6	12	7	24	11	9	10	2	8	18	3	15	17	14	16	22	20	21	4	25	19	1	23	13	5
3561	13	22	8	24	25	5	23	6	1	18	7	20	10	15	14	9	2	16	3	21	19	4	12	11	17
3562	14	16	23	10	17	9	4	12	1	3	6	13	7	24	22	5	15	11	19	20	2	18	8	21	25
3563	24	12	6	3	21	18	14	23	16	22	7	8	15	13	5	1	20	10	11	17	19	4	2	9	25
3564	17	6	22	12	5	15	25	13	23	7	18	11	8	4	16	14	19	10	3	9	24	21	20	1	2
3565	2	3	10	16	9	23	18	11	12	25	6	19	22	21	4	24	17	7	5	14	15	1	8	20	13
3566	7	20	10	8	16	2	18	9	22	5	23	6	15	24	19	3	21	12	4	11	17	25	13	14	1
3567	3	21	1	10	20	2	19	14	7	11	5	9	23	17	13	12	8	16	4	22	18	15	6	25	24
3568	7	15	4	10	3	23	2	16	6	11	18	22	12	5	20	13	25	24	19	9	21	14	17	8	1
3569	25	15	16	2	5	1	8	22	9	24	14	6	21	3	4	19	12	11	20	13	18	7	23	10	17
3570	11	16	21	20	2	14	1	5	23	22	12	25	24	6	8	7	13	4	17	18	19	15	9	10	3
3571	19	7	25	24	4	13	1	14	16	3	21	23	9	2	11	12	18	15	6	5	10	22	8	17	20
3572	8	12	11	16	2	3	15	22	6	14	23	1	13	10	18	7	25	19	17	5	9	21	4	24	20
3573	25	17	3	8	9	16	22	21	10	18	6	19	1	23	15	11	20	14	5	12	7	2	24	4	13
3574	20	25	18	12	1	15	6	2	13	16	8	3	14	7	21	11	10	9	19	4	17	24	22	23	5
3575	2	16	14	13	25	12	11	19	10	22	18	21	20	7	15	9	17	23	24	6	8	5	3	1	4
3576	8	21	25	9	1	20	11	15	5	7	2	19	3	6	4	16	13	17	23	14	12	24	10	22	18
3577	8	14	18	20	4	15	10	17	24	23	11	5	6	7	12	1	2	3	9	25	22	19	13	21	16
3578	17	13	15	1	8	23	14	22	6	24	3	20	9	18	19	5	25	7	16	11	2	10	12	4	21
3579	15	5	8	20	17	19	14	4	24	3	6	18	16	22	10	12	7	9	11	25	1	13	21	23	2
3580	3	21	15	19	18	2	12	17	10	20	14	7	22	24	8	25	5	11	16	13	6	23	1	9	4
3581	11	24	14	18	23	20	15	17	9	4	8	7	6	10	1	16	3	12	21	13	2	22	25	5	19
3582	22	23	14	5	7	4	2	20	8	10	19	9	21	11	18	3	25	15	24	17	13	16	6	1	12
3583	11	15	14	24	4	16	13	19	6	10	7	18	25	3	23	9	22	17	1	5	20	2	12	21	8
3584	19	5	24	7	12	16	14	11	1	3	20	6	10	17	15	21	13	18	2	25	22	23	4	9	8
3585	16	4	13	8	11	22	18	23	6	17	24	5	12	2	21	25	20	3	10	1	19	7	14	15	9
3586	2	11	25	17	9	7	6	14	18	3	21	8	4	12	1	10	16	24	15	19	5	22	20	23	13
3587	10	14	2	6	8	13	24	21	15	4	3	9	11	19	25	7	1	23	20	5	18	12	22	17	16
3588	3	11	9	13	16	19	7	25	1	2	10	6	4	20	24	17	5	8	21	12	18	23	22	14	15
3589	17	8	23	9	2	16	19	14	21	22	1	24	11	15	3	7	4	25	5	6	18	12	20	10	13
3590	8	2	6	23	19	20	17	10	1	3	11	22	24	13	14	16	12	25	4	21	15	9	5	18	7
3591	25	7	9	22	8	24	10	4	2	19	17	6	5	18	21	3	11	20	23	12	1	16	14	15	13
3592	2	23	3	6	14	16	7	24	25	15	8	21	4	13	5	20	11	1	18	17	22	9	10	19	12
3593	24	25	17	12	1	19	8	4	14	13	16	5	20	18	3	22	2	6	10	9	23	11	7	15	21
3594	3	10	11	8	1	12	18	15	9	2	6	13	7	22	25	16	20	5	21	14	19	24	17	23	4
3595	23	7	25	8	6	19	24	21	16	5	2	11	18	9	4	12	1	20	14	3	10	22	17	13	15
3596	12	14	19	23	9	20	13	16	18	6	5	10	11	2	17	25	21	3	1	4	7	15	8	22	24
3597	13	3	4	23	6	22	5	24	15	2	18	9	7	21	1	16	12	17	19	11	8	25	20	10	14
3598	12	7	5	24	14	17	13	21	11	19	9	25	18	6	16	22	20	8	23	15	2	3	10	1	4
3599	17	15	3	21	12	23	22	14	10	1	7	9	20	19	16	13	2	4	5	25	6	11	8	18	24
3600	2	23	6	24	4	5	13	22	19	16	7	9	25	20	1	10	8	18	11	15	14	3	12	17	21
3601	5	12	13	21	16	4	6	19	17	10	18	25	23	15	2	3	1	8	9	22	11	20	7	14	24
3602	20	9	21	22	19	1	11	12	17	7	24	5	8	10	14	13	16	3	23	4	25	2	18	15	6
3603	3	16	23	25	6	15	20	13	18	4	14	7	9	19	8	10	17	5	21	12	1	24	2	11	22
3604	23	20	10	22	21	1	3	16	12	8	25	15	13	7	5	24	9	17	11	2	4	6	19	18	14
3605	10	16	3	22	2	6	15	12	5	19	21	1	20	9	7	17	14	24	8	13	11	18	23	25	4
3606	7	6	10	17	8	9	12	4	5	13	18	21	19	14	22	11	2	25	15	23	20	1	3	16	24
3607	7	4	25	20	18	23	16	9	10	22	21	13	15	24	19	12	3	6	8	1	2	14	17	11	5
3608	13	24	22	25	9	23	16	19	1	17	3	5	10	4	18	21	2	11	7	6	12	14	20	15	8
3609	16	13	21	17	18	2	19	24	3	1	12	9	20	4	5	8	11	14	15	22	25	23	10	7	6
3610	25	4	19	16	21	20	6	7	15	9	3	11	10	5	17	24	12	22	23	13	18	1	2	14	8
3611	8	10	1	9	21	18	24	19	4	13	6	5	14	23	16	3	2	7	17	25	12	20	15	11	22
3612	5	21	19	2	8	13	11	15	22	16	14	1	10	6	7	25	3	4	12	9	20	18	17	23	24
3613	11	9	1	13	8	21	15	10	7	12	22	23	6	16	25	2	19	14	3	24	20	17	4	18	5
3614	17	21	13	15	6	10	22	23	3	16	7	2	19	25	5	1	4	11	9	20	12	14	18	24	8
3615	19	9	7	8	16	17	23	12	18	2	6	5	25	3	13	11	4	22	14	15	20	10	21	1	24
3616	6	4	9	7	3	11	23	14	8	19	13	24	20	22	25	12	15	2	21	16	1	18	17	5	10
3617	22	23	9	1	2	7	12	15	25	19	10	4	20	18	24	16	3	17	11	6	8	14	5	21	13
3618	24	16	12	7	5	17	22	2	10	6	8	23	11	15	18	9	14	20	1	3	21	19	4	25	13
3619	13	25	20	15	8	14	7	10	17	4	21	5	19	12	16	24	22	11	23	1	3	6	2	9	18
3620	11	4	25	21	5	22	12	23	15	16	14	17	9	24	8	7	18	2	1	20	3	19	13	10	6
3621	4	9	7	11	18	5	10	16	17	12	21	25	13	8	1	15	2	20	24	23	6	3	14	22	19
3622	1	12	16	13	9	17	15	23	14	2	18	6	5	21	25	4	3	19	11	7	8	20	22	10	24
3623	19	11	7	18	22	12	3	15	5	13	17	16	24	4	2	21	8	9	14	1	6	25	20	23	10
3624	6	22	10	17	12	13	11	15	20	25	3	9	4	14	7	18	16	2	21	24	5	19	23	8	1
3625	25	20	8	11	24	6	19	22	1	7	21	14	13	5	10	2	9	12	18	17	4	23	16	15	3
3626	22	20	8	12	19	15	21	13	9	24	18	3	25	7	17	2	6	5	16	10	4	14	23	1	11
3627	22	12	18	24	21	2	3	10	8	13	19	20	17	25	15	6	9	16	1	7	5	4	11	23	14
3628	21	22	18	25	23	3	15	13	14	10	9	5	24	19	1	8	11	6	4	16	20	2	17	12	7
3629	15	22	19	11	20	7	10	5	17	13	16	18	4	24	9	21	1	25	3	23	12	8	6	14	2
3630	12	16	4	3	10	7	1	21	19	23	24	17	9	8	5	22	25	2	11	13	15	18	6	20	14
3631	2	25	15	8	4	1	7	20	11	14	17	24	18	12	19	16	3	6	10	13	5	22	9	23	21
3632	7	4	5	14	8	21	17	3	24	15	2	6	16	11	12	19	20	10	18	13	25	22	1	23	9
3633	5	11	2	22	20	8	21	16	14	13	7	4	1	12	25	3	23	6	9	19	18	17	15	24	10
3634	9	8	20	13	19	2	21	17	3	22	18	16	10	15	7	5	1	4	12	14	24	11	25	6	23
3635	22	6	15	18	14	16	17	23	9	10	11	24	21	12	25	20	7	5	1	3	13	8	19	4	2
3636	1	17	6	18	21	9	15	7	11	8	19	3	2	22	4	20	12	16	5	23	14	13	25	24	10
3637	24	21	19	3	8	10	13	15	23	16	12	7	22	25	2	1	6	17	4	9	18	11	14	20	5
3638	3	7	12	5	23	22	10	15	16	11	8	25	1	2	24	13	9	19	20	4	14	6	18	17	21
3639	20	14	16	24	13	3	10	1	6	23	15	5	11	9	4	8	22	2	19	18	12	21	25	17	7
3640	19	24	10	22	6	11	2	14	3	1	13	4	23	7	18	5	25	17	8	9	21	12	20	16	15
3641	19	13	17	14	23	4	22	16	12	24	20	7	21	9	6	3	10	2	8	5	1	11	18	25	15
3642	14	23	7	3	22	25	9	5	1	16	24	18	12	19	8	15	17	4	10	2	13	21	6	20	11
3643	11	15	8	17	6	21	19	13	3	24	2	5	22	25	20	1	23	18	16	9	4	14	7	10	12
3644	17	3	12	5	9	7	23	4	14	16	22	8	11	19	18	1	21	24	15	10	13	20	2	25	6
3645	5	15	25	6	24	17	13	23	7	9	22	14	19	3	10	18	2	16	11	1	8	21	12	4	20
3646	5	18	13	1	24	11	21	10	2	17	6	15	12	3	7	22	9	23	20	19	25	16	14	4	8
3647	15	18	22	9	10	7	21	6	14	4	11	25	20	8	12	5	23	3	19	1	13	16	24	2	17
3648	2	23	19	12	20	11	13	9	4	24	1	22	10	15	21	8	17	7	16	3	18	6	5	25	14
3649	22	8	21	25	20	5	11	6	7	2	3	17	16	12	1	13	10	9	19	24	23	4	15	14	18
3650	19	12	1	14	25	24	15	17	23	6	8	22	9	7	2	16	4	13	11	20	10	3	5	18	21
3651	18	19	2	25	14	16	3	7	17	8	5	15	10	13	4	1	22	20	9	23	21	12	24	6	11
3652	6	18	2	10	8	4	15	24	20	11	19	7	21	9	13	16	25	23	22	17	12	1	5	14	3
3653	3	9	5	23	18	19	11	4	8	21	12	6	17	22	13	2	24	10	14	1	20	16	15	7	25
3654	19	15	11	12	9	1	14	17	8	6	16	23	24	5	20	10	21	2	7	25	3	22	13	4	18
3655	16	14	24	8	1	3	12	9	25	11	7	6	18	5	21	2	15	20	17	19	23	4	10	22	13
3656	24	11	16	12	17	23	2	4	9	22	18	5	1	13	15	6	8	14	20	10	25	19	3	7	21
3657	12	16	1	11	6	17	25	8	21	2	19	23	4	24	5	7	20	13	14	3	15	22	10	9	18
3658	25	19	22	16	5	14	4	6	10	2	15	12	21	11	7	23	1	3	8	20	24	17	13	9	18
3659	21	16	25	6	10	23	22	15	7	8	1	5	3	13	9	11	18	4	19	2	20	14	17	24	12
3660	18	20	4	17	15	14	23	22	25	8	6	19	16	9	5	11	3	2	12	21	7	1	10	24	13
3661	12	22	4	16	20	5	11	17	24	23	9	10	18	19	15	6	14	13	25	2	7	8	21	3	1
3662	7	10	5	16	2	12	9	4	21	14	24	3	11	18	8	15	20	19	17	13	1	22	25	6	23
3663	10	4	16	23	11	21	22	5	24	9	1	17	14	18	7	13	2	3	15	19	12	25	8	20	6
3664	9	18	4	19	17	13	21	24	1	23	5	14	3	8	7	16	20	15	6	10	22	12	25	2	11
3665	20	14	15	5	6	10	24	25	18	7	11	23	13	3	22	4	9	19	16	12	21	8	1	17	2
3666	12	5	11	7	4	14	2	1	10	18	20	9	23	25	16	22	24	13	8	6	19	3	21	17	15
3667	2	10	5	8	14	21	11	22	18	19	25	17	7	1	24	23	6	16	15	3	9	20	13	4	12
3668	8	6	15	2	24	17	7	21	1	25	11	9	5	23	10	12	3	16	20	22	19	18	14	4	13
3669	14	20	2	5	12	17	24	1	23	15	4	19	7	11	13	22	21	9	6	18	3	25	16	10	8
3670	21	1	22	15	6	16	20	25	7	11	19	13	4	2	17	24	10	9	5	18	3	12	8	23	14
3671	14	8	2	12	25	4	21	19	17	1	23	15	24	18	16	5	7	3	20	22	9	13	6	11	10
3672	9	5	15	23	22	3	10	20	6	13	1	24	2	19	8	11	4	18	12	21	7	16	14	17	25
3673	22	24	3	10	21	11	14	5	1	6	25	19	13	18	8	9	17	20	16	7	12	15	23	4	2
3674	4	2	6	24	8	14	19	7	21	20	1	17	25	11	5	15	23	3	16	22	12	9	13	18	10
3675	23	3	8	13	21	10	16	12	15	2	5	22	7	6	14	11	19	4	17	9	20	1	25	18	24
3676	11	6	17	8	23	12	7	25	16	21	4	20	9	14	18	2	19	10	22	24	15	5	1	13	3
3677	4	16	7	24	6	3	15	11	22	19	9	14	13	8	17	23	21	12	2	25	20	10	5	18	1
3678	5	2	19	11	23	12	24	16	13	15	6	1	17	14	20	8	10	18	21	7	9	4	22	3	25
3679	21	23	19	2	6	24	15	22	14	8	4	1	16	9	13	12	20	11	25	7	17	18	10	3	5
3680	7	1	6	14	16	11	24	21	19	23	22	12	25	2	9	10	17	18	8	15	4	20	5	13	3
3681	2	12	4	3	15	18	10	14	13	7	16	19	6	1	5	23	11	8	22	9	24	20	17	25	21
3682	23	14	4	1	17	15	19	2	9	24	20	25	3	11	7	10	18	12	22	6	21	8	16	5	13
3683	8	12	6	10	23	4	18	22	1	2	9	5	24	17	16	7	21	20	15	14	25	11	3	13	19
3684	18	17	25	3	23	6	14	1	11	4	12	8	19	15	24	7	9	16	22	5	13	21	10	20	2
3685	17	15	4	9	14	20	3	16	23	7	2	5	24	25	6	13	21	11	12	10	8	19	18	22	1
3686	6	25	18	8	24	9	3	1	10	7	12	15	23	14	5	2	17	11	22	21	4	16	13	19	20
3687	16	4	21	15	1	19	23	12	22	18	7	13	24	25	9	17	5	2	3	10	11	8	14	6	20
3688	8	4	2	7	1	15	24	17	10	6	18	16	13	21	11	19	9	3	20	5	12	22	25	23	14
3689	25	3	19	6	14	17	7	5	20	13	2	23	12	22	16	11	24	10	18	4	1	8	21	9	15
3690	23	3	7	17	1	22	14	9	24	21	13	12	6	15	19	10	16	25	8	20	11	5	2	18	4
3691	11	3	13	15	18	2	21	5	25	19	8	14	24	20	4	12	9	1	7	23	22	6	17	10	16
3692	20	5	22	14	10	18	23	24	12	8	11	25	2	21	13	3	19	7	4	9	17	15	6	16	1
3693	25	20	6	8	19	14	2	15	11	18	9	10	5	7	12	13	17	22	4	3	21	24	1	16	23
3694	18	5	17	2	14	6	21	11	15	1	7	20	19	25	23	24	10	4	12	9	3	13	8	22	16
3695	20	5	21	13	11	4	7	1	22	6	18	3	23	2	19	10	17	14	8	25	24	12	9	16	15
3696	19	5	22	23	7	2	20	21	12	25	1	13	4	10	8	11	16	15	3	14	24	6	9	17	18
3697	25	14	20	1	7	18	2	8	15	6	19	3	12	11	10	16	13	24	21	22	17	23	4	5	9
3698	5	9	25	10	14	3	8	2	24	15	6	12	23	13	7	16	11	1	17	21	20	22	19	18	4
3699	10	18	24	6	17	7	19	15	20	14	9	21	16	2	22	25	12	4	8	11	5	23	1	13	3
3700	25	23	1	4	18	24	6	3	13	7	11	14	17	2	5	22	12	20	16	21	19	10	9	15	8
3701	14	23	6	20	12	21	25	22	8	11	17	16	19	5	10	18	9	3	24	15	4	1	13	7	2
3702	23	16	18	10	14	2	12	6	20	3	5	19	9	8	25	11	13	15	24	4	1	21	7	22	17
3703	21	9	15	4	8	5	24	16	23	6	19	7	18	3	2	14	12	17	10	25	1	11	22	13	20
3704	22	5	7	3	20	18	8	11	23	17	21	9	10	13	25	1	16	2	14	15	4	6	24	12	19
3705	12	6	14	13	24	17	23	5	9	20	2	7	22	4	15	8	18	19	10	16	1	11	25	21	3
3706	10	18	9	7	8	24	11	20	22	21	3	23	4	13	12	15	19	6	17	5	16	2	1	25	14
3707	21	10	18	22	8	12	16	2	24	17	14	3	6	15	5	19	1	13	25	7	9	20	4	23	11
3708	2	6	21	5	24	17	25	11	23	7	13	15	16	1	4	3	12	8	19	20	18	9	10	22	14
3709	16	2	5	20	15	14	22	18	3	8	25	19	7	1	4	12	11	24	10	9	23	21	6	17	13
3710	11	17	23	3	24	12	9	7	6	8	16	4	15	1	19	22	10	20	2	14	5	25	18	21	13
3711	2	12	18	8	15	14	1	3	24	7	6	4	13	5	19	11	9	22	17	21	20	25	16	10	23
3712	6	11	25	3	15	13	22	9	16	4	7	18	20	14	12	10	5	24	1	17	23	2	19	8	21
3713	2	24	17	14	13	10	7	20	22	11	12	21	9	15	18	25	6	16	1	23	5	3	19	8	4
3714	11	20	17	5	19	18	4	15	12	6	25	14	8	7	16	9	2	22	24	13	23	3	1	10	21
3715	18	6	8	25	15	16	3	11	5	9	22	19	23	14	21	12	20	10	24	1	7	17	13	4	2
3716	18	21	7	13	15	10	5	8	17	20	2	6	23	25	9	4	12	3	24	16	22	11	19	14	1
3717	16	3	8	4	12	5	20	7	24	25	1	15	14	21	9	10	6	17	22	19	2	23	13	11	18
3718	24	22	15	7	18	9	25	19	2	5	17	6	16	10	13	8	21	11	1	12	3	20	23	4	14
3719	25	8	2	5	17	15	10	21	14	18	19	6	3	23	9	12	22	16	13	20	24	1	4	7	11
3720	18	23	17	21	2	25	7	10	14	11	9	1	5	16	19	22	13	6	12	24	20	15	4	8	3
3721	1	20	8	7	17	9	5	22	19	11	18	24	10	21	13	15	3	12	2	14	16	23	6	4	25
3722	24	2	4	8	13	15	21	17	1	19	22	20	10	11	3	16	6	18	23	5	7	25	12	9	14
3723	24	23	12	5	1	3	9	11	2	13	17	15	7	22	19	16	25	10	8	18	4	14	21	20	6
3724	14	13	24	4	25	16	8	1	23	2	18	11	5	17	21	6	20	22	19	9	10	3	7	12	15
3725	11	13	2	23	24	25	4	8	15	7	21	6	12	20	1	14	19	18	16	3	9	17	5	10	22
3726	13	21	20	3	24	6	5	9	22	1	19	12	15	4	7	10	8	16	2	25	11	23	18	14	17
3727	12	17	4	20	22	7	16	8	11	18	2	6	19	9	10	24	15	13	1	3	23	21	5	25	14
3728	11	10	1	9	24	3	5	8	7	2	22	16	6	4	19	12	15	13	20	21	14	18	23	17	25
3729	7	24	5	4	21	6	18	14	8	9	1	15	13	19	11	23	20	2	25	17	12	10	16	22	3
3730	17	15	5	8	20	6	22	10	2	4	12	9	19	3	14	7	23	1	11	21	18	16	25	24	13
3731	9	8	4	20	5	21	13	23	6	15	24	25	16	22	12	17	19	14	1	7	18	10	2	3	11
3732	20	16	25	1	9	12	17	5	22	6	3	14	24	23	21	4	18	19	2	8	11	15	13	7	10
3733	10	7	21	12	11	25	3	6	8	24	23	16	19	4	14	1	15	22	18	9	5	17	13	2	20
3734	18	13	21	6	14	9	2	5	23	12	8	1	16	24	22	7	20	3	25	19	4	17	11	15	10
3735	15	10	16	25	5	1	2	14	24	7	20	19	18	17	6	22	9	4	11	3	12	21	23	13	8
3736	10	16	5	11	25	9	18	12	19	3	23	21	6	17	15	22	4	13	24	20	1	2	7	14	8
3737	10	22	18	6	9	11	7	1	19	15	3	17	5	12	21	8	16	25	24	20	13	14	2	4	23
3738	8	24	2	22	21	11	18	3	17	25	23	9	19	15	12	5	16	1	13	10	4	7	14	6	20
3739	24	12	4	2	14	19	8	23	25	6	9	1	18	15	13	17	5	20	21	7	22	16	10	3	11
3740	22	13	10	9	4	12	16	20	11	24	18	8	2	15	3	21	23	7	5	17	14	1	19	6	25
3741	17	4	13	10	24	9	23	7	12	8	19	22	18	3	11	25	16	21	14	15	1	20	6	5	2
3742	7	2	1	12	21	14	17	4	3	13	8	25	20	19	18	6	10	15	22	24	11	16	9	23	5
3743	10	19	15	25	13	12	24	1	21	14	17	11	22	2	20	8	16	7	5	23	9	4	18	6	3
3744	9	8	15	21	23	19	2	14	16	17	25	1	24	20	3	11	13	10	7	18	4	5	6	12	22
3745	5	4	19	1	23	3	21	13	24	2	25	14	9	12	7	18	16	22	10	6	8	11	15	20	17
3746	8	2	12	16	17	13	9	7	24	21	18	25	15	22	23	10	5	3	14	1	4	6	19	20	11
3747	6	7	9	21	25	3	4	24	5	23	22	18	1	20	12	13	19	14	11	2	8	15	10	16	17
3748	19	23	20	17	14	22	13	5	6	1	4	8	9	25	18	21	15	7	24	12	16	2	3	11	10
3749	3	7	16	19	9	14	10	12	5	17	11	25	24	23	4	20	18	15	21	2	1	8	13	22	6
3750	19	2	4	11	1	18	21	6	3	9	16	8	22	12	23	17	14	5	24	13	7	20	15	25	10
3751	23	3	25	15	18	7	2	8	17	21	4	24	12	10	22	5	9	14	1	13	20	6	19	11	16
3752	13	12	4	10	2	6	18	1	19	25	21	24	11	22	16	3	14	17	23	8	15	5	9	20	7
3753	14	1	17	7	10	12	3	13	20	23	24	2	9	4	25	19	11	6	16	21	5	8	15	18	22
3754	19	1	14	5	13	20	9	15	25	11	2	22	8	24	16	23	21	3	12	17	6	10	7	4	18
3755	23	11	22	6	20	19	13	14	5	1	24	16	10	15	7	8	18	2	12	3	25	21	9	17	4
3756	21	23	19	8	18	5	7	17	20	13	3	24	4	25	2	14	6	11	10	15	1	22	12	9	16
3757	4	21	25	13	18	8	7	23	3	16	6	19	5	12	10	24	9	14	11	1	17	20	2	15	22
3758	14	4	17	10	2	22	5	19	12	7	1	15	20	21	13	3	16	9	6	23	18	8	11	24	25
3759	6	19	12	24	25	22	23	13	2	8	3	16	9	11	10	18	4	5	1	7	20	21	14	15	17
3760	22	1	23	20	10	18	14	7	6	25	5	15	2	13	8	17	3	11	4	21	12	19	16	24	9
3761	19	13	9	23	16	18	6	22	20	8	11	21	25	7	2	24	12	3	17	1	4	15	10	14	5
3762	2	10	8	18	14	4	9	23	3	22	17	5	25	21	1	13	11	24	15	16	6	7	12	19	20
3763	20	9	10	11	21	2	4	6	8	18	5	22	17	23	19	25	14	13	7	15	1	16	3	12	24
3764	19	10	20	7	17	5	25	18	9	12	13	8	4	14	2	24	3	23	16	1	21	22	6	15	11
3765	21	3	20	8	4	5	24	1	7	14	15	25	11	18	13	12	19	2	10	9	6	23	17	22	16
3766	20	24	7	13	1	17	10	6	16	18	12	15	25	4	21	11	9	14	3	23	2	19	22	5	8
3767	25	19	20	16	3	5	8	13	9	22	23	7	11	21	6	18	2	24	10	15	4	1	12	17	14
3768	19	24	11	12	5	13	10	20	8	18	6	3	23	22	1	15	14	7	2	16	17	4	21	25	9
3769	11	4	14	7	16	18	20	8	15	21	2	25	1	22	19	5	6	3	9	10	24	12	23	13	17
3770	6	24	9	20	19	7	5	4	12	21	16	17	22	11	10	13	8	2	25	3	18	23	14	15	1
3771	17	23	22	4	20	7	11	16	14	18	1	10	5	3	25	24	19	6	9	2	12	15	21	8	13
3772	14	22	25	19	6	8	24	1	3	2	11	15	4	10	13	5	7	20	23	17	16	9	21	12	18
3773	3	12	24	2	14	13	10	1	20	21	16	11	25	17	23	7	9	6	15	19	22	8	5	18	4
3774	5	17	8	19	20	23	22	6	10	7	4	3	1	2	12	15	25	18	14	16	21	13	9	24	11
3775	20	3	2	9	21	6	7	25	12	24	5	17	10	23	13	22	1	8	4	14	11	16	15	18	19
3776	17	9	4	19	10	3	12	11	14	6	23	15	24	25	20	18	8	2	7	5	13	1	16	22	21
3777	11	14	12	21	5	6	25	22	20	3	1	2	8	19	10	16	13	24	23	7	17	18	4	9	15
3778	7	5	9	25	23	10	15	17	13	12	11	1	22	19	14	2	4	21	16	6	3	24	8	20	18
3779	3	12	16	24	11	1	10	7	6	2	23	19	22	4	5	8	20	14	17	13	9	25	18	21	15
3780	7	3	1	19	17	9	14	2	12	18	15	5	25	11	21	24	23	10	22	6	8	20	16	4	13
3781	21	13	16	11	8	23	6	5	1	17	14	2	7	24	22	19	12	20	3	4	18	10	25	9	15
3782	16	4	22	9	24	7	17	13	12	19	6	18	21	15	23	20	2	3	1	11	25	10	8	5	14
3783	18	1	13	24	23	14	9	16	10	17	21	6	25	19	8	15	2	22	4	3	5	11	12	20	7
3784	14	20	11	12	1	16	18	19	24	21	13	15	5	6	7	23	22	4	8	9	2	17	10	3	25
3785	10	17	21	20	1	12	15	18	4	9	14	23	11	3	16	13	7	22	24	6	2	5	19	25	8
3786	2	4	8	9	14	19	15	16	13	1	5	18	10	21	20	11	24	22	17	23	7	6	12	25	3
3787	15	5	23	2	24	13	16	22	7	21	25	8	9	19	3	1	10	14	6	4	11	12	17	20	18
3788	5	6	10	15	24	12	25	3	9	18	11	4	20	14	8	13	1	2	21	16	19	7	17	22	23
3789	10	13	7	2	14	4	20	5	24	25	21	1	16	15	12	23	9	19	6	17	18	11	3	22	8
3790	22	3	14	13	15	5	18	17	23	12	4	10	9	21	24	2	1	25	6	19	20	11	7	8	16
3791	10	9	14	24	21	5	15	6	3	13	11	16	7	8	2	20	25	18	12	19	4	23	22	17	1
3792	21	13	12	23	3	2	14	4	22	7	24	10	19	6	5	8	15	18	16	11	25	1	20	9	17
3793	2	14	20	21	3	15	24	19	8	10	17	5	12	23	9	4	6	1	22	16	13	11	7	25	18
3794	23	19	1	5	13	21	12	7	9	6	22	10	15	2	8	14	16	18	24	25	11	3	17	4	20
3795	22	17	9	21	14	15	4	6	1	24	8	19	3	10	16	7	23	20	13	25	18	5	11	2	12
3796	13	15	10	2	8	22	21	17	20	5	12	11	18	3	16	7	14	4	25	6	24	19	23	1	9
3797	21	7	6	14	18	22	3	20	12	16	23	24	11	15	5	8	9	17	25	4	19	1	2	10	13
3798	19	2	4	1	14	23	11	17	3	15	7	5	8	20	18	22	10	25	9	16	13	12	6	21	24
3799	21	8	7	20	4	19	10	23	13	15	24	3	18	17	2	11	9	1	12	16	25	14	6	5	22
3800	12	1	5	23	19	6	8	24	7	13	21	10	17	15	25	14	11	16	3	18	22	2	20	4	9
3801	20	3	25	16	4	17	19	9	5	15	14	10	2	22	13	12	24	6	18	21	7	1	23	8	11
3802	19	11	1	8	10	17	23	9	18	15	13	2	4	25	3	7	6	24	22	21	5	14	20	16	12
3803	1	23	20	17	7	25	6	5	4	9	8	22	16	14	3	18	13	10	19	12	11	21	24	15	2
3804	20	2	13	9	22	3	19	18	5	1	16	10	7	17	8	12	24	15	4	11	25	23	21	6	14
3805	5	1	10	16	11	21	25	4	15	24	6	20	3	18	8	14	19	22	2	9	7	17	23	12	13
3806	9	15	1	2	13	25	16	24	17	6	5	18	11	10	23	3	4	19	20	21	14	22	8	12	7
3807	23	2	19	14	22	1	18	17	25	9	21	6	16	4	7	20	5	11	24	12	8	13	15	10	3
3808	8	22	1	14	2	12	17	18	4	7	24	13	20	16	19	3	6	5	21	9	11	23	10	25	15
3809	10	23	18	15	1	22	6	8	4	20	16	13	12	19	2	9	5	7	24	11	14	21	17	3	25
3810	2	10	13	12	8	4	22	16	19	20	14	11	6	9	23	25	21	3	24	1	18	5	7	15	17
3811	6	10	14	13	4	18	2	1	15	11	9	25	16	8	19	7	5	3	23	12	22	21	20	17	24
3812	6	9	13	19	5	16	25	24	3	20	15	12	21	17	14	7	8	1	22	23	4	10	2	11	18
3813	3	15	22	20	21	16	17	12	19	7	6	5	8	10	2	4	13	14	1	11	9	24	25	23	18
3814	3	5	14	17	20	1	18	12	19	4	6	16	23	21	24	22	10	7	8	25	9	13	11	15	2
3815	23	16	17	9	24	15	10	21	13	12	8	25	11	6	5	14	22	2	19	3	18	7	20	1	4
3816	16	11	21	10	3	22	13	2	4	7	12	23	5	15	9	19	25	6	1	14	8	20	17	18	24
3817	11	23	18	5	8	6	25	16	12	4	7	3	15	2	19	14	1	22	17	10	13	24	9	21	20
3818	11	1	22	12	5	18	19	20	16	4	8	21	24	7	25	3	2	10	15	13	23	17	14	6	9
3819	1	8	15	17	21	12	11	7	18	3	10	9	23	2	22	20	14	4	5	25	19	13	6	24	16
3820	24	2	21	10	5	23	1	9	25	4	11	17	12	13	6	22	7	8	20	14	18	16	19	15	3
3821	16	1	25	10	21	8	17	4	22	3	19	20	9	12	6	14	24	5	7	2	23	11	13	15	18
3822	13	1	5	23	22	15	16	17	21	25	12	11	19	8	7	10	6	18	9	4	14	20	3	24	2
3823	23	24	11	22	14	15	7	19	13	3	8	2	1	12	10	6	5	9	17	21	20	4	16	25	18
3824	9	14	6	4	23	7	13	11	20	12	3	8	22	17	15	19	21	1	10	25	24	16	5	2	18
3825	13	18	8	7	17	14	5	21	23	16	6	12	22	3	10	1	25	20	24	11	9	15	19	4	2
3826	11	22	16	18	21	7	4	14	12	25	10	8	1	19	2	20	24	17	5	13	9	3	15	23	6
3827	17	5	2	11	20	10	3	25	22	21	7	13	19	9	6	4	18	12	1	8	16	14	15	23	24
3828	20	7	22	19	11	17	1	6	8	10	15	25	2	5	3	24	9	14	4	23	21	13	16	18	12
3829	9	8	25	5	11	22	24	7	1	17	10	23	20	4	16	3	18	6	21	15	2	19	13	12	14
3830	15	22	6	7	2	23	18	11	12	5	10	8	13	14	1	20	24	25	21	16	19	4	3	17	9
3831	16	5	7	22	21	17	6	8	2	10	25	4	9	19	24	14	11	18	13	12	15	3	1	23	20
3832	4	21	7	3	18	24	8	16	11	23	9	15	12	14	13	5	19	10	1	2	22	20	17	6	25
3833	15	3	1	25	8	16	18	2	19	24	23	7	14	5	10	21	12	17	6	4	22	9	13	11	20
3834	24	23	5	20	6	21	1	8	16	22	10	13	18	25	15	9	17	3	11	19	14	7	2	4	12
3835	14	2	9	4	12	1	22	18	19	3	5	23	21	6	10	25	7	24	20	8	15	17	11	13	16
3836	7	4	1	19	8	17	12	18	24	21	20	10	2	14	11	3	16	15	9	23	25	6	22	13	5
3837	24	4	17	19	16	8	5	2	9	18	10	15	3	7	25	23	1	14	6	20	12	22	13	21	11
3838	10	12	25	18	4	15	1	23	24	19	3	7	11	2	6	9	16	17	21	8	13	14	5	22	20
3839	12	3	9	23	10	2	24	20	22	13	6	21	1	25	18	15	4	11	14	16	7	17	5	8	19
3840	22	10	5	19	20	13	18	16	25	3	15	1	4	11	2	12	21	6	7	24	8	14	9	23	17
3841	23	24	15	16	10	20	22	12	19	13	9	6	21	2	25	4	5	3	17	18	8	14	1	7	11
3842	21	8	22	2	16	10	13	19	15	18	11	12	6	20	1	24	25	17	3	5	23	7	9	14	4
3843	6	7	8	24	12	19	1	25	14	5	16	9	22	15	11	10	17	3	23	20	18	13	4	2	21
3844	25	2	15	24	21	12	10	8	3	9	23	4	5	16	19	7	17	18	22	11	1	14	13	20	6
3845	23	8	22	9	7	3	4	12	11	18	24	2	17	21	16	20	13	10	15	5	19	6	25	14	1
3846	18	3	9	13	4	5	21	16	22	15	1	10	20	17	7	25	14	6	24	19	23	12	2	8	11
3847	16	13	9	17	2	1	23	7	25	14	18	4	6	22	3	11	24	15	10	20	8	12	21	19	5
3848	12	2	20	1	19	3	7	24	10	13	11	4	6	22	21	23	15	17	9	14	18	16	5	25	8
3849	14	19	1	10	24	13	18	7	21	2	12	15	5	4	8	9	20	16	17	22	3	11	23	25	6
3850	19	13	12	25	20	18	17	8	22	7	2	9	15	24	14	4	21	16	6	1	3	11	10	5	23
3851	19	13	2	9	18	25	8	7	3	21	5	22	12	6	15	17	10	14	1	11	24	4	16	23	20
3852	15	7	21	18	25	13	4	6	16	14	10	20	1	9	19	22	2	24	5	3	17	12	11	8	23
3853	9	13	6	8	7	11	14	17	19	18	21	3	2	20	12	10	23	5	1	4	22	25	24	15	16
3854	5	12	22	20	24	17	19	7	18	15	9	6	11	4	16	2	13	10	21	25	8	1	3	14	23
3855	14	1	24	4	17	3	23	16	18	11	19	8	9	7	10	25	13	5	15	12	2	22	6	21	20
3856	20	3	4	13	22	8	16	10	23	9	12	21	19	5	11	25	1	7	24	6	2	17	14	18	15
3857	10	22	8	13	14	7	21	16	3	12	5	19	6	23	20	9	11	15	4	24	18	2	25	1	17
3858	4	20	5	18	11	15	10	21	24	12	17	3	8	13	9	6	14	22	16	2	1	25	23	19	7
3859	6	25	15	13	22	23	18	1	9	14	24	12	20	5	4	8	2	10	11	19	7	16	21	3	17
3860	4	10	12	19	1	13	11	17	18	22	6	23	2	3	24	16	20	14	8	21	15	25	5	7	9
3861	19	25	20	3	5	21	4	23	17	22	16	1	24	14	9	2	8	12	10	7	15	13	11	18	6
3862	9	7	3	24	11	22	25	21	12	15	10	16	4	5	8	1	18	20	19	2	23	6	14	13	17
3863	20	22	12	4	8	15	1	25	9	21	14	17	2	3	19	16	24	23	5	6	13	18	10	7	11
3864	7	24	5	21	18	20	22	13	19	6	2	23	14	9	8	15	12	4	16	11	1	17	25	10	3
3865	19	11	15	10	9	7	2	1	25	16	21	3	22	12	5	14	13	6	24	8	17	23	20	18	4
3866	19	6	8	21	3	2	5	17	13	1	9	14	23	20	11	24	16	25	22	7	4	10	15	12	18
3867	10	4	5	11	2	6	20	25	13	9	14	1	24	3	22	12	19	16	23	7	15	21	18	17	8
3868	5	13	17	24	7	6	16	3	9	2	21	8	10	11	25	15	1	14	20	12	18	19	22	4	23
3869	19	20	23	6	11	17	4	1	22	15	21	14	8	24	10	5	13	9	7	2	18	16	3	12	25
3870	12	2	1	4	19	16	8	22	18	17	10	9	15	24	21	25	20	6	13	3	23	14	7	11	5
3871	21	2	20	19	24	7	11	12	14	3	5	8	9	10	17	15	16	4	23	13	22	18	25	6	1
3872	15	17	12	22	25	18	7	4	3	5	10	20	13	16	9	6	11	2	24	8	19	14	23	21	1
3873	15	10	1	21	12	3	2	20	9	14	11	4	23	19	17	8	18	16	6	24	25	7	13	22	5
3874	25	23	15	21	9	17	20	24	3	4	19	13	16	12	18	7	6	14	8	2	1	5	11	22	10
3875	14	23	9	5	19	6	21	4	13	24	10	18	11	17	20	25	12	8	15	22	2	3	1	7	16
3876	16	11	18	8	13	7	9	25	10	2	15	22	12	19	3	23	6	5	17	20	21	1	24	4	14
3877	11	14	20	12	13	16	6	25	23	19	5	2	3	7	15	10	18	4	24	22	1	17	9	8	21
3878	1	20	9	7	10	2	21	4	24	18	8	15	25	17	14	23	19	3	13	22	6	12	16	5	11
3879	2	13	9	3	23	4	5	25	1	24	8	21	19	20	6	22	18	7	14	15	11	10	17	12	16
3880	11	5	22	24	25	1	9	3	17	14	16	21	10	6	8	18	20	15	12	13	2	4	7	19	23
3881	16	8	7	3	24	21	18	23	14	17	13	6	4	20	5	15	1	25	2	9	12	11	19	10	22
3882	3	12	10	5	15	8	24	13	1	17	20	23	25	4	7	18	16	9	14	11	6	22	2	21	19
3883	24	13	21	20	11	23	6	16	7	5	1	9	4	12	10	14	25	17	15	2	18	8	3	22	19
3884	18	5	24	1	25	13	2	19	15	8	6	9	11	20	16	22	10	4	3	23	14	17	7	21	12
3885	4	21	24	13	25	9	11	2	8	18	1	20	23	10	7	14	16	17	12	22	15	6	19	3	5
3886	7	17	18	20	16	4	3	21	1	6	25	13	8	5	15	11	19	23	14	24	12	22	10	9	2
3887	13	10	2	19	6	11	24	22	1	14	4	21	3	12	16	15	8	18	9	17	20	25	23	5	7
3888	17	2	12	8	5	13	25	3	23	9	1	14	6	16	20	21	24	18	15	22	11	7	10	19	4
3889	2	21	12	3	6	10	19	8	9	13	1	20	7	16	17	22	25	11	4	14	18	15	5	24	23
3890	15	17	7	21	9	14	11	1	18	20	5	6	8	3	25	16	10	13	23	12	24	19	22	4	2
3891	13	10	6	4	21	14	22	24	18	15	23	3	2	12	7	17	5	9	19	25	16	20	8	11	1
3892	18	20	23	12	2	5	25	4	6	7	21	9	19	22	3	1	14	8	10	17	15	11	16	13	24
3893	10	2	7	17	15	19	24	12	3	20	16	22	25	23	5	13	1	9	6	21	18	11	14	8	4
3894	5	16	18	13	6	1	10	7	17	12	2	20	25	4	11	3	21	23	8	22	19	9	15	14	24
3895	1	14	25	9	20	12	17	4	5	18	24	3	23	21	8	7	13	15	22	11	10	2	19	16	6
3896	10	22	21	12	19	9	18	13	5	4	20	24	14	25	7	8	23	17	2	11	1	15	6	3	16
3897	21	10	9	15	7	4	16	11	13	25	6	20	8	3	22	2	1	24	17	5	19	23	18	14	12
3898	13	9	10	11	3	8	7	21	25	2	12	14	6	23	17	19	22	1	18	24	15	20	4	16	5
3899	4	25	19	2	15	6	8	7	24	5	18	23	9	16	14	3	1	20	13	11	12	22	17	10	21
3900	21	8	2	7	9	5	17	25	6	20	15	13	22	16	23	4	1	11	14	10	12	18	3	19	24
3901	23	4	18	6	11	2	25	17	14	13	20	1	12	3	19	15	24	22	7	8	10	16	9	5	21
3902	17	4	21	9	1	22	19	2	13	14	18	23	25	16	7	20	8	10	11	3	5	6	24	15	12
3903	21	20	24	9	2	1	3	22	5	11	17	16	8	12	15	18	25	4	19	7	10	13	23	14	6
3904	23	6	19	1	7	10	2	21	17	9	8	5	15	25	11	16	18	22	4	12	13	3	24	14	20
3905	8	18	17	4	10	15	22	13	5	2	6	25	23	12	9	20	7	16	3	21	11	14	1	24	19
3906	23	1	20	10	21	12	16	7	2	4	14	19	25	5	9	18	13	3	15	22	6	11	24	17	8
3907	3	8	5	14	18	2	4	20	22	12	11	9	21	1	25	7	19	23	13	17	10	24	15	6	16
3908	15	6	5	17	8	23	18	11	20	13	24	14	1	19	3	2	22	4	12	10	7	9	21	25	16
3909	1	18	23	21	5	13	2	24	9	7	25	3	14	11	8	17	12	15	20	4	16	6	22	10	19
3910	19	20	23	1	2	13	22	12	7	25	15	11	6	8	4	16	18	17	5	24	3	21	14	10	9
3911	5	8	16	11	10	24	20	9	13	7	1	21	3	23	18	17	4	15	19	2	22	6	14	25	12
3912	20	15	23	5	12	25	3	7	1	6	9	14	19	8	24	10	17	4	21	16	13	2	11	22	18
3913	24	21	18	9	5	12	4	10	7	23	8	22	17	13	20	3	16	2	6	14	11	19	25	1	15
3914	1	2	23	20	5	16	19	18	12	7	3	22	4	25	14	11	10	6	24	17	13	15	9	8	21
3915	1	15	20	17	13	6	8	4	22	24	19	14	7	3	18	11	2	12	25	16	5	21	23	9	10
3916	18	16	13	12	9	6	20	21	11	23	7	8	4	10	17	3	2	25	19	15	1	14	24	22	5
3917	14	12	7	20	25	18	23	9	15	8	24	16	5	1	21	13	6	22	10	3	11	2	4	19	17
3918	19	10	11	22	1	4	17	5	3	18	12	25	20	16	6	9	14	21	23	7	24	13	15	8	2
3919	14	16	2	12	10	21	11	6	5	9	18	7	20	22	3	23	13	19	8	25	15	1	4	24	17
3920	14	3	19	11	8	6	18	24	13	16	9	25	22	17	1	23	5	15	20	21	7	12	10	2	4
3921	4	25	11	22	16	7	10	24	5	19	23	13	12	20	14	2	17	15	21	18	6	8	3	1	9
3922	13	25	4	14	22	6	23	12	21	8	20	2	15	5	17	16	11	7	1	3	24	18	19	9	10
3923	25	7	23	1	17	2	20	10	15	13	8	6	22	9	21	16	18	4	19	11	24	5	12	3	14
3924	10	2	6	24	5	9	4	1	25	18	3	17	15	7	22	21	11	16	20	12	8	23	14	13	19
3925	21	9	14	13	4	25	2	23	8	19	11	7	22	15	12	18	6	16	10	24	17	5	20	3	1
3926	24	18	14	20	22	11	3	10	25	17	16	8	13	1	21	6	19	7	15	9	23	2	5	4	12
3927	6	11	4	15	5	20	22	16	2	13	18	10	19	12	21	23	1	7	9	24	3	17	8	25	14
3928	23	4	3	6	20	24	16	9	14	15	7	25	10	2	12	17	8	5	19	13	1	21	22	11	18
3929	11	3	13	15	5	22	8	19	20	7	21	16	14	2	25	9	12	10	1	18	6	4	23	24	17
3930	21	5	14	20	11	13	25	1	16	10	18	6	23	4	7	12	17	19	9	2	8	22	3	24	15
3931	15	21	4	6	25	14	10	13	24	16	12	18	22	11	3	1	8	7	23	20	19	5	17	9	2
3932	20	23	21	24	11	6	13	17	10	22	4	16	25	1	8	7	15	14	18	2	5	12	3	9	19
3933	16	23	22	4	5	12	18	20	13	9	11	14	1	19	24	17	10	3	15	2	8	6	7	25	21
3934	11	24	3	16	22	14	18	7	4	21	10	17	2	1	12	20	5	8	15	23	25	9	6	13	19
3935	6	9	12	3	5	1	18	4	17	8	25	21	10	16	13	14	20	2	23	24	7	22	11	15	19
3936	12	17	16	23	24	4	3	8	21	6	25	19	22	15	11	20	1	13	10	18	7	9	5	14	2
3937	18	8	4	15	13	12	16	10	22	23	24	7	21	20	9	25	6	11	2	17	5	1	19	3	14
3938	1	23	21	17	12	3	25	6	10	13	9	7	22	15	24	20	2	18	16	19	11	4	8	5	14
3939	20	5	11	4	24	15	2	10	1	3	7	13	25	9	6	18	8	16	17	14	19	21	12	23	22
3940	14	20	10	23	17	5	2	15	24	25	18	13	9	22	19	4	8	11	6	7	21	1	16	3	12
3941	3	8	13	23	17	25	15	19	20	5	6	4	12	1	9	14	11	22	24	10	2	21	7	16	18
3942	25	1	16	8	21	14	12	24	20	5	15	17	4	19	18	11	10	6	22	23	13	2	3	7	9
3943	8	17	20	16	2	1	18	13	24	9	15	4	23	14	6	19	25	22	11	5	10	7	12	3	21
3944	21	11	3	24	19	17	1	15	18	2	25	10	16	12	22	13	20	4	6	5	14	9	23	8	7
3945	11	8	21	24	6	17	22	25	3	13	14	23	12	7	9	16	5	4	15	19	2	10	18	1	20
3946	25	3	8	23	14	7	12	4	1	17	9	20	21	15	24	2	13	22	10	6	11	5	19	18	16
3947	21	24	7	13	10	16	6	15	2	17	20	8	9	22	3	14	4	25	12	18	5	11	1	23	19
3948	22	13	6	25	10	21	12	16	15	17	14	11	20	4	1	3	8	23	9	18	2	5	7	24	19
3949	14	20	10	24	22	17	3	15	23	19	16	4	21	2	9	25	1	12	13	6	8	7	18	5	11
3950	20	5	22	8	23	3	10	14	11	1	7	9	18	17	2	12	16	13	6	24	21	25	15	4	19
3951	4	19	21	24	25	10	20	12	15	14	3	22	1	16	6	13	23	17	18	8	11	2	5	9	7
3952	13	18	9	10	17	14	23	20	12	21	3	7	24	1	6	11	19	4	25	15	2	8	16	5	22
3953	9	22	8	12	21	20	7	13	17	11	15	4	14	16	24	18	23	10	25	5	6	19	3	2	1
3954	10	8	21	2	9	3	17	12	5	22	13	16	15	1	24	25	4	14	20	6	7	23	18	19	11
3955	10	18	12	11	2	24	20	23	4	25	8	21	15	16	5	1	6	19	17	14	7	9	13	22	3
3956	20	24	6	22	5	8	21	1	2	3	18	17	25	23	11	13	4	7	16	12	19	10	9	15	14
3957	8	5	11	20	12	2	6	17	3	21	4	24	10	25	9	23	19	1	15	16	18	13	14	22	7
3958	17	14	5	6	3	18	24	23	9	8	16	12	4	21	10	13	19	1	11	7	25	2	20	22	15
3959	17	19	16	2	9	4	5	1	15	13	22	18	14	10	3	20	21	25	12	6	7	24	11	8	23
3960	20	22	12	25	6	5	14	24	19	1	3	10	23	7	11	16	17	2	21	8	15	4	18	13	9
3961	6	25	16	12	22	9	17	3	4	8	13	2	23	10	14	21	18	24	20	7	15	11	1	19	5
3962	6	12	11	22	17	18	9	24	21	19	20	5	2	13	4	25	8	23	3	7	10	14	16	15	1
3963	14	5	6	10	9	20	15	24	23	22	18	7	4	21	2	8	17	1	13	12	25	11	3	16	19
3964	20	12	1	6	5	14	16	17	9	7	15	8	22	21	19	23	24	10	3	18	4	2	13	25	11
3965	4	3	2	24	15	20	17	22	21	25	9	8	1	19	6	16	14	13	23	7	11	12	5	10	18
3966	18	23	19	22	2	16	17	6	9	1	20	15	3	14	5	13	25	10	11	7	12	4	8	24	21
3967	5	21	6	16	9	4	1	8	25	22	11	3	2	10	12	7	13	23	14	20	24	18	15	17	19
3968	13	1	9	25	20	11	2	7	12	23	10	4	15	6	17	16	18	24	8	19	21	14	5	22	3
3969	19	18	8	23	25	16	6	20	5	7	12	14	1	4	9	3	10	21	24	2	13	15	11	22	17
3970	15	16	20	9	17	5	6	22	8	14	23	4	12	7	19	3	2	1	11	13	18	10	25	24	21
3971	11	8	6	17	18	22	9	10	16	2	5	4	3	20	13	23	1	25	24	19	21	7	12	14	15
3972	25	21	18	2	4	13	15	22	9	10	17	3	16	19	12	6	7	23	8	1	14	20	5	24	11
3973	1	6	4	17	11	21	24	25	16	13	23	15	18	14	10	7	8	2	22	19	9	20	3	5	12
3974	9	12	18	17	21	4	3	14	16	5	2	22	19	11	20	1	15	10	24	23	25	8	7	6	13
3975	23	20	18	9	4	22	7	13	2	10	17	19	14	8	16	24	21	12	6	15	1	5	11	3	25
3976	10	12	8	19	4	6	7	13	14	11	17	16	23	3	15	18	9	20	2	21	1	24	22	5	25
3977	25	14	1	18	15	13	20	9	12	23	11	21	16	3	5	17	10	6	19	8	4	7	24	22	2
3978	22	4	10	25	6	15	12	3	19	16	17	11	21	20	9	18	13	14	5	23	1	7	24	8	2
3979	14	25	13	4	12	21	2	9	6	10	23	15	20	8	22	19	24	16	3	17	5	18	1	11	7
3980	6	22	24	11	21	9	19	18	14	1	13	15	25	23	10	4	2	20	16	3	7	8	12	17	5
3981	10	17	21	14	5	12	8	15	22	23	19	20	9	4	11	3	13	16	7	6	25	1	24	18	2
3982	13	21	23	25	6	24	10	4	12	9	18	1	15	5	20	17	16	8	14	3	19	7	22	2	11
3983	20	4	5	2	17	1	11	6	14	8	18	13	24	10	25	12	16	9	19	7	21	15	22	23	3
3984	12	24	13	20	5	21	8	6	11	10	4	1	23	17	14	16	9	18	19	25	3	2	22	7	15
3985	24	3	23	19	9	15	4	18	1	5	8	13	25	22	21	14	12	17	20	11	2	10	6	16	7
3986	17	14	12	6	23	4	24	20	25	22	8	2	15	16	21	19	13	5	10	9	3	18	7	1	11
3987	17	24	1	5	18	16	19	20	22	10	23	15	2	13	8	12	9	14	6	4	21	11	7	25	3
3988	5	3	24	17	16	4	22	8	13	12	10	25	20	21	19	18	15	11	9	2	7	6	14	23	1
3989	25	5	19	22	7	16	12	9	14	13	20	21	10	3	24	18	1	4	2	8	11	6	23	15	17
3990	2	8	14	15	25	20	12	9	22	13	11	4	5	10	6	16	21	3	19	24	18	7	17	23	1
3991	16	18	19	1	20	5	21	7	13	24	17	14	11	22	12	9	4	25	3	6	10	15	8	23	2
3992	11	2	3	12	16	13	23	22	5	18	17	9	10	20	25	15	24	8	21	1	4	6	7	14	19
3993	16	1	21	18	8	20	4	3	12	25	23	15	10	7	24	5	2	13	22	9	17	11	14	6	19
3994	4	21	11	9	15	25	6	24	3	14	17	20	12	13	2	18	5	22	16	10	7	23	19	1	8
3995	13	20	10	12	25	6	23	15	4	17	19	14	24	1	22	5	18	16	11	21	7	2	9	8	3
3996	21	14	23	13	22	19	17	12	7	3	9	25	2	10	15	24	5	4	11	16	8	1	20	6	18
3997	8	1	13	11	20	9	10	21	24	16	22	6	12	14	2	7	17	23	18	25	4	19	3	15	5
3998	10	5	23	1	7	16	21	22	18	17	24	20	3	14	15	2	13	6	4	19	12	25	11	8	9
3999	10	21	12	4	18	11	23	3	24	14	8	16	22	7	15	1	19	9	5	6	25	17	2	20	13
4000	5	10	15	9	20	18	24	6	21	12	19	17	16	3	13	7	25	8	2	1	4	14	23	11	22
4001	10	20	3	16	12	8	17	18	21	1	23	24	19	11	6	22	15	9	4	14	25	2	13	5	7
4002	23	22	20	10	16	11	8	14	9	13	6	5	25	18	2	3	17	21	19	12	4	15	1	7	24
4003	8	22	25	23	7	14	6	17	13	10	16	3	20	4	21	1	24	5	19	9	2	18	12	15	11
4004	7	23	3	17	22	8	12	1	24	5	25	19	14	4	15	9	11	13	6	16	10	2	18	21	20
4005	11	6	24	16	17	8	18	14	3	9	25	15	10	22	1	2	21	23	13	5	19	4	20	12	7
4006	13	9	23	2	7	17	16	5	1	11	20	22	4	6	8	3	25	15	24	18	14	19	12	21	10
4007	3	18	15	2	8	21	17	20	23	12	7	5	24	1	16	4	19	13	11	14	9	22	25	10	6
4008	6	1	8	11	5	21	3	12	18	4	10	25	9	7	22	17	15	13	23	24	2	20	19	14	16
4009	9	8	24	25	11	5	12	17	6	16	18	22	7	20	21	3	19	1	4	13	15	14	10	23	2
4010	15	2	14	6	12	4	13	17	23	16	19	22	7	21	18	10	5	1	11	9	25	3	20	24	8
4011	17	24	5	10	18	12	4	6	22	2	11	13	21	16	8	25	23	14	1	20	9	15	19	7	3
4012	13	22	14	3	21	6	19	2	7	12	1	10	25	24	5	8	4	17	20	9	15	11	18	16	23
4013	1	19	4	12	11	22	13	2	17	9	5	18	24	8	14	21	23	10	15	20	7	3	25	16	6
4014	14	13	18	3	16	21	23	7	1	15	5	24	10	25	22	4	17	6	9	8	12	19	11	20	2
4015	17	6	8	3	14	5	24	18	9	23	25	19	1	11	20	10	15	13	21	16	4	7	22	2	12
4016	23	18	9	22	21	3	4	19	14	7	6	12	13	17	24	11	15	8	10	1	20	2	16	25	5
4017	19	5	24	17	23	9	18	21	4	10	6	22	2	14	12	11	8	3	7	20	15	13	25	1	16
4018	16	13	21	6	25	1	22	23	8	14	15	10	19	2	20	17	5	7	3	24	11	4	18	12	9
4019	12	6	22	9	1	5	15	16	21	11	18	20	25	17	23	2	19	10	7	13	4	3	14	24	8
4020	19	2	23	7	3	24	10	22	8	14	21	15	4	25	17	20	9	1	13	12	5	16	11	6	18
4021	20	10	14	8	2	5	4	23	18	11	3	6	1	7	24	12	13	22	15	16	19	25	21	17	9
4022	24	17	21	14	1	19	22	5	10	3	8	11	2	18	4	7	12	9	6	13	23	25	20	16	15
4023	23	15	25	3	19	4	16	12	24	5	17	6	2	14	22	11	18	1	9	21	8	13	20	7	10
4024	23	25	15	17	19	3	14	20	1	4	12	24	9	6	8	10	13	2	21	22	18	5	7	16	11
4025	20	8	4	23	3	2	12	5	14	22	1	13	21	9	10	7	18	11	25	17	6	15	19	24	16
4026	2	17	6	10	3	25	19	8	21	23	11	15	5	12	20	7	14	9	22	16	1	24	13	18	4
4027	23	10	7	13	18	11	21	2	6	12	20	3	9	25	5	24	17	22	8	15	19	4	14	1	16
4028	4	20	11	7	14	15	10	1	5	6	17	18	2	8	23	3	9	22	25	12	24	21	13	19	16
4029	2	7	1	5	23	14	8	17	25	15	3	16	19	12	9	10	22	6	21	13	20	24	4	18	11
4030	19	12	5	10	11	15	21	9	1	14	4	6	18	17	13	24	22	2	23	20	25	7	3	8	16
4031	3	6	22	16	9	20	23	5	15	4	11	18	21	14	25	19	7	1	10	2	13	12	8	17	24
4032	9	20	17	25	24	6	15	19	10	5	2	8	22	11	18	3	13	16	23	4	21	14	7	12	1
4033	1	9	23	6	22	14	21	8	20	17	16	7	18	25	5	3	15	4	19	2	24	10	12	13	11
4034	21	6	1	11	3	25	24	17	9	22	13	7	10	12	23	20	14	5	2	8	19	15	4	18	16
4035	16	11	12	2	25	8	15	9	17	14	13	4	19	1	3	23	10	7	21	22	18	24	20	6	5
4036	23	3	25	21	10	14	9	4	15	22	5	2	20	24	11	7	16	13	8	12	1	18	6	17	19
4037	11	19	12	7	8	22	24	5	20	23	16	2	15	3	1	10	6	9	4	21	25	14	17	18	13
4038	10	2	18	13	11	12	6	17	4	14	1	3	24	8	9	7	22	23	15	19	25	16	21	5	20
4039	19	16	6	1	9	11	23	3	10	7	20	18	24	22	15	14	25	13	12	2	4	5	17	8	21
4040	9	23	5	3	25	24	13	19	21	20	4	16	17	11	14	22	6	2	15	7	8	10	18	1	12
4041	1	23	13	6	9	21	14	24	11	20	7	18	2	12	17	25	8	5	15	19	10	16	3	22	4
4042	14	1	20	9	16	11	6	12	15	13	17	18	2	22	4	25	23	19	10	24	8	7	3	5	21
4043	14	8	25	16	1	9	13	24	19	12	3	2	15	20	7	17	23	18	5	21	10	6	11	4	22
4044	14	13	1	3	24	18	4	25	20	16	15	2	23	5	8	7	17	6	19	10	11	12	22	21	9
4045	21	9	8	16	14	6	11	23	15	2	22	24	1	20	18	12	4	10	5	17	7	3	25	19	13
4046	19	11	13	5	2	4	12	18	24	3	8	23	14	17	1	22	16	6	21	10	20	9	25	7	15
4047	2	20	5	22	7	12	1	21	16	4	19	10	17	11	23	3	14	8	15	9	25	24	6	18	13
4048	18	13	2	16	4	21	9	25	24	20	11	14	1	6	10	12	17	19	5	7	15	22	3	8	23
4049	20	4	2	13	9	11	17	23	25	3	6	16	19	18	12	15	24	7	10	1	22	14	8	21	5
4050	2	10	1	4	9	7	22	16	11	25	23	5	6	3	19	8	17	20	14	15	24	21	13	12	18
4051	1	18	4	20	14	24	17	21	8	5	3	25	9	13	12	7	10	16	2	11	23	22	19	6	15
4052	7	20	25	19	4	13	6	18	14	16	12	3	17	22	2	23	11	24	8	1	5	10	21	9	15
4053	21	8	23	11	1	2	5	14	24	22	3	12	19	4	16	25	7	10	18	9	6	15	13	17	20
4054	5	4	2	10	3	8	14	6	24	20	1	11	25	15	13	19	18	9	17	7	23	21	16	22	12
4055	7	11	19	20	10	1	6	15	13	14	22	9	17	5	4	18	16	23	2	25	3	24	12	21	8
4056	2	16	5	8	7	21	3	23	15	13	10	14	4	9	22	20	25	1	18	19	6	24	17	12	11
4057	7	20	18	16	3	5	19	11	4	9	8	12	6	1	10	23	14	2	17	25	22	24	15	13	21
4058	9	11	22	17	5	6	16	14	3	15	2	21	18	8	10	13	12	23	4	7	19	1	24	25	20
4059	1	23	4	12	11	3	8	24	19	5	6	17	9	15	2	18	25	7	13	16	10	22	20	21	14
4060	20	3	7	16	6	12	8	19	2	18	22	14	21	25	13	1	5	17	4	24	9	23	10	11	15
4061	25	23	6	14	18	22	9	8	20	12	16	15	11	17	19	5	3	4	13	1	2	7	24	10	21
4062	21	20	17	16	24	3	2	22	25	12	15	11	5	4	10	23	6	13	1	14	9	18	8	7	19
4063	1	23	25	24	5	9	2	8	22	13	4	10	7	6	20	16	14	3	17	12	21	15	19	18	11
4064	1	5	18	14	11	6	7	22	12	19	10	20	23	13	16	17	4	15	21	24	3	25	9	2	8
4065	18	8	25	17	20	23	6	1	22	2	13	7	5	9	11	14	24	4	19	10	21	3	12	16	15
4066	10	6	14	9	25	19	12	21	4	24	8	18	5	16	15	1	13	2	7	22	11	17	23	20	3
4067	6	4	1	10	22	11	24	19	23	12	3	2	18	20	21	25	16	8	9	17	14	15	7	5	13
4068	1	11	12	3	20	14	17	5	24	9	22	15	21	19	2	25	13	18	7	16	8	6	10	4	23
4069	22	14	20	25	5	4	3	12	18	16	1	2	19	15	8	7	10	24	21	9	11	23	17	13	6
4070	22	23	16	14	25	13	1	12	7	9	10	21	11	2	8	20	19	17	4	5	18	3	6	15	24
4071	14	22	6	24	17	8	4	16	20	18	25	9	5	3	21	15	19	10	11	7	1	13	2	12	23
4072	4	2	12	18	22	9	13	14	24	11	19	3	25	16	8	20	23	1	17	6	21	15	10	7	5
4073	10	4	23	7	12	20	17	9	3	24	21	18	22	16	5	13	11	14	19	8	6	25	15	2	1
4074	14	10	16	19	1	17	3	13	25	12	20	7	24	2	9	21	23	5	8	6	22	18	4	11	15
4075	7	21	9	6	8	13	22	23	14	12	1	15	5	4	10	17	16	19	20	3	18	11	25	2	24
4076	15	11	9	16	23	5	12	25	19	10	18	21	3	6	20	1	22	24	7	13	17	4	8	14	2
4077	23	2	7	20	17	9	10	13	19	21	16	1	11	8	18	3	15	5	4	24	6	22	25	14	12
4078	9	13	5	20	21	1	3	18	11	2	6	23	8	12	14	16	22	15	7	25	17	24	19	4	10
4079	12	3	6	2	23	21	8	22	4	19	24	16	25	7	5	13	20	15	17	11	9	14	18	1	10
4080	21	14	3	22	5	4	2	11	13	7	23	1	9	17	18	6	16	8	24	20	10	25	19	12	15
4081	6	2	17	4	22	23	13	15	9	24	20	21	18	25	11	1	7	19	10	14	12	3	5	16	8
4082	15	19	6	13	12	3	11	18	10	9	23	2	4	24	14	7	22	21	1	25	5	20	8	16	17
4083	14	9	4	15	11	24	5	8	23	7	22	10	21	3	20	2	13	1	16	25	12	18	17	19	6
4084	22	14	21	12	13	6	3	19	18	20	4	25	7	9	10	11	8	16	2	1	23	5	15	17	24
4085	20	2	12	25	19	5	23	9	4	15	3	10	13	21	8	18	11	16	6	14	7	24	1	22	17
4086	12	7	22	6	18	24	19	21	1	8	23	2	20	25	14	4	9	5	13	17	3	11	10	15	16
4087	3	12	1	7	6	22	2	17	20	23	9	8	5	18	25	10	15	4	19	14	21	16	13	24	11
4088	16	14	12	13	25	10	5	6	11	22	7	15	20	3	18	9	23	1	17	4	24	2	19	8	21
4089	5	9	13	4	7	1	15	23	10	16	8	3	21	20	17	6	24	2	14	18	19	12	22	25	11
4090	23	3	6	19	12	14	21	2	9	24	4	22	11	5	20	13	7	18	17	8	1	25	16	15	10
4091	19	8	11	1	22	2	16	7	9	3	10	15	6	4	13	18	17	20	25	23	21	12	14	24	5
4092	12	7	16	8	4	6	23	25	24	20	15	2	3	11	14	13	10	22	17	9	1	21	5	18	19
4093	7	19	22	14	9	10	23	6	8	21	18	2	17	16	15	5	20	24	25	1	12	11	4	13	3
4094	15	12	2	23	8	7	5	4	25	16	11	17	18	1	6	10	22	14	3	24	21	13	9	19	20
4095	7	1	18	21	2	24	9	20	19	25	16	12	8	15	14	17	6	5	23	11	10	4	22	13	3
4096	1	19	16	12	13	21	14	25	4	6	23	8	10	2	24	9	18	5	3	20	11	7	22	17	15
4097	9	2	13	19	21	20	24	3	25	22	8	11	18	1	7	6	5	10	4	12	14	17	16	15	23
4098	11	7	1	25	5	3	6	18	8	10	15	9	4	21	16	17	22	12	20	19	2	13	24	23	14
4099	23	9	16	12	25	13	2	17	8	15	6	22	1	21	7	24	4	11	20	5	18	10	14	19	3
4100	20	16	23	1	15	19	9	2	12	13	14	24	22	11	7	5	8	18	25	10	6	21	17	3	4
4101	23	2	22	13	19	18	20	21	16	3	7	10	15	17	11	4	9	12	6	8	5	1	24	14	25
4102	23	5	1	8	24	19	2	10	14	13	9	7	4	3	21	20	15	11	22	25	16	18	17	6	12
4103	8	15	17	11	19	5	25	10	22	9	20	4	16	24	18	6	14	13	7	12	1	21	23	2	3
4104	17	9	15	6	5	25	16	21	3	13	11	7	14	18	24	19	22	20	23	12	4	1	10	8	2
4105	12	17	6	8	11	21	25	23	10	7	24	20	22	15	9	13	2	14	19	18	4	16	1	3	5
4106	7	6	20	22	19	21	8	17	1	2	25	10	14	3	4	5	16	9	12	23	11	24	18	15	13
4107	18	16	20	25	1	5	23	12	24	22	21	6	4	14	17	3	11	15	2	13	10	7	9	19	8
4108	12	21	14	17	5	10	7	3	22	16	24	23	13	20	11	8	18	25	9	2	19	4	1	6	15
4109	19	5	9	13	23	8	20	14	10	25	22	12	18	21	24	16	11	17	2	1	6	15	4	3	7
4110	20	10	17	3	12	18	19	4	2	25	16	11	22	1	6	8	7	21	23	9	13	14	5	15	24
4111	5	23	14	2	3	11	19	4	1	22	7	15	6	16	12	17	25	8	20	24	10	9	21	13	18
4112	7	10	8	20	9	2	18	11	19	17	13	25	3	5	14	15	6	4	24	1	22	16	12	23	21
4113	4	17	5	13	24	1	6	19	8	21	15	22	7	10	9	2	23	20	14	16	3	12	25	18	11
4114	9	8	23	22	21	19	24	25	12	18	20	7	3	1	4	11	14	16	6	2	13	10	15	5	17
4115	22	3	24	12	8	21	25	18	10	9	23	2	11	6	15	13	4	7	14	19	1	16	17	20	5
4116	22	2	12	6	23	5	20	8	13	21	17	25	11	7	1	10	4	3	24	18	16	19	14	9	15
4117	19	10	3	16	17	18	20	13	6	24	25	12	7	22	1	15	14	11	23	4	2	21	8	9	5
4118	8	25	16	13	1	5	23	14	12	3	17	9	22	6	10	19	24	15	7	4	18	21	11	20	2
4119	8	16	19	9	24	15	3	11	21	2	1	22	10	12	4	6	17	13	25	7	14	18	5	20	23
4120	13	21	11	15	24	9	8	6	20	16	17	25	10	19	2	14	4	1	22	23	3	18	5	7	12
4121	22	2	23	9	1	4	15	18	17	20	25	3	7	5	24	14	21	11	16	12	8	13	10	6	19
4122	25	11	12	4	9	17	14	3	21	18	24	7	5	10	23	19	13	20	1	16	6	8	22	2	15
4123	7	5	23	17	21	2	10	20	14	4	19	8	18	6	16	25	12	13	9	3	1	22	15	11	24
4124	19	17	12	15	22	23	14	2	4	9	6	20	1	3	18	7	8	11	13	10	16	21	24	5	25
4125	23	5	11	18	7	24	13	19	1	14	10	12	2	16	6	22	17	25	3	15	9	4	21	8	20
4126	10	13	17	3	19	20	22	21	5	15	16	24	4	9	23	12	8	2	6	14	25	18	11	1	7
4127	15	18	24	22	14	16	9	11	6	23	8	7	17	20	4	25	5	21	12	10	1	3	2	13	19
4128	7	21	8	22	5	14	9	2	4	3	16	10	17	11	12	18	6	15	20	1	19	13	24	25	23
4129	21	2	22	14	16	3	20	1	5	24	19	15	9	12	7	11	4	13	17	18	8	23	6	10	25
4130	8	11	21	20	13	23	2	7	12	6	10	1	9	16	18	19	5	14	24	25	3	4	17	22	15
4131	20	5	9	25	19	15	14	8	22	24	4	11	1	7	10	18	23	21	12	6	2	17	13	16	3
4132	17	16	23	10	6	19	5	25	20	14	22	9	13	15	4	3	1	11	18	24	12	21	7	2	8
4133	6	9	5	1	17	23	15	16	10	11	20	18	25	22	14	7	13	3	21	19	8	12	2	24	4
4134	22	7	4	5	14	24	13	1	25	11	15	17	3	21	16	23	10	2	6	9	8	12	18	20	19
4135	7	4	18	19	2	14	13	22	25	17	16	11	24	20	5	10	23	8	12	21	9	6	1	15	3
4136	8	25	1	17	2	4	13	21	6	18	23	11	22	14	10	12	9	5	24	3	7	19	15	16	20
4137	24	10	9	8	7	2	11	4	25	1	22	13	14	19	17	15	5	16	23	21	12	18	20	3	6
4138	1	13	25	14	6	19	8	11	5	23	3	2	9	7	16	20	10	4	15	17	24	22	18	12	21
4139	22	1	16	24	19	17	9	4	11	5	8	2	6	20	15	25	3	14	13	18	23	7	12	21	10
4140	23	2	15	10	1	4	19	8	17	25	20	9	24	11	14	21	12	22	3	18	6	16	7	13	5
4141	21	22	11	2	9	6	18	13	23	16	4	7	5	24	25	15	8	10	19	1	3	17	12	14	20
4142	6	20	2	8	3	25	21	4	14	24	15	18	9	7	1	23	19	11	22	17	13	12	16	5	10
4143	1	23	4	12	18	7	17	9	14	8	3	11	15	5	13	2	10	25	22	20	6	24	19	16	21
4144	15	16	24	9	1	12	3	18	23	14	10	19	5	11	20	22	21	13	8	4	25	6	17	2	7
4145	5	11	18	1	3	9	6	12	15	19	10	13	4	2	20	24	21	22	25	14	16	23	7	8	17
4146	14	24	25	23	1	8	5	4	19	18	2	12	9	7	16	13	17	20	21	3	11	6	10	15	22
4147	9	7	6	12	3	10	17	13	24	21	22	15	16	2	19	1	8	11	5	23	20	18	25	4	14
4148	10	9	17	13	8	18	2	23	15	24	1	3	7	14	5	4	22	6	21	12	11	19	16	20	25
4149	12	8	9	14	21	16	1	6	13	19	24	17	25	20	2	10	5	11	7	22	4	23	18	3	15
4150	3	6	15	11	16	5	10	22	25	4	8	20	14	19	7	9	13	24	12	21	2	23	1	17	18
4151	1	21	23	11	2	24	17	20	22	3	5	14	10	13	4	16	12	8	9	15	25	18	19	7	6
4152	12	20	17	16	19	11	22	10	24	23	8	13	25	2	18	6	7	14	1	5	9	15	3	4	21
4153	16	9	23	1	22	24	13	20	3	19	15	8	17	5	7	6	11	12	2	18	25	21	4	10	14
4154	3	18	1	10	13	11	6	12	4	16	19	21	20	2	5	25	8	24	23	15	17	22	9	7	14
4155	2	14	21	5	22	23	11	15	6	10	4	17	20	25	12	8	24	1	9	13	7	16	18	3	19
4156	9	21	14	15	24	5	6	12	25	10	20	19	3	22	13	2	11	16	4	8	18	1	23	17	7
4157	16	3	9	12	6	23	1	24	17	5	19	25	21	18	2	22	11	14	8	4	20	13	7	15	10
4158	7	24	8	21	22	16	3	14	6	9	2	20	18	17	19	12	13	15	25	23	4	5	1	10	11
4159	1	24	21	20	25	9	2	11	13	5	17	18	10	6	7	23	22	3	15	12	16	8	4	14	19
4160	12	25	4	2	5	22	8	14	19	18	6	13	15	1	3	17	21	16	10	9	23	20	7	24	11
4161	19	10	7	17	13	16	3	14	18	20	1	4	25	2	12	6	24	15	9	23	5	21	22	11	8
4162	15	18	4	24	12	10	2	23	17	13	19	3	16	11	8	22	9	20	6	14	7	25	1	5	21
4163	12	16	11	8	15	9	23	3	2	21	24	25	4	18	5	20	6	19	14	7	22	13	10	17	1
4164	15	8	25	11	18	22	5	7	3	10	23	16	9	20	14	2	1	6	4	19	21	24	13	17	12
4165	8	3	18	16	17	14	23	9	6	19	10	12	22	13	20	21	4	1	2	15	11	24	25	5	7
4166	18	23	3	25	8	12	1	14	19	13	6	5	21	17	10	15	11	7	22	24	16	2	4	9	20
4167	18	1	22	13	6	10	14	21	4	11	25	12	16	2	8	5	15	3	7	23	17	24	9	20	19
4168	21	5	2	12	22	4	24	11	15	14	6	20	10	8	25	7	17	19	3	13	18	23	16	1	9
4169	12	20	25	2	1	13	19	21	4	17	14	8	7	3	9	5	15	22	6	10	23	16	24	11	18
4170	7	11	8	19	16	21	2	10	9	1	4	25	22	12	17	20	13	14	3	15	5	18	23	24	6
4171	18	16	2	8	20	4	24	3	1	7	9	23	12	15	13	10	19	21	5	14	17	22	11	6	25
4172	17	19	4	14	10	7	6	2	11	12	21	9	24	23	1	13	16	22	3	5	20	18	8	15	25
4173	15	9	13	18	21	17	5	25	19	23	12	8	10	22	14	16	4	24	6	7	2	20	11	3	1
4174	4	8	20	7	18	22	21	1	3	2	23	9	11	5	15	24	13	17	19	12	6	25	16	14	10
4175	7	1	25	18	12	15	9	11	20	6	24	5	17	8	19	4	21	14	10	2	23	22	16	3	13
4176	12	17	3	14	4	22	16	5	7	15	9	19	23	1	20	11	2	18	13	21	24	10	25	6	8
4177	4	14	13	10	8	12	23	3	9	1	21	15	20	17	18	16	24	5	11	22	25	19	6	7	2
4178	18	14	22	13	9	17	15	3	5	11	24	6	23	10	8	19	16	12	1	4	21	25	2	20	7
4179	4	2	21	11	24	10	13	9	18	16	15	14	23	19	8	3	17	6	20	25	1	7	22	5	12
4180	16	24	12	9	13	3	11	17	23	8	6	20	4	2	21	14	18	1	22	5	19	15	10	25	7
4181	24	3	5	19	14	15	10	8	6	13	7	21	20	23	4	1	18	22	17	9	25	16	12	2	11
4182	17	23	5	10	8	15	3	9	12	16	4	20	2	18	7	1	21	25	19	11	13	24	6	14	22
4183	15	22	7	4	13	11	2	16	12	8	6	3	18	10	20	23	14	21	25	9	19	5	1	24	17
4184	20	3	2	16	15	1	6	10	18	5	12	14	9	23	8	24	11	25	21	17	4	22	13	7	19
4185	19	12	13	9	5	17	21	4	7	8	18	14	22	15	6	1	23	16	25	3	20	11	2	10	24
4186	4	3	10	11	20	12	25	13	21	2	15	19	22	6	8	1	14	18	17	9	5	7	23	16	24
4187	19	10	1	11	12	4	8	22	17	16	20	13	23	7	3	6	25	15	5	9	2	18	24	14	21
4188	11	19	24	15	4	14	2	8	23	12	7	9	16	6	18	25	10	21	5	3	1	17	13	20	22
4189	14	21	18	23	19	22	7	12	4	17	25	6	20	3	16	13	11	15	9	10	1	8	24	2	5
4190	22	13	17	19	11	23	6	15	4	25	5	10	12	1	16	14	18	24	8	21	20	7	2	9	3
4191	22	11	25	6	1	12	19	21	8	17	4	23	24	2	20	7	3	16	10	18	14	15	9	13	5
4192	19	24	14	3	25	11	12	7	15	6	18	16	23	20	9	21	10	22	17	2	1	5	4	13	8
4193	7	5	25	11	3	8	24	23	6	13	19	4	12	16	1	9	14	20	17	10	15	18	21	2	22
4194	14	10	17	2	23	18	13	12	1	6	11	24	16	3	20	22	4	9	8	5	15	25	19	7	21
4195	23	11	17	13	6	8	15	10	2	16	12	3	22	19	20	1	7	21	5	25	14	9	24	4	18
4196	18	3	1	17	7	24	20	4	21	8	9	19	25	10	13	11	12	23	14	5	22	6	16	2	15
4197	10	8	24	17	9	21	16	23	7	20	19	14	25	12	13	18	5	15	6	2	22	4	11	3	1
4198	22	23	20	15	2	11	8	9	21	10	17	24	1	25	3	7	19	18	13	5	4	14	16	6	12
4199	11	15	1	3	25	22	24	7	21	20	10	8	4	12	18	16	5	13	23	6	19	14	17	9	2
4200	10	13	1	12	11	5	25	20	23	15	9	2	7	14	22	16	17	18	4	19	3	24	8	6	21
4201	4	24	15	25	5	14	2	20	21	1	12	7	18	19	11	17	10	13	16	9	22	23	6	3	8
4202	10	17	11	7	20	6	19	12	9	2	8	4	1	25	14	18	5	21	24	23	13	22	15	3	16
4203	6	25	8	9	2	19	7	5	1	4	21	15	18	17	23	13	11	14	24	16	12	22	20	3	10
4204	16	22	7	1	9	11	19	12	13	23	21	10	3	24	17	5	18	8	15	25	2	4	14	20	6
4205	11	14	2	25	16	6	18	10	17	24	22	5	3	7	21	1	23	8	20	9	13	4	12	19	15
4206	24	10	22	21	18	11	7	2	23	14	13	20	12	15	19	16	25	3	4	9	5	1	6	8	17
4207	3	12	8	7	11	13	2	20	22	4	21	1	16	5	14	6	18	9	19	23	25	17	15	10	24
4208	8	5	6	10	19	18	3	25	4	16	2	9	12	20	17	23	15	1	24	21	22	11	7	14	13
4209	21	3	22	14	4	12	13	8	2	10	23	15	5	25	20	19	16	18	24	1	17	9	11	6	7
4210	25	7	10	1	13	20	16	21	24	9	15	4	19	11	6	17	8	14	12	5	22	18	3	2	23
4211	9	14	21	10	22	24	5	17	13	15	23	2	7	6	11	8	16	12	1	3	18	20	4	25	19
4212	11	10	2	5	8	23	9	15	24	17	13	21	22	12	14	20	19	6	18	1	25	4	16	3	7
4213	16	23	15	22	4	11	9	3	2	14	19	7	25	13	18	20	5	8	24	10	1	12	6	21	17
4214	22	11	9	10	20	8	18	17	1	24	14	15	3	25	7	16	13	21	5	6	4	23	2	19	12
4215	14	11	19	18	17	3	24	20	6	21	10	2	8	9	22	15	23	25	1	4	13	12	5	16	7
4216	20	5	12	21	24	7	1	14	10	11	17	13	22	2	6	8	15	9	23	19	4	3	25	18	16
4217	24	22	3	12	19	25	5	7	13	11	16	2	23	8	18	1	21	4	15	10	6	17	20	9	14
4218	10	22	7	16	9	17	21	2	18	13	20	8	5	19	4	23	25	6	11	14	15	3	24	1	12
4219	14	7	16	12	24	2	6	9	11	8	25	3	20	10	23	17	19	15	21	1	13	4	18	22	5
4220	16	6	17	10	7	21	3	14	4	18	8	19	12	2	24	15	5	25	23	9	13	1	20	11	22
4221	16	21	5	10	7	18	25	6	9	12	17	23	3	1	20	15	14	22	24	13	19	2	8	11	4
4222	16	21	11	10	19	23	7	9	22	18	24	13	5	4	2	14	3	25	1	20	12	8	17	6	15
4223	4	2	8	3	16	24	18	10	12	6	5	15	23	22	9	14	13	20	21	11	17	25	19	1	7
4224	25	14	22	1	17	15	6	3	12	9	24	23	2	7	16	13	4	5	20	21	8	11	10	19	18
4225	6	12	23	20	4	17	24	7	18	2	5	11	21	15	13	3	10	25	16	8	9	14	19	22	1
4226	1	23	3	11	13	25	16	5	24	10	19	12	22	21	4	17	20	15	8	2	9	18	14	7	6
4227	2	21	13	1	11	18	10	15	8	14	9	4	12	22	7	23	25	6	20	16	24	3	17	19	5
4228	1	6	19	25	5	8	24	18	10	2	21	23	13	16	7	9	14	11	12	4	22	17	20	3	15
4229	5	20	18	19	13	21	9	2	14	16	25	15	23	4	17	11	6	7	22	8	10	24	3	1	12
4230	1	11	6	23	16	12	24	18	4	13	17	21	9	15	3	22	2	25	10	5	19	14	20	7	8
4231	8	4	6	12	7	24	20	16	2	15	10	17	23	11	9	19	21	25	18	14	22	5	1	3	13
4232	25	14	1	22	6	4	7	13	21	15	10	17	3	18	5	2	19	16	9	20	8	23	24	12	11
4233	11	3	14	15	24	2	10	8	7	19	13	12	4	22	5	17	23	6	9	25	18	21	16	1	20
4234	16	25	21	24	19	17	9	15	5	6	3	2	7	22	12	18	10	13	20	1	11	4	8	23	14
4235	20	7	16	8	18	2	4	17	3	11	12	14	15	9	10	24	6	23	5	22	1	21	25	19	13
4236	18	24	23	22	4	7	20	9	16	14	17	15	6	3	1	19	25	13	2	5	10	12	21	8	11
4237	7	5	21	24	16	14	8	15	2	9	18	23	6	11	1	13	19	4	20	12	10	25	3	17	22
4238	13	10	20	4	14	18	9	2	23	3	15	5	11	25	12	22	17	19	8	21	7	24	16	1	6
4239	19	23	25	5	22	14	6	20	24	18	17	7	9	10	16	1	8	12	2	3	21	4	15	11	13
4240	18	15	10	20	11	5	6	23	12	24	14	25	21	17	2	22	3	16	8	1	9	7	4	19	13
4241	14	24	4	13	16	2	3	25	15	22	21	10	23	1	11	17	18	5	7	8	19	20	9	6	12
4242	13	3	18	22	4	16	24	21	15	20	8	23	1	6	19	10	7	12	9	11	14	2	25	17	5
4243	15	10	20	6	5	11	24	22	21	18	4	1	17	23	19	14	13	7	25	12	8	16	9	2	3
4244	13	14	25	22	23	24	1	9	6	8	7	21	19	2	3	16	5	11	10	12	20	15	17	4	18
4245	6	18	17	15	7	3	19	10	21	13	9	12	2	23	4	11	25	5	14	1	16	20	8	24	22
4246	18	8	23	14	10	2	11	19	20	15	13	21	4	24	16	25	6	22	12	17	5	7	9	1	3
4247	4	7	25	22	2	24	14	18	20	15	13	12	23	6	11	8	10	21	9	17	19	1	3	5	16
4248	12	2	10	11	1	23	22	5	18	25	19	14	13	20	6	15	7	17	24	16	8	4	21	9	3
4249	21	6	5	12	13	8	1	15	18	24	16	22	10	17	2	23	14	25	19	9	4	3	11	20	7
4250	3	21	1	17	23	8	22	7	20	2	4	12	9	15	24	18	13	11	19	6	14	10	5	16	25
4251	25	5	19	12	21	14	2	16	13	10	7	23	17	22	8	20	9	4	11	18	3	6	15	1	24
4252	10	21	11	7	22	9	18	1	5	3	12	2	4	20	16	13	24	14	17	25	23	19	15	8	6
4253	8	23	22	2	6	7	12	4	19	24	1	15	10	20	18	16	13	25	17	3	14	21	5	9	11
4254	16	24	21	12	3	19	14	18	20	7	6	17	15	11	13	8	25	22	1	23	9	5	10	2	4
4255	11	13	22	19	23	6	24	25	20	7	8	9	10	3	16	18	12	1	15	17	5	21	14	2	4
4256	2	6	21	17	7	9	19	8	20	25	23	14	10	16	12	13	22	5	15	3	24	11	1	18	4
4257	7	14	8	6	4	15	12	1	11	24	18	23	21	16	2	10	9	5	19	17	22	20	13	25	3
4258	8	16	21	3	15	2	25	4	12	5	6	11	13	22	14	10	7	1	23	9	17	24	18	20	19
4259	22	4	13	7	9	8	25	15	5	21	10	6	14	20	11	2	23	3	17	19	16	18	12	1	24
4260	5	22	12	8	21	19	13	17	15	25	7	3	2	16	9	24	4	6	20	14	11	10	23	18	1
4261	22	7	17	5	20	11	13	16	6	19	4	2	9	12	14	21	18	15	24	3	10	8	23	25	1
4262	9	6	13	23	24	17	11	4	25	1	18	10	22	20	15	5	2	7	8	16	14	12	21	3	19
4263	17	12	6	9	1	24	22	20	21	25	7	2	11	4	5	15	16	13	8	19	14	23	18	10	3
4264	11	21	13	6	7	10	19	22	1	3	25	8	20	5	16	12	14	15	24	17	2	18	4	23	9
4265	16	6	13	12	9	24	11	15	8	2	14	17	19	3	5	7	18	1	21	10	4	25	20	22	23
4266	14	15	12	11	3	2	1	18	16	24	17	23	8	21	19	6	4	10	20	5	22	7	25	13	9
4267	17	4	19	7	1	14	15	16	22	13	3	11	2	20	6	8	5	24	23	18	21	9	10	12	25
4268	25	16	17	14	6	7	22	23	4	1	3	19	13	24	8	20	12	15	11	21	5	18	9	10	2
4269	23	20	5	1	3	13	18	17	21	15	7	19	8	11	25	24	9	12	10	2	4	16	14	6	22
4270	11	17	5	4	16	12	20	25	10	8	9	19	7	14	24	18	22	3	1	15	6	2	23	13	21
4271	24	20	2	19	16	9	25	5	1	3	10	22	15	14	12	7	4	18	23	13	21	6	17	11	8
4272	15	2	19	8	24	23	11	17	13	9	3	5	7	16	22	1	12	25	20	18	14	6	4	10	21
4273	18	10	11	25	24	3	4	23	2	15	6	17	21	1	14	12	8	20	5	22	9	7	13	19	16
4274	21	13	9	10	20	11	7	25	4	24	2	22	18	16	1	19	23	14	6	8	3	15	5	17	12
4275	6	25	21	22	17	14	9	10	18	8	3	16	12	24	20	2	4	5	1	13	19	7	23	15	11
4276	25	16	11	23	12	20	19	10	1	17	13	22	7	24	2	21	6	18	3	14	5	9	4	15	8
4277	21	24	5	11	15	8	22	14	19	23	25	7	20	12	4	10	18	17	2	3	13	9	16	6	1
4278	21	4	23	3	8	20	25	6	2	16	5	18	12	19	15	22	7	11	10	24	13	1	17	9	14
4279	6	20	19	11	17	24	15	22	25	7	13	9	5	21	8	4	16	10	23	2	14	12	1	18	3
4280	9	21	10	22	1	15	20	19	23	5	11	7	18	24	6	14	4	25	2	16	13	17	8	12	3
4281	2	1	18	19	23	21	13	24	4	16	14	3	17	9	6	5	11	10	25	22	12	7	20	8	15
4282	22	8	12	17	11	9	6	23	2	15	5	13	16	19	25	18	3	4	10	24	14	7	1	21	20
4283	1	20	8	6	4	23	17	18	3	24	14	11	12	13	2	15	7	25	19	16	10	22	9	21	5
4284	3	9	2	19	13	24	23	15	12	25	5	7	22	1	8	20	18	17	14	10	4	6	16	21	11
4285	2	4	15	6	10	12	24	7	1	25	9	14	22	13	16	20	5	21	19	17	18	11	23	8	3
4286	15	10	19	13	16	3	9	8	23	12	14	22	11	2	5	25	6	7	1	20	24	21	4	18	17
4287	18	20	16	10	12	4	1	6	22	17	2	14	19	9	24	13	23	7	8	11	15	5	25	21	3
4288	19	1	5	17	3	12	2	13	24	16	22	11	8	4	15	6	23	14	9	21	18	7	10	25	20
4289	13	18	16	20	7	11	15	6	8	2	24	14	17	4	9	5	19	10	21	1	23	25	12	22	3
4290	23	21	17	1	10	18	11	24	15	2	12	7	16	13	22	25	9	3	5	6	4	8	14	20	19
4291	16	19	13	2	20	5	10	6	18	3	23	21	15	11	7	1	24	14	22	25	12	4	17	9	8
4292	11	22	18	8	21	20	17	15	12	13	1	19	24	4	10	25	9	5	14	3	7	6	2	23	16
4293	11	6	23	18	12	14	5	22	4	3	9	10	17	1	15	25	19	24	21	13	16	8	20	7	2
4294	24	19	15	4	11	20	12	14	6	9	16	2	1	10	18	22	7	3	5	21	17	8	13	25	23
4295	17	13	14	18	5	1	2	21	19	24	15	9	25	22	10	4	12	3	16	6	20	8	7	23	11
4296	20	1	4	11	13	2	19	25	10	7	18	5	3	17	22	9	12	16	21	24	15	8	6	23	14
4297	15	23	3	22	25	4	1	18	6	10	20	8	12	16	14	7	19	11	24	5	9	17	2	13	21
4298	19	12	25	16	18	4	23	1	10	14	11	15	7	8	21	24	6	5	22	13	20	2	9	17	3
4299	8	9	11	18	10	14	13	12	3	7	17	6	24	4	25	22	15	2	16	20	19	5	1	21	23
4300	11	9	5	24	25	19	4	3	20	21	17	15	13	12	14	6	1	23	16	2	18	8	7	22	10
4301	15	7	10	8	2	12	6	16	4	25	9	5	17	20	14	18	24	3	22	21	23	19	11	1	13
4302	12	22	16	7	9	2	14	10	24	5	8	1	13	20	23	19	4	18	25	21	6	17	15	11	3
4303	13	21	16	10	12	24	19	4	17	6	15	14	20	1	18	25	9	11	2	22	8	23	5	7	3
4304	4	12	6	20	15	17	13	18	1	19	5	11	23	22	21	24	3	25	2	10	16	7	9	8	14
4305	10	7	22	3	23	18	19	6	8	20	15	11	9	13	16	21	14	1	25	17	4	12	2	24	5
4306	4	9	10	23	2	22	12	8	17	14	7	13	16	1	11	3	21	5	6	15	18	25	20	19	24
4307	13	2	15	17	9	3	7	4	5	6	25	12	18	22	16	8	21	1	23	14	19	10	20	11	24
4308	24	14	15	23	7	21	19	10	13	5	2	18	6	9	20	8	1	25	16	4	11	22	3	12	17
4309	4	9	16	5	19	18	20	22	11	6	14	25	1	7	23	17	3	21	13	12	2	24	15	10	8
4310	10	15	6	2	21	7	14	25	4	16	1	22	24	13	18	9	8	5	17	23	19	20	11	12	3
4311	22	9	2	11	8	4	10	25	14	24	15	5	1	3	13	7	17	18	19	21	16	12	23	20	6
4312	23	18	10	17	21	8	6	2	24	4	12	7	16	15	9	13	1	22	3	11	14	20	5	25	19
4313	23	21	25	5	7	3	4	15	1	8	22	20	10	17	12	24	13	6	14	16	9	19	11	2	18
4314	18	15	21	10	7	14	12	17	19	9	6	3	22	24	8	1	5	4	2	16	13	23	11	25	20
4315	2	23	1	24	3	13	7	17	11	9	18	6	22	10	20	21	14	5	16	25	4	12	15	8	19
4316	4	16	11	2	17	13	24	23	3	12	18	6	10	9	19	14	8	21	20	25	7	1	15	22	5
4317	24	17	2	11	15	10	6	4	20	9	21	22	13	14	16	19	3	7	1	12	5	25	23	8	18
4318	5	2	3	6	14	22	16	12	24	23	7	4	25	20	9	21	15	19	10	18	17	13	11	1	8
4319	21	10	18	5	13	22	19	20	16	6	14	17	4	8	12	2	7	25	3	9	24	1	11	15	23
4320	23	2	9	7	12	1	19	20	5	11	22	16	3	8	17	4	13	10	21	18	25	24	15	14	6
4321	10	18	3	20	25	16	24	4	14	12	19	15	21	13	11	1	8	23	7	2	9	22	6	5	17
4322	2	11	20	6	12	3	18	24	16	13	21	17	15	9	5	8	25	19	10	23	22	14	7	1	4
4323	4	23	25	8	2	24	17	16	1	18	13	11	3	19	20	21	14	22	5	15	6	12	10	9	7
4324	24	15	17	6	7	4	20	5	10	21	8	14	12	9	2	18	1	19	3	23	16	11	13	22	25
4325	3	12	4	17	21	14	7	6	9	20	11	19	22	10	13	8	18	24	1	5	2	16	25	23	15
4326	17	6	5	11	18	19	20	21	25	22	23	15	12	16	8	13	9	1	4	24	2	3	10	14	7
4327	1	22	16	24	4	21	17	2	3	20	19	7	13	12	25	14	18	6	8	10	9	5	23	15	11
4328	21	20	14	11	9	19	13	8	17	5	22	12	4	3	6	1	2	15	10	24	25	7	23	16	18
4329	19	4	7	16	2	8	1	13	15	14	24	12	18	11	6	5	25	23	21	3	20	9	17	10	22
4330	11	18	7	23	8	6	10	16	1	20	25	14	3	24	5	9	13	22	4	12	19	21	17	2	15
4331	2	10	18	25	11	4	21	23	13	16	19	7	6	24	14	9	8	12	17	5	3	1	15	22	20
4332	2	21	1	8	4	9	5	19	10	17	18	16	11	24	15	25	14	13	6	23	22	7	20	12	3
4333	25	14	9	17	8	23	6	15	1	18	22	11	2	12	20	21	24	19	7	16	5	10	13	3	4
4334	2	13	16	18	25	10	7	21	11	4	19	24	9	20	5	1	23	3	14	12	8	15	17	6	22
4335	12	10	1	24	16	21	17	9	2	19	14	23	4	8	18	15	13	22	3	11	7	20	25	5	6
4336	9	2	10	15	12	16	20	19	1	5	21	23	18	7	6	14	25	24	11	22	13	17	3	8	4
4337	7	17	23	2	20	16	19	22	18	4	3	24	11	5	15	14	8	13	25	21	9	10	1	12	6
4338	2	21	17	6	3	16	7	13	24	8	22	19	23	4	11	5	10	1	14	15	18	9	20	12	25
4339	16	23	9	20	17	3	10	25	21	11	4	24	12	18	5	2	22	14	1	15	7	13	6	8	19
4340	14	16	23	24	10	11	9	15	22	13	12	8	1	20	19	17	2	6	21	25	5	4	18	7	3
4341	12	7	9	18	15	19	1	25	5	13	3	8	23	17	21	4	20	22	14	24	11	2	10	16	6
4342	23	13	12	19	24	16	4	10	1	20	17	14	8	22	18	25	5	6	11	2	21	7	15	3	9
4343	4	22	7	17	12	2	19	8	25	21	15	16	1	24	6	10	3	14	9	5	13	18	20	23	11
4344	20	25	4	1	18	15	22	23	12	16	13	8	7	5	14	6	17	11	10	2	9	3	19	24	21
4345	3	14	12	22	24	10	21	18	15	13	20	16	23	19	7	8	6	9	17	2	25	11	1	4	5
4346	22	21	5	20	24	6	12	15	14	13	19	1	16	17	11	2	9	8	7	25	4	10	23	3	18
4347	2	8	19	21	3	5	25	12	18	1	11	13	15	7	24	16	23	4	17	10	6	9	14	20	22
4348	4	2	5	16	10	20	9	23	25	12	13	7	14	3	21	19	11	22	1	18	24	6	15	8	17
4349	14	19	10	16	25	18	7	13	2	12	24	20	1	21	11	9	4	15	8	5	17	3	6	22	23
4350	8	24	16	5	15	2	4	10	7	21	25	20	17	1	6	19	9	11	23	13	3	18	14	22	12
4351	24	2	6	22	16	19	3	9	8	15	4	5	11	25	18	7	17	21	10	14	12	23	1	13	20
4352	6	21	12	4	2	14	19	16	22	3	7	20	8	5	18	25	1	23	24	11	9	17	13	10	15
4353	23	14	18	12	6	4	20	21	9	24	8	3	25	2	19	16	15	7	13	22	11	10	1	17	5
4354	23	25	18	20	13	12	6	24	19	21	14	8	17	16	11	10	5	9	2	3	4	22	15	1	7
4355	17	23	3	20	4	25	10	12	6	21	2	14	16	18	24	7	19	9	22	1	5	15	8	11	13
4356	21	24	3	2	25	11	19	5	20	14	15	13	22	18	1	17	9	7	16	4	6	8	23	12	10
4357	23	18	1	8	24	5	16	25	10	9	12	20	3	11	19	21	4	2	6	15	14	13	22	17	7
4358	5	16	2	3	15	1	8	7	14	25	20	18	4	6	10	23	17	22	19	13	12	9	24	21	11
4359	7	11	22	13	3	21	20	16	4	9	14	6	10	19	24	1	5	25	12	2	23	17	8	18	15
4360	18	11	14	9	2	3	16	15	19	10	5	23	8	22	7	21	20	6	24	13	1	4	17	25	12
4361	17	19	2	21	9	8	13	22	7	12	3	10	24	1	6	4	14	18	5	23	16	15	25	11	20
4362	23	14	9	2	15	1	10	11	7	13	16	3	6	24	5	20	4	18	8	25	21	17	19	12	22
4363	1	13	23	22	12	7	5	6	3	10	14	16	20	18	21	25	2	17	8	11	4	9	24	19	15
4364	5	4	17	10	7	2	18	21	16	19	1	25	15	20	23	12	13	6	24	3	22	14	11	9	8
4365	6	3	8	4	19	21	13	25	24	7	2	5	18	14	23	15	11	10	9	12	20	22	1	17	16
4366	6	25	9	16	11	13	24	22	17	14	4	20	5	15	2	1	19	3	10	18	7	23	8	12	21
4367	25	10	13	15	5	11	23	7	21	18	9	20	3	24	1	4	12	19	2	22	17	14	16	6	8
4368	19	6	7	20	13	21	16	17	10	23	22	25	8	5	14	4	3	24	9	12	1	11	18	2	15
4369	9	7	1	20	22	3	11	19	6	21	4	25	2	8	24	12	5	16	23	10	15	17	18	13	14
4370	9	24	1	6	14	2	25	15	20	19	4	3	11	13	12	5	21	23	18	17	16	22	8	10	7
4371	14	16	18	21	20	4	17	3	22	24	7	13	1	5	12	25	19	6	23	15	2	10	11	8	9
4372	22	15	12	20	10	13	5	11	2	16	9	6	24	25	19	17	8	7	23	14	4	1	18	21	3
4373	5	19	20	23	14	3	17	16	4	9	10	18	13	12	21	8	15	25	1	22	2	11	6	7	24
4374	2	22	17	21	6	4	9	15	5	25	8	23	24	20	16	3	7	18	11	1	14	10	12	19	13
4375	16	24	6	22	23	5	17	1	19	10	15	18	21	9	4	7	2	25	12	13	8	20	14	11	3
4376	22	3	7	6	12	19	8	16	13	15	2	1	25	10	4	5	11	20	21	9	14	24	18	23	17
4377	24	19	10	11	15	4	5	12	21	16	8	1	18	22	13	3	17	25	23	7	9	2	20	14	6
4378	9	8	16	19	24	10	1	18	2	7	14	11	6	3	21	20	12	4	15	17	23	13	5	22	25
4379	23	24	15	3	11	22	8	18	19	9	13	7	12	16	6	20	2	25	10	5	21	17	14	4	1
4380	13	12	6	7	8	18	10	21	1	23	9	24	16	3	17	20	22	5	19	2	4	15	14	25	11
4381	19	3	24	13	12	14	22	25	23	5	9	10	20	11	8	6	2	18	15	16	1	4	7	17	21
4382	20	19	3	10	24	6	7	2	23	17	13	1	8	5	16	11	22	4	15	14	21	25	12	18	9
4383	16	9	18	3	2	11	10	4	20	25	22	21	14	23	19	24	1	13	8	6	5	12	17	7	15
4384	17	6	15	11	22	3	5	19	16	25	18	7	12	21	9	14	13	24	4	8	23	20	10	2	1
4385	25	22	19	5	14	10	15	17	4	24	18	9	13	6	21	8	1	23	11	16	2	3	20	7	12
4386	2	24	14	10	23	3	7	9	16	5	20	15	17	18	19	4	21	11	6	8	25	1	12	13	22
4387	23	21	7	16	18	13	20	2	22	4	8	19	12	6	17	1	15	3	9	24	11	25	14	10	5
4388	6	8	19	3	22	24	15	9	18	17	2	5	13	12	7	21	20	16	4	14	23	11	1	10	25
4389	24	15	23	13	17	7	20	25	11	5	4	9	14	6	1	10	22	2	19	8	21	16	12	18	3
4390	13	15	10	4	17	12	25	24	23	21	5	20	14	9	22	16	8	6	1	2	7	19	3	11	18
4391	7	19	20	3	2	18	22	9	15	16	5	8	21	24	25	11	13	4	10	23	14	12	6	1	17
4392	15	12	23	6	18	11	24	17	19	20	7	21	5	9	2	16	3	10	25	13	4	14	8	22	1
4393	23	10	7	2	4	5	20	12	13	19	22	9	17	3	14	15	8	25	1	11	6	16	21	24	18
4394	18	19	1	17	23	20	15	5	12	22	25	4	14	24	9	6	8	7	13	2	21	11	10	16	3
4395	4	9	1	3	25	16	6	12	10	5	11	24	21	13	18	22	15	20	19	17	23	7	2	14	8
4396	8	9	7	15	11	10	22	14	23	21	19	2	24	13	4	6	25	5	18	3	17	1	12	16	20
4397	13	3	6	7	25	11	1	5	23	12	15	4	19	20	24	16	10	8	22	21	14	9	17	2	18
4398	22	11	8	13	10	16	21	12	4	7	17	23	18	24	19	5	6	2	14	3	20	25	1	15	9
4399	7	10	16	2	6	5	9	3	24	19	20	13	18	12	23	4	21	1	25	8	14	15	22	17	11
4400	21	1	11	23	6	15	10	20	3	14	18	19	4	5	8	12	16	13	22	9	7	2	25	24	17
4401	13	6	10	25	21	7	2	11	22	8	12	23	14	15	16	9	19	1	3	5	18	20	4	24	17
4402	2	20	3	14	5	4	16	8	17	9	7	15	13	21	18	24	6	1	19	11	10	25	12	22	23
4403	8	14	15	24	4	1	13	18	22	12	2	16	10	19	6	11	3	17	7	20	23	5	9	25	21
4404	3	18	13	22	15	11	12	17	6	10	8	9	24	20	14	16	7	1	23	4	21	2	5	25	19
4405	13	11	6	17	7	16	10	22	21	1	24	20	2	23	14	3	18	25	12	4	8	9	19	15	5
4406	22	24	7	21	5	4	6	12	23	18	8	11	14	19	17	15	9	1	10	13	20	16	2	3	25
4407	23	10	21	11	22	25	20	1	13	9	14	4	6	12	19	3	2	7	8	17	5	15	18	16	24
4408	17	12	23	6	1	22	3	16	11	4	19	10	25	20	14	7	9	2	18	5	13	15	24	21	8
4409	17	20	24	23	9	25	2	10	7	13	12	19	15	21	1	5	3	11	8	16	6	14	22	4	18
4410	12	9	11	25	3	5	22	6	14	17	2	19	4	20	18	23	16	21	7	24	15	8	1	10	13
4411	1	10	8	5	18	12	6	2	25	11	19	4	7	24	15	20	21	16	3	9	14	17	13	22	23
4412	10	1	2	5	4	18	3	23	17	8	20	7	24	16	12	11	9	6	25	14	13	22	21	15	19
4413	13	4	6	17	14	25	22	10	12	9	24	11	7	21	2	20	23	8	5	1	18	15	16	19	3
4414	25	23	19	22	15	20	18	24	9	13	21	6	8	1	7	3	11	2	4	17	16	10	12	14	5
4415	3	25	6	21	18	17	13	7	20	4	8	23	19	1	22	14	15	11	16	2	24	5	9	10	12
4416	4	14	16	9	20	3	18	13	8	15	21	5	24	25	19	11	23	22	7	17	2	12	10	1	6
4417	7	4	2	11	9	8	10	12	5	21	18	24	23	13	25	16	17	14	6	22	3	15	1	19	20
4418	1	9	25	5	13	22	19	18	3	14	7	11	15	16	12	2	21	23	8	4	17	24	6	10	20
4419	20	17	19	5	12	16	3	14	10	9	24	22	11	7	18	21	23	8	25	6	2	15	4	13	1
4420	17	6	25	18	22	19	16	10	13	14	23	12	7	21	15	11	24	4	2	9	1	8	5	3	20
4421	24	20	23	8	10	1	3	2	21	7	4	22	19	17	12	5	13	9	25	16	6	14	18	11	15
4422	12	19	14	24	4	6	18	11	22	17	1	3	21	23	25	8	16	10	5	20	2	15	7	9	13
4423	10	11	22	6	8	13	20	15	24	2	9	3	18	21	5	23	4	25	19	16	7	17	14	12	1
4424	6	18	9	13	8	5	25	19	2	24	22	7	10	3	11	1	17	14	21	23	16	20	4	12	15
4425	21	25	13	19	9	2	16	11	12	17	3	18	15	7	22	20	1	8	10	14	4	23	6	5	24
4426	19	12	10	1	3	15	17	8	14	23	24	9	5	18	21	6	7	2	22	4	20	25	16	13	11
4427	7	16	23	22	11	18	6	2	12	20	21	10	24	19	8	1	17	9	5	3	14	4	13	25	15
4428	25	14	22	3	18	17	16	15	11	2	4	9	24	8	7	1	12	19	10	6	5	21	23	20	13
4429	13	20	11	24	4	18	19	14	1	25	9	22	15	17	23	6	8	2	5	3	16	21	7	12	10
4430	10	24	25	19	3	23	16	11	1	6	17	21	22	4	5	9	8	15	20	12	18	14	2	13	7
4431	5	16	20	8	4	13	24	23	14	11	3	12	9	21	7	6	10	1	22	15	25	17	19	2	18
4432	4	2	20	14	9	13	1	23	10	16	7	3	18	21	24	19	12	11	6	15	17	25	22	5	8
4433	24	12	16	7	21	22	4	1	17	19	14	20	18	5	3	2	11	15	25	8	6	10	23	9	13
4434	22	3	4	13	1	12	6	10	24	23	15	20	9	21	25	2	17	11	8	18	14	5	7	19	16
4435	9	10	12	14	6	3	19	17	24	5	18	20	25	16	8	2	22	21	11	13	1	4	15	23	7
4436	4	17	2	8	18	20	9	7	5	19	14	13	16	24	11	25	6	3	22	1	15	10	12	23	21
4437	13	21	22	18	24	11	15	3	5	6	8	10	23	1	12	25	19	7	9	2	14	4	20	17	16
4438	6	1	17	4	19	9	8	24	22	15	10	23	14	5	20	12	3	11	2	21	13	16	25	7	18
4439	8	2	11	1	14	15	5	23	10	17	7	12	13	20	22	6	21	19	25	18	9	24	3	4	16
4440	13	8	12	14	5	2	3	15	9	7	24	4	16	21	23	18	25	6	11	20	19	17	10	22	1
4441	16	23	14	6	3	10	21	8	7	19	25	9	20	11	24	1	12	18	5	13	22	2	15	17	4
4442	3	8	11	25	21	6	17	2	1	14	13	20	22	15	7	16	19	4	12	10	23	9	24	18	5
4443	24	3	5	1	21	11	6	23	10	4	8	7	19	15	22	2	20	18	13	9	14	17	25	16	12
4444	3	11	21	14	25	24	10	8	6	12	5	7	15	22	4	18	9	16	2	20	13	23	19	1	17
4445	20	22	10	1	25	11	12	16	3	4	5	15	17	18	2	21	8	24	14	9	19	7	23	6	13
4446	22	11	19	10	7	2	5	20	9	14	3	12	21	4	13	8	23	15	24	25	1	17	6	16	18
4447	5	7	18	4	15	21	12	24	1	16	9	17	13	25	20	19	2	6	22	10	3	8	14	11	23
4448	5	1	7	2	25	19	23	11	21	3	17	6	12	13	9	4	22	18	10	15	20	24	14	8	16
4449	7	10	21	3	23	22	6	17	13	24	8	14	2	9	25	19	15	16	11	20	1	18	12	4	5
4450	21	24	22	15	13	20	2	6	19	14	10	7	12	9	4	16	3	11	8	23	1	18	5	17	25
4451	20	18	24	16	10	22	1	12	14	17	13	11	4	23	7	25	3	21	9	5	8	15	2	6	19
4452	4	2	13	12	24	3	8	18	16	1	14	20	6	19	5	23	21	7	10	22	17	11	15	25	9
4453	3	16	18	24	8	19	7	17	10	22	5	12	13	20	6	23	1	14	11	9	21	4	25	15	2
4454	19	23	17	1	8	7	2	25	15	4	18	9	16	3	20	11	14	22	5	24	12	6	21	10	13
4455	14	15	19	11	1	10	20	18	5	21	4	17	3	13	23	16	12	8	9	25	2	6	7	22	24
4456	23	17	12	11	1	14	24	16	19	15	21	7	5	4	13	18	9	10	3	6	22	2	20	25	8
4457	21	5	18	10	7	16	2	24	8	11	15	20	25	23	4	6	22	19	14	9	3	17	1	12	13
4458	6	25	24	21	1	3	23	18	9	14	19	4	15	5	12	17	11	7	8	16	20	22	13	2	10
4459	1	21	24	17	9	3	18	5	16	15	2	6	12	8	22	25	10	11	19	14	13	23	7	4	20
4460	24	22	20	16	3	12	4	9	25	14	15	8	21	7	1	19	5	18	2	23	10	17	6	11	13
4461	15	18	25	6	5	7	23	22	4	2	10	8	14	13	24	11	3	12	17	19	20	21	1	16	9
4462	10	21	20	14	22	5	9	24	6	7	4	12	1	16	11	19	18	3	25	13	8	15	17	2	23
4463	4	17	6	15	13	21	16	25	1	14	24	2	5	20	12	9	8	7	11	3	10	18	19	23	22
4464	6	8	18	25	12	21	17	4	9	19	7	22	24	23	2	11	5	20	15	3	16	10	1	14	13
4465	2	18	6	24	9	10	21	12	13	1	22	7	14	15	5	19	4	20	17	25	11	8	23	16	3
4466	2	19	14	1	24	23	3	12	6	4	20	21	7	9	5	18	25	11	10	15	22	17	16	13	8
4467	1	25	4	14	5	12	2	17	23	8	18	6	16	11	3	10	22	24	7	15	20	13	9	19	21
4468	21	8	13	6	24	17	9	5	4	18	14	7	23	11	2	25	10	20	22	3	1	12	15	19	16
4469	18	14	19	23	15	24	16	2	1	22	12	9	8	5	17	3	6	20	7	10	25	11	21	4	13
4470	25	19	13	9	2	12	8	16	18	21	15	6	11	14	3	22	4	5	17	10	7	23	1	20	24
4471	14	7	23	15	13	6	12	8	1	19	2	5	17	16	18	25	20	24	21	11	22	10	3	4	9
4472	14	16	11	20	12	17	25	18	8	21	22	24	7	19	3	9	15	4	2	13	1	5	23	10	6
4473	7	3	12	10	25	24	19	13	21	15	22	17	5	18	14	1	8	20	9	11	16	2	4	23	6
4474	15	25	1	19	14	21	20	18	11	7	4	13	8	24	17	12	3	16	6	5	10	23	9	2	22
4475	16	21	1	19	9	13	12	5	24	18	7	23	10	3	8	15	25	22	17	11	4	20	14	2	6
4476	19	1	8	14	17	18	22	23	11	16	13	24	2	12	21	15	25	9	7	4	20	6	3	5	10
4477	11	21	5	8	19	22	4	9	13	20	25	2	23	3	17	14	7	16	1	24	18	6	10	12	15
4478	14	24	11	12	17	1	13	22	2	8	21	16	5	15	4	10	7	19	9	25	20	6	3	18	23
4479	21	16	12	3	25	22	18	13	9	23	20	10	6	8	15	14	5	7	17	11	19	2	24	1	4
4480	12	6	5	23	4	8	17	15	11	10	7	2	22	3	20	13	16	25	1	21	18	14	24	19	9
4481	6	23	7	2	1	21	16	11	20	14	18	13	24	9	19	25	10	22	8	17	4	3	12	15	5
4482	21	20	11	19	24	17	18	14	4	8	22	1	25	5	6	9	12	23	15	2	10	16	13	7	3
4483	1	6	4	8	19	15	18	14	16	23	12	24	11	2	10	7	20	25	22	21	13	17	5	9	3
4484	10	20	24	22	3	17	1	15	9	11	7	16	18	6	2	25	23	13	19	21	8	5	12	4	14
4485	20	23	2	19	21	7	22	10	16	9	1	6	25	11	14	15	13	17	12	18	8	4	24	3	5
4486	20	8	24	19	14	1	21	9	10	25	2	22	7	16	17	6	15	3	18	5	11	12	13	23	4
4487	8	12	23	24	21	9	25	17	5	18	3	7	4	10	6	14	20	2	1	19	22	11	13	16	15
4488	17	12	25	5	13	9	15	14	16	20	2	11	10	8	19	6	21	3	24	23	18	7	1	22	4
4489	22	25	13	11	9	17	18	12	2	7	16	4	3	21	1	19	10	23	8	6	14	20	24	5	15
4490	15	18	17	13	6	10	11	22	12	25	21	16	19	5	20	1	14	3	24	8	4	2	23	9	7
4491	10	9	6	21	14	19	15	20	25	16	18	1	11	24	12	13	8	23	2	4	7	22	5	3	17
4492	9	13	11	23	4	14	8	19	22	5	15	20	25	3	2	12	18	7	1	21	16	17	24	10	6
4493	3	21	7	13	25	19	2	18	16	10	12	14	1	8	15	11	22	23	4	20	17	5	9	6	24
4494	22	25	12	14	5	3	11	19	15	16	4	24	7	13	10	17	18	8	20	21	9	6	2	23	1
4495	1	19	8	12	4	5	9	20	24	6	16	23	22	3	21	7	25	14	2	17	11	13	10	18	15
4496	7	18	5	16	9	23	15	10	22	4	17	8	24	20	14	21	19	3	12	1	2	13	25	6	11
4497	6	8	24	10	22	14	3	4	7	21	9	15	2	18	13	5	23	20	25	11	12	16	1	17	19
4498	14	9	24	22	16	4	10	6	7	19	13	2	21	11	20	17	1	8	12	15	5	18	23	25	3
4499	16	1	6	5	21	23	18	17	24	14	22	19	2	7	25	8	13	4	11	12	15	10	9	3	20
4500	11	21	4	6	18	13	8	17	10	16	1	19	7	22	2	3	15	14	5	12	25	9	20	23	24
4501	10	21	2	17	5	4	15	1	6	12	7	25	13	8	18	16	23	14	20	11	9	24	3	19	22
4502	5	9	19	24	13	10	14	2	17	6	4	8	7	18	20	23	21	12	1	25	3	22	15	11	16
4503	9	12	14	16	21	3	23	7	15	10	13	2	4	24	5	8	18	6	1	19	17	20	22	25	11
4504	21	9	14	24	20	4	2	18	5	17	13	15	12	1	23	6	7	25	22	10	8	3	11	16	19
4505	14	16	8	9	5	23	24	11	2	4	17	18	20	6	1	10	3	7	19	22	25	13	12	21	15
4506	17	13	9	11	16	21	25	19	2	4	12	8	1	23	20	6	22	5	10	3	15	18	7	24	14
4507	12	2	23	18	16	19	10	4	9	14	24	3	6	20	13	1	25	15	8	22	21	11	5	17	7
4508	2	4	16	12	9	13	24	20	8	14	7	3	1	22	25	6	15	21	11	17	5	10	18	23	19
4509	5	8	3	15	16	14	4	11	12	18	13	19	6	17	21	9	22	1	10	24	25	2	23	20	7
4510	6	18	24	4	11	16	25	5	22	7	21	3	23	14	13	15	10	20	8	1	19	17	9	12	2
4511	15	6	19	16	25	21	20	18	24	1	3	23	14	22	11	4	9	5	8	7	13	17	12	2	10
4512	15	1	24	9	4	5	3	10	25	12	2	16	6	8	7	17	21	23	19	20	22	11	18	13	14
4513	16	23	22	5	19	10	1	21	6	15	25	17	20	8	7	2	9	14	12	13	4	11	18	24	3
4514	6	17	21	19	13	12	23	11	5	9	25	10	3	4	24	22	15	8	7	1	2	16	18	14	20
4515	15	8	9	16	18	13	1	24	12	2	20	19	4	10	25	5	7	17	23	6	3	11	21	22	14
4516	19	10	9	12	18	8	17	1	20	14	7	6	24	2	5	4	25	23	15	21	13	3	11	22	16
4517	18	9	6	19	10	3	2	25	15	8	14	12	16	22	1	11	21	4	13	5	20	17	23	7	24
4518	1	13	5	7	18	15	23	20	25	4	10	21	11	6	19	2	8	17	24	3	22	16	14	9	12
4519	15	20	12	21	14	23	9	2	10	3	22	5	19	16	13	8	11	18	7	1	17	24	4	25	6
4520	21	19	2	20	12	17	10	25	23	13	22	14	6	16	4	11	8	24	1	15	3	9	5	18	7
4521	18	17	4	25	16	11	10	5	2	15	8	24	6	13	9	3	21	19	12	7	22	1	20	23	14
4522	1	11	19	9	5	16	21	15	3	6	14	17	24	23	18	2	8	7	20	13	22	4	12	25	10
4523	2	16	17	21	20	10	15	14	7	4	3	23	8	25	12	5	13	9	19	6	24	18	22	1	11
4524	3	2	12	13	23	21	5	17	8	6	1	15	24	10	19	22	9	25	18	16	11	20	4	14	7
4525	7	14	24	15	22	13	5	21	23	1	3	25	6	9	12	17	8	2	10	20	4	11	18	16	19
4526	2	3	21	23	20	10	14	22	13	4	19	8	18	25	9	15	17	12	1	24	7	5	16	11	6
4527	25	9	18	16	22	12	23	13	4	21	5	15	20	1	17	3	7	10	6	24	19	14	8	2	11
4528	5	18	13	2	1	14	11	23	17	6	25	20	16	12	7	10	9	21	15	8	22	24	4	19	3
4529	19	16	15	6	4	18	7	22	9	23	17	21	11	5	2	12	10	25	14	8	20	24	3	13	1
4530	1	23	13	2	3	16	15	21	12	18	19	22	10	4	17	14	6	7	5	9	24	8	11	25	20
4531	1	15	3	21	23	13	11	10	17	9	12	5	14	7	6	2	8	4	16	20	25	18	24	22	19
4532	5	17	19	7	20	2	13	15	23	9	1	18	8	16	3	21	14	12	10	6	4	22	24	25	11
4533	21	10	8	18	23	4	15	22	1	2	13	9	16	3	24	6	17	14	5	12	7	25	11	20	19
4534	15	10	25	5	18	14	3	7	17	16	23	12	20	11	24	4	6	22	19	2	1	8	21	13	9
4535	22	15	11	21	19	10	24	14	7	12	16	25	8	3	5	2	13	1	9	4	17	18	23	6	20
4536	10	13	4	9	20	15	17	11	21	6	16	8	3	5	14	19	23	1	25	24	18	22	12	2	7
4537	14	12	7	11	20	4	5	24	17	23	1	3	6	16	9	25	18	21	22	8	10	15	13	2	19
4538	1	5	21	2	18	15	17	14	4	3	9	10	12	19	20	7	24	6	13	25	23	16	22	11	8
4539	22	15	4	18	3	12	17	8	24	11	5	21	9	25	7	6	2	20	10	19	13	23	1	14	16
4540	2	24	9	18	21	14	4	20	19	10	13	7	23	25	1	11	15	3	16	17	5	12	8	22	6
4541	4	18	1	25	14	5	12	6	7	22	9	23	10	17	2	24	19	8	21	3	16	11	15	20	13
4542	4	20	16	18	2	13	22	24	14	8	5	15	7	23	21	10	6	12	3	1	9	25	19	11	17
4543	6	8	12	21	22	16	2	25	19	14	18	24	3	7	13	5	11	4	15	9	17	23	10	20	1
4544	25	6	2	15	3	4	1	23	9	16	18	24	11	13	14	20	19	8	21	22	12	7	10	5	17
4545	12	22	10	8	1	5	11	25	20	23	17	4	14	9	15	19	3	6	24	13	18	7	16	2	21
4546	12	22	25	19	4	24	16	7	14	13	23	20	10	2	18	15	21	11	17	1	6	9	8	3	5
4547	16	25	4	1	6	20	9	12	22	7	2	8	23	17	18	13	19	11	10	3	15	14	5	24	21
4548	14	3	12	4	22	11	15	20	2	7	10	18	9	1	25	19	23	13	21	17	5	6	24	16	8
4549	17	25	16	12	6	18	11	24	15	14	7	9	5	13	2	4	23	10	19	22	20	1	3	8	21
4550	24	1	4	3	16	15	10	20	8	5	11	17	7	19	12	2	21	25	13	23	6	22	14	9	18
4551	11	14	7	10	17	15	18	23	25	13	1	12	21	24	16	20	6	5	2	4	3	8	9	19	22
4552	23	20	17	12	9	1	4	15	8	2	16	18	22	7	19	21	6	25	13	3	11	5	10	24	14
4553	14	4	16	11	8	5	18	1	6	10	22	13	23	19	25	9	2	17	3	7	20	12	24	15	21
4554	14	7	16	6	13	22	12	18	8	25	9	17	21	24	5	2	15	1	19	4	23	11	20	3	10
4555	12	9	19	10	18	7	1	3	5	23	6	15	17	21	13	25	22	8	11	2	16	4	14	20	24
4556	10	14	22	5	7	19	4	11	15	12	16	24	3	25	17	2	1	18	23	9	21	13	20	8	6
4557	22	18	14	5	4	2	1	25	15	23	3	7	21	9	20	8	13	19	17	11	10	16	6	24	12
4558	19	8	7	10	13	15	20	14	24	5	1	11	2	9	3	25	18	4	22	6	17	21	16	12	23
4559	11	14	12	3	10	16	6	8	24	1	23	19	13	25	20	22	4	17	21	2	18	7	5	9	15
4560	12	25	8	23	20	10	3	21	13	7	24	14	2	18	22	1	4	16	9	6	5	11	19	17	15
4561	20	15	11	4	13	25	18	17	5	12	8	7	23	16	22	19	14	9	1	3	10	24	6	2	21
4562	17	2	21	9	15	22	5	25	13	24	23	3	14	11	20	18	19	12	16	4	8	7	6	1	10
4563	1	6	21	12	4	8	23	2	13	19	24	5	11	16	22	20	17	25	7	3	15	14	9	18	10
4564	4	7	14	9	5	10	2	13	18	15	22	11	25	1	12	20	19	24	16	23	21	6	8	17	3
4565	16	3	6	1	18	9	2	12	21	5	11	7	23	10	22	14	13	24	20	15	8	4	25	19	17
4566	2	10	14	6	18	13	1	9	16	8	5	15	23	11	3	17	12	19	21	25	24	4	7	22	20
4567	17	16	22	7	15	18	2	11	20	21	14	4	12	1	24	6	5	10	19	8	23	13	25	9	3
4568	11	16	17	6	1	8	18	9	21	19	12	13	15	14	7	20	5	25	2	3	22	24	10	4	23
4569	4	5	14	20	3	8	13	15	25	16	24	7	2	18	12	10	22	21	1	19	17	23	11	6	9
4570	21	11	12	25	15	20	24	22	2	9	3	23	17	1	16	18	8	6	19	13	10	14	5	7	4
4571	9	5	4	22	10	12	2	8	25	18	13	24	7	6	17	11	16	21	19	23	3	1	15	14	20
4572	21	10	16	12	14	5	1	4	22	17	15	25	7	20	9	13	23	19	2	6	24	18	3	8	11
4573	20	6	21	7	4	19	22	10	12	17	3	23	5	1	16	11	25	9	14	13	18	8	24	2	15
4574	8	24	13	11	1	19	17	15	2	23	3	20	14	9	12	7	5	25	18	6	4	10	16	22	21
4575	10	21	6	11	19	3	7	22	14	2	1	16	23	17	12	25	18	9	24	20	15	4	5	8	13
4576	8	15	5	1	19	10	18	14	13	9	7	11	22	20	24	4	16	17	21	6	25	23	3	12	2
4577	22	25	19	4	15	23	24	13	17	20	12	1	9	8	14	6	3	2	5	11	18	7	21	10	16
4578	4	18	8	9	19	15	10	14	6	3	2	17	7	11	22	13	1	21	20	12	16	25	5	23	24
4579	13	23	5	9	11	24	16	22	2	4	15	12	20	25	17	8	1	6	14	21	7	18	3	19	10
4580	11	18	21	16	19	7	24	4	10	23	1	12	9	8	15	25	5	6	14	22	17	2	3	20	13
4581	11	8	1	7	20	19	10	25	3	16	5	14	13	9	17	15	12	23	22	6	2	4	21	18	24
4582	12	14	5	9	17	15	10	16	1	23	20	2	3	21	25	8	13	18	4	11	19	22	24	6	7
4583	24	1	3	4	5	7	2	20	6	8	13	10	15	17	9	16	23	22	21	18	14	11	25	12	19
4584	14	2	6	25	21	12	15	9	16	1	3	10	18	8	5	17	7	22	23	11	24	19	20	4	13
4585	6	25	8	16	12	23	4	2	15	20	14	1	17	13	19	18	24	5	11	3	22	9	21	10	7
4586	24	12	23	3	22	16	2	18	11	19	17	21	7	9	1	15	25	14	5	4	8	13	6	10	20
4587	15	4	18	6	13	16	3	17	2	25	9	11	12	19	10	21	23	20	8	7	22	5	14	24	1
4588	18	6	15	9	19	10	7	22	16	12	20	21	5	1	11	13	3	4	8	24	2	23	17	14	25
4589	18	21	20	24	23	5	15	9	14	2	10	4	16	7	13	17	12	6	3	22	11	19	25	8	1
4590	1	2	11	23	16	17	4	18	15	5	9	14	25	19	21	12	8	22	13	6	7	3	20	10	24
4591	8	10	15	21	5	6	14	7	9	2	3	19	25	20	11	16	12	13	22	18	24	1	17	4	23
4592	21	10	18	8	2	1	24	25	3	6	15	13	19	17	12	5	14	23	16	11	20	9	4	22	7
4593	3	23	24	12	5	22	17	11	10	7	6	20	9	16	2	18	1	14	15	13	8	4	19	25	21
4594	15	20	2	14	6	24	5	9	21	8	16	7	11	19	23	4	17	3	10	22	12	13	18	1	25
4595	18	19	23	25	11	14	5	13	3	20	16	21	6	1	12	15	4	7	10	8	22	24	9	2	17
4596	1	19	3	8	9	11	17	15	21	25	4	20	14	13	6	5	7	23	12	18	10	22	16	2	24
4597	5	17	21	25	20	13	11	2	24	15	12	22	14	23	8	7	16	4	10	19	3	6	1	9	18
4598	23	16	19	15	3	9	14	22	21	13	24	2	18	10	17	1	6	25	5	8	20	11	7	12	4
4599	20	18	17	24	7	11	21	22	13	6	10	14	5	4	8	23	16	2	25	19	15	9	12	3	1
4600	9	3	23	18	10	21	22	2	24	6	13	8	1	7	20	11	15	5	4	17	19	16	12	14	25
4601	17	11	6	14	4	7	19	25	13	22	10	8	16	21	2	3	23	24	9	18	15	12	20	5	1
4602	1	21	8	20	2	10	5	14	24	3	4	17	25	15	16	18	12	7	22	9	6	23	13	11	19
4603	15	5	11	10	19	13	20	2	1	21	18	14	23	22	6	7	16	17	8	4	12	25	24	3	9
4604	20	18	5	3	9	15	10	1	4	16	17	12	21	11	2	14	19	25	6	7	22	8	24	23	13
4605	21	25	16	23	10	8	6	12	1	4	24	13	19	3	9	2	7	22	14	18	11	20	17	15	5
4606	12	13	21	23	8	4	1	15	3	10	25	11	24	7	2	19	22	14	18	17	20	9	6	5	16
4607	3	6	19	4	24	14	13	15	21	9	16	20	12	11	18	1	22	25	17	8	7	23	5	2	10
4608	9	21	13	17	16	1	10	23	19	6	15	2	18	11	3	4	14	22	25	12	20	24	5	8	7
4609	4	23	11	19	17	13	20	25	12	7	24	8	5	16	1	3	22	15	18	21	2	10	14	6	9
4610	10	11	21	19	3	17	20	6	2	22	25	8	7	23	15	4	18	5	16	12	14	24	13	9	1
4611	1	2	3	14	16	25	23	24	7	21	8	5	15	13	6	18	12	22	20	11	10	4	9	19	17
4612	11	15	19	5	3	12	22	21	7	9	10	18	20	2	6	1	24	16	13	23	14	4	25	8	17
4613	13	8	9	11	24	21	15	3	19	10	14	23	25	20	22	18	16	2	6	7	12	17	5	1	4
4614	14	21	6	20	5	16	13	22	15	1	23	11	2	19	4	17	12	10	9	25	24	18	3	8	7
4615	23	4	11	1	22	17	20	2	19	8	24	16	3	18	25	12	9	5	10	13	6	15	7	14	21
4616	9	2	13	18	7	14	25	23	11	4	10	24	1	3	16	15	20	19	12	21	22	6	5	8	17
4617	1	16	9	14	17	7	2	13	19	3	23	18	8	4	21	10	15	22	5	11	20	6	25	12	24
4618	6	20	17	7	16	21	2	1	9	15	13	18	10	23	4	11	25	8	19	24	22	14	5	3	12
4619	6	5	9	19	22	4	20	1	7	25	2	14	10	18	11	23	12	21	15	16	13	17	8	24	3
4620	25	11	5	1	8	19	9	16	15	3	4	24	6	12	13	2	10	17	14	23	7	21	22	20	18
4621	1	2	10	16	14	9	3	23	5	13	24	12	18	8	17	25	6	15	11	20	21	7	22	4	19
4622	22	6	3	17	13	25	4	1	14	5	16	23	12	9	24	18	19	15	2	10	20	7	21	8	11
4623	25	18	20	22	6	10	15	12	1	24	7	13	4	14	16	11	3	23	2	9	19	5	8	17	21
4624	19	17	24	16	21	13	11	12	1	15	18	9	4	2	22	20	23	14	6	25	5	7	8	3	10
4625	16	15	11	25	5	17	24	10	1	21	18	4	8	3	2	19	7	9	12	20	6	22	23	13	14
4626	14	5	23	10	6	13	16	15	17	2	1	21	7	4	11	9	3	12	20	24	19	18	25	8	22
4627	22	17	5	16	19	25	20	2	11	24	15	3	9	18	23	21	1	6	8	4	12	14	10	7	13
4628	3	20	24	5	10	11	17	18	15	9	12	13	25	6	8	14	1	22	23	16	7	19	2	21	4
4629	22	9	3	19	18	17	12	15	11	20	10	5	16	23	6	4	24	13	7	1	2	21	8	25	14
4630	15	18	9	19	5	3	20	7	25	10	4	16	22	6	17	13	21	24	1	2	8	11	12	14	23
4631	8	2	21	7	9	15	3	19	6	18	4	20	24	11	14	5	13	22	16	12	25	23	10	17	1
4632	23	14	15	25	1	2	6	18	20	3	16	5	19	10	9	24	22	13	4	12	8	21	7	17	11
4633	4	18	20	22	9	2	7	12	6	10	5	15	3	25	23	19	1	14	16	11	13	8	21	17	24
4634	2	6	11	21	1	13	12	4	10	25	8	16	18	17	5	22	14	24	9	23	19	20	15	3	7
4635	13	18	12	11	4	24	6	14	10	3	7	2	21	8	5	20	19	25	9	22	17	1	16	15	23
4636	6	19	16	24	2	11	4	20	15	8	23	17	21	12	3	5	9	7	1	22	14	13	25	18	10
4637	1	12	24	11	23	22	14	6	16	21	20	10	8	18	5	2	4	25	13	15	9	3	7	19	17
4638	21	22	25	10	5	1	18	15	8	17	3	4	12	7	24	6	11	14	23	2	19	9	13	20	16
4639	21	6	13	24	25	16	11	3	18	1	14	5	22	7	20	10	8	23	12	17	4	15	2	9	19
4640	14	3	19	15	24	5	18	7	1	20	11	10	9	25	8	22	12	21	4	16	17	2	13	23	6
4641	1	21	16	4	8	24	19	20	22	3	9	2	12	17	11	6	13	5	7	25	23	15	14	10	18
4642	4	24	7	16	9	17	8	13	25	12	19	10	2	3	5	1	11	14	20	22	15	6	18	21	23
4643	17	9	5	3	18	1	8	16	21	14	20	12	4	13	2	25	10	24	19	6	23	15	11	7	22
4644	4	3	23	14	19	12	2	6	21	9	1	10	11	24	7	17	25	15	16	5	18	20	13	8	22
4645	2	15	23	17	3	19	4	18	10	12	25	16	22	20	24	21	14	5	6	9	7	13	8	11	1
4646	1	16	19	13	5	25	2	12	20	8	4	15	21	17	23	11	22	6	7	3	14	18	9	10	24
4647	22	16	11	3	19	24	2	15	23	6	12	17	20	7	21	25	5	1	8	10	4	13	14	9	18
4648	25	11	23	15	17	8	2	14	4	10	5	6	7	20	3	16	12	21	1	9	13	18	22	19	24
4649	5	22	15	18	19	13	7	10	23	21	9	14	17	2	20	8	16	25	3	6	4	1	24	12	11
4650	11	19	21	25	10	8	14	1	18	4	15	3	13	24	2	5	22	9	12	17	7	23	6	20	16
4651	21	13	14	19	23	4	20	3	24	12	11	10	25	8	15	5	9	18	1	7	22	16	6	17	2
4652	4	11	6	17	21	9	25	10	22	20	3	7	1	14	5	19	12	18	23	24	15	8	2	13	16
4653	19	13	6	10	2	3	20	24	25	16	4	12	5	9	1	11	17	14	22	18	23	21	7	15	8
4654	12	19	14	13	6	21	24	22	16	15	4	20	18	10	3	17	11	2	5	7	1	25	23	8	9
4655	5	6	17	18	23	3	4	19	15	1	12	21	10	7	9	2	22	24	16	11	20	13	8	14	25
4656	25	19	3	7	13	23	6	5	4	12	1	22	8	2	21	10	18	11	20	24	9	16	14	17	15
4657	15	2	17	8	20	19	4	11	18	12	9	7	1	25	3	16	23	14	5	21	22	24	13	6	10
4658	21	3	11	6	5	15	24	25	16	13	14	19	18	10	22	4	20	17	1	2	23	8	12	7	9
4659	15	8	4	3	19	12	22	24	11	25	17	1	5	14	9	18	16	23	13	6	10	2	7	21	20
4660	11	12	6	14	3	23	1	25	5	17	2	15	9	16	22	10	13	7	8	19	21	4	20	18	24
4661	10	11	4	13	6	1	12	7	5	25	24	8	17	9	18	3	22	14	21	16	2	15	19	20	23
4662	16	24	6	3	4	8	18	23	25	17	7	21	1	11	15	14	13	22	10	20	9	5	19	12	2
4663	1	19	20	15	7	11	12	2	22	25	23	4	13	24	6	18	3	17	21	8	14	10	16	5	9
4664	9	15	17	13	18	11	16	25	8	1	5	19	6	24	23	4	20	2	22	21	7	10	14	3	12
4665	15	11	1	5	4	13	12	21	2	22	14	25	19	23	16	20	10	24	8	18	17	7	6	3	9
4666	17	18	10	2	22	13	7	5	25	19	8	15	14	21	20	11	4	12	23	16	9	1	6	24	3
4667	8	16	11	2	9	13	15	14	17	3	10	12	7	22	25	1	4	6	5	19	21	24	20	18	23
4668	10	16	21	8	12	25	14	1	9	5	11	15	20	6	23	19	7	24	17	18	4	13	22	3	2
4669	23	4	22	15	21	6	25	14	8	10	3	9	17	2	19	24	18	16	13	5	12	11	1	7	20
4670	7	8	25	24	20	15	21	11	17	13	19	3	14	23	9	5	6	1	18	16	4	22	2	10	12
4671	6	22	23	8	16	19	10	17	1	13	7	21	25	18	3	5	12	15	4	9	14	24	20	11	2
4672	8	7	6	10	4	9	22	5	17	23	2	18	3	25	13	21	14	11	20	15	12	16	1	24	19
4673	24	4	10	20	12	13	11	17	8	14	2	23	9	6	19	16	1	5	25	22	3	21	18	15	7
4674	18	1	17	15	4	8	5	12	21	23	20	6	16	24	9	10	3	13	19	25	7	14	22	11	2
4675	2	25	21	12	17	3	23	4	9	10	1	18	7	16	19	6	20	5	14	13	8	11	24	22	15
4676	4	17	12	3	5	13	24	9	19	2	21	6	20	11	10	7	16	18	25	8	22	14	1	15	23
4677	7	19	5	10	12	4	21	1	18	13	14	22	11	23	2	16	8	24	25	6	20	17	3	15	9
4678	9	11	1	20	22	6	10	18	23	5	25	17	15	21	14	12	3	2	13	24	16	19	4	7	8
4679	11	21	6	19	8	5	16	15	25	18	9	1	3	10	17	20	7	2	14	13	22	4	24	12	23
4680	4	1	11	14	3	7	9	13	23	19	5	6	8	22	15	24	17	10	2	21	12	18	20	16	25
4681	18	5	13	24	20	3	6	21	2	25	23	14	19	4	11	9	12	1	16	15	17	8	7	22	10
4682	18	6	1	25	2	16	14	8	9	13	5	3	17	12	21	10	15	19	7	20	24	11	23	22	4
4683	8	9	2	14	21	18	17	16	12	23	7	11	5	19	22	13	4	25	3	6	20	15	24	1	10
4684	12	2	13	14	23	19	8	25	7	16	20	1	5	11	4	21	17	6	9	10	18	22	24	3	15
4685	8	5	12	9	2	19	15	17	21	24	25	16	3	7	6	23	22	14	13	20	10	18	1	11	4
4686	13	7	20	18	9	24	1	5	15	14	19	6	10	16	11	4	8	2	17	12	3	23	25	22	21
4687	7	9	4	22	13	5	15	11	18	24	23	21	16	8	1	12	17	2	6	3	14	25	10	20	19
4688	23	17	16	13	7	8	6	1	10	22	21	15	14	3	5	18	24	12	25	9	11	19	4	20	2
4689	9	19	21	12	3	23	1	4	2	13	14	20	8	5	18	25	6	22	16	10	24	11	17	7	15
4690	21	4	15	6	20	25	22	13	23	10	17	12	5	1	19	7	24	3	9	16	2	18	8	14	11
4691	3	25	1	16	10	14	15	7	21	19	2	22	8	24	18	17	9	13	23	4	6	20	5	11	12
4692	25	13	11	1	4	17	3	8	14	20	15	2	21	23	7	5	12	6	10	9	16	19	22	24	18
4693	16	4	8	12	15	22	6	7	9	14	24	5	17	10	13	18	11	23	3	20	25	19	2	1	21
4694	15	20	1	16	2	6	25	22	13	4	23	5	7	17	8	12	14	21	18	19	10	9	3	24	11
4695	2	9	11	19	3	17	25	14	21	6	5	4	13	12	18	8	7	20	24	22	10	16	1	15	23
4696	9	18	1	5	17	7	10	25	21	6	3	12	23	14	8	16	20	11	15	13	2	19	4	24	22
4697	6	9	20	4	5	2	14	3	25	17	10	18	11	15	24	7	8	21	13	19	23	1	12	16	22
4698	3	1	9	23	24	25	15	22	21	17	10	7	20	8	13	18	12	4	16	6	5	11	19	14	2
4699	25	3	7	19	8	16	20	24	5	15	6	1	12	4	10	13	14	23	21	2	11	18	22	17	9
4700	10	13	9	14	5	21	19	22	4	23	25	3	2	15	20	12	24	11	8	7	16	1	6	18	17
4701	17	2	19	25	24	20	16	4	3	13	15	7	8	9	6	23	18	11	14	5	1	12	10	21	22
4702	12	11	25	6	9	5	4	23	21	16	15	3	2	22	14	19	1	7	24	8	18	17	13	20	10
4703	25	17	6	18	15	2	7	22	4	5	20	12	1	9	14	16	24	13	3	8	11	19	10	23	21
4704	12	15	13	18	24	3	9	25	2	22	10	1	20	23	4	6	16	8	19	7	14	5	17	11	21
4705	18	5	4	22	8	16	15	9	10	2	13	25	14	12	3	17	6	24	23	7	1	20	19	11	21
4706	2	6	8	3	16	19	24	12	18	13	23	17	22	25	11	5	4	15	9	1	14	21	20	7	10
4707	2	14	24	12	15	20	13	23	18	22	11	19	10	8	1	9	21	6	7	5	17	25	3	16	4
4708	22	9	5	16	23	13	6	1	11	12	4	14	7	2	21	10	8	24	25	18	20	3	17	19	15
4709	25	17	20	16	4	1	12	23	19	24	9	14	3	22	11	10	8	21	2	5	13	7	18	6	15
4710	15	18	10	6	13	19	17	23	7	20	14	21	2	9	8	1	16	24	5	12	22	3	4	11	25
4711	14	1	8	15	12	2	18	11	7	5	22	20	4	24	16	3	25	9	23	6	13	19	10	21	17
4712	18	15	10	3	8	2	24	16	22	19	5	7	4	6	25	11	17	20	13	23	21	14	12	9	1
4713	13	11	17	20	5	7	16	21	15	22	4	8	24	14	25	9	6	1	3	10	18	12	23	2	19
4714	5	6	18	24	22	20	17	25	19	4	3	12	14	15	1	2	7	21	9	11	8	13	10	23	16
4715	21	10	18	5	12	8	15	4	2	23	9	7	6	16	11	13	24	22	17	20	14	19	1	25	3
4716	12	20	21	2	11	22	16	19	14	23	13	5	9	1	8	24	25	18	3	7	4	10	17	6	15
4717	22	24	3	12	10	25	17	20	15	18	14	16	13	4	8	23	2	6	1	21	5	19	9	7	11
4718	12	5	17	22	18	6	1	10	21	11	19	14	24	4	23	16	3	7	9	20	8	15	25	2	13
4719	15	20	16	3	21	2	14	5	1	19	10	17	24	13	4	11	7	23	18	12	9	6	22	25	8
4720	25	7	17	12	14	21	8	6	11	5	16	15	23	10	9	3	13	20	1	2	18	19	24	4	22
4721	25	20	5	17	9	13	14	2	6	8	12	24	4	15	11	21	7	3	10	22	1	19	16	18	23
4722	8	15	17	6	12	11	2	20	16	5	10	21	13	19	18	3	7	25	14	22	23	9	4	1	24
4723	3	12	7	2	18	21	4	17	13	10	20	14	16	5	15	25	22	11	23	1	9	24	8	6	19
4724	14	13	22	8	25	11	9	12	6	23	16	2	7	3	20	18	21	4	10	15	19	5	17	1	24
4725	23	22	3	9	7	21	19	18	24	16	5	2	12	25	17	20	1	8	11	6	14	13	4	15	10
4726	15	21	3	9	25	17	11	6	10	19	23	24	22	7	4	1	8	5	2	16	20	12	13	18	14
4727	20	5	16	18	22	11	3	6	23	15	17	4	25	9	1	19	24	12	14	7	2	8	13	21	10
4728	5	24	14	6	16	20	13	12	3	25	19	21	22	7	10	23	8	4	11	15	1	2	9	18	17
4729	15	25	13	8	5	7	16	14	12	21	19	18	23	10	20	11	6	3	9	2	4	24	17	1	22
4730	12	5	10	1	21	19	24	8	18	22	11	9	4	3	16	17	7	14	20	13	15	23	6	2	25
4731	12	16	9	6	11	13	21	18	14	22	10	17	3	15	19	7	23	24	1	25	8	4	5	2	20
4732	24	3	13	21	25	19	15	18	10	9	16	20	6	2	22	1	4	23	11	17	7	8	12	14	5
4733	21	16	18	12	14	20	2	8	13	1	11	4	5	3	23	15	24	19	22	6	17	10	7	9	25
4734	2	4	22	19	6	14	10	11	23	9	24	8	15	18	25	13	21	16	3	5	17	7	20	1	12
4735	22	5	18	9	23	21	1	20	4	25	7	24	2	3	8	19	14	15	17	13	10	11	6	16	12
4736	2	24	4	23	3	5	12	7	20	1	25	13	21	19	18	9	8	17	11	14	6	22	15	10	16
4737	8	4	6	2	7	23	21	1	19	15	25	20	14	22	3	10	17	16	9	12	18	5	24	11	13
4738	6	17	21	18	13	7	4	5	12	10	16	9	20	25	3	22	11	19	15	14	2	1	23	8	24
4739	16	7	23	25	22	9	2	12	21	11	18	14	5	24	20	17	10	6	13	4	15	19	1	8	3
4740	11	5	4	21	15	20	16	25	23	13	17	9	22	8	24	2	7	12	10	19	14	18	1	6	3
4741	13	22	1	19	11	3	15	14	10	8	18	7	9	20	17	24	16	2	12	5	21	6	25	23	4
4742	8	1	19	16	5	20	4	9	13	24	15	22	17	2	7	14	12	6	11	21	3	23	10	25	18
4743	4	11	17	19	23	21	16	14	3	25	1	20	7	24	22	10	8	9	5	6	12	15	18	2	13
4744	5	11	23	24	22	19	2	9	12	16	1	25	4	18	6	10	17	21	8	15	20	3	13	7	14
4745	10	6	11	9	25	19	18	24	8	12	1	22	14	23	13	3	15	5	17	4	16	2	21	7	20
4746	20	16	14	17	2	25	15	11	23	12	7	21	1	4	3	10	18	6	5	19	9	13	24	8	22
4747	19	12	16	5	6	15	10	13	23	4	25	17	21	14	11	18	1	9	7	20	22	3	2	24	8
4748	19	12	23	17	11	8	13	10	7	9	6	4	25	1	3	5	15	2	21	20	18	14	16	24	22
4749	18	13	21	14	5	2	3	16	24	10	12	7	22	9	25	11	20	23	8	1	19	15	4	17	6
4750	13	18	21	25	8	16	2	1	9	4	6	24	7	5	14	23	3	15	17	20	12	22	11	19	10
4751	6	18	13	12	21	24	17	4	9	3	25	14	10	16	19	22	23	5	11	8	7	1	2	15	20
4752	23	5	20	18	10	22	16	19	2	12	21	17	8	4	11	1	7	6	24	14	13	3	9	25	15
4753	2	16	7	19	22	1	5	8	21	24	14	4	18	13	20	17	10	9	6	3	12	15	23	25	11
4754	1	11	4	10	21	20	17	14	6	2	19	8	3	5	22	12	24	15	25	7	16	18	9	23	13
4755	15	20	17	19	14	21	22	13	4	25	24	3	11	16	5	10	12	9	7	23	18	6	2	8	1
4756	8	15	20	6	21	23	4	2	10	14	24	3	19	16	22	9	13	1	12	7	5	17	18	25	11
4757	20	13	12	10	19	6	24	4	2	11	8	21	15	7	1	23	25	18	17	9	22	16	5	14	3
4758	15	7	3	22	19	17	20	8	23	18	14	16	6	13	24	2	1	9	11	25	21	4	10	12	5
4759	13	14	16	9	10	17	11	22	4	20	21	19	8	12	2	6	23	24	15	1	18	25	7	3	5
4760	24	15	9	1	10	11	4	13	22	12	20	7	16	23	8	2	14	17	25	19	3	21	5	18	6
4761	14	24	8	4	3	2	10	25	23	16	22	17	5	12	9	15	1	20	21	13	19	18	6	7	11
4762	21	9	7	15	20	8	4	14	19	22	16	25	12	13	5	1	6	11	24	23	10	2	17	3	18
4763	23	16	2	11	10	9	20	17	8	18	19	13	15	5	21	1	25	7	14	6	4	22	3	24	12
4764	11	1	22	8	13	2	9	16	25	12	23	15	17	19	20	5	18	24	7	6	10	21	3	14	4
4765	23	4	7	15	19	5	1	14	2	12	22	3	20	13	25	18	10	16	9	21	8	11	6	17	24
4766	18	2	16	8	6	25	13	9	14	5	20	11	7	17	15	22	4	1	3	23	24	12	19	21	10
4767	9	21	16	19	24	15	22	17	18	5	12	8	6	23	20	7	1	11	10	14	13	25	2	3	4
4768	3	14	1	22	12	24	9	11	18	10	21	23	20	4	2	7	5	16	15	6	8	13	19	17	25
4769	5	6	22	24	8	4	10	1	21	20	18	17	11	13	7	19	12	14	3	16	15	25	9	23	2
4770	12	14	7	4	22	21	16	18	8	3	9	6	1	23	10	15	5	24	11	19	17	2	13	20	25
4771	22	18	12	23	20	11	10	15	5	3	9	25	14	17	6	8	2	1	19	13	21	4	7	24	16
4772	25	12	18	7	10	14	5	15	16	24	4	1	3	9	2	19	23	17	11	6	21	22	8	13	20
4773	23	3	17	9	22	11	20	12	4	6	13	10	14	25	19	5	15	16	2	7	8	21	1	18	24
4774	2	8	14	1	3	18	23	10	25	7	20	24	17	11	21	5	13	6	12	19	9	15	22	4	16
4775	2	11	22	25	18	16	12	21	8	19	17	14	7	13	5	10	3	6	9	4	15	23	24	20	1
4776	4	25	21	16	8	11	15	17	20	5	13	14	23	3	22	10	9	7	19	24	2	18	6	1	12
4777	13	6	22	24	7	17	4	23	9	25	3	11	12	15	20	10	5	8	16	14	21	18	2	19	1
4778	5	8	14	10	17	18	11	25	1	21	4	6	20	12	22	24	7	2	23	3	9	19	16	15	13
4779	12	15	5	11	6	3	16	8	10	23	19	2	21	20	25	4	13	24	18	1	22	14	17	9	7
4780	7	12	17	1	13	22	20	18	24	23	10	6	2	5	19	4	8	16	9	21	14	11	15	3	25
4781	16	8	18	10	12	15	23	13	22	11	25	6	21	4	20	19	17	9	5	24	3	1	2	7	14
4782	13	2	15	12	6	7	16	8	1	5	3	20	22	11	21	10	17	25	23	19	9	18	4	14	24
4783	7	12	5	19	24	3	18	17	25	20	23	8	11	15	2	14	9	10	21	1	4	6	13	22	16
4784	9	15	6	2	22	4	11	5	25	3	23	18	21	19	8	24	13	17	20	7	1	12	10	16	14
4785	9	14	11	1	15	21	17	24	12	2	23	8	25	22	6	3	19	20	5	16	4	7	10	18	13
4786	7	24	5	14	2	12	23	21	4	17	19	15	22	25	10	11	16	18	8	3	13	6	1	9	20
4787	25	17	16	18	4	9	1	5	8	13	23	7	10	11	21	14	24	6	20	12	22	2	15	3	19
4788	19	13	25	5	7	20	21	22	9	12	14	16	6	10	2	23	3	18	8	17	24	1	15	4	11
4789	2	16	13	9	14	7	10	6	4	11	24	5	3	23	21	8	20	18	25	17	1	15	19	12	22
4790	16	21	13	14	19	18	6	12	24	4	22	7	9	15	23	3	25	20	17	8	5	10	1	2	11
4791	17	24	20	3	14	8	9	12	2	7	10	16	5	23	11	19	15	13	4	1	25	22	6	21	18
4792	15	16	21	19	24	20	25	10	7	12	3	23	8	9	13	18	4	22	2	5	1	14	11	17	6
4793	11	12	19	9	18	1	3	8	20	15	4	17	14	7	13	2	21	6	23	5	16	22	24	10	25
4794	2	20	25	19	6	18	5	9	11	8	3	13	15	14	16	4	12	24	22	17	1	10	7	21	23
4795	9	4	22	1	14	17	2	25	11	21	23	15	19	3	7	20	5	16	10	6	24	8	12	13	18
4796	1	16	4	3	12	7	25	6	11	23	15	8	13	20	17	19	21	18	5	22	14	10	24	2	9
4797	4	15	25	10	6	19	1	21	22	8	11	7	5	14	13	3	17	16	20	23	12	9	18	2	24
4798	3	10	11	4	13	8	20	23	6	24	1	25	16	15	18	7	14	2	5	21	19	22	9	12	17
4799	20	7	24	4	12	25	19	2	23	1	17	8	21	10	11	13	15	9	22	14	18	3	16	6	5
4800	10	24	6	5	7	17	3	23	21	13	1	11	9	8	19	22	15	16	14	20	18	25	2	4	12
4801	24	7	8	15	21	5	12	20	22	4	16	25	13	6	2	17	19	10	9	18	3	1	23	11	14
4802	6	24	8	13	23	5	10	3	7	2	25	19	12	16	22	17	11	14	18	20	4	9	1	21	15
4803	6	16	18	25	3	21	1	20	19	22	8	17	7	12	4	23	15	11	24	9	2	13	5	10	14
4804	23	6	5	25	21	20	4	9	1	7	17	11	18	2	12	15	19	14	16	22	10	13	24	3	8
4805	15	24	7	6	1	23	19	25	2	21	3	4	5	18	9	12	17	16	13	10	20	14	8	22	11
4806	21	19	10	7	4	23	11	18	15	8	20	22	25	16	12	24	1	9	13	6	17	3	2	5	14
4807	23	9	16	8	24	4	25	17	18	10	5	11	1	15	20	6	3	19	12	22	21	2	7	14	13
4808	21	9	19	25	24	3	17	8	2	4	14	10	6	7	23	16	22	1	15	20	11	13	18	5	12
4809	1	21	2	12	7	9	13	11	23	3	15	20	6	16	10	18	14	19	25	8	17	24	4	22	5
4810	12	25	11	21	6	5	18	2	8	17	10	19	23	9	1	20	16	7	22	15	14	3	4	24	13
4811	17	5	4	10	2	1	20	22	13	11	23	18	24	7	14	3	16	19	9	25	8	6	21	15	12
4812	2	15	23	18	1	20	21	13	17	4	9	6	5	10	19	11	25	7	8	22	3	14	12	24	16
4813	10	18	9	19	1	11	17	13	8	3	4	14	7	12	15	6	2	22	25	5	16	24	20	21	23
4814	15	13	16	11	3	17	5	1	7	19	25	8	21	12	14	23	22	6	24	4	10	2	20	9	18
4815	24	13	6	7	22	20	16	9	10	14	18	17	23	3	2	1	21	12	15	5	4	11	25	8	19
4816	20	11	15	8	13	24	16	4	3	9	23	18	1	2	6	5	14	19	25	22	17	7	21	12	10
4817	12	24	2	11	3	19	6	5	20	15	9	13	16	18	22	1	23	4	17	14	10	25	8	7	21
4818	14	10	25	4	13	3	23	18	15	8	16	6	2	21	9	5	1	20	19	24	17	11	22	7	12
4819	20	6	23	10	18	4	13	21	19	24	25	1	7	17	2	15	9	12	5	16	11	22	3	14	8
4820	11	18	23	3	21	15	16	20	17	6	2	13	22	19	25	8	24	1	12	5	9	10	4	7	14
4821	7	1	2	10	24	6	19	8	15	22	5	9	14	12	18	20	3	13	21	16	23	25	17	11	4
4822	2	22	15	12	17	16	8	3	9	25	14	20	1	7	21	11	5	19	6	4	18	24	10	23	13
4823	13	24	2	14	12	7	3	20	25	8	5	6	21	11	22	19	17	23	18	9	16	15	4	1	10
4824	15	11	9	1	18	2	24	20	5	25	23	22	4	6	8	12	13	16	3	10	19	21	14	17	7
4825	13	12	14	24	9	17	2	4	15	5	8	11	19	1	21	22	23	18	16	25	20	10	3	7	6
4826	14	6	5	15	21	7	17	10	9	13	11	8	2	19	25	18	16	1	24	3	22	23	12	4	20
4827	23	6	14	24	12	25	13	20	8	3	15	18	5	11	9	17	1	19	2	16	22	10	4	7	21
4828	15	6	4	18	3	24	13	8	22	10	16	23	2	14	12	20	11	17	25	19	21	1	9	5	7
4829	22	12	5	11	3	13	10	6	16	7	23	24	15	2	4	17	25	1	20	19	14	21	18	9	8
4830	22	23	7	20	21	13	3	15	17	11	14	2	12	5	4	6	8	25	9	1	19	24	16	18	10
4831	1	24	2	19	10	8	3	18	11	5	17	13	21	12	6	14	23	15	20	22	4	7	25	9	16
4832	11	4	8	22	19	15	3	18	1	6	2	21	13	5	10	12	16	14	7	24	20	9	25	23	17
4833	12	15	24	17	20	18	11	8	22	9	3	23	19	5	10	16	13	1	25	7	6	21	2	4	14
4834	10	25	11	9	20	6	24	21	23	17	8	16	22	14	2	18	13	4	7	15	1	5	12	3	19
4835	14	24	2	1	3	16	23	15	21	6	11	9	22	18	12	7	5	25	20	19	13	8	17	4	10
4836	15	5	3	6	10	18	8	20	1	11	22	12	14	16	21	23	7	25	4	17	9	24	19	2	13
4837	3	14	11	7	1	13	25	15	8	12	21	9	5	19	6	17	2	16	24	18	10	23	4	20	22
4838	25	5	14	23	7	10	19	3	22	2	6	17	20	9	4	24	12	13	15	11	8	18	16	1	21
4839	10	7	3	16	11	22	25	1	8	19	24	13	2	21	5	12	6	14	9	4	18	20	23	17	15
4840	12	13	16	1	15	25	18	19	4	21	5	14	17	11	3	2	6	20	9	8	22	23	7	10	24
4841	21	20	9	12	4	1	14	2	24	19	6	17	3	23	15	25	16	11	10	7	8	22	5	13	18
4842	8	6	15	13	22	16	17	7	21	5	12	11	14	10	9	4	19	18	25	23	24	3	1	2	20
4843	15	16	24	25	12	10	23	20	1	11	22	5	7	21	14	9	3	17	2	13	18	4	8	6	19
4844	22	21	16	7	4	25	19	23	11	17	12	1	9	14	5	2	15	6	10	24	3	20	13	18	8
4845	8	1	20	19	18	25	24	2	5	17	10	3	22	11	13	4	16	6	21	14	23	15	12	9	7
4846	12	5	11	13	4	20	15	9	8	23	16	1	21	24	2	17	14	3	10	18	25	19	6	7	22
4847	19	11	22	15	18	8	1	5	4	3	23	14	13	25	12	24	17	10	16	2	7	6	21	9	20
4848	23	4	13	25	3	1	15	21	2	9	10	19	18	22	17	6	14	11	12	8	20	16	7	24	5
4849	6	15	21	4	24	18	12	20	1	23	5	25	8	19	9	14	2	3	17	16	11	7	10	13	22
4850	21	14	4	9	25	23	22	5	18	3	19	15	24	12	7	6	17	1	8	11	16	13	10	20	2
4851	19	18	23	20	13	24	3	9	5	25	12	17	11	16	2	7	4	14	6	15	8	22	10	1	21
4852	25	21	16	12	15	5	17	24	13	8	18	19	1	23	3	6	2	7	10	20	11	9	14	4	22
4853	20	14	8	7	12	18	1	23	6	22	21	5	2	25	16	17	19	10	3	13	24	4	11	15	9
4854	22	10	18	23	4	24	11	14	13	9	25	3	6	20	21	12	17	15	2	7	5	19	8	16	1
4855	24	20	2	25	4	1	9	8	7	5	23	3	11	13	19	15	12	18	22	17	10	16	6	21	14
4856	3	23	13	20	8	16	25	4	1	19	7	18	12	10	15	22	6	17	11	21	2	14	9	5	24
4857	13	23	25	2	22	15	3	12	21	5	4	16	10	24	17	7	1	18	11	20	8	19	9	14	6
4858	11	15	16	9	24	2	5	7	25	23	6	8	20	21	1	3	19	14	18	4	22	13	10	12	17
4859	12	22	16	14	20	5	24	25	1	15	7	6	9	13	3	21	8	4	11	17	2	10	18	23	19
4860	24	15	9	5	18	8	17	25	20	23	7	14	1	21	6	3	2	16	13	12	11	4	22	19	10
4861	3	9	19	12	10	4	5	11	13	20	16	8	1	6	18	25	24	15	2	7	22	21	14	17	23
4862	7	24	20	11	13	3	16	21	15	10	6	18	17	8	14	25	23	19	4	2	22	12	5	9	1
4863	12	3	9	6	10	14	11	23	15	5	8	25	22	7	19	13	17	21	18	20	16	4	24	1	2
4864	9	10	16	25	19	22	15	17	21	11	2	18	4	13	12	20	7	23	8	6	14	5	24	3	1
4865	16	8	7	5	6	15	20	1	3	4	12	13	17	9	21	24	2	19	23	14	10	18	11	22	25
4866	11	3	24	18	16	21	14	15	12	5	22	4	13	25	6	19	7	2	9	23	8	10	1	20	17
4867	1	14	16	12	22	10	13	20	8	7	3	23	9	24	15	5	4	25	21	6	17	19	2	11	18
4868	16	14	1	20	22	9	2	10	5	12	15	23	7	4	18	3	13	19	17	25	11	6	8	24	21
4869	18	11	24	14	2	13	21	17	20	4	25	5	23	19	3	1	10	16	8	9	22	12	15	7	6
4870	19	15	12	25	8	21	6	5	20	13	9	24	14	10	3	1	17	7	11	2	4	22	18	16	23
4871	20	25	19	5	2	14	23	3	16	12	10	6	11	7	15	24	1	17	9	8	21	13	18	22	4
4872	5	15	18	9	13	23	12	1	19	24	21	7	25	6	22	4	16	8	20	10	14	17	11	2	3
4873	21	3	20	11	19	4	22	13	9	10	5	6	15	14	24	8	7	17	1	18	25	23	2	16	12
4874	14	15	9	20	13	1	16	6	10	2	19	18	3	22	5	8	4	25	7	24	17	21	12	11	23
4875	20	7	4	22	5	1	3	19	16	17	18	2	14	10	21	9	25	6	24	12	15	23	11	13	8
4876	2	16	7	25	23	13	17	6	4	22	3	12	5	8	15	18	19	11	14	20	1	24	21	10	9
4877	24	13	3	20	19	7	21	16	17	11	18	6	8	23	22	10	12	9	5	2	4	1	14	15	25
4878	6	19	25	24	12	17	8	16	23	15	22	4	21	13	5	20	18	14	10	2	11	9	7	3	1
4879	8	6	11	15	10	1	12	25	2	19	23	22	16	3	24	13	18	7	14	20	17	5	9	4	21
4880	24	20	6	15	3	7	16	8	21	2	10	5	25	22	23	14	19	11	17	4	12	18	13	1	9
4881	10	20	7	4	3	23	21	19	13	9	2	1	6	24	11	16	18	17	14	5	15	8	25	22	12
4882	10	4	15	25	12	22	21	19	18	23	6	3	13	9	5	17	2	14	24	11	7	20	16	1	8
4883	21	8	9	22	18	19	1	10	3	11	17	14	6	12	13	7	24	20	23	4	15	25	16	2	5
4884	18	21	20	22	15	10	17	9	8	1	23	7	5	19	6	2	3	14	16	11	12	25	13	24	4
4885	13	23	3	15	9	11	7	10	5	17	14	22	12	6	4	20	24	1	25	16	21	18	8	2	19
4886	15	22	25	14	24	16	9	13	7	20	6	23	21	11	4	17	1	19	2	18	5	3	8	12	10
4887	11	13	7	9	6	4	3	2	24	16	12	5	8	23	14	25	20	18	19	10	15	17	1	22	21
4888	18	21	8	16	19	23	9	1	5	7	2	10	3	4	13	6	17	22	11	14	12	20	24	25	15
4889	4	16	21	2	12	8	1	20	22	3	6	5	25	18	24	15	17	10	13	9	11	23	19	14	7
4890	9	12	14	17	13	16	5	15	2	19	4	3	24	1	6	7	21	11	18	10	25	23	8	22	20
4891	9	21	20	22	3	18	16	17	13	23	12	19	10	1	4	24	25	14	7	8	2	5	6	15	11
4892	11	13	6	25	20	17	12	7	24	23	18	4	8	22	19	9	1	2	10	14	3	21	15	16	5
4893	10	23	13	8	3	17	18	6	11	14	7	21	12	4	15	20	1	19	25	24	16	22	5	9	2
4894	14	8	3	2	18	20	22	1	6	15	25	5	7	17	23	12	21	19	13	9	16	24	4	10	11
4895	20	3	11	15	2	7	12	24	14	25	17	22	6	13	4	5	10	8	9	23	16	19	21	18	1
4896	24	2	23	7	1	18	19	20	25	21	12	6	15	10	3	16	9	14	5	11	13	22	17	8	4
4897	20	13	3	10	16	18	12	19	9	14	2	24	1	8	6	21	15	17	25	11	22	7	23	5	4
4898	2	16	3	20	22	24	14	25	8	9	7	5	12	23	6	18	4	19	21	1	11	17	15	13	10
4899	12	8	21	25	4	19	7	5	10	6	3	18	15	11	20	23	13	22	14	2	9	16	24	1	17
4900	10	13	15	1	18	9	24	21	25	16	14	22	11	23	2	6	4	17	19	7	5	12	20	3	8
4901	13	22	14	17	5	25	24	9	15	10	3	7	21	4	19	11	8	16	12	6	18	23	2	20	1
4902	24	14	4	10	9	12	13	17	19	11	23	3	21	5	22	2	1	18	6	8	15	20	25	7	16
4903	12	6	18	4	15	20	2	25	13	7	11	5	10	3	24	23	9	19	8	16	14	17	22	1	21
4904	19	10	3	25	16	13	20	17	7	23	12	24	8	6	4	18	9	1	11	2	22	21	5	15	14
4905	7	15	2	17	6	13	18	23	9	12	8	19	14	21	3	24	25	16	5	22	11	1	10	4	20
4906	23	2	11	21	20	18	16	6	25	1	9	4	3	24	7	14	5	10	15	17	13	12	8	22	19
4907	17	19	9	23	5	8	15	16	6	1	25	2	24	10	18	12	20	4	22	14	21	13	3	11	7
4908	14	22	17	25	21	5	9	13	1	4	8	15	18	3	7	20	23	10	19	24	12	2	6	16	11
4909	7	12	23	6	21	5	25	9	13	2	17	14	4	3	24	22	15	1	18	19	11	16	8	10	20
4910	23	2	16	25	20	14	21	11	22	10	1	3	15	7	6	8	4	24	13	17	9	12	5	18	19
4911	1	21	8	23	11	9	7	6	25	18	14	2	20	10	13	16	22	12	19	3	17	15	4	24	5
4912	17	25	2	12	11	1	21	19	9	24	18	13	22	20	5	14	8	6	23	10	7	15	4	16	3
4913	11	20	10	15	12	13	7	2	3	4	23	5	19	25	6	1	9	22	16	14	24	8	18	21	17
4914	6	17	25	11	24	23	20	14	3	21	12	13	4	15	5	2	22	18	19	7	16	9	10	8	1
4915	22	20	25	7	19	4	23	12	17	2	24	6	18	14	21	13	15	11	9	5	3	10	16	8	1
4916	10	17	20	1	18	19	8	12	9	22	6	11	23	3	16	25	24	21	15	7	4	2	13	14	5
4917	16	25	3	22	15	21	2	13	7	18	5	11	23	8	19	20	6	4	14	9	12	1	17	10	24
4918	7	14	8	17	11	13	1	19	3	10	5	2	4	18	23	25	12	24	9	20	16	6	21	15	22
4919	5	25	18	9	20	19	23	15	12	24	10	8	11	4	21	14	13	7	1	3	2	22	6	17	16
4920	15	19	12	5	1	20	11	16	24	6	9	4	13	3	10	21	2	17	22	18	14	23	7	25	8
4921	18	15	7	12	16	23	8	10	19	1	21	25	4	20	13	17	6	24	11	22	3	9	2	14	5
4922	6	1	5	14	24	2	17	21	10	3	9	23	4	18	12	20	25	13	7	22	16	19	8	11	15
4923	9	19	23	1	3	18	15	2	5	14	25	10	17	7	24	8	12	16	6	4	21	13	22	20	11
4924	23	2	6	8	1	25	9	11	3	16	21	15	7	5	22	20	24	13	12	19	4	17	14	18	10
4925	25	1	24	17	21	8	18	3	15	5	22	14	20	4	12	6	2	7	9	10	19	16	11	23	13
4926	23	19	25	13	6	12	16	5	2	24	22	10	17	1	18	7	8	4	15	14	21	11	3	20	9
4927	12	7	15	8	4	10	11	1	2	6	9	16	13	22	21	3	18	14	5	23	24	25	17	19	20
4928	6	13	21	5	19	15	7	24	1	11	10	9	18	12	23	20	22	3	14	17	2	25	4	16	8
4929	5	1	19	7	12	21	17	20	10	8	11	4	18	2	9	15	13	16	14	3	24	23	22	25	6
4930	25	19	20	9	17	4	15	11	2	16	23	12	6	8	22	5	7	24	1	10	3	13	18	14	21
4931	16	13	18	3	8	24	9	25	15	12	11	23	5	1	14	4	21	6	2	20	17	10	19	7	22
4932	24	16	19	10	4	12	3	5	7	14	6	13	21	18	2	17	11	1	25	23	20	22	8	15	9
4933	16	25	24	3	1	21	12	23	14	8	9	17	5	6	20	22	10	15	19	4	13	18	11	7	2
4934	19	23	6	8	14	1	18	17	12	22	16	3	13	20	11	5	10	2	4	25	21	24	15	7	9
4935	4	11	15	12	17	9	5	22	2	19	24	20	13	3	7	18	14	6	1	23	16	10	8	25	21
4936	6	25	13	19	9	17	4	16	23	15	1	5	20	18	12	11	8	3	7	14	21	2	24	22	10
4937	16	2	10	17	3	1	15	7	22	24	25	5	12	14	13	6	4	23	8	9	19	20	21	18	11
4938	23	13	22	19	2	9	8	12	5	17	6	16	11	20	15	24	21	1	14	25	3	4	7	18	10
4939	23	16	17	9	11	25	19	5	3	24	7	22	8	6	18	12	13	2	10	21	1	14	20	4	15
4940	17	9	11	23	21	8	22	4	3	24	15	20	10	14	7	19	6	12	16	13	5	2	18	25	1
4941	20	15	17	9	23	19	3	21	25	24	7	2	10	4	12	13	6	1	5	16	8	18	22	14	11
4942	24	10	6	3	21	22	5	17	16	19	8	23	9	14	12	13	4	15	20	11	7	25	18	2	1
4943	25	6	10	7	20	22	16	17	21	19	11	15	1	24	2	14	13	4	18	3	5	12	23	9	8
4944	16	2	6	18	9	8	14	1	24	13	11	3	22	7	23	25	19	17	20	10	15	12	5	21	4
4945	14	5	6	11	12	10	13	8	4	18	15	2	17	19	3	1	7	20	16	22	25	23	24	9	21
4946	6	23	13	19	11	17	25	21	5	3	8	14	15	20	7	10	2	9	16	22	12	1	24	4	18
4947	8	14	23	1	3	20	16	21	4	18	12	22	19	7	5	24	9	10	11	2	25	15	13	6	17
4948	25	5	15	13	12	2	24	3	20	21	8	11	10	4	19	22	9	17	18	23	7	14	1	6	16
4949	2	11	15	17	21	16	9	13	23	18	25	4	12	10	22	5	3	20	1	7	14	24	8	6	19
4950	13	4	12	1	11	8	20	7	19	16	15	3	5	21	9	24	14	10	25	2	22	6	17	18	23
4951	2	16	14	1	22	25	19	17	11	10	15	3	21	18	6	4	12	24	13	9	7	5	8	23	20
4952	9	18	17	24	11	20	14	4	16	22	3	12	8	10	5	13	2	6	7	19	23	21	15	25	1
4953	2	5	10	1	12	9	3	21	15	23	22	7	13	11	20	6	24	4	25	16	8	19	17	18	14
4954	2	11	12	25	14	23	20	3	4	10	9	22	13	8	24	18	7	1	16	21	15	19	6	17	5
4955	19	11	24	15	20	5	10	8	14	25	17	6	3	13	1	23	12	16	4	18	22	21	7	9	2
4956	9	2	14	25	20	22	23	10	7	24	16	17	6	12	15	1	3	21	5	4	13	19	8	11	18
4957	6	10	5	1	18	21	12	24	20	22	7	8	4	15	14	3	11	23	9	17	2	25	19	13	16
4958	10	1	4	15	3	13	7	12	11	20	16	2	6	25	23	8	22	18	24	9	21	5	19	14	17
4959	13	20	6	14	15	24	8	21	5	1	7	9	4	2	23	19	22	10	12	17	3	11	16	25	18
4960	10	18	16	24	23	25	13	3	21	12	9	8	11	4	20	5	15	1	14	17	22	6	19	7	2
4961	3	10	19	25	17	15	1	13	11	18	23	16	4	20	8	21	2	5	22	9	12	14	7	6	24
4962	13	1	25	9	24	22	8	14	19	2	10	23	11	12	21	16	20	7	5	17	3	6	4	15	18
4963	19	14	9	6	11	7	16	10	2	24	25	1	23	21	5	22	20	17	15	12	18	13	3	4	8
4964	1	5	24	14	19	10	23	18	21	11	3	25	4	8	22	7	20	6	13	16	2	9	17	12	15
4965	22	16	23	10	17	20	21	5	24	18	14	4	12	19	1	3	6	15	13	2	9	25	11	8	7
4966	24	4	25	16	9	2	8	5	13	20	3	11	10	15	22	14	12	1	17	21	7	6	19	18	23
4967	1	13	24	6	18	10	14	19	20	25	23	4	3	12	7	17	21	9	5	16	22	2	15	11	8
4968	25	10	5	24	4	13	17	6	23	22	16	14	3	15	11	12	8	7	21	1	9	2	18	19	20
4969	14	25	8	18	20	22	6	15	17	21	1	3	7	4	12	13	16	9	10	5	2	24	11	19	23
4970	6	23	10	22	2	18	4	21	12	15	3	19	7	11	1	16	25	8	5	24	13	9	14	17	20
4971	17	12	5	19	9	21	6	1	16	20	2	18	10	4	25	14	13	23	24	15	22	3	8	11	7
4972	24	5	13	22	14	11	7	15	20	6	17	19	9	4	3	23	10	12	8	25	18	21	1	16	2
4973	8	12	1	11	3	9	13	21	19	23	6	20	2	25	24	18	16	22	7	4	15	17	5	10	14
4974	18	2	14	13	23	4	21	15	22	8	10	11	1	12	9	25	20	24	5	17	19	6	16	7	3
4975	19	10	23	14	15	12	20	7	25	16	11	8	22	6	4	9	13	17	3	5	18	21	24	2	1
4976	9	22	20	2	15	1	18	23	14	24	19	10	6	5	16	11	21	25	12	13	8	3	7	4	17
4977	3	1	13	12	11	4	9	14	15	24	23	6	5	21	8	25	22	7	16	2	17	20	18	10	19
4978	11	13	20	7	9	14	5	12	2	3	8	10	17	24	23	4	19	1	18	22	6	21	25	16	15
4979	21	24	7	2	17	11	25	8	18	3	16	5	22	12	23	19	6	15	10	14	9	1	13	4	20
4980	25	18	12	2	20	17	15	13	8	9	22	11	7	23	4	6	24	21	1	10	3	16	5	14	19
4981	1	5	3	8	23	13	22	15	6	17	7	24	20	21	10	9	4	18	19	11	25	2	12	16	14
4982	13	1	9	8	21	4	5	6	25	24	22	3	2	20	14	15	18	16	11	7	23	19	12	10	17
4983	7	9	8	11	23	16	10	13	4	21	25	17	22	5	12	1	2	19	24	18	15	3	14	20	6
4984	14	21	15	12	6	22	3	1	13	10	18	23	24	9	8	19	5	7	16	11	17	2	4	20	25
4985	14	25	11	13	15	9	6	8	7	2	1	3	10	23	5	18	22	19	20	12	17	21	4	16	24
4986	19	3	4	17	5	24	13	10	23	14	8	21	16	11	15	9	1	12	18	25	7	6	20	2	22
4987	9	3	17	25	23	14	18	8	13	12	24	1	16	20	5	2	6	22	4	19	7	11	21	15	10
4988	24	3	19	25	21	18	16	5	8	7	15	14	20	2	1	22	4	9	11	10	12	6	13	17	23
4989	17	13	22	20	8	2	16	6	15	9	19	23	25	14	18	24	5	12	21	11	10	7	4	1	3
4990	6	18	14	7	4	3	2	22	17	13	19	9	23	12	8	16	24	21	5	15	11	20	1	10	25
4991	12	2	18	19	8	13	20	4	6	14	15	21	3	9	17	25	16	10	22	7	11	1	24	5	23
4992	7	13	12	24	16	4	3	11	21	19	20	17	5	23	2	9	22	15	8	10	25	14	1	6	18
4993	3	4	14	18	2	23	20	11	19	9	25	8	6	1	7	21	17	16	15	10	13	24	12	22	5
4994	11	15	16	17	9	25	8	21	1	23	24	20	6	13	19	7	12	4	5	3	18	14	22	2	10
4995	19	25	3	6	9	16	1	23	5	20	10	13	7	15	2	21	17	14	12	22	18	4	8	11	24
4996	6	23	7	18	13	8	1	14	25	4	12	21	9	3	17	15	16	24	19	22	5	20	2	11	10
4997	12	10	18	25	24	3	6	19	11	9	23	21	7	2	1	14	4	20	5	8	16	17	13	15	22
4998	21	3	9	5	23	15	10	6	2	16	13	24	8	11	12	4	7	20	14	17	25	22	18	1	19
4999	11	5	3	1	19	7	15	17	2	6	18	24	10	9	22	12	4	13	25	21	14	20	8	16	23
5000	17	16	20	7	9	24	5	21	14	15	25	2	12	6	13	22	18	4	19	10	1	11	8	3	23
5001	23	20	21	15	9	7	11	5	13	19	10	25	24	17	14	22	8	4	2	12	6	16	18	1	3
5002	10	14	22	21	6	25	8	1	11	15	24	5	17	9	18	3	7	16	4	12	23	13	19	2	20
5003	3	9	1	14	7	24	12	19	20	10	22	8	11	25	4	2	23	16	18	5	6	13	21	17	15
5004	21	6	5	1	19	4	14	22	24	12	25	20	7	11	2	8	15	18	3	16	17	9	10	23	13
5005	3	11	18	21	6	13	22	20	7	8	23	17	2	12	25	5	9	15	19	24	14	4	16	1	10
5006	24	2	8	23	11	20	17	14	12	5	1	21	4	18	6	9	15	22	10	7	16	3	19	25	13
5007	4	17	2	7	10	22	18	25	21	9	13	1	15	14	20	5	3	8	11	19	23	12	16	6	24
5008	25	19	15	7	20	23	11	10	13	17	14	21	12	5	24	18	16	9	4	2	22	1	6	3	8
5009	7	1	24	3	4	22	10	12	18	9	6	8	5	14	21	23	20	16	2	15	19	25	13	11	17
5010	5	6	19	7	8	22	12	24	14	9	1	3	13	25	11	23	18	15	21	2	17	16	10	20	4
5011	19	8	9	16	24	15	1	3	17	10	18	14	21	2	13	12	20	5	22	4	11	23	6	25	7
5012	8	15	17	25	24	10	21	1	4	5	6	2	11	9	22	16	20	3	7	23	18	19	12	13	14
5013	15	22	19	10	5	4	1	7	2	13	14	16	24	21	11	18	8	9	23	25	6	12	3	17	20
5014	12	9	10	20	6	7	22	21	19	14	8	25	15	11	5	18	4	1	16	3	2	23	13	17	24
5015	23	19	10	25	24	14	12	18	22	20	4	9	21	1	17	5	3	16	15	13	8	2	7	6	11
5016	25	14	22	11	9	12	8	2	10	18	24	13	3	21	16	15	17	6	7	4	1	23	20	5	19
5017	23	17	18	9	2	10	8	12	3	15	16	7	14	5	20	1	19	4	6	24	25	11	21	13	22
5018	22	9	11	24	5	15	23	16	10	2	7	14	1	20	12	13	21	3	6	18	17	25	19	4	8
5019	19	20	5	15	11	22	3	18	21	7	1	2	4	12	9	17	8	16	6	14	24	23	10	25	13
5020	24	3	10	15	14	1	2	6	9	4	18	13	11	16	20	8	12	22	21	5	7	17	23	19	25
5021	5	14	1	9	20	13	4	12	7	21	15	22	2	24	8	18	23	16	3	10	6	19	17	11	25
5022	20	4	12	13	22	8	2	18	24	7	25	23	1	5	6	14	16	17	21	19	9	11	3	15	10
5023	7	23	4	2	8	24	13	3	10	19	25	22	16	20	14	6	18	1	5	21	12	9	17	11	15
5024	24	21	13	19	2	3	18	15	11	10	1	8	14	25	22	17	23	20	9	4	7	12	16	6	5
5025	6	1	21	20	22	16	14	9	11	8	19	15	10	5	7	4	23	25	13	3	18	2	17	12	24
5026	13	10	14	23	20	15	3	11	12	8	19	1	24	7	5	6	17	25	22	2	9	21	18	4	16
5027	15	1	4	20	17	14	24	8	7	5	23	22	2	19	21	18	25	11	13	12	10	6	3	9	16
5028	19	10	22	7	23	4	12	3	6	2	9	8	14	18	21	20	11	5	1	16	13	15	24	17	25
5029	12	13	17	3	7	24	9	14	5	25	23	11	6	22	18	20	10	1	21	2	15	19	8	16	4
5030	11	7	5	8	13	6	3	15	25	18	17	22	19	10	23	4	2	1	24	9	21	16	14	12	20
5031	13	6	19	20	3	18	4	14	9	7	8	23	24	15	11	10	1	16	25	22	21	5	17	2	12
5032	4	5	2	21	13	17	19	23	18	9	14	15	12	3	1	25	24	11	20	7	6	10	8	16	22
5033	18	1	12	20	8	19	11	2	6	13	21	16	4	14	5	22	15	9	24	10	25	7	3	23	17
5034	14	18	5	4	2	12	24	8	16	25	10	23	11	6	19	17	3	20	9	13	22	15	7	21	1
5035	8	18	24	17	25	3	23	21	6	20	7	15	16	2	9	19	22	10	1	14	13	4	12	11	5
5036	19	15	20	1	17	13	6	9	7	22	23	12	4	21	11	24	18	3	16	2	8	25	5	10	14
5037	10	24	4	20	7	9	8	23	19	14	18	6	12	11	17	22	1	3	2	16	15	21	13	25	5
5038	12	25	4	1	15	14	23	16	8	21	7	18	3	10	24	6	13	5	20	9	2	22	19	11	17
5039	22	17	3	14	6	20	15	21	13	25	5	8	7	11	1	12	19	2	18	23	10	9	24	4	16
5040	19	7	9	5	12	17	4	6	22	23	10	21	11	24	3	14	25	16	18	1	13	20	2	15	8
5041	22	14	20	3	18	16	17	8	10	5	7	11	4	9	15	13	19	2	1	23	21	12	25	24	6
5042	21	10	25	9	7	1	12	17	15	20	18	23	2	5	16	11	24	19	3	14	6	8	4	22	13
5043	16	21	4	8	5	9	18	22	1	25	14	17	20	10	6	12	15	7	24	3	2	19	23	13	11
5044	11	25	7	24	8	13	4	19	14	10	18	12	3	5	15	23	22	21	1	2	9	20	6	16	17
5045	21	20	2	25	9	22	7	8	3	5	12	10	1	15	13	24	18	4	19	23	16	6	17	11	14
5046	20	15	18	22	23	5	14	9	17	8	2	24	7	1	21	3	25	12	10	4	16	19	6	11	13
5047	12	18	24	3	17	2	20	16	15	22	6	10	7	4	25	13	5	11	14	9	8	23	19	21	1
5048	11	21	8	18	5	25	14	19	6	4	9	15	12	22	16	2	24	1	13	10	17	23	20	7	3
5049	18	15	17	25	21	4	14	20	9	10	12	16	6	24	2	5	19	22	1	3	8	7	23	11	13
5050	21	23	25	9	18	6	13	12	16	22	3	24	5	4	14	17	2	1	10	19	15	11	8	20	7
5051	25	3	5	24	13	18	23	14	11	2	16	1	17	10	21	12	22	7	9	8	20	6	15	19	4
5052	9	6	1	25	18	5	19	11	14	7	17	15	12	24	2	10	4	21	16	8	3	23	22	20	13
5053	12	8	20	6	1	23	9	16	17	3	25	18	2	11	4	24	21	22	19	13	5	15	7	14	10
5054	10	8	6	18	15	3	12	20	24	14	7	17	11	22	2	19	13	23	16	4	5	25	21	1	9
5055	8	14	6	18	11	7	19	9	23	15	20	16	21	17	1	25	10	24	4	3	5	22	13	12	2
5056	23	2	7	25	24	22	8	3	5	6	21	15	12	10	4	16	19	11	9	14	18	20	17	1	13
5057	25	16	1	7	13	5	6	22	24	12	18	15	4	11	21	2	23	9	17	14	3	20	10	8	19
5058	4	22	2	5	20	17	9	12	21	15	3	1	18	13	14	6	8	10	19	25	7	11	23	24	16
5059	6	7	12	22	17	18	13	23	24	11	9	8	25	2	1	5	21	14	20	10	19	3	4	15	16
5060	2	12	1	19	11	4	22	13	24	16	14	8	9	21	5	20	6	3	10	15	17	25	23	18	7
5061	24	17	13	9	18	1	21	23	14	16	25	11	8	12	20	7	4	22	19	6	5	2	3	15	10
5062	5	3	25	18	6	8	1	19	4	13	22	15	23	11	16	21	24	17	7	9	20	2	10	12	14
5063	22	19	15	24	10	13	18	12	8	17	1	14	9	2	7	3	23	4	25	20	6	16	5	11	21
5064	1	12	16	7	13	11	8	24	6	22	10	18	4	5	2	14	25	21	15	3	9	19	17	20	23
5065	1	16	18	8	4	25	20	5	7	13	22	9	2	17	11	15	12	23	24	6	3	21	19	14	10
5066	10	9	12	17	5	25	4	1	16	14	2	22	11	19	6	18	24	8	3	23	21	20	15	13	7
5067	3	20	11	24	22	4	15	17	5	9	2	7	23	8	10	18	25	16	1	14	21	12	13	19	6
5068	4	23	7	8	14	6	13	12	15	21	24	9	25	11	1	16	3	2	20	22	19	18	5	17	10
5069	20	5	16	7	4	13	3	9	8	17	22	2	12	23	24	14	1	11	15	19	6	21	25	18	10
5070	9	25	2	10	8	1	14	22	7	18	15	4	5	11	19	12	24	17	3	6	20	23	13	21	16
5071	18	20	9	10	23	16	8	13	24	22	14	17	15	19	25	4	2	11	21	1	6	3	12	5	7
5072	18	5	14	8	10	12	17	15	3	22	6	9	1	24	21	7	2	23	16	20	11	13	19	25	4
5073	21	19	10	4	5	25	18	8	1	11	16	15	7	6	3	20	22	9	2	13	17	24	14	12	23
5074	5	7	10	19	2	23	9	1	12	18	17	24	16	6	22	8	4	15	13	21	25	14	11	3	20
5075	1	6	11	9	8	22	24	12	25	4	7	17	18	14	19	21	20	3	10	5	13	16	15	23	2
5076	18	4	17	23	6	20	11	19	25	5	14	3	21	1	12	2	16	8	13	9	22	15	10	7	24
5077	25	11	1	2	6	21	18	16	19	10	20	22	14	12	7	13	9	23	24	4	15	8	5	3	17
5078	23	20	4	18	13	8	14	16	22	12	7	17	3	21	6	24	11	19	10	15	2	5	25	1	9
5079	22	7	10	8	23	11	18	4	5	25	14	21	1	2	16	20	17	15	19	24	12	3	6	13	9
5080	16	19	18	14	11	17	5	7	8	10	24	21	20	13	15	2	23	1	3	6	9	25	4	12	22
5081	8	20	5	23	13	21	25	1	4	7	17	9	16	22	10	6	18	19	2	3	24	14	11	12	15
5082	23	21	3	22	16	19	25	13	14	24	18	15	4	1	20	12	6	17	9	5	7	8	11	2	10
5083	9	23	18	16	12	13	3	11	2	6	1	25	17	21	22	15	8	19	5	20	14	7	10	4	24
5084	22	19	24	4	7	18	20	8	25	1	10	16	15	12	17	13	9	3	6	11	14	23	21	2	5
5085	24	19	16	7	4	25	6	20	22	8	14	12	10	23	3	17	21	9	15	1	2	13	5	11	18
5086	1	14	20	3	16	17	24	12	4	8	2	9	25	15	7	22	13	10	23	11	18	5	19	21	6
5087	4	19	22	16	7	2	12	21	3	23	10	17	1	5	13	11	20	25	15	14	8	9	24	18	6
5088	19	14	11	25	10	18	7	3	21	6	1	23	13	9	20	4	16	17	8	5	24	2	15	22	12
5089	22	23	18	16	6	5	21	13	9	12	7	10	14	25	24	19	1	20	8	11	2	17	15	3	4
5090	6	13	8	3	12	9	24	11	16	10	1	19	25	5	18	17	23	14	20	2	4	15	7	22	21
5091	5	18	21	22	1	13	12	25	8	19	24	4	15	6	11	7	16	2	23	20	9	17	10	3	14
5092	19	11	22	3	18	1	21	10	23	8	25	9	5	13	24	6	16	2	7	14	15	20	17	12	4
5093	6	10	12	8	7	13	2	4	19	17	16	3	23	11	24	14	25	21	5	18	15	22	1	9	20
5094	21	5	23	7	12	13	1	17	25	22	10	8	20	18	14	19	16	15	6	11	4	2	9	24	3
5095	25	1	19	15	24	7	23	22	13	4	20	5	21	9	8	11	16	12	10	2	18	14	3	17	6
5096	13	14	22	25	16	17	2	7	19	21	24	12	15	3	1	10	23	4	8	11	5	6	20	18	9
5097	6	17	18	25	22	5	8	19	20	3	23	14	24	16	21	11	10	4	13	12	2	7	15	1	9
5098	14	9	2	17	20	18	15	4	16	23	7	3	13	6	12	1	5	8	25	21	22	24	10	19	11
5099	22	19	12	18	23	24	6	14	1	2	4	25	16	20	13	5	7	8	3	9	21	10	17	15	11
5100	21	16	22	9	23	8	4	2	11	1	13	6	18	24	5	7	10	3	20	12	17	25	15	14	19
5101	17	21	25	11	18	4	13	3	8	20	1	16	22	15	24	7	12	23	5	10	6	2	19	14	9
5102	6	5	15	19	7	16	17	25	21	23	9	1	11	13	2	22	18	20	8	12	24	10	3	14	4
5103	17	11	1	12	16	3	8	23	21	5	9	10	24	15	18	20	25	2	6	19	14	13	22	4	7
5104	21	18	4	19	6	11	23	24	16	14	13	25	7	22	9	5	12	17	15	10	8	1	3	20	2
5105	18	2	7	1	24	5	4	16	3	22	25	23	13	11	12	15	14	19	20	10	17	8	21	9	6
5106	15	8	7	17	24	21	9	3	2	13	4	19	12	25	22	5	1	14	18	20	11	16	10	6	23
5107	10	5	8	2	6	15	23	25	17	20	1	16	3	19	14	7	21	12	11	4	24	9	18	13	22
5108	9	3	23	19	24	18	16	5	25	2	14	6	22	17	1	12	7	10	11	15	20	13	21	8	4
5109	13	2	1	6	8	19	12	9	4	23	18	15	11	25	3	17	5	14	22	24	16	21	7	20	10
5110	5	12	18	15	9	14	23	10	6	3	19	17	16	8	11	22	1	4	25	21	13	2	7	24	20
5111	14	21	2	9	24	6	1	10	18	8	22	11	23	13	20	17	12	4	7	3	5	19	16	25	15
5112	13	11	9	17	8	20	14	7	25	22	21	15	12	23	1	6	16	19	4	5	18	3	24	2	10
5113	4	13	12	10	19	6	2	14	17	15	23	1	9	22	25	20	24	18	7	21	8	16	11	3	5
5114	16	10	15	12	13	14	5	8	25	20	21	24	11	7	3	17	19	4	23	22	6	18	1	9	2
5115	16	8	19	23	22	1	20	14	4	3	13	10	12	21	24	17	6	2	9	18	11	25	5	7	15
5116	3	20	7	2	19	5	17	24	14	23	15	4	18	1	10	6	16	21	9	12	22	13	11	8	25
5117	3	7	13	19	24	23	22	5	6	9	8	16	17	21	2	11	25	10	15	1	18	14	12	4	20
5118	23	2	16	12	8	21	3	4	6	20	19	25	7	10	5	22	11	18	14	15	1	17	24	13	9
5119	17	1	25	19	15	7	13	4	9	22	16	18	8	6	12	14	23	5	24	20	10	2	11	21	3
5120	6	9	5	15	4	24	22	21	17	19	8	16	25	3	12	13	14	18	2	23	10	11	1	7	20
5121	13	25	10	7	12	6	21	15	19	16	14	9	8	22	3	23	2	18	20	1	17	11	5	24	4
5122	19	14	20	16	2	9	6	3	21	17	1	15	23	12	22	13	5	4	10	25	8	18	11	24	7
5123	21	18	16	8	22	5	3	14	24	25	1	13	15	10	7	20	19	2	11	6	17	23	4	12	9
5124	3	14	19	10	4	6	18	13	25	2	7	1	20	17	8	9	5	23	16	11	22	15	12	24	21
5125	22	15	2	5	14	10	18	3	9	11	17	16	8	24	4	25	1	23	13	12	20	19	6	21	7
5126	13	20	4	21	18	24	11	16	3	23	17	8	7	2	14	25	15	10	12	19	9	5	6	22	1
5127	4	14	10	24	6	1	19	12	18	15	5	22	7	13	16	2	11	21	3	23	20	9	8	25	17
5128	2	1	15	14	7	22	19	23	20	8	24	6	16	25	10	4	11	5	17	3	12	13	9	21	18
5129	5	21	17	14	8	15	10	25	1	9	19	3	13	11	6	4	22	20	18	24	2	23	12	7	16
5130	5	10	23	15	24	12	19	3	17	21	14	25	4	2	6	7	1	13	16	11	20	9	22	18	8
5131	4	8	24	15	18	12	6	21	23	14	7	11	1	2	17	19	10	3	9	22	5	13	20	25	16
5132	5	15	19	3	23	10	18	24	22	9	25	11	21	8	12	13	16	6	17	4	2	20	14	7	1
5133	8	22	23	13	5	1	20	18	21	16	4	19	6	17	2	25	10	11	12	14	9	15	3	24	7
5134	22	25	15	21	13	9	11	16	17	14	5	23	7	20	4	18	24	10	6	3	2	1	19	12	8
5135	12	9	5	19	20	6	8	18	10	3	7	21	15	14	13	24	4	11	2	25	1	17	22	23	16
5136	3	12	24	21	1	23	11	20	19	2	16	25	10	7	6	18	4	13	14	8	5	17	15	9	22
5137	1	17	16	23	22	14	4	9	3	2	25	20	13	10	6	19	12	24	11	8	7	5	15	18	21
5138	18	23	14	6	5	19	1	25	24	13	4	22	15	17	2	12	11	16	9	8	7	21	10	3	20
5139	7	20	12	10	4	18	21	1	13	25	11	15	24	5	6	23	3	22	8	2	19	14	16	9	17
5140	17	23	1	18	6	3	24	10	13	14	5	9	4	12	7	20	25	2	11	15	22	8	16	21	19
5141	3	19	6	25	1	13	7	12	16	10	21	20	22	9	14	24	8	15	2	23	11	17	5	18	4
5142	9	17	12	11	7	13	22	3	4	19	24	14	8	5	1	15	18	16	23	10	2	25	21	20	6
5143	9	25	13	17	10	22	16	12	14	11	5	19	15	4	1	2	23	24	18	8	6	3	20	7	21
5144	4	13	14	5	1	18	22	16	12	6	17	11	9	7	23	15	2	24	21	25	20	8	10	3	19
5145	13	1	15	21	5	7	23	10	3	22	4	24	25	18	12	19	17	8	11	2	9	14	16	6	20
5146	1	23	24	20	4	13	6	14	7	17	10	16	2	11	3	18	25	5	22	8	21	19	15	9	12
5147	14	7	24	19	3	9	18	10	1	16	8	2	11	21	22	23	6	12	13	4	5	25	15	20	17
5148	12	10	22	23	9	5	18	8	13	1	4	6	3	21	19	25	24	7	2	20	14	11	15	16	17
5149	7	18	17	23	25	9	10	5	2	4	22	16	13	12	3	24	15	14	8	21	20	19	6	11	1
5150	4	18	2	15	8	9	7	1	23	3	6	25	14	10	17	19	22	11	5	16	12	24	20	21	13
5151	10	14	22	16	18	7	21	1	17	12	5	20	15	13	8	2	24	11	6	19	9	23	25	4	3
5152	23	12	11	17	10	8	15	3	13	4	19	20	6	5	22	2	21	14	18	1	25	16	7	24	9
5153	5	1	14	3	17	16	6	10	19	15	9	18	21	12	2	25	22	24	7	8	13	23	20	11	4
5154	16	9	25	6	5	3	4	21	14	24	18	10	13	15	1	23	19	22	7	12	20	2	8	11	17
5155	3	19	22	12	9	14	23	24	20	1	5	4	17	6	13	2	21	7	10	18	25	15	8	11	16
5156	14	21	20	2	6	3	11	25	16	10	15	13	7	1	5	8	4	23	17	24	9	19	22	12	18
5157	7	11	19	3	21	14	17	10	15	2	23	16	18	9	6	1	4	8	22	24	12	20	25	13	5
5158	6	8	14	1	23	7	17	9	5	12	19	10	13	11	18	22	3	2	15	21	20	4	16	25	24
5159	10	4	23	17	8	14	15	21	9	12	3	2	18	19	24	25	22	16	5	13	11	6	7	20	1
5160	9	10	17	19	7	6	3	18	4	15	20	13	1	21	23	11	12	5	16	22	2	8	25	24	14
5161	12	10	18	9	17	20	8	1	7	16	3	21	15	11	5	23	2	25	6	14	24	19	22	13	4
5162	13	24	23	18	2	8	6	9	14	10	16	4	12	3	11	25	20	19	5	22	1	17	15	7	21
5163	1	10	23	19	2	25	20	14	13	16	3	22	21	7	18	5	12	8	11	9	4	17	6	24	15
5164	3	18	7	6	19	23	12	20	9	21	8	16	25	13	5	11	15	2	1	24	14	17	4	10	22
5165	17	2	24	9	12	15	1	10	7	5	16	6	8	21	11	19	13	22	3	4	25	18	14	20	23
5166	18	8	14	16	6	15	11	7	1	5	17	10	22	12	25	2	19	9	4	3	21	23	20	13	24
5167	12	20	1	13	22	11	14	5	3	24	8	25	17	15	10	19	9	7	21	16	4	2	6	23	18
5168	13	11	9	22	16	17	18	7	23	21	24	8	25	14	20	12	1	6	4	19	15	3	10	5	2
5169	9	1	21	6	2	8	11	5	14	10	24	12	13	15	22	7	4	16	23	3	17	18	19	25	20
5170	20	19	23	9	7	15	3	8	25	4	14	12	6	11	18	2	10	5	22	1	16	17	24	21	13
5171	24	6	4	13	8	25	3	16	22	14	11	1	12	10	18	2	9	20	15	17	5	21	7	23	19
5172	1	8	20	3	10	24	13	12	6	23	9	16	4	21	22	17	7	5	19	14	11	15	18	2	25
5173	22	1	10	19	15	13	3	21	5	7	17	6	2	9	4	23	14	18	24	11	8	12	20	25	16
5174	18	13	2	21	17	24	16	23	6	14	7	10	4	11	8	9	22	25	19	5	15	1	20	3	12
5175	21	11	15	24	25	20	6	17	3	8	1	10	2	7	4	5	23	12	14	19	13	22	9	16	18
5176	1	6	16	9	18	8	24	13	4	23	22	5	20	11	12	14	7	21	19	2	15	25	10	17	3
5177	2	19	12	13	9	8	3	6	23	5	4	20	1	10	15	18	21	16	14	17	25	11	24	7	22
5178	9	5	6	2	21	24	18	11	10	8	19	22	13	16	14	12	20	4	25	23	17	15	3	7	1
5179	9	3	11	25	2	5	22	24	18	13	21	15	23	17	10	20	8	1	19	4	12	16	6	7	14
5180	11	17	22	8	1	2	15	19	20	4	7	13	23	24	6	5	18	10	16	9	3	12	14	25	21
5181	15	22	24	1	12	17	11	7	21	4	18	13	19	16	8	6	20	25	5	23	3	2	9	14	10
5182	21	24	16	12	7	17	15	25	9	4	1	2	22	8	6	23	10	18	14	5	20	3	19	11	13
5183	10	7	18	17	23	16	9	2	11	12	24	4	6	5	14	19	8	25	1	3	21	20	15	22	13
5184	17	20	6	16	18	11	13	15	12	3	4	24	7	14	2	23	21	9	19	8	22	5	25	10	1
5185	1	11	23	5	20	12	25	3	10	7	14	24	19	18	8	22	21	17	16	15	2	13	9	6	4
5186	13	21	6	8	4	18	24	7	11	10	23	5	22	3	9	2	14	12	19	15	25	16	17	20	1
5187	8	20	12	4	9	25	3	1	24	19	5	15	6	2	7	13	22	10	14	11	16	21	18	17	23
5188	21	10	1	23	16	7	12	22	4	25	20	2	3	17	6	19	8	9	11	5	24	18	14	13	15
5189	18	15	8	16	3	21	22	17	11	10	19	23	5	9	13	24	4	1	6	7	14	20	12	25	2
5190	19	21	9	8	22	14	10	11	4	23	7	18	5	12	20	6	24	1	17	13	15	16	25	2	3
5191	6	25	16	21	17	23	12	15	24	1	7	18	22	8	19	2	3	9	14	10	5	4	13	20	11
5192	13	15	4	9	5	20	19	3	23	12	24	11	1	25	22	8	21	16	18	7	14	6	17	2	10
5193	23	13	11	3	4	7	8	5	18	15	12	14	16	17	20	19	2	21	24	25	1	22	9	10	6
5194	11	21	3	7	5	13	14	8	6	20	24	17	1	18	15	22	9	19	25	23	12	2	16	4	10
5195	13	2	18	9	8	3	25	20	4	15	17	24	10	22	11	19	6	21	7	23	5	12	14	1	16
5196	25	11	9	12	10	17	14	4	16	2	15	6	3	24	22	21	19	7	5	1	13	8	18	23	20
5197	19	24	8	1	14	17	23	9	6	13	12	16	15	25	7	5	22	18	11	21	3	10	2	20	4
5198	18	5	25	24	21	11	4	7	10	1	12	19	16	8	17	14	23	15	3	22	2	20	6	13	9
5199	5	2	24	11	20	19	1	22	9	4	12	3	16	13	14	18	23	25	10	6	7	17	21	8	15
5200	18	24	15	9	14	5	16	4	1	8	2	7	12	21	3	13	20	10	17	22	11	23	6	25	19
5201	21	6	2	19	3	15	23	11	17	9	8	25	18	4	16	24	22	20	5	14	1	10	7	13	12
5202	3	17	21	23	7	8	19	14	2	13	1	10	15	5	12	6	20	25	22	11	18	9	16	24	4
5203	21	18	20	12	10	9	15	24	22	19	8	2	23	17	7	16	1	14	5	6	13	25	3	4	11
5204	25	3	12	2	17	8	9	4	18	5	22	1	20	15	23	13	6	19	11	7	16	10	24	14	21
5205	23	17	19	22	8	12	21	5	14	20	1	13	9	24	10	4	7	15	11	3	18	2	6	25	16
5206	5	10	11	3	20	22	14	4	16	23	24	21	12	1	13	25	8	15	6	9	7	2	17	18	19
5207	21	8	17	7	20	4	12	2	16	11	18	23	15	19	22	3	1	25	10	9	13	6	5	24	14
5208	20	1	7	25	11	19	23	24	4	9	12	22	8	3	21	13	2	17	15	18	10	16	14	6	5
5209	13	1	19	3	10	8	24	6	4	14	18	15	16	5	23	25	2	20	17	9	11	7	21	12	22
5210	25	23	21	14	15	12	7	11	2	10	17	22	9	8	20	4	19	6	1	5	18	16	3	24	13
5211	7	21	17	8	10	22	3	6	23	25	15	2	11	1	19	20	18	9	4	14	16	5	12	24	13
5212	6	22	10	19	25	16	23	21	11	24	14	8	3	15	20	2	18	1	13	12	4	5	7	9	17
5213	23	1	18	14	5	9	12	24	22	2	19	21	10	8	11	15	6	13	3	17	4	25	16	7	20
5214	17	8	3	20	23	15	6	25	19	16	18	4	7	14	11	2	21	5	10	12	22	1	13	9	24
5215	14	3	8	4	15	19	11	25	5	6	23	20	13	12	2	22	24	16	10	17	9	1	7	18	21
5216	16	18	22	11	13	17	6	7	4	21	1	25	20	2	10	15	8	24	12	14	9	3	19	5	23
5217	1	3	10	18	22	25	2	5	14	20	24	8	4	6	12	23	17	15	11	21	16	7	19	13	9
5218	13	16	2	17	1	14	7	23	21	22	19	9	20	15	24	8	25	6	3	5	18	4	11	12	10
5219	9	1	2	12	25	24	22	16	23	7	19	10	3	15	4	6	14	17	21	20	13	5	11	8	18
5220	13	12	17	2	7	10	22	18	21	8	9	20	15	1	3	24	5	6	19	11	25	4	14	16	23
5221	4	14	3	11	25	13	24	19	8	18	22	15	23	20	12	17	16	6	10	9	21	1	5	7	2
5222	17	18	25	13	9	24	10	21	22	8	1	12	7	4	2	3	16	19	11	23	14	15	6	5	20
5223	3	17	14	24	23	7	19	22	10	6	4	11	9	20	15	16	5	13	1	21	18	8	25	12	2
5224	18	21	7	10	5	19	3	15	1	16	17	13	11	6	24	12	9	14	22	2	20	25	23	4	8
5225	14	11	1	8	23	22	24	17	7	20	3	18	25	15	13	6	2	4	9	5	21	16	19	12	10
5226	6	5	8	12	10	16	25	21	4	2	24	18	14	19	9	1	17	20	23	22	11	13	15	3	7
5227	23	14	22	17	15	8	19	20	16	2	10	6	12	1	21	11	18	3	7	25	5	13	24	9	4
5228	11	24	17	21	22	4	8	20	6	10	1	15	14	13	5	25	19	23	16	2	18	7	12	9	3
5229	19	3	1	2	9	4	14	12	20	23	8	21	5	16	25	22	24	6	15	17	11	18	7	13	10
5230	9	16	14	6	11	7	18	3	25	13	17	4	5	20	2	23	10	22	21	12	15	8	24	19	1
5231	15	4	19	11	8	21	1	20	17	2	7	22	18	23	9	3	12	13	6	16	10	25	5	14	24
5232	23	11	2	3	12	14	22	17	16	18	13	15	19	10	24	1	9	5	4	25	20	6	21	7	8
5233	24	15	22	14	20	4	16	5	10	8	25	3	11	18	12	23	7	2	19	9	17	6	21	1	13
5234	7	5	21	4	14	17	23	19	15	22	10	11	3	18	1	12	20	8	24	13	16	6	9	2	25
5235	18	16	4	23	17	2	1	22	5	3	6	19	13	20	11	7	10	21	14	24	12	8	15	9	25
5236	5	16	12	1	15	2	25	22	20	19	23	8	14	18	13	10	17	11	21	6	24	3	9	4	7
5237	20	3	21	11	10	13	18	5	23	22	9	16	17	4	25	14	1	8	6	19	7	12	24	2	15
5238	7	22	20	25	23	24	13	12	5	16	9	19	15	18	6	2	3	4	1	8	17	21	10	11	14
5239	15	1	23	7	17	20	6	5	14	2	8	13	16	18	9	11	3	10	4	21	25	12	24	22	19
5240	16	19	8	24	7	18	4	5	20	1	23	10	17	12	21	15	11	3	9	14	2	25	22	6	13
5241	2	6	17	20	16	19	13	5	25	3	15	4	10	8	23	7	21	14	24	9	12	22	1	18	11
5242	5	25	20	24	2	7	4	17	3	18	15	11	16	14	21	13	1	8	6	9	10	19	22	23	12
5243	19	3	13	7	4	15	23	11	2	24	12	20	6	9	10	1	25	8	18	21	22	16	17	14	5
5244	19	1	14	25	18	24	11	7	23	9	4	6	12	21	3	17	13	20	10	2	16	5	22	8	15
5245	12	19	11	4	9	13	14	1	18	22	15	2	3	24	5	8	7	10	25	16	20	17	23	21	6
5246	2	25	20	18	1	19	8	9	22	6	12	17	24	21	11	14	10	7	4	15	5	16	13	23	3
5247	16	23	20	15	24	14	7	1	11	8	4	19	5	9	12	10	13	21	6	22	25	2	18	3	17
5248	21	8	13	24	25	9	1	7	6	22	17	16	12	15	19	10	11	20	4	5	3	2	23	14	18
5249	9	25	8	20	15	22	4	17	12	2	5	24	10	16	3	19	1	14	21	13	6	7	18	23	11
5250	6	23	25	3	1	21	9	20	11	5	16	7	22	4	19	18	8	24	13	10	12	15	14	17	2
5251	8	17	21	14	9	11	6	23	2	18	25	19	7	1	15	13	22	16	3	5	4	10	12	20	24
5252	10	13	17	5	7	15	1	14	16	2	18	23	19	9	8	4	12	3	11	21	22	20	6	24	25
5253	21	7	17	20	18	11	1	16	14	5	25	12	9	2	22	6	8	13	23	3	15	4	10	19	24
5254	19	23	1	14	2	17	9	22	10	4	12	7	5	15	6	20	8	25	18	3	24	16	21	11	13
5255	17	1	14	9	4	5	18	7	19	21	23	10	6	20	22	25	8	24	13	3	15	12	11	2	16
5256	23	25	19	17	4	1	13	18	21	16	20	22	5	14	15	24	12	8	10	3	2	11	9	7	6
5257	6	7	9	20	15	17	25	14	23	24	22	1	3	18	2	8	13	11	12	4	19	5	16	10	21
5258	10	9	22	19	23	7	24	5	12	8	11	4	13	3	16	14	6	25	15	21	2	1	17	18	20
5259	5	14	17	20	3	4	9	23	25	6	19	16	7	22	11	15	1	10	2	21	18	12	13	8	24
5260	9	15	16	24	17	13	18	20	11	5	19	10	21	22	4	3	7	2	12	1	14	8	6	25	23
5261	24	13	4	11	3	2	8	21	10	12	22	23	25	16	19	5	17	6	18	14	20	9	1	7	15
5262	7	2	23	19	25	1	9	21	12	18	13	10	8	15	16	11	24	6	22	20	5	14	4	3	17
5263	11	19	24	23	3	20	9	10	2	13	1	14	15	5	25	7	6	12	4	21	22	8	18	17	16
5264	13	14	23	4	24	20	25	19	11	1	9	22	5	21	8	3	10	18	16	15	7	12	6	17	2
5265	8	22	15	17	7	18	23	3	20	14	4	10	16	13	25	6	19	11	1	12	24	5	2	21	9
5266	9	2	16	14	1	8	3	13	23	21	17	5	25	12	20	24	15	4	10	7	22	19	11	6	18
5267	23	9	1	10	15	14	18	12	7	5	19	25	8	17	24	11	13	20	6	4	3	21	2	16	22
5268	20	18	17	3	7	23	5	9	16	21	1	6	10	25	19	8	24	13	2	4	22	14	12	11	15
5269	2	17	1	15	7	9	16	12	22	10	20	24	13	21	23	25	14	6	8	3	11	5	18	4	19
5270	23	10	11	2	13	21	14	24	20	6	22	5	8	18	4	12	9	1	19	17	25	16	3	15	7
5271	6	4	22	18	25	13	5	11	24	9	12	19	20	21	1	10	14	3	17	2	23	7	16	15	8
5272	11	18	24	15	9	10	20	3	8	16	19	25	14	6	21	12	17	23	2	1	22	7	13	4	5
5273	23	18	12	17	7	1	4	6	25	24	21	5	3	10	2	13	20	8	14	22	11	15	16	9	19
5274	14	13	16	21	9	11	23	8	12	1	19	22	17	24	3	18	2	20	6	10	7	15	25	4	5
5275	18	9	17	21	3	4	12	5	14	20	6	24	22	23	11	25	7	16	13	8	19	15	10	1	2
5276	1	22	23	13	20	11	19	4	14	8	18	12	16	10	2	17	3	9	24	7	5	21	15	25	6
5277	15	3	17	18	10	23	22	5	9	19	12	7	13	2	4	6	24	16	20	21	14	1	11	8	25
5278	9	19	25	21	22	4	14	6	13	3	2	11	20	18	17	7	5	12	1	15	24	16	10	23	8
5279	25	1	12	20	4	16	8	9	23	24	19	13	2	18	10	17	7	11	14	22	6	21	3	15	5
5280	11	9	1	24	14	25	15	23	2	10	4	18	21	3	22	5	12	19	13	8	6	16	17	7	20
5281	24	5	12	20	15	2	21	19	23	25	7	10	4	13	3	9	14	17	6	22	11	8	1	18	16
5282	11	3	23	20	7	8	15	18	9	21	5	19	17	10	25	16	1	24	12	14	2	13	4	6	22
5283	19	22	16	24	7	11	10	6	25	13	3	8	1	5	15	20	21	14	18	17	12	9	23	4	2
5284	14	7	20	15	12	23	25	8	1	24	17	5	22	6	10	4	11	3	16	21	2	9	18	19	13
5285	13	21	8	10	1	16	23	25	24	15	22	4	14	11	5	6	20	7	19	12	3	9	18	2	17
5286	6	18	10	4	15	25	24	1	16	2	7	21	11	12	19	8	13	5	3	9	14	22	17	20	23
5287	13	2	20	6	10	8	4	11	9	24	19	25	16	12	14	7	23	5	18	22	21	1	3	15	17
5288	18	24	15	20	22	14	5	3	1	8	13	16	17	21	25	11	23	9	10	19	7	12	2	6	4
5289	22	14	18	15	9	12	17	2	5	13	7	21	8	19	3	10	11	25	4	23	24	16	20	6	1
5290	16	2	11	5	4	19	9	12	13	8	3	15	20	23	21	17	1	10	24	7	14	25	18	6	22
5291	14	8	10	7	12	18	21	17	3	5	15	22	1	20	13	6	2	11	19	25	9	23	16	4	24
5292	7	8	24	22	19	3	9	13	15	5	6	25	10	14	17	11	20	1	23	2	18	16	21	4	12
5293	18	22	5	11	14	13	23	3	4	10	19	9	15	20	2	21	7	6	8	25	12	16	24	17	1
5294	17	9	19	21	1	22	25	15	8	13	2	6	16	3	5	20	18	14	12	4	10	7	11	23	24
5295	15	3	7	11	14	23	13	17	1	18	2	4	8	5	22	24	12	19	25	16	9	10	21	6	20
5296	13	16	20	7	3	9	11	14	1	4	5	21	22	17	18	10	23	25	6	15	12	19	24	8	2
5297	23	18	17	9	3	22	8	1	6	20	21	11	7	16	24	15	4	5	12	14	25	10	19	13	2
5298	20	8	13	10	18	7	23	11	24	14	5	22	3	9	4	6	16	25	1	15	17	21	2	19	12
5299	1	19	10	16	4	5	20	24	8	14	23	15	21	7	11	13	9	18	12	22	25	3	17	2	6
5300	21	7	5	12	1	9	23	16	4	22	3	18	25	14	8	10	24	19	20	11	17	13	2	6	15
5301	10	1	23	22	20	17	6	3	25	12	24	15	11	14	4	18	8	9	21	13	2	7	19	5	16
5302	9	2	18	23	15	6	11	19	3	10	4	14	22	5	17	7	8	1	16	13	12	20	25	21	24
5303	18	2	7	20	21	3	17	25	6	24	8	4	16	19	5	11	23	9	22	12	14	15	10	1	13
5304	2	8	17	7	14	20	13	22	12	5	18	19	24	23	11	6	16	4	10	15	1	25	21	9	3
5305	7	1	3	6	11	10	4	8	19	5	2	16	25	22	23	9	18	13	20	15	21	12	17	24	14
5306	22	4	2	9	20	16	6	18	5	8	1	10	14	13	11	25	24	19	15	7	23	12	17	21	3
5307	1	14	2	12	16	4	5	13	15	3	17	21	24	11	9	6	20	25	22	19	18	8	7	23	10
5308	10	17	11	23	25	15	16	7	21	20	22	12	6	4	13	9	8	24	14	5	2	1	18	3	19
5309	17	22	18	7	14	3	24	12	16	23	11	25	13	8	2	1	10	5	9	4	6	15	20	19	21
5310	14	16	20	17	5	2	11	1	15	22	3	8	21	24	13	12	19	18	7	25	6	23	9	10	4
5311	20	11	22	25	21	9	19	18	16	5	3	7	1	23	2	4	8	24	13	14	15	12	17	10	6
5312	16	12	3	10	6	13	22	8	15	24	2	7	21	1	23	14	20	4	11	18	5	25	17	9	19
5313	19	12	4	15	11	3	20	1	18	2	16	14	17	8	7	9	22	25	23	10	21	13	24	5	6
5314	17	2	20	22	13	15	18	16	8	1	3	4	11	25	24	9	14	10	7	5	6	23	21	12	19
5315	18	11	14	6	22	20	23	13	17	9	24	16	5	1	10	4	3	19	12	8	15	7	2	25	21
5316	5	12	19	25	20	10	2	6	24	18	1	9	16	22	7	4	3	13	15	21	14	23	11	8	17
5317	21	24	25	18	6	4	14	16	20	7	11	17	13	8	2	12	1	15	22	9	23	3	10	5	19
5318	10	16	20	23	7	22	19	25	5	13	6	12	2	11	4	17	1	14	9	8	18	15	3	21	24
5319	24	18	12	1	21	15	2	20	17	14	25	6	4	9	11	23	22	10	16	7	13	19	8	5	3
5320	18	7	12	21	17	15	16	24	1	25	2	6	14	20	13	5	10	22	11	19	9	8	3	23	4
5321	5	18	15	2	9	24	10	13	8	20	4	12	14	17	1	3	16	11	21	23	19	7	6	25	22
5322	11	25	8	15	19	22	14	2	7	13	18	9	16	23	24	21	5	12	1	4	20	10	3	17	6
5323	4	11	13	14	16	10	2	25	17	22	20	21	15	23	1	9	5	8	24	3	6	12	18	7	19
5324	9	15	11	23	6	21	19	7	13	16	17	8	25	2	4	5	10	20	3	24	12	22	14	1	18
5325	17	14	23	18	3	20	9	25	7	15	19	10	24	11	16	13	1	22	8	2	4	6	21	5	12
5326	2	14	8	18	7	24	16	12	19	17	10	5	1	3	22	4	25	23	11	9	13	15	6	20	21
5327	19	16	10	24	7	6	15	18	21	17	22	3	25	5	2	8	1	14	9	23	20	12	4	13	11
5328	19	12	8	22	6	5	10	13	23	3	17	16	1	20	24	25	4	18	15	11	9	7	14	2	21
5329	3	15	16	18	25	2	14	10	23	20	22	7	13	8	6	17	11	4	24	9	19	1	21	12	5
5330	5	20	22	7	23	9	2	15	14	21	24	13	3	6	18	17	1	25	10	12	11	16	8	19	4
5331	13	25	20	4	8	16	9	21	14	5	10	24	6	12	3	11	22	23	15	2	17	1	19	18	7
5332	22	1	12	10	25	17	8	7	18	24	11	15	2	3	13	6	20	21	4	5	23	16	9	14	19
5333	22	17	4	23	24	11	18	15	2	3	1	10	21	8	19	13	5	6	14	9	20	12	25	16	7
5334	12	24	3	9	6	13	18	7	5	23	2	19	10	8	1	20	14	25	17	4	21	11	15	22	16
5335	25	20	6	15	7	11	2	12	14	18	5	3	8	9	21	17	13	10	22	24	1	19	4	16	23
5336	19	25	3	20	24	17	15	16	7	5	11	10	8	21	4	6	13	14	18	2	23	9	12	22	1
5337	23	24	3	22	20	11	16	17	25	19	2	6	13	1	14	9	18	4	8	21	7	10	5	12	15
5338	10	12	19	17	13	2	11	16	5	1	18	14	24	23	8	3	22	21	9	7	4	6	20	15	25
5339	15	23	2	20	13	9	24	7	8	25	19	22	4	17	16	11	21	10	5	14	12	3	1	6	18
5340	5	17	7	22	10	18	24	21	4	8	14	3	23	20	9	19	2	16	12	11	25	6	15	13	1
5341	12	23	4	17	13	22	21	16	25	18	7	3	6	20	24	19	9	2	11	10	5	14	8	15	1
5342	17	11	9	3	23	24	6	5	21	7	14	25	16	1	15	8	18	12	2	13	22	19	20	10	4
5343	25	9	22	21	6	13	10	11	17	5	20	12	15	7	23	19	3	1	16	4	18	8	2	14	24
5344	14	1	5	6	10	8	20	25	12	23	24	4	2	17	13	9	22	11	19	18	7	21	15	3	16
5345	18	4	6	23	8	9	19	10	5	11	1	17	22	2	14	20	12	24	25	13	7	21	16	15	3
5346	24	4	23	25	17	10	6	2	22	8	16	13	18	14	15	5	19	9	1	21	20	11	7	3	12
5347	6	15	19	14	11	18	7	20	5	21	9	22	2	23	17	25	12	4	3	13	8	10	24	16	1
5348	17	5	22	4	7	25	14	19	20	23	21	8	9	10	15	11	16	2	24	1	12	13	6	18	3
5349	20	4	17	19	23	10	12	25	13	9	6	7	1	16	14	21	22	15	11	18	5	24	2	8	3
5350	6	12	14	4	23	18	8	1	22	17	7	9	15	10	11	13	5	21	16	19	25	20	3	24	2
5351	18	12	17	21	19	2	9	20	23	1	4	11	5	8	3	14	13	15	24	16	10	6	25	7	22
5352	14	11	17	13	19	4	21	18	20	9	8	3	23	7	24	5	2	1	6	10	16	25	22	15	12
5353	2	18	5	13	1	15	8	12	25	23	3	10	24	11	7	21	17	19	14	9	20	4	22	16	6
5354	3	23	13	11	8	16	14	5	9	15	6	10	17	21	22	24	2	18	19	12	4	7	20	1	25
5355	5	19	13	20	16	9	8	25	15	6	3	17	10	1	2	7	11	12	24	18	21	14	23	4	22
5356	12	20	25	3	4	15	14	9	7	24	22	21	13	6	2	10	11	17	18	19	5	8	23	1	16
5357	6	3	12	23	4	15	11	21	25	7	13	17	8	24	19	9	14	18	22	10	1	16	5	2	20
5358	15	18	10	19	17	11	1	13	6	9	5	16	25	21	2	22	23	24	3	7	20	12	8	4	14
5359	16	4	25	24	13	22	12	3	17	6	21	7	23	20	14	19	8	1	2	9	18	10	11	5	15
5360	8	19	13	14	21	16	15	12	1	2	23	10	5	6	11	17	9	24	3	20	25	7	18	4	22
5361	12	13	1	9	24	25	4	7	10	5	16	3	8	21	22	11	15	20	17	14	6	23	18	2	19
5362	11	24	25	13	23	17	14	12	21	8	18	9	1	7	19	5	3	6	20	15	16	10	22	4	2
5363	2	7	6	16	18	4	9	13	10	5	11	15	21	17	23	22	1	8	14	25	24	12	19	3	20
5364	21	9	20	18	7	24	2	16	14	6	13	15	10	3	11	5	25	22	4	12	23	1	17	19	8
5365	20	13	9	15	16	14	17	7	3	4	24	22	2	1	6	12	10	8	5	21	11	18	19	25	23
5366	16	5	9	6	19	4	7	25	23	21	18	14	22	2	17	1	12	8	3	24	13	20	15	11	10
5367	23	12	20	16	6	17	4	7	3	5	18	14	11	22	1	24	19	15	25	21	9	10	13	8	2
5368	9	21	20	13	11	7	6	8	2	24	5	25	15	16	23	18	12	22	3	1	4	19	10	17	14
5369	10	5	13	12	22	14	7	16	6	2	25	9	19	24	18	1	17	23	20	11	4	8	3	21	15
5370	11	10	8	1	5	7	15	14	18	4	6	2	23	9	17	21	19	25	13	22	12	3	16	24	20
5371	23	7	19	18	1	16	21	11	15	25	14	9	12	10	5	6	4	13	2	8	20	17	3	22	24
5372	23	17	13	3	15	6	2	7	10	9	12	24	25	22	20	5	18	8	16	4	11	1	19	21	14
5373	6	25	24	7	23	2	5	18	20	19	8	4	21	16	12	13	14	1	9	22	11	10	3	15	17
5374	11	5	25	3	23	19	18	6	10	4	9	7	2	16	15	1	24	14	13	22	21	20	17	12	8
5375	12	17	14	19	5	21	15	3	10	4	24	20	11	2	7	18	13	25	1	6	22	16	23	9	8
5376	2	4	12	24	7	1	17	16	25	23	22	14	13	11	10	15	5	21	18	19	9	3	20	6	8
5377	8	6	25	16	17	12	11	5	20	19	15	18	1	14	24	22	21	3	9	10	7	4	13	2	23
5378	2	16	9	15	21	12	24	5	1	23	17	4	19	7	3	22	25	6	20	10	11	8	18	13	14
5379	9	4	18	20	10	3	22	21	17	12	7	8	13	19	24	6	25	15	1	16	2	5	14	23	11
5380	2	22	20	23	8	11	18	16	21	6	4	3	17	15	25	12	9	24	10	5	13	19	1	7	14
5381	16	5	10	18	24	25	12	11	19	14	4	20	15	23	22	7	2	17	9	3	1	21	13	6	8
5382	13	7	2	18	23	11	24	19	12	1	22	17	20	3	10	8	21	4	14	16	25	6	9	15	5
5383	2	4	3	22	11	21	1	9	7	12	14	16	24	18	15	17	5	10	23	20	8	25	13	19	6
5384	18	22	2	1	15	24	3	14	11	16	12	8	4	5	17	23	20	19	13	10	25	9	21	7	6
5385	20	5	25	8	23	18	19	12	13	14	24	15	9	17	6	4	2	21	3	10	22	7	1	16	11
5386	14	23	22	3	17	13	11	10	8	24	7	1	25	4	9	15	19	20	16	21	2	12	18	6	5
5387	4	22	1	24	6	13	18	9	3	14	16	10	20	11	19	25	12	23	17	8	7	21	2	15	5
5388	9	16	20	14	21	17	24	12	22	25	10	11	4	5	2	3	6	15	1	23	19	7	8	13	18
5389	3	13	21	23	15	10	22	19	11	18	14	5	4	7	1	16	9	8	20	2	25	24	6	12	17
5390	20	8	7	19	2	14	1	3	13	12	16	25	17	22	21	9	5	10	15	18	23	11	24	4	6
5391	14	11	16	23	19	3	22	8	12	24	25	2	5	4	20	10	7	15	17	13	6	9	18	21	1
5392	17	10	8	1	25	24	6	7	20	22	2	9	5	16	13	21	18	23	4	15	11	12	14	19	3
5393	6	10	4	19	7	21	17	25	9	5	18	12	20	15	11	8	24	22	16	23	3	14	2	1	13
5394	22	15	16	25	17	7	13	12	8	21	3	4	5	9	24	23	11	10	1	2	20	14	18	19	6
5395	1	18	20	3	14	22	13	16	17	25	12	5	21	15	7	23	2	11	9	24	19	8	6	10	4
5396	15	1	22	4	11	13	21	14	20	10	6	16	25	24	7	17	23	5	2	3	19	18	12	8	9
5397	11	13	15	19	23	3	10	12	25	24	2	1	5	21	4	17	9	16	7	8	18	14	22	20	6
5398	9	22	13	1	17	25	19	4	2	20	12	3	5	6	16	23	8	11	14	7	21	15	18	24	10
5399	25	11	3	17	14	12	16	22	19	24	10	9	1	18	21	5	13	2	8	15	4	20	7	6	23
5400	20	18	13	12	25	11	24	6	14	2	23	7	9	1	21	8	19	4	3	5	10	22	16	15	17
5401	18	8	2	1	5	7	22	10	6	15	21	19	4	13	23	16	11	25	24	12	9	14	20	3	17
5402	1	12	7	24	2	10	15	18	20	22	23	17	16	19	6	13	9	3	5	11	21	25	8	4	14
5403	1	17	2	15	12	24	11	20	14	4	8	22	19	5	7	23	16	21	10	6	25	3	13	9	18
5404	16	7	21	11	6	1	10	22	17	14	18	13	8	5	23	19	20	3	9	15	12	24	25	4	2
5405	10	1	15	19	12	2	13	22	5	18	21	3	24	23	25	20	17	14	11	7	16	6	4	8	9
5406	24	14	15	8	23	12	1	11	5	7	22	19	6	4	13	17	2	18	25	21	10	20	3	9	16
5407	8	10	20	3	11	18	9	17	15	2	12	5	25	16	13	22	24	1	23	19	21	14	4	6	7
5408	21	1	4	6	15	17	23	3	20	10	11	7	22	14	19	5	18	8	16	13	25	24	2	12	9
5409	3	15	8	20	16	4	25	22	19	5	21	6	24	18	1	12	10	11	2	17	9	14	7	23	13
5410	4	24	25	11	10	7	8	19	23	17	21	14	22	1	20	2	16	9	12	13	3	15	5	6	18
5411	8	25	22	13	11	24	15	4	21	14	2	23	16	6	19	7	5	18	1	3	20	10	9	12	17
5412	17	19	21	18	7	20	22	1	16	23	4	5	12	25	13	24	14	9	8	11	3	10	2	15	6
5413	14	17	4	18	9	13	12	20	8	5	19	15	24	1	16	6	11	3	23	10	21	7	2	25	22
5414	21	5	4	13	25	9	23	2	3	8	24	22	15	14	17	7	6	18	10	20	1	12	16	19	11
5415	16	18	3	1	4	19	21	22	6	11	23	24	8	17	14	2	10	9	20	7	15	13	25	12	5
5416	22	20	14	5	3	25	19	12	1	21	24	17	8	23	7	9	13	10	2	18	16	6	15	11	4
5417	4	21	8	24	22	17	12	25	2	13	3	1	19	5	18	15	7	16	9	23	6	10	11	14	20
5418	6	14	10	12	9	4	22	7	21	16	19	18	20	25	1	23	24	17	5	3	11	15	2	13	8
5419	5	7	4	9	14	1	12	15	23	13	21	24	6	8	10	19	16	22	20	25	11	2	17	3	18
5420	2	11	10	15	12	23	13	17	20	14	25	24	19	6	22	18	9	1	4	3	5	7	8	21	16
5421	7	20	24	13	2	22	15	19	4	1	12	6	5	21	11	25	14	23	10	3	18	16	8	17	9
5422	5	19	18	2	24	17	22	8	23	11	7	12	9	15	6	14	1	20	13	25	3	4	10	21	16
5423	7	24	21	12	1	16	14	4	10	6	5	3	9	18	25	23	15	22	20	8	2	19	11	17	13
5424	23	1	17	3	5	13	18	2	9	21	7	6	24	19	22	4	8	20	14	25	12	16	11	15	10
5425	6	21	9	7	22	8	23	14	17	15	12	19	5	16	20	24	11	25	2	10	4	13	1	3	18
5426	25	6	23	22	19	4	10	12	5	16	21	17	15	3	2	20	7	24	18	9	13	14	11	8	1
5427	17	18	21	11	10	4	7	13	24	25	3	8	22	5	20	2	14	12	23	15	19	9	1	6	16
5428	19	7	22	11	12	24	10	21	8	5	2	9	6	25	16	17	15	23	4	3	20	14	18	1	13
5429	23	17	7	11	12	22	20	19	6	10	3	25	24	5	18	15	1	16	4	2	14	13	21	9	8
5430	11	5	25	18	15	4	6	12	13	20	23	21	22	19	14	2	8	16	3	17	10	7	24	1	9
5431	5	15	13	6	23	24	7	22	4	9	1	19	10	2	16	20	17	3	25	18	11	14	12	8	21
5432	9	11	25	21	17	1	4	3	13	7	8	12	22	24	20	5	18	2	23	16	10	19	15	14	6
5433	24	1	2	5	25	7	4	10	17	22	3	20	23	9	21	14	8	18	15	12	6	16	13	11	19
5434	4	20	19	9	8	5	17	18	13	25	21	10	6	23	1	11	12	15	24	2	14	3	16	7	22
5435	12	2	14	9	21	3	8	25	6	23	11	18	17	22	1	10	16	20	4	5	19	24	15	7	13
5436	3	16	21	13	17	4	18	25	7	11	6	20	5	23	22	10	9	15	19	1	2	12	24	14	8
5437	20	21	8	19	10	16	7	18	3	23	2	25	22	13	24	14	5	6	12	9	1	15	11	4	17
5438	10	2	13	17	12	18	11	9	20	23	25	5	3	22	24	19	21	16	4	15	1	14	8	6	7
5439	23	3	18	4	2	15	22	20	19	24	9	13	25	16	8	6	14	17	1	7	21	12	11	5	10
5440	25	23	19	5	8	3	12	21	16	18	6	9	2	11	14	24	7	10	22	15	4	20	17	1	13
5441	10	3	5	25	21	15	18	1	23	2	11	8	22	16	6	14	24	9	4	17	20	12	19	13	7
5442	7	18	4	23	13	20	14	19	25	24	6	1	5	21	8	11	15	12	9	3	22	10	17	2	16
5443	7	12	13	16	24	5	1	20	17	11	3	10	8	18	21	2	9	6	22	25	4	19	15	14	23
5444	16	9	3	8	24	20	12	2	5	21	1	10	7	25	14	19	22	17	13	11	23	18	4	15	6
5445	5	1	12	17	4	25	14	19	16	13	3	11	2	10	23	21	22	9	8	24	15	20	6	18	7
5446	9	2	10	14	4	15	7	12	1	6	8	25	18	13	5	21	11	16	22	23	19	24	3	17	20
5447	2	21	22	16	20	18	14	5	25	15	10	24	9	4	1	11	6	12	8	19	23	13	3	17	7
5448	5	3	9	7	19	23	1	25	2	11	15	13	14	12	16	20	6	17	10	8	4	22	24	21	18
5449	18	17	1	22	19	16	12	21	10	24	2	15	8	20	5	9	3	7	25	4	23	11	13	14	6
5450	5	10	1	19	22	9	14	2	15	16	13	21	12	23	11	18	20	3	25	4	17	7	6	8	24
5451	17	8	9	3	22	2	23	20	15	16	21	24	4	10	14	6	7	12	11	13	1	25	18	5	19
5452	24	11	17	14	21	13	19	20	8	22	5	10	7	2	1	9	15	18	4	3	16	23	12	6	25
5453	8	20	24	15	18	11	13	4	14	7	3	22	6	1	5	16	21	10	19	2	12	25	17	9	23
5454	17	3	4	7	21	6	24	12	10	18	13	11	20	8	19	2	9	14	15	22	23	25	1	16	5
5455	3	1	9	10	19	15	14	2	23	20	18	17	13	12	21	24	6	8	7	16	25	5	4	11	22
5456	15	4	25	24	5	9	2	10	18	1	21	12	7	6	20	8	17	13	11	14	23	3	16	19	22
5457	6	5	10	17	21	22	8	18	19	9	11	24	15	16	4	7	13	12	23	2	3	20	1	25	14
5458	18	2	12	8	6	7	24	17	21	5	1	4	11	14	22	23	19	16	25	15	3	10	13	9	20
5459	21	6	1	7	20	5	18	13	17	19	25	4	3	9	11	23	22	14	8	2	16	15	12	10	24
5460	19	6	10	13	11	12	5	17	2	25	1	24	15	14	16	18	20	9	3	4	8	7	23	22	21
5461	7	20	22	13	3	9	5	10	17	8	12	19	25	16	14	18	15	4	24	23	6	21	11	1	2
5462	4	2	1	16	5	18	13	21	23	9	10	15	8	25	14	3	20	22	12	19	6	24	11	17	7
5463	8	17	23	25	21	2	14	5	4	20	24	22	16	6	11	15	7	10	9	19	18	13	1	12	3
5464	21	14	9	7	1	10	23	25	3	2	11	5	18	22	6	15	19	16	12	20	4	8	17	13	24
5465	19	5	22	18	9	2	13	4	7	10	11	17	20	25	15	6	12	3	1	23	21	14	16	24	8
5466	7	15	22	21	1	12	16	6	24	5	4	20	23	8	19	10	13	11	9	14	3	25	2	18	17
5467	10	13	23	24	14	9	8	21	20	12	3	18	2	5	7	1	11	6	22	16	17	19	4	15	25
5468	8	15	20	13	2	4	1	22	10	17	24	14	21	3	11	19	16	5	9	25	6	12	7	18	23
5469	21	10	20	12	16	14	7	24	1	22	19	6	11	15	23	4	13	5	3	17	18	9	2	25	8
5470	5	7	6	17	8	25	4	13	24	12	16	23	22	9	3	2	10	20	15	21	11	14	18	1	19
5471	3	22	16	20	2	4	18	5	8	21	14	9	23	12	1	10	19	11	13	15	7	6	25	17	24
5472	23	24	1	14	3	20	8	6	13	22	7	25	15	9	18	12	4	2	5	17	10	11	16	19	21
5473	15	16	20	4	8	9	5	14	1	19	12	10	25	6	18	23	24	17	22	21	11	7	2	3	13
5474	18	11	24	2	15	20	10	23	4	3	5	25	7	6	17	16	19	21	8	14	1	9	22	13	12
5475	11	21	13	9	2	4	19	14	24	5	17	12	23	6	18	22	8	20	7	3	10	15	25	1	16
5476	12	18	19	4	3	15	7	21	6	9	22	1	10	17	23	16	5	11	20	8	24	2	14	25	13
5477	2	4	18	16	22	21	17	10	25	12	15	11	3	19	23	5	20	9	7	1	6	13	8	14	24
5478	10	22	12	8	9	16	24	25	21	20	23	14	6	19	2	3	1	5	17	18	7	13	15	11	4
5479	23	17	7	2	12	15	24	10	16	3	20	6	9	25	11	5	22	19	18	4	21	8	1	14	13
5480	16	13	5	14	21	7	6	25	2	15	17	3	11	19	9	8	20	18	23	24	10	22	12	4	1
5481	5	22	16	3	25	20	11	18	10	9	17	14	8	24	2	23	1	19	21	12	7	4	13	15	6
5482	19	12	6	20	2	5	17	24	13	15	8	10	1	11	9	4	22	25	23	3	21	18	14	7	16
5483	7	15	11	3	18	2	4	12	1	19	9	25	13	6	16	5	10	21	24	14	22	17	8	23	20
5484	25	1	8	15	13	9	2	19	20	18	16	14	23	6	3	17	11	5	22	21	24	7	4	12	10
5485	7	25	10	3	19	18	11	9	6	16	24	17	1	23	13	2	14	4	8	15	22	21	5	20	12
5486	24	12	18	8	10	20	7	11	5	3	4	9	6	23	17	13	25	22	19	15	21	16	2	1	14
5487	12	16	20	1	22	10	8	13	2	7	25	23	6	17	9	19	5	18	24	14	21	15	3	11	4
5488	9	23	17	2	14	24	22	19	6	7	18	25	15	1	12	11	21	8	16	13	20	3	5	10	4
5489	2	12	17	16	8	3	5	20	19	22	21	9	23	14	13	4	18	25	6	24	10	11	15	7	1
5490	24	14	3	12	15	21	6	13	10	23	2	5	7	20	18	16	17	1	22	8	11	4	19	25	9
5491	14	2	19	7	24	17	4	20	16	11	23	5	21	25	8	18	9	6	10	15	12	1	22	13	3
5492	8	23	16	4	21	20	25	10	18	7	17	12	5	2	6	1	3	13	9	22	14	19	15	24	11
5493	6	11	19	18	24	7	10	23	25	15	2	21	13	3	5	4	14	17	1	12	9	20	16	8	22
5494	11	25	2	15	6	1	4	16	17	22	21	5	9	19	3	20	12	24	8	10	18	14	23	7	13
5495	15	14	7	11	9	22	17	18	16	10	19	21	12	2	20	23	3	1	8	6	13	4	25	24	5
5496	17	14	3	1	15	21	22	4	8	23	2	12	9	16	19	13	7	20	24	6	11	18	10	25	5
5497	16	4	7	1	14	22	6	8	19	25	9	21	24	17	20	11	13	23	5	3	12	2	15	10	18
5498	23	10	20	19	15	9	16	17	5	7	13	1	12	18	14	21	8	25	11	22	24	2	3	4	6
5499	22	11	12	23	16	14	5	7	6	21	3	9	25	8	15	4	24	1	19	18	2	10	20	13	17
5500	24	21	14	16	7	18	8	10	13	4	3	20	9	22	11	1	12	19	23	17	2	15	5	25	6
5501	15	10	12	25	19	11	14	24	6	4	22	7	9	17	16	13	20	21	2	3	5	8	18	1	23
5502	5	16	10	15	23	12	24	13	3	1	11	22	21	18	14	4	20	8	19	2	17	9	25	6	7
5503	1	2	15	3	20	12	16	11	9	21	7	17	5	19	6	13	18	23	14	8	4	22	10	25	24
5504	15	21	19	8	3	16	14	20	12	23	2	18	10	5	13	17	9	6	11	25	7	24	22	1	4
5505	25	24	2	21	5	16	1	9	6	11	22	19	23	14	15	8	13	10	18	7	17	3	4	12	20
5506	5	21	13	20	3	9	11	15	23	25	24	12	4	10	19	6	1	2	8	7	17	18	14	16	22
5507	25	17	22	21	8	6	1	20	16	7	10	19	9	4	5	3	12	14	24	15	13	18	23	11	2
5508	25	21	10	1	23	11	15	12	5	20	2	7	24	19	18	9	14	17	3	13	16	4	22	6	8
5509	21	23	12	17	1	7	19	11	13	18	14	22	20	24	10	9	2	15	16	4	25	6	5	3	8
5510	18	24	1	4	10	13	17	20	15	21	14	19	7	16	22	9	3	8	5	12	23	6	25	11	2
5511	2	18	24	15	6	1	14	25	12	16	10	22	20	23	5	13	4	3	9	17	8	11	7	19	21
5512	9	12	6	8	25	16	11	17	24	18	15	2	19	5	3	1	10	13	23	20	22	4	14	21	7
5513	6	16	4	14	3	15	9	1	5	19	25	2	12	23	8	11	24	22	7	18	13	20	17	21	10
5514	10	1	21	18	23	24	4	5	25	15	3	12	19	13	16	2	6	17	20	7	11	9	8	14	22
5515	6	11	20	9	25	14	23	8	2	24	5	19	18	15	1	13	21	22	7	17	4	3	10	12	16
5516	8	7	5	20	14	6	18	11	3	16	25	24	23	12	13	1	10	4	19	17	21	22	2	9	15
5517	16	3	19	9	24	13	5	8	14	23	15	11	7	17	25	22	18	6	10	21	1	20	12	2	4
5518	1	2	9	7	22	6	5	17	19	13	12	21	24	16	25	11	20	14	4	10	3	15	23	8	18
5519	4	18	11	22	10	1	12	25	14	8	7	15	20	17	9	5	2	6	16	21	24	19	23	13	3
5520	2	4	1	12	13	20	19	25	8	24	23	3	22	21	9	14	5	6	10	17	7	16	15	18	11
5521	11	14	7	20	22	23	25	16	12	15	21	10	4	17	3	13	18	6	8	19	9	2	5	24	1
5522	2	18	24	5	20	10	3	21	8	16	12	23	1	22	15	17	25	19	4	9	6	7	14	11	13
5523	23	2	6	13	5	25	17	18	21	12	16	15	8	4	24	20	1	19	14	11	10	22	7	9	3
5524	4	22	19	5	24	12	25	16	2	23	8	17	6	9	14	21	1	7	13	3	10	15	18	20	11
5525	24	4	5	9	6	25	15	19	22	2	11	7	10	20	1	3	13	23	18	8	17	12	21	16	14
5526	6	8	1	22	21	18	7	3	24	9	2	13	12	10	17	23	5	16	25	11	4	15	14	19	20
5527	19	8	5	21	16	1	2	6	10	12	4	9	11	25	7	20	23	18	13	15	24	17	14	22	3
5528	10	17	9	22	3	11	19	16	6	25	1	4	20	12	13	18	8	2	7	21	24	14	5	15	23
5529	9	2	19	4	17	16	14	23	11	7	25	3	1	13	10	20	8	18	22	6	24	21	12	15	5
5530	3	2	9	20	13	22	10	14	6	15	7	24	16	23	18	19	5	4	11	25	21	17	12	1	8
5531	1	14	3	17	23	13	16	21	24	10	8	12	9	7	11	20	2	25	18	6	4	19	22	15	5
5532	4	16	3	8	13	19	6	18	11	5	12	25	1	7	15	14	20	10	2	9	22	17	24	23	21
5533	24	10	7	14	18	13	23	22	11	6	16	17	3	12	15	9	8	21	25	1	20	4	19	5	2
5534	22	6	10	5	20	7	14	4	3	19	9	23	16	21	1	15	13	2	8	18	12	11	17	25	24
5535	9	22	6	19	1	3	21	12	14	4	13	25	2	20	7	24	15	17	10	8	16	23	5	11	18
5536	4	6	7	20	17	14	25	16	3	12	15	24	19	18	13	5	9	11	8	22	1	10	23	21	2
5537	1	12	25	11	9	19	2	22	15	5	24	17	23	10	18	3	6	7	8	13	4	20	14	16	21
5538	7	18	24	12	6	3	11	16	10	14	20	21	8	17	25	9	22	2	23	15	13	4	19	1	5
5539	24	21	16	14	20	15	23	11	10	17	5	9	25	22	19	18	3	8	7	6	2	1	4	13	12
5540	13	12	15	1	19	16	9	2	10	14	18	22	20	21	11	24	5	8	4	23	7	3	17	6	25
5541	4	25	7	6	15	18	3	24	8	23	17	1	12	13	11	5	22	14	19	20	9	21	16	10	2
5542	11	3	1	24	6	19	13	23	10	7	21	25	9	8	5	17	22	12	16	2	15	14	20	18	4
5543	1	22	16	7	2	19	6	8	23	18	11	12	17	24	14	10	15	25	20	4	9	3	13	21	5
5544	2	15	19	3	18	5	17	25	6	23	14	16	24	13	20	11	4	10	1	22	9	8	21	7	12
5545	9	16	8	14	12	3	4	6	22	17	13	5	19	7	10	18	21	25	15	2	23	24	1	11	20
5546	4	11	3	6	13	17	25	9	7	24	22	20	14	16	1	19	21	18	12	8	15	5	23	10	2
5547	22	3	19	18	25	1	2	21	16	10	6	12	20	7	13	9	14	4	15	23	17	24	5	8	11
5548	11	12	5	19	6	18	21	9	14	3	4	20	24	22	16	25	7	13	10	23	2	8	15	17	1
5549	15	22	16	12	23	7	25	4	14	10	18	20	6	13	8	5	19	17	11	2	21	3	1	9	24
5550	7	4	21	25	22	1	20	9	10	16	6	5	11	3	24	14	2	18	13	17	8	19	12	15	23
5551	3	15	5	4	10	8	19	1	20	23	12	17	2	9	24	7	14	6	16	18	22	21	13	11	25
5552	1	3	2	22	25	12	13	18	20	16	23	10	15	8	19	9	24	17	11	14	21	4	6	7	5
5553	10	14	11	9	17	7	1	20	3	24	23	25	22	21	15	4	18	19	2	12	6	5	16	13	8
5554	23	13	16	22	24	3	18	6	21	11	8	17	7	15	25	14	5	10	12	4	1	9	2	19	20
5555	18	12	10	1	16	24	4	2	25	20	5	7	15	9	13	22	23	3	6	21	14	19	17	11	8
5556	18	20	8	13	15	2	6	19	7	4	10	24	23	11	12	21	9	22	5	16	1	17	14	25	3
5557	2	12	13	19	1	20	16	23	6	24	10	9	25	15	17	8	7	11	4	21	3	18	14	5	22
5558	14	9	25	4	19	16	11	10	1	3	12	17	20	6	8	21	13	15	5	7	24	22	18	23	2
5559	5	14	20	10	12	2	22	19	16	17	18	9	6	1	8	11	13	7	3	25	24	23	4	21	15
5560	7	9	15	23	6	20	1	21	12	22	10	18	13	14	11	3	4	2	8	17	24	19	5	25	16
5561	1	22	10	9	3	21	18	5	16	15	2	25	4	6	19	11	13	23	7	14	12	17	8	20	24
5562	2	13	3	7	22	4	17	12	1	10	18	15	6	5	11	20	23	24	19	25	21	8	16	14	9
5563	6	23	24	13	12	11	1	9	21	5	10	4	8	19	7	18	22	17	15	14	2	20	25	3	16
5564	21	6	17	16	14	10	4	18	23	8	7	12	15	5	19	1	2	20	11	9	25	22	13	3	24
5565	1	22	23	5	16	11	12	21	24	14	19	2	4	6	15	20	8	3	10	9	25	13	17	18	7
5566	21	12	9	22	7	14	2	16	20	18	5	11	8	17	19	3	4	6	24	1	25	23	15	13	10
5567	9	11	6	23	24	20	22	13	10	16	17	1	4	12	2	18	25	19	21	5	8	14	3	7	15
5568	4	7	12	10	5	9	17	14	6	13	18	3	20	21	25	1	23	22	11	2	19	16	15	8	24
5569	19	15	7	11	18	22	16	23	20	17	14	3	8	24	1	13	21	25	4	10	12	9	2	5	6
5570	7	5	15	18	1	12	19	6	4	11	10	16	8	23	2	21	24	14	13	17	22	25	3	9	20
5571	8	1	6	7	2	15	24	18	21	16	11	13	4	5	12	20	25	22	19	3	9	14	10	23	17
5572	21	24	9	12	2	3	17	15	23	14	25	16	19	7	22	10	11	18	4	5	8	13	20	1	6
5573	16	19	10	22	25	20	17	15	9	24	4	13	7	2	14	21	23	18	3	11	5	8	6	1	12
5574	6	9	23	18	21	20	17	7	4	10	12	1	5	8	22	14	25	11	19	24	13	16	3	2	15
5575	17	21	19	22	13	16	10	8	20	15	9	18	3	24	2	4	23	25	12	14	11	1	7	5	6
5576	14	13	3	6	15	20	7	4	19	8	1	17	9	11	21	22	12	18	25	2	5	24	10	16	23
5577	7	12	17	24	23	5	25	2	1	18	3	13	20	11	16	15	19	6	10	21	9	22	14	8	4
5578	17	14	3	2	23	25	5	12	4	13	22	7	24	20	11	15	19	18	10	1	6	21	16	9	8
5579	3	11	22	18	13	16	7	10	9	20	15	5	6	8	4	23	12	25	19	21	14	1	17	24	2
5580	3	5	18	23	24	21	14	7	22	10	13	16	8	6	4	9	20	1	11	17	2	12	15	25	19
5581	22	14	10	15	16	6	17	12	21	4	2	19	18	20	1	7	8	5	11	23	13	9	25	3	24
5582	4	9	19	13	25	16	12	10	11	23	22	2	1	15	7	14	21	17	20	24	6	8	3	5	18
5583	12	25	15	21	20	16	9	14	17	1	10	6	24	8	22	5	2	23	7	19	3	18	11	13	4
5584	16	23	13	15	8	5	14	7	19	17	18	25	20	3	10	1	21	4	6	11	9	24	12	2	22
5585	6	14	7	2	13	25	17	10	16	22	3	20	18	9	21	5	4	11	15	12	24	8	1	23	19
5586	11	7	22	2	25	23	5	1	3	9	8	6	17	21	12	4	24	14	16	13	18	15	10	20	19
5587	14	8	10	1	15	4	3	21	7	23	19	12	13	18	16	17	20	6	9	25	22	11	5	2	24
5588	4	21	1	7	20	8	22	10	24	3	16	13	6	15	2	9	14	17	23	5	19	11	25	12	18
5589	5	11	12	1	7	25	9	6	16	24	10	19	8	4	13	2	3	18	22	17	20	14	21	23	15
5590	23	16	17	12	8	7	5	24	6	11	18	10	3	1	2	22	21	15	9	19	20	14	25	13	4
5591	6	25	18	24	3	23	20	19	21	2	7	8	14	10	15	16	9	22	13	12	5	17	11	4	1
5592	16	18	14	22	17	3	5	19	20	25	12	7	11	2	13	6	8	24	1	21	23	10	15	4	9
5593	3	16	21	10	18	23	7	5	19	14	22	4	12	25	24	2	9	20	13	15	17	1	8	6	11
5594	14	21	20	2	8	16	11	12	25	5	15	1	13	17	22	4	18	23	3	9	24	6	7	10	19
5595	14	20	11	25	8	23	2	19	15	4	3	10	6	7	22	18	12	9	17	1	21	24	16	5	13
5596	17	1	16	19	5	14	10	22	20	4	23	7	12	13	25	24	2	3	18	21	8	11	6	15	9
5597	17	13	6	10	15	4	11	22	20	5	14	8	18	24	21	1	2	19	16	9	25	3	23	7	12
5598	11	9	12	21	25	17	14	15	3	13	4	23	19	18	8	24	6	20	1	22	7	5	2	10	16
5599	25	11	21	5	8	10	24	15	7	9	16	17	3	2	19	13	12	4	20	18	6	1	14	23	22
5600	2	12	19	10	21	6	9	16	24	1	14	15	3	23	20	5	4	25	7	11	8	22	17	13	18
5601	17	24	15	20	12	23	3	22	11	13	8	25	18	16	1	14	7	6	9	21	4	10	19	5	2
5602	4	21	14	25	19	23	15	2	7	5	16	13	20	12	6	9	11	8	17	18	24	3	10	22	1
5603	11	17	10	12	24	7	14	6	23	20	18	3	2	22	4	5	15	9	21	13	19	1	16	25	8
5604	2	11	8	16	25	7	5	14	21	4	13	3	22	24	23	9	1	12	19	20	10	17	18	6	15
5605	9	17	8	18	21	7	5	19	1	15	20	24	25	14	12	4	13	2	16	3	22	6	10	11	23
5606	22	12	10	14	19	20	9	24	15	5	21	17	25	4	6	23	18	3	11	16	2	8	13	7	1
5607	24	19	12	1	23	21	2	16	3	17	11	18	15	5	22	10	4	25	8	6	20	7	14	9	13
5608	10	1	22	4	8	6	18	17	16	3	23	15	19	20	12	9	5	24	21	11	7	25	2	14	13
5609	4	12	5	22	1	25	3	10	6	18	8	20	11	9	19	16	2	7	14	17	24	21	15	23	13
5610	25	9	13	14	6	11	3	4	12	18	7	15	21	22	5	8	1	17	23	20	16	19	2	10	24
5611	11	4	19	10	15	9	24	13	6	14	2	18	21	23	25	20	16	8	22	1	5	17	7	12	3
5612	11	25	9	12	16	8	1	18	6	19	2	15	5	23	14	7	13	20	17	21	4	24	10	3	22
5613	10	5	14	4	20	21	25	22	15	17	3	23	2	12	8	16	11	19	13	1	6	24	18	7	9
5614	8	19	14	16	6	11	17	12	15	23	25	5	10	18	3	2	7	20	24	21	13	4	9	1	22
5615	7	16	14	8	2	18	11	19	6	9	23	21	12	24	15	5	13	4	3	20	22	17	1	25	10
5616	20	14	1	6	24	8	23	17	5	12	19	21	3	10	13	22	7	15	2	9	18	16	11	4	25
5617	5	11	18	14	15	7	10	23	25	21	2	6	1	24	4	9	12	19	3	17	20	13	22	8	16
5618	18	19	16	12	2	13	8	9	22	4	23	1	10	21	15	7	3	24	6	17	11	14	5	20	25
5619	1	9	20	10	25	6	18	16	12	17	24	15	23	5	22	11	4	8	3	21	19	7	13	2	14
5620	2	9	17	1	20	10	24	3	18	13	5	19	12	25	4	7	23	15	6	16	8	21	11	22	14
5621	12	20	21	11	23	25	8	6	22	24	19	3	7	13	17	5	14	2	16	4	15	10	1	9	18
5622	2	9	3	7	12	16	21	5	18	25	10	4	13	15	20	22	1	23	11	19	24	17	6	8	14
5623	8	5	25	20	10	7	11	24	13	3	9	21	1	17	6	12	18	23	14	15	16	22	19	2	4
5624	24	16	17	25	9	21	11	19	6	7	18	14	15	1	2	4	3	22	10	8	23	5	13	12	20
5625	7	1	22	13	14	11	18	6	12	25	15	19	2	16	23	9	5	24	4	8	21	3	10	20	17
5626	13	22	18	5	7	14	11	2	1	12	21	23	24	15	3	19	16	25	6	4	20	10	17	8	9
5627	20	9	6	3	21	11	8	2	1	5	23	7	13	4	19	22	14	17	15	16	10	12	24	25	18
5628	12	21	3	23	11	22	8	6	17	16	7	24	18	10	2	20	19	9	4	14	1	15	5	25	13
5629	2	6	11	24	22	8	13	10	16	18	19	14	5	15	7	17	3	21	23	20	9	1	12	25	4
5630	24	25	23	5	18	7	13	19	16	4	22	12	15	21	1	2	3	9	10	14	17	6	8	20	11
5631	15	8	6	2	12	21	25	3	22	16	10	23	4	19	24	17	1	13	5	14	9	7	20	11	18
5632	16	22	20	21	25	23	18	4	13	6	5	2	1	12	14	9	8	19	10	17	11	15	3	7	24
5633	16	7	20	9	4	21	22	25	10	11	15	2	19	3	14	24	18	13	23	17	5	12	6	8	1
5634	17	1	9	4	19	2	7	6	8	21	23	22	20	12	18	24	5	25	13	3	14	11	16	10	15
5635	8	20	22	11	15	23	2	13	10	9	14	7	12	16	4	5	6	17	24	1	18	21	19	3	25
5636	13	18	9	1	6	3	17	20	23	14	8	25	16	11	2	21	10	24	5	19	4	15	12	7	22
5637	21	14	22	1	17	10	16	12	5	15	20	11	9	8	4	25	23	6	13	2	18	24	7	19	3
5638	9	13	23	1	22	20	10	24	7	2	12	17	6	5	21	4	16	14	8	3	25	15	19	18	11
5639	17	5	6	3	14	25	1	20	4	21	9	7	12	11	24	15	2	23	18	8	19	16	13	22	10
5640	24	7	9	3	19	23	16	14	2	10	12	17	8	5	25	6	18	4	15	1	20	22	11	21	13
5641	23	24	21	7	12	20	4	25	3	19	17	13	9	14	15	22	11	5	2	1	10	8	18	6	16
5642	17	4	9	20	25	15	3	2	23	21	13	1	16	11	6	14	7	19	8	24	18	5	22	12	10
5643	15	1	21	8	25	17	22	3	12	18	10	6	16	13	5	24	2	20	4	19	14	7	11	9	23
5644	4	2	5	3	19	22	12	10	6	9	16	11	8	20	21	7	14	15	18	17	24	23	1	25	13
5645	16	18	19	10	7	6	5	2	23	1	12	15	3	17	9	4	21	24	13	11	8	22	20	14	25
5646	12	11	4	5	6	7	1	21	13	25	2	18	17	10	19	3	20	9	23	8	16	24	15	14	22
5647	3	14	24	21	18	6	9	25	10	23	11	5	8	12	1	17	15	20	16	4	19	22	2	7	13
5648	11	5	9	25	18	2	15	19	17	7	13	6	23	21	20	14	24	10	12	3	8	1	22	16	4
5649	18	11	16	2	15	22	8	12	19	23	1	9	24	13	5	7	14	21	4	20	17	10	3	25	6
5650	5	17	21	22	16	8	3	20	6	15	18	10	11	9	14	13	25	7	4	24	12	23	1	19	2
5651	11	5	8	23	15	21	2	3	19	7	22	12	17	9	6	20	4	14	24	10	13	18	16	1	25
5652	22	10	3	25	12	18	9	13	14	19	11	17	20	1	24	7	8	23	4	2	5	15	21	16	6
5653	4	17	9	18	1	21	19	20	16	22	5	11	3	23	24	2	10	7	14	13	12	15	25	8	6
5654	3	10	22	23	21	4	12	9	6	18	5	13	20	16	15	11	8	24	14	7	17	1	25	2	19
5655	10	9	24	15	17	3	6	12	19	13	11	4	5	14	2	18	21	1	22	23	7	16	20	25	8
5656	24	2	23	21	8	3	7	10	13	16	22	18	19	17	25	6	12	5	4	20	1	15	9	11	14
5657	3	4	12	7	2	24	6	10	23	13	9	22	17	25	1	8	14	15	5	16	19	21	20	11	18
5658	18	20	9	19	21	3	8	11	25	5	12	17	14	7	10	15	13	23	24	4	6	1	22	16	2
5659	22	4	7	5	15	11	25	18	16	24	12	9	17	3	2	6	1	20	10	8	14	13	23	19	21
5660	10	9	7	23	22	1	21	25	6	19	11	17	18	8	2	4	24	12	20	3	13	14	15	16	5
5661	16	9	14	25	3	18	12	19	1	10	22	11	5	21	2	24	6	4	23	15	17	20	7	13	8
5662	4	1	19	14	10	20	9	17	6	3	25	15	7	21	22	12	8	23	24	16	2	5	11	18	13
5663	24	6	14	21	18	7	4	23	11	1	8	15	25	13	5	20	16	22	19	2	17	9	12	3	10
5664	4	16	5	14	1	13	19	3	9	12	8	15	10	2	7	6	18	24	22	11	17	21	25	23	20
5665	5	23	2	3	15	22	14	4	19	10	9	20	18	21	24	11	16	12	25	6	17	7	8	13	1
5666	19	24	25	10	17	23	11	21	8	4	5	15	16	9	1	2	7	20	12	3	18	6	22	13	14
5667	16	13	14	25	1	24	12	21	2	3	4	23	8	18	11	7	6	15	19	20	17	9	5	22	10
5668	15	20	2	23	13	25	24	11	6	3	21	22	18	9	14	17	7	5	8	1	12	10	19	16	4
5669	4	21	13	23	9	2	17	5	8	10	6	22	25	12	14	11	18	1	24	15	3	16	20	7	19
5670	21	18	23	15	4	25	24	17	8	10	2	11	1	6	22	9	19	14	3	13	7	16	5	20	12
5671	14	5	25	7	17	1	6	13	20	18	8	2	22	9	21	3	4	24	15	19	16	12	10	23	11
5672	6	5	17	11	8	10	13	1	4	2	14	12	25	9	16	18	20	21	24	15	7	3	23	19	22
5673	23	19	13	20	10	4	25	24	14	2	11	6	16	1	8	7	17	21	9	18	22	15	3	5	12
5674	6	16	1	22	15	21	9	12	17	24	5	7	25	4	14	18	23	10	13	2	8	20	11	3	19
5675	18	4	19	14	13	6	22	5	1	17	8	11	25	2	21	23	3	9	24	16	15	7	10	12	20
5676	12	9	23	7	1	22	19	10	6	20	8	17	4	14	5	16	2	21	18	24	11	3	15	25	13
5677	9	6	24	19	4	18	16	5	13	22	10	15	17	1	7	23	12	14	8	2	20	3	25	21	11
5678	15	10	8	20	22	18	12	24	6	13	17	7	9	19	3	23	11	4	14	5	21	2	16	1	25
5679	7	14	2	6	22	17	23	9	18	21	10	15	12	24	25	8	19	1	4	13	3	20	11	16	5
5680	10	13	17	9	14	2	22	8	11	21	19	15	7	1	12	3	18	16	24	4	25	6	5	23	20
5681	18	9	12	23	11	6	5	2	1	24	21	19	20	25	8	17	7	10	16	3	15	22	13	14	4
5682	12	20	23	22	10	6	13	17	16	3	15	2	19	25	1	4	14	5	11	18	21	9	24	8	7
5683	2	18	9	22	17	11	10	14	16	25	6	23	24	8	7	15	4	20	21	5	19	3	12	1	13
5684	18	6	22	17	15	20	9	19	2	8	21	5	11	7	3	14	23	16	12	4	13	24	1	25	10
5685	24	4	19	18	11	8	12	9	2	13	5	15	10	1	14	6	7	23	21	3	25	16	17	20	22
5686	1	19	6	22	8	13	21	3	10	25	9	12	14	16	18	7	24	15	5	20	4	23	2	11	17
5687	7	10	25	17	22	19	15	24	13	16	21	3	8	6	23	5	2	12	14	11	1	4	20	9	18
5688	10	8	19	15	3	2	6	21	9	7	25	22	5	20	4	16	12	11	23	24	18	13	14	17	1
5689	22	17	23	9	7	15	24	8	21	14	10	5	11	19	18	25	6	13	20	4	12	2	3	1	16
5690	18	25	7	20	12	10	9	17	24	16	14	11	5	21	6	19	22	4	23	13	15	2	8	1	3
5691	15	6	16	5	2	19	14	21	20	17	1	11	4	9	7	22	3	24	8	25	10	12	23	18	13
5692	24	8	17	25	14	2	16	19	23	9	15	7	12	4	13	20	21	6	3	5	1	22	11	10	18
5693	19	12	2	7	20	23	1	25	9	24	14	22	8	15	13	4	17	18	3	16	6	5	10	11	21
5694	13	17	18	8	16	15	11	23	7	3	9	25	20	19	2	5	12	1	24	22	10	14	21	4	6
5695	24	21	14	5	8	23	17	11	22	2	10	4	9	20	1	13	12	7	18	16	15	19	25	3	6
5696	17	23	21	13	3	22	2	5	11	9	10	16	24	1	18	4	20	15	14	7	6	19	25	8	12
5697	22	9	23	11	2	7	18	3	20	14	24	8	1	15	13	6	19	10	17	4	5	21	16	12	25
5698	10	19	12	8	16	20	3	5	7	18	1	11	6	9	14	2	15	17	21	23	4	22	13	25	24
5699	24	7	18	13	1	11	20	12	14	3	15	9	21	23	5	25	4	6	19	8	2	10	17	22	16
5700	6	21	16	8	5	10	13	1	25	18	7	2	22	20	3	23	12	17	9	15	24	19	14	11	4
5701	4	10	2	19	25	16	13	21	20	17	6	3	11	15	1	22	8	14	12	5	18	9	7	23	24
5702	23	22	2	13	7	10	17	14	24	25	9	1	16	5	18	11	15	3	19	8	20	4	6	21	12
5703	23	3	19	7	22	8	24	15	6	5	10	9	20	21	12	17	4	1	18	13	11	14	2	25	16
5704	10	23	2	16	5	21	24	8	6	22	13	14	9	25	19	1	18	4	17	3	11	7	12	20	15
5705	9	19	2	18	4	16	15	14	3	25	20	5	11	7	10	23	24	13	8	1	12	22	21	17	6
5706	6	14	11	15	19	8	1	17	25	13	2	18	3	7	24	10	12	9	21	20	23	4	5	22	16
5707	6	18	5	20	24	23	22	17	4	25	10	13	7	1	9	16	3	19	11	15	2	8	21	12	14
5708	15	1	23	21	13	18	8	11	4	20	12	9	24	7	10	14	5	17	3	25	22	19	6	2	16
5709	17	24	7	3	25	12	14	18	8	9	16	10	4	22	2	19	15	21	1	5	6	13	20	23	11
5710	15	25	13	6	9	7	19	21	8	3	2	11	4	10	17	1	14	20	22	23	24	16	18	5	12
5711	7	23	11	4	2	9	14	10	24	13	17	20	19	3	21	5	18	1	22	12	6	25	16	15	8
5712	3	20	7	9	14	1	25	15	6	21	24	10	8	16	23	5	17	18	12	2	13	4	11	22	19
5713	2	16	13	14	18	3	24	19	10	17	4	1	12	8	20	9	11	21	15	23	5	22	25	7	6
5714	15	8	5	20	6	9	2	19	1	16	23	18	17	25	14	7	12	10	24	3	11	4	13	21	22
5715	17	22	14	5	15	21	20	2	13	18	16	4	23	9	10	1	3	24	25	19	12	6	11	7	8
5716	17	22	19	4	11	8	7	3	14	18	5	25	20	12	24	6	23	9	15	10	1	2	21	16	13
5717	22	25	1	13	19	12	7	15	11	2	23	16	9	24	21	5	17	14	10	20	8	4	18	3	6
5718	13	9	16	23	15	20	21	12	2	4	22	7	5	11	8	14	25	19	6	24	1	3	17	18	10
5719	24	23	13	16	20	15	25	18	10	21	22	6	1	17	19	9	12	5	4	2	8	7	3	14	11
5720	24	6	19	20	13	12	9	16	8	10	5	21	7	15	4	14	17	1	23	3	22	18	25	11	2
5721	7	3	20	2	15	24	14	13	10	18	21	12	16	5	6	11	22	9	4	25	8	19	23	1	17
5722	7	16	22	2	15	14	4	11	21	6	25	18	10	24	3	13	23	1	8	9	12	19	17	5	20
5723	6	11	10	9	24	8	23	13	15	20	17	5	25	7	2	21	16	14	19	12	22	18	3	1	4
5724	24	21	11	12	15	17	2	1	14	4	10	16	7	18	25	9	22	23	6	20	5	19	8	3	13
5725	12	11	18	7	13	4	19	3	20	23	16	21	22	24	1	10	25	2	17	6	5	15	8	9	14
5726	16	11	8	20	15	9	5	12	13	14	3	22	4	23	7	17	18	25	10	24	6	2	19	21	1
5727	10	24	13	4	1	8	25	22	23	20	5	7	16	17	12	15	3	2	6	19	14	11	9	21	18
5728	25	22	11	16	8	2	19	3	21	20	4	14	24	23	17	13	7	1	6	15	12	5	9	18	10
5729	18	19	22	20	9	14	2	21	25	24	17	5	16	1	13	8	3	12	11	7	23	6	10	4	15
5730	20	14	22	7	8	23	19	3	18	15	4	17	2	25	6	11	12	24	21	9	16	5	10	13	1
5731	6	4	11	7	3	19	1	14	15	12	2	22	25	10	18	5	24	9	16	23	8	17	13	20	21
5732	17	6	12	1	3	16	14	9	19	15	4	25	23	2	22	7	13	18	24	21	11	5	10	8	20
5733	13	19	15	14	7	11	8	9	12	21	20	4	23	3	18	10	5	2	17	1	24	16	25	6	22
5734	23	19	10	8	1	13	4	18	3	16	12	24	21	22	7	11	6	2	20	17	14	15	25	9	5
5735	14	15	11	12	20	4	5	25	2	19	3	18	16	7	17	13	10	24	23	9	1	22	21	8	6
5736	1	8	11	14	22	25	16	13	19	20	7	15	4	18	21	2	9	23	3	10	17	5	6	12	24
5737	15	1	21	17	25	14	13	6	18	9	5	20	24	19	22	16	23	4	12	2	7	11	10	8	3
5738	10	21	5	13	1	8	14	11	7	20	18	16	9	19	6	3	23	25	12	24	4	15	2	17	22
5739	4	11	5	16	15	8	25	17	1	3	18	20	21	9	2	10	24	22	14	23	12	7	6	13	19
5740	21	15	8	11	23	20	16	6	17	10	18	1	2	25	5	12	13	22	4	3	7	24	19	14	9
5741	18	8	4	1	12	5	9	6	17	14	20	23	19	25	7	22	21	24	3	16	2	10	13	11	15
5742	12	1	2	6	20	21	4	18	14	13	17	3	11	24	25	22	8	23	19	9	5	15	10	16	7
5743	6	14	13	22	17	21	1	11	24	19	10	15	18	2	25	3	7	16	9	5	4	23	20	12	8
5744	19	6	22	23	20	1	17	25	5	13	15	14	4	7	18	24	8	9	16	12	21	11	2	3	10
5745	2	5	8	19	21	22	3	14	11	6	25	24	16	15	12	4	1	17	20	13	9	7	18	23	10
5746	13	18	15	14	25	8	23	1	16	4	7	19	12	10	24	21	6	2	22	17	11	9	3	20	5
5747	9	11	7	17	5	25	23	15	14	6	3	12	2	4	22	19	21	10	8	24	18	20	13	16	1
5748	1	3	19	13	12	17	4	21	7	18	15	6	22	16	14	9	10	11	8	20	24	5	2	25	23
5749	24	13	10	23	5	21	15	3	18	2	1	20	12	7	17	25	6	8	16	4	14	22	11	9	19
5750	13	19	25	16	1	24	8	10	6	11	20	2	18	15	7	4	12	9	23	17	5	21	14	3	22
5751	11	22	23	20	25	24	18	15	7	3	4	17	10	12	13	1	14	5	2	21	19	8	16	6	9
5752	24	13	11	4	7	8	14	19	3	20	23	17	9	2	25	12	22	21	18	15	10	5	1	16	6
5753	2	10	15	6	1	17	3	22	5	16	11	12	19	14	9	23	13	25	7	21	18	4	8	24	20
5754	3	8	2	12	9	22	25	17	6	11	19	1	15	7	5	20	4	18	10	16	24	14	13	21	23
5755	25	16	8	9	3	20	23	24	22	13	2	18	1	14	10	5	6	19	7	21	17	15	11	12	4
5756	17	14	12	4	16	1	9	20	23	21	2	15	13	25	5	19	3	11	24	6	7	10	18	22	8
5757	19	17	7	13	9	21	5	18	14	24	20	1	4	11	2	16	25	8	6	15	12	3	22	10	23
5758	3	5	11	12	14	1	2	20	4	23	7	9	22	24	19	16	15	13	6	10	17	21	8	25	18
5759	21	25	22	19	3	1	10	8	5	13	15	17	7	18	4	23	14	2	6	16	12	9	11	20	24
5760	17	3	14	5	13	7	11	9	25	15	6	10	16	2	18	23	21	4	20	1	24	12	19	8	22
5761	12	24	13	25	7	15	10	16	22	19	23	21	5	8	14	2	3	11	9	17	1	4	18	20	6
5762	19	12	13	4	16	8	17	1	22	23	5	6	3	11	9	15	2	18	24	20	7	10	25	14	21
5763	8	11	4	12	1	19	14	15	16	9	20	2	7	5	13	10	21	25	23	6	24	22	3	17	18
5764	6	11	24	25	21	1	18	12	17	19	2	20	7	14	16	9	5	3	23	8	10	4	13	15	22
5765	7	13	8	23	10	4	1	6	20	11	16	24	22	9	18	19	14	12	17	3	5	21	2	15	25
5766	21	16	12	2	25	9	1	6	15	10	13	20	3	5	11	7	19	17	22	14	4	24	23	18	8
5767	13	18	4	9	17	16	5	3	2	23	7	12	20	25	15	10	1	6	21	14	11	24	22	8	19
5768	12	10	20	22	25	7	2	24	6	16	3	18	21	17	1	23	5	11	8	19	4	9	14	13	15
5769	24	1	13	5	21	18	9	8	7	2	20	6	11	10	25	17	3	12	4	19	14	15	16	23	22
5770	15	18	24	5	22	10	16	14	4	17	9	21	20	3	8	2	6	1	19	12	13	7	11	25	23
5771	15	7	22	2	25	24	10	13	17	8	21	16	12	5	3	9	11	18	14	4	23	20	6	1	19
5772	1	6	22	17	4	20	7	3	18	2	23	19	10	16	14	15	13	24	9	12	11	25	5	8	21
5773	16	24	3	1	15	13	18	7	19	23	20	4	8	14	10	2	11	21	9	6	25	17	5	12	22
5774	10	24	1	21	18	7	3	8	16	11	22	17	9	6	4	15	19	2	25	14	13	23	12	20	5
5775	7	24	11	19	18	3	17	20	15	9	12	2	8	5	14	4	13	25	6	22	10	16	21	1	23
5776	13	16	17	20	25	8	22	10	15	11	6	2	3	4	19	21	1	5	9	7	14	18	12	24	23
5777	19	1	11	21	3	12	15	25	5	2	18	17	22	8	16	6	14	24	23	20	13	10	9	4	7
5778	1	12	19	13	11	16	21	4	20	6	17	23	9	7	18	10	3	14	15	5	25	8	2	24	22
5779	2	9	25	13	15	1	14	23	7	3	12	18	21	24	5	16	22	17	10	8	20	19	4	11	6
5780	5	24	7	1	12	23	10	19	17	18	14	20	15	3	9	13	2	16	22	25	21	11	6	4	8
5781	4	2	20	1	5	23	13	3	8	18	15	9	16	12	11	14	24	22	6	10	25	19	21	17	7
5782	14	23	15	21	19	8	17	10	20	3	5	18	22	4	7	9	6	2	11	16	24	13	25	1	12
5783	15	16	1	14	2	24	5	21	6	10	8	22	20	9	25	11	4	18	19	23	17	3	7	13	12
5784	14	7	18	6	1	5	8	22	3	10	15	23	24	21	2	25	13	19	11	9	12	4	16	20	17
5785	22	20	17	1	10	4	23	15	25	5	2	19	12	8	18	7	21	13	14	9	24	6	3	16	11
5786	11	22	10	3	7	2	16	8	14	17	18	13	4	9	25	15	6	12	5	19	23	20	21	1	24
5787	25	12	8	23	13	3	22	1	24	15	7	6	19	2	14	5	18	9	17	11	16	4	10	20	21
5788	14	16	13	1	24	21	23	8	4	18	22	11	6	2	25	3	17	5	20	7	19	15	10	12	9
5789	13	15	3	20	1	23	8	25	2	22	12	14	24	21	19	7	6	16	5	10	17	4	11	9	18
5790	20	21	24	14	5	3	25	15	12	23	13	9	11	18	1	19	2	17	10	7	6	8	16	4	22
5791	11	12	8	17	13	16	14	2	21	25	5	7	19	3	22	4	6	9	15	10	24	20	1	23	18
5792	17	16	21	4	14	18	10	9	15	2	3	12	5	11	25	1	20	22	8	24	13	19	23	7	6
5793	22	5	1	21	4	20	25	19	7	18	11	12	9	14	8	16	24	13	10	23	15	6	2	3	17
5794	9	15	4	23	25	10	19	6	21	22	18	3	7	16	5	8	24	1	13	14	17	11	20	12	2
5795	1	2	25	16	20	24	10	3	12	21	9	4	19	5	22	18	8	13	14	23	11	17	6	7	15
5796	22	18	13	23	19	2	16	17	12	14	4	3	9	1	20	8	11	25	6	5	10	24	15	21	7
5797	10	23	14	15	25	9	8	7	16	4	12	1	22	24	6	13	21	17	18	11	5	3	20	2	19
5798	24	20	19	22	16	18	2	7	6	3	14	11	10	15	13	8	21	23	1	12	5	25	9	4	17
5799	14	12	8	25	7	13	20	6	23	10	5	18	16	15	19	22	11	1	3	9	24	2	4	17	21
5800	9	11	12	3	17	19	24	8	1	21	5	2	16	14	13	4	23	25	18	10	20	6	15	7	22
5801	18	25	22	24	15	12	9	6	17	23	7	1	3	8	5	11	2	13	20	14	10	4	19	21	16
5802	17	22	19	14	2	4	15	1	16	12	24	5	9	7	10	25	3	21	13	6	23	11	20	18	8
5803	17	2	5	16	19	20	7	9	10	11	25	6	21	15	23	4	18	3	8	22	1	14	13	24	12
5804	19	8	6	7	24	12	18	2	15	16	11	14	23	22	25	10	9	17	5	13	21	1	4	3	20
5805	4	25	24	6	7	1	23	14	9	16	3	19	10	17	11	12	20	5	13	21	15	2	18	8	22
5806	22	3	18	2	16	11	23	19	21	6	14	10	7	12	8	5	17	13	20	4	24	15	9	1	25
5807	21	18	25	16	9	5	8	14	11	24	13	12	22	1	10	2	23	3	19	4	7	20	17	6	15
5808	12	5	2	7	4	9	18	19	22	10	23	11	6	16	21	8	20	14	1	13	25	3	15	17	24
5809	7	16	13	20	5	24	25	22	14	15	23	2	21	11	10	3	1	19	17	9	12	6	4	8	18
5810	14	1	5	24	8	19	16	4	13	10	9	11	12	25	15	17	23	2	6	22	3	7	18	21	20
5811	16	2	7	18	22	19	8	23	11	17	3	12	5	24	20	1	25	13	14	6	21	4	15	10	9
5812	19	7	21	6	4	12	10	22	3	15	8	1	17	5	16	18	20	25	9	2	13	24	14	23	11
5813	6	20	15	14	3	2	8	1	21	24	4	18	11	17	16	10	12	13	25	7	9	19	22	5	23
5814	16	20	1	23	13	24	17	25	14	5	8	11	19	10	12	7	3	15	21	18	6	22	2	4	9
5815	15	5	11	8	12	13	20	19	10	14	23	9	6	4	24	25	17	16	21	22	3	2	7	18	1
5816	6	9	11	18	12	14	15	8	10	13	4	23	1	19	17	24	2	7	16	5	3	25	21	22	20
5817	7	25	2	9	16	19	11	23	8	6	1	13	3	10	21	4	15	22	18	17	20	14	5	12	24
5818	14	15	2	10	5	8	11	19	22	13	16	7	17	21	12	23	6	4	18	3	1	24	25	9	20
5819	18	17	11	10	9	6	13	21	12	2	23	8	7	24	16	1	20	15	22	25	3	5	4	19	14
5820	25	23	4	8	1	10	16	7	18	9	3	5	11	14	22	15	12	24	17	20	13	6	21	19	2
5821	12	3	14	23	1	24	21	11	7	17	25	4	6	18	10	20	19	15	9	8	2	5	22	16	13
5822	19	9	5	16	10	25	4	18	3	20	7	22	12	21	2	13	24	8	23	11	14	15	1	6	17
5823	17	2	5	12	7	19	22	14	15	10	13	6	1	9	8	25	4	16	23	21	3	20	18	11	24
5824	25	14	13	20	22	2	10	19	12	11	15	23	17	1	9	8	6	21	24	16	3	18	4	7	5
5825	24	11	17	20	16	22	4	15	18	1	9	10	23	13	6	14	12	7	21	2	3	5	19	25	8
5826	21	15	4	19	10	22	16	17	12	13	9	3	18	8	23	2	11	14	24	7	1	6	20	5	25
5827	7	10	25	18	16	8	5	21	19	22	11	6	2	20	24	17	4	23	3	12	14	9	13	1	15
5828	25	8	10	2	23	20	9	1	16	15	14	5	19	22	17	21	12	13	24	18	7	3	4	6	11
5829	21	19	16	2	3	15	22	17	13	7	10	18	5	8	23	14	20	12	6	11	25	1	9	4	24
5830	10	23	8	1	12	2	9	13	7	6	3	20	18	14	5	4	11	21	19	17	15	25	16	22	24
5831	9	16	19	21	20	7	24	22	10	23	13	14	17	5	11	12	18	25	3	6	2	4	15	8	1
5832	4	3	16	24	23	17	22	2	15	9	14	18	25	8	5	19	7	13	11	12	21	20	10	6	1
5833	10	4	13	12	17	9	23	14	15	8	16	22	19	11	2	25	7	6	1	21	18	20	5	3	24
5834	18	21	11	14	20	19	25	13	22	12	24	3	17	5	9	1	10	15	6	7	2	16	23	4	8
5835	25	6	16	24	1	23	12	21	14	3	9	5	8	18	11	22	7	10	2	20	17	13	4	15	19
5836	13	25	1	23	6	7	4	9	19	14	17	10	11	2	20	18	24	21	3	16	8	12	5	15	22
5837	6	11	21	3	24	15	19	4	8	2	5	22	13	12	7	14	25	16	1	18	23	17	9	20	10
5838	8	2	19	4	17	12	7	9	10	13	11	5	21	3	23	20	24	1	16	25	18	15	6	22	14
5839	10	11	8	17	4	2	9	24	23	14	6	1	25	15	13	20	16	12	22	5	3	7	21	18	19
5840	23	2	25	8	16	10	6	19	12	24	17	9	22	5	1	21	11	3	15	14	4	7	13	20	18
5841	14	16	24	22	6	13	9	15	2	12	25	3	7	4	20	21	1	18	19	17	8	5	10	23	11
5842	15	1	12	22	18	24	3	6	20	21	17	4	9	2	11	25	23	8	16	10	19	5	7	14	13
5843	20	17	10	7	21	19	22	23	16	14	9	13	18	12	6	1	24	11	15	8	4	2	25	5	3
5844	15	18	6	17	3	9	12	23	20	7	10	2	24	21	13	11	25	22	16	5	4	14	8	19	1
5845	22	23	1	3	2	17	13	9	14	5	19	24	20	4	12	10	6	11	18	21	25	15	7	16	8
5846	10	5	2	6	13	19	16	17	3	23	21	18	8	25	15	14	20	12	4	9	11	7	24	1	22
5847	18	20	10	19	15	17	23	8	16	21	25	9	3	4	24	12	2	5	14	13	7	1	22	6	11
5848	3	7	22	14	10	24	5	16	21	13	11	20	15	17	23	12	19	9	2	6	8	4	18	1	25
5849	13	25	5	7	6	15	14	9	11	10	12	22	1	23	16	8	20	19	17	2	4	3	21	18	24
5850	4	24	13	25	5	19	22	21	23	3	15	17	10	11	2	14	20	18	8	1	7	16	6	12	9
5851	25	19	3	12	20	16	18	2	8	11	10	17	21	23	24	15	6	7	5	13	4	1	9	14	22
5852	11	23	8	10	21	13	24	6	3	12	7	16	4	9	18	22	14	15	5	19	20	25	2	17	1
5853	22	4	15	16	5	21	7	12	25	23	1	17	11	14	6	2	3	10	8	18	13	9	24	20	19
5854	23	12	5	2	7	4	17	15	16	13	25	6	9	10	21	8	3	11	22	24	14	1	20	19	18
5855	22	9	8	10	7	24	17	3	4	6	12	2	21	20	13	5	11	15	18	25	23	14	16	19	1
5856	9	22	16	11	8	2	10	18	7	15	19	6	3	24	23	5	14	13	4	25	20	21	17	1	12
5857	8	25	13	1	7	17	12	3	20	10	5	6	22	2	16	21	11	4	15	9	24	18	14	19	23
5858	13	24	12	5	10	20	9	21	25	6	18	7	11	16	14	23	8	17	22	1	15	2	3	19	4
5859	4	18	20	21	13	16	23	1	24	2	5	22	8	10	9	14	3	7	15	17	12	11	25	19	6
5860	21	17	7	8	9	22	13	16	10	5	24	20	15	12	14	23	6	3	19	1	4	25	2	11	18
5861	21	19	14	3	15	5	12	18	4	11	1	6	23	9	7	25	2	16	13	17	8	20	10	24	22
5862	17	10	20	24	25	16	11	8	15	5	12	21	7	14	2	6	9	3	18	4	22	1	13	23	19
5863	24	4	5	21	3	17	1	6	2	13	19	8	11	9	10	20	18	14	12	22	7	15	16	23	25
5864	2	24	9	3	23	14	16	15	10	19	8	7	21	22	13	20	5	1	12	4	18	17	11	25	6
5865	22	15	14	25	12	6	18	4	9	23	16	5	11	3	7	21	8	17	19	13	24	1	10	2	20
5866	3	21	17	9	25	1	10	13	7	14	15	22	6	5	16	4	12	23	20	24	8	18	2	19	11
5867	8	1	15	3	7	16	2	19	18	5	10	22	17	21	6	12	9	25	13	14	11	24	20	4	23
5868	1	2	25	11	15	9	21	24	17	16	12	4	22	14	13	10	20	23	6	7	3	19	18	8	5
5869	16	5	19	1	12	24	14	6	10	8	20	13	15	23	21	9	18	11	4	3	7	25	22	2	17
5870	16	1	12	7	3	23	14	17	8	2	4	20	13	15	18	19	25	10	24	11	5	6	22	21	9
5871	24	10	25	8	18	5	2	23	13	21	19	17	11	16	7	15	20	12	22	3	14	4	6	9	1
5872	14	13	11	1	12	7	22	6	5	15	21	16	17	4	24	3	20	23	25	8	10	9	18	2	19
5873	8	7	22	20	21	25	13	12	14	23	24	11	2	4	6	17	5	3	16	1	19	10	15	9	18
5874	23	15	7	22	14	13	6	24	3	5	4	1	11	21	18	17	19	2	25	16	12	10	9	8	20
5875	10	23	21	12	22	19	11	7	6	4	9	15	24	1	14	8	5	20	25	17	13	16	2	3	18
5876	23	13	10	5	17	20	14	15	12	25	22	4	24	11	2	1	21	16	6	19	7	18	3	9	8
5877	23	25	15	19	7	16	6	18	11	1	5	3	8	20	21	4	14	10	17	24	13	2	9	12	22
5878	5	8	13	4	9	21	7	3	14	25	23	17	19	24	18	16	15	1	10	22	20	11	12	2	6
5879	4	25	3	7	23	10	6	22	17	12	24	1	14	13	9	20	11	21	5	2	16	18	19	15	8
5880	14	7	19	11	10	20	5	17	25	18	4	21	16	15	1	12	3	6	9	23	22	8	24	13	2
5881	5	2	8	25	19	16	12	21	20	9	22	3	13	4	23	6	7	24	10	18	17	11	14	1	15
5882	6	25	1	7	13	8	23	2	21	15	3	22	18	24	16	20	4	9	11	5	17	12	19	10	14
5883	6	25	2	5	7	11	15	16	17	21	13	18	14	24	8	9	19	4	1	20	23	22	3	10	12
5884	11	13	8	21	19	7	10	22	9	23	24	17	2	14	20	18	16	12	1	3	15	4	5	25	6
5885	13	4	23	5	17	21	6	2	1	7	15	16	9	20	22	25	18	8	24	19	3	14	11	10	12
5886	12	13	25	11	9	10	4	6	1	23	18	17	3	21	8	19	24	20	5	15	7	16	2	14	22
5887	21	6	11	12	13	22	15	1	5	10	9	14	20	3	8	25	16	19	7	18	2	24	4	17	23
5888	13	25	8	9	1	24	17	6	16	12	23	20	5	4	3	2	7	18	14	11	21	10	15	19	22
5889	3	6	10	2	8	25	17	13	4	7	18	19	12	24	15	9	22	11	14	21	5	20	16	23	1
5890	2	7	24	4	15	9	5	13	19	20	6	25	1	3	11	23	22	21	8	12	14	18	17	16	10
5891	19	21	9	15	2	1	20	13	25	11	16	24	22	3	5	12	4	7	17	23	8	6	14	10	18
5892	7	6	14	18	8	21	23	20	12	16	11	2	10	4	15	17	1	3	22	9	25	19	13	5	24
5893	24	19	6	20	21	18	23	7	14	5	11	16	2	4	25	12	8	15	22	3	13	17	1	9	10
5894	24	13	7	16	14	23	17	1	10	3	18	20	8	12	9	19	11	5	2	6	4	21	25	22	15
5895	9	20	17	12	23	15	5	10	8	24	1	4	22	18	3	6	7	14	16	13	21	2	19	25	11
5896	18	10	14	15	22	7	1	25	21	19	2	16	17	9	8	11	3	5	12	4	20	13	23	24	6
5897	13	11	14	23	2	10	9	12	6	21	15	25	19	3	1	24	17	8	4	16	22	7	20	18	5
5898	23	10	11	7	4	24	15	5	3	9	20	18	8	25	1	19	21	16	17	22	2	13	14	6	12
5899	3	11	25	17	5	16	20	6	1	8	7	23	9	24	22	2	21	14	19	12	10	15	18	4	13
5900	12	4	18	2	21	22	6	17	20	9	13	24	14	3	19	25	11	23	15	7	8	10	1	16	5
5901	10	6	20	3	13	7	22	1	24	11	4	25	14	17	15	16	12	9	23	2	18	21	5	19	8
5902	19	5	22	10	1	18	11	4	6	25	8	20	16	23	14	15	17	2	3	12	24	13	9	21	7
5903	20	24	3	6	12	14	19	5	11	21	17	25	23	10	4	9	2	22	1	13	8	15	16	18	7
5904	16	20	22	19	8	12	18	13	25	10	4	2	17	3	6	14	1	5	23	11	21	9	7	15	24
5905	4	10	3	6	7	5	18	15	1	21	14	22	24	11	25	23	9	16	8	19	2	17	13	20	12
5906	7	11	22	4	8	21	18	3	24	20	23	2	19	9	13	14	10	5	16	12	1	15	25	6	17
5907	17	13	6	9	3	24	14	21	23	7	22	20	4	12	18	16	11	1	8	2	25	10	15	19	5
5908	23	14	3	7	20	13	9	17	11	16	22	5	10	15	1	4	2	25	19	6	8	21	24	18	12
5909	13	22	4	8	7	17	12	16	3	23	15	21	18	24	1	20	5	10	25	6	9	11	14	2	19
5910	20	13	18	17	15	10	23	11	19	14	16	1	6	8	7	5	24	22	4	3	9	2	25	12	21
5911	18	16	3	24	17	9	8	21	22	13	20	4	6	10	11	23	1	15	5	19	7	14	25	2	12
5912	12	2	6	14	24	18	22	16	23	7	13	3	9	5	1	19	15	21	17	4	25	10	8	11	20
5913	10	23	22	19	20	15	25	1	13	24	9	18	7	16	14	8	3	11	4	21	12	17	2	6	5
5914	4	21	1	7	9	6	20	15	5	11	2	10	16	8	18	13	22	23	24	12	14	3	17	19	25
5915	22	14	15	9	5	2	7	4	10	24	12	21	17	6	8	19	3	16	18	23	25	13	20	11	1
5916	9	8	15	10	21	11	23	14	6	12	13	17	20	7	18	4	3	22	1	25	2	19	16	24	5
5917	22	5	12	1	20	24	17	18	16	2	25	21	6	13	19	4	9	15	7	10	3	8	11	23	14
5918	5	13	7	2	21	8	19	9	17	22	14	15	20	12	24	23	6	3	10	18	11	25	16	4	1
5919	13	22	1	6	19	4	5	10	25	3	7	9	24	8	15	2	17	12	23	20	21	16	14	18	11
5920	17	23	13	11	22	5	19	7	3	16	2	25	18	21	15	4	6	10	14	20	8	1	24	12	9
5921	17	18	25	5	6	8	15	9	22	7	2	3	20	23	1	11	16	10	14	19	13	21	12	4	24
5922	13	8	16	23	22	5	19	14	4	10	20	25	17	1	6	15	7	11	12	24	2	3	18	9	21
5923	5	18	8	23	11	10	25	12	7	3	24	21	15	19	9	16	2	22	6	20	14	13	17	4	1
5924	23	22	5	14	1	13	2	12	6	10	18	11	9	21	8	16	3	25	24	15	19	4	17	20	7
5925	1	2	13	23	5	19	21	9	18	24	4	10	11	17	8	3	15	7	22	20	25	16	6	12	14
5926	21	16	19	17	25	2	9	18	11	4	13	22	3	14	8	1	23	20	6	24	10	5	12	15	7
5927	17	10	15	24	8	13	19	5	2	11	3	14	23	21	9	18	4	7	25	12	6	16	20	1	22
5928	8	6	9	18	16	1	22	12	2	25	10	13	5	19	3	17	11	21	20	7	15	4	23	24	14
5929	11	16	18	6	9	14	8	2	17	13	12	5	24	3	25	4	15	22	20	21	19	7	1	23	10
5930	3	2	15	25	24	9	6	14	19	21	7	17	16	20	11	5	12	10	18	23	1	4	13	8	22
5931	12	24	25	15	17	2	3	10	18	6	4	11	22	23	8	16	20	5	21	9	14	13	19	1	7
5932	4	16	22	5	25	3	9	12	23	20	21	2	14	24	13	11	18	6	7	19	17	8	1	15	10
5933	15	11	14	10	25	16	1	18	21	24	4	23	12	7	8	2	22	17	3	19	20	9	6	13	5
5934	1	19	10	23	12	3	2	15	4	18	25	11	9	7	6	13	17	22	16	5	20	8	24	21	14
5935	12	8	16	21	18	2	5	23	17	24	7	14	4	15	9	6	20	10	25	19	11	1	3	22	13
5936	7	3	20	5	18	10	2	16	9	12	1	23	25	15	17	13	4	11	21	22	14	6	24	8	19
5937	21	6	14	13	7	3	11	25	18	4	23	20	15	9	19	24	17	22	5	10	1	12	16	2	8
5938	3	2	4	5	19	16	22	21	25	14	12	7	17	13	15	20	24	8	23	10	9	1	11	18	6
5939	21	23	14	19	24	4	10	16	9	11	8	18	25	17	7	22	12	6	15	5	2	1	20	3	13
5940	18	16	14	12	21	24	3	4	5	8	1	2	10	11	19	7	23	15	6	17	25	20	13	22	9
5941	19	12	11	4	2	20	24	5	23	22	9	18	15	25	7	6	10	17	8	21	1	3	14	16	13
5942	7	2	16	19	5	20	25	10	3	18	15	8	1	23	22	12	9	13	11	21	24	6	14	4	17
5943	3	9	24	14	8	7	12	18	2	22	10	13	1	15	11	6	16	20	19	17	5	21	4	23	25
5944	4	14	10	19	20	25	9	5	18	17	8	22	16	24	2	6	1	12	7	15	3	11	23	13	21
5945	18	21	15	24	2	16	25	10	19	14	8	5	13	4	20	22	1	6	23	9	7	17	3	12	11
5946	3	14	19	11	1	7	18	12	9	23	6	4	16	22	8	13	21	20	25	2	10	15	17	5	24
5947	12	22	21	8	24	17	1	5	19	18	14	2	25	7	15	6	20	16	10	23	13	11	3	9	4
5948	11	8	19	14	7	25	24	15	23	17	22	3	6	10	1	16	5	13	2	18	4	12	20	21	9
5949	13	8	23	18	2	22	3	21	6	1	7	14	15	11	24	20	19	12	17	5	25	4	16	9	10
5950	5	3	2	19	15	9	7	8	17	25	20	11	21	12	6	4	23	16	14	10	1	22	13	24	18
5951	12	3	13	18	23	8	5	15	20	4	6	25	11	22	24	10	19	14	1	2	7	17	21	9	16
5952	23	20	15	19	10	2	13	11	8	25	5	1	21	24	18	22	9	7	14	16	3	6	4	17	12
5953	8	2	13	11	12	19	17	23	22	21	14	25	4	6	18	3	5	24	15	20	7	10	16	1	9
5954	23	25	3	6	10	11	18	17	7	16	24	14	13	2	5	8	1	9	12	15	20	21	4	22	19
5955	9	18	17	16	8	15	4	7	22	10	11	25	6	5	12	19	2	23	20	24	1	3	14	21	13
5956	7	17	18	23	1	25	5	24	15	22	4	14	11	12	9	19	6	13	20	21	3	16	8	2	10
5957	2	5	18	1	17	14	3	25	11	7	16	21	4	10	12	24	8	20	22	6	15	9	23	19	13
5958	12	3	8	6	17	1	25	16	19	11	7	20	24	21	10	15	14	5	4	22	23	9	18	2	13
5959	8	14	11	7	10	1	2	23	13	21	3	6	25	20	9	17	22	19	16	24	5	12	4	18	15
5960	9	12	5	2	11	4	17	8	20	1	22	24	16	14	18	15	10	3	23	19	6	25	13	21	7
5961	14	18	22	15	20	6	21	9	5	16	24	1	2	4	8	12	3	25	11	7	10	23	13	17	19
5962	16	13	4	12	21	23	17	5	6	7	10	22	2	11	14	1	9	25	24	15	19	8	18	3	20
5963	8	11	23	15	19	16	13	3	18	20	5	2	7	4	1	6	21	22	24	14	17	10	9	25	12
5964	11	9	17	15	20	18	21	13	5	3	12	6	8	23	14	24	10	16	2	22	7	4	19	25	1
5965	2	6	4	17	16	8	10	12	21	3	20	14	13	1	25	5	7	24	22	19	11	9	23	15	18
5966	14	25	7	17	4	10	15	21	1	22	9	2	19	24	6	23	11	3	18	16	13	12	20	5	8
5967	19	5	15	10	3	21	23	2	9	17	12	13	14	18	11	1	20	16	8	25	22	4	6	24	7
5968	2	12	23	10	24	6	14	1	5	8	21	18	3	4	15	13	11	22	7	16	17	20	9	19	25
5969	4	22	13	24	21	20	25	8	7	16	14	18	2	15	12	11	5	10	6	3	17	19	23	1	9
5970	15	25	7	19	2	23	1	8	3	13	9	10	6	16	24	18	17	21	5	22	11	12	4	14	20
5971	20	15	3	18	22	19	14	9	2	12	13	4	16	23	1	7	6	17	25	11	21	8	10	24	5
5972	14	9	3	22	11	13	15	6	2	20	23	16	7	5	25	8	4	21	1	12	17	24	18	19	10
5973	3	14	2	16	1	24	13	8	11	9	21	10	4	23	19	6	5	7	20	22	18	15	12	17	25
5974	6	21	11	7	17	8	12	4	3	13	1	5	15	24	16	10	2	20	23	14	22	25	18	9	19
5975	25	15	5	19	18	1	23	4	3	13	9	16	20	22	12	11	24	7	14	17	21	10	6	2	8
5976	9	14	15	12	21	19	6	10	22	3	16	5	4	13	7	25	18	17	23	11	2	24	1	8	20
5977	13	7	5	14	4	3	23	2	24	12	19	10	16	15	22	1	11	25	8	21	6	9	17	20	18
5978	16	5	17	19	10	4	23	24	9	13	1	21	22	8	11	6	14	3	20	25	15	12	7	2	18
5979	15	2	4	7	10	20	21	6	3	18	1	11	24	8	14	19	16	22	17	13	23	25	12	9	5
5980	24	11	12	18	10	23	3	22	5	14	1	6	4	8	15	16	17	7	13	19	20	2	9	25	21
5981	23	5	4	17	7	6	24	16	8	15	12	10	20	22	9	21	11	14	19	13	2	3	18	25	1
5982	25	12	8	22	21	20	13	10	16	14	6	7	1	11	2	24	17	23	19	18	5	9	4	3	15
5983	5	10	11	15	9	16	12	1	24	14	18	8	19	25	6	20	3	2	17	4	22	21	23	7	13
5984	6	20	13	5	3	21	8	25	4	16	18	24	9	19	12	7	22	15	23	1	10	14	17	2	11
5985	8	25	15	17	4	11	7	14	18	5	20	3	9	22	24	1	21	13	23	6	12	19	2	10	16
5986	3	6	5	21	2	16	1	12	25	7	17	24	15	4	22	13	20	11	18	14	10	9	19	23	8
5987	20	24	12	7	10	3	22	13	14	15	5	1	4	11	19	16	6	25	2	21	8	18	17	9	23
5988	9	8	3	16	7	6	19	17	25	10	2	15	12	13	18	23	24	14	21	22	20	4	1	11	5
5989	5	20	22	25	1	6	17	10	21	19	2	15	14	7	8	11	4	12	23	3	24	13	9	18	16
5990	23	6	19	22	20	10	25	24	12	17	1	8	18	5	3	14	11	21	4	15	7	16	13	2	9
5991	6	22	8	24	10	9	2	18	4	11	15	12	17	19	25	16	21	20	14	13	7	1	3	23	5
5992	24	12	5	20	3	1	8	6	9	19	21	4	2	23	18	11	7	25	14	10	17	15	13	22	16
5993	4	24	1	22	19	20	11	16	6	8	12	9	7	13	5	3	18	14	23	25	15	2	17	21	10
5994	3	24	9	19	17	8	1	2	13	6	5	7	4	12	21	14	18	20	23	25	16	10	11	22	15
5995	3	13	7	23	9	10	14	20	17	8	6	16	12	4	5	11	2	1	24	25	21	15	18	22	19
5996	7	23	6	14	1	16	19	25	17	20	18	12	2	5	22	11	15	21	9	3	24	8	4	10	13
5997	5	18	3	1	24	6	11	19	9	2	22	25	13	15	23	7	12	20	4	8	21	10	14	17	16
5998	5	13	14	11	8	6	16	7	20	25	21	3	9	17	10	18	22	2	19	24	1	4	23	15	12
5999	3	2	13	21	19	9	11	6	14	10	7	18	8	5	1	16	22	4	12	15	17	20	24	25	23
6000	6	22	11	14	5	10	23	12	2	13	3	21	24	1	16	25	20	15	17	9	4	7	19	18	8
6001	15	11	14	1	7	22	21	18	23	8	19	5	12	3	6	17	13	16	20	4	25	10	2	24	9
6002	22	4	5	17	19	1	18	7	21	8	9	2	15	25	3	14	16	11	24	20	12	23	13	6	10
6003	4	9	14	24	1	2	21	12	5	13	22	10	6	23	7	3	15	19	18	11	17	16	25	20	8
6004	16	6	1	8	17	18	9	19	23	22	3	12	15	10	20	13	2	5	4	7	21	11	25	24	14
6005	15	12	5	23	3	25	22	21	4	1	9	14	10	16	11	13	20	8	2	19	17	24	7	6	18
6006	11	21	5	19	3	2	23	6	17	24	7	25	14	12	16	4	18	1	20	13	22	8	10	9	15
6007	21	6	22	20	19	1	25	10	14	11	7	12	24	13	18	16	9	23	8	3	5	17	15	2	4
6008	18	19	8	10	21	25	14	1	5	7	11	17	15	6	4	9	3	23	13	16	12	22	2	24	20
6009	9	4	13	21	7	8	24	10	11	1	5	2	23	17	20	25	18	14	16	22	15	3	6	12	19
6010	15	3	14	1	16	8	22	17	7	6	4	25	24	19	2	5	12	10	9	23	11	21	13	18	20
6011	9	18	20	14	5	17	16	15	22	12	25	3	19	24	1	21	4	23	10	13	6	8	11	2	7
6012	9	10	13	3	21	2	16	1	25	14	8	15	6	20	24	17	11	4	19	12	22	7	18	5	23
6013	10	15	22	9	21	25	18	2	17	16	20	13	3	8	1	11	7	24	4	23	6	19	5	12	14
6014	19	24	12	23	10	11	21	17	15	8	9	14	7	2	4	3	16	13	6	18	20	22	1	25	5
6015	25	15	22	20	8	17	23	21	2	3	24	6	5	10	16	4	18	12	7	11	19	1	9	14	13
6016	18	24	12	21	22	19	6	25	1	5	16	11	9	4	8	17	23	14	10	20	2	7	13	15	3
6017	15	3	8	9	20	11	4	22	5	6	16	14	23	1	7	12	17	10	25	13	18	24	21	19	2
6018	6	17	3	19	11	24	2	5	1	16	15	8	23	4	14	10	9	18	12	20	21	25	22	7	13
6019	10	25	11	3	13	24	2	23	17	4	19	22	8	9	20	14	15	5	7	6	1	16	18	12	21
6020	13	12	8	14	23	16	1	15	4	11	6	3	25	21	17	9	7	5	18	24	2	19	22	20	10
6021	10	11	24	9	2	20	17	25	18	13	21	16	1	22	12	3	15	19	6	5	4	7	14	8	23
6022	9	10	24	3	11	1	22	12	17	6	20	16	7	19	8	21	23	25	4	18	13	14	5	2	15
6023	1	11	6	7	20	12	18	22	13	5	9	2	16	4	3	8	24	19	21	17	23	14	10	25	15
6024	14	15	25	13	22	18	11	4	19	17	5	21	6	9	2	10	8	23	12	16	20	1	3	24	7
6025	1	25	6	2	10	13	5	15	20	14	18	7	23	8	21	16	3	11	22	17	24	19	9	4	12
6026	10	4	18	15	14	8	22	12	25	5	16	20	13	24	6	9	2	17	19	3	21	23	7	1	11
6027	20	1	9	4	6	25	7	22	17	12	8	3	19	14	23	5	10	2	21	24	15	11	16	18	13
6028	9	18	10	5	15	8	23	21	6	2	13	7	17	19	20	24	12	1	11	25	16	3	4	14	22
6029	14	17	13	19	8	2	25	7	16	3	21	24	4	18	20	1	11	12	22	6	23	9	15	5	10
6030	23	9	25	14	2	8	16	22	10	12	18	13	1	21	4	17	11	15	19	5	7	24	6	20	3
6031	20	22	12	19	11	21	3	13	5	18	14	15	25	6	1	9	16	24	10	2	4	23	8	7	17
6032	9	15	2	22	19	5	4	7	17	10	25	21	11	12	24	18	20	1	23	16	6	14	8	3	13
6033	17	7	6	16	1	13	19	15	5	11	9	14	10	22	25	20	24	23	2	21	4	18	3	12	8
6034	22	13	16	21	25	1	24	8	18	4	20	7	23	3	19	14	9	6	5	15	2	10	12	17	11
6035	8	20	5	21	4	3	18	7	25	15	22	9	6	16	10	13	11	23	1	2	24	14	17	12	19
6036	22	10	2	12	13	6	9	24	14	17	1	11	23	20	16	3	19	18	25	15	7	5	21	4	8
6037	18	16	14	7	24	2	13	25	22	23	21	8	15	17	9	19	5	3	20	4	11	6	10	1	12
6038	23	4	7	21	3	11	13	8	17	20	2	22	18	15	9	6	5	14	25	16	24	12	1	10	19
6039	1	6	20	11	16	10	5	9	15	12	25	4	24	18	13	14	17	19	2	8	21	3	22	7	23
6040	6	7	20	15	14	2	9	18	16	13	11	10	19	22	21	3	12	4	8	23	25	17	5	24	1
6041	3	9	1	19	5	14	18	15	17	12	22	16	8	13	4	24	10	23	20	6	21	2	7	11	25
6042	15	24	18	20	12	13	11	9	16	6	3	2	22	10	19	21	1	25	14	8	7	17	5	4	23
6043	9	22	20	16	7	11	18	24	8	4	17	10	15	5	25	23	1	14	3	6	13	21	19	12	2
6044	19	23	2	16	7	12	13	1	4	15	22	14	20	11	6	25	17	5	18	21	24	3	10	9	8
6045	16	21	17	5	9	11	14	10	24	7	1	15	23	18	25	4	8	6	22	20	13	3	12	2	19
6046	13	9	16	10	24	22	19	5	12	11	2	17	15	8	25	4	20	14	6	1	7	3	23	21	18
6047	10	22	4	18	16	8	23	14	13	2	21	1	17	15	9	20	12	7	19	5	24	6	3	25	11
6048	5	10	22	6	12	15	16	20	19	23	11	7	9	18	14	13	3	17	8	25	2	21	1	24	4
6049	22	18	21	9	13	15	12	2	16	8	19	10	20	6	24	23	14	7	3	5	17	1	25	11	4
6050	23	20	12	16	6	18	9	21	14	24	2	17	8	5	25	15	4	1	13	22	11	10	7	3	19
6051	13	9	5	10	12	15	3	11	22	8	14	23	1	18	17	19	7	20	4	25	2	6	16	24	21
6052	3	9	8	18	15	2	1	5	17	24	25	22	16	10	21	23	20	13	19	4	6	12	14	7	11
6053	21	18	9	22	5	8	15	20	25	3	12	2	17	19	11	16	6	24	1	10	7	23	13	4	14
6054	9	20	18	13	3	19	2	17	5	7	14	15	22	12	16	25	1	6	4	11	24	8	10	21	23
6055	13	23	17	5	11	4	18	7	1	22	25	2	21	16	10	20	19	3	24	14	15	6	8	9	12
6056	21	9	5	10	22	25	18	19	15	11	8	6	24	7	1	14	2	12	17	13	20	16	3	23	4
6057	14	8	3	25	12	5	15	21	13	18	1	24	19	23	20	6	2	17	9	7	22	10	16	11	4
6058	22	19	7	13	5	3	12	24	4	23	18	11	9	17	16	2	10	1	25	6	14	20	15	8	21
6059	4	20	25	1	7	14	8	6	5	10	9	11	18	3	23	24	22	12	19	21	15	17	2	16	13
6060	19	5	2	3	7	22	16	1	24	13	11	8	17	18	9	20	25	12	10	4	14	6	15	23	21
6061	17	7	19	5	11	21	22	13	15	4	10	14	18	23	6	12	2	9	20	25	1	16	3	24	8
6062	18	5	9	23	19	3	7	11	12	14	10	16	13	15	20	2	22	1	17	8	25	4	24	21	6
6063	17	15	18	19	22	12	6	20	16	9	8	25	2	23	14	10	5	24	4	11	1	7	21	3	13
6064	25	18	16	11	13	7	5	23	22	4	12	19	6	15	17	9	24	1	2	21	14	8	20	3	10
6065	3	16	18	5	17	6	2	19	25	15	20	1	22	8	11	13	24	7	4	12	10	21	9	14	23
6066	19	24	3	8	10	9	15	18	12	2	17	16	23	11	5	20	7	21	4	1	25	13	22	6	14
6067	20	21	13	7	17	9	23	4	16	22	3	12	10	25	2	5	11	14	19	15	18	6	24	8	1
6068	17	22	24	16	12	18	7	15	8	14	9	21	1	19	25	13	3	10	5	4	20	11	23	2	6
6069	13	8	15	17	10	9	1	23	14	11	3	4	5	7	20	6	25	22	18	24	19	16	2	12	21
6070	22	5	16	14	8	24	11	20	18	6	23	19	12	25	4	2	7	10	9	21	1	15	13	17	3
6071	13	7	15	9	11	2	10	1	14	8	25	4	6	22	19	23	24	16	5	17	20	12	18	3	21
6072	24	9	23	10	1	11	2	19	5	7	17	18	25	21	13	3	12	15	16	8	4	22	14	20	6
6073	19	13	11	12	15	21	23	1	16	20	4	17	18	6	14	7	24	25	3	5	9	10	22	2	8
6074	18	8	19	9	1	21	10	22	3	14	13	16	24	11	23	2	25	15	5	6	7	20	12	4	17
6075	20	2	16	8	9	5	1	10	13	3	23	6	22	4	14	15	11	12	21	25	7	18	19	24	17
6076	4	12	3	5	8	1	22	7	6	25	11	19	24	21	16	23	18	13	20	17	2	9	10	15	14
6077	4	19	7	25	20	22	2	10	17	3	1	8	24	21	14	15	12	6	23	11	16	13	9	18	5
6078	5	19	18	17	21	25	11	24	13	7	6	15	14	1	12	4	16	9	10	20	8	22	2	3	23
6079	9	14	11	5	10	16	24	2	17	23	15	22	6	25	8	18	19	3	1	7	12	4	20	13	21
6080	21	6	10	4	13	8	9	17	15	22	11	3	19	23	20	7	18	12	16	2	14	24	1	25	5
6081	16	25	5	1	11	6	9	2	19	3	7	12	13	8	22	14	18	20	21	15	24	4	17	23	10
6082	6	5	25	22	15	23	20	11	4	2	17	18	9	19	7	13	3	24	16	1	21	10	12	8	14
6083	20	12	23	5	24	25	13	7	9	17	18	16	6	8	3	21	2	11	19	10	4	14	22	15	1
6084	7	9	5	21	3	8	20	6	11	19	13	24	23	25	22	14	16	18	17	15	2	4	1	10	12
6085	8	14	2	21	19	25	7	20	9	18	13	16	4	15	17	23	11	12	5	3	1	22	24	6	10
6086	7	25	11	23	18	9	10	14	13	24	6	17	12	21	22	4	19	2	16	1	3	8	20	5	15
6087	7	16	9	5	17	12	18	10	25	20	14	24	3	23	21	22	8	4	13	19	6	1	11	2	15
6088	20	22	18	5	12	10	8	14	19	2	3	9	11	17	25	4	15	13	6	1	16	21	23	7	24
6089	6	14	7	3	16	13	10	15	25	8	23	19	11	9	20	12	21	22	17	2	18	24	1	4	5
6090	8	11	13	14	6	22	18	2	17	1	3	23	21	12	7	5	24	19	25	16	15	10	9	4	20
6091	7	18	23	15	25	12	14	4	8	5	1	9	17	11	24	22	6	10	19	2	3	21	16	20	13
6092	24	23	6	8	19	17	9	4	3	7	11	13	1	22	25	20	2	14	21	5	10	16	12	18	15
6093	5	11	23	4	14	15	7	20	1	10	22	24	21	3	12	17	6	16	9	13	8	19	25	2	18
6094	3	11	12	24	6	7	22	19	16	14	25	15	18	4	20	8	2	5	13	9	10	1	23	21	17
6095	9	8	11	25	22	4	15	10	16	19	7	5	2	23	20	21	13	1	24	6	17	18	3	12	14
6096	17	3	2	22	20	19	25	8	18	12	6	1	10	5	11	13	15	16	4	9	14	7	24	23	21
6097	10	9	12	22	7	8	3	24	13	14	19	21	15	23	17	6	4	18	20	11	16	1	25	2	5
6098	18	23	14	20	17	5	15	13	16	6	9	4	1	3	22	11	10	7	2	25	24	19	8	12	21
6099	15	14	25	2	10	9	3	13	1	19	5	17	11	24	6	20	12	8	23	18	7	21	4	16	22
6100	19	2	15	9	24	10	18	1	6	12	4	22	14	23	21	20	11	8	25	7	17	13	3	16	5
6101	18	16	19	22	24	15	2	9	11	12	5	23	10	21	3	4	14	8	7	13	17	6	1	25	20
6102	2	1	9	18	13	23	22	3	14	17	21	7	10	12	24	8	20	5	19	11	16	4	25	6	15
6103	21	18	11	6	2	12	8	23	13	7	5	10	15	25	22	3	4	14	9	19	16	24	17	1	20
6104	8	17	3	23	16	1	4	21	13	25	18	14	12	6	24	20	10	19	7	5	22	2	15	9	11
6105	17	5	3	2	1	19	25	14	15	7	20	18	10	16	12	24	11	8	23	9	4	22	21	13	6
6106	1	4	13	20	9	16	8	11	25	7	24	15	2	3	22	5	10	21	6	23	12	14	17	19	18
6107	6	22	8	19	10	3	5	20	4	2	15	21	12	1	24	7	23	17	13	16	9	14	18	25	11
6108	16	18	1	25	23	6	15	5	2	24	7	12	14	9	20	17	21	4	3	10	22	11	8	19	13
6109	7	18	1	24	17	21	14	20	8	2	16	6	25	11	19	22	9	12	3	23	5	13	15	4	10
6110	5	12	4	6	18	20	24	9	23	16	1	22	21	19	14	2	10	11	17	7	8	13	3	15	25
6111	15	3	2	9	18	13	10	23	21	11	16	25	5	17	20	14	7	22	12	1	8	6	19	4	24
6112	7	19	16	14	9	3	8	23	1	25	12	21	20	2	5	13	24	4	22	17	11	10	15	6	18
6113	10	4	17	6	20	14	5	7	15	9	8	23	25	1	18	2	3	12	22	13	11	16	19	24	21
6114	3	8	6	24	23	13	12	17	25	16	21	11	9	18	5	4	7	14	10	19	20	15	2	22	1
6115	10	16	4	20	21	3	5	12	8	11	22	18	15	13	2	1	23	14	6	24	17	7	9	19	25
6116	5	14	8	10	3	9	19	16	20	23	15	4	17	6	2	24	21	18	7	12	13	25	22	1	11
6117	18	19	21	23	13	20	10	6	16	15	5	24	22	25	9	7	14	3	8	2	4	1	12	11	17
6118	8	13	9	22	10	1	16	15	4	14	20	23	3	11	2	18	7	19	5	21	24	17	12	25	6
6119	14	25	13	19	16	11	23	5	1	6	20	3	7	18	24	2	21	10	17	12	22	8	9	4	15
6120	22	2	10	16	20	25	23	8	5	6	12	15	11	13	4	7	18	19	1	9	14	21	3	24	17
6121	1	12	7	8	15	18	3	2	25	21	22	17	10	4	23	20	16	5	19	14	13	11	6	24	9
6122	12	15	2	18	21	24	8	19	25	10	16	7	14	5	9	22	6	11	3	13	20	17	1	23	4
6123	9	14	2	10	16	17	5	4	25	3	6	11	7	19	20	18	1	8	22	12	23	24	13	21	15
6124	24	14	5	13	19	12	25	17	3	4	8	22	11	9	7	15	1	16	21	10	2	20	6	23	18
6125	6	15	7	10	23	21	9	25	18	14	8	1	3	2	12	22	17	24	20	11	16	19	13	5	4
6126	19	20	7	11	21	22	14	16	10	4	23	5	25	9	24	3	6	18	1	13	17	8	15	2	12
6127	9	23	15	7	4	24	5	3	20	25	6	18	22	1	10	16	8	2	21	12	14	19	13	11	17
6128	16	5	12	14	9	4	18	6	2	24	23	10	17	25	7	21	1	3	19	11	15	8	20	13	22
6129	20	7	11	16	23	1	8	15	22	4	17	6	25	2	24	3	10	13	9	21	18	12	5	14	19
6130	14	6	15	10	11	25	24	22	1	9	4	21	19	18	17	8	16	13	23	7	3	2	12	5	20
6131	5	14	1	23	21	22	6	7	13	20	25	18	2	15	19	10	17	16	8	4	3	11	9	24	12
6132	4	18	2	14	10	9	20	7	1	24	8	22	5	16	23	25	17	15	11	19	3	13	21	12	6
6133	23	19	13	8	11	3	5	17	25	4	9	12	10	7	6	16	1	22	14	21	18	2	20	24	15
6134	2	6	3	15	12	13	17	14	25	22	9	4	5	11	21	10	18	1	24	19	23	7	16	8	20
6135	15	1	3	19	10	23	21	18	22	20	4	17	7	12	9	8	16	13	14	6	5	24	11	2	25
6136	5	10	18	22	7	2	1	13	24	20	21	12	19	8	14	9	6	4	3	23	11	17	15	16	25
6137	1	9	19	25	3	5	22	6	11	20	8	17	7	12	16	15	13	18	10	23	2	14	4	24	21
6138	18	20	11	4	5	10	6	3	16	2	1	24	23	17	19	12	8	21	13	15	9	7	22	25	14
6139	8	5	7	25	20	22	15	21	6	2	17	4	9	12	16	13	14	11	10	18	19	24	3	23	1
6140	1	8	23	4	16	21	20	12	22	14	18	13	3	5	6	11	17	24	7	9	2	15	19	25	10
6141	10	16	21	13	4	8	3	20	5	19	22	23	15	24	9	25	12	2	7	18	11	1	17	6	14
6142	21	1	15	19	14	24	17	12	11	5	22	9	13	18	10	23	4	8	25	7	2	16	3	6	20
6143	24	5	14	16	1	19	2	9	25	7	6	3	17	12	10	13	15	22	8	11	18	4	20	21	23
6144	20	18	16	24	12	11	25	10	9	23	8	2	3	21	17	7	19	13	4	14	1	5	15	6	22
6145	9	5	2	19	16	24	21	18	17	14	13	22	11	7	10	8	1	4	6	25	12	20	23	3	15
6146	18	15	7	2	19	23	11	13	1	25	9	22	10	3	6	8	12	21	14	4	17	16	24	20	5
6147	5	2	19	6	21	1	23	4	8	22	12	24	20	16	18	9	7	25	11	17	13	14	15	10	3
6148	19	13	5	18	11	8	20	12	15	23	1	21	4	16	14	25	24	3	17	22	10	6	2	7	9
6149	24	12	11	3	9	13	2	25	18	5	6	1	23	7	10	19	4	14	17	16	15	21	8	20	22
6150	1	7	3	24	17	6	11	14	5	20	8	12	19	4	13	2	15	9	10	25	23	18	16	21	22
6151	25	2	8	3	20	13	21	19	1	6	9	18	15	23	7	17	12	16	14	5	10	11	4	22	24
6152	7	21	5	8	1	3	12	11	9	6	20	16	24	10	25	13	23	15	19	2	14	4	17	22	18
6153	23	5	14	12	24	8	3	22	10	1	15	7	13	19	11	6	4	18	17	20	9	16	21	2	25
6154	8	3	13	1	21	19	10	17	12	16	24	6	20	25	22	7	4	2	9	18	15	14	11	5	23
6155	22	7	10	21	16	25	19	14	12	24	23	2	3	6	9	4	11	15	13	17	18	20	8	1	5
6156	2	20	25	6	16	21	12	22	10	13	3	9	19	18	5	15	24	14	1	7	11	17	23	4	8
6157	18	8	10	17	7	6	24	16	21	14	5	23	2	12	22	25	19	13	4	9	11	1	3	15	20
6158	11	15	16	6	8	13	21	18	24	20	5	12	1	2	23	25	22	7	3	19	14	4	10	9	17
6159	2	4	25	17	19	14	5	22	11	12	7	10	13	21	9	23	6	3	20	8	16	15	18	24	1
6160	12	3	17	7	2	8	18	10	13	24	16	20	4	9	21	19	1	5	25	6	23	14	11	15	22
6161	15	3	25	14	24	6	21	7	2	11	13	9	1	17	8	4	22	16	20	5	23	18	12	19	10
6162	3	22	18	6	17	1	19	10	7	5	16	8	2	4	12	15	24	25	13	21	9	23	11	14	20
6163	2	14	4	12	6	19	11	17	1	9	5	10	20	15	21	25	8	18	13	3	24	22	7	16	23
6164	25	20	3	18	21	14	9	11	7	16	12	19	17	8	22	2	10	5	6	15	4	13	1	24	23
6165	12	23	10	25	8	22	17	11	6	5	13	9	1	19	20	7	21	18	24	16	2	3	15	14	4
6166	18	19	24	9	7	5	8	15	16	6	13	1	21	20	3	4	10	17	23	22	12	25	11	14	2
6167	17	19	4	21	22	15	24	14	3	12	23	9	25	6	16	11	7	13	1	5	20	8	18	2	10
6168	1	25	22	14	7	21	5	6	24	19	11	20	9	16	15	12	18	23	8	4	3	13	17	2	10
6169	25	18	14	24	13	7	1	9	15	3	11	8	20	16	23	19	2	12	5	10	4	22	6	21	17
6170	9	2	20	13	1	22	25	17	11	8	5	18	14	23	24	6	12	7	3	10	19	4	15	21	16
6171	18	15	13	14	10	1	7	16	11	20	4	3	22	25	23	9	5	21	12	8	24	19	2	6	17
6172	11	4	18	24	3	22	8	19	14	13	15	10	1	23	25	9	17	7	12	21	6	16	2	20	5
6173	4	5	24	9	15	3	16	6	11	23	13	7	17	1	8	25	2	20	19	10	14	21	18	12	22
6174	3	18	10	16	2	21	9	7	17	4	24	12	6	8	23	22	14	15	19	25	1	20	5	13	11
6175	20	21	18	9	8	10	16	12	13	3	1	7	14	17	5	24	23	6	2	11	25	22	4	15	19
6176	25	15	5	1	20	23	13	22	18	7	11	17	3	10	4	6	2	19	9	14	8	16	21	12	24
6177	18	4	25	11	3	6	19	15	17	8	14	12	16	20	10	22	5	24	7	21	9	23	2	1	13
6178	11	3	4	2	12	23	22	15	9	13	25	24	10	7	5	14	6	21	1	16	17	19	18	8	20
6179	25	13	22	6	23	19	12	18	24	16	3	14	15	7	8	4	17	9	5	10	2	11	1	21	20
6180	17	13	16	12	2	3	14	7	20	5	1	25	8	24	6	10	15	23	11	18	21	4	9	22	19
6181	22	15	25	18	12	20	7	19	8	13	24	23	9	1	14	16	2	11	17	4	21	10	5	3	6
6182	5	23	21	4	14	12	8	15	18	10	7	22	24	3	6	13	20	11	25	16	2	17	1	9	19
6183	19	10	6	1	18	11	7	21	9	13	20	3	12	4	23	14	17	2	8	15	5	24	25	16	22
6184	5	14	24	15	12	8	9	23	18	17	20	1	11	4	22	6	21	10	2	3	13	7	25	16	19
6185	15	10	6	3	17	7	19	8	16	14	25	18	23	5	9	22	12	13	1	24	4	20	11	2	21
6186	24	1	15	4	13	21	22	5	9	20	6	19	10	8	12	2	7	3	18	17	11	16	23	14	25
6187	10	5	23	14	16	6	20	21	24	2	12	4	13	1	17	19	7	8	22	3	9	25	11	15	18
6188	23	4	21	17	14	11	16	25	9	19	13	2	3	24	10	7	22	12	15	20	1	8	5	6	18
6189	14	11	18	2	9	16	13	25	19	5	15	10	20	23	8	4	7	22	24	12	6	21	1	17	3
6190	21	10	19	4	17	20	3	8	13	22	7	23	24	16	15	18	6	5	2	11	9	1	14	12	25
6191	5	3	4	11	24	12	14	17	9	21	6	23	16	22	15	13	2	25	19	8	10	1	20	18	7
6192	25	24	2	1	12	9	23	20	15	18	13	5	11	4	6	3	22	21	10	19	8	16	7	17	14
6193	5	18	16	21	8	2	15	24	10	7	11	20	1	4	9	17	3	14	6	22	19	23	25	12	13
6194	24	20	9	12	19	5	2	22	23	11	10	1	15	18	7	13	21	16	6	8	14	25	3	4	17
6195	3	24	8	5	13	18	20	19	21	23	12	11	1	4	10	25	14	17	16	9	2	15	22	7	6
6196	16	18	17	10	6	15	7	5	3	22	14	24	20	4	13	19	8	9	11	23	21	1	25	12	2
6197	25	1	3	20	8	4	19	5	16	6	23	18	15	24	10	11	7	2	12	22	14	9	21	13	17
6198	6	9	14	17	21	18	12	8	22	23	24	3	11	7	5	16	1	15	4	2	25	19	10	13	20
6199	23	20	12	17	5	9	22	21	7	18	24	8	13	4	25	6	10	15	16	1	11	14	2	3	19
6200	24	8	12	15	13	1	25	5	18	9	10	4	6	16	19	20	7	2	17	11	21	22	23	3	14
6201	13	15	21	24	8	6	1	18	9	4	19	20	3	12	7	10	25	2	16	22	23	5	17	11	14
6202	18	6	3	25	2	12	17	11	16	5	10	9	1	7	19	23	8	13	20	21	24	15	4	22	14
6203	3	16	9	6	23	22	19	12	21	24	18	11	25	1	4	2	10	20	13	5	14	15	7	17	8
6204	13	1	22	2	20	18	10	21	16	25	3	24	14	17	6	19	15	23	7	8	9	12	5	4	11
6205	21	16	14	20	13	23	19	24	6	1	8	7	2	11	5	4	15	25	10	12	3	9	18	17	22
6206	14	7	11	23	21	5	20	18	9	12	24	2	1	4	3	13	8	6	19	25	10	16	22	15	17
6207	9	10	2	11	1	3	21	23	13	19	14	6	18	5	17	16	22	12	25	24	7	20	4	8	15
6208	8	14	22	18	24	13	6	12	20	11	9	23	15	19	7	25	1	10	17	5	4	16	2	3	21
6209	11	4	2	13	18	23	14	15	5	25	16	17	19	1	22	12	3	24	9	20	21	6	7	10	8
6210	6	17	9	24	21	16	12	15	19	10	7	20	5	13	14	11	23	3	2	22	25	18	8	4	1
6211	24	15	17	21	19	4	7	9	8	12	22	11	25	5	1	16	2	13	18	3	10	23	20	6	14
6212	12	24	21	22	9	10	8	25	20	18	23	19	5	3	16	4	13	6	14	17	1	15	11	7	2
6213	7	4	3	21	10	12	17	24	22	2	23	18	25	14	16	9	6	15	11	1	5	8	19	20	13
6214	8	14	17	11	2	21	13	7	1	5	20	6	9	12	3	23	24	22	4	18	10	16	19	15	25
6215	19	8	11	22	6	17	4	20	24	25	14	16	9	10	15	12	23	5	7	1	3	21	13	2	18
6216	3	23	9	7	6	21	13	19	5	12	17	20	10	15	11	24	16	18	22	4	14	25	2	1	8
6217	2	11	6	23	1	7	10	20	21	8	4	16	5	18	25	24	13	17	19	9	22	3	14	15	12
6218	9	25	14	15	17	5	1	11	13	23	2	8	12	7	21	18	24	4	20	10	3	22	16	6	19
6219	22	9	7	1	8	3	4	12	20	16	25	18	19	11	17	24	21	23	14	10	15	2	5	13	6
6220	6	20	4	13	22	5	8	7	24	2	9	3	21	14	17	25	12	18	16	19	10	11	1	15	23
6221	3	2	12	4	7	24	18	8	13	15	10	22	5	19	17	23	16	25	20	11	1	21	9	6	14
6222	20	9	23	6	17	25	19	10	8	11	21	18	7	5	13	22	3	2	14	16	4	24	1	15	12
6223	22	23	12	4	3	18	17	6	15	9	16	5	10	1	8	14	2	25	20	21	19	7	11	13	24
6224	16	5	22	1	4	25	18	19	20	15	9	8	3	12	13	6	14	10	17	11	23	2	21	7	24
6225	21	12	16	10	23	7	19	9	24	17	6	14	20	3	22	2	5	15	25	8	11	4	1	18	13
6226	2	10	21	12	4	20	22	23	16	14	15	24	19	17	8	13	11	9	5	6	1	3	7	25	18
6227	13	24	8	19	14	25	21	5	11	10	20	7	4	1	2	17	18	23	6	12	16	22	15	9	3
6228	18	5	12	24	22	11	9	16	17	2	7	8	10	15	6	1	4	14	20	21	3	25	13	19	23
6229	17	9	5	16	7	20	15	10	3	23	19	14	13	2	21	18	6	1	11	24	4	8	12	25	22
6230	11	13	25	21	22	19	7	12	8	5	10	17	15	9	23	14	1	18	2	16	4	6	20	3	24
6231	5	8	18	16	24	11	25	17	4	9	22	7	6	3	19	1	20	21	23	15	12	14	10	2	13
6232	11	15	18	10	20	3	4	2	12	16	6	21	14	1	25	24	23	22	7	19	5	9	13	8	17
6233	9	4	19	13	11	7	24	8	18	21	14	5	10	16	2	20	25	3	23	6	12	15	22	17	1
6234	18	12	16	7	4	21	1	10	22	11	25	23	20	3	19	8	15	24	5	13	9	17	2	14	6
6235	24	13	23	18	25	1	22	20	16	5	2	11	3	14	15	19	9	17	4	7	21	8	6	10	12
6236	19	12	4	8	18	16	24	10	5	2	25	23	7	15	9	22	20	11	3	14	17	6	21	1	13
6237	8	25	16	14	15	9	1	20	6	17	10	23	4	13	19	21	5	3	18	22	7	24	11	12	2
6238	3	16	21	19	7	15	2	14	6	25	8	20	11	1	22	4	9	13	5	23	17	12	24	18	10
6239	15	1	19	13	9	23	6	14	17	8	5	22	16	24	20	3	2	10	12	21	18	4	7	25	11
6240	22	11	1	20	8	24	21	2	5	14	15	6	16	4	12	25	3	9	23	7	17	13	19	10	18
6241	4	17	1	15	24	20	7	10	5	14	21	18	23	25	11	16	22	12	19	3	8	9	6	13	2
6242	22	11	20	18	4	19	6	14	10	23	24	5	7	1	15	16	12	25	13	9	17	21	2	8	3
6243	17	4	6	21	13	25	5	11	15	12	14	10	23	7	20	24	22	2	8	1	3	9	16	19	18
6244	14	12	10	25	9	11	22	18	21	5	3	2	8	23	16	4	6	1	17	24	13	7	20	19	15
6245	17	5	14	15	18	2	11	22	7	16	9	3	23	12	21	4	1	20	8	10	24	25	6	13	19
6246	23	15	5	4	9	1	10	17	20	6	24	25	22	3	21	14	8	11	16	7	13	2	12	19	18
6247	24	1	22	21	12	14	4	23	3	2	9	19	18	6	8	11	16	25	13	17	7	10	20	15	5
6248	21	16	5	8	23	14	3	19	4	11	1	24	12	7	13	25	20	9	22	6	17	15	2	10	18
6249	21	11	24	1	5	23	14	22	19	8	17	18	9	4	20	10	25	2	6	3	7	16	15	13	12
6250	24	20	22	21	23	12	5	25	6	1	14	7	16	9	18	11	3	13	8	15	19	10	17	4	2
6251	1	7	3	16	24	9	4	6	5	23	19	13	2	15	21	18	20	11	25	8	22	12	10	14	17
6252	14	13	10	24	7	1	2	22	9	17	20	16	8	21	19	11	3	23	6	12	25	15	4	5	18
6253	14	6	17	18	1	5	2	21	16	19	10	13	20	15	9	23	8	7	3	4	25	12	11	22	24
6254	22	12	5	8	7	19	4	23	13	17	25	21	16	6	9	15	20	14	2	24	18	3	11	10	1
6255	25	8	11	17	7	12	14	1	20	2	19	21	23	6	4	13	16	10	9	15	24	18	3	5	22
6256	9	18	25	7	24	6	14	22	11	2	16	4	5	21	20	1	12	3	17	8	23	10	19	13	15
6257	14	20	15	13	7	23	3	25	5	11	24	6	8	22	16	18	17	2	19	10	12	21	4	1	9
6258	18	25	3	14	23	17	19	10	24	12	2	15	4	8	9	20	16	13	7	21	22	11	1	5	6
6259	7	21	16	13	10	14	4	11	3	2	9	25	5	8	23	6	19	22	12	1	20	24	17	18	15
6260	13	1	4	23	17	11	2	25	18	15	22	8	6	9	10	5	7	14	20	3	21	19	12	24	16
6261	5	22	1	16	4	24	20	6	11	13	14	25	18	10	12	3	7	23	21	19	9	17	15	8	2
6262	16	15	18	14	8	25	3	20	19	13	1	11	24	4	21	2	23	6	9	5	10	22	12	17	7
6263	16	13	19	7	25	5	24	3	20	1	2	4	12	22	10	6	17	21	8	9	14	23	15	18	11
6264	4	25	10	1	15	6	24	21	13	7	9	19	18	14	17	16	3	2	5	11	12	20	8	22	23
6265	10	12	17	15	7	6	24	19	8	9	11	4	25	1	13	21	20	18	5	22	2	14	3	16	23
6266	16	4	1	2	3	7	24	12	25	17	11	20	13	23	15	5	10	8	22	18	14	9	19	21	6
6267	18	12	8	19	4	16	5	22	15	10	1	21	20	11	17	7	3	13	9	14	25	6	23	24	2
6268	12	5	18	2	11	20	7	9	23	10	14	4	1	13	19	16	21	17	8	24	6	25	22	15	3
6269	22	13	23	8	11	25	9	19	24	17	15	18	14	5	21	7	16	6	3	20	10	1	2	4	12
6270	19	8	6	12	16	13	15	25	7	14	22	24	2	5	23	10	17	21	9	20	11	3	18	1	4
6271	22	16	21	12	3	14	4	8	13	5	20	1	17	11	24	23	9	2	7	15	19	6	25	18	10
6272	12	24	7	8	3	23	13	21	19	11	25	18	9	4	2	17	10	16	1	20	6	15	5	22	14
6273	6	15	5	22	24	18	23	8	21	2	25	19	10	13	3	16	11	7	9	12	4	14	1	20	17
6274	23	5	1	9	3	18	24	11	12	14	19	6	2	17	4	25	16	22	20	13	10	21	7	8	15
6275	23	7	25	18	6	2	21	11	3	17	4	14	24	10	5	1	22	19	15	16	8	20	12	9	13
6276	9	1	2	15	11	17	12	5	14	10	16	22	20	3	7	23	24	25	19	13	4	18	6	21	8
6277	1	25	8	22	15	3	18	21	17	6	12	24	9	4	10	19	2	20	13	16	11	5	23	14	7
6278	3	14	23	13	18	8	2	21	17	12	16	24	22	15	1	9	11	5	7	10	19	20	6	4	25
6279	8	24	12	5	10	9	15	2	16	18	14	19	4	21	13	23	22	20	3	1	7	17	11	25	6
6280	23	25	11	19	8	6	2	15	18	17	10	16	24	13	4	14	21	5	22	20	7	3	12	1	9
6281	18	17	5	24	15	23	20	21	2	16	10	22	12	4	9	6	3	1	7	14	13	11	19	8	25
6282	20	7	17	16	9	15	3	19	18	13	11	8	25	2	4	1	12	22	23	6	14	10	5	24	21
6283	22	15	3	23	14	19	10	4	18	16	17	9	20	1	7	25	12	13	24	5	6	8	21	11	2
6284	10	18	7	15	9	25	23	16	24	8	3	11	20	21	2	12	22	4	13	19	5	6	1	14	17
6285	2	7	4	21	8	20	19	25	12	23	1	14	11	10	3	5	13	17	22	6	9	24	16	18	15
6286	14	7	22	3	6	18	19	2	21	24	12	13	9	15	5	8	23	16	10	11	25	17	1	4	20
6287	20	19	8	6	7	4	25	23	12	17	10	22	11	13	15	16	21	5	24	9	1	2	18	3	14
6288	16	8	23	3	5	12	13	17	1	24	21	7	25	19	2	14	9	22	18	10	20	11	15	4	6
6289	9	20	19	18	23	3	24	4	22	5	13	6	15	7	10	17	2	16	14	12	8	11	1	21	25
6290	10	17	22	23	20	7	3	5	11	25	13	2	16	18	19	9	15	14	24	8	4	21	12	6	1
6291	10	12	9	17	8	15	11	2	22	5	24	13	16	1	18	3	23	19	25	7	6	14	21	20	4
6292	9	2	4	25	11	19	12	3	20	18	23	1	21	14	17	8	13	5	15	7	6	22	16	10	24
6293	21	16	5	12	13	9	22	23	15	19	4	3	1	6	20	2	10	25	8	14	7	24	17	18	11
6294	11	5	17	19	16	2	6	1	21	15	20	25	8	18	13	14	9	24	3	23	7	4	12	22	10
6295	22	23	13	20	7	14	9	11	18	24	4	3	17	5	8	15	12	1	25	16	19	6	2	10	21
6296	12	3	9	13	19	16	23	15	5	7	2	14	18	17	6	24	20	4	10	1	11	25	8	21	22
6297	3	6	9	18	21	12	16	7	15	13	17	4	1	2	5	22	24	8	11	14	23	20	10	25	19
6298	3	19	21	2	18	23	14	13	24	20	15	7	6	12	25	1	17	22	9	8	10	4	5	11	16
6299	17	13	16	8	18	25	15	20	3	22	14	11	2	23	7	12	5	21	19	4	9	1	24	6	10
6300	19	3	10	13	5	18	24	14	12	1	7	21	11	25	2	22	17	20	23	9	4	16	15	8	6
6301	7	12	16	5	15	20	11	23	19	10	3	14	9	22	6	17	2	8	4	18	13	21	25	24	1
6302	20	21	8	16	5	9	4	10	25	6	14	18	17	22	24	23	1	15	19	3	13	2	11	7	12
6303	2	8	18	17	16	5	20	22	4	25	3	19	7	24	13	10	6	15	9	1	11	14	12	21	23
6304	1	14	8	13	15	25	11	6	21	4	10	23	22	9	3	18	2	17	20	5	7	12	19	24	16
6305	17	6	14	4	8	19	22	16	23	5	10	11	1	20	15	3	13	25	9	2	12	21	7	24	18
6306	23	6	24	19	1	18	21	10	9	2	17	12	25	14	22	3	15	4	13	5	20	8	16	11	7
6307	9	22	4	16	20	12	24	2	11	5	25	17	21	23	13	15	1	3	10	18	14	7	6	19	8
6308	9	21	15	4	2	13	20	25	14	5	12	23	18	1	3	11	8	19	24	7	22	6	10	17	16
6309	19	15	11	18	14	23	2	21	16	3	10	12	1	6	4	13	20	5	9	17	22	7	25	8	24
6310	2	25	14	19	21	1	17	12	20	13	5	8	7	3	22	16	11	4	24	9	23	10	18	6	15
6311	25	2	15	12	21	8	6	22	7	19	4	1	10	20	17	24	3	13	5	9	16	23	11	14	18
6312	8	20	25	9	21	18	1	19	7	12	5	14	10	4	11	15	2	24	22	17	16	6	3	13	23
6313	4	9	20	6	13	18	21	24	23	14	17	7	11	12	16	10	22	19	1	15	5	3	25	2	8
6314	5	24	19	23	22	17	4	3	25	18	21	11	13	6	9	1	14	8	16	12	20	10	7	2	15
6315	24	18	22	5	3	9	4	7	21	6	20	17	10	1	14	23	11	16	2	15	8	13	25	12	19
6316	24	25	1	5	12	23	20	21	16	17	7	6	4	9	18	2	13	3	15	8	14	22	11	10	19
6317	17	24	16	4	9	11	25	1	7	12	19	8	22	20	2	21	23	3	5	6	13	10	15	18	14
6318	16	23	19	15	4	8	2	11	22	10	17	1	5	18	20	12	7	25	9	3	21	24	6	13	14
6319	12	18	15	21	19	22	20	24	4	11	9	14	2	3	23	16	25	5	17	13	6	10	1	7	8
6320	18	16	2	1	25	14	7	24	9	21	11	4	5	10	15	22	13	3	8	19	17	6	23	20	12
6321	2	7	1	13	11	19	16	5	15	8	14	4	3	25	6	18	10	24	12	9	17	22	23	21	20
6322	1	20	7	15	12	11	8	19	23	3	16	6	25	4	13	18	21	10	17	2	5	22	14	24	9
6323	7	2	18	13	6	24	14	22	1	21	15	3	5	11	17	20	12	9	19	25	23	10	8	16	4
6324	23	17	7	9	10	24	16	13	6	4	15	21	2	18	14	22	3	1	19	5	11	20	8	12	25
6325	13	20	10	9	16	6	15	22	8	14	3	12	25	7	2	4	1	18	23	19	11	17	24	21	5
6326	11	16	12	21	15	1	3	22	9	24	14	17	20	6	8	7	25	4	5	13	18	10	23	2	19
6327	25	4	8	11	7	20	13	10	6	19	21	24	14	5	15	9	17	3	16	1	22	12	2	18	23
6328	21	24	12	17	6	22	23	19	7	3	18	10	16	8	25	20	4	1	2	11	15	9	13	5	14
6329	4	25	12	24	15	17	22	19	10	13	2	7	23	14	8	16	20	11	9	5	3	21	18	1	6
6330	15	2	5	11	20	12	16	6	4	7	19	10	25	14	9	13	8	21	23	18	1	3	24	22	17
6331	18	7	20	17	14	15	11	5	12	6	13	2	19	23	25	1	4	8	9	24	21	10	3	16	22
6332	11	10	18	23	17	20	6	19	14	4	13	3	25	15	1	16	22	9	8	12	21	7	24	2	5
6333	20	23	14	4	25	8	12	1	2	5	3	19	13	7	6	17	15	21	24	10	18	22	9	11	16
6334	19	13	7	2	25	22	16	20	15	18	21	23	9	11	12	10	14	17	24	8	1	4	5	6	3
6335	3	24	22	15	6	2	17	11	10	20	8	5	4	1	18	9	12	25	21	16	14	23	19	13	7
6336	4	7	17	18	21	19	23	9	16	3	24	22	11	8	2	15	25	20	5	6	14	12	13	10	1
6337	16	6	2	12	20	14	19	18	21	7	15	3	25	5	1	11	4	9	22	8	17	10	24	23	13
6338	3	2	5	1	21	10	8	20	22	24	11	4	17	7	9	19	23	14	25	18	15	13	12	6	16
6339	10	19	20	21	13	14	2	3	15	9	1	11	16	24	18	4	5	22	17	23	7	6	8	12	25
6340	8	21	12	10	13	22	23	24	14	5	15	9	6	11	2	18	3	20	4	25	1	17	7	16	19
6341	7	2	13	19	4	10	15	17	23	12	5	6	11	3	18	14	16	1	21	9	8	20	25	24	22
6342	21	11	9	4	12	7	8	18	19	13	1	2	17	3	23	15	14	24	22	20	10	16	5	6	25
6343	8	16	18	14	9	25	15	4	7	10	24	5	17	22	3	21	6	13	23	1	19	20	2	11	12
6344	8	21	19	16	11	4	13	7	5	23	3	9	22	17	6	15	18	20	24	10	25	14	1	2	12
6345	8	17	20	3	25	11	22	15	21	14	2	24	13	23	9	6	5	12	1	10	4	18	7	16	19
6346	9	5	8	3	2	17	1	19	23	22	7	14	4	11	13	24	21	18	25	20	15	12	16	10	6
6347	9	23	22	8	18	3	21	24	14	19	16	1	7	4	13	20	12	15	11	10	2	17	25	5	6
6348	4	18	6	15	24	13	10	7	21	16	8	22	14	23	2	12	3	5	9	25	19	1	17	20	11
6349	20	15	1	23	14	8	9	16	19	7	21	18	22	17	10	13	24	25	11	3	5	12	2	4	6
6350	3	17	23	6	24	10	18	16	1	14	13	12	22	2	21	8	19	7	15	4	9	11	20	5	25
6351	4	16	23	14	1	11	17	9	18	13	8	3	22	21	12	25	10	2	19	24	6	20	15	5	7
6352	2	12	20	24	7	19	10	5	6	3	9	25	1	15	21	8	23	13	4	18	17	16	14	22	11
6353	21	2	23	1	9	3	24	16	18	6	19	15	11	5	25	7	4	22	12	8	13	10	14	20	17
6354	24	10	6	16	3	11	14	7	13	2	8	18	25	22	5	20	23	17	9	15	19	12	4	21	1
6355	16	17	20	25	10	13	22	3	1	12	21	6	24	15	19	2	14	8	4	23	5	7	9	11	18
6356	3	10	9	8	24	6	20	15	12	19	5	14	25	17	21	23	7	22	11	2	18	4	13	16	1
6357	21	4	25	15	14	19	20	7	10	2	9	8	6	12	18	1	22	11	3	24	17	16	13	23	5
6358	1	19	22	23	12	4	10	17	5	20	21	18	8	7	15	13	25	14	2	3	11	16	9	24	6
6359	9	3	23	24	12	22	17	15	18	2	13	20	25	4	16	5	6	8	1	10	19	7	21	11	14
6360	22	5	14	9	17	11	23	25	15	2	13	24	16	1	4	6	19	7	18	8	21	10	12	3	20
6361	16	12	8	18	19	7	2	22	1	10	13	11	24	4	20	25	21	23	6	9	5	17	15	3	14
6362	20	2	11	17	23	6	1	7	21	18	25	13	14	9	22	10	5	4	24	3	16	19	15	8	12
6363	21	17	14	20	6	15	5	7	2	13	1	25	11	12	23	4	9	8	16	24	19	22	18	10	3
6364	12	8	24	14	5	9	2	15	13	3	4	10	20	7	23	11	16	6	19	18	22	1	25	17	21
6365	8	6	10	4	23	3	21	2	9	18	17	11	15	5	13	20	7	25	16	14	12	22	24	1	19
6366	2	8	6	11	25	13	16	14	21	3	20	23	5	15	10	9	24	1	18	22	12	7	17	19	4
6367	16	20	22	17	6	21	18	4	10	24	13	12	7	23	2	9	8	5	3	14	11	15	25	1	19
6368	19	11	8	6	18	25	2	1	12	24	23	5	20	3	4	9	10	15	14	16	22	17	21	7	13
6369	7	3	13	5	18	9	23	8	21	10	16	24	22	1	15	4	17	20	6	2	11	14	25	12	19
6370	23	11	13	18	20	4	6	21	1	2	24	19	9	17	25	5	7	14	10	22	16	15	8	3	12
6371	18	9	13	5	20	14	19	15	12	8	10	22	7	11	21	3	24	4	16	23	6	17	25	2	1
6372	13	16	3	18	8	4	1	15	24	14	10	19	20	2	22	23	7	5	12	21	6	25	9	11	17
6373	4	3	18	11	23	22	2	16	24	7	6	1	21	5	17	9	19	12	25	8	13	20	14	15	10
6374	16	7	19	12	2	13	22	23	21	10	8	4	18	5	14	9	20	24	11	1	15	17	3	25	6
6375	13	23	25	10	15	7	4	16	18	9	24	8	11	1	19	17	6	14	12	2	5	22	3	20	21
6376	14	19	23	1	18	8	24	11	22	15	16	10	3	25	13	4	5	9	20	2	12	6	7	17	21
6377	24	18	4	20	2	23	8	13	1	25	11	10	17	15	9	5	16	19	7	22	12	14	21	3	6
6378	21	7	8	24	25	5	1	6	9	23	13	18	14	4	16	11	22	20	10	19	3	17	12	2	15
6379	17	2	23	24	5	3	11	22	20	25	16	7	6	9	8	15	4	18	12	13	19	1	14	10	21
6380	11	12	23	21	24	8	2	13	16	14	5	18	10	1	22	4	17	19	3	20	9	6	7	25	15
6381	8	15	19	18	23	13	3	12	5	24	4	17	25	10	6	21	22	9	11	7	20	2	14	16	1
6382	2	11	14	25	1	15	22	4	16	13	19	8	12	18	24	6	23	9	3	7	5	10	21	20	17
6383	7	8	9	20	23	12	11	18	6	3	10	17	14	2	4	16	25	19	5	15	21	13	1	22	24
6384	23	18	15	20	12	10	9	3	24	16	13	21	19	14	6	2	22	7	25	5	11	1	8	4	17
6385	7	3	5	8	11	23	25	20	12	4	18	6	2	9	17	14	10	13	21	16	24	1	19	15	22
6386	18	2	10	12	5	17	11	14	6	23	22	24	19	16	8	7	9	15	13	25	20	3	1	4	21
6387	18	20	2	22	15	4	23	14	11	5	9	8	1	17	24	7	21	25	10	3	13	12	19	6	16
6388	2	4	10	5	13	20	16	22	17	21	25	24	15	8	7	14	18	9	1	11	6	3	12	23	19
6389	16	14	25	9	1	10	12	22	17	24	13	15	8	20	6	2	21	11	3	19	5	4	23	7	18
6390	11	25	15	1	19	13	20	3	17	8	12	5	22	18	24	6	7	2	21	10	14	16	23	4	9
6391	16	4	21	25	24	1	20	14	18	6	7	2	19	13	3	8	10	23	9	11	17	15	5	12	22
6392	12	20	23	11	8	7	9	25	4	22	13	18	21	6	2	1	15	24	16	10	3	19	14	5	17
6393	20	19	24	12	7	25	1	2	9	3	16	21	15	8	11	17	22	14	23	5	13	18	10	4	6
6394	22	21	15	5	24	12	14	8	3	6	20	13	23	10	17	18	9	19	7	4	2	25	11	1	16
6395	11	2	7	1	15	23	8	17	24	19	18	20	10	9	5	22	4	21	14	3	13	25	12	16	6
6396	8	14	6	23	3	18	19	7	12	2	21	10	15	4	9	20	1	24	16	22	17	13	5	11	25
6397	8	17	16	5	23	15	24	6	11	1	21	3	19	9	25	10	22	4	14	7	13	12	2	18	20
6398	10	21	6	4	20	8	1	7	14	25	23	2	5	12	3	19	13	15	22	18	16	9	24	11	17
6399	4	22	20	5	7	23	24	21	13	9	6	3	19	12	11	8	2	18	14	16	17	25	1	10	15
6400	7	14	16	2	12	11	15	18	23	20	25	3	6	1	9	8	21	22	5	4	24	10	19	13	17
6401	24	6	23	21	16	19	5	3	20	12	11	18	15	4	25	10	14	17	22	7	8	13	1	2	9
6402	13	10	21	25	15	9	24	11	7	5	1	12	14	6	18	23	2	3	8	4	16	17	22	19	20
6403	15	10	2	25	16	7	3	5	23	9	19	12	22	4	11	20	17	8	13	18	1	24	21	14	6
6404	10	18	21	2	8	20	9	22	1	13	19	7	4	15	5	11	25	17	16	23	14	3	6	24	12
6405	19	7	21	22	20	12	25	9	18	11	3	16	10	14	8	1	15	4	17	5	24	23	2	13	6
6406	14	1	12	19	24	15	6	22	10	9	16	5	13	25	21	20	8	23	7	18	17	4	2	3	11
6407	19	16	15	13	18	22	7	11	12	25	3	23	4	20	10	17	5	1	2	24	14	6	21	8	9
6408	19	7	2	16	15	13	11	24	22	12	5	9	20	3	6	10	4	8	18	23	14	1	25	17	21
6409	19	1	3	15	22	6	20	5	16	12	14	25	2	17	10	11	8	21	9	24	7	23	18	4	13
6410	18	17	12	24	20	15	9	13	1	2	19	11	5	21	7	23	14	6	22	8	3	4	25	16	10
6411	10	21	24	22	18	12	8	20	17	6	14	2	25	9	7	15	1	23	16	19	3	4	13	11	5
6412	1	2	19	17	3	18	6	4	9	25	23	15	5	22	20	10	12	7	24	11	14	8	21	16	13
6413	24	25	11	2	15	20	1	6	13	10	4	7	19	23	8	3	16	22	5	21	14	18	17	12	9
6414	19	20	13	11	21	7	10	16	17	24	9	18	4	14	15	3	5	22	25	1	6	23	12	2	8
6415	9	17	21	19	16	3	14	6	24	8	10	15	18	13	11	4	1	25	2	23	7	22	20	12	5
6416	7	15	8	20	12	18	9	13	3	2	6	19	4	22	21	24	16	17	23	10	25	1	5	14	11
6417	14	22	7	19	9	1	10	23	5	2	20	12	4	24	8	11	15	18	3	17	13	16	6	25	21
6418	5	16	15	14	22	9	17	23	20	7	12	10	19	3	6	18	4	2	25	8	1	11	13	24	21
6419	25	1	12	5	21	6	3	24	2	14	20	13	7	16	15	19	17	4	8	22	23	18	9	10	11
6420	5	13	12	3	8	10	7	18	17	15	16	21	1	14	6	25	24	9	2	20	23	22	4	11	19
6421	25	22	18	15	10	1	19	9	2	14	20	12	13	5	11	6	4	21	16	3	8	23	7	24	17
6422	7	25	3	10	2	18	5	12	16	13	20	23	14	6	22	24	1	21	4	9	8	17	15	19	11
6423	2	23	19	13	14	16	21	7	25	24	12	17	9	8	3	11	18	4	22	6	10	15	1	5	20
6424	2	21	15	1	19	18	4	5	3	17	20	6	24	22	10	14	13	9	11	8	7	12	25	23	16
6425	10	14	22	9	16	3	20	19	4	13	11	7	25	21	6	2	24	12	15	8	5	18	17	1	23
6426	15	9	14	8	22	23	20	19	4	3	5	13	7	21	2	1	10	6	11	24	17	18	25	12	16
6427	23	22	25	11	17	4	16	21	3	1	7	8	24	20	19	10	2	5	13	15	18	12	9	6	14
6428	18	20	17	1	23	5	12	16	22	4	15	24	8	2	9	11	10	14	19	6	13	7	25	21	3
6429	2	9	7	15	16	8	18	6	22	25	12	5	3	1	20	23	14	11	4	13	19	24	21	10	17
6430	3	17	13	9	7	4	10	23	21	6	18	15	16	2	14	12	20	5	22	19	1	25	11	24	8
6431	18	23	25	21	19	7	4	11	10	16	14	1	3	2	12	20	8	9	24	17	5	15	6	22	13
6432	8	4	13	11	7	19	23	3	18	24	17	16	10	25	22	14	15	2	1	9	20	6	12	5	21
6433	21	22	15	17	16	9	14	2	24	12	23	25	10	20	5	6	13	8	1	7	3	18	19	4	11
6434	14	12	22	11	2	5	9	6	19	1	20	18	17	23	21	8	13	4	25	24	16	3	7	15	10
6435	2	14	13	3	22	7	5	19	25	15	6	20	23	9	12	24	11	8	17	21	1	4	16	18	10
6436	25	14	19	15	8	16	22	21	11	2	10	24	13	7	1	18	20	4	23	5	9	3	12	17	6
6437	16	8	24	6	7	1	10	13	23	20	17	18	3	5	12	14	11	2	19	15	25	21	4	22	9
6438	13	3	10	18	8	9	2	5	22	15	6	7	11	4	20	25	1	21	12	19	16	17	24	14	23
6439	21	11	16	1	7	22	25	10	9	4	5	6	20	13	2	24	23	19	14	3	12	17	8	18	15
6440	2	22	14	11	23	4	9	18	24	21	17	15	19	12	8	16	25	3	5	1	6	10	20	13	7
6441	24	12	18	6	5	1	21	23	8	17	14	10	15	2	11	3	25	22	19	4	9	16	13	20	7
6442	25	22	5	13	9	8	2	1	12	15	24	6	14	11	20	7	18	3	10	19	4	21	23	16	17
6443	19	9	2	6	5	11	8	17	18	7	13	15	23	1	14	3	16	22	20	25	4	21	12	24	10
6444	7	2	10	18	13	24	15	14	17	16	9	6	4	11	22	25	23	1	19	20	21	3	5	12	8
6445	20	15	22	7	9	12	1	2	10	14	23	4	18	19	5	17	16	11	25	3	8	24	21	13	6
6446	1	11	21	4	18	13	19	9	3	16	25	5	14	7	8	2	15	23	22	24	20	12	17	10	6
6447	11	8	7	18	13	23	22	5	15	19	2	1	3	20	9	17	4	14	16	6	21	24	10	12	25
6448	18	19	16	4	9	25	7	14	3	10	24	17	1	5	21	13	15	20	22	2	6	23	12	11	8
6449	1	11	22	17	24	23	3	8	2	19	7	18	14	20	4	6	12	25	15	13	5	21	9	16	10
6450	18	14	11	10	13	23	12	8	22	16	25	9	4	17	5	1	2	19	7	15	20	24	21	6	3
6451	8	11	1	2	20	6	3	13	18	14	4	17	9	15	5	25	7	10	22	16	24	19	12	21	23
6452	25	7	20	6	12	4	16	21	10	8	5	14	9	2	24	13	22	19	23	3	15	18	11	1	17
6453	5	16	25	12	8	4	11	19	6	22	7	13	2	9	14	17	10	21	3	23	18	20	24	1	15
6454	1	12	22	23	21	19	11	3	17	16	24	14	18	20	4	8	10	13	2	5	25	7	15	9	6
6455	11	17	15	16	12	22	25	18	4	8	9	13	21	1	7	2	24	20	5	19	6	3	23	10	14
6456	7	16	17	14	18	2	8	25	13	15	23	1	6	9	22	5	10	19	24	4	11	3	21	20	12
6457	14	10	2	13	21	11	6	18	8	24	7	25	4	9	3	17	22	23	5	12	16	19	20	15	1
6458	12	17	4	25	22	8	11	5	1	20	15	16	10	21	18	23	2	13	19	6	14	24	7	3	9
6459	1	9	4	14	5	21	6	20	2	3	15	24	13	10	17	12	18	11	7	23	22	8	25	19	16
6460	4	24	23	20	19	22	1	15	17	5	13	3	25	12	10	2	16	7	9	11	18	6	8	21	14
6461	25	18	8	24	17	15	13	5	4	12	7	11	19	22	3	14	16	9	21	6	10	2	20	1	23
6462	11	18	21	22	20	7	15	6	1	4	13	14	25	17	24	19	9	12	8	5	16	3	2	10	23
6463	24	11	10	14	13	9	12	16	15	3	2	8	18	7	20	4	23	17	1	22	25	21	5	6	19
6464	5	22	1	7	19	16	2	4	24	18	9	8	21	6	23	10	17	25	14	11	12	13	15	3	20
6465	1	14	11	16	12	6	5	3	4	21	8	17	9	2	7	19	22	15	23	20	10	18	25	24	13
6466	23	17	4	6	20	7	2	15	8	18	12	25	24	3	11	14	22	19	16	10	13	9	1	5	21
6467	22	20	13	19	17	2	12	15	21	18	1	25	16	7	23	14	11	6	10	8	4	5	24	9	3
6468	20	18	23	14	9	1	11	21	16	22	19	25	5	15	8	3	7	4	24	10	17	13	6	12	2
6469	6	17	3	2	12	5	8	20	25	11	22	15	24	16	10	14	9	4	1	7	18	21	23	19	13
6470	10	9	22	18	21	15	12	25	7	6	2	23	3	16	1	5	24	14	20	4	19	17	13	8	11
6471	15	7	23	19	8	18	22	3	5	6	1	16	11	10	13	17	2	9	24	14	25	21	20	4	12
6472	20	14	18	6	12	16	19	7	17	1	9	23	8	25	10	2	11	24	3	15	13	22	4	21	5
6473	21	17	23	18	24	14	5	4	22	3	20	6	19	9	7	1	16	2	12	13	25	15	11	8	10
6474	7	19	18	22	25	21	9	14	3	20	5	10	15	24	4	2	6	11	12	13	17	23	1	8	16
6475	11	1	8	16	19	13	3	20	9	14	24	17	25	21	18	7	4	23	22	15	2	10	12	5	6
6476	25	16	8	3	24	4	14	21	6	1	7	13	10	15	12	11	9	18	22	23	20	5	2	19	17
6477	13	21	20	19	5	24	8	4	1	18	9	17	16	12	7	22	23	11	10	14	6	2	3	25	15
6478	6	7	1	10	23	18	3	11	13	24	22	4	21	20	12	14	5	16	25	9	15	2	17	8	19
6479	17	16	14	23	1	6	12	24	19	2	15	20	11	4	13	10	21	18	7	5	25	8	22	9	3
6480	22	6	24	8	15	10	25	11	16	17	23	7	3	18	14	1	20	9	2	19	21	12	13	4	5
6481	19	9	10	14	20	1	17	24	8	5	16	7	12	23	15	13	25	22	2	21	3	18	6	11	4
6482	22	17	13	10	15	14	1	2	3	16	20	6	23	21	7	12	11	25	4	9	5	8	24	19	18
6483	23	6	10	13	11	8	24	17	12	2	20	7	3	25	18	16	4	15	14	19	21	1	5	22	9
6484	19	12	14	16	2	17	23	9	1	3	4	25	6	13	10	5	22	24	20	8	11	18	7	15	21
6485	14	9	3	25	12	5	7	8	16	24	11	20	15	23	21	18	19	22	10	17	4	2	1	6	13
6486	1	12	18	8	17	23	21	3	16	10	15	11	6	2	20	22	9	25	7	19	5	14	4	13	24
6487	1	25	19	11	21	8	18	17	16	5	12	23	9	24	14	7	2	4	10	6	13	3	20	22	15
6488	21	23	13	16	15	14	6	19	9	4	20	11	22	25	12	1	7	24	8	2	18	5	3	10	17
6489	24	2	21	6	9	12	8	13	5	18	19	3	16	7	23	10	4	20	15	1	17	11	14	22	25
6490	24	1	21	4	16	2	15	14	5	25	9	17	23	13	12	19	18	7	10	20	8	6	3	11	22
6491	21	11	6	19	20	25	1	23	7	12	13	2	18	9	22	15	16	14	5	10	4	24	8	17	3
6492	2	12	21	19	5	25	15	9	4	1	11	16	14	24	13	23	20	17	18	10	7	6	8	22	3
6493	6	13	18	19	3	17	9	4	11	7	14	12	2	15	5	1	8	21	22	23	24	25	10	16	20
6494	2	9	4	1	22	18	19	7	13	3	12	8	21	5	17	11	20	23	24	15	25	14	16	10	6
6495	18	13	1	15	17	2	25	7	19	4	5	6	24	9	16	22	14	3	21	8	20	12	10	11	23
6496	1	15	2	21	7	16	13	19	10	5	3	22	11	14	4	20	8	23	25	12	9	18	24	6	17
6497	2	13	10	6	12	5	24	14	20	8	7	16	22	1	19	11	23	15	4	18	9	25	21	3	17
6498	6	11	15	22	13	8	14	3	9	2	7	16	25	23	18	24	5	1	10	21	17	4	12	20	19
6499	17	16	23	14	2	12	9	20	24	1	19	25	4	15	21	5	11	10	8	18	6	13	3	22	7
6500	16	20	2	12	15	8	10	24	22	19	18	3	23	13	14	21	6	17	4	25	1	5	9	11	7
6501	13	20	7	23	17	6	3	9	25	18	12	24	5	21	10	1	8	14	15	19	16	22	2	11	4
6502	1	8	4	5	11	15	22	23	2	14	24	6	17	20	16	12	3	10	25	13	9	21	7	19	18
6503	22	23	3	1	12	6	5	2	20	19	10	16	14	4	13	7	17	9	15	11	8	25	21	24	18
6504	13	12	19	15	14	1	3	6	17	5	10	7	9	25	20	16	22	23	4	24	11	21	18	8	2
6505	3	23	20	22	2	9	14	19	8	16	1	25	17	11	24	5	6	7	10	12	15	13	18	21	4
6506	14	3	24	5	1	12	7	23	10	11	9	13	4	21	18	15	19	16	17	2	8	25	22	6	20
6507	25	2	9	24	18	20	12	7	4	23	19	21	8	1	15	6	5	13	3	17	10	14	22	11	16
6508	7	4	15	8	6	17	12	22	11	13	25	1	23	10	14	9	24	5	19	20	16	3	18	21	2
6509	2	22	13	15	11	10	8	5	16	1	21	4	19	18	20	3	23	17	14	7	6	25	12	9	24
6510	1	2	8	19	15	21	20	22	18	12	4	16	25	5	13	6	24	9	14	11	17	7	10	3	23
6511	8	17	15	4	7	10	21	14	23	2	18	3	5	12	20	6	24	13	16	9	22	19	25	11	1
6512	1	8	15	14	18	23	24	22	9	17	16	7	5	20	11	25	2	4	3	21	12	6	13	19	10
6513	21	3	2	12	9	16	22	17	18	11	8	24	6	19	14	13	5	15	25	7	20	1	23	10	4
6514	7	6	15	14	8	16	20	3	23	19	12	1	17	25	11	24	22	2	18	10	5	13	4	9	21
6515	14	4	22	19	11	16	13	20	17	1	8	9	2	12	10	23	6	25	18	7	21	15	24	5	3
6516	9	15	6	20	8	13	5	3	18	24	12	11	10	22	2	17	1	4	21	16	14	19	25	7	23
6517	9	14	11	10	16	12	18	23	17	13	3	24	22	15	1	6	7	25	2	4	5	21	8	20	19
6518	21	11	3	20	14	17	2	5	22	8	16	1	6	9	18	24	15	19	10	13	25	12	4	23	7
6519	16	7	5	9	18	23	12	20	15	10	19	3	25	17	4	21	2	14	8	24	13	6	11	22	1
6520	12	16	8	17	25	14	7	22	20	1	23	13	6	3	15	10	21	24	2	4	19	18	9	5	11
6521	8	21	17	20	16	24	3	7	1	9	23	25	2	18	11	5	14	6	15	4	19	12	13	10	22
6522	1	11	7	10	24	13	16	15	19	18	4	21	9	23	17	2	25	20	14	12	22	8	5	6	3
6523	4	22	18	12	11	5	17	23	10	21	14	13	1	2	25	7	3	20	16	15	19	9	8	6	24
6524	21	24	17	7	18	20	11	15	23	25	9	4	14	22	6	13	12	5	16	10	2	8	3	19	1
6525	25	14	23	8	15	7	19	16	13	20	10	18	3	17	4	6	5	21	22	12	9	24	2	1	11
6526	24	10	8	25	16	13	18	9	20	22	17	3	14	2	23	1	5	7	21	12	6	19	4	15	11
6527	7	24	14	2	4	1	20	22	18	10	21	17	13	6	11	16	15	19	3	25	5	9	12	23	8
6528	14	21	5	6	7	2	22	18	24	9	3	11	19	10	17	12	20	1	23	15	13	4	25	8	16
6529	17	20	24	2	7	9	22	11	3	21	25	19	15	1	16	5	6	23	4	12	10	8	13	14	18
6530	7	20	2	13	24	23	5	14	10	22	4	18	12	9	15	21	17	11	6	8	3	25	1	19	16
6531	9	11	2	22	17	21	5	19	15	6	24	14	13	20	8	10	25	18	7	4	16	12	3	1	23
6532	17	13	8	1	24	25	3	23	7	20	16	14	4	11	15	6	21	12	22	5	9	18	10	2	19
6533	1	7	25	17	13	14	11	12	4	9	5	19	3	24	16	23	21	22	10	2	20	8	15	6	18
6534	18	12	15	25	1	5	2	4	16	14	10	21	8	19	20	24	6	23	3	13	9	22	17	11	7
6535	4	2	23	16	22	3	5	12	18	10	6	1	15	13	20	9	24	25	8	19	17	11	7	21	14
6536	9	2	11	14	5	17	25	23	20	13	10	18	19	4	6	8	15	21	3	12	7	1	16	22	24
6537	19	3	11	7	6	18	16	1	22	17	15	24	14	20	10	8	21	13	9	4	5	12	2	23	25
6538	25	11	10	17	3	4	18	12	24	20	8	22	1	5	2	23	21	13	9	14	7	6	19	15	16
6539	6	5	9	10	7	17	1	11	24	18	14	16	3	21	23	8	2	19	22	15	25	20	12	13	4
6540	25	1	15	4	20	19	5	8	21	14	16	22	7	18	13	3	10	24	23	6	12	9	17	11	2
6541	13	19	1	21	23	20	9	16	5	7	17	2	4	12	22	25	8	6	14	18	11	15	10	24	3
6542	18	12	21	3	14	15	1	7	25	10	16	5	20	24	8	19	11	6	9	17	2	13	23	4	22
6543	7	6	2	16	20	24	19	21	22	5	15	12	25	4	23	13	1	3	10	9	17	11	8	18	14
6544	1	19	4	14	17	23	8	2	5	10	20	18	12	3	11	25	9	24	6	7	21	16	15	22	13
6545	9	21	17	18	24	10	4	6	20	5	25	8	11	22	23	7	15	2	1	12	16	14	13	3	19
6546	7	6	16	10	23	12	25	4	22	5	19	8	14	21	18	2	15	24	17	11	9	3	13	20	1
6547	11	19	5	1	23	10	17	9	21	20	25	2	12	4	8	18	3	22	6	24	15	13	16	14	7
6548	6	22	20	8	15	14	11	10	7	23	5	19	12	3	2	21	9	18	25	16	13	17	4	1	24
6549	25	23	20	3	19	5	12	1	7	16	11	14	22	9	17	15	6	24	2	13	4	21	10	8	18
6550	3	16	9	10	17	14	24	19	8	23	21	13	15	20	5	2	4	11	25	6	18	22	12	1	7
6551	4	13	20	21	23	19	14	3	8	2	16	15	25	22	7	11	17	10	9	6	24	12	1	18	5
6552	13	17	6	12	16	3	15	19	9	11	18	23	8	4	21	14	2	22	1	10	25	24	7	20	5
6553	4	3	7	24	10	22	21	6	1	14	12	25	11	13	23	8	17	18	16	20	9	15	19	5	2
6554	2	20	11	16	7	1	17	23	22	25	6	3	15	21	8	12	14	10	19	13	9	18	5	24	4
6555	23	3	17	10	5	14	13	4	8	9	25	24	20	1	7	6	18	2	15	21	12	22	11	16	19
6556	18	13	6	22	8	7	12	14	15	17	11	23	10	19	20	3	21	2	5	4	16	24	9	25	1
6557	15	4	6	13	8	7	14	21	18	11	19	5	17	3	20	12	16	2	1	24	22	10	25	23	9
6558	13	15	11	6	14	21	4	8	5	24	7	2	16	10	12	17	19	1	25	23	3	20	22	9	18
6559	2	21	6	7	16	19	3	23	24	11	1	20	14	13	18	15	9	12	17	5	22	10	25	8	4
6560	5	7	18	14	8	10	21	16	23	4	25	19	24	3	20	13	2	11	9	1	6	15	22	17	12
6561	21	15	19	1	3	20	5	8	24	6	16	12	7	25	4	18	23	14	11	9	17	13	10	2	22
6562	2	14	20	3	21	9	15	16	13	8	4	23	25	22	24	19	17	11	7	10	18	5	12	1	6
6563	5	16	13	18	11	14	12	10	1	20	6	3	9	4	17	22	25	2	21	8	19	7	15	24	23
6564	7	24	13	23	19	22	3	25	18	1	11	21	8	17	10	15	16	9	4	12	14	5	6	2	20
6565	17	9	6	15	23	22	14	11	7	19	24	3	8	10	16	21	20	25	18	13	1	12	4	2	5
6566	3	16	14	22	5	21	2	9	11	13	12	15	8	1	24	23	10	19	20	6	18	17	7	4	25
6567	1	4	2	8	3	25	24	10	16	13	12	23	19	11	17	22	14	21	6	15	9	20	18	5	7
6568	18	13	1	4	8	12	20	21	5	14	16	25	10	3	7	2	17	22	24	11	15	6	23	19	9
6569	22	15	1	16	17	3	7	2	10	19	12	20	4	25	24	14	23	13	6	11	5	8	18	21	9
6570	2	11	19	1	3	20	23	13	5	24	22	25	15	8	7	18	6	17	16	9	12	10	21	14	4
6571	15	3	8	11	17	19	12	10	21	1	20	9	4	13	24	25	14	16	2	6	23	7	22	5	18
6572	7	10	12	1	19	22	21	24	25	4	6	5	18	20	17	11	14	9	3	13	23	2	16	8	15
6573	22	15	24	10	21	16	4	12	7	23	20	13	25	3	9	17	8	11	19	6	5	14	2	1	18
6574	13	10	24	18	17	5	2	9	4	11	23	20	19	7	21	16	8	14	6	3	12	22	1	25	15
6575	22	13	20	11	4	6	16	23	8	12	3	2	18	19	10	25	9	5	15	14	1	7	17	24	21
6576	10	13	7	2	22	11	16	25	3	12	21	20	17	14	8	18	6	5	24	15	1	19	4	23	9
6577	11	14	20	24	7	4	19	15	16	2	5	12	18	6	13	17	21	8	1	3	10	23	22	9	25
6578	6	9	22	21	8	2	5	17	24	18	3	16	1	14	11	25	20	19	12	23	4	10	15	13	7
6579	12	6	25	13	18	1	24	21	16	20	23	8	14	17	19	3	10	4	2	22	15	7	11	9	5
6580	3	17	2	21	23	12	24	19	15	1	8	18	5	14	20	7	4	10	16	25	13	22	6	11	9
6581	10	6	19	25	2	8	21	7	23	9	24	15	13	11	18	17	5	14	16	1	4	22	12	3	20
6582	9	21	23	19	20	2	11	5	4	3	8	12	14	18	24	13	1	25	16	10	17	6	7	22	15
6583	3	9	8	10	1	19	5	6	2	23	22	4	24	15	13	16	20	12	11	25	18	21	17	7	14
6584	25	17	6	1	2	13	3	23	4	18	7	10	5	12	22	21	8	20	11	24	9	14	16	15	19
6585	13	11	1	3	5	14	16	2	12	9	20	18	7	15	19	17	23	4	25	8	10	6	21	22	24
6586	6	15	8	3	5	11	10	19	14	9	18	21	25	13	7	16	22	24	20	23	4	12	17	2	1
6587	8	1	17	16	2	14	9	25	18	13	12	6	20	10	11	3	24	4	7	23	15	5	19	21	22
6588	9	15	3	10	13	4	17	19	7	2	5	22	1	20	18	25	11	14	21	16	24	8	23	6	12
6589	15	13	20	12	1	14	24	11	6	21	2	17	4	8	7	9	23	10	16	19	25	5	18	3	22
6590	20	24	4	10	19	7	25	9	22	21	14	1	11	8	18	17	3	2	15	6	23	16	13	5	12
6591	25	9	2	10	18	11	6	15	23	8	3	12	13	5	21	20	16	22	24	17	19	14	7	4	1
6592	5	3	24	9	19	18	15	10	16	17	21	8	20	13	11	6	4	23	2	14	25	22	7	12	1
6593	3	9	16	23	11	5	6	21	7	18	19	20	4	22	10	17	14	25	12	15	2	13	1	8	24
6594	1	7	2	12	6	10	14	8	9	25	4	24	22	19	15	17	23	20	3	18	13	21	5	11	16
6595	20	24	21	17	23	9	14	10	22	12	8	13	25	18	16	11	6	3	1	19	2	4	15	5	7
6596	15	7	10	17	1	9	21	13	19	4	5	25	6	16	23	2	12	3	11	18	22	8	14	20	24
6597	11	16	19	8	14	15	10	6	22	9	12	7	2	24	5	23	17	18	13	4	1	3	20	25	21
6598	18	25	6	8	22	13	12	2	16	24	1	23	14	10	9	20	19	11	21	15	17	5	4	3	7
6599	17	2	16	12	22	4	11	18	1	13	10	19	14	8	15	6	9	24	7	20	3	5	23	25	21
6600	22	20	25	6	7	3	5	13	15	21	18	1	8	23	17	12	14	19	16	2	9	24	10	11	4
6601	22	18	8	6	12	4	15	20	14	7	11	23	5	16	1	13	17	2	9	24	3	10	21	19	25
6602	10	16	3	7	14	20	4	19	6	5	12	11	22	18	15	24	8	17	25	21	2	13	1	9	23
6603	22	20	4	18	12	8	2	11	3	17	25	6	1	13	14	16	15	5	9	21	7	23	19	10	24
6604	4	20	10	14	8	11	22	5	25	23	7	21	19	18	1	3	12	16	15	24	17	6	9	13	2
6605	2	7	6	14	9	8	15	13	25	11	3	19	1	18	5	21	12	16	17	23	24	20	22	10	4
6606	11	17	7	3	14	2	5	24	20	19	16	9	6	10	23	18	22	13	25	8	21	1	4	12	15
6607	13	12	25	21	10	1	20	14	3	17	2	7	9	19	8	11	4	23	24	22	15	5	16	18	6
6608	1	10	24	23	3	8	18	25	22	16	2	20	9	7	14	13	11	4	21	5	17	12	15	19	6
6609	2	7	17	15	11	1	21	25	13	16	20	19	5	9	10	8	22	24	12	18	23	3	4	6	14
6610	9	10	24	20	8	22	21	2	12	17	18	1	23	3	14	4	16	7	25	5	11	15	19	13	6
6611	23	14	3	22	17	12	8	13	25	16	24	5	7	10	21	6	1	2	18	19	15	4	11	9	20
6612	14	25	23	4	10	1	24	3	12	5	18	2	6	19	22	7	11	16	8	15	13	9	20	21	17
6613	6	22	9	24	23	15	8	7	4	12	2	3	16	5	19	21	18	17	1	20	11	25	14	13	10
6614	16	19	7	5	25	6	22	11	1	18	12	8	20	15	14	3	10	23	2	13	4	24	17	21	9
6615	17	24	9	6	5	16	14	13	19	7	2	22	3	10	1	20	25	4	18	23	11	21	12	15	8
6616	15	17	4	9	5	6	7	25	24	8	20	22	2	18	19	1	21	14	3	23	12	11	10	13	16
6617	16	22	3	12	17	5	4	6	11	21	10	25	7	18	13	9	1	15	20	24	23	2	19	14	8
6618	3	5	17	20	16	9	1	8	4	24	23	21	25	11	6	18	10	7	15	14	22	12	13	2	19
6619	4	10	19	3	14	5	16	23	22	11	20	15	2	7	6	25	13	24	18	17	8	21	1	9	12
6620	24	18	21	5	8	1	23	11	25	3	15	10	4	12	16	19	13	2	22	9	6	7	17	20	14
6621	12	6	1	7	25	24	19	23	13	14	3	15	9	8	10	2	22	20	17	11	4	18	21	16	5
6622	23	25	15	13	14	22	6	12	10	17	19	1	11	9	2	7	16	5	20	24	8	18	3	21	4
6623	24	5	13	16	23	7	2	21	1	15	6	3	19	12	9	22	4	11	20	14	25	8	17	18	10
6624	3	18	22	24	16	15	8	23	4	2	6	20	10	13	5	19	17	11	25	1	21	12	14	7	9
6625	1	20	14	15	22	19	6	13	2	12	21	9	23	10	25	8	18	17	11	24	7	4	16	3	5
6626	7	2	24	8	22	10	5	6	14	3	9	17	19	11	13	18	20	16	4	1	23	21	25	15	12
6627	17	6	19	5	12	25	21	22	10	14	4	9	3	7	24	15	16	23	2	1	8	18	11	13	20
6628	13	10	11	2	7	4	8	17	20	22	25	14	23	24	21	9	15	19	6	5	1	18	16	12	3
6629	11	21	2	9	19	14	22	7	6	16	24	4	1	18	13	10	5	25	23	8	17	3	20	12	15
6630	3	21	15	13	20	16	17	2	10	8	18	9	22	14	19	24	1	5	6	11	25	12	4	23	7
6631	10	15	19	24	4	20	11	1	3	14	6	22	9	5	25	8	21	17	23	2	12	18	7	13	16
6632	10	3	1	2	19	7	4	17	24	12	11	8	13	9	23	21	25	22	18	6	14	20	15	16	5
6633	15	3	21	24	5	16	9	12	20	11	23	25	13	19	10	18	1	2	6	14	7	8	17	22	4
6634	19	8	10	22	16	13	2	15	1	12	25	6	3	17	23	9	24	18	11	20	7	5	21	14	4
6635	18	8	14	6	10	11	24	17	9	23	19	25	1	22	12	16	2	5	4	21	20	3	7	13	15
6636	12	20	23	15	22	13	21	16	11	6	25	17	18	3	14	7	4	1	19	5	9	24	8	2	10
6637	16	8	18	12	10	6	20	22	14	15	21	2	1	19	9	3	13	23	24	5	7	17	4	11	25
6638	13	21	23	5	18	17	1	15	11	6	4	12	10	24	22	19	2	8	25	14	20	7	9	16	3
6639	11	25	21	14	6	4	15	17	7	12	19	13	2	18	3	1	22	20	8	9	5	24	23	16	10
6640	25	3	9	1	6	10	5	20	24	14	22	16	17	19	23	15	8	2	7	11	21	4	18	13	12
6641	19	10	25	17	12	16	4	2	1	21	23	20	3	22	7	18	14	15	5	9	13	24	6	11	8
6642	8	2	22	3	1	13	15	11	7	14	16	17	24	19	5	25	6	4	18	23	21	12	10	9	20
6643	18	2	23	7	17	5	25	16	15	14	11	22	1	12	6	3	19	9	4	21	8	24	13	10	20
6644	25	1	17	19	13	9	10	7	11	14	18	21	23	24	15	3	8	5	6	12	20	2	4	22	16
6645	17	14	5	24	6	12	1	16	10	13	4	8	7	9	25	18	15	11	20	23	21	2	3	19	22
6646	10	14	15	25	3	12	7	4	8	18	17	19	2	9	16	13	23	20	1	21	22	6	24	11	5
6647	10	13	2	11	22	20	17	14	16	8	4	19	3	18	1	21	23	7	15	24	9	6	12	5	25
6648	5	14	2	6	21	16	17	18	20	4	12	8	23	15	19	25	3	24	7	11	13	22	10	9	1
6649	14	12	2	7	22	18	3	21	10	16	8	24	13	11	23	25	19	17	5	1	6	15	9	4	20
6650	8	22	15	2	4	14	13	16	18	3	19	1	24	5	6	20	17	7	23	10	25	11	21	12	9
6651	19	17	24	6	14	22	5	4	25	10	8	13	2	9	20	23	12	1	7	3	15	11	21	18	16
6652	22	20	25	2	7	3	24	12	1	4	6	18	9	21	8	11	15	10	17	13	23	5	14	16	19
6653	21	15	24	1	8	4	22	20	13	19	5	14	25	23	16	12	17	18	7	3	6	10	9	2	11
6654	5	9	8	24	16	10	20	13	23	18	2	3	21	1	6	19	25	11	4	15	12	17	7	14	22
6655	8	16	19	1	20	18	6	3	13	15	10	17	23	24	25	14	9	21	22	4	11	7	12	5	2
6656	23	3	11	14	9	24	7	18	8	17	16	2	1	21	15	10	6	4	19	25	12	22	5	13	20
6657	13	24	1	15	11	14	21	19	4	23	20	8	6	3	9	12	16	5	10	22	17	2	25	18	7
6658	22	11	21	10	2	7	12	19	25	3	6	4	23	8	1	9	15	16	13	17	20	14	18	5	24
6659	11	20	1	22	16	3	24	7	6	14	21	4	25	18	8	13	23	17	19	9	10	5	12	15	2
6660	8	23	9	24	20	11	13	18	6	4	3	15	21	1	2	14	7	22	19	12	17	10	5	16	25
6661	12	21	4	8	6	18	16	5	1	13	22	14	9	15	19	23	7	2	20	3	24	11	10	17	25
6662	22	13	4	20	9	8	10	18	25	7	12	11	2	17	6	21	16	23	24	5	3	14	19	15	1
6663	17	12	11	1	2	19	25	4	24	3	18	8	22	16	6	7	10	23	13	15	20	21	14	5	9
6664	12	17	16	11	5	1	14	25	24	21	10	2	22	3	8	18	13	6	7	19	4	20	15	23	9
6665	25	19	1	22	20	23	13	10	14	21	11	7	6	16	3	24	4	5	18	15	8	9	17	12	2
6666	13	6	25	4	14	16	8	3	15	24	12	5	2	17	9	22	20	19	10	21	18	11	1	7	23
6667	7	12	2	15	8	23	22	16	13	6	9	5	19	17	11	18	3	14	20	21	4	24	1	10	25
6668	7	10	14	9	4	25	3	2	5	15	19	20	16	18	8	13	11	22	12	21	24	23	6	17	1
6669	14	7	21	16	20	5	25	3	23	1	18	2	4	12	10	17	8	11	19	22	13	15	24	9	6
6670	13	5	1	22	19	25	10	14	7	9	16	20	17	3	18	15	23	11	8	2	21	24	6	12	4
6671	7	18	4	9	14	12	16	13	22	1	5	3	21	10	17	20	23	8	25	2	24	6	15	11	19
6672	14	17	10	1	2	7	9	15	21	8	25	6	3	18	5	4	11	13	16	24	22	20	12	19	23
6673	3	1	5	2	22	17	11	21	24	4	7	10	8	16	20	15	23	19	14	9	13	25	18	6	12
6674	17	7	1	13	10	16	18	4	22	25	5	6	19	8	11	2	23	14	20	3	15	9	21	12	24
6675	20	9	22	6	16	3	4	24	7	8	5	14	23	2	21	15	13	18	17	1	11	19	12	25	10
6676	17	12	2	22	25	15	23	10	11	4	1	3	18	20	13	8	14	9	5	24	19	6	7	21	16
6677	14	21	18	24	12	13	1	22	10	8	19	16	2	25	3	7	17	11	4	6	15	23	9	5	20
6678	7	23	13	24	6	20	22	10	1	11	14	4	9	19	3	16	25	17	8	12	21	18	5	2	15
6679	12	2	8	16	4	21	22	23	1	14	10	17	19	7	5	9	25	20	11	6	24	18	3	15	13
6680	21	2	23	16	18	13	14	9	6	8	20	15	11	25	1	5	22	4	17	7	24	3	12	19	10
6681	2	13	1	23	14	18	16	8	4	25	19	9	10	6	21	17	12	7	11	22	24	5	3	20	15
6682	9	10	7	11	25	12	15	13	22	14	16	2	8	5	1	24	20	4	18	3	6	17	23	21	19
6683	4	1	11	25	14	22	18	20	19	7	9	15	12	8	3	23	13	21	16	5	10	6	24	17	2
6684	10	14	20	16	8	3	22	18	7	13	15	12	2	19	25	6	11	5	9	23	21	1	4	17	24
6685	11	10	16	15	17	8	3	9	23	5	19	1	6	24	21	25	18	12	20	13	7	4	2	14	22
6686	23	13	7	17	24	14	9	16	20	1	4	25	2	18	10	8	22	15	12	3	6	19	21	5	11
6687	14	25	3	21	23	15	10	1	24	22	19	2	11	9	5	12	20	17	18	7	4	16	8	13	6
6688	10	8	17	24	3	25	19	21	14	16	13	20	23	15	2	7	1	11	12	6	5	22	9	18	4
6689	3	21	25	13	10	18	2	9	6	11	1	8	19	7	17	4	20	22	12	5	23	15	16	24	14
6690	21	16	6	10	8	4	15	2	3	18	13	5	22	25	9	7	1	19	14	17	20	24	12	11	23
6691	25	5	3	2	21	23	14	8	12	24	13	11	9	16	22	19	20	18	4	10	15	6	1	7	17
6692	19	9	7	11	4	15	25	24	2	6	21	17	14	23	3	5	12	16	20	13	22	18	10	1	8
6693	7	11	19	21	9	16	8	17	18	23	2	22	6	15	5	24	25	14	1	4	10	20	12	3	13
6694	22	25	10	7	23	3	13	20	18	24	11	6	2	5	14	15	17	12	1	21	16	8	4	19	9
6695	16	15	8	1	25	20	18	22	13	12	19	24	14	2	10	3	4	11	23	6	17	9	5	7	21
6696	22	2	17	4	12	24	19	25	13	6	20	14	1	3	16	23	5	10	18	11	21	15	9	8	7
6697	21	14	1	12	5	15	7	18	4	16	19	8	22	24	6	25	9	2	23	11	10	13	20	3	17
6698	21	9	13	22	6	2	5	12	17	10	25	3	7	4	8	11	14	24	15	19	18	1	20	16	23
6699	4	25	14	17	22	10	12	6	3	13	5	8	2	20	1	21	9	16	24	19	11	7	18	23	15
6700	7	19	14	21	6	5	15	9	4	22	18	10	11	25	13	2	3	16	17	12	24	23	20	1	8
6701	9	6	17	3	7	19	18	8	24	16	22	20	1	10	23	5	2	14	11	21	25	13	4	15	12
6702	2	3	6	22	18	7	24	1	17	4	16	11	23	5	14	10	12	9	20	15	13	21	8	25	19
6703	17	19	10	1	15	3	2	13	11	23	12	20	16	21	8	22	6	24	18	25	14	7	5	9	4
6704	20	14	16	5	13	7	6	8	15	2	10	1	22	18	12	11	9	17	4	23	24	19	3	25	21
6705	8	15	25	23	14	24	2	19	3	6	7	17	22	10	13	9	21	5	4	20	11	16	1	12	18
6706	9	14	20	12	3	5	19	13	11	2	7	1	4	8	15	16	25	17	22	24	10	21	23	18	6
6707	24	20	18	5	1	23	13	16	17	21	2	15	19	6	14	22	8	4	12	25	11	9	10	3	7
6708	24	5	18	21	17	12	11	2	3	6	19	20	9	23	25	22	1	16	13	4	7	14	10	15	8
6709	1	14	5	17	3	2	11	6	21	7	9	24	15	23	13	16	25	10	4	12	19	22	20	8	18
6710	23	12	24	10	1	5	11	18	17	7	2	21	20	8	14	13	6	25	15	9	3	19	4	22	16
6711	15	19	16	11	1	18	9	4	24	10	17	8	25	7	14	5	3	13	12	22	23	21	6	2	20
6712	6	9	23	2	15	5	13	24	19	16	7	11	22	10	4	1	21	8	20	14	17	18	12	3	25
6713	18	19	2	23	4	10	5	24	6	3	25	15	17	11	12	8	9	1	16	21	13	20	14	7	22
6714	21	1	14	3	5	7	13	16	2	18	25	12	15	8	23	22	17	24	19	20	4	6	11	9	10
6715	18	7	19	11	14	25	17	13	10	6	3	21	23	8	20	5	2	22	24	15	16	1	9	12	4
6716	6	19	17	3	24	16	20	5	22	9	1	10	7	4	2	25	21	23	13	11	8	14	15	12	18
6717	4	1	2	3	12	22	17	7	25	5	14	6	21	23	24	8	18	16	9	19	15	20	13	11	10
6718	23	15	6	3	11	7	16	4	19	14	13	2	22	25	20	21	5	17	12	8	1	9	18	10	24
6719	25	19	9	13	1	7	20	18	15	24	21	6	17	11	16	22	23	8	14	5	10	3	4	12	2
6720	18	11	19	17	6	13	15	7	8	12	22	23	16	5	3	2	14	20	10	21	24	4	25	1	9
6721	25	17	21	10	5	20	22	6	9	16	4	14	19	24	23	8	11	15	1	13	2	7	18	12	3
6722	17	11	8	4	23	1	25	21	3	24	12	18	22	2	20	16	14	9	10	6	5	19	13	7	15
6723	13	25	1	17	20	6	4	9	5	18	24	21	12	11	19	15	3	2	23	8	7	10	16	14	22
6724	20	6	17	25	1	19	7	18	8	15	21	13	14	2	5	11	24	22	10	4	3	12	9	23	16
6725	3	24	7	21	6	17	22	25	2	20	11	19	1	5	14	4	18	13	12	15	10	8	16	23	9
6726	6	11	2	16	14	10	15	20	13	19	5	17	25	9	1	18	7	8	24	12	3	22	4	23	21
6727	11	3	10	19	15	20	17	2	4	8	5	14	1	13	18	24	23	6	12	22	7	25	21	9	16
6728	5	7	24	20	16	2	11	8	25	6	13	9	3	12	23	15	4	22	10	21	19	17	1	14	18
6729	7	18	12	16	19	13	20	24	5	22	21	8	9	10	3	4	23	11	6	15	1	14	2	17	25
6730	3	20	23	17	18	22	16	5	21	4	19	11	15	2	1	14	25	24	12	9	10	8	7	13	6
6731	4	7	11	5	6	24	25	19	23	10	2	22	14	16	15	17	18	1	12	8	9	3	13	21	20
6732	1	3	23	18	8	11	14	13	24	16	2	7	12	22	6	17	25	4	15	5	20	21	9	19	10
6733	9	25	11	19	7	24	13	10	2	17	12	6	23	16	14	1	4	21	20	22	15	8	3	18	5
6734	16	11	10	12	3	17	25	15	14	4	13	9	5	8	1	24	6	2	7	21	19	20	23	22	18
6735	15	3	25	13	22	21	14	16	20	1	9	4	5	8	2	10	19	24	18	12	17	23	6	11	7
6736	23	10	7	19	13	22	24	3	17	2	18	12	25	1	4	20	5	16	15	6	21	11	14	8	9
6737	4	12	2	21	9	25	3	18	19	13	22	24	11	16	8	1	10	14	5	15	17	23	20	6	7
6738	10	16	3	5	7	8	18	14	4	2	23	11	15	1	12	20	17	13	19	24	21	6	25	22	9
6739	25	20	24	7	17	15	18	12	13	4	14	5	10	11	16	2	8	23	19	1	9	22	6	21	3
6740	16	14	12	2	1	19	17	13	9	25	10	4	23	20	11	6	22	24	3	7	5	21	8	18	15
6741	19	17	10	25	3	20	6	14	18	21	7	24	8	16	11	23	22	12	13	9	2	5	4	1	15
6742	11	10	14	12	15	17	5	21	6	18	4	16	23	8	7	1	24	25	22	13	3	19	9	2	20
6743	4	22	16	6	17	15	8	1	5	10	23	21	20	3	12	19	14	11	18	24	13	2	7	25	9
6744	17	9	16	7	2	15	8	4	20	13	11	3	14	18	23	1	6	19	5	12	21	25	24	10	22
6745	4	25	1	22	6	14	17	5	10	8	3	7	18	12	19	21	13	24	2	15	16	23	11	9	20
6746	14	3	22	25	15	7	16	19	21	5	17	10	24	8	2	20	1	12	18	23	4	6	9	13	11
6747	2	19	14	22	8	7	21	5	1	10	17	25	11	24	18	20	12	23	9	4	15	3	13	16	6
6748	6	11	19	7	5	21	14	15	20	13	2	23	9	4	25	8	17	24	12	10	18	3	22	16	1
6749	3	1	14	6	17	13	18	4	7	19	21	20	11	10	15	2	12	25	9	5	22	23	16	8	24
6750	24	17	3	11	12	14	22	9	5	16	20	23	18	15	10	8	2	25	21	13	19	7	4	1	6
6751	2	3	19	16	17	4	9	7	18	21	6	12	20	8	1	10	5	23	25	15	14	24	22	13	11
6752	23	7	5	21	10	6	17	14	16	12	2	24	18	11	19	4	13	3	1	25	15	20	9	22	8
6753	3	1	24	18	19	16	8	14	7	2	25	22	12	13	23	4	5	11	9	6	20	21	10	17	15
6754	9	23	8	1	7	6	4	18	10	17	25	15	13	20	3	22	2	14	11	21	12	19	16	5	24
6755	6	24	12	20	13	18	11	23	22	15	7	17	9	19	10	3	8	25	5	1	16	14	2	4	21
6756	25	22	11	7	15	5	23	24	10	16	2	18	14	19	8	9	20	6	13	12	17	1	21	4	3
6757	1	25	3	8	19	4	11	17	23	12	7	16	15	13	2	6	10	22	5	9	18	21	20	14	24
6758	3	2	22	7	12	5	15	11	9	8	1	18	21	17	23	14	20	24	16	4	19	13	25	10	6
6759	4	18	5	25	15	24	6	8	17	20	10	21	2	14	1	3	7	19	22	16	11	12	23	9	13
6760	1	13	24	15	6	23	11	14	16	10	18	21	22	4	25	17	20	5	12	7	19	9	3	2	8
6761	13	5	1	4	10	15	16	12	19	23	21	25	17	7	22	2	18	11	24	8	6	20	14	9	3
6762	6	21	23	19	4	10	7	17	1	18	13	22	16	20	8	15	5	3	11	14	12	25	24	9	2
6763	21	15	13	14	17	7	3	9	10	12	6	16	1	25	19	23	4	18	22	11	20	8	5	2	24
6764	9	11	23	20	10	12	14	7	15	25	2	4	21	17	5	3	13	19	16	18	6	22	24	8	1
6765	21	2	24	4	9	16	5	13	23	6	25	8	7	18	10	1	12	19	15	20	14	11	3	22	17
6766	25	2	10	17	20	14	1	8	4	15	13	5	16	21	12	24	22	9	3	23	6	11	7	19	18
6767	5	24	14	16	25	3	22	4	7	2	23	21	17	13	15	8	11	20	18	6	19	9	1	12	10
6768	18	22	15	3	25	5	23	11	12	4	20	13	1	8	19	7	16	6	9	21	24	2	10	14	17
6769	19	11	8	13	23	1	21	20	3	25	10	17	22	15	12	6	18	16	4	24	5	9	7	2	14
6770	19	3	24	18	1	2	7	11	12	17	14	16	20	22	13	6	4	8	25	21	9	23	10	5	15
6771	25	7	15	11	2	9	3	18	10	20	4	6	22	21	24	14	16	19	17	5	13	23	1	12	8
6772	17	2	9	25	3	1	7	19	21	8	23	20	11	14	22	5	6	13	16	15	12	10	18	24	4
6773	15	22	24	12	3	11	7	14	17	6	21	19	1	13	25	8	16	10	23	5	18	20	2	9	4
6774	21	3	10	4	12	16	14	15	25	9	7	11	23	13	18	19	2	8	1	20	24	17	6	5	22
6775	13	24	8	4	7	2	14	3	25	18	15	9	12	19	21	16	22	10	17	6	5	20	23	11	1
6776	24	19	21	13	6	4	9	23	5	8	10	17	15	11	14	18	2	12	16	22	20	25	3	1	7
6777	14	3	22	13	15	18	1	4	24	21	16	5	2	19	12	25	9	11	6	10	23	20	7	8	17
6778	15	23	25	17	22	12	24	20	14	13	4	7	16	1	6	8	9	10	3	11	19	21	5	18	2
6779	4	16	13	10	1	14	18	8	15	11	9	25	21	22	5	23	19	2	3	6	12	20	24	17	7
6780	18	10	21	12	4	16	23	2	13	17	14	5	8	24	22	7	3	9	11	6	25	19	15	20	1
6781	25	17	4	19	22	16	10	7	21	15	8	14	12	20	6	23	13	9	3	18	1	5	24	2	11
6782	9	7	4	17	2	24	13	25	22	21	5	15	20	12	14	19	8	6	23	10	16	11	1	18	3
6783	3	21	14	18	11	12	7	22	23	15	1	2	20	17	10	25	6	19	16	13	24	9	5	4	8
6784	12	17	16	21	25	9	24	5	11	23	19	20	10	4	3	7	15	18	8	2	1	13	6	22	14
6785	2	8	14	4	21	12	5	7	18	16	13	17	25	11	15	22	9	6	24	20	19	10	1	3	23
6786	9	15	22	6	4	11	20	25	18	16	14	17	7	12	19	24	5	10	21	2	8	1	23	13	3
6787	12	7	1	5	25	3	11	22	4	15	9	21	20	23	10	16	17	6	13	19	2	18	24	14	8
6788	8	20	3	21	4	24	19	5	18	11	1	22	10	25	16	15	6	17	7	12	9	14	23	2	13
6789	2	20	5	22	14	16	1	7	21	24	25	19	23	17	6	13	11	18	3	10	8	4	15	9	12
6790	8	21	5	22	6	11	4	9	18	24	25	23	12	2	13	3	15	10	7	20	16	19	14	1	17
6791	25	21	4	7	5	23	11	15	17	8	10	1	12	18	19	6	3	2	13	20	24	14	9	22	16
6792	24	13	2	15	11	20	12	14	16	17	3	25	19	9	23	7	18	1	10	22	4	8	21	6	5
6793	25	12	16	15	17	13	20	4	24	1	23	5	18	9	8	11	6	14	21	19	2	3	7	10	22
6794	6	15	25	23	2	3	13	21	24	5	14	11	9	17	4	20	7	18	10	19	12	1	22	16	8
6795	23	5	18	14	22	21	4	20	25	3	8	11	15	2	1	10	17	12	9	6	24	7	13	16	19
6796	7	9	6	20	10	25	16	17	21	4	23	5	15	18	3	11	14	1	2	13	19	24	22	8	12
6797	14	3	21	5	10	6	13	16	23	25	22	11	2	24	20	19	17	4	9	12	15	1	8	18	7
6798	11	5	25	3	7	1	15	23	8	19	6	21	14	12	22	16	20	2	18	4	24	17	13	10	9
6799	5	13	25	23	7	9	12	2	22	8	3	18	15	6	17	19	21	16	10	24	11	14	20	4	1
6800	10	24	5	25	8	4	18	11	14	22	12	23	7	19	2	3	15	20	21	6	9	13	16	1	17
6801	24	4	10	2	23	7	15	25	14	19	17	1	20	22	6	8	21	18	13	16	9	11	12	3	5
6802	18	11	8	17	13	3	5	25	15	6	22	7	24	14	1	9	19	20	10	21	12	23	4	16	2
6803	8	15	19	22	21	3	5	20	16	10	14	13	17	25	18	23	4	12	9	1	24	7	6	2	11
6804	16	1	4	19	3	24	23	14	10	18	22	21	6	17	12	25	20	2	13	5	15	11	9	8	7
6805	5	15	14	19	9	4	23	20	24	22	10	21	3	7	13	1	11	6	12	2	18	16	17	8	25
6806	4	15	18	3	14	12	21	20	22	7	17	9	5	8	2	13	10	1	11	6	24	25	23	19	16
6807	13	16	19	21	15	8	18	3	1	2	24	25	11	22	7	23	6	5	9	12	17	20	10	14	4
6808	1	21	7	11	15	5	13	23	6	17	9	20	22	24	8	10	25	2	12	19	14	3	18	16	4
6809	13	11	3	14	19	24	25	23	1	6	5	4	9	17	15	18	22	16	10	21	20	12	7	8	2
6810	13	5	25	17	11	18	7	22	9	12	6	3	2	19	14	21	15	16	10	20	24	1	8	4	23
6811	24	9	4	14	2	16	21	6	18	8	1	3	12	5	15	17	22	25	10	7	13	11	19	23	20
6812	1	16	25	21	9	17	15	4	10	6	19	14	3	5	12	13	20	22	2	8	24	7	18	11	23
6813	9	16	6	13	12	15	8	10	25	5	7	14	22	20	17	3	18	19	11	24	1	23	21	2	4
6814	8	24	25	3	19	21	16	14	1	4	22	17	9	7	11	10	12	15	20	2	6	23	13	18	5
6815	24	7	4	23	15	20	8	25	12	21	1	11	14	16	18	5	9	13	2	10	22	17	3	19	6
6816	19	2	21	22	4	5	16	9	1	20	12	8	10	15	3	23	7	17	13	24	11	14	25	18	6
6817	19	10	2	22	1	3	5	24	21	9	8	13	16	7	18	25	12	15	17	14	11	4	6	20	23
6818	15	8	5	18	23	24	22	17	10	21	7	12	13	20	14	2	4	1	3	16	11	9	19	25	6
6819	19	7	3	6	1	5	8	13	14	11	21	23	25	16	12	4	17	22	2	10	18	20	15	24	9
6820	25	4	2	17	23	5	10	22	18	14	24	20	16	19	12	8	21	9	7	1	11	3	13	15	6
6821	18	22	5	8	20	24	11	19	9	6	12	2	4	15	13	14	16	17	7	1	21	23	3	10	25
6822	22	20	14	13	17	24	8	6	18	3	15	10	12	1	9	11	19	25	4	7	5	2	21	16	23
6823	14	22	12	15	25	18	17	4	7	3	6	1	20	24	16	9	21	19	11	23	10	13	2	8	5
6824	9	8	11	10	6	13	16	15	5	21	23	14	3	4	25	24	7	20	18	1	2	19	22	12	17
6825	7	10	16	4	17	21	14	20	13	22	6	18	1	3	15	2	9	12	25	11	8	24	5	23	19
6826	19	22	20	11	15	21	24	1	25	12	7	4	10	8	5	16	14	23	3	9	17	6	2	18	13
6827	14	21	10	25	3	19	23	5	4	13	18	20	1	11	12	15	8	22	17	6	24	7	9	16	2
6828	22	7	5	2	15	20	24	4	12	25	6	17	10	9	11	14	13	18	23	19	3	8	1	16	21
6829	8	22	14	13	10	25	20	2	15	24	3	17	1	7	4	12	16	11	5	9	19	21	6	23	18
6830	15	20	14	7	19	10	4	25	18	12	23	24	5	1	16	2	22	11	17	3	8	9	6	13	21
6831	16	12	15	7	13	9	11	14	23	8	25	20	21	1	3	22	5	2	18	19	6	4	10	17	24
6832	7	12	22	16	9	23	14	24	17	18	3	5	19	11	4	13	1	6	15	2	8	21	25	10	20
6833	16	6	8	17	10	19	20	5	15	7	13	22	9	25	1	24	3	23	14	18	12	21	11	2	4
6834	8	22	24	11	17	5	19	4	10	23	25	15	3	13	18	12	7	9	20	6	16	14	2	1	21
6835	4	19	18	7	23	13	21	8	16	1	24	10	22	5	9	11	6	15	14	17	12	2	3	25	20
6836	15	9	22	14	18	11	24	7	13	8	10	6	3	23	16	21	4	1	25	12	20	17	2	5	19
6837	2	4	7	6	11	17	25	12	3	23	13	8	21	24	10	9	14	16	15	1	22	19	20	5	18
6838	6	15	2	22	11	10	24	12	18	1	20	14	21	16	23	7	13	8	25	3	4	19	17	5	9
6839	18	9	6	23	17	2	22	19	11	24	16	14	21	15	4	5	1	25	12	8	20	13	10	7	3
6840	13	10	5	8	9	17	20	1	11	18	7	2	15	6	24	23	16	19	22	21	3	25	12	4	14
6841	11	15	21	18	7	9	1	2	22	17	14	24	25	5	3	6	10	19	8	4	20	12	23	16	13
6842	4	13	24	8	22	10	7	19	16	23	1	17	18	14	5	25	11	6	21	12	9	3	20	2	15
6843	1	18	22	3	7	12	16	6	21	14	25	4	11	17	10	23	24	8	9	5	20	19	15	13	2
6844	8	6	19	4	9	15	23	3	2	11	10	18	20	14	7	21	17	24	12	1	16	25	5	13	22
6845	19	8	12	15	6	20	11	5	7	24	14	3	2	13	21	4	18	9	10	16	1	17	23	22	25
6846	21	7	13	17	19	14	6	22	12	16	20	18	1	5	10	24	2	25	3	15	23	8	9	11	4
6847	12	10	5	19	2	24	7	23	17	4	14	15	20	6	9	18	8	21	22	11	25	3	13	1	16
6848	24	14	6	2	11	12	5	16	10	8	3	23	1	7	20	25	9	18	19	17	13	15	22	4	21
6849	11	17	14	6	7	12	1	4	16	13	24	5	9	20	25	10	18	21	2	15	19	23	22	3	8
6850	1	7	11	5	17	4	3	9	10	25	16	12	8	23	15	2	24	19	21	20	13	6	18	14	22
6851	24	4	21	16	14	2	23	17	5	25	10	1	22	13	7	3	18	15	12	6	20	19	11	9	8
6852	12	24	6	22	2	8	15	17	5	9	13	21	19	25	16	10	1	14	20	11	7	3	23	18	4
6853	4	13	19	7	21	12	18	15	3	17	22	20	23	8	9	2	6	5	24	14	1	16	11	10	25
6854	23	25	19	8	22	15	9	17	16	14	12	13	3	11	6	10	4	7	2	20	24	5	21	18	1
6855	15	4	24	6	18	23	19	13	25	5	10	16	11	3	2	1	7	14	21	20	9	17	22	8	12
6856	12	21	25	9	14	8	1	22	11	2	5	13	17	18	16	23	7	20	19	3	24	6	15	4	10
6857	21	23	17	12	19	18	15	7	1	6	20	5	4	14	13	10	9	3	2	25	11	16	8	22	24
6858	11	21	5	9	23	20	3	17	14	4	18	19	6	10	15	12	8	1	16	22	24	25	7	13	2
6859	20	1	6	11	8	2	17	5	10	4	23	22	15	21	24	14	13	7	12	16	3	9	18	19	25
6860	12	10	14	2	22	19	13	6	4	1	3	8	11	20	23	15	16	18	17	5	21	9	25	7	24
6861	11	2	4	14	20	16	5	8	12	3	22	1	7	24	10	23	17	18	25	6	13	15	19	9	21
6862	7	18	1	11	10	6	3	19	9	25	24	17	15	2	16	23	21	8	14	5	20	22	13	4	12
6863	18	14	12	7	21	24	19	1	6	17	13	16	5	3	20	4	8	23	25	2	11	9	15	22	10
6864	1	13	6	9	16	3	5	12	2	23	20	4	8	10	18	19	7	11	24	17	15	25	21	14	22
6865	9	8	15	13	7	10	16	6	3	11	5	1	25	4	14	22	20	21	17	24	2	19	12	23	18
6866	16	24	19	6	1	13	20	17	3	4	10	11	14	8	12	22	5	18	7	9	2	15	25	21	23
6867	14	21	25	12	2	3	20	23	6	24	5	13	16	18	8	15	9	19	7	10	17	11	1	22	4
6868	14	17	7	19	20	6	4	15	22	1	23	16	5	3	18	8	25	24	10	13	11	9	12	21	2
6869	1	10	20	11	6	23	13	8	18	19	15	21	16	14	9	22	5	25	4	3	12	7	17	2	24
6870	9	10	23	14	6	16	19	4	11	18	3	12	15	1	5	13	8	22	25	2	24	7	17	20	21
6871	17	21	11	18	9	24	5	16	10	2	23	1	8	6	12	15	7	25	19	20	3	22	4	13	14
6872	17	2	19	24	15	12	13	10	5	1	20	11	4	25	3	7	14	9	18	16	22	23	21	8	6
6873	4	11	14	7	15	2	22	6	10	18	20	24	1	25	19	9	16	17	8	13	23	5	3	21	12
6874	19	16	13	11	21	3	6	20	9	5	18	1	8	24	2	23	22	7	10	4	12	15	17	14	25
6875	20	22	13	19	7	10	23	6	17	3	24	15	25	2	5	18	9	1	16	21	11	8	4	12	14
6876	23	21	18	3	14	11	15	22	10	24	13	2	20	16	5	6	7	9	1	8	4	12	17	25	19
6877	14	24	16	9	12	15	20	18	10	25	2	3	7	1	8	4	17	23	5	6	11	21	13	19	22
6878	16	17	9	2	14	10	22	20	5	12	1	13	7	18	21	8	24	3	11	23	25	4	15	19	6
6879	23	5	13	16	15	20	17	22	8	21	2	18	7	10	14	11	25	6	9	12	24	1	3	4	19
6880	17	8	7	18	11	20	23	10	25	24	12	21	19	5	16	2	14	6	1	9	4	22	3	15	13
6881	18	12	21	8	5	3	11	7	22	6	2	16	19	10	14	15	23	4	13	20	24	25	9	1	17
6882	5	2	15	25	1	7	12	4	6	13	18	22	11	16	17	14	21	3	9	19	8	23	20	10	24
6883	2	24	17	1	8	21	10	18	6	25	13	14	19	12	23	5	22	16	15	9	4	20	7	11	3
6884	8	24	17	6	18	16	21	25	15	3	11	13	12	23	7	14	10	9	19	2	5	22	1	20	4
6885	22	10	5	7	18	4	6	1	13	2	25	9	3	24	14	21	20	19	8	12	23	17	15	11	16
6886	11	8	5	10	12	22	13	25	3	21	24	17	15	4	6	9	18	20	23	2	1	16	7	19	14
6887	13	4	11	20	25	7	6	19	1	17	22	18	12	16	15	8	23	10	14	5	9	24	21	2	3
6888	5	23	24	8	18	22	14	10	4	9	11	16	13	20	3	25	2	15	12	21	7	6	19	1	17
6889	1	22	11	8	3	15	6	18	13	17	2	10	7	12	25	19	9	16	20	4	14	5	23	21	24
6890	4	14	20	11	17	15	9	6	1	25	23	18	22	16	3	13	5	10	8	19	7	2	12	21	24
6891	19	20	7	2	3	16	18	25	9	8	21	10	1	15	11	17	24	13	4	5	12	22	6	23	14
6892	3	15	9	12	21	24	22	5	16	20	11	23	17	13	2	10	4	8	7	14	1	19	18	25	6
6893	10	13	16	23	25	2	9	24	5	8	1	21	7	20	18	14	3	22	4	17	19	11	15	6	12
6894	1	8	11	22	24	14	20	2	4	25	6	13	7	5	10	17	18	19	23	15	21	3	12	16	9
6895	1	23	18	11	6	20	4	22	15	14	7	13	2	9	5	8	3	25	19	16	12	21	24	10	17
6896	6	7	11	13	3	10	5	15	14	20	1	21	23	9	24	17	2	12	25	22	4	18	8	16	19
6897	23	14	5	19	15	24	10	13	16	25	7	11	6	8	2	12	22	18	3	21	1	4	9	17	20
6898	24	23	22	19	3	25	13	9	20	18	10	5	7	16	1	17	11	8	15	4	12	21	14	2	6
6899	11	2	21	8	13	18	17	16	3	5	25	24	1	12	14	7	10	15	20	4	19	6	23	9	22
6900	20	9	25	2	14	8	22	7	13	24	17	12	1	6	18	5	4	11	23	21	10	15	16	19	3
6901	21	18	15	23	13	4	6	5	3	20	11	22	10	8	2	14	25	12	17	19	7	9	16	24	1
6902	14	24	16	13	10	4	12	1	3	9	17	7	15	20	19	8	6	5	25	21	2	18	11	22	23
6903	8	12	20	23	2	9	7	16	4	22	6	24	10	11	18	19	17	21	13	3	14	15	5	1	25
6904	22	15	18	11	6	8	13	3	4	7	24	19	16	14	20	23	21	17	1	9	12	5	2	10	25
6905	17	7	16	21	25	13	23	14	15	10	6	3	2	20	5	24	4	19	8	11	22	1	12	9	18
6906	21	1	3	6	11	10	14	16	7	5	2	4	9	13	25	24	8	19	22	18	20	12	15	23	17
6907	6	16	14	11	5	2	1	8	9	23	20	21	25	18	3	22	12	19	17	4	24	10	13	15	7
6908	9	13	2	8	11	5	21	6	23	16	22	4	1	10	15	14	19	7	17	20	18	12	3	25	24
6909	25	8	11	19	23	9	20	3	22	24	13	14	18	17	4	21	15	5	2	12	1	10	6	7	16
6910	15	2	12	11	8	13	10	1	7	17	22	21	5	4	25	18	23	16	14	3	6	9	20	24	19
6911	15	19	23	12	21	8	14	2	17	22	9	16	6	7	4	25	18	20	3	11	24	13	5	1	10
6912	10	2	1	5	16	14	18	12	21	7	22	24	20	15	11	13	9	19	4	6	23	25	17	8	3
6913	12	7	25	6	5	9	16	19	8	18	2	23	20	13	14	3	17	1	10	4	21	24	11	22	15
6914	4	16	15	3	14	25	5	7	1	9	17	24	20	21	22	12	2	19	6	10	8	18	13	11	23
6915	6	25	23	24	4	16	5	10	2	21	3	19	1	11	22	8	14	13	7	12	15	20	17	9	18
6916	9	24	11	15	16	1	12	19	17	21	5	18	8	25	14	20	7	2	22	6	10	13	4	23	3
6917	17	7	23	14	13	18	11	19	5	20	10	3	16	22	24	8	9	2	21	1	15	25	4	12	6
6918	25	10	14	17	18	5	21	1	16	4	2	6	19	8	3	12	15	22	7	11	20	24	13	9	23
6919	12	9	7	22	24	4	3	11	8	6	23	17	18	13	16	1	20	19	25	5	14	15	2	10	21
6920	21	25	2	17	18	4	9	5	20	13	14	19	23	8	22	1	12	11	6	16	3	10	7	15	24
6921	13	20	19	21	15	23	25	16	18	6	22	1	10	12	17	14	7	4	5	11	24	8	2	9	3
6922	3	13	12	18	11	16	6	10	20	7	14	15	25	1	23	4	9	24	2	8	21	22	5	19	17
6923	16	18	14	22	12	17	19	15	2	20	1	7	23	3	6	4	5	13	9	11	21	10	8	24	25
6924	9	24	25	5	8	22	23	18	19	10	20	11	1	17	4	6	2	7	3	12	14	21	13	16	15
6925	3	5	12	6	24	10	14	13	17	7	16	19	25	8	20	23	9	21	22	2	18	15	4	1	11
6926	20	15	19	17	16	13	11	21	14	2	1	10	4	25	12	18	6	3	24	7	8	5	22	9	23
6927	10	14	11	25	7	9	21	24	22	20	3	8	23	6	15	5	4	12	2	1	17	19	16	18	13
6928	5	14	15	2	7	19	3	10	18	23	11	16	1	17	8	12	9	22	6	20	13	25	24	4	21
6929	19	13	18	1	21	20	2	15	23	10	3	8	7	4	5	17	25	11	14	6	16	22	24	9	12
6930	8	11	25	17	13	19	2	22	16	9	15	12	23	1	20	6	21	24	4	18	7	10	3	14	5
6931	13	18	21	10	14	1	24	11	4	22	15	20	5	7	6	9	25	8	17	19	16	3	12	23	2
6932	8	19	4	16	22	5	13	10	17	24	18	15	12	14	6	20	2	21	7	25	23	11	9	1	3
6933	13	9	17	10	3	18	5	21	12	1	4	15	6	16	24	7	20	23	22	11	14	2	19	25	8
6934	1	17	10	16	20	25	7	15	24	21	18	12	4	23	3	9	5	6	8	14	19	11	22	13	2
6935	11	9	5	18	13	14	1	24	23	2	25	17	20	15	12	16	10	7	6	8	4	3	19	22	21
6936	9	14	7	21	4	8	2	6	11	18	25	1	13	12	24	10	22	17	3	23	20	15	16	5	19
6937	11	6	9	14	10	18	16	2	12	15	7	19	13	22	5	4	20	17	21	25	8	24	23	3	1
6938	14	5	6	2	12	3	9	10	13	24	23	19	25	11	20	15	21	1	8	17	22	18	7	4	16
6939	14	19	17	22	15	13	12	6	16	25	2	23	5	8	4	10	24	3	1	21	9	11	7	20	18
6940	24	20	3	17	18	6	12	4	19	23	16	10	8	21	2	9	1	13	15	14	11	5	22	7	25
6941	2	16	25	22	1	7	14	10	9	23	17	12	5	18	15	6	24	11	3	8	20	4	13	19	21
6942	17	25	10	1	2	5	9	6	23	14	16	8	13	3	24	7	12	20	15	21	22	11	19	18	4
6943	9	6	16	14	10	13	23	25	22	7	1	12	21	24	2	20	3	15	18	17	11	8	4	5	19
6944	24	15	16	23	3	14	6	10	13	7	12	25	4	11	9	21	20	8	17	5	18	19	2	1	22
6945	18	5	14	2	16	9	6	25	22	21	23	3	20	7	4	10	11	19	13	15	24	17	12	1	8
6946	20	10	25	9	11	4	24	14	22	3	15	2	16	5	19	6	7	1	21	23	18	12	8	13	17
6947	10	3	23	13	24	14	7	17	22	5	1	12	11	6	9	15	8	19	21	16	25	4	2	20	18
6948	25	23	21	14	15	2	7	9	4	6	17	12	19	3	1	18	10	22	24	13	20	8	16	5	11
6949	5	1	7	15	6	2	12	17	20	11	16	24	19	18	22	13	23	8	14	10	9	21	3	25	4
6950	19	21	5	12	3	2	16	1	18	15	11	22	25	6	10	20	4	13	14	23	9	8	24	7	17
6951	21	22	7	10	8	2	18	19	15	4	1	11	24	12	17	3	20	6	25	5	16	23	9	14	13
6952	21	22	13	4	25	17	20	11	2	24	7	19	8	1	3	16	15	5	14	18	6	12	23	9	10
6953	10	6	24	18	22	11	23	7	19	20	16	5	2	21	13	17	12	8	3	14	9	1	15	25	4
6954	4	23	24	25	14	19	11	22	21	3	7	15	1	17	20	2	6	12	16	9	18	13	10	5	8
6955	10	25	8	11	4	9	16	19	22	6	20	13	7	17	15	14	2	18	24	3	21	12	1	5	23
6956	17	14	21	24	3	2	9	20	10	15	6	4	8	16	18	1	19	7	25	22	11	12	13	23	5
6957	25	10	12	16	18	24	9	13	7	21	5	3	1	17	15	2	22	8	14	6	20	4	11	23	19
6958	24	3	23	9	1	17	2	19	12	14	18	15	25	13	4	21	5	8	22	10	6	11	16	20	7
6959	6	3	19	1	25	17	24	13	11	8	18	7	22	20	23	15	12	21	4	14	16	9	5	2	10
6960	10	20	15	12	9	5	7	23	2	16	21	1	14	18	22	4	3	25	8	6	11	13	19	24	17
6961	7	24	20	2	3	18	4	8	17	6	15	9	16	23	12	11	19	13	1	5	14	25	22	10	21
6962	3	1	25	15	11	22	14	6	8	24	13	7	2	17	21	5	23	18	12	19	4	10	16	9	20
6963	15	4	18	3	2	22	19	11	21	6	17	10	1	8	14	20	12	24	16	23	25	5	9	7	13
6964	20	13	12	18	17	22	16	25	11	24	3	19	10	6	21	5	14	23	2	9	4	1	7	8	15
6965	10	22	23	9	8	13	2	16	4	11	5	19	24	15	3	7	6	21	25	14	12	1	17	18	20
6966	9	22	24	15	16	8	14	11	19	17	13	4	10	2	5	3	23	1	21	7	6	12	18	20	25
6967	10	15	22	13	21	24	16	5	23	2	18	17	7	25	6	4	19	12	9	11	20	14	8	3	1
6968	3	21	10	22	16	12	20	23	6	1	2	25	17	18	13	19	8	11	7	4	15	14	24	5	9
6969	1	25	18	5	22	17	24	12	19	23	8	21	14	2	11	9	10	16	20	3	6	15	7	4	13
6970	20	12	2	6	19	10	14	13	8	9	24	7	3	11	4	1	16	17	15	5	21	18	23	25	22
6971	3	14	17	12	23	25	24	22	15	7	19	18	21	1	16	9	13	20	6	4	5	10	2	11	8
6972	13	16	19	5	17	1	23	3	22	21	14	15	11	10	9	12	18	7	20	2	4	24	6	25	8
6973	15	2	19	20	18	12	4	5	23	24	7	22	17	14	3	6	10	16	21	25	11	1	9	13	8
6974	24	1	4	11	21	7	3	18	8	20	13	15	6	14	17	2	22	23	16	9	25	10	19	12	5
6975	16	9	12	21	25	5	2	24	3	10	11	18	8	4	1	14	22	15	20	19	23	7	6	17	13
6976	6	2	17	5	16	19	25	12	3	1	10	11	13	7	8	15	21	14	22	23	4	20	18	24	9
6977	1	20	17	4	16	19	8	11	14	24	18	12	7	23	21	13	3	6	9	2	5	25	10	15	22
6978	16	19	13	9	25	24	20	23	21	2	17	1	8	4	15	3	12	22	7	11	10	6	14	18	5
6979	12	20	21	3	9	14	23	13	4	5	11	6	24	1	19	8	2	22	16	10	18	17	7	25	15
6980	25	8	23	6	7	9	22	17	20	1	19	5	15	13	10	2	18	21	4	14	12	3	24	16	11
6981	21	9	19	2	16	23	18	6	15	17	3	12	11	4	25	20	1	10	5	13	8	14	22	7	24
6982	6	9	11	8	18	24	19	22	7	13	10	20	3	25	21	4	5	1	2	17	12	23	14	15	16
6983	23	7	15	1	3	6	20	18	2	16	19	11	24	4	14	22	17	10	5	25	21	9	8	13	12
6984	1	13	4	9	23	25	21	24	19	20	16	15	10	11	14	17	6	2	3	8	5	7	22	18	12
6985	12	15	18	8	10	20	6	14	2	13	16	3	7	1	9	24	21	17	11	4	22	23	25	5	19
6986	5	10	9	23	12	14	16	2	24	18	11	7	4	8	21	13	17	6	25	19	1	15	22	3	20
6987	17	6	10	7	9	14	11	19	24	5	2	23	16	8	1	22	25	15	4	21	12	18	20	3	13
6988	11	9	13	23	22	12	24	2	10	20	8	21	7	1	4	5	14	16	19	3	18	25	15	17	6
6989	18	2	9	8	22	14	23	7	25	19	16	4	13	3	5	10	20	11	1	24	12	6	21	17	15
6990	20	12	23	19	4	7	1	3	2	8	11	13	22	18	15	16	6	21	5	10	14	25	24	9	17
6991	12	21	7	3	1	22	6	17	18	20	13	15	5	11	10	2	25	14	19	8	9	24	16	4	23
6992	3	9	1	7	17	2	4	23	8	13	15	18	16	6	19	10	21	14	11	24	25	5	22	12	20
6993	21	20	18	25	5	13	15	7	23	3	6	10	11	14	2	24	17	22	12	9	16	8	1	4	19
6994	4	6	24	1	8	18	13	11	23	19	16	10	25	21	22	15	9	7	12	14	3	2	17	20	5
6995	16	14	1	10	19	24	21	13	9	17	15	23	18	8	22	12	11	4	5	7	25	3	6	2	20
6996	8	20	12	1	15	18	9	6	13	4	11	22	24	10	2	3	19	16	5	25	7	21	14	23	17
6997	24	25	19	9	16	2	13	23	21	7	15	6	8	11	4	18	3	14	17	12	5	1	20	10	22
6998	5	13	25	12	15	9	2	19	20	14	21	6	7	18	11	10	24	23	16	1	17	4	8	22	3
6999	22	15	8	7	16	25	5	4	9	13	2	1	17	14	3	10	18	19	6	21	23	12	20	11	24
7000	6	14	16	8	13	7	20	12	15	1	17	24	9	11	3	5	18	21	10	23	25	2	22	19	4
7001	17	13	4	14	24	1	2	18	21	8	15	9	20	7	10	5	16	22	12	19	3	23	25	6	11
7002	14	25	17	12	21	23	19	10	24	2	16	20	9	1	6	22	18	11	13	5	15	3	7	8	4
7003	21	13	16	17	1	19	8	6	25	15	9	22	23	3	5	10	12	7	18	14	20	24	4	2	11
7004	16	15	8	14	3	19	25	17	4	2	6	13	12	9	20	24	18	23	22	11	21	7	1	5	10
7005	6	2	12	24	23	22	15	20	21	4	14	5	1	7	8	11	18	3	13	17	19	25	9	10	16
7006	24	23	9	3	5	7	19	10	4	11	16	2	12	20	13	17	22	18	25	8	6	21	1	15	14
7007	15	8	19	2	18	5	6	13	16	21	10	23	12	3	9	11	25	20	22	1	4	7	17	14	24
7008	5	15	14	18	12	1	11	25	20	22	23	6	10	21	24	19	3	16	4	17	9	13	7	2	8
7009	12	20	9	14	25	1	15	2	7	3	19	11	5	13	21	22	10	8	23	17	16	18	24	6	4
7010	13	24	18	20	15	11	8	2	25	17	6	12	21	14	3	10	7	4	1	19	23	22	9	5	16
7011	14	24	11	15	22	5	7	1	13	17	9	10	25	21	2	6	8	19	16	4	20	18	12	23	3
7012	9	13	14	1	19	25	21	5	24	11	7	20	2	4	6	8	23	12	3	10	17	16	15	22	18
7013	12	1	24	4	2	3	25	21	10	7	19	11	9	5	8	22	13	14	17	6	15	18	23	20	16
7014	6	9	7	10	5	18	3	20	17	12	16	22	8	11	23	13	19	15	21	24	1	25	4	2	14
7015	17	15	16	4	12	8	22	24	10	6	1	7	5	3	20	14	2	11	13	19	21	23	9	25	18
7016	17	21	9	15	3	13	8	19	7	20	10	14	16	24	1	5	18	6	12	11	22	2	25	4	23
7017	2	21	5	24	9	22	11	23	13	14	16	15	20	4	19	7	1	6	18	25	8	17	3	10	12
7018	24	1	16	6	19	23	15	20	5	3	12	10	4	14	17	18	2	25	22	8	13	9	21	11	7
7019	19	2	8	3	13	24	20	1	15	6	25	21	23	4	11	18	16	22	10	7	5	14	9	17	12
7020	5	20	25	11	18	2	17	22	21	7	13	15	9	10	6	8	12	24	14	23	19	3	16	4	1
7021	21	18	25	14	16	15	12	22	3	5	19	11	8	7	4	20	17	13	2	23	6	24	9	10	1
7022	2	7	24	11	15	8	23	25	18	19	13	20	17	1	3	9	16	14	5	22	10	4	21	6	12
7023	15	6	9	2	11	8	21	14	22	13	16	25	20	18	23	4	7	3	12	19	10	1	5	17	24
7024	1	17	8	25	11	6	2	13	18	10	16	20	21	14	12	7	9	4	23	5	3	15	19	24	22
7025	15	4	10	11	13	24	12	6	5	25	2	9	1	16	19	14	17	20	3	23	7	21	8	22	18
7026	25	2	1	13	21	9	22	18	6	20	15	12	3	5	23	17	8	19	24	14	4	10	11	7	16
7027	24	6	22	19	5	7	23	2	4	10	18	25	12	9	15	20	14	1	13	8	21	11	17	16	3
7028	2	1	17	7	19	14	6	3	21	4	15	12	22	24	5	20	23	8	11	25	16	10	9	18	13
7029	3	4	12	5	1	11	20	15	14	16	22	2	21	6	17	7	8	10	19	13	25	24	9	23	18
7030	20	24	19	18	10	3	14	13	1	12	9	5	17	15	4	21	6	11	22	25	7	8	2	23	16
7031	6	5	15	18	8	25	1	2	24	22	21	17	14	23	20	10	11	19	3	16	9	7	4	12	13
7032	19	14	8	10	9	18	22	11	15	4	1	21	3	13	24	17	5	2	23	12	20	7	6	16	25
7033	1	22	5	13	23	19	4	15	10	14	2	3	8	20	24	9	11	17	18	16	7	12	25	21	6
7034	22	4	6	16	3	17	10	14	13	8	21	25	2	24	15	12	9	23	7	1	18	5	19	11	20
7035	23	17	16	4	20	6	19	8	22	10	2	25	3	1	13	21	12	24	15	14	7	11	18	9	5
7036	13	4	25	3	24	19	11	9	15	16	7	6	14	1	12	2	23	21	5	22	10	17	20	18	8
7037	5	6	1	9	23	8	4	3	21	7	18	24	19	11	2	10	12	15	16	14	22	25	17	13	20
7038	14	15	7	20	25	10	19	3	12	21	6	13	24	5	16	1	18	8	2	11	22	4	9	17	23
7039	21	8	9	10	6	5	24	2	19	20	17	4	25	18	3	22	14	16	23	11	7	12	1	13	15
7040	8	1	20	22	17	19	2	12	16	23	10	21	5	11	15	6	7	14	13	9	3	18	24	25	4
7041	21	13	7	14	22	24	10	17	18	23	5	1	6	15	3	9	20	25	4	8	19	11	16	2	12
7042	3	7	23	16	1	20	22	24	8	6	19	12	25	21	15	13	4	17	10	2	9	11	14	18	5
7043	10	7	3	5	14	20	23	6	17	18	4	15	1	21	19	9	2	12	13	16	25	8	24	22	11
7044	19	3	24	23	5	7	13	1	22	6	10	4	15	17	14	11	18	2	25	12	21	16	20	9	8
7045	1	8	7	10	12	6	15	20	16	25	2	21	11	14	17	22	5	4	23	3	13	24	19	18	9
7046	1	18	22	12	5	21	9	13	3	11	14	2	7	15	4	17	16	8	6	23	20	10	24	19	25
7047	23	7	11	6	13	18	24	17	8	25	20	16	12	21	19	15	22	14	2	9	4	5	10	3	1
7048	3	13	14	18	2	25	23	4	21	19	17	10	15	22	12	24	20	16	1	7	8	5	11	9	6
7049	9	4	14	18	11	12	16	13	3	22	10	21	15	8	7	19	17	23	5	1	25	6	20	24	2
7050	2	13	8	21	14	23	22	11	4	3	20	5	12	25	17	9	19	24	16	18	7	1	10	6	15
7051	11	7	2	23	13	25	4	18	9	20	19	6	22	3	15	5	8	21	16	12	24	14	1	17	10
7052	9	7	10	19	12	13	11	2	17	22	15	1	8	23	14	24	25	6	20	18	16	21	3	4	5
7053	14	24	12	19	17	23	13	1	2	11	16	4	15	9	6	20	8	22	10	21	7	5	3	25	18
7054	21	4	11	19	15	10	20	8	12	7	13	14	24	25	18	17	6	16	1	23	22	2	9	5	3
7055	8	23	12	21	9	10	2	6	15	1	5	13	3	11	18	25	22	20	19	14	4	7	17	24	16
7056	20	25	21	4	5	22	16	23	15	11	17	9	6	24	1	14	12	19	10	2	18	8	3	7	13
7057	18	7	6	15	14	25	23	12	19	5	2	8	3	24	20	11	17	10	9	13	22	4	16	1	21
7058	17	2	16	22	14	10	19	23	9	1	5	11	13	12	20	4	21	3	25	15	7	6	24	18	8
7059	2	9	12	5	18	14	21	22	11	7	23	13	10	15	4	17	24	16	6	25	19	3	8	20	1
7060	4	22	24	23	19	13	18	6	8	14	16	21	1	3	17	7	12	10	11	25	15	20	2	5	9
7061	4	24	20	21	18	19	15	2	22	13	1	12	14	9	17	7	5	10	11	23	16	6	3	25	8
7062	3	24	6	19	18	12	8	22	11	9	17	10	7	16	21	4	1	15	20	23	5	25	13	2	14
7063	20	17	11	8	10	19	16	24	23	2	3	6	1	7	25	18	22	9	12	15	4	13	14	21	5
7064	23	9	17	5	10	21	4	19	11	1	6	14	18	20	2	25	7	15	16	12	3	22	24	8	13
7065	3	16	4	13	18	6	2	1	9	23	21	22	24	17	5	11	25	10	8	15	20	19	7	14	12
7066	10	25	11	14	12	15	17	5	24	4	2	7	20	23	13	1	18	3	22	6	8	9	16	21	19
7067	23	7	19	1	24	9	13	12	16	15	22	3	5	4	8	11	2	21	14	6	10	20	18	25	17
7068	14	23	13	5	4	16	3	6	8	1	22	24	11	18	15	20	21	7	9	10	25	17	12	2	19
7069	8	6	16	19	4	1	18	17	13	2	14	20	5	9	21	3	25	11	15	24	7	12	23	22	10
7070	14	16	5	1	19	11	4	2	12	13	17	3	22	9	8	25	7	18	20	23	15	6	24	10	21
7071	17	22	11	12	10	23	7	4	14	25	15	6	19	20	18	2	24	1	5	8	21	16	9	3	13
7072	11	2	20	13	21	5	4	12	17	1	8	23	18	3	19	6	7	9	22	25	24	16	10	14	15
7073	14	10	17	15	22	4	12	20	1	21	11	16	3	25	7	2	9	23	5	18	8	6	19	13	24
7074	9	15	24	14	19	1	11	23	7	5	17	6	20	12	10	4	22	8	3	2	21	25	18	16	13
7075	11	8	12	24	23	20	14	4	1	22	21	13	5	6	17	10	3	7	16	15	19	2	9	18	25
7076	9	19	15	1	8	21	18	2	10	16	20	13	24	17	22	7	23	3	11	14	25	12	5	6	4
7077	12	11	9	1	18	10	25	20	15	19	13	5	21	2	3	16	4	23	6	14	22	7	8	24	17
7078	20	22	2	15	16	23	6	8	11	25	12	7	14	5	24	10	19	21	18	4	1	13	9	3	17
7079	1	17	5	12	4	9	10	18	19	23	6	24	8	3	13	22	15	16	7	11	20	21	14	2	25
7080	18	14	10	11	15	17	3	13	1	6	23	7	12	16	22	9	19	4	25	2	21	8	24	5	20
7081	9	23	4	19	16	20	12	6	24	5	11	8	15	2	3	17	14	22	13	10	7	21	1	18	25
7082	19	3	13	18	7	10	23	20	16	11	6	8	12	15	9	14	5	2	4	21	17	22	1	25	24
7083	10	22	19	6	1	8	16	20	9	11	2	15	18	14	7	3	4	21	24	12	25	13	5	23	17
7084	2	20	17	15	12	8	7	23	11	10	13	14	16	4	22	1	19	9	25	3	6	24	21	5	18
7085	19	24	5	1	9	22	10	13	3	20	18	21	15	16	11	12	7	8	25	17	2	14	6	4	23
7086	4	16	20	11	12	13	6	14	23	24	7	9	21	17	10	3	15	18	8	2	25	22	19	1	5
7087	3	17	21	9	5	24	10	11	14	13	15	7	25	23	4	12	18	20	1	8	2	22	19	16	6
7088	17	19	5	16	18	9	8	23	3	12	24	7	11	21	1	2	25	10	4	15	14	22	6	13	20
7089	24	21	9	16	25	13	19	15	6	18	12	7	11	22	10	20	4	5	3	2	8	14	17	23	1
7090	13	12	24	23	3	9	20	16	2	14	4	21	8	22	5	17	1	11	6	15	7	19	18	25	10
7091	17	18	7	13	4	2	9	25	22	24	11	23	20	12	14	10	8	3	19	16	15	1	5	6	21
7092	1	3	8	14	18	7	19	15	24	13	9	25	12	5	6	17	16	21	23	11	10	4	22	2	20
7093	9	1	13	12	5	18	21	10	16	8	14	24	4	7	3	19	6	17	2	11	15	20	23	25	22
7094	2	6	17	18	21	10	3	23	8	12	24	20	25	7	1	22	19	9	15	13	5	4	14	11	16
7095	17	1	21	20	11	9	14	5	15	19	16	8	13	22	6	2	18	12	3	25	7	10	23	24	4
7096	16	11	15	10	24	13	18	25	9	22	4	14	2	12	19	7	21	20	5	17	3	1	6	8	23
7097	21	3	13	6	23	4	11	14	15	9	1	7	24	2	17	12	25	10	5	16	8	18	19	20	22
7098	2	23	17	13	16	18	21	7	19	24	11	20	6	8	12	14	15	10	1	4	3	5	22	25	9
7099	17	19	24	6	10	20	21	14	11	15	5	4	23	13	18	12	7	9	1	25	16	22	8	2	3
7100	14	19	25	12	5	24	1	16	2	9	20	21	22	11	3	17	7	13	15	8	10	6	4	23	18
7101	4	9	22	19	2	12	1	14	8	13	15	20	18	6	5	23	7	11	21	17	3	10	16	24	25
7102	25	14	15	5	23	24	20	16	22	8	6	12	13	4	9	3	21	18	1	11	7	17	10	19	2
7103	22	8	7	6	16	4	1	12	23	21	11	18	2	15	3	17	10	13	19	9	24	20	25	5	14
7104	20	23	10	18	16	5	3	4	21	24	14	8	12	17	19	2	1	11	25	13	7	6	9	22	15
7105	14	12	1	25	8	24	18	3	6	11	9	10	2	4	17	13	20	22	15	5	16	7	21	19	23
7106	6	18	13	21	9	12	3	19	16	20	23	11	14	10	7	5	1	24	22	2	15	25	4	8	17
7107	13	11	8	16	25	17	4	10	14	20	22	6	24	18	5	12	7	21	2	23	15	1	3	19	9
7108	11	4	14	12	7	5	3	19	13	16	24	20	23	6	9	10	1	21	18	25	8	17	15	22	2
7109	2	16	12	4	11	19	23	17	9	14	8	24	20	21	10	25	5	13	15	7	18	3	6	1	22
7110	9	5	12	20	16	11	6	21	4	24	10	1	23	17	8	13	15	14	7	19	2	18	3	25	22
7111	6	18	24	5	7	8	4	21	22	11	20	2	3	19	15	25	10	1	23	12	17	9	14	13	16
7112	19	10	20	24	6	4	22	21	7	14	3	5	15	2	1	17	23	8	25	9	18	12	13	16	11
7113	3	13	10	8	9	17	7	6	21	20	16	24	23	5	18	2	25	1	15	14	4	19	12	11	22
7114	24	3	6	9	7	17	11	10	14	20	1	8	25	12	21	15	19	13	23	4	16	2	18	22	5
7115	8	16	25	21	9	13	23	5	19	15	22	18	17	12	6	11	14	7	4	20	3	2	10	1	24
7116	24	8	22	1	15	4	9	6	17	20	11	14	2	12	21	18	7	10	19	16	13	25	23	3	5
7117	15	17	25	24	5	7	22	16	11	20	6	23	12	9	1	4	18	10	21	3	13	19	14	2	8
7118	18	13	22	20	24	25	11	3	12	1	21	8	5	10	15	2	6	19	9	23	14	4	17	7	16
7119	22	14	24	2	5	25	15	16	18	1	17	23	4	10	9	3	11	6	7	12	19	20	13	8	21
7120	6	22	5	8	1	9	2	21	15	7	4	24	14	10	12	11	17	13	20	19	23	25	18	3	16
7121	9	7	4	10	25	23	16	11	20	12	13	3	15	21	6	1	18	8	19	5	2	22	24	17	14
7122	13	12	20	21	6	1	8	15	22	19	16	5	11	3	14	17	2	18	9	10	7	23	24	25	4
7123	4	15	23	2	11	9	14	21	19	25	3	16	5	24	7	6	17	22	10	18	12	1	8	20	13
7124	15	2	11	10	19	18	4	25	12	8	1	9	6	16	20	3	7	21	13	14	5	24	17	23	22
7125	20	22	12	21	17	13	23	24	18	6	7	3	14	2	1	10	5	25	4	8	11	15	9	19	16
7126	11	3	10	21	20	13	7	1	23	24	9	25	14	4	16	8	2	15	6	18	19	12	17	22	5
7127	22	18	8	15	13	2	10	16	7	23	4	9	20	1	11	12	21	24	14	17	19	6	25	5	3
7128	21	9	4	2	3	16	13	5	11	6	15	12	23	14	20	22	19	1	8	7	18	24	10	25	17
7129	20	8	7	22	19	12	24	6	21	3	25	10	5	11	2	16	13	18	1	17	9	23	15	4	14
7130	22	4	2	8	6	10	20	12	11	17	3	5	25	13	15	14	18	23	21	24	16	7	1	19	9
7131	8	22	14	7	25	4	16	2	18	23	6	20	5	15	21	1	13	11	10	24	3	12	9	19	17
7132	11	9	21	16	25	3	17	23	19	10	24	18	15	12	7	1	4	14	5	6	13	22	20	2	8
7133	3	12	13	11	24	2	15	19	23	21	17	8	4	20	16	18	10	7	1	6	22	25	14	5	9
7134	22	17	5	20	8	15	14	9	4	19	16	10	11	1	3	21	18	23	7	2	13	12	6	25	24
7135	21	18	24	2	15	3	17	1	22	7	13	16	19	8	11	5	9	23	20	12	25	14	4	10	6
7136	10	13	22	21	24	18	23	20	3	5	8	15	9	6	14	2	17	19	4	1	12	25	11	16	7
7137	10	25	2	16	11	3	22	13	9	15	8	5	19	20	14	24	1	18	7	23	12	17	6	4	21
7138	21	13	10	9	7	3	23	15	25	24	1	4	19	2	17	22	14	8	12	5	18	16	6	11	20
7139	19	6	4	2	12	20	18	16	3	1	7	11	10	13	5	22	14	17	25	8	24	23	21	9	15
7140	25	12	11	8	18	21	22	7	3	4	10	14	9	23	17	19	16	20	5	24	13	1	6	2	15
7141	5	8	17	20	25	18	2	24	12	14	23	13	11	4	22	15	21	3	7	10	16	19	1	6	9
7142	10	8	14	3	23	5	7	6	21	11	22	17	15	13	12	9	1	18	19	24	16	4	20	25	2
7143	8	15	2	11	12	10	5	4	24	22	17	1	20	9	14	23	18	16	21	6	25	3	19	13	7
7144	1	9	5	8	25	12	10	4	13	24	16	2	20	3	22	11	15	19	6	18	23	14	7	17	21
7145	1	19	13	16	7	18	2	8	10	9	24	12	6	14	20	3	17	22	11	15	4	21	23	5	25
7146	9	7	25	21	19	3	5	4	12	10	23	8	17	1	18	24	22	16	15	6	11	14	13	2	20
7147	13	18	20	5	25	2	16	24	7	23	1	21	12	22	8	3	14	4	17	10	15	6	9	11	19
7148	3	11	25	21	20	4	23	22	18	5	7	9	19	6	12	1	16	13	14	17	10	8	24	2	15
7149	2	5	8	10	9	21	12	15	11	16	18	24	3	25	14	7	23	6	4	20	1	17	13	22	19
7150	9	7	23	22	10	8	5	14	18	15	13	24	12	11	25	3	4	6	16	21	19	20	1	17	2
7151	18	12	1	9	24	5	7	4	10	21	8	13	14	17	23	22	11	19	6	25	2	15	16	3	20
7152	19	15	10	9	20	3	13	18	21	23	22	14	6	12	4	25	2	24	5	11	8	17	16	7	1
7153	25	18	19	24	13	10	22	15	3	16	2	9	11	20	1	7	12	23	6	4	14	17	5	21	8
7154	24	3	13	22	21	17	11	19	6	9	4	12	1	25	8	15	20	10	5	16	7	18	14	23	2
7155	17	22	23	21	19	20	6	15	24	9	16	18	8	25	12	5	7	11	3	13	4	1	2	14	10
7156	9	6	15	8	19	24	4	10	16	17	21	12	11	7	1	3	13	23	2	5	14	22	25	20	18
7157	18	22	1	25	19	17	12	11	23	15	3	13	16	14	6	4	5	2	20	9	21	10	7	24	8
7158	5	4	22	10	21	23	24	3	18	12	6	13	2	17	11	7	9	25	8	20	15	1	14	19	16
7159	21	24	23	10	14	22	5	15	2	7	6	11	13	16	19	12	18	8	3	4	1	17	20	9	25
7160	5	4	21	23	25	15	2	24	19	20	11	13	9	17	22	16	6	1	14	7	18	10	12	3	8
7161	13	12	9	2	14	4	21	24	1	18	19	22	25	7	23	6	5	11	8	10	20	17	16	15	3
7162	10	9	3	11	20	16	4	2	22	13	8	12	14	6	17	1	25	15	21	24	7	23	5	19	18
7163	8	11	16	9	7	2	19	18	14	15	24	13	21	6	4	10	20	25	12	3	23	17	5	1	22
7164	23	15	24	8	3	1	17	18	7	10	4	12	22	19	14	20	5	11	21	6	13	25	9	16	2
7165	16	10	8	17	9	15	21	22	23	18	19	13	12	25	6	4	7	11	1	3	2	20	24	5	14
7166	7	14	9	3	20	1	24	4	13	18	19	10	21	8	12	16	23	2	6	11	25	5	15	17	22
7167	22	7	12	11	10	5	13	17	21	9	18	23	16	15	6	25	3	4	1	2	14	8	19	24	20
7168	5	19	24	17	25	11	6	13	9	14	1	12	18	8	22	16	2	7	15	4	3	10	21	20	23
7169	22	13	1	24	11	12	3	18	16	8	23	14	17	15	7	5	25	21	10	2	4	9	19	6	20
7170	24	23	5	16	21	11	15	25	4	22	6	18	14	20	7	2	13	3	10	1	9	12	19	8	17
7171	22	5	21	20	19	17	4	9	23	2	6	11	12	8	16	13	10	15	1	3	7	14	18	24	25
7172	13	25	24	6	1	3	12	18	20	14	21	23	9	15	10	7	19	4	8	11	17	16	2	22	5
7173	19	11	8	14	2	25	6	7	1	10	4	17	9	15	16	5	24	18	22	20	12	3	21	13	23
7174	24	7	23	14	21	1	6	5	10	16	22	25	4	11	9	20	3	19	2	13	8	18	15	12	17
7175	7	17	22	16	1	21	4	3	11	20	18	19	15	13	12	9	14	2	25	24	10	23	5	8	6
7176	22	2	4	5	23	18	20	16	7	13	15	3	24	9	6	8	25	11	17	21	12	14	19	10	1
7177	1	7	3	22	17	9	5	2	10	23	15	18	24	4	14	8	20	25	11	21	13	19	6	16	12
7178	22	3	24	12	14	21	8	10	23	16	15	20	5	1	2	17	18	19	4	6	13	7	9	25	11
7179	18	15	20	1	21	10	14	11	22	2	25	12	6	9	7	19	17	8	3	5	4	13	16	23	24
7180	5	18	6	16	13	21	11	17	10	23	4	25	7	22	8	3	1	24	12	2	14	20	19	9	15
7181	5	20	25	14	16	10	18	13	17	12	23	24	6	2	3	1	15	22	9	19	21	4	11	7	8
7182	15	14	16	9	1	21	17	13	5	23	19	20	18	2	8	12	10	24	3	7	25	11	22	4	6
7183	9	2	20	4	15	18	19	22	17	13	24	5	23	8	12	7	21	14	3	16	6	1	25	10	11
7184	7	10	13	11	18	20	6	16	15	25	19	17	3	8	12	5	24	22	21	2	4	1	9	14	23
7185	13	14	8	18	10	11	21	17	22	15	9	5	25	1	3	23	24	4	7	6	12	20	2	19	16
7186	6	15	24	21	22	12	4	2	23	13	10	18	14	20	25	1	3	19	7	11	9	5	8	16	17
7187	1	21	9	14	18	17	2	8	10	16	19	5	4	12	23	25	20	24	13	22	6	11	15	7	3
7188	1	22	23	21	14	5	9	24	20	16	17	3	25	6	10	19	2	12	7	18	4	8	11	13	15
7189	24	1	19	17	16	2	18	3	4	5	9	22	8	25	23	6	7	21	10	14	11	15	12	20	13
7190	22	16	21	4	9	12	6	8	2	25	23	10	14	15	17	24	5	19	1	18	3	20	7	13	11
7191	16	15	23	5	12	18	25	6	24	11	9	8	1	7	21	2	22	3	17	14	19	13	10	4	20
7192	21	8	25	23	20	19	5	24	6	15	13	3	17	7	18	1	22	12	11	2	10	9	4	16	14
7193	17	21	15	7	8	12	13	3	14	25	5	1	22	6	20	11	16	2	10	24	9	23	18	19	4
7194	18	16	11	1	17	2	10	24	3	5	6	21	4	19	20	22	7	25	23	8	13	9	15	14	12
7195	12	13	25	5	3	6	1	4	19	18	15	24	21	10	8	2	14	23	16	22	9	11	7	17	20
7196	9	10	18	1	2	13	21	22	7	19	11	16	14	24	5	25	12	17	20	15	8	23	6	4	3
7197	1	22	15	12	18	3	11	21	6	2	19	25	4	7	24	20	9	5	8	14	13	16	10	17	23
7198	2	18	9	6	21	8	24	13	19	25	4	17	10	22	14	23	1	11	7	12	16	20	5	15	3
7199	3	18	16	6	7	17	1	23	8	5	12	15	2	14	10	25	21	19	13	24	4	9	22	11	20
7200	17	18	12	14	3	13	21	7	20	1	10	25	24	4	15	8	5	6	16	19	11	9	23	22	2
7201	23	2	14	13	7	19	16	6	11	12	4	17	25	10	24	20	9	18	3	22	21	8	5	1	15
7202	18	10	6	19	3	15	24	21	20	8	12	14	1	22	13	4	2	7	23	5	9	17	11	16	25
7203	16	2	20	3	1	6	17	5	12	18	4	15	25	13	21	10	9	23	24	11	14	19	22	7	8
7204	16	23	10	4	13	2	24	11	20	18	6	8	5	21	14	25	9	17	3	12	1	19	7	15	22
7205	20	14	21	24	11	4	7	17	10	2	6	15	3	25	19	22	1	8	9	5	12	16	13	23	18
7206	16	22	11	5	13	9	15	3	6	1	24	19	17	23	25	21	8	10	20	2	18	7	12	4	14
7207	11	12	10	17	9	23	19	6	5	4	13	21	22	1	3	18	24	2	20	14	8	25	7	16	15
7208	9	18	6	15	4	1	17	25	21	2	14	23	3	22	16	7	5	10	12	20	11	19	8	24	13
7209	15	4	5	12	18	8	19	7	11	2	20	14	13	1	23	16	22	3	24	6	25	9	21	17	10
7210	1	9	15	18	10	8	21	24	16	6	3	13	17	7	19	12	23	14	11	25	22	20	5	4	2
7211	5	13	2	1	18	22	21	9	4	3	15	16	6	24	11	23	25	19	7	10	8	14	20	12	17
7212	18	22	12	8	5	19	3	9	6	16	10	24	17	20	13	7	2	15	21	23	11	4	1	25	14
7213	3	19	6	10	1	2	15	13	24	14	18	22	21	12	11	7	17	9	25	23	20	4	8	16	5
7214	20	5	8	13	15	7	14	19	17	21	10	1	3	23	4	6	9	2	25	22	24	12	11	18	16
7215	22	24	15	6	7	23	2	20	10	13	25	3	21	4	16	19	12	9	5	8	17	18	11	1	14
7216	5	22	1	3	2	4	7	23	25	11	6	12	18	21	16	10	24	13	14	8	9	17	15	19	20
7217	20	14	9	17	8	4	22	10	3	24	12	15	7	19	23	2	6	11	21	25	18	5	13	1	16
7218	25	16	20	8	1	19	12	10	6	23	7	18	24	21	15	5	17	2	3	9	22	11	13	4	14
7219	19	23	17	4	20	12	22	18	11	7	5	16	21	24	1	9	25	2	15	3	14	8	13	6	10
7220	17	9	5	24	12	20	25	2	23	6	18	3	7	4	11	15	8	13	21	14	19	16	22	1	10
7221	9	21	4	1	20	16	12	23	25	24	15	7	5	22	3	17	14	2	11	10	8	19	18	13	6
7222	13	22	21	3	19	6	14	11	10	23	2	7	8	1	17	16	5	18	9	24	15	12	25	20	4
7223	23	3	9	6	17	21	2	5	19	12	11	8	24	15	4	16	25	14	18	1	13	10	7	20	22
7224	21	20	2	22	17	24	10	19	12	23	15	7	5	13	4	25	18	3	1	6	16	8	14	11	9
7225	13	24	8	14	25	19	22	6	5	20	12	3	2	23	21	16	10	1	9	11	17	18	7	4	15
7226	25	17	12	1	22	16	14	23	8	24	3	9	19	18	10	5	13	4	2	11	21	15	20	6	7
7227	12	4	5	20	17	19	13	25	8	10	14	1	9	6	3	7	21	2	16	15	18	23	11	24	22
7228	8	1	3	4	14	2	18	12	7	16	6	21	5	15	20	23	22	17	19	24	13	25	10	9	11
7229	12	4	16	13	6	17	9	2	3	24	15	10	18	8	1	5	11	20	23	22	14	7	21	19	25
7230	22	18	24	4	20	16	9	10	17	25	5	14	2	3	8	12	19	21	7	6	23	13	11	1	15
7231	1	24	13	25	19	12	21	18	3	4	5	16	10	20	6	8	7	23	11	14	17	9	2	22	15
7232	6	12	17	16	20	2	4	13	18	10	15	11	3	14	5	8	19	7	25	9	22	23	24	1	21
7233	19	2	4	7	14	23	25	8	16	15	11	18	22	20	10	21	1	5	12	6	13	17	9	3	24
7234	7	19	17	12	14	16	24	9	23	3	22	8	15	25	20	13	5	6	10	1	4	2	11	21	18
7235	19	8	11	12	9	23	15	10	13	22	6	4	20	3	21	24	18	17	1	2	16	25	5	14	7
7236	21	25	22	6	16	5	23	1	8	3	20	13	15	2	4	18	10	9	11	17	24	7	14	12	19
7237	3	14	18	10	9	17	7	21	15	20	23	13	12	1	16	19	8	24	25	5	4	11	6	2	22
7238	8	12	9	1	20	22	6	2	13	23	16	5	18	4	11	7	19	14	10	3	24	25	15	21	17
7239	25	16	18	22	5	8	13	2	14	1	3	15	23	6	24	20	4	11	17	7	12	19	10	9	21
7240	8	6	18	10	2	23	13	9	24	3	14	22	7	11	15	20	5	4	12	17	1	25	19	21	16
7241	9	21	10	2	15	25	17	7	8	4	6	24	12	13	20	14	11	22	1	23	16	19	3	18	5
7242	22	4	9	24	11	15	14	6	10	13	16	3	20	7	21	8	1	2	23	17	19	5	12	18	25
7243	1	21	12	19	24	23	4	3	10	6	16	15	8	22	5	13	11	18	2	7	9	17	25	20	14
7244	18	14	25	6	8	7	4	21	19	20	11	2	17	1	24	12	10	5	9	23	3	13	15	22	16
7245	18	11	25	13	23	2	19	22	17	1	21	24	10	16	7	4	20	14	12	15	3	9	8	5	6
7246	15	4	21	8	18	6	25	20	3	5	7	24	23	14	9	22	11	12	16	2	10	1	13	17	19
7247	6	13	15	22	18	17	9	5	11	23	8	2	3	14	24	20	19	4	10	16	25	7	1	12	21
7248	6	23	22	1	25	5	19	13	17	21	14	11	3	20	2	12	10	24	9	16	18	4	15	7	8
7249	1	18	22	20	16	3	7	2	6	19	12	25	13	24	4	15	5	8	23	21	10	9	17	14	11
7250	4	11	24	20	3	13	17	10	21	18	7	9	5	22	2	1	12	25	19	23	14	16	6	15	8
7251	12	8	4	15	6	2	3	7	11	9	23	21	10	18	25	1	14	20	24	22	16	13	17	5	19
7252	11	2	19	15	23	16	4	14	10	6	22	18	24	13	1	8	17	7	21	9	20	3	5	25	12
7253	17	22	4	7	20	18	19	10	25	21	3	9	5	23	8	13	15	6	24	14	12	2	11	16	1
7254	23	10	2	4	16	15	13	3	18	21	20	14	24	5	12	6	8	1	25	17	11	22	19	9	7
7255	10	23	14	16	21	19	3	12	6	25	17	20	5	13	4	7	8	22	1	2	15	24	11	9	18
7256	20	24	23	22	10	16	19	4	13	5	14	12	11	17	9	8	21	3	7	15	2	25	1	6	18
7257	17	25	13	4	23	11	16	20	7	3	8	14	12	10	24	2	21	9	18	19	6	5	22	15	1
7258	6	24	22	15	7	21	18	4	8	12	14	11	2	17	3	10	20	9	16	19	25	1	23	13	5
7259	9	17	16	20	3	6	25	11	21	19	23	14	15	8	4	7	22	1	2	5	24	18	12	13	10
7260	3	18	23	25	24	20	5	9	8	2	15	12	1	14	22	11	17	13	19	6	7	10	16	4	21
7261	17	1	6	16	13	21	24	5	20	11	8	3	10	14	23	7	19	9	18	22	2	25	12	4	15
7262	11	10	13	1	22	17	2	5	15	9	4	25	14	21	23	20	16	7	12	8	18	24	6	3	19
7263	8	19	18	5	17	10	25	14	24	6	20	9	3	15	7	11	13	23	16	22	2	12	21	4	1
7264	16	23	21	24	2	25	18	12	8	20	3	5	1	10	4	11	9	19	6	14	7	13	15	22	17
7265	17	19	25	6	11	10	13	5	23	1	12	18	2	9	21	16	7	22	8	14	4	15	20	24	3
7266	25	20	6	17	13	18	22	7	10	9	12	24	3	21	8	16	19	15	23	11	1	5	4	14	2
7267	22	19	23	13	3	15	17	9	11	2	18	21	6	16	12	8	5	25	20	14	1	7	24	10	4
7268	20	5	13	8	10	22	25	2	11	23	6	17	9	21	24	1	7	4	16	14	3	19	15	12	18
7269	23	14	21	17	4	7	15	3	18	6	13	5	20	1	2	11	19	25	24	12	10	16	22	9	8
7270	18	16	1	21	7	14	3	11	4	15	13	10	20	17	12	24	19	23	9	8	22	25	6	2	5
7271	18	14	17	6	25	21	5	22	15	2	20	10	23	13	12	19	1	3	9	24	4	7	8	11	16
7272	13	2	14	7	15	11	6	3	23	9	5	12	22	16	21	4	25	10	19	17	1	8	18	24	20
7273	14	11	18	3	22	1	16	21	20	15	5	12	2	4	6	23	10	13	19	24	9	25	17	8	7
7274	9	4	21	3	16	10	17	22	12	18	8	2	1	6	23	7	24	14	11	5	13	20	19	15	25
7275	14	20	19	6	3	17	8	10	11	1	7	9	25	2	21	4	16	12	13	15	5	24	18	22	23
7276	17	23	25	18	24	9	20	15	21	16	3	11	14	8	1	6	10	2	12	5	22	4	19	7	13
7277	8	1	12	16	22	21	7	23	19	25	4	11	13	2	24	6	9	18	14	17	20	15	5	3	10
7278	2	10	15	18	20	19	21	25	9	11	6	16	4	1	17	24	5	3	8	7	22	13	14	12	23
7279	24	10	13	11	25	19	22	23	2	18	8	4	16	21	9	6	5	3	15	12	14	1	20	7	17
7280	4	6	15	23	22	18	13	1	20	2	5	10	11	24	16	25	8	3	19	14	12	17	7	9	21
7281	11	19	18	22	7	2	24	20	8	12	13	9	4	10	3	16	1	14	5	23	15	6	25	17	21
7282	6	14	23	10	16	24	18	3	25	1	5	7	11	2	21	13	4	17	12	20	9	22	8	15	19
7283	4	10	23	24	14	22	19	20	13	6	16	25	12	21	9	17	11	15	7	1	3	18	5	8	2
7284	17	14	16	23	13	7	8	24	25	11	19	2	22	4	3	18	9	1	15	12	10	21	6	5	20
7285	11	2	13	17	18	5	7	14	16	4	3	8	21	25	20	24	1	6	10	19	12	22	23	9	15
7286	2	7	13	5	10	19	8	9	6	22	23	14	24	25	4	11	15	20	12	3	21	18	17	1	16
7287	19	6	24	8	13	25	12	20	5	7	22	15	14	11	17	23	18	2	1	3	10	16	21	4	9
7288	10	12	2	6	18	5	11	13	14	20	8	1	25	19	4	7	22	23	16	15	21	3	24	9	17
7289	3	5	9	25	12	18	21	13	16	17	22	8	23	1	6	20	2	4	15	11	10	19	24	14	7
7290	20	6	5	8	17	22	16	1	4	19	13	15	9	3	25	21	18	2	11	14	12	10	24	23	7
7291	16	12	15	23	4	5	10	3	2	25	19	20	14	13	18	21	1	17	11	9	8	22	24	7	6
7292	19	13	2	22	11	3	18	25	10	12	9	23	15	14	4	21	8	6	7	17	5	20	1	16	24
7293	24	6	11	1	16	22	9	21	12	23	2	20	5	3	4	10	14	7	13	15	18	8	19	25	17
7294	9	19	11	8	13	20	24	4	22	3	6	10	17	2	5	15	1	21	25	16	7	12	14	23	18
7295	20	13	9	22	11	6	12	3	4	7	25	24	5	8	15	23	10	18	14	16	17	19	2	1	21
7296	24	1	3	14	6	15	19	16	9	4	22	5	20	7	10	17	21	23	25	2	8	12	11	13	18
7297	3	1	15	4	9	6	10	8	21	7	14	12	17	25	11	16	20	23	13	18	24	19	5	2	22
7298	17	14	18	3	10	21	5	11	23	2	8	9	19	4	1	12	16	7	22	25	15	6	13	20	24
7299	23	21	9	16	15	4	5	3	24	14	20	7	25	1	17	18	6	8	13	19	10	2	11	22	12
7300	8	2	22	9	23	13	3	6	25	18	17	19	11	16	10	14	7	4	20	12	21	24	15	1	5
7301	7	21	4	14	1	10	24	25	22	13	5	6	18	8	11	20	9	19	16	2	23	17	15	3	12
7302	7	19	21	25	11	20	4	24	2	13	10	22	23	6	5	18	12	9	17	14	3	1	16	8	15
7303	24	12	17	19	9	2	14	18	16	21	23	15	6	1	11	4	22	25	7	3	20	8	5	13	10
7304	22	15	9	1	21	17	16	24	14	12	2	23	5	19	7	6	18	4	25	13	11	3	10	8	20
7305	20	17	7	19	1	8	6	2	10	18	21	15	23	24	4	22	13	16	3	25	11	12	9	14	5
7306	9	3	4	15	23	11	25	13	24	14	20	2	18	22	8	17	5	6	7	16	10	19	1	21	12
7307	25	4	3	9	21	20	19	11	8	14	23	5	6	15	1	13	18	24	22	7	2	10	17	12	16
7308	13	7	9	19	21	11	5	4	3	14	6	22	2	20	25	23	16	18	8	17	1	24	15	10	12
7309	19	15	8	3	1	18	7	25	4	11	12	21	13	6	2	20	24	16	5	14	10	17	9	22	23
7310	16	13	21	14	1	8	6	23	9	5	11	17	20	24	25	7	18	3	15	2	19	10	12	4	22
7311	24	1	11	25	18	8	10	5	12	6	20	4	13	15	14	23	22	7	9	2	19	17	3	16	21
7312	6	25	5	9	8	10	3	20	18	19	4	12	15	16	11	22	17	24	14	1	7	21	13	2	23
7313	3	13	17	4	5	11	25	16	12	19	18	23	1	6	8	15	20	9	10	24	14	7	21	2	22
7314	15	6	4	20	14	18	13	5	10	3	24	7	19	9	8	23	16	12	25	22	1	17	21	11	2
7315	11	13	25	22	5	20	23	1	14	21	18	10	17	16	4	19	12	2	8	6	15	3	9	7	24
7316	9	11	14	8	7	2	16	20	24	6	13	4	17	15	1	12	3	23	18	5	19	10	22	25	21
7317	12	22	2	16	19	4	7	23	3	17	9	13	25	24	15	21	6	14	1	11	8	10	20	5	18
7318	17	4	19	22	7	23	13	16	5	11	14	6	1	12	21	3	10	9	15	24	25	2	18	20	8
7319	18	24	23	20	5	13	2	3	17	19	9	22	15	12	11	25	16	7	14	6	4	1	21	10	8
7320	8	9	5	12	6	11	20	18	22	14	2	19	1	25	13	24	23	4	10	16	7	15	21	3	17
7321	16	11	23	21	10	17	8	22	25	13	14	15	20	5	4	2	7	9	19	1	12	18	24	3	6
7322	4	16	5	20	12	3	17	7	8	14	1	19	25	23	11	13	10	21	6	15	18	22	9	2	24
7323	7	20	15	4	10	5	25	16	11	8	1	24	21	3	18	6	17	2	9	13	14	22	19	12	23
7324	21	14	17	25	6	12	1	24	3	20	4	9	16	19	15	7	22	13	10	2	23	11	5	8	18
7325	16	19	8	11	23	2	5	18	20	12	6	7	21	14	4	13	24	10	15	1	9	3	22	25	17
7326	14	23	4	5	7	3	25	9	17	15	24	21	12	1	6	13	16	20	22	19	10	18	8	11	2
7327	21	22	6	17	13	7	24	4	5	18	9	12	11	25	23	8	2	14	20	3	10	1	19	15	16
7328	18	5	1	11	13	7	6	10	17	22	2	12	20	24	21	15	9	3	25	23	19	8	4	14	16
7329	9	19	18	8	3	14	16	17	1	20	25	5	12	21	24	22	6	15	23	7	4	2	11	10	13
7330	5	16	13	9	17	19	18	8	25	4	21	24	10	6	23	1	11	14	15	12	2	3	20	22	7
7331	6	10	11	19	4	21	16	12	25	17	24	14	23	7	8	3	15	22	9	20	5	13	2	1	18
7332	24	20	12	4	6	15	13	14	11	21	22	7	19	3	25	9	1	5	8	16	10	18	17	23	2
7333	25	15	10	16	2	8	21	1	23	9	5	4	3	11	12	14	18	19	7	13	22	20	24	6	17
7334	23	17	1	2	3	8	12	9	18	21	20	6	22	25	4	5	15	24	11	10	14	13	16	7	19
7335	10	17	2	13	9	6	22	21	1	3	8	19	16	23	7	5	4	11	25	15	24	14	20	12	18
7336	11	17	16	5	3	7	19	1	22	12	18	14	24	10	2	6	25	4	15	8	9	23	21	20	13
7337	7	6	14	11	5	16	18	21	9	1	20	4	25	12	10	15	2	19	8	22	3	17	23	13	24
7338	20	3	4	10	25	7	18	21	15	23	12	22	5	2	17	9	1	6	8	13	11	14	16	24	19
7339	3	20	19	2	14	6	17	12	21	22	23	8	16	1	18	13	24	25	4	15	7	9	11	10	5
7340	7	15	17	21	24	2	12	11	16	6	4	1	20	3	13	23	8	22	18	5	14	10	25	19	9
7341	3	10	6	2	16	11	17	21	13	18	24	5	23	20	4	8	22	14	7	1	15	12	25	9	19
7342	20	16	14	22	19	5	15	13	11	4	10	24	25	12	3	2	1	23	7	21	17	8	9	6	18
7343	11	7	14	18	19	9	2	12	24	5	21	3	6	10	20	16	4	25	8	22	17	15	1	13	23
7344	15	9	23	10	14	25	1	2	13	22	21	7	20	3	8	5	6	16	24	17	12	11	18	4	19
7345	6	19	1	2	3	23	15	21	10	25	11	5	20	7	9	17	24	22	8	12	14	18	4	13	16
7346	16	21	18	5	12	13	6	24	23	9	4	10	20	3	11	22	7	8	17	1	19	25	2	14	15
7347	6	5	1	23	24	8	4	19	13	10	17	20	3	22	21	15	12	2	18	14	7	9	11	16	25
7348	24	19	20	11	17	21	13	14	5	8	6	18	12	4	22	2	23	15	10	9	16	3	7	1	25
7349	23	18	13	9	25	17	5	4	24	14	8	7	1	16	21	15	2	22	6	12	20	10	3	11	19
7350	16	15	7	18	2	10	17	14	3	4	23	13	8	20	11	21	22	12	25	6	9	1	5	24	19
7351	6	20	19	21	13	25	12	1	5	11	18	3	8	10	16	22	7	9	17	2	4	15	14	24	23
7352	10	2	14	7	23	25	12	6	8	20	1	16	15	17	3	21	24	13	18	19	5	22	4	11	9
7353	12	13	4	11	14	16	3	22	10	8	17	6	23	19	1	18	24	2	21	15	20	5	7	25	9
7354	24	1	20	13	14	2	12	19	9	17	7	11	8	6	5	22	18	23	3	10	4	16	21	15	25
7355	3	8	21	20	7	12	1	5	2	6	24	23	18	25	10	19	11	4	17	15	9	22	16	13	14
7356	3	1	20	7	11	18	12	8	16	5	25	4	2	6	10	17	15	23	22	21	13	24	9	14	19
7357	17	12	4	23	7	1	14	6	24	19	11	21	15	18	20	2	22	8	5	10	16	25	13	9	3
7358	12	5	20	3	19	17	18	8	23	9	13	11	4	6	1	22	7	24	15	25	10	16	14	21	2
7359	9	13	21	23	17	7	18	2	6	19	16	12	1	5	22	4	10	14	11	25	24	3	15	20	8
7360	23	19	6	2	13	5	21	15	24	10	9	16	17	14	1	25	8	12	20	7	22	4	3	18	11
7361	12	11	18	10	2	7	4	5	22	3	13	8	23	19	17	21	14	24	15	16	25	9	1	20	6
7362	16	11	10	19	6	7	4	13	9	1	22	2	17	23	3	24	18	8	12	15	14	5	21	20	25
7363	2	20	22	21	12	5	6	15	18	13	23	3	19	10	9	17	8	24	25	14	4	11	1	7	16
7364	6	9	3	19	22	7	5	21	12	1	25	17	14	20	4	13	16	10	18	2	23	24	11	8	15
7365	22	4	3	17	19	24	10	23	1	9	18	7	2	25	15	14	20	12	8	5	11	13	6	21	16
7366	3	25	4	15	9	12	23	8	22	5	24	17	20	19	6	18	13	16	10	7	2	1	21	14	11
7367	8	20	15	7	5	24	18	3	1	17	6	21	2	11	12	4	9	23	10	16	25	19	14	22	13
7368	11	12	6	16	7	20	22	15	4	3	2	17	19	24	25	1	9	21	14	10	23	13	18	8	5
7369	1	25	22	24	6	20	11	3	21	9	5	18	10	19	7	23	4	17	2	8	16	12	15	14	13
7370	8	1	19	25	13	20	21	14	16	15	7	4	6	3	17	9	24	10	12	5	2	22	23	11	18
7371	6	11	24	20	4	10	19	17	15	22	1	5	2	14	7	25	18	16	13	21	23	8	12	9	3
7372	3	22	12	20	2	9	10	24	14	19	11	5	7	17	13	15	25	4	8	21	23	16	6	18	1
7373	23	3	19	10	1	21	16	2	7	13	6	17	4	9	20	22	15	24	14	5	12	18	11	8	25
7374	6	24	5	20	21	10	16	18	8	3	11	25	7	2	14	12	13	17	9	1	22	19	15	4	23
7375	16	7	18	6	22	17	2	19	12	15	20	5	24	1	9	13	23	25	11	10	21	4	3	8	14
7376	9	18	7	10	16	20	5	3	17	15	2	13	8	23	22	21	25	24	11	12	1	14	19	6	4
7377	5	4	8	16	23	21	19	3	18	1	24	10	20	25	9	14	22	7	6	11	13	15	17	12	2
7378	22	1	11	8	17	25	13	19	23	20	10	4	14	15	21	3	7	16	24	5	2	18	9	6	12
7379	23	22	6	24	1	9	18	5	7	14	12	20	8	2	17	19	16	10	13	3	11	21	25	15	4
7380	25	13	3	17	15	7	24	23	12	22	18	14	19	5	1	6	2	16	4	9	20	8	11	21	10
7381	15	2	4	6	5	24	8	12	20	21	18	11	3	23	16	7	10	14	17	25	13	19	1	9	22
7382	20	8	21	23	11	5	3	25	7	19	10	24	4	6	18	2	1	9	13	22	14	16	15	12	17
7383	10	24	20	8	23	22	11	16	19	1	2	15	25	13	3	5	17	21	14	18	4	6	12	9	7
7384	12	7	15	18	10	14	9	25	23	20	1	17	21	24	13	5	2	4	8	6	19	3	22	11	16
7385	18	1	22	24	4	3	9	15	2	6	20	13	12	7	23	25	21	17	16	11	10	5	14	8	19
7386	16	3	4	8	25	7	18	15	14	10	22	5	1	23	2	19	13	24	20	12	11	21	17	9	6
7387	16	23	11	22	24	21	18	6	10	25	20	8	5	19	13	4	7	14	17	9	2	1	12	15	3
7388	10	5	15	14	13	19	3	9	25	11	4	2	24	23	6	22	17	7	18	8	16	21	20	12	1
7389	11	14	10	6	17	25	18	15	22	2	20	9	19	16	8	1	7	12	13	23	21	4	3	5	24
7390	21	24	15	6	17	12	7	16	13	2	19	3	10	9	1	11	25	22	8	4	20	18	5	14	23
7391	8	2	23	9	17	7	4	13	1	25	20	22	12	19	10	15	5	16	21	3	18	14	24	11	6
7392	20	3	6	16	22	25	9	5	11	8	1	24	17	23	15	2	14	10	13	4	21	19	7	18	12
7393	13	18	2	20	12	9	8	19	15	10	22	16	24	17	1	11	7	6	14	5	3	4	23	21	25
7394	11	23	3	7	8	20	15	4	5	22	21	10	6	17	9	2	13	12	1	19	16	14	24	25	18
7395	20	14	4	16	22	9	24	5	12	13	23	6	18	19	11	25	7	21	17	10	8	1	3	15	2
7396	4	10	5	6	8	14	24	13	16	9	18	15	11	17	21	20	23	7	22	3	19	2	1	12	25
7397	4	19	25	6	23	2	12	18	16	1	8	3	9	17	22	24	21	10	15	14	5	13	7	11	20
7398	14	17	2	7	18	8	13	5	23	12	24	22	9	19	10	3	1	4	16	6	21	15	20	11	25
7399	1	2	24	12	11	19	18	10	25	7	13	21	9	4	5	3	22	20	15	23	14	8	16	6	17
7400	16	20	12	18	23	22	19	13	9	14	7	3	5	25	6	10	4	21	8	17	11	15	1	24	2
7401	5	11	4	15	17	25	19	10	9	7	20	2	13	22	12	6	1	18	21	8	14	16	24	23	3
7402	16	25	14	19	22	9	17	15	12	23	5	1	3	18	6	24	21	7	8	2	10	20	13	4	11
7403	1	11	22	25	7	9	12	8	19	23	3	4	13	16	5	10	20	18	6	15	17	14	24	2	21
7404	6	10	15	17	22	5	24	13	12	25	1	21	9	7	2	16	8	3	11	20	19	23	18	14	4
7405	2	3	11	17	7	18	23	20	21	5	10	12	15	9	1	22	14	6	16	4	24	13	8	19	25
7406	15	22	23	12	21	4	9	24	14	11	3	19	1	16	2	25	18	6	20	7	5	10	8	13	17
7407	1	8	23	21	14	22	15	9	18	19	20	5	2	6	3	11	10	24	4	16	17	12	13	7	25
7408	9	20	5	25	6	19	15	2	12	23	13	17	1	22	3	16	7	4	10	21	24	18	14	11	8
7409	23	3	17	25	22	11	18	10	5	4	1	13	9	6	19	20	12	2	15	24	21	7	16	8	14
7410	16	10	5	23	9	6	22	1	17	24	19	20	11	8	25	12	13	3	21	15	2	4	18	7	14
7411	14	24	13	6	5	12	25	7	17	18	4	1	9	2	20	11	22	21	19	23	16	15	8	10	3
7412	22	8	1	14	18	25	7	4	9	21	16	12	10	24	20	3	5	13	15	6	11	23	17	19	2
7413	16	9	14	23	19	15	6	4	2	22	18	21	20	25	10	11	1	3	24	5	7	12	13	8	17
7414	14	23	21	12	6	18	11	7	24	1	25	17	5	3	9	20	4	13	22	16	19	10	8	15	2
7415	8	22	4	14	3	9	17	7	19	24	23	20	13	2	21	10	1	11	16	25	6	5	15	12	18
7416	6	3	16	12	8	18	22	4	15	11	23	14	20	17	13	21	7	19	5	10	1	25	9	24	2
7417	18	7	12	11	21	23	2	8	10	6	9	19	15	1	22	4	3	20	17	5	14	13	16	25	24
7418	5	2	4	23	15	13	10	20	3	24	21	6	9	12	19	25	8	11	1	22	7	14	18	16	17
7419	2	4	25	18	10	11	1	17	22	6	15	20	12	21	7	8	13	23	19	24	14	16	3	9	5
7420	22	24	5	25	10	14	2	3	13	6	23	21	12	7	19	4	11	18	9	16	1	8	20	15	17
7421	25	10	16	1	23	3	11	15	20	24	13	9	18	6	12	7	14	8	4	19	17	2	5	21	22
7422	13	3	17	15	11	14	21	2	18	23	7	25	19	4	9	10	12	20	24	5	1	8	22	16	6
7423	2	15	1	23	3	8	21	6	16	19	14	17	18	11	22	25	10	13	9	5	12	24	4	7	20
7424	6	7	14	17	5	15	8	11	3	12	10	21	24	16	20	18	1	19	25	9	4	2	22	13	23
7425	4	3	24	1	9	11	7	21	12	14	25	13	6	10	5	18	16	2	22	15	19	17	23	8	20
7426	15	3	21	9	22	19	20	2	11	23	6	12	24	4	17	18	8	1	7	14	10	13	16	5	25
7427	21	3	20	9	13	16	11	2	18	17	10	23	22	1	12	24	7	8	4	6	14	15	25	19	5
7428	10	18	19	11	8	14	4	5	2	15	16	20	17	22	6	13	25	12	23	3	9	1	7	21	24
7429	8	6	25	10	5	13	19	21	16	18	23	9	4	15	17	11	22	2	20	12	14	7	24	3	1
7430	20	9	13	12	6	22	24	11	15	14	19	25	8	18	3	21	1	7	10	17	5	23	16	4	2
7431	10	19	8	14	6	7	20	13	17	2	24	25	22	18	16	3	4	1	11	9	23	12	15	5	21
7432	5	10	6	3	16	14	11	22	2	13	17	18	1	20	4	7	9	12	21	25	8	15	24	19	23
7433	17	6	19	4	24	3	21	23	8	20	7	15	5	10	18	16	13	14	12	25	22	9	2	11	1
7434	6	15	14	8	10	22	16	5	3	4	11	19	1	9	25	21	24	23	20	17	12	18	13	2	7
7435	6	13	20	21	5	7	4	15	16	3	23	9	22	12	17	19	8	14	10	11	25	24	1	18	2
7436	19	5	22	1	10	15	25	8	17	16	14	23	12	11	20	7	2	18	21	13	9	4	24	3	6
7437	13	6	19	10	12	15	11	21	8	9	18	4	14	22	17	16	25	23	3	5	7	2	24	20	1
7438	10	17	22	14	3	23	11	8	25	5	7	12	21	13	24	4	18	1	6	16	20	19	9	2	15
7439	6	22	12	7	11	3	17	25	20	2	19	4	14	18	23	16	10	1	5	8	24	21	13	15	9
7440	16	14	9	3	2	20	18	10	11	12	8	4	19	13	23	7	21	17	25	5	15	24	22	6	1
7441	18	1	14	24	25	5	22	19	13	8	11	9	2	10	21	6	20	23	3	4	7	17	16	15	12
7442	11	4	16	22	5	25	7	9	24	21	3	19	18	1	17	20	10	13	8	6	15	14	2	12	23
7443	17	19	8	9	21	12	25	23	22	20	11	6	15	2	3	24	7	18	14	16	1	5	10	4	13
7444	3	21	13	2	18	5	4	23	22	15	7	14	16	6	12	17	8	20	10	25	9	1	19	11	24
7445	17	3	12	23	15	2	16	1	8	11	14	25	7	4	6	5	10	18	21	20	13	19	24	9	22
7446	11	18	21	25	19	8	10	16	1	5	17	22	14	6	9	7	2	12	23	24	4	15	3	20	13
7447	12	21	13	3	25	11	15	7	18	8	1	24	9	16	23	5	14	20	4	6	19	10	2	22	17
7448	2	13	10	6	4	16	11	9	3	20	21	24	1	22	15	8	19	23	7	18	17	12	25	5	14
7449	24	13	9	5	25	3	22	17	10	23	1	20	2	21	4	7	19	8	12	16	11	18	6	15	14
7450	10	15	9	19	14	21	20	16	4	1	17	6	7	23	8	3	24	22	2	18	25	11	5	13	12
7451	10	19	14	8	6	13	21	18	7	9	15	2	23	22	20	5	17	3	12	4	24	25	1	16	11
7452	25	20	18	17	13	16	19	5	15	14	21	24	9	11	4	22	7	12	8	23	6	3	2	10	1
7453	2	3	23	6	21	18	1	14	16	12	25	22	17	11	8	10	13	9	4	15	19	20	24	5	7
7454	25	21	18	7	6	22	15	4	10	20	14	9	12	3	8	1	2	24	5	17	19	11	16	23	13
7455	20	18	3	2	9	24	11	14	13	6	25	16	17	21	12	4	10	22	5	1	15	7	8	23	19
7456	10	19	3	18	24	5	16	23	11	25	7	8	17	13	12	20	14	4	2	1	22	21	6	15	9
7457	1	8	13	2	25	18	10	17	7	15	24	23	9	22	16	20	6	5	11	4	19	21	12	3	14
7458	19	25	7	11	1	17	3	24	4	6	10	23	5	2	14	8	16	22	18	20	13	12	15	9	21
7459	14	5	23	18	10	12	4	15	24	6	25	9	11	22	3	17	2	13	19	7	8	20	21	1	16
7460	8	20	14	10	21	11	1	16	18	22	19	23	9	6	3	24	12	5	15	13	7	17	2	25	4
7461	6	19	3	25	17	9	7	2	22	10	1	11	21	24	16	18	4	20	5	14	8	15	23	12	13
7462	14	2	22	8	12	4	15	25	16	13	24	10	20	21	9	18	17	5	6	19	11	23	3	1	7
7463	5	22	13	3	4	8	25	24	12	18	2	1	10	7	20	21	9	14	17	11	6	23	19	15	16
7464	14	2	9	17	22	24	25	16	5	7	18	15	3	10	11	23	8	4	1	20	21	12	13	19	6
7465	20	11	13	22	2	4	15	19	12	23	16	18	14	24	7	3	8	10	9	1	17	21	6	5	25
7466	20	24	7	6	17	11	10	9	16	13	18	1	2	15	14	5	4	25	22	23	8	3	12	21	19
7467	8	4	7	11	12	20	14	3	17	22	25	24	21	2	13	5	1	23	15	9	18	16	19	10	6
7468	15	1	17	5	16	8	2	21	13	22	14	9	6	23	25	24	4	7	3	20	18	12	19	10	11
7469	9	10	21	17	3	4	16	12	8	5	19	11	7	6	14	20	15	1	24	18	22	25	23	2	13
7470	20	12	3	8	6	23	19	2	25	22	4	18	1	14	9	5	10	24	16	13	7	15	11	21	17
7471	17	14	20	9	21	25	24	15	10	3	8	5	16	19	18	11	7	6	22	13	1	23	2	12	4
7472	24	20	17	5	25	16	6	14	18	21	23	9	1	11	13	15	12	22	7	3	8	10	4	19	2
7473	1	9	16	14	21	2	24	7	22	25	17	3	18	8	5	6	13	15	20	10	11	19	12	23	4
7474	24	20	23	7	17	10	22	6	18	3	13	15	4	16	25	9	14	1	8	21	11	12	19	5	2
7475	19	17	23	20	13	2	11	14	9	12	24	8	3	22	5	6	4	16	15	10	21	1	7	18	25
7476	16	20	23	6	8	21	11	13	24	22	7	17	15	12	5	10	18	14	4	2	19	1	9	25	3
7477	8	3	11	20	15	14	5	16	12	13	21	2	1	22	9	19	23	7	24	4	18	25	17	10	6
7478	21	10	4	18	2	15	20	12	11	1	8	14	17	16	24	6	13	19	5	7	23	25	3	22	9
7479	6	12	23	1	16	22	14	24	10	2	17	19	20	5	11	4	13	7	21	8	9	25	15	18	3
7480	16	21	3	17	4	9	18	25	1	7	19	14	10	6	12	11	22	8	13	20	15	5	23	2	24
7481	23	24	13	14	5	10	21	6	1	22	25	3	4	15	7	2	8	18	17	11	16	20	9	19	12
7482	7	3	20	8	9	12	14	11	10	23	2	19	5	24	17	6	16	18	13	1	25	4	21	22	15
7483	1	19	3	9	7	21	24	11	17	4	6	16	23	14	12	20	15	8	13	22	18	2	10	5	25
7484	7	19	14	12	17	5	20	15	1	2	3	10	23	8	9	6	18	4	24	16	13	25	11	22	21
7485	10	19	11	23	12	15	16	6	22	1	13	17	25	3	18	2	14	20	21	7	4	8	5	9	24
7486	2	7	17	24	12	6	23	22	19	11	18	1	25	13	5	20	16	8	21	4	15	3	10	9	14
7487	1	8	10	7	11	17	16	12	13	24	22	4	3	18	14	5	6	20	25	23	2	9	21	19	15
7488	11	20	3	15	12	22	24	17	16	10	25	14	13	2	5	4	19	18	7	21	1	23	6	8	9
7489	17	25	22	6	8	7	1	20	23	14	4	11	24	19	10	12	5	18	16	13	9	15	21	3	2
7490	15	23	1	7	14	4	24	22	20	3	21	11	10	5	8	18	19	9	13	12	17	6	2	25	16
7491	13	14	15	3	20	9	2	8	1	24	4	19	18	12	23	25	11	10	17	6	5	21	7	16	22
7492	14	5	19	11	20	9	13	6	22	2	4	23	12	10	24	16	1	7	25	8	17	18	21	15	3
7493	6	17	22	21	3	20	12	18	16	5	11	13	23	7	14	8	25	2	10	1	19	24	4	9	15
7494	5	3	24	25	17	2	6	18	15	22	19	14	21	23	20	16	7	11	9	13	10	1	8	4	12
7495	1	16	25	8	4	3	12	13	9	7	10	17	24	2	19	20	15	23	6	21	22	14	5	18	11
7496	18	5	6	24	17	16	7	4	20	3	19	21	11	13	25	23	10	1	8	9	15	14	12	22	2
7497	4	10	13	20	9	19	1	11	25	2	15	21	17	6	22	18	16	3	14	7	24	12	8	23	5
7498	17	13	12	7	1	20	6	15	10	9	16	19	25	23	18	14	5	8	3	11	2	21	22	4	24
7499	24	22	21	7	1	5	19	11	3	6	25	10	16	15	12	20	4	14	8	17	2	23	18	9	13
7500	6	24	16	22	21	14	17	20	13	11	3	8	5	1	9	25	10	15	12	23	7	18	19	4	2
7501	2	4	14	24	15	16	5	9	3	18	8	21	1	7	12	25	22	10	23	17	19	13	6	11	20
7502	7	16	4	21	24	13	23	1	6	22	20	2	18	11	14	15	10	12	3	17	5	8	19	25	9
7503	23	14	20	3	5	8	25	16	2	4	24	1	18	12	10	13	15	21	22	19	11	9	6	7	17
7504	15	22	12	14	13	20	10	18	16	17	1	6	23	8	9	11	19	21	4	2	24	7	25	3	5
7505	20	9	2	3	19	4	11	13	8	22	10	23	25	1	14	24	18	5	21	7	17	12	6	16	15
7506	14	1	6	20	7	11	15	4	16	13	23	5	25	21	17	2	18	10	22	12	19	3	9	24	8
7507	25	15	6	10	2	20	3	4	9	23	7	18	17	19	24	22	21	12	13	5	16	1	11	8	14
7508	4	7	5	20	24	16	3	21	19	11	18	13	2	17	15	22	12	9	6	10	14	23	8	25	1
7509	21	22	9	8	11	1	24	18	4	14	19	5	2	12	6	16	13	10	25	15	17	23	7	20	3
7510	25	4	19	22	3	18	17	6	7	12	16	14	9	15	5	24	20	23	8	13	10	2	21	1	11
7511	19	12	6	15	3	7	25	10	9	18	2	24	4	23	17	22	8	14	11	5	13	21	20	16	1
7512	8	14	25	10	9	17	22	20	16	12	7	6	2	21	19	18	24	15	5	3	1	13	4	11	23
7513	16	22	21	5	13	8	23	11	20	19	14	18	17	2	24	25	10	6	15	7	12	3	1	4	9
7514	7	12	10	18	9	11	1	25	2	4	19	5	3	15	24	16	8	23	20	22	17	21	14	13	6
7515	13	6	23	3	17	16	24	19	7	18	15	9	1	5	22	11	20	21	4	2	14	12	10	8	25
7516	12	5	19	4	2	20	7	6	10	18	8	16	23	25	15	14	21	17	3	22	1	24	11	9	13
7517	5	19	22	1	23	18	25	3	24	20	2	11	4	17	8	7	10	15	9	6	14	21	16	12	13
7518	23	21	14	5	8	6	18	1	20	7	10	16	25	3	9	2	11	19	4	12	24	22	13	15	17
7519	20	18	1	15	9	10	22	13	14	3	21	7	4	25	23	19	5	2	8	24	12	17	16	11	6
7520	20	16	7	14	24	21	1	13	25	19	6	12	11	15	9	10	4	3	22	23	17	8	5	2	18
7521	5	8	1	7	24	17	13	6	16	3	22	25	4	9	12	14	11	21	20	18	19	2	15	10	23
7522	1	16	22	21	5	4	6	8	2	15	9	13	7	25	19	17	24	18	3	20	10	12	23	14	11
7523	3	10	4	2	18	7	11	24	1	23	9	25	6	12	21	17	5	22	8	14	20	13	19	15	16
7524	13	3	17	9	21	2	16	6	20	18	11	24	19	5	25	14	10	22	7	12	1	4	23	15	8
7525	12	2	15	19	5	4	25	22	3	9	11	24	13	21	14	18	17	10	6	20	8	7	1	23	16
7526	21	2	20	11	6	25	7	14	5	22	24	15	8	10	9	12	16	23	18	13	1	4	19	3	17
7527	19	22	17	14	24	9	2	20	3	21	6	1	15	25	5	11	7	8	4	16	23	12	13	18	10
7528	6	3	7	2	22	5	16	19	21	24	9	14	17	15	13	4	12	23	10	8	11	1	20	25	18
7529	14	16	15	3	17	9	10	1	21	4	13	12	11	20	8	24	7	5	18	19	23	22	25	2	6
7530	12	23	5	11	18	8	2	15	1	19	22	6	25	4	21	3	13	9	14	24	16	20	7	10	17
7531	3	25	14	12	2	9	15	18	1	13	24	21	8	11	22	23	6	19	10	5	16	20	7	4	17
7532	5	4	15	22	3	8	9	10	11	20	14	21	25	13	19	6	24	1	17	12	18	16	23	2	7
7533	1	22	25	17	9	12	4	8	23	2	15	11	19	13	21	14	16	10	20	6	18	24	7	3	5
7534	7	1	10	12	6	3	18	2	4	17	8	22	20	21	13	24	14	23	19	25	16	11	15	9	5
7535	23	20	12	14	1	11	10	4	22	9	8	21	7	13	19	16	2	5	6	15	24	18	3	17	25
7536	4	22	7	2	16	12	19	11	14	25	20	8	5	15	17	24	23	6	3	1	18	21	13	10	9
7537	20	5	23	6	15	22	14	7	13	2	11	17	8	10	9	19	25	3	1	4	16	18	21	24	12
7538	23	2	20	3	8	9	22	1	12	21	16	24	19	5	4	10	18	11	25	13	7	14	17	15	6
7539	1	14	20	24	12	22	17	23	15	8	18	21	6	16	4	10	5	13	25	19	2	3	9	11	7
7540	11	10	16	21	4	1	17	14	22	12	3	24	5	23	18	8	25	6	2	9	19	20	15	7	13
7541	11	21	10	3	20	17	12	8	6	2	22	1	9	13	25	4	15	14	23	24	16	19	18	7	5
7542	9	17	13	5	19	8	18	20	15	22	24	16	4	21	12	23	2	14	10	6	11	1	3	7	25
7543	16	10	23	3	14	5	12	18	22	11	19	20	15	7	1	9	8	24	13	21	25	17	4	6	2
7544	24	22	7	2	9	4	25	16	1	5	21	15	14	17	23	13	12	8	20	18	11	3	19	6	10
7545	25	17	6	3	16	12	5	1	23	14	15	21	24	13	9	19	4	2	8	10	18	7	11	22	20
7546	18	5	7	8	10	4	2	1	16	20	13	19	22	25	6	21	3	11	12	9	23	17	14	24	15
7547	20	2	15	12	6	9	14	13	23	25	21	22	19	18	7	5	3	16	1	8	24	4	10	11	17
7548	22	12	17	1	9	13	20	7	5	16	4	25	21	15	8	23	14	6	10	2	3	24	18	11	19
7549	7	5	8	20	4	13	18	23	17	12	11	22	19	15	9	3	2	10	6	14	24	16	1	25	21
7550	25	8	5	4	6	22	18	14	3	15	13	9	17	11	21	10	19	2	24	23	12	20	16	7	1
7551	13	15	3	8	14	16	1	25	22	18	6	19	24	11	2	9	7	17	5	12	23	20	4	10	21
7552	19	9	3	13	1	17	20	22	8	7	5	14	24	10	11	6	18	25	23	12	15	2	4	16	21
7553	1	6	2	5	21	25	11	22	24	10	15	16	7	3	18	14	4	23	9	12	8	20	19	17	13
7554	6	23	24	11	22	14	2	20	10	19	21	15	7	16	25	4	8	5	3	12	17	1	13	9	18
7555	3	2	14	6	22	9	4	10	16	25	8	23	21	17	13	24	7	19	12	5	18	11	20	15	1
7556	3	5	24	8	23	4	15	1	2	7	13	6	22	11	16	12	14	25	21	18	20	10	9	19	17
7557	13	4	22	17	6	3	9	15	24	21	12	14	7	10	16	18	25	20	1	11	2	5	23	8	19
7558	4	5	13	16	8	2	21	15	7	20	17	6	23	22	10	1	18	3	11	24	9	14	12	25	19
7559	16	1	13	21	8	24	18	22	12	23	15	4	14	6	7	9	5	19	25	3	17	10	20	2	11
7560	17	4	22	10	8	14	6	2	18	19	3	20	5	13	15	11	16	9	24	21	12	1	7	25	23
7561	12	16	4	6	18	10	5	23	15	1	8	25	24	14	21	19	22	7	13	17	20	11	2	9	3
7562	20	8	22	7	2	17	12	21	9	19	13	14	15	6	5	11	3	4	1	25	10	23	24	18	16
7563	15	2	8	16	25	7	9	13	14	18	3	11	23	12	21	6	5	24	17	1	19	4	10	20	22
7564	8	24	16	22	17	12	21	11	7	19	25	6	3	2	5	9	14	20	10	18	13	4	15	1	23
7565	6	3	19	9	24	4	17	14	1	11	21	16	10	13	5	7	2	22	25	15	23	12	8	18	20
7566	6	23	17	19	7	11	8	5	14	1	9	25	16	12	13	21	3	4	10	20	24	15	2	22	18
7567	22	25	6	24	7	15	4	17	12	19	3	18	2	1	5	20	11	8	9	10	13	14	23	21	16
7568	2	22	11	18	20	19	16	21	17	9	3	25	14	8	10	1	6	23	5	13	12	4	15	7	24
7569	17	11	14	15	1	7	24	4	18	22	25	21	10	6	5	9	20	16	23	19	13	12	2	8	3
7570	12	10	6	25	8	1	17	7	24	19	15	3	13	5	18	20	9	11	14	2	4	21	16	22	23
7571	24	7	12	11	6	19	8	23	13	14	10	20	9	16	22	15	3	1	21	25	2	17	18	4	5
7572	24	9	2	21	11	8	22	10	15	13	4	5	3	14	19	17	18	23	6	12	7	25	16	20	1
7573	9	10	2	22	17	4	15	13	8	24	5	25	7	20	12	6	19	14	21	16	3	23	1	18	11
7574	16	7	19	2	12	4	10	6	25	14	18	11	3	24	22	1	23	9	17	20	13	8	21	15	5
7575	10	22	5	14	20	24	1	25	9	3	12	13	6	11	2	23	7	16	21	15	8	17	18	19	4
7576	18	24	23	8	25	6	4	21	5	12	1	14	22	20	3	10	9	16	2	7	19	13	15	11	17
7577	5	18	14	17	22	3	10	6	25	7	1	13	4	11	16	21	8	2	15	9	19	12	24	23	20
7578	16	3	10	15	4	22	18	20	25	8	19	9	21	6	1	24	12	11	5	2	7	14	13	17	23
7579	1	6	14	18	12	22	15	8	3	2	24	17	20	16	25	13	9	7	21	5	10	19	4	11	23
7580	2	17	23	24	16	7	25	20	12	10	5	14	9	13	3	18	4	8	22	19	15	21	1	11	6
7581	18	21	2	3	15	5	17	8	7	4	9	1	6	13	22	19	10	24	20	16	12	11	14	25	23
7582	4	21	17	2	5	18	12	7	19	15	3	22	9	13	25	14	11	10	20	23	8	16	6	24	1
7583	12	25	4	14	17	20	13	3	16	10	24	1	5	22	8	19	23	9	6	7	18	11	21	15	2
7584	5	12	2	11	21	14	6	9	1	7	25	16	10	23	18	24	3	17	22	15	4	19	13	8	20
7585	16	9	5	4	19	24	25	13	14	7	11	6	15	2	21	17	22	1	3	23	10	12	18	20	8
7586	20	11	3	21	22	10	16	2	7	19	18	9	8	13	12	14	25	6	4	23	1	17	15	24	5
7587	9	5	21	17	11	16	7	10	12	14	2	25	18	4	23	1	22	19	15	24	20	3	8	6	13
7588	2	15	8	11	23	22	24	5	3	6	12	16	10	14	13	18	25	20	7	19	9	4	21	1	17
7589	15	16	6	18	23	5	9	17	13	4	22	1	14	19	10	3	12	25	24	11	8	2	21	20	7
7590	23	3	8	6	18	7	2	11	1	9	4	13	20	19	10	5	14	12	15	16	21	17	22	24	25
7591	24	20	23	2	25	8	11	5	17	10	16	14	21	12	18	1	19	3	4	9	22	13	6	15	7
7592	10	2	16	25	24	8	1	7	12	19	11	15	3	13	20	9	14	6	23	4	22	21	18	5	17
7593	10	8	15	2	1	4	9	19	7	5	12	18	14	20	24	22	11	3	17	16	21	25	6	13	23
7594	17	23	14	5	7	21	12	13	1	22	8	16	11	18	3	19	10	2	15	20	4	9	6	25	24
7595	2	20	12	4	21	1	10	6	19	3	15	18	13	5	17	24	16	14	23	11	25	8	7	22	9
7596	22	17	21	16	8	11	24	7	6	18	23	10	2	25	12	20	5	4	1	15	9	13	19	3	14
7597	8	18	19	2	16	11	1	25	17	3	13	23	20	21	15	7	6	12	24	14	10	9	4	5	22
7598	5	12	21	14	8	20	19	17	15	2	24	25	22	7	10	23	3	13	18	4	16	1	11	9	6
7599	21	6	15	2	4	23	1	20	25	9	22	19	13	11	7	5	18	17	24	12	16	3	8	14	10
7600	11	19	18	4	15	14	22	16	9	21	12	10	25	1	8	13	24	5	3	7	6	23	20	17	2
7601	23	18	9	16	4	8	13	25	3	22	2	21	17	19	1	11	24	14	6	15	12	5	20	7	10
7602	19	8	17	13	1	11	16	15	9	7	10	18	4	22	3	20	6	14	25	12	21	23	24	5	2
7603	6	1	18	10	16	23	8	22	25	5	19	3	13	11	17	2	9	12	7	20	24	14	15	21	4
7604	10	20	18	13	7	14	24	3	21	8	9	4	11	22	17	15	12	1	19	5	23	16	25	2	6
7605	3	21	24	13	15	2	5	12	18	9	6	17	10	19	7	23	22	20	11	14	8	1	4	25	16
7606	23	10	22	7	12	25	3	11	19	15	21	8	9	4	20	16	24	5	13	1	14	2	6	18	17
7607	6	5	13	15	25	11	1	19	7	24	8	17	3	9	4	12	23	14	10	16	21	20	2	18	22
7608	22	16	7	4	3	25	1	14	18	24	23	2	20	6	15	13	8	17	9	11	19	10	21	5	12
7609	25	14	18	15	7	20	24	10	21	12	3	13	16	2	23	19	11	8	5	1	9	6	22	17	4
7610	1	3	14	20	16	21	24	25	22	13	19	18	12	7	8	4	6	15	9	23	11	2	10	5	17
7611	8	2	14	24	18	9	15	19	20	7	4	25	10	21	3	17	11	5	23	16	1	22	13	6	12
7612	15	9	8	24	7	4	22	2	20	3	16	14	10	17	25	21	1	13	12	6	23	19	5	18	11
7613	25	4	24	17	15	1	6	7	11	23	12	8	18	2	16	9	21	10	22	14	13	20	3	19	5
7614	17	4	23	13	9	5	18	15	1	12	24	10	20	21	6	25	7	22	11	14	8	19	2	16	3
7615	19	7	18	12	8	24	4	5	11	9	13	1	20	3	10	14	21	25	6	15	23	17	22	2	16
7616	18	24	17	3	25	8	20	15	12	4	21	23	2	7	1	5	16	13	10	14	22	9	19	6	11
7617	4	6	25	20	14	17	5	12	23	8	22	7	11	13	24	9	3	15	16	21	1	19	10	18	2
7618	14	22	18	17	21	4	2	5	1	23	16	15	8	19	6	3	24	9	25	7	12	20	13	11	10
7619	4	10	20	9	3	15	8	18	24	6	2	1	5	16	17	13	12	25	21	22	14	11	19	23	7
7620	4	8	11	17	2	3	9	21	25	12	16	22	6	1	24	20	15	10	23	5	19	7	13	14	18
7621	15	18	3	23	13	1	12	24	14	16	10	5	7	21	2	4	20	6	22	9	17	25	11	19	8
7622	12	24	3	18	15	1	21	9	22	17	13	2	8	10	23	19	5	11	14	20	4	7	25	6	16
7623	19	18	12	7	4	5	1	15	3	10	23	6	20	25	11	17	14	16	13	22	9	2	24	21	8
7624	9	19	4	2	18	10	21	11	12	24	17	1	8	5	14	6	3	16	22	7	13	25	23	20	15
7625	12	11	20	3	10	5	18	13	22	7	19	2	8	21	16	4	24	14	15	9	6	1	23	25	17
7626	2	21	9	5	17	25	11	12	18	19	20	10	16	1	22	15	6	24	3	23	4	8	13	7	14
7627	3	15	9	2	18	22	16	10	23	17	24	25	19	7	5	21	13	4	1	6	20	14	8	12	11
7628	11	10	9	1	23	6	21	18	2	13	15	25	5	16	17	20	22	24	12	14	19	8	4	3	7
7629	9	16	6	23	15	10	12	25	4	14	8	24	13	17	21	20	19	11	7	18	2	22	3	1	5
7630	12	6	10	24	25	1	19	15	16	2	7	18	21	5	8	20	4	14	17	9	3	23	13	22	11
7631	21	24	5	23	2	6	17	9	22	14	16	1	8	13	3	18	19	12	4	25	7	10	15	20	11
7632	10	12	3	17	2	18	21	7	8	6	4	1	11	24	13	25	5	15	14	22	20	23	9	16	19
7633	16	9	17	25	5	23	6	10	14	22	8	21	7	19	4	18	11	2	13	24	3	1	15	20	12
7634	11	7	24	1	20	3	12	13	4	21	8	5	10	23	18	2	25	17	6	22	19	15	9	16	14
7635	2	22	20	21	24	14	17	12	25	18	16	23	11	9	1	15	3	19	7	13	5	10	8	4	6
7636	8	3	16	25	22	24	17	12	1	11	7	23	5	2	9	13	20	21	14	18	19	4	15	10	6
7637	5	25	11	19	23	14	21	2	15	8	24	16	12	22	6	17	1	10	3	20	4	7	9	13	18
7638	4	5	21	25	13	10	2	1	15	8	24	20	14	16	17	3	11	6	19	18	9	12	22	23	7
7639	16	20	11	22	23	14	25	13	4	19	12	1	10	2	8	18	21	24	3	6	17	15	7	9	5
7640	7	25	2	22	6	3	15	13	16	11	9	21	17	23	12	20	24	14	4	1	8	10	19	5	18
7641	5	16	18	22	15	17	25	10	3	14	19	12	2	23	24	4	8	20	1	9	21	7	6	11	13
7642	15	13	19	3	10	2	6	16	20	5	12	4	21	14	25	9	24	7	1	8	11	18	22	23	17
7643	2	3	23	25	5	12	10	21	22	8	14	9	11	1	7	16	19	18	17	20	6	15	13	24	4
7644	19	20	2	13	5	6	1	8	16	12	11	24	15	17	7	10	4	9	21	18	22	23	3	25	14
7645	12	23	9	3	25	1	14	15	13	24	6	10	21	16	2	11	5	19	20	7	8	22	4	17	18
7646	6	25	12	1	8	21	11	7	14	17	23	3	9	16	19	20	10	15	24	22	5	18	13	4	2
7647	13	1	19	5	16	7	11	22	20	6	24	2	3	9	23	18	15	21	25	8	17	4	12	14	10
7648	5	3	9	7	6	12	10	23	2	17	16	15	22	1	14	24	11	19	4	20	25	21	18	8	13
7649	15	3	6	22	23	19	7	18	21	9	25	1	14	17	4	20	12	16	24	10	13	5	8	11	2
7650	1	19	9	13	23	18	8	22	6	25	16	3	2	15	14	20	11	5	24	21	7	17	4	10	12
7651	24	13	2	12	25	18	17	3	15	8	19	4	22	5	11	23	10	14	9	1	6	20	21	7	16
7652	24	8	14	4	6	23	20	17	12	19	13	18	15	5	16	21	3	1	10	22	9	25	11	7	2
7653	19	16	13	20	17	18	11	5	22	23	21	7	6	8	14	2	24	3	4	10	12	1	9	15	25
7654	14	17	10	15	19	24	5	22	16	6	12	25	4	3	13	8	11	7	23	18	1	2	21	9	20
7655	11	9	16	13	8	1	10	3	15	22	19	17	24	14	6	25	20	5	4	7	12	2	23	18	21
7656	5	22	1	3	25	14	12	9	17	11	13	18	7	21	20	23	15	2	16	6	10	19	24	8	4
7657	11	3	22	24	5	16	8	7	6	14	17	13	25	15	23	4	19	12	10	20	1	21	9	2	18
7658	8	18	3	17	23	7	14	24	16	1	20	22	10	21	19	11	5	9	12	25	13	2	4	15	6
7659	10	21	16	5	6	9	8	12	1	2	3	4	13	17	19	25	18	22	11	23	24	20	15	7	14
7660	25	24	19	11	2	10	9	4	16	22	23	18	17	20	5	8	1	15	6	3	13	12	7	21	14
7661	9	23	22	3	15	24	11	21	18	14	19	12	1	4	2	10	16	13	17	8	6	20	5	7	25
7662	16	6	3	18	8	10	15	4	7	11	22	14	24	5	19	12	20	9	23	2	25	13	17	21	1
7663	11	19	16	22	1	7	3	8	13	14	12	2	18	20	25	5	6	17	23	24	10	9	15	4	21
7664	21	24	1	16	15	12	18	19	2	4	5	22	20	6	8	13	14	11	9	3	10	7	25	23	17
7665	16	2	12	1	20	7	9	24	18	4	23	22	19	8	21	14	15	3	5	11	25	13	17	6	10
7666	17	12	7	21	11	22	3	9	15	16	10	24	13	5	14	18	8	19	1	20	6	4	23	25	2
7667	11	15	23	16	14	12	9	22	10	5	19	1	13	6	7	4	8	24	2	21	17	25	20	18	3
7668	24	8	7	19	18	10	1	9	20	13	11	16	17	3	23	12	4	6	21	2	25	14	5	22	15
7669	8	16	11	18	19	12	15	21	10	1	9	2	5	7	3	6	24	22	25	17	4	20	23	13	14
7670	3	18	13	2	19	21	6	16	4	22	25	14	17	9	20	5	7	8	11	10	1	15	12	23	24
7671	16	3	17	2	20	14	18	7	12	9	25	11	24	15	10	22	8	6	21	4	1	5	23	13	19
7672	3	14	19	25	8	5	24	12	6	17	10	20	22	23	7	13	1	11	2	9	4	16	18	21	15
7673	2	16	17	13	1	5	12	8	20	18	9	24	3	10	21	22	4	6	14	23	15	7	25	19	11
7674	24	1	7	10	14	4	17	6	13	5	18	3	2	8	15	11	12	23	9	20	19	22	21	16	25
7675	2	14	10	18	1	3	20	19	24	25	15	7	9	21	16	23	22	5	17	4	13	8	11	12	6
7676	6	17	5	16	9	24	23	13	8	12	10	4	22	25	18	11	2	21	19	20	15	1	3	7	14
7677	3	20	1	5	10	12	4	16	19	6	13	11	21	22	23	8	18	2	7	24	15	9	17	25	14
7678	10	5	11	13	23	3	17	20	21	15	4	6	9	25	14	8	7	2	22	12	24	1	19	18	16
7679	25	7	12	11	10	6	5	2	23	3	17	14	13	15	24	8	1	20	21	18	22	19	9	16	4
7680	20	18	4	7	22	10	23	12	11	17	19	16	6	21	2	13	25	9	14	15	8	1	5	3	24
7681	16	24	1	17	7	20	13	10	3	15	2	4	12	9	21	5	14	8	22	19	6	23	11	18	25
7682	9	15	23	20	1	18	5	19	24	14	4	10	3	22	16	8	2	6	11	12	21	7	17	13	25
7683	1	14	2	18	17	10	13	6	22	7	20	19	3	15	5	23	16	21	8	25	12	9	4	11	24
7684	20	17	19	25	15	3	6	9	18	7	13	10	2	8	12	11	5	21	14	22	4	1	24	16	23
7685	20	9	15	25	1	22	3	19	13	7	21	5	17	18	23	11	6	16	4	10	24	8	2	14	12
7686	23	15	2	21	19	17	8	22	10	9	24	14	4	20	25	7	13	11	5	18	1	6	3	12	16
7687	2	16	14	19	7	17	15	13	6	22	10	21	20	1	12	5	4	3	24	18	9	23	8	25	11
7688	10	5	7	2	15	1	23	19	14	12	9	3	6	11	17	4	8	21	24	20	16	25	18	13	22
7689	22	13	9	1	23	7	17	2	16	19	25	18	10	14	24	8	11	12	6	4	20	21	3	15	5
7690	15	3	8	2	20	1	5	12	6	17	22	11	9	19	13	24	10	25	18	7	21	23	16	4	14
7691	25	3	23	12	14	24	15	7	4	20	18	1	21	10	2	9	13	17	6	16	19	11	8	22	5
7692	21	13	7	22	10	5	9	2	16	1	17	12	11	4	18	6	23	8	14	19	15	20	25	24	3
7693	21	4	1	7	9	11	3	18	20	25	2	17	12	23	5	24	8	13	22	6	15	19	16	14	10
7694	9	3	24	20	2	7	18	5	21	6	19	22	14	13	12	10	11	8	16	15	23	25	1	4	17
7695	11	14	20	2	23	19	13	6	1	10	3	22	9	21	25	16	12	15	7	18	5	8	24	17	4
7696	25	23	17	12	14	18	7	1	9	8	19	16	15	24	10	20	5	4	13	3	6	22	2	11	21
7697	5	14	7	16	6	23	11	17	18	13	1	21	9	8	12	19	25	10	3	22	4	24	15	20	2
7698	24	7	16	8	15	6	21	23	10	3	1	19	5	14	2	25	9	22	13	12	4	20	17	18	11
7699	11	13	18	3	20	21	5	16	12	9	14	25	24	17	7	22	23	1	8	4	2	19	15	10	6
7700	12	15	5	25	21	6	13	24	4	11	1	20	3	19	14	16	7	10	23	17	18	2	8	22	9
7701	10	17	20	16	18	1	7	2	13	8	23	5	21	15	12	6	24	4	19	3	25	22	9	11	14
7702	11	14	4	22	6	24	8	3	9	1	17	16	2	23	18	7	15	20	25	5	21	10	12	19	13
7703	10	25	13	15	6	21	22	4	16	18	17	20	14	11	1	12	24	7	5	3	9	19	23	2	8
7704	4	23	22	12	11	18	15	13	1	7	16	14	6	2	19	3	25	10	21	8	9	24	5	17	20
7705	9	21	23	7	16	3	24	10	14	18	12	19	25	8	15	17	1	20	6	11	13	5	22	4	2
7706	10	9	4	2	22	13	18	14	21	7	25	1	3	20	16	19	8	24	6	23	17	5	15	12	11
7707	21	20	19	7	13	17	2	23	15	25	12	3	22	8	6	5	16	9	14	11	18	1	4	10	24
7708	3	22	7	19	23	1	10	13	25	21	9	12	11	2	14	5	8	17	20	16	24	18	4	15	6
7709	4	22	17	21	3	25	14	13	24	8	7	11	9	1	19	12	18	16	6	5	15	20	23	2	10
7710	21	3	9	7	6	14	10	25	11	20	5	12	2	16	23	8	24	17	1	19	13	15	22	18	4
7711	5	4	14	8	2	18	22	13	25	24	7	12	3	16	9	15	10	17	1	23	19	11	20	21	6
7712	21	1	20	22	10	3	25	14	13	16	6	24	17	15	7	19	5	12	18	9	8	23	11	2	4
7713	8	21	17	9	23	14	10	3	12	6	1	24	16	18	7	11	22	13	25	2	19	15	5	20	4
7714	11	1	7	13	17	9	6	3	14	23	4	15	16	22	2	10	18	20	5	8	24	12	21	19	25
7715	17	14	23	1	12	13	10	4	6	19	22	21	24	5	8	18	20	3	7	11	9	16	2	25	15
7716	8	17	3	18	15	14	10	22	6	5	9	4	20	7	1	13	11	23	21	19	2	25	24	16	12
7717	11	24	22	18	14	10	3	5	9	1	19	7	17	25	8	16	4	12	6	13	21	23	20	2	15
7718	12	8	23	18	6	3	7	14	1	9	24	15	2	13	16	22	4	20	19	5	10	25	21	11	17
7719	18	2	15	11	20	16	24	25	1	17	23	9	14	13	4	21	10	7	3	6	19	22	12	8	5
7720	22	3	16	21	2	24	7	23	6	20	9	12	14	17	10	5	1	8	19	13	15	4	25	11	18
7721	25	19	10	21	23	18	12	15	4	24	1	11	9	13	17	7	8	2	6	22	5	16	20	14	3
7722	25	24	5	13	3	7	18	14	21	4	11	8	12	1	17	6	2	19	10	9	23	20	22	15	16
7723	23	21	14	8	9	13	24	6	1	11	4	25	18	10	3	5	22	7	20	19	12	16	15	2	17
7724	8	4	19	22	14	16	12	10	24	9	21	17	18	25	3	23	13	7	20	1	15	2	6	11	5
7725	18	23	12	11	24	15	10	19	14	4	16	13	5	17	25	2	8	21	22	9	1	20	6	7	3
7726	21	12	16	2	3	19	10	13	17	22	4	20	24	14	1	11	25	7	15	6	5	9	8	23	18
7727	9	15	11	22	10	2	3	7	17	4	16	8	20	23	13	14	18	25	6	1	12	24	5	21	19
7728	11	6	3	25	4	5	2	12	21	10	15	14	16	1	9	23	22	19	20	17	13	8	7	18	24
7729	2	15	18	13	21	24	3	14	19	1	5	6	25	16	10	12	4	9	11	20	8	7	23	22	17
7730	5	19	10	3	17	15	18	24	8	12	6	9	21	14	1	2	20	13	11	25	7	22	23	16	4
7731	6	20	23	4	7	25	10	11	12	1	9	24	5	15	19	21	13	3	8	2	16	18	17	14	22
7732	24	21	22	8	3	23	15	17	11	2	9	10	19	16	12	6	20	4	7	14	25	1	18	13	5
7733	6	1	21	9	19	13	18	5	23	10	17	14	12	25	20	3	7	22	16	24	4	8	11	2	15
7734	16	17	12	1	23	6	3	7	20	13	15	8	25	22	19	24	9	2	21	4	11	10	18	14	5
7735	6	16	14	9	17	12	18	20	13	15	4	23	22	7	25	19	5	2	1	24	11	8	10	3	21
7736	1	22	2	11	12	3	18	23	14	9	15	4	8	17	21	13	7	6	16	24	10	19	25	5	20
7737	10	6	9	12	21	23	24	2	14	25	8	15	19	22	7	5	17	16	3	13	18	11	4	20	1
7738	4	15	2	14	8	7	23	9	3	16	19	1	10	21	24	17	12	6	5	13	22	18	20	25	11
7739	12	24	7	23	10	17	18	11	4	9	6	3	20	2	5	14	13	25	1	15	8	19	16	21	22
7740	4	11	13	17	10	1	21	22	2	24	9	14	12	18	20	7	8	3	16	25	5	19	15	23	6
7741	19	21	10	4	14	24	25	18	7	5	16	13	3	9	1	11	15	23	8	12	17	20	22	2	6
7742	7	8	11	6	14	9	12	23	21	15	1	17	22	4	19	20	10	25	18	24	3	5	13	2	16
7743	17	25	6	9	22	16	15	1	4	20	23	8	10	19	14	2	21	12	18	11	24	3	13	7	5
7744	14	24	25	19	6	1	9	4	8	7	23	20	11	13	22	2	12	16	5	17	15	18	10	3	21
7745	5	22	23	4	6	16	3	1	7	12	24	8	9	2	19	18	13	21	17	15	11	25	14	10	20
7746	3	6	19	1	5	25	7	24	17	2	11	21	20	10	16	13	15	18	22	9	14	12	23	4	8
7747	12	4	16	5	7	11	22	3	14	19	21	6	9	23	1	8	15	17	20	25	24	2	13	18	10
7748	2	17	9	16	21	24	6	23	15	25	18	14	19	7	13	5	8	22	4	3	1	12	11	20	10
7749	16	20	24	4	18	22	10	21	7	8	25	23	13	6	15	2	1	19	5	3	14	17	11	9	12
7750	22	16	1	7	23	15	20	19	9	18	4	11	24	10	12	2	21	3	14	8	25	6	17	13	5
7751	19	18	5	21	4	22	3	12	23	8	24	13	1	9	20	17	15	6	10	7	25	14	2	16	11
7752	12	13	1	10	4	19	2	22	20	9	14	18	8	17	6	3	5	21	25	11	23	24	16	7	15
7753	2	11	19	4	21	18	6	3	20	9	12	10	1	24	15	16	17	23	22	14	5	13	7	25	8
7754	14	15	2	10	18	23	25	16	8	17	24	3	22	21	20	19	13	11	7	1	6	5	12	4	9
7755	3	5	22	23	24	25	21	4	20	8	13	7	14	12	9	10	17	2	6	19	18	16	1	15	11
7756	4	22	11	24	14	3	17	16	6	25	5	19	13	10	23	18	7	2	20	9	8	12	15	21	1
7757	6	17	2	3	7	24	1	16	15	22	4	8	12	9	11	23	18	13	14	10	21	5	25	19	20
7758	25	17	18	21	5	11	8	1	2	6	7	10	4	3	16	19	15	12	14	9	24	22	20	23	13
7759	5	6	2	12	9	1	3	18	21	23	25	8	7	14	20	16	13	17	19	10	24	11	15	4	22
7760	9	1	24	11	22	13	25	16	21	15	4	12	3	5	23	14	7	18	2	17	20	6	10	8	19
7761	8	19	16	2	22	3	25	20	14	18	4	5	15	21	11	7	17	10	6	13	1	12	9	23	24
7762	1	22	25	23	7	9	8	18	5	10	17	12	14	20	11	3	24	15	13	19	6	4	16	2	21
7763	4	21	25	8	11	7	2	16	10	18	14	20	15	12	22	1	5	6	24	19	9	23	3	13	17
7764	23	8	13	10	6	14	2	5	24	15	19	3	17	12	4	18	25	20	9	21	1	22	16	11	7
7765	12	17	14	11	24	5	22	15	21	23	10	16	9	4	18	20	8	3	7	19	6	1	25	2	13
7766	23	19	5	7	17	11	21	9	1	16	24	13	4	18	14	12	3	8	25	20	15	22	10	6	2
7767	14	25	18	13	8	20	3	24	19	12	22	2	21	15	4	23	10	7	11	9	6	1	17	5	16
7768	21	20	2	19	22	1	8	3	17	7	12	25	5	24	18	6	9	4	11	13	16	14	15	23	10
7769	20	17	8	16	2	11	3	21	18	25	22	4	9	10	15	23	1	5	14	6	7	13	12	24	19
7770	22	14	15	16	7	1	4	9	19	20	23	10	2	24	17	8	6	5	12	25	21	11	18	3	13
7771	3	7	14	4	1	5	10	12	15	13	8	19	20	2	21	11	25	16	23	9	18	17	22	24	6
7772	4	3	16	23	14	17	13	20	8	19	7	21	25	6	1	24	11	22	2	12	15	5	18	9	10
7773	12	23	4	22	8	21	11	18	13	14	3	7	25	6	20	16	24	1	19	17	2	15	5	10	9
7774	5	22	17	12	13	9	10	15	14	3	7	2	6	23	11	8	20	25	24	1	19	21	16	4	18
7775	1	7	9	24	16	20	19	4	14	18	11	6	22	8	5	13	10	3	12	2	17	15	23	21	25
7776	19	5	18	22	6	23	4	25	24	21	14	12	20	15	10	8	7	9	11	16	2	3	1	13	17
7777	7	8	15	2	10	1	17	3	23	25	6	12	19	13	4	5	22	9	11	14	24	20	18	16	21
7778	4	6	1	7	5	19	3	11	10	14	9	24	22	12	18	25	17	15	2	13	20	21	16	8	23
7779	9	13	14	2	20	7	6	16	1	17	21	8	24	11	25	22	23	10	4	5	12	3	15	19	18
7780	14	25	2	3	6	9	1	17	4	20	23	24	13	12	7	8	22	16	15	19	21	5	18	11	10
7781	17	23	1	15	7	2	25	18	10	22	19	11	21	14	13	9	4	16	20	8	24	5	3	6	12
7782	13	23	9	14	21	6	8	25	17	24	5	11	19	7	2	12	20	22	1	15	10	3	4	18	16
7783	17	25	4	1	6	19	8	23	14	13	3	10	21	22	24	16	7	18	20	5	15	12	11	9	2
7784	20	3	2	16	13	12	10	17	22	25	7	1	5	9	4	6	18	8	24	23	14	11	21	19	15
7785	22	16	4	13	12	1	8	14	17	20	9	11	18	7	6	21	5	2	3	19	15	24	23	25	10
7786	15	12	25	14	20	16	18	5	2	1	11	3	19	10	6	4	9	7	8	21	13	24	22	17	23
7787	17	6	19	3	12	18	20	8	2	11	25	5	10	22	15	23	16	14	4	9	7	21	13	1	24
7788	4	17	14	25	20	8	10	2	21	7	13	5	3	24	18	12	15	11	6	1	16	9	19	23	22
7789	11	22	2	3	17	14	18	24	5	25	21	9	19	7	10	20	13	15	23	16	8	4	1	6	12
7790	16	14	17	23	6	13	22	8	3	25	7	19	10	2	24	4	5	15	21	20	18	1	9	12	11
7791	16	6	11	4	7	12	9	8	5	17	21	25	24	18	13	14	3	22	1	19	10	20	15	23	2
7792	16	9	7	24	15	5	2	17	1	13	10	12	21	22	23	3	19	14	8	11	4	20	6	18	25
7793	2	17	12	15	24	7	10	19	16	22	18	5	8	14	11	1	21	3	23	9	13	6	4	25	20
7794	19	5	20	25	23	13	6	4	2	18	3	15	16	12	10	1	8	7	9	24	22	21	14	17	11
7795	25	10	8	5	17	22	6	19	16	2	3	7	1	12	14	13	24	11	4	21	15	20	23	9	18
7796	4	21	14	11	8	18	1	23	10	17	24	5	12	2	13	20	3	19	9	25	15	6	7	22	16
7797	1	20	11	10	14	2	22	16	7	19	23	6	12	25	21	24	3	15	9	13	4	17	18	5	8
7798	12	24	16	17	25	3	9	10	1	23	18	21	7	13	4	11	15	20	8	5	6	22	19	14	2
7799	1	13	25	17	22	8	4	21	11	2	24	23	10	16	14	3	19	5	20	9	15	12	18	6	7
7800	19	17	14	4	18	20	9	8	10	21	15	25	12	5	22	1	7	16	13	6	3	24	11	23	2
7801	5	11	15	2	3	13	22	25	21	12	18	1	8	17	23	9	19	6	7	16	4	10	24	20	14
7802	19	17	10	23	21	25	4	3	11	12	15	18	14	20	5	8	6	9	16	13	22	24	7	2	1
7803	13	4	23	25	21	14	22	7	18	17	16	20	12	11	1	3	2	15	24	8	6	10	9	19	5
7804	10	22	6	18	21	3	8	2	13	14	11	15	4	1	9	7	17	19	23	20	5	12	16	25	24
7805	4	9	18	8	23	25	15	10	24	21	7	13	16	3	19	6	22	11	5	12	14	20	17	2	1
7806	1	23	4	21	22	3	11	12	9	16	14	20	7	13	6	19	18	2	10	15	5	24	17	25	8
7807	19	13	17	11	24	22	25	5	18	6	9	14	12	21	8	7	20	4	1	3	23	2	10	16	15
7808	24	5	20	15	7	11	6	18	16	19	10	13	8	1	22	2	9	3	4	21	12	14	17	25	23
7809	4	20	10	24	3	22	1	13	7	17	19	18	9	25	8	6	5	2	11	15	14	23	16	21	12
7810	19	4	12	18	7	10	3	24	1	2	9	13	11	22	5	15	20	21	23	6	16	17	8	14	25
7811	4	15	13	19	22	5	11	8	25	21	7	23	2	24	1	12	16	9	6	14	10	3	18	17	20
7812	3	7	15	6	16	19	5	18	21	2	22	8	23	24	25	10	20	14	12	17	11	9	13	1	4
7813	25	10	8	15	9	12	6	20	3	4	19	7	24	16	2	14	13	5	11	23	18	21	22	17	1
7814	3	24	10	16	7	15	12	2	14	1	4	8	20	25	22	13	5	18	21	9	23	11	6	19	17
7815	18	7	16	14	23	21	25	12	9	11	8	2	20	10	6	22	15	17	1	13	19	24	4	5	3
7816	8	7	5	14	3	18	23	2	10	17	25	20	12	21	16	6	15	11	1	22	4	24	13	19	9
7817	19	25	16	12	1	3	11	4	24	18	7	6	22	14	20	5	15	17	10	23	2	13	21	8	9
7818	5	14	1	8	12	4	19	3	24	11	17	13	2	23	16	7	20	25	6	9	22	18	10	15	21
7819	15	4	5	24	9	14	18	17	19	8	10	1	11	13	20	22	6	16	21	23	25	7	12	2	3
7820	3	22	24	21	17	1	4	9	25	19	14	5	7	20	8	11	13	2	16	23	18	10	6	15	12
7821	15	16	4	1	6	13	25	24	17	20	7	10	14	19	12	21	11	18	9	23	8	5	22	2	3
7822	20	4	6	2	3	12	21	7	9	23	18	1	19	24	14	13	8	16	10	25	11	17	22	15	5
7823	9	6	18	17	2	23	10	4	1	5	21	8	12	13	25	22	14	15	19	7	11	16	3	20	24
7824	15	7	21	13	25	8	1	11	10	3	19	24	2	16	17	23	9	14	4	5	18	6	22	20	12
7825	1	16	4	7	2	5	10	8	23	25	18	3	12	13	19	24	6	20	14	11	15	9	22	17	21
7826	5	2	8	7	19	18	10	12	6	21	15	9	14	3	1	24	4	11	25	20	22	13	17	23	16
7827	19	24	22	8	6	18	23	7	11	2	4	13	9	25	1	3	20	15	16	14	21	17	12	10	5
7828	25	5	1	13	3	22	12	15	21	2	8	18	19	16	14	23	20	7	17	11	10	6	24	9	4
7829	21	23	11	12	16	4	5	14	15	7	17	19	13	10	1	6	18	2	9	8	25	22	3	24	20
7830	9	6	22	10	14	18	5	1	23	15	7	12	20	24	21	4	25	17	16	13	11	3	19	2	8
7831	21	8	17	11	22	23	18	1	5	19	7	13	12	10	6	2	16	24	25	15	20	3	9	4	14
7832	11	15	19	23	5	18	12	21	6	7	13	25	1	17	10	3	2	24	14	16	8	4	20	9	22
7833	20	25	11	17	23	14	7	9	8	18	21	4	15	1	16	3	19	10	22	12	5	6	2	24	13
7834	19	4	2	14	23	8	16	15	20	25	10	24	22	12	18	11	5	9	17	3	7	6	1	21	13
7835	24	19	11	18	13	8	7	23	4	25	20	5	3	16	21	15	14	12	22	9	6	2	1	10	17
7836	13	8	20	11	17	10	23	14	22	1	12	16	9	5	3	4	7	2	25	21	18	19	6	15	24
7837	10	3	18	17	8	12	16	20	24	1	21	9	4	22	14	25	23	2	6	5	15	11	13	19	7
7838	10	3	23	1	5	9	14	21	19	11	16	22	7	13	18	20	25	24	2	15	12	4	17	8	6
7839	3	23	22	9	11	15	17	16	2	24	8	18	5	13	20	4	12	14	19	1	21	10	7	25	6
7840	14	25	9	20	11	13	10	4	12	22	7	5	2	3	8	19	23	24	17	16	21	15	6	1	18
7841	18	22	25	5	1	17	21	13	15	14	4	24	8	19	6	11	3	16	2	23	12	7	10	20	9
7842	15	4	13	14	3	16	10	21	1	24	7	2	5	25	20	6	23	8	19	9	12	17	11	22	18
7843	13	23	6	17	3	18	16	19	20	12	1	25	10	24	14	8	11	4	21	15	2	9	5	7	22
7844	22	19	15	7	1	2	6	23	25	20	18	4	5	9	13	21	3	8	10	17	16	24	11	14	12
7845	14	22	19	2	8	12	16	11	1	18	9	20	17	23	3	4	5	24	7	21	15	25	13	10	6
7846	18	1	2	15	19	13	22	14	9	25	17	11	23	5	21	8	6	24	7	20	16	12	10	4	3
7847	16	8	10	21	11	5	13	4	20	18	19	25	1	2	23	14	6	9	3	22	17	15	12	24	7
7848	23	5	19	1	7	11	12	3	20	22	2	25	10	16	18	9	4	6	8	15	14	24	21	13	17
7849	10	25	2	7	3	12	20	16	17	5	23	9	1	24	19	14	13	6	15	8	11	18	22	4	21
7850	2	24	14	23	5	7	12	15	20	8	9	6	3	10	16	18	22	19	13	25	4	21	1	11	17
7851	24	5	7	22	17	18	4	3	9	16	2	19	1	13	21	11	8	6	25	15	23	20	10	14	12
7852	11	25	17	10	20	19	21	15	24	8	16	23	14	2	5	18	4	22	1	12	7	13	9	6	3
7853	14	4	18	19	17	1	20	8	11	13	6	10	25	15	2	21	5	12	23	3	9	16	24	7	22
7854	13	4	8	18	16	9	21	23	5	25	6	3	17	24	1	2	12	10	14	15	22	11	20	19	7
7855	16	6	20	19	15	9	22	24	12	25	5	13	3	1	14	2	8	4	10	18	17	11	23	7	21
7856	23	10	19	7	11	13	3	1	17	5	4	21	6	18	12	20	16	2	25	22	9	24	8	14	15
7857	23	4	14	15	10	18	7	11	8	22	2	6	1	19	3	24	13	17	16	9	5	21	20	12	25
7858	25	5	2	7	11	16	9	19	6	18	8	15	3	17	13	1	20	12	21	4	14	23	24	22	10
7859	16	20	15	11	3	10	7	19	6	23	12	13	2	1	9	25	21	8	24	22	18	17	4	5	14
7860	8	21	5	20	15	12	18	6	17	9	10	16	3	13	4	19	11	1	2	24	14	7	25	22	23
7861	23	5	13	8	4	24	21	17	9	2	18	16	25	11	3	15	6	12	22	20	19	7	14	10	1
7862	4	5	8	17	12	13	7	20	18	24	9	11	14	19	10	15	1	6	23	21	16	25	22	3	2
7863	25	3	11	18	14	16	12	23	7	15	17	1	19	21	8	13	2	24	9	20	6	5	4	22	10
7864	18	6	23	5	1	24	9	15	21	25	10	11	2	14	20	16	12	7	3	4	19	17	22	13	8
7865	7	16	15	19	14	24	20	25	5	23	11	4	1	13	12	2	10	6	17	3	22	8	9	18	21
7866	22	4	3	6	9	11	5	10	25	2	13	24	1	16	14	7	20	19	17	21	12	8	15	23	18
7867	21	4	5	24	7	19	23	12	18	6	17	16	8	3	14	25	22	15	20	13	1	11	9	10	2
7868	18	21	23	7	20	24	25	9	10	2	1	6	13	22	11	14	5	19	12	3	17	16	4	8	15
7869	21	14	3	22	9	24	25	6	7	4	11	19	20	1	15	18	16	13	17	5	8	2	23	10	12
7870	25	17	15	13	24	22	1	16	12	5	14	20	3	19	10	11	4	2	8	21	7	23	6	9	18
7871	23	14	12	20	13	18	4	25	11	19	17	1	15	6	10	8	22	9	3	24	5	21	16	2	7
7872	17	13	12	5	1	21	6	9	4	22	25	15	10	7	19	18	3	11	2	14	20	24	23	16	8
7873	8	5	20	24	21	14	9	4	3	22	10	18	2	12	11	7	1	15	19	25	13	16	17	6	23
7874	5	24	20	1	7	11	17	14	9	18	2	3	25	16	21	23	10	6	4	15	22	19	12	13	8
7875	20	9	10	16	13	11	8	5	17	19	1	25	6	21	12	18	14	24	2	7	4	23	15	3	22
7876	15	10	19	4	9	6	21	23	13	2	25	11	20	16	17	3	14	8	7	24	22	1	12	5	18
7877	14	13	7	9	8	15	22	21	18	17	1	16	23	19	2	11	6	10	24	25	20	4	12	3	5
7878	9	20	18	23	7	13	8	22	10	17	5	25	2	15	6	24	16	19	1	4	12	11	21	14	3
7879	9	17	11	10	22	3	14	12	5	24	7	16	8	2	23	1	15	13	18	19	21	25	6	4	20
7880	21	16	9	19	22	3	13	25	15	11	4	14	6	17	2	20	1	8	24	12	10	7	5	23	18
7881	23	12	19	24	16	7	22	10	11	9	6	5	21	17	4	1	3	25	18	8	2	14	15	20	13
7882	23	7	5	3	17	18	9	22	2	24	8	15	13	19	25	14	12	4	10	16	11	1	21	20	6
7883	3	16	25	7	15	1	11	2	5	24	21	12	13	14	4	8	23	17	10	19	9	22	6	20	18
7884	18	9	21	1	12	2	11	15	25	24	13	14	5	4	22	17	6	10	7	20	3	8	23	16	19
7885	17	18	13	16	7	21	25	12	22	24	9	10	4	1	3	5	15	6	20	2	19	14	23	8	11
7886	6	23	14	10	24	4	5	8	19	12	7	17	9	22	21	25	20	1	2	3	15	16	18	13	11
7887	18	7	16	22	1	5	15	12	14	25	10	9	23	17	24	6	19	13	2	21	4	20	8	11	3
7888	2	7	1	12	18	23	24	10	15	25	14	11	21	6	19	4	13	20	16	8	22	9	17	5	3
7889	20	4	25	8	24	12	9	13	18	21	10	6	5	2	19	16	22	3	15	17	1	23	11	7	14
7890	24	3	16	13	2	14	25	21	23	8	18	20	9	7	6	12	4	22	10	17	11	19	5	1	15
7891	6	4	15	9	14	11	10	20	5	16	13	12	7	24	8	19	3	23	22	18	2	21	25	1	17
7892	18	9	10	25	20	11	8	21	22	4	17	23	3	12	1	15	2	13	6	7	16	14	19	5	24
7893	1	19	15	10	9	2	6	17	3	14	25	16	20	18	21	12	5	24	7	8	11	4	22	23	13
7894	19	23	6	17	8	16	5	11	13	18	12	1	14	2	21	22	9	10	15	7	24	3	25	20	4
7895	6	12	2	10	22	17	23	5	25	9	21	1	8	13	24	4	18	15	20	19	3	7	11	14	16
7896	3	11	9	5	6	17	8	2	20	4	25	19	24	22	1	23	13	21	12	16	10	18	14	15	7
7897	8	14	20	22	12	3	21	5	9	15	4	19	25	18	6	2	10	13	11	7	17	23	1	16	24
7898	12	18	15	10	17	6	5	20	11	9	16	3	25	4	19	7	21	23	14	2	22	8	1	24	13
7899	24	15	4	20	8	7	6	23	18	1	3	21	10	9	5	2	12	22	25	19	13	11	14	17	16
7900	13	8	14	16	18	6	17	24	9	5	20	12	23	15	21	11	22	25	10	19	7	2	1	4	3
7901	15	17	23	20	2	9	25	11	13	14	19	3	10	24	4	6	16	21	1	18	8	7	22	5	12
7902	19	21	17	12	18	7	4	16	20	11	6	9	25	23	24	13	3	1	5	10	15	8	22	2	14
7903	10	11	18	12	15	8	19	1	23	22	24	3	4	6	17	14	20	13	5	9	7	25	2	16	21
7904	12	8	21	17	11	18	13	3	9	1	2	5	14	19	24	6	16	25	15	23	20	4	10	22	7
7905	16	24	7	13	4	18	19	15	2	20	6	3	12	11	1	23	25	21	8	10	14	22	9	17	5
7906	12	5	19	7	21	14	23	13	18	8	2	22	10	1	16	9	11	20	4	25	15	24	3	6	17
7907	22	11	20	8	7	12	21	14	13	24	16	15	9	10	4	19	3	5	23	18	6	17	25	1	2
7908	23	22	7	14	13	4	19	25	8	1	21	5	11	6	12	17	20	18	16	9	15	3	10	24	2
7909	15	24	20	19	25	6	12	9	11	1	5	7	2	18	3	10	14	23	4	16	8	22	13	17	21
7910	25	17	20	23	13	6	21	2	22	24	3	5	8	10	16	9	19	18	15	12	4	11	7	14	1
7911	9	16	17	19	22	25	23	11	4	2	15	18	8	5	20	24	14	1	13	10	12	7	21	3	6
7912	18	3	1	4	14	17	19	23	16	9	24	5	22	25	8	13	2	10	7	6	20	12	15	11	21
7913	11	24	22	12	6	20	18	8	5	4	23	16	10	9	13	14	25	3	21	7	19	2	17	15	1
7914	5	22	12	11	16	15	3	20	10	19	17	4	25	18	9	14	6	7	2	8	13	21	24	1	23
7915	18	8	9	20	15	25	7	19	22	11	21	6	2	1	24	5	17	23	14	16	10	3	4	13	12
7916	7	20	15	17	19	24	21	23	25	5	2	8	22	11	18	14	1	3	10	6	12	13	4	9	16
7917	1	10	14	5	15	19	25	16	23	6	18	11	21	2	22	13	24	17	9	20	3	12	7	8	4
7918	13	2	15	12	7	17	24	9	23	21	6	10	19	5	18	1	25	4	14	20	16	11	22	8	3
7919	5	10	1	4	23	13	16	12	2	22	9	24	11	17	25	6	19	14	8	15	3	20	18	7	21
7920	18	12	6	14	9	3	4	20	21	10	8	24	1	11	19	22	5	16	25	7	23	17	13	15	2
7921	2	7	1	18	20	4	6	19	12	11	3	21	13	14	10	8	9	24	23	22	17	16	25	15	5
7922	21	12	18	4	1	23	19	2	17	22	16	10	20	8	6	25	11	14	3	13	24	7	5	9	15
7923	7	9	14	17	6	1	23	11	22	2	18	5	25	13	15	19	3	24	8	12	4	20	10	21	16
7924	1	25	4	20	11	14	17	6	5	13	16	9	19	15	3	8	24	12	18	10	22	21	7	23	2
7925	22	6	19	1	16	12	8	21	14	24	9	25	2	7	13	5	20	18	10	3	11	23	17	4	15
7926	4	1	22	6	12	14	19	15	7	2	21	13	16	3	24	18	5	11	25	23	17	10	20	8	9
7927	8	1	15	10	6	16	13	14	23	22	11	19	24	21	9	3	18	25	20	5	12	2	17	7	4
7928	1	17	3	22	4	6	25	19	8	2	20	5	21	14	13	7	16	10	9	18	11	23	15	12	24
7929	1	16	24	18	14	13	3	4	7	5	9	19	10	8	6	2	15	17	25	12	21	23	20	11	22
7930	17	19	2	16	12	7	18	6	15	25	23	8	10	3	14	24	20	22	21	9	13	1	11	4	5
7931	25	16	12	24	8	4	2	9	10	11	19	20	5	18	3	15	21	6	13	14	23	7	17	22	1
7932	19	16	3	13	20	25	4	7	1	12	18	24	21	2	6	23	15	8	10	22	11	14	9	17	5
7933	16	19	12	17	6	3	23	24	22	11	15	7	13	5	14	4	18	2	8	20	1	21	10	25	9
7934	13	18	21	14	3	25	17	4	20	8	19	16	1	24	15	7	23	11	2	12	10	22	6	9	5
7935	4	13	17	15	12	24	20	3	6	25	1	5	2	19	23	7	22	16	11	18	9	21	10	14	8
7936	14	3	21	25	15	16	22	8	2	11	20	18	12	5	9	19	24	17	4	6	23	13	10	7	1
7937	16	18	14	20	24	23	4	15	19	10	13	17	9	6	12	3	7	5	22	11	2	25	21	8	1
7938	7	22	24	8	15	14	12	19	9	5	16	11	10	21	17	6	13	20	18	23	3	2	1	25	4
7939	8	21	6	22	13	24	7	3	2	12	10	25	16	20	23	1	9	15	17	11	5	4	18	19	14
7940	10	25	8	19	2	6	12	4	22	20	7	5	24	23	9	14	13	15	16	18	3	11	21	1	17
7941	15	7	2	17	21	13	12	9	4	24	25	8	5	6	20	14	1	10	16	11	19	23	18	3	22
7942	10	17	3	9	11	25	24	12	6	14	23	16	7	13	8	15	2	21	22	4	18	1	20	5	19
7943	5	6	9	10	8	24	22	13	21	11	15	18	17	25	20	12	16	19	3	1	4	2	14	7	23
7944	19	16	9	22	3	7	21	14	2	10	25	15	17	23	11	18	8	6	13	20	4	12	1	24	5
7945	10	11	25	6	2	17	5	24	13	20	22	16	21	4	7	15	8	23	12	14	1	19	3	18	9
7946	5	17	16	14	9	12	21	13	3	8	19	22	25	4	18	6	20	10	2	7	11	23	15	1	24
7947	22	6	5	12	18	17	2	24	19	15	10	4	13	16	1	7	9	23	8	21	14	3	20	25	11
7948	5	24	2	15	7	17	6	3	20	22	21	19	8	11	14	9	10	4	23	16	13	18	1	12	25
7949	13	11	25	9	23	24	16	12	8	19	20	21	18	4	15	2	5	7	3	17	14	10	6	1	22
7950	23	13	19	16	3	12	17	15	10	2	22	6	25	20	1	14	21	7	11	9	5	24	8	18	4
7951	4	20	22	10	14	6	21	15	12	7	23	19	3	8	5	13	11	9	2	25	18	1	24	17	16
7952	13	2	16	10	25	20	14	15	19	7	17	5	3	9	4	11	18	12	21	22	24	23	8	6	1
7953	22	18	19	5	4	15	9	21	1	20	6	12	14	16	2	3	11	8	7	17	13	23	24	10	25
7954	4	21	9	14	1	15	24	19	11	3	23	5	2	18	16	25	10	6	8	7	12	13	17	20	22
7955	19	3	8	17	14	10	20	4	5	9	23	12	21	2	6	16	25	18	22	1	24	13	15	11	7
7956	19	11	6	15	23	5	7	20	4	10	16	9	8	12	14	22	17	13	24	25	3	21	1	2	18
7957	20	2	23	24	5	4	19	10	12	18	9	6	25	1	11	21	8	13	16	3	15	14	22	17	7
7958	22	10	2	13	4	3	18	20	14	16	23	12	6	25	24	19	7	15	5	17	11	21	1	9	8
7959	4	10	24	22	1	14	13	11	3	23	8	17	9	15	20	2	19	7	6	16	25	5	18	12	21
7960	6	5	18	10	22	21	12	2	24	4	23	11	19	3	17	14	8	9	16	1	7	13	25	15	20
7961	18	16	24	15	4	9	11	14	19	3	7	21	22	1	25	13	5	8	20	23	2	12	17	6	10
7962	13	23	21	14	25	16	18	15	1	7	9	2	24	22	6	11	19	8	17	10	20	3	12	5	4
7963	5	10	20	4	12	25	7	16	3	6	8	23	24	22	9	17	14	19	15	11	1	18	21	2	13
7964	18	11	10	19	25	20	4	8	15	2	24	9	14	1	21	6	5	12	22	3	7	17	13	16	23
7965	7	4	15	22	14	16	17	9	3	8	6	20	19	21	10	24	23	25	11	1	2	5	12	18	13
7966	23	10	18	11	21	3	6	8	7	15	1	22	13	14	12	4	20	2	24	17	25	5	9	16	19
7967	10	17	23	18	11	6	19	3	1	16	20	22	15	5	4	8	14	25	21	7	9	12	24	13	2
7968	18	8	4	13	19	24	12	22	5	25	21	10	16	6	17	20	1	11	3	23	2	7	9	15	14
7969	8	13	12	21	5	2	15	22	18	11	3	23	19	20	9	17	24	1	6	10	25	16	14	4	7
7970	5	23	17	10	19	15	11	22	21	9	24	4	3	13	6	16	7	8	2	12	18	25	1	14	20
7971	21	8	2	25	18	20	4	10	23	24	3	6	16	1	17	13	14	15	9	22	7	12	19	5	11
7972	11	25	18	3	2	13	9	24	10	23	8	1	17	5	21	12	16	6	22	20	15	14	7	19	4
7973	13	12	24	18	3	23	14	6	8	2	19	17	20	22	5	9	21	15	25	7	4	1	10	16	11
7974	15	9	23	25	6	1	14	24	2	5	8	10	12	17	21	13	7	11	19	3	22	20	4	18	16
7975	25	2	7	23	14	13	15	5	12	3	10	4	11	9	1	17	19	24	8	18	6	22	16	21	20
7976	21	2	10	4	9	13	14	22	1	15	3	18	25	6	24	12	17	5	23	19	8	7	11	16	20
7977	22	15	25	17	14	8	3	5	13	20	21	19	16	6	9	23	7	2	12	24	4	1	18	10	11
7978	21	8	12	9	6	10	22	20	11	23	5	2	25	4	18	14	15	13	3	7	17	16	1	24	19
7979	6	18	13	5	1	17	7	16	11	20	24	25	3	2	14	12	22	21	10	15	8	23	9	19	4
7980	10	9	24	11	18	13	12	8	16	20	2	14	3	23	7	6	4	25	17	21	15	19	5	1	22
7981	10	16	25	9	20	14	7	4	15	13	21	3	2	23	22	18	8	24	12	6	17	5	19	1	11
7982	14	17	9	12	6	5	8	21	20	19	22	1	25	23	15	7	2	13	10	18	4	11	3	24	16
7983	15	11	7	22	19	4	3	2	18	10	17	5	14	21	12	8	1	24	6	13	25	20	16	9	23
7984	25	23	12	16	14	7	5	15	18	9	2	10	22	24	13	19	1	8	4	20	21	11	17	3	6
7985	22	15	19	16	5	12	9	14	7	10	8	23	3	1	25	24	13	11	6	18	4	2	21	17	20
7986	9	20	16	23	6	22	3	21	8	25	24	13	19	14	2	7	17	10	15	12	1	5	18	11	4
7987	6	21	12	10	25	8	24	18	1	5	23	15	16	20	2	3	7	9	17	11	4	22	13	19	14
7988	2	13	18	10	25	24	6	14	9	23	17	5	4	19	16	15	20	7	21	1	11	22	12	3	8
7989	25	17	13	14	19	10	18	6	1	8	20	15	21	3	9	2	11	4	23	7	16	22	24	12	5
7990	17	23	25	10	11	4	19	13	22	6	14	16	15	21	3	9	18	1	2	5	7	20	24	8	12
7991	3	7	24	22	2	1	13	9	12	21	18	11	14	4	20	10	6	15	5	19	17	23	25	8	16
7992	25	17	4	7	11	6	21	13	19	15	24	1	8	12	5	9	14	3	16	10	18	23	22	2	20
7993	12	11	15	16	4	7	17	10	13	6	5	3	2	14	22	1	24	8	25	18	19	20	21	23	9
7994	4	9	23	10	22	13	19	25	6	20	15	11	1	12	3	17	24	2	14	18	21	8	5	16	7
7995	21	25	23	10	8	1	7	14	3	2	18	5	13	20	11	12	15	16	19	22	9	24	4	6	17
7996	18	3	8	24	19	6	2	16	22	9	23	10	1	21	4	15	13	12	20	14	7	11	17	5	25
7997	6	12	4	18	13	7	2	21	5	20	24	22	3	10	11	25	16	17	8	1	15	19	23	9	14
7998	14	13	24	18	9	21	19	23	5	6	8	2	15	22	12	4	10	11	3	20	1	16	25	17	7
7999	13	12	10	8	1	11	24	5	22	9	21	6	19	17	20	2	15	4	7	14	16	25	18	3	23
8000	21	13	11	4	9	14	22	16	25	23	6	5	1	19	24	7	2	8	3	18	10	17	20	12	15
8001	18	5	21	14	22	12	8	19	1	10	15	13	3	6	7	17	9	2	11	16	24	20	25	4	23
8002	7	20	21	16	5	8	10	19	24	22	15	17	12	11	6	3	4	23	18	1	25	9	2	14	13
8003	18	15	23	2	3	20	11	22	5	12	19	9	6	17	1	25	10	21	14	13	24	4	16	7	8
8004	16	7	12	11	17	22	10	25	13	1	3	5	9	20	15	18	6	23	19	24	8	2	21	14	4
8005	18	4	8	1	17	21	15	6	16	12	25	19	22	14	10	24	9	23	7	2	3	5	20	13	11
8006	13	19	5	1	3	18	2	9	8	17	24	22	10	14	21	6	7	25	11	12	4	16	23	20	15
8007	1	22	17	13	23	16	3	18	4	14	25	21	7	5	10	12	2	19	8	24	11	6	9	15	20
8008	10	8	24	17	12	14	19	3	1	20	2	16	13	18	9	7	21	15	23	25	22	5	6	4	11
8009	7	19	11	13	21	24	1	6	3	17	4	20	16	9	5	10	8	22	2	15	23	14	18	12	25
8010	17	14	15	10	2	21	24	25	20	8	19	12	6	16	7	13	1	5	23	3	9	22	11	4	18
8011	1	5	20	17	13	15	16	24	12	11	21	25	4	7	8	22	2	6	14	19	18	10	23	3	9
8012	5	14	4	11	18	15	7	12	17	6	1	3	13	23	2	9	19	25	24	21	22	20	8	16	10
8013	12	16	24	23	8	11	17	19	13	15	2	5	3	6	1	20	25	4	7	9	14	22	10	18	21
8014	7	1	5	10	13	15	8	25	23	24	19	21	4	3	22	17	11	18	12	9	6	20	14	16	2
8015	25	19	12	10	15	20	23	9	21	11	18	4	24	17	1	2	14	6	7	3	5	16	13	8	22
8016	7	18	16	13	25	15	9	1	24	14	21	8	11	6	19	10	20	2	4	12	23	17	5	3	22
8017	4	1	25	3	21	13	10	24	2	20	22	23	5	16	14	7	11	17	12	15	18	9	8	6	19
8018	12	14	18	24	9	16	4	1	19	21	17	7	15	22	8	2	5	6	25	20	13	23	3	11	10
8019	19	2	18	5	7	16	25	13	14	17	22	24	6	12	3	20	4	11	9	21	1	23	15	8	10
8020	4	13	7	23	17	2	20	10	12	18	14	24	25	3	16	5	21	22	1	9	8	19	11	6	15
8021	14	16	8	1	6	10	3	20	18	13	12	22	25	7	17	23	2	4	21	19	24	9	15	11	5
8022	11	25	5	22	13	4	16	7	1	3	20	14	8	19	2	9	12	18	15	23	24	6	17	21	10
8023	24	1	11	4	10	18	3	5	8	20	19	2	13	22	15	6	16	23	17	9	21	12	25	7	14
8024	23	22	6	18	19	12	5	13	2	15	17	11	1	9	8	10	24	3	7	25	14	20	4	16	21
8025	1	16	23	3	9	20	21	13	2	5	18	24	4	22	12	11	7	25	8	19	14	6	10	15	17
8026	5	8	25	24	6	3	13	4	23	16	14	10	12	7	18	21	19	2	22	20	1	11	9	15	17
8027	14	22	7	18	10	15	21	20	19	3	24	2	4	5	6	9	1	16	23	13	25	11	12	8	17
8028	22	14	8	1	17	16	20	21	24	4	3	7	23	12	19	2	6	13	10	11	5	25	18	9	15
8029	18	11	22	8	7	20	2	19	4	24	1	21	10	16	5	14	23	12	17	25	6	9	15	3	13
8030	6	5	20	11	22	3	4	17	16	10	13	14	15	1	18	23	21	24	8	12	2	19	9	25	7
8031	9	12	8	10	23	25	24	6	7	22	18	11	20	5	16	15	17	13	21	19	4	14	3	1	2
8032	25	7	1	9	13	20	2	8	17	18	21	24	12	4	16	6	15	14	19	5	22	3	10	11	23
8033	7	1	15	14	25	18	16	20	11	10	9	8	17	23	19	21	6	12	13	2	3	5	22	24	4
8034	8	15	12	18	20	21	22	3	4	7	23	1	14	6	2	5	17	25	11	9	16	19	10	13	24
8035	15	14	19	1	13	11	24	4	10	16	8	9	18	21	2	25	12	20	7	6	17	23	22	3	5
8036	24	22	2	7	16	6	1	20	9	14	23	10	18	3	15	5	21	8	4	11	19	12	13	17	25
8037	16	21	11	24	22	9	7	8	12	5	14	19	25	2	3	23	10	6	15	20	13	4	17	1	18
8038	9	18	1	20	10	8	14	7	13	25	19	6	12	4	15	3	17	23	22	5	16	11	2	21	24
8039	22	12	21	15	4	8	3	13	5	11	14	16	9	23	25	18	1	17	7	20	2	6	19	24	10
8040	16	18	17	15	13	22	21	14	12	3	24	9	11	2	19	6	23	5	7	20	8	10	1	4	25
8041	16	24	1	2	17	10	14	13	19	18	25	6	5	21	7	3	8	22	15	11	20	23	9	4	12
8042	23	21	17	22	12	2	14	20	1	4	18	13	6	10	8	9	5	24	25	7	3	11	19	15	16
8043	20	8	2	11	16	18	6	24	3	25	21	13	23	9	5	10	1	17	14	15	4	7	19	22	12
8044	24	12	14	17	21	25	11	3	23	22	7	2	18	6	20	10	1	5	8	13	4	16	9	15	19
8045	7	10	22	20	18	5	19	17	1	21	9	3	24	12	13	23	11	8	6	14	2	4	25	16	15
8046	20	15	18	4	7	24	6	8	14	5	2	11	19	10	13	23	3	1	12	21	22	25	17	16	9
8047	4	3	11	12	24	23	14	22	2	1	19	21	20	8	25	5	10	18	16	6	15	13	7	9	17
8048	4	16	8	17	24	9	10	18	25	21	2	15	20	7	1	19	5	22	11	3	6	12	14	23	13
8049	12	9	1	4	10	22	5	7	17	24	6	23	15	13	25	16	8	21	20	2	14	18	3	11	19
8050	6	23	21	11	22	1	24	14	10	20	3	16	17	8	2	15	25	19	18	13	5	9	4	12	7
8051	24	5	6	22	20	14	25	7	8	12	21	11	13	4	9	10	2	1	15	23	19	16	18	3	17
8052	15	16	22	25	12	1	7	5	3	4	18	24	21	2	20	13	10	11	9	8	17	14	6	23	19
8053	2	9	7	8	15	1	20	4	16	25	6	23	13	10	24	11	14	3	12	22	17	19	21	5	18
8054	16	23	20	8	9	5	21	7	2	12	18	14	22	10	11	3	25	13	17	4	6	1	19	15	24
8055	23	15	14	1	20	24	21	4	22	6	9	8	5	10	18	12	2	19	11	25	13	7	17	16	3
8056	22	20	21	13	25	19	23	4	5	3	17	2	15	6	24	14	7	9	12	18	8	10	1	16	11
8057	22	20	24	16	14	21	8	25	6	18	23	9	17	7	12	10	1	5	3	11	19	2	4	13	15
8058	20	1	8	11	5	16	9	15	22	21	12	10	6	23	25	13	3	4	24	14	7	18	2	19	17
8059	11	8	5	6	14	4	22	16	15	9	19	24	25	17	1	23	3	18	12	7	21	20	10	13	2
8060	10	21	11	25	9	1	12	4	7	17	13	24	6	3	2	22	5	15	23	18	8	19	16	14	20
8061	10	8	19	25	1	22	2	15	24	4	9	23	14	7	21	5	6	11	16	20	18	3	12	13	17
8062	23	22	13	9	10	4	19	11	7	18	6	12	17	3	24	2	20	5	14	15	21	25	16	8	1
8063	8	23	7	6	13	14	12	15	21	22	19	1	11	16	5	3	24	25	10	20	18	17	4	9	2
8064	3	6	9	11	12	23	14	21	4	5	24	16	25	1	20	10	19	22	18	2	17	15	7	13	8
8065	8	19	25	3	23	6	18	21	20	24	1	10	12	15	11	16	2	14	4	9	5	22	17	13	7
8066	17	21	12	18	1	13	5	3	14	9	10	20	4	11	16	24	2	23	7	15	8	6	22	25	19
8067	4	1	9	17	2	8	18	25	19	20	24	13	23	6	11	22	15	12	7	10	16	5	14	21	3
8068	23	19	12	8	22	21	25	2	13	4	3	11	9	1	16	7	20	5	6	10	17	15	18	24	14
8069	17	16	23	20	19	9	24	14	22	15	11	6	25	13	3	4	12	8	21	1	2	18	5	7	10
8070	17	14	13	19	10	11	7	4	6	25	16	1	12	5	24	15	21	9	20	23	8	3	22	2	18
8071	24	4	14	5	6	25	12	22	3	23	17	18	21	13	15	19	7	9	10	1	11	16	20	2	8
8072	2	10	23	1	14	24	21	5	25	7	4	9	18	11	19	20	3	12	13	17	16	15	22	8	6
8073	21	12	20	5	19	1	17	6	25	2	11	24	15	13	3	10	8	9	7	4	16	23	18	14	22
8074	1	23	10	20	9	22	18	6	8	14	12	15	19	4	21	24	17	2	25	16	11	3	7	5	13
8075	23	13	9	18	14	16	11	2	25	8	21	1	17	15	24	12	10	7	3	19	5	20	6	4	22
8076	22	12	3	5	13	4	6	16	18	17	2	7	10	14	23	15	9	25	19	8	24	21	1	11	20
8077	9	22	20	3	18	11	7	12	5	4	25	2	13	24	17	14	8	1	21	10	16	15	19	23	6
8078	5	4	22	6	10	15	13	23	18	1	9	17	8	12	16	11	25	3	24	20	14	19	2	7	21
8079	4	10	17	8	25	21	22	12	18	15	11	14	9	3	6	19	23	1	24	2	20	16	5	13	7
8080	4	22	16	20	2	3	23	24	6	13	12	19	1	5	14	15	10	18	17	21	7	8	25	11	9
8081	21	10	20	3	24	1	19	25	13	7	16	11	12	17	2	18	14	22	15	5	4	8	9	6	23
8082	10	18	5	17	2	15	22	9	23	4	12	25	11	1	3	13	6	19	16	24	21	8	20	7	14
8083	9	17	14	4	7	1	12	3	11	19	20	2	25	13	23	10	8	16	24	18	22	21	6	5	15
8084	22	3	23	21	19	11	20	25	12	18	4	16	1	13	15	24	17	9	6	7	14	5	8	2	10
8085	5	7	9	12	10	19	6	11	18	17	20	14	13	1	2	24	16	15	4	25	8	23	3	21	22
8086	10	23	19	9	25	5	15	22	4	8	16	12	7	1	6	24	14	20	11	13	17	21	2	3	18
8087	3	7	12	10	14	4	22	20	24	13	11	5	2	17	8	18	19	16	21	9	6	15	1	23	25
8088	7	18	12	21	3	1	22	10	6	19	2	8	20	17	11	15	16	13	23	25	4	9	5	14	24
8089	5	17	13	6	9	25	11	1	21	3	22	7	24	19	14	15	23	20	2	10	12	8	16	18	4
8090	10	6	7	23	4	15	13	12	14	5	22	16	2	8	20	24	11	21	25	1	17	18	19	3	9
8091	15	20	22	17	6	2	23	5	3	24	19	1	13	10	16	12	21	18	7	8	4	9	25	14	11
8092	6	5	19	12	11	21	10	13	1	9	22	18	17	3	8	23	16	24	4	25	7	2	20	14	15
8093	11	9	21	10	23	3	5	17	25	2	14	16	24	8	4	18	19	1	15	13	12	6	22	7	20
8094	23	14	6	25	5	7	8	3	10	24	2	20	9	13	15	16	17	22	11	18	21	4	12	19	1
8095	9	10	15	21	16	13	24	23	8	20	22	1	5	6	2	3	11	14	18	19	7	25	12	4	17
8096	6	23	18	20	21	4	17	10	22	8	1	16	9	11	14	3	12	7	25	15	5	2	13	24	19
8097	7	8	22	13	24	25	9	16	20	1	2	3	15	5	11	4	14	10	6	19	23	21	17	12	18
8098	24	8	12	10	11	7	19	20	15	14	5	18	21	17	2	6	3	4	22	13	1	16	25	9	23
8099	15	3	11	14	21	10	23	4	8	1	16	20	5	7	25	13	6	18	17	9	24	22	12	2	19
8100	2	6	14	8	23	4	22	18	11	12	3	15	19	20	24	17	1	5	9	7	16	13	25	21	10
8101	14	10	1	13	24	5	17	6	18	12	2	4	8	3	15	11	16	22	7	9	25	21	19	20	23
8102	22	25	14	1	11	18	2	15	20	24	21	9	8	13	16	4	3	12	5	10	6	7	23	17	19
8103	9	8	25	10	12	2	24	11	19	17	18	3	13	14	16	7	5	20	23	1	21	15	4	6	22
8104	20	19	10	3	7	12	18	4	25	11	8	1	9	17	16	5	2	6	21	15	13	14	23	22	24
8105	9	21	16	25	14	19	24	13	15	6	5	20	2	3	23	22	7	1	18	12	11	4	10	8	17
8106	14	16	1	21	25	20	2	13	24	18	11	9	6	8	17	5	7	12	10	19	22	4	15	3	23
8107	13	19	14	18	1	5	7	2	11	6	21	22	10	12	16	3	9	23	25	20	15	24	8	4	17
8108	8	19	2	12	7	16	6	21	11	23	22	3	20	10	25	4	15	1	17	13	5	24	9	18	14
8109	25	3	23	19	11	12	6	22	13	17	15	21	2	4	18	1	10	9	16	20	7	24	5	8	14
8110	6	18	11	23	24	5	8	19	22	17	9	1	2	13	21	15	12	14	16	4	7	20	3	25	10
8111	5	20	6	23	7	24	9	17	21	4	13	3	15	11	22	16	1	25	2	8	10	14	19	12	18
8112	21	4	13	24	15	8	16	23	17	1	12	25	14	10	20	6	22	9	11	18	5	19	2	7	3
8113	24	4	22	12	20	21	10	11	9	18	25	23	13	3	14	2	16	19	15	8	1	6	17	7	5
8114	22	15	18	16	3	8	4	24	12	21	6	14	13	17	9	20	11	23	7	25	10	5	19	2	1
8115	13	7	20	25	2	23	4	8	17	6	5	22	14	3	9	1	11	24	10	21	15	16	19	18	12
8116	15	2	23	6	4	24	1	25	11	16	20	10	21	19	17	8	13	3	14	12	22	9	7	18	5
8117	24	20	13	14	2	18	23	6	9	5	15	16	25	11	7	21	19	8	4	22	3	1	10	17	12
8118	19	24	20	12	6	13	8	7	11	16	9	5	22	10	17	14	1	23	18	15	21	2	4	3	25
8119	20	14	15	12	21	3	13	5	4	1	22	24	18	16	17	9	19	7	8	10	11	6	25	23	2
8120	9	14	10	11	19	1	23	24	3	5	6	21	2	17	16	22	15	25	20	4	7	12	8	18	13
8121	18	10	13	5	24	16	25	20	12	21	9	7	23	4	1	19	15	2	6	11	17	14	8	3	22
8122	18	23	11	19	13	12	16	21	5	24	15	6	22	3	25	14	10	2	4	17	7	9	20	1	8
8123	6	23	24	12	5	14	11	18	1	16	17	7	3	22	25	19	20	10	9	2	8	15	4	13	21
8124	22	13	2	15	3	25	20	16	8	14	12	19	9	11	1	17	23	7	18	10	6	24	21	4	5
8125	14	4	12	8	5	21	20	22	25	15	9	10	19	1	16	2	13	23	18	3	17	7	11	6	24
8126	16	1	18	5	2	24	14	21	22	19	13	12	6	10	8	15	23	3	4	20	9	25	7	11	17
8127	25	6	12	22	23	7	17	5	24	8	14	3	19	20	21	16	9	11	15	10	4	1	2	13	18
8128	25	13	12	14	23	3	18	15	19	22	2	20	17	24	9	5	8	16	6	11	4	1	7	10	21
8129	14	21	15	23	12	7	2	22	11	25	16	5	17	9	20	8	10	24	3	1	18	19	6	4	13
8130	23	18	11	14	22	25	9	12	15	5	19	8	20	3	1	24	10	4	13	7	17	16	21	6	2
8131	24	19	18	10	17	1	21	14	20	7	16	5	3	4	12	15	2	8	13	23	6	22	11	9	25
8132	2	11	1	10	14	12	16	9	8	3	24	4	7	23	5	20	22	18	6	21	15	13	19	17	25
8133	16	7	5	14	23	3	8	9	22	17	11	20	19	2	25	10	21	12	6	13	1	24	4	15	18
8134	7	4	12	3	25	6	8	2	18	9	14	19	23	24	22	15	20	10	11	16	21	5	1	13	17
8135	8	11	23	15	18	13	22	12	3	5	6	17	20	24	14	1	19	9	2	10	4	21	16	25	7
8136	13	21	23	24	17	1	3	25	12	22	10	11	9	16	8	7	2	18	4	15	5	14	19	20	6
8137	14	18	11	17	8	7	22	6	24	19	9	4	5	16	25	10	1	15	13	21	12	2	20	3	23
8138	22	8	14	19	2	5	18	6	1	25	12	17	20	23	7	3	10	4	9	21	16	15	11	13	24
8139	11	9	4	25	22	5	19	12	16	1	8	14	3	24	21	13	10	23	2	7	6	17	15	18	20
8140	21	7	2	12	19	8	10	15	24	3	23	6	22	1	14	5	25	20	9	18	4	13	16	11	17
8141	14	4	3	25	24	20	7	16	13	23	6	21	19	12	1	9	10	15	5	17	11	18	22	8	2
8142	18	1	22	9	5	25	23	13	16	4	3	15	21	10	7	11	14	19	2	20	6	24	8	17	12
8143	14	19	12	8	11	23	2	24	9	10	18	13	20	5	25	17	3	7	1	16	21	4	6	22	15
8144	21	14	12	11	3	2	22	4	16	10	17	24	6	15	25	1	5	7	8	23	13	20	19	9	18
8145	18	24	3	1	7	23	4	9	22	25	5	16	8	12	13	6	2	17	20	19	14	10	11	21	15
8146	5	22	23	21	24	15	18	17	4	1	12	2	11	6	7	8	25	14	19	3	20	9	16	13	10
8147	15	19	8	18	23	10	20	6	16	12	3	22	25	24	4	5	17	14	13	7	21	2	1	9	11
8148	9	18	8	21	15	14	12	22	3	13	5	25	16	24	7	2	4	17	1	6	20	10	11	19	23
8149	1	19	2	9	16	25	11	14	13	18	7	10	12	20	3	22	6	15	24	4	5	23	8	21	17
8150	5	20	21	25	7	6	8	16	17	19	13	3	4	24	9	2	15	11	14	12	18	1	23	10	22
8151	8	4	7	22	3	25	10	19	13	2	5	12	6	17	11	18	9	24	21	16	23	20	14	15	1
8152	21	24	17	25	23	11	14	1	6	12	4	7	3	8	2	20	5	9	19	16	22	15	18	13	10
8153	18	5	19	12	11	8	15	20	23	10	1	22	2	7	3	9	14	24	4	17	25	6	13	16	21
8154	8	18	10	5	25	13	12	6	23	4	19	7	2	16	17	11	1	22	14	24	9	20	21	15	3
8155	11	13	14	17	12	5	25	4	15	8	18	9	20	1	24	19	6	2	23	10	3	7	16	22	21
8156	9	7	12	4	24	16	6	20	5	15	11	19	13	21	10	3	18	8	14	25	1	17	22	2	23
8157	5	2	13	16	6	23	22	12	14	19	17	9	18	11	3	4	10	25	1	20	21	8	15	24	7
8158	17	19	7	14	12	15	6	25	4	21	10	16	1	20	13	5	8	18	22	3	23	11	9	24	2
8159	3	7	18	5	13	10	20	9	14	22	17	21	8	19	4	16	25	6	24	15	12	2	11	23	1
8160	22	19	14	2	1	8	21	15	6	13	3	5	20	9	18	12	10	11	17	24	7	23	4	16	25
8161	21	5	22	7	16	12	2	24	17	9	14	1	3	6	8	20	10	23	15	19	11	18	25	13	4
8162	19	25	22	16	13	2	5	24	11	1	23	20	18	21	8	6	15	3	14	10	9	7	4	12	17
8163	19	21	6	14	15	5	13	20	10	9	3	25	17	18	7	16	2	8	12	23	4	24	1	22	11
8164	16	4	23	7	5	2	17	6	20	18	1	3	14	11	25	21	10	12	22	19	8	15	13	9	24
8165	9	14	23	3	6	1	18	11	12	13	8	22	20	19	5	10	17	24	4	15	2	25	21	16	7
8166	24	2	10	12	19	6	14	18	8	20	1	13	9	5	11	25	21	23	15	16	4	17	22	7	3
8167	19	1	6	8	25	2	16	10	22	20	18	23	12	9	7	15	24	3	13	11	5	21	17	14	4
8168	21	1	19	20	3	15	18	22	9	25	17	8	11	24	4	14	2	6	12	16	5	10	7	13	23
8169	25	17	22	20	23	7	15	1	3	21	14	5	12	9	8	6	10	19	16	4	18	2	24	11	13
8170	6	9	12	15	19	2	21	22	18	7	14	23	24	17	13	8	20	3	4	5	11	25	1	16	10
8171	1	5	20	22	8	17	10	21	3	23	16	2	13	14	25	4	9	11	7	24	19	12	6	18	15
8172	11	21	12	16	25	22	18	5	23	24	10	17	1	15	7	14	8	3	6	9	4	20	13	19	2
8173	18	15	14	9	11	25	24	3	1	12	7	5	17	19	23	4	20	21	10	13	6	2	16	22	8
8174	21	18	15	4	19	9	8	20	17	25	22	14	10	1	16	3	13	5	12	2	7	23	11	24	6
8175	22	4	9	7	11	13	19	23	10	12	15	21	20	24	6	25	16	8	3	5	17	18	2	14	1
8176	23	24	9	7	18	3	6	20	15	13	2	25	14	10	5	21	19	16	11	1	8	22	17	4	12
8177	7	1	6	17	3	22	2	11	24	9	13	19	23	14	8	10	15	20	5	4	16	21	18	25	12
8178	23	16	17	15	8	5	11	4	7	18	3	25	2	20	9	21	14	24	6	22	12	13	1	10	19
8179	14	18	11	3	23	10	13	17	15	22	1	21	6	24	4	25	16	12	7	9	5	20	19	2	8
8180	15	2	21	16	3	5	6	9	12	7	17	24	4	11	19	1	25	8	13	14	22	20	10	18	23
8181	25	1	21	20	24	12	3	22	15	4	16	19	18	11	8	6	2	9	13	17	7	5	10	23	14
8182	10	16	18	8	23	9	14	19	24	4	12	21	7	20	3	5	25	13	22	15	2	11	6	17	1
8183	11	10	12	23	18	14	20	7	5	13	1	19	2	15	8	17	25	21	9	16	6	24	3	4	22
8184	15	10	21	16	4	24	17	18	12	11	13	2	19	8	3	7	14	1	20	5	22	6	9	25	23
8185	2	23	24	5	18	7	8	19	21	11	25	6	15	20	1	10	9	17	16	3	22	14	4	12	13
8186	2	24	17	6	23	7	13	15	22	10	19	12	8	9	20	5	25	4	1	21	11	18	3	14	16
8187	7	14	15	10	23	21	1	4	6	13	18	25	22	17	16	5	2	3	24	9	8	11	20	12	19
8188	18	3	5	2	8	25	1	17	13	9	11	24	16	23	19	14	6	10	12	4	20	21	15	22	7
8189	10	4	1	25	11	15	8	23	3	14	2	19	12	9	5	17	22	16	13	24	20	7	6	21	18
8190	23	19	17	20	24	7	1	5	10	6	18	8	4	11	3	13	25	22	15	14	2	9	12	16	21
8191	9	25	10	20	15	16	17	6	23	21	14	11	22	1	3	8	2	13	4	18	24	12	7	19	5
8192	12	2	9	8	23	19	7	16	3	20	17	1	11	25	10	18	15	6	5	22	21	13	4	14	24
8193	3	24	22	20	23	15	11	17	7	13	10	16	19	25	14	4	1	21	5	6	2	12	9	18	8
8194	13	6	1	20	2	3	12	10	16	24	17	9	18	8	15	5	7	11	19	22	23	14	25	21	4
8195	8	21	17	4	14	6	19	2	24	3	7	18	10	13	23	20	15	1	5	9	16	12	11	22	25
8196	24	6	2	18	10	14	17	19	12	13	15	5	22	1	3	20	25	16	7	21	4	8	9	11	23
8197	14	7	3	24	22	21	12	2	9	6	1	20	8	15	17	23	10	16	25	19	13	4	11	18	5
8198	17	25	2	1	15	4	14	10	19	21	8	6	5	22	3	7	20	12	23	16	11	13	9	24	18
8199	15	16	5	11	24	18	19	8	25	7	20	2	12	23	1	4	9	14	13	22	17	21	10	6	3
8200	22	13	5	19	3	16	21	8	6	23	17	18	9	14	1	12	10	7	20	11	15	4	24	2	25
8201	10	15	3	16	12	2	13	21	7	22	1	18	23	14	17	11	6	9	25	24	19	4	20	5	8
8202	25	24	14	20	13	16	7	17	8	3	22	19	4	18	10	1	2	5	11	9	12	15	6	23	21
8203	23	6	2	21	5	19	12	3	4	16	11	8	17	10	20	25	18	14	7	9	15	22	1	24	13
8204	21	16	12	20	22	2	5	7	14	8	9	4	11	1	19	3	24	15	6	18	25	13	10	17	23
8205	25	2	16	4	17	12	11	1	14	3	9	18	15	10	7	6	22	24	20	5	23	21	19	8	13
8206	20	14	23	22	2	1	4	12	24	6	7	3	8	11	21	18	19	25	5	17	13	9	16	15	10
8207	6	7	14	10	12	13	8	23	2	17	18	5	24	19	3	4	15	1	20	16	21	22	25	9	11
8208	23	20	21	13	22	24	16	17	6	11	25	10	19	1	9	2	5	7	3	4	12	18	14	8	15
8209	18	22	9	6	7	12	14	10	15	4	13	11	3	5	24	25	2	21	19	23	17	1	8	16	20
8210	13	22	17	2	4	15	1	21	14	7	23	8	19	25	6	24	5	16	10	20	12	9	11	18	3
8211	11	4	9	19	7	16	10	24	3	20	5	8	12	22	1	25	13	21	18	15	2	6	14	23	17
8212	17	9	10	20	18	3	19	24	2	22	15	23	5	25	11	21	14	6	8	4	12	1	13	7	16
8213	6	10	16	5	9	12	1	8	23	11	17	22	21	25	19	13	24	15	18	3	14	7	4	2	20
8214	24	16	12	17	3	6	7	10	5	13	14	18	11	1	23	4	8	25	2	9	15	22	19	21	20
8215	16	15	10	12	3	1	8	17	6	2	19	4	23	14	11	22	21	24	18	5	9	13	7	25	20
8216	19	11	12	22	1	16	7	18	3	24	6	21	9	20	4	8	14	25	15	23	5	2	13	17	10
8217	18	3	20	24	23	13	14	15	2	17	4	1	7	11	22	25	12	19	21	5	6	10	9	16	8
8218	25	9	13	6	5	12	17	1	23	18	19	8	15	10	11	2	21	14	20	24	3	22	7	4	16
8219	12	15	16	7	24	21	20	8	22	6	13	18	23	4	3	14	11	5	1	25	10	2	9	19	17
8220	9	4	24	14	15	12	11	1	7	6	20	2	8	17	18	10	25	16	3	13	23	19	22	5	21
8221	5	1	25	12	24	11	10	19	22	14	17	2	9	21	23	7	8	13	15	16	3	6	4	20	18
8222	13	10	11	15	12	19	17	4	9	14	18	16	23	24	22	25	6	7	5	20	8	21	3	1	2
8223	18	20	21	15	16	17	22	7	2	23	9	3	12	24	4	11	10	19	25	14	6	8	5	1	13
8224	20	22	25	16	14	12	15	11	6	5	8	3	23	4	18	19	1	17	2	9	7	24	10	21	13
8225	10	3	11	6	12	7	21	19	14	16	18	9	23	2	4	20	13	8	17	5	15	25	1	24	22
8226	10	4	19	15	2	3	21	1	16	6	8	17	18	14	23	7	20	22	11	12	13	9	24	25	5
8227	19	25	15	24	7	9	1	23	6	14	21	11	4	8	16	20	3	17	12	2	22	13	18	5	10
8228	12	25	1	7	22	2	9	8	21	14	15	17	19	13	24	18	10	6	16	4	11	3	5	23	20
8229	9	23	19	8	25	3	10	2	22	20	17	12	4	18	11	16	6	14	7	15	21	5	24	13	1
8230	18	8	2	19	17	1	20	14	22	13	10	3	7	16	5	11	4	25	21	23	9	15	24	12	6
8231	4	17	21	11	3	8	10	9	13	23	25	7	1	16	5	14	2	20	6	22	18	15	12	24	19
8232	22	16	6	25	2	1	19	11	21	5	23	10	12	15	24	7	8	3	17	9	4	14	18	20	13
8233	1	10	8	12	9	15	16	4	3	25	22	2	14	18	7	24	13	20	6	17	11	21	23	5	19
8234	6	23	19	18	10	12	8	5	17	4	15	13	9	14	1	22	25	11	2	24	20	3	21	7	16
8235	4	6	25	15	5	9	11	16	21	23	1	19	18	8	24	7	2	20	10	12	13	22	14	3	17
8236	9	21	1	12	25	15	13	16	3	2	7	18	5	6	14	17	23	22	8	24	19	4	10	20	11
8237	1	23	20	21	17	3	16	10	24	15	6	25	18	11	4	2	8	19	22	5	13	14	9	12	7
8238	17	23	19	22	2	18	12	11	4	24	15	16	25	3	9	8	5	1	6	7	10	13	21	14	20
8239	19	22	13	23	24	16	7	1	6	10	12	4	8	25	18	9	5	21	14	15	2	17	3	20	11
8240	11	5	17	23	20	19	22	15	7	25	12	1	24	10	4	3	2	21	8	9	18	14	6	13	16
8241	5	6	19	17	16	25	15	14	22	8	4	20	1	9	7	21	10	2	18	24	11	12	23	3	13
8242	4	1	22	7	3	6	10	16	11	17	19	21	5	23	12	2	25	9	8	18	13	15	20	14	24
8243	16	3	24	2	12	23	7	14	13	21	9	17	19	5	11	22	25	18	8	10	6	20	4	15	1
8244	22	3	18	16	10	2	17	14	8	9	25	12	11	13	20	5	4	7	24	23	15	21	6	19	1
8245	18	17	6	12	2	5	25	4	14	1	13	3	7	22	11	16	15	20	19	24	8	23	10	21	9
8246	13	5	25	14	11	1	15	23	9	4	12	22	17	2	18	8	10	24	20	16	7	21	3	19	6
8247	10	22	3	6	2	8	19	7	20	18	15	1	21	24	14	23	25	17	9	5	4	16	12	13	11
8248	1	17	5	16	7	11	6	15	4	14	23	19	24	20	25	3	10	8	22	9	2	12	21	18	13
8249	11	10	8	13	17	6	21	19	14	18	3	9	25	2	7	12	22	1	24	20	16	23	4	15	5
8250	2	16	8	13	12	24	14	11	19	18	3	20	17	6	25	15	22	9	10	4	5	7	21	23	1
8251	17	23	12	11	3	14	18	6	19	2	20	13	25	8	9	16	7	10	5	22	1	21	15	4	24
8252	8	23	18	17	5	24	20	11	13	1	4	9	6	12	14	22	25	15	16	21	19	3	7	2	10
8253	3	19	8	13	16	4	1	7	9	11	20	14	18	17	5	12	22	23	24	6	15	2	10	25	21
8254	24	4	25	9	11	21	8	10	6	13	5	2	20	12	23	17	3	19	15	16	18	7	22	1	14
8255	2	3	8	20	7	14	5	17	16	12	19	15	4	18	25	24	10	23	1	11	6	9	13	21	22
8256	3	14	24	5	8	16	15	7	21	25	23	10	22	19	13	9	17	1	18	12	4	6	11	2	20
8257	6	3	19	13	21	2	17	8	20	23	18	5	12	14	22	4	10	16	1	11	9	15	7	24	25
8258	20	15	14	2	5	21	3	11	1	24	6	9	7	10	25	17	22	4	16	18	8	13	23	19	12
8259	9	16	22	6	2	5	13	19	24	25	18	14	11	20	21	15	10	23	12	17	3	4	7	8	1
8260	2	10	11	23	19	17	16	4	9	25	13	8	21	14	18	24	3	12	5	22	20	15	1	6	7
8261	14	11	20	2	8	18	22	12	21	4	3	6	16	13	5	19	1	9	25	24	17	15	23	10	7
8262	15	17	13	9	24	14	1	25	21	19	10	12	23	6	4	11	3	5	16	22	2	20	7	18	8
8263	10	2	19	8	5	18	13	16	15	6	4	14	25	23	7	17	12	22	21	9	24	3	11	1	20
8264	14	2	23	22	19	15	13	24	18	4	9	8	1	3	10	11	16	21	20	17	5	6	25	12	7
8265	24	11	7	25	16	10	14	18	2	21	6	12	17	5	1	4	8	23	15	9	19	20	13	3	22
8266	21	5	14	2	23	7	11	3	17	16	9	15	6	19	24	22	1	13	12	8	25	4	18	10	20
8267	1	25	23	18	14	17	3	7	2	21	10	16	22	12	4	15	11	9	19	5	24	6	13	8	20
8268	21	9	1	18	7	12	11	17	2	3	19	16	10	15	13	5	8	4	24	22	6	25	23	14	20
8269	8	1	23	14	11	20	13	6	17	2	3	4	5	19	24	12	22	10	9	21	25	16	15	7	18
8270	23	22	9	10	11	1	15	6	14	8	2	24	20	25	3	12	17	13	5	4	16	18	7	21	19
8271	12	21	19	3	11	6	16	13	22	25	17	10	14	5	4	8	18	1	9	7	20	15	24	23	2
8272	19	21	2	18	4	23	1	22	10	24	7	15	5	8	12	13	20	11	14	17	6	16	9	25	3
8273	24	18	22	1	13	5	10	25	4	6	16	21	8	11	3	14	7	17	9	23	12	15	19	20	2
8274	8	2	3	14	15	23	11	9	25	21	5	10	4	1	19	20	6	22	16	13	12	24	17	18	7
8275	12	4	13	21	8	1	24	23	16	10	9	22	14	15	7	19	20	2	18	25	3	17	11	5	6
8276	17	4	12	9	20	14	18	13	10	6	23	7	22	15	24	16	1	3	21	25	8	19	2	5	11
8277	25	22	18	10	8	19	13	21	24	7	15	4	23	9	14	11	2	1	3	6	20	5	16	12	17
8278	9	1	7	23	11	24	4	13	18	22	15	16	5	21	2	6	25	17	12	20	10	19	8	14	3
8279	13	25	15	11	8	23	2	18	24	4	21	17	16	14	22	6	5	1	12	10	20	7	9	3	19
8280	2	10	17	11	14	9	16	3	20	15	7	21	12	25	23	24	8	5	1	13	19	22	18	4	6
8281	10	2	9	13	12	18	3	15	25	22	17	24	14	23	16	8	4	5	20	11	1	21	7	6	19
8282	8	11	19	20	12	3	9	15	10	14	4	1	13	23	22	2	25	18	5	17	7	21	16	6	24
8283	3	16	19	15	7	22	21	17	8	11	9	18	25	4	20	12	23	1	6	5	2	14	10	13	24
8284	23	1	2	6	17	24	10	5	15	20	19	9	7	25	3	16	21	12	8	11	22	4	13	14	18
8285	4	5	12	17	13	15	1	11	16	3	23	14	9	7	19	6	18	20	21	2	25	8	10	24	22
8286	23	25	20	18	15	6	10	22	21	1	5	2	17	14	4	3	16	9	19	8	7	11	13	12	24
8287	10	23	14	24	22	8	9	12	25	11	19	7	21	3	5	20	15	2	13	17	6	18	16	1	4
8288	23	13	14	25	3	16	4	18	1	15	10	24	6	19	17	2	12	7	21	20	9	11	22	8	5
8289	2	8	10	4	9	6	18	16	20	1	19	5	14	13	15	17	7	21	22	11	12	25	24	3	23
8290	24	25	17	21	9	11	22	8	20	18	23	2	16	10	4	15	1	13	7	6	19	12	3	14	5
8291	16	8	15	24	23	19	20	13	21	10	2	7	12	4	18	1	3	22	11	9	14	6	5	17	25
8292	6	22	2	23	17	11	9	14	21	24	8	13	1	25	5	18	4	3	19	12	16	10	15	7	20
8293	17	20	19	18	23	11	2	5	22	14	7	13	4	8	16	6	15	10	3	9	25	1	21	24	12
8294	13	14	4	23	9	22	10	12	25	1	24	19	2	15	18	21	20	7	11	17	16	5	6	3	8
8295	4	16	15	2	20	5	1	9	19	17	11	6	21	24	7	23	8	13	12	10	25	14	18	22	3
8296	20	16	11	22	25	24	14	2	1	9	18	6	17	13	3	15	5	19	23	12	7	10	8	21	4
8297	11	16	10	21	24	8	15	12	3	5	23	20	13	1	14	22	2	9	18	17	6	4	19	25	7
8298	4	2	12	1	11	9	16	5	21	10	19	17	14	3	8	18	20	15	6	23	7	22	25	24	13
8299	8	20	17	25	5	13	11	23	19	6	18	16	14	4	22	12	24	2	1	21	9	3	10	7	15
8300	14	9	15	23	8	16	17	13	2	18	5	10	4	11	22	24	6	20	12	3	1	19	25	21	7
8301	6	20	21	11	8	5	24	2	14	19	15	7	16	9	17	22	25	10	18	3	4	23	13	1	12
8302	17	24	10	2	8	6	4	15	21	13	18	14	25	7	16	12	22	1	23	5	11	19	20	3	9
8303	15	4	25	20	8	2	14	18	13	24	10	11	23	12	5	22	3	1	19	9	6	16	17	7	21
8304	25	17	18	20	10	22	2	6	4	16	8	9	23	15	5	13	21	11	1	14	7	24	3	19	12
8305	10	16	13	9	20	3	5	8	21	23	17	22	14	2	18	15	6	7	24	1	11	12	19	4	25
8306	3	4	22	6	23	15	11	10	24	5	25	21	2	9	13	20	7	18	17	16	1	8	19	12	14
8307	25	22	16	24	11	17	14	2	13	15	20	21	3	4	6	10	18	9	5	8	1	23	12	19	7
8308	4	15	2	23	22	6	3	12	18	10	14	25	24	20	9	17	13	7	16	21	1	8	5	19	11
8309	24	20	8	3	14	17	4	11	12	16	23	5	22	15	19	25	1	6	21	10	9	13	18	7	2
8310	16	7	12	1	14	24	3	20	4	17	21	25	9	5	15	22	8	2	10	11	6	19	23	18	13
8311	16	1	21	5	11	3	10	19	15	14	18	24	17	6	2	7	20	9	22	12	8	13	25	4	23
8312	15	3	23	5	11	7	12	4	25	14	20	22	8	19	16	18	9	24	17	1	21	2	10	6	13
8313	17	24	23	4	16	8	3	18	7	13	20	15	10	11	6	19	14	25	9	12	22	21	5	1	2
8314	14	21	24	19	18	6	4	25	16	12	5	11	2	3	8	20	23	22	1	7	15	9	17	13	10
8315	11	18	23	21	20	8	12	9	14	16	6	25	13	15	19	24	7	1	17	22	3	10	5	4	2
8316	16	5	18	14	11	10	12	1	25	9	15	20	23	8	3	4	19	21	7	2	13	24	6	22	17
8317	13	20	23	11	4	21	6	3	22	5	9	15	18	19	12	17	1	10	14	2	25	8	7	16	24
8318	18	7	6	14	22	11	20	25	8	1	16	10	13	12	2	23	24	3	4	21	19	5	9	15	17
8319	22	13	18	8	1	25	10	7	16	15	6	20	3	21	23	5	11	9	12	4	17	24	2	14	19
8320	10	13	23	22	16	12	17	4	6	14	5	2	7	25	20	18	1	24	3	9	15	8	19	21	11
8321	23	9	7	20	12	13	19	25	17	11	18	3	2	16	14	24	10	1	5	6	4	15	21	22	8
8322	13	3	6	12	20	15	9	11	4	19	1	22	18	17	21	24	16	23	2	5	7	14	10	25	8
8323	1	8	13	11	18	3	7	15	4	2	6	20	10	14	23	9	24	19	16	21	12	17	25	5	22
8324	6	5	12	9	11	24	4	1	15	21	22	8	18	25	23	14	19	20	7	2	3	13	17	10	16
8325	16	2	20	23	9	8	11	22	1	25	24	14	21	10	3	12	13	17	15	18	7	19	5	4	6
8326	20	16	12	11	3	4	17	18	2	23	22	15	5	1	7	14	19	6	24	25	21	8	9	10	13
8327	21	6	2	10	13	1	15	23	16	3	24	14	22	9	17	12	18	4	25	20	19	5	7	8	11
8328	21	12	3	7	6	11	2	19	20	15	16	14	1	9	25	5	17	23	10	24	18	22	4	8	13
8329	19	8	18	25	4	9	3	10	22	14	11	23	24	1	17	6	16	20	2	21	5	7	13	15	12
8330	5	8	12	17	15	18	6	13	9	20	14	1	11	24	16	2	10	7	25	3	23	4	22	21	19
8331	25	24	1	14	15	21	17	4	8	9	19	10	18	20	13	11	2	22	23	5	7	16	6	12	3
8332	19	21	23	11	5	25	3	12	6	10	14	17	8	15	1	2	20	16	24	22	9	4	7	18	13
8333	23	13	8	24	18	16	20	17	14	15	2	4	1	7	11	19	3	25	12	22	10	9	21	5	6
8334	21	9	13	24	23	15	12	4	20	19	7	18	10	17	14	3	11	16	5	2	1	25	8	6	22
8335	19	16	23	14	15	2	7	9	20	1	24	5	25	3	13	10	21	17	11	12	4	22	8	6	18
8336	15	17	1	7	19	25	23	2	13	5	3	11	12	16	14	21	8	20	18	9	22	24	4	10	6
8337	4	2	12	24	15	17	3	5	18	25	20	10	1	9	21	16	13	22	11	8	7	19	14	23	6
8338	16	2	19	24	13	1	18	12	17	3	23	14	25	6	8	21	4	20	10	7	15	5	9	22	11
8339	4	12	6	10	1	21	15	8	20	9	3	23	18	19	7	22	11	16	5	24	14	25	2	17	13
8340	16	15	2	1	6	11	12	13	24	10	8	23	17	21	22	5	3	25	20	18	7	19	4	14	9
8341	25	5	11	14	24	2	22	8	20	15	19	17	21	16	18	6	10	9	13	1	7	3	23	4	12
8342	23	13	19	24	18	21	15	8	14	22	5	7	20	2	17	11	3	16	1	9	25	10	6	12	4
8343	9	14	10	15	1	19	17	11	7	12	6	8	4	24	23	21	18	5	25	22	16	2	20	13	3
8344	16	5	23	13	18	2	11	22	19	3	24	7	10	8	17	14	4	1	20	25	9	15	12	6	21
8345	6	17	20	2	18	5	9	24	16	21	8	13	7	15	11	14	19	4	12	1	23	25	10	22	3
8346	16	9	5	4	22	18	21	24	8	17	15	20	12	10	23	7	13	14	3	19	11	25	2	1	6
8347	10	11	16	7	12	8	2	22	20	1	18	17	23	3	14	13	5	6	21	15	24	4	25	9	19
8348	8	6	18	2	20	12	16	3	19	7	21	11	23	5	24	4	1	17	10	14	22	15	13	25	9
8349	17	24	8	11	16	14	19	5	6	3	1	25	22	7	9	18	12	10	2	13	15	21	4	23	20
8350	11	15	8	18	1	20	2	7	22	24	3	23	21	19	4	16	14	13	5	25	9	12	17	10	6
8351	12	22	20	25	15	9	16	2	5	17	4	8	19	24	6	14	21	23	1	13	7	10	3	11	18
8352	6	4	22	13	24	23	7	20	21	12	17	8	16	5	1	10	25	11	19	14	3	15	18	2	9
8353	19	15	13	6	3	5	11	16	18	9	20	17	7	22	25	21	4	24	12	2	1	23	8	10	14
8354	23	3	21	20	17	5	1	22	25	15	8	12	18	11	4	9	13	6	2	19	16	24	14	10	7
8355	3	22	21	4	7	8	20	25	15	5	9	14	24	1	19	16	18	10	13	23	12	11	17	6	2
8356	3	6	23	9	16	2	4	5	24	1	18	22	15	20	12	21	17	13	25	14	10	11	7	8	19
8357	8	10	12	16	9	22	15	11	23	6	18	13	4	20	24	21	3	17	25	5	1	14	19	7	2
8358	19	4	14	3	21	5	11	2	15	20	9	25	24	17	7	8	12	16	1	6	23	10	22	13	18
8359	22	7	2	17	12	3	20	13	6	8	9	5	1	18	4	25	11	19	23	10	14	15	16	21	24
8360	12	13	2	15	1	9	25	16	22	7	21	23	6	3	10	11	14	18	20	5	8	24	17	4	19
8361	13	22	4	17	5	18	12	16	14	10	11	21	23	15	19	1	25	3	7	6	20	2	9	24	8
8362	13	8	10	9	3	21	22	16	17	7	14	1	2	11	15	19	24	4	18	12	5	23	20	25	6
8363	23	4	2	18	12	6	25	17	3	20	5	15	11	7	10	9	22	13	14	8	21	1	24	19	16
8364	12	2	10	17	16	14	13	7	25	24	19	3	22	5	9	4	1	21	15	8	6	18	11	23	20
8365	13	1	15	4	14	7	25	19	8	18	12	9	2	23	11	6	17	22	24	3	21	16	20	5	10
8366	18	2	16	7	11	21	13	19	9	20	5	4	23	17	14	24	12	15	6	10	22	3	25	1	8
8367	21	15	14	22	6	24	19	2	16	3	23	17	9	4	8	12	10	5	13	11	25	1	18	20	7
8368	13	23	8	6	25	4	11	7	16	17	19	24	21	12	3	14	18	1	22	2	10	5	15	9	20
8369	1	8	11	16	6	19	5	14	22	21	3	2	7	10	18	23	17	15	9	4	12	20	13	24	25
8370	14	8	10	9	21	3	15	1	20	12	4	16	11	19	2	18	22	25	6	23	7	5	24	17	13
8371	22	6	16	21	13	2	5	12	25	24	4	15	23	3	7	14	10	18	1	11	17	8	20	19	9
8372	3	7	10	11	17	9	12	20	16	21	13	6	2	19	15	5	1	25	24	23	8	14	18	22	4
8373	20	15	24	8	17	19	22	6	23	18	21	16	5	4	13	1	11	12	2	7	3	10	14	9	25
8374	17	10	24	8	6	22	13	11	18	15	7	2	25	9	23	1	5	12	3	14	20	4	16	19	21
8375	13	24	12	16	25	23	18	10	5	8	17	1	7	22	3	15	9	2	11	20	21	4	6	19	14
8376	10	13	25	22	9	14	2	8	16	24	17	20	21	7	5	3	12	6	23	19	11	15	4	18	1
8377	1	8	22	24	5	3	17	15	21	23	6	14	25	13	4	9	19	16	12	20	10	11	2	18	7
8378	3	5	19	25	14	24	7	15	13	9	16	22	11	20	12	17	1	18	23	4	21	10	8	2	6
8379	19	14	7	5	4	20	23	22	11	1	9	12	2	17	16	10	8	3	15	25	18	24	13	6	21
8380	4	11	22	23	13	20	14	7	12	25	6	9	19	15	24	8	16	1	5	2	10	18	21	3	17
8381	4	5	7	10	23	2	24	9	15	12	13	3	8	17	19	6	21	1	16	11	18	25	22	20	14
8382	23	7	5	13	15	9	10	1	4	24	17	21	18	25	22	19	16	11	12	14	20	2	3	6	8
8383	1	3	17	2	24	22	12	10	13	7	4	23	8	20	11	16	18	19	25	6	14	21	5	15	9
8384	16	22	7	5	3	25	8	1	12	15	13	23	17	14	18	24	6	11	2	21	20	19	4	10	9
8385	3	6	24	7	15	2	19	8	12	16	11	20	17	5	9	10	1	25	4	22	13	18	14	23	21
8386	14	7	22	11	2	19	23	15	6	18	10	13	5	8	17	3	4	9	21	24	16	25	12	1	20
8387	20	13	24	9	14	4	19	23	17	7	11	18	8	12	16	5	22	25	10	21	15	6	1	3	2
8388	7	5	10	19	20	17	2	13	6	8	4	18	9	16	1	21	3	23	12	24	22	11	25	15	14
8389	6	21	4	2	9	16	20	25	5	12	18	1	19	7	14	23	13	24	8	22	11	3	17	15	10
8390	2	5	13	15	4	23	12	22	3	21	7	1	18	25	17	20	9	8	24	16	19	11	10	14	6
8391	6	25	24	17	21	12	19	18	7	8	23	4	14	9	2	3	11	22	5	15	20	10	16	13	1
8392	1	5	11	19	18	3	10	14	17	21	13	20	25	23	4	9	15	12	24	6	22	8	16	2	7
8393	21	6	2	15	11	7	14	17	3	5	20	10	4	12	9	16	19	22	23	13	25	1	24	8	18
8394	16	1	2	24	10	3	19	11	7	4	13	25	14	12	9	18	22	21	17	5	20	8	15	6	23
8395	21	23	22	18	14	11	8	10	16	5	20	13	19	3	24	6	12	9	17	1	7	4	25	15	2
8396	16	25	15	14	5	22	12	20	24	3	10	2	13	4	9	1	11	7	8	19	17	18	6	23	21
8397	14	12	15	20	24	8	11	9	22	18	19	1	25	6	13	23	7	5	4	21	10	16	3	17	2
8398	18	10	25	15	21	7	11	19	22	23	1	14	20	13	3	2	24	17	9	16	5	6	4	8	12
8399	12	22	16	14	8	6	13	19	1	20	2	15	18	4	21	5	24	25	10	7	11	23	9	17	3
8400	10	17	22	24	9	25	4	20	15	2	13	12	21	7	18	16	19	1	14	3	11	8	6	5	23
8401	18	2	19	5	1	12	21	16	6	20	25	24	4	3	7	13	9	17	14	15	8	23	11	22	10
8402	14	9	2	16	17	3	6	22	23	8	1	12	4	10	18	24	13	19	15	5	7	20	21	25	11
8403	6	7	16	24	10	9	17	21	4	22	1	14	18	20	8	11	15	13	12	23	19	5	3	2	25
8404	1	8	7	5	16	19	11	3	2	23	9	18	21	10	15	12	6	24	13	14	22	25	20	17	4
8405	9	1	17	23	11	4	12	15	20	5	10	21	13	16	3	2	8	7	19	25	6	14	18	22	24
8406	14	20	3	21	19	17	8	4	18	6	7	22	15	24	11	25	13	2	12	10	16	1	23	9	5
8407	23	22	25	1	11	10	5	19	24	6	17	2	7	20	13	16	9	14	18	15	12	21	8	3	4
8408	5	21	10	17	1	23	22	4	11	12	3	6	15	14	19	18	16	8	13	9	20	25	24	2	7
8409	15	8	25	7	10	19	2	17	21	3	16	11	22	6	14	9	24	13	23	5	12	1	20	4	18
8410	2	21	10	16	13	24	14	11	8	17	18	4	19	3	12	25	15	6	1	9	22	5	20	23	7
8411	13	5	2	10	16	22	15	14	23	21	25	20	24	12	19	17	8	4	9	1	6	11	3	7	18
8412	15	25	6	16	10	5	9	3	7	18	4	21	14	22	19	2	13	17	12	24	11	20	8	1	23
8413	14	13	21	12	2	23	9	25	15	20	1	4	24	5	7	19	22	17	6	11	8	16	18	3	10
8414	16	22	21	2	23	3	10	7	4	6	11	18	24	5	1	8	12	14	20	15	19	13	25	9	17
8415	22	17	23	12	16	4	10	5	9	20	8	14	19	21	11	7	25	1	6	3	24	13	15	18	2
8416	25	18	5	13	22	23	24	6	21	9	14	1	8	4	3	11	19	12	10	20	16	17	15	2	7
8417	20	7	11	12	21	25	6	9	14	4	19	10	5	17	8	2	1	24	16	23	18	13	22	3	15
8418	4	16	2	8	12	25	17	5	21	10	6	18	19	22	3	20	9	23	24	11	13	15	1	7	14
8419	5	10	25	7	16	13	6	12	24	2	18	21	14	19	11	17	1	22	4	20	15	23	8	9	3
8420	19	2	1	4	6	14	20	21	24	8	16	18	22	12	17	11	15	9	5	13	3	10	7	23	25
8421	17	1	22	4	14	16	6	24	23	2	15	18	25	7	20	19	21	13	10	12	3	8	11	9	5
8422	4	25	6	8	7	18	13	12	16	10	5	2	21	11	22	14	15	3	17	9	23	19	1	24	20
8423	7	13	5	21	16	2	22	4	25	3	1	9	11	14	24	10	19	20	17	23	12	8	6	18	15
8424	24	16	2	19	13	4	5	10	15	17	22	11	7	8	25	18	6	21	20	9	1	12	23	3	14
8425	9	3	13	2	16	22	12	19	20	8	24	5	14	4	11	1	25	18	21	7	17	6	15	10	23
8426	25	9	23	15	1	4	19	6	5	22	24	8	3	21	17	14	2	11	10	20	12	13	7	18	16
8427	22	12	13	1	7	5	20	11	4	19	2	25	9	15	24	18	17	16	8	6	21	3	14	10	23
8428	9	20	8	24	10	11	18	3	16	4	1	19	6	25	23	12	2	21	17	15	7	13	5	14	22
8429	11	13	24	18	12	16	5	10	6	21	15	1	8	23	9	25	3	4	19	14	17	20	7	2	22
8430	20	7	12	21	2	1	19	3	5	13	4	9	6	8	25	18	17	16	22	14	24	10	11	15	23
8431	5	15	13	11	4	12	17	16	1	18	20	25	19	9	3	14	24	6	7	22	23	21	8	10	2
8432	19	24	21	17	22	6	13	25	14	23	16	10	4	5	3	18	7	1	9	2	15	12	20	11	8
8433	16	8	23	20	15	3	24	25	10	5	11	13	7	2	18	12	17	14	9	4	21	6	19	1	22
8434	23	15	2	5	13	11	24	7	3	19	21	25	9	14	12	10	22	16	1	4	18	17	20	6	8
8435	10	20	16	18	11	1	5	21	14	19	4	9	25	23	12	24	15	6	7	8	22	2	13	3	17
8436	20	3	7	1	12	16	17	18	15	22	25	5	19	21	2	6	13	23	4	9	10	14	8	24	11
8437	2	25	17	7	1	22	20	4	11	12	10	8	19	14	21	9	15	16	23	24	18	3	6	5	13
8438	18	9	25	22	1	2	14	11	17	21	24	16	13	12	7	8	15	6	10	3	20	4	23	5	19
8439	24	10	9	14	2	16	7	3	22	15	25	6	21	17	1	19	20	18	12	5	4	8	11	23	13
8440	12	22	1	5	17	3	14	6	20	16	24	2	4	21	23	15	13	25	8	19	9	7	18	11	10
8441	20	2	3	21	15	7	13	22	10	17	11	14	25	4	18	9	12	23	8	6	19	24	16	5	1
8442	17	19	11	15	13	7	21	22	3	8	20	4	18	23	14	1	25	12	16	10	5	6	2	24	9
8443	19	14	22	5	12	7	9	15	4	16	2	21	23	13	17	24	10	3	20	18	25	6	8	1	11
8444	25	5	7	8	9	18	2	16	24	17	15	4	10	3	11	19	23	12	22	6	1	13	14	20	21
8445	4	22	18	14	8	16	15	11	5	24	12	19	20	6	3	1	13	25	9	23	2	10	21	7	17
8446	25	8	21	22	10	14	1	16	7	12	23	18	11	3	20	9	17	15	2	5	19	13	24	6	4
8447	18	2	10	15	13	17	21	19	24	23	1	20	8	4	16	11	22	12	25	6	7	14	3	9	5
8448	4	6	15	24	25	10	20	13	23	18	7	21	12	11	2	19	17	1	14	9	8	16	5	22	3
8449	19	6	17	4	18	3	13	2	7	14	5	8	20	15	16	21	22	24	1	12	25	9	11	23	10
8450	4	24	20	3	17	2	11	8	19	10	7	21	1	16	15	25	6	14	9	23	12	13	18	5	22
8451	16	9	6	22	4	5	13	3	25	24	19	20	11	23	7	15	12	17	8	18	1	10	14	21	2
8452	15	7	23	8	13	1	17	18	21	5	11	2	20	16	19	12	24	9	25	14	6	10	4	3	22
8453	11	5	3	2	24	7	21	14	6	19	16	20	10	13	4	9	22	17	23	1	8	25	18	12	15
8454	24	4	13	3	8	6	9	1	2	25	21	22	16	19	15	14	12	17	18	20	23	5	7	10	11
8455	15	11	7	23	24	17	14	20	2	3	25	10	6	4	18	13	16	12	21	19	22	1	5	9	8
8456	22	2	4	17	8	19	25	5	14	23	9	15	20	18	11	1	21	7	3	24	16	6	13	12	10
8457	24	2	11	4	17	19	8	10	16	6	12	1	25	5	20	13	7	23	21	18	22	15	14	9	3
8458	9	16	14	1	2	22	10	8	3	17	15	18	13	23	12	20	21	5	4	6	25	19	7	11	24
8459	4	7	5	1	23	12	14	22	2	24	16	3	8	10	13	15	17	9	19	11	21	20	6	18	25
8460	13	11	16	6	1	19	8	25	2	5	22	14	4	10	21	18	23	20	17	7	9	24	15	12	3
8461	13	21	24	19	3	1	20	5	2	15	8	22	18	25	23	12	11	14	9	4	10	7	6	16	17
8462	15	16	10	2	13	21	5	23	6	7	11	24	9	14	12	3	19	18	22	25	8	20	1	17	4
8463	18	1	3	13	21	16	10	22	23	25	4	14	19	8	11	12	6	9	15	2	5	7	24	20	17
8464	1	18	8	15	7	14	12	24	17	6	13	20	16	23	5	25	3	10	9	11	4	2	21	22	19
8465	13	16	7	8	11	3	12	24	2	5	18	10	20	1	4	22	23	15	19	17	9	25	14	6	21
8466	22	23	10	12	20	14	25	21	16	19	5	7	13	24	2	18	1	11	3	4	9	8	17	15	6
8467	1	7	2	12	4	15	8	16	5	20	22	13	9	23	6	25	14	17	24	3	19	11	21	10	18
8468	3	15	21	5	13	10	9	14	23	7	4	19	20	17	8	1	22	6	11	12	18	24	16	25	2
8469	22	16	17	12	5	23	25	8	4	7	18	21	11	20	6	2	10	14	13	24	19	15	1	9	3
8470	24	21	12	6	16	9	13	7	11	5	17	20	3	22	1	14	23	10	25	15	2	4	8	18	19
8471	25	13	18	4	17	3	21	5	22	8	9	10	23	15	24	11	1	6	14	12	7	16	20	19	2
8472	17	10	12	25	15	20	13	8	14	11	5	2	18	23	19	1	4	16	9	7	3	6	22	24	21
8473	7	19	12	13	16	11	14	4	23	5	1	8	25	6	18	24	3	21	22	10	20	9	2	15	17
8474	18	2	13	3	7	23	22	17	8	20	12	6	1	24	25	15	5	21	19	14	16	4	11	10	9
8475	18	1	20	23	12	7	15	14	5	9	24	10	13	11	4	8	17	19	2	3	6	25	22	16	21
8476	5	22	7	13	17	4	8	3	16	2	18	25	20	19	12	21	1	11	10	15	6	9	23	14	24
8477	20	16	14	24	10	1	8	11	15	5	19	18	9	7	3	4	22	6	13	25	21	12	17	23	2
8478	2	14	13	25	20	15	21	7	16	10	12	4	22	5	18	19	11	6	3	24	8	9	23	17	1
8479	21	24	10	13	19	14	7	25	15	17	9	2	11	5	3	18	16	12	22	1	23	8	6	20	4
8480	14	4	6	5	10	19	7	15	21	18	9	3	22	16	20	11	2	8	13	17	24	23	12	25	1
8481	19	25	12	24	8	16	5	15	10	1	17	14	4	18	21	9	11	6	22	7	2	23	20	3	13
8482	24	12	1	11	14	10	20	16	25	8	3	15	2	19	6	13	18	21	4	7	17	5	23	22	9
8483	2	19	5	16	23	20	12	1	15	22	6	4	8	25	24	17	9	13	11	21	7	3	18	14	10
8484	9	25	15	16	7	17	8	1	23	19	18	21	12	4	2	22	3	6	5	10	20	11	13	14	24
8485	15	22	25	20	17	21	5	13	19	23	18	1	9	4	6	24	10	16	3	2	7	8	14	11	12
8486	7	19	25	1	23	13	6	16	9	10	4	22	14	5	17	18	3	21	8	2	15	20	24	12	11
8487	19	22	11	17	24	2	10	23	6	18	25	5	8	15	4	21	1	7	13	3	12	9	14	16	20
8488	3	4	18	24	20	7	6	25	16	1	14	9	22	21	5	12	2	17	23	11	8	15	13	10	19
8489	13	22	16	23	25	19	8	7	18	15	3	5	6	4	12	10	2	9	17	21	11	20	24	14	1
8490	19	17	23	4	16	15	9	8	11	24	14	7	25	2	13	20	10	22	5	18	3	21	12	6	1
8491	21	6	25	18	20	23	24	5	2	1	8	14	16	17	3	13	11	15	9	10	4	7	12	19	22
8492	6	19	22	11	24	1	25	16	2	5	23	8	17	4	3	9	14	12	18	13	15	20	10	21	7
8493	6	10	11	3	20	1	13	18	2	9	8	16	14	5	23	24	25	21	17	22	7	4	12	15	19
8494	9	7	5	18	6	10	8	4	19	15	1	16	21	12	20	3	2	22	24	13	11	23	17	25	14
8495	10	13	8	9	17	11	14	16	22	23	25	1	3	5	20	7	6	19	24	18	4	15	2	12	21
8496	4	18	14	25	5	24	21	19	6	10	11	13	3	1	7	8	2	23	9	17	20	15	16	12	22
8497	1	4	20	3	13	7	19	9	6	12	10	23	22	2	5	16	18	14	15	8	24	17	25	11	21
8498	14	1	10	20	8	21	11	6	15	19	2	24	16	25	9	7	5	18	3	22	23	13	12	17	4
8499	1	2	12	4	5	22	23	19	8	20	7	16	17	11	24	14	3	10	9	15	13	18	6	25	21
8500	16	7	20	2	25	13	6	19	5	17	24	1	8	23	18	3	14	10	11	12	21	9	22	15	4
8501	25	12	11	9	18	6	13	1	17	15	4	2	21	7	10	14	22	3	5	16	24	23	19	8	20
8502	4	19	14	18	12	2	5	20	24	16	1	13	15	8	7	9	10	25	17	22	21	3	11	23	6
8503	15	14	3	1	21	19	4	22	23	24	13	2	10	9	25	18	5	11	6	17	8	20	7	16	12
8504	17	14	9	15	24	10	21	8	12	20	19	3	1	6	23	5	22	11	25	7	4	16	2	13	18
8505	15	19	12	24	14	5	2	8	1	6	18	11	20	16	3	13	17	10	7	21	23	4	22	25	9
8506	4	6	14	21	10	22	2	25	20	7	8	9	12	5	18	19	15	13	1	16	17	23	11	3	24
8507	6	14	4	7	17	23	21	20	2	11	13	24	16	3	1	12	15	5	22	19	18	25	9	10	8
8508	10	11	21	13	24	8	16	3	5	2	25	4	18	19	12	9	20	7	14	6	17	15	22	23	1
8509	8	14	19	22	7	24	15	13	6	16	10	21	9	4	2	25	20	3	18	17	23	1	5	12	11
8510	10	25	12	6	16	8	20	3	21	15	18	2	1	14	5	4	11	13	23	7	9	24	19	17	22
8511	21	16	18	10	13	2	8	6	7	12	23	22	3	17	20	5	1	19	15	24	4	25	14	11	9
8512	13	12	9	15	24	21	6	8	14	20	4	10	17	3	5	16	25	2	22	7	18	1	11	23	19
8513	4	10	7	14	11	3	23	17	1	15	22	9	6	25	16	20	21	2	12	13	8	18	19	5	24
8514	10	3	2	12	1	9	8	7	11	18	14	6	23	13	5	25	16	24	17	22	21	15	20	19	4
8515	15	1	2	14	25	13	8	16	12	7	9	20	19	22	21	10	17	3	4	11	18	6	23	24	5
8516	14	24	5	6	23	21	17	25	10	11	18	16	12	22	9	2	13	19	8	7	4	20	1	15	3
8517	16	6	11	23	25	17	24	8	9	7	1	4	13	19	18	12	22	2	15	3	14	20	21	10	5
8518	11	9	6	1	3	25	17	15	21	7	24	16	4	20	10	14	23	5	12	22	18	13	8	19	2
8519	17	18	2	20	10	15	6	21	11	12	1	9	22	24	23	3	19	13	4	8	16	14	25	5	7
8520	23	19	20	17	22	9	16	1	13	12	7	24	2	21	25	6	11	15	5	14	3	18	4	8	10
8521	24	17	8	25	13	11	10	22	15	2	3	7	9	23	21	6	1	20	19	4	5	14	16	18	12
8522	17	9	21	14	5	10	12	6	23	1	19	11	2	16	15	24	8	22	20	25	7	4	13	3	18
8523	1	16	6	18	19	25	13	4	15	3	10	7	21	23	11	5	24	22	12	14	9	8	17	2	20
8524	19	25	22	23	2	24	13	16	9	5	7	11	4	14	17	1	20	21	15	10	18	6	3	12	8
8525	14	3	11	21	12	15	6	1	5	9	19	23	13	7	2	10	17	22	8	24	20	4	18	16	25
8526	12	10	4	2	16	24	5	21	23	15	22	14	25	19	20	3	7	9	17	1	13	6	18	11	8
8527	13	24	2	19	10	3	20	21	16	4	23	25	5	22	7	15	14	9	6	11	8	1	17	12	18
8528	12	9	20	24	15	17	22	2	10	7	5	18	8	4	23	16	21	19	1	13	3	11	14	6	25
8529	7	6	13	2	9	15	17	3	18	22	21	25	14	24	5	1	16	8	10	4	12	19	20	11	23
8530	5	25	19	21	10	3	7	11	20	8	15	12	16	1	23	22	9	14	4	17	18	6	13	2	24
8531	10	5	8	9	22	3	25	17	6	4	15	13	7	18	20	1	24	16	23	12	2	21	14	19	11
8532	22	20	10	24	25	4	2	5	19	23	12	14	17	21	3	7	13	16	8	1	18	15	6	11	9
8533	1	22	14	8	20	10	21	12	2	4	23	24	19	17	18	6	3	11	16	15	7	25	13	5	9
8534	21	5	25	2	14	11	6	19	9	22	10	4	16	12	8	24	20	23	17	3	13	1	7	15	18
8535	16	23	25	13	4	20	17	24	14	5	22	12	3	9	19	1	21	7	11	18	8	15	10	6	2
8536	22	17	2	25	14	12	3	8	10	4	23	15	6	9	21	7	13	11	24	20	18	5	16	1	19
8537	22	19	20	12	14	24	1	10	11	6	3	16	17	5	23	8	21	4	2	15	18	25	9	13	7
8538	9	25	4	5	2	14	6	11	19	23	20	8	16	21	17	22	18	24	7	1	3	13	10	15	12
8539	15	9	22	13	7	10	11	20	14	12	8	5	21	18	16	23	24	17	6	25	2	19	3	1	4
8540	25	23	12	3	9	10	19	16	1	5	2	8	7	4	20	24	13	6	22	15	17	11	21	14	18
8541	9	22	16	11	2	15	5	12	23	4	8	6	1	17	19	7	3	10	20	21	24	13	18	14	25
8542	10	22	6	9	2	3	11	4	20	13	25	23	8	12	1	21	7	14	18	5	15	24	17	16	19
8543	11	23	22	5	18	16	9	15	19	2	10	21	13	4	24	1	20	7	8	17	25	12	3	14	6
8544	5	13	22	14	4	9	12	8	17	24	3	10	2	19	18	21	25	6	7	11	15	16	23	1	20
8545	13	12	16	25	15	23	19	7	11	4	2	8	6	3	18	9	17	22	5	10	1	24	14	20	21
8546	8	4	3	13	21	17	6	22	10	20	2	19	14	18	23	16	5	7	12	25	11	1	9	15	24
8547	19	12	14	23	17	7	25	13	11	9	24	18	2	5	22	10	21	1	16	3	15	8	20	6	4
8548	12	1	17	7	2	6	21	13	25	14	22	19	8	11	15	5	4	23	10	18	20	9	16	3	24
8549	17	1	15	24	8	11	6	4	20	25	22	14	23	21	12	2	16	10	9	19	7	3	5	13	18
8550	3	15	8	10	14	18	9	13	6	21	19	1	5	23	11	2	25	16	17	7	24	4	20	22	12
8551	8	4	10	18	1	5	15	2	9	6	12	16	11	25	14	7	3	20	22	24	13	23	19	21	17
8552	2	9	15	3	22	19	18	6	10	20	14	16	23	1	11	24	7	17	12	5	8	21	4	25	13
8553	13	20	18	21	15	4	8	22	2	10	14	19	11	6	23	17	12	16	1	9	25	24	3	7	5
8554	4	12	20	14	7	25	13	23	24	21	17	15	2	19	9	16	10	11	18	3	6	1	5	8	22
8555	7	14	25	20	16	13	3	9	19	21	10	24	5	1	15	6	4	8	17	23	22	2	12	11	18
8556	14	20	12	23	13	19	25	1	9	10	17	24	5	6	3	22	21	11	15	4	16	18	8	7	2
8557	22	3	17	14	2	7	18	20	19	13	6	9	16	11	8	12	4	24	15	5	25	21	10	1	23
8558	13	16	12	14	22	8	11	3	18	20	19	17	6	5	21	15	24	25	9	7	1	2	10	4	23
8559	15	21	14	12	9	10	22	1	6	11	25	13	19	24	18	7	5	20	23	2	17	16	4	8	3
8560	25	23	22	13	20	4	2	24	15	7	1	21	10	5	19	16	17	6	9	11	12	18	3	8	14
8561	24	13	22	20	1	5	6	10	18	11	7	8	14	15	25	17	3	19	12	21	4	16	2	9	23
8562	15	25	12	7	23	6	18	2	10	22	1	3	5	11	14	21	20	17	13	16	8	19	4	24	9
8563	19	11	25	3	18	8	21	4	17	23	12	1	7	22	2	10	13	5	14	6	16	24	15	9	20
8564	14	9	12	5	1	6	15	2	10	13	25	7	3	8	24	22	19	20	4	11	18	16	21	23	17
8565	20	17	18	13	22	25	9	8	21	11	14	6	12	19	15	5	4	10	1	23	2	24	16	7	3
8566	8	6	5	4	17	9	20	10	1	19	21	3	14	24	18	25	22	12	13	7	11	2	15	16	23
8567	2	22	12	24	19	8	18	17	16	7	4	21	15	10	20	25	9	14	3	6	5	1	13	11	23
8568	8	9	6	11	15	21	1	3	18	7	13	5	2	22	14	20	17	16	4	19	25	12	23	24	10
8569	6	25	12	15	20	24	22	16	13	10	21	8	2	1	17	23	4	18	19	11	7	14	5	3	9
8570	2	12	23	19	5	11	16	8	13	3	18	6	7	4	1	22	15	9	25	10	14	24	17	20	21
8571	3	7	1	2	24	9	15	5	13	4	12	11	17	16	8	10	25	21	22	14	19	20	18	23	6
8572	14	25	12	16	9	11	23	15	18	4	24	7	17	2	10	8	21	13	1	5	3	6	19	20	22
8573	25	15	7	18	8	20	21	22	5	3	10	1	12	11	17	19	16	2	14	13	23	9	24	6	4
8574	21	5	17	6	23	18	24	3	1	11	22	12	16	7	10	20	8	4	2	19	14	15	25	13	9
8575	6	20	14	11	12	8	13	2	9	7	25	23	19	4	3	16	24	1	15	10	17	5	22	18	21
8576	4	8	20	15	13	5	23	21	1	9	2	24	7	16	22	17	3	14	6	10	19	12	11	25	18
8577	18	16	15	10	20	23	4	2	6	17	25	22	5	9	19	1	24	7	11	14	12	21	8	3	13
8578	7	21	23	19	12	17	25	24	10	4	11	20	18	16	9	1	6	5	22	15	14	13	8	3	2
8579	17	15	10	7	11	4	3	24	19	8	2	5	18	21	16	12	20	25	1	14	22	6	23	13	9
8580	24	19	10	12	9	4	22	2	25	3	13	8	14	16	17	6	23	21	7	20	15	18	5	11	1
8581	10	16	2	11	4	13	7	18	24	9	23	5	19	3	21	8	1	12	15	20	6	14	22	25	17
8582	3	14	20	2	15	23	7	13	22	21	18	4	19	10	5	8	24	17	16	9	11	25	12	1	6
8583	21	7	8	4	18	11	3	17	20	5	19	13	16	14	25	6	10	15	23	22	1	12	24	9	2
8584	12	9	6	7	2	13	21	4	15	23	3	16	25	22	17	20	18	14	24	10	19	11	1	8	5
8585	21	16	10	1	14	20	7	6	9	19	23	5	18	13	3	15	25	2	17	4	12	22	8	24	11
8586	24	5	19	14	3	23	20	7	10	2	25	16	6	21	17	8	12	11	15	9	4	13	1	18	22
8587	5	24	7	6	8	16	21	22	14	17	13	23	10	1	18	12	3	25	4	9	15	20	19	11	2
8588	24	2	5	12	4	21	25	10	13	23	3	15	8	16	7	17	14	1	22	20	18	9	19	6	11
8589	12	5	25	15	20	11	22	21	23	9	3	14	18	17	7	1	13	8	16	2	4	19	24	6	10
8590	3	17	6	10	8	4	1	13	7	22	16	21	14	11	18	24	12	9	25	19	23	2	20	5	15
8591	20	7	15	16	4	17	1	2	25	13	9	12	5	23	11	8	22	24	6	19	18	14	21	10	3
8592	22	25	10	15	14	11	23	8	24	13	7	19	16	3	1	6	5	4	21	9	17	20	2	12	18
8593	24	18	25	12	19	7	2	8	6	1	5	14	11	16	10	23	3	13	20	9	17	22	15	4	21
8594	18	9	10	1	20	6	19	14	2	21	12	5	7	15	24	16	22	23	11	3	17	13	4	25	8
8595	24	21	14	4	1	19	9	15	3	8	16	2	7	25	23	22	12	5	10	17	20	13	6	18	11
8596	8	14	12	17	7	3	9	6	21	10	15	22	19	18	20	5	13	23	1	11	4	24	16	2	25
8597	5	23	18	16	12	11	24	8	14	19	9	15	13	17	22	4	1	21	2	10	3	7	6	25	20
8598	9	5	15	21	3	18	14	2	24	8	23	17	22	13	10	4	6	20	11	16	12	19	7	1	25
8599	13	10	1	11	22	5	21	17	24	8	16	23	19	9	25	20	7	2	6	3	14	18	4	15	12
8600	12	20	24	4	1	7	10	6	13	8	18	23	22	5	19	14	25	11	9	16	3	17	15	21	2
8601	12	10	6	21	19	24	18	4	9	8	7	13	3	5	17	11	22	16	2	15	20	1	23	25	14
8602	20	16	14	15	6	2	3	13	1	9	24	5	25	23	10	11	12	7	4	18	19	8	21	22	17
8603	18	16	7	3	23	17	8	20	12	25	1	14	21	22	10	5	2	15	13	4	6	24	11	9	19
8604	21	9	17	12	20	19	2	1	5	3	24	7	13	15	16	11	22	4	25	6	23	8	10	18	14
8605	12	11	2	19	5	16	17	18	9	8	10	6	15	25	4	14	3	13	22	24	1	7	21	20	23
8606	4	22	14	8	17	11	9	15	23	16	6	5	7	25	2	19	20	3	1	10	18	21	24	13	12
8607	12	13	11	4	5	7	17	15	8	24	19	23	14	6	3	18	20	22	9	21	25	1	2	10	16
8608	25	19	11	7	3	4	18	13	22	24	2	8	5	1	12	9	16	17	15	20	21	10	6	23	14
8609	3	18	17	1	10	19	21	8	25	4	2	5	24	7	11	23	15	16	20	12	13	9	22	6	14
8610	15	8	10	9	4	11	21	5	7	14	16	24	25	20	6	1	13	22	2	18	19	23	3	12	17
8611	24	18	19	25	4	6	13	2	10	23	9	3	7	11	21	15	17	22	16	8	14	12	20	5	1
8612	19	20	25	8	21	2	11	7	22	16	14	23	5	17	4	9	1	13	3	12	24	6	18	10	15
8613	13	23	16	9	24	2	5	21	15	11	22	12	25	20	14	8	17	18	3	19	6	7	1	4	10
8614	8	22	20	13	3	9	23	7	5	18	14	16	15	10	24	6	1	11	19	21	25	4	17	2	12
8615	10	5	2	1	8	11	21	18	22	9	7	6	25	12	4	3	19	23	24	14	20	16	13	17	15
8616	19	7	8	16	5	17	10	20	6	11	25	18	24	2	14	3	1	4	9	21	15	13	23	12	22
8617	13	10	25	7	14	4	15	3	1	18	6	17	16	19	23	11	9	20	2	21	8	12	22	24	5
8618	7	1	16	13	9	22	2	15	18	6	17	11	10	4	21	12	3	25	24	19	5	23	8	14	20
8619	22	16	12	18	21	15	25	19	13	11	6	20	8	5	17	7	3	24	10	23	2	9	4	1	14
8620	6	11	10	14	2	17	18	19	9	22	1	7	15	3	24	25	23	8	13	16	12	21	20	4	5
8621	25	13	17	4	20	3	6	23	1	8	11	12	22	15	24	7	16	21	19	9	18	2	14	10	5
8622	18	23	3	21	15	4	7	6	10	8	22	20	1	24	12	5	16	9	11	13	14	17	2	25	19
8623	1	17	22	7	19	13	21	3	16	14	11	10	4	12	5	25	24	15	8	20	9	2	6	18	23
8624	1	16	2	12	6	13	3	9	15	11	5	20	22	24	21	14	17	23	18	8	4	19	7	10	25
8625	3	12	24	10	13	21	2	25	23	22	1	15	18	6	19	14	4	5	16	9	8	7	20	11	17
8626	23	22	15	16	14	10	3	7	20	21	13	12	24	2	9	25	17	11	1	6	8	18	5	4	19
8627	15	10	3	14	11	22	5	6	1	18	19	25	16	23	7	13	21	12	20	8	17	2	24	4	9
8628	17	11	16	13	18	15	12	7	20	10	23	8	22	24	19	5	9	14	25	4	2	3	1	21	6
8629	6	11	1	21	5	25	24	4	8	12	2	23	14	17	3	22	19	7	16	20	13	18	10	15	9
8630	3	24	23	6	19	16	20	22	12	11	7	8	18	1	14	17	4	25	15	13	21	10	2	9	5
8631	21	4	10	25	16	15	23	20	2	17	8	18	1	19	14	13	7	3	11	22	6	9	5	12	24
8632	21	1	11	13	22	14	9	5	24	3	18	12	7	15	25	17	6	23	19	16	2	8	10	4	20
8633	17	6	14	5	18	22	9	1	10	21	3	24	25	7	13	4	20	16	23	2	8	15	19	12	11
8634	2	4	11	12	17	25	3	7	9	19	15	14	13	5	16	1	21	20	24	6	22	8	23	18	10
8635	5	20	2	16	1	10	13	11	14	6	21	7	12	15	9	19	3	18	23	22	17	25	8	4	24
8636	5	7	10	8	20	15	13	9	21	23	12	19	22	17	2	14	1	6	25	24	18	4	3	16	11
8637	16	10	13	18	14	6	15	17	22	11	5	3	20	24	23	12	19	7	2	21	25	4	8	9	1
8638	11	25	3	1	8	19	2	6	5	7	14	24	10	13	9	16	21	12	4	20	18	17	15	23	22
8639	2	24	7	10	18	19	9	23	12	20	11	17	15	25	6	8	21	16	5	4	14	1	22	3	13
8640	19	25	14	23	2	12	21	22	24	15	1	3	13	6	20	11	4	9	18	10	8	5	17	16	7
8641	9	22	23	14	20	25	11	21	6	10	15	17	12	5	19	3	8	18	16	24	4	7	1	13	2
8642	16	13	9	15	3	23	8	20	18	14	4	7	10	2	1	24	19	11	5	22	21	17	12	25	6
8643	9	25	24	5	18	3	10	7	6	19	1	2	23	11	15	20	8	21	13	17	22	14	12	4	16
8644	2	1	7	10	19	16	9	15	11	23	17	8	13	5	25	14	4	6	22	20	3	12	21	24	18
8645	14	16	1	21	9	2	3	12	23	19	20	25	13	7	4	11	18	15	24	17	10	8	6	22	5
8646	25	4	5	11	6	2	13	3	14	1	22	24	15	12	7	8	23	16	19	18	10	17	21	9	20
8647	21	9	18	17	11	1	16	3	5	19	10	4	20	22	13	25	23	12	2	6	14	24	7	8	15
8648	1	12	4	10	20	6	14	18	11	21	7	5	2	24	9	15	19	23	16	25	22	3	8	13	17
8649	11	20	12	10	3	18	14	9	22	19	21	2	24	6	23	7	4	13	1	15	8	17	5	25	16
8650	24	6	14	1	16	10	22	8	23	15	3	4	17	19	20	5	12	21	25	18	11	2	7	9	13
8651	17	6	5	20	23	1	4	11	15	12	13	7	24	18	14	19	8	9	25	2	21	16	3	10	22
8652	10	18	5	15	12	25	7	2	24	14	23	3	19	8	9	1	11	6	20	13	17	22	21	16	4
8653	14	1	24	19	13	10	7	22	21	4	9	6	16	18	12	5	20	3	2	23	11	8	17	25	15
8654	19	23	6	8	18	1	11	9	15	22	12	20	3	21	4	14	5	10	17	7	13	2	25	16	24
8655	2	1	22	17	10	20	4	25	6	14	23	18	7	11	16	24	13	3	19	5	15	8	9	12	21
8656	17	19	15	23	11	22	14	10	1	18	12	24	20	8	3	6	5	21	7	2	9	16	13	25	4
8657	16	17	8	7	15	12	18	22	1	5	23	19	4	20	14	13	21	24	11	9	2	25	10	6	3
8658	6	15	4	1	11	22	14	19	10	18	17	23	20	13	5	12	2	3	9	21	24	8	25	7	16
8659	11	14	18	7	19	8	25	15	3	13	6	9	23	5	17	16	22	20	1	10	4	12	24	21	2
8660	10	17	23	9	12	5	6	13	3	11	7	22	16	21	24	25	14	20	15	1	18	2	19	8	4
8661	1	9	13	20	21	17	2	10	23	25	8	11	7	16	3	14	5	22	19	15	6	4	24	18	12
8662	25	7	16	12	20	1	2	21	11	15	24	6	9	5	22	4	18	23	3	17	10	8	14	13	19
8663	14	20	18	7	15	11	9	16	8	24	3	10	4	21	19	1	25	12	6	5	13	17	2	22	23
8664	6	12	11	7	18	1	15	5	16	19	8	9	20	25	22	2	10	23	13	21	24	4	17	14	3
8665	23	16	25	4	18	3	7	21	11	24	10	5	6	17	14	2	9	1	20	8	13	15	19	12	22
8666	19	7	18	5	25	6	8	16	1	17	4	21	13	23	14	24	15	2	3	12	10	20	22	11	9
8667	14	7	13	18	4	2	11	19	20	8	17	12	1	22	6	25	5	3	16	23	24	21	10	9	15
8668	3	1	24	9	6	16	18	10	22	7	8	2	17	5	23	12	20	4	21	15	25	19	11	13	14
8669	5	10	11	25	8	20	15	16	17	2	21	13	4	6	12	19	3	23	9	14	7	24	18	1	22
8670	23	21	18	16	3	13	10	6	20	7	22	25	8	15	9	4	17	19	24	5	1	2	11	12	14
8671	22	14	18	4	5	1	24	12	10	15	6	19	7	21	2	16	8	13	17	20	11	25	23	3	9
8672	25	2	13	21	18	22	20	11	14	17	12	24	5	16	15	3	19	10	1	4	6	23	7	9	8
8673	18	22	9	8	14	15	13	11	16	25	20	3	10	21	6	7	12	23	19	1	24	4	5	17	2
8674	25	15	18	12	8	10	21	16	9	5	19	20	13	6	3	4	23	17	24	1	11	2	14	22	7
8675	14	20	23	17	19	15	24	7	12	8	10	11	5	18	13	4	3	9	16	1	22	6	2	21	25
8676	19	20	12	4	22	3	15	23	5	11	8	10	2	9	1	18	21	7	13	14	16	25	24	17	6
8677	1	15	23	5	18	2	9	16	24	7	25	12	19	8	17	3	22	21	10	6	11	4	13	20	14
8678	16	15	14	3	17	10	22	19	23	13	1	6	8	20	7	2	5	18	25	4	12	21	24	9	11
8679	9	12	21	2	11	6	19	23	22	15	17	10	25	20	18	16	13	14	24	5	4	3	1	8	7
8680	7	1	12	20	23	14	5	2	6	25	15	17	24	10	16	22	13	8	3	21	11	18	9	4	19
8681	24	14	5	2	13	23	12	10	21	1	16	8	3	6	25	19	22	17	4	11	7	15	18	9	20
8682	3	9	11	21	6	18	23	16	4	10	7	24	15	17	2	8	25	20	5	19	13	14	12	22	1
8683	22	14	10	1	13	5	3	2	16	23	12	25	8	6	9	21	20	17	19	15	4	7	11	24	18
8684	3	16	14	24	6	7	11	12	4	13	19	8	25	17	2	1	18	21	20	5	23	22	9	15	10
8685	16	19	1	22	7	13	8	10	18	20	14	9	2	11	17	15	5	12	25	23	24	6	21	3	4
8686	15	10	2	23	13	22	14	20	1	12	7	21	9	18	16	11	8	4	24	5	3	17	6	19	25
8687	22	14	9	15	7	4	17	2	18	16	24	25	20	8	12	5	23	19	11	13	1	10	21	6	3
8688	17	9	15	6	1	24	18	4	10	22	3	5	25	21	2	20	7	12	8	11	16	19	14	23	13
8689	9	12	16	4	24	6	11	22	2	5	25	18	19	21	13	1	14	20	7	3	15	10	17	23	8
8690	2	18	4	9	8	12	6	13	16	1	3	5	7	25	22	24	21	14	20	19	10	17	15	11	23
8691	17	8	22	12	15	16	13	24	14	7	18	20	11	25	2	1	6	19	23	3	9	10	21	5	4
8692	17	22	6	12	20	5	25	1	16	2	8	7	14	18	10	19	11	13	4	9	23	15	24	3	21
8693	8	22	13	6	18	12	15	9	21	4	19	11	14	20	2	10	23	25	1	24	7	5	16	3	17
8694	11	23	16	7	5	25	3	15	10	19	8	14	4	20	13	6	21	9	12	24	22	18	2	17	1
8695	8	3	17	21	20	12	4	15	11	18	5	24	2	19	16	1	9	25	23	13	6	14	10	22	7
8696	15	22	10	2	6	7	9	11	4	17	8	18	25	23	24	16	14	3	5	21	20	12	13	1	19
8697	25	11	18	22	10	9	14	19	16	5	21	15	20	2	3	12	17	4	7	24	23	6	13	1	8
8698	25	21	11	13	4	1	23	7	16	10	3	18	5	17	6	19	14	12	9	24	20	8	15	22	2
8699	24	9	3	19	12	5	7	16	4	11	10	1	13	21	23	6	2	22	15	17	18	20	8	25	14
8700	12	15	17	1	11	20	22	7	2	25	6	9	5	19	8	16	10	4	18	14	21	3	24	13	23
8701	2	4	9	21	23	6	17	12	5	19	20	13	18	10	25	24	16	11	15	8	3	22	7	1	14
8702	10	22	23	25	24	14	16	13	9	12	7	3	18	4	20	8	6	17	15	19	21	5	2	11	1
8703	7	18	6	20	25	23	19	15	14	9	21	17	1	10	2	16	8	3	13	4	12	22	24	5	11
8704	14	11	2	15	25	12	19	4	16	18	23	20	6	17	10	22	8	21	1	3	24	7	5	13	9
8705	12	18	25	15	2	6	22	9	8	23	24	14	19	10	1	4	13	3	17	5	11	20	16	21	7
8706	3	11	7	14	10	22	9	2	1	15	13	23	4	5	21	20	6	12	25	17	24	18	8	19	16
8707	19	13	12	9	1	25	22	7	2	23	16	6	4	14	24	11	3	21	15	8	18	5	20	10	17
8708	7	14	25	4	9	1	19	23	11	8	12	16	2	3	24	13	17	20	5	21	22	10	18	15	6
8709	20	24	18	17	13	4	9	8	14	2	3	11	12	25	15	21	23	16	10	7	19	1	5	22	6
8710	4	1	23	20	10	14	22	11	9	13	8	2	7	17	12	24	21	3	25	15	5	18	16	19	6
8711	13	11	14	18	22	17	19	1	21	24	6	25	4	8	7	15	10	3	9	2	16	20	12	5	23
8712	4	15	5	12	13	20	24	17	21	1	25	6	3	18	10	23	19	8	11	7	16	14	2	22	9
8713	20	7	2	13	15	9	3	10	19	24	12	25	14	6	17	23	18	11	5	22	1	4	16	21	8
8714	3	22	24	10	13	23	5	15	17	9	7	18	4	20	25	19	16	11	6	14	12	2	8	1	21
8715	11	14	18	21	8	19	23	7	15	12	20	25	17	3	4	1	2	13	6	9	22	5	24	10	16
8716	8	11	12	22	20	17	10	25	3	15	24	16	9	14	1	7	6	13	21	4	2	23	19	18	5
8717	5	3	13	18	2	24	1	12	16	7	4	22	15	21	20	8	19	14	6	9	11	10	25	23	17
8718	6	3	13	23	4	10	8	11	17	1	9	18	21	14	25	22	12	24	2	7	15	19	20	16	5
8719	18	11	21	4	13	14	6	15	16	9	5	20	17	22	19	10	3	8	2	7	1	25	23	12	24
8720	18	22	21	3	16	12	7	2	19	10	1	24	23	9	14	11	4	17	15	6	25	8	20	5	13
8721	25	5	21	13	11	6	22	8	17	1	3	20	10	19	18	15	14	12	23	2	24	4	7	9	16
8722	18	13	4	9	10	21	14	12	20	2	1	23	16	5	8	7	3	17	15	22	25	19	11	24	6
8723	9	15	3	21	24	20	11	5	22	25	19	23	13	14	8	10	4	16	18	17	6	2	12	7	1
8724	21	4	22	15	24	2	19	14	7	13	5	18	3	16	12	8	23	9	1	11	6	20	25	17	10
8725	9	21	23	15	3	16	6	22	11	12	13	8	2	18	1	20	24	7	14	25	5	4	10	17	19
8726	24	23	20	12	11	16	25	13	14	18	21	9	1	5	19	15	17	7	2	4	22	8	6	3	10
8727	3	6	16	19	8	7	17	4	11	20	1	9	21	24	15	5	14	10	18	13	25	23	12	2	22
8728	22	9	24	1	6	21	4	8	16	3	17	12	11	7	14	5	10	15	23	2	19	20	13	18	25
8729	25	14	8	10	2	16	17	5	20	12	6	21	22	19	13	3	4	9	7	23	18	1	11	15	24
8730	21	17	9	10	5	12	3	8	7	18	15	22	13	14	16	4	24	23	19	25	2	20	11	1	6
8731	6	9	11	25	12	22	7	13	17	15	18	5	19	8	23	10	14	16	20	3	24	4	2	1	21
8732	22	19	12	18	5	13	15	17	25	23	4	7	9	20	24	21	1	11	16	3	14	10	2	6	8
8733	19	21	15	3	13	8	25	20	2	7	11	18	22	24	16	10	14	23	1	17	9	5	6	4	12
8734	22	3	25	17	7	15	24	14	4	19	12	2	1	18	11	16	23	21	20	8	5	10	13	9	6
8735	6	17	20	4	8	3	9	25	16	22	7	23	13	1	24	15	2	14	11	18	19	10	12	5	21
8736	4	24	21	18	14	2	15	10	17	9	6	3	1	16	7	23	12	11	22	8	5	20	25	19	13
8737	5	21	23	22	12	6	3	14	16	17	25	7	1	11	8	24	13	19	9	2	18	10	15	4	20
8738	19	2	9	3	20	1	5	22	18	8	6	15	24	25	21	11	7	10	12	14	13	4	17	16	23
8739	6	22	18	14	15	20	5	12	10	24	17	1	9	3	25	11	16	21	7	2	8	19	23	13	4
8740	19	9	15	22	18	25	6	23	1	14	21	17	4	3	20	5	12	16	10	7	8	2	24	13	11
8741	17	13	15	1	5	2	10	16	7	9	14	19	22	18	21	20	3	12	23	8	25	4	24	11	6
8742	14	3	19	24	10	9	13	8	22	21	23	25	11	5	1	17	20	2	7	12	16	18	15	6	4
8743	13	25	11	10	9	16	7	22	23	1	21	2	15	3	4	18	19	12	8	14	17	20	5	24	6
8744	8	4	19	14	11	13	25	2	1	24	9	10	12	22	7	17	6	16	21	20	5	15	23	18	3
8745	7	8	17	19	22	18	16	9	2	12	4	10	13	14	1	5	3	6	25	15	24	21	11	23	20
8746	6	4	12	9	5	22	24	19	21	15	3	16	10	20	18	2	25	11	23	14	13	7	8	17	1
8747	5	23	17	4	18	3	14	8	21	25	7	6	24	2	16	20	1	9	12	22	19	10	15	11	13
8748	8	10	1	4	16	24	21	22	25	11	2	23	19	9	6	20	5	17	15	7	14	18	13	3	12
8749	21	9	19	8	24	17	20	5	10	15	6	2	18	4	12	23	7	13	11	16	25	14	22	3	1
8750	11	1	9	17	20	7	25	19	22	8	23	2	12	3	13	16	4	14	5	6	15	24	18	10	21
8751	9	1	16	24	22	8	7	15	6	2	13	11	12	19	20	18	25	21	3	14	10	4	5	17	23
8752	10	11	25	2	19	9	8	1	4	23	21	3	24	22	18	14	5	20	12	17	7	13	6	15	16
8753	24	15	18	5	7	9	13	16	20	12	19	25	1	21	11	17	8	4	23	6	14	2	10	22	3
8754	5	11	10	4	15	7	25	14	17	9	2	8	19	6	23	1	12	22	21	16	24	13	20	18	3
8755	7	17	20	24	4	15	22	23	8	18	10	2	21	12	14	19	3	16	5	11	9	1	6	25	13
8756	23	12	13	17	22	9	25	4	11	18	19	10	3	14	1	15	8	5	24	21	20	16	7	6	2
8757	5	11	25	7	23	9	12	13	10	21	8	20	19	1	2	24	3	6	4	22	17	14	18	16	15
8758	16	5	21	10	23	18	17	1	2	14	25	6	19	12	3	22	11	7	20	8	15	24	4	9	13
8759	18	1	10	8	15	23	19	17	4	9	11	24	21	12	20	16	2	7	6	5	25	14	22	3	13
8760	2	24	21	16	25	12	14	22	9	5	23	20	18	4	3	15	11	13	8	6	7	1	19	17	10
8761	23	1	25	12	5	10	22	21	15	18	9	16	8	2	20	24	7	17	14	4	3	19	13	6	11
8762	19	16	1	2	20	4	24	11	13	14	17	25	6	9	5	3	21	18	15	7	10	23	8	22	12
8763	11	8	18	20	3	17	5	6	10	22	13	15	7	12	9	19	23	25	21	24	16	2	1	4	14
8764	14	24	6	12	16	19	17	18	9	23	15	13	2	10	25	7	4	20	21	8	5	3	1	11	22
8765	16	19	22	15	25	3	1	10	18	20	11	8	9	23	12	5	14	17	4	2	6	24	21	13	7
8766	14	4	18	8	7	13	3	23	1	17	5	16	12	6	9	15	24	20	25	2	21	19	10	22	11
8767	19	9	12	14	17	6	13	24	1	20	21	25	10	11	15	4	16	23	8	7	22	2	5	3	18
8768	9	24	7	1	20	11	13	23	21	6	12	16	14	8	5	4	10	19	18	3	22	17	2	15	25
8769	9	17	8	16	25	19	23	21	7	5	10	1	15	11	22	24	6	12	4	14	3	13	20	18	2
8770	16	6	23	18	21	20	2	25	12	7	15	5	10	1	19	4	17	8	11	13	14	24	22	3	9
8771	15	25	23	11	21	24	13	9	6	10	17	18	12	19	20	8	7	1	2	3	4	14	16	22	5
8772	20	9	23	5	6	7	15	2	24	11	19	8	12	22	4	17	1	3	21	14	16	18	25	13	10
8773	8	20	4	7	24	9	15	13	3	1	17	18	25	14	23	16	11	21	2	6	10	5	12	22	19
8774	14	5	25	20	4	12	22	17	8	23	3	6	10	15	19	21	2	16	18	9	7	24	11	1	13
8775	7	8	4	22	6	3	17	2	15	19	1	5	16	21	11	23	12	20	13	14	9	10	25	24	18
8776	18	2	15	19	23	3	16	17	22	8	4	20	10	12	21	5	14	13	25	6	11	9	24	7	1
8777	17	25	3	19	10	15	4	24	11	16	9	2	8	6	13	5	18	22	1	14	7	12	21	23	20
8778	5	8	1	21	20	15	7	25	3	2	13	4	10	16	17	9	22	6	19	24	14	11	12	23	18
8779	19	18	22	11	1	24	6	13	23	20	14	17	8	15	2	21	16	3	5	10	4	7	25	9	12
8780	11	12	19	8	25	6	21	9	22	13	16	15	7	23	1	14	17	24	20	4	2	5	3	18	10
8781	18	21	4	5	23	19	7	15	25	3	20	9	13	8	14	2	1	24	11	22	12	16	6	17	10
8782	21	6	16	8	3	17	25	24	14	11	10	2	5	20	23	19	1	4	18	13	15	12	7	9	22
8783	24	3	18	6	7	13	10	15	16	23	22	2	19	12	5	11	20	17	8	21	25	14	9	4	1
8784	12	5	7	9	3	14	13	20	18	21	6	11	16	24	1	19	4	22	8	15	10	2	25	17	23
8785	23	2	7	12	18	6	11	3	21	19	22	8	16	5	10	13	14	24	1	4	17	25	15	9	20
8786	15	11	20	4	7	12	9	21	6	19	14	25	2	13	18	24	3	10	23	5	22	8	1	16	17
8787	21	19	25	5	15	24	20	10	6	11	2	16	8	7	13	18	12	1	14	9	23	22	4	17	3
8788	24	10	20	25	1	15	16	3	22	11	21	18	2	6	12	13	23	4	17	14	8	9	19	7	5
8789	20	17	14	5	2	8	22	9	23	15	21	3	6	24	4	11	7	16	10	12	18	13	19	1	25
8790	22	4	13	10	5	18	1	11	3	12	25	7	9	23	8	16	15	14	6	17	19	2	20	21	24
8791	5	16	12	11	2	19	9	1	24	20	23	15	4	6	3	17	13	14	18	22	21	10	25	8	7
8792	4	5	8	10	14	15	25	12	21	23	6	13	17	19	18	16	22	2	3	20	1	7	11	24	9
8793	19	20	10	24	21	2	4	11	17	16	8	13	5	23	25	18	12	22	7	9	14	1	15	3	6
8794	18	17	24	4	3	5	22	14	8	21	19	10	11	15	7	16	9	2	6	12	13	23	1	20	25
8795	11	2	20	19	16	7	21	18	6	23	14	9	12	5	24	17	25	8	22	15	4	3	1	13	10
8796	20	5	13	18	7	14	10	6	3	12	15	2	9	11	19	21	8	25	4	23	1	24	22	17	16
8797	19	18	4	9	2	8	11	13	7	6	24	10	16	20	23	17	22	12	21	3	25	15	1	5	14
8798	23	11	24	13	19	20	16	14	6	22	3	18	1	7	5	17	21	12	9	2	10	8	25	15	4
8799	7	13	9	23	24	25	22	6	20	14	21	18	16	4	2	11	12	8	5	1	3	19	10	15	17
8800	10	2	1	23	9	17	11	15	22	20	6	19	25	4	12	7	16	24	5	3	21	13	14	18	8
8801	11	23	9	25	2	15	13	10	22	7	24	21	5	8	17	18	6	16	1	4	3	19	12	20	14
8802	4	11	15	21	1	10	13	7	16	24	5	17	2	6	22	3	8	20	9	19	23	12	25	18	14
8803	15	11	14	18	13	8	2	17	3	4	19	1	5	25	6	7	23	22	9	12	16	24	20	10	21
8804	8	5	6	25	17	10	23	18	20	21	4	13	2	24	3	22	12	16	9	11	15	19	14	1	7
8805	15	12	14	22	16	10	13	19	7	2	3	9	11	21	17	18	25	23	1	5	20	4	6	8	24
8806	4	1	16	2	10	19	14	15	20	13	17	25	21	18	8	11	23	24	5	12	6	3	22	7	9
8807	11	9	15	12	14	10	6	19	20	24	5	1	7	8	16	17	23	22	4	13	18	25	2	3	21
8808	15	13	11	24	9	10	18	22	25	20	19	17	8	14	3	5	23	2	16	6	21	4	7	1	12
8809	2	6	8	24	3	19	18	4	16	1	5	21	20	9	15	10	7	13	25	17	12	11	14	23	22
8810	12	16	22	10	4	6	17	14	5	19	2	11	24	13	21	8	23	25	15	7	9	3	18	1	20
8811	22	25	16	14	8	12	21	18	19	15	6	2	7	11	3	1	9	20	4	5	13	24	10	17	23
8812	14	24	6	23	20	17	10	15	21	4	8	7	13	3	12	22	9	19	16	18	5	1	25	11	2
8813	7	18	17	22	23	8	10	12	11	21	2	15	25	19	14	20	4	16	24	13	1	3	5	6	9
8814	18	24	10	8	21	12	2	6	19	16	7	15	23	25	9	1	20	14	5	22	13	3	4	11	17
8815	9	10	14	11	22	23	2	21	15	12	8	1	17	3	5	18	6	19	24	4	7	20	13	16	25
8816	25	24	17	18	11	22	10	5	12	2	4	14	16	13	1	9	6	19	23	7	15	8	20	3	21
8817	25	18	20	17	11	21	5	15	24	13	10	23	12	1	19	9	8	22	3	6	2	14	4	7	16
8818	3	8	23	1	17	18	15	13	16	24	22	12	9	2	19	21	20	11	7	4	5	14	6	25	10
8819	13	19	7	6	17	15	23	12	2	10	21	25	14	5	18	16	1	22	8	24	11	20	9	3	4
8820	3	12	23	20	18	19	13	6	2	21	10	16	17	15	8	7	1	5	22	9	14	4	25	24	11
8821	9	8	17	19	16	4	1	22	24	15	21	5	13	20	6	23	3	10	25	14	11	18	2	12	7
8822	1	21	7	8	18	20	3	23	11	15	4	6	19	25	9	5	17	24	10	12	14	22	2	13	16
8823	17	2	3	13	25	1	4	15	9	6	8	21	7	23	24	12	14	20	19	11	5	16	22	18	10
8824	24	22	18	2	7	8	10	13	1	19	16	5	6	14	9	20	15	4	3	12	23	17	11	21	25
8825	7	11	12	4	21	13	2	5	14	9	3	16	1	10	20	8	15	25	23	19	17	6	22	18	24
8826	1	25	4	14	5	3	2	9	13	24	10	21	17	18	23	20	22	8	11	6	16	19	12	15	7
8827	3	20	13	7	16	12	25	24	2	21	14	6	19	22	11	9	4	18	5	15	10	8	23	17	1
8828	14	19	3	17	4	1	13	20	8	25	18	21	11	16	23	6	2	7	15	10	12	5	22	9	24
8829	20	4	8	2	15	7	12	13	16	23	6	3	1	10	19	25	14	17	9	5	21	24	18	22	11
8830	17	21	23	9	15	7	1	5	20	3	4	13	2	16	19	18	12	25	14	10	24	11	22	6	8
8831	20	7	13	8	24	23	9	12	3	6	19	16	5	11	25	21	17	4	2	22	10	14	18	15	1
8832	1	9	4	12	11	14	16	20	23	7	6	22	21	18	25	5	24	10	8	3	15	17	19	13	2
8833	17	13	11	12	20	2	14	23	4	9	7	25	8	6	15	22	5	21	3	10	19	1	18	16	24
8834	8	19	5	12	24	10	3	14	13	1	7	22	25	18	20	15	2	21	6	11	23	9	16	17	4
8835	7	4	12	22	25	5	1	23	9	19	20	6	10	24	13	21	15	17	11	3	8	2	18	14	16
8836	23	13	6	18	12	7	21	19	2	24	1	16	15	14	11	5	20	3	17	25	4	22	10	9	8
8837	17	24	15	14	19	20	1	12	23	22	6	3	13	7	25	21	9	8	11	2	10	4	5	16	18
8838	11	19	4	15	21	17	24	23	10	14	20	6	9	1	13	3	7	8	12	25	5	2	22	16	18
8839	8	20	6	11	25	3	4	17	15	16	12	19	24	23	13	21	22	14	5	2	10	9	18	1	7
8840	20	23	7	3	22	17	25	19	15	13	12	4	11	16	21	1	6	9	24	18	10	8	2	14	5
8841	4	13	1	19	15	8	14	3	25	5	16	22	21	7	20	12	24	23	6	9	10	18	17	2	11
8842	2	17	1	5	22	24	23	10	14	21	11	13	18	20	4	9	3	15	8	12	6	7	25	19	16
8843	23	11	4	9	19	18	12	13	22	1	7	15	6	17	3	24	10	25	16	2	8	20	5	14	21
8844	3	17	13	21	1	6	10	14	16	15	5	20	11	8	25	4	24	12	18	19	23	9	22	7	2
8845	1	20	18	4	23	2	13	8	24	10	6	11	7	14	21	3	25	17	12	22	19	9	16	15	5
8846	24	17	13	19	5	22	8	12	7	15	20	10	3	2	14	4	21	11	18	1	9	23	6	16	25
8847	16	24	3	9	21	15	22	25	13	14	18	23	19	5	11	20	1	17	4	12	6	8	2	7	10
8848	11	14	22	5	17	16	18	10	15	24	4	25	20	2	9	3	12	1	6	21	19	13	23	7	8
8849	24	15	2	19	23	11	7	22	6	14	1	17	10	8	9	18	21	20	25	13	3	5	12	16	4
8850	2	14	8	1	16	18	24	9	12	15	20	4	6	17	3	25	22	21	5	10	13	19	23	11	7
8851	11	4	23	18	10	6	17	9	3	13	2	1	15	5	20	7	19	12	8	25	21	22	24	16	14
8852	3	19	12	9	16	10	21	14	11	24	15	6	23	7	20	17	5	22	4	13	1	25	18	2	8
8853	10	14	2	11	15	12	3	1	24	17	13	4	5	16	23	20	25	22	9	21	8	6	19	7	18
8854	14	16	6	22	9	1	24	10	3	18	23	15	2	20	8	13	19	21	11	4	12	17	5	25	7
8855	18	1	3	2	14	8	16	17	5	7	12	20	23	13	6	22	21	9	19	15	11	24	25	4	10
8856	21	22	2	19	4	9	25	5	11	20	15	7	3	17	8	14	18	1	12	6	10	24	23	13	16
8857	8	19	2	23	11	5	25	22	20	1	4	6	3	21	14	10	7	12	17	13	16	18	9	15	24
8858	4	21	3	25	2	24	14	6	20	1	19	17	16	5	15	18	13	10	11	8	23	7	12	9	22
8859	6	15	10	7	12	24	14	2	11	18	13	8	20	21	5	3	9	17	19	4	25	1	16	22	23
8860	6	17	10	12	20	23	5	14	7	9	13	15	19	4	18	11	22	16	25	3	8	21	1	24	2
8861	10	6	14	4	7	17	8	1	3	25	23	18	20	5	22	2	24	11	21	12	13	16	9	15	19
8862	9	13	5	15	22	20	25	18	6	21	23	4	1	19	24	16	12	17	8	11	2	10	14	7	3
8863	22	5	14	16	9	18	17	4	25	2	24	19	1	23	13	20	21	6	7	3	10	8	15	12	11
8864	6	12	16	4	2	21	5	10	9	19	25	20	3	17	22	24	23	18	11	15	7	1	13	8	14
8865	12	9	10	14	15	8	2	17	13	4	5	25	3	23	1	6	16	21	11	18	22	24	20	19	7
8866	4	8	25	1	22	9	7	3	14	6	17	2	16	10	20	13	23	19	15	18	24	5	12	21	11
8867	9	12	16	3	21	19	11	18	8	22	15	23	13	7	4	6	25	14	2	5	1	24	20	10	17
8868	2	20	24	23	4	12	13	15	9	16	25	6	3	1	14	7	21	18	8	17	5	10	22	11	19
8869	12	15	9	17	7	4	16	21	13	20	8	3	14	24	22	2	11	19	18	6	5	23	10	1	25
8870	25	20	12	4	14	13	18	11	2	17	8	9	21	1	24	22	6	3	10	19	5	15	23	16	7
8871	23	1	11	21	15	24	9	25	5	2	18	17	12	3	13	10	8	22	20	7	19	14	16	6	4
8872	14	2	16	11	25	3	24	21	23	20	6	9	12	18	4	1	13	15	10	17	5	22	7	19	8
8873	13	15	12	24	4	16	25	10	22	21	8	9	19	14	20	11	2	5	23	17	3	6	1	18	7
8874	13	23	12	19	21	1	10	15	20	7	17	22	18	3	24	11	6	14	16	8	4	5	25	9	2
8875	21	11	10	5	24	15	12	22	14	9	8	7	4	17	18	19	2	20	23	3	16	6	25	1	13
8876	7	9	6	17	11	25	22	18	5	1	23	12	14	10	3	24	16	21	4	2	15	20	19	13	8
8877	24	4	21	1	14	13	22	12	7	11	6	25	2	23	19	15	3	5	17	20	18	16	8	9	10
8878	14	8	4	24	1	17	10	11	21	7	15	6	3	23	13	22	9	18	20	5	16	25	12	19	2
8879	24	6	25	3	15	20	21	18	4	22	1	2	9	23	17	5	8	7	16	13	19	10	12	11	14
8880	9	17	14	4	7	19	22	8	3	24	15	13	6	1	2	21	16	18	20	25	11	5	23	12	10
8881	9	5	15	12	24	6	3	22	13	14	19	7	10	23	21	1	20	16	2	11	8	18	25	4	17
8882	3	17	25	10	1	7	13	4	9	5	20	15	11	12	22	19	2	16	8	14	21	24	18	23	6
8883	12	11	23	16	18	19	24	21	2	8	17	1	10	6	25	9	13	3	4	7	14	22	20	5	15
8884	17	13	18	15	22	12	2	1	9	25	21	6	8	7	24	11	23	3	5	14	10	19	20	16	4
8885	3	21	25	8	19	12	5	11	7	6	15	9	1	22	17	23	13	18	14	2	20	4	16	24	10
8886	13	22	6	8	16	17	19	18	7	3	10	1	12	14	24	23	20	15	9	4	11	21	25	5	2
8887	10	7	1	9	8	2	19	3	12	25	23	24	6	16	17	13	20	18	15	14	5	22	11	21	4
8888	4	16	1	18	13	15	24	14	12	2	21	22	9	7	23	25	19	10	6	11	3	8	17	20	5
8889	3	16	18	21	10	4	7	1	2	20	5	9	23	11	6	24	19	8	22	13	25	12	15	17	14
8890	21	4	3	2	17	25	8	6	7	15	10	1	16	20	11	14	24	22	23	9	19	12	18	13	5
8891	11	9	2	12	3	21	20	6	15	10	24	13	8	14	18	4	7	22	16	19	1	25	5	23	17
8892	13	14	5	2	1	3	18	25	9	8	10	20	22	11	24	6	4	12	15	23	21	17	7	19	16
8893	25	7	14	24	16	6	22	17	10	5	1	9	23	20	13	11	8	4	3	21	12	15	18	2	19
8894	15	22	2	6	13	21	25	23	24	7	11	18	8	4	16	10	9	19	1	3	20	14	17	12	5
8895	21	8	18	14	20	7	23	2	16	24	22	11	6	5	17	12	3	4	19	15	10	1	25	13	9
8896	6	1	8	21	13	17	20	4	18	14	16	23	2	9	25	5	24	7	11	3	10	15	19	22	12
8897	2	22	11	18	21	7	25	10	13	5	19	8	17	14	3	12	15	6	24	20	16	9	23	4	1
8898	15	22	7	3	9	18	11	23	1	5	6	8	17	21	2	16	14	4	20	13	25	19	24	10	12
8899	23	22	4	20	18	3	5	17	12	10	9	15	25	7	8	21	1	2	14	13	24	6	11	19	16
8900	17	7	11	9	19	5	24	6	4	10	8	25	23	3	21	22	1	15	16	14	18	2	20	12	13
8901	12	1	16	19	2	9	22	20	4	6	18	17	10	5	3	8	21	11	25	7	14	13	15	23	24
8902	10	15	2	6	14	11	18	3	12	17	22	21	13	4	25	19	23	8	7	1	24	9	16	5	20
8903	13	17	14	24	8	12	4	1	6	22	5	15	25	19	23	9	20	10	16	18	21	3	7	2	11
8904	6	22	16	8	4	5	21	12	25	3	17	24	11	9	19	2	20	14	13	18	23	15	1	7	10
8905	24	12	10	16	4	2	15	6	13	1	9	14	3	19	21	7	17	25	8	23	18	11	20	5	22
8906	23	16	20	19	12	17	1	13	6	2	3	22	24	21	7	8	14	10	4	18	25	15	5	9	11
8907	23	5	12	9	7	20	8	17	15	21	13	22	16	25	1	10	11	2	4	19	3	6	18	14	24
8908	25	16	21	5	11	8	4	7	13	9	12	1	19	3	17	2	20	10	14	15	24	23	6	22	18
8909	6	16	4	15	10	18	12	8	14	2	13	24	5	11	25	3	19	17	1	20	23	21	22	9	7
8910	11	15	18	24	13	19	16	20	22	7	8	10	23	14	25	2	17	1	5	4	3	9	12	21	6
8911	25	19	16	14	8	11	3	9	18	2	23	12	21	7	6	22	24	4	5	15	10	17	13	20	1
8912	3	25	11	5	4	18	10	13	20	17	23	19	2	1	12	6	9	24	22	16	21	15	8	14	7
8913	18	8	13	9	22	17	11	16	15	7	12	5	23	19	21	1	4	6	24	2	3	10	14	20	25
8914	7	9	11	8	21	16	24	22	23	13	12	3	14	17	10	5	2	15	20	6	1	18	19	25	4
8915	1	15	2	5	7	9	18	24	12	25	4	11	20	17	13	22	21	19	16	3	8	10	14	23	6
8916	11	9	21	7	8	20	23	18	14	17	6	1	10	25	16	5	13	3	24	19	22	12	2	4	15
8917	23	12	4	21	13	7	8	11	3	9	2	25	19	22	16	14	15	10	17	6	18	5	24	20	1
8918	15	11	19	4	16	8	7	1	22	9	20	13	14	5	21	24	18	25	23	10	17	6	3	2	12
8919	21	5	19	8	11	1	9	14	2	6	20	10	25	15	3	23	13	12	4	24	17	16	18	7	22
8920	9	20	14	5	7	21	4	3	17	22	2	10	19	25	18	12	13	6	11	24	8	16	1	15	23
8921	8	11	25	1	24	21	2	7	3	14	4	16	19	13	15	17	6	12	23	9	18	22	10	20	5
8922	19	22	13	25	24	16	18	7	21	10	11	5	15	4	9	17	2	20	6	3	23	12	1	8	14
8923	19	5	25	24	13	22	14	1	16	18	9	4	21	12	15	10	6	8	11	20	17	7	2	3	23
8924	15	23	8	5	21	13	25	4	2	20	18	16	24	9	6	12	22	11	17	10	14	1	3	7	19
8925	17	22	24	4	8	5	25	16	12	9	14	1	19	18	11	23	10	7	6	20	2	15	21	13	3
8926	10	2	15	5	16	20	21	24	25	13	11	9	4	6	19	18	1	8	12	7	23	22	14	17	3
8927	23	10	11	17	12	14	22	16	7	15	1	25	9	18	5	21	8	6	20	13	4	3	2	19	24
8928	17	5	21	19	18	10	4	3	15	8	6	14	2	25	24	16	7	20	12	1	9	13	11	23	22
8929	11	24	22	16	1	23	10	4	7	9	8	3	13	18	25	20	14	17	6	5	2	21	19	15	12
8930	5	18	22	14	6	13	12	16	21	19	9	2	25	15	7	24	4	17	8	10	1	11	23	3	20
8931	5	25	7	18	24	3	16	8	22	6	9	23	1	15	10	2	20	19	11	21	4	12	14	13	17
8932	23	9	11	3	7	21	25	24	17	13	16	12	10	14	6	5	20	4	2	15	8	22	1	18	19
8933	12	15	13	17	8	1	19	21	3	11	4	10	20	7	24	22	2	5	23	18	25	16	14	6	9
8934	21	7	22	23	9	10	17	24	8	18	25	6	3	16	12	1	19	20	5	2	4	14	11	13	15
8935	11	20	15	12	13	22	19	9	18	2	14	10	16	23	24	1	4	3	25	6	5	7	8	17	21
8936	9	18	23	6	8	16	1	11	4	7	12	2	21	22	15	17	19	24	25	3	10	14	13	5	20
8937	17	23	16	4	3	21	7	19	10	9	5	25	18	12	1	20	22	2	24	8	15	13	6	11	14
8938	15	11	8	6	19	17	25	7	13	14	10	18	1	16	9	5	22	3	4	20	21	24	12	2	23
8939	13	23	7	8	14	20	17	4	25	10	12	19	2	11	24	3	1	22	9	18	16	6	5	15	21
8940	14	20	2	19	18	6	16	22	11	4	3	24	5	17	1	21	7	13	10	25	23	9	12	8	15
8941	8	17	1	20	6	18	23	3	2	19	12	16	9	14	21	11	10	4	13	5	24	25	15	22	7
8942	8	5	2	12	6	13	19	15	4	23	14	18	24	3	10	9	16	21	11	1	17	25	7	20	22
8943	12	21	20	22	18	19	17	24	5	13	9	23	14	1	6	25	10	11	16	15	2	8	3	4	7
8944	22	4	11	23	20	6	24	15	8	14	21	1	25	18	9	7	2	5	17	3	19	13	16	10	12
8945	12	21	1	24	3	13	8	6	14	10	5	15	16	7	20	11	18	19	2	23	4	9	17	22	25
8946	7	17	1	16	21	18	23	15	14	2	11	3	20	12	4	19	13	9	10	22	6	5	8	24	25
8947	12	4	10	16	24	15	22	18	19	7	20	25	23	3	2	8	11	13	17	21	14	1	6	9	5
8948	25	15	14	10	20	7	23	5	3	21	12	8	11	4	17	6	1	16	2	24	13	22	9	19	18
8949	14	1	17	23	21	16	3	20	9	5	8	7	4	2	24	12	18	11	13	19	6	15	25	10	22
8950	1	3	25	24	4	19	20	12	13	18	2	7	23	10	22	11	17	15	5	6	9	16	14	8	21
8951	2	10	20	9	7	23	12	4	5	19	6	24	16	1	8	15	11	3	13	25	17	21	14	22	18
8952	6	1	20	19	21	13	14	23	16	22	9	11	12	25	4	7	24	10	3	5	2	8	18	17	15
8953	5	10	15	7	20	22	14	12	13	9	11	8	16	19	24	6	25	18	2	23	17	4	21	3	1
8954	3	24	11	23	7	2	14	22	8	15	12	25	13	10	21	17	5	1	6	18	16	19	4	9	20
8955	24	1	7	4	14	22	17	15	13	11	6	5	9	19	21	18	20	23	8	3	2	16	12	25	10
8956	3	23	1	5	14	18	9	2	7	22	6	21	10	8	16	12	19	13	25	24	15	20	4	17	11
8957	6	1	9	20	16	8	18	23	25	4	21	12	13	7	2	17	14	3	22	15	10	19	24	5	11
8958	23	24	20	21	11	2	15	10	7	8	13	22	6	3	18	5	17	14	1	12	19	25	16	4	9
8959	25	13	23	2	18	14	11	7	5	3	8	17	12	19	21	24	4	10	22	15	9	1	20	16	6
8960	22	11	4	21	5	16	15	25	24	8	23	3	17	13	10	7	14	2	18	6	9	19	1	12	20
8961	5	8	15	7	1	4	17	9	23	3	18	10	16	21	20	24	13	12	11	14	22	2	6	19	25
8962	20	11	9	1	21	14	19	12	5	3	23	2	25	7	8	6	22	16	13	24	10	18	15	17	4
8963	19	11	17	21	4	8	5	15	14	23	10	3	16	22	25	2	1	18	24	6	12	20	13	9	7
8964	21	23	8	4	16	2	7	3	9	14	10	18	12	17	24	25	20	1	19	6	11	22	13	5	15
8965	11	23	15	21	16	9	20	17	12	6	24	14	5	25	10	1	22	3	18	13	19	8	7	2	4
8966	5	7	3	13	18	19	16	2	23	11	14	12	21	25	15	10	24	22	6	4	1	17	8	9	20
8967	15	9	14	13	23	10	25	12	22	16	21	7	18	11	2	4	3	5	1	24	6	20	17	19	8
8968	9	18	14	25	4	10	8	12	22	3	21	5	23	1	7	11	19	15	13	16	2	6	17	24	20
8969	20	7	13	19	24	8	23	10	25	22	15	9	16	18	4	6	21	17	11	5	14	3	2	12	1
8970	24	10	7	19	1	16	15	18	4	9	23	8	20	5	13	14	11	3	25	12	22	6	2	21	17
8971	15	11	18	19	2	25	20	24	22	8	1	5	23	3	16	4	17	14	6	21	10	12	7	9	13
8972	19	22	2	5	9	14	1	13	8	23	25	12	10	20	15	11	3	24	4	16	6	17	21	7	18
8973	17	15	4	11	18	2	21	23	9	5	12	6	22	14	16	8	20	10	7	19	3	1	13	24	25
8974	23	7	8	4	16	5	9	12	1	2	10	6	17	25	15	24	14	19	22	20	21	18	11	13	3
8975	19	1	2	4	22	3	5	7	21	18	16	25	17	23	11	13	9	14	24	20	12	6	10	8	15
8976	2	4	13	14	1	5	25	6	22	3	17	11	8	12	24	23	9	21	19	7	10	15	20	16	18
8977	25	16	10	14	19	24	13	23	12	18	22	20	21	11	4	7	3	15	9	8	5	1	6	2	17
8978	11	5	17	10	2	13	21	22	8	16	24	20	7	12	15	18	14	4	3	23	19	25	6	9	1
8979	13	9	11	19	14	16	8	1	21	6	17	4	25	5	3	7	12	18	20	2	10	15	22	24	23
8980	19	12	11	16	14	3	10	5	1	25	2	6	18	7	17	15	22	4	24	23	13	8	20	21	9
8981	20	19	16	7	21	13	17	24	9	10	2	22	6	8	11	23	5	3	4	1	25	14	18	12	15
8982	10	3	9	2	15	20	13	16	6	7	4	19	22	12	14	18	24	1	8	21	11	25	23	5	17
8983	17	13	3	11	22	25	6	18	1	15	2	20	9	14	8	4	12	19	16	10	21	23	7	24	5
8984	7	12	19	25	11	24	3	13	2	9	14	17	23	10	4	20	1	16	6	22	21	18	8	5	15
8985	21	12	9	5	18	10	2	19	13	3	8	1	6	15	16	23	7	4	22	11	25	14	17	20	24
8986	20	1	8	3	15	6	25	18	19	16	4	13	2	11	9	17	14	10	23	24	22	5	12	21	7
8987	9	5	18	16	2	4	12	13	21	17	24	23	8	1	22	14	19	11	20	25	7	15	3	10	6
8988	5	14	13	4	12	18	25	6	19	1	24	10	20	7	22	16	2	15	11	21	9	23	3	17	8
8989	13	3	10	8	19	25	6	24	1	11	9	22	18	7	20	23	17	5	12	21	2	14	15	16	4
8990	3	2	7	19	11	20	14	12	9	24	6	4	22	23	5	17	25	8	16	1	13	18	21	10	15
8991	18	25	14	9	16	12	20	11	22	15	2	4	8	17	23	5	10	7	3	1	21	19	24	13	6
8992	7	6	18	20	9	16	15	25	3	11	4	5	22	19	17	24	1	10	8	13	23	2	12	21	14
8993	22	5	20	2	17	25	6	10	15	16	14	23	21	4	24	12	7	13	19	8	3	1	18	11	9
8994	25	12	14	15	8	23	24	17	10	18	21	3	9	13	7	22	11	6	5	2	20	4	1	19	16
8995	6	21	23	2	18	14	10	8	1	7	25	15	4	3	20	12	22	17	16	13	11	24	5	9	19
8996	9	14	21	11	22	16	13	25	12	10	24	4	7	15	18	8	23	6	20	17	3	1	5	2	19
8997	15	18	9	20	10	11	22	4	25	16	2	1	7	24	19	23	12	3	8	13	6	17	5	14	21
8998	10	20	16	6	24	9	2	22	25	1	17	3	19	5	14	12	13	15	23	21	18	4	7	8	11
8999	3	13	21	10	14	8	5	19	4	16	12	23	11	7	25	9	1	24	2	6	15	22	17	18	20
9000	1	25	5	22	20	3	4	24	7	21	11	14	12	8	19	16	15	18	17	2	9	13	6	23	10
9001	5	15	12	1	19	14	13	21	6	16	9	3	10	4	11	24	17	22	7	23	2	20	25	18	8
9002	11	19	3	16	18	25	12	17	4	1	24	5	15	8	20	7	10	2	9	14	6	23	21	13	22
9003	15	5	9	7	23	4	11	14	18	21	25	17	2	19	22	16	1	10	3	6	24	12	13	8	20
9004	14	20	1	10	17	3	7	22	11	19	9	21	12	13	25	16	15	18	6	24	23	4	8	5	2
9005	24	14	4	22	2	17	6	15	13	12	16	18	23	10	1	21	20	5	11	19	25	7	9	8	3
9006	1	22	13	21	14	9	24	5	16	25	6	2	3	8	7	15	11	20	12	4	10	18	19	23	17
9007	12	10	6	24	18	15	8	5	13	11	19	14	21	23	2	16	22	7	1	9	3	4	17	25	20
9008	21	11	12	19	4	24	2	9	5	15	14	20	1	6	25	16	18	17	10	23	7	8	22	3	13
9009	22	23	18	15	3	12	17	24	19	8	4	11	16	6	20	13	1	10	5	7	2	25	14	9	21
9010	23	13	6	2	18	11	25	24	3	19	7	12	10	15	9	20	22	5	17	16	8	14	1	4	21
9011	18	16	17	24	23	10	3	6	12	4	1	19	5	20	9	14	15	2	21	22	11	8	25	13	7
9012	4	1	5	24	2	10	11	6	12	9	7	18	3	8	21	23	13	17	19	14	15	16	20	25	22
9013	11	22	20	12	5	6	13	14	8	7	23	16	1	25	24	18	19	10	21	4	3	17	9	15	2
9014	17	2	23	19	21	14	9	18	16	6	22	20	7	15	8	12	4	24	1	13	11	25	5	3	10
9015	16	20	23	11	8	12	17	19	25	5	13	4	24	7	21	18	2	3	15	9	6	22	14	10	1
9016	14	10	5	20	24	17	6	13	2	23	21	11	15	12	18	7	25	8	9	16	22	1	19	4	3
9017	15	6	12	3	18	7	2	13	1	21	11	8	22	9	17	25	19	10	16	24	23	14	20	4	5
9018	14	8	13	2	4	11	15	18	22	9	23	12	21	5	10	1	25	19	17	3	7	16	24	20	6
9019	1	8	25	5	21	11	2	12	18	10	14	23	15	4	13	6	19	24	7	9	20	3	22	17	16
9020	24	25	7	11	1	21	3	16	23	22	20	8	4	6	17	5	10	18	9	19	13	14	2	15	12
9021	21	24	6	20	18	13	19	9	3	12	5	7	22	11	25	10	14	1	16	4	17	8	23	2	15
9022	17	2	1	5	7	11	15	6	8	18	24	3	21	13	14	10	12	16	23	20	9	4	25	19	22
9023	5	11	16	8	10	7	6	1	20	25	3	17	12	15	2	22	13	18	19	4	23	24	14	9	21
9024	1	22	10	13	21	18	4	16	17	15	11	2	24	6	12	25	3	14	5	7	19	20	9	23	8
9025	8	2	17	23	1	12	16	13	18	4	6	3	25	7	10	5	20	19	15	11	21	22	24	9	14
9026	25	7	12	11	21	18	6	4	20	17	8	15	10	9	2	24	1	14	3	13	16	19	5	22	23
9027	20	6	24	21	3	7	5	15	25	9	13	1	16	23	14	2	19	10	17	11	4	12	22	18	8
9028	6	16	8	11	10	12	23	24	4	18	25	1	22	2	20	13	9	5	15	21	17	7	19	14	3
9029	15	3	13	16	19	21	7	4	6	18	25	9	20	2	12	14	1	23	10	5	11	8	17	24	22
9030	25	21	6	18	19	14	10	2	16	11	1	23	22	5	9	8	3	12	17	15	4	20	24	7	13
9031	13	16	10	4	3	23	19	21	20	11	9	1	2	25	18	6	8	17	12	7	15	14	5	22	24
9032	1	15	22	17	19	7	9	2	4	8	21	12	3	11	25	16	14	6	18	10	23	24	20	13	5
9033	20	11	3	18	10	21	5	15	2	19	13	9	14	7	1	17	4	8	25	16	24	22	12	23	6
9034	7	11	1	17	13	2	19	16	18	8	20	5	22	15	23	12	9	14	25	4	24	6	21	10	3
9035	19	5	18	14	10	12	7	22	11	8	4	13	1	16	6	3	23	25	24	17	9	21	20	2	15
9036	17	13	10	19	25	6	23	18	4	11	5	12	3	9	14	2	16	15	20	8	22	21	7	1	24
9037	7	19	15	12	25	24	4	21	23	2	11	22	1	5	9	10	3	20	14	18	17	8	13	6	16
9038	5	6	16	13	15	12	21	14	4	23	2	20	10	8	1	7	17	22	11	3	25	9	24	18	19
9039	16	2	25	11	21	15	24	12	6	19	7	5	8	20	10	9	18	4	23	3	17	14	22	1	13
9040	20	24	23	17	16	10	2	8	25	3	18	15	22	5	9	14	12	19	6	4	7	21	11	1	13
9041	24	12	7	3	8	4	16	13	19	17	18	25	10	15	14	22	23	1	11	21	9	6	20	2	5
9042	13	9	21	16	11	5	1	23	3	20	17	22	7	19	2	12	18	10	4	6	14	15	24	25	8
9043	21	15	19	4	2	16	11	23	12	18	17	5	25	24	14	9	20	8	13	7	6	22	3	10	1
9044	7	3	4	19	8	2	9	11	17	10	20	6	22	21	12	15	1	24	14	13	25	5	18	23	16
9045	2	18	16	7	12	1	22	4	3	25	14	24	21	15	9	10	5	20	11	17	6	13	23	8	19
9046	19	12	17	1	15	18	2	11	24	13	4	7	20	10	9	16	6	22	3	14	21	5	23	25	8
9047	9	17	14	25	20	15	16	3	7	6	8	23	13	24	12	10	18	22	4	1	5	11	19	2	21
9048	9	10	2	25	18	19	24	21	22	3	1	13	17	12	6	16	20	23	7	5	14	8	4	11	15
9049	18	21	14	2	11	15	23	13	6	5	9	22	3	4	24	1	10	17	25	19	8	12	20	7	16
9050	3	19	23	5	6	22	7	16	20	11	15	24	25	14	10	12	1	21	13	2	9	4	8	18	17
9051	2	25	8	1	4	11	12	14	17	20	10	23	3	15	19	13	22	7	16	21	9	6	18	24	5
9052	15	22	1	9	16	23	3	12	19	6	24	5	8	7	14	20	10	21	18	2	13	4	17	11	25
9053	8	5	25	1	10	9	3	17	7	12	16	22	20	21	18	6	14	4	19	11	23	15	13	2	24
9054	21	17	20	1	9	11	19	14	7	18	8	2	3	22	24	5	25	4	15	10	13	12	6	23	16
9055	25	8	21	15	6	18	2	11	10	19	13	3	24	9	22	12	23	5	4	14	20	1	16	7	17
9056	11	17	15	8	16	23	20	9	25	6	4	13	14	5	2	22	19	12	18	3	10	7	21	24	1
9057	16	22	18	7	2	13	12	17	8	23	11	10	21	1	14	9	19	6	20	15	4	25	3	5	24
9058	6	10	8	13	25	4	3	1	18	17	5	21	7	12	22	11	16	23	24	20	15	9	14	19	2
9059	11	24	3	8	16	2	6	9	25	5	23	20	7	18	4	22	14	1	13	19	15	21	17	10	12
9060	18	11	5	20	23	15	22	7	2	10	25	24	21	6	12	4	13	19	17	9	14	1	3	8	16
9061	25	13	8	3	6	11	22	9	1	4	14	5	10	2	23	18	24	19	15	12	7	16	17	21	20
9062	6	23	24	7	17	5	21	13	3	18	4	9	14	22	8	20	1	10	11	15	2	12	16	19	25
9063	22	18	6	15	9	11	3	5	17	20	13	7	21	10	4	19	8	12	1	16	24	25	2	14	23
9064	17	13	1	3	8	2	4	23	15	11	10	14	16	19	7	20	12	22	5	21	24	25	9	18	6
9065	18	15	12	2	24	11	19	21	7	8	3	14	16	17	1	10	20	6	13	23	4	5	22	9	25
9066	3	15	18	11	24	17	25	4	16	5	13	2	19	6	21	14	20	1	9	8	23	7	12	22	10
9067	12	20	1	4	2	25	7	8	21	3	15	9	6	5	10	23	22	14	24	13	19	17	11	16	18
9068	23	8	4	1	19	6	15	2	16	7	5	18	21	25	10	17	9	13	11	3	14	20	22	24	12
9069	20	13	22	3	11	25	24	15	14	8	6	10	17	16	9	1	19	12	21	2	4	5	23	7	18
9070	10	9	4	15	7	17	14	5	3	16	2	20	12	6	19	8	25	24	23	18	13	11	22	1	21
9071	17	22	12	13	7	6	18	9	16	3	10	21	14	23	5	4	11	20	24	15	8	25	1	19	2
9072	23	10	19	6	15	2	20	11	21	13	14	12	3	24	8	22	4	18	7	25	1	17	9	5	16
9073	16	13	18	24	25	19	5	12	14	4	3	10	23	1	17	8	15	22	20	7	21	2	6	11	9
9074	18	2	10	12	13	4	3	20	14	17	7	16	24	6	9	19	8	15	22	23	21	25	11	1	5
9075	4	16	12	23	17	25	1	19	21	3	11	14	10	9	15	2	22	8	6	24	7	18	5	13	20
9076	22	1	4	24	7	16	14	6	19	13	23	5	3	18	8	25	2	11	9	21	20	15	17	10	12
9077	11	14	2	5	23	6	24	7	4	25	1	17	9	21	8	15	12	3	16	19	22	20	18	13	10
9078	13	21	7	4	18	17	1	3	25	11	16	19	10	23	15	8	20	22	24	5	2	14	9	6	12
9079	1	16	15	25	12	5	19	4	14	21	3	20	24	18	8	11	23	13	9	7	17	2	6	10	22
9080	20	17	9	16	5	1	2	13	14	7	8	15	11	3	18	25	4	21	12	23	24	6	10	22	19
9081	3	9	10	24	25	18	12	1	14	13	4	8	2	6	15	5	17	16	11	21	23	19	22	20	7
9082	11	3	2	18	7	17	16	19	23	12	10	15	9	14	8	20	5	13	25	4	21	1	22	24	6
9083	2	9	22	25	11	5	4	6	13	16	1	19	21	14	23	24	12	3	7	15	8	10	20	17	18
9084	2	15	14	5	23	18	7	1	13	25	24	20	8	21	16	6	3	19	11	9	4	22	12	17	10
9085	5	3	1	12	15	23	8	6	20	19	9	11	21	17	25	10	24	18	4	2	14	22	13	7	16
9086	4	16	25	5	10	13	21	14	22	7	24	18	17	6	2	23	19	9	3	20	11	15	1	12	8
9087	4	18	9	21	10	5	14	17	25	15	22	12	23	19	13	11	2	24	1	3	8	16	7	6	20
9088	22	5	4	13	24	8	12	20	19	21	14	17	6	10	9	25	16	3	1	7	11	15	2	18	23
9089	20	5	21	6	13	15	22	1	19	17	18	4	12	24	11	10	16	14	23	9	25	3	8	2	7
9090	19	6	23	1	10	20	11	7	3	21	18	2	24	25	15	22	14	4	5	12	17	9	13	8	16
9091	5	9	2	10	23	14	13	22	21	20	8	19	6	11	18	4	24	1	16	7	12	17	3	25	15
9092	20	11	9	24	10	23	12	4	21	8	19	15	17	22	13	3	7	16	2	25	14	18	1	6	5
9093	17	14	19	22	23	21	5	9	3	20	8	13	12	16	6	11	24	18	4	15	1	25	7	10	2
9094	19	25	7	18	9	10	24	23	17	1	2	8	6	16	13	15	20	12	4	21	5	11	14	22	3
9095	7	14	15	24	13	12	16	1	9	19	4	6	8	18	3	21	20	10	11	5	23	2	22	25	17
9096	24	19	14	15	3	21	4	7	8	1	17	23	10	9	5	13	20	2	18	12	11	25	22	16	6
9097	6	10	13	16	15	5	3	1	12	9	11	4	18	24	14	19	7	2	22	20	17	25	21	8	23
9098	4	12	14	13	17	15	3	19	25	22	21	6	7	18	24	5	11	8	10	2	20	1	9	16	23
9099	19	4	15	2	5	12	14	17	9	22	20	18	16	25	24	6	1	11	23	13	8	21	3	7	10
9100	14	1	15	3	7	24	13	10	9	19	12	20	23	21	8	22	5	4	18	6	25	11	16	2	17
9101	23	8	13	11	10	20	16	18	22	7	9	17	5	21	3	14	12	6	15	19	2	25	1	4	24
9102	17	19	21	13	18	7	15	14	23	8	2	6	12	9	16	10	1	25	4	20	5	11	3	22	24
9103	4	14	11	3	8	18	9	17	20	25	2	16	1	10	12	23	24	22	6	5	21	7	15	13	19
9104	21	22	8	9	15	25	20	19	5	18	2	17	14	3	12	4	10	24	7	13	1	11	16	6	23
9105	5	7	19	20	14	9	22	8	2	24	6	12	23	3	4	15	17	21	16	1	25	18	10	11	13
9106	4	23	9	14	24	11	20	15	16	5	19	13	2	1	7	6	18	25	21	3	8	12	17	10	22
9107	23	20	17	21	3	13	5	11	2	12	8	10	15	25	4	14	24	16	19	1	9	22	7	18	6
9108	20	19	10	12	18	23	16	8	5	6	13	7	4	3	15	21	24	14	2	9	11	1	22	17	25
9109	11	3	21	7	20	9	17	18	14	24	6	23	22	12	19	25	16	4	15	2	1	10	8	5	13
9110	1	12	19	17	13	5	7	25	22	18	14	16	23	2	3	24	9	21	6	20	8	15	10	4	11
9111	6	19	11	13	25	12	18	22	3	2	16	15	24	4	9	20	8	17	23	5	1	14	21	7	10
9112	4	14	25	17	15	19	18	9	6	16	2	24	1	3	21	10	12	22	23	7	11	5	8	13	20
9113	11	14	19	22	1	15	21	4	17	18	23	12	24	9	20	10	5	7	2	8	13	25	3	16	6
9114	19	6	11	7	10	13	2	18	23	24	8	16	9	3	12	21	22	17	20	14	1	25	15	5	4
9115	10	9	1	25	5	16	24	14	22	20	19	3	2	23	7	8	11	12	15	6	21	4	18	13	17
9116	2	15	10	20	22	9	13	11	23	24	6	12	19	21	25	18	3	8	4	7	16	5	14	17	1
9117	7	6	21	25	11	18	3	20	15	8	24	1	2	12	19	23	5	16	17	13	10	9	14	22	4
9118	6	22	1	11	16	7	23	5	9	4	18	21	3	24	10	15	8	13	19	17	14	25	12	2	20
9119	3	15	10	6	8	1	24	7	12	13	16	11	21	18	17	4	25	14	9	23	20	2	22	19	5
9120	6	17	23	15	8	24	2	25	12	11	21	16	1	7	20	5	10	14	13	3	4	22	9	19	18
9121	15	12	18	13	9	8	22	17	24	1	3	25	2	6	20	16	11	23	4	19	10	7	21	5	14
9122	9	14	25	15	5	12	22	8	6	24	20	10	23	18	21	17	19	4	1	7	11	16	13	3	2
9123	7	20	11	13	9	24	21	14	15	18	23	6	8	10	3	2	19	16	1	4	25	17	22	5	12
9124	18	16	13	7	2	24	5	9	1	17	25	14	10	8	21	20	6	12	15	19	23	11	3	22	4
9125	7	5	12	4	25	9	6	22	2	13	19	3	1	23	16	17	8	24	21	11	20	18	10	15	14
9126	5	14	21	10	6	1	22	20	18	12	9	11	7	2	3	24	13	25	19	15	4	17	23	16	8
9127	11	10	18	13	12	22	2	14	24	9	3	23	5	1	25	16	7	20	15	19	21	8	4	6	17
9128	13	2	18	3	22	16	10	21	14	11	20	1	17	24	12	15	9	4	7	19	8	25	23	6	5
9129	19	6	10	4	12	22	7	8	20	21	24	9	25	17	23	13	15	2	5	14	18	11	1	16	3
9130	9	4	5	23	15	3	21	13	20	8	14	12	24	25	10	2	1	16	18	19	22	7	6	17	11
9131	19	13	3	21	10	4	9	18	8	6	11	17	23	20	24	22	5	25	15	7	1	12	2	14	16
9132	14	20	12	22	16	5	11	19	2	21	17	4	23	15	10	6	24	1	25	8	13	3	18	7	9
9133	2	1	16	18	19	9	25	23	22	8	10	17	24	21	12	20	13	7	15	6	5	4	11	3	14
9134	12	5	20	23	18	19	11	25	16	24	10	3	9	13	22	7	1	14	2	15	8	6	4	21	17
9135	18	10	25	16	20	17	2	24	22	1	12	8	7	13	9	3	5	15	14	23	11	6	4	21	19
9136	2	15	9	23	17	21	10	1	20	4	8	3	18	6	24	5	7	19	12	11	22	14	13	16	25
9137	16	15	20	7	17	14	24	11	12	23	18	22	25	19	2	6	10	21	9	8	3	4	1	13	5
9138	13	9	24	20	15	19	17	8	2	22	16	5	3	4	11	25	1	12	6	18	21	23	14	10	7
9139	4	6	19	18	21	20	25	13	15	24	12	14	3	16	5	22	7	1	11	2	23	17	8	9	10
9140	4	18	16	5	23	24	1	10	6	21	13	2	25	20	15	7	12	11	3	19	9	14	22	17	8
9141	25	17	7	4	16	20	11	2	1	15	18	23	21	12	6	3	8	22	24	13	19	9	10	14	5
9142	17	5	10	12	18	11	23	24	25	20	4	8	13	2	1	19	22	16	21	9	6	7	14	3	15
9143	23	24	11	25	2	16	13	18	15	5	21	3	1	17	10	20	7	9	12	6	19	14	22	8	4
9144	19	4	5	23	14	21	12	10	20	25	3	22	13	8	2	7	16	9	15	1	17	6	18	24	11
9145	14	16	20	9	19	18	23	25	6	24	10	21	1	5	3	7	4	8	22	13	12	15	17	11	2
9146	20	25	8	23	16	14	4	18	5	21	12	19	15	7	11	10	6	2	22	13	17	3	1	24	9
9147	13	25	4	17	18	5	12	15	23	6	24	21	22	11	3	1	10	20	2	14	7	19	9	16	8
9148	4	18	21	22	10	19	5	7	9	25	6	1	23	24	14	3	8	13	16	15	2	20	12	11	17
9149	14	25	10	4	8	21	13	19	20	11	22	9	5	12	15	3	1	16	2	17	23	18	24	7	6
9150	22	20	1	15	7	2	13	14	5	4	9	21	8	16	25	6	17	10	12	11	18	3	24	19	23
9151	21	1	3	15	11	19	4	22	16	2	9	5	10	6	25	18	7	20	13	8	23	17	14	24	12
9152	25	8	23	22	17	24	6	20	5	16	10	21	7	19	13	14	11	2	9	1	12	18	15	3	4
9153	14	23	17	4	10	5	21	9	15	13	19	3	11	1	16	6	7	2	24	25	22	20	18	12	8
9154	19	20	12	21	8	16	3	10	15	24	23	11	22	2	6	4	13	7	17	1	25	14	5	9	18
9155	5	20	11	6	25	12	8	7	4	13	9	10	19	3	15	16	1	23	17	14	18	21	22	2	24
9156	19	17	13	21	9	1	12	20	18	14	25	22	5	4	23	8	3	15	7	6	24	2	10	16	11
9157	17	16	1	10	9	7	12	2	18	23	4	6	20	8	3	25	15	24	22	19	11	5	13	14	21
9158	7	10	12	20	9	16	17	3	6	13	18	15	2	23	25	21	11	22	4	19	5	8	1	24	14
9159	19	15	1	13	23	25	3	12	4	14	22	5	16	18	9	20	6	10	17	11	8	24	7	2	21
9160	13	11	19	24	23	7	12	10	2	15	20	21	22	1	3	4	25	8	17	6	18	16	5	14	9
9161	15	4	10	8	16	20	2	22	17	14	24	7	12	6	19	23	25	1	13	11	3	5	21	9	18
9162	24	3	22	6	25	2	10	1	19	8	12	11	9	21	13	7	23	18	17	14	5	4	20	15	16
9163	2	9	14	1	11	17	22	20	13	3	18	24	16	10	6	15	21	12	25	5	23	19	8	7	4
9164	22	4	3	6	9	13	11	8	17	16	7	23	1	2	25	10	19	18	5	20	15	14	24	12	21
9165	10	24	2	5	13	15	23	12	6	22	14	18	25	19	1	3	11	17	7	8	16	4	9	21	20
9166	9	12	6	10	18	7	21	23	1	11	24	5	4	16	3	2	14	25	15	20	13	17	19	22	8
9167	22	15	10	18	25	4	24	23	6	3	1	8	2	21	9	14	12	7	5	16	20	13	11	19	17
9168	25	7	2	15	9	12	6	1	21	14	5	18	19	24	16	23	17	11	4	10	20	3	22	13	8
9169	20	4	12	8	15	5	21	22	10	18	7	17	9	23	14	16	11	3	19	2	24	25	13	6	1
9170	13	11	9	22	14	5	1	17	18	21	10	19	23	7	2	4	3	12	6	20	24	16	8	25	15
9171	5	18	19	15	11	21	10	25	23	8	2	17	3	16	20	13	12	7	9	1	4	6	22	24	14
9172	14	17	5	19	25	9	22	16	3	6	11	15	24	20	4	12	18	13	2	1	23	21	8	7	10
9173	1	24	4	11	22	2	5	9	8	6	17	13	21	23	12	16	15	10	7	3	20	19	14	18	25
9174	20	14	11	4	15	21	10	3	24	16	5	1	23	22	9	19	17	18	25	6	13	2	7	12	8
9175	15	17	9	6	21	11	2	24	8	1	3	25	22	20	12	16	13	7	10	23	4	14	18	5	19
9176	9	11	18	16	4	3	19	10	13	1	8	5	22	7	23	2	21	17	15	24	12	6	25	20	14
9177	7	16	11	22	21	23	24	3	12	5	10	25	20	13	14	2	18	4	19	15	8	17	9	6	1
9178	10	13	17	23	14	19	5	7	3	6	22	8	21	25	15	2	11	16	24	18	20	9	1	4	12
9179	12	24	22	4	15	21	9	19	7	8	14	2	13	3	6	11	17	18	16	5	20	25	23	10	1
9180	8	22	24	25	4	23	16	21	17	7	20	5	18	11	13	10	15	19	6	2	9	3	12	14	1
9181	22	2	21	24	7	10	23	14	17	1	18	15	19	12	11	25	4	9	5	13	3	16	20	6	8
9182	13	15	21	11	4	6	19	3	20	9	14	2	16	24	25	12	1	23	10	18	17	22	7	8	5
9183	8	16	9	15	10	6	17	5	19	22	7	2	18	25	4	12	20	13	1	11	21	14	3	23	24
9184	5	4	6	15	8	17	10	21	11	24	1	14	18	13	7	23	3	16	19	2	20	25	22	9	12
9185	22	7	2	3	20	17	15	6	4	8	18	16	1	12	10	25	19	11	24	13	21	5	14	9	23
9186	16	24	22	14	8	15	2	4	19	25	17	18	21	13	23	6	5	11	9	20	7	10	12	3	1
9187	6	2	9	15	1	19	18	5	4	13	8	24	11	16	23	10	7	12	25	17	3	14	21	20	22
9188	12	3	18	25	9	24	6	17	11	22	4	8	5	15	21	16	10	1	19	20	7	23	14	2	13
9189	17	8	13	25	3	2	23	18	19	24	7	9	5	11	10	14	20	21	6	12	22	15	16	1	4
9190	23	24	18	10	22	2	3	5	17	20	6	4	15	8	7	9	11	14	21	13	12	1	19	16	25
9191	2	11	8	12	1	9	3	14	22	25	4	10	15	13	17	24	20	5	21	16	7	18	19	6	23
9192	4	9	19	3	6	7	17	18	10	13	12	1	8	24	15	22	2	5	16	23	25	20	14	21	11
9193	6	20	21	3	4	14	15	24	2	7	19	11	18	12	9	5	23	8	17	10	25	16	13	22	1
9194	8	14	2	15	17	18	9	19	6	25	5	20	7	21	22	10	1	3	23	11	12	16	13	24	4
9195	10	18	8	16	14	25	13	11	4	3	6	15	9	20	17	7	12	22	19	5	23	2	1	24	21
9196	15	19	18	16	9	6	10	20	1	5	25	2	23	7	14	8	21	4	12	24	11	13	22	3	17
9197	19	23	4	11	7	3	18	25	24	15	16	20	21	17	14	9	1	6	13	10	8	12	2	5	22
9198	13	22	19	4	7	2	15	8	21	1	11	14	16	20	3	10	5	12	25	6	9	18	23	17	24
9199	22	16	7	25	15	19	12	8	14	24	20	2	13	3	17	21	5	10	9	18	1	4	11	23	6
9200	21	6	2	4	19	10	7	1	23	15	5	13	20	3	25	17	16	11	9	14	12	24	22	8	18
9201	4	17	21	12	10	14	6	5	8	11	24	23	7	20	13	19	22	15	9	1	2	3	18	16	25
9202	17	1	9	16	4	13	7	25	12	24	23	20	3	6	15	11	18	8	21	19	14	22	5	2	10
9203	6	2	9	1	4	25	5	8	12	13	20	7	18	11	21	19	3	22	17	24	14	10	23	15	16
9204	22	1	24	12	25	17	7	3	16	4	2	8	23	5	11	21	13	9	10	14	19	15	18	6	20
9205	10	22	3	24	5	6	23	14	7	9	16	2	12	17	4	13	25	18	20	11	1	8	19	15	21
9206	11	19	1	5	9	20	8	17	24	10	25	21	6	12	3	15	7	4	22	13	23	14	16	18	2
9207	21	22	12	25	24	20	2	13	5	4	16	7	6	19	11	18	8	3	17	9	14	15	10	23	1
9208	8	23	21	10	5	20	19	25	1	9	13	3	12	16	4	14	6	2	24	17	18	15	22	11	7
9209	9	19	11	6	18	24	5	13	25	23	7	10	4	1	12	22	17	16	15	14	2	8	21	20	3
9210	10	20	23	9	3	6	15	7	11	8	17	25	12	1	13	18	16	2	5	4	19	21	22	14	24
9211	13	21	2	25	18	24	7	17	9	6	1	11	16	20	3	8	10	4	12	19	5	22	15	23	14
9212	9	14	1	23	7	5	11	19	2	25	16	17	22	21	10	3	8	20	13	24	12	4	6	18	15
9213	4	6	10	13	24	17	19	22	12	21	2	5	1	11	14	3	8	20	9	18	25	15	7	16	23
9214	23	3	15	21	16	25	4	13	10	22	2	18	7	14	5	24	20	12	9	1	17	11	8	19	6
9215	19	6	24	14	1	8	23	3	2	16	17	7	18	12	21	11	9	15	4	13	25	5	20	22	10
9216	23	25	6	1	20	24	4	17	14	2	9	12	5	11	3	7	16	19	18	10	15	8	13	21	22
9217	10	6	14	8	2	18	20	23	1	5	9	17	11	19	24	4	22	21	12	15	16	25	13	3	7
9218	11	19	6	17	1	21	7	9	3	8	10	22	15	24	18	16	4	2	12	20	13	23	5	25	14
9219	18	23	21	25	13	24	15	10	2	14	12	5	11	3	16	7	4	17	8	6	19	22	1	9	20
9220	11	17	13	21	7	20	6	12	22	16	14	3	1	8	18	24	15	25	9	23	4	19	10	5	2
9221	11	6	17	9	22	18	25	14	10	7	24	20	8	4	13	5	19	21	12	2	16	15	1	23	3
9222	23	6	24	25	2	9	19	8	15	21	12	22	11	10	5	16	3	1	20	18	4	17	13	7	14
9223	15	17	6	1	16	8	7	14	10	21	3	22	13	9	12	5	2	24	4	18	20	11	25	23	19
9224	18	17	2	1	23	13	15	5	25	20	22	11	6	4	16	24	12	3	14	10	19	7	21	8	9
9225	16	5	1	11	8	23	7	2	10	6	25	13	18	19	4	21	12	15	9	20	22	14	24	3	17
9226	24	4	19	7	5	20	15	25	12	18	3	11	23	6	8	1	2	16	22	21	17	14	13	9	10
9227	24	9	20	15	3	8	12	17	10	23	2	13	5	11	19	4	16	6	18	25	21	22	7	1	14
9228	20	2	24	4	15	13	18	5	1	6	3	21	22	12	23	19	11	7	17	14	9	25	8	10	16
9229	14	17	1	8	11	19	3	2	12	10	6	23	21	13	18	7	20	5	15	4	22	16	9	24	25
9230	9	23	10	22	20	3	16	12	18	15	6	1	8	17	5	4	25	24	13	14	7	19	11	21	2
9231	23	22	11	19	1	7	17	10	25	5	8	12	24	13	20	6	21	2	15	16	4	9	14	3	18
9232	22	17	8	1	16	19	13	20	2	11	4	10	7	14	25	21	24	9	12	5	3	6	15	18	23
9233	14	6	5	24	17	19	20	13	2	4	21	18	11	3	23	1	10	15	25	9	12	8	16	22	7
9234	21	6	12	3	25	4	19	1	23	14	15	16	2	7	5	22	8	11	18	17	9	20	24	10	13
9235	13	5	14	24	20	21	3	10	16	2	9	23	7	6	19	8	22	18	1	4	25	17	11	15	12
9236	17	13	24	3	1	20	15	19	25	11	21	14	10	8	18	22	16	5	7	23	6	12	4	2	9
9237	4	11	3	22	1	5	20	21	10	24	15	9	17	7	23	12	13	6	8	19	25	18	14	16	2
9238	17	14	18	8	7	20	11	25	15	4	3	24	6	12	10	23	19	2	9	22	21	13	1	16	5
9239	17	5	22	4	1	19	14	13	18	11	8	7	2	3	23	6	9	21	12	25	15	10	16	20	24
9240	25	5	1	9	19	6	2	16	12	13	4	3	10	14	18	7	24	15	8	17	22	20	11	21	23
9241	13	16	11	15	2	3	24	4	8	14	9	10	5	1	6	18	22	23	25	17	12	7	21	20	19
9242	3	20	14	12	8	7	5	22	17	2	24	23	19	21	1	9	13	16	6	18	25	15	4	11	10
9243	15	13	18	22	10	16	4	8	21	19	7	2	14	17	3	9	6	1	25	11	24	20	12	5	23
9244	19	23	11	22	6	9	7	12	10	16	3	20	4	8	17	25	13	18	15	24	14	5	21	1	2
9245	21	18	3	23	8	13	20	11	6	15	25	19	22	1	2	5	16	14	24	4	10	12	17	7	9
9246	25	1	21	15	9	19	20	5	14	24	7	6	3	8	22	10	4	12	17	13	23	16	2	18	11
9247	25	14	13	23	7	3	24	16	6	20	2	22	8	4	21	12	19	17	18	9	15	1	5	10	11
9248	11	2	21	7	23	4	22	14	3	20	15	19	6	16	5	18	9	13	1	24	8	10	17	25	12
9249	17	11	6	24	23	1	19	21	16	3	25	8	10	15	9	20	4	22	12	18	14	13	2	5	7
9250	1	9	18	21	15	2	11	14	22	6	3	8	19	13	24	16	25	5	20	17	23	4	12	7	10
9251	3	9	12	14	16	10	20	11	1	23	7	6	15	19	21	17	18	5	24	13	25	2	4	22	8
9252	8	25	13	15	19	24	3	1	2	4	20	18	21	14	16	22	5	23	9	12	7	17	11	10	6
9253	14	23	4	12	16	9	19	5	1	3	7	17	15	25	2	11	21	6	24	22	18	10	13	8	20
9254	17	13	12	10	23	14	6	8	20	18	21	24	16	15	5	7	22	2	9	19	3	25	4	11	1
9255	2	25	15	14	7	24	5	4	16	17	23	1	22	21	12	20	19	10	3	8	6	13	18	9	11
9256	21	17	14	10	22	2	8	9	20	3	5	7	25	19	6	12	11	1	23	24	18	16	13	4	15
9257	5	24	25	23	6	8	11	18	21	15	20	13	16	4	10	14	3	22	17	19	12	7	1	2	9
9258	20	11	8	17	3	12	5	4	10	24	19	14	13	15	22	16	25	18	6	1	2	23	9	7	21
9259	14	17	24	12	7	4	10	13	11	16	23	3	2	15	21	19	1	9	25	8	5	20	18	22	6
9260	1	21	16	17	2	12	10	24	13	6	7	19	23	20	18	14	4	8	5	25	22	3	9	15	11
9261	12	25	18	15	21	13	20	17	5	14	11	7	22	16	19	3	23	6	10	24	8	4	1	2	9
9262	12	8	23	7	21	17	24	3	13	22	11	4	16	1	10	15	25	6	2	19	5	18	14	20	9
9263	18	21	16	14	6	22	5	15	25	4	11	7	3	8	17	13	1	2	20	23	19	9	24	12	10
9264	1	4	13	18	20	15	24	10	9	21	7	23	3	5	22	25	19	16	2	12	8	6	17	14	11
9265	4	23	5	9	19	1	17	3	25	2	16	11	8	7	24	15	10	20	21	22	6	12	13	18	14
9266	14	19	11	20	13	8	3	24	12	2	21	5	17	1	23	9	22	6	15	10	4	7	25	16	18
9267	1	13	20	12	11	16	2	19	3	21	18	22	5	6	7	9	14	17	10	24	15	8	4	23	25
9268	3	7	17	16	6	19	10	15	2	4	1	12	20	18	21	11	5	13	23	9	24	8	25	14	22
9269	23	16	11	13	15	18	14	12	9	5	21	3	7	4	25	22	19	10	24	8	17	20	1	2	6
9270	2	4	18	5	13	15	6	3	9	7	11	10	24	25	17	1	16	23	20	22	8	21	19	14	12
9271	6	4	9	5	14	24	13	7	21	15	12	17	16	19	3	8	18	22	23	1	10	25	20	2	11
9272	1	5	21	18	13	10	19	4	25	15	7	8	22	23	14	6	24	20	2	9	17	12	11	3	16
9273	14	10	9	7	1	12	6	20	3	25	16	4	23	8	13	15	11	18	21	2	22	24	17	19	5
9274	9	17	18	13	3	14	16	12	5	10	11	25	24	8	20	15	21	2	1	4	7	6	19	23	22
9275	25	22	4	8	9	24	7	10	11	21	19	17	15	20	2	18	12	14	23	13	1	3	6	16	5
9276	7	8	14	20	17	23	16	2	9	25	21	5	12	13	1	10	19	6	11	4	22	15	3	24	18
9277	3	7	23	12	19	13	25	8	5	11	20	1	14	17	16	18	6	10	24	15	2	22	9	4	21
9278	3	12	14	7	4	5	6	15	9	11	13	1	21	2	20	24	18	10	16	17	8	19	25	22	23
9279	14	7	2	20	9	25	10	15	17	3	18	24	11	16	1	12	22	4	8	13	6	19	21	23	5
9280	6	14	22	8	1	5	19	13	17	21	2	3	11	23	9	4	10	16	20	25	12	24	15	18	7
9281	3	8	9	22	23	17	25	15	6	21	7	16	13	2	18	11	12	1	24	4	10	14	19	20	5
9282	16	9	24	15	23	17	14	11	10	21	3	12	1	20	6	4	19	18	22	13	5	8	7	2	25
9283	19	13	21	5	18	9	24	8	15	12	23	1	25	2	6	7	22	14	3	16	4	10	17	20	11
9284	8	9	20	1	15	7	21	24	16	10	5	2	3	25	19	13	11	22	12	23	4	14	17	6	18
9285	16	4	14	18	10	20	11	19	21	12	6	22	9	13	24	7	1	25	17	8	15	2	23	5	3
9286	17	7	11	13	1	18	6	10	15	23	5	16	22	8	9	4	24	14	21	2	25	12	3	19	20
9287	18	8	21	25	5	13	24	6	7	19	16	4	2	23	10	17	15	1	22	14	11	9	12	20	3
9288	11	19	23	17	10	18	7	13	16	20	24	25	14	12	3	15	4	22	2	8	5	6	1	21	9
9289	3	2	5	13	6	23	4	20	8	24	9	17	12	18	21	7	16	14	10	11	22	1	25	15	19
9290	23	24	20	15	7	6	4	14	18	22	8	16	13	2	17	19	11	1	21	5	3	9	25	10	12
9291	15	3	16	8	17	18	4	5	12	21	11	24	19	1	9	25	13	22	2	10	7	23	14	20	6
9292	23	14	17	4	13	18	21	1	6	3	15	22	10	7	5	16	11	8	24	9	2	19	20	12	25
9293	22	20	25	13	18	7	5	21	8	16	15	19	1	24	2	9	14	10	3	11	6	23	17	4	12
9294	4	8	5	24	20	18	25	14	1	23	7	9	13	16	22	2	10	11	15	17	19	21	6	3	12
9295	14	16	20	10	25	6	2	19	4	17	23	3	22	8	5	9	13	24	15	11	21	1	18	7	12
9296	22	25	14	13	2	4	3	15	6	10	21	11	18	9	17	19	7	1	8	20	16	23	12	5	24
9297	7	1	6	24	4	17	10	9	16	21	12	5	23	19	14	18	25	20	13	8	2	3	15	11	22
9298	21	19	17	20	18	9	8	22	14	7	1	5	23	25	15	16	11	10	12	24	4	6	13	3	2
9299	5	1	24	8	22	23	3	4	25	16	2	12	10	6	9	7	18	13	15	19	17	21	14	20	11
9300	4	1	13	22	12	8	17	19	18	11	2	14	20	15	7	24	23	25	21	10	16	5	9	6	3
9301	25	8	3	17	11	21	1	19	22	18	4	5	14	15	6	16	20	10	23	7	24	9	2	12	13
9302	23	18	16	21	6	15	1	7	10	25	13	11	4	14	19	24	22	9	20	8	3	5	17	12	2
9303	17	20	4	11	5	13	12	18	25	16	2	10	21	23	19	7	14	9	24	6	15	8	1	22	3
9304	2	6	24	1	23	9	19	15	21	11	3	16	13	5	10	7	20	4	18	22	14	12	25	17	8
9305	23	22	19	11	3	5	13	18	16	2	4	12	6	10	7	17	15	20	8	25	1	9	14	24	21
9306	16	12	10	18	19	14	4	9	24	22	15	3	25	17	20	7	6	23	21	8	11	2	13	1	5
9307	8	18	5	14	24	19	2	7	16	9	1	6	25	21	20	17	4	15	12	13	11	3	10	22	23
9308	6	4	3	2	22	16	24	15	23	12	19	25	5	10	1	18	14	13	9	21	7	17	11	8	20
9309	16	17	21	18	23	22	1	19	5	9	25	20	14	12	11	8	13	15	2	4	3	24	6	10	7
9310	8	20	25	21	11	12	1	13	18	19	24	3	6	9	15	22	17	10	2	7	23	4	5	16	14
9311	2	25	8	1	16	13	3	14	22	5	10	4	24	12	18	9	21	23	6	7	11	19	17	20	15
9312	8	6	22	1	17	25	2	23	15	14	19	18	3	21	20	4	5	10	11	13	7	9	12	24	16
9313	20	16	11	10	13	9	6	12	19	18	22	25	24	5	4	21	8	3	17	7	15	23	2	1	14
9314	4	20	23	13	24	8	18	12	1	25	15	6	9	3	19	10	14	2	5	21	16	22	17	7	11
9315	15	4	23	7	13	17	2	21	9	24	14	5	25	10	1	19	6	3	22	16	8	20	11	18	12
9316	23	3	21	22	13	7	15	11	2	6	8	20	18	17	10	12	9	5	4	25	24	16	1	14	19
9317	6	7	18	24	8	20	4	17	11	25	19	21	12	23	22	2	14	16	10	15	5	1	3	13	9
9318	17	12	20	3	4	19	15	14	13	23	21	18	7	6	11	24	1	25	8	2	22	10	5	16	9
9319	9	20	17	14	21	15	16	24	6	2	8	12	25	10	19	11	22	7	23	5	4	1	3	18	13
9320	22	6	23	12	16	10	19	15	4	14	24	3	20	2	18	13	8	9	25	1	17	11	7	5	21
9321	11	9	5	25	23	12	1	19	21	17	13	22	8	3	16	4	2	24	7	20	6	18	14	15	10
9322	14	22	17	10	9	4	16	5	1	6	15	2	11	19	3	13	20	23	25	18	24	7	8	21	12
9323	12	9	11	15	4	17	1	24	23	6	20	10	22	18	8	16	2	3	25	13	14	7	5	19	21
9324	7	10	18	3	8	19	11	14	23	16	1	25	24	6	4	12	17	15	5	20	2	13	21	22	9
9325	2	18	7	17	21	22	10	6	8	11	25	12	14	9	1	23	15	5	4	16	13	24	19	3	20
9326	21	7	16	18	8	2	20	15	9	3	22	17	14	12	24	1	11	25	4	5	6	19	13	10	23
9327	20	2	7	3	16	6	19	22	14	15	9	24	13	10	23	18	1	4	11	25	21	5	8	17	12
9328	21	18	10	19	1	9	11	17	16	2	6	13	7	3	24	15	14	20	25	8	4	22	12	5	23
9329	3	8	14	5	11	23	4	25	2	16	12	13	1	17	24	22	7	20	10	9	21	15	6	18	19
9330	8	15	4	25	2	14	24	20	18	3	1	11	10	23	6	12	9	5	19	17	16	22	7	21	13
9331	14	8	5	23	20	18	21	19	1	16	4	13	6	10	2	11	3	25	22	7	12	15	9	17	24
9332	8	3	23	20	13	11	5	12	25	24	16	2	22	4	21	6	1	17	19	18	9	7	10	15	14
9333	5	23	10	17	16	24	19	8	1	14	15	11	13	25	6	2	9	4	21	22	12	3	7	20	18
9334	7	16	19	22	5	2	3	20	6	11	13	18	15	17	23	14	21	25	9	8	1	4	10	24	12
9335	19	6	17	5	23	4	1	18	2	16	11	21	10	7	25	13	24	8	9	20	3	15	12	14	22
9336	16	11	3	14	12	15	1	25	13	18	5	7	24	22	10	19	6	9	23	17	4	20	8	21	2
9337	16	22	4	15	12	13	21	17	5	2	23	8	25	1	10	3	14	19	11	6	7	18	20	9	24
9338	18	23	14	24	16	15	3	10	22	11	19	2	20	8	4	9	17	13	12	21	7	6	5	1	25
9339	8	11	2	21	23	14	10	7	15	1	5	22	16	12	18	6	19	13	20	17	4	24	9	25	3
9340	17	6	4	5	11	22	15	16	1	18	21	20	19	13	7	8	9	2	3	25	23	10	14	12	24
9341	10	9	25	23	21	20	17	3	1	18	4	16	14	19	6	2	11	12	7	13	8	15	22	5	24
9342	8	19	18	23	11	1	21	3	13	17	15	22	16	2	10	20	12	5	24	7	6	14	25	4	9
9343	6	22	2	20	25	8	24	14	15	19	11	18	10	5	4	13	16	1	12	9	7	21	17	3	23
9344	1	7	23	14	17	3	15	13	18	4	8	12	20	10	2	11	5	9	16	22	25	19	21	24	6
9345	2	1	21	4	8	14	13	6	18	9	5	24	19	7	17	25	20	3	23	10	22	11	12	16	15
9346	21	2	12	11	13	19	14	4	1	6	16	17	8	9	15	3	23	25	10	22	5	24	7	20	18
9347	24	12	13	21	4	9	2	25	20	16	23	5	18	22	15	1	7	19	11	14	6	3	10	8	17
9348	14	17	24	20	13	22	2	5	8	6	18	12	19	16	15	4	9	25	1	11	21	7	10	3	23
9349	15	3	12	5	11	4	13	20	7	19	22	8	2	21	16	18	10	17	24	14	23	9	1	25	6
9350	22	14	11	2	18	16	3	8	24	7	25	13	20	5	4	19	6	17	9	23	21	12	1	10	15
9351	11	18	16	19	23	5	14	10	9	1	6	24	17	8	7	20	3	4	13	2	22	21	15	25	12
9352	20	11	1	8	17	6	19	9	12	14	15	24	25	13	16	10	4	5	22	18	7	2	21	23	3
9353	13	7	21	16	3	18	8	24	15	11	20	14	12	22	4	25	19	1	6	17	23	10	5	9	2
9354	8	25	24	14	16	17	22	2	12	5	15	7	23	18	9	20	1	10	6	21	3	19	13	4	11
9355	23	18	13	21	24	19	16	3	20	12	5	11	17	2	4	22	7	25	10	8	15	14	1	9	6
9356	20	9	16	14	3	15	11	18	13	21	19	25	10	1	6	4	7	8	17	12	22	5	24	23	2
9357	9	8	23	5	10	12	18	13	14	22	19	17	21	4	7	6	3	2	20	16	25	1	15	24	11
9358	13	17	25	14	20	5	24	12	2	1	19	21	8	22	23	4	16	7	11	15	10	6	18	3	9
9359	23	18	24	5	3	12	20	9	22	17	19	8	7	14	13	10	25	15	6	11	1	16	2	4	21
9360	10	2	12	18	22	3	7	15	8	1	24	6	11	17	20	19	14	16	9	13	4	21	5	25	23
9361	23	2	24	8	22	6	1	25	7	16	21	9	20	3	19	11	15	4	12	17	14	5	18	13	10
9362	9	8	17	18	7	1	14	6	10	23	20	22	21	5	16	15	24	3	11	12	25	4	13	2	19
9363	16	15	8	20	24	25	13	3	4	21	9	11	10	18	12	22	7	2	23	5	19	1	17	6	14
9364	20	3	19	8	7	5	24	25	16	2	1	23	12	22	6	14	15	11	4	17	9	18	10	21	13
9365	16	10	13	19	5	18	23	15	11	2	20	24	21	12	6	14	25	9	3	8	22	1	17	4	7
9366	9	21	12	25	8	14	10	7	17	19	5	22	18	13	24	4	6	1	23	11	15	16	20	3	2
9367	10	4	22	5	1	13	9	6	15	12	14	23	16	24	17	18	7	11	2	19	25	20	8	3	21
9368	5	20	25	21	8	9	6	7	18	12	10	24	11	4	19	17	22	14	13	1	2	16	15	3	23
9369	4	20	14	2	17	5	12	10	18	16	3	8	24	9	25	13	15	22	7	6	11	21	23	19	1
9370	12	20	23	6	17	15	2	10	25	21	3	22	7	8	18	4	24	11	16	13	19	5	1	9	14
9371	12	10	4	13	17	9	15	24	19	1	20	23	14	16	8	3	6	5	25	21	11	2	22	18	7
9372	12	3	5	23	25	24	6	20	7	1	16	2	19	10	17	4	8	15	11	13	21	14	18	9	22
9373	24	16	20	18	3	23	11	15	12	9	10	13	14	19	5	7	21	25	1	22	6	8	2	17	4
9374	20	10	12	8	21	7	4	25	5	18	16	23	3	13	15	11	17	6	14	24	22	19	9	2	1
9375	19	3	24	9	2	23	6	16	22	13	8	11	1	5	18	21	10	12	25	17	7	14	20	15	4
9376	1	23	8	13	2	9	3	22	15	19	11	21	10	5	6	24	18	17	25	20	4	14	16	12	7
9377	23	14	9	8	18	3	6	5	16	7	12	24	20	22	10	11	25	2	21	15	1	17	4	13	19
9378	2	13	18	12	5	10	6	14	8	24	17	11	3	1	20	15	16	22	23	4	21	25	9	19	7
9379	19	18	15	4	7	20	24	2	23	13	11	21	14	25	5	8	6	1	17	9	3	10	22	16	12
9380	16	21	13	10	4	6	2	5	25	3	9	15	7	8	14	1	18	23	11	17	24	12	19	22	20
9381	12	18	25	19	13	15	2	7	9	21	4	20	10	11	1	5	22	17	23	16	6	8	14	24	3
9382	7	10	14	6	17	12	18	4	11	21	20	13	16	23	5	3	24	15	8	9	25	2	22	19	1
9383	23	19	24	20	22	16	13	6	17	4	2	3	8	25	1	9	14	10	11	21	15	18	5	7	12
9384	1	12	19	11	2	10	17	9	7	3	6	13	16	8	25	20	23	22	15	18	21	24	5	14	4
9385	15	18	10	11	5	21	14	20	25	13	24	4	8	19	16	9	2	7	17	23	6	12	22	3	1
9386	25	17	21	9	5	10	4	1	19	24	14	20	2	16	13	12	3	23	18	11	22	15	6	7	8
9387	24	4	9	3	25	14	13	11	20	6	12	8	15	18	16	10	21	17	2	23	7	19	1	22	5
9388	8	16	5	17	13	1	6	11	25	20	23	12	14	21	18	3	15	9	24	7	10	4	22	19	2
9389	3	6	10	4	23	2	13	20	19	16	1	14	9	8	5	15	7	12	11	24	21	18	25	17	22
9390	18	7	23	17	20	9	24	19	21	8	16	3	10	6	22	5	25	4	14	1	11	2	13	12	15
9391	1	24	25	18	14	17	6	3	16	19	15	12	22	20	11	9	4	5	13	21	2	23	10	7	8
9392	23	4	9	2	18	20	11	6	5	17	12	25	22	10	19	1	3	14	8	13	21	7	24	16	15
9393	22	5	24	13	11	12	14	4	8	10	1	2	19	9	7	25	6	23	20	15	17	3	21	18	16
9394	14	13	3	22	24	20	11	23	2	12	6	25	19	21	10	17	8	1	16	18	7	5	9	15	4
9395	18	23	6	15	4	3	20	8	19	2	10	12	13	24	14	9	7	11	1	21	22	5	16	17	25
9396	24	9	12	22	25	21	11	16	19	2	10	15	1	8	20	6	13	3	5	18	17	7	14	4	23
9397	7	20	16	3	24	14	11	15	6	12	18	22	8	2	9	1	19	10	4	17	23	21	13	5	25
9398	4	13	11	25	12	6	18	5	20	8	22	19	1	7	10	14	23	15	24	3	2	16	17	9	21
9399	25	6	22	19	9	3	2	8	4	1	12	23	14	7	20	16	18	15	17	21	5	11	10	24	13
9400	14	19	20	22	13	16	8	1	15	21	5	7	9	11	6	3	25	12	4	10	23	24	18	2	17
9401	1	14	5	18	16	13	23	2	25	19	4	12	3	6	21	20	22	11	10	24	8	9	15	17	7
9402	13	16	18	22	21	25	14	11	12	8	15	4	17	1	9	5	6	3	7	23	2	10	20	24	19
9403	14	13	4	19	17	2	10	23	20	9	7	22	5	21	24	1	16	3	25	15	12	18	8	11	6
9404	4	10	2	8	23	12	17	20	6	7	9	5	11	15	1	22	3	21	14	25	13	24	18	19	16
9405	13	17	8	4	14	1	22	6	15	3	9	21	16	2	24	20	10	7	5	25	12	19	23	18	11
9406	11	21	16	18	14	20	19	17	1	13	12	10	7	8	4	25	22	5	3	9	23	2	24	15	6
9407	19	17	25	2	7	22	23	6	24	14	11	15	18	9	3	5	8	21	13	20	4	12	10	16	1
9408	22	3	23	1	2	21	15	4	17	24	25	16	6	20	11	7	13	9	12	14	18	10	19	8	5
9409	4	9	6	3	8	17	10	14	12	7	1	21	22	18	24	19	5	20	13	23	2	11	15	25	16
9410	22	13	14	2	12	7	19	1	15	9	20	21	24	18	11	17	25	6	3	23	16	8	10	5	4
9411	19	8	12	14	4	21	9	22	18	24	25	3	7	11	5	2	1	13	23	15	10	6	17	16	20
9412	13	22	18	9	23	4	6	3	24	19	11	8	14	21	16	5	7	17	1	10	20	15	2	12	25
9413	25	19	5	2	16	14	24	22	12	9	13	8	4	17	20	18	23	1	21	6	15	10	11	3	7
9414	1	14	19	23	12	3	17	10	5	9	25	4	24	15	8	21	2	6	22	13	11	20	16	18	7
9415	16	9	22	24	11	6	23	25	1	5	19	15	8	21	2	17	12	18	3	14	10	7	13	4	20
9416	17	4	24	12	18	1	13	8	16	3	11	22	14	5	9	10	15	23	21	20	7	2	6	19	25
9417	20	19	25	2	4	24	13	10	12	6	17	7	1	18	11	9	14	5	15	3	22	23	8	21	16
9418	16	23	3	15	11	25	17	10	14	24	4	5	22	7	20	6	18	8	19	12	2	13	21	1	9
9419	13	23	5	17	11	2	10	18	9	1	7	21	4	22	25	24	20	19	3	8	15	12	14	16	6
9420	14	7	24	17	10	19	6	21	11	23	1	8	13	5	4	9	15	20	16	3	25	12	18	2	22
9421	2	12	24	9	1	20	5	6	19	16	18	17	15	23	22	7	8	21	4	3	14	10	25	13	11
9422	5	20	3	13	15	7	21	25	4	2	22	9	23	14	16	10	11	8	6	12	18	1	17	19	24
9423	6	24	22	17	5	2	8	4	7	14	1	20	11	3	25	18	13	21	19	10	23	12	9	16	15
9424	7	15	19	8	20	21	9	22	16	4	12	25	18	13	6	10	17	5	1	11	14	3	24	2	23
9425	11	9	23	24	18	4	14	17	20	1	19	21	25	7	3	6	2	10	15	5	13	8	22	16	12
9426	8	22	25	15	14	20	1	24	5	19	13	6	4	2	11	10	23	21	18	12	9	3	7	16	17
9427	4	16	15	23	22	18	11	12	10	1	20	3	5	17	9	7	19	13	6	8	25	2	24	14	21
9428	16	21	7	15	6	19	8	24	22	10	5	14	12	20	23	13	11	1	18	2	4	9	25	17	3
9429	9	14	18	1	16	2	10	7	23	17	15	19	5	12	3	22	11	25	13	24	20	8	4	21	6
9430	19	1	4	17	2	20	7	23	15	16	24	6	12	3	13	5	18	8	9	10	11	22	14	25	21
9431	5	16	22	21	20	7	2	1	15	8	10	23	6	19	11	17	18	24	4	25	9	14	3	12	13
9432	3	4	2	23	25	20	1	14	22	17	11	24	18	10	8	19	7	6	21	12	16	15	5	9	13
9433	18	23	24	6	4	11	2	25	17	8	13	5	3	9	7	12	16	21	10	15	19	22	1	20	14
9434	23	9	15	13	20	14	17	2	1	18	10	3	24	19	11	12	5	16	7	22	4	21	6	8	25
9435	17	6	22	1	5	19	12	16	13	21	9	14	23	15	4	2	18	10	7	3	24	11	8	25	20
9436	23	16	9	15	4	6	21	12	13	18	20	11	10	3	25	7	17	24	1	5	22	8	19	2	14
9437	6	11	13	8	18	4	17	24	23	12	19	3	5	10	25	7	16	9	2	15	1	14	22	21	20
9438	6	19	20	7	25	15	5	9	23	13	11	22	18	17	12	21	8	1	2	16	4	24	3	14	10
9439	2	11	10	16	25	14	7	9	3	6	23	15	5	1	24	17	21	18	20	19	8	22	4	13	12
9440	10	4	2	15	16	8	19	18	13	12	5	24	20	6	1	21	9	17	3	22	14	25	11	23	7
9441	16	8	9	3	22	21	4	17	11	14	18	13	23	19	7	25	6	12	15	10	5	2	24	1	20
9442	2	22	11	13	5	15	7	9	12	16	18	8	19	17	24	25	1	21	23	20	10	14	3	4	6
9443	14	21	15	5	4	17	23	19	9	12	22	16	11	10	25	24	1	18	6	13	20	2	7	8	3
9444	17	22	3	1	5	4	2	11	19	7	18	21	24	9	8	15	12	14	25	23	13	16	10	6	20
9445	23	13	21	12	11	19	4	3	8	15	6	14	2	20	22	18	17	7	10	24	5	1	25	9	16
9446	20	22	23	14	4	5	25	12	15	1	9	7	19	16	11	8	2	24	3	10	21	18	6	17	13
9447	1	23	24	10	12	11	20	7	4	2	8	5	9	21	16	14	18	6	3	17	15	22	13	25	19
9448	8	6	25	21	19	16	3	20	2	22	15	14	12	9	13	17	4	1	24	10	18	23	7	5	11
9449	21	12	4	16	19	6	15	1	7	24	23	11	14	25	22	13	17	10	5	8	20	3	2	9	18
9450	14	3	8	4	12	25	17	7	18	10	13	1	19	2	11	24	21	20	22	15	23	9	6	5	16
9451	4	9	5	15	3	16	10	18	12	19	1	2	20	11	14	25	7	13	23	8	22	17	6	21	24
9452	20	22	18	14	7	6	19	15	13	25	9	4	23	24	5	2	21	16	17	1	12	8	10	3	11
9453	9	7	13	16	15	18	6	25	23	14	11	12	20	21	3	10	2	8	24	5	1	17	19	22	4
9454	2	15	1	11	17	20	23	10	13	6	9	14	19	12	8	25	21	16	3	5	24	18	22	7	4
9455	4	22	24	2	13	17	14	23	16	15	10	7	11	20	21	25	18	8	6	5	9	12	3	19	1
9456	3	9	16	8	14	4	5	25	23	15	18	6	19	1	11	21	22	13	2	17	7	10	12	20	24
9457	5	25	24	2	16	14	9	20	3	1	12	7	22	6	18	17	8	13	4	19	21	15	10	23	11
9458	11	13	1	20	19	15	17	9	5	3	18	4	12	23	24	2	21	10	14	16	8	22	6	25	7
9459	13	2	19	6	16	15	14	20	4	21	11	24	12	5	9	22	17	25	10	1	23	18	3	8	7
9460	12	10	18	24	7	22	3	25	11	23	6	21	15	8	5	1	4	9	20	2	13	16	14	19	17
9461	23	19	21	18	10	20	8	2	15	12	3	11	4	14	24	17	1	7	13	16	6	9	25	5	22
9462	20	23	19	22	9	5	15	16	24	25	6	8	4	10	11	18	7	12	21	14	13	3	1	17	2
9463	18	6	22	25	15	12	23	1	17	19	7	16	3	14	20	24	11	13	4	8	2	5	21	10	9
9464	24	11	22	2	17	1	15	6	8	7	4	10	20	12	9	23	14	19	21	16	25	3	5	18	13
9465	21	9	24	5	15	14	6	1	10	18	13	19	20	4	8	3	16	25	7	17	11	12	23	22	2
9466	1	19	24	13	22	7	15	11	10	17	9	25	18	2	6	23	5	12	4	20	14	8	3	16	21
9467	25	7	8	6	2	18	22	11	20	5	13	9	14	17	19	3	15	4	16	12	1	21	10	23	24
9468	1	5	19	11	22	25	7	21	9	3	15	24	16	13	8	18	17	14	2	4	23	10	6	20	12
9469	4	20	5	7	22	3	1	18	21	12	2	10	14	17	16	19	13	6	24	15	25	8	23	11	9
9470	23	17	8	16	22	3	7	1	18	24	13	11	19	20	15	25	6	2	5	10	21	14	4	9	12
9471	24	23	25	20	13	16	6	7	14	1	4	12	8	11	9	5	15	3	21	19	18	10	22	2	17
9472	6	17	4	21	20	9	16	14	13	22	3	7	8	19	23	18	12	25	15	24	1	11	10	5	2
9473	4	23	14	1	21	16	10	12	13	19	2	8	11	22	25	20	17	9	6	15	24	7	3	5	18
9474	3	2	6	1	5	24	25	4	16	8	15	19	14	10	17	9	23	11	13	22	12	21	20	18	7
9475	18	12	9	13	11	16	20	21	4	14	24	17	3	15	6	23	7	5	2	1	10	19	25	8	22
9476	22	10	25	13	24	23	19	8	20	18	7	2	5	11	4	21	6	16	17	12	3	15	1	9	14
9477	8	25	10	18	11	7	12	24	3	13	17	2	1	14	22	23	19	15	5	4	16	21	9	20	6
9478	21	8	1	6	13	2	11	25	4	3	14	17	22	7	10	15	16	9	18	20	19	5	23	12	24
9479	23	14	12	20	2	10	13	6	21	9	22	18	11	8	16	25	3	4	5	19	17	24	15	7	1
9480	10	5	17	3	18	20	22	6	16	9	25	4	13	11	1	19	8	2	7	21	15	14	12	23	24
9481	6	10	7	11	23	5	18	14	13	24	3	2	9	20	17	25	21	12	4	22	8	1	15	19	16
9482	1	24	17	7	2	4	14	20	23	16	18	8	21	15	9	13	12	22	25	3	11	6	5	19	10
9483	16	2	6	7	22	1	18	25	8	5	24	21	9	19	20	10	11	3	15	12	4	14	23	17	13
9484	3	10	16	5	19	12	24	4	21	9	13	14	1	2	15	6	17	23	20	25	7	11	22	18	8
9485	2	22	7	20	19	25	17	12	3	23	1	4	8	14	9	11	15	18	21	13	10	6	16	5	24
9486	12	8	15	24	11	16	18	4	23	25	21	10	3	2	9	14	13	5	7	20	19	1	22	6	17
9487	11	2	6	14	18	25	10	22	3	13	7	8	19	15	17	4	23	5	21	9	12	1	24	20	16
9488	14	2	24	22	6	11	20	12	19	15	1	5	25	18	21	8	9	13	7	16	17	4	3	23	10
9489	25	3	16	17	15	18	21	8	12	19	5	7	22	20	4	2	14	13	10	11	9	6	1	24	23
9490	15	13	11	6	4	20	5	23	17	16	14	18	9	24	1	7	19	8	22	10	25	21	12	2	3
9491	10	5	21	9	6	19	15	25	2	8	1	12	3	23	7	24	17	20	14	18	11	16	4	13	22
9492	8	1	25	19	23	15	12	7	4	16	10	11	22	20	2	6	3	18	24	17	9	13	21	5	14
9493	6	19	24	2	16	7	8	10	13	25	22	20	21	1	17	4	9	14	18	12	5	15	11	23	3
9494	8	12	19	18	14	4	6	17	10	9	15	21	20	11	3	24	25	5	1	13	22	23	7	2	16
9495	22	3	20	5	15	8	10	9	25	4	14	21	23	1	12	17	19	7	11	24	6	2	18	13	16
9496	12	5	8	17	19	16	1	11	23	25	13	4	18	15	7	20	10	9	6	14	24	22	21	3	2
9497	15	2	10	7	21	22	13	23	25	16	14	12	3	4	1	6	18	20	8	24	17	11	5	9	19
9498	3	2	6	16	25	22	24	12	5	1	18	7	15	20	17	8	19	11	21	4	14	23	9	13	10
9499	11	13	14	25	23	19	5	10	17	8	20	9	2	1	16	24	15	6	22	3	7	21	18	12	4
9500	16	8	3	19	1	4	21	9	17	7	15	5	13	12	14	18	25	6	22	2	23	10	20	24	11
9501	24	2	18	19	23	15	10	12	5	21	16	8	1	4	13	25	3	17	6	7	11	14	20	9	22
9502	12	14	7	5	22	17	2	24	10	9	16	25	21	1	4	15	13	6	19	8	23	18	11	20	3
9503	18	16	1	5	11	13	22	10	21	2	20	9	24	7	14	17	6	3	19	25	23	8	4	15	12
9504	23	11	20	5	16	22	10	13	2	9	3	7	8	18	24	4	17	19	21	12	1	6	15	14	25
9505	23	2	16	7	20	22	25	9	19	14	11	4	17	15	5	18	8	12	21	6	24	13	1	10	3
9506	21	6	11	22	2	7	1	4	15	18	24	10	13	8	9	23	17	19	14	12	5	16	3	20	25
9507	9	2	13	24	15	10	17	8	6	21	7	25	19	5	23	20	18	16	4	3	22	14	11	12	1
9508	10	16	11	3	14	6	22	19	17	18	5	9	1	23	21	13	4	12	7	25	15	20	2	8	24
9509	9	10	2	4	6	19	13	16	25	17	12	7	11	23	20	1	3	5	8	24	22	21	14	15	18
9510	3	25	2	1	20	12	17	14	6	4	7	22	13	15	21	16	9	10	8	19	23	11	18	24	5
9511	24	23	5	13	1	6	11	15	14	25	21	4	8	12	3	20	22	7	19	9	16	2	17	10	18
9512	14	1	6	7	15	9	18	8	3	25	13	24	17	10	21	22	19	2	12	23	20	4	16	5	11
9513	1	7	4	20	13	16	3	5	9	22	10	6	17	15	14	11	12	2	18	21	23	19	24	25	8
9514	16	1	24	3	19	6	11	25	13	17	4	9	14	21	15	2	10	20	18	22	8	23	5	7	12
9515	11	3	1	25	12	23	17	15	7	21	16	20	9	4	18	22	2	24	14	6	19	8	5	10	13
9516	23	21	20	17	11	18	8	3	22	6	1	4	19	10	5	2	24	7	15	12	25	9	14	16	13
9517	9	13	5	25	15	4	6	16	8	23	19	20	2	14	3	18	21	17	22	11	10	1	24	7	12
9518	21	16	8	13	15	24	18	11	9	12	5	25	17	6	1	2	3	4	19	20	14	10	22	23	7
9519	10	21	7	4	24	22	8	9	11	13	18	5	23	15	1	6	17	12	20	3	16	19	2	14	25
9520	21	1	19	3	5	18	22	10	15	13	16	6	17	8	9	25	12	20	14	4	11	24	2	7	23
9521	4	6	24	10	22	5	14	13	19	21	17	25	20	3	11	16	2	12	8	15	1	23	7	18	9
9522	8	7	19	20	4	1	6	15	5	12	10	21	17	25	9	24	16	2	22	11	18	13	14	3	23
9523	17	12	4	24	5	25	16	9	6	8	19	1	22	3	11	7	18	2	15	13	20	21	14	23	10
9524	17	23	10	18	11	6	3	24	14	15	16	12	22	20	13	2	1	4	25	5	7	21	19	8	9
9525	18	11	15	17	2	19	3	8	13	5	7	20	10	9	6	16	25	12	14	23	4	21	22	24	1
9526	22	4	14	11	21	25	8	12	19	20	7	1	18	5	15	2	6	10	17	3	23	16	13	9	24
9527	11	9	14	21	19	22	5	16	10	12	3	8	4	1	2	15	24	20	7	23	6	18	17	13	25
9528	25	21	8	6	11	2	14	7	15	5	18	16	24	19	13	23	17	1	22	9	4	12	20	3	10
9529	16	14	8	12	10	11	1	25	24	17	19	6	4	2	21	5	15	18	23	9	13	20	7	22	3
9530	22	1	7	14	19	11	3	5	8	2	15	18	13	17	24	4	20	25	9	23	21	12	16	6	10
9531	22	9	25	19	17	20	13	5	23	7	1	3	11	24	10	21	12	8	2	14	4	16	6	18	15
9532	22	10	23	19	5	9	14	17	20	15	24	1	2	16	12	8	6	4	25	21	13	7	18	11	3
9533	15	13	20	3	7	21	25	4	6	5	24	10	12	22	2	1	18	17	11	9	14	8	23	19	16
9534	13	2	8	10	15	17	25	21	14	9	24	16	6	22	23	5	1	20	19	4	18	7	12	3	11
9535	11	22	16	13	4	8	2	9	12	20	7	3	14	18	1	19	6	21	23	5	10	24	15	17	25
9536	11	22	20	4	13	18	25	16	3	15	19	12	21	8	1	9	24	23	7	2	17	6	5	10	14
9537	15	12	5	18	7	8	22	24	17	11	19	23	4	25	3	14	1	9	16	13	10	2	21	20	6
9538	9	24	18	10	16	14	3	15	5	12	6	13	25	2	20	17	22	11	23	19	4	7	1	21	8
9539	10	20	24	5	4	7	12	21	3	11	17	25	23	13	1	16	14	6	15	19	9	22	18	8	2
9540	24	19	5	14	21	22	12	18	8	13	25	6	3	17	20	16	15	10	2	9	23	7	4	1	11
9541	15	19	4	12	10	3	1	13	23	22	8	11	21	17	14	5	20	24	16	6	18	9	25	2	7
9542	14	5	24	6	2	1	22	8	7	21	19	25	10	13	16	15	12	4	9	11	23	20	18	3	17
9543	11	7	13	5	16	4	19	3	2	18	6	23	22	14	9	21	15	8	1	24	12	25	17	20	10
9544	14	3	8	12	13	7	19	1	21	4	24	18	2	5	23	11	25	10	16	17	22	20	15	9	6
9545	12	10	23	5	9	7	13	25	22	20	24	1	19	18	3	21	16	6	4	2	11	14	15	17	8
9546	8	7	1	15	10	9	24	23	18	19	2	22	5	6	12	4	11	21	16	25	20	3	14	17	13
9547	15	13	24	22	19	11	10	8	5	4	21	16	17	12	9	6	25	18	2	3	23	20	1	14	7
9548	3	15	8	17	16	19	11	10	2	1	20	6	23	21	13	14	9	24	4	5	22	7	18	25	12
9549	25	20	16	22	6	4	19	8	7	2	11	1	15	10	9	21	13	18	5	24	3	12	17	23	14
9550	17	13	5	12	18	22	2	24	1	9	6	15	19	3	10	11	14	21	8	20	25	23	16	7	4
9551	21	13	8	7	11	6	19	25	9	15	12	23	10	22	5	20	3	24	18	4	2	1	14	17	16
9552	17	22	8	4	24	23	5	12	25	7	3	15	2	16	20	18	10	19	9	1	14	6	21	11	13
9553	2	13	7	9	11	18	12	14	25	8	4	19	24	15	21	20	1	22	3	5	17	10	23	16	6
9554	20	16	25	10	17	1	15	24	3	9	22	12	5	4	14	19	11	13	18	7	8	6	23	2	21
9555	21	11	22	20	12	8	1	23	13	6	2	25	7	15	18	14	19	10	9	17	24	5	16	3	4
9556	16	1	24	2	6	20	14	15	5	10	11	22	13	25	8	17	3	18	4	9	19	23	7	21	12
9557	2	1	9	4	18	14	17	8	24	13	5	20	16	7	6	23	22	21	15	12	3	19	25	11	10
9558	12	14	3	25	2	18	9	22	8	21	20	7	13	5	19	10	6	4	1	23	11	17	15	16	24
9559	11	3	12	25	17	9	13	18	20	8	19	5	1	24	10	7	2	22	23	15	16	4	6	14	21
9560	5	13	20	22	15	24	4	6	2	25	11	10	19	8	3	17	9	1	7	14	23	16	21	18	12
9561	14	4	9	13	24	1	21	2	15	23	6	17	16	25	12	20	3	11	8	18	10	7	19	22	5
9562	10	25	5	7	22	21	11	23	13	6	14	2	3	16	20	19	1	4	12	18	17	24	8	9	15
9563	8	9	5	20	7	15	10	13	24	22	19	23	16	17	11	25	4	6	12	2	3	1	14	18	21
9564	16	2	3	4	15	7	20	12	9	19	17	24	25	8	21	5	23	6	22	11	13	10	14	1	18
9565	11	14	17	10	8	4	18	3	16	15	9	1	25	5	2	7	20	6	21	19	23	13	12	24	22
9566	18	23	15	7	14	12	16	11	20	4	3	13	24	19	8	6	10	1	25	2	21	17	5	9	22
9567	14	15	25	9	22	19	8	1	21	11	10	20	12	4	7	23	3	13	18	5	16	17	2	24	6
9568	14	21	18	13	7	9	1	17	23	25	8	16	4	19	11	10	5	2	22	15	24	3	12	20	6
9569	22	13	18	21	2	23	24	11	3	20	14	25	7	5	15	10	9	19	1	16	12	8	6	17	4
9570	25	13	3	23	24	2	9	19	22	12	18	8	15	21	14	20	16	1	11	6	5	4	10	7	17
9571	25	6	15	7	5	12	11	24	2	3	9	17	1	19	8	13	10	21	14	18	20	23	22	16	4
9572	1	22	10	20	4	25	23	3	11	21	6	18	16	7	15	14	5	13	19	17	12	8	2	24	9
9573	24	11	17	6	15	10	2	13	3	19	9	8	16	21	18	23	1	14	12	7	25	4	20	22	5
9574	15	24	6	21	11	22	17	8	18	23	19	10	25	2	5	16	13	4	14	20	3	9	7	12	1
9575	23	20	25	17	12	6	24	2	22	14	21	15	4	3	19	16	1	13	11	9	8	10	7	18	5
9576	15	22	12	10	7	20	6	9	1	16	18	14	3	8	25	2	5	19	21	24	13	17	23	4	11
9577	5	17	14	1	3	22	20	8	15	24	25	6	23	18	2	7	9	10	21	19	13	16	4	11	12
9578	5	7	17	8	23	14	16	4	24	2	18	19	9	25	3	11	15	12	20	1	21	10	13	6	22
9579	3	20	15	1	23	21	7	14	6	22	4	12	11	5	25	9	17	13	10	2	24	8	19	18	16
9580	24	2	1	7	25	8	22	13	9	10	23	11	16	20	5	14	17	15	19	21	12	4	18	6	3
9581	1	11	25	17	8	10	14	12	2	13	20	6	7	5	16	24	4	9	3	21	19	18	15	23	22
9582	19	14	6	3	22	10	21	8	15	18	4	24	16	20	11	17	12	7	5	23	1	25	13	2	9
9583	22	15	19	13	5	7	3	16	14	23	25	1	12	10	24	11	9	2	6	4	20	17	21	8	18
9584	4	17	5	18	10	21	12	1	15	6	25	7	24	2	23	8	22	16	13	20	9	14	3	11	19
9585	21	18	4	5	1	22	17	8	23	6	13	14	2	10	7	19	12	3	11	9	20	15	25	24	16
9586	10	12	1	11	25	14	24	9	2	19	8	18	17	20	6	13	23	21	3	5	15	7	22	4	16
9587	16	4	7	21	15	6	24	13	14	11	3	20	22	25	10	23	19	2	17	8	5	1	12	18	9
9588	16	21	23	3	10	11	1	2	24	19	14	12	20	5	17	13	18	15	25	7	8	9	22	4	6
9589	1	17	24	22	12	8	13	9	5	10	14	19	4	20	18	25	2	23	11	15	21	7	3	16	6
9590	8	21	11	24	6	15	19	12	17	4	22	10	23	7	25	16	13	2	5	20	1	3	18	14	9
9591	1	15	24	21	19	7	17	5	6	3	23	12	4	14	20	10	18	9	13	25	16	2	22	8	11
9592	23	21	2	13	19	11	25	22	15	8	4	9	1	5	18	3	10	20	6	17	16	14	24	7	12
9593	13	12	4	16	1	8	21	3	22	18	11	10	25	7	19	17	6	20	14	2	23	24	5	9	15
9594	11	10	9	19	21	3	14	1	12	22	20	18	24	17	15	16	8	4	5	7	6	23	13	2	25
9595	14	23	17	12	16	19	18	4	15	22	9	21	11	3	25	13	10	7	8	20	2	24	6	5	1
9596	21	23	17	19	13	3	22	10	18	20	5	6	11	2	15	4	14	8	16	1	7	24	12	25	9
9597	7	11	21	19	20	4	22	18	25	23	14	10	16	9	2	15	3	6	13	8	12	24	1	5	17
9598	4	18	21	19	13	20	14	7	22	8	24	3	12	6	11	1	17	2	25	23	10	15	16	5	9
9599	16	4	21	23	10	7	1	14	24	11	13	17	22	25	20	15	19	6	12	3	8	18	9	5	2
9600	16	3	2	8	9	11	10	7	17	21	24	23	18	4	1	22	20	14	6	19	12	5	25	13	15
9601	4	10	14	20	15	17	8	3	6	5	2	21	12	23	9	7	16	11	1	18	25	19	24	13	22
9602	14	9	2	13	17	10	25	5	21	19	1	18	6	16	23	7	22	3	12	24	8	4	11	15	20
9603	13	11	18	7	9	6	8	19	3	15	22	20	4	23	2	25	14	12	24	16	5	10	1	21	17
9604	24	9	12	18	8	6	14	1	10	22	17	3	21	25	15	16	20	5	4	23	2	7	13	19	11
9605	2	21	13	25	20	16	11	9	10	19	14	18	8	24	12	3	17	1	4	15	6	5	7	22	23
9606	22	17	10	8	20	1	6	9	24	7	25	12	14	13	2	11	19	3	15	4	23	5	18	16	21
9607	1	15	18	7	24	11	12	19	23	3	9	6	20	10	16	25	8	2	13	21	14	5	22	17	4
9608	20	22	18	25	12	9	23	8	15	3	10	4	5	1	11	16	13	21	24	17	19	2	14	7	6
9609	8	18	7	9	15	11	16	12	21	14	2	22	5	10	25	1	19	13	20	23	24	6	3	17	4
9610	13	24	14	21	2	4	23	18	10	1	8	9	22	7	11	6	25	19	20	16	12	15	3	17	5
9611	16	5	21	22	12	2	4	14	18	10	19	1	25	7	9	17	24	13	11	8	20	6	23	15	3
9612	4	22	17	23	9	21	7	25	2	15	13	8	16	11	24	6	12	1	19	10	20	18	14	3	5
9613	25	6	2	18	21	13	17	10	11	19	16	23	9	8	12	24	15	14	20	4	22	7	1	3	5
9614	3	11	5	13	18	9	1	6	4	22	14	17	20	21	12	16	25	24	19	8	23	15	7	10	2
9615	12	24	9	3	7	15	6	4	11	21	18	22	16	2	17	5	25	8	13	23	19	1	14	10	20
9616	18	17	25	23	8	19	5	2	13	3	24	1	7	21	12	11	4	20	15	22	6	9	10	16	14
9617	20	11	9	5	12	22	19	18	16	3	24	8	17	13	7	4	10	15	14	6	2	21	25	1	23
9618	4	18	23	9	16	17	8	11	6	24	12	7	14	15	13	5	1	2	25	21	10	3	20	22	19
9619	6	19	8	4	9	24	25	13	16	10	18	23	20	12	15	21	11	17	14	5	3	22	1	2	7
9620	11	13	5	8	20	3	21	16	23	7	18	1	2	25	15	22	14	4	19	12	9	6	24	10	17
9621	7	14	19	6	11	13	10	5	21	24	23	3	9	17	20	1	8	15	25	2	22	18	12	4	16
9622	12	18	23	24	7	6	8	13	11	5	3	2	17	21	22	4	9	20	1	25	16	10	19	14	15
9623	24	14	4	15	12	23	5	22	17	21	1	13	18	9	25	19	7	3	10	2	16	6	11	20	8
9624	15	10	23	5	9	1	20	14	11	25	16	4	24	19	22	6	2	18	21	3	12	13	7	17	8
9625	14	19	12	6	13	24	7	4	21	10	23	18	2	16	17	20	3	11	22	9	1	5	15	8	25
9626	10	5	16	14	4	21	7	19	15	6	8	25	20	17	9	1	23	18	3	22	11	13	12	24	2
9627	15	9	10	22	16	8	3	13	23	14	17	5	20	6	18	12	24	7	21	19	1	4	2	25	11
9628	6	21	3	10	25	23	14	8	12	24	1	5	11	13	18	7	20	15	19	9	4	17	16	22	2
9629	17	7	25	21	24	11	1	20	4	13	6	3	12	23	8	5	9	19	15	22	14	18	10	2	16
9630	15	14	3	21	12	19	24	5	4	11	18	6	20	17	1	9	16	8	2	22	23	13	25	7	10
9631	17	3	25	9	16	12	4	18	23	19	21	15	24	10	11	6	5	8	13	7	2	22	14	1	20
9632	16	12	14	8	6	11	9	17	22	10	20	3	2	1	13	7	23	19	18	4	25	15	5	24	21
9633	19	18	15	23	21	11	4	14	1	22	17	6	12	16	9	8	5	13	10	20	3	2	25	24	7
9634	24	23	22	5	12	9	14	16	25	11	13	3	18	19	21	6	2	4	1	20	8	7	10	15	17
9635	1	8	9	5	14	4	23	22	13	24	12	6	17	10	16	18	2	11	25	7	15	3	20	19	21
9636	4	23	17	7	25	16	1	6	18	10	24	12	9	11	15	14	2	5	20	21	22	8	13	19	3
9637	4	17	23	2	16	14	20	1	24	8	15	9	7	5	13	10	11	21	18	3	12	25	19	22	6
9638	11	9	4	17	15	22	24	6	21	1	8	10	25	23	7	5	19	12	20	14	2	3	16	13	18
9639	7	6	4	21	1	20	18	24	5	16	3	9	17	10	12	2	23	11	19	13	25	8	14	15	22
9640	7	9	22	19	10	24	2	15	11	8	23	6	14	4	21	25	12	17	3	20	16	5	1	18	13
9641	19	15	9	6	22	4	23	1	17	18	11	8	7	5	13	14	20	12	3	2	24	21	10	16	25
9642	12	8	15	10	6	5	25	19	17	9	24	4	21	11	23	1	3	14	16	2	7	22	20	18	13
9643	9	16	2	21	19	5	13	1	4	10	15	7	8	22	12	6	18	11	20	25	17	23	24	3	14
9644	3	15	9	14	18	22	2	6	11	8	23	17	25	7	4	5	13	10	21	19	20	12	1	24	16
9645	24	25	7	15	3	19	21	18	4	22	17	11	2	5	20	14	13	16	6	8	1	23	12	10	9
9646	14	12	15	9	16	4	21	3	24	19	2	8	18	22	23	7	5	17	1	25	10	6	11	13	20
9647	1	8	19	5	4	18	13	14	9	16	20	25	3	12	24	6	15	23	10	11	22	17	21	2	7
9648	2	3	13	4	12	1	6	9	24	5	14	19	8	16	7	18	20	22	17	15	11	21	25	23	10
9649	23	25	6	20	4	14	24	10	3	1	21	9	8	16	19	13	17	15	11	5	12	2	18	22	7
9650	20	25	23	12	14	6	16	8	19	1	5	7	24	3	4	2	21	18	10	15	17	9	11	22	13
9651	25	18	16	8	6	19	22	2	11	24	3	1	14	7	12	13	21	15	20	10	17	4	9	23	5
9652	1	18	15	16	13	8	12	20	5	23	25	22	21	10	4	17	7	9	2	11	14	19	3	6	24
9653	7	16	20	10	8	13	25	15	6	4	14	1	23	5	12	24	18	21	9	2	19	22	3	17	11
9654	24	3	14	12	23	11	4	22	9	18	25	8	19	1	16	15	7	13	5	21	20	2	6	10	17
9655	22	21	4	15	3	24	23	7	1	11	2	14	13	9	6	5	10	20	16	25	19	18	17	12	8
9656	4	25	19	5	6	13	24	22	15	10	3	17	14	8	21	16	9	18	20	1	7	12	2	23	11
9657	18	19	7	11	6	17	3	15	5	4	12	10	14	8	23	25	24	9	22	13	20	2	21	16	1
9658	13	10	9	6	16	21	23	15	18	24	3	17	2	4	22	25	7	5	20	1	12	14	19	8	11
9659	6	2	22	19	7	21	9	17	11	25	23	8	13	3	14	10	24	18	1	20	5	16	12	15	4
9660	10	18	25	6	13	19	16	20	22	4	14	5	24	2	3	11	7	15	8	23	12	17	21	9	1
9661	9	10	19	16	5	20	14	8	17	24	3	25	18	21	4	2	22	23	7	1	6	13	15	12	11
9662	8	14	9	19	10	2	20	13	24	23	4	21	7	25	5	18	16	6	22	12	15	3	1	17	11
9663	9	5	2	4	7	10	14	18	8	12	23	16	19	3	21	20	13	1	11	17	15	6	24	22	25
9664	5	11	19	3	2	18	10	7	24	14	16	4	23	15	9	22	21	17	6	20	25	1	8	12	13
9665	1	17	10	2	14	22	21	16	4	15	19	23	20	18	11	3	5	12	25	24	7	8	6	9	13
9666	22	8	7	4	25	23	24	10	13	17	19	21	12	3	18	9	6	20	5	14	15	2	16	1	11
9667	1	13	9	15	19	18	14	12	6	11	8	2	20	7	16	10	23	3	25	4	5	22	24	21	17
9668	15	10	6	23	20	8	1	22	3	16	4	14	25	5	24	21	17	13	7	19	11	18	9	2	12
9669	21	22	25	24	11	14	4	1	7	17	20	3	23	13	2	5	10	16	12	18	8	9	6	15	19
9670	21	5	20	17	9	3	12	25	10	8	2	6	14	15	7	11	16	18	24	13	4	19	23	1	22
9671	2	25	6	16	1	8	21	23	9	18	22	5	20	11	7	15	12	3	4	17	19	24	13	14	10
9672	14	7	15	6	9	21	25	8	4	5	2	16	17	3	12	22	19	10	24	11	1	23	18	13	20
9673	5	15	23	18	4	2	13	20	9	16	14	8	3	22	21	25	12	10	17	24	19	1	7	11	6
9674	3	5	25	8	7	18	21	6	4	2	24	9	10	11	23	17	20	16	1	15	13	12	19	22	14
9675	24	17	8	19	2	20	16	22	6	3	7	9	1	12	11	23	5	15	4	25	21	13	14	18	10
9676	18	24	25	4	2	16	21	7	10	1	5	13	8	20	17	9	23	14	3	12	15	22	6	11	19
9677	17	22	18	13	24	9	15	19	25	2	8	11	1	14	5	3	20	4	21	12	6	16	10	7	23
9678	13	23	15	16	10	18	3	7	19	4	1	14	6	5	24	11	8	2	21	12	20	9	22	17	25
9679	17	14	10	4	13	22	25	20	19	3	21	23	9	2	6	12	18	15	16	11	5	24	7	1	8
9680	5	12	10	13	11	25	23	17	8	14	16	1	6	15	22	3	19	24	21	2	9	7	4	20	18
9681	18	11	24	2	9	19	12	1	7	3	25	14	15	21	8	23	5	13	4	17	10	6	20	22	16
9682	25	12	8	3	10	15	18	4	21	16	7	23	22	24	14	19	11	5	1	2	6	17	13	9	20
9683	14	15	11	20	24	10	13	12	5	1	23	6	17	9	19	3	8	25	18	2	16	21	22	4	7
9684	17	14	11	19	16	25	8	15	22	6	5	9	18	23	24	13	1	4	2	21	12	20	7	3	10
9685	9	3	22	4	18	7	25	5	11	20	1	10	24	15	23	21	19	6	14	12	13	2	17	16	8
9686	4	11	23	17	15	21	14	19	3	1	5	16	20	2	6	13	12	10	22	18	9	24	25	7	8
9687	11	8	25	9	10	21	2	4	13	16	17	3	14	20	12	24	19	15	23	1	5	7	22	18	6
9688	5	25	17	2	4	24	16	7	19	22	23	3	15	9	20	12	18	21	13	6	11	1	10	14	8
9689	7	21	6	10	22	19	24	11	2	3	13	5	17	8	12	15	25	18	4	1	14	9	20	16	23
9690	14	5	18	3	15	21	4	25	16	17	24	13	10	22	12	8	19	20	1	2	23	6	7	11	9
9691	21	16	2	7	1	11	5	18	12	24	8	17	4	9	13	10	20	14	3	22	25	15	23	6	19
9692	7	1	6	8	18	20	5	4	2	10	22	25	14	19	3	15	9	23	16	13	17	24	21	11	12
9693	14	22	3	15	23	12	13	1	10	4	17	20	7	6	24	16	5	18	21	25	2	19	11	9	8
9694	25	6	17	9	24	5	18	23	19	11	7	13	20	10	22	8	16	4	21	1	14	15	2	3	12
9695	3	6	18	8	9	16	23	1	7	22	21	10	4	20	25	19	12	14	13	11	17	5	24	15	2
9696	5	18	7	4	19	3	16	8	12	22	15	6	11	25	20	14	17	9	1	24	2	13	10	23	21
9697	19	22	10	17	4	12	14	18	24	2	15	23	9	3	11	25	13	21	7	16	8	5	6	20	1
9698	3	20	1	24	11	10	16	14	17	19	15	21	13	6	9	4	8	12	2	25	5	7	18	23	22
9699	1	21	24	10	25	7	18	3	15	22	9	12	11	2	23	5	16	17	19	20	6	4	14	8	13
9700	3	4	16	23	14	6	17	2	21	22	13	7	5	24	9	10	19	12	8	1	11	15	25	18	20
9701	17	22	9	10	21	8	7	3	23	19	6	18	14	11	24	13	16	5	4	25	20	15	1	2	12
9702	21	25	23	22	17	15	20	11	14	3	2	9	12	1	7	24	5	16	6	18	13	10	4	8	19
9703	11	23	10	16	22	20	17	18	24	7	13	9	6	5	19	21	25	3	4	12	1	14	2	15	8
9704	18	7	17	21	23	11	10	19	6	20	14	4	16	22	5	1	3	2	25	8	15	24	13	12	9
9705	1	11	17	4	16	12	21	23	8	25	15	6	5	9	7	24	10	13	20	22	19	2	14	18	3
9706	18	19	5	4	8	21	24	1	10	3	13	2	23	11	16	15	20	12	25	7	22	9	14	6	17
9707	17	19	21	10	16	18	23	22	15	24	20	11	25	3	6	13	7	5	1	9	14	2	12	4	8
9708	7	5	17	14	15	3	21	2	10	23	13	24	11	1	20	8	16	6	25	4	18	9	19	22	12
9709	18	19	7	23	25	21	16	4	5	12	14	3	17	11	8	6	24	1	10	15	13	20	22	2	9
9710	2	20	7	4	25	16	9	22	21	10	24	12	11	8	19	5	18	13	1	17	14	3	6	23	15
9711	2	25	1	9	11	6	15	18	7	21	22	19	3	20	8	16	12	24	10	23	13	5	4	17	14
9712	18	1	2	23	25	10	13	19	21	16	4	20	6	12	7	14	15	17	8	9	24	3	22	5	11
9713	7	17	3	24	2	9	8	5	16	14	18	10	15	21	19	22	25	6	11	12	23	20	4	13	1
9714	25	4	6	5	12	16	18	17	9	11	13	1	10	15	2	22	24	23	3	20	14	21	7	8	19
9715	12	18	2	25	8	22	6	7	20	19	10	21	11	1	24	3	16	13	9	5	17	4	15	23	14
9716	12	13	18	11	8	20	1	5	14	15	6	10	16	19	25	22	4	7	9	17	2	23	21	24	3
9717	7	1	4	18	3	21	14	5	13	20	12	17	11	2	22	24	19	9	10	23	16	6	8	25	15
9718	23	19	22	2	11	12	6	17	20	24	15	25	14	7	4	21	10	18	13	9	3	1	16	8	5
9719	7	25	22	13	24	3	12	23	16	11	18	9	19	2	21	20	8	1	14	5	6	4	10	15	17
9720	24	1	9	22	25	21	12	15	14	7	23	11	4	19	10	3	5	20	8	17	6	2	13	16	18
9721	24	25	12	10	2	4	8	19	14	21	6	23	17	11	5	18	9	13	16	7	3	20	22	1	15
9722	17	5	21	23	8	3	16	14	25	9	10	6	11	22	15	20	24	2	19	12	13	18	1	4	7
9723	20	24	11	1	17	18	12	14	2	22	16	13	21	19	5	10	3	6	8	9	4	7	23	25	15
9724	13	10	23	18	3	9	24	14	15	4	17	6	20	22	11	12	1	16	21	25	5	19	8	2	7
9725	23	12	8	2	21	4	6	11	25	24	19	17	14	13	22	16	3	10	20	15	7	18	1	9	5
9726	15	19	6	18	8	25	16	12	2	7	17	23	9	20	5	11	24	4	22	3	13	10	21	1	14
9727	9	14	3	4	16	1	21	17	15	2	12	7	25	18	11	8	13	23	20	22	6	10	5	19	24
9728	12	19	2	17	3	16	1	14	23	18	11	25	10	21	22	6	8	7	13	5	4	9	20	24	15
9729	5	9	2	3	16	14	21	1	6	17	13	18	23	19	4	12	25	8	20	24	7	15	10	22	11
9730	3	9	19	16	20	11	1	8	18	2	15	23	17	25	6	10	13	14	21	22	4	24	7	5	12
9731	9	6	15	18	19	20	4	22	23	3	14	25	24	1	12	7	13	21	8	11	10	17	16	5	2
9732	23	14	21	16	3	22	18	19	13	11	24	12	7	1	20	10	9	17	5	4	2	8	15	25	6
9733	14	22	23	18	4	3	17	19	6	5	24	12	9	25	1	7	16	2	21	15	11	10	13	20	8
9734	21	18	12	15	16	8	2	24	11	23	6	13	17	1	20	9	22	25	5	14	4	7	10	19	3
9735	1	4	20	17	12	11	16	19	18	13	8	22	5	6	9	3	15	10	23	21	14	7	24	2	25
9736	25	3	13	15	2	12	4	16	11	24	7	23	20	22	17	1	18	9	14	5	6	21	19	10	8
9737	14	19	6	9	18	24	16	12	11	13	5	2	15	7	8	17	23	1	3	20	21	10	4	25	22
9738	18	8	16	7	9	11	17	3	5	15	6	24	20	14	19	22	12	23	10	13	1	25	21	2	4
9739	14	6	1	10	7	17	25	21	23	18	19	13	8	16	9	20	4	22	11	15	3	2	24	12	5
9740	15	18	9	11	1	5	2	3	22	8	12	6	20	25	4	13	24	10	23	7	21	19	14	17	16
9741	8	12	14	3	17	20	5	21	25	15	2	1	23	10	9	22	24	16	4	6	13	19	7	11	18
9742	24	4	21	12	6	9	2	25	18	20	1	22	19	23	15	3	5	7	17	16	8	13	10	14	11
9743	13	9	5	6	21	22	4	15	11	25	7	14	17	2	1	3	10	12	23	16	18	20	19	8	24
9744	17	8	19	13	21	12	24	15	25	2	9	16	23	6	11	4	3	14	18	20	1	7	10	22	5
9745	11	25	5	6	17	23	4	8	2	24	1	19	12	14	3	10	18	9	16	7	13	22	15	20	21
9746	24	8	20	7	6	10	4	12	14	5	19	16	22	11	9	18	23	21	17	25	1	2	15	3	13
9747	8	20	1	22	4	12	2	18	23	14	21	25	6	13	7	3	17	11	10	24	5	15	9	19	16
9748	18	11	19	10	23	24	9	17	3	16	21	2	13	25	4	22	8	15	1	6	12	20	5	7	14
9749	16	8	5	7	14	6	19	18	20	22	10	21	11	12	2	9	25	15	17	13	23	1	4	3	24
9750	24	15	6	21	23	14	25	16	12	20	9	18	11	7	4	19	17	10	5	22	1	8	2	3	13
9751	4	21	7	6	2	3	14	11	25	16	18	19	22	17	24	8	5	1	23	15	9	10	13	12	20
9752	15	5	8	25	19	14	1	12	23	2	3	24	22	4	16	6	11	7	17	18	9	13	21	20	10
9753	25	4	24	14	8	1	23	16	2	6	17	18	11	9	19	5	3	13	20	10	15	22	7	21	12
9754	25	12	7	11	5	8	4	15	17	3	6	9	21	18	16	14	22	2	23	24	20	1	10	13	19
9755	5	19	11	6	4	20	15	12	16	2	10	14	22	3	25	13	18	1	9	7	23	17	8	24	21
9756	12	11	13	14	5	24	25	7	15	19	21	10	22	4	6	9	23	17	3	18	2	16	20	1	8
9757	6	18	9	17	21	1	20	12	19	24	15	2	23	22	10	8	11	13	4	7	16	3	5	14	25
9758	10	17	13	6	16	22	19	9	21	24	2	12	25	11	3	4	5	7	14	23	1	15	20	18	8
9759	15	25	4	16	5	8	11	2	23	14	19	3	24	12	13	18	7	20	22	21	10	17	9	6	1
9760	12	17	2	21	13	18	3	16	22	23	7	6	1	9	19	4	14	25	5	20	11	10	8	24	15
9761	8	9	12	16	24	17	20	15	3	1	25	13	18	5	14	23	2	21	7	4	6	10	19	22	11
9762	13	18	24	21	10	16	6	4	22	14	9	11	3	5	12	7	2	8	1	20	23	15	19	25	17
9763	2	8	12	16	10	17	6	3	14	5	13	24	22	25	21	1	4	11	18	9	15	20	7	23	19
9764	6	12	4	24	7	10	8	21	15	13	1	18	25	23	3	19	2	17	20	22	16	14	9	11	5
9765	16	5	24	10	13	15	11	21	1	17	3	14	6	7	2	20	18	8	22	9	4	19	12	23	25
9766	9	4	8	24	13	3	20	2	1	7	17	12	15	11	19	18	6	14	23	22	10	16	5	25	21
9767	8	16	11	15	24	17	12	25	4	22	19	18	10	1	5	9	13	23	21	20	14	7	2	3	6
9768	10	3	4	23	9	14	8	25	18	1	7	16	20	2	15	17	19	5	6	13	22	11	21	24	12
9769	12	7	20	14	15	25	16	10	1	9	22	23	21	18	2	5	6	19	8	13	11	4	3	17	24
9770	4	18	15	20	24	10	16	8	12	9	13	14	5	25	21	11	6	22	7	19	3	2	23	1	17
9771	18	10	23	3	11	14	5	2	17	9	21	12	6	19	20	4	1	15	24	13	16	25	8	7	22
9772	23	10	25	13	4	24	12	6	1	11	7	3	21	19	2	8	5	17	14	16	22	9	20	15	18
9773	24	23	3	18	25	20	13	15	22	12	16	6	11	7	14	9	10	21	5	19	8	2	17	1	4
9774	12	15	21	18	24	1	8	5	20	3	6	17	7	11	13	2	19	23	10	16	25	22	4	9	14
9775	18	16	20	11	15	23	19	14	24	13	9	21	4	10	8	12	25	22	17	2	5	7	6	1	3
9776	1	8	4	14	22	23	20	6	16	25	21	19	3	10	2	18	9	13	15	7	5	11	17	12	24
9777	9	7	18	12	15	17	1	10	4	2	22	14	20	13	6	3	5	21	19	24	11	8	25	23	16
9778	14	3	25	5	2	4	16	6	18	13	11	24	21	20	15	7	19	10	17	22	1	9	8	12	23
9779	6	24	10	3	13	8	15	19	20	2	18	16	25	7	9	23	12	5	11	21	1	22	17	4	14
9780	6	19	7	12	5	4	3	13	25	15	1	16	14	8	2	11	22	20	24	10	23	21	9	17	18
9781	25	15	22	13	20	24	1	18	14	19	9	8	11	21	5	16	12	10	17	3	4	2	6	23	7
9782	17	10	25	24	12	23	3	15	1	20	16	6	2	21	9	5	4	14	11	8	13	7	19	18	22
9783	18	14	24	20	9	25	4	7	12	3	21	8	17	10	23	13	1	2	15	6	22	5	11	16	19
9784	4	3	20	10	25	22	12	24	19	11	5	21	16	2	8	13	9	1	15	23	17	18	14	7	6
9785	17	4	13	24	16	15	19	9	7	11	14	23	20	3	22	10	2	25	5	6	1	12	18	21	8
9786	25	17	21	12	23	13	4	2	10	6	24	14	20	7	1	19	15	22	18	3	5	9	8	11	16
9787	20	15	10	11	9	4	1	7	6	18	21	17	23	14	22	3	12	2	5	24	19	13	16	8	25
9788	19	16	17	24	4	6	13	14	7	9	10	21	18	11	20	2	1	15	12	8	3	25	23	22	5
9789	21	10	23	22	3	9	14	5	19	18	2	15	25	1	24	4	6	8	20	16	13	17	7	11	12
9790	4	3	5	14	9	2	20	13	8	6	15	7	18	11	10	21	1	23	19	25	16	17	24	22	12
9791	15	8	4	3	9	10	20	18	2	14	11	6	16	12	21	25	17	1	13	19	24	5	7	23	22
9792	18	22	23	8	1	14	4	10	17	21	24	20	19	9	3	11	5	16	15	13	2	12	7	6	25
9793	22	8	10	2	3	11	5	15	6	16	4	9	21	12	19	13	18	23	14	7	25	17	24	1	20
9794	22	10	3	7	2	14	4	15	23	18	20	13	12	9	8	24	1	19	11	17	25	6	16	21	5
9795	12	11	23	2	19	20	24	22	10	14	8	4	13	1	18	9	5	3	15	21	7	25	16	6	17
9796	5	8	10	24	6	7	21	23	13	15	9	14	12	19	18	25	20	4	3	17	11	16	22	2	1
9797	13	1	17	18	12	4	23	6	7	15	24	8	22	2	5	10	19	3	16	14	25	20	21	11	9
9798	14	4	20	15	16	8	24	12	18	17	19	10	23	25	1	2	11	13	7	3	6	21	9	22	5
9799	15	18	25	2	6	12	14	17	23	19	9	22	11	7	13	24	20	8	3	1	10	4	5	16	21
9800	11	4	8	24	3	17	14	6	23	1	15	5	10	16	12	20	22	18	9	25	2	21	7	19	13
9801	25	19	6	9	4	14	11	1	10	3	2	5	13	18	17	21	23	15	16	20	8	7	12	24	22
9802	3	12	19	10	20	23	25	17	9	2	15	6	8	24	7	11	1	4	13	16	21	22	14	5	18
9803	13	4	17	21	1	16	15	20	5	18	10	6	24	11	25	12	9	2	23	8	14	3	7	19	22
9804	23	6	13	19	4	10	9	2	12	17	14	20	8	1	25	22	11	24	21	15	16	7	18	5	3
9805	16	8	2	7	23	22	13	9	25	19	5	14	12	6	24	15	11	17	18	3	20	21	4	10	1
9806	4	12	16	10	14	8	23	24	15	3	6	2	25	11	1	18	17	19	22	20	7	21	9	5	13
9807	20	3	24	14	9	18	8	11	16	25	10	23	6	5	7	12	4	13	2	19	1	15	21	22	17
9808	18	22	17	21	24	7	4	14	16	1	13	9	15	8	12	5	2	20	3	19	11	10	25	23	6
9809	16	13	5	18	24	4	1	10	15	22	21	23	19	3	25	17	9	14	7	6	20	8	12	2	11
9810	3	16	17	20	18	23	6	2	14	13	10	11	12	5	25	8	4	15	9	24	21	22	1	7	19
9811	4	9	8	13	11	2	6	3	24	14	5	7	10	16	1	18	19	20	17	22	25	15	12	21	23
9812	21	5	7	10	24	8	22	19	14	6	20	1	2	4	15	13	25	17	9	23	16	11	3	18	12
9813	14	3	24	9	18	6	20	17	25	16	12	13	22	15	7	21	23	5	19	2	11	8	1	4	10
9814	9	5	12	17	4	25	23	11	19	16	21	14	13	8	24	1	15	2	7	18	20	22	6	3	10
9815	15	16	13	18	7	1	21	14	24	20	9	23	25	12	19	4	11	17	3	10	6	22	5	8	2
9816	11	14	16	10	6	13	12	8	7	17	3	15	1	23	9	2	25	19	5	22	24	4	20	18	21
9817	3	4	21	9	6	24	10	15	19	20	1	18	25	23	5	13	7	17	11	12	8	22	2	16	14
9818	11	16	24	10	18	5	6	2	15	1	3	20	19	14	12	25	4	23	17	13	9	21	7	8	22
9819	6	20	24	19	13	23	14	16	21	25	12	3	9	15	2	22	11	4	8	5	18	10	17	1	7
9820	8	6	22	14	23	5	7	2	16	4	11	20	24	1	25	19	18	21	17	9	3	12	10	13	15
9821	20	4	19	21	6	25	18	3	14	16	23	8	12	22	1	10	17	11	5	15	2	7	9	13	24
9822	19	10	17	22	14	20	15	5	11	4	21	12	2	6	25	24	23	9	1	16	13	8	18	7	3
9823	1	13	23	3	16	4	12	25	24	21	17	2	15	9	20	11	14	6	7	19	22	10	18	8	5
9824	6	22	18	5	20	21	17	3	11	23	2	19	4	8	24	16	15	12	10	25	9	7	1	13	14
9825	24	5	20	19	25	4	3	14	12	22	10	8	15	9	23	2	18	17	1	6	7	11	13	21	16
9826	10	23	12	14	6	7	25	4	22	19	2	17	1	24	20	15	8	13	11	21	5	16	18	3	9
9827	16	24	5	1	23	9	8	15	13	7	12	6	4	18	2	19	20	11	3	10	22	14	21	25	17
9828	17	16	6	12	3	7	10	4	22	18	8	5	11	25	14	19	9	21	23	24	20	1	13	15	2
9829	25	22	14	13	24	19	12	21	23	20	17	15	6	4	2	18	8	11	9	3	10	16	1	5	7
9830	24	2	8	4	13	17	22	14	19	21	23	10	6	11	18	9	25	7	1	5	15	3	12	16	20
9831	1	16	13	10	12	11	24	8	3	20	25	21	14	5	19	9	6	18	4	7	2	22	15	23	17
9832	22	10	14	8	23	19	4	11	2	5	24	6	25	12	9	18	21	1	7	13	16	15	3	17	20
9833	16	2	9	21	1	3	5	13	4	6	20	18	14	17	24	11	25	8	19	7	12	15	10	23	22
9834	8	10	16	1	17	24	2	5	3	19	21	14	22	4	13	7	18	9	12	15	11	23	25	20	6
9835	5	17	6	21	10	23	9	25	16	1	4	19	22	8	15	2	7	14	11	13	20	24	12	3	18
9836	23	19	10	1	2	24	5	21	14	9	25	17	22	13	11	3	4	7	12	18	20	6	15	8	16
9837	23	16	2	14	8	3	24	17	15	6	5	22	7	20	1	11	18	21	25	12	13	19	9	4	10
9838	11	8	6	12	3	19	13	15	7	22	21	17	4	16	24	14	23	20	10	5	2	18	1	25	9
9839	22	16	5	19	3	17	15	7	21	18	23	11	10	2	14	1	9	4	20	6	24	25	12	13	8
9840	3	16	25	12	17	5	14	20	1	18	23	2	13	4	21	6	15	11	22	24	7	9	8	10	19
9841	17	11	1	3	21	13	24	22	15	6	14	10	7	5	18	23	2	9	25	19	4	12	20	16	8
9842	2	10	20	11	16	17	18	22	8	6	25	7	3	1	12	19	13	5	15	9	23	21	24	14	4
9843	18	17	15	11	6	5	22	1	4	8	10	16	7	19	13	25	9	12	21	24	20	14	3	23	2
9844	2	12	6	3	5	22	11	16	14	19	13	7	24	21	10	20	4	18	1	17	23	8	9	25	15
9845	14	16	9	19	25	20	17	24	22	5	12	8	1	15	4	7	23	3	6	2	18	10	11	21	13
9846	12	5	4	18	14	6	25	2	16	23	10	22	24	3	19	9	7	21	13	11	1	15	17	20	8
9847	3	24	12	17	21	13	20	23	10	6	11	4	9	25	14	7	16	15	8	18	22	1	2	5	19
9848	5	6	8	25	22	12	1	4	19	11	13	15	10	21	18	9	7	23	2	3	17	16	20	24	14
9849	10	4	17	25	22	11	5	23	16	12	7	8	9	3	15	2	14	21	20	13	19	18	1	24	6
9850	22	9	8	18	25	4	20	16	14	24	15	17	3	1	7	12	23	6	10	13	5	2	21	11	19
9851	3	10	9	22	4	17	24	2	1	25	14	8	16	11	12	23	21	13	7	15	20	19	18	5	6
9852	12	18	19	14	1	24	13	4	15	22	20	16	9	25	17	8	23	2	21	11	5	6	10	7	3
9853	23	3	11	8	13	1	21	6	16	14	20	19	22	17	25	24	18	15	9	4	2	7	5	10	12
9854	18	3	22	13	9	5	20	17	2	16	21	24	1	15	10	11	23	6	4	7	19	8	12	14	25
9855	17	9	19	12	2	15	18	16	25	8	13	6	21	10	7	24	23	22	14	11	3	1	5	4	20
9856	16	19	17	4	23	14	15	13	5	21	6	2	8	25	1	22	10	9	7	11	3	20	18	24	12
9857	21	19	22	10	6	15	17	8	5	4	16	12	25	23	7	3	2	11	14	24	18	9	20	1	13
9858	13	18	7	15	23	12	3	14	9	21	19	17	22	16	6	24	8	11	2	10	4	5	20	1	25
9859	23	7	6	8	2	12	25	19	16	18	22	4	3	13	14	20	17	10	9	11	21	1	5	24	15
9860	9	24	20	22	5	18	19	3	16	1	17	15	10	4	25	12	11	13	23	6	21	14	8	2	7
9861	11	19	6	12	7	17	8	1	21	13	24	3	15	25	16	18	10	20	23	5	9	14	2	22	4
9862	1	5	25	13	20	3	10	12	16	7	21	11	2	24	4	19	18	23	6	15	8	9	17	22	14
9863	14	15	10	3	2	7	23	8	5	24	18	9	25	4	19	6	21	11	17	16	1	13	12	22	20
9864	18	8	19	6	20	13	10	17	3	15	2	25	21	23	22	1	11	7	12	5	14	9	24	16	4
9865	11	10	14	19	6	9	23	1	22	8	7	25	21	13	4	12	16	17	15	3	24	20	18	5	2
9866	19	20	13	12	5	4	6	16	22	25	18	2	24	15	1	8	9	14	3	17	11	10	7	21	23
9867	9	6	24	10	16	11	18	14	15	1	23	7	12	4	17	8	3	13	21	22	25	20	5	19	2
9868	5	14	24	6	15	19	12	7	10	1	21	16	25	20	13	17	4	3	23	11	2	8	22	9	18
9869	18	20	4	3	21	25	13	2	11	14	7	8	1	24	6	15	19	17	10	9	23	22	16	5	12
9870	14	9	11	21	16	22	18	8	25	24	10	13	19	5	15	3	4	23	17	20	12	2	7	6	1
9871	19	16	15	4	9	10	13	5	24	11	12	25	23	22	8	14	21	18	7	20	2	6	17	3	1
9872	18	12	4	20	21	3	25	7	5	22	24	6	9	23	2	11	8	10	19	16	17	14	15	13	1
9873	15	25	19	3	1	6	17	2	22	11	12	9	23	24	16	8	13	20	5	7	14	21	4	18	10
9874	10	19	9	11	3	12	6	20	13	5	4	7	15	23	14	25	24	22	21	8	18	1	16	17	2
9875	21	20	18	19	2	5	3	11	4	24	23	14	15	7	12	17	22	10	6	8	9	25	13	1	16
9876	4	23	17	24	8	20	2	5	11	15	1	12	7	18	14	25	19	9	22	10	21	16	3	6	13
9877	22	11	16	17	18	7	5	2	24	14	10	15	6	8	1	21	4	12	13	19	20	9	25	3	23
9878	11	6	7	20	3	17	22	23	4	15	12	13	16	8	1	18	10	19	24	25	9	2	14	5	21
9879	6	25	14	3	20	23	9	19	7	13	18	11	2	5	17	1	10	8	4	15	22	16	12	21	24
9880	1	18	15	14	6	8	24	2	17	22	13	23	11	20	19	3	21	4	16	5	12	25	9	10	7
9881	21	4	3	14	6	10	16	23	7	11	13	17	15	25	24	20	5	2	19	18	8	9	12	1	22
9882	3	8	6	11	21	1	18	4	9	16	23	7	17	12	14	13	2	10	20	5	15	22	25	24	19
9883	12	21	2	16	17	11	22	19	24	3	7	23	25	9	8	1	10	15	18	6	4	5	14	20	13
9884	24	15	21	6	16	19	4	17	10	5	11	18	25	9	14	20	1	3	7	2	12	8	13	23	22
9885	7	21	20	14	25	22	18	17	5	11	24	4	19	10	23	9	3	12	6	13	15	16	2	1	8
9886	1	20	23	19	6	4	21	12	10	24	25	14	7	13	22	18	2	3	15	9	11	17	16	8	5
9887	23	11	5	16	8	24	9	15	22	7	14	19	2	21	6	17	12	18	25	3	4	1	10	20	13
9888	12	4	17	3	14	10	20	8	11	21	5	16	6	25	2	7	9	22	24	18	19	13	15	1	23
9889	12	4	25	10	20	15	21	16	1	9	13	5	8	11	24	3	22	18	23	14	17	2	19	6	7
9890	21	13	9	14	16	8	25	24	19	23	22	3	18	11	7	6	12	10	15	20	2	1	17	5	4
9891	21	25	12	20	7	17	1	4	13	9	14	2	23	5	3	18	15	6	10	24	19	8	16	22	11
9892	6	8	12	17	10	5	9	22	2	13	21	1	15	7	24	20	25	19	18	3	16	23	14	4	11
9893	4	2	16	13	21	3	1	9	10	23	19	6	17	11	8	24	20	12	7	18	15	14	5	22	25
9894	13	15	4	9	1	11	19	3	7	24	23	20	18	21	14	8	5	17	12	6	22	16	25	10	2
9895	1	6	12	11	17	23	10	15	22	25	2	14	20	16	4	13	7	18	8	5	24	9	19	3	21
9896	5	2	22	9	6	19	24	10	16	18	23	4	12	7	21	1	3	13	17	14	20	15	11	25	8
9897	23	17	1	16	20	24	12	8	22	6	18	14	5	15	25	10	13	7	21	9	19	4	2	3	11
9898	12	16	4	5	19	14	9	10	3	11	25	6	1	23	20	21	8	7	18	13	22	15	24	17	2
9899	11	5	4	24	20	9	23	2	8	19	14	17	16	6	22	18	10	1	25	12	15	13	7	3	21
9900	8	3	18	23	24	20	2	11	4	21	16	12	7	9	10	6	22	1	13	17	25	19	14	5	15
9901	24	16	13	10	11	4	9	3	8	17	14	6	18	20	12	21	25	15	23	5	2	19	1	22	7
9902	12	10	4	20	18	15	25	22	13	1	6	23	9	17	16	14	8	2	24	11	3	21	19	5	7
9903	12	22	21	2	8	20	14	15	13	7	24	17	1	10	4	11	6	9	3	25	5	23	16	19	18
9904	18	21	11	9	24	4	10	19	12	5	14	23	8	15	6	17	13	25	7	22	20	1	3	16	2
9905	2	14	24	16	10	13	19	8	4	11	7	23	21	9	3	18	5	12	17	15	22	20	25	1	6
9906	8	9	25	18	10	12	7	20	24	16	3	21	19	13	4	22	2	17	11	15	23	5	1	14	6
9907	23	7	10	14	2	5	25	24	6	15	12	4	18	13	11	17	19	20	9	1	21	22	3	16	8
9908	21	13	12	2	14	18	7	17	22	23	16	24	9	1	19	6	20	5	4	10	8	25	3	11	15
9909	25	22	16	14	18	10	3	20	12	7	23	15	8	11	19	2	9	13	1	24	6	4	21	5	17
9910	3	7	23	4	6	13	17	19	12	8	25	5	11	10	18	24	9	2	21	15	20	16	1	14	22
9911	16	5	3	9	10	19	17	11	21	8	2	4	14	6	13	7	12	1	15	22	20	25	18	24	23
9912	16	3	2	14	20	7	10	21	22	12	9	17	6	19	24	23	1	4	15	18	11	5	8	13	25
9913	1	4	18	22	17	19	13	21	23	12	5	10	9	2	3	8	7	15	11	25	16	14	24	20	6
9914	2	19	15	10	20	1	13	3	4	22	12	5	14	24	17	18	16	7	11	6	8	21	25	9	23
9915	6	9	25	5	8	23	10	19	15	17	13	12	3	20	7	14	4	22	21	11	16	24	2	18	1
9916	9	13	12	18	11	10	20	3	5	15	4	25	1	19	24	23	21	6	17	22	7	16	2	14	8
9917	11	8	15	12	20	24	22	25	14	6	4	16	23	19	21	7	5	3	10	1	17	2	13	9	18
9918	15	16	25	10	14	20	2	21	11	3	5	8	24	6	9	17	22	19	13	1	23	18	7	12	4
9919	24	3	25	7	8	11	20	21	16	6	9	14	4	13	18	10	15	17	1	19	22	23	12	5	2
9920	21	8	22	20	6	5	11	19	7	16	23	25	17	12	14	10	4	3	13	24	1	15	9	18	2
9921	10	19	20	15	1	13	21	22	12	14	24	8	17	18	5	16	9	23	7	6	3	4	2	25	11
9922	20	6	13	23	3	19	24	10	5	15	9	12	7	2	25	1	21	14	11	18	17	22	4	8	16
9923	13	14	11	23	5	17	9	3	6	15	4	8	19	18	16	24	25	2	20	12	10	1	21	22	7
9924	20	9	8	5	6	13	2	14	12	18	24	4	11	3	21	16	25	22	10	15	1	19	23	7	17
9925	13	2	3	1	7	6	16	18	11	24	19	22	8	4	20	17	25	10	23	21	12	15	14	9	5
9926	15	3	8	16	25	24	5	12	19	18	22	7	2	14	21	13	23	20	1	10	17	11	9	6	4
9927	20	3	12	25	5	14	18	13	7	19	6	9	17	21	15	4	10	23	1	11	24	16	8	22	2
9928	22	24	1	15	8	23	21	10	13	20	5	2	4	14	12	17	7	11	6	9	16	3	25	19	18
9929	10	15	7	11	21	23	18	20	14	22	16	2	1	25	8	17	9	4	13	3	5	6	24	12	19
9930	10	25	21	2	12	8	20	23	18	17	5	1	3	4	6	14	16	15	11	22	19	24	13	7	9
9931	13	2	24	14	6	7	25	23	12	17	21	10	19	18	11	22	4	20	1	8	3	9	15	5	16
9932	16	18	17	4	20	23	22	24	14	5	10	1	11	6	12	13	3	21	25	8	19	9	2	15	7
9933	24	16	17	6	9	12	15	21	2	1	25	14	19	4	23	10	3	11	8	22	7	5	18	20	13
9934	8	11	6	22	4	19	9	7	13	24	25	14	10	1	18	23	21	17	16	2	3	12	20	15	5
9935	19	9	6	22	12	2	5	7	16	23	15	11	25	18	3	24	14	20	1	13	8	4	10	17	21
9936	18	7	23	13	2	5	9	17	19	4	1	20	22	15	3	12	8	14	25	24	21	10	6	16	11
9937	16	9	20	2	5	22	1	17	6	24	4	10	13	25	11	18	15	8	14	19	23	12	21	3	7
9938	25	6	9	8	21	19	5	16	2	4	10	17	7	1	12	24	20	13	22	11	15	14	3	23	18
9939	3	16	24	4	9	8	7	10	5	21	22	25	18	6	13	2	23	15	14	11	19	20	1	17	12
9940	25	15	17	24	21	1	2	8	7	12	10	6	5	20	23	9	3	13	14	11	4	19	18	22	16
9941	20	23	3	19	11	16	18	22	2	10	5	7	21	12	8	6	17	24	25	14	1	15	13	9	4
9942	22	8	5	9	17	23	2	10	25	3	24	6	14	12	13	7	11	1	19	20	4	16	21	15	18
9943	23	20	5	8	9	14	2	3	1	10	7	11	24	21	6	25	15	18	19	12	17	13	16	22	4
9944	24	19	7	17	3	5	1	15	25	22	4	14	10	9	21	6	11	20	12	8	23	18	13	16	2
9945	16	9	14	15	4	11	3	8	17	5	7	19	13	18	24	23	6	1	25	20	10	2	22	21	12
9946	5	17	1	7	8	19	12	20	21	25	14	11	24	13	9	22	15	23	18	3	16	4	2	6	10
9947	19	15	13	21	3	12	18	20	2	1	11	6	8	22	23	4	5	7	14	9	17	16	25	10	24
9948	6	3	7	23	16	5	15	13	20	10	1	25	19	12	17	14	21	22	9	18	8	24	2	4	11
9949	22	16	2	12	18	23	9	19	8	5	20	7	14	13	17	24	6	11	10	4	21	3	25	15	1
9950	5	17	6	4	11	21	12	2	24	7	18	14	16	22	19	8	3	15	25	23	1	20	9	13	10
9951	12	6	23	16	25	22	1	19	20	13	8	18	24	3	10	7	14	4	17	21	9	15	5	11	2
9952	11	2	14	18	5	4	22	12	1	20	9	7	23	13	3	15	21	25	19	24	8	6	10	16	17
9953	6	11	13	8	22	18	4	25	15	14	17	9	7	1	20	10	23	21	2	19	3	5	16	12	24
9954	1	3	12	21	5	20	19	24	10	2	14	15	11	17	23	22	13	18	4	9	8	7	16	25	6
9955	24	11	4	17	19	20	5	6	18	3	23	12	8	21	15	10	7	13	22	25	9	14	1	2	16
9956	14	11	21	4	15	5	12	9	25	22	17	2	19	1	6	20	8	13	23	24	3	18	7	10	16
9957	8	4	10	19	7	25	23	2	6	11	16	9	14	21	17	3	20	5	1	15	24	18	13	12	22
9958	18	7	24	13	10	16	20	22	2	15	8	25	1	9	23	5	6	14	4	19	12	11	21	3	17
9959	23	20	11	24	1	2	7	17	3	19	8	4	10	18	5	15	13	12	21	6	16	9	25	14	22
9960	21	1	19	17	24	7	11	6	25	12	3	16	22	8	4	5	10	20	18	13	2	23	9	14	15
9961	8	11	4	14	21	3	17	1	2	22	13	5	9	20	24	18	10	6	15	12	19	25	23	16	7
9962	16	7	11	6	21	12	10	17	19	25	15	18	3	8	1	14	23	5	24	13	4	22	2	20	9
9963	11	22	7	20	6	14	21	2	13	8	15	1	5	4	17	9	3	25	19	16	18	12	10	24	23
9964	12	25	11	16	6	14	23	3	20	2	10	17	8	15	5	22	1	13	24	9	19	18	7	21	4
9965	5	25	4	14	17	16	8	7	3	23	15	22	10	18	12	21	11	19	13	9	6	24	1	20	2
9966	24	12	5	21	1	11	22	13	2	7	19	16	4	6	8	14	10	9	20	17	18	25	15	23	3
9967	5	8	6	25	14	21	18	17	2	13	23	9	11	15	3	22	20	19	1	16	4	12	10	24	7
9968	24	21	16	14	12	1	6	20	7	9	15	18	11	13	10	17	5	4	19	8	3	2	22	23	25
9969	1	22	3	16	5	11	6	4	19	8	23	10	12	17	21	2	15	7	14	18	25	20	24	13	9
9970	3	13	24	20	11	15	7	18	4	8	21	19	6	22	16	25	23	10	12	17	2	9	14	5	1
9971	4	25	12	5	10	24	1	21	23	6	16	18	20	9	19	2	15	11	17	3	13	22	14	8	7
9972	3	11	17	6	14	4	12	8	7	21	18	5	24	25	9	16	10	19	23	2	13	1	22	20	15
9973	10	25	11	13	8	4	15	9	22	3	5	17	23	14	19	12	2	21	7	6	16	18	1	20	24
9974	24	4	20	15	12	7	17	6	1	16	9	10	25	8	5	23	21	13	22	2	19	3	11	14	18
9975	13	7	17	14	25	8	11	3	24	12	4	15	18	16	5	21	9	2	22	19	10	1	23	20	6
9976	4	11	20	21	7	16	12	19	15	13	9	1	5	6	8	18	10	14	2	23	3	22	24	17	25
9977	1	16	17	23	9	5	25	13	21	18	7	24	19	14	12	3	2	6	15	22	20	11	8	4	10
9978	14	25	18	2	10	21	13	5	23	16	7	15	6	3	19	20	4	9	11	8	17	22	24	12	1
9979	19	13	20	16	3	6	5	2	10	9	15	12	11	22	18	4	21	7	23	24	17	8	25	1	14
9980	21	15	5	23	24	14	11	20	17	19	3	9	7	18	25	8	22	10	12	2	4	13	16	6	1
9981	2	17	6	5	25	9	12	24	15	13	4	3	22	19	11	23	14	8	10	1	18	7	16	21	20
9982	15	9	19	21	4	1	10	12	8	23	5	22	2	24	25	16	11	13	7	18	3	14	17	20	6
9983	2	23	24	13	20	21	14	7	16	19	18	15	4	17	3	1	12	22	11	25	5	8	6	9	10
9984	15	20	12	25	6	23	11	24	21	22	2	7	5	8	9	4	18	1	19	14	16	13	10	3	17
9985	18	15	5	20	9	21	14	4	13	12	25	1	22	23	11	2	19	17	8	6	7	24	16	10	3
9986	19	13	2	14	6	10	8	21	15	4	22	18	3	20	23	24	5	11	9	17	12	1	25	7	16
9987	3	21	8	4	20	12	24	22	13	1	9	18	17	11	7	23	5	10	25	15	19	16	6	2	14
9988	19	12	15	4	1	11	2	21	25	22	10	3	14	18	20	23	16	6	5	7	9	13	24	17	8
9989	5	4	3	12	7	6	11	18	10	16	9	24	15	23	17	20	13	19	2	14	1	25	8	21	22
9990	21	3	9	18	17	16	4	20	2	8	6	14	7	13	22	10	19	25	15	23	1	11	24	5	12
9991	24	3	8	12	2	15	18	14	17	9	13	22	21	5	23	16	19	20	10	1	4	25	7	6	11
9992	13	5	22	20	10	25	3	4	8	2	9	6	15	18	7	11	23	21	1	16	17	14	12	24	19
9993	19	2	9	14	25	10	12	24	4	1	15	20	6	11	13	23	5	16	21	7	18	17	22	8	3
9994	16	9	14	20	22	18	10	21	3	13	5	1	17	8	25	15	12	23	7	6	11	24	19	2	4
9995	10	21	16	12	24	17	8	5	19	22	4	13	9	3	11	25	14	18	6	20	23	2	7	15	1
9996	20	19	18	25	5	21	17	9	22	11	24	14	23	7	6	13	16	15	12	2	8	4	3	1	10
9997	4	11	6	21	25	18	1	7	22	2	5	15	24	16	3	12	13	8	14	23	20	10	9	19	17
9998	15	23	6	12	17	3	8	4	18	19	13	16	20	21	2	9	10	24	1	14	11	25	5	7	22
9999	12	4	23	7	20	11	5	9	6	24	15	22	1	16	14	13	3	8	10	25	18	2	21	17	19
