permutation	paco_ss	parafit_global	paco_extreme	parafit_extreme	bijection_verified
1	38990.7441984973	5305.14927412985	TRUE	TRUE	TRUE
2	41194.4161424709	4590.45164345251	TRUE	TRUE	TRUE
3	36760.1151934338	6435.61681871193	TRUE	TRUE	TRUE
4	40237.413701398	4702.12931644279	TRUE	TRUE	TRUE
5	37489.5391592862	5872.5945987454	TRUE	TRUE	TRUE
6	39854.3344602596	5254.28004969414	TRUE	TRUE	TRUE
7	35411.7774018775	6147.44142050943	TRUE	TRUE	TRUE
8	36425.0075993538	6009.8477156946	TRUE	TRUE	TRUE
9	38258.5882353819	5223.42385820691	TRUE	TRUE	TRUE
10	35561.4471625897	6300.89429224079	TRUE	TRUE	TRUE
11	38155.9995781918	5700.03628854821	TRUE	TRUE	TRUE
12	37110.5387605356	5235.74442270785	TRUE	TRUE	TRUE
13	39945.0636006897	4651.12440816401	TRUE	TRUE	TRUE
14	37425.1772094431	5845.95172565429	TRUE	TRUE	TRUE
15	35110.6425750741	6591.18855048028	TRUE	TRUE	TRUE
16	38071.0977269479	5281.33105771451	TRUE	TRUE	TRUE
17	37829.2178253168	5333.46217715865	TRUE	TRUE	TRUE
18	35678.111517613	5818.15059243379	TRUE	TRUE	TRUE
19	40555.1373418833	4559.82773663336	TRUE	FALSE	TRUE
20	36857.6056899659	5926.24130259704	TRUE	TRUE	TRUE
21	39761.3134239966	5336.76446835391	TRUE	TRUE	TRUE
22	39414.4732587939	4826.84072007212	TRUE	TRUE	TRUE
23	36624.6086775571	5719.06179828116	TRUE	TRUE	TRUE
24	36901.5353145801	5536.88072396253	TRUE	TRUE	TRUE
25	38458.5952429884	5091.00750860243	TRUE	TRUE	TRUE
26	36692.9896532606	6265.51598078203	TRUE	TRUE	TRUE
27	39315.8523824114	6447.43270584286	TRUE	TRUE	TRUE
28	38359.2473218433	5607.83915332022	TRUE	TRUE	TRUE
29	39646.7500807516	4989.52813806808	TRUE	TRUE	TRUE
30	34788.6269187455	6642.6113041281	TRUE	TRUE	TRUE
31	37137.0823559645	5554.5004350554	TRUE	TRUE	TRUE
32	39665.9192068566	4731.31573193305	TRUE	TRUE	TRUE
33	37519.9990961455	5238.57867134719	TRUE	TRUE	TRUE
34	36989.9694839462	5827.4491722009	TRUE	TRUE	TRUE
35	37878.7461847112	5404.82476859456	TRUE	TRUE	TRUE
36	39691.6541220108	5062.58040846965	TRUE	TRUE	TRUE
37	35730.7373653578	6806.68589020521	TRUE	TRUE	TRUE
38	36462.3058992638	6215.55389280804	TRUE	TRUE	TRUE
39	35804.4308634632	5934.22402319734	TRUE	TRUE	TRUE
40	37538.5525048879	5592.17497818371	TRUE	TRUE	TRUE
41	38923.8388375882	4758.91764491505	TRUE	TRUE	TRUE
42	39840.4033510761	4667.27386664531	TRUE	TRUE	TRUE
43	39528.4461448213	5275.00394718427	TRUE	TRUE	TRUE
44	39080.3723509423	5020.80542826438	TRUE	TRUE	TRUE
45	37934.8447319133	5280.95816502153	TRUE	TRUE	TRUE
46	36927.9375645158	5508.42725961336	TRUE	TRUE	TRUE
47	38828.1524614832	5045.92047146923	TRUE	TRUE	TRUE
48	36831.5787268135	5665.04573252557	TRUE	TRUE	TRUE
49	36886.8501537465	5472.20973953587	TRUE	TRUE	TRUE
50	38876.9748945465	4908.84350563224	TRUE	TRUE	TRUE
51	38034.661563232	5256.46507894967	TRUE	TRUE	TRUE
52	39384.3938346933	4831.89288724875	TRUE	TRUE	TRUE
53	35833.0916467524	6404.03927094054	TRUE	TRUE	TRUE
54	36347.3267152191	5919.04800785547	TRUE	TRUE	TRUE
55	38925.1062612479	4783.02283994681	TRUE	TRUE	TRUE
56	37638.1887986945	5482.36021080008	TRUE	TRUE	TRUE
57	38651.0789434608	4977.81999234874	TRUE	TRUE	TRUE
58	41321.1329310014	4773.43360488156	TRUE	TRUE	TRUE
59	36477.0152858961	6156.54229606455	TRUE	TRUE	TRUE
60	35894.127414989	6194.40741305446	TRUE	TRUE	TRUE
61	38919.5847333468	4882.74941399172	TRUE	TRUE	TRUE
62	36779.3339131614	5794.76440169318	TRUE	TRUE	TRUE
63	36034.883631991	6967.39361140614	TRUE	TRUE	TRUE
64	38248.7801542532	5177.25379265945	TRUE	TRUE	TRUE
65	39474.3579691937	4752.47760101021	TRUE	TRUE	TRUE
66	39614.5221502503	4590.48164268355	TRUE	TRUE	TRUE
67	36511.8665899821	5780.75541551286	TRUE	TRUE	TRUE
68	39454.2651668371	4960.27904631835	TRUE	TRUE	TRUE
69	37630.8531668317	5599.78404782092	TRUE	TRUE	TRUE
70	35736.9418032332	5887.49302629641	TRUE	TRUE	TRUE
71	37255.7874651082	5333.67042011125	TRUE	TRUE	TRUE
72	37837.8055379538	5373.94653681956	TRUE	TRUE	TRUE
73	38732.2073494285	5201.69855270508	TRUE	TRUE	TRUE
74	39081.198030183	4657.26454213725	TRUE	TRUE	TRUE
75	39271.9671005424	5650.54335011158	TRUE	TRUE	TRUE
76	38088.5873054244	5528.83072182096	TRUE	TRUE	TRUE
77	36724.9367303891	5675.12667911115	TRUE	TRUE	TRUE
78	33478.5644202358	8002.94416392258	TRUE	TRUE	TRUE
79	35465.8525368381	6149.18326853177	TRUE	TRUE	TRUE
80	40420.8747595456	4480.669403887	TRUE	FALSE	TRUE
81	35584.9648203086	6662.48600032456	TRUE	TRUE	TRUE
82	36024.2362727476	6191.74789415113	TRUE	TRUE	TRUE
83	36736.7167774185	5547.00637995083	TRUE	TRUE	TRUE
84	41219.5104911068	4485.09648314508	TRUE	FALSE	TRUE
85	38017.0389199545	5564.05545836852	TRUE	TRUE	TRUE
86	36857.7501599023	5647.79383656971	TRUE	TRUE	TRUE
87	36139.8082429415	5763.71169063351	TRUE	TRUE	TRUE
88	38710.584737342	4961.27743048045	TRUE	TRUE	TRUE
89	37058.8532636597	6181.65704378171	TRUE	TRUE	TRUE
90	37278.7162100159	5569.39617805009	TRUE	TRUE	TRUE
91	36651.0730197235	6024.51160343877	TRUE	TRUE	TRUE
92	35576.2565434337	6192.39922717597	TRUE	TRUE	TRUE
93	36441.9070470963	5543.43475549048	TRUE	TRUE	TRUE
94	42183.3310330338	4249.53932205265	FALSE	FALSE	TRUE
95	38379.1090279424	5169.28050378436	TRUE	TRUE	TRUE
96	36590.5343780086	6853.14551377798	TRUE	TRUE	TRUE
97	36478.3169019187	5664.08822447348	TRUE	TRUE	TRUE
98	39248.0197541936	5094.26059020296	TRUE	TRUE	TRUE
99	36936.6568267715	5525.88099283878	TRUE	TRUE	TRUE
100	35421.625629948	7685.53550096938	TRUE	TRUE	TRUE
101	38928.152557697	4949.3258065716	TRUE	TRUE	TRUE
102	35343.8317408181	6399.60394348543	TRUE	TRUE	TRUE
103	37928.4449559568	5277.4365462232	TRUE	TRUE	TRUE
104	36794.957011375	5749.09211258955	TRUE	TRUE	TRUE
105	37983.1323508549	5697.25550613171	TRUE	TRUE	TRUE
106	37937.7817164467	5452.00245517407	TRUE	TRUE	TRUE
107	39204.393375452	5041.33034262062	TRUE	TRUE	TRUE
108	36475.6031848929	6065.44092698001	TRUE	TRUE	TRUE
109	39660.3186528122	4694.88304489925	TRUE	TRUE	TRUE
110	39792.5284067549	5082.59147115845	TRUE	TRUE	TRUE
111	38830.8804963038	5106.85934659824	TRUE	TRUE	TRUE
112	36378.702506032	5857.83851079108	TRUE	TRUE	TRUE
113	34782.7656787361	6565.23496085819	TRUE	TRUE	TRUE
114	37609.5720773047	5407.18193425556	TRUE	TRUE	TRUE
115	37701.7417349305	5359.84189390339	TRUE	TRUE	TRUE
116	38205.4973342013	5460.95055711809	TRUE	TRUE	TRUE
117	32837.6129180643	6920.6403609429	TRUE	TRUE	TRUE
118	41011.8990609584	4886.26160170696	TRUE	TRUE	TRUE
119	39130.7944778387	4906.69694925714	TRUE	TRUE	TRUE
120	37687.7243130287	5401.21914451068	TRUE	TRUE	TRUE
121	36289.5265041889	6061.80227152594	TRUE	TRUE	TRUE
122	31570.5394234572	7938.89565531626	TRUE	TRUE	TRUE
123	34691.1944445281	7049.05204281032	TRUE	TRUE	TRUE
124	37389.1312897926	5787.80287034359	TRUE	TRUE	TRUE
125	38838.4829002596	5021.56470173847	TRUE	TRUE	TRUE
126	35630.6288125607	6280.07889591926	TRUE	TRUE	TRUE
127	37864.761571452	7164.51790175345	TRUE	TRUE	TRUE
128	36498.0874338032	5686.99936457802	TRUE	TRUE	TRUE
129	39450.3118301277	4941.43641091532	TRUE	TRUE	TRUE
130	35676.7551179532	6285.96541702648	TRUE	TRUE	TRUE
131	36693.9897866581	5451.99604309476	TRUE	TRUE	TRUE
132	34677.6418536491	6645.06068865017	TRUE	TRUE	TRUE
133	37373.8263141174	5436.49612300306	TRUE	TRUE	TRUE
134	35895.8360337835	6262.86534337965	TRUE	TRUE	TRUE
135	38724.0295012188	4967.23387751172	TRUE	TRUE	TRUE
136	39285.0901199122	4888.39220309502	TRUE	TRUE	TRUE
137	43282.7476017642	3818.3517678958	FALSE	FALSE	TRUE
138	34898.1009408343	7130.20715311515	TRUE	TRUE	TRUE
139	34508.5666390065	7148.30386371547	TRUE	TRUE	TRUE
140	37141.465894275	5356.63765730175	TRUE	TRUE	TRUE
141	38356.3686465942	5285.23547904626	TRUE	TRUE	TRUE
142	37881.3154510203	5101.4469517452	TRUE	TRUE	TRUE
143	37229.3409597636	5601.44616386536	TRUE	TRUE	TRUE
144	34916.2681228652	7152.06060218718	TRUE	TRUE	TRUE
145	39161.0134392629	5190.25662182315	TRUE	TRUE	TRUE
146	38856.6117122196	4756.51780196741	TRUE	TRUE	TRUE
147	38784.1822947323	4957.44831337634	TRUE	TRUE	TRUE
148	36471.3653093248	5421.68141541741	TRUE	TRUE	TRUE
149	37600.9278931681	5301.04952907865	TRUE	TRUE	TRUE
150	37304.9217011358	5747.82410928616	TRUE	TRUE	TRUE
151	39932.0590154092	4752.90342824058	TRUE	TRUE	TRUE
152	38906.8017786934	4637.71288427876	TRUE	TRUE	TRUE
153	37688.4795672612	5452.79417086567	TRUE	TRUE	TRUE
154	35790.8347739814	6385.99429106803	TRUE	TRUE	TRUE
155	35052.4111931664	6292.6992379073	TRUE	TRUE	TRUE
156	38865.646135641	4813.45794328255	TRUE	TRUE	TRUE
157	36615.1039082238	5606.03171897439	TRUE	TRUE	TRUE
158	36891.9237746603	5938.35594839953	TRUE	TRUE	TRUE
159	36730.4013645728	6304.2912416026	TRUE	TRUE	TRUE
160	39880.4385992642	4698.64226846237	TRUE	TRUE	TRUE
161	38047.7730909682	5164.64245648068	TRUE	TRUE	TRUE
162	36198.5631187307	5756.90348440037	TRUE	TRUE	TRUE
163	39761.2907615751	4647.82025057034	TRUE	TRUE	TRUE
164	39762.4095370481	4708.64700804941	TRUE	TRUE	TRUE
165	34953.0873837258	6798.36713534869	TRUE	TRUE	TRUE
166	37163.4048528904	6381.93236521401	TRUE	TRUE	TRUE
167	35252.515694589	6662.37845721704	TRUE	TRUE	TRUE
168	38135.9002870506	4830.85342837743	TRUE	TRUE	TRUE
169	38233.3907924114	5385.41418104949	TRUE	TRUE	TRUE
170	35248.9291863989	6079.74376602691	TRUE	TRUE	TRUE
171	37250.5062964702	5307.56458283859	TRUE	TRUE	TRUE
172	38367.8119590167	4830.23024508913	TRUE	TRUE	TRUE
173	37216.4837381814	6151.82674886164	TRUE	TRUE	TRUE
174	36379.9772581532	6007.07094908229	TRUE	TRUE	TRUE
175	38129.5310811947	5287.20084048417	TRUE	TRUE	TRUE
176	34524.59537262	6340.4759828207	TRUE	TRUE	TRUE
177	37510.9377969058	5642.76335507447	TRUE	TRUE	TRUE
178	37817.5431718729	5316.86298725628	TRUE	TRUE	TRUE
179	34230.3879650507	6380.1492036669	TRUE	TRUE	TRUE
180	36101.3234363342	6600.21407108964	TRUE	TRUE	TRUE
181	40391.0387774316	4591.81042453827	TRUE	TRUE	TRUE
182	36212.095743487	5894.46374876597	TRUE	TRUE	TRUE
183	36653.8263006888	5921.3069224708	TRUE	TRUE	TRUE
184	37927.4982661874	5685.82604341214	TRUE	TRUE	TRUE
185	31581.2902575032	8103.9538309578	TRUE	TRUE	TRUE
186	38881.5278590314	5584.94042039367	TRUE	TRUE	TRUE
187	34144.0542417702	7863.67688320598	TRUE	TRUE	TRUE
188	40044.9354486794	4925.1674518846	TRUE	TRUE	TRUE
189	38044.2561189424	6232.60241144522	TRUE	TRUE	TRUE
190	38513.8745591489	5344.95109896482	TRUE	TRUE	TRUE
191	36326.0083902914	6748.08758271904	TRUE	TRUE	TRUE
192	39468.0994110724	5227.48911864549	TRUE	TRUE	TRUE
193	36660.3326937735	5701.58029400126	TRUE	TRUE	TRUE
194	38556.3578428858	5042.89275643516	TRUE	TRUE	TRUE
195	38424.7429051368	5246.61272068524	TRUE	TRUE	TRUE
196	38640.9303154975	5384.30111240041	TRUE	TRUE	TRUE
197	38181.8222679277	4955.51283537991	TRUE	TRUE	TRUE
198	31477.8683582671	8597.8651851312	TRUE	TRUE	TRUE
199	36648.6209158687	5356.70093149825	TRUE	TRUE	TRUE
200	38529.8056154094	5660.50373036947	TRUE	TRUE	TRUE
201	38881.5106346636	5332.5120281684	TRUE	TRUE	TRUE
202	39013.9750145341	5463.03219945329	TRUE	TRUE	TRUE
203	34829.6893112143	6426.83858571954	TRUE	TRUE	TRUE
204	36895.5485604201	6390.11445891774	TRUE	TRUE	TRUE
205	39713.2832896004	5018.47484852872	TRUE	TRUE	TRUE
206	36072.1729234507	6326.39031054003	TRUE	TRUE	TRUE
207	38375.6853808114	5263.14573461129	TRUE	TRUE	TRUE
208	40654.7314871863	4601.32250988458	TRUE	TRUE	TRUE
209	37575.0793934506	6750.89751943258	TRUE	TRUE	TRUE
210	37794.3983090132	5208.94686027009	TRUE	TRUE	TRUE
211	40514.0279719299	5021.15463161567	TRUE	TRUE	TRUE
212	34709.8625112991	7925.12742122697	TRUE	TRUE	TRUE
213	37517.5825073916	5122.71603738045	TRUE	TRUE	TRUE
214	39492.3814655598	4660.41715853995	TRUE	TRUE	TRUE
215	34902.5703651801	7870.20710963914	TRUE	TRUE	TRUE
216	36868.1145807542	6203.85007720688	TRUE	TRUE	TRUE
217	36819.7090864544	5774.30950246995	TRUE	TRUE	TRUE
218	38830.1251212617	5048.86109255579	TRUE	TRUE	TRUE
219	37476.3929838032	5179.02444767772	TRUE	TRUE	TRUE
220	34199.6083741373	7042.11445468335	TRUE	TRUE	TRUE
221	36039.6595803549	5804.09245268195	TRUE	TRUE	TRUE
222	38389.3196510163	5123.74278131719	TRUE	TRUE	TRUE
223	36104.0202927653	6226.62489041807	TRUE	TRUE	TRUE
224	36342.2642252157	6118.81511165435	TRUE	TRUE	TRUE
225	36940.6495377102	5408.26125843646	TRUE	TRUE	TRUE
226	37809.7605818702	5540.37324508399	TRUE	TRUE	TRUE
227	37668.6881425365	6132.43393094257	TRUE	TRUE	TRUE
228	38381.6998511542	4825.78314044262	TRUE	TRUE	TRUE
229	38920.6497852304	5135.50154375766	TRUE	TRUE	TRUE
230	33118.2968500981	7023.6259627211	TRUE	TRUE	TRUE
231	38957.4190495887	5233.93773282306	TRUE	TRUE	TRUE
232	36437.2457299188	5521.78305324866	TRUE	TRUE	TRUE
233	36826.0188179831	5555.81383674351	TRUE	TRUE	TRUE
234	39705.7021444601	5258.28868937627	TRUE	TRUE	TRUE
235	38669.6509752493	5335.83853646275	TRUE	TRUE	TRUE
236	34955.1697004493	5838.48270961934	TRUE	TRUE	TRUE
237	38798.8643849225	4726.82232875308	TRUE	TRUE	TRUE
238	33175.9748306123	7964.78970649221	TRUE	TRUE	TRUE
239	39413.8646969498	5225.37886053261	TRUE	TRUE	TRUE
240	38470.9108558878	4962.01596000789	TRUE	TRUE	TRUE
241	38725.200146865	4737.91652141465	TRUE	TRUE	TRUE
242	40304.4426204312	4817.15274401989	TRUE	TRUE	TRUE
243	33045.0325238506	7578.40030942007	TRUE	TRUE	TRUE
244	38565.8718087658	5225.30650064664	TRUE	TRUE	TRUE
245	38912.1798334798	5138.36831080271	TRUE	TRUE	TRUE
246	36858.0213056735	5927.69300990778	TRUE	TRUE	TRUE
247	37894.2535271477	5237.94691604244	TRUE	TRUE	TRUE
248	38081.2196777868	5158.26694679777	TRUE	TRUE	TRUE
249	37227.128913444	5583.54141709599	TRUE	TRUE	TRUE
250	36798.3088608908	6603.54033206004	TRUE	TRUE	TRUE
251	39755.9934651564	4577.40949953758	TRUE	FALSE	TRUE
252	37783.362441347	6029.50773579938	TRUE	TRUE	TRUE
253	36426.0340202153	5883.08650480378	TRUE	TRUE	TRUE
254	34875.7878548817	6503.90251763111	TRUE	TRUE	TRUE
255	40954.0301135392	4595.3252926878	TRUE	TRUE	TRUE
256	37738.1654409951	5093.78931932044	TRUE	TRUE	TRUE
257	37923.3426226281	5475.80240181711	TRUE	TRUE	TRUE
258	36858.5546830679	5453.35396076247	TRUE	TRUE	TRUE
259	36164.1606860988	6109.32762776892	TRUE	TRUE	TRUE
260	36564.6286832558	5619.3666658514	TRUE	TRUE	TRUE
261	38527.2619135853	5066.88568885994	TRUE	TRUE	TRUE
262	39683.3114527515	4605.47469827931	TRUE	TRUE	TRUE
263	39418.4295149872	4790.33833519517	TRUE	TRUE	TRUE
264	38393.4058699848	5396.0149936668	TRUE	TRUE	TRUE
265	36127.249607007	5845.97307524592	TRUE	TRUE	TRUE
266	37576.723428767	5253.52832500363	TRUE	TRUE	TRUE
267	36269.6921718349	6129.78205982017	TRUE	TRUE	TRUE
268	37958.7905649567	5156.45668123875	TRUE	TRUE	TRUE
269	36811.9277391299	5334.13639342743	TRUE	TRUE	TRUE
270	35476.7062210479	6968.38348836694	TRUE	TRUE	TRUE
271	34842.8255098932	6342.99258976982	TRUE	TRUE	TRUE
272	38052.9784266458	6061.64597633982	TRUE	TRUE	TRUE
273	35944.275419881	6092.500430931	TRUE	TRUE	TRUE
274	38507.0366655048	5188.0180417152	TRUE	TRUE	TRUE
275	38346.1935057214	6169.3958658052	TRUE	TRUE	TRUE
276	38389.8550355296	5436.00700959081	TRUE	TRUE	TRUE
277	36848.6708383125	6614.28128411923	TRUE	TRUE	TRUE
278	37725.0542689949	5304.62638813184	TRUE	TRUE	TRUE
279	40419.5647450837	4280.75146111947	TRUE	FALSE	TRUE
280	34721.3316127319	7685.7969701122	TRUE	TRUE	TRUE
281	38978.7841354475	5171.19355979555	TRUE	TRUE	TRUE
282	35943.7189656429	6175.30150562286	TRUE	TRUE	TRUE
283	37064.6353823946	6040.83766441277	TRUE	TRUE	TRUE
284	38319.9884006308	4804.16989612363	TRUE	TRUE	TRUE
285	37537.7139010843	5966.37397709585	TRUE	TRUE	TRUE
286	35731.4129020665	6237.68953362826	TRUE	TRUE	TRUE
287	36790.790130847	6318.98839295575	TRUE	TRUE	TRUE
288	37542.4242996204	5229.68624153069	TRUE	TRUE	TRUE
289	37802.0996883731	5327.59764715255	TRUE	TRUE	TRUE
290	36638.7665568561	5577.38750061109	TRUE	TRUE	TRUE
291	39340.3597777088	4780.99933579446	TRUE	TRUE	TRUE
292	35829.3504793879	7164.25291382685	TRUE	TRUE	TRUE
293	32041.3235319426	8400.70162487271	TRUE	TRUE	TRUE
294	38014.1266940669	5051.10280904118	TRUE	TRUE	TRUE
295	37164.6117176217	5398.07971653035	TRUE	TRUE	TRUE
296	37991.6501694802	4941.79129582485	TRUE	TRUE	TRUE
297	37296.2455634386	5794.22147683196	TRUE	TRUE	TRUE
298	39399.6396445767	4890.14376748458	TRUE	TRUE	TRUE
299	37580.9872851572	5228.95054137943	TRUE	TRUE	TRUE
300	38474.584476523	5094.65212601267	TRUE	TRUE	TRUE
301	40360.4003127554	4577.61980258069	TRUE	FALSE	TRUE
302	36629.2883779139	5905.10128130359	TRUE	TRUE	TRUE
303	39109.1819571861	4920.32200950851	TRUE	TRUE	TRUE
304	36725.7000691493	5904.95339016696	TRUE	TRUE	TRUE
305	38665.3822508183	4994.27021082597	TRUE	TRUE	TRUE
306	38432.0035779672	4978.6669033452	TRUE	TRUE	TRUE
307	36562.2912905756	5359.71727130972	TRUE	TRUE	TRUE
308	36519.0666487899	5629.32855171072	TRUE	TRUE	TRUE
309	29647.73375928	10544.5325507147	TRUE	TRUE	TRUE
310	35857.3089744255	5552.08033125652	TRUE	TRUE	TRUE
311	37385.1383446224	5376.2146922506	TRUE	TRUE	TRUE
312	37131.3508727033	6192.55971229478	TRUE	TRUE	TRUE
313	37493.6631543709	5262.85001581531	TRUE	TRUE	TRUE
314	37741.3416723219	4992.82091155542	TRUE	TRUE	TRUE
315	38525.3201045079	5039.65674598721	TRUE	TRUE	TRUE
316	40427.5310449633	4464.87030955163	TRUE	FALSE	TRUE
317	39330.5807898465	4992.97557774772	TRUE	TRUE	TRUE
318	41131.7878435034	4442.06921516308	TRUE	FALSE	TRUE
319	38422.9198371236	5118.07709176015	TRUE	TRUE	TRUE
320	39072.6752148137	4716.06959069428	TRUE	TRUE	TRUE
321	39305.0499331479	5277.9138127906	TRUE	TRUE	TRUE
322	33338.5030925778	7235.02777618872	TRUE	TRUE	TRUE
323	38202.1747257596	5372.68777258034	TRUE	TRUE	TRUE
324	38233.4354705163	5147.60151798842	TRUE	TRUE	TRUE
325	38697.0978935971	5980.02722031012	TRUE	TRUE	TRUE
326	34434.7187051155	6440.26441916538	TRUE	TRUE	TRUE
327	38865.8713350704	5312.70143886722	TRUE	TRUE	TRUE
328	36636.6907656297	6122.69241325105	TRUE	TRUE	TRUE
329	38055.3055978776	5016.71908192785	TRUE	TRUE	TRUE
330	34755.2569327185	6448.96357653205	TRUE	TRUE	TRUE
331	38016.4800231553	5159.90961460949	TRUE	TRUE	TRUE
332	40191.6171531934	4704.30159152438	TRUE	TRUE	TRUE
333	37890.6476699485	5012.96710861105	TRUE	TRUE	TRUE
334	37266.2598696636	6215.22849763711	TRUE	TRUE	TRUE
335	32906.7711374493	7205.86596742332	TRUE	TRUE	TRUE
336	36044.8856037081	6169.82772856221	TRUE	TRUE	TRUE
337	37155.0708040787	5265.88161316135	TRUE	TRUE	TRUE
338	34496.9294309661	6759.74963940623	TRUE	TRUE	TRUE
339	37144.5519704613	5589.06400372782	TRUE	TRUE	TRUE
340	36047.7467693698	6374.28916921665	TRUE	TRUE	TRUE
341	35997.7323547136	5550.9560416595	TRUE	TRUE	TRUE
342	40170.746139109	4692.89308322909	TRUE	TRUE	TRUE
343	35705.3631553529	5889.13403435587	TRUE	TRUE	TRUE
344	39124.5166311977	4947.45601984431	TRUE	TRUE	TRUE
345	39902.582234786	4981.34365789613	TRUE	TRUE	TRUE
346	36004.7374725489	5697.80443912452	TRUE	TRUE	TRUE
347	38588.5053488108	5128.75911899526	TRUE	TRUE	TRUE
348	35613.6696508939	5715.07658440506	TRUE	TRUE	TRUE
349	35583.2918167312	5921.47671020158	TRUE	TRUE	TRUE
350	38014.0581887782	5957.88960773024	TRUE	TRUE	TRUE
351	38024.293903146	5094.99208998919	TRUE	TRUE	TRUE
352	37291.4362923819	5502.7100726676	TRUE	TRUE	TRUE
353	38388.9717894343	5087.31947208657	TRUE	TRUE	TRUE
354	35433.5329227851	6670.67728475695	TRUE	TRUE	TRUE
355	39311.9963816795	4829.22455736473	TRUE	TRUE	TRUE
356	36003.2678626164	5569.00527776488	TRUE	TRUE	TRUE
357	39032.3803769644	5134.66020807926	TRUE	TRUE	TRUE
358	40491.9256221303	4509.74477377877	TRUE	FALSE	TRUE
359	36778.2004539679	5170.03109563758	TRUE	TRUE	TRUE
360	36507.4995903979	5536.94978053219	TRUE	TRUE	TRUE
361	35768.029577271	5727.70012651969	TRUE	TRUE	TRUE
362	40350.0050081109	4567.63249294421	TRUE	FALSE	TRUE
363	38326.1212264316	5248.10180954404	TRUE	TRUE	TRUE
364	38327.5021291547	5077.98131361455	TRUE	TRUE	TRUE
365	35894.7879112379	6138.95095713359	TRUE	TRUE	TRUE
366	37677.8849066083	5181.3880583702	TRUE	TRUE	TRUE
367	36473.0490630304	6316.27223976165	TRUE	TRUE	TRUE
368	36666.1056179381	5728.37984032652	TRUE	TRUE	TRUE
369	38401.8684758893	5936.55981844338	TRUE	TRUE	TRUE
370	37284.0180337201	5361.33838988827	TRUE	TRUE	TRUE
371	38814.4331101977	5617.05126741829	TRUE	TRUE	TRUE
372	36699.3453007562	6132.99471850313	TRUE	TRUE	TRUE
373	37592.4703776842	5291.08140997061	TRUE	TRUE	TRUE
374	36636.3716931245	6356.5411704468	TRUE	TRUE	TRUE
375	33863.5141461268	7615.10871652205	TRUE	TRUE	TRUE
376	36242.0649638209	6228.19289081497	TRUE	TRUE	TRUE
377	36614.0051647244	5746.86888450342	TRUE	TRUE	TRUE
378	37831.372701078	5145.56386644163	TRUE	TRUE	TRUE
379	34394.6671166784	6644.26138638514	TRUE	TRUE	TRUE
380	34921.0465524392	6455.45469454839	TRUE	TRUE	TRUE
381	38240.5300522606	5399.97552709577	TRUE	TRUE	TRUE
382	38694.5187834533	5137.50859017044	TRUE	TRUE	TRUE
383	36500.4073553553	6158.82734613487	TRUE	TRUE	TRUE
384	35848.8319180107	6162.14998214083	TRUE	TRUE	TRUE
385	37509.5518822837	5339.288024963	TRUE	TRUE	TRUE
386	38356.5900275801	5481.54635296385	TRUE	TRUE	TRUE
387	36844.0074651093	5501.22576702126	TRUE	TRUE	TRUE
388	35607.4691244744	6614.3563420233	TRUE	TRUE	TRUE
389	32905.3492606135	7511.40294721702	TRUE	TRUE	TRUE
390	38448.991212667	4990.43714942158	TRUE	TRUE	TRUE
391	39328.136225418	5329.21213799539	TRUE	TRUE	TRUE
392	37680.6319625789	5055.69060124796	TRUE	TRUE	TRUE
393	38193.2054691342	5053.46965807135	TRUE	TRUE	TRUE
394	36352.7334596212	6104.26473900033	TRUE	TRUE	TRUE
395	33897.8141116294	6501.56898944367	TRUE	TRUE	TRUE
396	35206.9861512859	6594.27782240486	TRUE	TRUE	TRUE
397	33353.6182342449	8185.95582420132	TRUE	TRUE	TRUE
398	37162.9569686107	5903.70126734388	TRUE	TRUE	TRUE
399	37314.0157301307	5486.35950791195	TRUE	TRUE	TRUE
400	37703.2942581929	5550.35649817478	TRUE	TRUE	TRUE
401	36399.4345512233	6052.02083046791	TRUE	TRUE	TRUE
402	37315.4368218878	5754.00313200865	TRUE	TRUE	TRUE
403	38892.6049458528	4663.92680593717	TRUE	TRUE	TRUE
404	35289.1606888319	6701.0957797527	TRUE	TRUE	TRUE
405	38270.0661419271	5198.15405948051	TRUE	TRUE	TRUE
406	38698.5376649898	5285.48839767064	TRUE	TRUE	TRUE
407	34388.2337281433	6660.52998913388	TRUE	TRUE	TRUE
408	37155.3539627697	5865.28918984449	TRUE	TRUE	TRUE
409	39913.8059799088	5232.81174989988	TRUE	TRUE	TRUE
410	38135.3032765395	5441.34520217216	TRUE	TRUE	TRUE
411	38083.322862287	5179.27638748274	TRUE	TRUE	TRUE
412	36524.8796297762	5642.48347475288	TRUE	TRUE	TRUE
413	38716.2279178608	5039.94447036561	TRUE	TRUE	TRUE
414	38654.4990500914	5017.77938991932	TRUE	TRUE	TRUE
415	36882.3399279752	6123.82166590172	TRUE	TRUE	TRUE
416	37950.6692420886	5865.97699725089	TRUE	TRUE	TRUE
417	38792.3568699826	4954.40145487981	TRUE	TRUE	TRUE
418	38070.0964738621	5365.83912611146	TRUE	TRUE	TRUE
419	39551.1608990383	5003.81403981302	TRUE	TRUE	TRUE
420	38436.5811946138	5085.98671242005	TRUE	TRUE	TRUE
421	36219.6590827024	6804.36377206129	TRUE	TRUE	TRUE
422	37791.1860243889	5212.47515049651	TRUE	TRUE	TRUE
423	38631.1972587475	5256.50024220405	TRUE	TRUE	TRUE
424	35999.0024863575	5944.45272982765	TRUE	TRUE	TRUE
425	38788.8168257997	5233.58790213313	TRUE	TRUE	TRUE
426	34670.6696049953	6273.26039639519	TRUE	TRUE	TRUE
427	38048.2998333872	5144.55329576383	TRUE	TRUE	TRUE
428	34458.7586477741	6481.56631147489	TRUE	TRUE	TRUE
429	37245.6193961574	6161.08109247735	TRUE	TRUE	TRUE
430	36782.3705646642	6078.72506345781	TRUE	TRUE	TRUE
431	36250.1718084429	5950.17721624155	TRUE	TRUE	TRUE
432	36621.566170347	5403.93665600076	TRUE	TRUE	TRUE
433	37652.3129955456	5582.69297945486	TRUE	TRUE	TRUE
434	39589.4070516748	4861.39723954915	TRUE	TRUE	TRUE
435	35343.4580053996	7219.68803769759	TRUE	TRUE	TRUE
436	36548.5512151075	5470.06119530019	TRUE	TRUE	TRUE
437	38276.9037208838	5055.9546894367	TRUE	TRUE	TRUE
438	37249.7998280789	5995.89005651045	TRUE	TRUE	TRUE
439	34246.669339889	6712.63728469372	TRUE	TRUE	TRUE
440	39784.2182324309	4835.84869620922	TRUE	TRUE	TRUE
441	37985.5028532771	5253.29697293184	TRUE	TRUE	TRUE
442	39693.3280685926	4586.5232144897	TRUE	FALSE	TRUE
443	39360.3482357547	4660.98266211556	TRUE	TRUE	TRUE
444	40244.3664772876	5041.43373450194	TRUE	TRUE	TRUE
445	40698.9710599238	4882.78332930616	TRUE	TRUE	TRUE
446	36378.9788197272	5777.38539483892	TRUE	TRUE	TRUE
447	35593.0545394455	6143.97338013988	TRUE	TRUE	TRUE
448	33735.0659676173	7257.36293391577	TRUE	TRUE	TRUE
449	40292.636970213	4641.11826627648	TRUE	TRUE	TRUE
450	34081.1828131194	6406.19866297154	TRUE	TRUE	TRUE
451	37274.289410884	5850.60996236362	TRUE	TRUE	TRUE
452	37311.9441665616	5690.74596393873	TRUE	TRUE	TRUE
453	34611.2524690129	6576.29147470752	TRUE	TRUE	TRUE
454	38902.4293724107	4980.63999264947	TRUE	TRUE	TRUE
455	38692.5370639912	5041.34871733562	TRUE	TRUE	TRUE
456	39249.6536011125	4963.45754862163	TRUE	TRUE	TRUE
457	35120.2210765199	6878.36868905729	TRUE	TRUE	TRUE
458	38275.1264265361	5240.27129106481	TRUE	TRUE	TRUE
459	37866.705880046	5099.22423036987	TRUE	TRUE	TRUE
460	39793.1367119153	4850.92448086795	TRUE	TRUE	TRUE
461	36075.4745659376	6380.48248138941	TRUE	TRUE	TRUE
462	35546.2102324532	6039.67758008978	TRUE	TRUE	TRUE
463	34295.472691299	7456.20383671261	TRUE	TRUE	TRUE
464	36404.0690372538	5512.52354507948	TRUE	TRUE	TRUE
465	37509.8726535103	5437.41911724533	TRUE	TRUE	TRUE
466	37650.4972037211	5287.45168984032	TRUE	TRUE	TRUE
467	37666.7596738243	5655.11213445244	TRUE	TRUE	TRUE
468	39849.930988947	4864.04642973382	TRUE	TRUE	TRUE
469	36754.2649448342	5770.88578546664	TRUE	TRUE	TRUE
470	35615.8442261496	5914.75565203988	TRUE	TRUE	TRUE
471	36057.6626218856	6939.84372247463	TRUE	TRUE	TRUE
472	37006.0344991667	6200.83310006663	TRUE	TRUE	TRUE
473	36140.2128231941	6108.27307577613	TRUE	TRUE	TRUE
474	39327.1520283433	5161.19569088026	TRUE	TRUE	TRUE
475	35441.3365319857	5903.40607378852	TRUE	TRUE	TRUE
476	37802.4337704769	5353.96269347709	TRUE	TRUE	TRUE
477	39285.0784333912	5020.3303070637	TRUE	TRUE	TRUE
478	38935.9737319456	4891.52684073532	TRUE	TRUE	TRUE
479	39388.1360915882	4769.61755673909	TRUE	TRUE	TRUE
480	37672.0878232483	5639.64772626367	TRUE	TRUE	TRUE
481	35992.7605910476	5777.18188996679	TRUE	TRUE	TRUE
482	38226.1150819527	5094.29483067533	TRUE	TRUE	TRUE
483	38983.7602986651	4855.26975780866	TRUE	TRUE	TRUE
484	36767.7460892568	7729.97043694683	TRUE	TRUE	TRUE
485	37064.573967457	5687.47744872819	TRUE	TRUE	TRUE
486	39044.4587636444	5158.25337216785	TRUE	TRUE	TRUE
487	36862.018182124	5277.2493480067	TRUE	TRUE	TRUE
488	33778.0291313558	7083.09025084744	TRUE	TRUE	TRUE
489	35129.7071884997	6539.73593727514	TRUE	TRUE	TRUE
490	39715.5505889487	4697.25437614981	TRUE	TRUE	TRUE
491	37872.5472294432	5106.6772865944	TRUE	TRUE	TRUE
492	34271.2225959505	7352.34838968834	TRUE	TRUE	TRUE
493	36253.210662246	6898.1201546033	TRUE	TRUE	TRUE
494	37932.5754114168	5804.92160149218	TRUE	TRUE	TRUE
495	29230.9973861151	9542.79192685465	TRUE	TRUE	TRUE
496	40209.0782975828	4953.75774827221	TRUE	TRUE	TRUE
497	38645.0308251725	4939.69400230122	TRUE	TRUE	TRUE
498	39194.3442054011	4921.89170179665	TRUE	TRUE	TRUE
499	33440.3672099896	7705.52173597412	TRUE	TRUE	TRUE
500	37267.1547811829	5311.23729428359	TRUE	TRUE	TRUE
501	37989.7650074958	5276.12217493401	TRUE	TRUE	TRUE
502	38963.5007242164	4824.1769184716	TRUE	TRUE	TRUE
503	38005.4517815862	5285.32754527468	TRUE	TRUE	TRUE
504	35253.8832741424	6377.54142039797	TRUE	TRUE	TRUE
505	39388.7512267616	4600.35616575397	TRUE	TRUE	TRUE
506	40697.4270793176	4296.67099215453	TRUE	FALSE	TRUE
507	38866.5669751377	5133.47362693812	TRUE	TRUE	TRUE
508	38076.9283391677	5277.5466017639	TRUE	TRUE	TRUE
509	37008.2431730912	5288.29148660338	TRUE	TRUE	TRUE
510	39436.831924937	4532.43726584006	TRUE	FALSE	TRUE
511	38232.6492979541	5680.1347987312	TRUE	TRUE	TRUE
512	35791.083667271	5862.77882596314	TRUE	TRUE	TRUE
513	37698.8882821085	5391.53484088364	TRUE	TRUE	TRUE
514	37813.6213403159	5484.93176892638	TRUE	TRUE	TRUE
515	38125.8590670117	5096.42176852332	TRUE	TRUE	TRUE
516	38645.9641318092	5013.0389540359	TRUE	TRUE	TRUE
517	33346.6471124064	6861.84689123267	TRUE	TRUE	TRUE
518	37120.7614239163	6086.50481273309	TRUE	TRUE	TRUE
519	38089.1823233922	4838.94158551024	TRUE	TRUE	TRUE
520	38603.9529639767	4808.392093061	TRUE	TRUE	TRUE
521	38622.5694225122	5832.37967108513	TRUE	TRUE	TRUE
522	35454.9357923974	5693.18113588725	TRUE	TRUE	TRUE
523	37785.7069987178	5434.6686214337	TRUE	TRUE	TRUE
524	34573.12212588	6904.09196805817	TRUE	TRUE	TRUE
525	36279.1635180426	6307.65290987671	TRUE	TRUE	TRUE
526	37707.211261098	5206.01147506399	TRUE	TRUE	TRUE
527	39272.7241420611	4772.35715104437	TRUE	TRUE	TRUE
528	40128.5039914254	4620.10900096196	TRUE	TRUE	TRUE
529	42157.787497111	4278.19315331914	FALSE	FALSE	TRUE
530	39161.350204736	5620.44532032922	TRUE	TRUE	TRUE
531	38346.0738699981	5066.88637554194	TRUE	TRUE	TRUE
532	38685.4383894178	5034.55008603926	TRUE	TRUE	TRUE
533	36192.8069833149	6357.14121499748	TRUE	TRUE	TRUE
534	38532.640960425	5066.29274304989	TRUE	TRUE	TRUE
535	36707.604282324	5513.58301117381	TRUE	TRUE	TRUE
536	34077.5192346145	7161.40718474454	TRUE	TRUE	TRUE
537	37678.3473912359	5646.18661502906	TRUE	TRUE	TRUE
538	37863.6267022617	5455.91209188296	TRUE	TRUE	TRUE
539	36791.2373684999	5733.52518140808	TRUE	TRUE	TRUE
540	35409.5570440128	6685.16043324919	TRUE	TRUE	TRUE
541	39581.4461759625	4907.98271517928	TRUE	TRUE	TRUE
542	39359.3935624496	5969.81604242701	TRUE	TRUE	TRUE
543	33109.443612467	7635.90466610713	TRUE	TRUE	TRUE
544	36936.7403961712	5342.98050738186	TRUE	TRUE	TRUE
545	37771.7024092144	5165.78038404061	TRUE	TRUE	TRUE
546	35691.4569288808	6001.23799061746	TRUE	TRUE	TRUE
547	39154.6874461811	5037.24282220179	TRUE	TRUE	TRUE
548	33132.4496813626	7854.08027955027	TRUE	TRUE	TRUE
549	34895.2434546133	6148.50176388211	TRUE	TRUE	TRUE
550	39485.3815175213	4728.41465261734	TRUE	TRUE	TRUE
551	38755.6068213477	5122.68687119791	TRUE	TRUE	TRUE
552	36750.8263937748	5788.79910692462	TRUE	TRUE	TRUE
553	37976.2166542482	5518.69869373318	TRUE	TRUE	TRUE
554	34610.6564976958	6726.18334650398	TRUE	TRUE	TRUE
555	36012.7142134264	6359.34771375974	TRUE	TRUE	TRUE
556	37243.5031326912	5765.12269595646	TRUE	TRUE	TRUE
557	38812.8948292258	4825.69483380664	TRUE	TRUE	TRUE
558	31761.9589165948	9244.43656683421	TRUE	TRUE	TRUE
559	37965.6196349611	5381.52064700866	TRUE	TRUE	TRUE
560	37587.0894755297	5123.80810218248	TRUE	TRUE	TRUE
561	38440.1775519793	5143.51419414234	TRUE	TRUE	TRUE
562	35195.5569218461	6669.38433732033	TRUE	TRUE	TRUE
563	36493.5348808366	6176.45941116963	TRUE	TRUE	TRUE
564	37852.2890516958	6053.0034084683	TRUE	TRUE	TRUE
565	37235.0472001845	5223.6249572535	TRUE	TRUE	TRUE
566	35331.5772139116	6188.01662687025	TRUE	TRUE	TRUE
567	40725.9151875661	4503.8369153453	TRUE	FALSE	TRUE
568	35633.4629335825	6525.67612891098	TRUE	TRUE	TRUE
569	39958.0365984196	4621.39381388801	TRUE	TRUE	TRUE
570	36486.5742388697	5592.55333908053	TRUE	TRUE	TRUE
571	38772.1949002926	4876.62577382602	TRUE	TRUE	TRUE
572	36908.6664902819	5406.36316854338	TRUE	TRUE	TRUE
573	37717.3690402235	5651.17287793642	TRUE	TRUE	TRUE
574	38557.1102597477	5327.49419258954	TRUE	TRUE	TRUE
575	34084.2926645172	7380.99101458626	TRUE	TRUE	TRUE
576	39010.6830042261	5251.58481212723	TRUE	TRUE	TRUE
577	38010.3281542685	5432.4868821904	TRUE	TRUE	TRUE
578	38757.28166286	5031.02102437288	TRUE	TRUE	TRUE
579	34042.8450881484	6921.42718556765	TRUE	TRUE	TRUE
580	38972.3221419369	4618.57663869505	TRUE	TRUE	TRUE
581	42228.9351580357	4253.48574216954	FALSE	FALSE	TRUE
582	39415.146603963	4921.23882672402	TRUE	TRUE	TRUE
583	34178.3788366235	6723.56750821977	TRUE	TRUE	TRUE
584	38394.7704331305	5258.57771348763	TRUE	TRUE	TRUE
585	37960.9268219861	5444.41386133025	TRUE	TRUE	TRUE
586	33884.2448569599	6539.9099277652	TRUE	TRUE	TRUE
587	36552.9139340914	5316.25983395861	TRUE	TRUE	TRUE
588	38151.1619228054	5374.26527693423	TRUE	TRUE	TRUE
589	41176.3819749164	4560.66130790328	TRUE	FALSE	TRUE
590	40143.3601094736	4798.78460448127	TRUE	TRUE	TRUE
591	37373.4941015082	5169.94160889468	TRUE	TRUE	TRUE
592	39039.4269259882	4680.05105618822	TRUE	TRUE	TRUE
593	40263.7427157994	4646.79457908848	TRUE	TRUE	TRUE
594	35784.1763096553	6489.72667460647	TRUE	TRUE	TRUE
595	38184.967715167	4951.48020933652	TRUE	TRUE	TRUE
596	36313.8573884329	7178.33027406747	TRUE	TRUE	TRUE
597	37276.4419535433	5377.51948042045	TRUE	TRUE	TRUE
598	37396.4020809063	5329.98539765804	TRUE	TRUE	TRUE
599	35244.0903056791	6438.24280696712	TRUE	TRUE	TRUE
600	39357.8201381433	4640.54760379657	TRUE	TRUE	TRUE
601	37141.1344211121	5173.06179192526	TRUE	TRUE	TRUE
602	36365.1407998645	5831.53117456404	TRUE	TRUE	TRUE
603	35475.1154068207	6384.42493791236	TRUE	TRUE	TRUE
604	36619.6468069413	5659.13574028938	TRUE	TRUE	TRUE
605	38529.8225161091	5511.89590268027	TRUE	TRUE	TRUE
606	36800.7364642426	5540.38547486812	TRUE	TRUE	TRUE
607	37611.1843044474	5190.36511153782	TRUE	TRUE	TRUE
608	37479.6681714346	5212.77990605332	TRUE	TRUE	TRUE
609	38777.6337804808	5264.88070093215	TRUE	TRUE	TRUE
610	37634.093781136	5580.91568044791	TRUE	TRUE	TRUE
611	36836.9505603422	5885.02489320816	TRUE	TRUE	TRUE
612	34886.1675814751	6349.22516692683	TRUE	TRUE	TRUE
613	37173.8128378221	5322.92045822302	TRUE	TRUE	TRUE
614	35550.1398511147	6272.02632920797	TRUE	TRUE	TRUE
615	35894.2279337868	6759.06339660872	TRUE	TRUE	TRUE
616	38378.6144772678	5190.86798492442	TRUE	TRUE	TRUE
617	35408.5552548874	6305.2147525674	TRUE	TRUE	TRUE
618	39965.8979765687	4802.57128726697	TRUE	TRUE	TRUE
619	38559.3957029143	5102.61068466441	TRUE	TRUE	TRUE
620	40240.7413505227	4343.67024385673	TRUE	FALSE	TRUE
621	36500.2326826298	5845.73907724206	TRUE	TRUE	TRUE
622	38260.1581281515	4785.82543315485	TRUE	TRUE	TRUE
623	37478.1707862333	5787.94698272212	TRUE	TRUE	TRUE
624	37068.7369728469	5846.94619274818	TRUE	TRUE	TRUE
625	36264.8275073105	6090.73229649049	TRUE	TRUE	TRUE
626	36145.5996909027	5936.98200880161	TRUE	TRUE	TRUE
627	33102.4881280514	7586.60083289433	TRUE	TRUE	TRUE
628	37914.5632592762	5081.68069806301	TRUE	TRUE	TRUE
629	39827.1638662635	5112.13225472884	TRUE	TRUE	TRUE
630	37216.6241272205	6071.81733265857	TRUE	TRUE	TRUE
631	37766.9114447592	5447.00092793623	TRUE	TRUE	TRUE
632	37083.9556504948	5514.36131930364	TRUE	TRUE	TRUE
633	38605.2959405516	5112.90259099622	TRUE	TRUE	TRUE
634	35836.6786139992	7360.85412768924	TRUE	TRUE	TRUE
635	37644.0251740181	4949.46598738914	TRUE	TRUE	TRUE
636	39714.8756036108	4903.48905065779	TRUE	TRUE	TRUE
637	38031.1603337949	5174.73418698077	TRUE	TRUE	TRUE
638	38313.6890140937	5333.47271843186	TRUE	TRUE	TRUE
639	38078.4154568272	5085.92050347388	TRUE	TRUE	TRUE
640	35394.7607890518	6343.2517724454	TRUE	TRUE	TRUE
641	38219.99083981	4840.39539474984	TRUE	TRUE	TRUE
642	37486.7938159664	5282.33406679157	TRUE	TRUE	TRUE
643	35728.7577384587	6872.35781796919	TRUE	TRUE	TRUE
644	37394.2036970409	5507.5346060867	TRUE	TRUE	TRUE
645	38785.4195414455	5201.04967873433	TRUE	TRUE	TRUE
646	38534.143907917	5192.15517973649	TRUE	TRUE	TRUE
647	35524.0202561782	6634.88947400949	TRUE	TRUE	TRUE
648	37898.2294022014	6070.61206043437	TRUE	TRUE	TRUE
649	30410.0899609731	9512.78132139804	TRUE	TRUE	TRUE
650	34793.3847993939	6025.95602463283	TRUE	TRUE	TRUE
651	42218.5912218387	4504.22431129301	FALSE	FALSE	TRUE
652	38960.6792823088	4958.23169039314	TRUE	TRUE	TRUE
653	38875.6881756219	4704.02130497306	TRUE	TRUE	TRUE
654	38566.0783811673	5106.742741348	TRUE	TRUE	TRUE
655	37825.1681523703	5447.51282787254	TRUE	TRUE	TRUE
656	36848.4004475656	5948.85604652305	TRUE	TRUE	TRUE
657	37547.4900824495	5619.4879103387	TRUE	TRUE	TRUE
658	37338.2117856833	5838.07909182337	TRUE	TRUE	TRUE
659	38037.0400083944	5257.30369132227	TRUE	TRUE	TRUE
660	37563.5719576211	5079.9584635853	TRUE	TRUE	TRUE
661	38824.4035611924	4929.67629022635	TRUE	TRUE	TRUE
662	38007.0257452379	5268.64987960944	TRUE	TRUE	TRUE
663	41335.2195219651	4245.39950791666	TRUE	FALSE	TRUE
664	37093.5631512766	6154.10812339221	TRUE	TRUE	TRUE
665	39021.0727429802	4903.50539555518	TRUE	TRUE	TRUE
666	40346.7063377538	4906.09117577149	TRUE	TRUE	TRUE
667	38277.4251899331	5453.75193035356	TRUE	TRUE	TRUE
668	38141.3127829193	5218.84611160957	TRUE	TRUE	TRUE
669	36718.1799697553	6576.37657101127	TRUE	TRUE	TRUE
670	37540.4679569059	5672.25477814877	TRUE	TRUE	TRUE
671	38871.6424801673	4833.70758003691	TRUE	TRUE	TRUE
672	34308.6443761579	6961.68520517791	TRUE	TRUE	TRUE
673	38030.696940871	5658.26086751564	TRUE	TRUE	TRUE
674	38823.9710028665	4899.35622781119	TRUE	TRUE	TRUE
675	37567.8705075832	5258.28621766337	TRUE	TRUE	TRUE
676	35768.5450414268	6474.13439772621	TRUE	TRUE	TRUE
677	38611.4664506991	5953.95591573761	TRUE	TRUE	TRUE
678	40055.5339525286	4710.83857790076	TRUE	TRUE	TRUE
679	32756.3995300478	7804.40074509775	TRUE	TRUE	TRUE
680	37427.3678927204	5159.31829473623	TRUE	TRUE	TRUE
681	32516.2732085525	7600.6083609961	TRUE	TRUE	TRUE
682	37165.0878987582	5446.13306432985	TRUE	TRUE	TRUE
683	38174.6964725729	5540.5872125489	TRUE	TRUE	TRUE
684	39493.0204458639	4743.61742029478	TRUE	TRUE	TRUE
685	37964.2025625138	5295.18143283495	TRUE	TRUE	TRUE
686	38016.9093848786	5358.19381500174	TRUE	TRUE	TRUE
687	37702.1711599322	5698.59158223137	TRUE	TRUE	TRUE
688	38867.2881011017	4720.69158858238	TRUE	TRUE	TRUE
689	37940.4933182413	5473.11830975861	TRUE	TRUE	TRUE
690	35707.1654050363	6491.81362786704	TRUE	TRUE	TRUE
691	37949.3434943241	5438.84126753189	TRUE	TRUE	TRUE
692	36629.7020763801	5918.14442571827	TRUE	TRUE	TRUE
693	36341.8291665833	6265.59484032031	TRUE	TRUE	TRUE
694	36056.4335349616	5498.63370200092	TRUE	TRUE	TRUE
695	37699.4871641978	5144.25273223729	TRUE	TRUE	TRUE
696	39087.1941168424	4962.31302412472	TRUE	TRUE	TRUE
697	39406.2334000883	4728.11678123976	TRUE	TRUE	TRUE
698	36330.8804599031	5946.78263337452	TRUE	TRUE	TRUE
699	31848.1140489161	8009.98848562818	TRUE	TRUE	TRUE
700	38756.1534597294	5018.31498236487	TRUE	TRUE	TRUE
701	39839.4566002198	4591.98598897181	TRUE	TRUE	TRUE
702	39689.2743870194	4508.20931497664	TRUE	FALSE	TRUE
703	37776.414248056	5291.82126657511	TRUE	TRUE	TRUE
704	35426.1862354898	6240.85558220386	TRUE	TRUE	TRUE
705	37958.5667442379	4982.33706805445	TRUE	TRUE	TRUE
706	38453.9278133858	5019.20787893479	TRUE	TRUE	TRUE
707	34021.9348116666	7061.91673249818	TRUE	TRUE	TRUE
708	39841.8056895705	4685.16753929529	TRUE	TRUE	TRUE
709	36852.2056448368	5947.2537022063	TRUE	TRUE	TRUE
710	35286.7301696983	7129.66553073103	TRUE	TRUE	TRUE
711	37346.9653808776	5800.80359817875	TRUE	TRUE	TRUE
712	36732.5758809489	5800.77802418153	TRUE	TRUE	TRUE
713	33957.5001369545	7612.18325904773	TRUE	TRUE	TRUE
714	35277.0186229466	6865.99740055242	TRUE	TRUE	TRUE
715	37424.0947053616	6154.5139111484	TRUE	TRUE	TRUE
716	38249.2838874598	5170.9891077318	TRUE	TRUE	TRUE
717	38441.6805693091	4982.54570105631	TRUE	TRUE	TRUE
718	34119.4470112022	6675.87975612271	TRUE	TRUE	TRUE
719	37988.6916343308	5189.32971045184	TRUE	TRUE	TRUE
720	33777.3006900776	6780.45807335815	TRUE	TRUE	TRUE
721	41536.3442806616	4828.44674439772	TRUE	TRUE	TRUE
722	36674.879575607	5548.56295944221	TRUE	TRUE	TRUE
723	36811.3051532454	6197.12128815019	TRUE	TRUE	TRUE
724	36628.6797315641	6138.74845358771	TRUE	TRUE	TRUE
725	39110.1709448164	5086.20493113269	TRUE	TRUE	TRUE
726	36689.7483418502	5545.01209908188	TRUE	TRUE	TRUE
727	36229.485873187	6148.94450567736	TRUE	TRUE	TRUE
728	39045.4327903007	6079.50612288373	TRUE	TRUE	TRUE
729	38365.1527270797	5428.35475472445	TRUE	TRUE	TRUE
730	39381.3144973635	5113.69540654355	TRUE	TRUE	TRUE
731	33290.1751336369	7388.51569229109	TRUE	TRUE	TRUE
732	33650.9171918518	7343.76598654111	TRUE	TRUE	TRUE
733	36556.9671633646	5724.2000400361	TRUE	TRUE	TRUE
734	35500.7640352892	6270.35241075983	TRUE	TRUE	TRUE
735	38632.5861913865	4888.30649561038	TRUE	TRUE	TRUE
736	36818.9998807697	5656.99981631136	TRUE	TRUE	TRUE
737	35610.9374851568	5858.82033580354	TRUE	TRUE	TRUE
738	40791.8425455749	4641.97201940019	TRUE	TRUE	TRUE
739	34798.4168907949	6722.42144851057	TRUE	TRUE	TRUE
740	39097.1721977818	4736.81707905718	TRUE	TRUE	TRUE
741	35661.9257173525	6275.81773124967	TRUE	TRUE	TRUE
742	36889.3981202148	5175.41460846322	TRUE	TRUE	TRUE
743	39611.119861002	5505.78051773846	TRUE	TRUE	TRUE
744	37086.7048501858	5688.95507153122	TRUE	TRUE	TRUE
745	37737.4021885659	5378.49409388501	TRUE	TRUE	TRUE
746	39991.4432686988	4618.57204055342	TRUE	TRUE	TRUE
747	39007.8331252702	5304.06060232276	TRUE	TRUE	TRUE
748	37426.9929491461	5605.50284569366	TRUE	TRUE	TRUE
749	36060.6013088223	5861.32397500186	TRUE	TRUE	TRUE
750	36966.5626131365	5329.40133526113	TRUE	TRUE	TRUE
751	33768.996448057	7882.89590956335	TRUE	TRUE	TRUE
752	35711.4251718392	7165.68437837836	TRUE	TRUE	TRUE
753	34765.3205117792	6305.85507778895	TRUE	TRUE	TRUE
754	37532.5478212649	5392.22696642279	TRUE	TRUE	TRUE
755	35852.8036313119	5609.22498950221	TRUE	TRUE	TRUE
756	38035.9131468821	4910.09135567358	TRUE	TRUE	TRUE
757	35400.2804445049	6310.85575878216	TRUE	TRUE	TRUE
758	39892.6936051082	4505.96990941928	TRUE	FALSE	TRUE
759	36362.0556912896	5669.48244386905	TRUE	TRUE	TRUE
760	39726.1238195692	4765.37320693782	TRUE	TRUE	TRUE
761	33899.6951610179	7391.95865285345	TRUE	TRUE	TRUE
762	39772.0570953442	5554.11055983453	TRUE	TRUE	TRUE
763	37277.8910739458	5367.34760309927	TRUE	TRUE	TRUE
764	38928.7450843842	5050.4925664132	TRUE	TRUE	TRUE
765	38823.1458201105	5143.971264699	TRUE	TRUE	TRUE
766	41542.804120094	4590.88880915581	TRUE	TRUE	TRUE
767	36976.7728135141	5691.55884678117	TRUE	TRUE	TRUE
768	41742.2862305623	4429.35055811587	FALSE	FALSE	TRUE
769	38395.2875516305	5136.04238497452	TRUE	TRUE	TRUE
770	37221.8722641552	5958.47443071475	TRUE	TRUE	TRUE
771	34913.9719914694	7097.68466968109	TRUE	TRUE	TRUE
772	34780.8512539845	7131.05831249604	TRUE	TRUE	TRUE
773	41208.3707722092	4412.83871097019	TRUE	FALSE	TRUE
774	34478.8118526826	7943.79708884008	TRUE	TRUE	TRUE
775	38992.1073455364	5198.92364182861	TRUE	TRUE	TRUE
776	35593.7500259021	6289.03010760955	TRUE	TRUE	TRUE
777	38869.420936264	5320.28135338008	TRUE	TRUE	TRUE
778	38469.8119725287	5287.19667632889	TRUE	TRUE	TRUE
779	41342.501665812	4453.43628117784	TRUE	FALSE	TRUE
780	35971.9027266767	6475.76536440986	TRUE	TRUE	TRUE
781	36095.4672236253	6455.81459850422	TRUE	TRUE	TRUE
782	36218.1958978962	5872.82571324552	TRUE	TRUE	TRUE
783	38268.8116997143	5028.97640958171	TRUE	TRUE	TRUE
784	38670.7165112508	5459.28857927695	TRUE	TRUE	TRUE
785	39440.1677705221	4921.90917906374	TRUE	TRUE	TRUE
786	39300.5779474261	5315.85614024183	TRUE	TRUE	TRUE
787	38133.6295575682	5533.98146630431	TRUE	TRUE	TRUE
788	35316.6320742303	6489.42894749832	TRUE	TRUE	TRUE
789	35780.932944199	5538.7450450333	TRUE	TRUE	TRUE
790	40235.6549041141	4982.58825072588	TRUE	TRUE	TRUE
791	36040.2006228897	6396.18657105483	TRUE	TRUE	TRUE
792	37604.9529858295	5224.3474864835	TRUE	TRUE	TRUE
793	36854.4184551009	5373.43904144522	TRUE	TRUE	TRUE
794	35370.9294084906	6064.36686544537	TRUE	TRUE	TRUE
795	37498.6007244445	5325.89937662454	TRUE	TRUE	TRUE
796	39171.8941276047	5088.6589989907	TRUE	TRUE	TRUE
797	35078.5588322258	6575.63716823744	TRUE	TRUE	TRUE
798	35155.4280112215	6085.25962788223	TRUE	TRUE	TRUE
799	37800.7914500588	5036.57364299584	TRUE	TRUE	TRUE
800	38409.8819155411	4881.30429633493	TRUE	TRUE	TRUE
801	37240.4135378423	5564.65137000206	TRUE	TRUE	TRUE
802	37644.1857324872	5558.37505004845	TRUE	TRUE	TRUE
803	37550.284837754	5123.516643189	TRUE	TRUE	TRUE
804	37466.5648911327	5286.0432342619	TRUE	TRUE	TRUE
805	35920.8759527176	6706.37428573916	TRUE	TRUE	TRUE
806	38163.0515119642	5178.36062601428	TRUE	TRUE	TRUE
807	36487.5950021392	6262.682759453	TRUE	TRUE	TRUE
808	34238.3091899732	8227.79723174717	TRUE	TRUE	TRUE
809	41613.3893869319	3994.78569766484	TRUE	FALSE	TRUE
810	34842.4821909889	7888.13768973884	TRUE	TRUE	TRUE
811	37033.1460689967	5725.74803065864	TRUE	TRUE	TRUE
812	37903.953453079	5366.11365343754	TRUE	TRUE	TRUE
813	40208.097740263	4464.99157859688	TRUE	FALSE	TRUE
814	39135.5725434622	4782.57322273385	TRUE	TRUE	TRUE
815	39385.2373082743	5110.46289310257	TRUE	TRUE	TRUE
816	36051.1284928624	5721.99962713389	TRUE	TRUE	TRUE
817	38649.58904208	4923.20040576146	TRUE	TRUE	TRUE
818	37875.100105477	5065.22236981193	TRUE	TRUE	TRUE
819	34290.51809465	7422.8488203296	TRUE	TRUE	TRUE
820	37634.8451855067	5280.92095606775	TRUE	TRUE	TRUE
821	35388.9848959791	5962.86622248977	TRUE	TRUE	TRUE
822	36049.3706950055	5923.48321084673	TRUE	TRUE	TRUE
823	33780.9383009825	8337.14383182381	TRUE	TRUE	TRUE
824	39408.3837798454	5084.13275745317	TRUE	TRUE	TRUE
825	36651.5384859726	5869.74676826854	TRUE	TRUE	TRUE
826	35344.0644993225	6920.72170331798	TRUE	TRUE	TRUE
827	42647.9442964021	3859.90792253631	FALSE	FALSE	TRUE
828	36363.6374870435	6134.39502616432	TRUE	TRUE	TRUE
829	39382.8743229721	5224.19753249764	TRUE	TRUE	TRUE
830	40387.2871277845	4686.08740109472	TRUE	TRUE	TRUE
831	35564.8702965998	6952.21375478008	TRUE	TRUE	TRUE
832	37925.7804037431	5516.31464579947	TRUE	TRUE	TRUE
833	38663.0278768305	5136.9314209184	TRUE	TRUE	TRUE
834	37622.6753298475	6392.2646608794	TRUE	TRUE	TRUE
835	37954.1443595085	4964.63918858066	TRUE	TRUE	TRUE
836	39223.0921749413	4893.66414052997	TRUE	TRUE	TRUE
837	38913.9895970397	4782.25866335477	TRUE	TRUE	TRUE
838	38087.2348704155	5492.20219963104	TRUE	TRUE	TRUE
839	34293.7903383917	7359.65354050193	TRUE	TRUE	TRUE
840	36799.0989847511	6064.69588122673	TRUE	TRUE	TRUE
841	34970.2715545044	7270.20163242653	TRUE	TRUE	TRUE
842	32114.0520422828	8364.56178570248	TRUE	TRUE	TRUE
843	34789.2284325438	7048.3981954816	TRUE	TRUE	TRUE
844	36855.274613248	5583.26987186662	TRUE	TRUE	TRUE
845	38234.2597346646	4905.52229760127	TRUE	TRUE	TRUE
846	38933.2694957591	5028.63211364607	TRUE	TRUE	TRUE
847	37120.8677083464	5457.08312168798	TRUE	TRUE	TRUE
848	34083.7001080442	7090.34187717206	TRUE	TRUE	TRUE
849	37256.4986112951	5521.11081139893	TRUE	TRUE	TRUE
850	41544.0255014549	4465.33887731214	TRUE	FALSE	TRUE
851	37054.3129691756	5388.16186190415	TRUE	TRUE	TRUE
852	33758.7643576397	6831.47251860207	TRUE	TRUE	TRUE
853	37310.8394356168	5253.93690088564	TRUE	TRUE	TRUE
854	38272.9048587838	5034.33234439724	TRUE	TRUE	TRUE
855	37246.7316063428	5363.39505196611	TRUE	TRUE	TRUE
856	36848.8016457649	5928.84768394648	TRUE	TRUE	TRUE
857	41503.2669992435	4372.90930351804	TRUE	FALSE	TRUE
858	38125.8402485243	5610.6710758812	TRUE	TRUE	TRUE
859	39643.1509023823	4926.12298041489	TRUE	TRUE	TRUE
860	36290.8288114075	5905.26099785166	TRUE	TRUE	TRUE
861	38820.6639261142	5025.77367225592	TRUE	TRUE	TRUE
862	37856.1815502107	5509.37395085123	TRUE	TRUE	TRUE
863	37705.4072674094	5478.59266916494	TRUE	TRUE	TRUE
864	40149.901874994	4690.46333727202	TRUE	TRUE	TRUE
865	37271.6958422422	5771.08535538954	TRUE	TRUE	TRUE
866	36310.7992982803	5566.10250889321	TRUE	TRUE	TRUE
867	37230.7819510472	5222.94394578342	TRUE	TRUE	TRUE
868	37283.792257025	5542.95261588229	TRUE	TRUE	TRUE
869	34773.3661613117	6469.79434441869	TRUE	TRUE	TRUE
870	38120.7084565682	5508.21175955304	TRUE	TRUE	TRUE
871	39241.9584545717	4700.32221237443	TRUE	TRUE	TRUE
872	37725.7189912533	5033.13536011698	TRUE	TRUE	TRUE
873	37863.6213816004	4971.18597634176	TRUE	TRUE	TRUE
874	38310.7968073722	5152.80561494971	TRUE	TRUE	TRUE
875	37818.3700870745	5244.09231744364	TRUE	TRUE	TRUE
876	37598.2215086913	5233.86131359111	TRUE	TRUE	TRUE
877	37386.6154218423	5449.70906530601	TRUE	TRUE	TRUE
878	37716.270536147	5372.01573863578	TRUE	TRUE	TRUE
879	36962.3341700994	5789.2932282709	TRUE	TRUE	TRUE
880	38278.6744813194	4670.64775528729	TRUE	TRUE	TRUE
881	36909.3777361087	5500.2400434407	TRUE	TRUE	TRUE
882	37186.5492097808	5351.8858872162	TRUE	TRUE	TRUE
883	36999.8693096803	5422.59632899507	TRUE	TRUE	TRUE
884	38388.7708008585	5639.24894410975	TRUE	TRUE	TRUE
885	37655.8952553783	5066.59903829115	TRUE	TRUE	TRUE
886	39167.1054582384	4918.13867586191	TRUE	TRUE	TRUE
887	38800.7272051855	4830.34264889431	TRUE	TRUE	TRUE
888	36498.7010212034	5458.54437098066	TRUE	TRUE	TRUE
889	36326.2428721108	6779.03966727471	TRUE	TRUE	TRUE
890	37769.5789543211	5587.8343327047	TRUE	TRUE	TRUE
891	37278.9928411184	5526.75191680823	TRUE	TRUE	TRUE
892	40185.6816255968	4679.76783772387	TRUE	TRUE	TRUE
893	38920.9537933003	4881.65062927784	TRUE	TRUE	TRUE
894	38036.6014515265	5151.354830874	TRUE	TRUE	TRUE
895	35728.461583681	5776.05624040772	TRUE	TRUE	TRUE
896	38222.0825845694	4937.22373398239	TRUE	TRUE	TRUE
897	37653.4218541917	5524.74888461978	TRUE	TRUE	TRUE
898	39905.7690675773	4671.2157951578	TRUE	TRUE	TRUE
899	38404.493136963	4969.30661382263	TRUE	TRUE	TRUE
900	34804.2499225152	6609.08332270913	TRUE	TRUE	TRUE
901	38284.7278206008	5099.33740653578	TRUE	TRUE	TRUE
902	38965.9768235244	5078.09845724094	TRUE	TRUE	TRUE
903	34753.3567453943	6600.69523601754	TRUE	TRUE	TRUE
904	36855.8171836154	5857.68339251347	TRUE	TRUE	TRUE
905	38258.818391915	4980.84576346262	TRUE	TRUE	TRUE
906	38133.1789323723	5629.66234531506	TRUE	TRUE	TRUE
907	37547.945414468	5351.50868049858	TRUE	TRUE	TRUE
908	36915.0619515544	5507.0068673964	TRUE	TRUE	TRUE
909	37701.0594049834	5635.29601561529	TRUE	TRUE	TRUE
910	35953.6902329299	6451.62924736105	TRUE	TRUE	TRUE
911	37677.636023829	5259.51092831137	TRUE	TRUE	TRUE
912	39851.4264962833	5176.85477145192	TRUE	TRUE	TRUE
913	37471.3532037726	5226.2473251758	TRUE	TRUE	TRUE
914	34047.354032844	7468.35394959692	TRUE	TRUE	TRUE
915	35580.8605654525	5931.7698413878	TRUE	TRUE	TRUE
916	38239.8170264441	4978.57381299018	TRUE	TRUE	TRUE
917	39749.9623942347	4812.51049981583	TRUE	TRUE	TRUE
918	34093.3708084909	6735.78962139627	TRUE	TRUE	TRUE
919	35339.6885224358	6491.23706499487	TRUE	TRUE	TRUE
920	36568.1426748704	5836.671111324	TRUE	TRUE	TRUE
921	36743.28025056	5927.80738862507	TRUE	TRUE	TRUE
922	38219.8778199508	5021.60012599306	TRUE	TRUE	TRUE
923	37426.4241675537	5553.90509296593	TRUE	TRUE	TRUE
924	40506.251328305	5083.46691447839	TRUE	TRUE	TRUE
925	37547.1185674297	6141.51382077909	TRUE	TRUE	TRUE
926	37501.3484032754	5102.85486945448	TRUE	TRUE	TRUE
927	37325.6167440504	5230.97625775453	TRUE	TRUE	TRUE
928	35955.8966300578	6520.87629104774	TRUE	TRUE	TRUE
929	35510.8669833774	7108.35926902709	TRUE	TRUE	TRUE
930	34047.4961101507	8021.08796005497	TRUE	TRUE	TRUE
931	38645.9807481781	5764.52732988031	TRUE	TRUE	TRUE
932	34666.6072505547	6938.73927281739	TRUE	TRUE	TRUE
933	38175.4199243533	4733.04450553405	TRUE	TRUE	TRUE
934	39787.7290305058	5111.83808455614	TRUE	TRUE	TRUE
935	40109.7612849359	4548.52841328709	TRUE	FALSE	TRUE
936	35375.6425595569	6932.98701847862	TRUE	TRUE	TRUE
937	36488.1912401292	5544.2060916174	TRUE	TRUE	TRUE
938	37257.7693025019	5539.56782862188	TRUE	TRUE	TRUE
939	39754.4257135994	5094.40367751538	TRUE	TRUE	TRUE
940	38497.550272141	4991.46052230263	TRUE	TRUE	TRUE
941	35105.9494045182	6750.76169400524	TRUE	TRUE	TRUE
942	32369.5500545864	8662.32568635158	TRUE	TRUE	TRUE
943	37265.5648635769	5863.06803055615	TRUE	TRUE	TRUE
944	37509.4416940672	6023.63765882894	TRUE	TRUE	TRUE
945	40224.8200294978	4905.62231059563	TRUE	TRUE	TRUE
946	35727.4613701026	6772.70433171209	TRUE	TRUE	TRUE
947	39225.9076323398	5143.01612830842	TRUE	TRUE	TRUE
948	37321.9121792603	5318.90727160573	TRUE	TRUE	TRUE
949	34400.688135645	6262.23291440973	TRUE	TRUE	TRUE
950	39706.4020344659	4682.00963693758	TRUE	TRUE	TRUE
951	34190.6627213433	6675.00053852652	TRUE	TRUE	TRUE
952	39923.6341890059	5281.67813894502	TRUE	TRUE	TRUE
953	39157.5689842947	4883.87987775785	TRUE	TRUE	TRUE
954	38741.2518220445	4950.21310582272	TRUE	TRUE	TRUE
955	37609.2970395042	5043.51107916897	TRUE	TRUE	TRUE
956	38382.6469442271	4922.24020234167	TRUE	TRUE	TRUE
957	40066.8175155983	4880.66679474479	TRUE	TRUE	TRUE
958	35113.9518208184	6460.37334549262	TRUE	TRUE	TRUE
959	41544.3110761913	4460.40699741485	TRUE	FALSE	TRUE
960	38230.5971656873	5310.01438848534	TRUE	TRUE	TRUE
961	38342.6501709674	5566.87933538091	TRUE	TRUE	TRUE
962	38725.7167367393	4730.06791229579	TRUE	TRUE	TRUE
963	38452.8055483653	4970.02005273135	TRUE	TRUE	TRUE
964	40047.5907313248	4697.4433838606	TRUE	TRUE	TRUE
965	38698.6101005629	4889.70498921614	TRUE	TRUE	TRUE
966	35662.1026217857	5757.85310407073	TRUE	TRUE	TRUE
967	37943.6636384141	5413.41139060784	TRUE	TRUE	TRUE
968	37537.8520627827	6440.03031209978	TRUE	TRUE	TRUE
969	36049.7144002409	5855.21517715655	TRUE	TRUE	TRUE
970	39962.949385488	4669.55812703683	TRUE	TRUE	TRUE
971	34495.3889185619	7843.55407897702	TRUE	TRUE	TRUE
972	36443.2164264322	5910.72762933371	TRUE	TRUE	TRUE
973	39661.0097916769	5079.11638268468	TRUE	TRUE	TRUE
974	39818.1792928247	5171.92764207285	TRUE	TRUE	TRUE
975	37507.5141866285	5182.26129397964	TRUE	TRUE	TRUE
976	39039.1894662096	5121.25497691187	TRUE	TRUE	TRUE
977	34862.1459150602	7090.79487834454	TRUE	TRUE	TRUE
978	36062.6356939559	5574.39706118094	TRUE	TRUE	TRUE
979	37227.0537492918	5833.72713769572	TRUE	TRUE	TRUE
980	39403.3273666818	5218.63552452043	TRUE	TRUE	TRUE
981	39807.7064911081	5213.65058617126	TRUE	TRUE	TRUE
982	34133.9824495943	7081.46995315472	TRUE	TRUE	TRUE
983	39683.6269039113	4717.34821886671	TRUE	TRUE	TRUE
984	40194.7894918113	4503.40823921312	TRUE	FALSE	TRUE
985	40105.9445391942	4681.35619747598	TRUE	TRUE	TRUE
986	36188.8658784247	5898.99393508004	TRUE	TRUE	TRUE
987	38171.7380492423	5066.36552434512	TRUE	TRUE	TRUE
988	39281.2353335949	5931.81155843236	TRUE	TRUE	TRUE
989	36492.0497051117	5907.81651052527	TRUE	TRUE	TRUE
990	39815.2997292899	4760.93411296254	TRUE	TRUE	TRUE
991	38956.3400083032	4984.69519678278	TRUE	TRUE	TRUE
992	39018.1532229064	4878.03813042486	TRUE	TRUE	TRUE
993	38787.8452760873	5379.2505504335	TRUE	TRUE	TRUE
994	37753.07474926	5739.85261582632	TRUE	TRUE	TRUE
995	36452.7417996756	6172.85754496793	TRUE	TRUE	TRUE
996	36691.9713093383	5463.61725590535	TRUE	TRUE	TRUE
997	35401.4950318406	6121.86123861064	TRUE	TRUE	TRUE
998	39798.4348224263	5080.69844753044	TRUE	TRUE	TRUE
999	37175.1174515866	5623.78060929985	TRUE	TRUE	TRUE
1000	40848.5165843502	4713.377604831	TRUE	TRUE	TRUE
1001	36712.4203499573	6080.25346341939	TRUE	TRUE	TRUE
1002	38876.8113982731	5177.61141439233	TRUE	TRUE	TRUE
1003	39724.9030658433	4928.75846330748	TRUE	TRUE	TRUE
1004	38054.1317143763	5003.13360295381	TRUE	TRUE	TRUE
1005	36196.5930168324	6164.15667552221	TRUE	TRUE	TRUE
1006	40343.1616957109	4598.43841253841	TRUE	TRUE	TRUE
1007	37750.1113278912	5119.90520762268	TRUE	TRUE	TRUE
1008	36681.8401308938	5819.49931883702	TRUE	TRUE	TRUE
1009	38372.2737584119	4935.57402815341	TRUE	TRUE	TRUE
1010	38728.9660964568	4940.34952016899	TRUE	TRUE	TRUE
1011	36204.6551753488	6030.07971653556	TRUE	TRUE	TRUE
1012	35648.6835280662	6104.99328889868	TRUE	TRUE	TRUE
1013	39323.2264081231	4892.55668985686	TRUE	TRUE	TRUE
1014	38078.105141209	5448.56993661545	TRUE	TRUE	TRUE
1015	36736.4329227697	6529.25723993631	TRUE	TRUE	TRUE
1016	36261.5844923912	7288.27378414307	TRUE	TRUE	TRUE
1017	35127.7601579714	7112.48491486962	TRUE	TRUE	TRUE
1018	37652.1488610594	6027.38718645415	TRUE	TRUE	TRUE
1019	37888.7950625073	5807.16058215116	TRUE	TRUE	TRUE
1020	37855.182100377	5695.81479398317	TRUE	TRUE	TRUE
1021	38119.6890280933	5408.37113435464	TRUE	TRUE	TRUE
1022	37590.0083565251	5913.62915589328	TRUE	TRUE	TRUE
1023	34251.4726833095	7126.12378141442	TRUE	TRUE	TRUE
1024	38165.4789559279	5729.90242448033	TRUE	TRUE	TRUE
1025	35639.3889565858	6290.68448728504	TRUE	TRUE	TRUE
1026	34206.9503222311	6607.02022889978	TRUE	TRUE	TRUE
1027	38998.5228938835	4859.78778392474	TRUE	TRUE	TRUE
1028	39453.0865717576	5205.05449789353	TRUE	TRUE	TRUE
1029	37351.0294801963	5652.36225098027	TRUE	TRUE	TRUE
1030	34261.4398922317	7725.81677139843	TRUE	TRUE	TRUE
1031	38026.1710020939	4971.17013584456	TRUE	TRUE	TRUE
1032	38936.3612494453	5018.07098361471	TRUE	TRUE	TRUE
1033	39293.1755795289	5101.9149434037	TRUE	TRUE	TRUE
1034	34907.3312509834	7000.75930989912	TRUE	TRUE	TRUE
1035	37613.245744561	5206.07196444314	TRUE	TRUE	TRUE
1036	39820.9919162017	4542.98433416367	TRUE	FALSE	TRUE
1037	35653.4333936267	5870.1640833269	TRUE	TRUE	TRUE
1038	33621.6462742758	8149.06883032524	TRUE	TRUE	TRUE
1039	36527.6335826361	5617.88279845468	TRUE	TRUE	TRUE
1040	38176.4020783112	5063.83204227905	TRUE	TRUE	TRUE
1041	38031.9089895878	5218.60436411841	TRUE	TRUE	TRUE
1042	36456.7764246357	6197.97859166884	TRUE	TRUE	TRUE
1043	38460.80481422	5332.68316519947	TRUE	TRUE	TRUE
1044	37886.4102041388	5158.90016458764	TRUE	TRUE	TRUE
1045	36947.6924232076	5909.64439003682	TRUE	TRUE	TRUE
1046	38636.966826347	5115.02535699556	TRUE	TRUE	TRUE
1047	39007.1077515982	4679.33773969976	TRUE	TRUE	TRUE
1048	35738.1836054902	6791.86938345607	TRUE	TRUE	TRUE
1049	38186.1180403777	5008.81927027917	TRUE	TRUE	TRUE
1050	39043.2304106168	5309.82513542956	TRUE	TRUE	TRUE
1051	37531.3139622201	5744.7853248908	TRUE	TRUE	TRUE
1052	35885.6842647528	6208.02470307269	TRUE	TRUE	TRUE
1053	36635.3659703012	5568.06919997174	TRUE	TRUE	TRUE
1054	38960.5112301705	6061.81327392358	TRUE	TRUE	TRUE
1055	36383.3214908482	5887.46522181499	TRUE	TRUE	TRUE
1056	35784.202398628	6288.42319417076	TRUE	TRUE	TRUE
1057	40210.7833402221	4742.56778688569	TRUE	TRUE	TRUE
1058	35464.4307337682	6420.58691032056	TRUE	TRUE	TRUE
1059	38447.8849624413	5233.16626197316	TRUE	TRUE	TRUE
1060	35804.2366373066	6050.00394688976	TRUE	TRUE	TRUE
1061	39300.0270936137	4829.08003017424	TRUE	TRUE	TRUE
1062	39847.9236743775	4694.64669429149	TRUE	TRUE	TRUE
1063	35940.0644312222	6558.62317693196	TRUE	TRUE	TRUE
1064	36900.1099386271	5659.67769561591	TRUE	TRUE	TRUE
1065	38455.5919085287	4861.3765097283	TRUE	TRUE	TRUE
1066	34443.5502757378	6635.59104233701	TRUE	TRUE	TRUE
1067	38960.9025566131	5137.26204063737	TRUE	TRUE	TRUE
1068	37832.061707253	5117.95544182248	TRUE	TRUE	TRUE
1069	40084.8576731123	5003.88926890048	TRUE	TRUE	TRUE
1070	35759.0204530251	5717.97847800199	TRUE	TRUE	TRUE
1071	38983.756573588	4835.52944627541	TRUE	TRUE	TRUE
1072	36177.5609272158	6303.61808197209	TRUE	TRUE	TRUE
1073	38660.2009686222	5276.36223527115	TRUE	TRUE	TRUE
1074	35397.5168213948	5968.50725404204	TRUE	TRUE	TRUE
1075	39845.9674794274	4624.70580944454	TRUE	TRUE	TRUE
1076	38451.3943031188	5142.90461128853	TRUE	TRUE	TRUE
1077	34660.9483594367	6144.34736643657	TRUE	TRUE	TRUE
1078	38974.6595856497	5142.14027985351	TRUE	TRUE	TRUE
1079	36924.0209543498	6313.42241653611	TRUE	TRUE	TRUE
1080	36326.8158419306	5894.08768232821	TRUE	TRUE	TRUE
1081	38504.5555783864	4834.16548992082	TRUE	TRUE	TRUE
1082	36588.9618291604	6762.32570514513	TRUE	TRUE	TRUE
1083	35835.0988702713	5930.55194561058	TRUE	TRUE	TRUE
1084	38084.2560171021	5403.02000983794	TRUE	TRUE	TRUE
1085	40250.734584423	4789.17545321418	TRUE	TRUE	TRUE
1086	37269.0070390177	5564.11688465906	TRUE	TRUE	TRUE
1087	39531.8106960315	5171.09584359775	TRUE	TRUE	TRUE
1088	34004.080446818	7192.08859042656	TRUE	TRUE	TRUE
1089	41623.0384546097	4223.12890140042	FALSE	FALSE	TRUE
1090	38003.5667236252	5366.94749377091	TRUE	TRUE	TRUE
1091	38780.1384985708	5122.14880234667	TRUE	TRUE	TRUE
1092	37758.4588916624	6385.96199178885	TRUE	TRUE	TRUE
1093	38581.1869735118	4903.92190855068	TRUE	TRUE	TRUE
1094	40785.5211726708	4466.72122641349	TRUE	FALSE	TRUE
1095	38371.4201569206	5420.51488032177	TRUE	TRUE	TRUE
1096	37338.5860725825	5265.43672929334	TRUE	TRUE	TRUE
1097	37294.1146872465	5288.32923062237	TRUE	TRUE	TRUE
1098	37696.4882541378	5587.71905626599	TRUE	TRUE	TRUE
1099	36150.0828833156	7570.48791229159	TRUE	TRUE	TRUE
1100	35265.7965575515	6142.32943743736	TRUE	TRUE	TRUE
1101	37035.5635754837	6265.89245045317	TRUE	TRUE	TRUE
1102	33939.0130344701	6595.37566447902	TRUE	TRUE	TRUE
1103	38768.5896784259	5079.5751297757	TRUE	TRUE	TRUE
1104	38391.5003432041	5092.57258678219	TRUE	TRUE	TRUE
1105	37171.8520669824	6183.15637055183	TRUE	TRUE	TRUE
1106	38037.2742769656	5028.46050967516	TRUE	TRUE	TRUE
1107	37799.5502888648	5393.20279033917	TRUE	TRUE	TRUE
1108	35503.8473232556	6955.21778253069	TRUE	TRUE	TRUE
1109	36243.8051687483	5607.9982580412	TRUE	TRUE	TRUE
1110	42058.0431174872	4701.42096335121	FALSE	TRUE	TRUE
1111	36713.2354704555	6023.31083223266	TRUE	TRUE	TRUE
1112	36524.1068432678	5414.07271046668	TRUE	TRUE	TRUE
1113	34183.0288625105	6902.44371540625	TRUE	TRUE	TRUE
1114	37598.4002215048	5028.10898247005	TRUE	TRUE	TRUE
1115	37738.4753621038	5210.44137626932	TRUE	TRUE	TRUE
1116	33834.9316089416	7345.93390357952	TRUE	TRUE	TRUE
1117	35572.6899201849	5664.72059393471	TRUE	TRUE	TRUE
1118	36894.0593517059	5432.91863783842	TRUE	TRUE	TRUE
1119	39076.1261729426	4856.14999381549	TRUE	TRUE	TRUE
1120	37805.5589386147	5244.24095976502	TRUE	TRUE	TRUE
1121	38962.6227474725	5102.17423927927	TRUE	TRUE	TRUE
1122	32888.535321243	6660.85396667233	TRUE	TRUE	TRUE
1123	39209.8030755858	4882.06296333998	TRUE	TRUE	TRUE
1124	37286.6550423455	5204.75215800618	TRUE	TRUE	TRUE
1125	36578.8469044667	5748.01578785679	TRUE	TRUE	TRUE
1126	37008.5487199164	5326.87609559929	TRUE	TRUE	TRUE
1127	38949.0152372315	5377.06183536564	TRUE	TRUE	TRUE
1128	38696.1477818945	4973.06373235192	TRUE	TRUE	TRUE
1129	35954.1929816508	5966.04193567015	TRUE	TRUE	TRUE
1130	38512.6862664031	5211.92403301334	TRUE	TRUE	TRUE
1131	40350.9259950401	4592.31151451428	TRUE	TRUE	TRUE
1132	34706.694093932	6958.16959859394	TRUE	TRUE	TRUE
1133	34058.9493417969	6559.43595484976	TRUE	TRUE	TRUE
1134	34849.3716905179	6206.81755935077	TRUE	TRUE	TRUE
1135	34776.7138766836	6408.56015446679	TRUE	TRUE	TRUE
1136	38687.4952742092	5644.76838808247	TRUE	TRUE	TRUE
1137	36167.4829065485	5725.41326610466	TRUE	TRUE	TRUE
1138	39596.8698756198	4790.96793736824	TRUE	TRUE	TRUE
1139	36152.40810845	5876.80220605141	TRUE	TRUE	TRUE
1140	36700.0850624337	5472.56728164565	TRUE	TRUE	TRUE
1141	39551.0056306663	4692.49037670032	TRUE	TRUE	TRUE
1142	37774.0481868474	5134.82959751242	TRUE	TRUE	TRUE
1143	39334.5366782366	4889.36094371779	TRUE	TRUE	TRUE
1144	38668.9023372117	4947.7992564205	TRUE	TRUE	TRUE
1145	38292.1173860785	6000.92035703965	TRUE	TRUE	TRUE
1146	38119.3168886271	5057.14705741371	TRUE	TRUE	TRUE
1147	38431.2675877621	6632.32919505151	TRUE	TRUE	TRUE
1148	38967.4756892464	5159.73043540627	TRUE	TRUE	TRUE
1149	36286.2605622424	6585.43695324976	TRUE	TRUE	TRUE
1150	33294.2495439531	8115.36543798804	TRUE	TRUE	TRUE
1151	41250.7622214568	4345.01646960314	TRUE	FALSE	TRUE
1152	37784.2206193173	6101.66586951352	TRUE	TRUE	TRUE
1153	30087.2265635266	7969.2488708016	TRUE	TRUE	TRUE
1154	35976.351492736	5726.50542433534	TRUE	TRUE	TRUE
1155	35482.8493323487	6398.26279760001	TRUE	TRUE	TRUE
1156	37533.205064995	6094.52104121157	TRUE	TRUE	TRUE
1157	35923.4483526457	5876.72267599935	TRUE	TRUE	TRUE
1158	39513.7061176783	4693.85797171882	TRUE	TRUE	TRUE
1159	37450.2503612707	5954.0471844257	TRUE	TRUE	TRUE
1160	36486.7320000869	5965.47827233581	TRUE	TRUE	TRUE
1161	34394.5304293888	8663.79204110699	TRUE	TRUE	TRUE
1162	37978.3232812763	5265.9975862077	TRUE	TRUE	TRUE
1163	35807.2823201073	8193.99198261763	TRUE	TRUE	TRUE
1164	39826.0061353216	4612.53498675688	TRUE	TRUE	TRUE
1165	34753.4832689667	7070.48294092879	TRUE	TRUE	TRUE
1166	38734.4867299606	4946.12043843759	TRUE	TRUE	TRUE
1167	36058.9441266709	5902.59419734417	TRUE	TRUE	TRUE
1168	37970.4457900894	5023.33071982074	TRUE	TRUE	TRUE
1169	39022.7954213643	5181.09025281476	TRUE	TRUE	TRUE
1170	35680.0707569	6481.91355415281	TRUE	TRUE	TRUE
1171	39728.1726865909	5095.8641277667	TRUE	TRUE	TRUE
1172	38170.3936960009	4964.68396229701	TRUE	TRUE	TRUE
1173	33576.5730117725	6932.70864574541	TRUE	TRUE	TRUE
1174	39480.9053036319	4726.50335292097	TRUE	TRUE	TRUE
1175	38709.9311581143	4874.77289203324	TRUE	TRUE	TRUE
1176	37406.2283763635	5242.56634088827	TRUE	TRUE	TRUE
1177	39179.4894155767	5073.09684833983	TRUE	TRUE	TRUE
1178	39261.388607754	4872.54978804741	TRUE	TRUE	TRUE
1179	37777.1592316514	5680.28116231058	TRUE	TRUE	TRUE
1180	36801.743560315	5957.24089149028	TRUE	TRUE	TRUE
1181	36122.3406636641	5735.63306604234	TRUE	TRUE	TRUE
1182	40725.8167042407	4801.83361533205	TRUE	TRUE	TRUE
1183	33351.1010404587	7267.80909994972	TRUE	TRUE	TRUE
1184	38690.6777026968	4991.48368172697	TRUE	TRUE	TRUE
1185	35839.0296680476	6505.12805708937	TRUE	TRUE	TRUE
1186	36229.772554938	6087.63192380386	TRUE	TRUE	TRUE
1187	37323.784823242	5371.39543993687	TRUE	TRUE	TRUE
1188	39760.9292861503	4842.71720019221	TRUE	TRUE	TRUE
1189	35104.1887894271	7224.74550487535	TRUE	TRUE	TRUE
1190	37827.4819911974	5563.39568713112	TRUE	TRUE	TRUE
1191	36158.1781556302	5948.15825385218	TRUE	TRUE	TRUE
1192	37704.5304611668	5265.76604766025	TRUE	TRUE	TRUE
1193	36723.6866405542	5748.28253345088	TRUE	TRUE	TRUE
1194	36681.6426472432	5861.48523745887	TRUE	TRUE	TRUE
1195	35556.0454709088	5797.37687594002	TRUE	TRUE	TRUE
1196	38781.9671576357	4845.92138239285	TRUE	TRUE	TRUE
1197	40112.1590894947	4482.079141815	TRUE	FALSE	TRUE
1198	35772.4176799644	7033.04116767902	TRUE	TRUE	TRUE
1199	38666.0897024504	4831.86417426488	TRUE	TRUE	TRUE
1200	36632.7141880905	5764.45013612092	TRUE	TRUE	TRUE
1201	36776.8012803922	7076.00502559162	TRUE	TRUE	TRUE
1202	39274.1697219065	4950.62690665322	TRUE	TRUE	TRUE
1203	31694.8244615816	7848.48604705533	TRUE	TRUE	TRUE
1204	38284.0395152742	6172.00949488345	TRUE	TRUE	TRUE
1205	36544.6098250796	5672.32875695979	TRUE	TRUE	TRUE
1206	39769.6507946752	4991.11186263211	TRUE	TRUE	TRUE
1207	35587.5766472845	5639.40296755836	TRUE	TRUE	TRUE
1208	37648.4614641226	5300.46408790478	TRUE	TRUE	TRUE
1209	39645.2280480538	4765.92825969655	TRUE	TRUE	TRUE
1210	38860.0459974238	5744.13170804198	TRUE	TRUE	TRUE
1211	38224.9435690973	5221.37102602936	TRUE	TRUE	TRUE
1212	35826.1409268781	6216.83332599963	TRUE	TRUE	TRUE
1213	38058.9542718565	5154.19223419176	TRUE	TRUE	TRUE
1214	37314.6941840486	5760.71237585764	TRUE	TRUE	TRUE
1215	38804.3559141211	4912.86747619155	TRUE	TRUE	TRUE
1216	37527.3464093001	5160.92019769335	TRUE	TRUE	TRUE
1217	38639.3309847768	5104.30158606894	TRUE	TRUE	TRUE
1218	37676.4835096322	5273.38773256405	TRUE	TRUE	TRUE
1219	37544.1089726167	5502.64137836156	TRUE	TRUE	TRUE
1220	37540.8356633366	5139.65012894343	TRUE	TRUE	TRUE
1221	36162.1865887099	6388.96407267602	TRUE	TRUE	TRUE
1222	38670.1512631393	5009.09953048273	TRUE	TRUE	TRUE
1223	36004.5302112992	7042.62521347061	TRUE	TRUE	TRUE
1224	37490.7209066486	7051.37929997951	TRUE	TRUE	TRUE
1225	39105.1861901112	4988.61865034893	TRUE	TRUE	TRUE
1226	39199.2508861314	4875.44568783649	TRUE	TRUE	TRUE
1227	37164.9519548337	5580.6437964141	TRUE	TRUE	TRUE
1228	39512.9981554322	4996.67907380309	TRUE	TRUE	TRUE
1229	37776.4508157261	5613.83755058115	TRUE	TRUE	TRUE
1230	36708.1089181592	5885.21169460675	TRUE	TRUE	TRUE
1231	34745.9936559461	6258.6502905618	TRUE	TRUE	TRUE
1232	39836.8329877407	4637.08219824387	TRUE	TRUE	TRUE
1233	33339.0989090285	7038.29910471232	TRUE	TRUE	TRUE
1234	40009.3499270596	4555.15303344788	TRUE	FALSE	TRUE
1235	39314.0905971189	4842.16485659752	TRUE	TRUE	TRUE
1236	34570.3689454562	6850.76602522744	TRUE	TRUE	TRUE
1237	36282.4940133572	5747.98151601307	TRUE	TRUE	TRUE
1238	35564.2328417277	5895.15819416515	TRUE	TRUE	TRUE
1239	34823.7321743534	7543.30694125792	TRUE	TRUE	TRUE
1240	37416.3047855426	5906.68080058214	TRUE	TRUE	TRUE
1241	38378.6124543085	4958.33356787828	TRUE	TRUE	TRUE
1242	38363.8863966818	4832.81366189485	TRUE	TRUE	TRUE
1243	37302.9032762468	5856.13401760136	TRUE	TRUE	TRUE
1244	34294.7450480373	6675.60893441444	TRUE	TRUE	TRUE
1245	38069.9540376544	5105.96752996043	TRUE	TRUE	TRUE
1246	39142.0551573292	5111.91457051481	TRUE	TRUE	TRUE
1247	34532.1588907409	7072.58221258442	TRUE	TRUE	TRUE
1248	34710.0609164981	6791.1412795318	TRUE	TRUE	TRUE
1249	38932.6439445086	5291.69354032779	TRUE	TRUE	TRUE
1250	40687.2523969046	4610.25460972993	TRUE	TRUE	TRUE
1251	39553.1788612028	4819.9943435553	TRUE	TRUE	TRUE
1252	39058.1248178418	5005.47401772105	TRUE	TRUE	TRUE
1253	35519.5357323146	6073.34275585132	TRUE	TRUE	TRUE
1254	37585.9475601061	5432.42818787782	TRUE	TRUE	TRUE
1255	40043.347515574	4625.78685127759	TRUE	TRUE	TRUE
1256	35756.9370635551	5792.69601346677	TRUE	TRUE	TRUE
1257	41087.3517020499	4716.9643593131	TRUE	TRUE	TRUE
1258	38274.9909022602	4999.47342772516	TRUE	TRUE	TRUE
1259	37700.3915892567	5234.31764274599	TRUE	TRUE	TRUE
1260	39677.0784349208	4878.57890983671	TRUE	TRUE	TRUE
1261	38410.8205066196	5295.38831533553	TRUE	TRUE	TRUE
1262	36614.5827862582	5855.00448450964	TRUE	TRUE	TRUE
1263	38600.1813196258	5270.19299973322	TRUE	TRUE	TRUE
1264	36823.133012704	5497.17990844395	TRUE	TRUE	TRUE
1265	38576.1646549628	5256.1582654955	TRUE	TRUE	TRUE
1266	40202.1216614126	4531.78023159558	TRUE	FALSE	TRUE
1267	37191.846984295	5351.8102829727	TRUE	TRUE	TRUE
1268	34821.7791020235	6415.53353407852	TRUE	TRUE	TRUE
1269	40639.2584391774	4426.40620957598	TRUE	FALSE	TRUE
1270	36398.8766305544	5903.8199399241	TRUE	TRUE	TRUE
1271	36585.3117458847	6245.24276565485	TRUE	TRUE	TRUE
1272	37109.8245213458	5664.11208363722	TRUE	TRUE	TRUE
1273	37264.2631667739	5424.61284306013	TRUE	TRUE	TRUE
1274	38210.4706600899	4876.20852447188	TRUE	TRUE	TRUE
1275	38269.6033470374	5647.80380190922	TRUE	TRUE	TRUE
1276	38991.3899916111	4884.84838890363	TRUE	TRUE	TRUE
1277	39769.2504124585	4780.00848239658	TRUE	TRUE	TRUE
1278	37843.0686969514	5245.37736981136	TRUE	TRUE	TRUE
1279	35277.0133399626	6819.76364947429	TRUE	TRUE	TRUE
1280	37784.9592747181	5395.74530928924	TRUE	TRUE	TRUE
1281	37811.1940166675	5434.70333736633	TRUE	TRUE	TRUE
1282	36308.0737291076	6147.44291042669	TRUE	TRUE	TRUE
1283	40778.4243892839	4654.54740944629	TRUE	TRUE	TRUE
1284	38317.7983456644	4805.15947768402	TRUE	TRUE	TRUE
1285	33772.813236046	7247.52615308144	TRUE	TRUE	TRUE
1286	38386.6286873066	6487.7269764076	TRUE	TRUE	TRUE
1287	36997.6061249592	5672.9164673804	TRUE	TRUE	TRUE
1288	36038.2324233743	5748.75300356918	TRUE	TRUE	TRUE
1289	38569.1813983695	5150.45127380324	TRUE	TRUE	TRUE
1290	36974.7808274308	5591.16676291577	TRUE	TRUE	TRUE
1291	38381.5048467393	5042.30227179192	TRUE	TRUE	TRUE
1292	34167.4060930468	6498.6066087322	TRUE	TRUE	TRUE
1293	36996.9952460382	5617.0812793504	TRUE	TRUE	TRUE
1294	37290.9707318267	5432.46685601421	TRUE	TRUE	TRUE
1295	37511.8337468141	5543.89975051092	TRUE	TRUE	TRUE
1296	36631.7358186119	5941.09570756905	TRUE	TRUE	TRUE
1297	40413.4358102857	5006.89336142587	TRUE	TRUE	TRUE
1298	34400.6260667154	6577.88076378982	TRUE	TRUE	TRUE
1299	35773.9572403068	6664.29569019393	TRUE	TRUE	TRUE
1300	38114.8120045819	5345.91090171376	TRUE	TRUE	TRUE
1301	37789.5422547486	5029.96481047794	TRUE	TRUE	TRUE
1302	37994.3784707077	6157.83441990946	TRUE	TRUE	TRUE
1303	36174.6380176613	6646.22148813988	TRUE	TRUE	TRUE
1304	35765.2211608683	6497.34708082317	TRUE	TRUE	TRUE
1305	38752.1475220958	5095.72510558333	TRUE	TRUE	TRUE
1306	36192.3997381912	7365.30418306471	TRUE	TRUE	TRUE
1307	39496.6082067946	4836.8200883443	TRUE	TRUE	TRUE
1308	36597.2012371558	6646.40487849377	TRUE	TRUE	TRUE
1309	32485.008139394	7262.10921173549	TRUE	TRUE	TRUE
1310	37358.7612557184	5379.95592273271	TRUE	TRUE	TRUE
1311	36786.4266590827	5554.22983943183	TRUE	TRUE	TRUE
1312	41391.4833860535	4379.85336402115	TRUE	FALSE	TRUE
1313	36387.5576435057	5886.91082650459	TRUE	TRUE	TRUE
1314	34281.5803330091	7284.99942306107	TRUE	TRUE	TRUE
1315	36988.0817043705	5627.05950154802	TRUE	TRUE	TRUE
1316	35938.3858142945	5811.49926576619	TRUE	TRUE	TRUE
1317	36678.7213003142	6144.15104067042	TRUE	TRUE	TRUE
1318	35638.0224121713	6097.63042586104	TRUE	TRUE	TRUE
1319	38971.508861419	5034.75598720073	TRUE	TRUE	TRUE
1320	39468.772623824	4901.24227591469	TRUE	TRUE	TRUE
1321	35304.187079887	6172.17583759799	TRUE	TRUE	TRUE
1322	37508.8305421028	6014.10110396991	TRUE	TRUE	TRUE
1323	36722.3291103985	5725.52167752813	TRUE	TRUE	TRUE
1324	37098.9604889895	6306.53294087941	TRUE	TRUE	TRUE
1325	37438.7439935058	5515.68183193252	TRUE	TRUE	TRUE
1326	36906.8484464525	5446.1666379492	TRUE	TRUE	TRUE
1327	40593.8598298937	4477.56879651636	TRUE	FALSE	TRUE
1328	36491.1146438709	6158.68219390024	TRUE	TRUE	TRUE
1329	38762.8924164344	5010.45841522451	TRUE	TRUE	TRUE
1330	37392.4739834068	5368.34374384571	TRUE	TRUE	TRUE
1331	34637.7279561547	6428.95671635225	TRUE	TRUE	TRUE
1332	37849.2710816645	5482.9723617571	TRUE	TRUE	TRUE
1333	38089.1680640683	5088.04390361803	TRUE	TRUE	TRUE
1334	33125.509089365	7000.20825974043	TRUE	TRUE	TRUE
1335	38246.9370523612	5333.44482168527	TRUE	TRUE	TRUE
1336	31451.0440184457	8476.17341419568	TRUE	TRUE	TRUE
1337	39134.7234628797	5199.49523752222	TRUE	TRUE	TRUE
1338	40700.1394265992	4434.92784573159	TRUE	FALSE	TRUE
1339	37566.8375218454	5610.51500424497	TRUE	TRUE	TRUE
1340	39852.088655105	4506.89768744389	TRUE	FALSE	TRUE
1341	36246.1999388399	6192.58408591176	TRUE	TRUE	TRUE
1342	36438.0683356521	5315.85629559742	TRUE	TRUE	TRUE
1343	35971.4132225936	5602.82515081587	TRUE	TRUE	TRUE
1344	40543.4889917417	4579.47691748741	TRUE	FALSE	TRUE
1345	38783.0406344185	5416.23582517513	TRUE	TRUE	TRUE
1346	37918.6460470322	5197.00872563419	TRUE	TRUE	TRUE
1347	35499.0158775371	6134.3755415943	TRUE	TRUE	TRUE
1348	35633.7229854712	6020.90751108026	TRUE	TRUE	TRUE
1349	36913.5824915217	5401.68279867441	TRUE	TRUE	TRUE
1350	39633.3376200092	4810.54030416737	TRUE	TRUE	TRUE
1351	38899.5782380474	5021.90596042544	TRUE	TRUE	TRUE
1352	38397.094609312	5035.64921437824	TRUE	TRUE	TRUE
1353	34215.6146495077	6886.50461552928	TRUE	TRUE	TRUE
1354	37407.0706806221	5548.7499434745	TRUE	TRUE	TRUE
1355	38661.6821576579	6346.7279011674	TRUE	TRUE	TRUE
1356	39565.3320171284	4914.1936954765	TRUE	TRUE	TRUE
1357	39102.6756225629	4987.66054237175	TRUE	TRUE	TRUE
1358	38504.1679289558	5250.8301228201	TRUE	TRUE	TRUE
1359	39086.6163814525	4739.8631937774	TRUE	TRUE	TRUE
1360	39192.2426239447	4963.69108032296	TRUE	TRUE	TRUE
1361	41630.1835140705	4627.23273679922	FALSE	TRUE	TRUE
1362	36882.5433398372	5846.72115769533	TRUE	TRUE	TRUE
1363	38926.0344809709	4773.07750853267	TRUE	TRUE	TRUE
1364	37813.2355304726	5005.37343387679	TRUE	TRUE	TRUE
1365	34737.2179054381	6750.76578766878	TRUE	TRUE	TRUE
1366	36413.9052649779	5594.5063244335	TRUE	TRUE	TRUE
1367	36984.3159299912	5652.9372098077	TRUE	TRUE	TRUE
1368	36716.9824189057	6754.31719924668	TRUE	TRUE	TRUE
1369	38315.4606739839	5400.38872517366	TRUE	TRUE	TRUE
1370	31184.0763595478	8402.66200261818	TRUE	TRUE	TRUE
1371	39893.0946302895	5388.41107980829	TRUE	TRUE	TRUE
1372	39359.1946728309	5403.31638017634	TRUE	TRUE	TRUE
1373	38457.9766881978	5416.67190890903	TRUE	TRUE	TRUE
1374	39262.2046690989	4769.14856811577	TRUE	TRUE	TRUE
1375	37999.9936018597	5427.08653674139	TRUE	TRUE	TRUE
1376	37668.9410164201	5819.10921066725	TRUE	TRUE	TRUE
1377	38484.9579401592	4854.14758907847	TRUE	TRUE	TRUE
1378	38613.4167735374	4961.43338648145	TRUE	TRUE	TRUE
1379	37871.4660295934	5301.09530903361	TRUE	TRUE	TRUE
1380	37198.1509367766	5346.61642537557	TRUE	TRUE	TRUE
1381	34757.4068815922	6879.74050393435	TRUE	TRUE	TRUE
1382	38919.0151518574	5213.94058104502	TRUE	TRUE	TRUE
1383	38287.9664256837	5549.63642595439	TRUE	TRUE	TRUE
1384	37751.4386370574	5554.53997778376	TRUE	TRUE	TRUE
1385	36032.5892587069	6315.76679791064	TRUE	TRUE	TRUE
1386	35770.6072177882	6204.45965093204	TRUE	TRUE	TRUE
1387	37249.7284188379	5473.69029158264	TRUE	TRUE	TRUE
1388	38811.7175762617	4732.3434684277	TRUE	TRUE	TRUE
1389	36282.5122622962	5906.36786329422	TRUE	TRUE	TRUE
1390	30781.5050415255	8450.05476377375	TRUE	TRUE	TRUE
1391	36928.6581152874	5805.75164691371	TRUE	TRUE	TRUE
1392	36842.491668389	5532.74996541693	TRUE	TRUE	TRUE
1393	37183.3010847605	5205.72823428596	TRUE	TRUE	TRUE
1394	37944.2986426355	5556.10630210992	TRUE	TRUE	TRUE
1395	39076.0354658814	4997.66254837727	TRUE	TRUE	TRUE
1396	39927.1947531632	4512.00793854913	TRUE	FALSE	TRUE
1397	39510.1991252121	5084.85297440586	TRUE	TRUE	TRUE
1398	41846.23708852	4183.93139895745	FALSE	FALSE	TRUE
1399	35487.5869045447	6266.31907579253	TRUE	TRUE	TRUE
1400	38993.8601358709	5185.42391659177	TRUE	TRUE	TRUE
1401	37525.6265919639	5909.80440405794	TRUE	TRUE	TRUE
1402	38632.4940756591	5321.43989761393	TRUE	TRUE	TRUE
1403	37391.9703106019	5372.12277276699	TRUE	TRUE	TRUE
1404	36800.441961007	6134.76783688872	TRUE	TRUE	TRUE
1405	38421.9683030097	5173.86314265789	TRUE	TRUE	TRUE
1406	38764.4719937	5155.6968349835	TRUE	TRUE	TRUE
1407	40488.9962780201	4526.87903515382	TRUE	FALSE	TRUE
1408	40586.5060140303	4836.7730729298	TRUE	TRUE	TRUE
1409	37797.0293472861	5399.68632985713	TRUE	TRUE	TRUE
1410	37597.5783263282	5335.61942587643	TRUE	TRUE	TRUE
1411	37689.0507944348	5690.40564578997	TRUE	TRUE	TRUE
1412	36787.8619931161	5740.45367174962	TRUE	TRUE	TRUE
1413	33853.3411958731	7112.93501780147	TRUE	TRUE	TRUE
1414	36500.5530971148	5966.77244078985	TRUE	TRUE	TRUE
1415	34457.1886359658	6963.13150703232	TRUE	TRUE	TRUE
1416	37617.7650628698	5202.79693261945	TRUE	TRUE	TRUE
1417	39591.7260433012	4649.84421697705	TRUE	TRUE	TRUE
1418	40117.5259015681	4518.79115334963	TRUE	FALSE	TRUE
1419	36877.7300212458	5456.35222027685	TRUE	TRUE	TRUE
1420	37902.8604782974	5579.16105456193	TRUE	TRUE	TRUE
1421	33927.9008286771	7314.1038392908	TRUE	TRUE	TRUE
1422	35346.7236795904	6353.59868465761	TRUE	TRUE	TRUE
1423	39829.5240162421	4811.03509680603	TRUE	TRUE	TRUE
1424	35318.9874721524	6171.52841959	TRUE	TRUE	TRUE
1425	36869.5795492886	5414.09978174536	TRUE	TRUE	TRUE
1426	39300.4767857045	4782.2799219264	TRUE	TRUE	TRUE
1427	38061.5900346679	5436.11883692362	TRUE	TRUE	TRUE
1428	33850.289119757	7510.94577174877	TRUE	TRUE	TRUE
1429	40897.6828092258	4738.83598805401	TRUE	TRUE	TRUE
1430	37738.4656791043	5184.23286487406	TRUE	TRUE	TRUE
1431	35853.1679476661	6514.26582932146	TRUE	TRUE	TRUE
1432	36214.1154787146	6541.70151081104	TRUE	TRUE	TRUE
1433	37910.9669582695	5896.80064782729	TRUE	TRUE	TRUE
1434	41884.0106618332	3927.05586817369	FALSE	FALSE	TRUE
1435	36229.2343874202	5929.26915858602	TRUE	TRUE	TRUE
1436	38654.4355215521	5117.17811678933	TRUE	TRUE	TRUE
1437	36451.3727304501	5861.92262038927	TRUE	TRUE	TRUE
1438	33338.2850921917	7460.52179662156	TRUE	TRUE	TRUE
1439	41062.6361966957	4797.01822738661	TRUE	TRUE	TRUE
1440	39247.507584347	4840.31761838564	TRUE	TRUE	TRUE
1441	37874.7104884442	5431.5475896925	TRUE	TRUE	TRUE
1442	40068.6671335415	4877.90077947951	TRUE	TRUE	TRUE
1443	35741.0958203369	6037.26201691356	TRUE	TRUE	TRUE
1444	38889.4606770471	5007.50059237221	TRUE	TRUE	TRUE
1445	37022.8816602439	5563.76693437362	TRUE	TRUE	TRUE
1446	38885.5902762695	4697.13174453269	TRUE	TRUE	TRUE
1447	37768.2105703909	5666.65805009925	TRUE	TRUE	TRUE
1448	37095.2174623045	5549.49046671105	TRUE	TRUE	TRUE
1449	39343.5883359732	5395.3156225502	TRUE	TRUE	TRUE
1450	30623.8134498149	9605.9611925251	TRUE	TRUE	TRUE
1451	35457.924496818	6032.41895248791	TRUE	TRUE	TRUE
1452	38816.2649516224	4744.81773233526	TRUE	TRUE	TRUE
1453	36808.3014767994	5464.85048563715	TRUE	TRUE	TRUE
1454	38904.9411463555	5222.57759872871	TRUE	TRUE	TRUE
1455	37750.4184923485	5810.08659946027	TRUE	TRUE	TRUE
1456	38724.9740587166	6598.09643706732	TRUE	TRUE	TRUE
1457	39337.9966790787	5396.76710379767	TRUE	TRUE	TRUE
1458	42691.6685184148	3934.12900365922	FALSE	FALSE	TRUE
1459	38432.0016147833	5290.25547598427	TRUE	TRUE	TRUE
1460	38428.1047516331	5060.01688931582	TRUE	TRUE	TRUE
1461	38163.9429757848	5416.97791360238	TRUE	TRUE	TRUE
1462	37661.7425423796	5600.95960733977	TRUE	TRUE	TRUE
1463	38056.9764697559	5257.75237960603	TRUE	TRUE	TRUE
1464	39854.5535838901	4441.02681598472	TRUE	FALSE	TRUE
1465	38920.0017711138	5684.2757394601	TRUE	TRUE	TRUE
1466	35339.1718020304	7828.21285331874	TRUE	TRUE	TRUE
1467	38288.8235733213	5457.63470121984	TRUE	TRUE	TRUE
1468	40603.1825672003	4594.64095066934	TRUE	TRUE	TRUE
1469	41974.5580849104	4435.57908287045	FALSE	FALSE	TRUE
1470	39825.1189112362	5129.74298732466	TRUE	TRUE	TRUE
1471	36820.9653261532	5590.07119528167	TRUE	TRUE	TRUE
1472	41479.1146084557	4558.44419697337	TRUE	FALSE	TRUE
1473	36803.1211581445	5675.71202302894	TRUE	TRUE	TRUE
1474	38588.0988352824	4894.49852320045	TRUE	TRUE	TRUE
1475	39628.546534012	4715.22880980815	TRUE	TRUE	TRUE
1476	35630.1006053373	5720.03555265636	TRUE	TRUE	TRUE
1477	36172.7472749392	5818.26147907311	TRUE	TRUE	TRUE
1478	39887.9675298857	4726.59491243472	TRUE	TRUE	TRUE
1479	37194.5560854855	6795.72991435679	TRUE	TRUE	TRUE
1480	37418.1333165039	5281.71818230922	TRUE	TRUE	TRUE
1481	38210.9702369984	5206.605454428	TRUE	TRUE	TRUE
1482	37386.5537535041	5373.68890824658	TRUE	TRUE	TRUE
1483	35770.2583705675	6505.34394843074	TRUE	TRUE	TRUE
1484	36879.8169473183	5529.94171709862	TRUE	TRUE	TRUE
1485	36523.5395017865	6062.78892850121	TRUE	TRUE	TRUE
1486	34762.504893582	6186.23889499613	TRUE	TRUE	TRUE
1487	39088.4612757426	5252.35680210044	TRUE	TRUE	TRUE
1488	37619.100779	4959.47993386894	TRUE	TRUE	TRUE
1489	37344.1518431391	5213.31837171022	TRUE	TRUE	TRUE
1490	36095.8692980999	5787.29493973622	TRUE	TRUE	TRUE
1491	37193.6014551705	6241.36252551575	TRUE	TRUE	TRUE
1492	33610.5076609887	7489.57874784217	TRUE	TRUE	TRUE
1493	37946.3366162006	5131.88067329813	TRUE	TRUE	TRUE
1494	36952.4026901094	5503.25434154369	TRUE	TRUE	TRUE
1495	38885.02393396	4711.54956967716	TRUE	TRUE	TRUE
1496	35890.6075854797	5630.05758230184	TRUE	TRUE	TRUE
1497	38217.820890092	5109.3572962745	TRUE	TRUE	TRUE
1498	39349.1626218285	4802.07037888734	TRUE	TRUE	TRUE
1499	35818.5853859341	6185.91498616044	TRUE	TRUE	TRUE
1500	38548.4951974753	5056.50480010823	TRUE	TRUE	TRUE
1501	38432.6081612276	5386.69512897742	TRUE	TRUE	TRUE
1502	38450.8790181817	4926.48335654002	TRUE	TRUE	TRUE
1503	35988.8959121522	5786.63783048239	TRUE	TRUE	TRUE
1504	36132.4722499619	6520.764319914	TRUE	TRUE	TRUE
1505	39279.7982165726	4954.33624883753	TRUE	TRUE	TRUE
1506	39088.1411014343	4966.92922852388	TRUE	TRUE	TRUE
1507	37498.3710264073	5368.89505021112	TRUE	TRUE	TRUE
1508	41953.0772812195	4275.77395271205	FALSE	FALSE	TRUE
1509	35854.7435578811	6466.48472008918	TRUE	TRUE	TRUE
1510	35678.6432686853	5943.77626693363	TRUE	TRUE	TRUE
1511	29785.8905646182	9122.18831467364	TRUE	TRUE	TRUE
1512	33813.5161499341	7413.46735529866	TRUE	TRUE	TRUE
1513	37814.6470002257	5553.14302328712	TRUE	TRUE	TRUE
1514	34882.9219089575	6717.77408515018	TRUE	TRUE	TRUE
1515	34439.1832752068	6523.39473805393	TRUE	TRUE	TRUE
1516	39458.9799967333	4860.32586018864	TRUE	TRUE	TRUE
1517	36651.4034947072	5394.21072005016	TRUE	TRUE	TRUE
1518	37029.8544203787	5447.82617473109	TRUE	TRUE	TRUE
1519	39329.0455940238	5023.69524007596	TRUE	TRUE	TRUE
1520	37166.2691162703	5523.76595598046	TRUE	TRUE	TRUE
1521	35619.1368774306	6021.29495110401	TRUE	TRUE	TRUE
1522	43520.1067848438	3911.07749956962	FALSE	FALSE	TRUE
1523	36424.5981544635	5466.35126265489	TRUE	TRUE	TRUE
1524	37345.0426958743	5244.64682392749	TRUE	TRUE	TRUE
1525	35909.6442632613	6607.0116912969	TRUE	TRUE	TRUE
1526	37115.2321371915	5512.28383130927	TRUE	TRUE	TRUE
1527	37925.2899515427	5988.79375331126	TRUE	TRUE	TRUE
1528	37281.0167633856	5852.09801833609	TRUE	TRUE	TRUE
1529	39544.3684321237	4987.16579743989	TRUE	TRUE	TRUE
1530	37101.3248944543	5854.04317763946	TRUE	TRUE	TRUE
1531	36994.2031900779	6371.64886631446	TRUE	TRUE	TRUE
1532	38227.4958503271	5054.56676079237	TRUE	TRUE	TRUE
1533	38961.6814426544	6217.29770214708	TRUE	TRUE	TRUE
1534	36179.2784571365	6501.13362332194	TRUE	TRUE	TRUE
1535	36872.7083858474	5953.54879870055	TRUE	TRUE	TRUE
1536	39208.873722875	4577.62690937235	TRUE	FALSE	TRUE
1537	37817.6703753757	5843.03124895661	TRUE	TRUE	TRUE
1538	37020.1028891496	5917.78059836442	TRUE	TRUE	TRUE
1539	38339.1860307373	6335.60323960074	TRUE	TRUE	TRUE
1540	37694.8069684812	5744.2764158316	TRUE	TRUE	TRUE
1541	36735.7545091604	5618.71534336382	TRUE	TRUE	TRUE
1542	39240.8009792054	5474.39762970386	TRUE	TRUE	TRUE
1543	38975.5429178719	5201.45089543725	TRUE	TRUE	TRUE
1544	36366.2859790076	5568.73220231649	TRUE	TRUE	TRUE
1545	34764.1352899758	6975.80233646393	TRUE	TRUE	TRUE
1546	41539.0906418395	4491.20630829543	TRUE	FALSE	TRUE
1547	40927.0408046648	4464.16102718483	TRUE	FALSE	TRUE
1548	38066.0272046016	5170.35978963334	TRUE	TRUE	TRUE
1549	38284.5272853896	5050.55720592913	TRUE	TRUE	TRUE
1550	35745.0185870589	5735.01220626486	TRUE	TRUE	TRUE
1551	38810.7432276267	4849.28461968256	TRUE	TRUE	TRUE
1552	32596.5570302479	8756.61503256601	TRUE	TRUE	TRUE
1553	35038.8955258062	5941.01166542129	TRUE	TRUE	TRUE
1554	36125.5314361141	6316.83602523331	TRUE	TRUE	TRUE
1555	39483.5131345648	4767.43318506626	TRUE	TRUE	TRUE
1556	38716.4197219139	4983.20158247836	TRUE	TRUE	TRUE
1557	37057.2744001266	6214.01319939867	TRUE	TRUE	TRUE
1558	37590.0959760723	6017.0254658923	TRUE	TRUE	TRUE
1559	38048.0349039521	5160.76114805264	TRUE	TRUE	TRUE
1560	36112.3201888447	5770.69275005621	TRUE	TRUE	TRUE
1561	36559.6358303042	5836.39477348811	TRUE	TRUE	TRUE
1562	36740.1984365822	5813.28228551501	TRUE	TRUE	TRUE
1563	38220.1816527637	4863.75128483553	TRUE	TRUE	TRUE
1564	38783.5454403181	5384.47704986754	TRUE	TRUE	TRUE
1565	36738.698531344	5387.16731407764	TRUE	TRUE	TRUE
1566	38649.3546844985	4754.59038616114	TRUE	TRUE	TRUE
1567	38403.6913785667	5442.02501187396	TRUE	TRUE	TRUE
1568	37570.6458297727	5417.78896394108	TRUE	TRUE	TRUE
1569	38884.7476011988	5132.99320053161	TRUE	TRUE	TRUE
1570	38686.177429068	4956.99251715016	TRUE	TRUE	TRUE
1571	39376.5327587122	4780.88803682095	TRUE	TRUE	TRUE
1572	36263.9766541273	6117.36773717556	TRUE	TRUE	TRUE
1573	36541.340584157	5755.66229290259	TRUE	TRUE	TRUE
1574	36120.5923131064	6736.62763532716	TRUE	TRUE	TRUE
1575	38170.9931944304	5129.43166610487	TRUE	TRUE	TRUE
1576	34106.1380772594	7019.97702518023	TRUE	TRUE	TRUE
1577	40241.599872022	4590.5237439743	TRUE	TRUE	TRUE
1578	38749.3419516248	5071.94377878805	TRUE	TRUE	TRUE
1579	39763.8214477698	4659.08232236342	TRUE	TRUE	TRUE
1580	37872.1555973811	5214.10615590041	TRUE	TRUE	TRUE
1581	37411.1518174128	5462.57849175574	TRUE	TRUE	TRUE
1582	39117.4874408975	5260.41886849754	TRUE	TRUE	TRUE
1583	36752.8232435226	5494.28173053448	TRUE	TRUE	TRUE
1584	35712.864877388	6101.47656954789	TRUE	TRUE	TRUE
1585	36126.1790957116	6023.11388799148	TRUE	TRUE	TRUE
1586	40093.2260331802	4991.07124388919	TRUE	TRUE	TRUE
1587	37404.0976253187	5626.36684659115	TRUE	TRUE	TRUE
1588	36393.893236767	6040.51548609243	TRUE	TRUE	TRUE
1589	39481.0431797328	4824.31922235178	TRUE	TRUE	TRUE
1590	34396.7808413277	7397.81285210235	TRUE	TRUE	TRUE
1591	38213.0828798295	5427.98836090115	TRUE	TRUE	TRUE
1592	39046.1846860629	4826.67321337202	TRUE	TRUE	TRUE
1593	37958.8508830686	5262.37020628796	TRUE	TRUE	TRUE
1594	39473.0030918432	5092.50450117363	TRUE	TRUE	TRUE
1595	36260.3518767216	5751.26563416724	TRUE	TRUE	TRUE
1596	39346.1010349759	4868.9322055731	TRUE	TRUE	TRUE
1597	39725.84512117	4826.91962887357	TRUE	TRUE	TRUE
1598	35977.1163987021	6231.87922111498	TRUE	TRUE	TRUE
1599	39291.0133167765	5360.64054023753	TRUE	TRUE	TRUE
1600	38432.863650199	4832.06658572422	TRUE	TRUE	TRUE
1601	41076.2306682268	4402.19589446326	TRUE	FALSE	TRUE
1602	36827.6137653293	6242.82904904543	TRUE	TRUE	TRUE
1603	38952.1279879329	4847.10703655459	TRUE	TRUE	TRUE
1604	37439.8170716819	5256.08227235607	TRUE	TRUE	TRUE
1605	38605.069219491	5576.06037974969	TRUE	TRUE	TRUE
1606	39397.0641133621	4654.5250999233	TRUE	TRUE	TRUE
1607	37451.3259919965	5935.12591821296	TRUE	TRUE	TRUE
1608	39136.2347330649	4784.43591366275	TRUE	TRUE	TRUE
1609	36973.6942839584	5622.8643917104	TRUE	TRUE	TRUE
1610	35434.2507826365	6174.76792081446	TRUE	TRUE	TRUE
1611	37248.0931144423	5808.20940491472	TRUE	TRUE	TRUE
1612	40904.2097342111	5008.2865467486	TRUE	TRUE	TRUE
1613	40478.3714757385	4566.07361878187	TRUE	FALSE	TRUE
1614	34392.8170475331	7473.49441401462	TRUE	TRUE	TRUE
1615	36207.8194642935	6005.47494026421	TRUE	TRUE	TRUE
1616	38479.7758449047	5893.35383603589	TRUE	TRUE	TRUE
1617	40088.7811162303	4892.63546406417	TRUE	TRUE	TRUE
1618	36322.9834437212	5533.99741217789	TRUE	TRUE	TRUE
1619	38054.9526769859	5482.47158882828	TRUE	TRUE	TRUE
1620	38244.2898172433	5512.76402477341	TRUE	TRUE	TRUE
1621	38219.8458134928	4954.06850106366	TRUE	TRUE	TRUE
1622	37988.4352639989	6100.52684119845	TRUE	TRUE	TRUE
1623	39341.6671725337	4851.0575076857	TRUE	TRUE	TRUE
1624	36830.0041063637	5983.20416149429	TRUE	TRUE	TRUE
1625	37400.7114586428	5273.60863612161	TRUE	TRUE	TRUE
1626	36495.336795433	5665.2999269801	TRUE	TRUE	TRUE
1627	39612.7835728389	4870.9048657495	TRUE	TRUE	TRUE
1628	38210.6967144851	5223.40967430035	TRUE	TRUE	TRUE
1629	35943.2983093116	5730.66974684994	TRUE	TRUE	TRUE
1630	36657.1138642141	6299.11433860716	TRUE	TRUE	TRUE
1631	40062.0019938856	4680.23877024564	TRUE	TRUE	TRUE
1632	36733.9645199457	6139.88454965688	TRUE	TRUE	TRUE
1633	37797.7871406747	5198.95133362679	TRUE	TRUE	TRUE
1634	35527.8141756328	5754.41813984029	TRUE	TRUE	TRUE
1635	37691.0734999475	5730.39538751477	TRUE	TRUE	TRUE
1636	40284.2091379249	4654.63887403341	TRUE	TRUE	TRUE
1637	35542.0342232263	5736.15670085151	TRUE	TRUE	TRUE
1638	38019.6588674081	5164.90875213808	TRUE	TRUE	TRUE
1639	38506.625822536	5158.22670441715	TRUE	TRUE	TRUE
1640	34921.0040128657	6011.79826851535	TRUE	TRUE	TRUE
1641	40095.0535273966	4762.52587979178	TRUE	TRUE	TRUE
1642	38111.8645750729	5156.52056804945	TRUE	TRUE	TRUE
1643	35440.4671018975	8234.53054278951	TRUE	TRUE	TRUE
1644	38668.4744118251	6094.69163844363	TRUE	TRUE	TRUE
1645	39245.9515540261	5128.07966442055	TRUE	TRUE	TRUE
1646	38192.3112281645	4889.81485751379	TRUE	TRUE	TRUE
1647	37702.6546691227	5500.58803419952	TRUE	TRUE	TRUE
1648	37169.2794796549	5158.18085531242	TRUE	TRUE	TRUE
1649	36719.519079254	5375.66734364351	TRUE	TRUE	TRUE
1650	37688.6113223281	5105.01596813858	TRUE	TRUE	TRUE
1651	38589.3151241799	5022.19407756221	TRUE	TRUE	TRUE
1652	38405.5090518622	5247.03346569094	TRUE	TRUE	TRUE
1653	35873.3485382607	6092.89133970307	TRUE	TRUE	TRUE
1654	37437.60438786	5279.54888404576	TRUE	TRUE	TRUE
1655	36800.2975210269	5625.58955894398	TRUE	TRUE	TRUE
1656	37884.7944107662	5063.3423786006	TRUE	TRUE	TRUE
1657	37777.2255740384	5423.44225006953	TRUE	TRUE	TRUE
1658	37457.6098107	5410.17072066547	TRUE	TRUE	TRUE
1659	38907.2499431315	5558.51155800379	TRUE	TRUE	TRUE
1660	37627.2573504938	6148.07382465931	TRUE	TRUE	TRUE
1661	35830.4094813089	6243.39421535657	TRUE	TRUE	TRUE
1662	38171.3737346839	4905.15458967087	TRUE	TRUE	TRUE
1663	40426.5400248235	4440.88475947386	TRUE	FALSE	TRUE
1664	39203.9071561119	5313.2427353072	TRUE	TRUE	TRUE
1665	37031.5192413946	5640.82924757587	TRUE	TRUE	TRUE
1666	38305.5504302242	5240.08278104863	TRUE	TRUE	TRUE
1667	36954.426600516	5669.84113567364	TRUE	TRUE	TRUE
1668	37634.8079377394	5516.64768020666	TRUE	TRUE	TRUE
1669	38070.2392574524	5383.55479008433	TRUE	TRUE	TRUE
1670	39838.2506495329	4600.28394132441	TRUE	TRUE	TRUE
1671	40245.3748681618	4867.23542733075	TRUE	TRUE	TRUE
1672	36237.6053899611	6165.73801177672	TRUE	TRUE	TRUE
1673	37564.3395641463	5413.97340674282	TRUE	TRUE	TRUE
1674	38132.954211923	5052.02557776252	TRUE	TRUE	TRUE
1675	36076.2107035713	5467.23166464863	TRUE	TRUE	TRUE
1676	41367.8294550222	4448.23842510574	TRUE	FALSE	TRUE
1677	39568.6089881601	4485.26271192656	TRUE	FALSE	TRUE
1678	38920.357276292	5087.161708478	TRUE	TRUE	TRUE
1679	37400.7789964157	6023.27800126409	TRUE	TRUE	TRUE
1680	36159.0855890464	5793.60634995917	TRUE	TRUE	TRUE
1681	33301.8646098458	7400.34279163382	TRUE	TRUE	TRUE
1682	36697.1798135675	5430.16662335411	TRUE	TRUE	TRUE
1683	37439.5944867255	5341.4512739313	TRUE	TRUE	TRUE
1684	36865.2526755487	5949.91713761151	TRUE	TRUE	TRUE
1685	37690.612538732	5990.58206475033	TRUE	TRUE	TRUE
1686	39784.4717004805	5251.33041219392	TRUE	TRUE	TRUE
1687	37979.6026533445	5824.09458549857	TRUE	TRUE	TRUE
1688	31950.1500795495	6939.43355821978	TRUE	TRUE	TRUE
1689	40064.1590248531	4423.88329518329	TRUE	FALSE	TRUE
1690	37722.3784314756	5816.04441713017	TRUE	TRUE	TRUE
1691	37723.1907055596	5550.29447332382	TRUE	TRUE	TRUE
1692	35482.4077390369	6515.91719054442	TRUE	TRUE	TRUE
1693	38766.4970845307	5134.22437184391	TRUE	TRUE	TRUE
1694	38451.82746208	4869.02770648498	TRUE	TRUE	TRUE
1695	36023.70610242	7581.11156958722	TRUE	TRUE	TRUE
1696	38152.4594457088	5031.27980580581	TRUE	TRUE	TRUE
1697	39485.3085131815	4764.0564542213	TRUE	TRUE	TRUE
1698	39643.0810909133	4961.68217784562	TRUE	TRUE	TRUE
1699	38798.3618046909	5147.34639766129	TRUE	TRUE	TRUE
1700	37731.1801906537	5689.81489292739	TRUE	TRUE	TRUE
1701	38501.7838263884	4777.20908777282	TRUE	TRUE	TRUE
1702	36382.5557913078	6052.97281766169	TRUE	TRUE	TRUE
1703	35840.2620615586	7082.71014356003	TRUE	TRUE	TRUE
1704	37701.4623080554	5464.9666610607	TRUE	TRUE	TRUE
1705	33363.1325352327	7060.66986842866	TRUE	TRUE	TRUE
1706	38468.3463362338	5211.05586694742	TRUE	TRUE	TRUE
1707	38141.4257881598	5449.47763452313	TRUE	TRUE	TRUE
1708	38806.5278262328	4968.43425819996	TRUE	TRUE	TRUE
1709	37104.3699561335	5337.24759514078	TRUE	TRUE	TRUE
1710	38539.0055366534	4998.28946857873	TRUE	TRUE	TRUE
1711	38649.9948784007	5176.69673416275	TRUE	TRUE	TRUE
1712	39086.1729551608	5247.05081759022	TRUE	TRUE	TRUE
1713	39498.9461587811	4813.38581596293	TRUE	TRUE	TRUE
1714	40002.1253659376	4689.75793827033	TRUE	TRUE	TRUE
1715	39968.9577148994	4682.05211230286	TRUE	TRUE	TRUE
1716	36758.858664508	5444.22079984471	TRUE	TRUE	TRUE
1717	35285.1949465622	7169.33127368353	TRUE	TRUE	TRUE
1718	39439.3984500033	5135.91153724201	TRUE	TRUE	TRUE
1719	36544.1970733339	5431.36816662239	TRUE	TRUE	TRUE
1720	36372.0769422544	5864.71856245969	TRUE	TRUE	TRUE
1721	35771.8564037962	5736.81650901454	TRUE	TRUE	TRUE
1722	37983.213853731	6150.47426541932	TRUE	TRUE	TRUE
1723	39054.1133505049	4743.61453635663	TRUE	TRUE	TRUE
1724	37831.7872286754	4957.36049857964	TRUE	TRUE	TRUE
1725	38719.9943308919	5696.01437765179	TRUE	TRUE	TRUE
1726	38003.9595686857	5388.90927193285	TRUE	TRUE	TRUE
1727	38187.3918001646	4997.89116196289	TRUE	TRUE	TRUE
1728	38155.9736523952	5205.7917773347	TRUE	TRUE	TRUE
1729	37005.5937003954	5552.52686502331	TRUE	TRUE	TRUE
1730	38440.2000229431	4872.70202274671	TRUE	TRUE	TRUE
1731	38843.0201229054	4804.96821185592	TRUE	TRUE	TRUE
1732	36672.6034434176	5373.22137532753	TRUE	TRUE	TRUE
1733	39132.1788415749	4947.97025127929	TRUE	TRUE	TRUE
1734	40776.5002829917	4633.49560620828	TRUE	TRUE	TRUE
1735	37979.3136569558	5247.65858976743	TRUE	TRUE	TRUE
1736	37449.3722954897	6165.59636617811	TRUE	TRUE	TRUE
1737	38692.1310030437	5160.71219727463	TRUE	TRUE	TRUE
1738	37665.6217607914	5426.35598306333	TRUE	TRUE	TRUE
1739	38882.8461815407	5292.7233449488	TRUE	TRUE	TRUE
1740	39065.3810729004	5102.10568151204	TRUE	TRUE	TRUE
1741	37461.5722432765	5495.93874156295	TRUE	TRUE	TRUE
1742	35160.7204097919	6495.28937875106	TRUE	TRUE	TRUE
1743	39695.2614870902	4539.74653003599	TRUE	FALSE	TRUE
1744	34899.1534294459	7199.28986754223	TRUE	TRUE	TRUE
1745	38904.8322741833	4916.16813124725	TRUE	TRUE	TRUE
1746	39436.7847721702	4887.20294125337	TRUE	TRUE	TRUE
1747	38287.3763371949	5719.15702611274	TRUE	TRUE	TRUE
1748	38460.0178238728	4845.39247061114	TRUE	TRUE	TRUE
1749	37129.1919409269	5956.24982110453	TRUE	TRUE	TRUE
1750	38391.7173115887	5359.3462931194	TRUE	TRUE	TRUE
1751	37904.2882346272	6134.30687241854	TRUE	TRUE	TRUE
1752	37061.7007683946	5997.50833624103	TRUE	TRUE	TRUE
1753	38534.7152543808	5543.75824421947	TRUE	TRUE	TRUE
1754	38845.4625643729	4927.19055718268	TRUE	TRUE	TRUE
1755	39374.8662398866	4886.0749509976	TRUE	TRUE	TRUE
1756	38288.7672884445	5213.97285585774	TRUE	TRUE	TRUE
1757	38342.789669548	5431.62051171135	TRUE	TRUE	TRUE
1758	35290.4042292251	6568.29091225693	TRUE	TRUE	TRUE
1759	36569.7784722552	5925.66660981101	TRUE	TRUE	TRUE
1760	38354.9539643803	5041.74705730783	TRUE	TRUE	TRUE
1761	36304.724686262	5920.68492679077	TRUE	TRUE	TRUE
1762	39658.4409971018	4647.10321133394	TRUE	TRUE	TRUE
1763	34120.1331582974	7317.29152067857	TRUE	TRUE	TRUE
1764	38450.1707477887	4802.71369781241	TRUE	TRUE	TRUE
1765	39283.285512233	4742.7742001245	TRUE	TRUE	TRUE
1766	42126.6550151718	4162.26482162134	FALSE	FALSE	TRUE
1767	38340.8629231088	5111.80320332645	TRUE	TRUE	TRUE
1768	35636.5052797725	6838.79942310597	TRUE	TRUE	TRUE
1769	38357.3167297899	5535.69872097933	TRUE	TRUE	TRUE
1770	37038.332930413	5496.3873795066	TRUE	TRUE	TRUE
1771	38544.6986339947	4810.55271487234	TRUE	TRUE	TRUE
1772	37408.100866776	5579.33346510087	TRUE	TRUE	TRUE
1773	39283.9126811786	5012.19425678161	TRUE	TRUE	TRUE
1774	39971.8907697757	4826.70868963153	TRUE	TRUE	TRUE
1775	37553.014953057	6397.22568179081	TRUE	TRUE	TRUE
1776	37370.7482576654	5182.68706478843	TRUE	TRUE	TRUE
1777	36937.4206091133	5533.08036643068	TRUE	TRUE	TRUE
1778	38043.8236561091	5492.57045693582	TRUE	TRUE	TRUE
1779	35290.64598275	6696.5220576669	TRUE	TRUE	TRUE
1780	37454.011100309	5498.85349849802	TRUE	TRUE	TRUE
1781	38855.8218979153	5401.53853815979	TRUE	TRUE	TRUE
1782	37428.0725684217	5220.19716309177	TRUE	TRUE	TRUE
1783	40404.4137456661	4587.5427204578	TRUE	FALSE	TRUE
1784	39100.8214795461	5252.27695728818	TRUE	TRUE	TRUE
1785	38417.615431694	4844.31576107449	TRUE	TRUE	TRUE
1786	36839.8194699588	5789.41493285041	TRUE	TRUE	TRUE
1787	39454.7368554177	4978.69327847893	TRUE	TRUE	TRUE
1788	38077.7304667526	4919.83715943093	TRUE	TRUE	TRUE
1789	38348.8365984221	5177.3637248417	TRUE	TRUE	TRUE
1790	37386.2599818226	5514.7764623293	TRUE	TRUE	TRUE
1791	38743.6183249389	5064.44867154349	TRUE	TRUE	TRUE
1792	36393.5176678002	5675.77338616602	TRUE	TRUE	TRUE
1793	35456.8390111929	6135.53521536415	TRUE	TRUE	TRUE
1794	36509.2128101665	5776.00037146241	TRUE	TRUE	TRUE
1795	37583.583436551	5674.48820284389	TRUE	TRUE	TRUE
1796	37236.290773654	5336.97433543373	TRUE	TRUE	TRUE
1797	36894.6322122179	5675.87948711172	TRUE	TRUE	TRUE
1798	38872.6773429534	5596.06977587952	TRUE	TRUE	TRUE
1799	38647.695676269	5121.23427950037	TRUE	TRUE	TRUE
1800	35348.2537636789	6384.30147252754	TRUE	TRUE	TRUE
1801	39738.7135208166	4948.00348394502	TRUE	TRUE	TRUE
1802	39031.6716349402	5024.50447897208	TRUE	TRUE	TRUE
1803	38837.1863593037	5475.50780321924	TRUE	TRUE	TRUE
1804	35884.7786662685	5893.11891566606	TRUE	TRUE	TRUE
1805	40072.1025442028	5410.37779877383	TRUE	TRUE	TRUE
1806	36983.9660847493	5934.17746210432	TRUE	TRUE	TRUE
1807	37925.0486787925	6255.98694665112	TRUE	TRUE	TRUE
1808	39569.9731093931	4962.29965468824	TRUE	TRUE	TRUE
1809	40878.1747842322	4410.73542034951	TRUE	FALSE	TRUE
1810	37775.4349104604	5269.55361448339	TRUE	TRUE	TRUE
1811	37347.0907660625	5307.9474759632	TRUE	TRUE	TRUE
1812	37499.0140853587	5127.16920265649	TRUE	TRUE	TRUE
1813	38561.7424632888	4973.22406097268	TRUE	TRUE	TRUE
1814	36171.803722419	6089.96012379373	TRUE	TRUE	TRUE
1815	36895.3628606342	5323.45553298606	TRUE	TRUE	TRUE
1816	41177.4598268051	4498.70469893739	TRUE	FALSE	TRUE
1817	36465.578976678	6067.52303796574	TRUE	TRUE	TRUE
1818	38664.9763049313	5346.03238178352	TRUE	TRUE	TRUE
1819	35584.7470332353	6216.03551873961	TRUE	TRUE	TRUE
1820	37768.5041135868	5008.35943740299	TRUE	TRUE	TRUE
1821	36964.5035463625	5861.12780803057	TRUE	TRUE	TRUE
1822	29783.0293860419	9094.96380349341	TRUE	TRUE	TRUE
1823	38524.3372109405	5295.90145578668	TRUE	TRUE	TRUE
1824	38330.8425439659	5176.65947611587	TRUE	TRUE	TRUE
1825	36234.717144335	6617.33599321217	TRUE	TRUE	TRUE
1826	38136.9785157638	5528.22795441313	TRUE	TRUE	TRUE
1827	41119.1426807247	4351.89929732042	TRUE	FALSE	TRUE
1828	36391.9857240399	5900.36115280601	TRUE	TRUE	TRUE
1829	39250.6248771982	4731.60256976722	TRUE	TRUE	TRUE
1830	36997.9575239626	5340.80790711079	TRUE	TRUE	TRUE
1831	37405.0589759636	5621.97657131241	TRUE	TRUE	TRUE
1832	36427.7193447267	5692.92559269995	TRUE	TRUE	TRUE
1833	40220.0957107486	5205.08257999729	TRUE	TRUE	TRUE
1834	38012.3489156382	5685.46716233977	TRUE	TRUE	TRUE
1835	39328.3372625468	4663.14705337057	TRUE	TRUE	TRUE
1836	37625.252469362	5309.66473197245	TRUE	TRUE	TRUE
1837	34043.9295571681	7035.81036594201	TRUE	TRUE	TRUE
1838	39885.3003434059	4804.94423830841	TRUE	TRUE	TRUE
1839	38678.90776548	4605.74948421381	TRUE	TRUE	TRUE
1840	38503.3888784676	4918.79129495641	TRUE	TRUE	TRUE
1841	38272.4876659038	5081.25583977174	TRUE	TRUE	TRUE
1842	35873.3712212566	6629.37240869073	TRUE	TRUE	TRUE
1843	38606.9151375878	5253.97770832004	TRUE	TRUE	TRUE
1844	35631.3138372859	6355.71576882594	TRUE	TRUE	TRUE
1845	36901.7804458845	5704.62700771361	TRUE	TRUE	TRUE
1846	32201.615938643	7673.29427189964	TRUE	TRUE	TRUE
1847	38611.7487942511	4986.83720360529	TRUE	TRUE	TRUE
1848	37508.1146026084	5766.69221069381	TRUE	TRUE	TRUE
1849	39028.180640295	5152.96832527061	TRUE	TRUE	TRUE
1850	37312.2630275994	5340.22835125124	TRUE	TRUE	TRUE
1851	35777.6740391139	6189.9244912594	TRUE	TRUE	TRUE
1852	37573.0480049629	5541.99333874006	TRUE	TRUE	TRUE
1853	38720.639684042	4737.52184927423	TRUE	TRUE	TRUE
1854	33366.1283755986	7292.8763292119	TRUE	TRUE	TRUE
1855	37834.3997675646	5290.39581648669	TRUE	TRUE	TRUE
1856	34791.7225172269	6067.25395369678	TRUE	TRUE	TRUE
1857	36479.0810879847	6530.95773716762	TRUE	TRUE	TRUE
1858	40564.3112551315	4416.01726294393	TRUE	FALSE	TRUE
1859	35929.4418009468	6309.66141570661	TRUE	TRUE	TRUE
1860	38255.0306550125	5150.24341388451	TRUE	TRUE	TRUE
1861	37345.1414675749	6069.79228062447	TRUE	TRUE	TRUE
1862	39356.8785276566	5019.83289985607	TRUE	TRUE	TRUE
1863	38402.1507345012	5061.12708838395	TRUE	TRUE	TRUE
1864	39650.7249586658	4941.48822370528	TRUE	TRUE	TRUE
1865	34988.8534702394	7597.76201255061	TRUE	TRUE	TRUE
1866	36260.9441954292	6323.80823092701	TRUE	TRUE	TRUE
1867	41068.9709166292	4737.91537982938	TRUE	TRUE	TRUE
1868	38705.8988133527	4851.60503076136	TRUE	TRUE	TRUE
1869	37006.1139030984	5523.55161097196	TRUE	TRUE	TRUE
1870	37617.1431279091	5907.77369322873	TRUE	TRUE	TRUE
1871	39603.2944855025	4590.40860311278	TRUE	TRUE	TRUE
1872	35705.2567282104	6529.37386859517	TRUE	TRUE	TRUE
1873	36364.4445494554	5986.9356709488	TRUE	TRUE	TRUE
1874	37711.6742702605	5491.48008446518	TRUE	TRUE	TRUE
1875	38885.3122758759	5320.0197429868	TRUE	TRUE	TRUE
1876	40200.0675780143	5087.53022614289	TRUE	TRUE	TRUE
1877	38505.3298813421	4854.30156718895	TRUE	TRUE	TRUE
1878	39327.7877903654	5094.8761322439	TRUE	TRUE	TRUE
1879	36795.703229423	5552.01155054966	TRUE	TRUE	TRUE
1880	37223.2638861791	5805.91570655173	TRUE	TRUE	TRUE
1881	36308.1329479965	5629.69358714024	TRUE	TRUE	TRUE
1882	38457.6041663208	5442.89005790249	TRUE	TRUE	TRUE
1883	39166.2377081577	4419.27777204476	TRUE	FALSE	TRUE
1884	36503.7044094722	5721.82751849593	TRUE	TRUE	TRUE
1885	38718.209508759	4749.46801586576	TRUE	TRUE	TRUE
1886	38236.87803851	5200.78927758435	TRUE	TRUE	TRUE
1887	36459.561202903	5606.48377481207	TRUE	TRUE	TRUE
1888	40127.9273669931	4499.47076114109	TRUE	FALSE	TRUE
1889	37193.0867603272	6009.11936432948	TRUE	TRUE	TRUE
1890	38078.8334865323	5309.33828531068	TRUE	TRUE	TRUE
1891	35568.5358125686	5936.11010197612	TRUE	TRUE	TRUE
1892	38090.9460798961	5083.93605932478	TRUE	TRUE	TRUE
1893	35299.6947579695	6555.63117386535	TRUE	TRUE	TRUE
1894	38340.1182933675	5236.39912216916	TRUE	TRUE	TRUE
1895	41219.8290795694	4250.23109727378	TRUE	FALSE	TRUE
1896	37613.2717907283	5244.18084339248	TRUE	TRUE	TRUE
1897	38609.998625488	4893.09801604463	TRUE	TRUE	TRUE
1898	39434.3626459783	5112.50511543123	TRUE	TRUE	TRUE
1899	37591.2705516312	5204.15150899258	TRUE	TRUE	TRUE
1900	38365.0872606943	5169.14584218472	TRUE	TRUE	TRUE
1901	34711.7719356533	6234.02932541877	TRUE	TRUE	TRUE
1902	38703.2230074737	5725.29534890126	TRUE	TRUE	TRUE
1903	39636.8001841464	5046.24165521911	TRUE	TRUE	TRUE
1904	32937.8138215554	8198.41897890964	TRUE	TRUE	TRUE
1905	41116.3866904462	4620.39361278398	TRUE	TRUE	TRUE
1906	39535.5588767742	4771.33239965136	TRUE	TRUE	TRUE
1907	36052.1262233297	5835.55350824353	TRUE	TRUE	TRUE
1908	35897.5059225378	6471.29589668194	TRUE	TRUE	TRUE
1909	35851.3729476684	5545.05824903657	TRUE	TRUE	TRUE
1910	37712.0420965197	5901.02091007242	TRUE	TRUE	TRUE
1911	38941.0093072596	5402.70808867011	TRUE	TRUE	TRUE
1912	37462.1014760539	5206.92878097444	TRUE	TRUE	TRUE
1913	38654.6233926841	4919.12887669159	TRUE	TRUE	TRUE
1914	39387.307783983	5123.44628184504	TRUE	TRUE	TRUE
1915	39241.1724034358	5100.01287875946	TRUE	TRUE	TRUE
1916	37175.6983279316	5554.88474287045	TRUE	TRUE	TRUE
1917	37821.2462127583	5758.10645963613	TRUE	TRUE	TRUE
1918	37439.374349304	5417.57223147332	TRUE	TRUE	TRUE
1919	38356.3982542845	5165.06861720232	TRUE	TRUE	TRUE
1920	37913.1258256883	5402.17297108642	TRUE	TRUE	TRUE
1921	36805.7407666633	6022.19135332662	TRUE	TRUE	TRUE
1922	32422.7576123327	8427.52040119476	TRUE	TRUE	TRUE
1923	39008.6876872899	4900.93887289599	TRUE	TRUE	TRUE
1924	41675.4710003962	4423.77280347156	FALSE	FALSE	TRUE
1925	35772.8178460994	6343.93912954679	TRUE	TRUE	TRUE
1926	38409.5584987904	5057.54726563338	TRUE	TRUE	TRUE
1927	40041.7167783329	4512.5746395446	TRUE	FALSE	TRUE
1928	37627.9206460776	5527.73373160234	TRUE	TRUE	TRUE
1929	36021.7791843465	6061.82641703084	TRUE	TRUE	TRUE
1930	38617.0692578455	5245.01811391625	TRUE	TRUE	TRUE
1931	36051.4298981324	5931.54890837079	TRUE	TRUE	TRUE
1932	39287.336869756	5668.91104005681	TRUE	TRUE	TRUE
1933	34765.5216681243	6189.96268042094	TRUE	TRUE	TRUE
1934	38629.1826813937	5202.23031371746	TRUE	TRUE	TRUE
1935	38477.8712456705	5094.42394991116	TRUE	TRUE	TRUE
1936	38927.9930241978	5430.25037344417	TRUE	TRUE	TRUE
1937	38837.9250234625	5545.0901196607	TRUE	TRUE	TRUE
1938	36252.4180969763	6013.3401407628	TRUE	TRUE	TRUE
1939	39722.5186806705	4731.9042601875	TRUE	TRUE	TRUE
1940	37850.021865449	6420.06133350478	TRUE	TRUE	TRUE
1941	38674.7895751867	4733.11958325139	TRUE	TRUE	TRUE
1942	38904.1161428584	4885.64172676522	TRUE	TRUE	TRUE
1943	38747.1785491292	4610.7651267017	TRUE	TRUE	TRUE
1944	37541.6670016612	5546.23677339671	TRUE	TRUE	TRUE
1945	39084.4549429288	4686.53333747682	TRUE	TRUE	TRUE
1946	38138.0018106194	5774.74860619931	TRUE	TRUE	TRUE
1947	37946.4860126581	5426.72280468747	TRUE	TRUE	TRUE
1948	37810.5489835399	5262.85723588385	TRUE	TRUE	TRUE
1949	36942.2828271843	5422.30089788409	TRUE	TRUE	TRUE
1950	37802.0827297637	5222.25749623201	TRUE	TRUE	TRUE
1951	38118.2156967181	5084.28042273916	TRUE	TRUE	TRUE
1952	36877.5036878805	5513.77514038852	TRUE	TRUE	TRUE
1953	36519.888821469	5468.73504373562	TRUE	TRUE	TRUE
1954	39522.9740868635	4713.44277404575	TRUE	TRUE	TRUE
1955	36302.2566960342	5979.31225002137	TRUE	TRUE	TRUE
1956	37682.1114221374	5572.29551261195	TRUE	TRUE	TRUE
1957	37489.9058364306	5428.45973368321	TRUE	TRUE	TRUE
1958	35412.1405028596	7199.72344982932	TRUE	TRUE	TRUE
1959	37487.1699766814	6310.68048861142	TRUE	TRUE	TRUE
1960	38242.3880075677	4866.54195138308	TRUE	TRUE	TRUE
1961	33960.2197496461	7855.36826600525	TRUE	TRUE	TRUE
1962	37443.5869533813	5728.24524269826	TRUE	TRUE	TRUE
1963	38464.3027504664	5386.29940072221	TRUE	TRUE	TRUE
1964	37571.4047440074	5787.65663153164	TRUE	TRUE	TRUE
1965	36989.6132808831	5336.01954442403	TRUE	TRUE	TRUE
1966	42172.1781417727	4673.1559695654	FALSE	TRUE	TRUE
1967	39747.167498323	4565.09234131695	TRUE	FALSE	TRUE
1968	39947.6333634281	4775.09570596995	TRUE	TRUE	TRUE
1969	37720.2308483977	5437.51082391432	TRUE	TRUE	TRUE
1970	39380.8449380932	5021.1379612693	TRUE	TRUE	TRUE
1971	38597.9034147987	4823.20488518667	TRUE	TRUE	TRUE
1972	37664.8382072019	5362.44016817073	TRUE	TRUE	TRUE
1973	36918.7275994225	5416.38586494234	TRUE	TRUE	TRUE
1974	39510.5062697983	4712.09064676488	TRUE	TRUE	TRUE
1975	35634.5014223062	5962.30716597633	TRUE	TRUE	TRUE
1976	38217.374449855	5114.06471392409	TRUE	TRUE	TRUE
1977	41061.361129615	4621.72061942847	TRUE	TRUE	TRUE
1978	39202.0950626325	4684.86792642645	TRUE	TRUE	TRUE
1979	37461.973624373	5260.58447890913	TRUE	TRUE	TRUE
1980	38978.0232761814	4627.40605427114	TRUE	TRUE	TRUE
1981	37249.234587993	5391.76934948894	TRUE	TRUE	TRUE
1982	33898.3382899205	6631.4385878964	TRUE	TRUE	TRUE
1983	37856.3091298728	5242.39678559188	TRUE	TRUE	TRUE
1984	38335.690358145	5130.33087567836	TRUE	TRUE	TRUE
1985	38511.9003214924	4761.01663886529	TRUE	TRUE	TRUE
1986	37815.0098894118	5194.53609673108	TRUE	TRUE	TRUE
1987	37858.007379257	4881.54787269658	TRUE	TRUE	TRUE
1988	36605.4345299308	5492.37046578335	TRUE	TRUE	TRUE
1989	40609.0053057136	4358.93923536839	TRUE	FALSE	TRUE
1990	38150.8298119338	5812.45070747068	TRUE	TRUE	TRUE
1991	38126.1001792607	5102.03833980408	TRUE	TRUE	TRUE
1992	38365.1627634354	4936.16198308655	TRUE	TRUE	TRUE
1993	35755.598924658	7417.60218211678	TRUE	TRUE	TRUE
1994	34995.726905749	6389.74867764187	TRUE	TRUE	TRUE
1995	38133.2337050775	5160.48107468508	TRUE	TRUE	TRUE
1996	34484.9599353941	7167.73702697386	TRUE	TRUE	TRUE
1997	39328.8585669735	4702.26856607113	TRUE	TRUE	TRUE
1998	40900.252137719	4531.21690348369	TRUE	FALSE	TRUE
1999	43632.5170817474	3702.0549925336	FALSE	FALSE	TRUE
2000	36704.1230423109	5469.87293449135	TRUE	TRUE	TRUE
2001	40674.1324691446	4610.27161111718	TRUE	TRUE	TRUE
2002	34968.616862209	6688.38601631081	TRUE	TRUE	TRUE
2003	40039.9605664491	4687.33157296787	TRUE	TRUE	TRUE
2004	37589.0127569646	5337.08254027561	TRUE	TRUE	TRUE
2005	36086.8728244738	6158.7309751459	TRUE	TRUE	TRUE
2006	37975.4305530093	5661.83130021227	TRUE	TRUE	TRUE
2007	38337.5702740839	5441.90375507281	TRUE	TRUE	TRUE
2008	38001.100562684	5039.8630038143	TRUE	TRUE	TRUE
2009	34112.5425126491	7952.84903225787	TRUE	TRUE	TRUE
2010	37044.8209823612	5494.93565214941	TRUE	TRUE	TRUE
2011	37620.0250807714	6941.6466313485	TRUE	TRUE	TRUE
2012	37990.7692789019	5754.98639338612	TRUE	TRUE	TRUE
2013	37931.0258063634	5326.9509647038	TRUE	TRUE	TRUE
2014	36054.3079182535	6269.74869680578	TRUE	TRUE	TRUE
2015	35849.2131488849	7060.30306260062	TRUE	TRUE	TRUE
2016	36468.5264918745	5428.37929795113	TRUE	TRUE	TRUE
2017	36903.8626707306	5822.73302354583	TRUE	TRUE	TRUE
2018	36956.8670275805	5398.29596061716	TRUE	TRUE	TRUE
2019	36030.9068769616	6899.69812019279	TRUE	TRUE	TRUE
2020	36360.0765035719	5953.31004377307	TRUE	TRUE	TRUE
2021	36036.9128004079	6075.00884264185	TRUE	TRUE	TRUE
2022	37160.4844987012	5985.21687044431	TRUE	TRUE	TRUE
2023	38515.0189079681	5210.70175719594	TRUE	TRUE	TRUE
2024	38591.6716897793	5147.26364580068	TRUE	TRUE	TRUE
2025	38668.4462038921	4985.08227754987	TRUE	TRUE	TRUE
2026	38049.3444492328	5133.81700795681	TRUE	TRUE	TRUE
2027	36212.2879715273	5927.42136942559	TRUE	TRUE	TRUE
2028	37871.5624890449	5211.1509070157	TRUE	TRUE	TRUE
2029	32904.7186204535	8304.63304341803	TRUE	TRUE	TRUE
2030	38293.4519398457	4894.98879680882	TRUE	TRUE	TRUE
2031	39748.1537326194	4548.56090435853	TRUE	FALSE	TRUE
2032	40310.0905350238	4530.99342556532	TRUE	FALSE	TRUE
2033	39650.3397489161	4851.17576794864	TRUE	TRUE	TRUE
2034	34356.630412142	7073.90614056068	TRUE	TRUE	TRUE
2035	37876.6223516831	5568.00959849241	TRUE	TRUE	TRUE
2036	38872.3411189346	4844.80281561163	TRUE	TRUE	TRUE
2037	34472.9729811496	7784.53478035115	TRUE	TRUE	TRUE
2038	37603.7349708709	6272.19457209927	TRUE	TRUE	TRUE
2039	36864.6443810071	6177.94559606227	TRUE	TRUE	TRUE
2040	35743.7429022272	5887.78017793681	TRUE	TRUE	TRUE
2041	40153.1997868557	4743.09185967829	TRUE	TRUE	TRUE
2042	33856.0769507997	6718.1273936537	TRUE	TRUE	TRUE
2043	38924.4710352618	4991.40401562252	TRUE	TRUE	TRUE
2044	37272.3555258529	5375.8292092556	TRUE	TRUE	TRUE
2045	37736.5338090779	5559.39727132898	TRUE	TRUE	TRUE
2046	38034.4011419494	5459.83607510708	TRUE	TRUE	TRUE
2047	35393.8661341245	6713.98088136065	TRUE	TRUE	TRUE
2048	37254.5207812181	5888.16164636818	TRUE	TRUE	TRUE
2049	39802.4227996652	4975.9434783318	TRUE	TRUE	TRUE
2050	38214.2779876586	5834.71234992862	TRUE	TRUE	TRUE
2051	41050.7721603627	4711.20732103574	TRUE	TRUE	TRUE
2052	40033.5092325949	4937.98530662793	TRUE	TRUE	TRUE
2053	34544.0829087082	7427.26966081238	TRUE	TRUE	TRUE
2054	35260.2033337433	6058.21434977423	TRUE	TRUE	TRUE
2055	32741.9600410799	8643.3189886793	TRUE	TRUE	TRUE
2056	37659.7988379329	5264.32320745918	TRUE	TRUE	TRUE
2057	35517.1123787999	6842.73635774271	TRUE	TRUE	TRUE
2058	36625.6281802452	6347.94629794964	TRUE	TRUE	TRUE
2059	37279.0358545251	6275.30473084678	TRUE	TRUE	TRUE
2060	37533.4462311959	5788.43361898699	TRUE	TRUE	TRUE
2061	37178.0063441353	6115.40193763691	TRUE	TRUE	TRUE
2062	38947.1513723743	4961.16140617475	TRUE	TRUE	TRUE
2063	34707.5687948494	7149.87133597281	TRUE	TRUE	TRUE
2064	38007.7065777184	5227.62088659739	TRUE	TRUE	TRUE
2065	39660.802286776	4767.28832653877	TRUE	TRUE	TRUE
2066	39499.5987809352	4658.80124616826	TRUE	TRUE	TRUE
2067	37622.2508764875	5147.41552737364	TRUE	TRUE	TRUE
2068	37217.317838403	5064.01790119282	TRUE	TRUE	TRUE
2069	39202.7996962671	4950.32872876315	TRUE	TRUE	TRUE
2070	35223.4448485794	6515.19323073148	TRUE	TRUE	TRUE
2071	40058.615667967	4815.92210811952	TRUE	TRUE	TRUE
2072	38046.7051548034	5279.38952375284	TRUE	TRUE	TRUE
2073	40389.0951994804	4777.05089308232	TRUE	TRUE	TRUE
2074	38554.7915326541	5330.91468062574	TRUE	TRUE	TRUE
2075	32130.5031083588	7759.12498124589	TRUE	TRUE	TRUE
2076	39774.6811667887	4692.9844234248	TRUE	TRUE	TRUE
2077	37765.0017776873	5492.65854017893	TRUE	TRUE	TRUE
2078	37634.1840514675	5360.29996304691	TRUE	TRUE	TRUE
2079	39603.385151857	4607.14055637085	TRUE	TRUE	TRUE
2080	39368.3710403566	5074.91544550415	TRUE	TRUE	TRUE
2081	37038.2417408768	5337.7164069269	TRUE	TRUE	TRUE
2082	37097.8445802094	5772.73133535719	TRUE	TRUE	TRUE
2083	39842.1494552119	4988.29929999472	TRUE	TRUE	TRUE
2084	32298.1364812426	7752.74334168809	TRUE	TRUE	TRUE
2085	35100.7557599125	6443.83588000967	TRUE	TRUE	TRUE
2086	39811.8327449706	4792.94634928656	TRUE	TRUE	TRUE
2087	39022.9291120313	4622.59255346545	TRUE	TRUE	TRUE
2088	36915.4890409713	5663.4009383547	TRUE	TRUE	TRUE
2089	35065.7639745678	7170.02948705961	TRUE	TRUE	TRUE
2090	36212.5149799259	5834.99259261299	TRUE	TRUE	TRUE
2091	39414.4032024064	4892.44192931213	TRUE	TRUE	TRUE
2092	41707.0576146949	4454.2989883983	FALSE	FALSE	TRUE
2093	34283.9463963334	6312.46500728821	TRUE	TRUE	TRUE
2094	38262.5842510128	5431.92485064859	TRUE	TRUE	TRUE
2095	38345.5480487387	5837.62629705905	TRUE	TRUE	TRUE
2096	35868.067232517	5691.30146288657	TRUE	TRUE	TRUE
2097	41755.0689823602	4836.36828574961	FALSE	TRUE	TRUE
2098	40223.9837198823	4870.65881283777	TRUE	TRUE	TRUE
2099	35068.7299187999	6387.4906624021	TRUE	TRUE	TRUE
2100	37554.9857806589	5519.80813142756	TRUE	TRUE	TRUE
2101	39545.1209501405	5014.86554879854	TRUE	TRUE	TRUE
2102	37566.0376903141	5488.96465812875	TRUE	TRUE	TRUE
2103	34905.255018145	5978.23457249581	TRUE	TRUE	TRUE
2104	36456.1595426056	6041.37149045407	TRUE	TRUE	TRUE
2105	38413.4970170328	5077.7722681715	TRUE	TRUE	TRUE
2106	36653.6706188849	5978.32676079533	TRUE	TRUE	TRUE
2107	34473.8892096731	7011.65560970636	TRUE	TRUE	TRUE
2108	37520.7290077196	5297.04398515415	TRUE	TRUE	TRUE
2109	39109.2182925719	5213.61427448808	TRUE	TRUE	TRUE
2110	38724.7802878395	5148.49524730782	TRUE	TRUE	TRUE
2111	38235.4481270068	5323.24494292769	TRUE	TRUE	TRUE
2112	39665.7778720868	4757.24520902004	TRUE	TRUE	TRUE
2113	37870.9885271004	5223.68475886028	TRUE	TRUE	TRUE
2114	38417.2254665339	4874.9034591655	TRUE	TRUE	TRUE
2115	37842.4884163039	5511.46831473618	TRUE	TRUE	TRUE
2116	37406.0275755622	5567.4904379812	TRUE	TRUE	TRUE
2117	36335.3363802772	7117.29804599842	TRUE	TRUE	TRUE
2118	35849.256864517	7120.98101488271	TRUE	TRUE	TRUE
2119	36360.4909023331	6145.60771841753	TRUE	TRUE	TRUE
2120	38281.0959125655	4901.96761456016	TRUE	TRUE	TRUE
2121	37927.2493281076	5270.661935167	TRUE	TRUE	TRUE
2122	38170.522063357	4889.22264415442	TRUE	TRUE	TRUE
2123	36874.4259300406	5553.24557259188	TRUE	TRUE	TRUE
2124	37930.8255560134	5480.2217834618	TRUE	TRUE	TRUE
2125	41218.0801945632	4265.51132501691	TRUE	FALSE	TRUE
2126	39720.711071723	4950.14130221192	TRUE	TRUE	TRUE
2127	40295.734839708	4445.76855787017	TRUE	FALSE	TRUE
2128	34294.6472612462	7277.93263246476	TRUE	TRUE	TRUE
2129	37942.6553294019	4972.90411180733	TRUE	TRUE	TRUE
2130	38484.7443344195	4928.44359216987	TRUE	TRUE	TRUE
2131	34809.3426626867	7462.08381703166	TRUE	TRUE	TRUE
2132	39034.5308211387	4956.93139180231	TRUE	TRUE	TRUE
2133	40624.7488456204	4409.77501989928	TRUE	FALSE	TRUE
2134	36651.5736422066	6061.08219133898	TRUE	TRUE	TRUE
2135	39383.0733025216	4808.10263040412	TRUE	TRUE	TRUE
2136	38734.9444346454	4912.99333998399	TRUE	TRUE	TRUE
2137	36844.6698561604	5674.67274676081	TRUE	TRUE	TRUE
2138	35563.018457319	6253.44320793214	TRUE	TRUE	TRUE
2139	40427.3277999863	4248.6571912759	TRUE	FALSE	TRUE
2140	39041.9032810673	5001.4303560271	TRUE	TRUE	TRUE
2141	39500.3950869348	4703.37918015883	TRUE	TRUE	TRUE
2142	32925.5083617165	7679.25532843202	TRUE	TRUE	TRUE
2143	38807.3254089407	5009.18740014168	TRUE	TRUE	TRUE
2144	34997.0666891691	5930.06278761335	TRUE	TRUE	TRUE
2145	31171.0787168558	8388.2173290231	TRUE	TRUE	TRUE
2146	40558.8400550222	4637.00897610163	TRUE	TRUE	TRUE
2147	33636.8461470147	7849.58691782536	TRUE	TRUE	TRUE
2148	39086.5632662923	4972.782078063	TRUE	TRUE	TRUE
2149	39594.1711757365	4807.78709627187	TRUE	TRUE	TRUE
2150	37058.5711246139	5518.49753019861	TRUE	TRUE	TRUE
2151	42262.1395309966	4326.08879559057	FALSE	FALSE	TRUE
2152	38546.1213689426	4896.76443896652	TRUE	TRUE	TRUE
2153	36887.4442525414	5304.97678286402	TRUE	TRUE	TRUE
2154	38819.2097598884	4769.71244911588	TRUE	TRUE	TRUE
2155	37162.4908705865	5890.5196352057	TRUE	TRUE	TRUE
2156	40044.6367461248	4514.24827942836	TRUE	FALSE	TRUE
2157	37742.6527369145	5171.69298153	TRUE	TRUE	TRUE
2158	39341.0665145049	4833.66561761105	TRUE	TRUE	TRUE
2159	37582.8521539875	6171.19431373368	TRUE	TRUE	TRUE
2160	38667.3520214963	5385.49509610204	TRUE	TRUE	TRUE
2161	38886.9209461516	4981.54670019136	TRUE	TRUE	TRUE
2162	37792.2515898109	5148.19298932774	TRUE	TRUE	TRUE
2163	39765.1883788347	4805.17716225721	TRUE	TRUE	TRUE
2164	35250.9732902579	6756.14313350159	TRUE	TRUE	TRUE
2165	34522.8881189986	7072.17423412255	TRUE	TRUE	TRUE
2166	38395.1742731322	5038.15758020034	TRUE	TRUE	TRUE
2167	38451.8015496602	5163.84658354294	TRUE	TRUE	TRUE
2168	35910.4279039992	6596.71863145059	TRUE	TRUE	TRUE
2169	36524.70005896	5467.19262440964	TRUE	TRUE	TRUE
2170	36573.7638666735	5526.88460195282	TRUE	TRUE	TRUE
2171	38801.4525964013	4955.87090890716	TRUE	TRUE	TRUE
2172	36221.8425410344	6412.5061382539	TRUE	TRUE	TRUE
2173	36868.8731377362	5619.50032705451	TRUE	TRUE	TRUE
2174	38901.6009785134	5323.4915555942	TRUE	TRUE	TRUE
2175	38490.4365541067	4964.26296796924	TRUE	TRUE	TRUE
2176	37459.2755074468	5688.286086029	TRUE	TRUE	TRUE
2177	38109.7337458232	5077.5611942018	TRUE	TRUE	TRUE
2178	39974.539701993	4539.38299894751	TRUE	FALSE	TRUE
2179	35887.134424939	6634.11069461915	TRUE	TRUE	TRUE
2180	34319.2840577844	7287.99983038762	TRUE	TRUE	TRUE
2181	37141.1592275281	6262.55461852088	TRUE	TRUE	TRUE
2182	40024.9633429071	4858.7472101774	TRUE	TRUE	TRUE
2183	36942.5054024191	5330.44912101271	TRUE	TRUE	TRUE
2184	41622.8117673904	4852.09469624629	FALSE	TRUE	TRUE
2185	39650.0091966124	5161.69328459518	TRUE	TRUE	TRUE
2186	37378.6222788822	5585.48802574594	TRUE	TRUE	TRUE
2187	35385.026975933	7122.00351973507	TRUE	TRUE	TRUE
2188	36541.6560665334	6467.04059183226	TRUE	TRUE	TRUE
2189	36209.2998105193	5901.97905749189	TRUE	TRUE	TRUE
2190	39306.5378763112	5348.66239242475	TRUE	TRUE	TRUE
2191	35428.0827567586	7127.1442520122	TRUE	TRUE	TRUE
2192	35231.6054235619	5929.32388890272	TRUE	TRUE	TRUE
2193	35590.3531294069	6922.3650493521	TRUE	TRUE	TRUE
2194	38263.7193348762	5459.19938169581	TRUE	TRUE	TRUE
2195	36443.9644997931	5926.33245285905	TRUE	TRUE	TRUE
2196	39384.6949876436	5235.77275839013	TRUE	TRUE	TRUE
2197	38724.7316290039	4969.32171461296	TRUE	TRUE	TRUE
2198	39373.7447878739	5598.02346717976	TRUE	TRUE	TRUE
2199	37508.3143092069	5468.22362920952	TRUE	TRUE	TRUE
2200	38482.622304829	5295.06495101229	TRUE	TRUE	TRUE
2201	37749.450432853	6736.86786700981	TRUE	TRUE	TRUE
2202	39595.9331917442	4962.76562243916	TRUE	TRUE	TRUE
2203	37759.342631816	5188.67781736965	TRUE	TRUE	TRUE
2204	39946.4409415807	5141.40615272293	TRUE	TRUE	TRUE
2205	39926.901945531	4970.935203694	TRUE	TRUE	TRUE
2206	38752.0170465684	4770.8659313735	TRUE	TRUE	TRUE
2207	34287.00149236	7374.18412848781	TRUE	TRUE	TRUE
2208	37103.0212149873	5424.63346746108	TRUE	TRUE	TRUE
2209	36114.5781915327	6568.6042363276	TRUE	TRUE	TRUE
2210	39763.9997440852	5192.96916350148	TRUE	TRUE	TRUE
2211	34678.4655381556	8129.79989212684	TRUE	TRUE	TRUE
2212	37168.0371686204	6158.79079768167	TRUE	TRUE	TRUE
2213	39532.1193655704	4576.8133656427	TRUE	FALSE	TRUE
2214	36711.9573167551	5685.76224685483	TRUE	TRUE	TRUE
2215	32131.5481934473	7913.11520724648	TRUE	TRUE	TRUE
2216	38173.9309237499	5260.38135243672	TRUE	TRUE	TRUE
2217	38026.714378253	5301.9583428798	TRUE	TRUE	TRUE
2218	33352.6280835162	7307.18077223783	TRUE	TRUE	TRUE
2219	34708.0207454442	6356.06710020736	TRUE	TRUE	TRUE
2220	39293.5330545315	4826.88097031281	TRUE	TRUE	TRUE
2221	41132.9349431085	4309.40470492385	TRUE	FALSE	TRUE
2222	34672.7821537169	7382.75561637463	TRUE	TRUE	TRUE
2223	38268.6573979323	5171.08420180435	TRUE	TRUE	TRUE
2224	36765.5138439305	5791.9557519327	TRUE	TRUE	TRUE
2225	35699.7531896062	5671.83847151837	TRUE	TRUE	TRUE
2226	38207.3356581071	5244.6529083974	TRUE	TRUE	TRUE
2227	37617.5938083346	5340.33371772257	TRUE	TRUE	TRUE
2228	38596.4850568137	4813.94705594388	TRUE	TRUE	TRUE
2229	35467.9169813866	6639.78197365335	TRUE	TRUE	TRUE
2230	39139.2594695182	5265.88725599974	TRUE	TRUE	TRUE
2231	37891.8729961529	5422.17106955234	TRUE	TRUE	TRUE
2232	34796.8584073693	6151.78615925507	TRUE	TRUE	TRUE
2233	39981.576838731	5005.78589243819	TRUE	TRUE	TRUE
2234	35802.3647602807	5991.68417005191	TRUE	TRUE	TRUE
2235	38711.6544965844	5208.25078297472	TRUE	TRUE	TRUE
2236	36489.2196789219	6301.9089687028	TRUE	TRUE	TRUE
2237	37636.2549217977	5392.47520604519	TRUE	TRUE	TRUE
2238	37519.3346514663	5578.39899012203	TRUE	TRUE	TRUE
2239	35718.8360370671	7030.93134917516	TRUE	TRUE	TRUE
2240	37708.7459315198	5148.71450697997	TRUE	TRUE	TRUE
2241	34299.0657744518	6706.96192177381	TRUE	TRUE	TRUE
2242	39743.5936310519	4536.42006879947	TRUE	FALSE	TRUE
2243	37307.541080244	5285.97026035336	TRUE	TRUE	TRUE
2244	34609.5491361862	7841.57280055145	TRUE	TRUE	TRUE
2245	38445.8072018411	5421.17643104554	TRUE	TRUE	TRUE
2246	37600.2741793916	5829.27623056312	TRUE	TRUE	TRUE
2247	36713.9370860242	5530.3319007121	TRUE	TRUE	TRUE
2248	38373.6556702009	5083.53591886656	TRUE	TRUE	TRUE
2249	36108.9245632218	6243.59878591063	TRUE	TRUE	TRUE
2250	32567.678851931	9014.00470238105	TRUE	TRUE	TRUE
2251	36120.8008756786	6467.27199077643	TRUE	TRUE	TRUE
2252	36466.5884067541	5916.89305109614	TRUE	TRUE	TRUE
2253	36200.4569312351	5892.23932544391	TRUE	TRUE	TRUE
2254	36568.7438444553	6197.28503636235	TRUE	TRUE	TRUE
2255	40369.725686483	4702.16669195239	TRUE	TRUE	TRUE
2256	36797.8448829698	5617.78719544078	TRUE	TRUE	TRUE
2257	36517.2209707241	6321.88597696389	TRUE	TRUE	TRUE
2258	29529.4570212877	8800.63543040647	TRUE	TRUE	TRUE
2259	35889.1171147726	5861.21634927	TRUE	TRUE	TRUE
2260	35579.4137880125	6149.33118220478	TRUE	TRUE	TRUE
2261	35144.6707305422	6355.2891050067	TRUE	TRUE	TRUE
2262	33024.9773420043	7506.94357850696	TRUE	TRUE	TRUE
2263	36611.4187909133	6629.84759905947	TRUE	TRUE	TRUE
2264	38822.6431642529	5028.68555118592	TRUE	TRUE	TRUE
2265	37389.7684922484	5145.46154268785	TRUE	TRUE	TRUE
2266	37903.6986204552	5409.83321662153	TRUE	TRUE	TRUE
2267	41770.2379252896	4137.64838537242	FALSE	FALSE	TRUE
2268	40459.1502961133	5088.04469375948	TRUE	TRUE	TRUE
2269	32707.6509709586	7239.03431497169	TRUE	TRUE	TRUE
2270	38019.7060073558	5415.24400424126	TRUE	TRUE	TRUE
2271	38857.186292119	4809.49662924003	TRUE	TRUE	TRUE
2272	39000.8291536926	4947.65428103779	TRUE	TRUE	TRUE
2273	39304.984254305	4729.9656463439	TRUE	TRUE	TRUE
2274	37253.564631828	5311.81868446914	TRUE	TRUE	TRUE
2275	38675.401124078	5094.3836238574	TRUE	TRUE	TRUE
2276	37100.4123673976	5711.94441045239	TRUE	TRUE	TRUE
2277	36665.2113609156	5477.81937474713	TRUE	TRUE	TRUE
2278	38137.0254859133	5300.47293574458	TRUE	TRUE	TRUE
2279	39359.6053828848	4721.92894226661	TRUE	TRUE	TRUE
2280	40361.3113721046	4861.1294721018	TRUE	TRUE	TRUE
2281	35339.2127564859	6411.63238468515	TRUE	TRUE	TRUE
2282	37494.3108318577	5611.36199928571	TRUE	TRUE	TRUE
2283	36857.5207847071	5863.44118302531	TRUE	TRUE	TRUE
2284	34103.655540614	7783.39952452434	TRUE	TRUE	TRUE
2285	37494.6013772739	5811.32156755424	TRUE	TRUE	TRUE
2286	38243.1595749141	5001.84702228358	TRUE	TRUE	TRUE
2287	37788.300755937	5226.64012065166	TRUE	TRUE	TRUE
2288	37049.2949497049	5231.63118089785	TRUE	TRUE	TRUE
2289	36864.9976277559	5357.13783416752	TRUE	TRUE	TRUE
2290	36099.5405180261	5902.59707218088	TRUE	TRUE	TRUE
2291	37388.8079457185	5471.11704555022	TRUE	TRUE	TRUE
2292	39802.7008604826	4717.22381744247	TRUE	TRUE	TRUE
2293	36967.7077018607	5990.78109218552	TRUE	TRUE	TRUE
2294	39523.6562662191	4584.02537559324	TRUE	FALSE	TRUE
2295	38708.0585577725	5037.968934975	TRUE	TRUE	TRUE
2296	39210.8023723592	4977.11045844332	TRUE	TRUE	TRUE
2297	33843.5533144698	7395.45967339368	TRUE	TRUE	TRUE
2298	39190.0414091476	4750.51882359202	TRUE	TRUE	TRUE
2299	36795.1242134121	5804.03306675712	TRUE	TRUE	TRUE
2300	37110.0478993166	6099.14739823817	TRUE	TRUE	TRUE
2301	36428.1267454764	6432.02227363978	TRUE	TRUE	TRUE
2302	36830.71660912	5600.11660057305	TRUE	TRUE	TRUE
2303	37297.9965094565	5195.411893149	TRUE	TRUE	TRUE
2304	39100.2344274603	5410.05397468735	TRUE	TRUE	TRUE
2305	37001.5943762786	5277.41479764264	TRUE	TRUE	TRUE
2306	36063.0243535565	6677.01818409673	TRUE	TRUE	TRUE
2307	36857.0331865835	5683.33187965791	TRUE	TRUE	TRUE
2308	39148.6919597742	5214.03968160695	TRUE	TRUE	TRUE
2309	37915.4134683589	5184.60456949632	TRUE	TRUE	TRUE
2310	34912.3660642371	5892.97685290442	TRUE	TRUE	TRUE
2311	33090.0957395601	6835.18167131346	TRUE	TRUE	TRUE
2312	36644.537363004	5683.57098307184	TRUE	TRUE	TRUE
2313	36711.8064308808	6208.30713595277	TRUE	TRUE	TRUE
2314	38199.3841560916	5616.28179132346	TRUE	TRUE	TRUE
2315	37652.5018142629	5442.67124715034	TRUE	TRUE	TRUE
2316	37167.3330573998	5601.22650340879	TRUE	TRUE	TRUE
2317	38835.3960843658	5936.21564073009	TRUE	TRUE	TRUE
2318	37610.4947143746	5304.58088750283	TRUE	TRUE	TRUE
2319	36063.9001641245	6267.63363475529	TRUE	TRUE	TRUE
2320	38484.4169437018	5043.32877921143	TRUE	TRUE	TRUE
2321	36997.986942897	6149.55149949553	TRUE	TRUE	TRUE
2322	37426.3740359031	5961.62399880504	TRUE	TRUE	TRUE
2323	36312.3628571679	5827.65860921406	TRUE	TRUE	TRUE
2324	36574.4980147735	6891.0873928235	TRUE	TRUE	TRUE
2325	40599.8675899043	4768.9478662841	TRUE	TRUE	TRUE
2326	39076.7050996984	4720.07759459972	TRUE	TRUE	TRUE
2327	37651.0976650486	6027.30583403457	TRUE	TRUE	TRUE
2328	35802.8037609579	6400.63818125982	TRUE	TRUE	TRUE
2329	35174.0841671784	6306.55232995952	TRUE	TRUE	TRUE
2330	33757.1381386049	6403.30040286964	TRUE	TRUE	TRUE
2331	37751.9541682076	5485.32398964638	TRUE	TRUE	TRUE
2332	39310.4900837806	4809.34966917737	TRUE	TRUE	TRUE
2333	35742.8621606958	6278.40328107418	TRUE	TRUE	TRUE
2334	35037.5482031116	6394.54782460985	TRUE	TRUE	TRUE
2335	37190.3746580806	5577.14781602296	TRUE	TRUE	TRUE
2336	38271.2224562426	5139.61467162149	TRUE	TRUE	TRUE
2337	33349.30828384	7353.30380825527	TRUE	TRUE	TRUE
2338	37541.3221114825	5262.70325648427	TRUE	TRUE	TRUE
2339	36373.9367472943	6090.23408179344	TRUE	TRUE	TRUE
2340	37652.9000115937	5674.53748324172	TRUE	TRUE	TRUE
2341	37851.9289108964	5384.67336389451	TRUE	TRUE	TRUE
2342	35857.8428283747	7005.91344915524	TRUE	TRUE	TRUE
2343	37502.4198645056	5700.00597607579	TRUE	TRUE	TRUE
2344	38975.1523938773	5329.88734867157	TRUE	TRUE	TRUE
2345	37638.8394193451	5943.68682402957	TRUE	TRUE	TRUE
2346	39421.4315350566	4703.02881383553	TRUE	TRUE	TRUE
2347	36701.9009365168	5930.8510591832	TRUE	TRUE	TRUE
2348	38387.7811183679	5446.3310017131	TRUE	TRUE	TRUE
2349	39840.0037802199	4544.40953516582	TRUE	FALSE	TRUE
2350	38647.0755579128	5600.88148238071	TRUE	TRUE	TRUE
2351	38637.0026744462	5006.71786106621	TRUE	TRUE	TRUE
2352	38656.0357369428	4905.61604123587	TRUE	TRUE	TRUE
2353	39011.9517327766	5146.06801064656	TRUE	TRUE	TRUE
2354	37905.3862671316	5260.31951974424	TRUE	TRUE	TRUE
2355	34509.4329955397	6167.68469588346	TRUE	TRUE	TRUE
2356	38252.3176378098	5199.85651820804	TRUE	TRUE	TRUE
2357	35627.218311166	6424.39555072078	TRUE	TRUE	TRUE
2358	38008.1563813946	5340.95541586614	TRUE	TRUE	TRUE
2359	40193.3933019514	4648.94175364862	TRUE	TRUE	TRUE
2360	38859.7201154813	5315.25695365025	TRUE	TRUE	TRUE
2361	38746.493286682	5371.57803154177	TRUE	TRUE	TRUE
2362	38229.4274698151	4959.95716035599	TRUE	TRUE	TRUE
2363	37154.8387043315	5286.55279427351	TRUE	TRUE	TRUE
2364	35480.9973234861	6005.82927829408	TRUE	TRUE	TRUE
2365	38021.0568872343	5193.42642652997	TRUE	TRUE	TRUE
2366	36641.7745574148	5771.83725741815	TRUE	TRUE	TRUE
2367	41518.9156451063	4372.80081878677	TRUE	FALSE	TRUE
2368	35510.2899453677	6056.75369013492	TRUE	TRUE	TRUE
2369	33851.9296003121	6791.74086957495	TRUE	TRUE	TRUE
2370	37767.4458980829	5854.69392772493	TRUE	TRUE	TRUE
2371	39343.9920729497	4767.80751540406	TRUE	TRUE	TRUE
2372	39023.6373087756	5146.95508108283	TRUE	TRUE	TRUE
2373	35701.6313289186	6082.80764867654	TRUE	TRUE	TRUE
2374	38423.2174122009	5187.96270956867	TRUE	TRUE	TRUE
2375	36615.0817838142	5667.99249455561	TRUE	TRUE	TRUE
2376	41102.3145131329	4585.33006933163	TRUE	FALSE	TRUE
2377	36817.6439653644	5825.52992463095	TRUE	TRUE	TRUE
2378	39008.1882427457	4599.87305876943	TRUE	TRUE	TRUE
2379	37982.6348094759	5496.7572186031	TRUE	TRUE	TRUE
2380	32601.4659890909	7448.25732154754	TRUE	TRUE	TRUE
2381	35556.7993604491	5890.92402677579	TRUE	TRUE	TRUE
2382	39187.6337573801	5193.46035027937	TRUE	TRUE	TRUE
2383	34689.3789432973	6372.42218078319	TRUE	TRUE	TRUE
2384	37115.1423531555	6178.95168087613	TRUE	TRUE	TRUE
2385	37792.9567142384	5155.11438173329	TRUE	TRUE	TRUE
2386	40086.6396240756	4701.24502941464	TRUE	TRUE	TRUE
2387	36321.2673440006	5886.33428231397	TRUE	TRUE	TRUE
2388	38846.0141219651	4864.02553433245	TRUE	TRUE	TRUE
2389	38018.5412677496	5078.59121703838	TRUE	TRUE	TRUE
2390	41479.9091351848	4211.87032745155	TRUE	FALSE	TRUE
2391	37396.4634606337	5353.07639434887	TRUE	TRUE	TRUE
2392	38600.0286059501	5100.9869174674	TRUE	TRUE	TRUE
2393	41316.2774210058	4333.32906830784	TRUE	FALSE	TRUE
2394	36536.3506989653	6015.35899970201	TRUE	TRUE	TRUE
2395	39211.1626252265	5324.04492496408	TRUE	TRUE	TRUE
2396	38969.6109619235	4772.51851238793	TRUE	TRUE	TRUE
2397	35588.8397730946	6495.26851848197	TRUE	TRUE	TRUE
2398	36487.6524104665	6029.10236946895	TRUE	TRUE	TRUE
2399	34285.2951118578	6523.29283142161	TRUE	TRUE	TRUE
2400	37080.9699928433	6187.99289185155	TRUE	TRUE	TRUE
2401	37060.0182570545	5507.99422804007	TRUE	TRUE	TRUE
2402	38148.0422029857	4964.10279028876	TRUE	TRUE	TRUE
2403	38861.0851281075	5458.33418334434	TRUE	TRUE	TRUE
2404	36561.8317647711	6104.93404840319	TRUE	TRUE	TRUE
2405	35999.8859846888	5901.95870534087	TRUE	TRUE	TRUE
2406	39625.676190748	4860.64347571899	TRUE	TRUE	TRUE
2407	38657.3329110289	5041.69962629403	TRUE	TRUE	TRUE
2408	34130.3976993869	6617.5430056084	TRUE	TRUE	TRUE
2409	38121.2653533856	5613.00841876193	TRUE	TRUE	TRUE
2410	35914.7482452337	5731.11998002198	TRUE	TRUE	TRUE
2411	35864.8532976458	5851.84313206401	TRUE	TRUE	TRUE
2412	40461.6556869428	4615.95569014213	TRUE	TRUE	TRUE
2413	35773.1109164338	6515.74689549216	TRUE	TRUE	TRUE
2414	38830.082009696	5140.36169511184	TRUE	TRUE	TRUE
2415	35925.0359277666	5665.79075712315	TRUE	TRUE	TRUE
2416	41144.36724792	4376.89823672019	TRUE	FALSE	TRUE
2417	38483.6800371237	5471.36883143666	TRUE	TRUE	TRUE
2418	38203.503273021	5065.15119448153	TRUE	TRUE	TRUE
2419	33704.4754791459	8158.74783342144	TRUE	TRUE	TRUE
2420	33721.2206570423	7123.41532493184	TRUE	TRUE	TRUE
2421	36362.3023628486	5695.51595429016	TRUE	TRUE	TRUE
2422	36973.1681609161	5550.86514983096	TRUE	TRUE	TRUE
2423	37093.0974468058	5373.38138344898	TRUE	TRUE	TRUE
2424	38550.4684681788	5020.81953058693	TRUE	TRUE	TRUE
2425	38353.3227039698	5579.76302056196	TRUE	TRUE	TRUE
2426	36219.8389314733	6179.82761013563	TRUE	TRUE	TRUE
2427	36188.2896907668	5876.480740661	TRUE	TRUE	TRUE
2428	38802.4353696846	5214.05267742471	TRUE	TRUE	TRUE
2429	36772.177419917	5784.61090234012	TRUE	TRUE	TRUE
2430	37271.2901968875	5483.8495660516	TRUE	TRUE	TRUE
2431	38825.2391533515	5435.33813587052	TRUE	TRUE	TRUE
2432	35501.5733021782	6068.5135211731	TRUE	TRUE	TRUE
2433	36961.5672163869	5479.01009298492	TRUE	TRUE	TRUE
2434	38899.1500876021	5225.70795604768	TRUE	TRUE	TRUE
2435	41958.2537322478	4042.281174046	FALSE	FALSE	TRUE
2436	36370.0569648843	6406.2955408586	TRUE	TRUE	TRUE
2437	34454.1730503981	6986.11796954873	TRUE	TRUE	TRUE
2438	35962.1981566792	6003.86157443847	TRUE	TRUE	TRUE
2439	36308.9874764365	5741.85905830285	TRUE	TRUE	TRUE
2440	38256.104067534	5985.49128933469	TRUE	TRUE	TRUE
2441	41932.8111291633	4207.51654352895	FALSE	FALSE	TRUE
2442	37338.740082364	5452.10069903325	TRUE	TRUE	TRUE
2443	37309.1477221247	6236.10261879113	TRUE	TRUE	TRUE
2444	34487.2774153487	7547.84670028947	TRUE	TRUE	TRUE
2445	36741.0293703425	6125.09254479945	TRUE	TRUE	TRUE
2446	37590.1927157516	5623.06791922482	TRUE	TRUE	TRUE
2447	39997.9544248761	4755.01485375474	TRUE	TRUE	TRUE
2448	40482.1900720132	4632.93552617393	TRUE	TRUE	TRUE
2449	32756.4226918711	6717.32223125039	TRUE	TRUE	TRUE
2450	36041.2496112208	5570.76576561575	TRUE	TRUE	TRUE
2451	33760.0386070717	6737.21742359283	TRUE	TRUE	TRUE
2452	37499.9222369537	5307.89687198549	TRUE	TRUE	TRUE
2453	37383.716518401	5252.40142791961	TRUE	TRUE	TRUE
2454	40435.2545742264	4498.48436001942	TRUE	FALSE	TRUE
2455	39246.4688200066	4816.36560101077	TRUE	TRUE	TRUE
2456	38676.5294806397	5046.47223470171	TRUE	TRUE	TRUE
2457	34833.4657067418	6724.10176027459	TRUE	TRUE	TRUE
2458	40423.8300748308	4691.48209202184	TRUE	TRUE	TRUE
2459	37204.715776618	5439.49063634045	TRUE	TRUE	TRUE
2460	38025.6748982407	5164.35205815082	TRUE	TRUE	TRUE
2461	39683.9841115352	4929.7202464008	TRUE	TRUE	TRUE
2462	38142.0030089393	5241.33357935173	TRUE	TRUE	TRUE
2463	38009.3380079166	5126.13765357285	TRUE	TRUE	TRUE
2464	37740.9828262713	5163.42209910679	TRUE	TRUE	TRUE
2465	37303.9322541617	5668.9628239372	TRUE	TRUE	TRUE
2466	40229.6595023048	4853.60813443597	TRUE	TRUE	TRUE
2467	38786.1262818201	5198.27286665643	TRUE	TRUE	TRUE
2468	34422.2115945155	7394.12695520475	TRUE	TRUE	TRUE
2469	37841.1894932853	5340.14048909039	TRUE	TRUE	TRUE
2470	37342.1134681055	5629.13533268969	TRUE	TRUE	TRUE
2471	39737.9733553961	4511.17211492613	TRUE	FALSE	TRUE
2472	36530.1043035696	5727.25633724422	TRUE	TRUE	TRUE
2473	34993.3185821311	6452.13274795379	TRUE	TRUE	TRUE
2474	39610.5564516428	5025.72404246891	TRUE	TRUE	TRUE
2475	36517.9519529616	5477.07784120851	TRUE	TRUE	TRUE
2476	34499.3840635622	6802.92427301655	TRUE	TRUE	TRUE
2477	38195.3010354648	5218.582400207	TRUE	TRUE	TRUE
2478	37906.8874240937	5025.8482597549	TRUE	TRUE	TRUE
2479	37672.9414541708	5424.02921757461	TRUE	TRUE	TRUE
2480	36850.9357131793	5414.8716975518	TRUE	TRUE	TRUE
2481	39421.3226738817	4736.55962550579	TRUE	TRUE	TRUE
2482	38119.7744015209	4928.96051938185	TRUE	TRUE	TRUE
2483	37723.2933364302	5161.01380523626	TRUE	TRUE	TRUE
2484	43927.6955209546	3734.10102608212	FALSE	FALSE	TRUE
2485	35907.3471627917	6424.87970487036	TRUE	TRUE	TRUE
2486	38365.9731279891	5183.94468228832	TRUE	TRUE	TRUE
2487	38891.662197591	5070.90762824794	TRUE	TRUE	TRUE
2488	38443.502177337	5251.15422049007	TRUE	TRUE	TRUE
2489	37151.8789074685	6218.85331717434	TRUE	TRUE	TRUE
2490	38315.753969901	5705.44835910973	TRUE	TRUE	TRUE
2491	38877.7688908034	5537.61597943479	TRUE	TRUE	TRUE
2492	35615.1833322279	6240.23835218349	TRUE	TRUE	TRUE
2493	39256.3870180058	4965.47655017451	TRUE	TRUE	TRUE
2494	36693.7362211303	6551.75456719147	TRUE	TRUE	TRUE
2495	36356.7853173459	5810.9468675479	TRUE	TRUE	TRUE
2496	39614.8268930177	4875.28709101825	TRUE	TRUE	TRUE
2497	37998.8007681866	4953.38239055592	TRUE	TRUE	TRUE
2498	38907.217657628	5073.93141248659	TRUE	TRUE	TRUE
2499	40499.3085008135	4832.21992100802	TRUE	TRUE	TRUE
2500	37219.4303238906	5524.92932576121	TRUE	TRUE	TRUE
2501	36771.8911299808	5719.56955251841	TRUE	TRUE	TRUE
2502	33558.8651096668	6847.4225389309	TRUE	TRUE	TRUE
2503	34551.5555058197	6949.93857114041	TRUE	TRUE	TRUE
2504	33580.7172147693	8530.88738352357	TRUE	TRUE	TRUE
2505	35030.8006331169	6962.19595007085	TRUE	TRUE	TRUE
2506	37288.8363911777	5765.50946209205	TRUE	TRUE	TRUE
2507	38540.9979518556	4926.76097637525	TRUE	TRUE	TRUE
2508	37542.8594746461	5584.00525648737	TRUE	TRUE	TRUE
2509	35954.236890789	5881.94401081499	TRUE	TRUE	TRUE
2510	36387.0222292233	6057.89275650786	TRUE	TRUE	TRUE
2511	36410.8559585085	5726.69817154953	TRUE	TRUE	TRUE
2512	33950.6681852053	6600.67106830223	TRUE	TRUE	TRUE
2513	33775.218162778	7148.99591489204	TRUE	TRUE	TRUE
2514	33773.0115188291	6618.88775130473	TRUE	TRUE	TRUE
2515	37447.1840123673	5298.85756007394	TRUE	TRUE	TRUE
2516	38061.4975345548	5004.58866558316	TRUE	TRUE	TRUE
2517	39743.4476967679	4639.98326868644	TRUE	TRUE	TRUE
2518	36404.6866942296	6318.06677266396	TRUE	TRUE	TRUE
2519	36053.9553136389	5764.90383652642	TRUE	TRUE	TRUE
2520	37921.3922061713	5122.68248986464	TRUE	TRUE	TRUE
2521	38750.0686614985	5215.69339560881	TRUE	TRUE	TRUE
2522	34583.6943694033	7082.82351402936	TRUE	TRUE	TRUE
2523	33484.5193305726	7640.1552708716	TRUE	TRUE	TRUE
2524	35490.4022119124	6139.67968148031	TRUE	TRUE	TRUE
2525	36550.3843564647	5562.94358262385	TRUE	TRUE	TRUE
2526	36007.8156140288	5654.97122585922	TRUE	TRUE	TRUE
2527	39920.8313349432	4809.53895703658	TRUE	TRUE	TRUE
2528	39242.6331000232	4836.04253456089	TRUE	TRUE	TRUE
2529	34507.2342745653	6352.92536220772	TRUE	TRUE	TRUE
2530	40296.3289402423	4731.44464605983	TRUE	TRUE	TRUE
2531	39604.9258809533	4812.8259068003	TRUE	TRUE	TRUE
2532	34684.1662177857	7204.16330638189	TRUE	TRUE	TRUE
2533	40233.6715534393	5083.59866481633	TRUE	TRUE	TRUE
2534	40054.2606941678	4693.37895971257	TRUE	TRUE	TRUE
2535	37301.6077220161	5719.05224100444	TRUE	TRUE	TRUE
2536	38853.1282214097	4772.87992331664	TRUE	TRUE	TRUE
2537	32601.8748319905	7811.06015718646	TRUE	TRUE	TRUE
2538	39420.3538981898	5142.36775205714	TRUE	TRUE	TRUE
2539	37137.9705487863	5467.60580658107	TRUE	TRUE	TRUE
2540	34290.9783909947	6612.75429896837	TRUE	TRUE	TRUE
2541	38740.7248427389	5013.94337848084	TRUE	TRUE	TRUE
2542	37186.5816960151	5528.04493367354	TRUE	TRUE	TRUE
2543	35828.1492956734	5887.92209270191	TRUE	TRUE	TRUE
2544	37112.8848488222	5685.74360373819	TRUE	TRUE	TRUE
2545	38534.0893725435	5095.33226167839	TRUE	TRUE	TRUE
2546	37467.9558711666	5666.75025220338	TRUE	TRUE	TRUE
2547	38780.2090385165	4902.95252735553	TRUE	TRUE	TRUE
2548	38419.1350144238	4943.77577991552	TRUE	TRUE	TRUE
2549	40473.0562441906	4415.76624920437	TRUE	FALSE	TRUE
2550	38852.1412966112	4957.47461910708	TRUE	TRUE	TRUE
2551	36425.1010173022	5850.40244807614	TRUE	TRUE	TRUE
2552	36546.0405605048	5899.98685331615	TRUE	TRUE	TRUE
2553	37032.8707735809	6802.58428177874	TRUE	TRUE	TRUE
2554	37907.2251681328	5456.17706824893	TRUE	TRUE	TRUE
2555	36942.1483079442	5846.69738052587	TRUE	TRUE	TRUE
2556	38767.8152285741	5258.4720518572	TRUE	TRUE	TRUE
2557	32850.8214248562	7728.42861640513	TRUE	TRUE	TRUE
2558	39957.172522435	5494.67771039448	TRUE	TRUE	TRUE
2559	36540.9918400349	5989.17678974932	TRUE	TRUE	TRUE
2560	33495.183012233	7187.83661956408	TRUE	TRUE	TRUE
2561	37863.7753781041	5069.73299813782	TRUE	TRUE	TRUE
2562	32689.2714927254	7509.64974290559	TRUE	TRUE	TRUE
2563	38854.4223917905	4990.36764596541	TRUE	TRUE	TRUE
2564	38415.6681529106	4923.01504191254	TRUE	TRUE	TRUE
2565	35909.4585045021	6213.9267664828	TRUE	TRUE	TRUE
2566	35752.9765505068	6068.63620730618	TRUE	TRUE	TRUE
2567	39062.1643505061	4758.27956276602	TRUE	TRUE	TRUE
2568	37124.6203336763	5536.78271334252	TRUE	TRUE	TRUE
2569	39781.4037502198	5001.76912386482	TRUE	TRUE	TRUE
2570	36681.4875360504	5467.78504761568	TRUE	TRUE	TRUE
2571	37223.1154847889	5969.75282597113	TRUE	TRUE	TRUE
2572	37113.6405404478	5207.75521938756	TRUE	TRUE	TRUE
2573	39138.1798882809	5305.01150096785	TRUE	TRUE	TRUE
2574	35146.5937921122	6601.76354410585	TRUE	TRUE	TRUE
2575	36372.2418513303	5885.26308013585	TRUE	TRUE	TRUE
2576	36092.8055641326	5843.12508758878	TRUE	TRUE	TRUE
2577	39279.1375213427	4606.59587153297	TRUE	TRUE	TRUE
2578	38137.3103896397	5078.8233857951	TRUE	TRUE	TRUE
2579	38340.381677702	5094.80000124696	TRUE	TRUE	TRUE
2580	40690.6113300764	4747.90843975519	TRUE	TRUE	TRUE
2581	39983.5960708994	4601.9603521631	TRUE	TRUE	TRUE
2582	36992.0298766182	5311.74619568102	TRUE	TRUE	TRUE
2583	38487.2289298539	5678.62625824412	TRUE	TRUE	TRUE
2584	37356.7639882775	5307.3495404433	TRUE	TRUE	TRUE
2585	31093.4875817361	9421.37031971208	TRUE	TRUE	TRUE
2586	37166.1186950232	6060.77249559187	TRUE	TRUE	TRUE
2587	39628.4866503558	5030.25380428782	TRUE	TRUE	TRUE
2588	31514.8076940257	7951.81700007757	TRUE	TRUE	TRUE
2589	32377.411462809	7584.89894045623	TRUE	TRUE	TRUE
2590	36869.536866279	6008.65522352916	TRUE	TRUE	TRUE
2591	43087.0195185846	4165.6195857811	FALSE	FALSE	TRUE
2592	42223.3816103066	3944.97235855427	FALSE	FALSE	TRUE
2593	33606.7940919339	7884.1867214886	TRUE	TRUE	TRUE
2594	38459.9117068465	5041.36160832445	TRUE	TRUE	TRUE
2595	37521.2812340499	5218.48759364241	TRUE	TRUE	TRUE
2596	37928.9265833868	5547.79718815527	TRUE	TRUE	TRUE
2597	39046.2672323778	4692.56217301277	TRUE	TRUE	TRUE
2598	36508.1664971019	6085.91494827943	TRUE	TRUE	TRUE
2599	37773.1794592982	5340.46653296634	TRUE	TRUE	TRUE
2600	33316.3962293379	7219.46696888351	TRUE	TRUE	TRUE
2601	37184.3886882928	5396.13203497509	TRUE	TRUE	TRUE
2602	37651.133560131	5363.8241859986	TRUE	TRUE	TRUE
2603	36833.5521029878	5377.15283520595	TRUE	TRUE	TRUE
2604	36583.2564571997	6695.00526793031	TRUE	TRUE	TRUE
2605	37358.7106487612	5105.55402040853	TRUE	TRUE	TRUE
2606	33792.8082863757	6646.40160522717	TRUE	TRUE	TRUE
2607	38437.553851094	4909.94269261712	TRUE	TRUE	TRUE
2608	38658.1003868028	5264.79017418458	TRUE	TRUE	TRUE
2609	39270.0272864364	5976.23519268575	TRUE	TRUE	TRUE
2610	35840.7184470783	5950.71290235884	TRUE	TRUE	TRUE
2611	37854.3286936644	5417.9339758257	TRUE	TRUE	TRUE
2612	38336.8810845491	4964.98348853998	TRUE	TRUE	TRUE
2613	37797.2833657066	5526.49689508102	TRUE	TRUE	TRUE
2614	38111.7816336633	5031.22646900441	TRUE	TRUE	TRUE
2615	38798.2969659427	5160.090119083	TRUE	TRUE	TRUE
2616	36884.299877282	5061.58248968756	TRUE	TRUE	TRUE
2617	38265.9784248977	5464.85454124608	TRUE	TRUE	TRUE
2618	38340.5880722836	5486.00238628038	TRUE	TRUE	TRUE
2619	36568.815865477	6402.26355099715	TRUE	TRUE	TRUE
2620	34093.2839745425	7234.55527424193	TRUE	TRUE	TRUE
2621	36703.9583281115	5816.74870806333	TRUE	TRUE	TRUE
2622	37456.9034380537	5343.9780963709	TRUE	TRUE	TRUE
2623	39073.9319320569	4774.21412547772	TRUE	TRUE	TRUE
2624	39901.149916413	4613.79275365803	TRUE	TRUE	TRUE
2625	39565.5282652678	4897.76110559588	TRUE	TRUE	TRUE
2626	38188.2940195079	5139.86384447426	TRUE	TRUE	TRUE
2627	37181.3374024258	5371.57295886952	TRUE	TRUE	TRUE
2628	37549.8793779724	5827.09182496657	TRUE	TRUE	TRUE
2629	34904.5522484721	6325.42112180788	TRUE	TRUE	TRUE
2630	35910.6961154937	7065.57031727342	TRUE	TRUE	TRUE
2631	35540.8022747911	7030.95895813772	TRUE	TRUE	TRUE
2632	39620.6464930783	4825.90027895432	TRUE	TRUE	TRUE
2633	39351.1959690032	4961.71768856043	TRUE	TRUE	TRUE
2634	38231.4683409404	5462.52002128765	TRUE	TRUE	TRUE
2635	39126.8064645021	5012.53115710628	TRUE	TRUE	TRUE
2636	37957.3966466277	5164.60714854272	TRUE	TRUE	TRUE
2637	38088.5297906759	5411.52343183079	TRUE	TRUE	TRUE
2638	38220.132939256	5240.47547067711	TRUE	TRUE	TRUE
2639	39041.7982235633	5241.28917681065	TRUE	TRUE	TRUE
2640	38554.7212392196	5238.80775888733	TRUE	TRUE	TRUE
2641	36371.2704203415	5528.95134243274	TRUE	TRUE	TRUE
2642	42560.8858197198	4341.02225599984	FALSE	FALSE	TRUE
2643	40144.1744253916	4629.68590279306	TRUE	TRUE	TRUE
2644	36621.7385913397	5610.09728559544	TRUE	TRUE	TRUE
2645	35248.3546194888	6004.47229178177	TRUE	TRUE	TRUE
2646	36117.0954360179	5672.42502640171	TRUE	TRUE	TRUE
2647	37064.4552561236	7477.56393694549	TRUE	TRUE	TRUE
2648	39214.6716832891	4988.5867836204	TRUE	TRUE	TRUE
2649	36702.0556009908	6015.54756440906	TRUE	TRUE	TRUE
2650	37950.9380524645	5231.64324499307	TRUE	TRUE	TRUE
2651	35325.8202357901	6115.28798233307	TRUE	TRUE	TRUE
2652	37823.1707725252	5650.00977184216	TRUE	TRUE	TRUE
2653	37174.1323493217	5779.15976471315	TRUE	TRUE	TRUE
2654	37740.627648411	5407.76704805637	TRUE	TRUE	TRUE
2655	37473.2991780493	5424.67676348349	TRUE	TRUE	TRUE
2656	37936.9806243826	5304.27855687311	TRUE	TRUE	TRUE
2657	38397.6805695326	5746.7150745949	TRUE	TRUE	TRUE
2658	39717.4699497198	4955.67823538447	TRUE	TRUE	TRUE
2659	37900.7349349061	5409.32992047077	TRUE	TRUE	TRUE
2660	34915.9802731052	6446.15401657494	TRUE	TRUE	TRUE
2661	38093.7241338529	5277.44149658434	TRUE	TRUE	TRUE
2662	36701.2951899167	6621.35245538858	TRUE	TRUE	TRUE
2663	37217.6489501904	5661.12367927266	TRUE	TRUE	TRUE
2664	37039.5125628325	6130.14440366362	TRUE	TRUE	TRUE
2665	34907.1870896605	6086.35406732129	TRUE	TRUE	TRUE
2666	39436.684497899	4742.43948588607	TRUE	TRUE	TRUE
2667	38667.2943748474	5634.299323895	TRUE	TRUE	TRUE
2668	36649.7203554355	5767.47380407155	TRUE	TRUE	TRUE
2669	36289.0239339406	5453.24529125088	TRUE	TRUE	TRUE
2670	38514.3925582901	5185.06872241232	TRUE	TRUE	TRUE
2671	39543.2486223582	5179.98955276854	TRUE	TRUE	TRUE
2672	37341.5129987363	6066.61799900556	TRUE	TRUE	TRUE
2673	40055.3052545451	4859.65889748205	TRUE	TRUE	TRUE
2674	39445.2211169644	4501.65447107379	TRUE	FALSE	TRUE
2675	33463.7349871345	7113.69877136936	TRUE	TRUE	TRUE
2676	36498.2086240074	6296.82183908177	TRUE	TRUE	TRUE
2677	38370.8302307019	4954.17725726941	TRUE	TRUE	TRUE
2678	38871.6196521847	4858.04904561122	TRUE	TRUE	TRUE
2679	37116.6986498444	5675.75529615448	TRUE	TRUE	TRUE
2680	35228.8393677391	7059.06501147127	TRUE	TRUE	TRUE
2681	38799.9445192644	5160.75806334935	TRUE	TRUE	TRUE
2682	37403.1160141493	6284.59708733053	TRUE	TRUE	TRUE
2683	37846.2512852848	5352.58096137476	TRUE	TRUE	TRUE
2684	36421.4999312256	5777.72576400127	TRUE	TRUE	TRUE
2685	40219.0329232951	4460.22731835389	TRUE	FALSE	TRUE
2686	38855.985005104	5024.26196196202	TRUE	TRUE	TRUE
2687	38603.7726076555	4955.05757759777	TRUE	TRUE	TRUE
2688	37952.536597849	5503.39103429036	TRUE	TRUE	TRUE
2689	36618.4303765534	5750.73487129888	TRUE	TRUE	TRUE
2690	37267.1216259081	5985.10957544725	TRUE	TRUE	TRUE
2691	37849.9111724962	5481.31114500167	TRUE	TRUE	TRUE
2692	38358.352141901	5148.8264644504	TRUE	TRUE	TRUE
2693	37329.0403463553	6216.10645288045	TRUE	TRUE	TRUE
2694	31700.0923725307	8766.13426650253	TRUE	TRUE	TRUE
2695	38673.9852929024	5146.11906961576	TRUE	TRUE	TRUE
2696	36378.2592523033	6742.98183884241	TRUE	TRUE	TRUE
2697	38412.2902245419	5395.20221124838	TRUE	TRUE	TRUE
2698	38172.3396242254	5251.23108972929	TRUE	TRUE	TRUE
2699	37237.2281717536	5146.46438784005	TRUE	TRUE	TRUE
2700	38787.9479527822	4913.78324048357	TRUE	TRUE	TRUE
2701	37573.3599378253	5292.24784668789	TRUE	TRUE	TRUE
2702	36642.5894620804	5774.32408367363	TRUE	TRUE	TRUE
2703	42010.0897185506	4162.04937786359	FALSE	FALSE	TRUE
2704	39009.4201742575	5163.11771266759	TRUE	TRUE	TRUE
2705	36933.6695574632	5585.30540738473	TRUE	TRUE	TRUE
2706	39068.0549609869	4896.23120001527	TRUE	TRUE	TRUE
2707	36787.3666450306	5568.4734382437	TRUE	TRUE	TRUE
2708	39570.1603808903	4662.21965215673	TRUE	TRUE	TRUE
2709	36440.1606294401	6351.1495280015	TRUE	TRUE	TRUE
2710	37116.1781283409	5521.58427850325	TRUE	TRUE	TRUE
2711	36683.5436271399	5568.86606939615	TRUE	TRUE	TRUE
2712	37287.8558847274	5351.8749373303	TRUE	TRUE	TRUE
2713	37877.7173450278	5306.47360342572	TRUE	TRUE	TRUE
2714	37682.2620770425	5165.00072991071	TRUE	TRUE	TRUE
2715	36403.9746805629	5610.52819913008	TRUE	TRUE	TRUE
2716	38940.1747142559	4932.18089362869	TRUE	TRUE	TRUE
2717	39794.5750136805	4562.02571114771	TRUE	FALSE	TRUE
2718	37873.2909477248	6281.44348893613	TRUE	TRUE	TRUE
2719	37137.4181497181	5986.88173113532	TRUE	TRUE	TRUE
2720	37260.7110984006	5121.32176238055	TRUE	TRUE	TRUE
2721	36968.1972513085	5937.46422556627	TRUE	TRUE	TRUE
2722	39525.0919453041	4412.76404026263	TRUE	FALSE	TRUE
2723	34345.1782476716	6936.29085353962	TRUE	TRUE	TRUE
2724	38029.133422167	5381.85814897289	TRUE	TRUE	TRUE
2725	38117.8908570915	5987.68245833362	TRUE	TRUE	TRUE
2726	38529.2437270442	5161.39590081391	TRUE	TRUE	TRUE
2727	36854.4746280366	5423.75333049216	TRUE	TRUE	TRUE
2728	39781.9811228204	4864.19419815501	TRUE	TRUE	TRUE
2729	38650.221298745	5201.65701047132	TRUE	TRUE	TRUE
2730	38032.4122999133	5132.46509251482	TRUE	TRUE	TRUE
2731	38811.6252932337	5235.99338340173	TRUE	TRUE	TRUE
2732	34842.9940621232	7197.44138306719	TRUE	TRUE	TRUE
2733	34874.4607559074	6514.55607649487	TRUE	TRUE	TRUE
2734	38438.7898215527	5066.50183366045	TRUE	TRUE	TRUE
2735	36584.8855660588	5709.88925127873	TRUE	TRUE	TRUE
2736	37175.5983608621	5420.90713950647	TRUE	TRUE	TRUE
2737	37882.0197423598	5409.81581945444	TRUE	TRUE	TRUE
2738	38996.9341494583	4938.86863238601	TRUE	TRUE	TRUE
2739	34626.3352861619	8073.13246394685	TRUE	TRUE	TRUE
2740	38101.0249824318	5085.75841446535	TRUE	TRUE	TRUE
2741	38520.6499669708	5121.0802459333	TRUE	TRUE	TRUE
2742	39718.1787734223	5052.35514198591	TRUE	TRUE	TRUE
2743	39535.1417216539	5383.43889139344	TRUE	TRUE	TRUE
2744	37833.2164793616	5263.92981461443	TRUE	TRUE	TRUE
2745	39862.0654640601	4961.45444122634	TRUE	TRUE	TRUE
2746	38621.7542783007	4891.47789452452	TRUE	TRUE	TRUE
2747	37114.2922452573	5920.16194251761	TRUE	TRUE	TRUE
2748	37241.8393719729	5698.43214475221	TRUE	TRUE	TRUE
2749	37820.6277902547	6034.97153992948	TRUE	TRUE	TRUE
2750	37538.206728041	5387.1539422228	TRUE	TRUE	TRUE
2751	35895.1079369027	6025.33160318334	TRUE	TRUE	TRUE
2752	38219.4190211902	5168.55111367136	TRUE	TRUE	TRUE
2753	38329.6646819787	4780.53369206062	TRUE	TRUE	TRUE
2754	37344.6181426708	5317.78118188992	TRUE	TRUE	TRUE
2755	36901.3902699151	5846.24394281937	TRUE	TRUE	TRUE
2756	41793.0350134263	4201.0964609371	FALSE	FALSE	TRUE
2757	38663.9275715031	4934.18819478233	TRUE	TRUE	TRUE
2758	37596.6056428811	5408.33281513874	TRUE	TRUE	TRUE
2759	36634.7367291184	5547.75798914848	TRUE	TRUE	TRUE
2760	38088.0340227538	5038.28352210608	TRUE	TRUE	TRUE
2761	37522.3923181608	5659.50222824831	TRUE	TRUE	TRUE
2762	38239.6779616921	5066.74984342502	TRUE	TRUE	TRUE
2763	36571.3459723191	5800.35713354818	TRUE	TRUE	TRUE
2764	34653.2946357843	6949.72809115931	TRUE	TRUE	TRUE
2765	38983.1436651558	4742.36529869722	TRUE	TRUE	TRUE
2766	34907.5544206067	6320.58106518796	TRUE	TRUE	TRUE
2767	33923.4258988488	6614.4838498596	TRUE	TRUE	TRUE
2768	37258.0229446577	5554.64093506744	TRUE	TRUE	TRUE
2769	39740.155499243	5237.64746058267	TRUE	TRUE	TRUE
2770	41657.9644997895	4303.49586889511	FALSE	FALSE	TRUE
2771	37952.4443581007	4979.15277751662	TRUE	TRUE	TRUE
2772	39245.5097875489	4848.36314257109	TRUE	TRUE	TRUE
2773	37178.7101443345	6448.85560960438	TRUE	TRUE	TRUE
2774	37340.934419888	5455.50368141762	TRUE	TRUE	TRUE
2775	35977.5319502356	6057.60047522797	TRUE	TRUE	TRUE
2776	33432.1346399659	6893.70671335705	TRUE	TRUE	TRUE
2777	37234.0483191405	5309.05069517937	TRUE	TRUE	TRUE
2778	39549.705987788	4974.48216722706	TRUE	TRUE	TRUE
2779	38215.7362531252	5237.82649314389	TRUE	TRUE	TRUE
2780	39228.6402023328	5153.04727003318	TRUE	TRUE	TRUE
2781	39979.7200889293	5580.40339796473	TRUE	TRUE	TRUE
2782	36933.5209062019	5960.57513377882	TRUE	TRUE	TRUE
2783	37213.5815220535	5356.03842303365	TRUE	TRUE	TRUE
2784	37617.2674576743	5294.50712122805	TRUE	TRUE	TRUE
2785	37729.6621341743	6068.54991287083	TRUE	TRUE	TRUE
2786	36195.8406237208	6133.01759054169	TRUE	TRUE	TRUE
2787	35210.5934897041	6306.16224659481	TRUE	TRUE	TRUE
2788	37859.5395952046	5094.91635958264	TRUE	TRUE	TRUE
2789	37891.3624201743	5330.26820962788	TRUE	TRUE	TRUE
2790	40865.8807327872	4887.86426904564	TRUE	TRUE	TRUE
2791	39628.4118314929	4980.36597399317	TRUE	TRUE	TRUE
2792	35369.8003928895	6612.11370336872	TRUE	TRUE	TRUE
2793	38077.2091531066	5184.49613915861	TRUE	TRUE	TRUE
2794	36629.1016660818	6298.48158630312	TRUE	TRUE	TRUE
2795	37171.3452234343	5207.87080394994	TRUE	TRUE	TRUE
2796	33746.6554106382	7050.77653838412	TRUE	TRUE	TRUE
2797	39910.8156393741	4838.27215629894	TRUE	TRUE	TRUE
2798	36214.556697557	6429.22123664319	TRUE	TRUE	TRUE
2799	37637.7230544577	5615.6439813746	TRUE	TRUE	TRUE
2800	37217.3373403444	5906.83266976875	TRUE	TRUE	TRUE
2801	35316.9986456045	6731.63272632666	TRUE	TRUE	TRUE
2802	37306.2720930019	5158.23553602653	TRUE	TRUE	TRUE
2803	36932.7994576257	6978.53438189186	TRUE	TRUE	TRUE
2804	38413.0096259287	5153.3395772087	TRUE	TRUE	TRUE
2805	38552.7762200575	5076.50299269427	TRUE	TRUE	TRUE
2806	37681.0625692728	5534.10968858533	TRUE	TRUE	TRUE
2807	37250.2982063299	5377.13175585059	TRUE	TRUE	TRUE
2808	33936.3456509725	7677.53498465716	TRUE	TRUE	TRUE
2809	36382.6568432737	6299.66335450967	TRUE	TRUE	TRUE
2810	39054.1149966934	5106.13610687612	TRUE	TRUE	TRUE
2811	37847.8094187891	5394.41867843563	TRUE	TRUE	TRUE
2812	36057.1223083771	6424.33803973318	TRUE	TRUE	TRUE
2813	34431.9142866589	6691.63838821241	TRUE	TRUE	TRUE
2814	39423.042942283	4988.89154971917	TRUE	TRUE	TRUE
2815	36096.3144595902	5966.08433970342	TRUE	TRUE	TRUE
2816	38353.9700060658	5060.45884449572	TRUE	TRUE	TRUE
2817	36518.1462472679	5818.77228996473	TRUE	TRUE	TRUE
2818	38283.9237573867	5079.79203498179	TRUE	TRUE	TRUE
2819	36373.1719048648	5985.08864094428	TRUE	TRUE	TRUE
2820	38366.0724103087	5203.47323212264	TRUE	TRUE	TRUE
2821	37374.7688063706	5830.75574421634	TRUE	TRUE	TRUE
2822	36827.0560287652	7091.29342764105	TRUE	TRUE	TRUE
2823	34776.8555184813	6308.57667078748	TRUE	TRUE	TRUE
2824	35255.4492844525	6682.19587901907	TRUE	TRUE	TRUE
2825	37394.4504415663	5480.88498698191	TRUE	TRUE	TRUE
2826	38721.36744137	4913.3761816393	TRUE	TRUE	TRUE
2827	36024.8624617605	5993.39551005425	TRUE	TRUE	TRUE
2828	38009.6655091655	5281.18856050484	TRUE	TRUE	TRUE
2829	37898.7588837857	5492.87484418957	TRUE	TRUE	TRUE
2830	38323.5238972972	5936.23753902243	TRUE	TRUE	TRUE
2831	36074.5275770473	5665.29197715659	TRUE	TRUE	TRUE
2832	39133.2176070503	4975.81018345427	TRUE	TRUE	TRUE
2833	40032.0807209976	4286.58110501311	TRUE	FALSE	TRUE
2834	35712.2490858717	5799.97856908242	TRUE	TRUE	TRUE
2835	32520.3166083901	8193.35845320169	TRUE	TRUE	TRUE
2836	38646.0270379299	5063.26916650045	TRUE	TRUE	TRUE
2837	38176.0872707884	4871.95118068291	TRUE	TRUE	TRUE
2838	38172.8427635524	4952.65766598688	TRUE	TRUE	TRUE
2839	38082.9086945955	5502.40397795848	TRUE	TRUE	TRUE
2840	39375.0034455835	4889.72531038052	TRUE	TRUE	TRUE
2841	39152.812210236	4637.4054205013	TRUE	TRUE	TRUE
2842	37201.1309674774	6053.31075224972	TRUE	TRUE	TRUE
2843	37201.0412284256	5527.65635239617	TRUE	TRUE	TRUE
2844	37607.4326060805	5256.04597840877	TRUE	TRUE	TRUE
2845	38188.0354042279	5442.37053901348	TRUE	TRUE	TRUE
2846	36965.9639471711	5876.93825870948	TRUE	TRUE	TRUE
2847	37010.9746797981	5580.90979618602	TRUE	TRUE	TRUE
2848	37983.2523662903	5203.62068998228	TRUE	TRUE	TRUE
2849	42735.4312611781	4415.08735771604	FALSE	FALSE	TRUE
2850	38457.1505240328	5031.22464622666	TRUE	TRUE	TRUE
2851	36127.9431399274	5922.92831524776	TRUE	TRUE	TRUE
2852	37248.0561443289	5714.98285301821	TRUE	TRUE	TRUE
2853	38218.5370785334	5261.77509784308	TRUE	TRUE	TRUE
2854	39651.3141642652	4807.31781847504	TRUE	TRUE	TRUE
2855	39553.9227955289	5246.11682451711	TRUE	TRUE	TRUE
2856	38532.1954649828	5501.2394702214	TRUE	TRUE	TRUE
2857	39180.5666685789	4807.103469531	TRUE	TRUE	TRUE
2858	35392.7718395035	5592.69366450459	TRUE	TRUE	TRUE
2859	36641.1697205768	5706.82255799956	TRUE	TRUE	TRUE
2860	37869.6610865847	5252.21313554934	TRUE	TRUE	TRUE
2861	39953.5233487596	4421.5512084264	TRUE	FALSE	TRUE
2862	34649.7798442562	6510.49123385613	TRUE	TRUE	TRUE
2863	37820.4853673339	5838.91414575937	TRUE	TRUE	TRUE
2864	33377.9511887467	7234.68033391445	TRUE	TRUE	TRUE
2865	39154.8378455435	4617.87266458308	TRUE	TRUE	TRUE
2866	40319.9350079202	4899.16423320611	TRUE	TRUE	TRUE
2867	37922.746889453	5463.55211928334	TRUE	TRUE	TRUE
2868	38133.2565844307	5112.73561286262	TRUE	TRUE	TRUE
2869	38821.7458140928	4992.05681156073	TRUE	TRUE	TRUE
2870	36543.6159517877	6140.86537566257	TRUE	TRUE	TRUE
2871	40649.5087216513	4923.49620648168	TRUE	TRUE	TRUE
2872	37113.2474419678	5362.02544761694	TRUE	TRUE	TRUE
2873	35691.4517453487	7092.09641489491	TRUE	TRUE	TRUE
2874	38598.7225162733	5112.52425465942	TRUE	TRUE	TRUE
2875	36210.9187218892	6097.64041885399	TRUE	TRUE	TRUE
2876	40856.6712999113	4369.06697746975	TRUE	FALSE	TRUE
2877	37058.6140833634	5715.50828478738	TRUE	TRUE	TRUE
2878	39075.063196562	4690.33817634126	TRUE	TRUE	TRUE
2879	34640.8380236323	6488.7062327276	TRUE	TRUE	TRUE
2880	36103.2823417389	6470.03703073922	TRUE	TRUE	TRUE
2881	39359.8972362382	5036.50829160522	TRUE	TRUE	TRUE
2882	39766.3944213068	4899.38474363453	TRUE	TRUE	TRUE
2883	37625.4005119212	5222.23486741381	TRUE	TRUE	TRUE
2884	35936.1196497041	6073.3706331805	TRUE	TRUE	TRUE
2885	37579.9609468928	5430.50127099202	TRUE	TRUE	TRUE
2886	39008.0146693391	5057.1460991501	TRUE	TRUE	TRUE
2887	36746.0013992386	5299.8021370854	TRUE	TRUE	TRUE
2888	37439.6614805935	5587.32321127338	TRUE	TRUE	TRUE
2889	36458.8841898202	6778.63475644425	TRUE	TRUE	TRUE
2890	35084.0235285689	6443.89525738086	TRUE	TRUE	TRUE
2891	33136.1025104173	7259.13351640392	TRUE	TRUE	TRUE
2892	33221.9020765631	7551.0589186244	TRUE	TRUE	TRUE
2893	36443.5830705964	5619.4018865459	TRUE	TRUE	TRUE
2894	35500.0834365996	5952.57348148581	TRUE	TRUE	TRUE
2895	36344.793542205	5722.47371862152	TRUE	TRUE	TRUE
2896	38964.4432249226	4533.47059305739	TRUE	FALSE	TRUE
2897	36455.8185149932	5831.47849508427	TRUE	TRUE	TRUE
2898	36721.1211431437	5546.56675216688	TRUE	TRUE	TRUE
2899	35848.5236048356	6010.09460762385	TRUE	TRUE	TRUE
2900	39520.2610100675	4424.97500410502	TRUE	FALSE	TRUE
2901	39260.64513031	5289.32641564193	TRUE	TRUE	TRUE
2902	39263.4958242945	4888.99640805386	TRUE	TRUE	TRUE
2903	37451.1543458864	5084.13359730708	TRUE	TRUE	TRUE
2904	38872.9286654917	5143.26222130815	TRUE	TRUE	TRUE
2905	35347.7807511101	6617.33020619984	TRUE	TRUE	TRUE
2906	37244.741476422	6068.09289784845	TRUE	TRUE	TRUE
2907	40090.4665319234	5143.16516148554	TRUE	TRUE	TRUE
2908	37937.1026103113	5134.86612054592	TRUE	TRUE	TRUE
2909	36182.1112195199	5553.78056198094	TRUE	TRUE	TRUE
2910	33342.030300211	7107.47880134463	TRUE	TRUE	TRUE
2911	36559.5445679775	5927.63795328449	TRUE	TRUE	TRUE
2912	37895.5024230916	5465.64815424008	TRUE	TRUE	TRUE
2913	37053.4824351248	5292.99720923913	TRUE	TRUE	TRUE
2914	38664.4835569825	5866.94792519187	TRUE	TRUE	TRUE
2915	33287.7817099158	7401.8449766862	TRUE	TRUE	TRUE
2916	39655.5783575378	4667.82161645497	TRUE	TRUE	TRUE
2917	35712.4256823602	6644.62147422889	TRUE	TRUE	TRUE
2918	35794.4428994961	6350.44318393674	TRUE	TRUE	TRUE
2919	36710.0459122366	6366.48561141501	TRUE	TRUE	TRUE
2920	37375.5160538196	6601.07593438358	TRUE	TRUE	TRUE
2921	35322.3329036086	6270.50708477993	TRUE	TRUE	TRUE
2922	38273.2325160413	5107.59602432748	TRUE	TRUE	TRUE
2923	38943.2408883293	4848.4932640368	TRUE	TRUE	TRUE
2924	38685.9010333653	5071.89771282748	TRUE	TRUE	TRUE
2925	38870.9519759025	5116.71063568166	TRUE	TRUE	TRUE
2926	38588.1703014576	5246.59539472834	TRUE	TRUE	TRUE
2927	38084.4718747196	5166.04014125867	TRUE	TRUE	TRUE
2928	37823.7947351788	5284.13438943532	TRUE	TRUE	TRUE
2929	35631.4621895574	5650.66520613662	TRUE	TRUE	TRUE
2930	37025.8799136432	5596.8223953747	TRUE	TRUE	TRUE
2931	38494.1410931161	4871.6848490791	TRUE	TRUE	TRUE
2932	40194.8423244182	5497.65921517053	TRUE	TRUE	TRUE
2933	39120.5276537053	4926.61669265604	TRUE	TRUE	TRUE
2934	36259.9551959508	6030.63798617836	TRUE	TRUE	TRUE
2935	37476.9159432432	5925.39906678702	TRUE	TRUE	TRUE
2936	40043.0509577187	4445.49126603188	TRUE	FALSE	TRUE
2937	41122.1070717788	5536.36765367334	TRUE	TRUE	TRUE
2938	37934.7893234826	5734.10884864073	TRUE	TRUE	TRUE
2939	37556.2612764616	5464.46495393572	TRUE	TRUE	TRUE
2940	40658.7297225739	4841.65260349716	TRUE	TRUE	TRUE
2941	37454.5594699105	5566.37561114338	TRUE	TRUE	TRUE
2942	39381.325732578	5416.40227100072	TRUE	TRUE	TRUE
2943	38482.4657480407	5727.37749287224	TRUE	TRUE	TRUE
2944	37250.1600152023	5651.12885364037	TRUE	TRUE	TRUE
2945	36595.2672899275	5773.05807342909	TRUE	TRUE	TRUE
2946	35174.5163374712	5942.35793031579	TRUE	TRUE	TRUE
2947	35206.8926703113	6653.45142611093	TRUE	TRUE	TRUE
2948	35044.997627253	6351.69584200203	TRUE	TRUE	TRUE
2949	39182.7475505506	4755.0202291267	TRUE	TRUE	TRUE
2950	36946.6152109713	5389.0276650326	TRUE	TRUE	TRUE
2951	37691.6405659969	5652.94246336813	TRUE	TRUE	TRUE
2952	39436.9989602489	4674.32308589313	TRUE	TRUE	TRUE
2953	36754.419633635	5388.02293022125	TRUE	TRUE	TRUE
2954	38295.9372245818	5284.0158103415	TRUE	TRUE	TRUE
2955	39855.5742035551	4830.31342145013	TRUE	TRUE	TRUE
2956	36268.2767672115	6096.59510158264	TRUE	TRUE	TRUE
2957	37131.4970234715	5247.37767531544	TRUE	TRUE	TRUE
2958	39215.7968602776	4977.30265487204	TRUE	TRUE	TRUE
2959	37892.5126556183	5655.35053523532	TRUE	TRUE	TRUE
2960	33865.5365471252	7053.49154021963	TRUE	TRUE	TRUE
2961	39256.376028273	5269.05122565756	TRUE	TRUE	TRUE
2962	37991.5559135648	5558.3129434883	TRUE	TRUE	TRUE
2963	38994.4108460764	5259.48408794421	TRUE	TRUE	TRUE
2964	38186.2109442904	5513.35239220933	TRUE	TRUE	TRUE
2965	39540.3657161651	4794.245429507	TRUE	TRUE	TRUE
2966	37302.6042095672	5247.55513451246	TRUE	TRUE	TRUE
2967	40414.3384193428	4999.1331434709	TRUE	TRUE	TRUE
2968	37208.503736251	5799.64686646597	TRUE	TRUE	TRUE
2969	36454.7198229828	5431.27107358109	TRUE	TRUE	TRUE
2970	34006.3581391588	6990.18302029299	TRUE	TRUE	TRUE
2971	35910.776111233	5797.4055637316	TRUE	TRUE	TRUE
2972	33322.8843582081	7235.16811867953	TRUE	TRUE	TRUE
2973	36367.8258620239	5592.18503003776	TRUE	TRUE	TRUE
2974	34102.3935085831	6635.72809095203	TRUE	TRUE	TRUE
2975	35597.3668465811	5772.00964538315	TRUE	TRUE	TRUE
2976	35108.7203414092	6293.82714408347	TRUE	TRUE	TRUE
2977	38014.54219165	5708.35539842107	TRUE	TRUE	TRUE
2978	38910.6636011584	4676.83877150743	TRUE	TRUE	TRUE
2979	36265.9255648463	5834.40129244332	TRUE	TRUE	TRUE
2980	35210.6397093868	6904.32641275619	TRUE	TRUE	TRUE
2981	39272.9840743839	4933.99001869376	TRUE	TRUE	TRUE
2982	36472.2215772596	5588.88730047937	TRUE	TRUE	TRUE
2983	41401.2354547136	4539.9918116126	TRUE	FALSE	TRUE
2984	40814.9802636394	4240.6829205991	TRUE	FALSE	TRUE
2985	32834.356872776	8439.81388059379	TRUE	TRUE	TRUE
2986	37843.1957896251	7050.49311704539	TRUE	TRUE	TRUE
2987	35783.6069759775	6723.53313702881	TRUE	TRUE	TRUE
2988	33589.5295296506	6879.04607692944	TRUE	TRUE	TRUE
2989	40000.3374487511	4676.28051262725	TRUE	TRUE	TRUE
2990	39411.3804205158	4746.80178395977	TRUE	TRUE	TRUE
2991	38006.8608233811	5537.12172070258	TRUE	TRUE	TRUE
2992	37480.5109575824	5339.89584799383	TRUE	TRUE	TRUE
2993	35529.9453750264	6010.85544181847	TRUE	TRUE	TRUE
2994	36060.8753571039	5781.44644878116	TRUE	TRUE	TRUE
2995	36930.9999226279	5615.8795885075	TRUE	TRUE	TRUE
2996	34009.9754165368	7089.40872473097	TRUE	TRUE	TRUE
2997	38628.5696238648	5257.82752732242	TRUE	TRUE	TRUE
2998	39587.4062686198	4980.76371597994	TRUE	TRUE	TRUE
2999	39894.8144232105	4690.14929342433	TRUE	TRUE	TRUE
3000	35616.2956396168	5569.86601884079	TRUE	TRUE	TRUE
3001	39336.6942522023	4768.72290941972	TRUE	TRUE	TRUE
3002	38173.262546882	5136.29892183405	TRUE	TRUE	TRUE
3003	39317.0851636716	4563.75183044625	TRUE	FALSE	TRUE
3004	36673.8696153539	5721.53752328404	TRUE	TRUE	TRUE
3005	37103.4390498159	7103.57937903628	TRUE	TRUE	TRUE
3006	37751.3756695192	6323.75348924367	TRUE	TRUE	TRUE
3007	40179.1833295513	4481.05969140143	TRUE	FALSE	TRUE
3008	36933.7947485406	6175.02553072136	TRUE	TRUE	TRUE
3009	40624.787011456	4667.03433508194	TRUE	TRUE	TRUE
3010	37945.3787617907	5367.94897681725	TRUE	TRUE	TRUE
3011	37484.682687035	5377.24660611056	TRUE	TRUE	TRUE
3012	37777.9488217925	5518.22318652199	TRUE	TRUE	TRUE
3013	39107.8512764424	4939.02132920733	TRUE	TRUE	TRUE
3014	35556.4011085124	6306.79740293488	TRUE	TRUE	TRUE
3015	38995.5255243972	5024.11127715789	TRUE	TRUE	TRUE
3016	38110.0971423194	5397.90971974095	TRUE	TRUE	TRUE
3017	38628.3160224234	4840.42110007016	TRUE	TRUE	TRUE
3018	37490.0086466685	5385.14661129078	TRUE	TRUE	TRUE
3019	38531.5642175464	4883.38017993113	TRUE	TRUE	TRUE
3020	39851.4397198801	5509.88507273033	TRUE	TRUE	TRUE
3021	32080.9962113006	7095.05486697122	TRUE	TRUE	TRUE
3022	37180.2406949105	5608.94011320181	TRUE	TRUE	TRUE
3023	38966.7363295081	4776.70153570564	TRUE	TRUE	TRUE
3024	33689.7199507094	7005.54990238333	TRUE	TRUE	TRUE
3025	39454.588000883	4999.049105077	TRUE	TRUE	TRUE
3026	40247.9963680995	4606.56323799817	TRUE	TRUE	TRUE
3027	40258.5069366394	4794.88967064215	TRUE	TRUE	TRUE
3028	38796.1245086874	5092.15088990761	TRUE	TRUE	TRUE
3029	37438.536536354	5251.54953530945	TRUE	TRUE	TRUE
3030	34175.775653033	6795.42330174971	TRUE	TRUE	TRUE
3031	38943.8866038064	4922.28772183022	TRUE	TRUE	TRUE
3032	37826.5526579526	5188.90274331236	TRUE	TRUE	TRUE
3033	38731.3279849141	4818.21871942263	TRUE	TRUE	TRUE
3034	38070.1120412732	6335.28584359394	TRUE	TRUE	TRUE
3035	38189.8139362066	5487.38593949155	TRUE	TRUE	TRUE
3036	37993.6918287598	5173.18046430223	TRUE	TRUE	TRUE
3037	38942.3416193431	4768.39057753472	TRUE	TRUE	TRUE
3038	38662.1411887107	4749.84315182934	TRUE	TRUE	TRUE
3039	36998.9194670147	5414.06158294535	TRUE	TRUE	TRUE
3040	33298.5536112731	8395.28431746175	TRUE	TRUE	TRUE
3041	37831.1109109782	5392.93078439468	TRUE	TRUE	TRUE
3042	37257.7134903615	6537.82089855346	TRUE	TRUE	TRUE
3043	40432.4581447628	4786.79751113032	TRUE	TRUE	TRUE
3044	38957.2928539606	5062.5838696664	TRUE	TRUE	TRUE
3045	37742.9311413024	5201.84373969792	TRUE	TRUE	TRUE
3046	40206.3382197635	4716.68488551777	TRUE	TRUE	TRUE
3047	35809.3442196694	6449.3542874773	TRUE	TRUE	TRUE
3048	40046.8386671711	4764.11983247048	TRUE	TRUE	TRUE
3049	39370.664587993	4960.2084621529	TRUE	TRUE	TRUE
3050	36882.705000596	5637.84172880202	TRUE	TRUE	TRUE
3051	35673.5412402803	6036.62671929488	TRUE	TRUE	TRUE
3052	39462.890486265	5055.55130622522	TRUE	TRUE	TRUE
3053	37988.768852511	5220.69718941181	TRUE	TRUE	TRUE
3054	31225.7613451707	8050.9846871296	TRUE	TRUE	TRUE
3055	36198.9927082077	6516.05797633916	TRUE	TRUE	TRUE
3056	35807.8558477877	6299.53502633941	TRUE	TRUE	TRUE
3057	38797.6174099071	5082.33397929926	TRUE	TRUE	TRUE
3058	39007.267623388	5072.30050809768	TRUE	TRUE	TRUE
3059	37815.3957267621	5647.56170727245	TRUE	TRUE	TRUE
3060	36563.6226726492	6051.742227039	TRUE	TRUE	TRUE
3061	34892.4158376464	6042.12614975896	TRUE	TRUE	TRUE
3062	34861.4332733709	6024.58710137463	TRUE	TRUE	TRUE
3063	36499.7788934814	5737.13678430833	TRUE	TRUE	TRUE
3064	38759.972028264	4852.86809008668	TRUE	TRUE	TRUE
3065	39348.9385583185	4751.62447842437	TRUE	TRUE	TRUE
3066	36044.3615815574	5504.64378057425	TRUE	TRUE	TRUE
3067	37480.0159750431	5381.65913130841	TRUE	TRUE	TRUE
3068	36103.5857331554	6188.70508561634	TRUE	TRUE	TRUE
3069	35281.0874785629	6226.73137382054	TRUE	TRUE	TRUE
3070	38328.5073669389	5055.89291422144	TRUE	TRUE	TRUE
3071	36569.6951661411	5647.1551551719	TRUE	TRUE	TRUE
3072	39182.6237833247	4875.63729443581	TRUE	TRUE	TRUE
3073	39048.6410037934	4960.404194784	TRUE	TRUE	TRUE
3074	37066.1012172234	6125.1629393241	TRUE	TRUE	TRUE
3075	38074.602930007	5119.18902223222	TRUE	TRUE	TRUE
3076	38109.8809416514	5182.8867904298	TRUE	TRUE	TRUE
3077	38832.8361963413	4773.40415946298	TRUE	TRUE	TRUE
3078	35888.1843935343	6315.8332101432	TRUE	TRUE	TRUE
3079	36879.9880962425	5567.54162279938	TRUE	TRUE	TRUE
3080	39162.5965672438	5256.13616696763	TRUE	TRUE	TRUE
3081	37764.4440977599	5333.28721089693	TRUE	TRUE	TRUE
3082	37125.4903807222	5261.06188795053	TRUE	TRUE	TRUE
3083	37697.3657848794	5020.01232242622	TRUE	TRUE	TRUE
3084	34164.1946199929	6659.69643994193	TRUE	TRUE	TRUE
3085	38214.2260632876	5867.61869426243	TRUE	TRUE	TRUE
3086	38449.1164552685	5686.26202734975	TRUE	TRUE	TRUE
3087	37853.3327648765	5322.7080202895	TRUE	TRUE	TRUE
3088	38249.5361882045	5157.48555397832	TRUE	TRUE	TRUE
3089	35873.7647191776	6752.31714486667	TRUE	TRUE	TRUE
3090	40556.9343889797	4750.25731407063	TRUE	TRUE	TRUE
3091	37680.86554556	5351.93921764325	TRUE	TRUE	TRUE
3092	39825.6706409813	4721.75631170723	TRUE	TRUE	TRUE
3093	36825.7022465098	6205.13192708839	TRUE	TRUE	TRUE
3094	38890.2118179879	6234.13242367478	TRUE	TRUE	TRUE
3095	38677.8909620746	4813.55318687624	TRUE	TRUE	TRUE
3096	39139.4094470625	5147.02156317465	TRUE	TRUE	TRUE
3097	30221.8005414869	9248.64888417952	TRUE	TRUE	TRUE
3098	37268.0109305176	5219.27850888245	TRUE	TRUE	TRUE
3099	38205.8372353744	4814.95485905361	TRUE	TRUE	TRUE
3100	35250.3820138823	6220.06878816754	TRUE	TRUE	TRUE
3101	40027.0183618474	4940.74325877506	TRUE	TRUE	TRUE
3102	40606.4443806338	4730.81399944112	TRUE	TRUE	TRUE
3103	37867.7405913164	5607.4128317767	TRUE	TRUE	TRUE
3104	35159.0839305064	7454.92438783842	TRUE	TRUE	TRUE
3105	39207.4066691789	5130.94679383243	TRUE	TRUE	TRUE
3106	38681.3342749962	4964.67456928922	TRUE	TRUE	TRUE
3107	38107.7474874518	5206.01055310523	TRUE	TRUE	TRUE
3108	37371.299938052	5186.13257067132	TRUE	TRUE	TRUE
3109	32985.0467475318	7119.12768177828	TRUE	TRUE	TRUE
3110	38272.0463666848	5672.85623952863	TRUE	TRUE	TRUE
3111	40385.4432664067	5118.23830216267	TRUE	TRUE	TRUE
3112	38667.3962023347	4992.1287461299	TRUE	TRUE	TRUE
3113	38685.4459931463	5995.18873941504	TRUE	TRUE	TRUE
3114	38633.5511553722	5088.4963403847	TRUE	TRUE	TRUE
3115	37528.279330943	6040.65901580413	TRUE	TRUE	TRUE
3116	39863.755717926	4934.77661350484	TRUE	TRUE	TRUE
3117	41452.7769994695	4274.10947565028	TRUE	FALSE	TRUE
3118	33160.8493140518	6976.16068731816	TRUE	TRUE	TRUE
3119	40033.5691739493	4646.34289595245	TRUE	TRUE	TRUE
3120	36334.8995233586	6011.56662237521	TRUE	TRUE	TRUE
3121	37097.5986165884	5521.46120742298	TRUE	TRUE	TRUE
3122	35535.8247435156	6276.36858205651	TRUE	TRUE	TRUE
3123	37595.6022168261	5271.27095601121	TRUE	TRUE	TRUE
3124	39524.0903844475	4671.1656644396	TRUE	TRUE	TRUE
3125	36909.9677752362	5262.76004979208	TRUE	TRUE	TRUE
3126	37105.604296485	5427.25499153638	TRUE	TRUE	TRUE
3127	37266.7019227098	6683.21681476874	TRUE	TRUE	TRUE
3128	38427.5177516129	5144.42984942063	TRUE	TRUE	TRUE
3129	40081.7542311356	4900.59927735753	TRUE	TRUE	TRUE
3130	39720.1224213705	4511.52698046939	TRUE	FALSE	TRUE
3131	36745.7480646241	5727.06049253107	TRUE	TRUE	TRUE
3132	38507.1144569232	4948.79160374241	TRUE	TRUE	TRUE
3133	38877.8901225851	5087.27846186071	TRUE	TRUE	TRUE
3134	37376.6567654066	5559.04948110078	TRUE	TRUE	TRUE
3135	38698.6549417265	5530.90679609448	TRUE	TRUE	TRUE
3136	36476.0068609955	5591.78695020541	TRUE	TRUE	TRUE
3137	38504.0209551607	4849.72398821639	TRUE	TRUE	TRUE
3138	40414.3346374917	4606.28455769893	TRUE	TRUE	TRUE
3139	38733.3649422727	4782.73561530377	TRUE	TRUE	TRUE
3140	35419.5127954296	7123.40962980195	TRUE	TRUE	TRUE
3141	37853.7974823762	5101.96783380371	TRUE	TRUE	TRUE
3142	38266.9523423394	5208.27006543655	TRUE	TRUE	TRUE
3143	36873.814599002	5594.09330045701	TRUE	TRUE	TRUE
3144	33609.010916871	7587.88251832575	TRUE	TRUE	TRUE
3145	39786.0161185	4993.22678692422	TRUE	TRUE	TRUE
3146	39071.1751905492	4757.7613578844	TRUE	TRUE	TRUE
3147	37121.655701437	5916.02492821324	TRUE	TRUE	TRUE
3148	37880.599467612	5702.13589062221	TRUE	TRUE	TRUE
3149	39218.0300600475	5108.71225924113	TRUE	TRUE	TRUE
3150	35340.4710477254	6628.60637155795	TRUE	TRUE	TRUE
3151	36848.1240639021	5636.67727262182	TRUE	TRUE	TRUE
3152	35795.8704770569	6272.14070213847	TRUE	TRUE	TRUE
3153	39480.649383684	4667.19827439191	TRUE	TRUE	TRUE
3154	36288.2464348936	6613.30935067694	TRUE	TRUE	TRUE
3155	36311.1993311962	5518.46976002176	TRUE	TRUE	TRUE
3156	39468.9791279624	5717.57709044654	TRUE	TRUE	TRUE
3157	38780.317194028	4890.80587420589	TRUE	TRUE	TRUE
3158	38121.0898415144	5129.24758956197	TRUE	TRUE	TRUE
3159	36892.6521513084	5886.26840104636	TRUE	TRUE	TRUE
3160	38967.6364024406	4941.56423324523	TRUE	TRUE	TRUE
3161	40279.2592270284	5027.94916844705	TRUE	TRUE	TRUE
3162	32705.977178041	7371.61605726766	TRUE	TRUE	TRUE
3163	40680.9885567952	4646.4816878948	TRUE	TRUE	TRUE
3164	34224.1027707493	7834.94217920951	TRUE	TRUE	TRUE
3165	37243.8369676684	6165.03707984746	TRUE	TRUE	TRUE
3166	36511.7999532105	6067.20889057023	TRUE	TRUE	TRUE
3167	33953.0252985927	7067.29509881962	TRUE	TRUE	TRUE
3168	37402.7423117062	5434.9476647597	TRUE	TRUE	TRUE
3169	37355.4924201	6466.23671581402	TRUE	TRUE	TRUE
3170	36809.7520515813	5667.8257870219	TRUE	TRUE	TRUE
3171	36468.625654286	6724.89649195227	TRUE	TRUE	TRUE
3172	38224.5404538537	5166.56241257212	TRUE	TRUE	TRUE
3173	37428.0181567586	5323.45423968766	TRUE	TRUE	TRUE
3174	39229.6775132446	5255.39837477721	TRUE	TRUE	TRUE
3175	35676.335499561	6306.41227931199	TRUE	TRUE	TRUE
3176	36121.5742788087	5846.50035716432	TRUE	TRUE	TRUE
3177	37618.8360392699	5924.88913195825	TRUE	TRUE	TRUE
3178	38789.9131200759	4864.4449245305	TRUE	TRUE	TRUE
3179	38667.5083009125	5137.07538535879	TRUE	TRUE	TRUE
3180	38568.1144042989	5192.22756452557	TRUE	TRUE	TRUE
3181	38317.6986832867	5108.58197250023	TRUE	TRUE	TRUE
3182	37808.6644390875	5472.99095116025	TRUE	TRUE	TRUE
3183	38968.9598115531	5111.50916443411	TRUE	TRUE	TRUE
3184	31680.8797272053	7790.17446343847	TRUE	TRUE	TRUE
3185	37353.7814471066	6214.98366080685	TRUE	TRUE	TRUE
3186	38476.1405876014	5728.98089026788	TRUE	TRUE	TRUE
3187	37870.7499213073	5469.52068190354	TRUE	TRUE	TRUE
3188	40226.1879210014	4744.69504750336	TRUE	TRUE	TRUE
3189	37668.3149668469	5089.62232604686	TRUE	TRUE	TRUE
3190	37896.8918468278	5302.23359342413	TRUE	TRUE	TRUE
3191	39477.6325798809	4628.15701031973	TRUE	TRUE	TRUE
3192	34109.4678797896	6701.79209011075	TRUE	TRUE	TRUE
3193	37768.4561641584	5518.68835669555	TRUE	TRUE	TRUE
3194	38560.7400543745	5447.85305190834	TRUE	TRUE	TRUE
3195	39022.1849666871	5141.97755068868	TRUE	TRUE	TRUE
3196	35513.5817585293	6885.47977283312	TRUE	TRUE	TRUE
3197	37203.4441781111	5760.74617860888	TRUE	TRUE	TRUE
3198	39284.9457633553	4825.20532335774	TRUE	TRUE	TRUE
3199	38764.0798977553	5541.89005516585	TRUE	TRUE	TRUE
3200	36741.0293600455	5417.88687314933	TRUE	TRUE	TRUE
3201	39417.3350035713	4902.85802743003	TRUE	TRUE	TRUE
3202	39464.7615326547	4928.34973475853	TRUE	TRUE	TRUE
3203	39567.3006989886	4710.43023468293	TRUE	TRUE	TRUE
3204	37234.8542988332	5537.0431143827	TRUE	TRUE	TRUE
3205	38957.5360622344	4880.93004599047	TRUE	TRUE	TRUE
3206	34280.4499740972	7035.11193644448	TRUE	TRUE	TRUE
3207	36362.7889835979	5583.86908315344	TRUE	TRUE	TRUE
3208	39319.8322070963	4755.86389852151	TRUE	TRUE	TRUE
3209	37273.254120513	5153.52443828342	TRUE	TRUE	TRUE
3210	37003.6176981532	6267.11973554779	TRUE	TRUE	TRUE
3211	37171.5270710871	5812.64728566329	TRUE	TRUE	TRUE
3212	40988.9098403781	4919.68416220948	TRUE	TRUE	TRUE
3213	37812.5277615215	5412.5943002506	TRUE	TRUE	TRUE
3214	34921.9720175879	5944.69750930757	TRUE	TRUE	TRUE
3215	36264.8633242665	5501.29850133901	TRUE	TRUE	TRUE
3216	37255.2158187612	5536.90434433522	TRUE	TRUE	TRUE
3217	35726.5327912324	6618.94817586206	TRUE	TRUE	TRUE
3218	36092.1623365643	6430.44328020657	TRUE	TRUE	TRUE
3219	36175.5638672863	5857.32442169496	TRUE	TRUE	TRUE
3220	39629.5853417435	5129.0852363375	TRUE	TRUE	TRUE
3221	37496.399675736	5276.27897791668	TRUE	TRUE	TRUE
3222	36626.1473463559	5651.27616997365	TRUE	TRUE	TRUE
3223	38529.4039628089	4978.82652776974	TRUE	TRUE	TRUE
3224	38875.0762118119	5166.76869941487	TRUE	TRUE	TRUE
3225	36714.3268037687	5554.54678347592	TRUE	TRUE	TRUE
3226	36979.1060793778	6152.88756210016	TRUE	TRUE	TRUE
3227	39253.0834318091	4929.6808114042	TRUE	TRUE	TRUE
3228	36630.2364862373	5450.33294140836	TRUE	TRUE	TRUE
3229	34057.0830856349	7221.89870152161	TRUE	TRUE	TRUE
3230	36064.0902044374	6504.35672264777	TRUE	TRUE	TRUE
3231	36683.3479481344	5430.06251191537	TRUE	TRUE	TRUE
3232	37434.9936732163	5445.81558633521	TRUE	TRUE	TRUE
3233	37048.338320873	5504.34436467038	TRUE	TRUE	TRUE
3234	40508.0546827182	5208.82491707536	TRUE	TRUE	TRUE
3235	37272.4615192058	5282.42259926457	TRUE	TRUE	TRUE
3236	37089.119164441	5397.99495556364	TRUE	TRUE	TRUE
3237	38680.4370065844	4902.34022062935	TRUE	TRUE	TRUE
3238	38517.6195847777	5060.92788671755	TRUE	TRUE	TRUE
3239	35132.8300997085	7298.03281522017	TRUE	TRUE	TRUE
3240	38109.6171011696	5254.51993669888	TRUE	TRUE	TRUE
3241	38790.2840087451	4985.12697710596	TRUE	TRUE	TRUE
3242	37523.221527288	5477.34647190848	TRUE	TRUE	TRUE
3243	39501.6661788808	4787.15999827876	TRUE	TRUE	TRUE
3244	35310.3877154666	6429.84615572483	TRUE	TRUE	TRUE
3245	37904.5653869979	5125.45343473135	TRUE	TRUE	TRUE
3246	37812.6220917164	5304.29367532385	TRUE	TRUE	TRUE
3247	36075.0189510136	6295.96430439478	TRUE	TRUE	TRUE
3248	36991.0754021413	5398.04335619363	TRUE	TRUE	TRUE
3249	34233.1668556528	6203.48531002611	TRUE	TRUE	TRUE
3250	37803.1806545691	5649.03554393599	TRUE	TRUE	TRUE
3251	37446.4023217166	6449.83889232934	TRUE	TRUE	TRUE
3252	34244.4282814085	7090.02005830414	TRUE	TRUE	TRUE
3253	38224.3942975847	5269.59653189228	TRUE	TRUE	TRUE
3254	34422.7662423776	7848.23513049722	TRUE	TRUE	TRUE
3255	39915.7791866451	5149.64508940266	TRUE	TRUE	TRUE
3256	37880.4725505439	5237.62852097799	TRUE	TRUE	TRUE
3257	37655.4581685451	6044.49287403281	TRUE	TRUE	TRUE
3258	38897.4804974481	5322.06319625759	TRUE	TRUE	TRUE
3259	38978.1285159154	4827.77166560047	TRUE	TRUE	TRUE
3260	36401.6958543501	6088.29543749076	TRUE	TRUE	TRUE
3261	38950.8987754859	4866.42564141509	TRUE	TRUE	TRUE
3262	38996.6534134858	4791.67052323486	TRUE	TRUE	TRUE
3263	37448.4394828526	5715.66652528957	TRUE	TRUE	TRUE
3264	35528.987681134	6380.60991322404	TRUE	TRUE	TRUE
3265	35138.2314290522	7254.83830100312	TRUE	TRUE	TRUE
3266	40366.4883684299	4527.28973572523	TRUE	FALSE	TRUE
3267	34420.6317288348	6561.70206720593	TRUE	TRUE	TRUE
3268	38567.3627660692	4995.79964726763	TRUE	TRUE	TRUE
3269	35841.8893115134	5756.21219576965	TRUE	TRUE	TRUE
3270	37543.7269860511	5680.30282014052	TRUE	TRUE	TRUE
3271	34847.0614894639	6075.93750907787	TRUE	TRUE	TRUE
3272	38292.3712232866	5152.84723239712	TRUE	TRUE	TRUE
3273	40247.566381912	5108.74147871999	TRUE	TRUE	TRUE
3274	37743.1637486262	5462.5090001322	TRUE	TRUE	TRUE
3275	39180.1504334945	5408.23851301541	TRUE	TRUE	TRUE
3276	40467.601551128	4451.44851384204	TRUE	FALSE	TRUE
3277	36810.0229359357	6223.08778202434	TRUE	TRUE	TRUE
3278	36853.4170556657	5843.92946674076	TRUE	TRUE	TRUE
3279	37300.5162747664	5767.44850249404	TRUE	TRUE	TRUE
3280	36431.4408977495	7015.38948265721	TRUE	TRUE	TRUE
3281	38108.0696191516	5478.05339949072	TRUE	TRUE	TRUE
3282	38273.5488983884	5120.06109747615	TRUE	TRUE	TRUE
3283	38909.3651234959	4791.18504599843	TRUE	TRUE	TRUE
3284	37126.4591432269	5472.63409117009	TRUE	TRUE	TRUE
3285	39208.8655223772	5135.6441361678	TRUE	TRUE	TRUE
3286	40036.0654704409	4716.71721885663	TRUE	TRUE	TRUE
3287	38192.3064529685	5859.0112511761	TRUE	TRUE	TRUE
3288	37545.7805248372	5272.16854164151	TRUE	TRUE	TRUE
3289	36053.2747148744	5655.18462087486	TRUE	TRUE	TRUE
3290	36719.3627249362	6163.07818657699	TRUE	TRUE	TRUE
3291	37169.6280619479	5394.92352144491	TRUE	TRUE	TRUE
3292	38644.0557255909	5483.86222617552	TRUE	TRUE	TRUE
3293	38554.4460854303	4997.69401821825	TRUE	TRUE	TRUE
3294	36429.5486506585	6295.92431829464	TRUE	TRUE	TRUE
3295	37568.4430740841	5120.11210831942	TRUE	TRUE	TRUE
3296	39108.6963866673	4795.57744746161	TRUE	TRUE	TRUE
3297	36661.1424806201	5843.3821088245	TRUE	TRUE	TRUE
3298	36861.4359697888	5245.70191671999	TRUE	TRUE	TRUE
3299	37898.7251295429	5153.88342098405	TRUE	TRUE	TRUE
3300	36791.4856815395	5432.71026541926	TRUE	TRUE	TRUE
3301	36592.7182622184	5591.49515741472	TRUE	TRUE	TRUE
3302	40580.2953918869	4831.90844631333	TRUE	TRUE	TRUE
3303	39767.4487177905	4863.50695843932	TRUE	TRUE	TRUE
3304	36389.494366128	5997.80299066332	TRUE	TRUE	TRUE
3305	36032.9153517033	7421.14665465641	TRUE	TRUE	TRUE
3306	30609.1000450562	9110.39502600223	TRUE	TRUE	TRUE
3307	39091.2792510467	4840.03758892352	TRUE	TRUE	TRUE
3308	37879.7153958417	5400.72761399091	TRUE	TRUE	TRUE
3309	38724.1924268107	5474.72381845154	TRUE	TRUE	TRUE
3310	38094.0012264062	5810.87183173784	TRUE	TRUE	TRUE
3311	37558.999221637	5222.19651108263	TRUE	TRUE	TRUE
3312	39076.2637993911	4902.96199258406	TRUE	TRUE	TRUE
3313	33392.304861539	7759.44967935479	TRUE	TRUE	TRUE
3314	34406.4502880637	6611.11862754864	TRUE	TRUE	TRUE
3315	36895.6920041167	5511.31783572496	TRUE	TRUE	TRUE
3316	38645.5653307848	5000.15283999638	TRUE	TRUE	TRUE
3317	36916.412754238	5401.41210542615	TRUE	TRUE	TRUE
3318	35105.3523183757	6128.04252710636	TRUE	TRUE	TRUE
3319	40115.8865922369	4590.24952699471	TRUE	TRUE	TRUE
3320	40953.8582920701	4530.26612399851	TRUE	FALSE	TRUE
3321	39362.4389786563	4791.25935091589	TRUE	TRUE	TRUE
3322	37522.9301417788	5475.69211058384	TRUE	TRUE	TRUE
3323	37400.5701650489	5124.6946709181	TRUE	TRUE	TRUE
3324	39193.5413940815	4613.46450200527	TRUE	TRUE	TRUE
3325	39841.379737748	4453.08460216047	TRUE	FALSE	TRUE
3326	35878.1400378979	6350.49318300188	TRUE	TRUE	TRUE
3327	33292.5691024232	6819.53898035029	TRUE	TRUE	TRUE
3328	37884.2303448707	5278.08224760524	TRUE	TRUE	TRUE
3329	40514.5842522745	5245.08848237939	TRUE	TRUE	TRUE
3330	37929.9597909625	5496.89706415237	TRUE	TRUE	TRUE
3331	38609.9640403056	5891.39443042407	TRUE	TRUE	TRUE
3332	37480.1326681351	5472.65724541383	TRUE	TRUE	TRUE
3333	38976.9576480677	5012.88457407349	TRUE	TRUE	TRUE
3334	35694.1761741127	5862.14449256942	TRUE	TRUE	TRUE
3335	34999.3751245236	7055.15682387466	TRUE	TRUE	TRUE
3336	40909.688035432	4348.49256010834	TRUE	FALSE	TRUE
3337	38670.7967168112	4947.47107593264	TRUE	TRUE	TRUE
3338	36156.2812553373	6162.13973377832	TRUE	TRUE	TRUE
3339	35072.8145012472	6621.98284430715	TRUE	TRUE	TRUE
3340	37343.8333080352	5355.51668985004	TRUE	TRUE	TRUE
3341	38319.0315508656	5143.29119320867	TRUE	TRUE	TRUE
3342	35497.2810762168	6001.88763458629	TRUE	TRUE	TRUE
3343	38406.7884416532	5452.42261930098	TRUE	TRUE	TRUE
3344	36656.700446952	5501.16327594107	TRUE	TRUE	TRUE
3345	41178.4924141797	4600.28629493627	TRUE	TRUE	TRUE
3346	39208.4808934659	5038.59443887967	TRUE	TRUE	TRUE
3347	36378.4622973269	5560.69771481132	TRUE	TRUE	TRUE
3348	36519.2026949538	5484.46827146672	TRUE	TRUE	TRUE
3349	32271.1523990146	7713.65245342579	TRUE	TRUE	TRUE
3350	37387.1428835462	5833.44571708751	TRUE	TRUE	TRUE
3351	34507.4399779098	7786.40628151525	TRUE	TRUE	TRUE
3352	35835.8153884765	6209.56204359324	TRUE	TRUE	TRUE
3353	38012.9418584634	5176.41151680841	TRUE	TRUE	TRUE
3354	39401.6971356952	5099.55974375462	TRUE	TRUE	TRUE
3355	35629.9162677196	6719.99116920366	TRUE	TRUE	TRUE
3356	38359.3249381815	5190.73622300093	TRUE	TRUE	TRUE
3357	36548.2280196947	6362.6699238229	TRUE	TRUE	TRUE
3358	38850.3595893604	4661.18438335118	TRUE	TRUE	TRUE
3359	39026.2499875631	5473.5845019614	TRUE	TRUE	TRUE
3360	36991.784757099	5322.72786947298	TRUE	TRUE	TRUE
3361	36213.8951322323	6141.07306548489	TRUE	TRUE	TRUE
3362	35196.0028813696	5886.93573026143	TRUE	TRUE	TRUE
3363	37526.243268272	5620.15310862845	TRUE	TRUE	TRUE
3364	38575.2224476109	4961.20634094376	TRUE	TRUE	TRUE
3365	36839.7651943662	5718.22614197924	TRUE	TRUE	TRUE
3366	35839.2043100716	6083.00711306066	TRUE	TRUE	TRUE
3367	38860.8445619383	5236.93648841295	TRUE	TRUE	TRUE
3368	37912.2397984539	5112.73979098874	TRUE	TRUE	TRUE
3369	35532.782315087	6378.07447127104	TRUE	TRUE	TRUE
3370	37751.2260673118	5601.25329089274	TRUE	TRUE	TRUE
3371	39058.7149241357	4941.03167107952	TRUE	TRUE	TRUE
3372	38280.8143796404	5248.93157604486	TRUE	TRUE	TRUE
3373	37681.876452444	5121.02227429923	TRUE	TRUE	TRUE
3374	38925.4954599152	4876.94295614991	TRUE	TRUE	TRUE
3375	37498.6664513388	5791.96459023763	TRUE	TRUE	TRUE
3376	35025.0154201273	6656.9409091526	TRUE	TRUE	TRUE
3377	39737.9647808622	4583.93926379752	TRUE	FALSE	TRUE
3378	37055.0527367646	5932.76499409337	TRUE	TRUE	TRUE
3379	37313.9395073654	5372.97272549585	TRUE	TRUE	TRUE
3380	39185.6552089285	5104.56766668975	TRUE	TRUE	TRUE
3381	34606.0795513397	7049.99290641767	TRUE	TRUE	TRUE
3382	37176.9788511534	6256.73880222615	TRUE	TRUE	TRUE
3383	36971.430850072	5796.18413639583	TRUE	TRUE	TRUE
3384	39666.4075942663	4901.6061715794	TRUE	TRUE	TRUE
3385	36347.7926569171	5498.44303160917	TRUE	TRUE	TRUE
3386	36016.1652389287	5691.40105374765	TRUE	TRUE	TRUE
3387	34177.0364814424	6569.0125853891	TRUE	TRUE	TRUE
3388	37566.9809920951	5130.84564190388	TRUE	TRUE	TRUE
3389	40149.4808931771	4733.52184051932	TRUE	TRUE	TRUE
3390	37208.5388616068	5560.39119116756	TRUE	TRUE	TRUE
3391	36335.6768540899	5814.34366102601	TRUE	TRUE	TRUE
3392	39727.9836336332	4436.76635568976	TRUE	FALSE	TRUE
3393	35470.3739165254	7066.01950977816	TRUE	TRUE	TRUE
3394	36613.4877075519	5958.04868510472	TRUE	TRUE	TRUE
3395	38111.3163629562	5267.11493700118	TRUE	TRUE	TRUE
3396	38695.6101267389	4986.41976461262	TRUE	TRUE	TRUE
3397	34472.0462153738	6032.13558617784	TRUE	TRUE	TRUE
3398	39364.4810268556	5243.313550598	TRUE	TRUE	TRUE
3399	34644.0821211018	6829.26975695931	TRUE	TRUE	TRUE
3400	39672.4233690166	4777.49038725477	TRUE	TRUE	TRUE
3401	36831.7725926076	6078.10078320136	TRUE	TRUE	TRUE
3402	38781.2067798497	5652.68776529561	TRUE	TRUE	TRUE
3403	37719.1811159538	5450.26469624975	TRUE	TRUE	TRUE
3404	38238.3834620987	5238.93185726989	TRUE	TRUE	TRUE
3405	37910.4007578981	5270.08950758197	TRUE	TRUE	TRUE
3406	37732.4050740161	5227.31438909904	TRUE	TRUE	TRUE
3407	37017.2773582178	5473.79511212494	TRUE	TRUE	TRUE
3408	41137.5934305825	4928.63840117657	TRUE	TRUE	TRUE
3409	38852.5431203265	4982.9941475642	TRUE	TRUE	TRUE
3410	38417.9042459701	5306.50674358141	TRUE	TRUE	TRUE
3411	36754.7721853358	5407.07527864611	TRUE	TRUE	TRUE
3412	35951.3314507394	5732.64002366378	TRUE	TRUE	TRUE
3413	36568.7772953977	5394.43847459254	TRUE	TRUE	TRUE
3414	35345.4820735195	6127.89651485491	TRUE	TRUE	TRUE
3415	37474.2066607049	5340.68974328642	TRUE	TRUE	TRUE
3416	38800.0411818149	5324.79473260978	TRUE	TRUE	TRUE
3417	39314.6873790574	4844.21515671272	TRUE	TRUE	TRUE
3418	38535.4482767848	5070.86347574002	TRUE	TRUE	TRUE
3419	39994.4207766055	4923.00936234253	TRUE	TRUE	TRUE
3420	37861.2344980408	5071.45224548455	TRUE	TRUE	TRUE
3421	31244.8521486922	9324.15130944613	TRUE	TRUE	TRUE
3422	36895.5923903533	6066.65491379663	TRUE	TRUE	TRUE
3423	36867.9928351146	5418.35120362912	TRUE	TRUE	TRUE
3424	38601.6694176384	4727.36390711097	TRUE	TRUE	TRUE
3425	35995.202232269	6676.50204507949	TRUE	TRUE	TRUE
3426	39996.7152320575	4884.11701227812	TRUE	TRUE	TRUE
3427	36841.1397806119	6063.68396786161	TRUE	TRUE	TRUE
3428	37377.3792696457	5584.39267314743	TRUE	TRUE	TRUE
3429	37755.1868405218	5262.85353192104	TRUE	TRUE	TRUE
3430	39882.5844354171	5468.42946077123	TRUE	TRUE	TRUE
3431	33855.5623325648	7760.89858754172	TRUE	TRUE	TRUE
3432	38501.0847222514	5875.57414055375	TRUE	TRUE	TRUE
3433	38684.6911067487	4796.83735007041	TRUE	TRUE	TRUE
3434	36999.9577457384	6049.33213241037	TRUE	TRUE	TRUE
3435	37648.6474249791	5401.063075764	TRUE	TRUE	TRUE
3436	37594.474094407	5309.84309960836	TRUE	TRUE	TRUE
3437	33001.0036437675	7899.96971629557	TRUE	TRUE	TRUE
3438	36785.7211098405	5785.20113689921	TRUE	TRUE	TRUE
3439	33779.3649942036	7684.68717760384	TRUE	TRUE	TRUE
3440	40724.9510954313	5165.53199219163	TRUE	TRUE	TRUE
3441	36657.0757741038	5191.97167771565	TRUE	TRUE	TRUE
3442	37867.1681304339	5963.68609795626	TRUE	TRUE	TRUE
3443	37391.9191527478	5545.36428886691	TRUE	TRUE	TRUE
3444	42570.239045747	4121.10822409738	FALSE	FALSE	TRUE
3445	38517.8793499049	4904.82899564794	TRUE	TRUE	TRUE
3446	39976.4619503051	4654.16897168739	TRUE	TRUE	TRUE
3447	38814.9615979003	4681.31225360994	TRUE	TRUE	TRUE
3448	36466.8228129153	5608.65038832425	TRUE	TRUE	TRUE
3449	36524.4784289212	6488.60272053076	TRUE	TRUE	TRUE
3450	39936.590140642	4992.33026196925	TRUE	TRUE	TRUE
3451	40721.4255628946	4848.43983564482	TRUE	TRUE	TRUE
3452	35450.3466626852	5900.36480328368	TRUE	TRUE	TRUE
3453	35981.3240278068	6482.0094036774	TRUE	TRUE	TRUE
3454	37268.2241001729	6925.70947284391	TRUE	TRUE	TRUE
3455	37161.1467352286	5202.42122591818	TRUE	TRUE	TRUE
3456	38583.0700182991	5321.13662915335	TRUE	TRUE	TRUE
3457	38830.7475644598	4871.51254590909	TRUE	TRUE	TRUE
3458	38463.445349045	5907.60365911762	TRUE	TRUE	TRUE
3459	38006.6628806132	5441.10227668935	TRUE	TRUE	TRUE
3460	39837.2574003019	4657.36592268314	TRUE	TRUE	TRUE
3461	39797.260840588	4909.14916722312	TRUE	TRUE	TRUE
3462	40356.8345562437	4358.92469685952	TRUE	FALSE	TRUE
3463	38380.3844797611	5310.87938484241	TRUE	TRUE	TRUE
3464	40696.0450850634	4615.01484322785	TRUE	TRUE	TRUE
3465	38943.4030044382	4970.23881066741	TRUE	TRUE	TRUE
3466	39243.1888588065	5365.40149667667	TRUE	TRUE	TRUE
3467	36857.1575839438	5386.50961381349	TRUE	TRUE	TRUE
3468	41197.3470465613	4523.66131583967	TRUE	FALSE	TRUE
3469	39136.0390738435	4925.17731209932	TRUE	TRUE	TRUE
3470	38851.0686711328	4885.63608642003	TRUE	TRUE	TRUE
3471	37979.6975475299	5579.76765766475	TRUE	TRUE	TRUE
3472	36838.8012001812	5317.50976106346	TRUE	TRUE	TRUE
3473	37946.4493116471	5091.00641690259	TRUE	TRUE	TRUE
3474	37654.1482905829	5094.84298755745	TRUE	TRUE	TRUE
3475	37666.4230036859	5743.72639503488	TRUE	TRUE	TRUE
3476	38882.9540215848	5027.74320155391	TRUE	TRUE	TRUE
3477	40460.0729218307	4572.81230343261	TRUE	FALSE	TRUE
3478	39106.3828091681	5448.46546068841	TRUE	TRUE	TRUE
3479	37521.8235391144	4971.6314735208	TRUE	TRUE	TRUE
3480	35622.4031433798	6268.20734531042	TRUE	TRUE	TRUE
3481	40382.1723460412	4515.34297059022	TRUE	FALSE	TRUE
3482	38220.9261060232	5325.3488447322	TRUE	TRUE	TRUE
3483	38054.8768468784	5018.20981669902	TRUE	TRUE	TRUE
3484	38273.9283384125	5083.41266706004	TRUE	TRUE	TRUE
3485	37380.1627340306	5261.75288028606	TRUE	TRUE	TRUE
3486	40671.6315876833	4515.14829552999	TRUE	FALSE	TRUE
3487	39026.5688989581	4841.0026391191	TRUE	TRUE	TRUE
3488	37948.0421073531	5153.40805337637	TRUE	TRUE	TRUE
3489	39853.9711105561	5117.27652944375	TRUE	TRUE	TRUE
3490	38532.3226818456	5029.69525747141	TRUE	TRUE	TRUE
3491	36737.3614448466	5326.29032932544	TRUE	TRUE	TRUE
3492	39226.2263802945	5147.11517475467	TRUE	TRUE	TRUE
3493	36018.4707628472	6468.99709642743	TRUE	TRUE	TRUE
3494	36872.1283267932	5563.22270542739	TRUE	TRUE	TRUE
3495	37130.1660223186	5394.45290571077	TRUE	TRUE	TRUE
3496	37022.4631233787	5616.576443238	TRUE	TRUE	TRUE
3497	37494.1125887869	5692.24431578335	TRUE	TRUE	TRUE
3498	38427.7687500494	5382.14099896149	TRUE	TRUE	TRUE
3499	41029.3460476351	4520.76846760411	TRUE	FALSE	TRUE
3500	40344.4736395954	4601.10451576721	TRUE	TRUE	TRUE
3501	37094.1611523444	5775.43868565613	TRUE	TRUE	TRUE
3502	36544.6008797792	5836.34002738763	TRUE	TRUE	TRUE
3503	37445.2386590706	5899.77331519901	TRUE	TRUE	TRUE
3504	39278.8799723028	4873.01274118637	TRUE	TRUE	TRUE
3505	39331.0315044605	5090.5892253342	TRUE	TRUE	TRUE
3506	33922.1239493444	6706.78868603375	TRUE	TRUE	TRUE
3507	39208.9561917553	5567.44802645782	TRUE	TRUE	TRUE
3508	36517.9035683344	5572.89483626705	TRUE	TRUE	TRUE
3509	37867.5544475955	5282.95795086814	TRUE	TRUE	TRUE
3510	35757.5788868469	6653.40441669208	TRUE	TRUE	TRUE
3511	37136.5503033059	5322.01442303911	TRUE	TRUE	TRUE
3512	40016.613418773	4654.30939646088	TRUE	TRUE	TRUE
3513	34053.5017023554	7306.12997772161	TRUE	TRUE	TRUE
3514	40151.5546833283	4725.36543511037	TRUE	TRUE	TRUE
3515	39349.5202342114	4882.01769967441	TRUE	TRUE	TRUE
3516	35958.4042488391	6018.87395144764	TRUE	TRUE	TRUE
3517	36374.3390198672	5823.16784931548	TRUE	TRUE	TRUE
3518	37498.8142926088	5437.71231997953	TRUE	TRUE	TRUE
3519	36500.6224614176	5720.75766267391	TRUE	TRUE	TRUE
3520	40550.4693808793	4784.41540517696	TRUE	TRUE	TRUE
3521	36970.2762268797	5624.68943908286	TRUE	TRUE	TRUE
3522	37533.3945709661	5843.0674139098	TRUE	TRUE	TRUE
3523	35453.2780311632	6597.64837725821	TRUE	TRUE	TRUE
3524	40757.6525133916	4881.22676885436	TRUE	TRUE	TRUE
3525	33714.2247020855	7563.31282552192	TRUE	TRUE	TRUE
3526	37576.9282582198	5147.28317609499	TRUE	TRUE	TRUE
3527	34766.9009935043	8125.35165594311	TRUE	TRUE	TRUE
3528	38114.7820142556	5285.13385720767	TRUE	TRUE	TRUE
3529	35562.9974617769	6098.29495324213	TRUE	TRUE	TRUE
3530	37533.208122968	5115.31240037937	TRUE	TRUE	TRUE
3531	40381.9804700262	4513.64161880607	TRUE	FALSE	TRUE
3532	37734.1367394831	5913.5125163724	TRUE	TRUE	TRUE
3533	37091.0580394892	5575.73647474895	TRUE	TRUE	TRUE
3534	35040.4554770045	6109.03055637443	TRUE	TRUE	TRUE
3535	37616.1804240832	5410.67957743672	TRUE	TRUE	TRUE
3536	37940.2931904827	5418.38539061639	TRUE	TRUE	TRUE
3537	36871.7570438979	5800.28324755023	TRUE	TRUE	TRUE
3538	39785.4768672827	4772.8688560202	TRUE	TRUE	TRUE
3539	38988.3608764359	5338.35988012728	TRUE	TRUE	TRUE
3540	37511.6856903283	5693.72697126645	TRUE	TRUE	TRUE
3541	36859.8364479043	5386.98429698319	TRUE	TRUE	TRUE
3542	37816.2429241824	5115.75502250544	TRUE	TRUE	TRUE
3543	37332.0140980416	5909.33545401496	TRUE	TRUE	TRUE
3544	36720.8235421424	6031.13383448817	TRUE	TRUE	TRUE
3545	34806.3615581808	6465.9524818851	TRUE	TRUE	TRUE
3546	36889.0591793877	5900.10319136923	TRUE	TRUE	TRUE
3547	37477.45270703	5921.57660881411	TRUE	TRUE	TRUE
3548	35254.8192058384	6306.4809695681	TRUE	TRUE	TRUE
3549	38691.8567124085	5065.17534369483	TRUE	TRUE	TRUE
3550	38606.7099982043	5299.81661104977	TRUE	TRUE	TRUE
3551	36529.8425752815	6438.77260733021	TRUE	TRUE	TRUE
3552	36183.6366961694	5679.49717190451	TRUE	TRUE	TRUE
3553	36877.6314960745	5995.64293520597	TRUE	TRUE	TRUE
3554	31934.9658734695	7793.55533391318	TRUE	TRUE	TRUE
3555	39047.1754645403	4878.48320579779	TRUE	TRUE	TRUE
3556	42167.9730487378	4044.00225109663	FALSE	FALSE	TRUE
3557	38590.0154397321	5634.11043280513	TRUE	TRUE	TRUE
3558	37536.1277876817	5072.59967456049	TRUE	TRUE	TRUE
3559	36808.6869856427	5718.89503465721	TRUE	TRUE	TRUE
3560	37265.3514252945	6234.71488833352	TRUE	TRUE	TRUE
3561	38721.063266429	6611.04073344848	TRUE	TRUE	TRUE
3562	38130.8123900859	4966.30306137164	TRUE	TRUE	TRUE
3563	38772.0355814738	5070.88615593528	TRUE	TRUE	TRUE
3564	35720.9818427095	6481.6077671586	TRUE	TRUE	TRUE
3565	38376.7617173668	5237.98520563409	TRUE	TRUE	TRUE
3566	36850.9490413153	5687.10870538073	TRUE	TRUE	TRUE
3567	38611.608529104	5633.04348520849	TRUE	TRUE	TRUE
3568	37489.0310857028	6472.53727977078	TRUE	TRUE	TRUE
3569	40839.6948588173	4590.82779603417	TRUE	TRUE	TRUE
3570	36617.3944129702	5537.53051217195	TRUE	TRUE	TRUE
3571	36714.3338376793	5970.50544228353	TRUE	TRUE	TRUE
3572	36145.8228378337	5872.93160050309	TRUE	TRUE	TRUE
3573	38143.662627223	5247.91439455711	TRUE	TRUE	TRUE
3574	36823.0198386906	5650.63471003527	TRUE	TRUE	TRUE
3575	35877.9823767312	6228.08964812278	TRUE	TRUE	TRUE
3576	36396.1610020487	5850.7403241112	TRUE	TRUE	TRUE
3577	34767.7671330142	7282.27965167974	TRUE	TRUE	TRUE
3578	37564.2612563521	6205.67416184292	TRUE	TRUE	TRUE
3579	35393.1343824556	7169.36485370938	TRUE	TRUE	TRUE
3580	37789.329727833	5216.23101784916	TRUE	TRUE	TRUE
3581	39312.7949529561	4758.78317841303	TRUE	TRUE	TRUE
3582	32682.1048418131	8456.69719451108	TRUE	TRUE	TRUE
3583	37824.2626165816	5573.06823906713	TRUE	TRUE	TRUE
3584	37882.7223978742	5878.23204758907	TRUE	TRUE	TRUE
3585	38747.7336931807	4667.34915567535	TRUE	TRUE	TRUE
3586	36440.3726027722	6067.99479649876	TRUE	TRUE	TRUE
3587	38279.2889855844	5363.23544170659	TRUE	TRUE	TRUE
3588	37505.7455417643	5173.05838418402	TRUE	TRUE	TRUE
3589	35911.8340408103	5828.88295947798	TRUE	TRUE	TRUE
3590	39101.5392628153	5077.55150523861	TRUE	TRUE	TRUE
3591	34139.4855560569	7264.89840540893	TRUE	TRUE	TRUE
3592	37660.7797730693	5265.16031675418	TRUE	TRUE	TRUE
3593	40464.6614690962	4597.65458938655	TRUE	TRUE	TRUE
3594	37682.8125783183	5220.3798984223	TRUE	TRUE	TRUE
3595	38097.2194390205	5370.74763838317	TRUE	TRUE	TRUE
3596	40782.1791114554	4453.82637551016	TRUE	FALSE	TRUE
3597	38087.0979713735	5758.42552503492	TRUE	TRUE	TRUE
3598	37242.5602799963	5515.27435277084	TRUE	TRUE	TRUE
3599	39279.9237721732	5088.48625063783	TRUE	TRUE	TRUE
3600	36636.4571065037	6053.53437176186	TRUE	TRUE	TRUE
3601	37792.6790365106	5229.93787525701	TRUE	TRUE	TRUE
3602	38107.7763370911	5525.44867929355	TRUE	TRUE	TRUE
3603	38206.9509660353	5498.59900502742	TRUE	TRUE	TRUE
3604	39439.9261466015	4988.10901293456	TRUE	TRUE	TRUE
3605	35318.5096434777	6288.6359404847	TRUE	TRUE	TRUE
3606	39319.2042608012	4929.07353237639	TRUE	TRUE	TRUE
3607	36044.5611234319	6928.63246727782	TRUE	TRUE	TRUE
3608	38270.5478445745	5193.07127858449	TRUE	TRUE	TRUE
3609	35910.4188836842	5683.38325959318	TRUE	TRUE	TRUE
3610	39250.7281505396	4940.52411695338	TRUE	TRUE	TRUE
3611	39607.11776334	4853.0393223849	TRUE	TRUE	TRUE
3612	34774.8288154104	6111.3512576563	TRUE	TRUE	TRUE
3613	39377.5295912664	4634.08184374121	TRUE	TRUE	TRUE
3614	36080.7051050689	6016.1607962555	TRUE	TRUE	TRUE
3615	33055.0593254517	7556.45056968356	TRUE	TRUE	TRUE
3616	40314.6969367032	4471.12608024164	TRUE	FALSE	TRUE
3617	35162.6758443141	7181.75477346934	TRUE	TRUE	TRUE
3618	35744.5528129379	6427.59587172225	TRUE	TRUE	TRUE
3619	37001.5934725613	5353.08114102326	TRUE	TRUE	TRUE
3620	37672.6921618538	5237.04421996523	TRUE	TRUE	TRUE
3621	37922.8058342344	5473.75053191459	TRUE	TRUE	TRUE
3622	35093.4779504737	5835.56528025098	TRUE	TRUE	TRUE
3623	38837.6787517937	4904.06764012332	TRUE	TRUE	TRUE
3624	36000.8998889118	6458.80571016957	TRUE	TRUE	TRUE
3625	37969.3687187245	5236.35117833341	TRUE	TRUE	TRUE
3626	37607.0346619747	5298.95960628554	TRUE	TRUE	TRUE
3627	37157.7574926297	6109.16943584539	TRUE	TRUE	TRUE
3628	38470.5244581977	5288.77989591985	TRUE	TRUE	TRUE
3629	35642.4081499083	6059.38128718884	TRUE	TRUE	TRUE
3630	41559.5018431192	4694.88898026993	TRUE	TRUE	TRUE
3631	36496.8546124685	5652.48497703144	TRUE	TRUE	TRUE
3632	38625.3874386498	4886.22388315485	TRUE	TRUE	TRUE
3633	37003.0558926578	5587.87471356628	TRUE	TRUE	TRUE
3634	36368.3381481804	5714.6972967642	TRUE	TRUE	TRUE
3635	34990.937783139	6481.99409136135	TRUE	TRUE	TRUE
3636	37320.7047427063	5308.99862018051	TRUE	TRUE	TRUE
3637	38326.0117528119	5313.18540050881	TRUE	TRUE	TRUE
3638	38586.9895179796	5185.24562329249	TRUE	TRUE	TRUE
3639	38649.4119659431	5514.04391819623	TRUE	TRUE	TRUE
3640	39845.4240340794	5343.52954709875	TRUE	TRUE	TRUE
3641	38919.8266124663	5010.50476252297	TRUE	TRUE	TRUE
3642	38262.4168824778	5512.52057494337	TRUE	TRUE	TRUE
3643	35873.0843203642	5944.51270499796	TRUE	TRUE	TRUE
3644	36786.9043037382	5115.19888131753	TRUE	TRUE	TRUE
3645	38842.4670921405	4971.72028378531	TRUE	TRUE	TRUE
3646	36755.3393418562	6093.50836952259	TRUE	TRUE	TRUE
3647	41423.8237820578	4245.6169212749	TRUE	FALSE	TRUE
3648	39656.7390799138	4745.73540887147	TRUE	TRUE	TRUE
3649	36512.0503303094	5721.04734782333	TRUE	TRUE	TRUE
3650	38606.4506697462	5106.06056683348	TRUE	TRUE	TRUE
3651	36746.0105915468	5110.2635314285	TRUE	TRUE	TRUE
3652	34536.1487657487	6698.36183728554	TRUE	TRUE	TRUE
3653	35633.4715020289	6162.61169538168	TRUE	TRUE	TRUE
3654	38434.4904778814	5863.14072153423	TRUE	TRUE	TRUE
3655	37971.6654820546	5143.24148134704	TRUE	TRUE	TRUE
3656	39113.5757469136	5382.36435916848	TRUE	TRUE	TRUE
3657	35875.8135023998	6214.27975020808	TRUE	TRUE	TRUE
3658	34228.3692395131	6125.97137104596	TRUE	TRUE	TRUE
3659	39344.82803131	5092.2126374648	TRUE	TRUE	TRUE
3660	39801.8003490097	4520.31116885536	TRUE	FALSE	TRUE
3661	38680.5057387248	5498.51485405427	TRUE	TRUE	TRUE
3662	36857.2348462004	5402.48012465495	TRUE	TRUE	TRUE
3663	38820.8908789325	5199.81575258645	TRUE	TRUE	TRUE
3664	39047.9082580762	4610.45334954069	TRUE	TRUE	TRUE
3665	38381.764907747	5166.87049670124	TRUE	TRUE	TRUE
3666	37268.2925816951	5534.69805260968	TRUE	TRUE	TRUE
3667	37812.9715080092	5379.42915706841	TRUE	TRUE	TRUE
3668	38281.7385480687	5071.34513832103	TRUE	TRUE	TRUE
3669	37187.4850153096	5260.57940181639	TRUE	TRUE	TRUE
3670	40448.6557788032	4749.21515299345	TRUE	TRUE	TRUE
3671	36595.4809518929	6105.11333403824	TRUE	TRUE	TRUE
3672	37717.1330121567	5281.95070296265	TRUE	TRUE	TRUE
3673	40399.2343379279	4940.17531982123	TRUE	TRUE	TRUE
3674	38283.1176080826	4936.04086511432	TRUE	TRUE	TRUE
3675	35301.5662576933	6311.205977998	TRUE	TRUE	TRUE
3676	38807.4027835148	4821.94618587985	TRUE	TRUE	TRUE
3677	40576.231634036	4538.94687019514	TRUE	FALSE	TRUE
3678	39065.1102337871	4935.76714729047	TRUE	TRUE	TRUE
3679	38066.1475183759	5071.11126662874	TRUE	TRUE	TRUE
3680	38818.8122312078	5372.34232414246	TRUE	TRUE	TRUE
3681	39783.9300102515	4676.30957442759	TRUE	TRUE	TRUE
3682	37218.6800255311	6098.9546992275	TRUE	TRUE	TRUE
3683	36291.1665464046	6398.00550967046	TRUE	TRUE	TRUE
3684	36593.4352703428	6465.75719130477	TRUE	TRUE	TRUE
3685	36056.458034055	6246.48692187881	TRUE	TRUE	TRUE
3686	35524.7028122853	6898.40674169997	TRUE	TRUE	TRUE
3687	38562.3391213998	5489.39702143502	TRUE	TRUE	TRUE
3688	41478.4996222171	4156.14955225478	TRUE	FALSE	TRUE
3689	33968.4019349351	7404.75504132492	TRUE	TRUE	TRUE
3690	36022.4756853297	6653.94265628858	TRUE	TRUE	TRUE
3691	36143.3410911607	5632.27545790694	TRUE	TRUE	TRUE
3692	36115.095184089	5805.94708167445	TRUE	TRUE	TRUE
3693	39314.7199663333	4973.82131451393	TRUE	TRUE	TRUE
3694	38651.3658699914	5021.96646873188	TRUE	TRUE	TRUE
3695	40909.757445673	5339.94501795724	TRUE	TRUE	TRUE
3696	36769.918441202	6357.50808350987	TRUE	TRUE	TRUE
3697	36281.3132483197	5737.95643676773	TRUE	TRUE	TRUE
3698	36545.1870254937	6218.27150734985	TRUE	TRUE	TRUE
3699	38431.8294336555	4892.43293873071	TRUE	TRUE	TRUE
3700	39291.9883261784	5049.37171793933	TRUE	TRUE	TRUE
3701	38089.1388976208	5341.06132376828	TRUE	TRUE	TRUE
3702	38980.3687580578	5105.15942312409	TRUE	TRUE	TRUE
3703	37023.8015860441	6618.22942675296	TRUE	TRUE	TRUE
3704	36522.2058458114	5981.49625629046	TRUE	TRUE	TRUE
3705	32716.0958529562	7260.14627976958	TRUE	TRUE	TRUE
3706	36518.9813495697	6028.53391673044	TRUE	TRUE	TRUE
3707	37621.1717001389	5067.07374207072	TRUE	TRUE	TRUE
3708	39327.8355708246	4870.33862606621	TRUE	TRUE	TRUE
3709	37501.5936376895	5093.44662919913	TRUE	TRUE	TRUE
3710	36896.8086134628	5785.66871840345	TRUE	TRUE	TRUE
3711	37537.0325652622	5276.46710007311	TRUE	TRUE	TRUE
3712	39021.405692633	4812.54705077017	TRUE	TRUE	TRUE
3713	34521.3306354662	6779.50669944269	TRUE	TRUE	TRUE
3714	37665.9008092685	5391.95127908757	TRUE	TRUE	TRUE
3715	40360.8675987787	4489.789719084	TRUE	FALSE	TRUE
3716	36355.7958114579	5873.02172569827	TRUE	TRUE	TRUE
3717	37496.9867490355	5495.07410848338	TRUE	TRUE	TRUE
3718	36372.4188172948	6653.92678555236	TRUE	TRUE	TRUE
3719	35509.0180593614	6820.56629840904	TRUE	TRUE	TRUE
3720	36865.6332912528	5643.65376555186	TRUE	TRUE	TRUE
3721	37459.0577730271	5836.74520551668	TRUE	TRUE	TRUE
3722	41184.8673298663	4360.00312531442	TRUE	FALSE	TRUE
3723	36712.9663033057	5895.74747271263	TRUE	TRUE	TRUE
3724	37598.2306571143	5680.59314135661	TRUE	TRUE	TRUE
3725	38079.3399199651	5192.26739952506	TRUE	TRUE	TRUE
3726	39160.7979403296	5171.7302765168	TRUE	TRUE	TRUE
3727	38238.8117755434	5459.95670000087	TRUE	TRUE	TRUE
3728	35784.5580058563	6227.77130574553	TRUE	TRUE	TRUE
3729	38483.3142405513	5496.33421999006	TRUE	TRUE	TRUE
3730	38137.1285024204	5271.85968555093	TRUE	TRUE	TRUE
3731	36270.6612675037	6417.37260947321	TRUE	TRUE	TRUE
3732	39256.4477424826	5171.17579437445	TRUE	TRUE	TRUE
3733	38333.1322191767	4885.74984582799	TRUE	TRUE	TRUE
3734	36354.5130416906	5800.2729830374	TRUE	TRUE	TRUE
3735	43058.192656617	4212.86759065603	FALSE	FALSE	TRUE
3736	37357.7398753401	6031.17776165608	TRUE	TRUE	TRUE
3737	39275.8067240324	5331.4335513447	TRUE	TRUE	TRUE
3738	34798.7004420777	6785.38351791348	TRUE	TRUE	TRUE
3739	37805.1856752289	5053.11306010456	TRUE	TRUE	TRUE
3740	36435.9238473384	5797.70722736758	TRUE	TRUE	TRUE
3741	39992.7228065998	4604.54341247535	TRUE	TRUE	TRUE
3742	37220.1103745033	5292.34624430943	TRUE	TRUE	TRUE
3743	34291.8409645726	7008.2801783575	TRUE	TRUE	TRUE
3744	36155.906102562	6665.4104470798	TRUE	TRUE	TRUE
3745	37877.8004674933	5684.4737891759	TRUE	TRUE	TRUE
3746	37448.5861906886	5141.45749324657	TRUE	TRUE	TRUE
3747	37984.6787203478	5474.38514492815	TRUE	TRUE	TRUE
3748	38356.0174249738	5098.31673620686	TRUE	TRUE	TRUE
3749	36129.7594378823	5419.59416702536	TRUE	TRUE	TRUE
3750	38412.1025628902	5240.94260567866	TRUE	TRUE	TRUE
3751	39765.9122386204	5174.75864449612	TRUE	TRUE	TRUE
3752	40728.6168080458	5022.94460949393	TRUE	TRUE	TRUE
3753	35725.1917456189	6058.44504643537	TRUE	TRUE	TRUE
3754	37995.3979682502	5126.15807080709	TRUE	TRUE	TRUE
3755	38804.941012896	5024.15132960553	TRUE	TRUE	TRUE
3756	39089.6681375078	5076.51806393806	TRUE	TRUE	TRUE
3757	35494.1455132978	6613.70841013264	TRUE	TRUE	TRUE
3758	35914.9981028004	6170.17941875302	TRUE	TRUE	TRUE
3759	38045.231005012	5295.70723027304	TRUE	TRUE	TRUE
3760	37746.4720433729	5371.56258223745	TRUE	TRUE	TRUE
3761	39838.635151025	4580.46972171801	TRUE	FALSE	TRUE
3762	37235.101383735	5504.53156822666	TRUE	TRUE	TRUE
3763	37667.7374190522	5035.61793634812	TRUE	TRUE	TRUE
3764	37847.4910229175	5604.4233458266	TRUE	TRUE	TRUE
3765	36746.9546681169	5637.62587254627	TRUE	TRUE	TRUE
3766	33945.630309941	8161.75221691331	TRUE	TRUE	TRUE
3767	37628.4930980001	6074.82359461152	TRUE	TRUE	TRUE
3768	37439.5452800111	5775.0667415175	TRUE	TRUE	TRUE
3769	39507.0969329773	4798.71963310688	TRUE	TRUE	TRUE
3770	37857.3161448147	5256.0467649597	TRUE	TRUE	TRUE
3771	36878.2135847609	5609.56650980254	TRUE	TRUE	TRUE
3772	34874.7762590871	7144.41061530877	TRUE	TRUE	TRUE
3773	37934.1396357117	5113.57314338002	TRUE	TRUE	TRUE
3774	40293.0394835755	4754.10163624252	TRUE	TRUE	TRUE
3775	36455.667288502	5909.04859448917	TRUE	TRUE	TRUE
3776	39616.9727684074	4889.1005416724	TRUE	TRUE	TRUE
3777	32385.5687736907	7752.14460309316	TRUE	TRUE	TRUE
3778	39931.1248332509	4435.87274226488	TRUE	FALSE	TRUE
3779	35505.1879424996	6102.6662465869	TRUE	TRUE	TRUE
3780	37661.9638152188	5610.52216083523	TRUE	TRUE	TRUE
3781	38702.7621341162	4626.73543121459	TRUE	TRUE	TRUE
3782	40976.6794826083	4871.99242352638	TRUE	TRUE	TRUE
3783	37832.3998304931	5709.41721969172	TRUE	TRUE	TRUE
3784	39108.0106336499	4819.38087859779	TRUE	TRUE	TRUE
3785	39702.5582631312	4938.22228807467	TRUE	TRUE	TRUE
3786	39351.5797411278	4735.76571801969	TRUE	TRUE	TRUE
3787	38706.1671119187	5320.70615936358	TRUE	TRUE	TRUE
3788	39677.075309731	5197.98744508979	TRUE	TRUE	TRUE
3789	36491.079697038	5579.07960612509	TRUE	TRUE	TRUE
3790	39644.9675724298	4815.99546645066	TRUE	TRUE	TRUE
3791	37559.0881089621	5514.43414661115	TRUE	TRUE	TRUE
3792	35155.8434867377	7212.11071136773	TRUE	TRUE	TRUE
3793	36675.964676621	5278.65772011088	TRUE	TRUE	TRUE
3794	36657.6197191077	6472.18447233682	TRUE	TRUE	TRUE
3795	36927.7824410702	5371.31836990068	TRUE	TRUE	TRUE
3796	41455.9251825646	4364.63364330162	TRUE	FALSE	TRUE
3797	35728.7961314524	6549.75122411821	TRUE	TRUE	TRUE
3798	37401.309010544	5790.88637160081	TRUE	TRUE	TRUE
3799	39262.4420173226	4991.85477469001	TRUE	TRUE	TRUE
3800	35369.3451650005	6417.00522575416	TRUE	TRUE	TRUE
3801	34229.8406780574	6112.60290976817	TRUE	TRUE	TRUE
3802	29988.9904009549	8486.42268244144	TRUE	TRUE	TRUE
3803	40903.5868838842	4269.64292862432	TRUE	FALSE	TRUE
3804	39393.4392280942	5012.5773575643	TRUE	TRUE	TRUE
3805	35260.2320008524	6571.44956707954	TRUE	TRUE	TRUE
3806	36819.2592770798	5730.96551133935	TRUE	TRUE	TRUE
3807	36347.1178063021	6258.01875460824	TRUE	TRUE	TRUE
3808	38128.6127236836	5011.44620468999	TRUE	TRUE	TRUE
3809	38729.9710051352	4993.7900180378	TRUE	TRUE	TRUE
3810	37553.4929634166	5859.08686183445	TRUE	TRUE	TRUE
3811	38737.5239262057	5230.36629527091	TRUE	TRUE	TRUE
3812	41098.8003507708	4411.78146174198	TRUE	FALSE	TRUE
3813	38515.5667666412	5605.77353476468	TRUE	TRUE	TRUE
3814	38583.8523170105	5299.11617723412	TRUE	TRUE	TRUE
3815	35319.2160833277	6734.20357782819	TRUE	TRUE	TRUE
3816	36668.0367270279	5437.7274862005	TRUE	TRUE	TRUE
3817	39214.7266901709	4770.0540754855	TRUE	TRUE	TRUE
3818	39822.7945859898	5243.59542745877	TRUE	TRUE	TRUE
3819	39220.388785752	5271.21866364685	TRUE	TRUE	TRUE
3820	35889.3717382408	6151.80369809616	TRUE	TRUE	TRUE
3821	35079.9853908627	6193.12443167199	TRUE	TRUE	TRUE
3822	37144.6835391622	6417.9794792316	TRUE	TRUE	TRUE
3823	38671.8703023031	4840.03578318182	TRUE	TRUE	TRUE
3824	38573.0499915398	5036.31243364761	TRUE	TRUE	TRUE
3825	37665.8326478943	5326.31366679586	TRUE	TRUE	TRUE
3826	38909.1623468753	5452.83623793413	TRUE	TRUE	TRUE
3827	30561.0334721965	8880.80157392491	TRUE	TRUE	TRUE
3828	36865.4144469498	5583.48646763249	TRUE	TRUE	TRUE
3829	35734.9606947954	6130.34701843547	TRUE	TRUE	TRUE
3830	34512.4551471937	7003.52274543261	TRUE	TRUE	TRUE
3831	35600.6316487523	5738.054918774	TRUE	TRUE	TRUE
3832	37262.8881789239	6153.16342899505	TRUE	TRUE	TRUE
3833	37601.7783544221	5398.76186186816	TRUE	TRUE	TRUE
3834	36985.6006057332	6522.40376532585	TRUE	TRUE	TRUE
3835	37264.4436738247	5323.7312415698	TRUE	TRUE	TRUE
3836	36396.4422804629	5950.68640454493	TRUE	TRUE	TRUE
3837	38444.3886087849	5323.96604827729	TRUE	TRUE	TRUE
3838	34563.6734142322	9031.96018577494	TRUE	TRUE	TRUE
3839	32496.4700637526	7789.91656406401	TRUE	TRUE	TRUE
3840	39862.7150249768	4763.95884570796	TRUE	TRUE	TRUE
3841	35653.9483751179	6530.32440285844	TRUE	TRUE	TRUE
3842	37473.9349319647	5764.69907283351	TRUE	TRUE	TRUE
3843	37077.601347551	5981.25524711405	TRUE	TRUE	TRUE
3844	38538.6298976306	5324.42803666977	TRUE	TRUE	TRUE
3845	35208.8418666569	7037.11314902822	TRUE	TRUE	TRUE
3846	38113.8018528178	5774.38183128243	TRUE	TRUE	TRUE
3847	36903.004769838	5186.52725774517	TRUE	TRUE	TRUE
3848	37977.4653508024	5687.85964387269	TRUE	TRUE	TRUE
3849	37463.2861610926	5148.0771727554	TRUE	TRUE	TRUE
3850	42627.805393004	4247.08498894399	FALSE	FALSE	TRUE
3851	38530.1233385883	5192.47997825567	TRUE	TRUE	TRUE
3852	37118.5770485058	5250.44059019089	TRUE	TRUE	TRUE
3853	36726.025693363	6897.19575864542	TRUE	TRUE	TRUE
3854	38041.7003964106	5219.28301319279	TRUE	TRUE	TRUE
3855	39198.5545644619	4695.66783320959	TRUE	TRUE	TRUE
3856	39403.6767159084	5077.17864370235	TRUE	TRUE	TRUE
3857	38272.7099534238	5391.76196354349	TRUE	TRUE	TRUE
3858	34975.5130457524	7366.23431050376	TRUE	TRUE	TRUE
3859	40273.3988401075	4567.77572664314	TRUE	FALSE	TRUE
3860	37810.970328888	5779.33028815623	TRUE	TRUE	TRUE
3861	36249.8766499971	6102.32380761374	TRUE	TRUE	TRUE
3862	39974.8196625949	4645.93808777082	TRUE	TRUE	TRUE
3863	33028.8007313622	6816.16903939915	TRUE	TRUE	TRUE
3864	38406.8715894635	5393.19454789854	TRUE	TRUE	TRUE
3865	38201.4880988173	4889.78982141829	TRUE	TRUE	TRUE
3866	38761.6186229315	5084.99822929354	TRUE	TRUE	TRUE
3867	38221.232388326	5353.55684124786	TRUE	TRUE	TRUE
3868	36614.6400307859	6150.85722886756	TRUE	TRUE	TRUE
3869	35921.3094984485	5923.69749366329	TRUE	TRUE	TRUE
3870	36502.2667528935	5639.79515236074	TRUE	TRUE	TRUE
3871	38337.6536324109	5312.40555560521	TRUE	TRUE	TRUE
3872	35533.6426932776	6755.45212431556	TRUE	TRUE	TRUE
3873	36703.5275995885	5915.89082583593	TRUE	TRUE	TRUE
3874	37900.1624417911	5228.6516027607	TRUE	TRUE	TRUE
3875	39149.5847824746	4991.87029820395	TRUE	TRUE	TRUE
3876	34046.4259542408	6929.22628778664	TRUE	TRUE	TRUE
3877	35486.2432865242	5880.04433202986	TRUE	TRUE	TRUE
3878	37887.5206607613	5463.15828109344	TRUE	TRUE	TRUE
3879	37668.8678031595	5496.56438675502	TRUE	TRUE	TRUE
3880	36311.9558903035	5693.72528521534	TRUE	TRUE	TRUE
3881	35107.4567189578	5961.44184715193	TRUE	TRUE	TRUE
3882	37919.5517312554	5334.63939422638	TRUE	TRUE	TRUE
3883	39017.1460362795	5566.83038532042	TRUE	TRUE	TRUE
3884	36507.6382066179	5852.85183339573	TRUE	TRUE	TRUE
3885	39394.0408666241	5215.94083264078	TRUE	TRUE	TRUE
3886	35632.2232016653	6160.33968445023	TRUE	TRUE	TRUE
3887	38531.5043785699	5351.40238355307	TRUE	TRUE	TRUE
3888	35445.4404812928	5969.42196278832	TRUE	TRUE	TRUE
3889	38987.7352401231	4995.67030993771	TRUE	TRUE	TRUE
3890	34150.1374700293	7000.27110162203	TRUE	TRUE	TRUE
3891	37814.3994676116	4949.84213433079	TRUE	TRUE	TRUE
3892	42146.7664076426	4442.6781496484	FALSE	FALSE	TRUE
3893	32038.3857273971	8108.88689767553	TRUE	TRUE	TRUE
3894	36550.4746625447	5667.2331674144	TRUE	TRUE	TRUE
3895	40119.31974465	4574.62321645373	TRUE	FALSE	TRUE
3896	36664.0277457839	5790.37079541706	TRUE	TRUE	TRUE
3897	37830.7838472585	5160.69205832552	TRUE	TRUE	TRUE
3898	36197.8683714934	6104.9591119928	TRUE	TRUE	TRUE
3899	39206.6758373999	5404.27529582728	TRUE	TRUE	TRUE
3900	37809.4023455574	6653.93786852129	TRUE	TRUE	TRUE
3901	38282.8180898209	5348.28521135327	TRUE	TRUE	TRUE
3902	35921.0286132916	6510.89148402192	TRUE	TRUE	TRUE
3903	38231.7073446091	5267.04369124333	TRUE	TRUE	TRUE
3904	37951.8162931646	5227.7009588298	TRUE	TRUE	TRUE
3905	37000.2627082694	5621.53290613687	TRUE	TRUE	TRUE
3906	38458.2355148909	4933.7977255643	TRUE	TRUE	TRUE
3907	35466.0581276219	6178.04038503989	TRUE	TRUE	TRUE
3908	37878.4560076537	5046.23080316729	TRUE	TRUE	TRUE
3909	37304.8710123438	5423.20096734994	TRUE	TRUE	TRUE
3910	40747.4303198001	4346.40001640549	TRUE	FALSE	TRUE
3911	34682.3123490421	6833.86413730805	TRUE	TRUE	TRUE
3912	35718.7507710124	6889.67991402789	TRUE	TRUE	TRUE
3913	39149.4007784198	4897.19189296858	TRUE	TRUE	TRUE
3914	38582.8515643016	4870.48972766621	TRUE	TRUE	TRUE
3915	41136.3247581955	4245.75755138748	TRUE	FALSE	TRUE
3916	39408.3816413199	5252.5700666191	TRUE	TRUE	TRUE
3917	38429.4788743943	5029.43244838153	TRUE	TRUE	TRUE
3918	40215.0410119496	5307.98534755976	TRUE	TRUE	TRUE
3919	38853.7588843343	5043.08389086404	TRUE	TRUE	TRUE
3920	35579.3583576232	6207.2415171521	TRUE	TRUE	TRUE
3921	40500.4703149028	4441.62191572492	TRUE	FALSE	TRUE
3922	37611.4017850764	5190.5758733492	TRUE	TRUE	TRUE
3923	38678.8513044099	4778.00839247928	TRUE	TRUE	TRUE
3924	37945.6625341998	5225.84302942346	TRUE	TRUE	TRUE
3925	35303.5183754757	7263.94412485904	TRUE	TRUE	TRUE
3926	36544.1109179958	5713.64168231813	TRUE	TRUE	TRUE
3927	38250.7475433364	5563.34590955088	TRUE	TRUE	TRUE
3928	35686.5578999105	6108.01682966889	TRUE	TRUE	TRUE
3929	39748.6242306614	4797.44674818767	TRUE	TRUE	TRUE
3930	36867.5993805504	5540.72241156848	TRUE	TRUE	TRUE
3931	38121.4539672	5380.072471818	TRUE	TRUE	TRUE
3932	39792.3361672012	4843.13462601712	TRUE	TRUE	TRUE
3933	35973.734010857	6576.39076831339	TRUE	TRUE	TRUE
3934	36503.494990979	5458.75356621464	TRUE	TRUE	TRUE
3935	37648.0045010941	5053.78735522786	TRUE	TRUE	TRUE
3936	37768.4068729186	5918.97966734543	TRUE	TRUE	TRUE
3937	39416.0508085312	4874.91111202933	TRUE	TRUE	TRUE
3938	38126.9959968142	5445.73880956926	TRUE	TRUE	TRUE
3939	40178.5447384412	5737.76933757834	TRUE	TRUE	TRUE
3940	38095.8896119674	5306.3543842735	TRUE	TRUE	TRUE
3941	32959.8623083148	7212.07685856372	TRUE	TRUE	TRUE
3942	38759.8425987551	4833.93172224128	TRUE	TRUE	TRUE
3943	38687.0001706593	5207.26919606972	TRUE	TRUE	TRUE
3944	37309.826686313	5252.94833881583	TRUE	TRUE	TRUE
3945	35096.542056031	6815.2397383784	TRUE	TRUE	TRUE
3946	38702.1421828351	4736.87987357118	TRUE	TRUE	TRUE
3947	34150.5763433828	6405.50085541164	TRUE	TRUE	TRUE
3948	37315.2715552442	5264.08046439747	TRUE	TRUE	TRUE
3949	36789.2013934056	5851.21380055132	TRUE	TRUE	TRUE
3950	39238.7051731927	5524.67929179147	TRUE	TRUE	TRUE
3951	35005.7561982289	6748.49686412118	TRUE	TRUE	TRUE
3952	36298.6527533545	5697.86324671118	TRUE	TRUE	TRUE
3953	36623.2126707804	6136.54844721022	TRUE	TRUE	TRUE
3954	37554.2158830549	6168.66037948518	TRUE	TRUE	TRUE
3955	39294.1905013121	5219.98902944975	TRUE	TRUE	TRUE
3956	36051.2348646502	5939.31327196297	TRUE	TRUE	TRUE
3957	35831.0804027611	6045.54406955002	TRUE	TRUE	TRUE
3958	36491.7401931936	5567.65282002464	TRUE	TRUE	TRUE
3959	37119.5808817686	5517.22966325374	TRUE	TRUE	TRUE
3960	38754.836285136	6322.75525505413	TRUE	TRUE	TRUE
3961	39152.7541380706	5515.41752190629	TRUE	TRUE	TRUE
3962	37045.290956741	5580.0101895721	TRUE	TRUE	TRUE
3963	38451.1523701986	5131.89568651929	TRUE	TRUE	TRUE
3964	37748.2411515768	5560.20835531369	TRUE	TRUE	TRUE
3965	40183.495145637	4568.26949718313	TRUE	FALSE	TRUE
3966	40225.3037414141	5056.67299243724	TRUE	TRUE	TRUE
3967	35102.8525574168	6570.40042220538	TRUE	TRUE	TRUE
3968	31826.3731908737	8859.90577919101	TRUE	TRUE	TRUE
3969	36101.7287871366	5891.82711971039	TRUE	TRUE	TRUE
3970	35761.1170532878	6267.15353575665	TRUE	TRUE	TRUE
3971	38431.0832489042	4782.12065011759	TRUE	TRUE	TRUE
3972	38161.7293934841	5077.12374822136	TRUE	TRUE	TRUE
3973	39546.6857956525	5139.05594782668	TRUE	TRUE	TRUE
3974	38700.5999267866	4806.67819207	TRUE	TRUE	TRUE
3975	37967.0368102025	5236.51717970061	TRUE	TRUE	TRUE
3976	36982.1683996444	5345.22871309632	TRUE	TRUE	TRUE
3977	37945.8898955978	5356.71676931043	TRUE	TRUE	TRUE
3978	36953.0901158847	6008.41236998961	TRUE	TRUE	TRUE
3979	39040.1073259775	5017.14846261067	TRUE	TRUE	TRUE
3980	38523.4967626076	5036.94648451804	TRUE	TRUE	TRUE
3981	38699.050005796	5227.91913915303	TRUE	TRUE	TRUE
3982	38326.8049172288	5807.66160301686	TRUE	TRUE	TRUE
3983	36831.9086612986	5627.27799306464	TRUE	TRUE	TRUE
3984	38822.1308967342	5215.3317873887	TRUE	TRUE	TRUE
3985	37038.1148182742	6099.44694769034	TRUE	TRUE	TRUE
3986	37064.6623602155	5519.6614545897	TRUE	TRUE	TRUE
3987	38236.1197909002	5170.73604226883	TRUE	TRUE	TRUE
3988	37214.4110156934	5690.94955187823	TRUE	TRUE	TRUE
3989	37983.0317131767	5552.21757380339	TRUE	TRUE	TRUE
3990	39628.7729103646	4710.20416544901	TRUE	TRUE	TRUE
3991	38883.0207863262	5087.55744076951	TRUE	TRUE	TRUE
3992	39604.3649859351	4650.09487578431	TRUE	TRUE	TRUE
3993	38837.6870408726	4719.17382066369	TRUE	TRUE	TRUE
3994	37220.2499422802	5873.82415180396	TRUE	TRUE	TRUE
3995	37395.1318631727	5067.74848150137	TRUE	TRUE	TRUE
3996	38266.8540037859	5101.62639165414	TRUE	TRUE	TRUE
3997	40685.3486557151	4471.81894435857	TRUE	FALSE	TRUE
3998	36285.8264707624	5535.81722908992	TRUE	TRUE	TRUE
3999	37888.0297001515	5229.58671170609	TRUE	TRUE	TRUE
4000	37660.4231655261	5749.64038918239	TRUE	TRUE	TRUE
4001	34440.3898008656	6677.30339215501	TRUE	TRUE	TRUE
4002	41897.5018243916	4850.35256363527	FALSE	TRUE	TRUE
4003	36688.4780066981	5632.18824501926	TRUE	TRUE	TRUE
4004	35009.5699174719	6747.1176826356	TRUE	TRUE	TRUE
4005	38103.2624472094	4940.9228616866	TRUE	TRUE	TRUE
4006	39664.7900292432	4533.8252701657	TRUE	FALSE	TRUE
4007	37646.0052503573	5249.33429880765	TRUE	TRUE	TRUE
4008	38355.9746349863	5212.42232077097	TRUE	TRUE	TRUE
4009	39027.4052021142	5154.09416909101	TRUE	TRUE	TRUE
4010	38631.5080150803	5247.4211612402	TRUE	TRUE	TRUE
4011	39790.4752494408	4842.3195542087	TRUE	TRUE	TRUE
4012	38355.40605983	5334.70142517972	TRUE	TRUE	TRUE
4013	38096.5933713075	5317.96636412165	TRUE	TRUE	TRUE
4014	40317.9607298962	4661.08673390705	TRUE	TRUE	TRUE
4015	38698.3543487346	4912.09535314835	TRUE	TRUE	TRUE
4016	37437.3773319224	5416.85804414542	TRUE	TRUE	TRUE
4017	41301.6468338746	4437.83818123868	TRUE	FALSE	TRUE
4018	37109.670840994	5258.28373448672	TRUE	TRUE	TRUE
4019	40756.3930814815	4674.66668118676	TRUE	TRUE	TRUE
4020	37381.8282178154	5341.84499222773	TRUE	TRUE	TRUE
4021	35575.4320315199	6547.27045944415	TRUE	TRUE	TRUE
4022	38050.7041453163	4918.68165692019	TRUE	TRUE	TRUE
4023	38695.7389939305	5156.5346664451	TRUE	TRUE	TRUE
4024	35268.911043546	6824.86818707049	TRUE	TRUE	TRUE
4025	38588.5576844403	4862.696055567	TRUE	TRUE	TRUE
4026	37188.9564941131	5584.61567470771	TRUE	TRUE	TRUE
4027	40996.7240734115	5077.9670403458	TRUE	TRUE	TRUE
4028	35263.3640136387	7371.88946050124	TRUE	TRUE	TRUE
4029	38864.4537727933	5095.45703169661	TRUE	TRUE	TRUE
4030	38104.6297688823	6239.12107019997	TRUE	TRUE	TRUE
4031	38411.1987489405	5322.77813470993	TRUE	TRUE	TRUE
4032	35257.5171694656	6241.73700234379	TRUE	TRUE	TRUE
4033	36169.4783465467	5786.8789280066	TRUE	TRUE	TRUE
4034	34291.5789713909	8455.41878368935	TRUE	TRUE	TRUE
4035	35004.575544046	5876.37883148119	TRUE	TRUE	TRUE
4036	35031.2080809753	5902.04923296071	TRUE	TRUE	TRUE
4037	36568.6256719647	6209.06564064457	TRUE	TRUE	TRUE
4038	37678.4283864259	5465.9849901376	TRUE	TRUE	TRUE
4039	35172.6834923801	6377.02157394486	TRUE	TRUE	TRUE
4040	37800.5676622588	5459.70932529779	TRUE	TRUE	TRUE
4041	38331.7132746889	6127.02252402444	TRUE	TRUE	TRUE
4042	37783.9710952403	5136.87654999442	TRUE	TRUE	TRUE
4043	39334.6790029238	4537.25175174645	TRUE	FALSE	TRUE
4044	37470.6552147577	5781.58482756056	TRUE	TRUE	TRUE
4045	35246.682105175	5816.70078255124	TRUE	TRUE	TRUE
4046	32902.0279272522	7964.28370078398	TRUE	TRUE	TRUE
4047	38885.2485333789	5266.8407721756	TRUE	TRUE	TRUE
4048	38560.7940557906	4857.76121466556	TRUE	TRUE	TRUE
4049	35870.7546515387	6832.1468123313	TRUE	TRUE	TRUE
4050	36514.9616171628	6297.370189346	TRUE	TRUE	TRUE
4051	35471.1902177246	7202.18917055198	TRUE	TRUE	TRUE
4052	33662.0486255599	6660.93472781281	TRUE	TRUE	TRUE
4053	38116.90754602	5091.99807338141	TRUE	TRUE	TRUE
4054	37012.1421633512	5655.20347667104	TRUE	TRUE	TRUE
4055	37973.1547611871	5472.776424198	TRUE	TRUE	TRUE
4056	34943.5325931278	6274.10591859533	TRUE	TRUE	TRUE
4057	39779.3560818523	5295.23852550954	TRUE	TRUE	TRUE
4058	38690.4479307233	5346.07206319298	TRUE	TRUE	TRUE
4059	37375.2106710598	5786.23293607034	TRUE	TRUE	TRUE
4060	37017.4196525819	5509.8602887603	TRUE	TRUE	TRUE
4061	40517.1687136192	4342.84275151765	TRUE	FALSE	TRUE
4062	35212.204688382	6654.63827766318	TRUE	TRUE	TRUE
4063	38731.7165138866	5942.36854516549	TRUE	TRUE	TRUE
4064	37890.7110891285	5049.97481612634	TRUE	TRUE	TRUE
4065	31496.9369773194	8102.26684195038	TRUE	TRUE	TRUE
4066	38110.7899888853	5620.75406270081	TRUE	TRUE	TRUE
4067	35915.0953057209	7044.99874007546	TRUE	TRUE	TRUE
4068	39102.9510923131	4895.06972905666	TRUE	TRUE	TRUE
4069	38101.9118742203	5117.54491343693	TRUE	TRUE	TRUE
4070	35784.1387865476	6873.75359002477	TRUE	TRUE	TRUE
4071	35370.3662137644	6599.58483471934	TRUE	TRUE	TRUE
4072	37965.0791134305	5644.71996889216	TRUE	TRUE	TRUE
4073	33268.5993786074	8253.37188108267	TRUE	TRUE	TRUE
4074	37277.5179458966	5133.50806977899	TRUE	TRUE	TRUE
4075	35035.6888170133	6529.96421071243	TRUE	TRUE	TRUE
4076	38900.0747021132	4934.43499712744	TRUE	TRUE	TRUE
4077	36851.4598896821	5630.50252963795	TRUE	TRUE	TRUE
4078	39648.7945909423	4692.15347329663	TRUE	TRUE	TRUE
4079	37184.0422528	5728.05069880406	TRUE	TRUE	TRUE
4080	42039.7857985774	4348.66949819151	FALSE	FALSE	TRUE
4081	37405.2669261093	6072.40167041165	TRUE	TRUE	TRUE
4082	37416.495940147	5623.19903102528	TRUE	TRUE	TRUE
4083	36245.5947271561	6253.91821961062	TRUE	TRUE	TRUE
4084	39845.3471488206	4857.79705167694	TRUE	TRUE	TRUE
4085	39735.8009855451	4907.77530329895	TRUE	TRUE	TRUE
4086	37663.1696850207	5547.66017860776	TRUE	TRUE	TRUE
4087	36433.9115147255	6624.01934558783	TRUE	TRUE	TRUE
4088	35108.1276209367	5999.14589196015	TRUE	TRUE	TRUE
4089	37479.347475821	5732.8610943496	TRUE	TRUE	TRUE
4090	38972.8235549167	5227.15647763453	TRUE	TRUE	TRUE
4091	33815.9352397867	7189.61101647766	TRUE	TRUE	TRUE
4092	36302.0937176966	6500.92191188385	TRUE	TRUE	TRUE
4093	34806.6834430505	6231.37758465245	TRUE	TRUE	TRUE
4094	37045.0698433276	5608.77542400987	TRUE	TRUE	TRUE
4095	35476.5155997115	6046.27650415984	TRUE	TRUE	TRUE
4096	36373.5646843422	6244.11857003095	TRUE	TRUE	TRUE
4097	37915.4275578886	5243.71058982959	TRUE	TRUE	TRUE
4098	39399.9268991017	5018.20270301797	TRUE	TRUE	TRUE
4099	40328.1614735468	4843.36357126312	TRUE	TRUE	TRUE
4100	38660.1383739204	4994.56216788707	TRUE	TRUE	TRUE
4101	40080.3298054691	4620.87334940914	TRUE	TRUE	TRUE
4102	40041.8902867124	4530.1189873789	TRUE	FALSE	TRUE
4103	39117.7228488687	4829.46439607786	TRUE	TRUE	TRUE
4104	37705.3825888494	5458.42543328966	TRUE	TRUE	TRUE
4105	37273.6097906108	6714.20739684505	TRUE	TRUE	TRUE
4106	39744.2544677198	4825.68712240559	TRUE	TRUE	TRUE
4107	37866.6623172841	6416.48841435123	TRUE	TRUE	TRUE
4108	35441.5877170028	6228.18950588296	TRUE	TRUE	TRUE
4109	37263.8292225204	5399.37871923705	TRUE	TRUE	TRUE
4110	37895.466852359	5052.05778368033	TRUE	TRUE	TRUE
4111	38188.7885316142	5434.33881345353	TRUE	TRUE	TRUE
4112	36037.8453102511	5832.74783101576	TRUE	TRUE	TRUE
4113	37970.771244118	5147.42778546931	TRUE	TRUE	TRUE
4114	41647.4011202429	4494.28504501434	FALSE	FALSE	TRUE
4115	32458.9080765045	8016.95942339076	TRUE	TRUE	TRUE
4116	35099.128686201	6308.1873156002	TRUE	TRUE	TRUE
4117	37012.01013113	6119.4209022697	TRUE	TRUE	TRUE
4118	40056.6750381763	4609.59679685177	TRUE	TRUE	TRUE
4119	36425.399804591	5943.26190393135	TRUE	TRUE	TRUE
4120	38669.0540361541	4778.95604590998	TRUE	TRUE	TRUE
4121	35221.4620614394	5986.40173428926	TRUE	TRUE	TRUE
4122	39539.4566683049	5026.42417781867	TRUE	TRUE	TRUE
4123	37036.218366082	5328.47643978809	TRUE	TRUE	TRUE
4124	38972.4008022536	5568.6871785528	TRUE	TRUE	TRUE
4125	38470.4564229296	5079.19411157067	TRUE	TRUE	TRUE
4126	37730.1119383721	5768.59677117031	TRUE	TRUE	TRUE
4127	37822.1647980879	5056.63063422054	TRUE	TRUE	TRUE
4128	36239.0437400941	5841.03564127982	TRUE	TRUE	TRUE
4129	37111.2386207755	5693.65886311038	TRUE	TRUE	TRUE
4130	35948.0661130236	6895.01110176715	TRUE	TRUE	TRUE
4131	39785.9981948375	4974.22983732013	TRUE	TRUE	TRUE
4132	35350.3293647469	6082.67669960006	TRUE	TRUE	TRUE
4133	37370.7982243873	5626.21594745704	TRUE	TRUE	TRUE
4134	37673.0517861673	5807.10067825667	TRUE	TRUE	TRUE
4135	35582.2895329349	5880.95085462105	TRUE	TRUE	TRUE
4136	37462.7509154216	5167.85324819391	TRUE	TRUE	TRUE
4137	37993.8720354439	5280.73835934467	TRUE	TRUE	TRUE
4138	36194.5353125213	6680.99644946977	TRUE	TRUE	TRUE
4139	38253.7439807059	5442.61505541458	TRUE	TRUE	TRUE
4140	36328.5443463264	6240.63799270979	TRUE	TRUE	TRUE
4141	39021.0785289946	5120.53802836823	TRUE	TRUE	TRUE
4142	34981.8894997175	6488.49346934997	TRUE	TRUE	TRUE
4143	38038.0966756305	5208.32122272861	TRUE	TRUE	TRUE
4144	37731.8241639994	5226.3795952667	TRUE	TRUE	TRUE
4145	39841.602271932	5055.23877877633	TRUE	TRUE	TRUE
4146	37933.7887122209	5203.29886017763	TRUE	TRUE	TRUE
4147	36962.312595207	6371.60806303552	TRUE	TRUE	TRUE
4148	40775.8081632498	4407.54408398567	TRUE	FALSE	TRUE
4149	33161.3009880298	7244.87631805129	TRUE	TRUE	TRUE
4150	34545.4534174067	6812.96603460179	TRUE	TRUE	TRUE
4151	37630.4773004486	5309.34172338605	TRUE	TRUE	TRUE
4152	35426.7468343721	6744.53644037094	TRUE	TRUE	TRUE
4153	38913.7668329282	5020.07917427021	TRUE	TRUE	TRUE
4154	38332.8489122632	5356.96371287229	TRUE	TRUE	TRUE
4155	37316.7773436589	5288.54727923235	TRUE	TRUE	TRUE
4156	39356.5408855194	4979.76525769044	TRUE	TRUE	TRUE
4157	38816.9454022127	5151.73258052465	TRUE	TRUE	TRUE
4158	39585.9656901851	4665.4332280638	TRUE	TRUE	TRUE
4159	38894.58108578	5088.50354378633	TRUE	TRUE	TRUE
4160	40673.0109726616	4784.89698219524	TRUE	TRUE	TRUE
4161	35780.728000639	6687.50456850658	TRUE	TRUE	TRUE
4162	37531.5270197518	5182.08782791673	TRUE	TRUE	TRUE
4163	35049.5359724234	6174.12447872888	TRUE	TRUE	TRUE
4164	37108.6062899242	5888.20474247719	TRUE	TRUE	TRUE
4165	34615.2223485524	6516.14678222875	TRUE	TRUE	TRUE
4166	38116.169203848	5475.09296148648	TRUE	TRUE	TRUE
4167	38594.3867616392	5456.00234546669	TRUE	TRUE	TRUE
4168	37064.3783762956	5844.40861432182	TRUE	TRUE	TRUE
4169	36031.4079066964	5486.13507459499	TRUE	TRUE	TRUE
4170	38427.8609563542	5626.56642723275	TRUE	TRUE	TRUE
4171	35320.6291305529	6363.80588725661	TRUE	TRUE	TRUE
4172	39681.1308801067	4721.80471791276	TRUE	TRUE	TRUE
4173	38552.1037081663	5061.06398814425	TRUE	TRUE	TRUE
4174	37452.3043848808	5760.03400603019	TRUE	TRUE	TRUE
4175	38224.7424481925	5665.17493626204	TRUE	TRUE	TRUE
4176	38517.3574725293	5615.31184329755	TRUE	TRUE	TRUE
4177	39238.7454177008	4943.35036611578	TRUE	TRUE	TRUE
4178	38907.2312367805	5411.35646443708	TRUE	TRUE	TRUE
4179	36044.6594725134	6619.56378299987	TRUE	TRUE	TRUE
4180	39574.5879955756	4630.13004912967	TRUE	TRUE	TRUE
4181	36360.0727334945	6124.53872097016	TRUE	TRUE	TRUE
4182	33207.0750670768	7540.53007337357	TRUE	TRUE	TRUE
4183	38931.14786632	6230.62868149626	TRUE	TRUE	TRUE
4184	37801.467142874	5688.21894847611	TRUE	TRUE	TRUE
4185	35204.4839366744	5779.94735201032	TRUE	TRUE	TRUE
4186	38774.2531656071	5071.4394931138	TRUE	TRUE	TRUE
4187	33994.8746205437	7918.70903006396	TRUE	TRUE	TRUE
4188	31887.2799102493	8917.05604781694	TRUE	TRUE	TRUE
4189	37657.0935067395	5240.51979645043	TRUE	TRUE	TRUE
4190	34934.5822805463	6557.91800338568	TRUE	TRUE	TRUE
4191	37754.3692605198	5197.36956505771	TRUE	TRUE	TRUE
4192	38124.0891854025	5459.69317484066	TRUE	TRUE	TRUE
4193	38900.8028208696	4922.12931528253	TRUE	TRUE	TRUE
4194	39491.9074728284	4627.03075007326	TRUE	TRUE	TRUE
4195	34429.968628036	6551.69550747211	TRUE	TRUE	TRUE
4196	38586.5323537912	4867.52258804253	TRUE	TRUE	TRUE
4197	36299.2167594378	5898.34264663284	TRUE	TRUE	TRUE
4198	35966.5227947596	6305.55625710129	TRUE	TRUE	TRUE
4199	36634.1628191683	6617.46898853356	TRUE	TRUE	TRUE
4200	40984.8452391094	4362.4572543539	TRUE	FALSE	TRUE
4201	36108.3809081262	5625.51275617334	TRUE	TRUE	TRUE
4202	38639.0228282982	5076.89507351062	TRUE	TRUE	TRUE
4203	41450.0604024728	4258.80220856949	TRUE	FALSE	TRUE
4204	38407.7815594113	5159.68552293614	TRUE	TRUE	TRUE
4205	37730.0541364405	5692.93027493244	TRUE	TRUE	TRUE
4206	34363.3938518004	6710.74760653657	TRUE	TRUE	TRUE
4207	34735.7094844407	7187.3036717759	TRUE	TRUE	TRUE
4208	36634.4598217927	5849.15862175548	TRUE	TRUE	TRUE
4209	37549.695698417	5212.34115315359	TRUE	TRUE	TRUE
4210	41283.3314954124	4528.04801324494	TRUE	FALSE	TRUE
4211	37627.4290306951	5539.25579940994	TRUE	TRUE	TRUE
4212	35702.0688861747	6088.90480671534	TRUE	TRUE	TRUE
4213	38387.8070670213	5090.32945485834	TRUE	TRUE	TRUE
4214	38476.9110665117	4843.53097729892	TRUE	TRUE	TRUE
4215	38813.4384968094	4666.19506784464	TRUE	TRUE	TRUE
4216	33899.0571353868	7241.84234549262	TRUE	TRUE	TRUE
4217	39929.9527782459	4613.696142631	TRUE	TRUE	TRUE
4218	38250.5226633035	5025.6254845697	TRUE	TRUE	TRUE
4219	36878.4315843015	5007.09415019583	TRUE	TRUE	TRUE
4220	40735.3655047338	4582.3974109802	TRUE	FALSE	TRUE
4221	39655.8057880181	5045.35228203216	TRUE	TRUE	TRUE
4222	38532.6359026134	5394.29172006124	TRUE	TRUE	TRUE
4223	36205.6355209695	6281.82291710138	TRUE	TRUE	TRUE
4224	37166.4015990906	5471.69693768049	TRUE	TRUE	TRUE
4225	37799.4809706606	5094.17363963623	TRUE	TRUE	TRUE
4226	37253.4720050671	5687.8315803701	TRUE	TRUE	TRUE
4227	34473.5232642115	7071.52139698549	TRUE	TRUE	TRUE
4228	35113.1463981841	6787.70631546527	TRUE	TRUE	TRUE
4229	36471.833653893	6527.22735924357	TRUE	TRUE	TRUE
4230	34201.1697612509	7380.05275630403	TRUE	TRUE	TRUE
4231	38993.4179959541	4692.42244946947	TRUE	TRUE	TRUE
4232	38394.3941223759	4786.10167737764	TRUE	TRUE	TRUE
4233	37091.3927062603	5981.14716802588	TRUE	TRUE	TRUE
4234	36967.9857811503	6231.17009842036	TRUE	TRUE	TRUE
4235	38484.219391077	5183.72637391964	TRUE	TRUE	TRUE
4236	35252.4011879748	5926.39208389348	TRUE	TRUE	TRUE
4237	33923.4105511714	6957.19374541841	TRUE	TRUE	TRUE
4238	37892.3786611685	5732.040970721	TRUE	TRUE	TRUE
4239	38286.4009932405	5070.20292107536	TRUE	TRUE	TRUE
4240	39542.3845453083	5162.20988406164	TRUE	TRUE	TRUE
4241	32780.4091880165	7363.18992352848	TRUE	TRUE	TRUE
4242	37938.8619452541	5296.23924329168	TRUE	TRUE	TRUE
4243	38003.8472987247	5241.22114827848	TRUE	TRUE	TRUE
4244	36310.8656331203	6387.92637958572	TRUE	TRUE	TRUE
4245	35496.5074091923	6186.82015414706	TRUE	TRUE	TRUE
4246	39108.6999700201	4656.59525830406	TRUE	TRUE	TRUE
4247	36069.2020366138	5975.81272657467	TRUE	TRUE	TRUE
4248	38228.2814037051	5311.64712457065	TRUE	TRUE	TRUE
4249	35662.1212806534	8009.62254204127	TRUE	TRUE	TRUE
4250	35476.2285133621	6487.99743275774	TRUE	TRUE	TRUE
4251	37598.7051969867	5192.67073926388	TRUE	TRUE	TRUE
4252	38791.9582631443	5244.25922068458	TRUE	TRUE	TRUE
4253	39474.5485138136	4677.53535567558	TRUE	TRUE	TRUE
4254	37867.0790144766	5371.70798787275	TRUE	TRUE	TRUE
4255	36832.6003893482	5907.96432945014	TRUE	TRUE	TRUE
4256	37863.1171952793	5214.99385037957	TRUE	TRUE	TRUE
4257	36565.656704109	6955.29477115431	TRUE	TRUE	TRUE
4258	37979.1680322921	5053.68592884687	TRUE	TRUE	TRUE
4259	33337.6499990598	7081.89621431591	TRUE	TRUE	TRUE
4260	37455.5486582604	5383.4352178499	TRUE	TRUE	TRUE
4261	36346.2918229291	6308.5588015901	TRUE	TRUE	TRUE
4262	39821.0367571696	4540.1047182711	TRUE	FALSE	TRUE
4263	38526.2808768537	4734.87727005416	TRUE	TRUE	TRUE
4264	36827.6349284369	5612.68252545058	TRUE	TRUE	TRUE
4265	30318.5249337536	8270.20799391025	TRUE	TRUE	TRUE
4266	35983.0400411224	5865.02663742089	TRUE	TRUE	TRUE
4267	36822.9570221412	5272.33466251812	TRUE	TRUE	TRUE
4268	37825.4669975756	5729.02680540206	TRUE	TRUE	TRUE
4269	38119.6871351967	5792.14887705962	TRUE	TRUE	TRUE
4270	40091.3260193995	4539.94789622358	TRUE	FALSE	TRUE
4271	36994.4363015932	6299.93143304107	TRUE	TRUE	TRUE
4272	40448.4909544293	4542.10839134089	TRUE	FALSE	TRUE
4273	38957.5643647992	4967.75913862843	TRUE	TRUE	TRUE
4274	38340.6384470068	5501.67900406245	TRUE	TRUE	TRUE
4275	34968.1166575518	6288.48570920691	TRUE	TRUE	TRUE
4276	37692.6984243449	5183.13866360265	TRUE	TRUE	TRUE
4277	39168.0275385226	5404.15024492231	TRUE	TRUE	TRUE
4278	34138.7244038734	7039.07088287673	TRUE	TRUE	TRUE
4279	36694.6346488602	7378.28168146765	TRUE	TRUE	TRUE
4280	33291.4163825586	7975.05479774751	TRUE	TRUE	TRUE
4281	38344.7571797198	4972.9376186864	TRUE	TRUE	TRUE
4282	35845.2692490525	6153.27551313509	TRUE	TRUE	TRUE
4283	37872.1857113893	5368.39427976311	TRUE	TRUE	TRUE
4284	37043.6561019611	6040.99434544716	TRUE	TRUE	TRUE
4285	37386.5561271754	5162.35094012033	TRUE	TRUE	TRUE
4286	36460.9096764117	6334.60390791385	TRUE	TRUE	TRUE
4287	33760.3821915793	6650.89404820945	TRUE	TRUE	TRUE
4288	36486.1713366477	5975.64139475549	TRUE	TRUE	TRUE
4289	37563.7857686392	4980.18505456033	TRUE	TRUE	TRUE
4290	37842.5076265151	5402.70467539681	TRUE	TRUE	TRUE
4291	38369.296824433	5134.76295260483	TRUE	TRUE	TRUE
4292	39790.8647911683	4793.28110931576	TRUE	TRUE	TRUE
4293	36687.0201142355	5259.20329518203	TRUE	TRUE	TRUE
4294	37878.9839873423	5153.71937009621	TRUE	TRUE	TRUE
4295	35685.5823259525	6931.48017776961	TRUE	TRUE	TRUE
4296	40507.1346039236	4790.47493732213	TRUE	TRUE	TRUE
4297	39984.8126264991	4773.63262304042	TRUE	TRUE	TRUE
4298	36639.6171814319	5743.42191151878	TRUE	TRUE	TRUE
4299	34600.5654463493	6851.42999567201	TRUE	TRUE	TRUE
4300	37618.6589210512	5394.97406551737	TRUE	TRUE	TRUE
4301	35984.8546594325	5948.29960395774	TRUE	TRUE	TRUE
4302	39400.666503433	4616.11332195371	TRUE	TRUE	TRUE
4303	35936.9662821514	5773.0343516586	TRUE	TRUE	TRUE
4304	40292.0597150525	4655.31215102599	TRUE	TRUE	TRUE
4305	37467.9089589316	5770.48971122247	TRUE	TRUE	TRUE
4306	37730.9776147759	5013.53595331477	TRUE	TRUE	TRUE
4307	37215.8873166885	5623.92081149173	TRUE	TRUE	TRUE
4308	38769.1901504252	4907.94406327341	TRUE	TRUE	TRUE
4309	38471.4028501294	5224.84219439595	TRUE	TRUE	TRUE
4310	38044.3618765136	5817.18774326479	TRUE	TRUE	TRUE
4311	37660.0907569936	5492.2910927936	TRUE	TRUE	TRUE
4312	38741.8752787818	4835.25673211299	TRUE	TRUE	TRUE
4313	38279.0306141622	5312.40688959428	TRUE	TRUE	TRUE
4314	37529.0572134811	5421.71892240178	TRUE	TRUE	TRUE
4315	39166.6104198755	5111.51213547052	TRUE	TRUE	TRUE
4316	35971.7388176899	5609.16957036747	TRUE	TRUE	TRUE
4317	35279.9338707459	7839.47976801301	TRUE	TRUE	TRUE
4318	37517.7671419519	5487.21366998055	TRUE	TRUE	TRUE
4319	38285.9341095699	4878.93502501055	TRUE	TRUE	TRUE
4320	37115.2919445047	5956.30055400558	TRUE	TRUE	TRUE
4321	36672.6141230102	5696.15060433104	TRUE	TRUE	TRUE
4322	33888.0823393671	6507.41417818078	TRUE	TRUE	TRUE
4323	38490.3229728181	5990.61718726494	TRUE	TRUE	TRUE
4324	36751.2147373777	5841.97976906854	TRUE	TRUE	TRUE
4325	37435.261410719	5149.02157954071	TRUE	TRUE	TRUE
4326	37474.7746251876	5569.93223044065	TRUE	TRUE	TRUE
4327	37625.9786154485	6276.57866343897	TRUE	TRUE	TRUE
4328	36170.3393332246	6010.66869902409	TRUE	TRUE	TRUE
4329	37789.5993190762	5122.4536394661	TRUE	TRUE	TRUE
4330	36514.0646106667	6287.46904075836	TRUE	TRUE	TRUE
4331	40073.6406424535	4574.90950682423	TRUE	FALSE	TRUE
4332	37739.3854462217	5041.48763403061	TRUE	TRUE	TRUE
4333	36584.2293918171	5680.39673618877	TRUE	TRUE	TRUE
4334	36639.7760411205	5656.88829022551	TRUE	TRUE	TRUE
4335	36207.956494864	6149.43879337322	TRUE	TRUE	TRUE
4336	37981.0221749738	5306.29721232838	TRUE	TRUE	TRUE
4337	35653.8323514995	6107.17386469753	TRUE	TRUE	TRUE
4338	38408.5149769975	5177.63524299455	TRUE	TRUE	TRUE
4339	39209.3578857717	4851.11860707126	TRUE	TRUE	TRUE
4340	35774.9315692153	6226.21330984635	TRUE	TRUE	TRUE
4341	38190.7015757988	5458.47517822072	TRUE	TRUE	TRUE
4342	36813.0180246738	5697.41040693213	TRUE	TRUE	TRUE
4343	38476.9969415983	4888.05944545322	TRUE	TRUE	TRUE
4344	40807.2566569707	4401.13508004604	TRUE	FALSE	TRUE
4345	36102.1681143658	5980.53577328077	TRUE	TRUE	TRUE
4346	37775.9854629668	5315.60626116217	TRUE	TRUE	TRUE
4347	37284.316286719	5288.00789931605	TRUE	TRUE	TRUE
4348	38552.6779531926	4984.7834261985	TRUE	TRUE	TRUE
4349	36827.8582594134	5470.76702053815	TRUE	TRUE	TRUE
4350	36633.0900165591	5715.29316805688	TRUE	TRUE	TRUE
4351	39554.1812974464	4971.16044070818	TRUE	TRUE	TRUE
4352	36496.2505790406	5278.97985506016	TRUE	TRUE	TRUE
4353	37307.5421493872	5479.94520813598	TRUE	TRUE	TRUE
4354	36040.1050889515	5786.69907148572	TRUE	TRUE	TRUE
4355	38114.8102312631	4973.37001393489	TRUE	TRUE	TRUE
4356	37786.8417513739	5062.83137721531	TRUE	TRUE	TRUE
4357	38214.723419732	5385.20544134749	TRUE	TRUE	TRUE
4358	38762.6270818168	5284.0210414742	TRUE	TRUE	TRUE
4359	37812.6497992791	5471.5383104726	TRUE	TRUE	TRUE
4360	36259.5025353866	6047.46862987468	TRUE	TRUE	TRUE
4361	37434.6751384824	5200.69332914168	TRUE	TRUE	TRUE
4362	37324.7963129818	5123.20759863604	TRUE	TRUE	TRUE
4363	39086.4045385324	5150.47607768761	TRUE	TRUE	TRUE
4364	35955.2353355977	5876.81924267531	TRUE	TRUE	TRUE
4365	40051.8558595741	4893.59845574361	TRUE	TRUE	TRUE
4366	37756.0382232873	5213.55856754938	TRUE	TRUE	TRUE
4367	37347.9847502289	5823.64211140451	TRUE	TRUE	TRUE
4368	36007.5798033519	7471.06083445927	TRUE	TRUE	TRUE
4369	38314.2691705427	5682.70725888137	TRUE	TRUE	TRUE
4370	37724.8121797555	5653.20848563917	TRUE	TRUE	TRUE
4371	39241.9662047778	4740.5132856069	TRUE	TRUE	TRUE
4372	35421.3544412457	6005.23668017874	TRUE	TRUE	TRUE
4373	39834.6693159768	4771.50346800537	TRUE	TRUE	TRUE
4374	36720.307703837	6211.0916923541	TRUE	TRUE	TRUE
4375	36994.6171584295	6441.44188946046	TRUE	TRUE	TRUE
4376	40031.3749659028	4662.44082296572	TRUE	TRUE	TRUE
4377	38406.2223041227	5160.32731845331	TRUE	TRUE	TRUE
4378	36958.3175835471	5484.45399338282	TRUE	TRUE	TRUE
4379	38693.1412738617	6517.61342922687	TRUE	TRUE	TRUE
4380	37024.0756882625	5868.6713495161	TRUE	TRUE	TRUE
4381	38295.6289978766	5647.40173784329	TRUE	TRUE	TRUE
4382	38406.0284951334	4941.10423666851	TRUE	TRUE	TRUE
4383	36835.082100068	5434.90023032036	TRUE	TRUE	TRUE
4384	36153.6667128615	5716.38713870097	TRUE	TRUE	TRUE
4385	37763.4315736311	5192.69573762841	TRUE	TRUE	TRUE
4386	33874.4331355655	6997.38852193665	TRUE	TRUE	TRUE
4387	36943.5581949884	6304.9892049711	TRUE	TRUE	TRUE
4388	34759.7157679546	6326.46296885336	TRUE	TRUE	TRUE
4389	36472.090612899	5640.16824364257	TRUE	TRUE	TRUE
4390	35149.8441164545	6652.91472237395	TRUE	TRUE	TRUE
4391	39383.8637353468	4718.29886302628	TRUE	TRUE	TRUE
4392	41531.8560644328	4521.18999030199	TRUE	FALSE	TRUE
4393	37975.5584803585	5933.59358617954	TRUE	TRUE	TRUE
4394	36510.7980510192	5734.83338232564	TRUE	TRUE	TRUE
4395	36902.0230217348	5406.25595967063	TRUE	TRUE	TRUE
4396	38796.1126834605	4990.16057500058	TRUE	TRUE	TRUE
4397	35682.8573156974	6161.25069352594	TRUE	TRUE	TRUE
4398	38482.9669485483	4870.84646630306	TRUE	TRUE	TRUE
4399	38909.5910117565	5187.26088588181	TRUE	TRUE	TRUE
4400	39586.9482949552	4951.68557032596	TRUE	TRUE	TRUE
4401	37980.8197654201	5430.51411122545	TRUE	TRUE	TRUE
4402	36733.0070708466	5661.19225740522	TRUE	TRUE	TRUE
4403	38793.8251993876	4943.75066826528	TRUE	TRUE	TRUE
4404	37206.9803971358	6158.88719980037	TRUE	TRUE	TRUE
4405	38922.2312471205	4663.4414578856	TRUE	TRUE	TRUE
4406	37388.941075344	5659.21966048839	TRUE	TRUE	TRUE
4407	37342.79844685	5684.08250900997	TRUE	TRUE	TRUE
4408	36022.0285364522	7187.51725764226	TRUE	TRUE	TRUE
4409	39100.3534812976	5148.50523217397	TRUE	TRUE	TRUE
4410	37183.7416336998	5570.63456717322	TRUE	TRUE	TRUE
4411	38153.3113684368	5360.60281688222	TRUE	TRUE	TRUE
4412	36516.0773338821	5830.59890962643	TRUE	TRUE	TRUE
4413	37486.2795714947	6053.16989573315	TRUE	TRUE	TRUE
4414	38234.9415639965	5113.03533844253	TRUE	TRUE	TRUE
4415	37053.7834244892	5617.7765492135	TRUE	TRUE	TRUE
4416	37473.6884714784	5466.72719056678	TRUE	TRUE	TRUE
4417	40671.771282709	5158.19257902745	TRUE	TRUE	TRUE
4418	38717.0448404972	4697.12230064329	TRUE	TRUE	TRUE
4419	36907.6304714512	5954.89005024513	TRUE	TRUE	TRUE
4420	36827.8419809528	5390.40553540266	TRUE	TRUE	TRUE
4421	37688.3785411975	6180.12724255528	TRUE	TRUE	TRUE
4422	39268.2766904761	4522.96498961263	TRUE	FALSE	TRUE
4423	38954.3451062329	5151.75483257552	TRUE	TRUE	TRUE
4424	38576.6558811175	5983.05632931028	TRUE	TRUE	TRUE
4425	38058.3777223256	5140.58752248066	TRUE	TRUE	TRUE
4426	41682.657089397	4341.01944582939	FALSE	FALSE	TRUE
4427	39515.9380390134	5051.86099812336	TRUE	TRUE	TRUE
4428	36127.7199298914	6262.27951937002	TRUE	TRUE	TRUE
4429	40911.1559691821	5172.55012648874	TRUE	TRUE	TRUE
4430	36741.1195765903	6212.67849240003	TRUE	TRUE	TRUE
4431	35682.6990233511	6058.76693914667	TRUE	TRUE	TRUE
4432	38218.7994599354	5054.92118221962	TRUE	TRUE	TRUE
4433	36379.6671077744	5585.69528887291	TRUE	TRUE	TRUE
4434	40033.2098789511	4763.64442560124	TRUE	TRUE	TRUE
4435	34500.2010057075	7872.97149772468	TRUE	TRUE	TRUE
4436	38815.514348632	4934.84442589753	TRUE	TRUE	TRUE
4437	37278.2421990113	5643.13642462314	TRUE	TRUE	TRUE
4438	35115.4257019244	7057.5463848947	TRUE	TRUE	TRUE
4439	35811.2804864133	5610.93180753287	TRUE	TRUE	TRUE
4440	37935.6753659901	5066.76018475655	TRUE	TRUE	TRUE
4441	37767.2518563306	5347.94846892725	TRUE	TRUE	TRUE
4442	36787.7529402291	5906.60585631588	TRUE	TRUE	TRUE
4443	36240.3283150463	6194.23254438109	TRUE	TRUE	TRUE
4444	38666.9856759116	5884.07245593015	TRUE	TRUE	TRUE
4445	35922.1432478612	6279.06989131572	TRUE	TRUE	TRUE
4446	35934.3263428093	5554.78637095193	TRUE	TRUE	TRUE
4447	34818.4282336481	7260.91173879563	TRUE	TRUE	TRUE
4448	37806.381904488	5026.00769869402	TRUE	TRUE	TRUE
4449	35144.2630975706	6602.26825677531	TRUE	TRUE	TRUE
4450	31171.8184373114	8155.23108383844	TRUE	TRUE	TRUE
4451	37914.3671854174	4905.7003604583	TRUE	TRUE	TRUE
4452	35403.5450191553	5955.03317046038	TRUE	TRUE	TRUE
4453	34480.3663189047	8078.25784413494	TRUE	TRUE	TRUE
4454	40606.1647628625	4476.19405441747	TRUE	FALSE	TRUE
4455	37977.9944840289	5038.82347326375	TRUE	TRUE	TRUE
4456	36637.9848099716	5868.65105058727	TRUE	TRUE	TRUE
4457	36502.5002328883	5613.82503491502	TRUE	TRUE	TRUE
4458	35276.7223466471	6442.79760361908	TRUE	TRUE	TRUE
4459	35179.930092478	6771.55325367606	TRUE	TRUE	TRUE
4460	35730.2774912357	5661.21184591351	TRUE	TRUE	TRUE
4461	36583.3032813333	5657.66347963987	TRUE	TRUE	TRUE
4462	35418.23726799	6302.31884892894	TRUE	TRUE	TRUE
4463	38192.7230254597	5090.36826385406	TRUE	TRUE	TRUE
4464	38048.6841225024	5406.35026767611	TRUE	TRUE	TRUE
4465	37990.4477634367	5089.10158374826	TRUE	TRUE	TRUE
4466	35093.2529988278	6846.84812654731	TRUE	TRUE	TRUE
4467	41710.6708000225	4068.74922833017	FALSE	FALSE	TRUE
4468	37596.4990026052	5154.91032624338	TRUE	TRUE	TRUE
4469	37074.1061784174	6051.46727797453	TRUE	TRUE	TRUE
4470	38626.3812879806	5542.61423440669	TRUE	TRUE	TRUE
4471	39462.0899004307	4660.75777583849	TRUE	TRUE	TRUE
4472	32794.6282327802	7219.02627179957	TRUE	TRUE	TRUE
4473	36788.4597909066	5637.90370041867	TRUE	TRUE	TRUE
4474	37814.8926027952	5421.59635972627	TRUE	TRUE	TRUE
4475	38416.7572827518	5358.77946396356	TRUE	TRUE	TRUE
4476	35448.5923818797	6263.53862014742	TRUE	TRUE	TRUE
4477	37787.7530311207	5478.07986120152	TRUE	TRUE	TRUE
4478	37271.9219326293	5101.48914956709	TRUE	TRUE	TRUE
4479	36431.0340368369	5743.49792942313	TRUE	TRUE	TRUE
4480	33652.9884325144	8145.39506924923	TRUE	TRUE	TRUE
4481	37178.5669620319	5504.29893359905	TRUE	TRUE	TRUE
4482	35241.1294796832	6610.24395391872	TRUE	TRUE	TRUE
4483	38567.5960586228	5309.01644899826	TRUE	TRUE	TRUE
4484	37527.0059781546	5564.31306710311	TRUE	TRUE	TRUE
4485	38987.5027806446	5112.67003643199	TRUE	TRUE	TRUE
4486	38513.2395290338	4881.56717380399	TRUE	TRUE	TRUE
4487	40402.0823219276	4604.64914830693	TRUE	TRUE	TRUE
4488	38878.2090102608	4985.44240268616	TRUE	TRUE	TRUE
4489	38403.5765684934	4902.09205427449	TRUE	TRUE	TRUE
4490	39380.986512205	4797.72583699864	TRUE	TRUE	TRUE
4491	38319.488366115	5107.78524676239	TRUE	TRUE	TRUE
4492	37239.2166573089	5481.38848677393	TRUE	TRUE	TRUE
4493	36227.9769699009	6066.37055182743	TRUE	TRUE	TRUE
4494	36635.4946520939	5510.04391754155	TRUE	TRUE	TRUE
4495	37542.8849897075	5955.66483480908	TRUE	TRUE	TRUE
4496	38742.0879433023	4695.60846898668	TRUE	TRUE	TRUE
4497	36630.761943399	5515.38855471539	TRUE	TRUE	TRUE
4498	36236.7396319068	5898.50048106047	TRUE	TRUE	TRUE
4499	37001.0938813216	5598.95584280306	TRUE	TRUE	TRUE
4500	42433.2106416174	4233.87306264092	FALSE	FALSE	TRUE
4501	41666.8193278411	3992.10406747431	FALSE	FALSE	TRUE
4502	35767.304739927	6912.40986132452	TRUE	TRUE	TRUE
4503	33496.8088998922	6665.34686686929	TRUE	TRUE	TRUE
4504	32847.0023865781	7634.9416766836	TRUE	TRUE	TRUE
4505	35289.3872160906	6250.61671136468	TRUE	TRUE	TRUE
4506	40122.1632279857	4299.76586728824	TRUE	FALSE	TRUE
4507	38786.6260862414	4862.06407848237	TRUE	TRUE	TRUE
4508	35507.2742764874	6127.70420346305	TRUE	TRUE	TRUE
4509	38938.7972937315	5005.62203574808	TRUE	TRUE	TRUE
4510	39172.3398958464	5045.40082553286	TRUE	TRUE	TRUE
4511	35637.7974426833	5764.81492871056	TRUE	TRUE	TRUE
4512	39633.1552020675	5076.21359402435	TRUE	TRUE	TRUE
4513	39483.5595203719	4892.33568131901	TRUE	TRUE	TRUE
4514	37104.9662238783	5510.06910769401	TRUE	TRUE	TRUE
4515	41354.4740820424	4069.63918445867	TRUE	FALSE	TRUE
4516	36436.7362337824	6650.77910647253	TRUE	TRUE	TRUE
4517	38057.5076802291	5223.89918099392	TRUE	TRUE	TRUE
4518	37092.5059078761	6678.32285779098	TRUE	TRUE	TRUE
4519	37656.3980273398	5249.92166474717	TRUE	TRUE	TRUE
4520	37333.4925607089	5191.94343609794	TRUE	TRUE	TRUE
4521	38094.9666020495	5184.87782921849	TRUE	TRUE	TRUE
4522	36721.9358165591	5979.61266648161	TRUE	TRUE	TRUE
4523	38941.9429662586	4990.57784352121	TRUE	TRUE	TRUE
4524	37621.3428185056	5237.31884274328	TRUE	TRUE	TRUE
4525	38766.7545337407	5161.08994291158	TRUE	TRUE	TRUE
4526	40834.0621529275	4491.89357603172	TRUE	FALSE	TRUE
4527	38625.3732735697	5015.52295342669	TRUE	TRUE	TRUE
4528	37709.2325952062	4908.53421371092	TRUE	TRUE	TRUE
4529	39779.8238120321	5054.82753753446	TRUE	TRUE	TRUE
4530	37703.3733055745	5048.69492109977	TRUE	TRUE	TRUE
4531	34775.2985963812	6796.68095814269	TRUE	TRUE	TRUE
4532	37394.5503985201	5688.77485471453	TRUE	TRUE	TRUE
4533	41222.0780000147	4692.10060851387	TRUE	TRUE	TRUE
4534	33959.1574214677	7289.02346611558	TRUE	TRUE	TRUE
4535	37203.563026531	5258.68100468174	TRUE	TRUE	TRUE
4536	38139.2786748318	5491.75724391895	TRUE	TRUE	TRUE
4537	39832.8757818833	4436.6924666551	TRUE	FALSE	TRUE
4538	38692.8360434155	5486.40880769658	TRUE	TRUE	TRUE
4539	36990.3581455441	6622.76217361792	TRUE	TRUE	TRUE
4540	32131.0908558451	7882.74536608051	TRUE	TRUE	TRUE
4541	37458.7932235665	5554.89303437734	TRUE	TRUE	TRUE
4542	37478.5403706489	5096.53061965848	TRUE	TRUE	TRUE
4543	36974.3234377815	5486.21456562857	TRUE	TRUE	TRUE
4544	36822.7091645993	5848.54089493888	TRUE	TRUE	TRUE
4545	32120.1533737132	7711.12545432005	TRUE	TRUE	TRUE
4546	38813.1419946936	5094.51576812436	TRUE	TRUE	TRUE
4547	38170.2118916281	5168.84833836074	TRUE	TRUE	TRUE
4548	36820.3973137032	5913.51085368638	TRUE	TRUE	TRUE
4549	36162.4249598801	5668.40435686674	TRUE	TRUE	TRUE
4550	37508.2170010148	5678.93145313582	TRUE	TRUE	TRUE
4551	36661.6747128643	5369.65417013121	TRUE	TRUE	TRUE
4552	36885.7791804364	5498.59618057525	TRUE	TRUE	TRUE
4553	40895.9052815781	4670.43018304748	TRUE	TRUE	TRUE
4554	37776.2539537326	4941.45284671893	TRUE	TRUE	TRUE
4555	32551.3299052139	8838.77210144579	TRUE	TRUE	TRUE
4556	37009.9275066467	5999.63933563351	TRUE	TRUE	TRUE
4557	36173.7919699764	6073.36427255293	TRUE	TRUE	TRUE
4558	37485.2138094197	5264.08231324484	TRUE	TRUE	TRUE
4559	35571.4087244621	6975.16856658434	TRUE	TRUE	TRUE
4560	37783.6000413627	5789.74319346276	TRUE	TRUE	TRUE
4561	39417.0284698081	4841.38459316067	TRUE	TRUE	TRUE
4562	40137.0947345862	4536.62927130557	TRUE	FALSE	TRUE
4563	40071.219050706	5060.88080775824	TRUE	TRUE	TRUE
4564	37692.500968089	5480.94179773221	TRUE	TRUE	TRUE
4565	38280.2029969106	5277.31249311721	TRUE	TRUE	TRUE
4566	39076.35327511	4686.79534776995	TRUE	TRUE	TRUE
4567	37253.9563567468	5327.8394679761	TRUE	TRUE	TRUE
4568	37377.6738186726	6006.61228088734	TRUE	TRUE	TRUE
4569	35953.3971011546	5689.010672853	TRUE	TRUE	TRUE
4570	38507.4035320645	5054.88638905546	TRUE	TRUE	TRUE
4571	40718.4263554839	4846.82691047596	TRUE	TRUE	TRUE
4572	37698.1569979779	5016.09541438802	TRUE	TRUE	TRUE
4573	35065.7459918886	6542.32776882457	TRUE	TRUE	TRUE
4574	40115.5248263389	4440.45061925045	TRUE	FALSE	TRUE
4575	37670.8847315033	5114.52058414137	TRUE	TRUE	TRUE
4576	34543.8914869965	8572.16482927191	TRUE	TRUE	TRUE
4577	39739.9986149725	5238.2884713427	TRUE	TRUE	TRUE
4578	35659.4923733597	6597.00191066705	TRUE	TRUE	TRUE
4579	39416.7560653793	5283.67462357392	TRUE	TRUE	TRUE
4580	37489.100319454	5203.6657829081	TRUE	TRUE	TRUE
4581	39572.6714300969	4636.67693315058	TRUE	TRUE	TRUE
4582	36804.2188221333	5904.95968638513	TRUE	TRUE	TRUE
4583	36319.4235378413	5712.30331917793	TRUE	TRUE	TRUE
4584	36527.4440850909	5477.79258284043	TRUE	TRUE	TRUE
4585	36874.5574766965	5525.42232636885	TRUE	TRUE	TRUE
4586	34975.658189954	7760.4433340934	TRUE	TRUE	TRUE
4587	38017.6020358664	5203.14521431697	TRUE	TRUE	TRUE
4588	32584.0211618492	7565.17746628658	TRUE	TRUE	TRUE
4589	40176.9721725558	4243.83584333784	TRUE	FALSE	TRUE
4590	35502.8852021782	6413.4337781777	TRUE	TRUE	TRUE
4591	37264.3571001816	5494.8373280487	TRUE	TRUE	TRUE
4592	38933.6648030233	5189.47000147933	TRUE	TRUE	TRUE
4593	39149.8709922051	5806.83892227485	TRUE	TRUE	TRUE
4594	34750.106724618	7114.86217903799	TRUE	TRUE	TRUE
4595	37014.1926220233	5897.45992227257	TRUE	TRUE	TRUE
4596	37658.0773686133	5331.46089285516	TRUE	TRUE	TRUE
4597	38638.1243558727	5381.7670321837	TRUE	TRUE	TRUE
4598	42130.3945273674	3963.70159796223	FALSE	FALSE	TRUE
4599	39085.9289654229	5148.49562985681	TRUE	TRUE	TRUE
4600	37314.1895536021	5498.45540285719	TRUE	TRUE	TRUE
4601	37188.0346367132	5252.62451332408	TRUE	TRUE	TRUE
4602	35540.2999402778	6613.80972009069	TRUE	TRUE	TRUE
4603	38789.6671130052	5224.74727140173	TRUE	TRUE	TRUE
4604	36002.9995324274	5781.09296196002	TRUE	TRUE	TRUE
4605	36910.9455133137	5559.41182793324	TRUE	TRUE	TRUE
4606	38640.2987537952	5463.74165361702	TRUE	TRUE	TRUE
4607	36403.9474183147	6329.44569866842	TRUE	TRUE	TRUE
4608	38554.1481373593	5360.31556653607	TRUE	TRUE	TRUE
4609	39539.4778761418	4515.45805555075	TRUE	FALSE	TRUE
4610	35629.5636708825	5712.04853592714	TRUE	TRUE	TRUE
4611	38256.2202125767	5114.71453809404	TRUE	TRUE	TRUE
4612	40573.096095283	4750.24212495521	TRUE	TRUE	TRUE
4613	38555.1613042685	5141.28686171182	TRUE	TRUE	TRUE
4614	33352.1369364147	7626.32003269675	TRUE	TRUE	TRUE
4615	36054.5679985328	5676.9331631382	TRUE	TRUE	TRUE
4616	37026.7527877242	6317.41166961689	TRUE	TRUE	TRUE
4617	36929.9109652618	5296.08219521372	TRUE	TRUE	TRUE
4618	36674.7040175321	6636.63070463947	TRUE	TRUE	TRUE
4619	39411.5083630439	4813.80996160693	TRUE	TRUE	TRUE
4620	35884.9797323024	6441.98986575017	TRUE	TRUE	TRUE
4621	38239.1933458081	5224.14699452446	TRUE	TRUE	TRUE
4622	35004.1727100299	6271.42990197119	TRUE	TRUE	TRUE
4623	39778.841745379	4791.59196434758	TRUE	TRUE	TRUE
4624	37543.1101947668	6019.9651652007	TRUE	TRUE	TRUE
4625	38961.4517915169	5030.07480484685	TRUE	TRUE	TRUE
4626	36412.7970254859	5514.49109309376	TRUE	TRUE	TRUE
4627	37392.2382462938	5700.80408725017	TRUE	TRUE	TRUE
4628	39062.9508832443	4855.50324448545	TRUE	TRUE	TRUE
4629	36237.0502509375	5945.1616882714	TRUE	TRUE	TRUE
4630	38949.4045176442	4872.21587508523	TRUE	TRUE	TRUE
4631	37272.852596367	6023.86236856125	TRUE	TRUE	TRUE
4632	34697.883340959	6550.45504813396	TRUE	TRUE	TRUE
4633	37804.5236840966	5545.78183480401	TRUE	TRUE	TRUE
4634	37256.4676634306	5869.81432375301	TRUE	TRUE	TRUE
4635	37463.6079178753	5733.65454219338	TRUE	TRUE	TRUE
4636	39490.3568058586	4339.20363802724	TRUE	FALSE	TRUE
4637	34718.148699057	7802.85932525416	TRUE	TRUE	TRUE
4638	38584.0664406384	5002.86304477217	TRUE	TRUE	TRUE
4639	37678.0001666773	5201.82324139985	TRUE	TRUE	TRUE
4640	38756.2823044591	4952.86131980821	TRUE	TRUE	TRUE
4641	37950.8300417244	5160.09020494032	TRUE	TRUE	TRUE
4642	36927.8182698912	5659.98414384149	TRUE	TRUE	TRUE
4643	37509.0107118668	5716.77227786813	TRUE	TRUE	TRUE
4644	38406.5380816341	5012.12544092092	TRUE	TRUE	TRUE
4645	33992.2358061377	6741.97164220144	TRUE	TRUE	TRUE
4646	38311.3078992415	5080.85183017111	TRUE	TRUE	TRUE
4647	38429.1492870907	5111.57588419871	TRUE	TRUE	TRUE
4648	37304.0083962813	5702.40958273074	TRUE	TRUE	TRUE
4649	38454.1673786201	5047.28874664279	TRUE	TRUE	TRUE
4650	38581.1056279193	5168.28508751168	TRUE	TRUE	TRUE
4651	38182.8342191306	5504.4595643346	TRUE	TRUE	TRUE
4652	39241.6799918721	5422.23639007739	TRUE	TRUE	TRUE
4653	40119.6823717548	5058.19671319546	TRUE	TRUE	TRUE
4654	38067.4741230548	5133.5436786238	TRUE	TRUE	TRUE
4655	35282.4784864768	6007.04850464891	TRUE	TRUE	TRUE
4656	36913.9347013506	5544.24583579814	TRUE	TRUE	TRUE
4657	41701.1024251331	4349.04042669258	FALSE	FALSE	TRUE
4658	39180.9106266817	4833.27557384595	TRUE	TRUE	TRUE
4659	37148.9992697432	5585.6872981257	TRUE	TRUE	TRUE
4660	37076.0934458696	5339.25100023628	TRUE	TRUE	TRUE
4661	39433.7767869609	4726.47036049245	TRUE	TRUE	TRUE
4662	36999.8923517677	5156.69577710564	TRUE	TRUE	TRUE
4663	38105.6560844145	6082.0463050793	TRUE	TRUE	TRUE
4664	33851.8566698305	7314.87294922968	TRUE	TRUE	TRUE
4665	38417.3805845893	4924.4863216015	TRUE	TRUE	TRUE
4666	38993.6174860278	4668.68324913116	TRUE	TRUE	TRUE
4667	37375.6184830148	5655.57161454395	TRUE	TRUE	TRUE
4668	37224.1855463867	5876.18089061512	TRUE	TRUE	TRUE
4669	37733.7916565852	5833.28289453584	TRUE	TRUE	TRUE
4670	39350.9168083409	4776.84783720545	TRUE	TRUE	TRUE
4671	40786.6951910784	4379.02064937375	TRUE	FALSE	TRUE
4672	39098.2015453719	4845.52362600984	TRUE	TRUE	TRUE
4673	37191.8717658796	5393.17557664162	TRUE	TRUE	TRUE
4674	38201.6360809635	5264.09412510538	TRUE	TRUE	TRUE
4675	37712.9309227937	5080.86386198791	TRUE	TRUE	TRUE
4676	36739.8929846512	5879.49183499721	TRUE	TRUE	TRUE
4677	39230.7587113489	5040.81003506827	TRUE	TRUE	TRUE
4678	41664.8636443507	4500.26845151395	FALSE	FALSE	TRUE
4679	39545.3203728578	4869.76518970225	TRUE	TRUE	TRUE
4680	40572.092311165	4492.20391755733	TRUE	FALSE	TRUE
4681	36692.3609599177	5692.58464200367	TRUE	TRUE	TRUE
4682	39292.4625647666	4784.43072994836	TRUE	TRUE	TRUE
4683	39818.4146340396	4658.52286388625	TRUE	TRUE	TRUE
4684	39080.9346384378	4948.80883937395	TRUE	TRUE	TRUE
4685	39493.0529760491	5062.82526165748	TRUE	TRUE	TRUE
4686	39824.0347429581	4933.6795435355	TRUE	TRUE	TRUE
4687	39412.8993247685	5189.28462195952	TRUE	TRUE	TRUE
4688	36149.4383599337	6452.35856052123	TRUE	TRUE	TRUE
4689	35775.8040359733	5606.6408449012	TRUE	TRUE	TRUE
4690	35090.1914240139	6462.0134101495	TRUE	TRUE	TRUE
4691	35880.982126854	5790.38310802642	TRUE	TRUE	TRUE
4692	37138.2157006555	5449.87147627482	TRUE	TRUE	TRUE
4693	33375.0723520149	7043.09186543426	TRUE	TRUE	TRUE
4694	43438.9362178301	3737.61164907469	FALSE	FALSE	TRUE
4695	36276.8848850291	6617.93158290674	TRUE	TRUE	TRUE
4696	40120.4059977731	4730.38025594941	TRUE	TRUE	TRUE
4697	40005.8115151126	4800.27764769905	TRUE	TRUE	TRUE
4698	39226.0166559514	4944.49428009507	TRUE	TRUE	TRUE
4699	39498.1246209491	4587.34776326475	TRUE	FALSE	TRUE
4700	37903.6400064733	4968.34415282912	TRUE	TRUE	TRUE
4701	37879.386079484	4941.47923759852	TRUE	TRUE	TRUE
4702	38060.3687733439	4994.47096450093	TRUE	TRUE	TRUE
4703	35040.4918929699	6873.28645579262	TRUE	TRUE	TRUE
4704	39022.0718178654	5074.16492847434	TRUE	TRUE	TRUE
4705	37149.6392597316	5141.07407750655	TRUE	TRUE	TRUE
4706	36718.4473468159	5444.78302822823	TRUE	TRUE	TRUE
4707	36461.2855435071	5649.2740049207	TRUE	TRUE	TRUE
4708	39397.9712290256	4810.80110080604	TRUE	TRUE	TRUE
4709	37534.5449620138	5575.43361312529	TRUE	TRUE	TRUE
4710	38613.4621298644	5502.67438838189	TRUE	TRUE	TRUE
4711	35824.0405246266	6147.99360682851	TRUE	TRUE	TRUE
4712	34527.2170371513	7102.75950896997	TRUE	TRUE	TRUE
4713	38871.1320694022	5055.04047914741	TRUE	TRUE	TRUE
4714	38411.8227300087	5172.17711679362	TRUE	TRUE	TRUE
4715	37336.5146501127	5493.25485627149	TRUE	TRUE	TRUE
4716	38054.3689737712	5272.45015679086	TRUE	TRUE	TRUE
4717	37965.2868047099	5762.12177561077	TRUE	TRUE	TRUE
4718	36166.8980888127	6125.27711805884	TRUE	TRUE	TRUE
4719	37660.1585553865	5167.67448905416	TRUE	TRUE	TRUE
4720	33472.680580858	7625.11541450026	TRUE	TRUE	TRUE
4721	33326.3903568808	7935.86829590412	TRUE	TRUE	TRUE
4722	36281.1440981358	6183.34715939277	TRUE	TRUE	TRUE
4723	36934.4202744148	5349.21094089494	TRUE	TRUE	TRUE
4724	37794.8394388278	5242.91781368052	TRUE	TRUE	TRUE
4725	37452.4923942216	6277.59473109775	TRUE	TRUE	TRUE
4726	38648.1659355655	5122.9524571178	TRUE	TRUE	TRUE
4727	37595.1397835079	5151.48895041288	TRUE	TRUE	TRUE
4728	37926.8254811906	5502.80346031744	TRUE	TRUE	TRUE
4729	38750.9667099734	5043.81039618235	TRUE	TRUE	TRUE
4730	38081.9422119166	5484.02653310423	TRUE	TRUE	TRUE
4731	36840.0745535227	5183.45362837888	TRUE	TRUE	TRUE
4732	37612.4145476732	5253.89000011605	TRUE	TRUE	TRUE
4733	38023.2402308225	5218.11235507009	TRUE	TRUE	TRUE
4734	37364.4233985793	5912.06407764704	TRUE	TRUE	TRUE
4735	36721.2985243461	6342.49239185537	TRUE	TRUE	TRUE
4736	39320.4909370894	5335.9499306448	TRUE	TRUE	TRUE
4737	40077.9545324296	4736.97235361736	TRUE	TRUE	TRUE
4738	33798.8209409622	7092.50159620544	TRUE	TRUE	TRUE
4739	38442.023951418	4925.88928465823	TRUE	TRUE	TRUE
4740	38500.0826788011	5285.14646916357	TRUE	TRUE	TRUE
4741	38384.5858218318	6275.13066385634	TRUE	TRUE	TRUE
4742	37084.56741341	5459.12418742452	TRUE	TRUE	TRUE
4743	37085.4987646991	5600.89155658248	TRUE	TRUE	TRUE
4744	40314.0921964111	4729.15867888448	TRUE	TRUE	TRUE
4745	36630.1948288172	5411.34400613221	TRUE	TRUE	TRUE
4746	36030.9788970557	5821.04651678526	TRUE	TRUE	TRUE
4747	38373.556019398	5483.11695256616	TRUE	TRUE	TRUE
4748	38050.3415904159	5407.30769135126	TRUE	TRUE	TRUE
4749	35485.2934381272	6203.50227065012	TRUE	TRUE	TRUE
4750	38475.5434891128	5315.45015900225	TRUE	TRUE	TRUE
4751	36290.9252143147	6284.04579293639	TRUE	TRUE	TRUE
4752	35926.3424777616	5772.24194360428	TRUE	TRUE	TRUE
4753	36762.2977626426	5616.97196455296	TRUE	TRUE	TRUE
4754	38982.6760010108	4911.22894482037	TRUE	TRUE	TRUE
4755	37121.2590788197	5454.02598889842	TRUE	TRUE	TRUE
4756	38391.2052316907	5171.77193014847	TRUE	TRUE	TRUE
4757	35873.5040813654	5892.92561760865	TRUE	TRUE	TRUE
4758	35874.8623627787	5871.34228744797	TRUE	TRUE	TRUE
4759	35304.0090990931	6480.70107523065	TRUE	TRUE	TRUE
4760	40667.4060858115	4851.97714334392	TRUE	TRUE	TRUE
4761	37550.8199761929	5134.90814686258	TRUE	TRUE	TRUE
4762	35652.6526524521	6675.13354815002	TRUE	TRUE	TRUE
4763	38509.7357213697	5254.31645295498	TRUE	TRUE	TRUE
4764	37877.6986848757	5098.21156279083	TRUE	TRUE	TRUE
4765	40344.639013537	4529.14653849972	TRUE	FALSE	TRUE
4766	37936.1183094373	5392.52741838248	TRUE	TRUE	TRUE
4767	40838.1502364033	4460.94577459314	TRUE	FALSE	TRUE
4768	37751.9940653329	5469.21502911375	TRUE	TRUE	TRUE
4769	38192.8895161414	5383.59162756473	TRUE	TRUE	TRUE
4770	37015.4662384962	5376.51453168478	TRUE	TRUE	TRUE
4771	38739.3866275893	5446.2511855386	TRUE	TRUE	TRUE
4772	36409.4577222696	6299.92687494121	TRUE	TRUE	TRUE
4773	38372.9279567325	5405.62478102283	TRUE	TRUE	TRUE
4774	36809.2417283424	6404.51351629825	TRUE	TRUE	TRUE
4775	36460.2116628528	5649.61051128827	TRUE	TRUE	TRUE
4776	39451.7208037508	4675.44559065819	TRUE	TRUE	TRUE
4777	36176.5910456507	5809.7094679557	TRUE	TRUE	TRUE
4778	36555.2358463101	6711.35947103307	TRUE	TRUE	TRUE
4779	37931.5009422366	6008.78048031885	TRUE	TRUE	TRUE
4780	37586.0414762741	5719.62807852921	TRUE	TRUE	TRUE
4781	38919.6168363434	5001.50580595441	TRUE	TRUE	TRUE
4782	41306.6002470031	4360.58963490225	TRUE	FALSE	TRUE
4783	40021.5868355656	4704.15501287497	TRUE	TRUE	TRUE
4784	38731.5851489693	5346.00332565541	TRUE	TRUE	TRUE
4785	36701.8045768226	5741.7724718655	TRUE	TRUE	TRUE
4786	38274.3949002903	4977.72551241696	TRUE	TRUE	TRUE
4787	36672.7531419351	5696.54600834661	TRUE	TRUE	TRUE
4788	35483.0576447901	6836.75046062883	TRUE	TRUE	TRUE
4789	34531.2901609269	7374.39319999222	TRUE	TRUE	TRUE
4790	37608.8461424535	5454.12702715355	TRUE	TRUE	TRUE
4791	37393.9994986324	5077.67996736829	TRUE	TRUE	TRUE
4792	35461.6051071707	6598.01953370957	TRUE	TRUE	TRUE
4793	36307.9686997731	6411.66573432997	TRUE	TRUE	TRUE
4794	37821.8386471404	5679.32195486972	TRUE	TRUE	TRUE
4795	37639.3691337095	5655.99498146344	TRUE	TRUE	TRUE
4796	38394.4775987476	5377.26141812157	TRUE	TRUE	TRUE
4797	40015.3464389925	4723.55940659694	TRUE	TRUE	TRUE
4798	38464.0283451114	5837.10336071489	TRUE	TRUE	TRUE
4799	38524.8374668773	4808.95517998362	TRUE	TRUE	TRUE
4800	36435.3921754079	6051.47136368774	TRUE	TRUE	TRUE
4801	36405.4904087795	5966.32271698867	TRUE	TRUE	TRUE
4802	39957.7368953009	4635.75916091823	TRUE	TRUE	TRUE
4803	34319.2221633308	7070.71018002372	TRUE	TRUE	TRUE
4804	38351.4405886462	5669.73666156041	TRUE	TRUE	TRUE
4805	38555.7069223564	5741.57407438217	TRUE	TRUE	TRUE
4806	36280.4164177501	6502.91799189399	TRUE	TRUE	TRUE
4807	37616.1230395867	5602.73116086342	TRUE	TRUE	TRUE
4808	40009.9572189259	4776.25630505227	TRUE	TRUE	TRUE
4809	38705.9723425708	5453.38773256052	TRUE	TRUE	TRUE
4810	37131.9262244757	5480.87334967607	TRUE	TRUE	TRUE
4811	34216.3441482058	7325.57799208313	TRUE	TRUE	TRUE
4812	35360.6500240062	6589.621889557	TRUE	TRUE	TRUE
4813	39575.1766641333	4810.39593599292	TRUE	TRUE	TRUE
4814	35185.2515162583	6200.65114765415	TRUE	TRUE	TRUE
4815	37743.0306258258	5095.83323824111	TRUE	TRUE	TRUE
4816	38663.8285430981	5413.34285433024	TRUE	TRUE	TRUE
4817	37627.5692688518	5882.91045266821	TRUE	TRUE	TRUE
4818	37020.2298137078	5632.29950970572	TRUE	TRUE	TRUE
4819	38622.9471178793	6030.2292142719	TRUE	TRUE	TRUE
4820	36625.6276948913	5811.83770442596	TRUE	TRUE	TRUE
4821	38134.4828409524	5243.39856797949	TRUE	TRUE	TRUE
4822	31716.1534262434	8569.48036681004	TRUE	TRUE	TRUE
4823	39287.5343495139	4567.2303062128	TRUE	FALSE	TRUE
4824	38698.712074462	4886.82327830258	TRUE	TRUE	TRUE
4825	37119.538589015	5590.64017057387	TRUE	TRUE	TRUE
4826	39330.9275676404	4794.33665231886	TRUE	TRUE	TRUE
4827	37658.5177142009	5389.20687444942	TRUE	TRUE	TRUE
4828	37365.908545132	5839.2296144011	TRUE	TRUE	TRUE
4829	39968.9605580551	4704.22707635032	TRUE	TRUE	TRUE
4830	38528.1148687488	5252.28631997479	TRUE	TRUE	TRUE
4831	34638.9623904682	6574.34549358789	TRUE	TRUE	TRUE
4832	43126.3390595311	3860.54329712805	FALSE	FALSE	TRUE
4833	40285.5402312951	4451.09343195415	TRUE	FALSE	TRUE
4834	38105.0091963126	5082.03947271557	TRUE	TRUE	TRUE
4835	38909.1420655258	5072.09887719955	TRUE	TRUE	TRUE
4836	37933.4280406491	5424.35607702549	TRUE	TRUE	TRUE
4837	38329.0681651706	5064.46129085393	TRUE	TRUE	TRUE
4838	38032.9016599926	4963.91979705988	TRUE	TRUE	TRUE
4839	37059.1221162014	5580.61708057792	TRUE	TRUE	TRUE
4840	36045.8767693887	5724.07599426799	TRUE	TRUE	TRUE
4841	35214.4835386812	7410.41265792312	TRUE	TRUE	TRUE
4842	36282.6194068104	5555.36989885112	TRUE	TRUE	TRUE
4843	41540.7296283918	4238.9588561396	TRUE	FALSE	TRUE
4844	38308.4766896812	5261.84754966062	TRUE	TRUE	TRUE
4845	38434.2645795459	5301.41098148267	TRUE	TRUE	TRUE
4846	40337.0349578537	4506.96944344157	TRUE	FALSE	TRUE
4847	38392.9698135508	5459.79591140374	TRUE	TRUE	TRUE
4848	41806.9369854939	4072.70190251386	FALSE	FALSE	TRUE
4849	37488.7076385553	5899.20753138085	TRUE	TRUE	TRUE
4850	37877.5320570744	5548.42083281908	TRUE	TRUE	TRUE
4851	36420.9615581648	6195.2365044342	TRUE	TRUE	TRUE
4852	39078.2658807293	5075.88924521428	TRUE	TRUE	TRUE
4853	38930.3607702743	4742.63874591996	TRUE	TRUE	TRUE
4854	38782.3327821981	4991.41348799801	TRUE	TRUE	TRUE
4855	35284.8802981728	6753.96212103954	TRUE	TRUE	TRUE
4856	37611.788997827	5312.55804067013	TRUE	TRUE	TRUE
4857	35258.9479922621	7364.70317660972	TRUE	TRUE	TRUE
4858	38563.1189637312	5111.86865902172	TRUE	TRUE	TRUE
4859	37167.7278532327	5656.60382761994	TRUE	TRUE	TRUE
4860	40407.668863768	4915.98969150328	TRUE	TRUE	TRUE
4861	35092.4218243211	5998.98303860082	TRUE	TRUE	TRUE
4862	39855.9336534531	4775.37634087943	TRUE	TRUE	TRUE
4863	38396.165153957	5063.63974609484	TRUE	TRUE	TRUE
4864	38944.2353662387	4987.38443786701	TRUE	TRUE	TRUE
4865	37233.8486341091	5207.97957991268	TRUE	TRUE	TRUE
4866	37845.5211675598	6092.32233910618	TRUE	TRUE	TRUE
4867	34111.1949985247	7039.26041117901	TRUE	TRUE	TRUE
4868	36750.692287635	6259.09598353647	TRUE	TRUE	TRUE
4869	40670.8676449894	4461.04287398621	TRUE	FALSE	TRUE
4870	37775.9907042371	5458.87654138467	TRUE	TRUE	TRUE
4871	32880.2743437925	7588.53536788619	TRUE	TRUE	TRUE
4872	39765.5520007658	4943.7618254568	TRUE	TRUE	TRUE
4873	37935.7716928521	5620.9507079649	TRUE	TRUE	TRUE
4874	37639.4494675063	5084.80193229998	TRUE	TRUE	TRUE
4875	32338.8692078215	8826.60043773523	TRUE	TRUE	TRUE
4876	37260.600654981	5532.89545390137	TRUE	TRUE	TRUE
4877	38655.2488864234	4998.08987176102	TRUE	TRUE	TRUE
4878	39225.4630983257	5110.45230927131	TRUE	TRUE	TRUE
4879	34989.3423461035	6270.78562184711	TRUE	TRUE	TRUE
4880	38667.6817580699	5038.3335502318	TRUE	TRUE	TRUE
4881	39562.4434866451	4687.84684753895	TRUE	TRUE	TRUE
4882	39347.558948917	5071.11336097308	TRUE	TRUE	TRUE
4883	38428.4750463337	5072.00594211582	TRUE	TRUE	TRUE
4884	39719.9908235422	4774.25554276292	TRUE	TRUE	TRUE
4885	36419.4430345798	5750.50254959577	TRUE	TRUE	TRUE
4886	37707.6146218676	5636.33739764417	TRUE	TRUE	TRUE
4887	38952.7724474848	5133.4441599714	TRUE	TRUE	TRUE
4888	38430.7143428496	5437.74775642975	TRUE	TRUE	TRUE
4889	39013.5516000176	4994.39626054139	TRUE	TRUE	TRUE
4890	36853.5131059677	5405.06362681861	TRUE	TRUE	TRUE
4891	39936.5669243859	5035.18713228315	TRUE	TRUE	TRUE
4892	39935.3907850113	4594.92787810987	TRUE	TRUE	TRUE
4893	36149.2816147801	5593.57033220887	TRUE	TRUE	TRUE
4894	38967.7250939997	5011.47489564845	TRUE	TRUE	TRUE
4895	35664.3461539091	6386.44335692319	TRUE	TRUE	TRUE
4896	39210.9980966141	4763.18398007705	TRUE	TRUE	TRUE
4897	38076.8393402466	5176.97973696561	TRUE	TRUE	TRUE
4898	39289.8696833192	4897.96001162232	TRUE	TRUE	TRUE
4899	37946.736077404	5956.65591548471	TRUE	TRUE	TRUE
4900	40555.7739767043	4690.27945317735	TRUE	TRUE	TRUE
4901	39454.0088174622	4804.11526458252	TRUE	TRUE	TRUE
4902	39705.587001378	4590.48808000136	TRUE	TRUE	TRUE
4903	40077.1566381414	4787.78165006057	TRUE	TRUE	TRUE
4904	37802.5500344552	5580.41572589259	TRUE	TRUE	TRUE
4905	38076.9184273558	5130.85444411876	TRUE	TRUE	TRUE
4906	37037.8827337924	5709.05391453435	TRUE	TRUE	TRUE
4907	40200.8883227557	4236.68976585206	TRUE	FALSE	TRUE
4908	38590.2494004916	5117.38955931352	TRUE	TRUE	TRUE
4909	32737.2966644047	7479.26575867259	TRUE	TRUE	TRUE
4910	36742.5706460411	5386.2397448147	TRUE	TRUE	TRUE
4911	33596.7398941622	7871.34967709815	TRUE	TRUE	TRUE
4912	38537.9772305644	4894.15462189493	TRUE	TRUE	TRUE
4913	39990.9532470158	4840.11429800838	TRUE	TRUE	TRUE
4914	38909.9032810829	4886.26801766575	TRUE	TRUE	TRUE
4915	38321.7922665741	5001.25349703995	TRUE	TRUE	TRUE
4916	38499.3492943386	5106.07371465326	TRUE	TRUE	TRUE
4917	35731.9980474025	5873.83823932243	TRUE	TRUE	TRUE
4918	39222.8284822988	4957.49473186517	TRUE	TRUE	TRUE
4919	37936.1102892174	5297.99029835884	TRUE	TRUE	TRUE
4920	43403.7986444292	4242.67721661486	FALSE	FALSE	TRUE
4921	38759.9671459022	4851.13897950651	TRUE	TRUE	TRUE
4922	38048.1924346636	4894.93320351508	TRUE	TRUE	TRUE
4923	36244.3185566512	5812.89622017387	TRUE	TRUE	TRUE
4924	37951.8521946676	5668.89237142568	TRUE	TRUE	TRUE
4925	36293.281876648	6228.44976113256	TRUE	TRUE	TRUE
4926	35712.365595349	6139.67701655119	TRUE	TRUE	TRUE
4927	39244.4168220456	4816.66822457067	TRUE	TRUE	TRUE
4928	38913.760607027	5796.04388838765	TRUE	TRUE	TRUE
4929	37727.92533447	5753.80784436919	TRUE	TRUE	TRUE
4930	35848.6739011224	6859.39025084305	TRUE	TRUE	TRUE
4931	35690.6487047404	6517.1675673009	TRUE	TRUE	TRUE
4932	35876.225275905	6043.47985511226	TRUE	TRUE	TRUE
4933	36358.6789416497	5691.24236926352	TRUE	TRUE	TRUE
4934	37256.5735166535	5430.57492467651	TRUE	TRUE	TRUE
4935	37644.9350574163	5859.60668733559	TRUE	TRUE	TRUE
4936	38050.0189811635	5338.40666727454	TRUE	TRUE	TRUE
4937	38216.9663645518	5140.7735474901	TRUE	TRUE	TRUE
4938	32422.5511182052	8873.8070241147	TRUE	TRUE	TRUE
4939	33017.4887378898	7541.67990237777	TRUE	TRUE	TRUE
4940	37239.3771500436	5567.2990734785	TRUE	TRUE	TRUE
4941	38080.5239555483	5329.55568335381	TRUE	TRUE	TRUE
4942	36313.2927012831	6562.8968476149	TRUE	TRUE	TRUE
4943	38456.7337351422	5594.55343319232	TRUE	TRUE	TRUE
4944	35677.1327530841	6683.80623618762	TRUE	TRUE	TRUE
4945	35298.799748991	6210.91500366481	TRUE	TRUE	TRUE
4946	39691.6114809933	4474.26928242344	TRUE	FALSE	TRUE
4947	39750.7012034542	4722.51424216265	TRUE	TRUE	TRUE
4948	36629.8645233551	5934.79737695049	TRUE	TRUE	TRUE
4949	34630.9683207243	6639.19978497288	TRUE	TRUE	TRUE
4950	39281.9199783651	5030.5635580159	TRUE	TRUE	TRUE
4951	35905.0126951365	6558.74222282305	TRUE	TRUE	TRUE
4952	38688.8888372757	5017.51871548825	TRUE	TRUE	TRUE
4953	39457.977560213	4574.63765316314	TRUE	FALSE	TRUE
4954	36940.7015236896	5805.88054867288	TRUE	TRUE	TRUE
4955	37185.056649475	5860.91490873967	TRUE	TRUE	TRUE
4956	36752.6609074597	5707.17315775779	TRUE	TRUE	TRUE
4957	36413.6542163883	6048.6103537951	TRUE	TRUE	TRUE
4958	40056.6940452158	4583.00228967632	TRUE	FALSE	TRUE
4959	34837.7616583587	7309.55689123743	TRUE	TRUE	TRUE
4960	38843.3136117951	5474.01375856101	TRUE	TRUE	TRUE
4961	37395.8997776836	5478.745203293	TRUE	TRUE	TRUE
4962	38098.0577981784	5362.26567100916	TRUE	TRUE	TRUE
4963	39669.8731732154	4945.69478065598	TRUE	TRUE	TRUE
4964	36335.5718740557	5479.64921742065	TRUE	TRUE	TRUE
4965	37444.5940983084	5292.61022843671	TRUE	TRUE	TRUE
4966	39953.9585591723	4503.58842206057	TRUE	FALSE	TRUE
4967	37707.2483519364	5660.63597838873	TRUE	TRUE	TRUE
4968	37718.30497078	5301.15727743009	TRUE	TRUE	TRUE
4969	34045.8575081673	6804.72573780629	TRUE	TRUE	TRUE
4970	36802.316784339	5927.8780292396	TRUE	TRUE	TRUE
4971	35472.0196216766	6230.17362826561	TRUE	TRUE	TRUE
4972	38630.7072883001	5429.46225372656	TRUE	TRUE	TRUE
4973	40807.252846552	4537.43123554977	TRUE	FALSE	TRUE
4974	37599.2424379158	5860.83977562558	TRUE	TRUE	TRUE
4975	37573.5330250439	5214.71630655072	TRUE	TRUE	TRUE
4976	40058.3838940415	4640.78695086253	TRUE	TRUE	TRUE
4977	35897.2027596174	7122.1897158657	TRUE	TRUE	TRUE
4978	39058.1596312755	4690.68728331636	TRUE	TRUE	TRUE
4979	38721.7240829366	5134.94474073416	TRUE	TRUE	TRUE
4980	38256.7330091167	4852.10943744433	TRUE	TRUE	TRUE
4981	36190.1113164682	6374.82475361676	TRUE	TRUE	TRUE
4982	36281.8532874277	6780.77052473702	TRUE	TRUE	TRUE
4983	37365.4412477657	5320.26129147647	TRUE	TRUE	TRUE
4984	35534.6369162477	6080.76038027601	TRUE	TRUE	TRUE
4985	34432.9932568197	7031.8263717374	TRUE	TRUE	TRUE
4986	36844.5942532589	5438.85000613445	TRUE	TRUE	TRUE
4987	36519.4196244495	6237.82368536361	TRUE	TRUE	TRUE
4988	34522.6057428445	6834.00124578306	TRUE	TRUE	TRUE
4989	36871.1272124374	6040.75163019576	TRUE	TRUE	TRUE
4990	38972.3097236715	5136.20779300796	TRUE	TRUE	TRUE
4991	37795.6364018868	5368.10378775685	TRUE	TRUE	TRUE
4992	37765.5417913077	5491.77944337868	TRUE	TRUE	TRUE
4993	34062.0214848643	8168.37029838431	TRUE	TRUE	TRUE
4994	33646.958239864	8489.97725209311	TRUE	TRUE	TRUE
4995	35889.8846847006	7741.77984343865	TRUE	TRUE	TRUE
4996	38211.7806740232	5804.5408017278	TRUE	TRUE	TRUE
4997	39146.0382891143	4746.47407880568	TRUE	TRUE	TRUE
4998	39879.6559628169	4823.66644545618	TRUE	TRUE	TRUE
4999	37663.104453926	5344.79422150237	TRUE	TRUE	TRUE
5000	35612.5702230152	5537.80003749566	TRUE	TRUE	TRUE
5001	40636.4418129616	4834.23013283373	TRUE	TRUE	TRUE
5002	36547.9850924013	6133.81131725087	TRUE	TRUE	TRUE
5003	36891.6058082622	5609.46676018487	TRUE	TRUE	TRUE
5004	39520.8090028455	4684.61011194189	TRUE	TRUE	TRUE
5005	35771.6927861227	5932.50917568022	TRUE	TRUE	TRUE
5006	41431.6146886939	4312.69003132796	TRUE	FALSE	TRUE
5007	35834.8008014329	7419.39826163849	TRUE	TRUE	TRUE
5008	39049.9423349596	4793.76546068221	TRUE	TRUE	TRUE
5009	39604.6318802391	5310.30069505636	TRUE	TRUE	TRUE
5010	37661.0911885036	5264.92370609817	TRUE	TRUE	TRUE
5011	36842.1700210243	5466.72803269205	TRUE	TRUE	TRUE
5012	38837.9370917639	4803.71524996464	TRUE	TRUE	TRUE
5013	33741.6026748465	7572.41680705868	TRUE	TRUE	TRUE
5014	34262.9475535828	6909.21820795347	TRUE	TRUE	TRUE
5015	36358.7142083953	6426.7747760518	TRUE	TRUE	TRUE
5016	39976.4112864131	5398.31622600135	TRUE	TRUE	TRUE
5017	37018.8297200847	5546.20179789594	TRUE	TRUE	TRUE
5018	38886.0156236492	4676.63385842899	TRUE	TRUE	TRUE
5019	39646.5208165926	4788.70055456727	TRUE	TRUE	TRUE
5020	38843.7818517683	5156.64791100192	TRUE	TRUE	TRUE
5021	37293.9261910405	5945.9050799478	TRUE	TRUE	TRUE
5022	38952.8530004449	5247.78037797598	TRUE	TRUE	TRUE
5023	34805.0538875122	6951.93933488857	TRUE	TRUE	TRUE
5024	35709.5838751713	5706.89770426209	TRUE	TRUE	TRUE
5025	37327.4881092879	5905.05028382603	TRUE	TRUE	TRUE
5026	40144.8783569369	5095.03815458029	TRUE	TRUE	TRUE
5027	37777.146440852	5233.77918971491	TRUE	TRUE	TRUE
5028	33567.3575417266	6829.30231188541	TRUE	TRUE	TRUE
5029	37808.9506029678	5202.98551930918	TRUE	TRUE	TRUE
5030	38113.7899460381	5298.07139775253	TRUE	TRUE	TRUE
5031	35166.8970386666	7422.10240207598	TRUE	TRUE	TRUE
5032	34421.8553079654	7173.65099539824	TRUE	TRUE	TRUE
5033	35169.0385691294	8035.8573859479	TRUE	TRUE	TRUE
5034	34583.1085517079	6283.29896851433	TRUE	TRUE	TRUE
5035	35734.3694580542	6220.70727543644	TRUE	TRUE	TRUE
5036	35854.4604560129	6533.41484523506	TRUE	TRUE	TRUE
5037	36312.7725555453	6193.07880169662	TRUE	TRUE	TRUE
5038	37853.7106777809	5393.06050369805	TRUE	TRUE	TRUE
5039	38387.1820276788	5101.94827254246	TRUE	TRUE	TRUE
5040	34794.4172968524	6866.20962079469	TRUE	TRUE	TRUE
5041	36885.1597113173	6313.70125949525	TRUE	TRUE	TRUE
5042	40003.0183177133	4763.57795956373	TRUE	TRUE	TRUE
5043	32634.6501256506	8178.24722253927	TRUE	TRUE	TRUE
5044	36558.1546700266	5921.63716415329	TRUE	TRUE	TRUE
5045	36799.264877957	5810.54064746259	TRUE	TRUE	TRUE
5046	38721.0826155223	4852.12714809535	TRUE	TRUE	TRUE
5047	32816.8441834563	7590.17833979856	TRUE	TRUE	TRUE
5048	38769.9204655282	5150.9727278124	TRUE	TRUE	TRUE
5049	37593.7972494234	5277.55945500386	TRUE	TRUE	TRUE
5050	36598.1757988982	6333.77796971897	TRUE	TRUE	TRUE
5051	34683.7289802555	6660.64108848825	TRUE	TRUE	TRUE
5052	38675.4165769183	5122.47377801683	TRUE	TRUE	TRUE
5053	32858.8827710513	7540.19468218924	TRUE	TRUE	TRUE
5054	38496.5107373079	5034.43650763401	TRUE	TRUE	TRUE
5055	39275.2150103345	4959.71564125672	TRUE	TRUE	TRUE
5056	35566.020547543	6161.67436893066	TRUE	TRUE	TRUE
5057	36443.189554468	6438.59602265305	TRUE	TRUE	TRUE
5058	38319.3639445987	5862.10065590851	TRUE	TRUE	TRUE
5059	39432.7564869017	5373.68680189633	TRUE	TRUE	TRUE
5060	35345.0480547476	6359.34916258803	TRUE	TRUE	TRUE
5061	35477.6943369264	6406.83680278191	TRUE	TRUE	TRUE
5062	37656.1779993572	5805.15773683795	TRUE	TRUE	TRUE
5063	38119.2539377068	4911.59413078587	TRUE	TRUE	TRUE
5064	38652.4012848403	4969.73025606724	TRUE	TRUE	TRUE
5065	37481.6171686406	5548.62266707708	TRUE	TRUE	TRUE
5066	35960.4439599211	5835.53161304345	TRUE	TRUE	TRUE
5067	41422.7338352563	4412.21238366305	TRUE	FALSE	TRUE
5068	39381.4274746203	4645.98229067342	TRUE	TRUE	TRUE
5069	35640.9002657344	6002.89301176492	TRUE	TRUE	TRUE
5070	40974.9119804631	4487.42326362141	TRUE	FALSE	TRUE
5071	36919.7643959332	5609.53390847715	TRUE	TRUE	TRUE
5072	37479.2330433066	5283.42131237937	TRUE	TRUE	TRUE
5073	36278.9856401912	5867.64524314242	TRUE	TRUE	TRUE
5074	35929.6788043395	5510.60408072123	TRUE	TRUE	TRUE
5075	35130.9644513041	7420.50969678182	TRUE	TRUE	TRUE
5076	38411.5708702837	5187.56408411301	TRUE	TRUE	TRUE
5077	34823.4289475851	6901.82458259471	TRUE	TRUE	TRUE
5078	38366.8455091205	4988.00398756531	TRUE	TRUE	TRUE
5079	38558.5617396678	5387.81033697024	TRUE	TRUE	TRUE
5080	37435.0745384564	5101.72091065835	TRUE	TRUE	TRUE
5081	36913.6988057479	5589.13455472783	TRUE	TRUE	TRUE
5082	35905.9702546963	6780.967223742	TRUE	TRUE	TRUE
5083	33338.3102012558	7911.58901413516	TRUE	TRUE	TRUE
5084	38087.4102017855	5391.97343408412	TRUE	TRUE	TRUE
5085	38284.195277264	4668.67864497025	TRUE	TRUE	TRUE
5086	37460.1859045412	4975.45212697579	TRUE	TRUE	TRUE
5087	37741.411042436	5004.25333446476	TRUE	TRUE	TRUE
5088	33831.8726119608	8843.24080885293	TRUE	TRUE	TRUE
5089	37180.9714809175	5423.34137145932	TRUE	TRUE	TRUE
5090	36576.9222783314	5484.27022017454	TRUE	TRUE	TRUE
5091	37579.9063360002	6120.27257711318	TRUE	TRUE	TRUE
5092	36216.7429308498	6180.79970364261	TRUE	TRUE	TRUE
5093	37291.6608879619	5521.84325823364	TRUE	TRUE	TRUE
5094	34401.8916116054	7981.04765834885	TRUE	TRUE	TRUE
5095	40819.5948445207	4442.95495455809	TRUE	FALSE	TRUE
5096	35456.6137616121	6272.05476368063	TRUE	TRUE	TRUE
5097	36414.9455134715	6067.94955414297	TRUE	TRUE	TRUE
5098	36141.7858500245	5723.10295038804	TRUE	TRUE	TRUE
5099	36863.1609752759	5858.27292811906	TRUE	TRUE	TRUE
5100	39115.2306254214	5103.48797054265	TRUE	TRUE	TRUE
5101	37794.8722770971	4968.89762398459	TRUE	TRUE	TRUE
5102	39004.0690909805	5099.80733381726	TRUE	TRUE	TRUE
5103	38144.8068446737	5308.69115792379	TRUE	TRUE	TRUE
5104	37665.7756298951	5292.8862535836	TRUE	TRUE	TRUE
5105	35664.4337239485	6438.89293115801	TRUE	TRUE	TRUE
5106	39344.8176100443	4699.16883451324	TRUE	TRUE	TRUE
5107	38347.0003694067	5114.57248607906	TRUE	TRUE	TRUE
5108	37322.4331336494	5560.34786802968	TRUE	TRUE	TRUE
5109	39073.3946896331	5143.59238961353	TRUE	TRUE	TRUE
5110	38572.3461197317	4747.31825273115	TRUE	TRUE	TRUE
5111	38731.0568051553	5061.05345660715	TRUE	TRUE	TRUE
5112	37356.2135588493	5231.291241997	TRUE	TRUE	TRUE
5113	39698.3639581548	4958.97189894114	TRUE	TRUE	TRUE
5114	38383.4460198831	4858.93539335352	TRUE	TRUE	TRUE
5115	37222.0313756667	5223.94949245925	TRUE	TRUE	TRUE
5116	39615.0376258563	4911.60391149029	TRUE	TRUE	TRUE
5117	32989.0573264113	8083.47270575809	TRUE	TRUE	TRUE
5118	35363.8732467045	6151.25820566961	TRUE	TRUE	TRUE
5119	33365.6097972202	7010.80962453075	TRUE	TRUE	TRUE
5120	37539.7812589714	5191.88791704102	TRUE	TRUE	TRUE
5121	37629.2218183559	5799.87414750117	TRUE	TRUE	TRUE
5122	36629.0460875657	5643.47640514905	TRUE	TRUE	TRUE
5123	39053.2801989349	4833.66759774699	TRUE	TRUE	TRUE
5124	37362.8843666863	5841.36849958119	TRUE	TRUE	TRUE
5125	33836.1882523254	7040.41626353983	TRUE	TRUE	TRUE
5126	38910.4683716085	5099.43895681469	TRUE	TRUE	TRUE
5127	38253.0971396894	5734.97413041766	TRUE	TRUE	TRUE
5128	37349.5700033804	5274.19222571243	TRUE	TRUE	TRUE
5129	38368.6298975628	5171.38024828133	TRUE	TRUE	TRUE
5130	37156.6732888791	5994.94225142747	TRUE	TRUE	TRUE
5131	40793.0281075733	4690.99590455847	TRUE	TRUE	TRUE
5132	36611.6993272753	6056.51483763291	TRUE	TRUE	TRUE
5133	38079.861934515	5235.17504113226	TRUE	TRUE	TRUE
5134	36961.7591965742	5572.76849946976	TRUE	TRUE	TRUE
5135	39219.4433557129	5109.95235119151	TRUE	TRUE	TRUE
5136	38248.7652985831	5210.60503965043	TRUE	TRUE	TRUE
5137	35315.0974565908	5894.6447399158	TRUE	TRUE	TRUE
5138	35621.9144230795	6658.0214214311	TRUE	TRUE	TRUE
5139	38723.1905414187	5764.49954861773	TRUE	TRUE	TRUE
5140	37936.9393132396	5339.38512558514	TRUE	TRUE	TRUE
5141	37660.291415826	5695.48042528839	TRUE	TRUE	TRUE
5142	38211.6621482044	5278.19045078941	TRUE	TRUE	TRUE
5143	37231.7917554324	5180.84850158842	TRUE	TRUE	TRUE
5144	37089.9177152612	6178.60675693862	TRUE	TRUE	TRUE
5145	39113.1647359008	5584.57039804398	TRUE	TRUE	TRUE
5146	34647.3015257082	7437.65830886518	TRUE	TRUE	TRUE
5147	36746.4180108233	6484.92014923831	TRUE	TRUE	TRUE
5148	32788.7701174007	8417.72774550883	TRUE	TRUE	TRUE
5149	39086.0100297294	5241.4772119653	TRUE	TRUE	TRUE
5150	38118.7899120502	5343.62722574347	TRUE	TRUE	TRUE
5151	38010.6767428201	5171.63012952437	TRUE	TRUE	TRUE
5152	39284.465187814	4736.56329538135	TRUE	TRUE	TRUE
5153	38075.745711527	5166.68116777766	TRUE	TRUE	TRUE
5154	38677.5104013396	5325.52686093167	TRUE	TRUE	TRUE
5155	35254.4319682013	6295.94444588667	TRUE	TRUE	TRUE
5156	33430.9677763034	6566.39570277317	TRUE	TRUE	TRUE
5157	38351.6512103449	5245.966788492	TRUE	TRUE	TRUE
5158	36626.1084845146	7096.72644794481	TRUE	TRUE	TRUE
5159	37520.8895224194	5278.94370348105	TRUE	TRUE	TRUE
5160	42216.021680265	4085.68544556693	FALSE	FALSE	TRUE
5161	37165.7778769862	5796.74189891288	TRUE	TRUE	TRUE
5162	36641.6327229757	5571.96288901247	TRUE	TRUE	TRUE
5163	36502.9336230516	5754.85592316188	TRUE	TRUE	TRUE
5164	38721.445214113	5001.20039455814	TRUE	TRUE	TRUE
5165	33386.2376449519	7258.21537730338	TRUE	TRUE	TRUE
5166	36763.8543171835	6082.26882431888	TRUE	TRUE	TRUE
5167	38885.9743174451	4807.09652286106	TRUE	TRUE	TRUE
5168	37771.5214800084	5380.32313455288	TRUE	TRUE	TRUE
5169	37728.0761525002	5196.47212734477	TRUE	TRUE	TRUE
5170	37272.4003006182	5752.3118152849	TRUE	TRUE	TRUE
5171	37452.7106707383	5264.9961583795	TRUE	TRUE	TRUE
5172	36860.7709191981	5747.09917122665	TRUE	TRUE	TRUE
5173	39529.6027406398	4769.34951593132	TRUE	TRUE	TRUE
5174	38726.9583351061	5164.38704625472	TRUE	TRUE	TRUE
5175	35594.8480331289	6121.02927727537	TRUE	TRUE	TRUE
5176	39198.2133037025	4757.37051847169	TRUE	TRUE	TRUE
5177	35538.4335437726	7430.8351761561	TRUE	TRUE	TRUE
5178	32042.7060746643	8448.50916122264	TRUE	TRUE	TRUE
5179	43064.2341851925	3835.84630061459	FALSE	FALSE	TRUE
5180	33131.5056529259	7417.46341301385	TRUE	TRUE	TRUE
5181	39073.3747418366	4768.12574985448	TRUE	TRUE	TRUE
5182	37464.5023703452	5223.34829417483	TRUE	TRUE	TRUE
5183	37545.9289307687	6096.56126799097	TRUE	TRUE	TRUE
5184	36452.1475265059	5812.77573105701	TRUE	TRUE	TRUE
5185	38407.4167128358	5632.20577950554	TRUE	TRUE	TRUE
5186	38209.5680012659	5409.15928607532	TRUE	TRUE	TRUE
5187	37077.9292691689	5781.08331504662	TRUE	TRUE	TRUE
5188	39573.4231007121	4502.90498949375	TRUE	FALSE	TRUE
5189	38333.1486479661	5321.66572703005	TRUE	TRUE	TRUE
5190	38622.8430985008	4939.22736633332	TRUE	TRUE	TRUE
5191	39301.7787343089	4764.7411452512	TRUE	TRUE	TRUE
5192	35208.0717297371	7143.47583066574	TRUE	TRUE	TRUE
5193	40915.7967958131	4512.16473883899	TRUE	FALSE	TRUE
5194	38938.7703656405	5335.20972010642	TRUE	TRUE	TRUE
5195	36310.3030982029	5907.76036493611	TRUE	TRUE	TRUE
5196	37043.7613212487	5280.65395583582	TRUE	TRUE	TRUE
5197	37275.5246267343	5340.20491820915	TRUE	TRUE	TRUE
5198	35427.595266701	6738.30757305216	TRUE	TRUE	TRUE
5199	41128.8901006284	4152.97349491656	TRUE	FALSE	TRUE
5200	37604.2929711817	5181.06953769369	TRUE	TRUE	TRUE
5201	37911.9144760516	5266.13948021891	TRUE	TRUE	TRUE
5202	36538.6657638045	5688.60545724352	TRUE	TRUE	TRUE
5203	32660.5129346206	8218.28184639599	TRUE	TRUE	TRUE
5204	37012.7183866073	5213.0527557849	TRUE	TRUE	TRUE
5205	34413.1663456441	6763.47456124207	TRUE	TRUE	TRUE
5206	39069.4985127189	4969.80772454487	TRUE	TRUE	TRUE
5207	39822.967708666	4839.63275750615	TRUE	TRUE	TRUE
5208	39620.0791983219	5732.91417304597	TRUE	TRUE	TRUE
5209	37495.2658677803	5097.48140094023	TRUE	TRUE	TRUE
5210	36100.3655160532	5671.86910404445	TRUE	TRUE	TRUE
5211	37196.8562271857	5508.88453241733	TRUE	TRUE	TRUE
5212	33784.5314828109	7062.0185413111	TRUE	TRUE	TRUE
5213	37032.2027985722	5909.99837176398	TRUE	TRUE	TRUE
5214	39358.0573590522	4810.64227095984	TRUE	TRUE	TRUE
5215	40137.1238318167	4862.30499715637	TRUE	TRUE	TRUE
5216	37156.1021171081	5739.71824408337	TRUE	TRUE	TRUE
5217	38031.4527142868	5491.25969425116	TRUE	TRUE	TRUE
5218	35302.535815169	6102.63217556859	TRUE	TRUE	TRUE
5219	38451.4929767208	6253.72223219075	TRUE	TRUE	TRUE
5220	35700.7611254634	6181.55271804695	TRUE	TRUE	TRUE
5221	34904.6963708515	7411.25078062767	TRUE	TRUE	TRUE
5222	35996.1753222773	5932.62557781798	TRUE	TRUE	TRUE
5223	39684.7003660823	4927.5989979667	TRUE	TRUE	TRUE
5224	38493.8661150835	5177.57173077741	TRUE	TRUE	TRUE
5225	38810.4593358645	4934.41677926779	TRUE	TRUE	TRUE
5226	37637.0998957897	5173.66950950075	TRUE	TRUE	TRUE
5227	38573.4212390656	4743.30313877684	TRUE	TRUE	TRUE
5228	36040.1726339178	5887.7508481747	TRUE	TRUE	TRUE
5229	35480.7413562061	6585.28452238209	TRUE	TRUE	TRUE
5230	38849.3878327483	5066.39849480707	TRUE	TRUE	TRUE
5231	38534.5932996582	5071.36967993286	TRUE	TRUE	TRUE
5232	38427.3821474543	5698.70381231558	TRUE	TRUE	TRUE
5233	35912.2326192169	6330.17449314241	TRUE	TRUE	TRUE
5234	35769.1006125527	5834.15626448642	TRUE	TRUE	TRUE
5235	34389.6986738998	6919.98818649081	TRUE	TRUE	TRUE
5236	36911.3609020567	5490.14542037919	TRUE	TRUE	TRUE
5237	34723.9809202766	6640.88668924025	TRUE	TRUE	TRUE
5238	34604.488962971	6684.47149828166	TRUE	TRUE	TRUE
5239	38016.0843472542	4985.45790746454	TRUE	TRUE	TRUE
5240	36623.5039336729	5979.47059372287	TRUE	TRUE	TRUE
5241	39334.0322824208	4871.10662673576	TRUE	TRUE	TRUE
5242	39858.6606498497	4754.68058895317	TRUE	TRUE	TRUE
5243	39416.1001861948	5145.86661697414	TRUE	TRUE	TRUE
5244	39159.9931188586	4859.57000775351	TRUE	TRUE	TRUE
5245	38501.3209574406	4992.68904855689	TRUE	TRUE	TRUE
5246	36097.5377365049	6139.86287616151	TRUE	TRUE	TRUE
5247	36950.0617819501	5404.02897019649	TRUE	TRUE	TRUE
5248	36646.7883658525	5420.15145207737	TRUE	TRUE	TRUE
5249	37077.9150651826	6836.69047860647	TRUE	TRUE	TRUE
5250	36284.7085505022	6088.56104038764	TRUE	TRUE	TRUE
5251	38805.6872547418	5138.39509899905	TRUE	TRUE	TRUE
5252	37283.3003640861	6177.29003763048	TRUE	TRUE	TRUE
5253	37226.4142595548	5801.01482360648	TRUE	TRUE	TRUE
5254	38343.5600976235	5101.23833560895	TRUE	TRUE	TRUE
5255	38178.7981738234	5178.29922670682	TRUE	TRUE	TRUE
5256	37598.7955792366	5559.68351469739	TRUE	TRUE	TRUE
5257	39516.5273643491	4896.47453683781	TRUE	TRUE	TRUE
5258	36093.0326748533	5933.56247563589	TRUE	TRUE	TRUE
5259	39156.2667617831	5067.58749265698	TRUE	TRUE	TRUE
5260	39621.8780366746	4547.87575765513	TRUE	FALSE	TRUE
5261	38574.0604357911	5228.19838979963	TRUE	TRUE	TRUE
5262	37733.7449333791	5443.41341875663	TRUE	TRUE	TRUE
5263	39891.9567977831	4443.25399234004	TRUE	FALSE	TRUE
5264	39070.8664321944	5290.68520793383	TRUE	TRUE	TRUE
5265	36661.8651835695	5484.37528653905	TRUE	TRUE	TRUE
5266	34924.2829856746	6806.24785840726	TRUE	TRUE	TRUE
5267	37722.4353121436	5863.8524347665	TRUE	TRUE	TRUE
5268	33421.1681454019	6948.68222011843	TRUE	TRUE	TRUE
5269	37563.1483011633	5548.18552719062	TRUE	TRUE	TRUE
5270	36579.4284383588	5973.77610189505	TRUE	TRUE	TRUE
5271	41906.8598624387	4476.2194487146	FALSE	FALSE	TRUE
5272	38113.3640399176	5183.33462507432	TRUE	TRUE	TRUE
5273	38173.1280555218	5267.62998216995	TRUE	TRUE	TRUE
5274	38288.4307882096	5020.71226504653	TRUE	TRUE	TRUE
5275	36231.5887340878	5875.03495450698	TRUE	TRUE	TRUE
5276	35809.3052697251	6439.50310199881	TRUE	TRUE	TRUE
5277	38953.0680558135	5752.09806055378	TRUE	TRUE	TRUE
5278	40336.9018170299	4647.61349077693	TRUE	TRUE	TRUE
5279	39404.1741438295	4639.83107887018	TRUE	TRUE	TRUE
5280	37674.7659681798	5248.19236773368	TRUE	TRUE	TRUE
5281	39895.6613341678	5335.44090987075	TRUE	TRUE	TRUE
5282	33539.8233937639	7004.43315988456	TRUE	TRUE	TRUE
5283	39457.7391667541	5301.36668796519	TRUE	TRUE	TRUE
5284	37954.4197674296	5644.45042462915	TRUE	TRUE	TRUE
5285	37370.3116384241	5883.50992432614	TRUE	TRUE	TRUE
5286	37886.2296735991	5195.52977805084	TRUE	TRUE	TRUE
5287	32499.2198772162	8618.53348289334	TRUE	TRUE	TRUE
5288	33033.8294765297	6832.07936198738	TRUE	TRUE	TRUE
5289	33737.0038432253	7795.95374864839	TRUE	TRUE	TRUE
5290	34305.4542005983	6681.91282142258	TRUE	TRUE	TRUE
5291	37545.505591006	5839.85506007714	TRUE	TRUE	TRUE
5292	37673.2359194389	5842.0006023934	TRUE	TRUE	TRUE
5293	37823.6763507683	5549.20930570257	TRUE	TRUE	TRUE
5294	36755.6937019016	5966.8591320097	TRUE	TRUE	TRUE
5295	33821.1833878101	7467.47535914883	TRUE	TRUE	TRUE
5296	36535.9941800082	7278.4981387794	TRUE	TRUE	TRUE
5297	36707.437591337	5816.74808772987	TRUE	TRUE	TRUE
5298	36758.3179888952	5583.7204029342	TRUE	TRUE	TRUE
5299	37036.7400924657	5513.79825545865	TRUE	TRUE	TRUE
5300	36571.8472658311	6260.77647416275	TRUE	TRUE	TRUE
5301	39075.4632405531	5015.69910429868	TRUE	TRUE	TRUE
5302	36839.4821394292	5977.77873292178	TRUE	TRUE	TRUE
5303	38123.1045994282	5069.72908069674	TRUE	TRUE	TRUE
5304	39551.6555706115	5110.52298774099	TRUE	TRUE	TRUE
5305	39264.0698396704	4814.16185224391	TRUE	TRUE	TRUE
5306	35464.8328935547	5992.03132273878	TRUE	TRUE	TRUE
5307	36197.683191196	5859.98838921734	TRUE	TRUE	TRUE
5308	35445.056818823	6162.63215247566	TRUE	TRUE	TRUE
5309	36759.5466997243	6496.55238596578	TRUE	TRUE	TRUE
5310	34600.9973782628	6062.23927756746	TRUE	TRUE	TRUE
5311	38892.4100148546	4903.00613695188	TRUE	TRUE	TRUE
5312	36912.0230082109	5856.81056521143	TRUE	TRUE	TRUE
5313	39907.3457830633	4484.47083049877	TRUE	FALSE	TRUE
5314	38249.7067947617	5443.76125940395	TRUE	TRUE	TRUE
5315	36284.3251775359	5829.02929405099	TRUE	TRUE	TRUE
5316	40613.4529384951	4465.11228830697	TRUE	FALSE	TRUE
5317	38822.7778757335	5244.55446923536	TRUE	TRUE	TRUE
5318	34672.9820378474	6850.25205659912	TRUE	TRUE	TRUE
5319	36254.7210564977	5538.79677987659	TRUE	TRUE	TRUE
5320	33508.1086641204	7757.46756840349	TRUE	TRUE	TRUE
5321	39426.9679829904	4837.27955529793	TRUE	TRUE	TRUE
5322	36864.2981487836	6317.99186023887	TRUE	TRUE	TRUE
5323	37465.7242566303	5654.48866751181	TRUE	TRUE	TRUE
5324	38217.0089684001	5095.77378591251	TRUE	TRUE	TRUE
5325	38789.9904304119	5062.29317017483	TRUE	TRUE	TRUE
5326	39875.2031394344	4735.64997784133	TRUE	TRUE	TRUE
5327	34960.3771586963	6965.46015029361	TRUE	TRUE	TRUE
5328	31859.4045088459	8034.35699568497	TRUE	TRUE	TRUE
5329	38821.6643117035	4803.71897264191	TRUE	TRUE	TRUE
5330	37091.7344366886	5494.85125436387	TRUE	TRUE	TRUE
5331	37700.2969909077	5224.57046338437	TRUE	TRUE	TRUE
5332	33468.8452696818	7383.2266093242	TRUE	TRUE	TRUE
5333	35266.3101991643	6112.26794108495	TRUE	TRUE	TRUE
5334	35002.1943669875	7504.0955936022	TRUE	TRUE	TRUE
5335	37628.4978701321	5294.16372074443	TRUE	TRUE	TRUE
5336	37089.4383645623	5497.26719672751	TRUE	TRUE	TRUE
5337	39493.6421465389	5250.76479983495	TRUE	TRUE	TRUE
5338	38184.6327177253	5335.40982532533	TRUE	TRUE	TRUE
5339	37894.2675356873	5336.38129167866	TRUE	TRUE	TRUE
5340	37891.4313894659	5271.48990259114	TRUE	TRUE	TRUE
5341	38599.7130255846	5278.93556896771	TRUE	TRUE	TRUE
5342	33947.3650498654	7146.52144921703	TRUE	TRUE	TRUE
5343	35714.5559684757	6519.96757022744	TRUE	TRUE	TRUE
5344	39369.3487987752	4761.5482512095	TRUE	TRUE	TRUE
5345	38861.1490157009	5168.77847514557	TRUE	TRUE	TRUE
5346	35045.0838206972	6777.24797539563	TRUE	TRUE	TRUE
5347	37349.011862898	5744.4582211287	TRUE	TRUE	TRUE
5348	40392.8576387036	4634.71331587368	TRUE	TRUE	TRUE
5349	38806.7964838126	5415.35707445271	TRUE	TRUE	TRUE
5350	37963.5258702481	5391.47893003862	TRUE	TRUE	TRUE
5351	36979.2260776758	5814.66418830963	TRUE	TRUE	TRUE
5352	39872.354927435	4558.27620801752	TRUE	FALSE	TRUE
5353	37098.1132980755	5581.32372112834	TRUE	TRUE	TRUE
5354	40885.7190635003	4431.32852567474	TRUE	FALSE	TRUE
5355	37535.0415644415	5444.17164164748	TRUE	TRUE	TRUE
5356	36564.9720564872	7417.63130602159	TRUE	TRUE	TRUE
5357	37317.0167430374	5395.11285182668	TRUE	TRUE	TRUE
5358	38499.8512476309	5410.71194931357	TRUE	TRUE	TRUE
5359	37908.8221982077	5534.33450230942	TRUE	TRUE	TRUE
5360	36275.8531281528	5233.24409787466	TRUE	TRUE	TRUE
5361	37409.6341709312	5927.82428527102	TRUE	TRUE	TRUE
5362	34206.3128235033	6715.60177077481	TRUE	TRUE	TRUE
5363	38206.4809988589	5464.15543069046	TRUE	TRUE	TRUE
5364	39946.0004386997	5016.48997160732	TRUE	TRUE	TRUE
5365	37980.0113717007	5478.96136757592	TRUE	TRUE	TRUE
5366	40529.5474115061	4623.36618998731	TRUE	TRUE	TRUE
5367	36859.4790523562	5679.58346518959	TRUE	TRUE	TRUE
5368	33134.7214782541	8478.77148055272	TRUE	TRUE	TRUE
5369	36572.6584231744	6110.13376157832	TRUE	TRUE	TRUE
5370	38529.3673524569	5483.82931763149	TRUE	TRUE	TRUE
5371	36792.3916142195	5983.880581599	TRUE	TRUE	TRUE
5372	39774.5726089145	4946.73193900452	TRUE	TRUE	TRUE
5373	36925.8358039867	6583.75197006519	TRUE	TRUE	TRUE
5374	35463.2561882347	6938.31809550031	TRUE	TRUE	TRUE
5375	38697.0514268385	5739.15355966242	TRUE	TRUE	TRUE
5376	40147.8679817568	4694.74295777296	TRUE	TRUE	TRUE
5377	37735.234121745	5344.63814597732	TRUE	TRUE	TRUE
5378	34282.8656073773	7230.48709284192	TRUE	TRUE	TRUE
5379	35979.8470709693	5634.13253897716	TRUE	TRUE	TRUE
5380	37512.1180814508	5594.98677913217	TRUE	TRUE	TRUE
5381	38520.5796142568	6182.20549280778	TRUE	TRUE	TRUE
5382	36262.9673267319	6030.25199128927	TRUE	TRUE	TRUE
5383	32453.4924738692	7239.15988205367	TRUE	TRUE	TRUE
5384	39500.2677429574	4924.05483067541	TRUE	TRUE	TRUE
5385	40761.6318087858	4475.32259738668	TRUE	FALSE	TRUE
5386	38995.0591502591	4767.64149390273	TRUE	TRUE	TRUE
5387	38868.2332951018	4940.72595191943	TRUE	TRUE	TRUE
5388	30848.1932087	8219.83447256952	TRUE	TRUE	TRUE
5389	34828.9592497101	7261.1120843627	TRUE	TRUE	TRUE
5390	29467.0348963193	9030.31295156077	TRUE	TRUE	TRUE
5391	38495.4395824333	4888.48666064674	TRUE	TRUE	TRUE
5392	36443.1357799157	5843.21413016906	TRUE	TRUE	TRUE
5393	39184.7764316454	5114.9753376458	TRUE	TRUE	TRUE
5394	38145.0021765978	5052.19125376632	TRUE	TRUE	TRUE
5395	35774.1871958798	6002.10471049398	TRUE	TRUE	TRUE
5396	37836.4592481388	5214.92814309507	TRUE	TRUE	TRUE
5397	36938.4504765322	6294.82194900919	TRUE	TRUE	TRUE
5398	36084.621876394	6279.21881483464	TRUE	TRUE	TRUE
5399	38307.714825544	5183.79877242972	TRUE	TRUE	TRUE
5400	38469.463444347	4910.19499211306	TRUE	TRUE	TRUE
5401	38503.8583360572	5226.26872037946	TRUE	TRUE	TRUE
5402	35825.5636823673	6093.64145442753	TRUE	TRUE	TRUE
5403	39148.8916714324	4995.5481974139	TRUE	TRUE	TRUE
5404	35547.622237908	6002.41363167744	TRUE	TRUE	TRUE
5405	40585.9577441846	4768.34587380484	TRUE	TRUE	TRUE
5406	37176.0359174223	5867.58516294032	TRUE	TRUE	TRUE
5407	38117.0566786674	5248.1695460393	TRUE	TRUE	TRUE
5408	37158.0829454128	5747.3049474425	TRUE	TRUE	TRUE
5409	37816.0900888956	5716.14435127092	TRUE	TRUE	TRUE
5410	35395.7688583818	5954.82935032025	TRUE	TRUE	TRUE
5411	35187.7300892758	6159.9938991075	TRUE	TRUE	TRUE
5412	37254.1558600874	5812.4482536095	TRUE	TRUE	TRUE
5413	37902.9514543785	5457.1465533167	TRUE	TRUE	TRUE
5414	34308.7440926572	7901.98753245029	TRUE	TRUE	TRUE
5415	37898.8123519048	5617.53135459696	TRUE	TRUE	TRUE
5416	37110.5545663297	5311.1801229854	TRUE	TRUE	TRUE
5417	37192.3313556501	5561.76508879059	TRUE	TRUE	TRUE
5418	40844.1441083271	4438.26998689066	TRUE	FALSE	TRUE
5419	38769.7680499283	5541.1366515664	TRUE	TRUE	TRUE
5420	37811.6192650679	5422.98345747942	TRUE	TRUE	TRUE
5421	38972.3110990077	4933.76452099189	TRUE	TRUE	TRUE
5422	38950.9154147913	4940.80323668815	TRUE	TRUE	TRUE
5423	39717.2764892649	4654.28369283262	TRUE	TRUE	TRUE
5424	37558.3709486172	6025.43576193993	TRUE	TRUE	TRUE
5425	38418.0892594973	5284.13157087425	TRUE	TRUE	TRUE
5426	37102.5662974509	5296.51178923335	TRUE	TRUE	TRUE
5427	36409.4627457807	6097.5367269713	TRUE	TRUE	TRUE
5428	35743.1009550278	6224.60559744562	TRUE	TRUE	TRUE
5429	35737.7911252402	6294.49886820969	TRUE	TRUE	TRUE
5430	38578.4924641777	5906.12686271515	TRUE	TRUE	TRUE
5431	39542.7193650687	5523.92211092443	TRUE	TRUE	TRUE
5432	36720.9957114278	5751.64318682563	TRUE	TRUE	TRUE
5433	34417.8778746184	6985.6097554541	TRUE	TRUE	TRUE
5434	39268.0771563592	4911.85125188606	TRUE	TRUE	TRUE
5435	37766.2915829476	5551.24315124216	TRUE	TRUE	TRUE
5436	37984.9056909242	5452.61106741843	TRUE	TRUE	TRUE
5437	34969.6862939987	6316.53309472741	TRUE	TRUE	TRUE
5438	38198.0059233302	5561.21342895526	TRUE	TRUE	TRUE
5439	42866.1243086493	4599.52440654049	FALSE	TRUE	TRUE
5440	36680.9162919246	6000.14798263113	TRUE	TRUE	TRUE
5441	34788.6109655835	6826.36319692664	TRUE	TRUE	TRUE
5442	39506.3592463659	5279.34340755964	TRUE	TRUE	TRUE
5443	40139.0766689112	4204.00801723118	TRUE	FALSE	TRUE
5444	41240.2156749144	4615.12547086487	TRUE	TRUE	TRUE
5445	37573.002317479	5292.97366762624	TRUE	TRUE	TRUE
5446	36397.0762626989	6234.92403698138	TRUE	TRUE	TRUE
5447	34699.820771752	6345.79355101632	TRUE	TRUE	TRUE
5448	36658.165096704	6480.81482190368	TRUE	TRUE	TRUE
5449	38481.4358204754	4900.9114625151	TRUE	TRUE	TRUE
5450	38586.4711187435	5420.42253233395	TRUE	TRUE	TRUE
5451	37174.4876184632	5350.73050141033	TRUE	TRUE	TRUE
5452	34923.7555322324	7110.18520073033	TRUE	TRUE	TRUE
5453	36540.2325896568	5873.50368024753	TRUE	TRUE	TRUE
5454	35637.3997733024	6243.5226043653	TRUE	TRUE	TRUE
5455	37653.9972714992	6402.83062792272	TRUE	TRUE	TRUE
5456	39721.3835902695	4923.16680736755	TRUE	TRUE	TRUE
5457	37633.3677226861	5940.01743846698	TRUE	TRUE	TRUE
5458	33787.4540776652	7998.60756297252	TRUE	TRUE	TRUE
5459	40738.0646930133	4381.65929159019	TRUE	FALSE	TRUE
5460	39157.2715879417	5257.09417798608	TRUE	TRUE	TRUE
5461	36201.3167087264	6305.53906957722	TRUE	TRUE	TRUE
5462	38247.5880699628	5312.58606545231	TRUE	TRUE	TRUE
5463	37699.0386840303	5336.84879089809	TRUE	TRUE	TRUE
5464	39708.8730145908	4660.72939874915	TRUE	TRUE	TRUE
5465	37953.5488874542	5497.64619522655	TRUE	TRUE	TRUE
5466	38612.8332181819	5672.71490050123	TRUE	TRUE	TRUE
5467	37609.1363305233	5631.4788372948	TRUE	TRUE	TRUE
5468	38770.5559798059	4768.3803997243	TRUE	TRUE	TRUE
5469	36968.8861570267	5393.07486463075	TRUE	TRUE	TRUE
5470	38284.3438002266	4771.67081762104	TRUE	TRUE	TRUE
5471	38220.2141216447	4940.64521130459	TRUE	TRUE	TRUE
5472	38379.3120472033	5137.81293442037	TRUE	TRUE	TRUE
5473	32516.2756672927	8105.33434719112	TRUE	TRUE	TRUE
5474	38271.5591000578	5618.75745362147	TRUE	TRUE	TRUE
5475	37762.8366404939	5313.45408949791	TRUE	TRUE	TRUE
5476	38197.2157498222	5304.25973929703	TRUE	TRUE	TRUE
5477	36376.8189648476	5610.8704822324	TRUE	TRUE	TRUE
5478	38057.5279924249	5047.84230748556	TRUE	TRUE	TRUE
5479	34824.4246677818	6397.95926653282	TRUE	TRUE	TRUE
5480	37754.9505671256	5006.5631122624	TRUE	TRUE	TRUE
5481	38422.0899191824	4891.61035777765	TRUE	TRUE	TRUE
5482	37426.1018986355	5819.75436815131	TRUE	TRUE	TRUE
5483	38953.12540947	5026.29108519193	TRUE	TRUE	TRUE
5484	36736.660482988	5435.8165269059	TRUE	TRUE	TRUE
5485	38313.5262099117	5135.73756636072	TRUE	TRUE	TRUE
5486	40425.7868499865	4966.87405501918	TRUE	TRUE	TRUE
5487	35455.4407231054	6148.86526894429	TRUE	TRUE	TRUE
5488	37908.5704301816	5577.12558864952	TRUE	TRUE	TRUE
5489	34657.2036699943	7026.95601971781	TRUE	TRUE	TRUE
5490	37202.326255376	6118.42556758136	TRUE	TRUE	TRUE
5491	36135.6464723358	5634.51412375553	TRUE	TRUE	TRUE
5492	39283.7033061893	4762.52934332965	TRUE	TRUE	TRUE
5493	42804.84042367	4075.54368315206	FALSE	FALSE	TRUE
5494	36991.4411134463	6406.43953686647	TRUE	TRUE	TRUE
5495	34248.30833315	7872.11155790854	TRUE	TRUE	TRUE
5496	39001.303102451	4943.48305717094	TRUE	TRUE	TRUE
5497	37329.9790152168	5624.50509811311	TRUE	TRUE	TRUE
5498	41878.5331716383	4713.09590030821	FALSE	TRUE	TRUE
5499	38683.3065767821	5135.8820518749	TRUE	TRUE	TRUE
5500	36110.1947868356	7123.82082172673	TRUE	TRUE	TRUE
5501	40578.8099915618	4617.78909949828	TRUE	TRUE	TRUE
5502	38997.1700412213	4898.12514027573	TRUE	TRUE	TRUE
5503	35596.6248739892	6166.06010567989	TRUE	TRUE	TRUE
5504	34518.0754573849	6341.54227010664	TRUE	TRUE	TRUE
5505	38222.8574369741	4975.94800196505	TRUE	TRUE	TRUE
5506	34300.6265610352	7087.28300817875	TRUE	TRUE	TRUE
5507	36937.864479877	5989.27289765636	TRUE	TRUE	TRUE
5508	37184.1612540673	6620.33451222361	TRUE	TRUE	TRUE
5509	38047.2501115638	5036.58743861999	TRUE	TRUE	TRUE
5510	40205.4299997818	4940.39395343705	TRUE	TRUE	TRUE
5511	35952.7697699303	6403.98872972175	TRUE	TRUE	TRUE
5512	37100.1138316518	5497.40679176488	TRUE	TRUE	TRUE
5513	37257.6816675229	5433.68557011705	TRUE	TRUE	TRUE
5514	38547.8754308877	5219.78570884823	TRUE	TRUE	TRUE
5515	36428.0220505866	6282.72490853332	TRUE	TRUE	TRUE
5516	39282.6009946189	4610.00049668476	TRUE	TRUE	TRUE
5517	34597.6391448197	7068.5359760161	TRUE	TRUE	TRUE
5518	35174.975836397	7962.38447179156	TRUE	TRUE	TRUE
5519	39414.1069815235	5301.13340139711	TRUE	TRUE	TRUE
5520	38366.7484423375	4840.45702690801	TRUE	TRUE	TRUE
5521	31798.9285181327	9068.9755217275	TRUE	TRUE	TRUE
5522	33820.056950146	6626.55734762415	TRUE	TRUE	TRUE
5523	37368.9555487537	5425.62380874718	TRUE	TRUE	TRUE
5524	37575.0770101242	5532.19752299638	TRUE	TRUE	TRUE
5525	38318.6647303996	4878.88475501262	TRUE	TRUE	TRUE
5526	39799.7706948341	4675.80977187429	TRUE	TRUE	TRUE
5527	39288.5863461614	5241.18104750217	TRUE	TRUE	TRUE
5528	36703.039314589	6486.8062567612	TRUE	TRUE	TRUE
5529	37126.8986115187	5794.73891584879	TRUE	TRUE	TRUE
5530	37972.1551146467	5400.72822305212	TRUE	TRUE	TRUE
5531	39258.3843185813	5030.97520118293	TRUE	TRUE	TRUE
5532	37435.4817041764	5395.65574460465	TRUE	TRUE	TRUE
5533	35311.960186477	7361.72800575766	TRUE	TRUE	TRUE
5534	40028.4821008856	4490.88257084756	TRUE	FALSE	TRUE
5535	37864.4795987072	5305.45181485184	TRUE	TRUE	TRUE
5536	38174.1328779521	5293.988123921	TRUE	TRUE	TRUE
5537	33783.7394945463	7045.99958987122	TRUE	TRUE	TRUE
5538	39336.1322463765	5038.99556116454	TRUE	TRUE	TRUE
5539	39005.1684443128	4896.30615662853	TRUE	TRUE	TRUE
5540	39007.9312343261	5116.08326313899	TRUE	TRUE	TRUE
5541	41393.7962035871	4332.01659180425	TRUE	FALSE	TRUE
5542	37085.7185687096	5434.3290627063	TRUE	TRUE	TRUE
5543	39244.6495200654	4828.52978145021	TRUE	TRUE	TRUE
5544	38689.6402185758	5588.74732450721	TRUE	TRUE	TRUE
5545	38463.4026707478	4969.15485756759	TRUE	TRUE	TRUE
5546	35891.7798333585	6301.51985052131	TRUE	TRUE	TRUE
5547	39545.4629123714	4618.28180099657	TRUE	TRUE	TRUE
5548	36229.0729058407	6399.52664867936	TRUE	TRUE	TRUE
5549	37331.5044027618	5464.00667374071	TRUE	TRUE	TRUE
5550	36895.911518851	5710.94711388673	TRUE	TRUE	TRUE
5551	36211.3656833822	5814.737891123	TRUE	TRUE	TRUE
5552	37727.2288962651	5395.70765800522	TRUE	TRUE	TRUE
5553	37755.6683030071	5258.16041612045	TRUE	TRUE	TRUE
5554	38009.7827616751	4964.68422146464	TRUE	TRUE	TRUE
5555	38284.4095198923	5017.22405947163	TRUE	TRUE	TRUE
5556	38702.769078833	5107.78453622036	TRUE	TRUE	TRUE
5557	38029.6888968425	5332.17274109057	TRUE	TRUE	TRUE
5558	36985.6782910309	5644.69778656978	TRUE	TRUE	TRUE
5559	30882.0461441333	7892.82902840874	TRUE	TRUE	TRUE
5560	39980.3574292973	5220.05076469851	TRUE	TRUE	TRUE
5561	32766.0703559059	7641.53554467882	TRUE	TRUE	TRUE
5562	36854.0386734076	5768.97194991077	TRUE	TRUE	TRUE
5563	39584.6529081311	4761.45049562394	TRUE	TRUE	TRUE
5564	33957.2270534036	6258.39371901725	TRUE	TRUE	TRUE
5565	38685.5388172848	5104.67201396607	TRUE	TRUE	TRUE
5566	38323.1861478182	5263.14276686055	TRUE	TRUE	TRUE
5567	38420.8213845292	5059.38307779273	TRUE	TRUE	TRUE
5568	39706.945556271	5107.62815759058	TRUE	TRUE	TRUE
5569	37216.7818165615	5412.69491641735	TRUE	TRUE	TRUE
5570	33597.6066512796	7450.31445224088	TRUE	TRUE	TRUE
5571	39702.7515510473	4540.16492009908	TRUE	FALSE	TRUE
5572	37418.2519169792	5093.89029948984	TRUE	TRUE	TRUE
5573	36916.570670193	6116.09879446112	TRUE	TRUE	TRUE
5574	38949.2995680377	5070.14649344912	TRUE	TRUE	TRUE
5575	34782.2719923934	7378.30138267035	TRUE	TRUE	TRUE
5576	38712.630374898	4833.62936328489	TRUE	TRUE	TRUE
5577	36005.0803531918	6387.15927029953	TRUE	TRUE	TRUE
5578	37378.2521008752	5498.20128262236	TRUE	TRUE	TRUE
5579	39772.6689074571	4757.90633873636	TRUE	TRUE	TRUE
5580	36769.2894799377	5884.7195820134	TRUE	TRUE	TRUE
5581	38989.4752538927	5019.06338511756	TRUE	TRUE	TRUE
5582	37630.850158623	5955.13618538457	TRUE	TRUE	TRUE
5583	40092.7682496151	4583.32113053186	TRUE	FALSE	TRUE
5584	35904.6556371372	6410.4055049803	TRUE	TRUE	TRUE
5585	37650.0100816568	5381.77664167626	TRUE	TRUE	TRUE
5586	36106.666541639	6098.12462664123	TRUE	TRUE	TRUE
5587	37552.3179133753	5340.58231944001	TRUE	TRUE	TRUE
5588	40843.6387863329	4904.72154116783	TRUE	TRUE	TRUE
5589	36808.4900074813	5656.70526451266	TRUE	TRUE	TRUE
5590	36991.4684592241	6217.39585098919	TRUE	TRUE	TRUE
5591	36002.4436129598	5831.94008914913	TRUE	TRUE	TRUE
5592	35465.5013657861	6020.08283651051	TRUE	TRUE	TRUE
5593	37448.3384750448	5238.46668476625	TRUE	TRUE	TRUE
5594	37407.1801719194	5255.70765388479	TRUE	TRUE	TRUE
5595	39017.5736933125	4837.79862853775	TRUE	TRUE	TRUE
5596	37509.3991498277	5605.80992229575	TRUE	TRUE	TRUE
5597	35366.8315659091	6819.22472719042	TRUE	TRUE	TRUE
5598	36693.6285689858	6025.30868039568	TRUE	TRUE	TRUE
5599	37949.2783197693	5125.50821669096	TRUE	TRUE	TRUE
5600	37736.0192349335	5267.76328315873	TRUE	TRUE	TRUE
5601	38539.8231254678	4984.01262538498	TRUE	TRUE	TRUE
5602	39911.0653578973	4704.36118487958	TRUE	TRUE	TRUE
5603	39675.9681658018	4689.10225668076	TRUE	TRUE	TRUE
5604	34257.2135405493	7314.25315848069	TRUE	TRUE	TRUE
5605	38875.6994179589	5619.14265184959	TRUE	TRUE	TRUE
5606	33181.4267498392	6597.09989470058	TRUE	TRUE	TRUE
5607	38060.871408465	5394.87688426988	TRUE	TRUE	TRUE
5608	38320.6416161687	5232.3125135272	TRUE	TRUE	TRUE
5609	36613.829982698	6676.3428761618	TRUE	TRUE	TRUE
5610	39326.7813426192	4702.59676026272	TRUE	TRUE	TRUE
5611	38292.669521652	5356.4038095971	TRUE	TRUE	TRUE
5612	39128.7359759039	4740.04872567846	TRUE	TRUE	TRUE
5613	38329.976679844	4906.90181283747	TRUE	TRUE	TRUE
5614	38105.9285396406	5336.47317037444	TRUE	TRUE	TRUE
5615	37176.5894939304	5460.84200358387	TRUE	TRUE	TRUE
5616	38611.3481106444	5002.10460074318	TRUE	TRUE	TRUE
5617	37187.0124251594	5707.68822534148	TRUE	TRUE	TRUE
5618	37794.7962675469	5163.02334076435	TRUE	TRUE	TRUE
5619	39439.7425115696	5128.19029744797	TRUE	TRUE	TRUE
5620	34353.0266610866	7431.06203920433	TRUE	TRUE	TRUE
5621	41326.197355017	4906.67219453492	TRUE	TRUE	TRUE
5622	37130.36425853	5499.0453759417	TRUE	TRUE	TRUE
5623	33305.3239284951	7106.63004137302	TRUE	TRUE	TRUE
5624	39067.5886845139	5139.32871170195	TRUE	TRUE	TRUE
5625	37408.8749675326	5563.64447592686	TRUE	TRUE	TRUE
5626	36669.2840502409	6010.79151746061	TRUE	TRUE	TRUE
5627	40861.8635273953	5612.29030398529	TRUE	TRUE	TRUE
5628	35390.3975643329	6547.42024709199	TRUE	TRUE	TRUE
5629	36359.4395680538	5789.55624625474	TRUE	TRUE	TRUE
5630	35042.7032672517	6527.04361439561	TRUE	TRUE	TRUE
5631	34863.1924315069	6140.30234600989	TRUE	TRUE	TRUE
5632	38709.4331455797	5019.23266688001	TRUE	TRUE	TRUE
5633	38543.1040503681	5109.99600584905	TRUE	TRUE	TRUE
5634	34027.0186878969	7012.85092640901	TRUE	TRUE	TRUE
5635	38341.3329523724	5457.21635200123	TRUE	TRUE	TRUE
5636	37964.5847921887	5111.47370694166	TRUE	TRUE	TRUE
5637	39357.716851913	4895.58600552634	TRUE	TRUE	TRUE
5638	40225.7066096563	4800.87872263496	TRUE	TRUE	TRUE
5639	37667.9187667177	5113.47513718407	TRUE	TRUE	TRUE
5640	37557.2312792274	5588.71319789313	TRUE	TRUE	TRUE
5641	37850.8406181045	5449.79934767376	TRUE	TRUE	TRUE
5642	38966.0974781963	4812.55823493178	TRUE	TRUE	TRUE
5643	38271.6736706865	5156.86301997879	TRUE	TRUE	TRUE
5644	38183.3802752281	5397.08302241427	TRUE	TRUE	TRUE
5645	39730.2297591002	5080.69826070803	TRUE	TRUE	TRUE
5646	31514.3900063551	8206.55667935638	TRUE	TRUE	TRUE
5647	38101.602795966	5186.16364948044	TRUE	TRUE	TRUE
5648	35193.7441544512	6537.67326215304	TRUE	TRUE	TRUE
5649	39738.499936825	5220.31596477555	TRUE	TRUE	TRUE
5650	38838.4247647098	5106.3264741493	TRUE	TRUE	TRUE
5651	36224.0222932413	7123.7010697004	TRUE	TRUE	TRUE
5652	34956.4415811541	6811.90443849648	TRUE	TRUE	TRUE
5653	36716.2253343745	5566.30012910886	TRUE	TRUE	TRUE
5654	35571.4238101962	6198.07463074217	TRUE	TRUE	TRUE
5655	38715.8061054925	5531.94039149174	TRUE	TRUE	TRUE
5656	40373.8162168548	4720.3854883357	TRUE	TRUE	TRUE
5657	39014.7802165167	4793.42220829472	TRUE	TRUE	TRUE
5658	36077.0746828801	6396.02578027643	TRUE	TRUE	TRUE
5659	38140.1172845387	5368.40802372505	TRUE	TRUE	TRUE
5660	40066.5280355369	4650.7027138447	TRUE	TRUE	TRUE
5661	38046.2284812808	5293.57601358614	TRUE	TRUE	TRUE
5662	37170.3172910138	6025.29453834548	TRUE	TRUE	TRUE
5663	35672.1605706778	6634.03373347701	TRUE	TRUE	TRUE
5664	37709.8340536826	5381.67752405881	TRUE	TRUE	TRUE
5665	37062.2282195006	5770.35299004465	TRUE	TRUE	TRUE
5666	37716.8422370829	5364.45293843542	TRUE	TRUE	TRUE
5667	37893.1368373817	5016.97003592993	TRUE	TRUE	TRUE
5668	34729.0016871046	6251.17032880942	TRUE	TRUE	TRUE
5669	35442.4397352725	6327.23877603515	TRUE	TRUE	TRUE
5670	38487.3870313764	5120.67170387846	TRUE	TRUE	TRUE
5671	37347.3432512412	5160.50637295403	TRUE	TRUE	TRUE
5672	36680.3845926596	5520.36316122187	TRUE	TRUE	TRUE
5673	38799.5268811673	5069.5629940394	TRUE	TRUE	TRUE
5674	38412.185082755	5133.15525454134	TRUE	TRUE	TRUE
5675	37220.7797835488	5580.05798125576	TRUE	TRUE	TRUE
5676	37249.2389255715	5877.1234038062	TRUE	TRUE	TRUE
5677	34216.8599183107	7258.72731591918	TRUE	TRUE	TRUE
5678	36320.3834679197	5862.62097193915	TRUE	TRUE	TRUE
5679	33222.8599510949	7347.57872558245	TRUE	TRUE	TRUE
5680	37315.321375639	5353.05666380398	TRUE	TRUE	TRUE
5681	39216.290697861	5198.63044820688	TRUE	TRUE	TRUE
5682	38437.6713678107	5228.08622836813	TRUE	TRUE	TRUE
5683	37610.730339175	5588.27220778267	TRUE	TRUE	TRUE
5684	38523.8883817089	4952.21976850283	TRUE	TRUE	TRUE
5685	38950.5442936465	5135.90568116335	TRUE	TRUE	TRUE
5686	39466.9036502574	4714.6803085556	TRUE	TRUE	TRUE
5687	35644.0118732572	6207.6345240887	TRUE	TRUE	TRUE
5688	36679.0616016013	5301.790731651	TRUE	TRUE	TRUE
5689	36152.9027153617	6031.57367930393	TRUE	TRUE	TRUE
5690	39449.1236518544	4901.61456174921	TRUE	TRUE	TRUE
5691	39810.5378836139	4613.1000667806	TRUE	TRUE	TRUE
5692	37882.9537223961	5561.54140187849	TRUE	TRUE	TRUE
5693	38709.0910265966	4885.65586192886	TRUE	TRUE	TRUE
5694	38883.9333717869	4949.95447455188	TRUE	TRUE	TRUE
5695	37732.841142156	5487.13376532899	TRUE	TRUE	TRUE
5696	38560.980788726	4919.2392463509	TRUE	TRUE	TRUE
5697	35647.6820333623	5941.20981775579	TRUE	TRUE	TRUE
5698	38301.2928392704	5369.47657751526	TRUE	TRUE	TRUE
5699	36321.8226188597	5681.66269068322	TRUE	TRUE	TRUE
5700	37151.6120105996	5650.23389657576	TRUE	TRUE	TRUE
5701	37990.9383096752	5875.86442094516	TRUE	TRUE	TRUE
5702	38184.945958764	5687.38103865564	TRUE	TRUE	TRUE
5703	37585.045098925	5641.67648637996	TRUE	TRUE	TRUE
5704	36628.2747957976	5837.9864127159	TRUE	TRUE	TRUE
5705	33648.4422811416	7196.62334406871	TRUE	TRUE	TRUE
5706	34014.3934581083	7626.54946661102	TRUE	TRUE	TRUE
5707	39390.1007819943	4835.78080381827	TRUE	TRUE	TRUE
5708	38528.3530885012	5495.51699140372	TRUE	TRUE	TRUE
5709	39411.3903637527	4749.5469363024	TRUE	TRUE	TRUE
5710	37911.7542775696	5719.30032619165	TRUE	TRUE	TRUE
5711	40938.7597512747	4636.37036692384	TRUE	TRUE	TRUE
5712	35284.9249030163	6680.82441466214	TRUE	TRUE	TRUE
5713	36821.8510481208	5599.51131479391	TRUE	TRUE	TRUE
5714	37758.8701003573	5942.87133718572	TRUE	TRUE	TRUE
5715	40077.6461303768	4452.15959983226	TRUE	FALSE	TRUE
5716	37435.2988263295	5333.27662559662	TRUE	TRUE	TRUE
5717	40137.9012930236	4851.45027588481	TRUE	TRUE	TRUE
5718	37727.6446817473	5600.04120243789	TRUE	TRUE	TRUE
5719	38141.4965246993	5550.78301598164	TRUE	TRUE	TRUE
5720	35948.0467124066	6842.40857335569	TRUE	TRUE	TRUE
5721	40135.1427260835	4447.09736456442	TRUE	FALSE	TRUE
5722	35328.2981775451	5927.45008609695	TRUE	TRUE	TRUE
5723	38622.4793759385	5633.78571612594	TRUE	TRUE	TRUE
5724	36503.2900125028	5680.20990094189	TRUE	TRUE	TRUE
5725	36319.2056470211	6465.66942904857	TRUE	TRUE	TRUE
5726	36119.7764664089	5744.65691956255	TRUE	TRUE	TRUE
5727	40663.5065609506	4728.46826544513	TRUE	TRUE	TRUE
5728	38013.7897876011	5015.34967054655	TRUE	TRUE	TRUE
5729	35650.556024128	6348.31512105668	TRUE	TRUE	TRUE
5730	37085.3952079957	5345.772246141	TRUE	TRUE	TRUE
5731	37515.4674696752	5057.95240574499	TRUE	TRUE	TRUE
5732	38550.776189377	5090.32937577727	TRUE	TRUE	TRUE
5733	40579.7626915449	4513.76631870117	TRUE	FALSE	TRUE
5734	36290.1697213442	5812.23859350091	TRUE	TRUE	TRUE
5735	35127.8705341436	6310.16956860146	TRUE	TRUE	TRUE
5736	37727.4861595854	4972.66274084972	TRUE	TRUE	TRUE
5737	34034.4731560265	7025.16808151031	TRUE	TRUE	TRUE
5738	38554.733002676	4863.32392915741	TRUE	TRUE	TRUE
5739	39877.2970017774	4605.22617253801	TRUE	TRUE	TRUE
5740	37303.9642650519	5406.29523740149	TRUE	TRUE	TRUE
5741	35045.5838008547	6380.42358211815	TRUE	TRUE	TRUE
5742	36371.3749818584	5809.85283256483	TRUE	TRUE	TRUE
5743	38617.9586144124	5313.16901592227	TRUE	TRUE	TRUE
5744	39780.9342905527	4927.25888762262	TRUE	TRUE	TRUE
5745	40999.8271813486	4374.65792263153	TRUE	FALSE	TRUE
5746	36390.0556882523	6073.13367595987	TRUE	TRUE	TRUE
5747	32406.1395739708	7685.76468960144	TRUE	TRUE	TRUE
5748	39283.0202638687	4788.59620951608	TRUE	TRUE	TRUE
5749	35393.7702999956	6847.79160108493	TRUE	TRUE	TRUE
5750	36519.5236351748	6831.98312101368	TRUE	TRUE	TRUE
5751	38489.4457036701	5282.60111875402	TRUE	TRUE	TRUE
5752	38820.3978145681	4878.26558966703	TRUE	TRUE	TRUE
5753	38788.8223293825	4871.26858423628	TRUE	TRUE	TRUE
5754	37385.562216841	6065.91790985347	TRUE	TRUE	TRUE
5755	38106.2334459014	5051.62956428861	TRUE	TRUE	TRUE
5756	35402.8566185413	6276.00951410681	TRUE	TRUE	TRUE
5757	38609.7834848896	5218.1686266841	TRUE	TRUE	TRUE
5758	37636.6871471971	5236.94685276087	TRUE	TRUE	TRUE
5759	40694.1799856392	4848.82737432968	TRUE	TRUE	TRUE
5760	39387.6744554947	4861.16680514091	TRUE	TRUE	TRUE
5761	40748.7806214625	4528.46354815575	TRUE	FALSE	TRUE
5762	40178.1605938736	4495.32104970991	TRUE	FALSE	TRUE
5763	38904.5320460686	4823.99013334454	TRUE	TRUE	TRUE
5764	39002.6835230796	5144.4625074094	TRUE	TRUE	TRUE
5765	36907.6667485101	5867.46310717537	TRUE	TRUE	TRUE
5766	36401.1694369443	6018.12246034577	TRUE	TRUE	TRUE
5767	32447.6219432031	7612.60855098487	TRUE	TRUE	TRUE
5768	36404.5216295094	5646.86610873285	TRUE	TRUE	TRUE
5769	37648.3360098968	5556.14303328668	TRUE	TRUE	TRUE
5770	37075.9105469444	6248.62023774295	TRUE	TRUE	TRUE
5771	37003.8158312414	5438.98650874225	TRUE	TRUE	TRUE
5772	40099.9425125438	4460.48992441363	TRUE	FALSE	TRUE
5773	36212.5779018203	6163.59042554821	TRUE	TRUE	TRUE
5774	39122.0830588045	5024.31812371195	TRUE	TRUE	TRUE
5775	39363.7818357162	4823.45048045872	TRUE	TRUE	TRUE
5776	36767.1786938662	5638.60976708838	TRUE	TRUE	TRUE
5777	39167.3059116674	4866.65821625595	TRUE	TRUE	TRUE
5778	38256.0836778206	5831.87046068532	TRUE	TRUE	TRUE
5779	39487.6945878297	4904.55727329361	TRUE	TRUE	TRUE
5780	40422.8282298695	4618.23095125373	TRUE	TRUE	TRUE
5781	37592.2120256349	5248.45367861392	TRUE	TRUE	TRUE
5782	39447.4318433178	4788.61963068325	TRUE	TRUE	TRUE
5783	36334.5112126073	5770.97745016912	TRUE	TRUE	TRUE
5784	35703.8627034235	7517.57782405272	TRUE	TRUE	TRUE
5785	35623.9855548133	5904.37280720465	TRUE	TRUE	TRUE
5786	34320.3538352297	6682.56916301544	TRUE	TRUE	TRUE
5787	38719.1563461615	5423.59726666008	TRUE	TRUE	TRUE
5788	40857.1885465174	4716.58291975066	TRUE	TRUE	TRUE
5789	38203.4114511253	5169.6599814114	TRUE	TRUE	TRUE
5790	42471.0445929957	4111.58931717269	FALSE	FALSE	TRUE
5791	39187.3269569287	5017.85653920198	TRUE	TRUE	TRUE
5792	36562.4176431765	5847.39875675792	TRUE	TRUE	TRUE
5793	40864.7399954469	4480.64234260681	TRUE	FALSE	TRUE
5794	35610.0197647426	6302.76081212696	TRUE	TRUE	TRUE
5795	37893.7523059743	5720.15860101055	TRUE	TRUE	TRUE
5796	34149.3791959426	7155.10776538181	TRUE	TRUE	TRUE
5797	39001.6101030964	4886.08804802461	TRUE	TRUE	TRUE
5798	38245.0770981414	5343.64348811787	TRUE	TRUE	TRUE
5799	38067.5322591605	4926.48407202279	TRUE	TRUE	TRUE
5800	39201.0489279625	4832.24199350535	TRUE	TRUE	TRUE
5801	37891.3490266622	5444.25984888028	TRUE	TRUE	TRUE
5802	34519.5654502534	7210.46974021605	TRUE	TRUE	TRUE
5803	34384.9176468083	7275.69216348642	TRUE	TRUE	TRUE
5804	39776.8076343838	4614.63125945249	TRUE	TRUE	TRUE
5805	37612.883625223	5817.67928366742	TRUE	TRUE	TRUE
5806	37573.4046795438	5593.69373886635	TRUE	TRUE	TRUE
5807	39216.2985601923	4978.39265336364	TRUE	TRUE	TRUE
5808	38250.1504355133	5274.06379169449	TRUE	TRUE	TRUE
5809	37278.8752192757	5523.23273065921	TRUE	TRUE	TRUE
5810	35539.1958249754	6792.9061377042	TRUE	TRUE	TRUE
5811	34995.5362312827	6107.74354603906	TRUE	TRUE	TRUE
5812	35930.919184826	5827.16675398395	TRUE	TRUE	TRUE
5813	36186.6050144897	6357.34815177147	TRUE	TRUE	TRUE
5814	39839.4123018901	4846.42525751447	TRUE	TRUE	TRUE
5815	34598.0316652005	6878.71795683883	TRUE	TRUE	TRUE
5816	38879.5701513161	5190.58743250795	TRUE	TRUE	TRUE
5817	34432.6957711849	6752.56068242831	TRUE	TRUE	TRUE
5818	37079.1105961936	5227.18409521049	TRUE	TRUE	TRUE
5819	37680.6322732301	5237.8873189478	TRUE	TRUE	TRUE
5820	35987.2863918585	6601.06484123286	TRUE	TRUE	TRUE
5821	34803.1083373864	7023.74263447344	TRUE	TRUE	TRUE
5822	38976.9690666046	4982.85209128811	TRUE	TRUE	TRUE
5823	38180.8137459015	5622.21290058228	TRUE	TRUE	TRUE
5824	36130.6611822389	5584.25445196982	TRUE	TRUE	TRUE
5825	36193.3787723056	5742.61104673054	TRUE	TRUE	TRUE
5826	39727.3049226537	5500.22351978665	TRUE	TRUE	TRUE
5827	35951.2324239581	5867.80405825066	TRUE	TRUE	TRUE
5828	39216.6438109757	4979.47040934691	TRUE	TRUE	TRUE
5829	37395.2005889771	5602.65797121355	TRUE	TRUE	TRUE
5830	39299.520447375	4606.22020479889	TRUE	TRUE	TRUE
5831	36040.4379732325	5866.5055944192	TRUE	TRUE	TRUE
5832	38771.1005779799	5269.7725021439	TRUE	TRUE	TRUE
5833	35272.7896555452	6877.22865715789	TRUE	TRUE	TRUE
5834	38405.5842599626	5071.57651675252	TRUE	TRUE	TRUE
5835	37317.7376227056	5488.11684679973	TRUE	TRUE	TRUE
5836	37809.2592517582	5083.70659966899	TRUE	TRUE	TRUE
5837	38850.91134544	4792.54282607665	TRUE	TRUE	TRUE
5838	35194.7286246993	6830.97502813195	TRUE	TRUE	TRUE
5839	35675.0019297911	5857.91689024932	TRUE	TRUE	TRUE
5840	34695.0069898397	6387.0038914696	TRUE	TRUE	TRUE
5841	36241.7038916978	5439.91380578407	TRUE	TRUE	TRUE
5842	39755.5020697368	4654.11342662615	TRUE	TRUE	TRUE
5843	38585.3717147717	4907.92906841971	TRUE	TRUE	TRUE
5844	40015.069662095	4725.98932356471	TRUE	TRUE	TRUE
5845	35717.3266819279	5945.77597077952	TRUE	TRUE	TRUE
5846	37638.727995864	5810.11520845259	TRUE	TRUE	TRUE
5847	36547.2285319094	5692.98206161943	TRUE	TRUE	TRUE
5848	38417.332625357	5237.62502600445	TRUE	TRUE	TRUE
5849	38565.8518134966	5371.09874332945	TRUE	TRUE	TRUE
5850	38023.444175541	4966.68085496525	TRUE	TRUE	TRUE
5851	38699.0957354402	4599.87662852234	TRUE	TRUE	TRUE
5852	36744.8083830819	5683.8702109669	TRUE	TRUE	TRUE
5853	38808.4745029165	4851.24881882727	TRUE	TRUE	TRUE
5854	39425.6774802033	4637.58038588985	TRUE	TRUE	TRUE
5855	38428.1333424965	5307.08312010692	TRUE	TRUE	TRUE
5856	37927.034151513	5654.32381342454	TRUE	TRUE	TRUE
5857	33665.6395786546	7729.15185300289	TRUE	TRUE	TRUE
5858	43127.7828590422	4560.75667197414	FALSE	FALSE	TRUE
5859	35112.6025101959	6146.34510136564	TRUE	TRUE	TRUE
5860	36730.089949458	6558.1965986479	TRUE	TRUE	TRUE
5861	37511.8838776073	5825.93686510437	TRUE	TRUE	TRUE
5862	39175.5406291842	4873.18835443876	TRUE	TRUE	TRUE
5863	38108.106514033	5071.25467429088	TRUE	TRUE	TRUE
5864	37135.0277229734	5402.01055010641	TRUE	TRUE	TRUE
5865	38548.76326684	5421.5052797213	TRUE	TRUE	TRUE
5866	37769.8385635971	5203.19552736251	TRUE	TRUE	TRUE
5867	36573.8344795842	5602.58283091116	TRUE	TRUE	TRUE
5868	40053.1981531414	4489.78043241949	TRUE	FALSE	TRUE
5869	39688.3548912626	4640.74050699682	TRUE	TRUE	TRUE
5870	40859.2562482685	4479.49282067895	TRUE	FALSE	TRUE
5871	38246.4944456207	5453.99877019338	TRUE	TRUE	TRUE
5872	39033.2866273379	4610.47280697746	TRUE	TRUE	TRUE
5873	37810.1381476301	5122.6989442207	TRUE	TRUE	TRUE
5874	36326.9828684474	6098.52776019466	TRUE	TRUE	TRUE
5875	36151.3071325814	6641.90753280569	TRUE	TRUE	TRUE
5876	39971.229935997	4971.11652202751	TRUE	TRUE	TRUE
5877	36128.1146796716	6581.09666239496	TRUE	TRUE	TRUE
5878	31472.4949696603	7326.53922124241	TRUE	TRUE	TRUE
5879	31671.5323892461	8172.04655726785	TRUE	TRUE	TRUE
5880	35778.6312592228	6503.43512465754	TRUE	TRUE	TRUE
5881	38748.9890434674	4947.37326746862	TRUE	TRUE	TRUE
5882	34418.0969114172	7448.54844451835	TRUE	TRUE	TRUE
5883	39175.5669799265	4829.98399123026	TRUE	TRUE	TRUE
5884	31749.1539297741	8339.30858729458	TRUE	TRUE	TRUE
5885	37899.8366471115	5289.7151794786	TRUE	TRUE	TRUE
5886	35796.2309506096	6129.40241240812	TRUE	TRUE	TRUE
5887	36139.2673271839	5938.16451182663	TRUE	TRUE	TRUE
5888	37978.4623682539	5683.8485030356	TRUE	TRUE	TRUE
5889	38648.3925401465	4790.32087784294	TRUE	TRUE	TRUE
5890	33152.2160505216	7957.65009948998	TRUE	TRUE	TRUE
5891	36922.1164458902	5630.59286522195	TRUE	TRUE	TRUE
5892	33656.593674431	6633.79699634517	TRUE	TRUE	TRUE
5893	38651.6170114813	5090.20257830438	TRUE	TRUE	TRUE
5894	37311.5879520923	5563.68569787013	TRUE	TRUE	TRUE
5895	37215.6851368604	5610.46219067144	TRUE	TRUE	TRUE
5896	35757.4284407608	6293.97811332248	TRUE	TRUE	TRUE
5897	38298.3079712339	6186.61658492885	TRUE	TRUE	TRUE
5898	40350.3137794839	4490.75408767176	TRUE	FALSE	TRUE
5899	38828.4415982487	4906.50428548015	TRUE	TRUE	TRUE
5900	36808.1693535564	5860.64850717444	TRUE	TRUE	TRUE
5901	41273.2103979694	4378.18854710098	TRUE	FALSE	TRUE
5902	40527.6691095666	5046.7530096343	TRUE	TRUE	TRUE
5903	37696.0279321991	5390.24443379283	TRUE	TRUE	TRUE
5904	36471.7881994234	5466.75142216756	TRUE	TRUE	TRUE
5905	35574.8844424317	6082.7683046631	TRUE	TRUE	TRUE
5906	36145.2096818638	6279.73852514863	TRUE	TRUE	TRUE
5907	39876.6516294667	4653.803788246	TRUE	TRUE	TRUE
5908	38204.9329819393	6258.76571379257	TRUE	TRUE	TRUE
5909	37805.6396050067	5237.1498659661	TRUE	TRUE	TRUE
5910	36836.3792582439	6052.61082758075	TRUE	TRUE	TRUE
5911	39359.0447858721	5106.56713336158	TRUE	TRUE	TRUE
5912	37093.9512293369	6116.51764392142	TRUE	TRUE	TRUE
5913	38716.9909525344	5929.53255273408	TRUE	TRUE	TRUE
5914	38848.0498242927	5355.31796037524	TRUE	TRUE	TRUE
5915	37124.969583807	5849.71556935242	TRUE	TRUE	TRUE
5916	38342.2425498039	4997.14423871826	TRUE	TRUE	TRUE
5917	37038.812445435	5709.07298162531	TRUE	TRUE	TRUE
5918	36062.8779722874	5977.41689118727	TRUE	TRUE	TRUE
5919	40021.7746402324	4793.80081816909	TRUE	TRUE	TRUE
5920	35709.1543016569	6275.07508523584	TRUE	TRUE	TRUE
5921	37867.0178583937	5130.69499958159	TRUE	TRUE	TRUE
5922	39338.8518282605	4711.91404976509	TRUE	TRUE	TRUE
5923	39250.505424324	4732.70657480575	TRUE	TRUE	TRUE
5924	39556.4736693255	4737.18713116138	TRUE	TRUE	TRUE
5925	40849.0560382255	4760.81240600739	TRUE	TRUE	TRUE
5926	35244.9309754538	6613.97543692767	TRUE	TRUE	TRUE
5927	33680.9458204066	7125.85352539769	TRUE	TRUE	TRUE
5928	37322.8769318922	5268.52786958502	TRUE	TRUE	TRUE
5929	40112.2575851771	4928.98028302629	TRUE	TRUE	TRUE
5930	38272.1798836149	5098.12908599346	TRUE	TRUE	TRUE
5931	36855.6392929704	5477.86851584857	TRUE	TRUE	TRUE
5932	38375.2260756937	5012.61282161701	TRUE	TRUE	TRUE
5933	39388.9478420522	4911.83450771929	TRUE	TRUE	TRUE
5934	39909.0174872944	5004.05108755254	TRUE	TRUE	TRUE
5935	36679.6118376437	5487.86044948917	TRUE	TRUE	TRUE
5936	35066.1885705425	7124.00574179344	TRUE	TRUE	TRUE
5937	38820.4738662874	5180.22065751692	TRUE	TRUE	TRUE
5938	34170.9912334414	6663.04008269923	TRUE	TRUE	TRUE
5939	37202.596181115	5976.24401792715	TRUE	TRUE	TRUE
5940	34892.9541994464	6625.50262553869	TRUE	TRUE	TRUE
5941	39922.3416798438	5009.30662691803	TRUE	TRUE	TRUE
5942	38616.6573266091	5247.98414073078	TRUE	TRUE	TRUE
5943	34971.5657557275	6433.05797075947	TRUE	TRUE	TRUE
5944	38949.2220893051	4808.88048929079	TRUE	TRUE	TRUE
5945	36003.1942444143	6077.0040107488	TRUE	TRUE	TRUE
5946	37650.9419496909	5636.45128409543	TRUE	TRUE	TRUE
5947	34578.7063948659	6201.83800704265	TRUE	TRUE	TRUE
5948	35928.9469109478	5473.00521035842	TRUE	TRUE	TRUE
5949	37733.8795482928	5516.66400827976	TRUE	TRUE	TRUE
5950	38284.5108228305	5247.53282901791	TRUE	TRUE	TRUE
5951	40240.8550201196	4379.31544494697	TRUE	FALSE	TRUE
5952	39093.3223854437	4914.9186947316	TRUE	TRUE	TRUE
5953	35069.1464711533	6284.4753598035	TRUE	TRUE	TRUE
5954	35242.5746350204	6313.75069300284	TRUE	TRUE	TRUE
5955	35644.3342797143	7020.76766894235	TRUE	TRUE	TRUE
5956	38493.1125326538	4923.51065748192	TRUE	TRUE	TRUE
5957	35682.4424823222	5620.70886040907	TRUE	TRUE	TRUE
5958	40493.5886619848	4742.71802897727	TRUE	TRUE	TRUE
5959	37295.0380975342	5392.21075147753	TRUE	TRUE	TRUE
5960	42603.1685558149	3992.14535199681	FALSE	FALSE	TRUE
5961	35780.2219429768	6736.88316500666	TRUE	TRUE	TRUE
5962	36787.7763731805	6217.47584766667	TRUE	TRUE	TRUE
5963	35640.4778220097	6370.82587904396	TRUE	TRUE	TRUE
5964	40231.7460392704	4721.63372274147	TRUE	TRUE	TRUE
5965	35122.8044021904	5984.77387524602	TRUE	TRUE	TRUE
5966	36606.3062153503	5547.38108494176	TRUE	TRUE	TRUE
5967	36517.5721010191	5606.23594721714	TRUE	TRUE	TRUE
5968	39025.1027805531	4795.70301310225	TRUE	TRUE	TRUE
5969	36900.4027522969	5929.12879621157	TRUE	TRUE	TRUE
5970	39704.3543525487	4836.16868645516	TRUE	TRUE	TRUE
5971	36748.4683263128	6217.69588870057	TRUE	TRUE	TRUE
5972	32622.9550404969	7838.85240508238	TRUE	TRUE	TRUE
5973	35109.4281067149	6668.05983005418	TRUE	TRUE	TRUE
5974	37053.8700417283	5549.90570350099	TRUE	TRUE	TRUE
5975	38680.2149372426	5608.66862721965	TRUE	TRUE	TRUE
5976	37633.6661244593	5325.19135418791	TRUE	TRUE	TRUE
5977	36754.5130868913	5924.7172584877	TRUE	TRUE	TRUE
5978	38308.9833892028	5609.10922422358	TRUE	TRUE	TRUE
5979	39746.265259044	5142.36633050266	TRUE	TRUE	TRUE
5980	39148.065340036	5067.79757522779	TRUE	TRUE	TRUE
5981	35993.885805375	6175.41019921917	TRUE	TRUE	TRUE
5982	37864.8623099249	5392.48225339047	TRUE	TRUE	TRUE
5983	37198.7266467575	5747.04855915162	TRUE	TRUE	TRUE
5984	39722.2946115543	5069.66371705999	TRUE	TRUE	TRUE
5985	37769.46029797	5543.91756884888	TRUE	TRUE	TRUE
5986	38337.9055937134	5137.16149841791	TRUE	TRUE	TRUE
5987	37988.4466777	5041.87712398194	TRUE	TRUE	TRUE
5988	36718.0491503253	5925.74802154444	TRUE	TRUE	TRUE
5989	39192.7974820317	5311.29849040844	TRUE	TRUE	TRUE
5990	34617.9521797456	6309.058595562	TRUE	TRUE	TRUE
5991	36913.1042526827	5668.73274951107	TRUE	TRUE	TRUE
5992	40067.6350943026	4674.30641879549	TRUE	TRUE	TRUE
5993	39030.0373822699	5177.93785963137	TRUE	TRUE	TRUE
5994	38748.8448271815	4721.95871008307	TRUE	TRUE	TRUE
5995	35069.4072043026	6429.1173988999	TRUE	TRUE	TRUE
5996	34759.6514119038	6275.81243971015	TRUE	TRUE	TRUE
5997	38321.6725727645	5294.37413867767	TRUE	TRUE	TRUE
5998	37827.796840277	6165.28173469959	TRUE	TRUE	TRUE
5999	36592.9459862682	5501.64060242419	TRUE	TRUE	TRUE
6000	36739.7414916492	5763.66667933405	TRUE	TRUE	TRUE
6001	38669.8382527958	4911.32409902346	TRUE	TRUE	TRUE
6002	37362.9743734834	5451.8696528681	TRUE	TRUE	TRUE
6003	37253.4938173075	5317.13318112477	TRUE	TRUE	TRUE
6004	39146.7971733821	4829.23618047079	TRUE	TRUE	TRUE
6005	37557.8755207997	5356.5667892101	TRUE	TRUE	TRUE
6006	37109.0812942678	5669.9362944015	TRUE	TRUE	TRUE
6007	37323.7428497163	5463.12249837181	TRUE	TRUE	TRUE
6008	37348.7020124539	5396.35012356698	TRUE	TRUE	TRUE
6009	39471.2315535166	4738.73523721584	TRUE	TRUE	TRUE
6010	35687.6616143715	7203.61283240868	TRUE	TRUE	TRUE
6011	33947.4606715717	6882.18654771504	TRUE	TRUE	TRUE
6012	36248.1138007391	5663.27297504361	TRUE	TRUE	TRUE
6013	39403.9166257502	4923.81897903368	TRUE	TRUE	TRUE
6014	39938.8455905117	4737.84949000827	TRUE	TRUE	TRUE
6015	35824.4932694478	6184.51912032293	TRUE	TRUE	TRUE
6016	39719.6995138866	4967.4524225799	TRUE	TRUE	TRUE
6017	40173.7071278736	5277.12416412798	TRUE	TRUE	TRUE
6018	39270.9737114725	4993.47959573656	TRUE	TRUE	TRUE
6019	36174.6168809476	5877.18862267868	TRUE	TRUE	TRUE
6020	34315.9072194935	6941.5762653655	TRUE	TRUE	TRUE
6021	37920.4902435388	5131.75206310287	TRUE	TRUE	TRUE
6022	38245.2724130097	5106.99149187469	TRUE	TRUE	TRUE
6023	38405.2624569733	4958.84207430779	TRUE	TRUE	TRUE
6024	33899.7579236065	6879.92118970246	TRUE	TRUE	TRUE
6025	38922.6899620739	4826.63265446355	TRUE	TRUE	TRUE
6026	38683.7518222951	5364.01997271116	TRUE	TRUE	TRUE
6027	39062.2472016076	5129.68287118977	TRUE	TRUE	TRUE
6028	35342.967236395	6523.92869271313	TRUE	TRUE	TRUE
6029	38544.4195577945	4668.25373980761	TRUE	TRUE	TRUE
6030	37110.2273861089	5337.86734375071	TRUE	TRUE	TRUE
6031	39154.4351473742	4972.76638036736	TRUE	TRUE	TRUE
6032	39010.6280997356	5330.11315828374	TRUE	TRUE	TRUE
6033	37988.8863563702	5345.35263237862	TRUE	TRUE	TRUE
6034	36249.5151665584	5920.74004823878	TRUE	TRUE	TRUE
6035	38859.6686759603	5383.0712944538	TRUE	TRUE	TRUE
6036	36620.1279259954	5633.05928222351	TRUE	TRUE	TRUE
6037	37080.4451932283	5947.99879766689	TRUE	TRUE	TRUE
6038	38314.4260975932	5192.23969467847	TRUE	TRUE	TRUE
6039	37502.3206769025	5339.44781645337	TRUE	TRUE	TRUE
6040	37510.1916539528	5147.80602661448	TRUE	TRUE	TRUE
6041	36943.4957429007	5271.116401834	TRUE	TRUE	TRUE
6042	37162.9201977629	5632.46877042292	TRUE	TRUE	TRUE
6043	36873.7344557842	5950.74939230041	TRUE	TRUE	TRUE
6044	39407.4694208281	4871.76933086541	TRUE	TRUE	TRUE
6045	41991.8172925701	4023.72350886232	FALSE	FALSE	TRUE
6046	38659.5687773306	4948.09001460429	TRUE	TRUE	TRUE
6047	35006.2391076071	6438.90866449665	TRUE	TRUE	TRUE
6048	37884.8462933165	6179.33966069715	TRUE	TRUE	TRUE
6049	34642.9194392194	6746.15616653422	TRUE	TRUE	TRUE
6050	37142.5906064532	5169.21170594834	TRUE	TRUE	TRUE
6051	37963.5151543896	5121.493559018	TRUE	TRUE	TRUE
6052	35072.6324579247	6159.75709983375	TRUE	TRUE	TRUE
6053	37419.1560992601	4898.5870185211	TRUE	TRUE	TRUE
6054	36512.9816304621	6593.81107487359	TRUE	TRUE	TRUE
6055	38566.9839390631	4851.05435759388	TRUE	TRUE	TRUE
6056	38292.0631893793	5114.36229994407	TRUE	TRUE	TRUE
6057	41465.4344994622	4469.84230086349	TRUE	FALSE	TRUE
6058	39563.9452606486	5365.99404480996	TRUE	TRUE	TRUE
6059	38267.4505791028	5242.12927044187	TRUE	TRUE	TRUE
6060	36740.1512889518	5860.00509991657	TRUE	TRUE	TRUE
6061	38092.4447617491	5286.38443427701	TRUE	TRUE	TRUE
6062	36870.7323264074	5603.24752722112	TRUE	TRUE	TRUE
6063	37223.5760778895	5145.7648590531	TRUE	TRUE	TRUE
6064	38129.6094772279	5205.81002641999	TRUE	TRUE	TRUE
6065	38366.8894131931	4965.92518158872	TRUE	TRUE	TRUE
6066	36243.2469246481	5654.00158957701	TRUE	TRUE	TRUE
6067	37003.9022603567	5922.39855215116	TRUE	TRUE	TRUE
6068	35934.6736813625	5695.82131457811	TRUE	TRUE	TRUE
6069	37547.2815434886	5326.77801378728	TRUE	TRUE	TRUE
6070	37675.5793489284	5110.28164248797	TRUE	TRUE	TRUE
6071	33809.7352128762	7442.23778781735	TRUE	TRUE	TRUE
6072	36996.0560013352	6488.40321082659	TRUE	TRUE	TRUE
6073	36220.4445496885	6164.29448112152	TRUE	TRUE	TRUE
6074	35379.6435908142	5959.15546130165	TRUE	TRUE	TRUE
6075	39695.4848957363	5274.39967439658	TRUE	TRUE	TRUE
6076	37145.6906035539	6098.39936435362	TRUE	TRUE	TRUE
6077	38466.6775372447	5363.56000810713	TRUE	TRUE	TRUE
6078	37421.3106448371	5539.85926250711	TRUE	TRUE	TRUE
6079	39310.1626649901	4798.72129717374	TRUE	TRUE	TRUE
6080	35909.6344635504	6313.84643646015	TRUE	TRUE	TRUE
6081	38529.0166437357	5181.00791758345	TRUE	TRUE	TRUE
6082	38152.0122380598	5096.01411442339	TRUE	TRUE	TRUE
6083	38067.6276198473	5281.84220312351	TRUE	TRUE	TRUE
6084	38606.1719949189	4836.26587543808	TRUE	TRUE	TRUE
6085	35839.2983913752	6627.8254467675	TRUE	TRUE	TRUE
6086	36579.1012554964	6864.94486013829	TRUE	TRUE	TRUE
6087	35516.4332293679	6147.20181506991	TRUE	TRUE	TRUE
6088	40672.5641920001	4615.5533715043	TRUE	TRUE	TRUE
6089	33637.6313164215	7028.30338706622	TRUE	TRUE	TRUE
6090	36919.4418669503	5883.84101766111	TRUE	TRUE	TRUE
6091	38286.3305923212	4948.95208867426	TRUE	TRUE	TRUE
6092	39232.9885763174	5246.45526353751	TRUE	TRUE	TRUE
6093	36456.4485515419	6006.51610137139	TRUE	TRUE	TRUE
6094	36474.8544339549	5749.41788019928	TRUE	TRUE	TRUE
6095	37843.4283990932	5202.78719530965	TRUE	TRUE	TRUE
6096	39863.9123099958	4849.29010162609	TRUE	TRUE	TRUE
6097	33036.6181170051	7420.57677787669	TRUE	TRUE	TRUE
6098	30597.8810274479	9372.09015541412	TRUE	TRUE	TRUE
6099	39359.8872291606	4851.1609958598	TRUE	TRUE	TRUE
6100	37126.8736614355	5554.10477391613	TRUE	TRUE	TRUE
6101	41516.7095725055	4735.10238557285	TRUE	TRUE	TRUE
6102	35652.1698678141	6066.17822419579	TRUE	TRUE	TRUE
6103	39798.4606382039	4614.22508316982	TRUE	TRUE	TRUE
6104	36362.6510028872	5654.13704005689	TRUE	TRUE	TRUE
6105	35994.0324240928	6374.73344896202	TRUE	TRUE	TRUE
6106	33898.5433895165	7799.58870947414	TRUE	TRUE	TRUE
6107	36566.6464972318	5837.35834666655	TRUE	TRUE	TRUE
6108	37091.4791623285	5363.05610396696	TRUE	TRUE	TRUE
6109	37885.1199207953	5037.025071919	TRUE	TRUE	TRUE
6110	38676.7400277705	4795.18262972773	TRUE	TRUE	TRUE
6111	39251.1846009908	4960.2401594046	TRUE	TRUE	TRUE
6112	37539.8782716163	5449.24294098896	TRUE	TRUE	TRUE
6113	37347.2078125994	5317.34482414382	TRUE	TRUE	TRUE
6114	35856.9145194272	6965.94293929698	TRUE	TRUE	TRUE
6115	34386.475066061	7710.88123100263	TRUE	TRUE	TRUE
6116	38551.4878496201	5671.61580970839	TRUE	TRUE	TRUE
6117	42045.6455155306	4568.75887812908	FALSE	FALSE	TRUE
6118	36620.5150633254	5694.14604607085	TRUE	TRUE	TRUE
6119	33324.5832933667	7275.90587918971	TRUE	TRUE	TRUE
6120	38084.5976850434	5409.56456790498	TRUE	TRUE	TRUE
6121	36318.239533565	6271.50092198781	TRUE	TRUE	TRUE
6122	33219.9601389328	6663.57821077458	TRUE	TRUE	TRUE
6123	37474.3534377671	5351.0523424703	TRUE	TRUE	TRUE
6124	34794.4447583716	7402.7517891939	TRUE	TRUE	TRUE
6125	38274.174347754	5246.53318484126	TRUE	TRUE	TRUE
6126	35529.2089116782	6982.03507743022	TRUE	TRUE	TRUE
6127	40897.3594758752	4671.90493415579	TRUE	TRUE	TRUE
6128	35978.392527738	5567.50309459721	TRUE	TRUE	TRUE
6129	36914.7934162326	5686.92208093561	TRUE	TRUE	TRUE
6130	36855.549556811	5767.93047626653	TRUE	TRUE	TRUE
6131	36178.9640787342	6796.763168473	TRUE	TRUE	TRUE
6132	35606.5386961821	6680.11299107669	TRUE	TRUE	TRUE
6133	36991.3276692135	5462.10555789072	TRUE	TRUE	TRUE
6134	39234.7169692837	5224.08660412711	TRUE	TRUE	TRUE
6135	38082.2596089844	4966.41710566668	TRUE	TRUE	TRUE
6136	39549.2214620683	4769.68585956175	TRUE	TRUE	TRUE
6137	38666.7569188879	5052.43011577491	TRUE	TRUE	TRUE
6138	40918.434692874	4761.94706086672	TRUE	TRUE	TRUE
6139	37331.3477860241	5796.35131571593	TRUE	TRUE	TRUE
6140	38181.9555802181	5094.49559140166	TRUE	TRUE	TRUE
6141	34127.2879519144	7284.08579734621	TRUE	TRUE	TRUE
6142	38685.7998123368	5093.48135204334	TRUE	TRUE	TRUE
6143	36450.7362730858	5871.31740925203	TRUE	TRUE	TRUE
6144	33142.3924760241	8140.68577740109	TRUE	TRUE	TRUE
6145	37362.6370356244	5301.44894185142	TRUE	TRUE	TRUE
6146	39032.2850258836	4662.25745422139	TRUE	TRUE	TRUE
6147	33892.6592643821	7296.35934298517	TRUE	TRUE	TRUE
6148	35674.9609224293	7483.94692507605	TRUE	TRUE	TRUE
6149	40117.7457936048	5529.38072296263	TRUE	TRUE	TRUE
6150	39076.4735479764	4636.84119850873	TRUE	TRUE	TRUE
6151	37761.3168146435	5351.84480647959	TRUE	TRUE	TRUE
6152	38454.0669959982	4968.77388743136	TRUE	TRUE	TRUE
6153	37015.1773030692	5289.48796633983	TRUE	TRUE	TRUE
6154	41070.1194040617	4217.17458520269	TRUE	FALSE	TRUE
6155	35545.5811434655	5755.76804701664	TRUE	TRUE	TRUE
6156	39189.0472513781	4819.42293263106	TRUE	TRUE	TRUE
6157	34158.0740076115	6874.77860731723	TRUE	TRUE	TRUE
6158	38639.8756627019	5471.69621350531	TRUE	TRUE	TRUE
6159	34045.0655839249	6734.78751253412	TRUE	TRUE	TRUE
6160	34450.5298337426	6611.14408583712	TRUE	TRUE	TRUE
6161	37632.4985909776	6492.67675648252	TRUE	TRUE	TRUE
6162	37439.6764692237	5127.74331385805	TRUE	TRUE	TRUE
6163	38662.3093426478	4969.69370810913	TRUE	TRUE	TRUE
6164	35000.6288771872	6369.36612165362	TRUE	TRUE	TRUE
6165	37368.3050785757	5657.09773832874	TRUE	TRUE	TRUE
6166	40834.4219179087	4563.67985005303	TRUE	FALSE	TRUE
6167	36460.6465350604	6132.08538153034	TRUE	TRUE	TRUE
6168	38597.4071773713	4793.24283512889	TRUE	TRUE	TRUE
6169	36171.2749273652	7140.56863552577	TRUE	TRUE	TRUE
6170	35966.0402114124	6754.89089668446	TRUE	TRUE	TRUE
6171	40121.7768485854	4616.57606690833	TRUE	TRUE	TRUE
6172	36337.8643854855	6064.24011563649	TRUE	TRUE	TRUE
6173	38182.5232895715	5187.27281950348	TRUE	TRUE	TRUE
6174	38441.9027736185	5007.76761910641	TRUE	TRUE	TRUE
6175	37107.2918224887	5435.85570343063	TRUE	TRUE	TRUE
6176	35500.2674238059	6786.45459840876	TRUE	TRUE	TRUE
6177	37471.5636905921	5117.34434320426	TRUE	TRUE	TRUE
6178	38440.4448851502	5100.74575782539	TRUE	TRUE	TRUE
6179	37942.3011960662	5359.550321315	TRUE	TRUE	TRUE
6180	33910.5451944971	6547.01217365842	TRUE	TRUE	TRUE
6181	38726.3685723948	5214.09545234895	TRUE	TRUE	TRUE
6182	37446.176637914	5409.09413676911	TRUE	TRUE	TRUE
6183	39580.1243928236	5373.61731886537	TRUE	TRUE	TRUE
6184	31922.2986958951	7908.89566456527	TRUE	TRUE	TRUE
6185	35852.4991697147	6173.2604030309	TRUE	TRUE	TRUE
6186	38696.23187317	5082.71284997187	TRUE	TRUE	TRUE
6187	38978.3948905195	4755.96910226923	TRUE	TRUE	TRUE
6188	37925.6540859183	5406.67854690143	TRUE	TRUE	TRUE
6189	36932.8753393377	5871.75537033123	TRUE	TRUE	TRUE
6190	37004.554746503	5882.26322356276	TRUE	TRUE	TRUE
6191	39856.3255906506	5364.00525975559	TRUE	TRUE	TRUE
6192	37737.1623769085	5342.75172418426	TRUE	TRUE	TRUE
6193	37674.1508054935	5497.69647828814	TRUE	TRUE	TRUE
6194	38105.0046014797	5610.43442866943	TRUE	TRUE	TRUE
6195	40996.2696183682	4766.31118627542	TRUE	TRUE	TRUE
6196	36814.0060742676	5485.67700384226	TRUE	TRUE	TRUE
6197	39100.1120427546	4806.46539602582	TRUE	TRUE	TRUE
6198	36867.0734525709	5642.85709042446	TRUE	TRUE	TRUE
6199	33653.1951914488	7408.13184949123	TRUE	TRUE	TRUE
6200	38868.5582395738	5686.49750066834	TRUE	TRUE	TRUE
6201	36606.8970694454	6599.19648804799	TRUE	TRUE	TRUE
6202	36718.534343919	5749.35200052095	TRUE	TRUE	TRUE
6203	39812.4304479717	4617.79011173029	TRUE	TRUE	TRUE
6204	36179.8728073165	5717.72080479364	TRUE	TRUE	TRUE
6205	37603.6718531093	5408.40915125861	TRUE	TRUE	TRUE
6206	39312.0065569217	5025.1670259143	TRUE	TRUE	TRUE
6207	38197.4215033299	5431.52230374652	TRUE	TRUE	TRUE
6208	35111.9000705473	7201.53221186983	TRUE	TRUE	TRUE
6209	38272.3822355256	5170.49993351475	TRUE	TRUE	TRUE
6210	37249.5009592607	5976.68657995684	TRUE	TRUE	TRUE
6211	38294.3128500848	5255.24639781645	TRUE	TRUE	TRUE
6212	40832.2824648725	5194.64145438579	TRUE	TRUE	TRUE
6213	37379.8509469114	5351.39097269021	TRUE	TRUE	TRUE
6214	38684.2226201071	5128.06751378155	TRUE	TRUE	TRUE
6215	32338.3596399522	7658.17520416636	TRUE	TRUE	TRUE
6216	37487.2295856091	5299.91970420725	TRUE	TRUE	TRUE
6217	39414.6787708496	4860.71078181974	TRUE	TRUE	TRUE
6218	38704.1284576015	4869.59351229936	TRUE	TRUE	TRUE
6219	38976.7425323201	5073.66734156962	TRUE	TRUE	TRUE
6220	37101.8972675871	6238.76134793838	TRUE	TRUE	TRUE
6221	40175.573965627	5203.60607609409	TRUE	TRUE	TRUE
6222	38724.4589252263	4983.80785859817	TRUE	TRUE	TRUE
6223	38346.4449002794	6105.25103959411	TRUE	TRUE	TRUE
6224	37707.874848532	6136.79684821129	TRUE	TRUE	TRUE
6225	37028.3027570227	5518.78955740494	TRUE	TRUE	TRUE
6226	34255.4960367424	6667.67621889297	TRUE	TRUE	TRUE
6227	36980.699340785	5635.66052938587	TRUE	TRUE	TRUE
6228	34665.2622670838	7269.63029349649	TRUE	TRUE	TRUE
6229	35478.6501664718	6475.65414500212	TRUE	TRUE	TRUE
6230	37980.4543193867	5136.62965246135	TRUE	TRUE	TRUE
6231	38394.1962769236	5313.68621961207	TRUE	TRUE	TRUE
6232	39964.8857701418	4691.02921969926	TRUE	TRUE	TRUE
6233	37299.4138615699	5669.53695304775	TRUE	TRUE	TRUE
6234	37289.512972417	5662.45751401765	TRUE	TRUE	TRUE
6235	37485.4481625847	5551.92504860498	TRUE	TRUE	TRUE
6236	38006.8199016419	5238.79259770386	TRUE	TRUE	TRUE
6237	35641.7426709501	6534.54893107353	TRUE	TRUE	TRUE
6238	36259.3423966595	7040.7148814035	TRUE	TRUE	TRUE
6239	39453.4727087914	4733.83980709699	TRUE	TRUE	TRUE
6240	38847.7685825217	4691.72433985878	TRUE	TRUE	TRUE
6241	38296.3471807835	4995.30282032446	TRUE	TRUE	TRUE
6242	36236.5406295747	6762.64892392488	TRUE	TRUE	TRUE
6243	38253.4447427523	4966.85237458392	TRUE	TRUE	TRUE
6244	37789.6361569532	5049.13541168947	TRUE	TRUE	TRUE
6245	37512.1817014632	5427.66530978628	TRUE	TRUE	TRUE
6246	38758.6685745743	5261.22627849757	TRUE	TRUE	TRUE
6247	36357.6411230721	6086.16933452552	TRUE	TRUE	TRUE
6248	37455.7791894929	5217.70787798146	TRUE	TRUE	TRUE
6249	37266.3493481723	6223.74447489122	TRUE	TRUE	TRUE
6250	37346.0111368722	5630.27272880392	TRUE	TRUE	TRUE
6251	39662.7467524488	4665.01700281132	TRUE	TRUE	TRUE
6252	34737.7971029993	6945.14960770799	TRUE	TRUE	TRUE
6253	38862.3235056424	4812.04287747471	TRUE	TRUE	TRUE
6254	34700.4442903406	6646.66389739062	TRUE	TRUE	TRUE
6255	40081.5654070986	4350.21690890163	TRUE	FALSE	TRUE
6256	37841.9043355753	5873.66828018415	TRUE	TRUE	TRUE
6257	40997.3547538914	4684.78584781287	TRUE	TRUE	TRUE
6258	35189.0493229686	5902.48295396842	TRUE	TRUE	TRUE
6259	34602.0427753417	6587.94568688128	TRUE	TRUE	TRUE
6260	38942.2718784588	5417.57230697324	TRUE	TRUE	TRUE
6261	36833.9449112304	5664.40064124317	TRUE	TRUE	TRUE
6262	37899.3901707811	4788.84089809388	TRUE	TRUE	TRUE
6263	34195.584016407	7900.21378705544	TRUE	TRUE	TRUE
6264	43026.8736907132	3777.88587960823	FALSE	FALSE	TRUE
6265	36912.8107872449	6112.13355212451	TRUE	TRUE	TRUE
6266	38810.9958420511	4695.42806940812	TRUE	TRUE	TRUE
6267	39665.8189185959	4625.86504259381	TRUE	TRUE	TRUE
6268	38053.8354737291	5392.15665404044	TRUE	TRUE	TRUE
6269	38641.6865385272	4852.61340516456	TRUE	TRUE	TRUE
6270	37144.0982699555	5641.32215110802	TRUE	TRUE	TRUE
6271	39121.2852176808	4747.41679264764	TRUE	TRUE	TRUE
6272	38645.0820356559	5758.72756320467	TRUE	TRUE	TRUE
6273	38826.4645667565	4971.8421393757	TRUE	TRUE	TRUE
6274	38127.5702732789	5357.50940808705	TRUE	TRUE	TRUE
6275	30001.714227091	9032.68257050805	TRUE	TRUE	TRUE
6276	34869.3382634014	6677.02465492436	TRUE	TRUE	TRUE
6277	35844.780055298	6463.34702512701	TRUE	TRUE	TRUE
6278	37917.0643100378	5135.26287210239	TRUE	TRUE	TRUE
6279	37042.3579513723	5477.11919723776	TRUE	TRUE	TRUE
6280	37842.1111892625	4969.05235292497	TRUE	TRUE	TRUE
6281	34338.9054609137	6535.22344383321	TRUE	TRUE	TRUE
6282	37053.3288230996	5951.92808023587	TRUE	TRUE	TRUE
6283	37789.9318928205	5539.64752863417	TRUE	TRUE	TRUE
6284	40189.9861741431	4809.79368966484	TRUE	TRUE	TRUE
6285	37960.4892908972	5365.05870301634	TRUE	TRUE	TRUE
6286	36570.8018908061	5750.13106023634	TRUE	TRUE	TRUE
6287	36971.2790288222	5121.72130202375	TRUE	TRUE	TRUE
6288	39191.0563489483	4709.67350780656	TRUE	TRUE	TRUE
6289	39134.2052398554	5115.98445526914	TRUE	TRUE	TRUE
6290	38577.9292361608	4960.76426576933	TRUE	TRUE	TRUE
6291	36867.2621993498	5599.24078171588	TRUE	TRUE	TRUE
6292	38539.5751705807	5740.45375691637	TRUE	TRUE	TRUE
6293	39732.9607129804	4756.48947677312	TRUE	TRUE	TRUE
6294	36786.6293302313	5378.94432472915	TRUE	TRUE	TRUE
6295	39019.8638666544	4753.66900324272	TRUE	TRUE	TRUE
6296	37706.6972903511	5338.81560637746	TRUE	TRUE	TRUE
6297	38007.509261667	5184.73363902913	TRUE	TRUE	TRUE
6298	38990.5703063045	5561.61759807332	TRUE	TRUE	TRUE
6299	36285.1239186157	5974.86028299731	TRUE	TRUE	TRUE
6300	38504.7149878493	5843.55024359255	TRUE	TRUE	TRUE
6301	39620.1568114941	4840.64190412249	TRUE	TRUE	TRUE
6302	35816.3190978671	6200.41037047282	TRUE	TRUE	TRUE
6303	36160.6991508567	5534.27463481088	TRUE	TRUE	TRUE
6304	39191.2345811787	6291.02500340039	TRUE	TRUE	TRUE
6305	39354.2345855439	4661.03804096361	TRUE	TRUE	TRUE
6306	33766.5151053364	7696.77486101723	TRUE	TRUE	TRUE
6307	38838.066253373	4789.88836696976	TRUE	TRUE	TRUE
6308	37206.2720311364	5607.39387225365	TRUE	TRUE	TRUE
6309	36069.4323519219	5767.20677659364	TRUE	TRUE	TRUE
6310	39605.8684923077	4551.76084280414	TRUE	FALSE	TRUE
6311	37829.0668670668	5077.16395634542	TRUE	TRUE	TRUE
6312	34931.5043415608	6872.89164878375	TRUE	TRUE	TRUE
6313	35402.157092152	6274.02859772396	TRUE	TRUE	TRUE
6314	38130.1776182255	5543.12590782333	TRUE	TRUE	TRUE
6315	39333.7061453735	4829.35442697299	TRUE	TRUE	TRUE
6316	36118.5586780344	5773.58252626558	TRUE	TRUE	TRUE
6317	35336.3288444823	7087.39858326825	TRUE	TRUE	TRUE
6318	35541.3603466861	6637.43684132495	TRUE	TRUE	TRUE
6319	35809.4433504555	6427.41272356261	TRUE	TRUE	TRUE
6320	36410.8187520328	5474.30357562944	TRUE	TRUE	TRUE
6321	39144.9066289354	4794.30323865616	TRUE	TRUE	TRUE
6322	31239.0349412498	9574.95309414126	TRUE	TRUE	TRUE
6323	38660.0563794469	5396.64658806772	TRUE	TRUE	TRUE
6324	35173.5424368498	6751.83494324199	TRUE	TRUE	TRUE
6325	37875.4676906971	4974.28771157928	TRUE	TRUE	TRUE
6326	35410.9685244372	6910.33278227885	TRUE	TRUE	TRUE
6327	39157.3886394198	4947.5379039961	TRUE	TRUE	TRUE
6328	38974.0208761711	5226.08330580463	TRUE	TRUE	TRUE
6329	37643.5835237581	5243.79294920465	TRUE	TRUE	TRUE
6330	42056.9653600389	4485.34733030719	FALSE	FALSE	TRUE
6331	38227.3282059196	5377.28042364507	TRUE	TRUE	TRUE
6332	37181.7506931126	5464.04694396458	TRUE	TRUE	TRUE
6333	38455.3009524768	4892.75840923285	TRUE	TRUE	TRUE
6334	35103.5880728949	8648.56992581406	TRUE	TRUE	TRUE
6335	38351.234034815	5282.92717091884	TRUE	TRUE	TRUE
6336	37020.1432783861	5755.16598339284	TRUE	TRUE	TRUE
6337	37532.0305378631	5164.56205583483	TRUE	TRUE	TRUE
6338	35468.0684702309	6898.4175586165	TRUE	TRUE	TRUE
6339	37830.617111489	5458.18317539139	TRUE	TRUE	TRUE
6340	37295.4649813313	5279.50422136415	TRUE	TRUE	TRUE
6341	39203.9704955278	4787.01096994391	TRUE	TRUE	TRUE
6342	35234.5710016946	6981.62062852114	TRUE	TRUE	TRUE
6343	36397.9407044213	5687.90052034917	TRUE	TRUE	TRUE
6344	36348.8549122739	6119.15241867726	TRUE	TRUE	TRUE
6345	38024.8950044973	4915.99173860629	TRUE	TRUE	TRUE
6346	36431.8930804769	5486.80218973981	TRUE	TRUE	TRUE
6347	38637.5906811468	5149.46416529313	TRUE	TRUE	TRUE
6348	36490.7796710479	5814.31550974863	TRUE	TRUE	TRUE
6349	36671.7147694671	5850.10128663062	TRUE	TRUE	TRUE
6350	38413.8834550935	5014.5923547945	TRUE	TRUE	TRUE
6351	36914.2633387613	6381.05866388886	TRUE	TRUE	TRUE
6352	36109.4487512566	6008.60593205716	TRUE	TRUE	TRUE
6353	41078.0753828121	4481.89101851912	TRUE	FALSE	TRUE
6354	38895.1674357989	4979.50821506178	TRUE	TRUE	TRUE
6355	39250.059580685	4838.19622384058	TRUE	TRUE	TRUE
6356	34602.2719904001	7599.73459797814	TRUE	TRUE	TRUE
6357	38877.1257235069	4633.3664179097	TRUE	TRUE	TRUE
6358	41412.4795158409	4397.94195664031	TRUE	FALSE	TRUE
6359	40393.0247560353	4865.21602814071	TRUE	TRUE	TRUE
6360	37924.5518426627	5158.61088578942	TRUE	TRUE	TRUE
6361	38176.7667343502	5449.98455292721	TRUE	TRUE	TRUE
6362	38422.3946166142	4931.00146236309	TRUE	TRUE	TRUE
6363	39364.5388071727	5116.17049096244	TRUE	TRUE	TRUE
6364	38526.4608707823	5048.88007768443	TRUE	TRUE	TRUE
6365	36372.0237080451	6625.81212094462	TRUE	TRUE	TRUE
6366	38545.0092599937	4980.88711968609	TRUE	TRUE	TRUE
6367	38707.299792446	5046.02229628655	TRUE	TRUE	TRUE
6368	39736.8894991318	5056.0130580348	TRUE	TRUE	TRUE
6369	37862.9415224295	5612.8685892378	TRUE	TRUE	TRUE
6370	38984.0147770606	5120.08802314231	TRUE	TRUE	TRUE
6371	36768.6874362272	5622.60632991693	TRUE	TRUE	TRUE
6372	38011.0346024962	5713.67579535385	TRUE	TRUE	TRUE
6373	37095.7550577715	6440.33400703483	TRUE	TRUE	TRUE
6374	37561.3417429703	5308.78898058512	TRUE	TRUE	TRUE
6375	38097.6468007072	5558.87224247938	TRUE	TRUE	TRUE
6376	36197.3258055765	5813.40536494846	TRUE	TRUE	TRUE
6377	36891.0916817348	5370.99560762383	TRUE	TRUE	TRUE
6378	36998.1779720162	5428.04851657218	TRUE	TRUE	TRUE
6379	36691.5578418919	5718.06452789499	TRUE	TRUE	TRUE
6380	37508.9465824062	5491.06691106466	TRUE	TRUE	TRUE
6381	38332.8644920099	5286.10003181948	TRUE	TRUE	TRUE
6382	34417.4065720853	6360.09692610177	TRUE	TRUE	TRUE
6383	35198.3372440195	5962.70249196384	TRUE	TRUE	TRUE
6384	40392.3050478309	4520.36509345957	TRUE	FALSE	TRUE
6385	36767.3599670968	6245.27800387428	TRUE	TRUE	TRUE
6386	39380.8828993485	4856.63305724573	TRUE	TRUE	TRUE
6387	40399.7126932153	5093.08354864447	TRUE	TRUE	TRUE
6388	36818.8746632727	5676.55698763753	TRUE	TRUE	TRUE
6389	37687.0926234248	5092.72502970802	TRUE	TRUE	TRUE
6390	32397.7899051624	7845.63306077826	TRUE	TRUE	TRUE
6391	36709.6801829463	5865.79481716313	TRUE	TRUE	TRUE
6392	35805.8826447977	6872.01729127859	TRUE	TRUE	TRUE
6393	39887.8188188994	4825.77831557362	TRUE	TRUE	TRUE
6394	41891.4945907668	4338.19023505356	FALSE	FALSE	TRUE
6395	40574.4211013887	4660.7823883396	TRUE	TRUE	TRUE
6396	35328.6887688293	6348.45654269659	TRUE	TRUE	TRUE
6397	35971.6208155719	6297.68255743551	TRUE	TRUE	TRUE
6398	37946.3802203631	5208.86159601463	TRUE	TRUE	TRUE
6399	37971.3421691342	5195.86457264848	TRUE	TRUE	TRUE
6400	35592.388030891	6238.62534270056	TRUE	TRUE	TRUE
6401	39759.9717013407	5761.71667073499	TRUE	TRUE	TRUE
6402	35198.7369355038	6585.88083458468	TRUE	TRUE	TRUE
6403	40346.656675681	5079.16907811531	TRUE	TRUE	TRUE
6404	39365.4714105028	4951.14180311802	TRUE	TRUE	TRUE
6405	39067.2785332944	4903.27314617035	TRUE	TRUE	TRUE
6406	38175.2233989846	5646.00299361992	TRUE	TRUE	TRUE
6407	39195.4885945703	4789.48653120487	TRUE	TRUE	TRUE
6408	37061.5032083384	5571.38812057266	TRUE	TRUE	TRUE
6409	35809.2526456974	6499.10555094336	TRUE	TRUE	TRUE
6410	38147.2737967512	5434.07029926712	TRUE	TRUE	TRUE
6411	36002.2899006596	5819.09916830737	TRUE	TRUE	TRUE
6412	34904.342552237	7017.83513173532	TRUE	TRUE	TRUE
6413	38317.143316441	5145.64537128527	TRUE	TRUE	TRUE
6414	39441.3654021756	5530.39766681666	TRUE	TRUE	TRUE
6415	38403.1705351947	5048.9276923508	TRUE	TRUE	TRUE
6416	39377.5939459767	5356.24092824906	TRUE	TRUE	TRUE
6417	33762.2846373125	7895.43802687962	TRUE	TRUE	TRUE
6418	41377.1958029234	4654.07214009943	TRUE	TRUE	TRUE
6419	33293.9162543654	8527.92749158433	TRUE	TRUE	TRUE
6420	37541.5516249903	5054.75214840858	TRUE	TRUE	TRUE
6421	37248.1099522769	5633.54001587209	TRUE	TRUE	TRUE
6422	32539.5057714748	6890.20357573204	TRUE	TRUE	TRUE
6423	37325.5925139537	5339.47541037871	TRUE	TRUE	TRUE
6424	36323.2943348412	6042.47570002698	TRUE	TRUE	TRUE
6425	38891.8243789899	4907.13523512212	TRUE	TRUE	TRUE
6426	37124.4616643051	5908.39855426052	TRUE	TRUE	TRUE
6427	37818.1617897465	5754.53984369092	TRUE	TRUE	TRUE
6428	35459.3264797624	7242.63376477034	TRUE	TRUE	TRUE
6429	36407.9278556404	6161.85499358757	TRUE	TRUE	TRUE
6430	39666.2190316073	4895.38844773844	TRUE	TRUE	TRUE
6431	37918.2477290381	5039.18205288729	TRUE	TRUE	TRUE
6432	39277.9896106836	4993.97488752327	TRUE	TRUE	TRUE
6433	38242.8427214039	5507.12217544729	TRUE	TRUE	TRUE
6434	33983.2818909231	6819.19523457045	TRUE	TRUE	TRUE
6435	39065.779047323	4861.97374928776	TRUE	TRUE	TRUE
6436	35824.8710447944	5505.46061873091	TRUE	TRUE	TRUE
6437	38002.8569199191	5152.87189630822	TRUE	TRUE	TRUE
6438	38489.5139629596	5142.49241831168	TRUE	TRUE	TRUE
6439	40609.5463252478	4689.78000847248	TRUE	TRUE	TRUE
6440	38019.270150646	5277.38354268047	TRUE	TRUE	TRUE
6441	39090.3198181887	4770.78541589482	TRUE	TRUE	TRUE
6442	37695.9333488302	5501.88828487545	TRUE	TRUE	TRUE
6443	40940.4706197122	5367.58691692418	TRUE	TRUE	TRUE
6444	40638.3738233524	4376.37078618753	TRUE	FALSE	TRUE
6445	35974.9555244582	5600.62040297132	TRUE	TRUE	TRUE
6446	36365.4388192636	5480.53154034357	TRUE	TRUE	TRUE
6447	39436.8402970226	4669.27334227884	TRUE	TRUE	TRUE
6448	38843.8966541858	5054.55192275699	TRUE	TRUE	TRUE
6449	38676.5691266417	5312.32812062676	TRUE	TRUE	TRUE
6450	40522.0106485711	4608.1587835975	TRUE	TRUE	TRUE
6451	39182.2700964078	4512.34347565111	TRUE	FALSE	TRUE
6452	38499.2347893158	5559.72886443024	TRUE	TRUE	TRUE
6453	37626.3348017481	5359.44355384313	TRUE	TRUE	TRUE
6454	38444.3434693008	4840.63653798117	TRUE	TRUE	TRUE
6455	33339.6110569404	7868.77707947752	TRUE	TRUE	TRUE
6456	36830.5725731942	6256.28838266931	TRUE	TRUE	TRUE
6457	37919.974369648	5256.36006132912	TRUE	TRUE	TRUE
6458	38668.5486892814	4821.90665770821	TRUE	TRUE	TRUE
6459	38338.3151977008	5197.13338098492	TRUE	TRUE	TRUE
6460	37254.1460246132	5544.66314393247	TRUE	TRUE	TRUE
6461	38839.2343220154	4696.87347263608	TRUE	TRUE	TRUE
6462	38466.6350424107	5139.67677779339	TRUE	TRUE	TRUE
6463	35936.7710526453	6424.28922136772	TRUE	TRUE	TRUE
6464	39342.9791201121	5277.20509769118	TRUE	TRUE	TRUE
6465	38254.8851855634	5039.33024188132	TRUE	TRUE	TRUE
6466	38568.0864746954	5041.34892620531	TRUE	TRUE	TRUE
6467	37464.6017873065	5400.64739155648	TRUE	TRUE	TRUE
6468	38612.5467742494	4900.99578035748	TRUE	TRUE	TRUE
6469	38994.7438218127	5012.40498416462	TRUE	TRUE	TRUE
6470	36937.1138234424	6020.78796618188	TRUE	TRUE	TRUE
6471	36096.3753647473	6749.12668502575	TRUE	TRUE	TRUE
6472	36353.2454289737	5577.53544673299	TRUE	TRUE	TRUE
6473	37168.6486489461	5750.00516348746	TRUE	TRUE	TRUE
6474	37521.2293924237	5493.61517888157	TRUE	TRUE	TRUE
6475	37780.8541426878	4839.97043506184	TRUE	TRUE	TRUE
6476	39991.5380505056	5004.22723474697	TRUE	TRUE	TRUE
6477	39911.7770501073	4559.51898097963	TRUE	FALSE	TRUE
6478	38332.1158466133	5605.2191756095	TRUE	TRUE	TRUE
6479	37772.6118050372	5594.98685849406	TRUE	TRUE	TRUE
6480	36081.0184496715	5944.86989595661	TRUE	TRUE	TRUE
6481	38386.8828162087	5138.67484472239	TRUE	TRUE	TRUE
6482	37345.6442575439	5269.19733535122	TRUE	TRUE	TRUE
6483	32879.4804601549	7191.89053287382	TRUE	TRUE	TRUE
6484	30543.2475681056	8144.25345949275	TRUE	TRUE	TRUE
6485	32232.6046798042	8070.733093156	TRUE	TRUE	TRUE
6486	38240.2656606617	5174.50094503784	TRUE	TRUE	TRUE
6487	35780.5313787338	7204.18251027468	TRUE	TRUE	TRUE
6488	37805.1678441333	5895.81114496083	TRUE	TRUE	TRUE
6489	38379.1126981584	4900.18331102189	TRUE	TRUE	TRUE
6490	38059.0075426425	4975.66395247394	TRUE	TRUE	TRUE
6491	39384.1276302305	4808.71473846879	TRUE	TRUE	TRUE
6492	37537.7129851717	5122.33970990756	TRUE	TRUE	TRUE
6493	36618.0185680338	6101.53720194724	TRUE	TRUE	TRUE
6494	33851.8734509666	7163.07071402591	TRUE	TRUE	TRUE
6495	37779.9204365771	6204.72557066874	TRUE	TRUE	TRUE
6496	38907.6254363637	5177.07629758044	TRUE	TRUE	TRUE
6497	37649.0403118023	5316.48888842192	TRUE	TRUE	TRUE
6498	35454.0350142619	6061.61516808042	TRUE	TRUE	TRUE
6499	37830.3182895841	4982.59819234379	TRUE	TRUE	TRUE
6500	36793.4568595014	6049.45010975292	TRUE	TRUE	TRUE
6501	40865.3678303589	5180.63295325755	TRUE	TRUE	TRUE
6502	37037.6260524235	5925.12625530502	TRUE	TRUE	TRUE
6503	35908.8568491238	6184.36421794642	TRUE	TRUE	TRUE
6504	38448.9580299256	4988.29474887492	TRUE	TRUE	TRUE
6505	38464.6700542638	4635.76379095794	TRUE	TRUE	TRUE
6506	39359.663903127	4924.1751719571	TRUE	TRUE	TRUE
6507	38761.3372959213	5407.47304339777	TRUE	TRUE	TRUE
6508	39855.5928432991	4859.45406810997	TRUE	TRUE	TRUE
6509	37631.1721321778	5456.18215118803	TRUE	TRUE	TRUE
6510	35720.8205735445	6519.15312051111	TRUE	TRUE	TRUE
6511	38807.5494682242	4860.74411078909	TRUE	TRUE	TRUE
6512	38487.4008854603	5021.17604650519	TRUE	TRUE	TRUE
6513	39471.9101682024	4976.42076789296	TRUE	TRUE	TRUE
6514	39492.6704807105	4649.14146120056	TRUE	TRUE	TRUE
6515	38254.5580629308	4980.2451521751	TRUE	TRUE	TRUE
6516	37802.044657131	5335.41043896709	TRUE	TRUE	TRUE
6517	35989.9334915295	5976.59532472312	TRUE	TRUE	TRUE
6518	35669.174136864	6075.70606514995	TRUE	TRUE	TRUE
6519	35292.9130335713	8510.68174644646	TRUE	TRUE	TRUE
6520	37671.3309891601	5226.17731470074	TRUE	TRUE	TRUE
6521	39130.6061596304	4777.67209643953	TRUE	TRUE	TRUE
6522	37517.1303146081	5740.83459523268	TRUE	TRUE	TRUE
6523	37941.0348961663	5595.82174387194	TRUE	TRUE	TRUE
6524	38521.937665129	5022.6576073691	TRUE	TRUE	TRUE
6525	39059.1203835601	4906.9898949764	TRUE	TRUE	TRUE
6526	35895.3991315547	5898.51622721617	TRUE	TRUE	TRUE
6527	35654.2412715395	5761.37205209414	TRUE	TRUE	TRUE
6528	36920.4237399309	5794.81278992444	TRUE	TRUE	TRUE
6529	37735.2437183953	4973.02802914234	TRUE	TRUE	TRUE
6530	35054.3947864175	7353.22739335667	TRUE	TRUE	TRUE
6531	38174.3285009521	4969.80219212654	TRUE	TRUE	TRUE
6532	36307.3807890161	5864.90400592742	TRUE	TRUE	TRUE
6533	38369.0313932048	4904.06599549586	TRUE	TRUE	TRUE
6534	38111.9499424666	5092.75693032174	TRUE	TRUE	TRUE
6535	34400.535482517	7193.08872269873	TRUE	TRUE	TRUE
6536	35181.7266075297	6154.75432364538	TRUE	TRUE	TRUE
6537	34688.6853146594	6222.69559821194	TRUE	TRUE	TRUE
6538	38458.8930739606	5243.37069101518	TRUE	TRUE	TRUE
6539	37477.1729498179	4989.70241491387	TRUE	TRUE	TRUE
6540	37321.8176560852	5304.3903958099	TRUE	TRUE	TRUE
6541	37128.5860827335	6175.48633984458	TRUE	TRUE	TRUE
6542	37131.9844615348	5717.01364766674	TRUE	TRUE	TRUE
6543	38927.0164932075	4756.77733780677	TRUE	TRUE	TRUE
6544	36570.4260646917	5906.21132378677	TRUE	TRUE	TRUE
6545	38546.8284159762	5002.69650482376	TRUE	TRUE	TRUE
6546	35402.750362196	6085.2473608043	TRUE	TRUE	TRUE
6547	38443.9226700552	5258.33680166939	TRUE	TRUE	TRUE
6548	38821.9085205887	4815.88894626719	TRUE	TRUE	TRUE
6549	34527.5206067512	6603.10796413332	TRUE	TRUE	TRUE
6550	37560.6276823041	5032.90548165177	TRUE	TRUE	TRUE
6551	38767.4578152363	5760.89041356362	TRUE	TRUE	TRUE
6552	38437.5356175731	5113.22127669156	TRUE	TRUE	TRUE
6553	38842.4054880661	4805.51278366053	TRUE	TRUE	TRUE
6554	40878.2044417862	4600.75058315114	TRUE	TRUE	TRUE
6555	37833.8940431056	5291.35739955146	TRUE	TRUE	TRUE
6556	36486.4621237803	6158.82505704717	TRUE	TRUE	TRUE
6557	39885.3326077303	4944.36403697041	TRUE	TRUE	TRUE
6558	37294.0343458382	5508.14132055686	TRUE	TRUE	TRUE
6559	37715.2465487003	5447.43666228999	TRUE	TRUE	TRUE
6560	36417.4359677161	6159.6222789241	TRUE	TRUE	TRUE
6561	38928.8584320746	5462.01939637394	TRUE	TRUE	TRUE
6562	36387.7818221514	6086.89483307226	TRUE	TRUE	TRUE
6563	39828.8311970758	5195.01883393003	TRUE	TRUE	TRUE
6564	38122.2286094051	5403.4451827473	TRUE	TRUE	TRUE
6565	37823.6720699815	5467.75442772037	TRUE	TRUE	TRUE
6566	36957.9610468235	5538.87165542837	TRUE	TRUE	TRUE
6567	40631.2007892999	4664.63640097165	TRUE	TRUE	TRUE
6568	37902.889538941	5365.1705943437	TRUE	TRUE	TRUE
6569	36247.5842326803	5668.51612482314	TRUE	TRUE	TRUE
6570	33782.2851521445	7446.10126008291	TRUE	TRUE	TRUE
6571	38689.4491025727	5480.70602983424	TRUE	TRUE	TRUE
6572	37744.5493042474	5946.54637538266	TRUE	TRUE	TRUE
6573	36670.326927362	5858.82841652257	TRUE	TRUE	TRUE
6574	39754.0893143922	5401.50759735756	TRUE	TRUE	TRUE
6575	36210.4992381776	5934.54917931605	TRUE	TRUE	TRUE
6576	36922.0404839102	6028.77666804422	TRUE	TRUE	TRUE
6577	35001.9143698397	6439.037733285	TRUE	TRUE	TRUE
6578	36751.9626474529	6035.70575606601	TRUE	TRUE	TRUE
6579	37501.4628866152	5782.73861225645	TRUE	TRUE	TRUE
6580	38512.149788629	5576.67356315604	TRUE	TRUE	TRUE
6581	39132.1879825649	4730.84899404382	TRUE	TRUE	TRUE
6582	34658.3864693551	6466.28535090388	TRUE	TRUE	TRUE
6583	37665.7857830519	5497.82625700263	TRUE	TRUE	TRUE
6584	36854.8533935346	5686.52524038287	TRUE	TRUE	TRUE
6585	35934.6240781616	6042.59207133534	TRUE	TRUE	TRUE
6586	34275.8633227716	7018.1978416561	TRUE	TRUE	TRUE
6587	36198.5196548082	5505.15758264018	TRUE	TRUE	TRUE
6588	38007.5373702461	5360.16518220282	TRUE	TRUE	TRUE
6589	35142.1153926156	6522.69691591998	TRUE	TRUE	TRUE
6590	38172.4599581758	5268.13611379999	TRUE	TRUE	TRUE
6591	35042.5946186601	6374.87158294418	TRUE	TRUE	TRUE
6592	35566.689703892	6320.82439535564	TRUE	TRUE	TRUE
6593	39161.9842403569	5597.39842196503	TRUE	TRUE	TRUE
6594	36175.9295796134	6606.65143261422	TRUE	TRUE	TRUE
6595	40019.4135274869	4500.19872363367	TRUE	FALSE	TRUE
6596	39124.9643228919	4997.47088047123	TRUE	TRUE	TRUE
6597	37821.8523693947	5309.93682542997	TRUE	TRUE	TRUE
6598	38234.2820448416	4923.82879446323	TRUE	TRUE	TRUE
6599	35917.8119041592	5715.78974327991	TRUE	TRUE	TRUE
6600	38642.0024700601	5091.85810059366	TRUE	TRUE	TRUE
6601	37622.2783347524	6136.49337117521	TRUE	TRUE	TRUE
6602	39227.9181114318	5358.13733651491	TRUE	TRUE	TRUE
6603	36702.7481075325	5891.48052535786	TRUE	TRUE	TRUE
6604	36104.0311648275	6100.26176869848	TRUE	TRUE	TRUE
6605	36943.3245078134	5594.1610768078	TRUE	TRUE	TRUE
6606	35537.1657103929	6020.04412672841	TRUE	TRUE	TRUE
6607	37614.749449792	5123.86510411026	TRUE	TRUE	TRUE
6608	36088.7536588878	6029.147456156	TRUE	TRUE	TRUE
6609	36318.1727832268	5880.76725347576	TRUE	TRUE	TRUE
6610	38756.1377448013	5335.81207096014	TRUE	TRUE	TRUE
6611	34680.478308312	7353.59328914342	TRUE	TRUE	TRUE
6612	38297.5920431338	5251.60241493307	TRUE	TRUE	TRUE
6613	39414.4428322326	5032.72927268253	TRUE	TRUE	TRUE
6614	38225.176958929	5052.66754225483	TRUE	TRUE	TRUE
6615	38991.2735613649	4981.81595838994	TRUE	TRUE	TRUE
6616	40050.1989162618	4538.26535208406	TRUE	FALSE	TRUE
6617	37296.7325339564	5191.3146520034	TRUE	TRUE	TRUE
6618	37780.8963019807	5349.63424690983	TRUE	TRUE	TRUE
6619	38048.4825645138	5247.1172684372	TRUE	TRUE	TRUE
6620	34756.5867341528	7196.47157579513	TRUE	TRUE	TRUE
6621	32828.0243673094	8168.26428311717	TRUE	TRUE	TRUE
6622	34338.6951133239	7258.96590442378	TRUE	TRUE	TRUE
6623	38797.3325923503	5298.0780850625	TRUE	TRUE	TRUE
6624	35424.7430266439	6120.91500724946	TRUE	TRUE	TRUE
6625	37969.409500854	5236.6135963136	TRUE	TRUE	TRUE
6626	37530.7525562857	5181.75070795769	TRUE	TRUE	TRUE
6627	36545.6489042885	5531.98636042339	TRUE	TRUE	TRUE
6628	39738.9636387162	4835.43049479648	TRUE	TRUE	TRUE
6629	37277.2106583697	5277.76212008195	TRUE	TRUE	TRUE
6630	38327.2836844987	5616.15535067222	TRUE	TRUE	TRUE
6631	40250.6189470993	4809.83888675824	TRUE	TRUE	TRUE
6632	35742.2389918838	6364.70379243371	TRUE	TRUE	TRUE
6633	40538.9846078122	4665.54167777687	TRUE	TRUE	TRUE
6634	35844.2431657474	6507.2348135797	TRUE	TRUE	TRUE
6635	40853.9778314641	4634.32543431548	TRUE	TRUE	TRUE
6636	40839.2358970589	4298.85259589247	TRUE	FALSE	TRUE
6637	37664.2752292777	5058.59672494887	TRUE	TRUE	TRUE
6638	40276.5231660003	4939.40414534104	TRUE	TRUE	TRUE
6639	39137.9081849471	4864.86701251928	TRUE	TRUE	TRUE
6640	37366.3126674677	5727.60035839391	TRUE	TRUE	TRUE
6641	41120.8095976003	4206.12882227376	TRUE	FALSE	TRUE
6642	37329.4763660388	5111.27382957419	TRUE	TRUE	TRUE
6643	37387.2669807759	5725.34662929664	TRUE	TRUE	TRUE
6644	38410.0754021709	5053.50511093954	TRUE	TRUE	TRUE
6645	36008.4270542169	6323.71116742134	TRUE	TRUE	TRUE
6646	33779.9104282848	7229.29888572072	TRUE	TRUE	TRUE
6647	36148.976786168	6954.58228746323	TRUE	TRUE	TRUE
6648	35952.5907307186	6166.39677097467	TRUE	TRUE	TRUE
6649	37214.2841836003	5217.86862628137	TRUE	TRUE	TRUE
6650	37409.7752635302	5326.8209268224	TRUE	TRUE	TRUE
6651	34959.5127125484	6371.35103190346	TRUE	TRUE	TRUE
6652	36420.2137733798	5992.60998654668	TRUE	TRUE	TRUE
6653	37980.8288413284	5162.11701356101	TRUE	TRUE	TRUE
6654	36374.5316086785	5608.62089950662	TRUE	TRUE	TRUE
6655	37525.812231447	5376.21226502429	TRUE	TRUE	TRUE
6656	37252.6283418318	5018.17404349387	TRUE	TRUE	TRUE
6657	36177.636552243	5940.18360009527	TRUE	TRUE	TRUE
6658	38046.3644020364	5234.31786781445	TRUE	TRUE	TRUE
6659	39911.9726001021	4888.07380103504	TRUE	TRUE	TRUE
6660	38879.311932823	4949.46784276885	TRUE	TRUE	TRUE
6661	38100.043753995	5266.2456245395	TRUE	TRUE	TRUE
6662	38113.4297527992	5014.36280420547	TRUE	TRUE	TRUE
6663	38593.8681715376	5010.53549034538	TRUE	TRUE	TRUE
6664	38120.2666246208	5850.89691774666	TRUE	TRUE	TRUE
6665	38302.8693730387	5138.00127811717	TRUE	TRUE	TRUE
6666	34060.6719391249	7374.16678189018	TRUE	TRUE	TRUE
6667	39597.4722286854	5933.38774969222	TRUE	TRUE	TRUE
6668	40790.3889538484	4485.63199115098	TRUE	FALSE	TRUE
6669	37648.8542233363	5197.51260615425	TRUE	TRUE	TRUE
6670	37947.2386311435	5622.36943970393	TRUE	TRUE	TRUE
6671	37646.8126028063	5693.6599320703	TRUE	TRUE	TRUE
6672	35790.6356797076	5695.47922287024	TRUE	TRUE	TRUE
6673	36968.8424384086	5325.23835288944	TRUE	TRUE	TRUE
6674	37832.3331237897	5201.10383910942	TRUE	TRUE	TRUE
6675	35493.7269743077	6827.27698308408	TRUE	TRUE	TRUE
6676	35168.7653511404	6615.36500796599	TRUE	TRUE	TRUE
6677	35658.4650389157	6164.61452061667	TRUE	TRUE	TRUE
6678	37881.73977191	5864.98284943322	TRUE	TRUE	TRUE
6679	37790.099353068	5041.7192903016	TRUE	TRUE	TRUE
6680	38547.5404921261	5166.54588054649	TRUE	TRUE	TRUE
6681	39755.7891274666	4630.38136230959	TRUE	TRUE	TRUE
6682	36895.3782502027	5392.36258812187	TRUE	TRUE	TRUE
6683	38460.0487590751	5214.72889366734	TRUE	TRUE	TRUE
6684	36930.9781273611	5230.71574401517	TRUE	TRUE	TRUE
6685	37497.6960482734	5471.22066108043	TRUE	TRUE	TRUE
6686	33022.6096223771	7285.76386988421	TRUE	TRUE	TRUE
6687	36599.4579235042	5544.96793850752	TRUE	TRUE	TRUE
6688	37988.0294349565	5284.85374245097	TRUE	TRUE	TRUE
6689	39258.0988111583	5254.17478139224	TRUE	TRUE	TRUE
6690	39159.3632009609	5166.07671782007	TRUE	TRUE	TRUE
6691	40901.6192676149	4951.14527202779	TRUE	TRUE	TRUE
6692	38314.6063946548	5299.91749168575	TRUE	TRUE	TRUE
6693	41337.1049573464	4595.63793026044	TRUE	TRUE	TRUE
6694	39043.2577618286	5394.47963775303	TRUE	TRUE	TRUE
6695	34185.3433618581	7037.61306836405	TRUE	TRUE	TRUE
6696	38196.4265636042	5335.40536368054	TRUE	TRUE	TRUE
6697	34089.4591937732	7602.10773418837	TRUE	TRUE	TRUE
6698	39187.8826543216	4898.46577432137	TRUE	TRUE	TRUE
6699	34172.4952494127	7786.3829708786	TRUE	TRUE	TRUE
6700	38503.9875784049	5256.83757534786	TRUE	TRUE	TRUE
6701	40751.9524788959	4761.52285877805	TRUE	TRUE	TRUE
6702	37280.9405248226	5565.38948633165	TRUE	TRUE	TRUE
6703	35893.5914766463	6417.5312388789	TRUE	TRUE	TRUE
6704	38923.1064270228	4965.5176250015	TRUE	TRUE	TRUE
6705	36933.2692593113	5635.14097946326	TRUE	TRUE	TRUE
6706	38214.9315152477	5247.67909527477	TRUE	TRUE	TRUE
6707	39336.0863398597	5031.35289077424	TRUE	TRUE	TRUE
6708	40692.6907335484	4497.30743485192	TRUE	FALSE	TRUE
6709	37142.1377075241	5081.47312220729	TRUE	TRUE	TRUE
6710	40326.2971165634	4612.08508353803	TRUE	TRUE	TRUE
6711	39185.2730913515	4715.67420972589	TRUE	TRUE	TRUE
6712	37990.6689968923	5700.3320017693	TRUE	TRUE	TRUE
6713	36586.971674417	5513.94309799168	TRUE	TRUE	TRUE
6714	40059.2799985022	4647.65431777924	TRUE	TRUE	TRUE
6715	38282.0493012001	5527.12368404671	TRUE	TRUE	TRUE
6716	37723.664907673	5155.61514964378	TRUE	TRUE	TRUE
6717	38743.5947610175	4955.04050885473	TRUE	TRUE	TRUE
6718	32334.8629181762	8591.34902144544	TRUE	TRUE	TRUE
6719	38740.0288191953	5188.64946576619	TRUE	TRUE	TRUE
6720	33743.1317903895	7351.40207524237	TRUE	TRUE	TRUE
6721	34752.2451117194	6584.97540376679	TRUE	TRUE	TRUE
6722	38868.0910405302	4834.89366736007	TRUE	TRUE	TRUE
6723	38932.7355853566	4886.59712899624	TRUE	TRUE	TRUE
6724	38335.1606733657	5339.54832015425	TRUE	TRUE	TRUE
6725	39294.8632830411	4865.52214248428	TRUE	TRUE	TRUE
6726	37033.8948215032	5390.93599810561	TRUE	TRUE	TRUE
6727	39984.7038420367	4909.07764724303	TRUE	TRUE	TRUE
6728	36973.2623324165	5353.38053675607	TRUE	TRUE	TRUE
6729	34746.9837784968	6880.60037415752	TRUE	TRUE	TRUE
6730	35155.7952235346	6832.25314801591	TRUE	TRUE	TRUE
6731	37155.0647756541	5455.72074699284	TRUE	TRUE	TRUE
6732	36264.8806178915	6070.68631911347	TRUE	TRUE	TRUE
6733	38180.1980168764	5523.94713516275	TRUE	TRUE	TRUE
6734	37971.338449131	5242.82236156898	TRUE	TRUE	TRUE
6735	35434.4971074003	6510.66024705705	TRUE	TRUE	TRUE
6736	36015.4720455046	5935.51668396291	TRUE	TRUE	TRUE
6737	38557.6707273935	5693.35155090905	TRUE	TRUE	TRUE
6738	34674.5081950917	7485.3452508899	TRUE	TRUE	TRUE
6739	39396.8588005827	4783.37080333386	TRUE	TRUE	TRUE
6740	35548.8402455373	6319.71909470201	TRUE	TRUE	TRUE
6741	39384.1694600149	4864.61168671015	TRUE	TRUE	TRUE
6742	38554.6638300585	5097.05817912806	TRUE	TRUE	TRUE
6743	37757.7757799148	5550.11260669154	TRUE	TRUE	TRUE
6744	35667.5397094034	5839.19152280582	TRUE	TRUE	TRUE
6745	37080.9954366194	5289.0955748769	TRUE	TRUE	TRUE
6746	38368.8645290285	5201.79695370492	TRUE	TRUE	TRUE
6747	36289.7951645694	5391.33568624716	TRUE	TRUE	TRUE
6748	38435.208242506	5600.18537202285	TRUE	TRUE	TRUE
6749	36253.9470399211	5948.35547106303	TRUE	TRUE	TRUE
6750	38626.42529204	5299.90242190394	TRUE	TRUE	TRUE
6751	36591.2538248526	5427.96352113596	TRUE	TRUE	TRUE
6752	39456.653582598	4950.47801991554	TRUE	TRUE	TRUE
6753	33908.3406837467	6663.6676349257	TRUE	TRUE	TRUE
6754	36647.7714818243	6678.23083590723	TRUE	TRUE	TRUE
6755	36943.8001176686	6373.87179049381	TRUE	TRUE	TRUE
6756	37102.968460641	5629.75981561837	TRUE	TRUE	TRUE
6757	35451.3443549783	6657.31847339428	TRUE	TRUE	TRUE
6758	35580.9842567908	6051.76955711319	TRUE	TRUE	TRUE
6759	37672.6017359609	5426.20051746472	TRUE	TRUE	TRUE
6760	37032.4120940821	6049.251240686	TRUE	TRUE	TRUE
6761	36308.7900247457	5794.86585655131	TRUE	TRUE	TRUE
6762	39249.4386976284	5090.14131769387	TRUE	TRUE	TRUE
6763	33940.7611248841	6582.22172132399	TRUE	TRUE	TRUE
6764	38251.4371123325	5116.12696750373	TRUE	TRUE	TRUE
6765	39414.918698302	4647.38662812682	TRUE	TRUE	TRUE
6766	37022.0988430786	5949.53668709179	TRUE	TRUE	TRUE
6767	36324.6003752034	5456.2026362618	TRUE	TRUE	TRUE
6768	40729.1984901543	4675.67314031226	TRUE	TRUE	TRUE
6769	36630.1879020284	5782.67754273263	TRUE	TRUE	TRUE
6770	35645.9724885189	6285.77433679068	TRUE	TRUE	TRUE
6771	38622.9488839175	5126.94857598194	TRUE	TRUE	TRUE
6772	38646.2446736881	4977.72253467629	TRUE	TRUE	TRUE
6773	37128.6150335803	5770.01897470733	TRUE	TRUE	TRUE
6774	41366.2806923025	4431.61597534172	TRUE	FALSE	TRUE
6775	34730.9828649447	7338.48602330459	TRUE	TRUE	TRUE
6776	35141.7205649728	6348.28104342743	TRUE	TRUE	TRUE
6777	38614.7193865734	4897.20492254148	TRUE	TRUE	TRUE
6778	37983.7654925972	5025.97898291162	TRUE	TRUE	TRUE
6779	34999.0887251955	6933.98450698499	TRUE	TRUE	TRUE
6780	34178.2419116674	6442.92658408589	TRUE	TRUE	TRUE
6781	37284.2887179054	5335.23361777042	TRUE	TRUE	TRUE
6782	38240.781698595	5659.7042380979	TRUE	TRUE	TRUE
6783	35961.5638529957	7215.3533650801	TRUE	TRUE	TRUE
6784	38128.7405312617	5730.18445186825	TRUE	TRUE	TRUE
6785	34819.4426243965	6062.56830997434	TRUE	TRUE	TRUE
6786	37623.6511295086	5131.21728700656	TRUE	TRUE	TRUE
6787	37206.8288479594	6158.0431395424	TRUE	TRUE	TRUE
6788	39651.2279772095	4752.20339054301	TRUE	TRUE	TRUE
6789	37035.6613330201	5538.82819201627	TRUE	TRUE	TRUE
6790	37602.9256081096	5884.13567533417	TRUE	TRUE	TRUE
6791	38812.8867591633	5073.960582879	TRUE	TRUE	TRUE
6792	33383.9788946085	6896.74379312704	TRUE	TRUE	TRUE
6793	38821.6336243113	5011.49686910976	TRUE	TRUE	TRUE
6794	36820.8318122209	6272.83521133528	TRUE	TRUE	TRUE
6795	35062.7514760163	7095.51141129602	TRUE	TRUE	TRUE
6796	36705.1728303703	6901.25989808339	TRUE	TRUE	TRUE
6797	38552.3400599102	5133.51980033999	TRUE	TRUE	TRUE
6798	37350.3686953541	5173.82251554518	TRUE	TRUE	TRUE
6799	37050.9447079957	6236.0849335885	TRUE	TRUE	TRUE
6800	36590.2279277956	5862.11742347171	TRUE	TRUE	TRUE
6801	36540.4153023685	5808.74183782031	TRUE	TRUE	TRUE
6802	35609.3849157737	6920.08425682164	TRUE	TRUE	TRUE
6803	38063.6347963568	4967.11486748739	TRUE	TRUE	TRUE
6804	34293.2319096536	8037.0174404741	TRUE	TRUE	TRUE
6805	36744.2719194841	5995.63614728587	TRUE	TRUE	TRUE
6806	38545.7664435938	5219.55065284377	TRUE	TRUE	TRUE
6807	35513.0759303011	6316.67502116949	TRUE	TRUE	TRUE
6808	38289.6705578581	5538.83662303461	TRUE	TRUE	TRUE
6809	37824.4626614933	6294.48234501471	TRUE	TRUE	TRUE
6810	39109.4310833617	4736.7673226842	TRUE	TRUE	TRUE
6811	37924.0125559612	4907.09300970848	TRUE	TRUE	TRUE
6812	38466.6396186103	4827.78134625505	TRUE	TRUE	TRUE
6813	36652.6046867198	6203.25980619416	TRUE	TRUE	TRUE
6814	34508.2886498493	7296.83221530601	TRUE	TRUE	TRUE
6815	38203.6984642862	5822.82961128593	TRUE	TRUE	TRUE
6816	39919.6535729302	4827.80235810088	TRUE	TRUE	TRUE
6817	37939.5464365587	5313.25636426254	TRUE	TRUE	TRUE
6818	40131.6527304007	4619.45746231571	TRUE	TRUE	TRUE
6819	39773.3110308938	4906.09902327821	TRUE	TRUE	TRUE
6820	33182.2908598212	7284.9470936058	TRUE	TRUE	TRUE
6821	37369.3498079051	5809.82001301611	TRUE	TRUE	TRUE
6822	36603.5994116971	5475.92029763335	TRUE	TRUE	TRUE
6823	37665.8481366204	5389.60756718576	TRUE	TRUE	TRUE
6824	35814.2261127465	6334.21832421657	TRUE	TRUE	TRUE
6825	36505.8958930394	5721.53590095045	TRUE	TRUE	TRUE
6826	37937.8508679548	5140.50047691419	TRUE	TRUE	TRUE
6827	35942.3362106669	6586.85350974305	TRUE	TRUE	TRUE
6828	37606.9244629502	4954.98699877039	TRUE	TRUE	TRUE
6829	37343.3856261437	5578.72038472702	TRUE	TRUE	TRUE
6830	37453.3693911295	5360.06022279804	TRUE	TRUE	TRUE
6831	37659.5270564591	6073.83697962287	TRUE	TRUE	TRUE
6832	36585.7485475318	5839.34209674706	TRUE	TRUE	TRUE
6833	33469.4484276387	7113.93176266515	TRUE	TRUE	TRUE
6834	36995.6998840961	5843.84872501945	TRUE	TRUE	TRUE
6835	40214.6787970089	4698.64837170683	TRUE	TRUE	TRUE
6836	38368.6622976021	5410.34040638528	TRUE	TRUE	TRUE
6837	38551.7404420241	5370.11722781836	TRUE	TRUE	TRUE
6838	35463.1831734082	5877.10930984741	TRUE	TRUE	TRUE
6839	32887.246104921	7178.66010829675	TRUE	TRUE	TRUE
6840	36167.5481144239	5877.60180502322	TRUE	TRUE	TRUE
6841	38375.3257839464	4991.98681326159	TRUE	TRUE	TRUE
6842	37242.9544219334	5262.80268111547	TRUE	TRUE	TRUE
6843	40913.5863999122	4594.37835169075	TRUE	TRUE	TRUE
6844	40031.6910161986	4871.67563697989	TRUE	TRUE	TRUE
6845	38121.6688792308	5010.67505874554	TRUE	TRUE	TRUE
6846	38322.6732044082	5145.70201294452	TRUE	TRUE	TRUE
6847	36457.840976195	6184.44450187974	TRUE	TRUE	TRUE
6848	37106.2739701739	5392.6966212032	TRUE	TRUE	TRUE
6849	40555.8576035545	4501.72159603094	TRUE	FALSE	TRUE
6850	34964.0460146296	6086.88124832304	TRUE	TRUE	TRUE
6851	37121.876053424	5519.45665197525	TRUE	TRUE	TRUE
6852	37638.5285818751	6187.46095150826	TRUE	TRUE	TRUE
6853	34785.5790631603	6105.74854152713	TRUE	TRUE	TRUE
6854	35098.3659645579	6155.35364938093	TRUE	TRUE	TRUE
6855	38461.238027946	5420.15260313965	TRUE	TRUE	TRUE
6856	36607.3317555691	5826.62295231923	TRUE	TRUE	TRUE
6857	37916.0301246533	5813.31051754464	TRUE	TRUE	TRUE
6858	41894.6398364292	4324.56741977386	FALSE	FALSE	TRUE
6859	36820.2747825869	5766.09882724686	TRUE	TRUE	TRUE
6860	37985.2476996268	5335.80717672947	TRUE	TRUE	TRUE
6861	39936.4165216907	4780.48665928754	TRUE	TRUE	TRUE
6862	37905.7940998268	5973.89371867788	TRUE	TRUE	TRUE
6863	37686.2377681955	5330.41984002499	TRUE	TRUE	TRUE
6864	36164.7371743556	6237.25146202112	TRUE	TRUE	TRUE
6865	37631.2897702293	5408.08570465738	TRUE	TRUE	TRUE
6866	37435.3095890636	5687.25390451154	TRUE	TRUE	TRUE
6867	38112.5894725291	4893.71569505557	TRUE	TRUE	TRUE
6868	33772.6198434332	7431.12683692471	TRUE	TRUE	TRUE
6869	37081.0235775831	5474.80736823213	TRUE	TRUE	TRUE
6870	35488.8054155553	7075.05358594337	TRUE	TRUE	TRUE
6871	37697.4892252376	5594.83838301104	TRUE	TRUE	TRUE
6872	38665.1070392626	5027.44092467971	TRUE	TRUE	TRUE
6873	38716.7307508197	5290.54527981584	TRUE	TRUE	TRUE
6874	38200.1883611638	5077.92123655248	TRUE	TRUE	TRUE
6875	37381.8692793172	5718.5392612214	TRUE	TRUE	TRUE
6876	38785.3181689127	4852.30555169729	TRUE	TRUE	TRUE
6877	38079.4118920931	5536.04070511518	TRUE	TRUE	TRUE
6878	36137.2449361611	5358.60383452143	TRUE	TRUE	TRUE
6879	39971.2486366909	4574.2588974296	TRUE	FALSE	TRUE
6880	39058.290417063	4931.28747605379	TRUE	TRUE	TRUE
6881	41042.0422903459	4276.14441461067	TRUE	FALSE	TRUE
6882	39027.7295885441	5470.53737282899	TRUE	TRUE	TRUE
6883	38334.914366202	4987.19922041497	TRUE	TRUE	TRUE
6884	35520.3207789394	6394.43596173843	TRUE	TRUE	TRUE
6885	37421.2445927379	5587.99639198379	TRUE	TRUE	TRUE
6886	38066.2465500515	5166.93311275672	TRUE	TRUE	TRUE
6887	38124.5143335308	4998.88868973935	TRUE	TRUE	TRUE
6888	41570.9738642794	4203.1902776542	TRUE	FALSE	TRUE
6889	36915.6078480536	5454.9935031853	TRUE	TRUE	TRUE
6890	32770.5120166206	7272.73980751721	TRUE	TRUE	TRUE
6891	37207.1073692415	5354.85822207961	TRUE	TRUE	TRUE
6892	38443.4206883783	5118.14432305171	TRUE	TRUE	TRUE
6893	39073.7569131653	4553.30240649066	TRUE	FALSE	TRUE
6894	37187.4072141264	5222.26306200317	TRUE	TRUE	TRUE
6895	35072.7998503772	6653.43357748207	TRUE	TRUE	TRUE
6896	37505.4427203069	5194.7825940783	TRUE	TRUE	TRUE
6897	36032.4768208957	6622.74602893859	TRUE	TRUE	TRUE
6898	36813.1071658342	5746.56203281132	TRUE	TRUE	TRUE
6899	39780.3391119645	5751.08846463811	TRUE	TRUE	TRUE
6900	34993.752159641	6061.17652933187	TRUE	TRUE	TRUE
6901	36545.3515986288	6297.2770779532	TRUE	TRUE	TRUE
6902	39090.9195632505	4798.26167659939	TRUE	TRUE	TRUE
6903	39014.4761889482	5005.4438584076	TRUE	TRUE	TRUE
6904	40623.4054021632	4580.12636881071	TRUE	FALSE	TRUE
6905	37460.6324780027	5273.92654972262	TRUE	TRUE	TRUE
6906	38219.7312278667	5655.79896338155	TRUE	TRUE	TRUE
6907	36372.7199876578	6039.48169194549	TRUE	TRUE	TRUE
6908	34438.4359416185	6761.93933437575	TRUE	TRUE	TRUE
6909	37546.6896622457	5582.68485753128	TRUE	TRUE	TRUE
6910	38286.7511882472	5109.99158899058	TRUE	TRUE	TRUE
6911	36936.3982054192	5932.11885188278	TRUE	TRUE	TRUE
6912	33540.9220741227	7442.23454108398	TRUE	TRUE	TRUE
6913	36916.0638121657	6149.55032352792	TRUE	TRUE	TRUE
6914	38088.5235604444	5216.39363473484	TRUE	TRUE	TRUE
6915	37285.6229157126	5296.7493255423	TRUE	TRUE	TRUE
6916	36543.7830787022	6357.852195178	TRUE	TRUE	TRUE
6917	38398.2868891095	4884.38729609281	TRUE	TRUE	TRUE
6918	38457.1054624776	5635.36174824651	TRUE	TRUE	TRUE
6919	37849.4108228003	5376.99272587859	TRUE	TRUE	TRUE
6920	39561.4500512583	4610.685337592	TRUE	TRUE	TRUE
6921	38403.4616372652	5616.46242438794	TRUE	TRUE	TRUE
6922	38509.376844868	5172.3467621	TRUE	TRUE	TRUE
6923	34030.1615776408	6526.82936689363	TRUE	TRUE	TRUE
6924	35884.7553320664	6405.29868238806	TRUE	TRUE	TRUE
6925	38788.9146930863	4919.56877122155	TRUE	TRUE	TRUE
6926	37487.6187138338	5225.24296913911	TRUE	TRUE	TRUE
6927	38694.6770749323	4790.03374243348	TRUE	TRUE	TRUE
6928	39762.682352386	5319.66114819981	TRUE	TRUE	TRUE
6929	37215.1518709143	5611.764381951	TRUE	TRUE	TRUE
6930	37723.5792832985	5406.22997404286	TRUE	TRUE	TRUE
6931	39039.172589501	5025.69325591389	TRUE	TRUE	TRUE
6932	40242.4651434928	4727.85301114253	TRUE	TRUE	TRUE
6933	38566.2094047375	5250.97195548954	TRUE	TRUE	TRUE
6934	38718.6054227584	5308.5152517321	TRUE	TRUE	TRUE
6935	37166.4920396304	5201.74313404594	TRUE	TRUE	TRUE
6936	37633.5761712093	5929.44629237126	TRUE	TRUE	TRUE
6937	37474.5386482473	6108.06360863655	TRUE	TRUE	TRUE
6938	39342.0855669071	4754.85858906718	TRUE	TRUE	TRUE
6939	37685.0844382588	5198.50719001837	TRUE	TRUE	TRUE
6940	39815.1016372765	4565.5270627831	TRUE	FALSE	TRUE
6941	38616.3549329742	5553.81219946945	TRUE	TRUE	TRUE
6942	36025.8395547163	5915.16585593883	TRUE	TRUE	TRUE
6943	35636.0058523287	6452.91559516146	TRUE	TRUE	TRUE
6944	36530.1885108506	5730.86204368282	TRUE	TRUE	TRUE
6945	35947.9720113473	6165.79357225405	TRUE	TRUE	TRUE
6946	40031.2507211376	4695.24218571058	TRUE	TRUE	TRUE
6947	36056.7425890654	5883.45527421832	TRUE	TRUE	TRUE
6948	37107.7117303263	5814.15164341698	TRUE	TRUE	TRUE
6949	40727.1827477083	4443.95640748912	TRUE	FALSE	TRUE
6950	39385.2595966859	4827.59200341815	TRUE	TRUE	TRUE
6951	35969.5751968094	6035.14032283409	TRUE	TRUE	TRUE
6952	36421.4320414858	5495.80426115757	TRUE	TRUE	TRUE
6953	38359.9084210678	5045.99247821603	TRUE	TRUE	TRUE
6954	38697.9630257301	5264.07325303232	TRUE	TRUE	TRUE
6955	37918.9802422462	5919.99129020087	TRUE	TRUE	TRUE
6956	38574.0736596821	5161.78820972498	TRUE	TRUE	TRUE
6957	36541.6716552815	6485.01763058558	TRUE	TRUE	TRUE
6958	34113.4137372286	6542.15901137974	TRUE	TRUE	TRUE
6959	37018.6366902023	5461.56331938545	TRUE	TRUE	TRUE
6960	36921.9280773199	5415.38795052566	TRUE	TRUE	TRUE
6961	36910.2944424346	5885.46767247423	TRUE	TRUE	TRUE
6962	38952.2303443211	4847.2881862649	TRUE	TRUE	TRUE
6963	35894.3839354074	5836.00488023132	TRUE	TRUE	TRUE
6964	39867.3505710197	4778.94938271935	TRUE	TRUE	TRUE
6965	40166.5172212967	4737.37246496508	TRUE	TRUE	TRUE
6966	36524.8169358596	6438.19731630114	TRUE	TRUE	TRUE
6967	38564.0530556183	5142.15906709996	TRUE	TRUE	TRUE
6968	32098.7110079358	7648.97903880152	TRUE	TRUE	TRUE
6969	38210.7282131434	5029.36359279592	TRUE	TRUE	TRUE
6970	38194.8107559589	5842.75197080751	TRUE	TRUE	TRUE
6971	37304.4643656483	6371.81741865796	TRUE	TRUE	TRUE
6972	36671.3416101652	5617.32434330548	TRUE	TRUE	TRUE
6973	41508.8704096759	4459.08003753309	TRUE	FALSE	TRUE
6974	39931.018303212	4727.14923404768	TRUE	TRUE	TRUE
6975	38775.7639427923	4915.24209775924	TRUE	TRUE	TRUE
6976	40896.0013244024	4856.79493608525	TRUE	TRUE	TRUE
6977	36036.9711677463	6643.88127706606	TRUE	TRUE	TRUE
6978	37239.6750542702	5140.89820705486	TRUE	TRUE	TRUE
6979	38093.834839422	5283.97179498533	TRUE	TRUE	TRUE
6980	33832.4737879993	8184.55593874493	TRUE	TRUE	TRUE
6981	38027.5803793306	4975.37485903892	TRUE	TRUE	TRUE
6982	38629.0263461467	5477.75845497357	TRUE	TRUE	TRUE
6983	39341.9137414764	5178.15988227877	TRUE	TRUE	TRUE
6984	38737.0305001838	5337.82929906786	TRUE	TRUE	TRUE
6985	39489.2575368546	4640.40802491574	TRUE	TRUE	TRUE
6986	37974.0169684236	5808.29435202564	TRUE	TRUE	TRUE
6987	36021.5499255357	5821.49927191601	TRUE	TRUE	TRUE
6988	34921.7333495182	7620.87891334278	TRUE	TRUE	TRUE
6989	36300.1245349689	5506.97975555662	TRUE	TRUE	TRUE
6990	37174.8230227917	5580.46823521543	TRUE	TRUE	TRUE
6991	39874.8123026004	4712.77851011689	TRUE	TRUE	TRUE
6992	38268.7284558648	4881.16281730514	TRUE	TRUE	TRUE
6993	41174.2798004006	4479.35979057974	TRUE	FALSE	TRUE
6994	36237.3109138611	6096.24912855663	TRUE	TRUE	TRUE
6995	33633.5395070401	7698.09965155515	TRUE	TRUE	TRUE
6996	38230.5095661853	5813.02495660388	TRUE	TRUE	TRUE
6997	39359.2590642526	4871.6260588068	TRUE	TRUE	TRUE
6998	36381.4329375022	5721.88888916238	TRUE	TRUE	TRUE
6999	36235.8751447202	5766.32849486542	TRUE	TRUE	TRUE
7000	38594.4096604923	5275.17199112387	TRUE	TRUE	TRUE
7001	38770.6744615139	5142.85600464328	TRUE	TRUE	TRUE
7002	36332.8879333199	5688.04199269779	TRUE	TRUE	TRUE
7003	37154.6717291429	5685.19084587753	TRUE	TRUE	TRUE
7004	39538.3079276693	4574.22718639183	TRUE	FALSE	TRUE
7005	35762.2546229908	6420.15523896973	TRUE	TRUE	TRUE
7006	35852.3464465856	6521.53694000133	TRUE	TRUE	TRUE
7007	33817.8062539236	6379.38173750169	TRUE	TRUE	TRUE
7008	39264.6073943671	5008.44956469636	TRUE	TRUE	TRUE
7009	37459.0804845754	5890.54765723082	TRUE	TRUE	TRUE
7010	39306.5053676562	5431.75864705588	TRUE	TRUE	TRUE
7011	38581.3651537854	4924.1070508352	TRUE	TRUE	TRUE
7012	38018.4095982256	5061.21570367674	TRUE	TRUE	TRUE
7013	40225.9098431279	4632.43262343556	TRUE	TRUE	TRUE
7014	37727.5015191434	5196.33843585597	TRUE	TRUE	TRUE
7015	36623.177282323	5558.1421086061	TRUE	TRUE	TRUE
7016	36381.7468013442	5546.8469568087	TRUE	TRUE	TRUE
7017	36408.686411627	5893.42982342564	TRUE	TRUE	TRUE
7018	38654.5938662004	6615.64867967889	TRUE	TRUE	TRUE
7019	38118.244699892	5585.58294150369	TRUE	TRUE	TRUE
7020	39530.0176837807	4835.73182865847	TRUE	TRUE	TRUE
7021	38247.1862560636	5073.14965471137	TRUE	TRUE	TRUE
7022	37442.8436375561	6529.11309278551	TRUE	TRUE	TRUE
7023	37878.9584392986	5262.89338958007	TRUE	TRUE	TRUE
7024	39831.0451684964	4884.99994179571	TRUE	TRUE	TRUE
7025	36655.3856801602	6080.63352078836	TRUE	TRUE	TRUE
7026	36597.0653771898	5939.41092985133	TRUE	TRUE	TRUE
7027	37330.5945742597	5704.0594192661	TRUE	TRUE	TRUE
7028	36048.8007053478	5882.20564566116	TRUE	TRUE	TRUE
7029	37895.2187324338	5234.41317643414	TRUE	TRUE	TRUE
7030	37170.2170085744	5936.71828559258	TRUE	TRUE	TRUE
7031	38282.2370439451	4975.3026699695	TRUE	TRUE	TRUE
7032	39990.5222143259	4773.40401291393	TRUE	TRUE	TRUE
7033	36484.1132142743	5754.32382321691	TRUE	TRUE	TRUE
7034	35767.0678767768	5567.49698497777	TRUE	TRUE	TRUE
7035	36655.64363959	5677.43166039132	TRUE	TRUE	TRUE
7036	37540.4093047881	5230.29167715659	TRUE	TRUE	TRUE
7037	33388.8075948814	8473.67304717645	TRUE	TRUE	TRUE
7038	37525.4770618258	5348.30377349259	TRUE	TRUE	TRUE
7039	38567.6818842521	5753.29185758784	TRUE	TRUE	TRUE
7040	35123.1848887794	6554.74639176609	TRUE	TRUE	TRUE
7041	38181.5962147561	5360.87831466026	TRUE	TRUE	TRUE
7042	38469.579596639	5072.42665159201	TRUE	TRUE	TRUE
7043	39056.8112042081	4562.11576683717	TRUE	FALSE	TRUE
7044	39169.6408032586	6025.32454226998	TRUE	TRUE	TRUE
7045	37513.5475760207	5440.89262797024	TRUE	TRUE	TRUE
7046	38236.9824283317	5310.75416990378	TRUE	TRUE	TRUE
7047	39113.2149828932	5396.32364806783	TRUE	TRUE	TRUE
7048	36936.7536658069	5355.43801239354	TRUE	TRUE	TRUE
7049	37135.7242598096	6659.21428719916	TRUE	TRUE	TRUE
7050	32995.2784748647	7918.98562050605	TRUE	TRUE	TRUE
7051	38236.6525504809	5390.58819889908	TRUE	TRUE	TRUE
7052	37999.4143342051	5504.3032699753	TRUE	TRUE	TRUE
7053	34958.831254284	6353.48011073092	TRUE	TRUE	TRUE
7054	35618.3730842092	6123.47361559291	TRUE	TRUE	TRUE
7055	36666.5480183608	5657.17393084678	TRUE	TRUE	TRUE
7056	39569.1188051282	4968.08979542116	TRUE	TRUE	TRUE
7057	39093.1549513927	4977.17667379737	TRUE	TRUE	TRUE
7058	36643.53246592	5924.27925361101	TRUE	TRUE	TRUE
7059	37540.5464044269	5347.9888094599	TRUE	TRUE	TRUE
7060	37800.9371344536	5079.60673062541	TRUE	TRUE	TRUE
7061	40234.6976848737	4728.87594848669	TRUE	TRUE	TRUE
7062	38944.4673113467	5510.13932422128	TRUE	TRUE	TRUE
7063	38996.635792639	4650.68190998137	TRUE	TRUE	TRUE
7064	37558.3629482619	5326.68503229044	TRUE	TRUE	TRUE
7065	40106.1562161533	4775.02697187136	TRUE	TRUE	TRUE
7066	36613.9452585912	6103.78475932226	TRUE	TRUE	TRUE
7067	40543.5085625	5215.22347620103	TRUE	TRUE	TRUE
7068	38354.1129016363	4904.15346844574	TRUE	TRUE	TRUE
7069	38794.2498528085	4848.73062394165	TRUE	TRUE	TRUE
7070	38224.5332670988	5040.26803595669	TRUE	TRUE	TRUE
7071	39668.4871932312	4475.90245030007	TRUE	FALSE	TRUE
7072	38419.9314752725	4921.38490913722	TRUE	TRUE	TRUE
7073	37125.7674084454	5337.65540043933	TRUE	TRUE	TRUE
7074	37284.861748801	5933.65435046639	TRUE	TRUE	TRUE
7075	37406.5821838076	6555.30192795779	TRUE	TRUE	TRUE
7076	39666.2049381315	4882.86008808849	TRUE	TRUE	TRUE
7077	34975.5937577947	7324.4996664959	TRUE	TRUE	TRUE
7078	37171.1598118718	5902.57109345403	TRUE	TRUE	TRUE
7079	39227.1014643616	4689.96737333475	TRUE	TRUE	TRUE
7080	38565.8967973317	5238.73434485128	TRUE	TRUE	TRUE
7081	39906.7413417872	5047.11634557719	TRUE	TRUE	TRUE
7082	37014.7383083214	5514.51558905304	TRUE	TRUE	TRUE
7083	38170.7578649917	5896.47991356682	TRUE	TRUE	TRUE
7084	33713.4438604735	6286.84110080518	TRUE	TRUE	TRUE
7085	38416.6882489082	5153.68855888515	TRUE	TRUE	TRUE
7086	38693.2405142314	5179.43072435785	TRUE	TRUE	TRUE
7087	34438.3137184347	6769.00458294419	TRUE	TRUE	TRUE
7088	35914.0636474953	6600.97520472874	TRUE	TRUE	TRUE
7089	38084.0068789828	5860.3780039975	TRUE	TRUE	TRUE
7090	37701.4729565492	4969.48728524888	TRUE	TRUE	TRUE
7091	40160.6439372631	4773.64493886924	TRUE	TRUE	TRUE
7092	39123.3680950282	4869.10273360007	TRUE	TRUE	TRUE
7093	35793.6420014203	6801.05128531547	TRUE	TRUE	TRUE
7094	35383.0278361902	6563.95922134771	TRUE	TRUE	TRUE
7095	36802.9551205385	5684.08421946989	TRUE	TRUE	TRUE
7096	38074.2544141529	5086.01144078113	TRUE	TRUE	TRUE
7097	43699.9842356299	3556.02967525616	FALSE	FALSE	TRUE
7098	33195.003850994	7776.3091169745	TRUE	TRUE	TRUE
7099	37249.9766353089	5962.59978949448	TRUE	TRUE	TRUE
7100	35991.4913980385	5865.89334566307	TRUE	TRUE	TRUE
7101	38609.7794020968	5056.13276462884	TRUE	TRUE	TRUE
7102	37671.4008536575	5473.78498233642	TRUE	TRUE	TRUE
7103	38253.2535190786	4985.64956785625	TRUE	TRUE	TRUE
7104	34943.6962994839	6593.23538913018	TRUE	TRUE	TRUE
7105	37148.9661796869	5410.04253265731	TRUE	TRUE	TRUE
7106	37853.672787613	5624.0272915244	TRUE	TRUE	TRUE
7107	35427.2916769789	5866.62635611335	TRUE	TRUE	TRUE
7108	37872.6884973062	5337.60671568008	TRUE	TRUE	TRUE
7109	33894.1204518467	7254.01946275396	TRUE	TRUE	TRUE
7110	42298.9211021426	4220.68233079695	FALSE	FALSE	TRUE
7111	37471.5454351067	5218.27266427056	TRUE	TRUE	TRUE
7112	35229.0104271003	6947.46616536008	TRUE	TRUE	TRUE
7113	34320.5646971372	6612.49539545951	TRUE	TRUE	TRUE
7114	35947.815878189	5758.9010794177	TRUE	TRUE	TRUE
7115	37122.0615417784	5709.81942132848	TRUE	TRUE	TRUE
7116	35080.0970040496	6747.38843532886	TRUE	TRUE	TRUE
7117	39862.1248213806	4766.28848157806	TRUE	TRUE	TRUE
7118	37166.6042867386	5347.12295176431	TRUE	TRUE	TRUE
7119	36212.7449983192	5601.57741812821	TRUE	TRUE	TRUE
7120	38015.7003806081	6560.52547960918	TRUE	TRUE	TRUE
7121	38880.0847433681	5624.29943502838	TRUE	TRUE	TRUE
7122	39397.5388526364	5084.90953177364	TRUE	TRUE	TRUE
7123	40253.3435579816	4929.36461093602	TRUE	TRUE	TRUE
7124	36224.5152698686	6055.26542404348	TRUE	TRUE	TRUE
7125	37727.5676823971	5338.37557750085	TRUE	TRUE	TRUE
7126	37613.8532906661	5367.62657719811	TRUE	TRUE	TRUE
7127	38329.3254916292	5728.91471263291	TRUE	TRUE	TRUE
7128	38669.0583859862	5384.29599057227	TRUE	TRUE	TRUE
7129	37309.7386252374	5317.24682325935	TRUE	TRUE	TRUE
7130	37566.122296458	5168.21014435653	TRUE	TRUE	TRUE
7131	39020.5185784001	5469.5919730381	TRUE	TRUE	TRUE
7132	37641.3407751467	5878.62279542847	TRUE	TRUE	TRUE
7133	38580.2033919735	5123.2435402204	TRUE	TRUE	TRUE
7134	32963.1008088323	8193.32715958668	TRUE	TRUE	TRUE
7135	34773.4826535324	6974.35803008749	TRUE	TRUE	TRUE
7136	37080.4344928425	5763.53253849246	TRUE	TRUE	TRUE
7137	38235.0691699228	5278.95344293705	TRUE	TRUE	TRUE
7138	39891.2999237922	5699.37596567589	TRUE	TRUE	TRUE
7139	39963.8369946705	5710.73009216246	TRUE	TRUE	TRUE
7140	38094.731076448	5082.12625894606	TRUE	TRUE	TRUE
7141	39474.9783481893	4959.99522053941	TRUE	TRUE	TRUE
7142	37158.7686234701	6148.92252739164	TRUE	TRUE	TRUE
7143	35718.8505655501	6602.01159309499	TRUE	TRUE	TRUE
7144	31722.2952425279	8315.6651341445	TRUE	TRUE	TRUE
7145	40170.9180819305	5401.25224275298	TRUE	TRUE	TRUE
7146	37817.9851003054	5045.88157577322	TRUE	TRUE	TRUE
7147	39890.7977945526	4784.58907313567	TRUE	TRUE	TRUE
7148	39350.7657727002	5141.22902277948	TRUE	TRUE	TRUE
7149	38130.0359928024	4950.30058037568	TRUE	TRUE	TRUE
7150	38357.7391021009	5562.64927477267	TRUE	TRUE	TRUE
7151	36250.44120322	6112.65843356054	TRUE	TRUE	TRUE
7152	37349.9817077072	5686.1616078791	TRUE	TRUE	TRUE
7153	38940.546184224	4677.6581970155	TRUE	TRUE	TRUE
7154	37820.0470211042	5634.846018255	TRUE	TRUE	TRUE
7155	37892.1780474924	5363.02237096085	TRUE	TRUE	TRUE
7156	35826.736359576	6300.75311710337	TRUE	TRUE	TRUE
7157	39682.5398148773	5100.29325137686	TRUE	TRUE	TRUE
7158	37875.723404797	5513.54765471962	TRUE	TRUE	TRUE
7159	36841.1863215217	5418.00255796358	TRUE	TRUE	TRUE
7160	39971.0837536528	5132.03274169309	TRUE	TRUE	TRUE
7161	36521.4438444698	6079.51139205991	TRUE	TRUE	TRUE
7162	31805.28050871	9033.45479675482	TRUE	TRUE	TRUE
7163	37441.3796715834	5158.74381272156	TRUE	TRUE	TRUE
7164	37508.7054320235	5815.36735277231	TRUE	TRUE	TRUE
7165	37323.7627566428	5775.97397175933	TRUE	TRUE	TRUE
7166	38992.4227759275	5017.32751662947	TRUE	TRUE	TRUE
7167	35718.3273368605	6037.80966803729	TRUE	TRUE	TRUE
7168	31529.0171741416	8643.35209181518	TRUE	TRUE	TRUE
7169	37723.3402700239	5258.65515671904	TRUE	TRUE	TRUE
7170	36639.4856467546	5853.95482020471	TRUE	TRUE	TRUE
7171	39133.6805986259	4744.27617075009	TRUE	TRUE	TRUE
7172	36956.6142643074	5427.80302309348	TRUE	TRUE	TRUE
7173	37223.5517606144	5333.80734880327	TRUE	TRUE	TRUE
7174	34886.9558716511	6679.21249350118	TRUE	TRUE	TRUE
7175	37777.1847169755	6367.62988764925	TRUE	TRUE	TRUE
7176	35311.1668899254	6824.63662730996	TRUE	TRUE	TRUE
7177	37470.4878778235	5839.80601596776	TRUE	TRUE	TRUE
7178	38014.7142487301	4982.34887470869	TRUE	TRUE	TRUE
7179	38135.8137929792	5919.40930589431	TRUE	TRUE	TRUE
7180	38157.2424024022	5149.52259285155	TRUE	TRUE	TRUE
7181	39388.8078405013	4694.33704745563	TRUE	TRUE	TRUE
7182	39386.026268631	5325.53471364011	TRUE	TRUE	TRUE
7183	37343.4038503144	6026.9995894029	TRUE	TRUE	TRUE
7184	39078.3611686178	5044.89945670704	TRUE	TRUE	TRUE
7185	39982.2042989364	4950.41386802644	TRUE	TRUE	TRUE
7186	38222.249091092	5145.36830317193	TRUE	TRUE	TRUE
7187	37112.4640616665	5755.85278242807	TRUE	TRUE	TRUE
7188	35993.7734943497	5973.92189596234	TRUE	TRUE	TRUE
7189	38103.7325811427	5059.59993962736	TRUE	TRUE	TRUE
7190	37722.0671291069	5222.49502992186	TRUE	TRUE	TRUE
7191	36163.4388101079	6997.36605860223	TRUE	TRUE	TRUE
7192	38840.2991707261	4909.9507298701	TRUE	TRUE	TRUE
7193	38281.1770351368	5081.2480130092	TRUE	TRUE	TRUE
7194	38904.652198609	4618.12027054416	TRUE	TRUE	TRUE
7195	41033.9036720696	4288.39611228744	TRUE	FALSE	TRUE
7196	37025.4387502688	5680.334143626	TRUE	TRUE	TRUE
7197	37469.1219932794	5512.92466620652	TRUE	TRUE	TRUE
7198	38490.8049288227	4974.05362263393	TRUE	TRUE	TRUE
7199	35790.1793018262	6025.78456952499	TRUE	TRUE	TRUE
7200	36682.2756469268	5613.48552835562	TRUE	TRUE	TRUE
7201	38137.3752330185	5324.63171484059	TRUE	TRUE	TRUE
7202	34752.6601316675	7003.36129251458	TRUE	TRUE	TRUE
7203	36093.5563095608	6060.39745491088	TRUE	TRUE	TRUE
7204	37938.1868686235	5648.5932582315	TRUE	TRUE	TRUE
7205	38296.2875787388	5097.46463970862	TRUE	TRUE	TRUE
7206	40100.5239487623	4787.5420351343	TRUE	TRUE	TRUE
7207	37539.3658816079	5504.73280941235	TRUE	TRUE	TRUE
7208	36706.3562735292	5980.64136385437	TRUE	TRUE	TRUE
7209	35332.1526036999	6573.56921738326	TRUE	TRUE	TRUE
7210	38368.0112641529	4947.55170664498	TRUE	TRUE	TRUE
7211	38066.6733986603	5016.28832432403	TRUE	TRUE	TRUE
7212	38058.5179287263	5313.48252082455	TRUE	TRUE	TRUE
7213	36648.2439709323	5550.91465170371	TRUE	TRUE	TRUE
7214	36279.9705101476	6396.29312503154	TRUE	TRUE	TRUE
7215	31854.2005883461	9272.65113810768	TRUE	TRUE	TRUE
7216	39623.2194103716	4780.03834760432	TRUE	TRUE	TRUE
7217	36976.5487626359	5326.14807001663	TRUE	TRUE	TRUE
7218	39103.1237601746	6364.54756074961	TRUE	TRUE	TRUE
7219	37975.8543060315	5274.82223750874	TRUE	TRUE	TRUE
7220	40138.1034988021	4705.17581393734	TRUE	TRUE	TRUE
7221	40263.2360988804	4908.18634903891	TRUE	TRUE	TRUE
7222	35530.3928015065	6363.35484517947	TRUE	TRUE	TRUE
7223	39264.255078795	5068.20463754412	TRUE	TRUE	TRUE
7224	36245.2821420933	6032.26021340413	TRUE	TRUE	TRUE
7225	33722.445332732	7067.86916850885	TRUE	TRUE	TRUE
7226	37765.8642301058	5324.13379799398	TRUE	TRUE	TRUE
7227	37085.9372481339	5671.1992527297	TRUE	TRUE	TRUE
7228	37500.4076855426	5273.71025427656	TRUE	TRUE	TRUE
7229	38469.9506795031	5030.07058787115	TRUE	TRUE	TRUE
7230	33695.7483646297	7351.89765601165	TRUE	TRUE	TRUE
7231	38532.8203227396	4814.27111620251	TRUE	TRUE	TRUE
7232	36924.9465817374	5653.953368832	TRUE	TRUE	TRUE
7233	38906.4897135631	4959.37027326366	TRUE	TRUE	TRUE
7234	33058.96533585	7058.27719848633	TRUE	TRUE	TRUE
7235	38706.6036745527	5305.32611878854	TRUE	TRUE	TRUE
7236	38688.2367183815	4788.03563946829	TRUE	TRUE	TRUE
7237	34814.4933844232	6933.66442926943	TRUE	TRUE	TRUE
7238	37204.8353176643	6590.60384816538	TRUE	TRUE	TRUE
7239	33532.9808091066	7063.58866031005	TRUE	TRUE	TRUE
7240	36766.0704164671	5397.61402793763	TRUE	TRUE	TRUE
7241	33047.7954352473	7346.29885216093	TRUE	TRUE	TRUE
7242	39274.7769948354	5184.07959923914	TRUE	TRUE	TRUE
7243	40317.6459635819	4519.70780636679	TRUE	FALSE	TRUE
7244	39419.2568306475	4746.83363117122	TRUE	TRUE	TRUE
7245	36972.5415551842	5512.1159796341	TRUE	TRUE	TRUE
7246	38707.5096759683	5045.33649307214	TRUE	TRUE	TRUE
7247	38125.6342297686	5114.29151752274	TRUE	TRUE	TRUE
7248	35457.7365188226	6532.87170912031	TRUE	TRUE	TRUE
7249	38063.2102752466	5096.04399419517	TRUE	TRUE	TRUE
7250	40910.5141537634	4654.21279886218	TRUE	TRUE	TRUE
7251	36963.0964208348	5729.18363270349	TRUE	TRUE	TRUE
7252	36769.7579392622	6403.75017035272	TRUE	TRUE	TRUE
7253	35998.6774524384	6120.0049897464	TRUE	TRUE	TRUE
7254	36849.1474317948	6204.86806233573	TRUE	TRUE	TRUE
7255	38580.0227587113	4977.39252000985	TRUE	TRUE	TRUE
7256	35604.6240815992	6179.96081493785	TRUE	TRUE	TRUE
7257	36618.8604082008	5861.61812835788	TRUE	TRUE	TRUE
7258	34666.603762625	6811.96703113931	TRUE	TRUE	TRUE
7259	39067.6712169535	5260.79805029525	TRUE	TRUE	TRUE
7260	40067.8372800667	4804.41981423649	TRUE	TRUE	TRUE
7261	35332.864701756	6504.56494166477	TRUE	TRUE	TRUE
7262	37496.5647995119	5459.79027636766	TRUE	TRUE	TRUE
7263	39692.6607084333	4738.13935634444	TRUE	TRUE	TRUE
7264	39021.5495027449	4980.88596568169	TRUE	TRUE	TRUE
7265	36347.6919630064	6282.53037887234	TRUE	TRUE	TRUE
7266	36195.6445067689	6367.69381017387	TRUE	TRUE	TRUE
7267	37642.4586472739	5780.19892213409	TRUE	TRUE	TRUE
7268	38826.7179503441	5196.0123332838	TRUE	TRUE	TRUE
7269	40807.8818642281	4409.55900859311	TRUE	FALSE	TRUE
7270	37910.8423261348	5378.65946796035	TRUE	TRUE	TRUE
7271	38588.3896235036	5141.41294823892	TRUE	TRUE	TRUE
7272	38666.6918288489	5273.01990772424	TRUE	TRUE	TRUE
7273	37956.7065593717	5437.74418928469	TRUE	TRUE	TRUE
7274	40446.2152368884	4479.59434118208	TRUE	FALSE	TRUE
7275	37996.3440066929	5822.10314810131	TRUE	TRUE	TRUE
7276	38779.1054800073	4975.46083164724	TRUE	TRUE	TRUE
7277	38768.4519115177	5111.13258614498	TRUE	TRUE	TRUE
7278	38604.6364866216	5235.45015597798	TRUE	TRUE	TRUE
7279	36733.3315052139	6412.49860790503	TRUE	TRUE	TRUE
7280	38648.3346490532	5071.25813720634	TRUE	TRUE	TRUE
7281	35857.1372148595	6183.13896307123	TRUE	TRUE	TRUE
7282	38930.7350354901	5426.93265342322	TRUE	TRUE	TRUE
7283	38343.4807147838	5000.10486507586	TRUE	TRUE	TRUE
7284	36633.5535027291	5804.78218751218	TRUE	TRUE	TRUE
7285	36946.4893525459	5723.00384468255	TRUE	TRUE	TRUE
7286	37196.1813183545	5713.13501109988	TRUE	TRUE	TRUE
7287	36468.1866092863	6107.11496052859	TRUE	TRUE	TRUE
7288	37684.5251274268	5174.40488820189	TRUE	TRUE	TRUE
7289	38751.9836120495	4726.727731704	TRUE	TRUE	TRUE
7290	37138.3057503201	5819.18191293276	TRUE	TRUE	TRUE
7291	38527.8426805002	5026.19107164217	TRUE	TRUE	TRUE
7292	39274.0095963179	4852.429424251	TRUE	TRUE	TRUE
7293	39053.1144645864	4820.08455813696	TRUE	TRUE	TRUE
7294	37200.5280841069	5385.22192269141	TRUE	TRUE	TRUE
7295	34506.2277573559	7975.78299574533	TRUE	TRUE	TRUE
7296	36802.9439242928	5559.96482042539	TRUE	TRUE	TRUE
7297	37411.0129740742	5892.2383047253	TRUE	TRUE	TRUE
7298	35588.6024289971	6395.05464826379	TRUE	TRUE	TRUE
7299	37912.1686484141	5559.60318474932	TRUE	TRUE	TRUE
7300	38845.199925275	4907.32577650542	TRUE	TRUE	TRUE
7301	37745.8277487641	5230.54085984297	TRUE	TRUE	TRUE
7302	37152.1158324911	5811.74840129559	TRUE	TRUE	TRUE
7303	39231.9633270936	4792.16300141446	TRUE	TRUE	TRUE
7304	38342.7815229123	4810.57882334387	TRUE	TRUE	TRUE
7305	34801.6500879593	6406.22905324308	TRUE	TRUE	TRUE
7306	35931.3004847917	6031.17827859934	TRUE	TRUE	TRUE
7307	35676.9276373719	6094.12649570531	TRUE	TRUE	TRUE
7308	38095.0761530722	5703.48828825533	TRUE	TRUE	TRUE
7309	34229.1131032503	7383.47783907133	TRUE	TRUE	TRUE
7310	34523.9911488808	6316.19461743709	TRUE	TRUE	TRUE
7311	36990.499338514	5967.61411103174	TRUE	TRUE	TRUE
7312	36176.5426137002	6346.5392886832	TRUE	TRUE	TRUE
7313	38613.8998232003	5357.54209404272	TRUE	TRUE	TRUE
7314	38066.8951280021	5587.19464445855	TRUE	TRUE	TRUE
7315	36121.9645523157	5894.49097102861	TRUE	TRUE	TRUE
7316	34803.2614069195	6228.04737183079	TRUE	TRUE	TRUE
7317	36261.3441124277	5851.72082176846	TRUE	TRUE	TRUE
7318	32215.128402494	9004.60832399614	TRUE	TRUE	TRUE
7319	39030.8244410081	5159.2752558098	TRUE	TRUE	TRUE
7320	37823.1547607091	5391.81194597191	TRUE	TRUE	TRUE
7321	34201.6154256676	6712.4713760834	TRUE	TRUE	TRUE
7322	35297.3199262311	6203.57795483699	TRUE	TRUE	TRUE
7323	38383.527244001	6226.32899256047	TRUE	TRUE	TRUE
7324	39052.0877817954	5011.39458050066	TRUE	TRUE	TRUE
7325	39549.0357288658	4781.29573249088	TRUE	TRUE	TRUE
7326	33659.5977743335	7293.08811761188	TRUE	TRUE	TRUE
7327	39573.9810994979	5663.10446349772	TRUE	TRUE	TRUE
7328	36728.1039449671	5710.07018115421	TRUE	TRUE	TRUE
7329	37960.2762382165	5212.53640374894	TRUE	TRUE	TRUE
7330	37700.0446685009	5551.93975934367	TRUE	TRUE	TRUE
7331	35171.0138278733	6722.18455311527	TRUE	TRUE	TRUE
7332	35876.4738507918	7338.36672461551	TRUE	TRUE	TRUE
7333	38977.0993297348	4750.86433537248	TRUE	TRUE	TRUE
7334	35650.2887010743	6019.78771102799	TRUE	TRUE	TRUE
7335	35016.0094303786	6329.67422089677	TRUE	TRUE	TRUE
7336	39421.0070449002	4875.05841519978	TRUE	TRUE	TRUE
7337	37179.8035439627	5637.92696434416	TRUE	TRUE	TRUE
7338	38459.8320309761	5196.23154498797	TRUE	TRUE	TRUE
7339	34658.2781980395	6962.77733176958	TRUE	TRUE	TRUE
7340	35736.053051314	6580.84217792292	TRUE	TRUE	TRUE
7341	39088.1710689535	5595.14058307712	TRUE	TRUE	TRUE
7342	37593.7269414731	5392.41457853277	TRUE	TRUE	TRUE
7343	37431.9611888556	5823.21730795559	TRUE	TRUE	TRUE
7344	38547.1474579114	5040.05294932579	TRUE	TRUE	TRUE
7345	38160.6609429557	4994.38602619945	TRUE	TRUE	TRUE
7346	36255.9481311436	5946.21662364647	TRUE	TRUE	TRUE
7347	37764.3502142122	5276.46267051591	TRUE	TRUE	TRUE
7348	38572.1483938549	4777.08823825929	TRUE	TRUE	TRUE
7349	36843.9723384306	6274.01146469504	TRUE	TRUE	TRUE
7350	39175.0866155368	5282.37725905702	TRUE	TRUE	TRUE
7351	38878.1405274005	5225.46137716138	TRUE	TRUE	TRUE
7352	37833.0859674017	5713.07412530654	TRUE	TRUE	TRUE
7353	38747.3201111153	4719.9388159345	TRUE	TRUE	TRUE
7354	38210.1313323287	4836.96385120852	TRUE	TRUE	TRUE
7355	38518.0393438091	5512.92202491549	TRUE	TRUE	TRUE
7356	36319.7069903268	5445.92858478684	TRUE	TRUE	TRUE
7357	40231.8461082074	4514.6232751876	TRUE	FALSE	TRUE
7358	34741.1960297591	7149.04106300631	TRUE	TRUE	TRUE
7359	38303.9998304869	6273.34275582608	TRUE	TRUE	TRUE
7360	39599.1127759162	4719.59754509847	TRUE	TRUE	TRUE
7361	37548.4411552082	5510.30689307088	TRUE	TRUE	TRUE
7362	34403.6923278851	7225.90491080394	TRUE	TRUE	TRUE
7363	36916.3986851075	6204.82090332177	TRUE	TRUE	TRUE
7364	38235.3118603839	5092.10483502141	TRUE	TRUE	TRUE
7365	38988.7891254416	4991.26171105456	TRUE	TRUE	TRUE
7366	36765.7170363175	5788.55297202419	TRUE	TRUE	TRUE
7367	37330.3693017823	5368.02667669775	TRUE	TRUE	TRUE
7368	38725.6425774378	4799.59965926701	TRUE	TRUE	TRUE
7369	39368.2140386199	5061.25393398207	TRUE	TRUE	TRUE
7370	40781.2732609918	4635.75705909775	TRUE	TRUE	TRUE
7371	36424.7278570851	6581.70848353888	TRUE	TRUE	TRUE
7372	39229.0647417522	4870.20631091943	TRUE	TRUE	TRUE
7373	37123.1300409758	5452.5107053635	TRUE	TRUE	TRUE
7374	36910.2379691628	6872.66745840707	TRUE	TRUE	TRUE
7375	35144.650834332	7115.62784287699	TRUE	TRUE	TRUE
7376	35717.0453664791	5833.60941920901	TRUE	TRUE	TRUE
7377	38605.3496838854	4874.19385757946	TRUE	TRUE	TRUE
7378	35554.635965467	5986.35653063843	TRUE	TRUE	TRUE
7379	40027.7879551207	4892.69864252571	TRUE	TRUE	TRUE
7380	38564.1593879881	4933.2938193761	TRUE	TRUE	TRUE
7381	40025.8636856978	5647.67437596305	TRUE	TRUE	TRUE
7382	33964.4640289578	7487.89810564662	TRUE	TRUE	TRUE
7383	39980.9749615415	4784.13663138336	TRUE	TRUE	TRUE
7384	38181.0788645062	5310.32113066691	TRUE	TRUE	TRUE
7385	38848.4068637664	5047.40134630311	TRUE	TRUE	TRUE
7386	37077.772872882	5456.48344687201	TRUE	TRUE	TRUE
7387	38208.2583703963	4896.46579663508	TRUE	TRUE	TRUE
7388	35913.7362917151	6187.0408799289	TRUE	TRUE	TRUE
7389	38513.3563555842	5111.78747481549	TRUE	TRUE	TRUE
7390	35459.430971529	5972.40696206224	TRUE	TRUE	TRUE
7391	38105.9289743899	5098.12439522594	TRUE	TRUE	TRUE
7392	38408.6413804479	5036.21820187023	TRUE	TRUE	TRUE
7393	36999.4490516223	5844.04161983149	TRUE	TRUE	TRUE
7394	36127.2964744394	6379.2460436728	TRUE	TRUE	TRUE
7395	38623.014180531	4943.3072115794	TRUE	TRUE	TRUE
7396	40088.8430860028	4657.56600819869	TRUE	TRUE	TRUE
7397	33149.0448200794	7810.13285492406	TRUE	TRUE	TRUE
7398	38543.4227991831	5072.59336358367	TRUE	TRUE	TRUE
7399	37927.6828072522	5323.64572309313	TRUE	TRUE	TRUE
7400	39882.6772872783	4652.88194818717	TRUE	TRUE	TRUE
7401	37933.2410167142	5244.94084729123	TRUE	TRUE	TRUE
7402	40072.1309987591	4617.95519472545	TRUE	TRUE	TRUE
7403	39043.5561710036	4866.83388850505	TRUE	TRUE	TRUE
7404	38950.0677074095	4942.83140489165	TRUE	TRUE	TRUE
7405	34635.546172425	6970.51992088041	TRUE	TRUE	TRUE
7406	37587.4267121913	5973.62790630471	TRUE	TRUE	TRUE
7407	34825.4559940465	6542.85066225955	TRUE	TRUE	TRUE
7408	37717.2898656644	5405.02267344509	TRUE	TRUE	TRUE
7409	37776.0149778724	5923.85197487287	TRUE	TRUE	TRUE
7410	39232.7902780803	5192.74518404401	TRUE	TRUE	TRUE
7411	38019.7019552093	5360.31762572279	TRUE	TRUE	TRUE
7412	36174.7906154553	6026.36620222686	TRUE	TRUE	TRUE
7413	37065.3027301727	5743.63033112004	TRUE	TRUE	TRUE
7414	38613.9856394816	5301.14570712141	TRUE	TRUE	TRUE
7415	39883.471168156	4585.43447562427	TRUE	FALSE	TRUE
7416	38771.7319732668	5265.45146670912	TRUE	TRUE	TRUE
7417	39984.0979192924	4770.40296217838	TRUE	TRUE	TRUE
7418	37873.1825417631	5599.90727117367	TRUE	TRUE	TRUE
7419	37172.899671273	5676.85572442316	TRUE	TRUE	TRUE
7420	36418.4561920317	6095.80215462766	TRUE	TRUE	TRUE
7421	41015.7282809061	4688.24756927044	TRUE	TRUE	TRUE
7422	38981.850908305	5087.78603036036	TRUE	TRUE	TRUE
7423	30716.5789251125	8450.75905528938	TRUE	TRUE	TRUE
7424	37136.7643314913	5764.86860447475	TRUE	TRUE	TRUE
7425	37327.761903901	5525.13914383782	TRUE	TRUE	TRUE
7426	40003.1070893827	4975.1169736936	TRUE	TRUE	TRUE
7427	34172.6888246242	6733.89874631151	TRUE	TRUE	TRUE
7428	37571.6636286299	5069.29073087831	TRUE	TRUE	TRUE
7429	37971.2202948311	6178.09454922679	TRUE	TRUE	TRUE
7430	36622.4793458291	6163.09949756034	TRUE	TRUE	TRUE
7431	35523.5531558957	5772.83248014139	TRUE	TRUE	TRUE
7432	37272.7095504149	5130.11652988016	TRUE	TRUE	TRUE
7433	38900.9655538095	4905.61046754638	TRUE	TRUE	TRUE
7434	35310.7831389201	6196.25027605495	TRUE	TRUE	TRUE
7435	40728.2549052276	5440.60663679679	TRUE	TRUE	TRUE
7436	36973.8763409703	5599.10917669594	TRUE	TRUE	TRUE
7437	37220.6234398753	5976.91180993814	TRUE	TRUE	TRUE
7438	37609.4911027182	5190.95876131136	TRUE	TRUE	TRUE
7439	36042.6589368815	6103.69333080504	TRUE	TRUE	TRUE
7440	38306.3114473673	5472.04374370043	TRUE	TRUE	TRUE
7441	32748.3494016961	7846.99988483086	TRUE	TRUE	TRUE
7442	38164.3856777112	5612.94871039543	TRUE	TRUE	TRUE
7443	35687.9862612249	6132.95903359822	TRUE	TRUE	TRUE
7444	37327.6292041051	5122.69951616697	TRUE	TRUE	TRUE
7445	38907.9814962032	4802.92158907297	TRUE	TRUE	TRUE
7446	37772.8292639969	5131.02666521726	TRUE	TRUE	TRUE
7447	36707.8462321894	6338.88128620033	TRUE	TRUE	TRUE
7448	37937.6435090574	5045.01806690782	TRUE	TRUE	TRUE
7449	38251.0971841384	5789.99723907518	TRUE	TRUE	TRUE
7450	38416.2310427432	4833.63789601821	TRUE	TRUE	TRUE
7451	38800.8274790369	4965.86266500971	TRUE	TRUE	TRUE
7452	36413.3532041758	6286.58393858425	TRUE	TRUE	TRUE
7453	36692.4637949307	5710.14846385041	TRUE	TRUE	TRUE
7454	39272.7488801288	4836.27572982698	TRUE	TRUE	TRUE
7455	32722.1365365878	8100.68862597141	TRUE	TRUE	TRUE
7456	38365.7121544799	5274.81964668812	TRUE	TRUE	TRUE
7457	37758.6090200838	6420.75355816447	TRUE	TRUE	TRUE
7458	39936.3099362071	5086.04006519531	TRUE	TRUE	TRUE
7459	39620.3556412414	4580.00795306314	TRUE	FALSE	TRUE
7460	35083.1641565743	7075.22450074271	TRUE	TRUE	TRUE
7461	36791.9049641917	5649.7742412054	TRUE	TRUE	TRUE
7462	39407.1382083672	4877.46504992249	TRUE	TRUE	TRUE
7463	37020.7207303398	5654.30285545102	TRUE	TRUE	TRUE
7464	39784.0705676855	4665.03993499719	TRUE	TRUE	TRUE
7465	32244.721649906	8941.65913161494	TRUE	TRUE	TRUE
7466	39378.3103771395	4852.65384525578	TRUE	TRUE	TRUE
7467	37050.9665464254	6010.34219795421	TRUE	TRUE	TRUE
7468	38422.4154458066	4957.48499455656	TRUE	TRUE	TRUE
7469	35925.3878757905	6006.97220834253	TRUE	TRUE	TRUE
7470	41109.3035046862	4472.30879390796	TRUE	FALSE	TRUE
7471	33050.8956409982	6999.6900742976	TRUE	TRUE	TRUE
7472	36211.7664369324	6013.12907438819	TRUE	TRUE	TRUE
7473	35507.7247412909	5954.40419643	TRUE	TRUE	TRUE
7474	38295.7612724783	5957.56844882534	TRUE	TRUE	TRUE
7475	38773.823683104	5321.3261532198	TRUE	TRUE	TRUE
7476	36177.0386282759	6403.25383285198	TRUE	TRUE	TRUE
7477	36809.3165525331	5745.15317702195	TRUE	TRUE	TRUE
7478	37285.1269698115	5222.29941261671	TRUE	TRUE	TRUE
7479	35069.0007019549	6944.1108674784	TRUE	TRUE	TRUE
7480	39379.4176523575	4809.77643053546	TRUE	TRUE	TRUE
7481	37886.137333434	5240.41110317789	TRUE	TRUE	TRUE
7482	39293.0110791535	5232.45317812144	TRUE	TRUE	TRUE
7483	38329.6592387999	5309.77847359445	TRUE	TRUE	TRUE
7484	37453.6468914326	5078.38176517957	TRUE	TRUE	TRUE
7485	35683.0468051974	6454.36839334147	TRUE	TRUE	TRUE
7486	40702.1441647634	4649.27859533121	TRUE	TRUE	TRUE
7487	34899.7074369832	6631.94539652133	TRUE	TRUE	TRUE
7488	34620.472928033	6751.07944013059	TRUE	TRUE	TRUE
7489	37059.0806895751	5621.80975555641	TRUE	TRUE	TRUE
7490	38840.7769651891	4857.52522542065	TRUE	TRUE	TRUE
7491	38581.6866925092	5719.52051549751	TRUE	TRUE	TRUE
7492	37850.6262772344	5660.34613229702	TRUE	TRUE	TRUE
7493	39398.9938839831	5235.09336807795	TRUE	TRUE	TRUE
7494	34400.5977650699	6614.89024840359	TRUE	TRUE	TRUE
7495	36814.2762398466	5911.46707134781	TRUE	TRUE	TRUE
7496	37242.6562781887	5442.63738408783	TRUE	TRUE	TRUE
7497	37405.8700712904	5413.009431765	TRUE	TRUE	TRUE
7498	33077.69476192	6941.3745092381	TRUE	TRUE	TRUE
7499	36059.747726053	6193.09405984204	TRUE	TRUE	TRUE
7500	38625.7402232634	4962.75379634144	TRUE	TRUE	TRUE
7501	37900.5459466127	5275.44653328577	TRUE	TRUE	TRUE
7502	37041.5511514831	5735.40309586408	TRUE	TRUE	TRUE
7503	37963.2124037496	5272.78706637148	TRUE	TRUE	TRUE
7504	33685.3384345044	7306.69395980861	TRUE	TRUE	TRUE
7505	35225.419962126	6890.5160644425	TRUE	TRUE	TRUE
7506	38379.1890138133	5522.96631950621	TRUE	TRUE	TRUE
7507	39052.6529219978	4727.36118168442	TRUE	TRUE	TRUE
7508	39241.7755175964	4886.18251736758	TRUE	TRUE	TRUE
7509	36438.4213973068	5704.79731106059	TRUE	TRUE	TRUE
7510	36358.8468238231	5583.22528075644	TRUE	TRUE	TRUE
7511	43550.6355406155	3751.26993417674	FALSE	FALSE	TRUE
7512	33730.3080582324	7070.69985200855	TRUE	TRUE	TRUE
7513	31997.3210417566	7270.59909699499	TRUE	TRUE	TRUE
7514	37945.6637595127	5305.04346738397	TRUE	TRUE	TRUE
7515	35816.3742224035	6189.46198921609	TRUE	TRUE	TRUE
7516	38923.599959909	4992.54486203228	TRUE	TRUE	TRUE
7517	34309.2950939807	7699.00267456066	TRUE	TRUE	TRUE
7518	37322.5337712517	5540.56103802864	TRUE	TRUE	TRUE
7519	38312.280856255	5293.21584839504	TRUE	TRUE	TRUE
7520	35661.6046846143	6132.61318898187	TRUE	TRUE	TRUE
7521	37974.2596773637	4856.82223711528	TRUE	TRUE	TRUE
7522	37540.2890700573	5276.27752349927	TRUE	TRUE	TRUE
7523	36073.9501952648	6585.20735005514	TRUE	TRUE	TRUE
7524	38794.3988442375	5450.25487688808	TRUE	TRUE	TRUE
7525	40778.1781596515	5379.62889202686	TRUE	TRUE	TRUE
7526	38378.9216129914	5621.88481609302	TRUE	TRUE	TRUE
7527	38433.1658593084	5465.9422863014	TRUE	TRUE	TRUE
7528	36858.091484173	5750.87386200734	TRUE	TRUE	TRUE
7529	38439.2390667866	5109.16766477571	TRUE	TRUE	TRUE
7530	38994.8309806336	4889.31435243282	TRUE	TRUE	TRUE
7531	38612.7813702945	4965.2301719709	TRUE	TRUE	TRUE
7532	36491.2751050122	5940.14383104642	TRUE	TRUE	TRUE
7533	35441.2726952212	7151.2274961009	TRUE	TRUE	TRUE
7534	38458.52169331	4975.64416773971	TRUE	TRUE	TRUE
7535	37563.1602730712	5230.6481449977	TRUE	TRUE	TRUE
7536	34545.8341764259	6181.10177900545	TRUE	TRUE	TRUE
7537	37248.6282817253	5278.47971364712	TRUE	TRUE	TRUE
7538	35978.713377262	6209.44267211654	TRUE	TRUE	TRUE
7539	34974.0827430806	6716.51493335971	TRUE	TRUE	TRUE
7540	40952.2651919607	4508.24505732083	TRUE	FALSE	TRUE
7541	35648.83860314	6238.82250333044	TRUE	TRUE	TRUE
7542	37691.2099362673	5881.92534477593	TRUE	TRUE	TRUE
7543	38024.1874852134	5306.33063125472	TRUE	TRUE	TRUE
7544	40530.2121135213	4673.17054180436	TRUE	TRUE	TRUE
7545	35179.6563794459	6869.93080525404	TRUE	TRUE	TRUE
7546	35544.3841439803	7236.80929970383	TRUE	TRUE	TRUE
7547	38384.1608558585	5936.10922955312	TRUE	TRUE	TRUE
7548	37672.0221129685	5833.35504589099	TRUE	TRUE	TRUE
7549	38923.2500820992	4853.20908799164	TRUE	TRUE	TRUE
7550	37899.9399470896	5128.81029911848	TRUE	TRUE	TRUE
7551	39358.2489372511	4858.20616791078	TRUE	TRUE	TRUE
7552	33270.0592041769	7236.73928360985	TRUE	TRUE	TRUE
7553	37711.6726992518	5183.17569301315	TRUE	TRUE	TRUE
7554	37436.3053098634	5759.60166670746	TRUE	TRUE	TRUE
7555	38073.2671244526	5522.76252468123	TRUE	TRUE	TRUE
7556	40109.4549695868	5120.72779603994	TRUE	TRUE	TRUE
7557	37743.6688727126	5036.03087266008	TRUE	TRUE	TRUE
7558	30894.3187310922	8107.63100130502	TRUE	TRUE	TRUE
7559	32808.8804190361	7592.76681126883	TRUE	TRUE	TRUE
7560	38554.5290843409	4933.64141949998	TRUE	TRUE	TRUE
7561	39141.7273022002	4882.10823092865	TRUE	TRUE	TRUE
7562	37594.7018900642	5307.19247049835	TRUE	TRUE	TRUE
7563	36105.3270187495	6772.34501892658	TRUE	TRUE	TRUE
7564	37721.7457411759	5359.41758369387	TRUE	TRUE	TRUE
7565	40200.1527736333	5177.23532503656	TRUE	TRUE	TRUE
7566	37326.8008342575	5478.34607120915	TRUE	TRUE	TRUE
7567	36628.4952821821	6541.99630309121	TRUE	TRUE	TRUE
7568	35386.2126798285	6878.50326281393	TRUE	TRUE	TRUE
7569	30911.554663866	8838.28152526374	TRUE	TRUE	TRUE
7570	36400.0121911167	6093.16647969541	TRUE	TRUE	TRUE
7571	39641.534806972	4725.24701789411	TRUE	TRUE	TRUE
7572	35853.9844180321	6278.54309608149	TRUE	TRUE	TRUE
7573	37553.0739872185	5601.42662371622	TRUE	TRUE	TRUE
7574	32647.9847708055	7705.30214462393	TRUE	TRUE	TRUE
7575	36195.1095122824	6288.1982559893	TRUE	TRUE	TRUE
7576	39296.1558398105	4746.49588621467	TRUE	TRUE	TRUE
7577	37503.6208631641	6096.11469047499	TRUE	TRUE	TRUE
7578	36818.231290938	5534.78988751996	TRUE	TRUE	TRUE
7579	37473.8038286029	5512.01247698523	TRUE	TRUE	TRUE
7580	35597.9820279669	6173.85984016064	TRUE	TRUE	TRUE
7581	38416.9527637744	5948.51719531479	TRUE	TRUE	TRUE
7582	39586.2856347002	4676.80072405019	TRUE	TRUE	TRUE
7583	39211.0870436044	4844.85161851487	TRUE	TRUE	TRUE
7584	34497.924721069	6878.31088079944	TRUE	TRUE	TRUE
7585	38456.7713902616	5559.95670547029	TRUE	TRUE	TRUE
7586	37129.6000938776	5609.3617443817	TRUE	TRUE	TRUE
7587	31131.9141045034	8856.41112960486	TRUE	TRUE	TRUE
7588	39554.474621652	4964.06042697432	TRUE	TRUE	TRUE
7589	39298.8541602782	4719.95642921409	TRUE	TRUE	TRUE
7590	41671.2237314975	4301.41786055609	FALSE	FALSE	TRUE
7591	36607.9667023446	5420.73492664529	TRUE	TRUE	TRUE
7592	37223.1390176	5983.41928406914	TRUE	TRUE	TRUE
7593	35622.3336420879	6363.3452636673	TRUE	TRUE	TRUE
7594	38198.2980902023	5288.39769058117	TRUE	TRUE	TRUE
7595	38539.7688029614	5692.84811323751	TRUE	TRUE	TRUE
7596	37446.5042825577	5667.85607809749	TRUE	TRUE	TRUE
7597	36865.1366089725	5241.0069676461	TRUE	TRUE	TRUE
7598	37499.5312822551	5155.28649094031	TRUE	TRUE	TRUE
7599	37953.7557582679	5343.38709961173	TRUE	TRUE	TRUE
7600	39836.2867249947	4623.67580449168	TRUE	TRUE	TRUE
7601	37983.8205534589	4881.34103845773	TRUE	TRUE	TRUE
7602	41936.5178848823	4418.94021149874	FALSE	FALSE	TRUE
7603	39346.11216863	4849.28866585938	TRUE	TRUE	TRUE
7604	38901.6678043478	5045.85643119728	TRUE	TRUE	TRUE
7605	37754.5652906909	5454.37086903589	TRUE	TRUE	TRUE
7606	34912.7689365175	6376.30456793433	TRUE	TRUE	TRUE
7607	39544.2610855228	4554.13527373705	TRUE	FALSE	TRUE
7608	38371.1393771343	5804.02031017724	TRUE	TRUE	TRUE
7609	37461.2541157522	5232.35992315229	TRUE	TRUE	TRUE
7610	38916.4305893692	5124.12033040466	TRUE	TRUE	TRUE
7611	37722.687108016	5482.18168504756	TRUE	TRUE	TRUE
7612	39848.9317536307	4655.39491521109	TRUE	TRUE	TRUE
7613	38725.1179136344	4960.01413265588	TRUE	TRUE	TRUE
7614	36798.1006627571	5604.86458796449	TRUE	TRUE	TRUE
7615	38412.2000062206	5378.08909521153	TRUE	TRUE	TRUE
7616	38594.9847223345	5200.33343641574	TRUE	TRUE	TRUE
7617	36956.9397193624	5407.08536938556	TRUE	TRUE	TRUE
7618	37283.994525336	5308.82052425221	TRUE	TRUE	TRUE
7619	37919.2407607555	5614.88140470021	TRUE	TRUE	TRUE
7620	35188.030513685	6040.64633256658	TRUE	TRUE	TRUE
7621	38010.7868145007	5137.97964077779	TRUE	TRUE	TRUE
7622	35050.9191580867	6086.78412281741	TRUE	TRUE	TRUE
7623	37684.4173865997	6513.06925935285	TRUE	TRUE	TRUE
7624	38681.1644673573	5290.57931550057	TRUE	TRUE	TRUE
7625	40092.3671624345	4742.10826574904	TRUE	TRUE	TRUE
7626	36653.1244791427	5493.63281076307	TRUE	TRUE	TRUE
7627	38285.4337793303	5239.21128413296	TRUE	TRUE	TRUE
7628	36792.0813758631	6397.8852990234	TRUE	TRUE	TRUE
7629	39860.5084361601	4549.12801255098	TRUE	FALSE	TRUE
7630	37680.5607765689	5468.74885932939	TRUE	TRUE	TRUE
7631	37726.0739692172	5145.56655607091	TRUE	TRUE	TRUE
7632	38321.5045313212	4854.43388769978	TRUE	TRUE	TRUE
7633	38409.4080305453	4973.52293254372	TRUE	TRUE	TRUE
7634	38022.7523277378	6185.25828632743	TRUE	TRUE	TRUE
7635	34695.139460539	6818.75745630866	TRUE	TRUE	TRUE
7636	37213.4096807272	5949.81624993394	TRUE	TRUE	TRUE
7637	34625.4900779881	6974.27417803814	TRUE	TRUE	TRUE
7638	37815.5335054339	5503.57347460706	TRUE	TRUE	TRUE
7639	37758.8032657881	5602.44911296927	TRUE	TRUE	TRUE
7640	37249.4759864422	5457.88937550142	TRUE	TRUE	TRUE
7641	36723.5647297056	5658.36820402411	TRUE	TRUE	TRUE
7642	39345.1432405231	5316.99099980822	TRUE	TRUE	TRUE
7643	33098.0225842311	7174.25416581417	TRUE	TRUE	TRUE
7644	38603.5501711874	5775.30378764386	TRUE	TRUE	TRUE
7645	38361.0570868382	5613.69111885458	TRUE	TRUE	TRUE
7646	38604.8579193823	4809.55843987997	TRUE	TRUE	TRUE
7647	35835.5570594564	6996.2845989681	TRUE	TRUE	TRUE
7648	38041.4695275166	5097.46874333926	TRUE	TRUE	TRUE
7649	39012.6509035192	5510.70228059112	TRUE	TRUE	TRUE
7650	38867.4171123485	4997.89793123948	TRUE	TRUE	TRUE
7651	39456.8890807132	5333.15195791922	TRUE	TRUE	TRUE
7652	35073.7786616048	7963.93169583903	TRUE	TRUE	TRUE
7653	37267.6865372294	6215.59939151187	TRUE	TRUE	TRUE
7654	37384.0435548506	5764.78850831884	TRUE	TRUE	TRUE
7655	39522.9052705855	4760.15054978947	TRUE	TRUE	TRUE
7656	38630.4178984733	4910.24193009137	TRUE	TRUE	TRUE
7657	37077.703496549	5451.97599666937	TRUE	TRUE	TRUE
7658	38370.4411705906	4918.51457498649	TRUE	TRUE	TRUE
7659	39584.7414624044	5500.77529005996	TRUE	TRUE	TRUE
7660	34885.5530586434	6579.15974302686	TRUE	TRUE	TRUE
7661	40672.4415989324	4603.81063811193	TRUE	TRUE	TRUE
7662	34990.7085776316	6320.97808250661	TRUE	TRUE	TRUE
7663	39264.3320652113	5044.25205805194	TRUE	TRUE	TRUE
7664	38657.766456694	5472.01448114438	TRUE	TRUE	TRUE
7665	36859.3737816933	5660.27252318799	TRUE	TRUE	TRUE
7666	39108.6824811951	4944.96593400139	TRUE	TRUE	TRUE
7667	38194.2332225417	4996.65876229889	TRUE	TRUE	TRUE
7668	33829.0927075146	6716.65301608388	TRUE	TRUE	TRUE
7669	40199.2639178405	4530.1185519318	TRUE	FALSE	TRUE
7670	35811.9110946246	5860.50162432423	TRUE	TRUE	TRUE
7671	37775.4717684407	5246.59708460878	TRUE	TRUE	TRUE
7672	34147.3752406017	6773.50717334933	TRUE	TRUE	TRUE
7673	37852.8829381149	5578.64433240929	TRUE	TRUE	TRUE
7674	35959.0152751364	6540.06041265048	TRUE	TRUE	TRUE
7675	36623.1812797143	6575.35071395221	TRUE	TRUE	TRUE
7676	39770.1560848595	5007.80348436966	TRUE	TRUE	TRUE
7677	37530.4329021489	6081.75264327505	TRUE	TRUE	TRUE
7678	36451.5718017797	7214.60968608175	TRUE	TRUE	TRUE
7679	37165.9333538831	5844.322097499	TRUE	TRUE	TRUE
7680	37632.8186242229	5295.99665883785	TRUE	TRUE	TRUE
7681	39773.2389643768	5098.35838508765	TRUE	TRUE	TRUE
7682	38176.5700437704	5145.52856721711	TRUE	TRUE	TRUE
7683	37949.4777126665	5563.53410354803	TRUE	TRUE	TRUE
7684	38963.4526578631	4863.50279634613	TRUE	TRUE	TRUE
7685	37020.3671710975	5925.8363377391	TRUE	TRUE	TRUE
7686	37274.3960879064	5619.92374109378	TRUE	TRUE	TRUE
7687	35892.7030869537	6025.77537405292	TRUE	TRUE	TRUE
7688	38597.937578105	5646.1758511259	TRUE	TRUE	TRUE
7689	39144.5899508147	5890.40638478606	TRUE	TRUE	TRUE
7690	38648.595387351	5197.42264427747	TRUE	TRUE	TRUE
7691	38306.6933439339	5225.36898167326	TRUE	TRUE	TRUE
7692	37935.4399605394	5166.94526499229	TRUE	TRUE	TRUE
7693	36609.7746714427	5616.37581821955	TRUE	TRUE	TRUE
7694	35233.139960171	6426.6996699445	TRUE	TRUE	TRUE
7695	37621.9683432926	5209.05288215718	TRUE	TRUE	TRUE
7696	36456.0347503388	5702.12216942159	TRUE	TRUE	TRUE
7697	40514.6454366088	5060.23223170079	TRUE	TRUE	TRUE
7698	38000.1806225418	5463.94154271769	TRUE	TRUE	TRUE
7699	37791.0218474677	5807.64172688379	TRUE	TRUE	TRUE
7700	39248.826054605	4888.94030174413	TRUE	TRUE	TRUE
7701	33397.7230825832	7806.91879747027	TRUE	TRUE	TRUE
7702	37821.1429955421	5278.13124770239	TRUE	TRUE	TRUE
7703	36583.2897962937	5916.0176920862	TRUE	TRUE	TRUE
7704	38852.580795236	4965.52907986026	TRUE	TRUE	TRUE
7705	37487.8229417405	5883.35828509086	TRUE	TRUE	TRUE
7706	34774.06740388	6971.01094990169	TRUE	TRUE	TRUE
7707	37198.4106765139	5675.63634414596	TRUE	TRUE	TRUE
7708	39121.5085280103	6133.13073470216	TRUE	TRUE	TRUE
7709	36276.4463939857	6464.13606662931	TRUE	TRUE	TRUE
7710	38662.5013013472	5130.04925986179	TRUE	TRUE	TRUE
7711	38476.2714907112	5545.1427580782	TRUE	TRUE	TRUE
7712	37594.829136738	5648.85786717152	TRUE	TRUE	TRUE
7713	35777.7119668486	6724.14972694858	TRUE	TRUE	TRUE
7714	38947.6601740459	4832.70597552502	TRUE	TRUE	TRUE
7715	37746.5430122778	5361.2836229258	TRUE	TRUE	TRUE
7716	35400.2539379375	6170.79226312737	TRUE	TRUE	TRUE
7717	37560.5388492093	5567.61872102254	TRUE	TRUE	TRUE
7718	39239.7536269649	5199.57759027986	TRUE	TRUE	TRUE
7719	36995.2628002723	5162.20676365749	TRUE	TRUE	TRUE
7720	38112.9218612135	5379.20860027414	TRUE	TRUE	TRUE
7721	37914.9156456265	6180.61261246936	TRUE	TRUE	TRUE
7722	37992.8557232961	5923.85636001305	TRUE	TRUE	TRUE
7723	39238.1044404127	5296.60058701429	TRUE	TRUE	TRUE
7724	37171.5064872475	5439.95094827298	TRUE	TRUE	TRUE
7725	40092.4636673847	5297.65231019664	TRUE	TRUE	TRUE
7726	36103.7479892419	5768.14075296068	TRUE	TRUE	TRUE
7727	34675.0076332839	6055.91502649546	TRUE	TRUE	TRUE
7728	36806.5682784354	5342.97335308734	TRUE	TRUE	TRUE
7729	41330.7848838997	4554.42144563841	TRUE	FALSE	TRUE
7730	37057.9096370833	5449.3594712019	TRUE	TRUE	TRUE
7731	36242.0805568221	6209.26925989354	TRUE	TRUE	TRUE
7732	35168.9930277808	6245.91493091232	TRUE	TRUE	TRUE
7733	36478.6057400989	5749.78128104045	TRUE	TRUE	TRUE
7734	39546.0512429	4647.95826593836	TRUE	TRUE	TRUE
7735	38294.7054224747	5521.56922968054	TRUE	TRUE	TRUE
7736	38498.6048223871	4909.24765430686	TRUE	TRUE	TRUE
7737	38266.6918924617	5650.45574300319	TRUE	TRUE	TRUE
7738	35462.1591962693	6068.90456202104	TRUE	TRUE	TRUE
7739	38740.6816619038	4717.34781148985	TRUE	TRUE	TRUE
7740	36652.5431420237	6220.0220006579	TRUE	TRUE	TRUE
7741	30553.0322323591	8198.22577824481	TRUE	TRUE	TRUE
7742	39538.9719481278	4565.18607382971	TRUE	FALSE	TRUE
7743	37549.5521416219	5064.15555924476	TRUE	TRUE	TRUE
7744	34906.9655431131	6865.75021417764	TRUE	TRUE	TRUE
7745	37856.0368385134	5239.5158449205	TRUE	TRUE	TRUE
7746	38773.0299095361	4838.95913891874	TRUE	TRUE	TRUE
7747	39451.4568861327	4713.93417243216	TRUE	TRUE	TRUE
7748	35470.74322141	6697.08561271792	TRUE	TRUE	TRUE
7749	36522.3382768537	5683.47336262899	TRUE	TRUE	TRUE
7750	39724.6739128384	4945.28196578997	TRUE	TRUE	TRUE
7751	35499.8639577706	6482.55940915695	TRUE	TRUE	TRUE
7752	37422.1094888079	5960.39685525014	TRUE	TRUE	TRUE
7753	36839.6235692717	6360.23362250371	TRUE	TRUE	TRUE
7754	38335.0258816593	4925.89833412311	TRUE	TRUE	TRUE
7755	40038.7426177931	4931.8141376222	TRUE	TRUE	TRUE
7756	38896.7393827221	5272.91440845965	TRUE	TRUE	TRUE
7757	36672.8496165517	6705.63969502935	TRUE	TRUE	TRUE
7758	38089.6244992178	5195.46110716511	TRUE	TRUE	TRUE
7759	38036.7572065295	5468.62262520971	TRUE	TRUE	TRUE
7760	38044.731715178	5425.91637304681	TRUE	TRUE	TRUE
7761	39067.2659936218	4884.1291413602	TRUE	TRUE	TRUE
7762	37104.7338750249	5393.19467043005	TRUE	TRUE	TRUE
7763	40911.0085502184	4482.63643365935	TRUE	FALSE	TRUE
7764	35843.3080167283	5978.91276959796	TRUE	TRUE	TRUE
7765	38498.6850324664	5449.45044476358	TRUE	TRUE	TRUE
7766	37033.8712799372	6404.15836119819	TRUE	TRUE	TRUE
7767	36841.6288368494	5489.4092814261	TRUE	TRUE	TRUE
7768	37534.1227928723	5148.01440380249	TRUE	TRUE	TRUE
7769	37564.8203578842	5780.18137895999	TRUE	TRUE	TRUE
7770	34533.7126107981	6947.81736873019	TRUE	TRUE	TRUE
7771	39159.5330774476	5453.15794629362	TRUE	TRUE	TRUE
7772	36388.794278624	5663.54593421797	TRUE	TRUE	TRUE
7773	33253.9789288214	6606.27267209915	TRUE	TRUE	TRUE
7774	37738.8441967255	5214.38641618052	TRUE	TRUE	TRUE
7775	36109.6216120634	6467.33420216159	TRUE	TRUE	TRUE
7776	35553.4035539971	6309.24373871889	TRUE	TRUE	TRUE
7777	38990.4088056612	5057.71575266596	TRUE	TRUE	TRUE
7778	36775.6524982128	6004.23625302663	TRUE	TRUE	TRUE
7779	36911.8145806192	5479.52433306072	TRUE	TRUE	TRUE
7780	39343.4584184466	5043.49391514469	TRUE	TRUE	TRUE
7781	34330.6829743437	7340.55218757245	TRUE	TRUE	TRUE
7782	38521.5753877517	5242.90931250488	TRUE	TRUE	TRUE
7783	39119.0032012524	4765.72652383926	TRUE	TRUE	TRUE
7784	39936.9690216318	4511.92540568487	TRUE	FALSE	TRUE
7785	39464.2249198134	5035.33663191891	TRUE	TRUE	TRUE
7786	37044.5357839619	5309.30659654513	TRUE	TRUE	TRUE
7787	38109.8335289987	5610.95131561953	TRUE	TRUE	TRUE
7788	40067.0756214323	4656.29223116124	TRUE	TRUE	TRUE
7789	38702.2221643247	4844.53842187821	TRUE	TRUE	TRUE
7790	39758.9994830291	4927.11883527521	TRUE	TRUE	TRUE
7791	39111.282502014	4737.99632367711	TRUE	TRUE	TRUE
7792	41900.7124276401	4236.98203690387	FALSE	FALSE	TRUE
7793	37646.7515849613	5202.92988991186	TRUE	TRUE	TRUE
7794	39554.1094010293	4568.78716092488	TRUE	FALSE	TRUE
7795	35965.9742197129	5793.4460029216	TRUE	TRUE	TRUE
7796	38548.5174463416	4919.62100366602	TRUE	TRUE	TRUE
7797	37264.5901455324	6197.53396800954	TRUE	TRUE	TRUE
7798	37235.1071231323	5456.14303372841	TRUE	TRUE	TRUE
7799	38148.5016220709	5014.2842211691	TRUE	TRUE	TRUE
7800	39778.8310441914	5165.47039964902	TRUE	TRUE	TRUE
7801	41620.062158619	4045.05518514856	FALSE	FALSE	TRUE
7802	35284.5956651279	6502.37624269628	TRUE	TRUE	TRUE
7803	36802.371523491	5364.13699109846	TRUE	TRUE	TRUE
7804	38255.9362402052	5313.16429922046	TRUE	TRUE	TRUE
7805	34558.8626457217	6775.78012568621	TRUE	TRUE	TRUE
7806	37278.3317358212	5277.85121921013	TRUE	TRUE	TRUE
7807	38120.4893625277	5214.59501812498	TRUE	TRUE	TRUE
7808	36795.1058597155	6058.43844242553	TRUE	TRUE	TRUE
7809	39189.6347620637	4874.69095563139	TRUE	TRUE	TRUE
7810	38263.9351845253	5363.75214063766	TRUE	TRUE	TRUE
7811	38130.2365231354	5200.79078354555	TRUE	TRUE	TRUE
7812	35211.3155232977	6648.65390681156	TRUE	TRUE	TRUE
7813	32756.2726293165	7844.33264766759	TRUE	TRUE	TRUE
7814	39639.9474070124	4762.91123461251	TRUE	TRUE	TRUE
7815	38523.2321678798	5357.12750126386	TRUE	TRUE	TRUE
7816	38227.276433729	5142.53299384099	TRUE	TRUE	TRUE
7817	36863.9395560249	6323.07612101945	TRUE	TRUE	TRUE
7818	38370.1348495534	4935.69767244116	TRUE	TRUE	TRUE
7819	36402.6224314323	6295.76099037034	TRUE	TRUE	TRUE
7820	35285.4694170718	6893.01789203353	TRUE	TRUE	TRUE
7821	35724.1597240114	5952.8094037016	TRUE	TRUE	TRUE
7822	40898.8270035545	4734.56470309845	TRUE	TRUE	TRUE
7823	39015.805663863	5029.1995244249	TRUE	TRUE	TRUE
7824	36979.7900722232	6081.96490366116	TRUE	TRUE	TRUE
7825	31037.737142061	9825.37867931984	TRUE	TRUE	TRUE
7826	39201.9706723173	4860.13275684075	TRUE	TRUE	TRUE
7827	35765.9826485568	6096.20386759521	TRUE	TRUE	TRUE
7828	34965.1493797911	7015.38227638723	TRUE	TRUE	TRUE
7829	38699.8113291641	5107.88358794807	TRUE	TRUE	TRUE
7830	37558.7202776962	6618.52942541583	TRUE	TRUE	TRUE
7831	39993.3931091621	4821.43243216632	TRUE	TRUE	TRUE
7832	38416.1034250603	6381.51880593836	TRUE	TRUE	TRUE
7833	37584.5967478435	5117.28218755423	TRUE	TRUE	TRUE
7834	33982.7205744598	7522.76080425701	TRUE	TRUE	TRUE
7835	38683.2868498577	5898.4823155108	TRUE	TRUE	TRUE
7836	37397.5240249987	5783.18837466859	TRUE	TRUE	TRUE
7837	36295.6468462939	6364.88342995703	TRUE	TRUE	TRUE
7838	38020.6472799894	5435.22642568929	TRUE	TRUE	TRUE
7839	37057.0844924235	6502.53880352789	TRUE	TRUE	TRUE
7840	35845.6548424717	6350.05088316642	TRUE	TRUE	TRUE
7841	35346.7577163366	6839.17359723917	TRUE	TRUE	TRUE
7842	38391.7300205327	4968.39318891421	TRUE	TRUE	TRUE
7843	37616.3425297692	5152.77253618732	TRUE	TRUE	TRUE
7844	38158.2451759145	5303.27811251789	TRUE	TRUE	TRUE
7845	35292.1767511849	5917.98703598928	TRUE	TRUE	TRUE
7846	38951.9911654206	5113.26829300609	TRUE	TRUE	TRUE
7847	37213.1411144029	5599.13321592568	TRUE	TRUE	TRUE
7848	38161.229858727	5546.26495699128	TRUE	TRUE	TRUE
7849	37879.4123731092	5191.55796951007	TRUE	TRUE	TRUE
7850	37150.2379094795	5985.40023158968	TRUE	TRUE	TRUE
7851	35298.8193179786	7018.14611044559	TRUE	TRUE	TRUE
7852	38143.4412225255	5854.44469641607	TRUE	TRUE	TRUE
7853	37808.3039344807	5168.31907445831	TRUE	TRUE	TRUE
7854	38290.8717927595	5083.08842497403	TRUE	TRUE	TRUE
7855	39062.3956014823	5181.20429234531	TRUE	TRUE	TRUE
7856	36703.8837131597	5830.30270310994	TRUE	TRUE	TRUE
7857	38176.0144051685	5191.82857052758	TRUE	TRUE	TRUE
7858	38986.3286326804	5076.00242571907	TRUE	TRUE	TRUE
7859	38664.2205960711	5077.48783797635	TRUE	TRUE	TRUE
7860	36552.0048972282	5484.72232112438	TRUE	TRUE	TRUE
7861	39298.5881543452	4651.42268815099	TRUE	TRUE	TRUE
7862	38746.4452885234	5096.09887236111	TRUE	TRUE	TRUE
7863	38080.0025218955	5297.37268059662	TRUE	TRUE	TRUE
7864	38023.203599232	5600.82504868804	TRUE	TRUE	TRUE
7865	37384.3546037729	5824.4678247567	TRUE	TRUE	TRUE
7866	39548.8301559261	4770.00829577165	TRUE	TRUE	TRUE
7867	38018.6418909354	5734.26067968998	TRUE	TRUE	TRUE
7868	37367.7540578916	5303.89293173173	TRUE	TRUE	TRUE
7869	38183.5042296379	5822.98135366866	TRUE	TRUE	TRUE
7870	38868.6007416156	5006.05669749542	TRUE	TRUE	TRUE
7871	35089.7790570066	6346.15333598392	TRUE	TRUE	TRUE
7872	36009.1535990476	6057.33715742374	TRUE	TRUE	TRUE
7873	32454.4016400632	7810.07645588039	TRUE	TRUE	TRUE
7874	40774.755478448	5324.62027528901	TRUE	TRUE	TRUE
7875	36534.9143474178	6303.75946259562	TRUE	TRUE	TRUE
7876	41770.2056441306	4752.21895477303	FALSE	TRUE	TRUE
7877	32804.4981244298	8087.50212978578	TRUE	TRUE	TRUE
7878	36874.5731479301	5803.39904009346	TRUE	TRUE	TRUE
7879	36409.8438620093	6234.81958692462	TRUE	TRUE	TRUE
7880	39015.1619300245	5320.98656236501	TRUE	TRUE	TRUE
7881	37804.8844312343	5213.78060071911	TRUE	TRUE	TRUE
7882	38169.5138621247	5151.87569840973	TRUE	TRUE	TRUE
7883	38301.4393915165	6236.69681940942	TRUE	TRUE	TRUE
7884	32915.5004860061	7989.62702823536	TRUE	TRUE	TRUE
7885	31881.4580766264	7950.07503177789	TRUE	TRUE	TRUE
7886	36602.1836249281	6425.02988229321	TRUE	TRUE	TRUE
7887	37976.4603350337	5247.54188348124	TRUE	TRUE	TRUE
7888	38372.4489166053	5098.96759596549	TRUE	TRUE	TRUE
7889	39138.8916618158	5021.8759272836	TRUE	TRUE	TRUE
7890	37159.7417721295	5703.98889218199	TRUE	TRUE	TRUE
7891	39430.4364185282	5004.36384333243	TRUE	TRUE	TRUE
7892	38054.6495897088	5541.89975450813	TRUE	TRUE	TRUE
7893	33908.5257350086	7143.51460986179	TRUE	TRUE	TRUE
7894	34968.7695494975	6010.56233502674	TRUE	TRUE	TRUE
7895	37110.0296560943	5293.02366578312	TRUE	TRUE	TRUE
7896	35813.7660297522	6430.45719208238	TRUE	TRUE	TRUE
7897	33706.7205751257	7021.30179695643	TRUE	TRUE	TRUE
7898	35322.6151661555	6778.85975826119	TRUE	TRUE	TRUE
7899	36319.0097885321	5757.60838050503	TRUE	TRUE	TRUE
7900	41598.2332364812	4290.24449551809	TRUE	FALSE	TRUE
7901	38124.8227984475	5104.73210363685	TRUE	TRUE	TRUE
7902	39276.9551750491	5322.17010555159	TRUE	TRUE	TRUE
7903	38091.8221158042	5127.42630903951	TRUE	TRUE	TRUE
7904	35485.4971842014	6424.71304563494	TRUE	TRUE	TRUE
7905	37428.601499381	6036.78242478713	TRUE	TRUE	TRUE
7906	36050.1883198725	5993.03395649472	TRUE	TRUE	TRUE
7907	42970.499339517	3894.31680341322	FALSE	FALSE	TRUE
7908	36850.0821675675	5647.91205061748	TRUE	TRUE	TRUE
7909	39663.1158311043	4882.54032260264	TRUE	TRUE	TRUE
7910	37831.7547261602	5407.50409687216	TRUE	TRUE	TRUE
7911	36172.5485494516	6077.43967398584	TRUE	TRUE	TRUE
7912	38000.4182275015	5668.40678506339	TRUE	TRUE	TRUE
7913	37098.0119828577	5695.33447656452	TRUE	TRUE	TRUE
7914	37717.671852992	5201.41037821015	TRUE	TRUE	TRUE
7915	36792.8778493178	6062.1921836277	TRUE	TRUE	TRUE
7916	38204.2832108249	5053.89064770144	TRUE	TRUE	TRUE
7917	41603.8576923024	4699.54742655895	TRUE	TRUE	TRUE
7918	32296.0296099702	7513.12745605027	TRUE	TRUE	TRUE
7919	39980.9725967457	4933.4359355431	TRUE	TRUE	TRUE
7920	33690.3820728986	7575.47066924749	TRUE	TRUE	TRUE
7921	38800.0192625516	4877.34790719224	TRUE	TRUE	TRUE
7922	37593.1407324806	5756.79837355807	TRUE	TRUE	TRUE
7923	37049.543595464	5468.86420033713	TRUE	TRUE	TRUE
7924	36678.2561751188	6270.41541016773	TRUE	TRUE	TRUE
7925	37130.0519685095	5652.80090078815	TRUE	TRUE	TRUE
7926	35061.6415607022	6100.95580873886	TRUE	TRUE	TRUE
7927	39985.3744456759	4611.53396084812	TRUE	TRUE	TRUE
7928	39730.8835284312	4690.66773260196	TRUE	TRUE	TRUE
7929	39022.1451440988	5141.21045544081	TRUE	TRUE	TRUE
7930	37933.4628066072	5095.32647746893	TRUE	TRUE	TRUE
7931	36695.7510505246	5732.43824066265	TRUE	TRUE	TRUE
7932	35730.5498179672	6395.95479949205	TRUE	TRUE	TRUE
7933	34358.3594401072	6737.40927390721	TRUE	TRUE	TRUE
7934	33745.355775827	6605.93565706363	TRUE	TRUE	TRUE
7935	32288.0113060012	8169.21291985986	TRUE	TRUE	TRUE
7936	35378.7382763384	7054.92087667127	TRUE	TRUE	TRUE
7937	37515.7709357132	5496.50522033441	TRUE	TRUE	TRUE
7938	35119.5053839218	6568.21941428204	TRUE	TRUE	TRUE
7939	36921.5741040246	5329.58405741132	TRUE	TRUE	TRUE
7940	37769.6089792407	5340.88339560631	TRUE	TRUE	TRUE
7941	37765.0432055295	5071.29739710336	TRUE	TRUE	TRUE
7942	38266.7405366524	5533.24178255854	TRUE	TRUE	TRUE
7943	36356.7683401816	6006.57287656372	TRUE	TRUE	TRUE
7944	38813.5154383478	4946.92527298586	TRUE	TRUE	TRUE
7945	30887.2668841525	7881.08998512105	TRUE	TRUE	TRUE
7946	36274.4874180365	5663.55336818559	TRUE	TRUE	TRUE
7947	32678.4406437667	8241.72616683588	TRUE	TRUE	TRUE
7948	36340.2758145224	6308.75076762864	TRUE	TRUE	TRUE
7949	39368.4599025356	4727.32223445058	TRUE	TRUE	TRUE
7950	35579.0217517334	5688.91203685145	TRUE	TRUE	TRUE
7951	36463.0584688809	6250.58460552346	TRUE	TRUE	TRUE
7952	34135.4975024326	6846.09562826654	TRUE	TRUE	TRUE
7953	40064.8673799105	4618.15897683799	TRUE	TRUE	TRUE
7954	35017.4059060557	6526.20614159201	TRUE	TRUE	TRUE
7955	36730.498236176	5946.15020760622	TRUE	TRUE	TRUE
7956	38174.7191159588	5708.54374938263	TRUE	TRUE	TRUE
7957	36269.1702920761	6372.81971654911	TRUE	TRUE	TRUE
7958	37737.6314698319	5397.78830646409	TRUE	TRUE	TRUE
7959	33500.9841040678	7641.54604600052	TRUE	TRUE	TRUE
7960	39552.4729701139	4919.1055888964	TRUE	TRUE	TRUE
7961	40194.7050430365	4754.07541449986	TRUE	TRUE	TRUE
7962	38024.3880059672	5020.21326479257	TRUE	TRUE	TRUE
7963	34885.1412590032	6947.41156555456	TRUE	TRUE	TRUE
7964	36995.3641300881	5742.72702070885	TRUE	TRUE	TRUE
7965	35662.0839880714	6437.69036220247	TRUE	TRUE	TRUE
7966	37069.357620894	5973.92949266763	TRUE	TRUE	TRUE
7967	36345.3128859987	7374.14124783845	TRUE	TRUE	TRUE
7968	39752.1982946679	4720.21711090411	TRUE	TRUE	TRUE
7969	37278.3055687366	5692.60327750564	TRUE	TRUE	TRUE
7970	34703.9472075079	6678.47118901826	TRUE	TRUE	TRUE
7971	41712.3183932696	4360.38947937308	FALSE	FALSE	TRUE
7972	35566.2855984872	5992.18291222949	TRUE	TRUE	TRUE
7973	36853.7057491077	5648.53004544127	TRUE	TRUE	TRUE
7974	39293.7995902906	5127.80543769986	TRUE	TRUE	TRUE
7975	38223.0276987225	4813.9315923055	TRUE	TRUE	TRUE
7976	40865.1148015463	4582.08547074961	TRUE	FALSE	TRUE
7977	31664.4518092533	8436.12790324883	TRUE	TRUE	TRUE
7978	38035.2308992716	5057.72357215729	TRUE	TRUE	TRUE
7979	37771.2463732092	5530.58307956131	TRUE	TRUE	TRUE
7980	39630.2113499266	4591.29882629313	TRUE	TRUE	TRUE
7981	36828.3841418875	5546.91985796934	TRUE	TRUE	TRUE
7982	38927.2719205053	5023.52219203425	TRUE	TRUE	TRUE
7983	38155.1689266968	5088.36476900246	TRUE	TRUE	TRUE
7984	35554.0407034515	6007.54856710073	TRUE	TRUE	TRUE
7985	37596.8408668312	5447.87352231133	TRUE	TRUE	TRUE
7986	42131.1735337982	4309.4836723431	FALSE	FALSE	TRUE
7987	33746.5595557425	7323.82224598743	TRUE	TRUE	TRUE
7988	35425.186929834	6974.91155405337	TRUE	TRUE	TRUE
7989	33294.1977093473	6605.84592443533	TRUE	TRUE	TRUE
7990	36957.17153808	5639.33883684341	TRUE	TRUE	TRUE
7991	38855.5500137808	4796.83629372023	TRUE	TRUE	TRUE
7992	39935.4450096672	4772.17736848086	TRUE	TRUE	TRUE
7993	39596.0079214014	5360.35083676678	TRUE	TRUE	TRUE
7994	38496.6319111289	4997.86068593237	TRUE	TRUE	TRUE
7995	36212.2374318832	6302.96190648555	TRUE	TRUE	TRUE
7996	39828.7315776539	4883.47828652523	TRUE	TRUE	TRUE
7997	41061.4772485367	5293.6526285347	TRUE	TRUE	TRUE
7998	37936.5837559009	5471.13585414014	TRUE	TRUE	TRUE
7999	36507.1971846093	5818.58683571677	TRUE	TRUE	TRUE
8000	38228.8597319414	5515.36298565354	TRUE	TRUE	TRUE
8001	37222.2137775425	5174.18765528489	TRUE	TRUE	TRUE
8002	35451.0634339083	5888.65602409731	TRUE	TRUE	TRUE
8003	37141.7413702443	6464.46880787068	TRUE	TRUE	TRUE
8004	38788.3897428879	4818.70388175713	TRUE	TRUE	TRUE
8005	37048.1740239128	5288.47898111996	TRUE	TRUE	TRUE
8006	39745.1283400223	4720.4509504127	TRUE	TRUE	TRUE
8007	38272.2353384241	4952.46580764357	TRUE	TRUE	TRUE
8008	35243.6631699076	5806.96295523319	TRUE	TRUE	TRUE
8009	37100.1499674035	5544.71744380504	TRUE	TRUE	TRUE
8010	36199.4431442955	5606.7588568609	TRUE	TRUE	TRUE
8011	38411.2342198698	5315.58176230192	TRUE	TRUE	TRUE
8012	38758.4682440953	4949.46081986173	TRUE	TRUE	TRUE
8013	34691.6863524112	6614.38382199227	TRUE	TRUE	TRUE
8014	39503.5673235736	4921.63430715277	TRUE	TRUE	TRUE
8015	39815.3421336101	4798.17394666338	TRUE	TRUE	TRUE
8016	37664.2604964158	5147.14058783019	TRUE	TRUE	TRUE
8017	39753.1034814868	4668.97706236128	TRUE	TRUE	TRUE
8018	35515.7602919732	6134.75943667241	TRUE	TRUE	TRUE
8019	36244.1343086085	5532.80695762596	TRUE	TRUE	TRUE
8020	33875.0066465952	7495.54761311492	TRUE	TRUE	TRUE
8021	35654.4354804035	6885.03820761852	TRUE	TRUE	TRUE
8022	36993.276395684	5641.57863392082	TRUE	TRUE	TRUE
8023	37608.8977790548	5992.78431151701	TRUE	TRUE	TRUE
8024	36978.3540091333	6006.92416140492	TRUE	TRUE	TRUE
8025	37224.9204625779	5909.19380763131	TRUE	TRUE	TRUE
8026	36483.3880525467	5846.13036745426	TRUE	TRUE	TRUE
8027	39144.1043870339	4928.066334067	TRUE	TRUE	TRUE
8028	38917.4759091236	4930.32648906864	TRUE	TRUE	TRUE
8029	38120.4789763484	5306.63630055115	TRUE	TRUE	TRUE
8030	38516.4257827161	5120.70188365584	TRUE	TRUE	TRUE
8031	38685.1591280029	5461.86083151387	TRUE	TRUE	TRUE
8032	40388.5064153228	5077.81091044922	TRUE	TRUE	TRUE
8033	36533.8053275046	5767.03891737123	TRUE	TRUE	TRUE
8034	39558.7910140932	5101.24653545092	TRUE	TRUE	TRUE
8035	37787.5477167042	5286.66064376203	TRUE	TRUE	TRUE
8036	36889.0182841005	5709.9028473893	TRUE	TRUE	TRUE
8037	39610.313972303	4826.91938455406	TRUE	TRUE	TRUE
8038	34536.2642446125	7492.00023706038	TRUE	TRUE	TRUE
8039	38743.0538895517	5249.91466881659	TRUE	TRUE	TRUE
8040	41020.4153643924	4232.18956743346	TRUE	FALSE	TRUE
8041	36069.729235429	6786.77060629936	TRUE	TRUE	TRUE
8042	37206.9507469423	6278.08788820807	TRUE	TRUE	TRUE
8043	36840.0968561336	6060.85071139681	TRUE	TRUE	TRUE
8044	32104.4953133261	7702.99679656447	TRUE	TRUE	TRUE
8045	34267.0173345512	7085.63502448701	TRUE	TRUE	TRUE
8046	36324.5287786885	6230.93916716607	TRUE	TRUE	TRUE
8047	42825.022870236	4121.07655172842	FALSE	FALSE	TRUE
8048	35055.6461384953	6562.35831204012	TRUE	TRUE	TRUE
8049	33889.5029148797	7167.81953698777	TRUE	TRUE	TRUE
8050	39254.558639769	4794.51880636659	TRUE	TRUE	TRUE
8051	36738.34776726	5894.11063978202	TRUE	TRUE	TRUE
8052	38864.6081611729	4920.99835276079	TRUE	TRUE	TRUE
8053	38770.1974959385	5019.22486749569	TRUE	TRUE	TRUE
8054	35456.0943236243	6765.41692247396	TRUE	TRUE	TRUE
8055	38901.436054038	4768.82044915822	TRUE	TRUE	TRUE
8056	35743.5359984301	5739.46850973641	TRUE	TRUE	TRUE
8057	36613.8740904197	5971.60384829845	TRUE	TRUE	TRUE
8058	32794.6229429454	8138.70034465285	TRUE	TRUE	TRUE
8059	41074.5067985599	4530.42631492934	TRUE	FALSE	TRUE
8060	36440.6268255636	5854.87860159858	TRUE	TRUE	TRUE
8061	38163.2510164326	4971.6866895435	TRUE	TRUE	TRUE
8062	36018.4608129163	5923.25352835891	TRUE	TRUE	TRUE
8063	33130.9895300627	7932.48315623967	TRUE	TRUE	TRUE
8064	37885.5981917188	5724.32580984954	TRUE	TRUE	TRUE
8065	41154.67379217	4328.14477656996	TRUE	FALSE	TRUE
8066	39180.4594031409	4877.27206692298	TRUE	TRUE	TRUE
8067	31163.203630914	9007.86246840233	TRUE	TRUE	TRUE
8068	35943.2051155494	7009.17110163272	TRUE	TRUE	TRUE
8069	39195.8803336911	4915.04618941952	TRUE	TRUE	TRUE
8070	37332.2788576516	5304.9293492823	TRUE	TRUE	TRUE
8071	36842.2802565375	5576.37669227982	TRUE	TRUE	TRUE
8072	37121.3976804325	5811.82991899108	TRUE	TRUE	TRUE
8073	38598.2099904814	5148.17234652877	TRUE	TRUE	TRUE
8074	40281.1407222949	4765.75054074794	TRUE	TRUE	TRUE
8075	37667.4247637196	5110.97805606753	TRUE	TRUE	TRUE
8076	34706.9653720404	6893.81339165257	TRUE	TRUE	TRUE
8077	37918.5285929068	5394.94168578037	TRUE	TRUE	TRUE
8078	38345.0961240626	4970.39123133008	TRUE	TRUE	TRUE
8079	39429.2369163245	4729.00806645089	TRUE	TRUE	TRUE
8080	40491.7987295799	4426.13746122981	TRUE	FALSE	TRUE
8081	42216.0571984812	3976.57691284414	FALSE	FALSE	TRUE
8082	39328.4137028183	4464.10305891547	TRUE	FALSE	TRUE
8083	40903.8672469563	4723.89437500824	TRUE	TRUE	TRUE
8084	37703.5453259408	5725.42809213755	TRUE	TRUE	TRUE
8085	37112.824657926	5694.02216718239	TRUE	TRUE	TRUE
8086	39387.6293616301	4635.77717500601	TRUE	TRUE	TRUE
8087	38368.3270308974	5664.59899811647	TRUE	TRUE	TRUE
8088	35542.702312277	6683.23371848308	TRUE	TRUE	TRUE
8089	37290.6983419736	5741.10258576936	TRUE	TRUE	TRUE
8090	37622.9189495488	5340.7802978895	TRUE	TRUE	TRUE
8091	36523.0051575628	5649.74420700478	TRUE	TRUE	TRUE
8092	37325.667300133	5494.8389839074	TRUE	TRUE	TRUE
8093	35547.2408741471	6719.71901182049	TRUE	TRUE	TRUE
8094	39822.6254981625	4867.9477349172	TRUE	TRUE	TRUE
8095	39478.3412994379	5107.78679182721	TRUE	TRUE	TRUE
8096	36528.6803560896	6214.2247371847	TRUE	TRUE	TRUE
8097	38069.9697142571	5902.77325331005	TRUE	TRUE	TRUE
8098	38443.8503548531	5372.00607603382	TRUE	TRUE	TRUE
8099	35917.8411419418	5733.6305408165	TRUE	TRUE	TRUE
8100	37324.5332773949	5282.03738986854	TRUE	TRUE	TRUE
8101	36793.5400819853	6225.9465868377	TRUE	TRUE	TRUE
8102	36113.0285875372	6798.90655947354	TRUE	TRUE	TRUE
8103	38730.8217766548	4864.89406020764	TRUE	TRUE	TRUE
8104	37119.8940658173	6167.37839344296	TRUE	TRUE	TRUE
8105	38355.6058768488	5470.62214853095	TRUE	TRUE	TRUE
8106	38589.249506836	5481.35626761245	TRUE	TRUE	TRUE
8107	34386.3447546512	7564.93459594691	TRUE	TRUE	TRUE
8108	38651.9462683371	4856.6182478916	TRUE	TRUE	TRUE
8109	36660.5792574594	5514.05007211623	TRUE	TRUE	TRUE
8110	35043.1378935373	6992.14476902623	TRUE	TRUE	TRUE
8111	38732.4652956428	5119.58316708174	TRUE	TRUE	TRUE
8112	37949.8484105271	5000.11625995572	TRUE	TRUE	TRUE
8113	39608.4803858706	4666.81890409514	TRUE	TRUE	TRUE
8114	33090.4109904863	7359.38805010961	TRUE	TRUE	TRUE
8115	34421.7189652246	6529.17399112951	TRUE	TRUE	TRUE
8116	34895.7540969932	6765.01471892613	TRUE	TRUE	TRUE
8117	36776.5965092063	5470.30069105681	TRUE	TRUE	TRUE
8118	39086.521452455	4892.2041919059	TRUE	TRUE	TRUE
8119	34821.3641142555	7461.23816905887	TRUE	TRUE	TRUE
8120	39038.5420956451	4978.02264377486	TRUE	TRUE	TRUE
8121	39042.8228026636	5137.82512410429	TRUE	TRUE	TRUE
8122	41199.9125794877	5014.18671315198	TRUE	TRUE	TRUE
8123	32702.7030942903	6928.28510196179	TRUE	TRUE	TRUE
8124	36963.827781537	5206.54337502541	TRUE	TRUE	TRUE
8125	38903.442723975	4698.39722842711	TRUE	TRUE	TRUE
8126	42516.8738276987	4007.3572632904	FALSE	FALSE	TRUE
8127	38122.2689253882	4996.78075036329	TRUE	TRUE	TRUE
8128	38986.2435071034	4877.84204847896	TRUE	TRUE	TRUE
8129	34919.4998483621	6899.40160439912	TRUE	TRUE	TRUE
8130	38206.7347662575	5405.10652633428	TRUE	TRUE	TRUE
8131	39471.7017300724	5663.79003746483	TRUE	TRUE	TRUE
8132	36529.8208487701	5561.10001723964	TRUE	TRUE	TRUE
8133	39029.9042539747	4801.41897597958	TRUE	TRUE	TRUE
8134	40287.6916964611	4767.14315787076	TRUE	TRUE	TRUE
8135	39505.6571429341	4889.92367165541	TRUE	TRUE	TRUE
8136	38195.2303614756	5323.56732944853	TRUE	TRUE	TRUE
8137	35493.1476703969	6124.38645184008	TRUE	TRUE	TRUE
8138	37651.4629748818	5192.68359185539	TRUE	TRUE	TRUE
8139	36788.0206318272	5467.4431025987	TRUE	TRUE	TRUE
8140	36704.6081996939	6175.88679491357	TRUE	TRUE	TRUE
8141	37927.3029722997	5280.29623999134	TRUE	TRUE	TRUE
8142	36375.9654974254	6143.20916362924	TRUE	TRUE	TRUE
8143	34310.6434143249	6653.10224144909	TRUE	TRUE	TRUE
8144	36906.7018180555	5414.9386797644	TRUE	TRUE	TRUE
8145	39482.1630326371	5357.43095251785	TRUE	TRUE	TRUE
8146	40956.7478113564	4450.44077521541	TRUE	FALSE	TRUE
8147	36778.1341568126	6587.36078139083	TRUE	TRUE	TRUE
8148	35733.6732177904	6310.26938773106	TRUE	TRUE	TRUE
8149	36221.4768784401	6368.57271159296	TRUE	TRUE	TRUE
8150	37628.3750579709	5368.71997652957	TRUE	TRUE	TRUE
8151	36773.0574577296	5357.86255359107	TRUE	TRUE	TRUE
8152	40220.6305084103	4648.93564191219	TRUE	TRUE	TRUE
8153	39524.8514166468	4693.74050898428	TRUE	TRUE	TRUE
8154	38837.2317035967	5117.91025723515	TRUE	TRUE	TRUE
8155	39054.6368379917	4877.75041232283	TRUE	TRUE	TRUE
8156	37266.5419703738	6403.77028690196	TRUE	TRUE	TRUE
8157	37883.3247753141	5323.38745758268	TRUE	TRUE	TRUE
8158	37654.2092011093	5325.49072984018	TRUE	TRUE	TRUE
8159	35224.7418738308	6197.63261082951	TRUE	TRUE	TRUE
8160	36630.7740621884	5293.4572748427	TRUE	TRUE	TRUE
8161	38611.0827317667	5053.48427312595	TRUE	TRUE	TRUE
8162	41564.0871151395	4354.37977517051	TRUE	FALSE	TRUE
8163	39180.202949785	5022.2190567922	TRUE	TRUE	TRUE
8164	37970.6453428152	5109.2430699625	TRUE	TRUE	TRUE
8165	36216.8662813705	5858.0395810303	TRUE	TRUE	TRUE
8166	39943.278882771	4723.21240673474	TRUE	TRUE	TRUE
8167	38786.4657604414	4956.94787893601	TRUE	TRUE	TRUE
8168	37917.6578251852	5091.84726746202	TRUE	TRUE	TRUE
8169	35150.8905429757	6748.42952862928	TRUE	TRUE	TRUE
8170	34016.747506734	7146.94363061702	TRUE	TRUE	TRUE
8171	36675.1564453935	5682.55234639905	TRUE	TRUE	TRUE
8172	38583.9853319871	5059.94730088919	TRUE	TRUE	TRUE
8173	36941.4975749696	5550.83892079545	TRUE	TRUE	TRUE
8174	34670.8921176609	6250.66114122684	TRUE	TRUE	TRUE
8175	37341.5405826091	5638.8841665976	TRUE	TRUE	TRUE
8176	38755.092466711	5019.0261338831	TRUE	TRUE	TRUE
8177	36873.2788881101	6190.63937686449	TRUE	TRUE	TRUE
8178	36631.1842312408	6158.78320986185	TRUE	TRUE	TRUE
8179	37907.5206490173	5612.10040559411	TRUE	TRUE	TRUE
8180	38034.3391961091	5139.46352617112	TRUE	TRUE	TRUE
8181	40757.4573944397	4716.76078083324	TRUE	TRUE	TRUE
8182	36186.9641661619	5946.14421463957	TRUE	TRUE	TRUE
8183	35843.0816846392	6688.5732107045	TRUE	TRUE	TRUE
8184	39804.8039751199	4959.72243353194	TRUE	TRUE	TRUE
8185	37067.3025304344	5712.92942060784	TRUE	TRUE	TRUE
8186	35202.7631214242	6675.08647081035	TRUE	TRUE	TRUE
8187	38525.9542600948	5521.50819911861	TRUE	TRUE	TRUE
8188	38213.0001239546	5004.40537571379	TRUE	TRUE	TRUE
8189	38146.8393867004	5168.08479728612	TRUE	TRUE	TRUE
8190	36602.9972996596	5750.6295726063	TRUE	TRUE	TRUE
8191	37827.932932895	5468.18354736631	TRUE	TRUE	TRUE
8192	39438.3790762727	4513.72128454648	TRUE	FALSE	TRUE
8193	42518.6645419394	3818.47708906162	FALSE	FALSE	TRUE
8194	38589.9119998439	4967.72914935631	TRUE	TRUE	TRUE
8195	37955.1726391784	5015.1703622393	TRUE	TRUE	TRUE
8196	35753.5311670671	6566.43318524279	TRUE	TRUE	TRUE
8197	37960.0132750559	5553.93585891204	TRUE	TRUE	TRUE
8198	39614.0833495778	5030.80950499887	TRUE	TRUE	TRUE
8199	36150.2566980947	5994.66204643448	TRUE	TRUE	TRUE
8200	38213.3121683542	5862.921955365	TRUE	TRUE	TRUE
8201	40435.9422455257	4595.41791567496	TRUE	TRUE	TRUE
8202	38054.9003100976	5214.54340504797	TRUE	TRUE	TRUE
8203	36525.6455853636	5956.99084755842	TRUE	TRUE	TRUE
8204	36855.2149438454	5359.07517930646	TRUE	TRUE	TRUE
8205	32677.0046234785	7690.6615895426	TRUE	TRUE	TRUE
8206	35663.316916226	6274.50721384088	TRUE	TRUE	TRUE
8207	35756.6521422563	5971.32108066167	TRUE	TRUE	TRUE
8208	37435.0747329539	5618.31380300819	TRUE	TRUE	TRUE
8209	39426.2006131977	5403.79987006341	TRUE	TRUE	TRUE
8210	38317.4144492826	5217.48610814421	TRUE	TRUE	TRUE
8211	33628.3878031482	7693.28962204798	TRUE	TRUE	TRUE
8212	39402.3304909743	4910.95516972784	TRUE	TRUE	TRUE
8213	38299.0451163587	5041.40571548926	TRUE	TRUE	TRUE
8214	36691.3407601982	5877.06726018057	TRUE	TRUE	TRUE
8215	38626.7418731538	5484.93128855573	TRUE	TRUE	TRUE
8216	38666.565563788	5072.52827707929	TRUE	TRUE	TRUE
8217	38561.6829347605	5037.13097875253	TRUE	TRUE	TRUE
8218	40112.6072246928	5238.80989549333	TRUE	TRUE	TRUE
8219	35898.2721620028	6368.07978487856	TRUE	TRUE	TRUE
8220	39684.2685140736	4636.29275015899	TRUE	TRUE	TRUE
8221	32312.9456867721	7590.48494212844	TRUE	TRUE	TRUE
8222	38699.4174711984	5201.81687764429	TRUE	TRUE	TRUE
8223	30823.0778934472	9400.35095103144	TRUE	TRUE	TRUE
8224	37597.8292538479	5294.95382629085	TRUE	TRUE	TRUE
8225	33086.7827592483	7596.73824719726	TRUE	TRUE	TRUE
8226	38163.1202614306	4958.52465361364	TRUE	TRUE	TRUE
8227	39730.8389234617	5255.7414080692	TRUE	TRUE	TRUE
8228	35167.0839702705	6054.68658702226	TRUE	TRUE	TRUE
8229	38719.3566920271	4888.16637709947	TRUE	TRUE	TRUE
8230	36886.1275434522	6238.85078911454	TRUE	TRUE	TRUE
8231	37984.9658514054	5287.47570793812	TRUE	TRUE	TRUE
8232	36020.5163595215	6128.42215893571	TRUE	TRUE	TRUE
8233	36205.3560088582	6517.98179795877	TRUE	TRUE	TRUE
8234	39295.4555605613	5182.52665949676	TRUE	TRUE	TRUE
8235	40051.5615900296	5288.76788922731	TRUE	TRUE	TRUE
8236	37899.0499494468	5525.52820382216	TRUE	TRUE	TRUE
8237	36706.7704708966	5830.07378406707	TRUE	TRUE	TRUE
8238	37324.7083285975	5310.82828239815	TRUE	TRUE	TRUE
8239	35447.1068245067	6398.89012229581	TRUE	TRUE	TRUE
8240	38092.448205914	5851.06984848478	TRUE	TRUE	TRUE
8241	37818.6291980799	5383.24444411799	TRUE	TRUE	TRUE
8242	39387.8560737008	4522.28533101846	TRUE	FALSE	TRUE
8243	33393.8307016833	8103.26258410334	TRUE	TRUE	TRUE
8244	38742.2189080174	5452.78099339398	TRUE	TRUE	TRUE
8245	37322.8062081397	5313.95066413197	TRUE	TRUE	TRUE
8246	36916.0854001038	5534.11388472564	TRUE	TRUE	TRUE
8247	39074.9644507375	5378.92338201093	TRUE	TRUE	TRUE
8248	38310.5740635515	5180.04568942503	TRUE	TRUE	TRUE
8249	32517.9343525141	8845.9113376761	TRUE	TRUE	TRUE
8250	38911.7345276368	4943.33501515136	TRUE	TRUE	TRUE
8251	36177.3927120955	5621.97515916474	TRUE	TRUE	TRUE
8252	37932.9964163438	5491.51077306236	TRUE	TRUE	TRUE
8253	33196.1132341532	8157.30867982461	TRUE	TRUE	TRUE
8254	37879.6617750902	5558.45464050721	TRUE	TRUE	TRUE
8255	38613.6919699386	5359.86382645755	TRUE	TRUE	TRUE
8256	36558.7494444591	5797.78891620951	TRUE	TRUE	TRUE
8257	41312.3706884129	4924.62986006806	TRUE	TRUE	TRUE
8258	37740.3862158994	5217.98281967663	TRUE	TRUE	TRUE
8259	33968.5629010232	7630.07610166307	TRUE	TRUE	TRUE
8260	36640.113589827	6163.58684203983	TRUE	TRUE	TRUE
8261	39534.9553694581	4459.03201752376	TRUE	FALSE	TRUE
8262	34046.4625318305	7125.56980083402	TRUE	TRUE	TRUE
8263	37106.2356443256	5631.33319327871	TRUE	TRUE	TRUE
8264	35547.815469842	6757.53247410554	TRUE	TRUE	TRUE
8265	38652.5317939789	4884.11011732729	TRUE	TRUE	TRUE
8266	36869.4326424096	5690.87470107945	TRUE	TRUE	TRUE
8267	35059.9836279861	6334.60647833356	TRUE	TRUE	TRUE
8268	35513.4696120348	6355.04369921078	TRUE	TRUE	TRUE
8269	35642.2994686927	5837.45588226767	TRUE	TRUE	TRUE
8270	36009.7083066469	6003.50715329806	TRUE	TRUE	TRUE
8271	36733.7176620206	5588.75757569623	TRUE	TRUE	TRUE
8272	41135.7791507148	4570.44858943606	TRUE	FALSE	TRUE
8273	39482.2221498105	4926.24354640877	TRUE	TRUE	TRUE
8274	38549.436075485	4944.05352452228	TRUE	TRUE	TRUE
8275	36447.7462679135	5475.58408783553	TRUE	TRUE	TRUE
8276	34477.4152119601	6248.75378114187	TRUE	TRUE	TRUE
8277	38866.8357637103	5515.21684011359	TRUE	TRUE	TRUE
8278	39650.0255192654	5110.33461189336	TRUE	TRUE	TRUE
8279	39016.3776494647	4807.27752448853	TRUE	TRUE	TRUE
8280	38817.068796805	5370.88342356491	TRUE	TRUE	TRUE
8281	37685.0498033679	5054.15395883594	TRUE	TRUE	TRUE
8282	37154.0968973906	5260.1164180604	TRUE	TRUE	TRUE
8283	38674.1542587306	4889.91519416726	TRUE	TRUE	TRUE
8284	38911.9395155094	4946.84819127644	TRUE	TRUE	TRUE
8285	37628.5456146372	5662.29950795325	TRUE	TRUE	TRUE
8286	37857.4141168651	5080.87229112013	TRUE	TRUE	TRUE
8287	32710.2194490471	8531.31553760796	TRUE	TRUE	TRUE
8288	38561.1569926856	4928.68396571515	TRUE	TRUE	TRUE
8289	37240.8213353374	5749.21214830051	TRUE	TRUE	TRUE
8290	34646.6283200168	7666.83345664524	TRUE	TRUE	TRUE
8291	35858.7464385795	6194.77461951673	TRUE	TRUE	TRUE
8292	37204.7791425168	5774.44470336314	TRUE	TRUE	TRUE
8293	38074.5104754262	5510.76204148055	TRUE	TRUE	TRUE
8294	38240.6950242164	5079.87672437807	TRUE	TRUE	TRUE
8295	35434.8819834574	6096.8841481261	TRUE	TRUE	TRUE
8296	38283.9959648761	5577.44262323345	TRUE	TRUE	TRUE
8297	37064.9299811015	6038.30551602427	TRUE	TRUE	TRUE
8298	37163.3998336341	5425.23102567227	TRUE	TRUE	TRUE
8299	37554.932400288	5235.12606740699	TRUE	TRUE	TRUE
8300	38209.2938318015	4858.5911505586	TRUE	TRUE	TRUE
8301	40391.5147923096	4497.51730797654	TRUE	FALSE	TRUE
8302	37787.8698190376	5006.96367856208	TRUE	TRUE	TRUE
8303	36492.8567842613	6264.46356041647	TRUE	TRUE	TRUE
8304	37122.3077834515	5563.13818952498	TRUE	TRUE	TRUE
8305	37857.5955427656	5434.89900986207	TRUE	TRUE	TRUE
8306	35857.1220587849	6292.45784368642	TRUE	TRUE	TRUE
8307	35476.598661895	6812.74608195188	TRUE	TRUE	TRUE
8308	38939.7704581652	5000.62123066272	TRUE	TRUE	TRUE
8309	34286.280187267	6255.84083793072	TRUE	TRUE	TRUE
8310	38613.867136163	5210.04658728391	TRUE	TRUE	TRUE
8311	38253.5610992415	4849.81818772359	TRUE	TRUE	TRUE
8312	38449.4076415825	4921.58978327676	TRUE	TRUE	TRUE
8313	35422.6776934469	7189.92310742236	TRUE	TRUE	TRUE
8314	35489.8364327351	7346.46434959033	TRUE	TRUE	TRUE
8315	38941.0264649664	4751.08569206258	TRUE	TRUE	TRUE
8316	39791.8961543974	4693.24473956362	TRUE	TRUE	TRUE
8317	39139.0727206464	4921.24452610811	TRUE	TRUE	TRUE
8318	33881.718139218	8525.61303399285	TRUE	TRUE	TRUE
8319	35048.0988655195	6886.79538373416	TRUE	TRUE	TRUE
8320	35028.8223883515	6103.27474280078	TRUE	TRUE	TRUE
8321	39688.2150516601	4955.81940146812	TRUE	TRUE	TRUE
8322	42437.9808831712	4094.76930528945	FALSE	FALSE	TRUE
8323	38858.6325992481	4887.09308926854	TRUE	TRUE	TRUE
8324	37467.338414452	5628.45512438498	TRUE	TRUE	TRUE
8325	37846.8628065895	5290.22610177064	TRUE	TRUE	TRUE
8326	34984.813710731	6191.32556740077	TRUE	TRUE	TRUE
8327	33161.4145612045	6946.48749401571	TRUE	TRUE	TRUE
8328	39958.4122972086	4645.4035432261	TRUE	TRUE	TRUE
8329	38456.8439065132	5248.72843187199	TRUE	TRUE	TRUE
8330	35196.7156228823	6523.97229446168	TRUE	TRUE	TRUE
8331	39153.8575411349	5032.13176374478	TRUE	TRUE	TRUE
8332	38830.1334037843	4716.75771178473	TRUE	TRUE	TRUE
8333	35028.1985199105	6214.18238556044	TRUE	TRUE	TRUE
8334	41245.2700694501	4733.53370545368	TRUE	TRUE	TRUE
8335	39588.8723974902	4917.13356328513	TRUE	TRUE	TRUE
8336	34201.3627509556	7654.59763177593	TRUE	TRUE	TRUE
8337	35224.2771122643	5954.17953531577	TRUE	TRUE	TRUE
8338	36106.7188054804	5648.23608100012	TRUE	TRUE	TRUE
8339	37270.873459518	5713.18782923881	TRUE	TRUE	TRUE
8340	36989.282976705	5655.26109854331	TRUE	TRUE	TRUE
8341	38210.1999646988	5188.10294375941	TRUE	TRUE	TRUE
8342	39044.7302757088	5415.12166948219	TRUE	TRUE	TRUE
8343	35222.6829803577	6628.334583755	TRUE	TRUE	TRUE
8344	37956.3293858516	5649.54041736187	TRUE	TRUE	TRUE
8345	35131.6893221361	5940.22419838443	TRUE	TRUE	TRUE
8346	38245.4316784281	4992.37522571009	TRUE	TRUE	TRUE
8347	38947.2925946514	4882.97925287991	TRUE	TRUE	TRUE
8348	36479.3173521368	6850.86539437953	TRUE	TRUE	TRUE
8349	38091.903483395	5204.24693577072	TRUE	TRUE	TRUE
8350	35889.2405625577	6512.56301770406	TRUE	TRUE	TRUE
8351	37860.3352428288	5333.620361284	TRUE	TRUE	TRUE
8352	36287.2586918957	5674.57054746423	TRUE	TRUE	TRUE
8353	39609.7249258346	4745.64479948777	TRUE	TRUE	TRUE
8354	38909.1221842991	4749.76007882654	TRUE	TRUE	TRUE
8355	35085.9580968728	6352.02177046744	TRUE	TRUE	TRUE
8356	37178.3160501481	5641.00213308063	TRUE	TRUE	TRUE
8357	36007.3160398303	6637.39018594556	TRUE	TRUE	TRUE
8358	35088.1518705056	7074.05788438033	TRUE	TRUE	TRUE
8359	36570.5212331901	5612.83887871441	TRUE	TRUE	TRUE
8360	40122.2535297982	4595.83734773514	TRUE	TRUE	TRUE
8361	38425.1118538957	4983.00559236397	TRUE	TRUE	TRUE
8362	36194.5238768538	5767.90633756961	TRUE	TRUE	TRUE
8363	39839.8245339854	5093.46871680153	TRUE	TRUE	TRUE
8364	37994.7496396471	5011.20282477904	TRUE	TRUE	TRUE
8365	38627.0721164176	5113.04311406376	TRUE	TRUE	TRUE
8366	35195.3988397023	7194.67972436225	TRUE	TRUE	TRUE
8367	37482.2886719236	5609.55285539863	TRUE	TRUE	TRUE
8368	35341.1541429051	6307.40727760905	TRUE	TRUE	TRUE
8369	39957.9993598147	4556.1343360291	TRUE	FALSE	TRUE
8370	36285.2706480936	6181.90824659638	TRUE	TRUE	TRUE
8371	38115.992284838	4853.70313530739	TRUE	TRUE	TRUE
8372	36941.2671473746	5424.02946714871	TRUE	TRUE	TRUE
8373	38685.6466694809	5010.77943755376	TRUE	TRUE	TRUE
8374	38179.651153506	5390.02207818917	TRUE	TRUE	TRUE
8375	38964.9735655272	5127.12862593742	TRUE	TRUE	TRUE
8376	39066.8185732645	4768.98589301913	TRUE	TRUE	TRUE
8377	36827.7695300897	5843.18620769837	TRUE	TRUE	TRUE
8378	38102.5986184641	5160.92297590531	TRUE	TRUE	TRUE
8379	41772.3511464485	4468.42430105347	FALSE	FALSE	TRUE
8380	38742.3259117176	5298.88029721727	TRUE	TRUE	TRUE
8381	39509.5971500969	5084.14899167569	TRUE	TRUE	TRUE
8382	38533.4829757858	5777.66437971481	TRUE	TRUE	TRUE
8383	38835.1565209013	4857.69743384586	TRUE	TRUE	TRUE
8384	38223.3198604332	5109.06088412856	TRUE	TRUE	TRUE
8385	35941.5362737932	5548.79584432372	TRUE	TRUE	TRUE
8386	38251.5265767593	5095.52543686416	TRUE	TRUE	TRUE
8387	37953.4403020433	5143.02744980517	TRUE	TRUE	TRUE
8388	38430.8425801808	5435.92053035042	TRUE	TRUE	TRUE
8389	39404.7633658253	4890.58927980241	TRUE	TRUE	TRUE
8390	40007.622693866	4794.31469782939	TRUE	TRUE	TRUE
8391	38357.9008598233	4827.366058973	TRUE	TRUE	TRUE
8392	38885.7155212999	4983.70255442359	TRUE	TRUE	TRUE
8393	39637.6515288644	5127.29559342775	TRUE	TRUE	TRUE
8394	36583.3555734252	5673.022069722	TRUE	TRUE	TRUE
8395	39830.5713113465	4848.59244256696	TRUE	TRUE	TRUE
8396	36178.0431335882	5580.41090703365	TRUE	TRUE	TRUE
8397	37530.3338655067	5588.47473642079	TRUE	TRUE	TRUE
8398	38328.0726180475	5171.03110592569	TRUE	TRUE	TRUE
8399	37003.9218537808	5324.27071143968	TRUE	TRUE	TRUE
8400	38091.3740780138	5267.18785581966	TRUE	TRUE	TRUE
8401	39528.3665752248	4802.78353103245	TRUE	TRUE	TRUE
8402	32506.4266217382	7437.92697031079	TRUE	TRUE	TRUE
8403	38712.9410170181	5111.31395185945	TRUE	TRUE	TRUE
8404	34577.428002286	6314.21997733602	TRUE	TRUE	TRUE
8405	36957.4260826019	6249.15496967966	TRUE	TRUE	TRUE
8406	37837.7966151392	5119.47864267946	TRUE	TRUE	TRUE
8407	36559.0566870192	5994.94253467969	TRUE	TRUE	TRUE
8408	35367.0832279032	6986.39352669128	TRUE	TRUE	TRUE
8409	38512.1815889276	5861.58997623199	TRUE	TRUE	TRUE
8410	34438.3564418543	6458.51643389142	TRUE	TRUE	TRUE
8411	37363.2268021583	5444.21622386871	TRUE	TRUE	TRUE
8412	37805.8221784425	5203.59688955015	TRUE	TRUE	TRUE
8413	37596.0473345101	5915.7951364574	TRUE	TRUE	TRUE
8414	35911.80690079	6337.32730015548	TRUE	TRUE	TRUE
8415	38891.5187005444	4805.66825383729	TRUE	TRUE	TRUE
8416	36664.0180790746	5768.64281381175	TRUE	TRUE	TRUE
8417	36948.6806551631	5667.87126192629	TRUE	TRUE	TRUE
8418	40504.8061591598	4655.8145673803	TRUE	TRUE	TRUE
8419	37338.2231652521	5508.91890989699	TRUE	TRUE	TRUE
8420	38384.715809432	4925.76001291508	TRUE	TRUE	TRUE
8421	35756.57074731	5828.35835367656	TRUE	TRUE	TRUE
8422	37306.7470520269	5350.28350298204	TRUE	TRUE	TRUE
8423	37411.1616771575	5650.2598827324	TRUE	TRUE	TRUE
8424	39354.9995596736	5363.21605718514	TRUE	TRUE	TRUE
8425	35645.2272250968	5989.9415480343	TRUE	TRUE	TRUE
8426	39674.4087374868	4851.15942091656	TRUE	TRUE	TRUE
8427	35467.7132161089	7472.43102366539	TRUE	TRUE	TRUE
8428	38701.7936901159	5272.84594404106	TRUE	TRUE	TRUE
8429	37243.0540913537	5707.43355207646	TRUE	TRUE	TRUE
8430	40869.9621095859	4807.6036665457	TRUE	TRUE	TRUE
8431	38861.5513582486	5620.40787869274	TRUE	TRUE	TRUE
8432	36537.1306137385	5732.36440652673	TRUE	TRUE	TRUE
8433	42815.6923872591	4173.85335445798	FALSE	FALSE	TRUE
8434	36501.709808794	6643.02398520427	TRUE	TRUE	TRUE
8435	37174.5309249967	5492.28872963239	TRUE	TRUE	TRUE
8436	40279.4565394904	4476.14401591261	TRUE	FALSE	TRUE
8437	38517.2378246116	5131.21814889887	TRUE	TRUE	TRUE
8438	37616.0644710415	5124.79491617519	TRUE	TRUE	TRUE
8439	38075.1959562405	5051.23505168391	TRUE	TRUE	TRUE
8440	35562.871581618	6161.88398244345	TRUE	TRUE	TRUE
8441	38471.6911441966	4920.85780787731	TRUE	TRUE	TRUE
8442	38203.8602115764	4980.32732529882	TRUE	TRUE	TRUE
8443	39762.5213707221	4589.64655564453	TRUE	TRUE	TRUE
8444	38557.6147290576	5201.82117950037	TRUE	TRUE	TRUE
8445	34125.582658888	6580.13818996912	TRUE	TRUE	TRUE
8446	37531.3774345224	5755.94831461124	TRUE	TRUE	TRUE
8447	37042.7500422765	6129.38356685495	TRUE	TRUE	TRUE
8448	37063.4417784854	6525.65607636456	TRUE	TRUE	TRUE
8449	37796.5006344307	5280.72705897529	TRUE	TRUE	TRUE
8450	40304.7887033236	4436.48022888961	TRUE	FALSE	TRUE
8451	40179.7691850102	4723.66051014942	TRUE	TRUE	TRUE
8452	38633.7298810338	5392.26790735092	TRUE	TRUE	TRUE
8453	41514.2354467643	4322.56886330363	TRUE	FALSE	TRUE
8454	37143.977325527	5659.68364785905	TRUE	TRUE	TRUE
8455	34591.8436861843	7176.98089432213	TRUE	TRUE	TRUE
8456	37089.0610949845	5404.77965167284	TRUE	TRUE	TRUE
8457	39030.7188808298	4842.20027842474	TRUE	TRUE	TRUE
8458	35992.7962849749	6283.80118727579	TRUE	TRUE	TRUE
8459	41364.4707663512	4174.03782873743	TRUE	FALSE	TRUE
8460	37814.617334409	5653.02917360617	TRUE	TRUE	TRUE
8461	39005.3054955044	5214.6484145993	TRUE	TRUE	TRUE
8462	36843.4832413375	6075.81189091713	TRUE	TRUE	TRUE
8463	36230.8542593958	6448.60230964178	TRUE	TRUE	TRUE
8464	38817.6974908693	4836.42428596913	TRUE	TRUE	TRUE
8465	37831.8246546902	5131.09254516008	TRUE	TRUE	TRUE
8466	39938.289788174	4666.92586688465	TRUE	TRUE	TRUE
8467	39107.8069127175	6203.09235296846	TRUE	TRUE	TRUE
8468	42428.5283612997	4282.79331337629	FALSE	FALSE	TRUE
8469	40511.5637782145	4859.08893793442	TRUE	TRUE	TRUE
8470	31411.1916376958	8986.33100360242	TRUE	TRUE	TRUE
8471	36779.1897254699	5368.11617766106	TRUE	TRUE	TRUE
8472	33968.8711733112	7611.7842857921	TRUE	TRUE	TRUE
8473	39022.0444772742	5082.64455271761	TRUE	TRUE	TRUE
8474	39124.6987201979	4929.27009061434	TRUE	TRUE	TRUE
8475	41177.4970165828	4170.32007848296	TRUE	FALSE	TRUE
8476	37143.5082675712	5407.55635279232	TRUE	TRUE	TRUE
8477	39247.5799093041	5430.77139567722	TRUE	TRUE	TRUE
8478	35994.0738706152	5685.17462603181	TRUE	TRUE	TRUE
8479	37295.6435885013	5356.76632620789	TRUE	TRUE	TRUE
8480	37755.5108849444	5948.31062973571	TRUE	TRUE	TRUE
8481	36959.2884306539	5187.31397773876	TRUE	TRUE	TRUE
8482	38782.1521059657	4582.84280022606	TRUE	FALSE	TRUE
8483	38426.51544934	4845.00829933122	TRUE	TRUE	TRUE
8484	34421.5198774445	6936.28636113854	TRUE	TRUE	TRUE
8485	40337.2390985893	4970.57443037834	TRUE	TRUE	TRUE
8486	39482.0946211181	5157.49864462027	TRUE	TRUE	TRUE
8487	37652.8699776833	5088.3703318876	TRUE	TRUE	TRUE
8488	39350.2305605858	5174.30659038932	TRUE	TRUE	TRUE
8489	39513.8697023067	4867.47500940387	TRUE	TRUE	TRUE
8490	34743.8804505921	7095.76250385579	TRUE	TRUE	TRUE
8491	36497.1908580736	6157.45609347784	TRUE	TRUE	TRUE
8492	36705.1102389234	6056.6787211643	TRUE	TRUE	TRUE
8493	37907.0601019554	5462.52105037587	TRUE	TRUE	TRUE
8494	38160.940142775	5808.91390770023	TRUE	TRUE	TRUE
8495	36641.9854923248	5726.28566154749	TRUE	TRUE	TRUE
8496	37464.8177525107	5428.06052226034	TRUE	TRUE	TRUE
8497	39910.5232431752	4798.50838533926	TRUE	TRUE	TRUE
8498	35579.7481254212	6086.79041387151	TRUE	TRUE	TRUE
8499	35950.7187771068	5702.42951545295	TRUE	TRUE	TRUE
8500	38432.9232192507	4983.90099028341	TRUE	TRUE	TRUE
8501	38172.9879624839	5583.50230376901	TRUE	TRUE	TRUE
8502	39046.9983210552	4806.25573795066	TRUE	TRUE	TRUE
8503	37897.0645590361	5673.89732558409	TRUE	TRUE	TRUE
8504	36021.0318779702	6062.71416077935	TRUE	TRUE	TRUE
8505	42650.4929896057	4290.95343751068	FALSE	FALSE	TRUE
8506	37683.955701057	5420.2863143973	TRUE	TRUE	TRUE
8507	37324.6635104745	5396.31627344754	TRUE	TRUE	TRUE
8508	37868.0693769511	5441.73061846255	TRUE	TRUE	TRUE
8509	38140.9412759801	4964.00670198716	TRUE	TRUE	TRUE
8510	39556.2305800706	4543.10527337268	TRUE	FALSE	TRUE
8511	38242.0388669489	5146.0543835991	TRUE	TRUE	TRUE
8512	36583.5675345104	6246.08921849138	TRUE	TRUE	TRUE
8513	41381.2979563421	4428.77176979631	TRUE	FALSE	TRUE
8514	38443.11688828	5327.44607470685	TRUE	TRUE	TRUE
8515	42888.4588607153	3895.51862073617	FALSE	FALSE	TRUE
8516	37239.097030209	5683.72823257345	TRUE	TRUE	TRUE
8517	37668.4001556798	5422.27899922055	TRUE	TRUE	TRUE
8518	37302.4170295163	5227.64857107548	TRUE	TRUE	TRUE
8519	38831.7662017327	4920.86777638301	TRUE	TRUE	TRUE
8520	38546.8160414388	5002.46320470857	TRUE	TRUE	TRUE
8521	35451.8599595696	6746.52387697613	TRUE	TRUE	TRUE
8522	38148.7125529123	5320.57563082802	TRUE	TRUE	TRUE
8523	38009.770630122	5314.07759625642	TRUE	TRUE	TRUE
8524	41749.8965635592	4531.84221776119	FALSE	FALSE	TRUE
8525	39100.1131613467	5131.85888822702	TRUE	TRUE	TRUE
8526	36764.5596023383	5712.48510944033	TRUE	TRUE	TRUE
8527	37582.022638983	5318.42069557593	TRUE	TRUE	TRUE
8528	38621.8727571968	4942.39729434024	TRUE	TRUE	TRUE
8529	39201.1083620592	5457.95913761762	TRUE	TRUE	TRUE
8530	37370.8707865373	5238.55613497564	TRUE	TRUE	TRUE
8531	38891.1764912145	5312.37396594025	TRUE	TRUE	TRUE
8532	39512.3305333264	4565.14310023758	TRUE	FALSE	TRUE
8533	40352.6387450617	4373.81039662794	TRUE	FALSE	TRUE
8534	37298.1832214704	5545.05370180747	TRUE	TRUE	TRUE
8535	38176.0765746431	5146.45632970531	TRUE	TRUE	TRUE
8536	37926.1119983016	5561.38004733847	TRUE	TRUE	TRUE
8537	38477.7413554645	4998.55486952424	TRUE	TRUE	TRUE
8538	36831.1791282918	5506.09810352197	TRUE	TRUE	TRUE
8539	37406.9721204684	5346.94867523594	TRUE	TRUE	TRUE
8540	39816.8865270421	4484.85608729392	TRUE	FALSE	TRUE
8541	40829.644981484	4499.88791212445	TRUE	FALSE	TRUE
8542	37481.7995670476	5280.90976991946	TRUE	TRUE	TRUE
8543	37404.531421557	5514.38003617062	TRUE	TRUE	TRUE
8544	36702.1821119581	5655.60800047046	TRUE	TRUE	TRUE
8545	38868.9256411703	5203.54964774896	TRUE	TRUE	TRUE
8546	34411.6650779409	6188.87154533012	TRUE	TRUE	TRUE
8547	36124.0173632026	5846.42526012864	TRUE	TRUE	TRUE
8548	36058.4251517009	5430.16867701848	TRUE	TRUE	TRUE
8549	37662.0108657553	5314.10426825684	TRUE	TRUE	TRUE
8550	39131.1373374809	4740.5580682121	TRUE	TRUE	TRUE
8551	39729.5896148622	5624.70442330383	TRUE	TRUE	TRUE
8552	36185.3142570368	6006.2577089444	TRUE	TRUE	TRUE
8553	38095.4080981599	5154.63133889475	TRUE	TRUE	TRUE
8554	35258.3433811937	6133.81242065466	TRUE	TRUE	TRUE
8555	33847.6309581548	7353.5558183206	TRUE	TRUE	TRUE
8556	36846.5878607522	5588.63212822512	TRUE	TRUE	TRUE
8557	35382.0270997366	5911.3027280568	TRUE	TRUE	TRUE
8558	35455.1400531879	5995.59908339613	TRUE	TRUE	TRUE
8559	38565.7378137453	5045.96357521871	TRUE	TRUE	TRUE
8560	39356.6152974506	4971.5486239545	TRUE	TRUE	TRUE
8561	35624.3223796333	5777.12579330034	TRUE	TRUE	TRUE
8562	36156.7116814595	7261.93375044532	TRUE	TRUE	TRUE
8563	37296.1137702797	5361.12722719206	TRUE	TRUE	TRUE
8564	38654.1068127628	5529.64154891393	TRUE	TRUE	TRUE
8565	35968.7163642346	5817.96987053652	TRUE	TRUE	TRUE
8566	36654.118844901	5357.99337829523	TRUE	TRUE	TRUE
8567	38740.3103364119	4933.586890167	TRUE	TRUE	TRUE
8568	40714.0684442493	4643.12864252416	TRUE	TRUE	TRUE
8569	37708.1488199563	5609.84038045562	TRUE	TRUE	TRUE
8570	38720.0127264529	4964.21756559521	TRUE	TRUE	TRUE
8571	41053.4231842123	4305.76340572724	TRUE	FALSE	TRUE
8572	33917.0037546891	7514.18502415591	TRUE	TRUE	TRUE
8573	38887.7009621919	5151.77702923527	TRUE	TRUE	TRUE
8574	35228.2971971811	6543.38189381544	TRUE	TRUE	TRUE
8575	38485.5048952592	4851.45021044465	TRUE	TRUE	TRUE
8576	41050.7052105277	4336.1460614465	TRUE	FALSE	TRUE
8577	36324.6639255154	6354.27026206617	TRUE	TRUE	TRUE
8578	36406.6358409265	5704.39385319033	TRUE	TRUE	TRUE
8579	36945.8752961424	5429.5937970481	TRUE	TRUE	TRUE
8580	38064.3111427454	5824.74149057786	TRUE	TRUE	TRUE
8581	39784.1379356275	5141.96243720241	TRUE	TRUE	TRUE
8582	37068.2166827066	5648.16174150141	TRUE	TRUE	TRUE
8583	41986.0266182437	4526.8129570082	FALSE	FALSE	TRUE
8584	39504.5968288899	4764.128238657	TRUE	TRUE	TRUE
8585	37750.2993739837	5996.47833130625	TRUE	TRUE	TRUE
8586	36149.5132460461	6044.89840252745	TRUE	TRUE	TRUE
8587	36120.2365136605	5732.9996159345	TRUE	TRUE	TRUE
8588	38370.1016631656	5361.28440710815	TRUE	TRUE	TRUE
8589	30610.6308737445	10541.4711056807	TRUE	TRUE	TRUE
8590	36632.7402615891	5418.52466218554	TRUE	TRUE	TRUE
8591	39279.1908177376	4710.93811575357	TRUE	TRUE	TRUE
8592	34779.1870570969	6498.96536022138	TRUE	TRUE	TRUE
8593	37243.1885865859	6635.46247237274	TRUE	TRUE	TRUE
8594	37471.2455119561	5801.39671808761	TRUE	TRUE	TRUE
8595	36902.8431718278	5677.27606889371	TRUE	TRUE	TRUE
8596	33291.5319149792	7307.52178710035	TRUE	TRUE	TRUE
8597	37828.2681160305	5390.28870787012	TRUE	TRUE	TRUE
8598	39023.4740975771	5121.95417008256	TRUE	TRUE	TRUE
8599	39850.699724843	4639.15795929025	TRUE	TRUE	TRUE
8600	37886.3595884042	5197.8053357322	TRUE	TRUE	TRUE
8601	39754.9039646151	4952.58537207193	TRUE	TRUE	TRUE
8602	37979.8775555979	5746.10516503635	TRUE	TRUE	TRUE
8603	36235.8701794357	6053.27145722675	TRUE	TRUE	TRUE
8604	38244.0114618731	5683.62317725997	TRUE	TRUE	TRUE
8605	36951.6405256895	5527.1835584043	TRUE	TRUE	TRUE
8606	38049.1030787371	5203.95235281368	TRUE	TRUE	TRUE
8607	40154.0471441197	4572.82696443651	TRUE	FALSE	TRUE
8608	39281.9083156807	5699.07546232728	TRUE	TRUE	TRUE
8609	39950.5678517753	4728.65062929985	TRUE	TRUE	TRUE
8610	35129.7471383883	7238.0322894757	TRUE	TRUE	TRUE
8611	40398.2085336197	4965.09792557664	TRUE	TRUE	TRUE
8612	35578.7386164928	6077.77813449423	TRUE	TRUE	TRUE
8613	39369.1795736058	4900.50169679997	TRUE	TRUE	TRUE
8614	38316.6775590714	4980.30335192707	TRUE	TRUE	TRUE
8615	38523.4954342108	4745.62953479366	TRUE	TRUE	TRUE
8616	37738.3309035293	5661.17002494056	TRUE	TRUE	TRUE
8617	38731.3710054887	4861.76783356798	TRUE	TRUE	TRUE
8618	38395.2162156244	4954.7514535789	TRUE	TRUE	TRUE
8619	35998.3925654813	7104.54197271672	TRUE	TRUE	TRUE
8620	36913.8261839623	5413.65830509222	TRUE	TRUE	TRUE
8621	36426.7228141208	5972.34197635481	TRUE	TRUE	TRUE
8622	39129.8462062981	5216.56439948778	TRUE	TRUE	TRUE
8623	38164.4201914616	4890.13245908477	TRUE	TRUE	TRUE
8624	37587.6991266925	5581.0720134436	TRUE	TRUE	TRUE
8625	38385.5916937645	5257.54689264109	TRUE	TRUE	TRUE
8626	37498.2587355735	5386.49683841108	TRUE	TRUE	TRUE
8627	37912.5249723657	5032.72408319156	TRUE	TRUE	TRUE
8628	35953.5799141253	6007.1448265963	TRUE	TRUE	TRUE
8629	36681.1276637935	5667.7416727613	TRUE	TRUE	TRUE
8630	39025.9952866709	4847.88694726507	TRUE	TRUE	TRUE
8631	37198.1467361543	5411.81756883391	TRUE	TRUE	TRUE
8632	34251.9388257636	6500.60872818954	TRUE	TRUE	TRUE
8633	37883.9666108838	5372.90867989196	TRUE	TRUE	TRUE
8634	37742.9070529927	5033.80937477012	TRUE	TRUE	TRUE
8635	35000.4950784558	6269.36201574506	TRUE	TRUE	TRUE
8636	38314.6693744885	5210.39355940436	TRUE	TRUE	TRUE
8637	36379.5180305258	5969.73351549082	TRUE	TRUE	TRUE
8638	36255.975457828	5566.51174148853	TRUE	TRUE	TRUE
8639	36973.8019831502	6037.26879426394	TRUE	TRUE	TRUE
8640	37479.4421105967	5298.24692047483	TRUE	TRUE	TRUE
8641	38282.1311166352	5244.41213055159	TRUE	TRUE	TRUE
8642	37034.6600700849	5728.33350618677	TRUE	TRUE	TRUE
8643	37324.7447090819	5784.9657650619	TRUE	TRUE	TRUE
8644	34512.4843937139	6190.75478156757	TRUE	TRUE	TRUE
8645	35522.2345435407	5905.28033949424	TRUE	TRUE	TRUE
8646	38495.6170726864	5013.29696271643	TRUE	TRUE	TRUE
8647	39160.3349895244	4828.22320978592	TRUE	TRUE	TRUE
8648	39772.8518948781	4806.33227977165	TRUE	TRUE	TRUE
8649	36947.2749407731	5834.35585939483	TRUE	TRUE	TRUE
8650	31876.9375886687	8698.87742367423	TRUE	TRUE	TRUE
8651	38554.7156300667	5147.1925245253	TRUE	TRUE	TRUE
8652	34354.3401931641	6505.57897898202	TRUE	TRUE	TRUE
8653	39236.4067027305	4859.7144651726	TRUE	TRUE	TRUE
8654	35635.7575065908	6190.83955142768	TRUE	TRUE	TRUE
8655	38313.7818427483	5134.21814805777	TRUE	TRUE	TRUE
8656	39554.8459473461	5286.14003873465	TRUE	TRUE	TRUE
8657	40020.2563731	4928.72279940536	TRUE	TRUE	TRUE
8658	38430.3591862309	5745.5941309324	TRUE	TRUE	TRUE
8659	38258.2407362388	5438.13001810981	TRUE	TRUE	TRUE
8660	37940.4654668121	5034.61168809287	TRUE	TRUE	TRUE
8661	39020.6884680393	4906.09917780907	TRUE	TRUE	TRUE
8662	37745.5418606348	6195.47871714849	TRUE	TRUE	TRUE
8663	38761.5817216959	5280.83196358175	TRUE	TRUE	TRUE
8664	35521.3190935166	6062.7692000824	TRUE	TRUE	TRUE
8665	41550.0733302013	4183.78534450736	TRUE	FALSE	TRUE
8666	38356.435677873	5668.41146540677	TRUE	TRUE	TRUE
8667	31216.6998466912	8303.07815241022	TRUE	TRUE	TRUE
8668	38059.9649422763	4958.38337999658	TRUE	TRUE	TRUE
8669	37257.0239835762	5316.69249444383	TRUE	TRUE	TRUE
8670	38957.2367685192	4802.46356893762	TRUE	TRUE	TRUE
8671	37828.5635989523	5307.35057782186	TRUE	TRUE	TRUE
8672	34312.4148230729	7147.73251908204	TRUE	TRUE	TRUE
8673	37938.4804814957	5201.87884997152	TRUE	TRUE	TRUE
8674	37779.4300797788	6117.82259128725	TRUE	TRUE	TRUE
8675	33205.8054018162	7198.82330272954	TRUE	TRUE	TRUE
8676	35859.3450176952	5859.59654959951	TRUE	TRUE	TRUE
8677	41322.8948813742	4662.06248785849	TRUE	TRUE	TRUE
8678	37309.1859855356	5206.03568850092	TRUE	TRUE	TRUE
8679	36699.7568250058	5560.78374154407	TRUE	TRUE	TRUE
8680	36290.3434631163	5985.78093182011	TRUE	TRUE	TRUE
8681	39011.0596520555	5019.84373818374	TRUE	TRUE	TRUE
8682	35192.8713398335	7171.56017191627	TRUE	TRUE	TRUE
8683	37552.1916402085	5846.12854074867	TRUE	TRUE	TRUE
8684	38161.1613503276	5937.04176386593	TRUE	TRUE	TRUE
8685	36446.4580600703	6645.64312923577	TRUE	TRUE	TRUE
8686	39063.4910000428	5229.03811825117	TRUE	TRUE	TRUE
8687	38513.0529155914	5521.31507698344	TRUE	TRUE	TRUE
8688	37795.3003460571	5214.3666579271	TRUE	TRUE	TRUE
8689	35094.1705358192	7495.20595011957	TRUE	TRUE	TRUE
8690	39538.9942356776	4803.2525784444	TRUE	TRUE	TRUE
8691	31586.2241525843	8359.88224049969	TRUE	TRUE	TRUE
8692	34669.0128298269	6556.47885201984	TRUE	TRUE	TRUE
8693	36529.4766301295	6070.73348258388	TRUE	TRUE	TRUE
8694	39102.5335417017	4657.24766628105	TRUE	TRUE	TRUE
8695	40244.1684010325	4470.56333479261	TRUE	FALSE	TRUE
8696	35902.6316209381	5944.10012052596	TRUE	TRUE	TRUE
8697	42474.7065147847	4101.38383630837	FALSE	FALSE	TRUE
8698	37209.0883714608	6254.64833026729	TRUE	TRUE	TRUE
8699	39017.8612251774	5700.50718745189	TRUE	TRUE	TRUE
8700	34596.0405864914	7068.81255738899	TRUE	TRUE	TRUE
8701	39118.1929729859	5279.03854560906	TRUE	TRUE	TRUE
8702	37567.4156109853	5518.62901565345	TRUE	TRUE	TRUE
8703	39468.9145224895	4955.76790882631	TRUE	TRUE	TRUE
8704	36999.5461930091	6188.54225875435	TRUE	TRUE	TRUE
8705	35944.6581510348	5953.93473464832	TRUE	TRUE	TRUE
8706	37926.7233853867	5713.58108522426	TRUE	TRUE	TRUE
8707	41858.3351172301	4272.39214164614	FALSE	FALSE	TRUE
8708	37926.72924285	5427.6945939417	TRUE	TRUE	TRUE
8709	33858.6364024574	7303.30068167026	TRUE	TRUE	TRUE
8710	39282.5185959149	4730.88767052321	TRUE	TRUE	TRUE
8711	37759.3508807752	5311.27870539358	TRUE	TRUE	TRUE
8712	37387.0953227948	5661.19420845837	TRUE	TRUE	TRUE
8713	40302.1291976579	4552.42119789575	TRUE	FALSE	TRUE
8714	38278.3743190744	5509.19988495004	TRUE	TRUE	TRUE
8715	36889.4174267604	5614.07118633759	TRUE	TRUE	TRUE
8716	39569.7285385308	4656.94582796631	TRUE	TRUE	TRUE
8717	38693.9083559115	5055.9858474337	TRUE	TRUE	TRUE
8718	38251.40543092	5525.49497344126	TRUE	TRUE	TRUE
8719	35140.2046562905	6749.8364992904	TRUE	TRUE	TRUE
8720	36434.3096217793	6303.89875736631	TRUE	TRUE	TRUE
8721	35736.9391935539	6874.54724179026	TRUE	TRUE	TRUE
8722	39743.353696993	5304.26157952384	TRUE	TRUE	TRUE
8723	38175.9458248818	5616.06890321479	TRUE	TRUE	TRUE
8724	38102.4948219832	5147.90614216798	TRUE	TRUE	TRUE
8725	36355.5648062958	6504.4017108372	TRUE	TRUE	TRUE
8726	38481.3870398998	5080.7240845317	TRUE	TRUE	TRUE
8727	40615.9640571441	4644.33765362491	TRUE	TRUE	TRUE
8728	40195.7161253469	4497.73698283347	TRUE	FALSE	TRUE
8729	37763.5500110126	5215.77524924995	TRUE	TRUE	TRUE
8730	40221.6828307046	4759.65519431405	TRUE	TRUE	TRUE
8731	39649.6733115474	5027.67335398495	TRUE	TRUE	TRUE
8732	38796.9622329075	5069.91260050157	TRUE	TRUE	TRUE
8733	35653.6789401836	6682.65525399827	TRUE	TRUE	TRUE
8734	35825.3818725572	5552.9154741341	TRUE	TRUE	TRUE
8735	38704.7813106923	5230.91448685103	TRUE	TRUE	TRUE
8736	39193.81212094	4762.29009406113	TRUE	TRUE	TRUE
8737	34036.2095280126	7346.68010669182	TRUE	TRUE	TRUE
8738	34301.9609738932	7025.32224285108	TRUE	TRUE	TRUE
8739	38779.9699457038	5000.25070504107	TRUE	TRUE	TRUE
8740	34993.0120247772	6285.95253278735	TRUE	TRUE	TRUE
8741	39162.6977667516	4719.98992318001	TRUE	TRUE	TRUE
8742	36656.6085535853	5500.66394955872	TRUE	TRUE	TRUE
8743	38848.8590464424	5084.78589568833	TRUE	TRUE	TRUE
8744	39126.2343744042	5023.88530479474	TRUE	TRUE	TRUE
8745	38558.9418570934	5321.89550963242	TRUE	TRUE	TRUE
8746	36337.5807239762	5720.34772885423	TRUE	TRUE	TRUE
8747	40125.3324998463	5075.08640286815	TRUE	TRUE	TRUE
8748	37541.8827116351	5834.14441219018	TRUE	TRUE	TRUE
8749	37390.5107757742	5425.02778230169	TRUE	TRUE	TRUE
8750	38103.0789228174	4879.26459492713	TRUE	TRUE	TRUE
8751	39592.9419996349	4558.44982230455	TRUE	FALSE	TRUE
8752	38509.4530580391	4982.42372208941	TRUE	TRUE	TRUE
8753	39685.2455541492	4819.27333080419	TRUE	TRUE	TRUE
8754	40424.5896373986	4612.59803135572	TRUE	TRUE	TRUE
8755	37950.4964845803	5532.17599934455	TRUE	TRUE	TRUE
8756	38152.7527131034	6392.58338360041	TRUE	TRUE	TRUE
8757	35610.7503195528	6794.61481850107	TRUE	TRUE	TRUE
8758	38243.8594664759	5031.5066041712	TRUE	TRUE	TRUE
8759	33930.5404570071	7676.91796204431	TRUE	TRUE	TRUE
8760	38175.524767936	5713.11088783	TRUE	TRUE	TRUE
8761	35395.640349988	6348.96452582384	TRUE	TRUE	TRUE
8762	35482.8906088559	5653.53016949498	TRUE	TRUE	TRUE
8763	34446.1515411482	7103.27278398658	TRUE	TRUE	TRUE
8764	36193.1358903214	5773.31912332033	TRUE	TRUE	TRUE
8765	38875.5033783167	5812.71679268469	TRUE	TRUE	TRUE
8766	32850.1797784149	6880.69015163014	TRUE	TRUE	TRUE
8767	33678.4170843632	7453.45807893583	TRUE	TRUE	TRUE
8768	37618.0119807514	5714.34723521431	TRUE	TRUE	TRUE
8769	38463.2930583728	5692.62402585316	TRUE	TRUE	TRUE
8770	40987.7336551601	4727.63590194479	TRUE	TRUE	TRUE
8771	38499.5090504485	5497.3725620933	TRUE	TRUE	TRUE
8772	36493.9902558831	6007.53828539044	TRUE	TRUE	TRUE
8773	37970.7501892693	5056.14127026087	TRUE	TRUE	TRUE
8774	38901.1165647772	5127.56180968332	TRUE	TRUE	TRUE
8775	38926.0801780485	5407.28404234538	TRUE	TRUE	TRUE
8776	37840.2871505931	5923.59443499646	TRUE	TRUE	TRUE
8777	36170.80154236	5511.98935544398	TRUE	TRUE	TRUE
8778	40488.0137254687	4407.23377738003	TRUE	FALSE	TRUE
8779	38467.0980511586	5250.87993420764	TRUE	TRUE	TRUE
8780	38178.2728586733	5324.32251231279	TRUE	TRUE	TRUE
8781	40074.4258970701	4637.16585299319	TRUE	TRUE	TRUE
8782	36602.9353762351	5277.95857106151	TRUE	TRUE	TRUE
8783	37322.0346852418	5827.7606166376	TRUE	TRUE	TRUE
8784	39175.9750231745	4702.40544856022	TRUE	TRUE	TRUE
8785	36750.6601608908	5817.9042058695	TRUE	TRUE	TRUE
8786	38008.8706237905	5495.83405822581	TRUE	TRUE	TRUE
8787	38543.9721691127	5088.41924376512	TRUE	TRUE	TRUE
8788	38042.4076018551	5645.71857408531	TRUE	TRUE	TRUE
8789	39316.3607080445	4867.06850415981	TRUE	TRUE	TRUE
8790	38113.6712749452	5171.76333063844	TRUE	TRUE	TRUE
8791	37447.5204671123	5575.00767414424	TRUE	TRUE	TRUE
8792	38782.0576406829	5001.21137102172	TRUE	TRUE	TRUE
8793	36665.3825107489	5345.37007115564	TRUE	TRUE	TRUE
8794	39138.79242006	5106.05492502558	TRUE	TRUE	TRUE
8795	36502.0566843459	6011.66151054543	TRUE	TRUE	TRUE
8796	37219.7458515184	5835.38713851639	TRUE	TRUE	TRUE
8797	38089.1150608521	4976.37220355703	TRUE	TRUE	TRUE
8798	38909.0375843069	5123.22586716676	TRUE	TRUE	TRUE
8799	38082.5836720149	5706.10569057407	TRUE	TRUE	TRUE
8800	35427.5725961073	6540.03239336133	TRUE	TRUE	TRUE
8801	41252.1330183113	4724.77292408569	TRUE	TRUE	TRUE
8802	36910.8498998803	5910.15281056827	TRUE	TRUE	TRUE
8803	41700.6419184941	4257.02202431849	FALSE	FALSE	TRUE
8804	33594.3872750045	7029.2090999937	TRUE	TRUE	TRUE
8805	36340.7565087191	5653.07211620214	TRUE	TRUE	TRUE
8806	38089.4499524675	5271.7551055519	TRUE	TRUE	TRUE
8807	37307.4466713967	5927.32092642674	TRUE	TRUE	TRUE
8808	39388.7951115749	5116.67975495364	TRUE	TRUE	TRUE
8809	37719.1110057324	5278.52559806641	TRUE	TRUE	TRUE
8810	39953.1782621163	5048.83926206614	TRUE	TRUE	TRUE
8811	37246.5276772368	5223.92610372384	TRUE	TRUE	TRUE
8812	36903.6370862155	5480.63663356148	TRUE	TRUE	TRUE
8813	38087.5099930491	5352.303215064	TRUE	TRUE	TRUE
8814	39697.9909473136	5288.10083357254	TRUE	TRUE	TRUE
8815	38595.2477833101	4929.93097506437	TRUE	TRUE	TRUE
8816	33301.7878890838	7175.69958165683	TRUE	TRUE	TRUE
8817	37573.5507783122	5390.02157950066	TRUE	TRUE	TRUE
8818	38323.5699084237	5059.82051609807	TRUE	TRUE	TRUE
8819	38551.0634699865	4725.05119016756	TRUE	TRUE	TRUE
8820	36257.3925841525	5741.19235883049	TRUE	TRUE	TRUE
8821	39684.9220356493	5305.18952202485	TRUE	TRUE	TRUE
8822	39620.6008390669	5085.9951582721	TRUE	TRUE	TRUE
8823	39194.8441018565	4715.5031302063	TRUE	TRUE	TRUE
8824	39777.3614321154	4462.68908076435	TRUE	FALSE	TRUE
8825	38649.6382828738	4802.10998460672	TRUE	TRUE	TRUE
8826	38791.6878611495	4979.58717453511	TRUE	TRUE	TRUE
8827	36211.6012817382	5605.88364473159	TRUE	TRUE	TRUE
8828	37484.7059883521	5418.9761857465	TRUE	TRUE	TRUE
8829	37759.1334021984	6024.57311446651	TRUE	TRUE	TRUE
8830	39359.3672416916	4878.19631775809	TRUE	TRUE	TRUE
8831	37719.0237057152	5959.17777047139	TRUE	TRUE	TRUE
8832	37453.2713254388	5493.33572711779	TRUE	TRUE	TRUE
8833	37254.6050070708	5308.37103441691	TRUE	TRUE	TRUE
8834	37943.2490886588	5656.37378436035	TRUE	TRUE	TRUE
8835	38746.6140401798	5147.13324905422	TRUE	TRUE	TRUE
8836	34863.6299316738	7657.1298683351	TRUE	TRUE	TRUE
8837	35974.9067423595	6173.33927126222	TRUE	TRUE	TRUE
8838	36320.6269885147	5533.00802005636	TRUE	TRUE	TRUE
8839	39774.9346264733	4721.11700411922	TRUE	TRUE	TRUE
8840	38725.7812275793	4862.9880945094	TRUE	TRUE	TRUE
8841	36945.3966752606	5886.7116003086	TRUE	TRUE	TRUE
8842	36770.0290152095	5774.87757432767	TRUE	TRUE	TRUE
8843	40557.9983599306	4867.4473736168	TRUE	TRUE	TRUE
8844	39822.8588059865	5309.55158852443	TRUE	TRUE	TRUE
8845	42411.4729185945	3982.114942492	FALSE	FALSE	TRUE
8846	40068.8675150474	4791.5772220021	TRUE	TRUE	TRUE
8847	39727.4529592253	5040.21208404746	TRUE	TRUE	TRUE
8848	40376.9625758624	4784.50885580532	TRUE	TRUE	TRUE
8849	36174.9157692952	6138.16665941541	TRUE	TRUE	TRUE
8850	39424.7039339063	4899.66252486752	TRUE	TRUE	TRUE
8851	38030.6351446923	5702.78101892461	TRUE	TRUE	TRUE
8852	38367.8222143335	5666.66548361647	TRUE	TRUE	TRUE
8853	36454.4291276236	6123.19109479181	TRUE	TRUE	TRUE
8854	31312.5991571582	9020.00086465391	TRUE	TRUE	TRUE
8855	37337.2582257479	5359.16888222853	TRUE	TRUE	TRUE
8856	40079.9612545954	4871.54912912793	TRUE	TRUE	TRUE
8857	39170.3062337913	4859.2998717895	TRUE	TRUE	TRUE
8858	37380.1330338073	5753.95388304535	TRUE	TRUE	TRUE
8859	41030.515930461	4619.63874048174	TRUE	TRUE	TRUE
8860	37869.8569542853	5942.05843026356	TRUE	TRUE	TRUE
8861	37545.3251878308	5106.54201691073	TRUE	TRUE	TRUE
8862	38800.5370361496	5087.77890172082	TRUE	TRUE	TRUE
8863	38356.2689778011	4890.43920614107	TRUE	TRUE	TRUE
8864	39522.5264006621	4992.6262560922	TRUE	TRUE	TRUE
8865	38963.2348609864	5406.14502186749	TRUE	TRUE	TRUE
8866	38453.5255524863	4944.07345702663	TRUE	TRUE	TRUE
8867	35260.1761731947	7826.11136904919	TRUE	TRUE	TRUE
8868	35430.5735297554	6807.52627310469	TRUE	TRUE	TRUE
8869	36283.3661018089	5903.94600477836	TRUE	TRUE	TRUE
8870	32151.4431524652	7679.37516321307	TRUE	TRUE	TRUE
8871	36758.9212327837	6141.68823615092	TRUE	TRUE	TRUE
8872	37160.4338303424	5749.16829405981	TRUE	TRUE	TRUE
8873	37626.3592781255	5753.31011635607	TRUE	TRUE	TRUE
8874	39274.4626255154	5282.92630727298	TRUE	TRUE	TRUE
8875	38743.6470447657	5079.38154767237	TRUE	TRUE	TRUE
8876	36472.9675167475	7127.81997153757	TRUE	TRUE	TRUE
8877	35650.3367404468	6678.58314644268	TRUE	TRUE	TRUE
8878	38346.7523820815	4813.82186492914	TRUE	TRUE	TRUE
8879	41752.424813846	4099.64183456031	FALSE	FALSE	TRUE
8880	41080.2616342323	4771.76834368573	TRUE	TRUE	TRUE
8881	38778.7123135603	4993.73999967165	TRUE	TRUE	TRUE
8882	40828.6743852387	4772.14231196591	TRUE	TRUE	TRUE
8883	35840.3526587096	5596.62771809017	TRUE	TRUE	TRUE
8884	37641.6542126116	5664.51283839421	TRUE	TRUE	TRUE
8885	36535.7779180439	6963.36074416788	TRUE	TRUE	TRUE
8886	37740.4693117019	5394.05680012574	TRUE	TRUE	TRUE
8887	38257.0612537421	5224.51437286061	TRUE	TRUE	TRUE
8888	39147.4104008242	4807.46715120575	TRUE	TRUE	TRUE
8889	37913.3289814686	5247.97831205303	TRUE	TRUE	TRUE
8890	36313.7572365714	5392.1561797306	TRUE	TRUE	TRUE
8891	37618.4966851023	5967.35501100318	TRUE	TRUE	TRUE
8892	31071.3940452029	8989.19351387363	TRUE	TRUE	TRUE
8893	36582.6721363994	6010.07600300923	TRUE	TRUE	TRUE
8894	37960.7295917738	5629.19410694646	TRUE	TRUE	TRUE
8895	34468.3549697602	7637.93570451441	TRUE	TRUE	TRUE
8896	36647.6540769597	5420.41430616981	TRUE	TRUE	TRUE
8897	36246.3054282533	6100.27676095279	TRUE	TRUE	TRUE
8898	39611.1573650195	4931.57183530536	TRUE	TRUE	TRUE
8899	39383.8109296656	5189.01838599837	TRUE	TRUE	TRUE
8900	37637.8266087409	5278.60436331554	TRUE	TRUE	TRUE
8901	38113.9961544335	5098.33961746649	TRUE	TRUE	TRUE
8902	33430.4559545359	7370.55333261152	TRUE	TRUE	TRUE
8903	39518.4191493754	4825.00727619026	TRUE	TRUE	TRUE
8904	35294.1963628913	7243.62669859932	TRUE	TRUE	TRUE
8905	37643.9013094245	5734.92402382223	TRUE	TRUE	TRUE
8906	36421.7062757528	6009.40545228984	TRUE	TRUE	TRUE
8907	37843.3659412386	6362.34833875176	TRUE	TRUE	TRUE
8908	38502.6893762069	4968.51793504788	TRUE	TRUE	TRUE
8909	36110.8374386098	6034.50726843907	TRUE	TRUE	TRUE
8910	35067.9112359428	8007.04123387264	TRUE	TRUE	TRUE
8911	33576.1060778851	6691.37744574572	TRUE	TRUE	TRUE
8912	38937.9770938093	4853.07654413521	TRUE	TRUE	TRUE
8913	37124.8227663688	5466.95591012924	TRUE	TRUE	TRUE
8914	38655.6792229685	5224.14805509465	TRUE	TRUE	TRUE
8915	38780.5147670404	4931.55572251776	TRUE	TRUE	TRUE
8916	35231.2776079757	5943.8685262463	TRUE	TRUE	TRUE
8917	36540.8579956048	6471.75487779194	TRUE	TRUE	TRUE
8918	37573.5470848817	5529.86814319567	TRUE	TRUE	TRUE
8919	38913.5303409347	4784.49089783925	TRUE	TRUE	TRUE
8920	31556.1924955261	7769.08931718462	TRUE	TRUE	TRUE
8921	35256.7827740044	6065.92317530155	TRUE	TRUE	TRUE
8922	36305.4576688457	6150.73293511913	TRUE	TRUE	TRUE
8923	37056.7378484791	6221.56352187528	TRUE	TRUE	TRUE
8924	34902.7737419457	6594.28392223592	TRUE	TRUE	TRUE
8925	36514.6306454	6099.5296904959	TRUE	TRUE	TRUE
8926	38646.5838501155	5080.82667854162	TRUE	TRUE	TRUE
8927	40068.4360320685	4503.31803782577	TRUE	FALSE	TRUE
8928	36066.7868407552	6166.51538778575	TRUE	TRUE	TRUE
8929	39869.9061217647	5286.81657941778	TRUE	TRUE	TRUE
8930	34393.1104272016	7280.1346298596	TRUE	TRUE	TRUE
8931	37414.3987322465	5846.49505486901	TRUE	TRUE	TRUE
8932	35810.0039780288	5938.65928011278	TRUE	TRUE	TRUE
8933	36985.644939142	5722.25834190949	TRUE	TRUE	TRUE
8934	36674.7370991264	6160.49628861121	TRUE	TRUE	TRUE
8935	37519.1911186946	5041.27662590403	TRUE	TRUE	TRUE
8936	36353.6974615467	5195.52064802069	TRUE	TRUE	TRUE
8937	37677.6765957097	5805.51139807194	TRUE	TRUE	TRUE
8938	38387.7465765571	5016.6299700874	TRUE	TRUE	TRUE
8939	36085.0759964093	5992.44547891897	TRUE	TRUE	TRUE
8940	38039.1491065209	5513.00615191303	TRUE	TRUE	TRUE
8941	38821.0659997235	4872.1218033367	TRUE	TRUE	TRUE
8942	34692.4668038553	7112.96006787587	TRUE	TRUE	TRUE
8943	36330.1654839787	6497.01784007621	TRUE	TRUE	TRUE
8944	33509.40558676	7406.33598272118	TRUE	TRUE	TRUE
8945	37281.3198411308	5434.18778947093	TRUE	TRUE	TRUE
8946	34320.7210334127	6686.10024046088	TRUE	TRUE	TRUE
8947	39956.8176934686	4571.36274607893	TRUE	FALSE	TRUE
8948	37095.3455605266	5532.06858126091	TRUE	TRUE	TRUE
8949	35907.1471546028	6128.6350454684	TRUE	TRUE	TRUE
8950	34508.4988138067	6839.1985288108	TRUE	TRUE	TRUE
8951	39721.9092883062	4729.34394154021	TRUE	TRUE	TRUE
8952	38282.5179758939	5101.10695395194	TRUE	TRUE	TRUE
8953	37948.3877051819	5261.46568317267	TRUE	TRUE	TRUE
8954	36015.7813556229	6275.81589905062	TRUE	TRUE	TRUE
8955	37297.6026561283	5695.68537698411	TRUE	TRUE	TRUE
8956	37092.242368518	5466.11708716369	TRUE	TRUE	TRUE
8957	37455.6358374621	6330.41368495945	TRUE	TRUE	TRUE
8958	42266.2500912157	4314.54765879023	FALSE	FALSE	TRUE
8959	36923.2062945488	5609.14547757597	TRUE	TRUE	TRUE
8960	39481.2237933332	5021.28360232855	TRUE	TRUE	TRUE
8961	38931.5830343775	4877.53439563924	TRUE	TRUE	TRUE
8962	39213.9549327862	4805.69213453895	TRUE	TRUE	TRUE
8963	35540.9484035388	5902.25100200217	TRUE	TRUE	TRUE
8964	34852.8081244803	6396.18559800954	TRUE	TRUE	TRUE
8965	35966.9216700385	6500.30717471967	TRUE	TRUE	TRUE
8966	39232.0772561894	4921.56221873749	TRUE	TRUE	TRUE
8967	36143.9525282807	6445.02106842687	TRUE	TRUE	TRUE
8968	36973.1347337959	5810.32016795042	TRUE	TRUE	TRUE
8969	37143.9556720212	6007.2441543227	TRUE	TRUE	TRUE
8970	36253.3122297081	5752.94995279751	TRUE	TRUE	TRUE
8971	38830.273849922	6352.08562965017	TRUE	TRUE	TRUE
8972	38279.4523310963	5074.45605416141	TRUE	TRUE	TRUE
8973	39715.5313836301	4639.92642161155	TRUE	TRUE	TRUE
8974	35123.3361342708	6331.37185922002	TRUE	TRUE	TRUE
8975	35625.6542412246	6240.90017738491	TRUE	TRUE	TRUE
8976	38281.0514015863	5025.54101165409	TRUE	TRUE	TRUE
8977	38182.5426552497	5289.84408167812	TRUE	TRUE	TRUE
8978	36961.4046775708	5633.34243988084	TRUE	TRUE	TRUE
8979	36740.8527938579	5509.22707376094	TRUE	TRUE	TRUE
8980	37094.4981943225	5438.49804951311	TRUE	TRUE	TRUE
8981	36464.1685778967	5982.44018190087	TRUE	TRUE	TRUE
8982	34642.7544922144	8290.48616696635	TRUE	TRUE	TRUE
8983	38278.2180807878	5311.72480668764	TRUE	TRUE	TRUE
8984	38339.2731501296	5031.45256966618	TRUE	TRUE	TRUE
8985	35865.181499937	7245.32694880414	TRUE	TRUE	TRUE
8986	37084.5885558294	5496.04639233472	TRUE	TRUE	TRUE
8987	37392.9366879875	4999.94992313741	TRUE	TRUE	TRUE
8988	39137.319071271	4842.29742537494	TRUE	TRUE	TRUE
8989	37651.8146014672	5467.00314447694	TRUE	TRUE	TRUE
8990	37664.0905584606	5641.61278554944	TRUE	TRUE	TRUE
8991	37593.1682159684	5374.19517617675	TRUE	TRUE	TRUE
8992	37107.5129224469	5704.23788760148	TRUE	TRUE	TRUE
8993	37211.0107159205	4940.92200009189	TRUE	TRUE	TRUE
8994	35213.849659457	6951.13845633506	TRUE	TRUE	TRUE
8995	36692.5260457672	6617.24744376546	TRUE	TRUE	TRUE
8996	36457.0463079366	5450.37221969705	TRUE	TRUE	TRUE
8997	36980.6531936539	5319.34451695516	TRUE	TRUE	TRUE
8998	38578.5691649535	5076.47981501847	TRUE	TRUE	TRUE
8999	33806.4304242594	7332.35568598195	TRUE	TRUE	TRUE
9000	34462.7852513962	7595.19536682105	TRUE	TRUE	TRUE
9001	38253.0058392056	5680.92503518022	TRUE	TRUE	TRUE
9002	37243.777689323	6816.87093004161	TRUE	TRUE	TRUE
9003	37148.5021760869	5778.96505968261	TRUE	TRUE	TRUE
9004	37323.9093208922	5425.99595951573	TRUE	TRUE	TRUE
9005	37447.7807216912	5161.18220496614	TRUE	TRUE	TRUE
9006	35654.0067898547	6783.56071058115	TRUE	TRUE	TRUE
9007	37869.5307115764	5281.33909757252	TRUE	TRUE	TRUE
9008	39058.523094668	5107.73510968148	TRUE	TRUE	TRUE
9009	38482.8741194898	5019.7586957118	TRUE	TRUE	TRUE
9010	38191.1446099059	5282.1443636493	TRUE	TRUE	TRUE
9011	35145.0546385653	7148.32561617447	TRUE	TRUE	TRUE
9012	36150.3145531104	6471.83825891663	TRUE	TRUE	TRUE
9013	37755.6930234636	5420.18724500207	TRUE	TRUE	TRUE
9014	36043.5336409389	5686.9858542717	TRUE	TRUE	TRUE
9015	40598.2771349646	4435.58815061106	TRUE	FALSE	TRUE
9016	38642.5254099673	5214.47475382069	TRUE	TRUE	TRUE
9017	37421.9961033614	5434.2742914579	TRUE	TRUE	TRUE
9018	36865.5527845347	5294.3088905238	TRUE	TRUE	TRUE
9019	37825.4512120802	5396.61368644964	TRUE	TRUE	TRUE
9020	38029.1479760568	6065.97933614158	TRUE	TRUE	TRUE
9021	37099.5840011493	5868.51250970819	TRUE	TRUE	TRUE
9022	37111.3776300806	5850.62665272513	TRUE	TRUE	TRUE
9023	38058.8330469642	4979.38573839859	TRUE	TRUE	TRUE
9024	37492.4568825994	5973.25515527471	TRUE	TRUE	TRUE
9025	36434.8709404537	6704.91179411693	TRUE	TRUE	TRUE
9026	35193.4317152538	7098.67290953409	TRUE	TRUE	TRUE
9027	35964.261765588	6643.33596486732	TRUE	TRUE	TRUE
9028	37635.4423344597	5742.6937850728	TRUE	TRUE	TRUE
9029	39752.1269908285	4778.99734563456	TRUE	TRUE	TRUE
9030	39453.9546868159	4583.20860140572	TRUE	FALSE	TRUE
9031	41583.8086528133	4464.05900293594	TRUE	FALSE	TRUE
9032	37419.4195304268	5974.37222946301	TRUE	TRUE	TRUE
9033	36293.3138061138	5793.43248024904	TRUE	TRUE	TRUE
9034	37306.6570735605	5571.25188863811	TRUE	TRUE	TRUE
9035	37916.5683930007	4940.1949665589	TRUE	TRUE	TRUE
9036	35699.8561407598	6034.69466543284	TRUE	TRUE	TRUE
9037	37593.6029121011	5048.09243688555	TRUE	TRUE	TRUE
9038	38994.2882535395	5748.80222744207	TRUE	TRUE	TRUE
9039	39780.7205170122	4780.14907506368	TRUE	TRUE	TRUE
9040	37430.7679532441	5497.44648714631	TRUE	TRUE	TRUE
9041	35781.9135296527	6518.21666605131	TRUE	TRUE	TRUE
9042	37977.2487490848	5158.38207724209	TRUE	TRUE	TRUE
9043	38999.2623822101	4806.12468317673	TRUE	TRUE	TRUE
9044	38045.7153468746	4997.63467560544	TRUE	TRUE	TRUE
9045	38972.2133349626	4655.26981496983	TRUE	TRUE	TRUE
9046	39678.5438208915	4999.34966333586	TRUE	TRUE	TRUE
9047	40553.2938401103	4603.31241871963	TRUE	TRUE	TRUE
9048	39224.139093889	4647.09888388944	TRUE	TRUE	TRUE
9049	38194.4370978408	5708.58981863927	TRUE	TRUE	TRUE
9050	40245.2034707161	5015.25468220061	TRUE	TRUE	TRUE
9051	38855.5248264197	4822.28179398453	TRUE	TRUE	TRUE
9052	38587.7994012982	5246.69494156221	TRUE	TRUE	TRUE
9053	39457.3982407801	5233.23871601544	TRUE	TRUE	TRUE
9054	38495.3327100434	5190.2985486473	TRUE	TRUE	TRUE
9055	39545.3211907646	4970.24662432296	TRUE	TRUE	TRUE
9056	37043.3538254315	5450.77966707254	TRUE	TRUE	TRUE
9057	36655.1904041331	5707.07601497802	TRUE	TRUE	TRUE
9058	37629.3243307574	5616.49817612747	TRUE	TRUE	TRUE
9059	37044.9695583228	5645.3537283101	TRUE	TRUE	TRUE
9060	38309.737835331	5079.65134401108	TRUE	TRUE	TRUE
9061	36825.4563330598	5595.01592298635	TRUE	TRUE	TRUE
9062	31346.8900144098	9167.5722915216	TRUE	TRUE	TRUE
9063	38373.1167411423	5252.0853328482	TRUE	TRUE	TRUE
9064	37760.1835999605	4984.16790137286	TRUE	TRUE	TRUE
9065	38991.8754244166	4713.09689933848	TRUE	TRUE	TRUE
9066	37532.1984272849	5224.04129526317	TRUE	TRUE	TRUE
9067	39241.9786977497	5016.86624035779	TRUE	TRUE	TRUE
9068	38883.1600310568	4830.13179496237	TRUE	TRUE	TRUE
9069	37690.8828491068	5110.0790924512	TRUE	TRUE	TRUE
9070	37574.3929467484	5063.3700797911	TRUE	TRUE	TRUE
9071	35983.5819571232	5541.24407465669	TRUE	TRUE	TRUE
9072	36003.6081208152	5710.52472392985	TRUE	TRUE	TRUE
9073	38986.0653782564	4857.4657965115	TRUE	TRUE	TRUE
9074	37171.2833539853	5257.44738748933	TRUE	TRUE	TRUE
9075	36817.9429329012	5359.08026029816	TRUE	TRUE	TRUE
9076	36072.6594923733	6849.4991193242	TRUE	TRUE	TRUE
9077	37646.8737617142	5805.25997515903	TRUE	TRUE	TRUE
9078	37307.5652847851	5046.17696612336	TRUE	TRUE	TRUE
9079	36757.8681542092	5607.12920026736	TRUE	TRUE	TRUE
9080	38927.2043735742	4724.08110670597	TRUE	TRUE	TRUE
9081	37891.1120424471	5628.50241511809	TRUE	TRUE	TRUE
9082	38547.452499893	5189.43758000996	TRUE	TRUE	TRUE
9083	37194.0708322388	5823.4175642243	TRUE	TRUE	TRUE
9084	35836.035962128	6233.0164106037	TRUE	TRUE	TRUE
9085	38184.4781826505	5499.59821997233	TRUE	TRUE	TRUE
9086	39962.3843497356	4700.95561410153	TRUE	TRUE	TRUE
9087	37648.2036174373	6202.32505621544	TRUE	TRUE	TRUE
9088	38289.5198493084	4993.05263256285	TRUE	TRUE	TRUE
9089	40218.8789859719	4725.85684944405	TRUE	TRUE	TRUE
9090	37305.0201185503	6351.80835684621	TRUE	TRUE	TRUE
9091	36859.3096542465	5518.68580621156	TRUE	TRUE	TRUE
9092	39285.3379237807	4664.96392784899	TRUE	TRUE	TRUE
9093	36594.4800677623	5510.34539284724	TRUE	TRUE	TRUE
9094	36284.0377671626	6328.37287163475	TRUE	TRUE	TRUE
9095	39200.1961440295	4950.87111752097	TRUE	TRUE	TRUE
9096	37316.1582439583	5273.98973416835	TRUE	TRUE	TRUE
9097	38033.6359706096	5623.99595450077	TRUE	TRUE	TRUE
9098	35431.0515674274	6046.13292650918	TRUE	TRUE	TRUE
9099	41150.30418548	4505.13216984243	TRUE	FALSE	TRUE
9100	38199.2907617699	5851.82896077782	TRUE	TRUE	TRUE
9101	36623.7848217903	5386.70949769177	TRUE	TRUE	TRUE
9102	36291.4401717091	5847.76142863869	TRUE	TRUE	TRUE
9103	37803.7858898197	5106.2537683841	TRUE	TRUE	TRUE
9104	38809.9144484299	5102.64928087125	TRUE	TRUE	TRUE
9105	35120.2724542278	8394.67848330408	TRUE	TRUE	TRUE
9106	37571.2772665736	5552.00748546228	TRUE	TRUE	TRUE
9107	35487.3966335911	5809.16681909956	TRUE	TRUE	TRUE
9108	38112.3950583663	5533.3368395158	TRUE	TRUE	TRUE
9109	37026.1932653516	6212.37765300113	TRUE	TRUE	TRUE
9110	39207.2607580646	4681.36342956802	TRUE	TRUE	TRUE
9111	36390.3597384367	7222.62732028853	TRUE	TRUE	TRUE
9112	39595.5286139561	4480.39224415385	TRUE	FALSE	TRUE
9113	36774.1329267234	5392.71526589195	TRUE	TRUE	TRUE
9114	37972.7945829819	5596.13282288463	TRUE	TRUE	TRUE
9115	33604.3086897076	8048.66579715425	TRUE	TRUE	TRUE
9116	38206.3520478494	5653.41803515477	TRUE	TRUE	TRUE
9117	36393.457613145	5880.35810575817	TRUE	TRUE	TRUE
9118	37242.2525642909	5601.5452249453	TRUE	TRUE	TRUE
9119	40197.2737464129	4997.97151871759	TRUE	TRUE	TRUE
9120	40496.2723791599	4574.17963362754	TRUE	FALSE	TRUE
9121	38989.0681535321	5019.78379380028	TRUE	TRUE	TRUE
9122	37580.2158853895	6011.5511230928	TRUE	TRUE	TRUE
9123	37725.3401890779	6538.33429735215	TRUE	TRUE	TRUE
9124	37940.4868549764	4981.7761588402	TRUE	TRUE	TRUE
9125	40353.2274589095	4621.70364472343	TRUE	TRUE	TRUE
9126	38687.8445614529	5553.02798540109	TRUE	TRUE	TRUE
9127	39706.370237043	5332.52241384185	TRUE	TRUE	TRUE
9128	35763.0970706733	5766.3028246854	TRUE	TRUE	TRUE
9129	39200.8237078659	5268.93082322802	TRUE	TRUE	TRUE
9130	37496.325075682	5407.69017080167	TRUE	TRUE	TRUE
9131	35926.9251378281	5788.67289496708	TRUE	TRUE	TRUE
9132	37598.4780145791	5400.10302813198	TRUE	TRUE	TRUE
9133	38582.9778551616	5003.93939022831	TRUE	TRUE	TRUE
9134	40307.2292795991	4637.22533862664	TRUE	TRUE	TRUE
9135	37771.888903844	4907.37640946188	TRUE	TRUE	TRUE
9136	37771.9964281454	5044.556000636	TRUE	TRUE	TRUE
9137	37014.5181817471	5378.68263444396	TRUE	TRUE	TRUE
9138	35926.900162426	6686.19862232488	TRUE	TRUE	TRUE
9139	39555.923193636	5010.05449599991	TRUE	TRUE	TRUE
9140	39441.2077824675	4765.52422401165	TRUE	TRUE	TRUE
9141	39076.9552315174	4906.24422372623	TRUE	TRUE	TRUE
9142	37620.4608979238	5496.73588663799	TRUE	TRUE	TRUE
9143	38870.7781488624	4787.83222063885	TRUE	TRUE	TRUE
9144	37669.1052163973	5242.02019403237	TRUE	TRUE	TRUE
9145	35145.460390216	7298.06873359364	TRUE	TRUE	TRUE
9146	32011.9175181225	7839.51445536662	TRUE	TRUE	TRUE
9147	39636.9673319474	4854.88927716295	TRUE	TRUE	TRUE
9148	37870.9689934065	5736.57494617209	TRUE	TRUE	TRUE
9149	39846.3366170702	4666.02542154044	TRUE	TRUE	TRUE
9150	40624.2062844982	4722.92534518122	TRUE	TRUE	TRUE
9151	37154.1591033454	5914.29548517145	TRUE	TRUE	TRUE
9152	37627.417165911	5059.37421501554	TRUE	TRUE	TRUE
9153	39004.9619433408	4990.39166762428	TRUE	TRUE	TRUE
9154	38079.4567826514	5338.87354411692	TRUE	TRUE	TRUE
9155	35306.1862503953	6634.21716679613	TRUE	TRUE	TRUE
9156	37256.0180243283	5202.62966665965	TRUE	TRUE	TRUE
9157	38872.7984468699	5112.30378496503	TRUE	TRUE	TRUE
9158	41300.7605020647	4177.56843747395	TRUE	FALSE	TRUE
9159	37633.5833890839	5328.59783312191	TRUE	TRUE	TRUE
9160	39285.4218163807	5040.32574016913	TRUE	TRUE	TRUE
9161	35674.626803943	6393.40638799067	TRUE	TRUE	TRUE
9162	37823.9750330173	6092.52040889117	TRUE	TRUE	TRUE
9163	32350.9841003518	7584.44036801487	TRUE	TRUE	TRUE
9164	38882.6503065757	4938.02719279126	TRUE	TRUE	TRUE
9165	36361.5960496296	6221.53836625693	TRUE	TRUE	TRUE
9166	41636.2985232718	4370.51362749839	FALSE	FALSE	TRUE
9167	39316.8934783767	4895.35051021116	TRUE	TRUE	TRUE
9168	38808.7791983051	5220.93834261093	TRUE	TRUE	TRUE
9169	37881.8381235702	5196.66417316635	TRUE	TRUE	TRUE
9170	38564.4864194864	5357.01114529741	TRUE	TRUE	TRUE
9171	37666.4993810973	5793.41262495834	TRUE	TRUE	TRUE
9172	33729.4149990648	8355.31789509331	TRUE	TRUE	TRUE
9173	36068.9666749044	5485.54612416812	TRUE	TRUE	TRUE
9174	40504.2760363449	4612.52150997282	TRUE	TRUE	TRUE
9175	35210.1896278402	6791.88295965415	TRUE	TRUE	TRUE
9176	39204.1542909862	4960.92771774021	TRUE	TRUE	TRUE
9177	37922.148062247	5232.08410386147	TRUE	TRUE	TRUE
9178	35053.924943748	6577.03285160556	TRUE	TRUE	TRUE
9179	33765.2995685038	7210.00390309636	TRUE	TRUE	TRUE
9180	37995.5192659062	5158.57996635256	TRUE	TRUE	TRUE
9181	36441.1397755713	6022.55110285786	TRUE	TRUE	TRUE
9182	33393.7993362469	7057.32195210342	TRUE	TRUE	TRUE
9183	36098.279255945	6753.66054625709	TRUE	TRUE	TRUE
9184	36411.3144520116	6252.06754278349	TRUE	TRUE	TRUE
9185	37628.6451617184	5099.37900105761	TRUE	TRUE	TRUE
9186	37241.7492454482	5315.61930196098	TRUE	TRUE	TRUE
9187	39325.6121997557	5252.71889439686	TRUE	TRUE	TRUE
9188	37501.6462952556	5475.85098147548	TRUE	TRUE	TRUE
9189	35232.1895553753	5871.06452200591	TRUE	TRUE	TRUE
9190	37695.1117096216	5580.45782694535	TRUE	TRUE	TRUE
9191	38262.820527641	5650.76039640569	TRUE	TRUE	TRUE
9192	35129.7739634256	7157.25161742016	TRUE	TRUE	TRUE
9193	39145.6647215762	4698.8348337561	TRUE	TRUE	TRUE
9194	36960.6948641099	5715.87737439577	TRUE	TRUE	TRUE
9195	36780.0719176021	5954.23941772158	TRUE	TRUE	TRUE
9196	35945.9833374631	7072.47320465383	TRUE	TRUE	TRUE
9197	37834.5728936118	5928.18949872241	TRUE	TRUE	TRUE
9198	37204.3075273402	5285.17326129518	TRUE	TRUE	TRUE
9199	39899.686867087	4610.03798330378	TRUE	TRUE	TRUE
9200	35234.5400828018	6613.41832293835	TRUE	TRUE	TRUE
9201	37607.3159930244	5160.6496612595	TRUE	TRUE	TRUE
9202	37625.4200727162	5547.20227947896	TRUE	TRUE	TRUE
9203	38048.7394225905	5833.82459606008	TRUE	TRUE	TRUE
9204	37108.8417827621	5561.21260242774	TRUE	TRUE	TRUE
9205	40301.7633636727	4520.86448561139	TRUE	FALSE	TRUE
9206	36826.8230654173	6955.10902311115	TRUE	TRUE	TRUE
9207	37586.7639939461	5805.11573670205	TRUE	TRUE	TRUE
9208	36869.3383644688	5854.57430118656	TRUE	TRUE	TRUE
9209	38750.5449318805	5519.50720139819	TRUE	TRUE	TRUE
9210	35469.8005279263	6124.4354883094	TRUE	TRUE	TRUE
9211	40445.2063524202	4558.05478492883	TRUE	FALSE	TRUE
9212	35939.1104706057	6012.46959474177	TRUE	TRUE	TRUE
9213	35449.8039161846	6536.7483318023	TRUE	TRUE	TRUE
9214	37373.3163522604	5296.17938451502	TRUE	TRUE	TRUE
9215	37808.3107373997	4909.35293510848	TRUE	TRUE	TRUE
9216	37571.053467161	5289.9847631829	TRUE	TRUE	TRUE
9217	34802.6704520379	6704.48511136348	TRUE	TRUE	TRUE
9218	35070.1602854589	6907.48341688374	TRUE	TRUE	TRUE
9219	38558.4063324031	5334.97447590102	TRUE	TRUE	TRUE
9220	36719.1772860777	5819.39409778288	TRUE	TRUE	TRUE
9221	37713.1521063885	5333.08800691767	TRUE	TRUE	TRUE
9222	38228.7681384118	4974.62921881529	TRUE	TRUE	TRUE
9223	34454.1343752234	7147.14282372799	TRUE	TRUE	TRUE
9224	37030.7102787748	6138.23444352198	TRUE	TRUE	TRUE
9225	35719.847598708	6865.04278539182	TRUE	TRUE	TRUE
9226	38171.4829860046	5482.39016375268	TRUE	TRUE	TRUE
9227	36980.0367267469	6382.1224908431	TRUE	TRUE	TRUE
9228	37280.2168960385	6289.51953299559	TRUE	TRUE	TRUE
9229	35660.4092398366	6383.02750735443	TRUE	TRUE	TRUE
9230	39298.3130948879	5217.89635660858	TRUE	TRUE	TRUE
9231	36747.9313517568	6783.2144655521	TRUE	TRUE	TRUE
9232	37326.7185003579	5966.42896244223	TRUE	TRUE	TRUE
9233	38852.135562191	4731.7554738339	TRUE	TRUE	TRUE
9234	37287.4639885195	5318.51819342671	TRUE	TRUE	TRUE
9235	37795.3466446759	5107.0161880409	TRUE	TRUE	TRUE
9236	38503.4609846434	5045.96496455941	TRUE	TRUE	TRUE
9237	37337.5195162351	5288.72077065058	TRUE	TRUE	TRUE
9238	39316.4557845832	4702.53737914205	TRUE	TRUE	TRUE
9239	38720.5648609927	5179.93422144654	TRUE	TRUE	TRUE
9240	32955.5116525269	8958.17820404226	TRUE	TRUE	TRUE
9241	37325.2899901532	5355.42645955292	TRUE	TRUE	TRUE
9242	31694.8657780715	7837.46037104492	TRUE	TRUE	TRUE
9243	38104.4412427471	5307.53201473175	TRUE	TRUE	TRUE
9244	38315.7211602969	5637.64931097704	TRUE	TRUE	TRUE
9245	32400.7611298453	9534.96537739174	TRUE	TRUE	TRUE
9246	38449.682718347	5086.17770520034	TRUE	TRUE	TRUE
9247	38460.8346746523	4772.97030405924	TRUE	TRUE	TRUE
9248	37655.4816607962	6576.45640211593	TRUE	TRUE	TRUE
9249	35855.3747184776	5913.51039590653	TRUE	TRUE	TRUE
9250	37802.393994254	5090.58033487294	TRUE	TRUE	TRUE
9251	37091.6184534692	5358.30894155158	TRUE	TRUE	TRUE
9252	33789.4067845172	7811.26725993501	TRUE	TRUE	TRUE
9253	38079.1003038917	4916.89498735313	TRUE	TRUE	TRUE
9254	39226.8989025939	5014.45026482275	TRUE	TRUE	TRUE
9255	37188.6626007185	5275.27720298345	TRUE	TRUE	TRUE
9256	37397.3615236325	5446.04547467015	TRUE	TRUE	TRUE
9257	33207.9519435301	7223.24042702086	TRUE	TRUE	TRUE
9258	35461.5537355335	6054.98350260592	TRUE	TRUE	TRUE
9259	37499.096036002	5265.58781424782	TRUE	TRUE	TRUE
9260	38472.9246650036	4902.3757703192	TRUE	TRUE	TRUE
9261	35028.5398017528	6691.18054989453	TRUE	TRUE	TRUE
9262	34767.1483067735	6234.28120796597	TRUE	TRUE	TRUE
9263	41621.8726839969	4220.78788424936	FALSE	FALSE	TRUE
9264	36913.0514130745	5847.72244432564	TRUE	TRUE	TRUE
9265	37507.1270613545	5493.81445313909	TRUE	TRUE	TRUE
9266	35831.3088042642	5773.88103023504	TRUE	TRUE	TRUE
9267	38033.2214081266	6525.9470111787	TRUE	TRUE	TRUE
9268	31814.6038212026	8276.67512930034	TRUE	TRUE	TRUE
9269	38936.3444576513	4918.69767503963	TRUE	TRUE	TRUE
9270	37373.4600396727	6174.43861598913	TRUE	TRUE	TRUE
9271	36947.8745153479	5327.45023274132	TRUE	TRUE	TRUE
9272	38178.6414932354	5429.16235545226	TRUE	TRUE	TRUE
9273	36803.297717441	5532.86958502487	TRUE	TRUE	TRUE
9274	34381.019057153	7842.77674754379	TRUE	TRUE	TRUE
9275	37465.6234421251	5826.90205032924	TRUE	TRUE	TRUE
9276	37403.4159346461	5818.4480184101	TRUE	TRUE	TRUE
9277	40041.7736369051	5412.65951440133	TRUE	TRUE	TRUE
9278	36597.9714596064	5998.38139142982	TRUE	TRUE	TRUE
9279	33870.0782123833	6639.88542037668	TRUE	TRUE	TRUE
9280	35950.058753427	6494.53313588425	TRUE	TRUE	TRUE
9281	36855.2699314172	5468.68715947616	TRUE	TRUE	TRUE
9282	35779.9754338377	5930.84312339576	TRUE	TRUE	TRUE
9283	39919.3294884623	5528.09788930396	TRUE	TRUE	TRUE
9284	37942.187445907	5494.92498502056	TRUE	TRUE	TRUE
9285	34165.7822277827	7028.01120732081	TRUE	TRUE	TRUE
9286	40101.4141840957	4470.12649610996	TRUE	FALSE	TRUE
9287	35986.3913758254	6292.45341750486	TRUE	TRUE	TRUE
9288	40390.9290255932	4413.08967876501	TRUE	FALSE	TRUE
9289	38865.7879178304	5098.28703717614	TRUE	TRUE	TRUE
9290	34909.3091481934	8293.31657403962	TRUE	TRUE	TRUE
9291	37956.5178174619	5133.02186897816	TRUE	TRUE	TRUE
9292	39123.2084252384	5051.77280570075	TRUE	TRUE	TRUE
9293	38454.7004233965	5415.56772333379	TRUE	TRUE	TRUE
9294	38849.9501686833	5367.37507583544	TRUE	TRUE	TRUE
9295	35048.0675240847	6214.74293226785	TRUE	TRUE	TRUE
9296	34824.0256513447	7186.43885200362	TRUE	TRUE	TRUE
9297	36284.1129592559	5564.21482816884	TRUE	TRUE	TRUE
9298	38190.0184218249	5637.35266445637	TRUE	TRUE	TRUE
9299	36176.9768374086	5707.51464277475	TRUE	TRUE	TRUE
9300	34311.7800087272	6533.5598595516	TRUE	TRUE	TRUE
9301	37815.3374485999	5243.04990071481	TRUE	TRUE	TRUE
9302	38953.7529986143	5155.17185592919	TRUE	TRUE	TRUE
9303	36173.7000722741	6044.99743313707	TRUE	TRUE	TRUE
9304	38709.9622954951	4893.65114747404	TRUE	TRUE	TRUE
9305	32939.053100394	7707.93613325189	TRUE	TRUE	TRUE
9306	35281.6271447108	6291.85480458374	TRUE	TRUE	TRUE
9307	38967.8195513516	4723.10549635097	TRUE	TRUE	TRUE
9308	37688.5549431011	5200.41438301255	TRUE	TRUE	TRUE
9309	40069.9357424831	4546.59621618284	TRUE	FALSE	TRUE
9310	40599.8553011581	4353.26675795258	TRUE	FALSE	TRUE
9311	39784.6277734778	4635.54559979901	TRUE	TRUE	TRUE
9312	37096.5605360364	5772.80318635802	TRUE	TRUE	TRUE
9313	39197.3754259931	5365.7438236201	TRUE	TRUE	TRUE
9314	38648.6027670148	5651.97296178474	TRUE	TRUE	TRUE
9315	39726.5986018654	4647.73389402752	TRUE	TRUE	TRUE
9316	36348.5331498205	5969.81096201652	TRUE	TRUE	TRUE
9317	39083.3252429602	5360.26486359845	TRUE	TRUE	TRUE
9318	35657.4930304666	6772.24505714803	TRUE	TRUE	TRUE
9319	33247.3980708963	6862.11486186356	TRUE	TRUE	TRUE
9320	37243.8110678267	5207.7529609081	TRUE	TRUE	TRUE
9321	37210.178700369	5579.90284900701	TRUE	TRUE	TRUE
9322	37811.7444148373	5363.06605634711	TRUE	TRUE	TRUE
9323	39025.7744830526	5035.88369422397	TRUE	TRUE	TRUE
9324	37349.143554526	5607.43052629266	TRUE	TRUE	TRUE
9325	37419.6427933292	5181.4254219407	TRUE	TRUE	TRUE
9326	35281.7027800758	6002.1847586913	TRUE	TRUE	TRUE
9327	37058.7960567129	5485.27387383028	TRUE	TRUE	TRUE
9328	38825.8715872778	5090.83710771108	TRUE	TRUE	TRUE
9329	37392.4150896972	5757.41969730606	TRUE	TRUE	TRUE
9330	34917.8539851122	5927.3549915617	TRUE	TRUE	TRUE
9331	36825.0983479424	5834.14023977242	TRUE	TRUE	TRUE
9332	39799.0190829165	4786.51130697436	TRUE	TRUE	TRUE
9333	33161.8395077048	6662.51307864082	TRUE	TRUE	TRUE
9334	38099.46153306	5364.408948724	TRUE	TRUE	TRUE
9335	38548.5878501153	5074.29763111965	TRUE	TRUE	TRUE
9336	38901.8110743687	4755.12716746245	TRUE	TRUE	TRUE
9337	38514.9545475779	5371.43141793711	TRUE	TRUE	TRUE
9338	40239.7491771365	4828.05086175808	TRUE	TRUE	TRUE
9339	36511.421699041	5608.06604125074	TRUE	TRUE	TRUE
9340	36998.9190883186	5492.62889362599	TRUE	TRUE	TRUE
9341	37409.3962909401	5777.33745931598	TRUE	TRUE	TRUE
9342	39764.1963367073	4739.22647016093	TRUE	TRUE	TRUE
9343	37728.1065185058	5677.03339920454	TRUE	TRUE	TRUE
9344	37471.8796298448	5240.4450557759	TRUE	TRUE	TRUE
9345	38380.634681989	5048.04602956768	TRUE	TRUE	TRUE
9346	31292.3088694034	8629.71899631206	TRUE	TRUE	TRUE
9347	38363.389795118	5974.62466921438	TRUE	TRUE	TRUE
9348	35886.0755066645	6233.31393173988	TRUE	TRUE	TRUE
9349	40008.170800389	4954.58198228002	TRUE	TRUE	TRUE
9350	35267.3988266763	7181.09257268375	TRUE	TRUE	TRUE
9351	40390.1579375611	4723.4951997506	TRUE	TRUE	TRUE
9352	37681.5005945814	5105.04447006382	TRUE	TRUE	TRUE
9353	36383.5776736319	6666.74108818912	TRUE	TRUE	TRUE
9354	37511.9524231015	5089.16473831848	TRUE	TRUE	TRUE
9355	37532.7521832509	5926.31834808553	TRUE	TRUE	TRUE
9356	35618.4903671229	6454.55217597002	TRUE	TRUE	TRUE
9357	36422.5869064853	5965.80585936318	TRUE	TRUE	TRUE
9358	37377.3920288686	5652.06383002101	TRUE	TRUE	TRUE
9359	37246.8534774917	5475.78785299812	TRUE	TRUE	TRUE
9360	34824.2265442907	7937.3863791538	TRUE	TRUE	TRUE
9361	35230.0984640752	6164.23759458412	TRUE	TRUE	TRUE
9362	39473.502385864	5328.03053806637	TRUE	TRUE	TRUE
9363	35408.6893288504	6825.36001730556	TRUE	TRUE	TRUE
9364	34462.5186480085	6777.75011223248	TRUE	TRUE	TRUE
9365	36880.0521820408	5585.8134662934	TRUE	TRUE	TRUE
9366	36709.5426811224	5371.97927511555	TRUE	TRUE	TRUE
9367	36475.0031037066	5612.04232878102	TRUE	TRUE	TRUE
9368	39322.6780248579	4735.59548635193	TRUE	TRUE	TRUE
9369	36421.0653125926	5663.00003366764	TRUE	TRUE	TRUE
9370	40398.001581632	4664.81958359997	TRUE	TRUE	TRUE
9371	37606.7504088278	5391.23581597683	TRUE	TRUE	TRUE
9372	38791.3181676552	5101.86037501063	TRUE	TRUE	TRUE
9373	38703.9465240544	4953.69489483494	TRUE	TRUE	TRUE
9374	38513.0953349539	5208.27813421954	TRUE	TRUE	TRUE
9375	36438.2740981186	5916.75140241623	TRUE	TRUE	TRUE
9376	39436.4791524224	4880.05435240642	TRUE	TRUE	TRUE
9377	39784.7340599676	4695.47795073721	TRUE	TRUE	TRUE
9378	37445.2671310431	5514.57592538396	TRUE	TRUE	TRUE
9379	34379.281925648	6707.38939450902	TRUE	TRUE	TRUE
9380	36345.485800236	6463.24450861923	TRUE	TRUE	TRUE
9381	41351.3439909271	4430.53197391702	TRUE	FALSE	TRUE
9382	34706.9415499863	6180.47800045865	TRUE	TRUE	TRUE
9383	39984.9196259825	4463.82296301611	TRUE	FALSE	TRUE
9384	39581.7447332431	4848.33981732687	TRUE	TRUE	TRUE
9385	35166.7632055146	7071.35855094542	TRUE	TRUE	TRUE
9386	38446.026399966	5213.71920182978	TRUE	TRUE	TRUE
9387	39599.0146021714	4773.13157942718	TRUE	TRUE	TRUE
9388	37094.7194086597	5304.01230420977	TRUE	TRUE	TRUE
9389	37277.7144371831	5684.38494935787	TRUE	TRUE	TRUE
9390	37855.5776164941	4974.19133339227	TRUE	TRUE	TRUE
9391	33792.8813491878	6795.96064895321	TRUE	TRUE	TRUE
9392	37752.5862130684	5124.48558692286	TRUE	TRUE	TRUE
9393	37693.05250055	5363.5861462256	TRUE	TRUE	TRUE
9394	33051.2412328564	8239.90177698067	TRUE	TRUE	TRUE
9395	37164.1448776791	5898.70594832896	TRUE	TRUE	TRUE
9396	37133.4949213155	5444.44174402599	TRUE	TRUE	TRUE
9397	36441.6621171377	5569.12909529015	TRUE	TRUE	TRUE
9398	36757.1762485341	5653.97676747888	TRUE	TRUE	TRUE
9399	37112.6365631034	6042.09838752736	TRUE	TRUE	TRUE
9400	39451.1136674176	4775.46826569188	TRUE	TRUE	TRUE
9401	37863.5576852679	5224.85424672862	TRUE	TRUE	TRUE
9402	37990.0223388747	5013.06804241968	TRUE	TRUE	TRUE
9403	36816.2794146803	5903.49476005276	TRUE	TRUE	TRUE
9404	40548.5406440839	4449.70418395618	TRUE	FALSE	TRUE
9405	38417.0433265838	5413.08205701891	TRUE	TRUE	TRUE
9406	38043.4002775467	5358.37572470359	TRUE	TRUE	TRUE
9407	39776.9634687187	4780.65377839174	TRUE	TRUE	TRUE
9408	34713.0403508395	6268.3272672357	TRUE	TRUE	TRUE
9409	36801.1483648761	5651.90895226141	TRUE	TRUE	TRUE
9410	36024.0559062427	5783.74991491104	TRUE	TRUE	TRUE
9411	37974.6463311657	4990.13005401618	TRUE	TRUE	TRUE
9412	39605.4511206516	4902.7388467541	TRUE	TRUE	TRUE
9413	38123.1022888908	4989.80333410379	TRUE	TRUE	TRUE
9414	37359.3759470778	5850.3984183817	TRUE	TRUE	TRUE
9415	39949.952132145	4622.40347572445	TRUE	TRUE	TRUE
9416	33638.22290775	6590.04640718732	TRUE	TRUE	TRUE
9417	36933.0861334641	5484.44483027113	TRUE	TRUE	TRUE
9418	37606.782374005	5743.3017224436	TRUE	TRUE	TRUE
9419	37324.4749567405	5448.24680305809	TRUE	TRUE	TRUE
9420	38301.4061818545	5097.00880890976	TRUE	TRUE	TRUE
9421	35238.7430915371	6821.29873792116	TRUE	TRUE	TRUE
9422	40650.5075633244	4451.61477027742	TRUE	FALSE	TRUE
9423	37166.8657374345	5626.7654009481	TRUE	TRUE	TRUE
9424	36690.2885166923	6009.76532417494	TRUE	TRUE	TRUE
9425	41652.8109243724	4832.69803990227	FALSE	TRUE	TRUE
9426	39219.059965824	5070.99037874332	TRUE	TRUE	TRUE
9427	38839.96613214	5031.55903049949	TRUE	TRUE	TRUE
9428	35012.5748105715	6377.31536241067	TRUE	TRUE	TRUE
9429	36358.863030524	5584.40111886526	TRUE	TRUE	TRUE
9430	38659.8623242495	4960.49175973216	TRUE	TRUE	TRUE
9431	38171.1440138479	5166.40863930125	TRUE	TRUE	TRUE
9432	38174.6680548	5090.55387409	TRUE	TRUE	TRUE
9433	40351.0381167477	4684.42787472264	TRUE	TRUE	TRUE
9434	39535.8155669515	4959.2684351824	TRUE	TRUE	TRUE
9435	37718.064149206	5112.91935617284	TRUE	TRUE	TRUE
9436	40225.0290093018	4829.73655373846	TRUE	TRUE	TRUE
9437	40843.9258911648	4373.21262321129	TRUE	FALSE	TRUE
9438	39526.3646726402	4902.6825805003	TRUE	TRUE	TRUE
9439	36854.2098999018	5565.88320003083	TRUE	TRUE	TRUE
9440	35070.2910189439	6611.77665072228	TRUE	TRUE	TRUE
9441	36724.7862173713	5860.65949065643	TRUE	TRUE	TRUE
9442	39467.1565883513	4713.39876625479	TRUE	TRUE	TRUE
9443	35894.440930594	5826.75405527231	TRUE	TRUE	TRUE
9444	38152.5695525114	5826.81599383364	TRUE	TRUE	TRUE
9445	37079.5987599605	5483.26297515036	TRUE	TRUE	TRUE
9446	37708.4947079124	5810.0437705679	TRUE	TRUE	TRUE
9447	34314.2727860441	7319.89422289858	TRUE	TRUE	TRUE
9448	35530.3173473974	5851.46619755323	TRUE	TRUE	TRUE
9449	39801.5696467921	4959.14533149169	TRUE	TRUE	TRUE
9450	38893.900913784	5055.89800527862	TRUE	TRUE	TRUE
9451	36105.5764296661	5632.31431176525	TRUE	TRUE	TRUE
9452	36521.1108242693	6443.02113875366	TRUE	TRUE	TRUE
9453	39736.9181828875	4860.40896557127	TRUE	TRUE	TRUE
9454	37739.7363538204	6016.70920395357	TRUE	TRUE	TRUE
9455	39333.2467607186	4662.51712314188	TRUE	TRUE	TRUE
9456	38307.5222056996	5344.34492491942	TRUE	TRUE	TRUE
9457	36044.2671135509	5397.09573573964	TRUE	TRUE	TRUE
9458	36071.9768244995	6729.57034464554	TRUE	TRUE	TRUE
9459	36792.574630595	6679.75321308297	TRUE	TRUE	TRUE
9460	37772.2466289296	5906.81883767956	TRUE	TRUE	TRUE
9461	39394.0329751976	5149.41182258945	TRUE	TRUE	TRUE
9462	39395.45880196	4911.4177513078	TRUE	TRUE	TRUE
9463	38842.5237871726	4851.89098592573	TRUE	TRUE	TRUE
9464	37447.9431325582	5285.82537449074	TRUE	TRUE	TRUE
9465	36618.9969996043	6607.33160557792	TRUE	TRUE	TRUE
9466	38432.9988065726	4993.35854139935	TRUE	TRUE	TRUE
9467	31315.7710504627	8313.71094967069	TRUE	TRUE	TRUE
9468	39803.7425155942	5980.3186320678	TRUE	TRUE	TRUE
9469	36276.0047851129	5950.80820360888	TRUE	TRUE	TRUE
9470	35031.4299578195	7758.15921421121	TRUE	TRUE	TRUE
9471	32896.5721281618	7200.72991227333	TRUE	TRUE	TRUE
9472	37505.2550075571	5886.70112925011	TRUE	TRUE	TRUE
9473	38700.3662994907	4828.82775354611	TRUE	TRUE	TRUE
9474	37381.2800676054	5366.1196688726	TRUE	TRUE	TRUE
9475	36987.1640462185	5558.91284563391	TRUE	TRUE	TRUE
9476	38315.6126605464	5219.06653929684	TRUE	TRUE	TRUE
9477	37170.9474771349	5563.74050976435	TRUE	TRUE	TRUE
9478	37381.2573506246	5287.20871146726	TRUE	TRUE	TRUE
9479	35950.6807716575	6223.05089880561	TRUE	TRUE	TRUE
9480	39021.3471991691	5228.33777916413	TRUE	TRUE	TRUE
9481	37598.4110829247	5972.75060556255	TRUE	TRUE	TRUE
9482	35573.1239966298	5825.89903660277	TRUE	TRUE	TRUE
9483	35219.5234441468	6234.43878992689	TRUE	TRUE	TRUE
9484	39689.5338451652	4958.58523525245	TRUE	TRUE	TRUE
9485	35380.2203666036	6918.12081958202	TRUE	TRUE	TRUE
9486	38301.5138099585	5283.60874682608	TRUE	TRUE	TRUE
9487	38537.0201608265	5041.53870767423	TRUE	TRUE	TRUE
9488	35264.454196738	6588.82256259386	TRUE	TRUE	TRUE
9489	39810.985855063	4631.19472305754	TRUE	TRUE	TRUE
9490	34568.8503430382	6176.84229459881	TRUE	TRUE	TRUE
9491	38202.6298588868	5056.84986006857	TRUE	TRUE	TRUE
9492	34615.7546062687	6935.35065896118	TRUE	TRUE	TRUE
9493	42015.8225176006	3996.94551783837	FALSE	FALSE	TRUE
9494	36077.9511075203	6964.47594149493	TRUE	TRUE	TRUE
9495	38735.0670371103	4764.62854431429	TRUE	TRUE	TRUE
9496	34498.2804350264	6654.68162270525	TRUE	TRUE	TRUE
9497	38898.2761111498	4635.82249356299	TRUE	TRUE	TRUE
9498	37099.5308632599	5479.24301182917	TRUE	TRUE	TRUE
9499	37928.59838587	5043.29798499877	TRUE	TRUE	TRUE
9500	40125.0082521023	4631.94074789744	TRUE	TRUE	TRUE
9501	37677.7316613324	5693.04429381009	TRUE	TRUE	TRUE
9502	33058.7918117606	7105.16896228731	TRUE	TRUE	TRUE
9503	38529.0046272538	4983.27111424048	TRUE	TRUE	TRUE
9504	37873.983431191	5127.71689288936	TRUE	TRUE	TRUE
9505	35875.3737059857	6173.5802263655	TRUE	TRUE	TRUE
9506	38082.3633646053	5604.44711493674	TRUE	TRUE	TRUE
9507	37320.1839763517	6217.51062410891	TRUE	TRUE	TRUE
9508	36978.8202059793	5265.02927386739	TRUE	TRUE	TRUE
9509	38992.5051939335	4888.5685987466	TRUE	TRUE	TRUE
9510	39645.4085320628	4754.15676634494	TRUE	TRUE	TRUE
9511	39175.00242826	4912.49336667304	TRUE	TRUE	TRUE
9512	37000.6408347898	5967.30957999413	TRUE	TRUE	TRUE
9513	37659.0358742177	6185.63996373019	TRUE	TRUE	TRUE
9514	36073.3186386748	5578.90684165519	TRUE	TRUE	TRUE
9515	35202.6490145854	6712.08177958911	TRUE	TRUE	TRUE
9516	38071.697141056	5296.62078411981	TRUE	TRUE	TRUE
9517	40598.8729050958	4947.69712231207	TRUE	TRUE	TRUE
9518	34097.5434518908	6867.93782330125	TRUE	TRUE	TRUE
9519	38478.0853978825	5305.66151985386	TRUE	TRUE	TRUE
9520	37921.6453936872	5444.56590286569	TRUE	TRUE	TRUE
9521	37891.9829155308	5411.68186067288	TRUE	TRUE	TRUE
9522	35517.2296574402	6705.85749341284	TRUE	TRUE	TRUE
9523	39417.6414067745	4936.44372112981	TRUE	TRUE	TRUE
9524	34914.1291655064	6362.00748908279	TRUE	TRUE	TRUE
9525	34540.3899132263	6628.73416030705	TRUE	TRUE	TRUE
9526	38210.9591508584	5118.10105544412	TRUE	TRUE	TRUE
9527	35985.6487829576	6334.06466211031	TRUE	TRUE	TRUE
9528	36040.3224730358	6767.48524651174	TRUE	TRUE	TRUE
9529	37291.4373801527	5675.85737844146	TRUE	TRUE	TRUE
9530	35983.9173894068	6200.83410739442	TRUE	TRUE	TRUE
9531	37988.640462294	5285.43068593038	TRUE	TRUE	TRUE
9532	40445.4617901993	5413.82072013055	TRUE	TRUE	TRUE
9533	40209.557436377	4701.9142609933	TRUE	TRUE	TRUE
9534	36055.3993175995	6373.11285116868	TRUE	TRUE	TRUE
9535	38812.2465213338	4768.85256654662	TRUE	TRUE	TRUE
9536	39764.7003098045	5140.28210938737	TRUE	TRUE	TRUE
9537	35800.3690132554	6095.9205789442	TRUE	TRUE	TRUE
9538	39071.1854132502	4865.7803916676	TRUE	TRUE	TRUE
9539	39249.2781650437	5011.59663162513	TRUE	TRUE	TRUE
9540	37411.3268613725	5425.02925565039	TRUE	TRUE	TRUE
9541	37056.0385829944	6057.43243410124	TRUE	TRUE	TRUE
9542	38421.3227675002	5215.17744800543	TRUE	TRUE	TRUE
9543	39697.5211493977	4779.58358335791	TRUE	TRUE	TRUE
9544	38924.464187159	5148.43014962688	TRUE	TRUE	TRUE
9545	38560.9730369864	5207.4421564612	TRUE	TRUE	TRUE
9546	39481.5197743426	4798.82252138847	TRUE	TRUE	TRUE
9547	39206.1619793821	5311.02676504117	TRUE	TRUE	TRUE
9548	36343.9331232227	5753.86031666894	TRUE	TRUE	TRUE
9549	33548.3909467821	7496.89820431142	TRUE	TRUE	TRUE
9550	40007.4067308619	4851.76327556305	TRUE	TRUE	TRUE
9551	37042.8132411264	5429.08611008018	TRUE	TRUE	TRUE
9552	33412.0644923602	8314.6938494974	TRUE	TRUE	TRUE
9553	36189.2804868403	6169.41213338327	TRUE	TRUE	TRUE
9554	39011.6597369838	4780.94744052904	TRUE	TRUE	TRUE
9555	37131.2767431806	5159.31713347162	TRUE	TRUE	TRUE
9556	35652.2573208175	6890.39681759444	TRUE	TRUE	TRUE
9557	33404.0204396344	8521.51793338409	TRUE	TRUE	TRUE
9558	35852.6458074956	5837.44792252111	TRUE	TRUE	TRUE
9559	34476.14794446	7169.22020457949	TRUE	TRUE	TRUE
9560	38076.8896895795	5197.02392248112	TRUE	TRUE	TRUE
9561	37551.1918763601	5238.83687113217	TRUE	TRUE	TRUE
9562	35357.0457744776	6314.82214137914	TRUE	TRUE	TRUE
9563	36773.6921253367	5680.87605215675	TRUE	TRUE	TRUE
9564	39999.1851678105	4611.50820202522	TRUE	TRUE	TRUE
9565	38707.6556955208	5224.94335491083	TRUE	TRUE	TRUE
9566	36512.4480750895	6295.87777938469	TRUE	TRUE	TRUE
9567	35628.4999288572	6565.12131567578	TRUE	TRUE	TRUE
9568	39292.9781475235	4830.70228321568	TRUE	TRUE	TRUE
9569	34671.0880995023	6204.99189374327	TRUE	TRUE	TRUE
9570	40559.9046988242	4427.96841637184	TRUE	FALSE	TRUE
9571	31589.8938010778	8790.47374702674	TRUE	TRUE	TRUE
9572	35019.4739878613	6443.85587258154	TRUE	TRUE	TRUE
9573	39438.5764486178	4828.72274668522	TRUE	TRUE	TRUE
9574	39251.8545368454	5107.30291867336	TRUE	TRUE	TRUE
9575	36673.4336377348	5411.9800625354	TRUE	TRUE	TRUE
9576	36849.1513990142	5438.94166911729	TRUE	TRUE	TRUE
9577	37908.5717845963	6013.36638794058	TRUE	TRUE	TRUE
9578	37392.3696999093	5412.30149076853	TRUE	TRUE	TRUE
9579	37014.4507519691	6040.23928687003	TRUE	TRUE	TRUE
9580	37464.3405915831	5266.30776053989	TRUE	TRUE	TRUE
9581	36965.4017397565	5789.64493458197	TRUE	TRUE	TRUE
9582	38246.8182644108	5075.44339089544	TRUE	TRUE	TRUE
9583	39708.7792018731	4629.08667134578	TRUE	TRUE	TRUE
9584	38151.100836011	5641.03485372271	TRUE	TRUE	TRUE
9585	39660.3502859767	4886.29273023943	TRUE	TRUE	TRUE
9586	37283.7430464454	5104.66618145047	TRUE	TRUE	TRUE
9587	39309.4942030025	4998.00216754967	TRUE	TRUE	TRUE
9588	36531.1043570332	5969.70523121153	TRUE	TRUE	TRUE
9589	37487.8655060138	5178.77732134823	TRUE	TRUE	TRUE
9590	38533.9990197633	4944.71093533549	TRUE	TRUE	TRUE
9591	38448.1412276974	5263.51878547184	TRUE	TRUE	TRUE
9592	37215.7882911022	5870.31458410658	TRUE	TRUE	TRUE
9593	39220.9933012885	4688.89555823204	TRUE	TRUE	TRUE
9594	40702.3825848351	4649.82045364961	TRUE	TRUE	TRUE
9595	34123.5340089283	6553.55184789022	TRUE	TRUE	TRUE
9596	39741.4222827092	5361.17201281082	TRUE	TRUE	TRUE
9597	38561.8270805147	5089.49831596101	TRUE	TRUE	TRUE
9598	38350.3645657367	5904.33518974778	TRUE	TRUE	TRUE
9599	38849.6571288077	5273.54666904275	TRUE	TRUE	TRUE
9600	38571.1964302073	4967.29361210557	TRUE	TRUE	TRUE
9601	40393.8035129395	4519.90001367638	TRUE	FALSE	TRUE
9602	37652.8629156769	5196.73586809979	TRUE	TRUE	TRUE
9603	38200.859487412	5920.13813306058	TRUE	TRUE	TRUE
9604	35577.3978328237	6533.34497351037	TRUE	TRUE	TRUE
9605	35778.4540317299	6086.28330570105	TRUE	TRUE	TRUE
9606	37207.2861778144	5604.53259638884	TRUE	TRUE	TRUE
9607	38718.6626763109	5902.93168721605	TRUE	TRUE	TRUE
9608	37736.7535065009	5665.34335853467	TRUE	TRUE	TRUE
9609	38198.5919628196	4903.46394206509	TRUE	TRUE	TRUE
9610	34924.2081290915	6081.09987715192	TRUE	TRUE	TRUE
9611	37540.0969877074	5170.86336881086	TRUE	TRUE	TRUE
9612	36117.9558493007	6087.05142034636	TRUE	TRUE	TRUE
9613	40814.7587596094	4689.62167385739	TRUE	TRUE	TRUE
9614	38578.844717275	4793.07621017998	TRUE	TRUE	TRUE
9615	37626.2438610733	6493.5859717339	TRUE	TRUE	TRUE
9616	38946.3404853538	5295.22725693869	TRUE	TRUE	TRUE
9617	36353.9080024997	6097.28353021538	TRUE	TRUE	TRUE
9618	36146.4439673248	5709.02299556374	TRUE	TRUE	TRUE
9619	37320.4088019157	5554.80769571222	TRUE	TRUE	TRUE
9620	42487.6283937093	3952.4816560012	FALSE	FALSE	TRUE
9621	39425.1952953832	5216.54501413932	TRUE	TRUE	TRUE
9622	30345.6918119102	9467.43446460989	TRUE	TRUE	TRUE
9623	36682.7663061381	5793.1973108074	TRUE	TRUE	TRUE
9624	37301.3245438576	6133.63495625491	TRUE	TRUE	TRUE
9625	36640.2721679257	6637.18741809846	TRUE	TRUE	TRUE
9626	36099.6161503528	6977.72813745387	TRUE	TRUE	TRUE
9627	35318.9928181498	5740.85388986437	TRUE	TRUE	TRUE
9628	40160.8031178683	5122.47625957367	TRUE	TRUE	TRUE
9629	37137.0754675254	5706.52481772595	TRUE	TRUE	TRUE
9630	42796.3723869212	4059.39203611734	FALSE	FALSE	TRUE
9631	37546.7527881438	5199.62057820328	TRUE	TRUE	TRUE
9632	35655.8058437047	5820.89289950722	TRUE	TRUE	TRUE
9633	36349.059274451	6394.25655880278	TRUE	TRUE	TRUE
9634	38952.7187755277	5832.66213021865	TRUE	TRUE	TRUE
9635	35877.9790990312	6429.16982276454	TRUE	TRUE	TRUE
9636	33669.3512222703	6885.83296993528	TRUE	TRUE	TRUE
9637	37488.7979691918	4923.09314091156	TRUE	TRUE	TRUE
9638	35858.3831053259	6138.13908585122	TRUE	TRUE	TRUE
9639	34599.2895186882	6662.56816950518	TRUE	TRUE	TRUE
9640	38724.334447746	5121.36752492834	TRUE	TRUE	TRUE
9641	36623.5540855282	5842.55162341618	TRUE	TRUE	TRUE
9642	37829.4972262878	5703.09304867658	TRUE	TRUE	TRUE
9643	37924.9563171762	5583.72504117789	TRUE	TRUE	TRUE
9644	36299.4800378423	5945.04889643858	TRUE	TRUE	TRUE
9645	39575.1366780725	4387.75449024396	TRUE	FALSE	TRUE
9646	37823.7544108029	5313.63769820708	TRUE	TRUE	TRUE
9647	37005.6263793112	5513.70294455612	TRUE	TRUE	TRUE
9648	36367.82243137	6242.93518337993	TRUE	TRUE	TRUE
9649	37619.4164126169	5262.64732091275	TRUE	TRUE	TRUE
9650	39153.7536690655	4839.31807325622	TRUE	TRUE	TRUE
9651	37941.640769849	5360.77809116724	TRUE	TRUE	TRUE
9652	39015.6964073389	4446.24305186314	TRUE	FALSE	TRUE
9653	36817.7392187553	5560.41808318138	TRUE	TRUE	TRUE
9654	38666.0768139667	5508.35662442878	TRUE	TRUE	TRUE
9655	37582.9948732772	5479.36778075252	TRUE	TRUE	TRUE
9656	35333.8249367117	6266.52661748139	TRUE	TRUE	TRUE
9657	35128.470646465	6203.84856986074	TRUE	TRUE	TRUE
9658	35640.4892108932	5695.63615965358	TRUE	TRUE	TRUE
9659	37106.4629547801	6038.76575933333	TRUE	TRUE	TRUE
9660	37032.093765718	6060.60718401271	TRUE	TRUE	TRUE
9661	35754.4248274019	7406.9507549749	TRUE	TRUE	TRUE
9662	35346.068566779	6346.96294227871	TRUE	TRUE	TRUE
9663	36695.7176538113	5673.09677872061	TRUE	TRUE	TRUE
9664	36863.2164665831	6346.13475278709	TRUE	TRUE	TRUE
9665	38257.4253554241	5368.8915219336	TRUE	TRUE	TRUE
9666	36483.6769331582	5502.49687833368	TRUE	TRUE	TRUE
9667	38631.5567223862	5778.8761926338	TRUE	TRUE	TRUE
9668	38142.9746406425	4952.2160470574	TRUE	TRUE	TRUE
9669	38630.2609642804	5037.79129141849	TRUE	TRUE	TRUE
9670	39028.4648945881	4701.94084648951	TRUE	TRUE	TRUE
9671	38299.5851923834	4991.50350413182	TRUE	TRUE	TRUE
9672	37927.1219105252	5156.23372689918	TRUE	TRUE	TRUE
9673	33494.4420926164	7481.11675781157	TRUE	TRUE	TRUE
9674	36812.2213926402	5605.17442002233	TRUE	TRUE	TRUE
9675	37490.5543321127	5935.12023224857	TRUE	TRUE	TRUE
9676	39578.6623540418	4756.63597090433	TRUE	TRUE	TRUE
9677	38168.0248215747	5071.51857428526	TRUE	TRUE	TRUE
9678	38468.8773981621	5404.20385455856	TRUE	TRUE	TRUE
9679	39395.7283007439	4837.82754137183	TRUE	TRUE	TRUE
9680	38053.7529176813	5187.97144254064	TRUE	TRUE	TRUE
9681	37184.0697005526	5536.38451766753	TRUE	TRUE	TRUE
9682	35227.5983599382	6469.22838972978	TRUE	TRUE	TRUE
9683	33822.5447108718	7275.36134082916	TRUE	TRUE	TRUE
9684	38116.9351705184	5027.91313298309	TRUE	TRUE	TRUE
9685	37289.3736860284	5874.26407749396	TRUE	TRUE	TRUE
9686	39708.9940973333	4949.57496211771	TRUE	TRUE	TRUE
9687	37652.9853134863	5242.6850152722	TRUE	TRUE	TRUE
9688	39000.6065988158	4951.8974879634	TRUE	TRUE	TRUE
9689	37554.8990026981	5371.78897858494	TRUE	TRUE	TRUE
9690	37870.7672496461	4983.50873554971	TRUE	TRUE	TRUE
9691	35556.0676416861	6318.56983831616	TRUE	TRUE	TRUE
9692	36581.0175667016	5549.99135237859	TRUE	TRUE	TRUE
9693	37006.4016999884	5884.25950901085	TRUE	TRUE	TRUE
9694	37942.6165620805	5304.37444016951	TRUE	TRUE	TRUE
9695	34434.2981754462	7359.92579444651	TRUE	TRUE	TRUE
9696	38696.587780838	5443.74448337204	TRUE	TRUE	TRUE
9697	35610.9779028462	5908.68417772205	TRUE	TRUE	TRUE
9698	39526.5369118742	5091.13329538889	TRUE	TRUE	TRUE
9699	40867.2831957879	4696.25990287116	TRUE	TRUE	TRUE
9700	35948.0245596988	6957.17819636436	TRUE	TRUE	TRUE
9701	36974.4467321369	5442.56221447238	TRUE	TRUE	TRUE
9702	37512.4385590446	5183.92157952342	TRUE	TRUE	TRUE
9703	39328.4654687991	5226.84973610112	TRUE	TRUE	TRUE
9704	35951.6950423425	6839.93856028923	TRUE	TRUE	TRUE
9705	37579.3500044363	5488.3588194717	TRUE	TRUE	TRUE
9706	34955.0118752823	7251.03973733312	TRUE	TRUE	TRUE
9707	33850.5941531787	7444.61167048109	TRUE	TRUE	TRUE
9708	35938.5096898583	6718.05006535657	TRUE	TRUE	TRUE
9709	37610.5298135061	5114.48990343095	TRUE	TRUE	TRUE
9710	35697.1351442762	6117.2516015968	TRUE	TRUE	TRUE
9711	35332.8616104774	6493.90700454114	TRUE	TRUE	TRUE
9712	37928.1366443691	5042.03888545573	TRUE	TRUE	TRUE
9713	37122.5471392734	5784.47155476556	TRUE	TRUE	TRUE
9714	37230.3432580246	5562.06664613565	TRUE	TRUE	TRUE
9715	35886.6308937544	6400.51583375994	TRUE	TRUE	TRUE
9716	34317.512639359	6558.08090801798	TRUE	TRUE	TRUE
9717	39109.9069895105	4742.31433762839	TRUE	TRUE	TRUE
9718	38273.4480506733	5051.66903351791	TRUE	TRUE	TRUE
9719	39867.3602050339	5447.8776801999	TRUE	TRUE	TRUE
9720	38792.877903179	5106.53738678034	TRUE	TRUE	TRUE
9721	34008.9879479557	6595.04606842221	TRUE	TRUE	TRUE
9722	39167.9206005946	5110.20124865384	TRUE	TRUE	TRUE
9723	35029.7883985689	6527.50729124222	TRUE	TRUE	TRUE
9724	38133.6363553228	5165.71125406289	TRUE	TRUE	TRUE
9725	37286.8188331394	5445.35837439455	TRUE	TRUE	TRUE
9726	34004.5134814112	6827.09574968606	TRUE	TRUE	TRUE
9727	39224.7321620199	4754.06857108978	TRUE	TRUE	TRUE
9728	37757.0973065711	5518.04477850997	TRUE	TRUE	TRUE
9729	37026.2578068153	5887.9281543204	TRUE	TRUE	TRUE
9730	35623.2189649458	6423.22133112182	TRUE	TRUE	TRUE
9731	38345.368594477	5262.06486612089	TRUE	TRUE	TRUE
9732	37946.407654908	5125.16561829406	TRUE	TRUE	TRUE
9733	39217.3901033287	5439.69868566049	TRUE	TRUE	TRUE
9734	37939.6073755898	5207.08161388612	TRUE	TRUE	TRUE
9735	38755.4295127666	4909.335690505	TRUE	TRUE	TRUE
9736	38352.3348046019	5597.65598336359	TRUE	TRUE	TRUE
9737	38805.1545201439	5102.38178788884	TRUE	TRUE	TRUE
9738	39725.783642351	5247.57534831802	TRUE	TRUE	TRUE
9739	36585.9975823301	5858.99176929793	TRUE	TRUE	TRUE
9740	38771.9389475724	5226.26576593512	TRUE	TRUE	TRUE
9741	37170.8152665656	5369.53855596303	TRUE	TRUE	TRUE
9742	38183.149772253	5430.30842101272	TRUE	TRUE	TRUE
9743	38954.0161157468	4755.3437580543	TRUE	TRUE	TRUE
9744	35247.862620604	6042.2564941254	TRUE	TRUE	TRUE
9745	39126.3588746717	5144.00509694345	TRUE	TRUE	TRUE
9746	38508.5585444892	4857.0878840033	TRUE	TRUE	TRUE
9747	37386.1566330945	5618.84375032522	TRUE	TRUE	TRUE
9748	41287.8748229765	4325.58745163871	TRUE	FALSE	TRUE
9749	37251.3464470714	5555.07896191372	TRUE	TRUE	TRUE
9750	39819.7236755951	5071.74487938788	TRUE	TRUE	TRUE
9751	36146.9446940567	5899.95586664637	TRUE	TRUE	TRUE
9752	37302.8741153686	5513.85787585098	TRUE	TRUE	TRUE
9753	37981.7735912568	5001.73036823437	TRUE	TRUE	TRUE
9754	38588.4128295478	5005.51587089719	TRUE	TRUE	TRUE
9755	37575.2900416475	5492.56987763521	TRUE	TRUE	TRUE
9756	37790.4799293301	5724.06762359145	TRUE	TRUE	TRUE
9757	37217.8297415836	5466.24523028159	TRUE	TRUE	TRUE
9758	36048.4920667802	5922.83166736068	TRUE	TRUE	TRUE
9759	33313.5143834571	7515.73258330998	TRUE	TRUE	TRUE
9760	40773.692763555	4943.72763899734	TRUE	TRUE	TRUE
9761	36732.2382406189	6138.56189503594	TRUE	TRUE	TRUE
9762	38843.3452834247	5281.55420798346	TRUE	TRUE	TRUE
9763	36667.4071591418	5192.51408022278	TRUE	TRUE	TRUE
9764	42142.814512442	4500.93212347799	FALSE	FALSE	TRUE
9765	38539.3389739579	5099.35145230566	TRUE	TRUE	TRUE
9766	39132.6136609633	4940.4444354792	TRUE	TRUE	TRUE
9767	35837.9886492244	6086.48937942169	TRUE	TRUE	TRUE
9768	38259.4037878109	5142.27549605281	TRUE	TRUE	TRUE
9769	37280.4256079065	5404.54547537497	TRUE	TRUE	TRUE
9770	40242.9178127242	4807.79397617019	TRUE	TRUE	TRUE
9771	38504.5547776599	5138.6961072218	TRUE	TRUE	TRUE
9772	39504.2615102093	5190.9194214826	TRUE	TRUE	TRUE
9773	39284.1588415202	5089.65755962106	TRUE	TRUE	TRUE
9774	36715.8849111959	5882.46605343507	TRUE	TRUE	TRUE
9775	39901.9536041659	5409.91625325181	TRUE	TRUE	TRUE
9776	38487.5527376696	4979.15771463896	TRUE	TRUE	TRUE
9777	38057.4481501593	5301.58921617357	TRUE	TRUE	TRUE
9778	37597.4406486194	5152.56302039178	TRUE	TRUE	TRUE
9779	38427.6809070789	4970.44601540768	TRUE	TRUE	TRUE
9780	37481.2907213633	5806.75882699749	TRUE	TRUE	TRUE
9781	36458.9704826826	6199.55416394266	TRUE	TRUE	TRUE
9782	37541.6804959301	5813.41456568209	TRUE	TRUE	TRUE
9783	37753.1161150834	5014.10145738309	TRUE	TRUE	TRUE
9784	37516.2772702241	5391.06494917859	TRUE	TRUE	TRUE
9785	40419.2495694492	4810.86169775782	TRUE	TRUE	TRUE
9786	38940.8081297999	4978.45738208737	TRUE	TRUE	TRUE
9787	38180.843229927	5535.42266494658	TRUE	TRUE	TRUE
9788	35892.8683570622	6809.99315820406	TRUE	TRUE	TRUE
9789	38897.8845455384	4895.87425501423	TRUE	TRUE	TRUE
9790	37876.2580600954	5151.44075084344	TRUE	TRUE	TRUE
9791	38278.8137449013	5038.4871980339	TRUE	TRUE	TRUE
9792	38175.1113993849	5239.87209642924	TRUE	TRUE	TRUE
9793	36412.1568497454	5673.5995617165	TRUE	TRUE	TRUE
9794	37292.2418929636	5289.98514723529	TRUE	TRUE	TRUE
9795	36422.2654398149	6143.27392325266	TRUE	TRUE	TRUE
9796	36247.8850889028	6832.75360113154	TRUE	TRUE	TRUE
9797	36903.4888699089	5765.33829986394	TRUE	TRUE	TRUE
9798	36981.4391645331	5242.65189136385	TRUE	TRUE	TRUE
9799	38904.5060318443	5355.05120255544	TRUE	TRUE	TRUE
9800	36939.1216875391	5797.21257726644	TRUE	TRUE	TRUE
9801	37253.9211225206	5345.97790219727	TRUE	TRUE	TRUE
9802	38933.4424468974	5034.85761454633	TRUE	TRUE	TRUE
9803	38364.8747262088	5000.65141147345	TRUE	TRUE	TRUE
9804	34115.1568554719	6786.27068385114	TRUE	TRUE	TRUE
9805	37337.65251403	5555.01250803706	TRUE	TRUE	TRUE
9806	36555.1754040069	5396.63382077589	TRUE	TRUE	TRUE
9807	38551.2102035837	4968.22418432102	TRUE	TRUE	TRUE
9808	38226.6773869806	5623.97809672957	TRUE	TRUE	TRUE
9809	37831.2458627429	5382.03646508061	TRUE	TRUE	TRUE
9810	37398.8694940047	5485.50863767696	TRUE	TRUE	TRUE
9811	37786.4777496845	5304.23586533183	TRUE	TRUE	TRUE
9812	38367.7916406427	5150.71658090412	TRUE	TRUE	TRUE
9813	36402.6089607286	5588.8660825847	TRUE	TRUE	TRUE
9814	39248.0579512448	4709.36064917259	TRUE	TRUE	TRUE
9815	39083.830749743	5738.26800787278	TRUE	TRUE	TRUE
9816	36877.831273085	5696.26563545055	TRUE	TRUE	TRUE
9817	40042.8801284114	4904.18895716399	TRUE	TRUE	TRUE
9818	36746.3836427624	6228.66920345087	TRUE	TRUE	TRUE
9819	37132.1493235446	6383.62969431731	TRUE	TRUE	TRUE
9820	38000.4250011597	5211.19878048227	TRUE	TRUE	TRUE
9821	37064.6221577084	5624.38608202414	TRUE	TRUE	TRUE
9822	33654.2506694087	6984.45210864049	TRUE	TRUE	TRUE
9823	36717.6055526666	6058.10231165857	TRUE	TRUE	TRUE
9824	42145.3771295911	4477.4043762319	FALSE	FALSE	TRUE
9825	38523.3088813698	5927.81419315206	TRUE	TRUE	TRUE
9826	35861.0548509216	5900.96023910253	TRUE	TRUE	TRUE
9827	39901.0549886823	4965.58479740383	TRUE	TRUE	TRUE
9828	40412.9017534172	4726.03917954261	TRUE	TRUE	TRUE
9829	38084.2170101727	5935.36695900212	TRUE	TRUE	TRUE
9830	38944.1624233447	4956.10851301289	TRUE	TRUE	TRUE
9831	36212.2498326241	6153.10787503497	TRUE	TRUE	TRUE
9832	39687.7708449674	4620.00331060036	TRUE	TRUE	TRUE
9833	37975.6428895761	6181.79116337787	TRUE	TRUE	TRUE
9834	36823.4066746636	5615.28224510714	TRUE	TRUE	TRUE
9835	39273.8647326172	4767.43682990714	TRUE	TRUE	TRUE
9836	36848.6704638794	5611.05067822885	TRUE	TRUE	TRUE
9837	38050.2323996825	5285.08062527644	TRUE	TRUE	TRUE
9838	37859.0744697765	5161.44614494903	TRUE	TRUE	TRUE
9839	37321.7489151892	6230.72672628411	TRUE	TRUE	TRUE
9840	38063.0548029673	4949.16110600911	TRUE	TRUE	TRUE
9841	38982.4468327848	4816.39140679256	TRUE	TRUE	TRUE
9842	36334.2094525036	5771.12066355989	TRUE	TRUE	TRUE
9843	39230.5299310887	4862.47618445199	TRUE	TRUE	TRUE
9844	37149.9022591327	5382.40542751282	TRUE	TRUE	TRUE
9845	37338.3261971017	5444.23639257036	TRUE	TRUE	TRUE
9846	38670.4647836464	5193.62129981295	TRUE	TRUE	TRUE
9847	35058.2907432376	7563.02757117585	TRUE	TRUE	TRUE
9848	39307.0432700828	4711.74868805716	TRUE	TRUE	TRUE
9849	36236.9612385359	6464.18405736819	TRUE	TRUE	TRUE
9850	37943.9560955838	5018.26288880938	TRUE	TRUE	TRUE
9851	35527.3193597027	6423.17572005238	TRUE	TRUE	TRUE
9852	39918.9912425697	4916.00004605222	TRUE	TRUE	TRUE
9853	37944.4743922027	5228.26809108132	TRUE	TRUE	TRUE
9854	38595.5781640528	4924.74766100478	TRUE	TRUE	TRUE
9855	38323.8635438277	5037.06301799577	TRUE	TRUE	TRUE
9856	38397.047850567	4742.93058361147	TRUE	TRUE	TRUE
9857	36851.6511371838	6610.93442164261	TRUE	TRUE	TRUE
9858	38885.3534227276	5923.54468224242	TRUE	TRUE	TRUE
9859	40241.491852095	4507.92058507778	TRUE	FALSE	TRUE
9860	37042.6589451847	5522.96075240272	TRUE	TRUE	TRUE
9861	37330.5462332262	5797.51988423425	TRUE	TRUE	TRUE
9862	37355.4051616896	5401.65044400173	TRUE	TRUE	TRUE
9863	37532.1237515356	5824.35077020509	TRUE	TRUE	TRUE
9864	35446.5287489072	6485.88363373212	TRUE	TRUE	TRUE
9865	38856.8208525871	5544.09336441058	TRUE	TRUE	TRUE
9866	37509.1875264581	5781.24435919745	TRUE	TRUE	TRUE
9867	38480.6816292014	5511.00140542199	TRUE	TRUE	TRUE
9868	38004.6382673005	5300.34184133862	TRUE	TRUE	TRUE
9869	37521.7439098943	5407.12874260763	TRUE	TRUE	TRUE
9870	35179.8476160428	5913.11353206261	TRUE	TRUE	TRUE
9871	36326.689281776	6424.3283489875	TRUE	TRUE	TRUE
9872	39058.0151005577	5013.49779909041	TRUE	TRUE	TRUE
9873	39777.0174506448	4954.41084427743	TRUE	TRUE	TRUE
9874	38679.9395797785	5433.46239143877	TRUE	TRUE	TRUE
9875	37809.6614778193	5326.05436575609	TRUE	TRUE	TRUE
9876	35887.1814383877	6592.69307940458	TRUE	TRUE	TRUE
9877	34470.8546191029	7126.65758532249	TRUE	TRUE	TRUE
9878	31206.8234517132	9392.2444254856	TRUE	TRUE	TRUE
9879	37977.1856306237	5481.48908177829	TRUE	TRUE	TRUE
9880	37871.0854931355	5086.19591718034	TRUE	TRUE	TRUE
9881	37350.2572843899	6059.40366823947	TRUE	TRUE	TRUE
9882	39402.1907262778	5059.6346006891	TRUE	TRUE	TRUE
9883	31686.7991722272	8866.39256336556	TRUE	TRUE	TRUE
9884	39515.3921108797	4768.22514936412	TRUE	TRUE	TRUE
9885	39191.4880664562	5181.05097617213	TRUE	TRUE	TRUE
9886	38048.3592068128	5664.3229555032	TRUE	TRUE	TRUE
9887	36895.6777819658	5077.05291586135	TRUE	TRUE	TRUE
9888	38567.7372638792	4969.31771461715	TRUE	TRUE	TRUE
9889	36045.1840096119	6329.40718640477	TRUE	TRUE	TRUE
9890	37449.9383630904	5241.93975142823	TRUE	TRUE	TRUE
9891	32682.8052372747	7484.28094681355	TRUE	TRUE	TRUE
9892	37900.0313691405	4904.76274098217	TRUE	TRUE	TRUE
9893	35489.6485678554	6738.44171962014	TRUE	TRUE	TRUE
9894	40798.411947915	4892.53907027746	TRUE	TRUE	TRUE
9895	38777.3711164231	4901.65883025017	TRUE	TRUE	TRUE
9896	35481.0577015179	7751.08303626265	TRUE	TRUE	TRUE
9897	36864.9243575288	5824.89394679113	TRUE	TRUE	TRUE
9898	38609.7567198855	4817.49272932001	TRUE	TRUE	TRUE
9899	34583.0748024582	7074.21203472805	TRUE	TRUE	TRUE
9900	37378.9884975045	5194.05632375183	TRUE	TRUE	TRUE
9901	37149.0870531993	5144.93939434548	TRUE	TRUE	TRUE
9902	37765.5203712309	6646.07646508822	TRUE	TRUE	TRUE
9903	33347.9485888197	6635.11569372234	TRUE	TRUE	TRUE
9904	36204.9061476287	5709.4094877049	TRUE	TRUE	TRUE
9905	35350.875581017	6247.45532031068	TRUE	TRUE	TRUE
9906	36220.6432014797	6673.38869000064	TRUE	TRUE	TRUE
9907	36053.150781759	6008.54970332191	TRUE	TRUE	TRUE
9908	34831.6403853151	6367.08611726245	TRUE	TRUE	TRUE
9909	37497.7760919658	5234.18391057781	TRUE	TRUE	TRUE
9910	37308.8567342867	5408.03535324611	TRUE	TRUE	TRUE
9911	33388.8638796978	7499.13797058874	TRUE	TRUE	TRUE
9912	36960.155866905	5414.60777666166	TRUE	TRUE	TRUE
9913	37675.1363481804	5157.07004144824	TRUE	TRUE	TRUE
9914	37741.164347482	5474.82239480275	TRUE	TRUE	TRUE
9915	36841.0459539846	5449.87313723364	TRUE	TRUE	TRUE
9916	37774.951225823	5405.02978186805	TRUE	TRUE	TRUE
9917	36836.3671527796	5898.45497976351	TRUE	TRUE	TRUE
9918	35843.3892208258	6376.19245737165	TRUE	TRUE	TRUE
9919	37518.5767864091	5234.14374632139	TRUE	TRUE	TRUE
9920	37232.8559254433	5939.95964744993	TRUE	TRUE	TRUE
9921	34382.7465436489	6056.47791513181	TRUE	TRUE	TRUE
9922	41025.0491169138	5011.60424996176	TRUE	TRUE	TRUE
9923	34925.7955206607	7146.1165994918	TRUE	TRUE	TRUE
9924	44642.7102944328	3409.36865147067	FALSE	FALSE	TRUE
9925	37094.4069752318	5996.67831282703	TRUE	TRUE	TRUE
9926	38414.9363616991	5183.29007447566	TRUE	TRUE	TRUE
9927	38456.4237677174	5203.93001001941	TRUE	TRUE	TRUE
9928	35386.133983542	5870.06540641878	TRUE	TRUE	TRUE
9929	36269.734615577	5678.53946681897	TRUE	TRUE	TRUE
9930	37013.4662479513	5351.47344612916	TRUE	TRUE	TRUE
9931	31768.2409314066	8474.32071212407	TRUE	TRUE	TRUE
9932	39370.3701395875	4777.41436412843	TRUE	TRUE	TRUE
9933	36340.2586655864	6057.95410712025	TRUE	TRUE	TRUE
9934	38400.3083939779	5351.58562460756	TRUE	TRUE	TRUE
9935	38533.529964771	5117.07144402272	TRUE	TRUE	TRUE
9936	40898.9005502811	4765.27029655475	TRUE	TRUE	TRUE
9937	38960.1170008432	4999.53592595609	TRUE	TRUE	TRUE
9938	37540.4203495744	5794.11436765674	TRUE	TRUE	TRUE
9939	39387.1358350819	4556.40499358951	TRUE	FALSE	TRUE
9940	38413.108459455	5488.99089866551	TRUE	TRUE	TRUE
9941	39871.6673129125	4866.66196052306	TRUE	TRUE	TRUE
9942	39402.6606689477	4916.41777329907	TRUE	TRUE	TRUE
9943	39356.2471184562	4617.04405223558	TRUE	TRUE	TRUE
9944	38655.2847841895	4790.21931662982	TRUE	TRUE	TRUE
9945	36316.690674074	6032.97248272662	TRUE	TRUE	TRUE
9946	37792.9080598113	5161.84476396132	TRUE	TRUE	TRUE
9947	38742.472682273	4884.01801547492	TRUE	TRUE	TRUE
9948	37752.1014251245	5304.9118209807	TRUE	TRUE	TRUE
9949	34670.2973638618	6605.77836005237	TRUE	TRUE	TRUE
9950	37610.8637038413	5237.57512532477	TRUE	TRUE	TRUE
9951	39875.2974747746	4861.53822104164	TRUE	TRUE	TRUE
9952	40142.9962455262	5054.98351381213	TRUE	TRUE	TRUE
9953	37677.3125512876	5055.25516279443	TRUE	TRUE	TRUE
9954	37772.8104234493	5041.99755367636	TRUE	TRUE	TRUE
9955	38419.6634187373	4978.40555918153	TRUE	TRUE	TRUE
9956	38420.4712007198	4884.59694742755	TRUE	TRUE	TRUE
9957	35700.2986928378	6692.73556330622	TRUE	TRUE	TRUE
9958	39296.1421498276	4799.99904652326	TRUE	TRUE	TRUE
9959	38956.7319438133	4846.63388985511	TRUE	TRUE	TRUE
9960	37736.8348639846	5210.25455916471	TRUE	TRUE	TRUE
9961	36813.5843273382	5601.08412943519	TRUE	TRUE	TRUE
9962	39619.5782105299	4795.73081217781	TRUE	TRUE	TRUE
9963	38312.9262016778	5359.25914344262	TRUE	TRUE	TRUE
9964	31724.7723858259	7739.15331044221	TRUE	TRUE	TRUE
9965	35660.6716113097	6268.99502249249	TRUE	TRUE	TRUE
9966	32691.9354358909	8411.92505551139	TRUE	TRUE	TRUE
9967	37289.5354424272	5454.31531208732	TRUE	TRUE	TRUE
9968	36949.4416420446	5623.32763543133	TRUE	TRUE	TRUE
9969	38762.5176178342	4858.41008035458	TRUE	TRUE	TRUE
9970	38676.5396423373	5045.04989394421	TRUE	TRUE	TRUE
9971	39011.3244063287	4863.18916572507	TRUE	TRUE	TRUE
9972	37811.8733193919	5378.33600230032	TRUE	TRUE	TRUE
9973	38484.3716969615	4951.68597403147	TRUE	TRUE	TRUE
9974	38162.0542837006	5301.4727921161	TRUE	TRUE	TRUE
9975	32753.9564583963	8293.54983424316	TRUE	TRUE	TRUE
9976	38618.1846833003	6151.72675378532	TRUE	TRUE	TRUE
9977	39871.1650501839	5128.58883832408	TRUE	TRUE	TRUE
9978	35425.8029517353	5931.1627208309	TRUE	TRUE	TRUE
9979	39126.9771900964	5415.8008083668	TRUE	TRUE	TRUE
9980	36423.4608185012	5594.08880018999	TRUE	TRUE	TRUE
9981	36870.7677390703	6626.32379171054	TRUE	TRUE	TRUE
9982	39459.449413522	4872.81340525259	TRUE	TRUE	TRUE
9983	39350.390265664	5103.79821493683	TRUE	TRUE	TRUE
9984	37503.4441792978	5648.10502088104	TRUE	TRUE	TRUE
9985	35814.8320757951	6721.25224587139	TRUE	TRUE	TRUE
9986	37411.4012936277	5344.7440744913	TRUE	TRUE	TRUE
9987	36533.4009604236	6282.82776993661	TRUE	TRUE	TRUE
9988	38975.6883285841	5060.60054005125	TRUE	TRUE	TRUE
9989	38274.4146018653	5432.39107224575	TRUE	TRUE	TRUE
9990	37225.0687042812	4962.46034214947	TRUE	TRUE	TRUE
9991	36836.5909838341	5809.49046430613	TRUE	TRUE	TRUE
9992	37138.3595838803	5412.2828667311	TRUE	TRUE	TRUE
9993	37791.7890832482	5733.63753227258	TRUE	TRUE	TRUE
9994	38294.2036340663	5284.50428857639	TRUE	TRUE	TRUE
9995	37403.0473743148	5584.69285221292	TRUE	TRUE	TRUE
9996	37553.2305003561	5543.42097548433	TRUE	TRUE	TRUE
9997	38703.0065851346	5375.21842353023	TRUE	TRUE	TRUE
9998	35156.0667102429	7110.60972196807	TRUE	TRUE	TRUE
9999	40607.3123652033	4751.28449578666	TRUE	TRUE	TRUE
