complex_id	audit_node	support_raw	role	all_descendants	target_descendants	other_descendants
Pedesta_Thoressa_Onryza	N0058		focal_tip	Thoressa_masoni_kawahara2023	Thoressa_masoni_kawahara2023	
Pedesta_Thoressa_Onryza	N0059		collapsible_background_clade	Sebastonyma_dolopia_kawahara2023		Sebastonyma_dolopia_kawahara2023
Pedesta_Thoressa_Onryza	N0057	100/100	retained_internal_node	Sebastonyma_dolopia_kawahara2023;Thoressa_masoni_kawahara2023	Thoressa_masoni_kawahara2023	Sebastonyma_dolopia_kawahara2023
Pedesta_Thoressa_Onryza	N0061	100/100	collapsible_background_clade	Halpe_concavimarginata_mydata;Halpe_nephele_mydata;Halpe_porus_kawahara2023;Halpe_porus_mydata		Halpe_concavimarginata_mydata;Halpe_nephele_mydata;Halpe_porus_kawahara2023;Halpe_porus_mydata
Pedesta_Thoressa_Onryza	N0070		focal_tip	Pedesta_rubella_mydata	Pedesta_rubella_mydata	
Pedesta_Thoressa_Onryza	N0071	100/100	collapsible_background_clade	Pithauria_linus_mydata;Pithauria_stramineipennis_kawahara2023;Pithauria_stramineipennis_mydata;Praethoressa_varia_kawahara2023		Pithauria_linus_mydata;Pithauria_stramineipennis_kawahara2023;Pithauria_stramineipennis_mydata;Praethoressa_varia_kawahara2023
Pedesta_Thoressa_Onryza	N0069	100/100	retained_internal_node	Pedesta_rubella_mydata;Pithauria_linus_mydata;Pithauria_stramineipennis_kawahara2023;Pithauria_stramineipennis_mydata;Praethoressa_varia_kawahara2023	Pedesta_rubella_mydata	Pithauria_linus_mydata;Pithauria_stramineipennis_kawahara2023;Pithauria_stramineipennis_mydata;Praethoressa_varia_kawahara2023
Pedesta_Thoressa_Onryza	N0079		focal_tip	Onryza_siamica_kawahara2023	Onryza_siamica_kawahara2023	
Pedesta_Thoressa_Onryza	N0082		focal_tip	Thoressa_kuata_ncbi	Thoressa_kuata_ncbi	
Pedesta_Thoressa_Onryza	N0083		focal_tip	Onryza_maga_mydata	Onryza_maga_mydata	
Pedesta_Thoressa_Onryza	N0081	100/100	retained_internal_node	Onryza_maga_mydata;Thoressa_kuata_ncbi	Onryza_maga_mydata;Thoressa_kuata_ncbi	
Pedesta_Thoressa_Onryza	N0086		focal_tip	Pedesta_submacula_mydata	Pedesta_submacula_mydata	
Pedesta_Thoressa_Onryza	N0087		focal_tip	Thoressa_bivitta_mydata	Thoressa_bivitta_mydata	
Pedesta_Thoressa_Onryza	N0085	100/100	retained_internal_node	Pedesta_submacula_mydata;Thoressa_bivitta_mydata	Pedesta_submacula_mydata;Thoressa_bivitta_mydata	
Pedesta_Thoressa_Onryza	N0089		focal_tip	Pedesta_masuriensis_mydata	Pedesta_masuriensis_mydata	
Pedesta_Thoressa_Onryza	N0090		focal_tip	Pedesta_blanchardii_mydata	Pedesta_blanchardii_mydata	
Pedesta_Thoressa_Onryza	N0088	100/100	retained_internal_node	Pedesta_blanchardii_mydata;Pedesta_masuriensis_mydata	Pedesta_blanchardii_mydata;Pedesta_masuriensis_mydata	
Pedesta_Thoressa_Onryza	N0084	100/100	retained_internal_node	Pedesta_blanchardii_mydata;Pedesta_masuriensis_mydata;Pedesta_submacula_mydata;Thoressa_bivitta_mydata	Pedesta_blanchardii_mydata;Pedesta_masuriensis_mydata;Pedesta_submacula_mydata;Thoressa_bivitta_mydata	
Pedesta_Thoressa_Onryza	N0080	100/100	retained_internal_node	Onryza_maga_mydata;Pedesta_blanchardii_mydata;Pedesta_masuriensis_mydata;Pedesta_submacula_mydata;Thoressa_bivitta_mydata;Thoressa_kuata_ncbi	Onryza_maga_mydata;Pedesta_blanchardii_mydata;Pedesta_masuriensis_mydata;Pedesta_submacula_mydata;Thoressa_bivitta_mydata;Thoressa_kuata_ncbi	
Pedesta_Thoressa_Onryza	N0078	100/100	retained_internal_node	Onryza_maga_mydata;Onryza_siamica_kawahara2023;Pedesta_blanchardii_mydata;Pedesta_masuriensis_mydata;Pedesta_submacula_mydata;Thoressa_bivitta_mydata;Thoressa_kuata_ncbi	Onryza_maga_mydata;Onryza_siamica_kawahara2023;Pedesta_blanchardii_mydata;Pedesta_masuriensis_mydata;Pedesta_submacula_mydata;Thoressa_bivitta_mydata;Thoressa_kuata_ncbi	
Pedesta_Thoressa_Onryza	N0068	100/100	retained_internal_node	Onryza_maga_mydata;Onryza_siamica_kawahara2023;Pedesta_blanchardii_mydata;Pedesta_masuriensis_mydata;Pedesta_rubella_mydata;Pedesta_submacula_mydata;Pithauria_linus_mydata;Pithauria_stramineipennis_kawahara2023;Pithauria_stramineipennis_mydata;Praethoressa_varia_kawahara2023;Thoressa_bivitta_mydata;Thoressa_kuata_ncbi	Onryza_maga_mydata;Onryza_siamica_kawahara2023;Pedesta_blanchardii_mydata;Pedesta_masuriensis_mydata;Pedesta_rubella_mydata;Pedesta_submacula_mydata;Thoressa_bivitta_mydata;Thoressa_kuata_ncbi	Pithauria_linus_mydata;Pithauria_stramineipennis_kawahara2023;Pithauria_stramineipennis_mydata;Praethoressa_varia_kawahara2023
Pedesta_Thoressa_Onryza	N0060	100/100	retained_internal_node	Halpe_concavimarginata_mydata;Halpe_nephele_mydata;Halpe_porus_kawahara2023;Halpe_porus_mydata;Onryza_maga_mydata;Onryza_siamica_kawahara2023;Pedesta_blanchardii_mydata;Pedesta_masuriensis_mydata;Pedesta_rubella_mydata;Pedesta_submacula_mydata;Pithauria_linus_mydata;Pithauria_stramineipennis_kawahara2023;Pithauria_stramineipennis_mydata;Praethoressa_varia_kawahara2023;Thoressa_bivitta_mydata;Thoressa_kuata_ncbi	Onryza_maga_mydata;Onryza_siamica_kawahara2023;Pedesta_blanchardii_mydata;Pedesta_masuriensis_mydata;Pedesta_rubella_mydata;Pedesta_submacula_mydata;Thoressa_bivitta_mydata;Thoressa_kuata_ncbi	Halpe_concavimarginata_mydata;Halpe_nephele_mydata;Halpe_porus_kawahara2023;Halpe_porus_mydata;Pithauria_linus_mydata;Pithauria_stramineipennis_kawahara2023;Pithauria_stramineipennis_mydata;Praethoressa_varia_kawahara2023
Pedesta_Thoressa_Onryza	N0056	99.4/98	retained_internal_node	Halpe_concavimarginata_mydata;Halpe_nephele_mydata;Halpe_porus_kawahara2023;Halpe_porus_mydata;Onryza_maga_mydata;Onryza_siamica_kawahara2023;Pedesta_blanchardii_mydata;Pedesta_masuriensis_mydata;Pedesta_rubella_mydata;Pedesta_submacula_mydata;Pithauria_linus_mydata;Pithauria_stramineipennis_kawahara2023;Pithauria_stramineipennis_mydata;Praethoressa_varia_kawahara2023;Sebastonyma_dolopia_kawahara2023;Thoressa_bivitta_mydata;Thoressa_kuata_ncbi;Thoressa_masoni_kawahara2023	Onryza_maga_mydata;Onryza_siamica_kawahara2023;Pedesta_blanchardii_mydata;Pedesta_masuriensis_mydata;Pedesta_rubella_mydata;Pedesta_submacula_mydata;Thoressa_bivitta_mydata;Thoressa_kuata_ncbi;Thoressa_masoni_kawahara2023	Halpe_concavimarginata_mydata;Halpe_nephele_mydata;Halpe_porus_kawahara2023;Halpe_porus_mydata;Pithauria_linus_mydata;Pithauria_stramineipennis_kawahara2023;Pithauria_stramineipennis_mydata;Praethoressa_varia_kawahara2023;Sebastonyma_dolopia_kawahara2023
Creteus_placement	N0018		focal_tip	Creteus_cyrina_mydata	Creteus_cyrina_mydata	
Creteus_placement	N0019		focal_tip	Creteus_cyrina_kawahara2023	Creteus_cyrina_kawahara2023	
Creteus_placement	N0017	100/100	retained_internal_node	Creteus_cyrina_kawahara2023;Creteus_cyrina_mydata	Creteus_cyrina_kawahara2023;Creteus_cyrina_mydata	
Creteus_placement	N0020	100/100	collapsible_background_clade	Aeromachus_catocyanea_mydata;Aeromachus_jhora_mydata;Aeromachus_nana_mydata;Aeromachus_piceus_mydata;Aeromachus_stigmata_kawahara2023;Ampittia_dioscorides_fabricius_mydata;Ampittia_dioscorides_kawahara2023;Ampittia_subvittatus_kawahara2023;Ampittia_trimacula_ncbi;Ampittia_virgata_miyakei_kawahara2023;Arnetta_atkinsoni_mydata;Arnetta_verones_kawahara2023;Baracus_vittatus_kawahara2023;Halpe_concavimarginata_mydata;Halpe_nephele_mydata;Halpe_porus_kawahara2023;Halpe_porus_mydata;Halpemorpha_albipectus_kawahara2023;Lepella_lepeletier_kawahara2023;Onryza_maga_mydata;Onryza_siamica_kawahara2023;Pedesta_blanchardii_mydata;Pedesta_masuriensis_mydata;Pedesta_rubella_mydata;Pedesta_submacula_mydata;Pithauria_linus_mydata;Pithauria_stramineipennis_kawahara2023;Pithauria_stramineipennis_mydata;Praethoressa_varia_kawahara2023;Prosopalpus_debilis_kawahara2023;Sebastonyma_dolopia_kawahara2023;Sovia_lucasii_lucasii_mydata;Sovia_subflava_mydata;Thoressa_bivitta_mydata;Thoressa_kuata_ncbi;Thoressa_masoni_kawahara2023		Aeromachus_catocyanea_mydata;Aeromachus_jhora_mydata;Aeromachus_nana_mydata;Aeromachus_piceus_mydata;Aeromachus_stigmata_kawahara2023;Ampittia_dioscorides_fabricius_mydata;Ampittia_dioscorides_kawahara2023;Ampittia_subvittatus_kawahara2023;Ampittia_trimacula_ncbi;Ampittia_virgata_miyakei_kawahara2023;Arnetta_atkinsoni_mydata;Arnetta_verones_kawahara2023;Baracus_vittatus_kawahara2023;Halpe_concavimarginata_mydata;Halpe_nephele_mydata;Halpe_porus_kawahara2023;Halpe_porus_mydata;Halpemorpha_albipectus_kawahara2023;Lepella_lepeletier_kawahara2023;Onryza_maga_mydata;Onryza_siamica_kawahara2023;Pedesta_blanchardii_mydata;Pedesta_masuriensis_mydata;Pedesta_rubella_mydata;Pedesta_submacula_mydata;Pithauria_linus_mydata;Pithauria_stramineipennis_kawahara2023;Pithauria_stramineipennis_mydata;Praethoressa_varia_kawahara2023;Prosopalpus_debilis_kawahara2023;Sebastonyma_dolopia_kawahara2023;Sovia_lucasii_lucasii_mydata;Sovia_subflava_mydata;Thoressa_bivitta_mydata;Thoressa_kuata_ncbi;Thoressa_masoni_kawahara2023
Creteus_placement	N0016	100/100	retained_internal_node	Aeromachus_catocyanea_mydata;Aeromachus_jhora_mydata;Aeromachus_nana_mydata;Aeromachus_piceus_mydata;Aeromachus_stigmata_kawahara2023;Ampittia_dioscorides_fabricius_mydata;Ampittia_dioscorides_kawahara2023;Ampittia_subvittatus_kawahara2023;Ampittia_trimacula_ncbi;Ampittia_virgata_miyakei_kawahara2023;Arnetta_atkinsoni_mydata;Arnetta_verones_kawahara2023;Baracus_vittatus_kawahara2023;Creteus_cyrina_kawahara2023;Creteus_cyrina_mydata;Halpe_concavimarginata_mydata;Halpe_nephele_mydata;Halpe_porus_kawahara2023;Halpe_porus_mydata;Halpemorpha_albipectus_kawahara2023;Lepella_lepeletier_kawahara2023;Onryza_maga_mydata;Onryza_siamica_kawahara2023;Pedesta_blanchardii_mydata;Pedesta_masuriensis_mydata;Pedesta_rubella_mydata;Pedesta_submacula_mydata;Pithauria_linus_mydata;Pithauria_stramineipennis_kawahara2023;Pithauria_stramineipennis_mydata;Praethoressa_varia_kawahara2023;Prosopalpus_debilis_kawahara2023;Sebastonyma_dolopia_kawahara2023;Sovia_lucasii_lucasii_mydata;Sovia_subflava_mydata;Thoressa_bivitta_mydata;Thoressa_kuata_ncbi;Thoressa_masoni_kawahara2023	Creteus_cyrina_kawahara2023;Creteus_cyrina_mydata	Aeromachus_catocyanea_mydata;Aeromachus_jhora_mydata;Aeromachus_nana_mydata;Aeromachus_piceus_mydata;Aeromachus_stigmata_kawahara2023;Ampittia_dioscorides_fabricius_mydata;Ampittia_dioscorides_kawahara2023;Ampittia_subvittatus_kawahara2023;Ampittia_trimacula_ncbi;Ampittia_virgata_miyakei_kawahara2023;Arnetta_atkinsoni_mydata;Arnetta_verones_kawahara2023;Baracus_vittatus_kawahara2023;Halpe_concavimarginata_mydata;Halpe_nephele_mydata;Halpe_porus_kawahara2023;Halpe_porus_mydata;Halpemorpha_albipectus_kawahara2023;Lepella_lepeletier_kawahara2023;Onryza_maga_mydata;Onryza_siamica_kawahara2023;Pedesta_blanchardii_mydata;Pedesta_masuriensis_mydata;Pedesta_rubella_mydata;Pedesta_submacula_mydata;Pithauria_linus_mydata;Pithauria_stramineipennis_kawahara2023;Pithauria_stramineipennis_mydata;Praethoressa_varia_kawahara2023;Prosopalpus_debilis_kawahara2023;Sebastonyma_dolopia_kawahara2023;Sovia_lucasii_lucasii_mydata;Sovia_subflava_mydata;Thoressa_bivitta_mydata;Thoressa_kuata_ncbi;Thoressa_masoni_kawahara2023
Astictopterus	N0120		focal_tip	Astictopterus_jama_mydata	Astictopterus_jama_mydata	
Astictopterus	N0121		focal_tip	Astictopterus_jama_kawahara2023	Astictopterus_jama_kawahara2023	
Astictopterus	N0119	100/100	retained_internal_node	Astictopterus_jama_kawahara2023;Astictopterus_jama_mydata	Astictopterus_jama_kawahara2023;Astictopterus_jama_mydata	
Astictopterus	N0123		collapsible_background_clade	Xanthoneura_obscurior_kawahara2023		Xanthoneura_obscurior_kawahara2023
Astictopterus	N0125	100/100	collapsible_background_clade	Dotta_callicles_kawahara2023;Fulda_coroller_kawahara2023;Perrotia_varians_kawahara2023		Dotta_callicles_kawahara2023;Fulda_coroller_kawahara2023;Perrotia_varians_kawahara2023
Astictopterus	N0131		focal_tip	Astictopterus_punctulata_kawahara2023	Astictopterus_punctulata_kawahara2023	
Astictopterus	N0132	100/100	collapsible_background_clade	Isoteinon_lamprospilus_kawahara2023;Isoteinon_lamprospilus_mydata		Isoteinon_lamprospilus_kawahara2023;Isoteinon_lamprospilus_mydata
Astictopterus	N0130	100/100	retained_internal_node	Astictopterus_punctulata_kawahara2023;Isoteinon_lamprospilus_kawahara2023;Isoteinon_lamprospilus_mydata	Astictopterus_punctulata_kawahara2023	Isoteinon_lamprospilus_kawahara2023;Isoteinon_lamprospilus_mydata
Astictopterus	N0124	100/100	retained_internal_node	Astictopterus_punctulata_kawahara2023;Dotta_callicles_kawahara2023;Fulda_coroller_kawahara2023;Isoteinon_lamprospilus_kawahara2023;Isoteinon_lamprospilus_mydata;Perrotia_varians_kawahara2023	Astictopterus_punctulata_kawahara2023	Dotta_callicles_kawahara2023;Fulda_coroller_kawahara2023;Isoteinon_lamprospilus_kawahara2023;Isoteinon_lamprospilus_mydata;Perrotia_varians_kawahara2023
Astictopterus	N0122	100/100	retained_internal_node	Astictopterus_punctulata_kawahara2023;Dotta_callicles_kawahara2023;Fulda_coroller_kawahara2023;Isoteinon_lamprospilus_kawahara2023;Isoteinon_lamprospilus_mydata;Perrotia_varians_kawahara2023;Xanthoneura_obscurior_kawahara2023	Astictopterus_punctulata_kawahara2023	Dotta_callicles_kawahara2023;Fulda_coroller_kawahara2023;Isoteinon_lamprospilus_kawahara2023;Isoteinon_lamprospilus_mydata;Perrotia_varians_kawahara2023;Xanthoneura_obscurior_kawahara2023
Astictopterus	N0118	100/100	retained_internal_node	Astictopterus_jama_kawahara2023;Astictopterus_jama_mydata;Astictopterus_punctulata_kawahara2023;Dotta_callicles_kawahara2023;Fulda_coroller_kawahara2023;Isoteinon_lamprospilus_kawahara2023;Isoteinon_lamprospilus_mydata;Perrotia_varians_kawahara2023;Xanthoneura_obscurior_kawahara2023	Astictopterus_jama_kawahara2023;Astictopterus_jama_mydata;Astictopterus_punctulata_kawahara2023	Dotta_callicles_kawahara2023;Fulda_coroller_kawahara2023;Isoteinon_lamprospilus_kawahara2023;Isoteinon_lamprospilus_mydata;Perrotia_varians_kawahara2023;Xanthoneura_obscurior_kawahara2023
Caenides_Paronymus	N0168		focal_tip	Caenides_dacela_kawahara2023	Caenides_dacela_kawahara2023	
Caenides_Paronymus	N0169	100/100	collapsible_background_clade	Hollandus_xanthopeplus_kawahara2023;Hypoleucis_tripunctata_kawahara2023;Semalea_pulvina_kawahara2023;Xanthodisca_vibius_kawahara2023		Hollandus_xanthopeplus_kawahara2023;Hypoleucis_tripunctata_kawahara2023;Semalea_pulvina_kawahara2023;Xanthodisca_vibius_kawahara2023
Caenides_Paronymus	N0167	100/100	retained_internal_node	Caenides_dacela_kawahara2023;Hollandus_xanthopeplus_kawahara2023;Hypoleucis_tripunctata_kawahara2023;Semalea_pulvina_kawahara2023;Xanthodisca_vibius_kawahara2023	Caenides_dacela_kawahara2023	Hollandus_xanthopeplus_kawahara2023;Hypoleucis_tripunctata_kawahara2023;Semalea_pulvina_kawahara2023;Xanthodisca_vibius_kawahara2023
Caenides_Paronymus	N0177	100/89	collapsible_background_clade	Cupitha_purreea_kawahara2023;Cupitha_purreea_mydata;Gorgyra_diversata_kawahara2023;Gyrogra_subnotata_kawahara2023;Melphina_melphis_kawahara2023;Melphinyet_flavina_kawahara2023;Melphinyet_tarace_kawahara2023;Noctulana_noctula_kawahara2023;Osphantes_ogowena_kawahara2023;Parosmodes_morantii_kawahara2023;Platylesches_picanini_kawahara2023;Zographetus_ogygia_ogygia_kawahara2023;Zographetus_satwa_mydata		Cupitha_purreea_kawahara2023;Cupitha_purreea_mydata;Gorgyra_diversata_kawahara2023;Gyrogra_subnotata_kawahara2023;Melphina_melphis_kawahara2023;Melphinyet_flavina_kawahara2023;Melphinyet_tarace_kawahara2023;Noctulana_noctula_kawahara2023;Osphantes_ogowena_kawahara2023;Parosmodes_morantii_kawahara2023;Platylesches_picanini_kawahara2023;Zographetus_ogygia_ogygia_kawahara2023;Zographetus_satwa_mydata
Caenides_Paronymus	N0203	100/100	collapsible_background_clade	Osmodes_laronia_kawahara2023;Osmodes_thora_kawahara2023;Rhabdomantis_galatia_kawahara2023;Rhabdomantis_sosia_kawahara2023		Osmodes_laronia_kawahara2023;Osmodes_thora_kawahara2023;Rhabdomantis_galatia_kawahara2023;Rhabdomantis_sosia_kawahara2023
Caenides_Paronymus	N0212	100/100	collapsible_background_clade	Fresna_netopha_kawahara2023;Fresna_nyassae_kawahara2023		Fresna_netopha_kawahara2023;Fresna_nyassae_kawahara2023
Caenides_Paronymus	N0216		focal_tip	Caenides_hidaroides_kawahara2023	Caenides_hidaroides_kawahara2023	
Caenides_Paronymus	N0218		focal_tip	Paronymus_ligora_kawahara2023	Paronymus_ligora_kawahara2023	
Caenides_Paronymus	N0220		focal_tip	Paronymus_xanthias_kawahara2023	Paronymus_xanthias_kawahara2023	
Caenides_Paronymus	N0221		collapsible_background_clade	Ceratricula_semilutea_kawahara2023		Ceratricula_semilutea_kawahara2023
Caenides_Paronymus	N0219	100/100	retained_internal_node	Ceratricula_semilutea_kawahara2023;Paronymus_xanthias_kawahara2023	Paronymus_xanthias_kawahara2023	Ceratricula_semilutea_kawahara2023
Caenides_Paronymus	N0217	75.2/77	retained_internal_node	Ceratricula_semilutea_kawahara2023;Paronymus_ligora_kawahara2023;Paronymus_xanthias_kawahara2023	Paronymus_ligora_kawahara2023;Paronymus_xanthias_kawahara2023	Ceratricula_semilutea_kawahara2023
Caenides_Paronymus	N0215	100/100	retained_internal_node	Caenides_hidaroides_kawahara2023;Ceratricula_semilutea_kawahara2023;Paronymus_ligora_kawahara2023;Paronymus_xanthias_kawahara2023	Caenides_hidaroides_kawahara2023;Paronymus_ligora_kawahara2023;Paronymus_xanthias_kawahara2023	Ceratricula_semilutea_kawahara2023
Caenides_Paronymus	N0211	100/100	retained_internal_node	Caenides_hidaroides_kawahara2023;Ceratricula_semilutea_kawahara2023;Fresna_netopha_kawahara2023;Fresna_nyassae_kawahara2023;Paronymus_ligora_kawahara2023;Paronymus_xanthias_kawahara2023	Caenides_hidaroides_kawahara2023;Paronymus_ligora_kawahara2023;Paronymus_xanthias_kawahara2023	Ceratricula_semilutea_kawahara2023;Fresna_netopha_kawahara2023;Fresna_nyassae_kawahara2023
Caenides_Paronymus	N0222	32.1/62	collapsible_background_clade	Acada_biseriata_kawahara2023;Acleros_leucopyga_kawahara2023;Acleros_ploetzi_kawahara2023;Andronymus_neander_kawahara2023;Paracleros_biguttulus_kawahara2023;Teniorhinus_harona_kawahara2023;Teniorhinus_watsoni_kawahara2023		Acada_biseriata_kawahara2023;Acleros_leucopyga_kawahara2023;Acleros_ploetzi_kawahara2023;Andronymus_neander_kawahara2023;Paracleros_biguttulus_kawahara2023;Teniorhinus_harona_kawahara2023;Teniorhinus_watsoni_kawahara2023
Caenides_Paronymus	N0210	89.2/89	retained_internal_node	Acada_biseriata_kawahara2023;Acleros_leucopyga_kawahara2023;Acleros_ploetzi_kawahara2023;Andronymus_neander_kawahara2023;Caenides_hidaroides_kawahara2023;Ceratricula_semilutea_kawahara2023;Fresna_netopha_kawahara2023;Fresna_nyassae_kawahara2023;Paracleros_biguttulus_kawahara2023;Paronymus_ligora_kawahara2023;Paronymus_xanthias_kawahara2023;Teniorhinus_harona_kawahara2023;Teniorhinus_watsoni_kawahara2023	Caenides_hidaroides_kawahara2023;Paronymus_ligora_kawahara2023;Paronymus_xanthias_kawahara2023	Acada_biseriata_kawahara2023;Acleros_leucopyga_kawahara2023;Acleros_ploetzi_kawahara2023;Andronymus_neander_kawahara2023;Ceratricula_semilutea_kawahara2023;Fresna_netopha_kawahara2023;Fresna_nyassae_kawahara2023;Paracleros_biguttulus_kawahara2023;Teniorhinus_harona_kawahara2023;Teniorhinus_watsoni_kawahara2023
Caenides_Paronymus	N0202	100/100	retained_internal_node	Acada_biseriata_kawahara2023;Acleros_leucopyga_kawahara2023;Acleros_ploetzi_kawahara2023;Andronymus_neander_kawahara2023;Caenides_hidaroides_kawahara2023;Ceratricula_semilutea_kawahara2023;Fresna_netopha_kawahara2023;Fresna_nyassae_kawahara2023;Osmodes_laronia_kawahara2023;Osmodes_thora_kawahara2023;Paracleros_biguttulus_kawahara2023;Paronymus_ligora_kawahara2023;Paronymus_xanthias_kawahara2023;Rhabdomantis_galatia_kawahara2023;Rhabdomantis_sosia_kawahara2023;Teniorhinus_harona_kawahara2023;Teniorhinus_watsoni_kawahara2023	Caenides_hidaroides_kawahara2023;Paronymus_ligora_kawahara2023;Paronymus_xanthias_kawahara2023	Acada_biseriata_kawahara2023;Acleros_leucopyga_kawahara2023;Acleros_ploetzi_kawahara2023;Andronymus_neander_kawahara2023;Ceratricula_semilutea_kawahara2023;Fresna_netopha_kawahara2023;Fresna_nyassae_kawahara2023;Osmodes_laronia_kawahara2023;Osmodes_thora_kawahara2023;Paracleros_biguttulus_kawahara2023;Rhabdomantis_galatia_kawahara2023;Rhabdomantis_sosia_kawahara2023;Teniorhinus_harona_kawahara2023;Teniorhinus_watsoni_kawahara2023
Caenides_Paronymus	N0176	100/89	retained_internal_node	Acada_biseriata_kawahara2023;Acleros_leucopyga_kawahara2023;Acleros_ploetzi_kawahara2023;Andronymus_neander_kawahara2023;Caenides_hidaroides_kawahara2023;Ceratricula_semilutea_kawahara2023;Cupitha_purreea_kawahara2023;Cupitha_purreea_mydata;Fresna_netopha_kawahara2023;Fresna_nyassae_kawahara2023;Gorgyra_diversata_kawahara2023;Gyrogra_subnotata_kawahara2023;Melphina_melphis_kawahara2023;Melphinyet_flavina_kawahara2023;Melphinyet_tarace_kawahara2023;Noctulana_noctula_kawahara2023;Osmodes_laronia_kawahara2023;Osmodes_thora_kawahara2023;Osphantes_ogowena_kawahara2023;Paracleros_biguttulus_kawahara2023;Paronymus_ligora_kawahara2023;Paronymus_xanthias_kawahara2023;Parosmodes_morantii_kawahara2023;Platylesches_picanini_kawahara2023;Rhabdomantis_galatia_kawahara2023;Rhabdomantis_sosia_kawahara2023;Teniorhinus_harona_kawahara2023;Teniorhinus_watsoni_kawahara2023;Zographetus_ogygia_ogygia_kawahara2023;Zographetus_satwa_mydata	Caenides_hidaroides_kawahara2023;Paronymus_ligora_kawahara2023;Paronymus_xanthias_kawahara2023	Acada_biseriata_kawahara2023;Acleros_leucopyga_kawahara2023;Acleros_ploetzi_kawahara2023;Andronymus_neander_kawahara2023;Ceratricula_semilutea_kawahara2023;Cupitha_purreea_kawahara2023;Cupitha_purreea_mydata;Fresna_netopha_kawahara2023;Fresna_nyassae_kawahara2023;Gorgyra_diversata_kawahara2023;Gyrogra_subnotata_kawahara2023;Melphina_melphis_kawahara2023;Melphinyet_flavina_kawahara2023;Melphinyet_tarace_kawahara2023;Noctulana_noctula_kawahara2023;Osmodes_laronia_kawahara2023;Osmodes_thora_kawahara2023;Osphantes_ogowena_kawahara2023;Paracleros_biguttulus_kawahara2023;Parosmodes_morantii_kawahara2023;Platylesches_picanini_kawahara2023;Rhabdomantis_galatia_kawahara2023;Rhabdomantis_sosia_kawahara2023;Teniorhinus_harona_kawahara2023;Teniorhinus_watsoni_kawahara2023;Zographetus_ogygia_ogygia_kawahara2023;Zographetus_satwa_mydata
Caenides_Paronymus	N0166	99.5/99	retained_internal_node	Acada_biseriata_kawahara2023;Acleros_leucopyga_kawahara2023;Acleros_ploetzi_kawahara2023;Andronymus_neander_kawahara2023;Caenides_dacela_kawahara2023;Caenides_hidaroides_kawahara2023;Ceratricula_semilutea_kawahara2023;Cupitha_purreea_kawahara2023;Cupitha_purreea_mydata;Fresna_netopha_kawahara2023;Fresna_nyassae_kawahara2023;Gorgyra_diversata_kawahara2023;Gyrogra_subnotata_kawahara2023;Hollandus_xanthopeplus_kawahara2023;Hypoleucis_tripunctata_kawahara2023;Melphina_melphis_kawahara2023;Melphinyet_flavina_kawahara2023;Melphinyet_tarace_kawahara2023;Noctulana_noctula_kawahara2023;Osmodes_laronia_kawahara2023;Osmodes_thora_kawahara2023;Osphantes_ogowena_kawahara2023;Paracleros_biguttulus_kawahara2023;Paronymus_ligora_kawahara2023;Paronymus_xanthias_kawahara2023;Parosmodes_morantii_kawahara2023;Platylesches_picanini_kawahara2023;Rhabdomantis_galatia_kawahara2023;Rhabdomantis_sosia_kawahara2023;Semalea_pulvina_kawahara2023;Teniorhinus_harona_kawahara2023;Teniorhinus_watsoni_kawahara2023;Xanthodisca_vibius_kawahara2023;Zographetus_ogygia_ogygia_kawahara2023;Zographetus_satwa_mydata	Caenides_dacela_kawahara2023;Caenides_hidaroides_kawahara2023;Paronymus_ligora_kawahara2023;Paronymus_xanthias_kawahara2023	Acada_biseriata_kawahara2023;Acleros_leucopyga_kawahara2023;Acleros_ploetzi_kawahara2023;Andronymus_neander_kawahara2023;Ceratricula_semilutea_kawahara2023;Cupitha_purreea_kawahara2023;Cupitha_purreea_mydata;Fresna_netopha_kawahara2023;Fresna_nyassae_kawahara2023;Gorgyra_diversata_kawahara2023;Gyrogra_subnotata_kawahara2023;Hollandus_xanthopeplus_kawahara2023;Hypoleucis_tripunctata_kawahara2023;Melphina_melphis_kawahara2023;Melphinyet_flavina_kawahara2023;Melphinyet_tarace_kawahara2023;Noctulana_noctula_kawahara2023;Osmodes_laronia_kawahara2023;Osmodes_thora_kawahara2023;Osphantes_ogowena_kawahara2023;Paracleros_biguttulus_kawahara2023;Parosmodes_morantii_kawahara2023;Platylesches_picanini_kawahara2023;Rhabdomantis_galatia_kawahara2023;Rhabdomantis_sosia_kawahara2023;Semalea_pulvina_kawahara2023;Teniorhinus_harona_kawahara2023;Teniorhinus_watsoni_kawahara2023;Xanthodisca_vibius_kawahara2023;Zographetus_ogygia_ogygia_kawahara2023;Zographetus_satwa_mydata
Ancistroides	N0367		focal_tip	Ancistroides_gemmifer_kawahara2023	Ancistroides_gemmifer_kawahara2023	
Ancistroides	N0369		focal_tip	Ancistroides_nigrita_mydata	Ancistroides_nigrita_mydata	
Ancistroides	N0371	100/100	collapsible_background_clade	Udaspes_folus_kawahara2023;Udaspes_folus_mydata		Udaspes_folus_kawahara2023;Udaspes_folus_mydata
Ancistroides	N0375		focal_tip	Ancistroides_longicornis_kawahara2023	Ancistroides_longicornis_kawahara2023	
Ancistroides	N0376	100/100	collapsible_background_clade	Notocrypta_curvifascia_corinda_kawahara2023;Notocrypta_feisthamelii_kawahara2023;Notocrypta_feisthamelii_ncbi;Notocrypta_paralysos_mydata		Notocrypta_curvifascia_corinda_kawahara2023;Notocrypta_feisthamelii_kawahara2023;Notocrypta_feisthamelii_ncbi;Notocrypta_paralysos_mydata
Ancistroides	N0374	100/100	retained_internal_node	Ancistroides_longicornis_kawahara2023;Notocrypta_curvifascia_corinda_kawahara2023;Notocrypta_feisthamelii_kawahara2023;Notocrypta_feisthamelii_ncbi;Notocrypta_paralysos_mydata	Ancistroides_longicornis_kawahara2023	Notocrypta_curvifascia_corinda_kawahara2023;Notocrypta_feisthamelii_kawahara2023;Notocrypta_feisthamelii_ncbi;Notocrypta_paralysos_mydata
Ancistroides	N0370	100/100	retained_internal_node	Ancistroides_longicornis_kawahara2023;Notocrypta_curvifascia_corinda_kawahara2023;Notocrypta_feisthamelii_kawahara2023;Notocrypta_feisthamelii_ncbi;Notocrypta_paralysos_mydata;Udaspes_folus_kawahara2023;Udaspes_folus_mydata	Ancistroides_longicornis_kawahara2023	Notocrypta_curvifascia_corinda_kawahara2023;Notocrypta_feisthamelii_kawahara2023;Notocrypta_feisthamelii_ncbi;Notocrypta_paralysos_mydata;Udaspes_folus_kawahara2023;Udaspes_folus_mydata
Ancistroides	N0368	100/100	retained_internal_node	Ancistroides_longicornis_kawahara2023;Ancistroides_nigrita_mydata;Notocrypta_curvifascia_corinda_kawahara2023;Notocrypta_feisthamelii_kawahara2023;Notocrypta_feisthamelii_ncbi;Notocrypta_paralysos_mydata;Udaspes_folus_kawahara2023;Udaspes_folus_mydata	Ancistroides_longicornis_kawahara2023;Ancistroides_nigrita_mydata	Notocrypta_curvifascia_corinda_kawahara2023;Notocrypta_feisthamelii_kawahara2023;Notocrypta_feisthamelii_ncbi;Notocrypta_paralysos_mydata;Udaspes_folus_kawahara2023;Udaspes_folus_mydata
Ancistroides	N0366	100/100	retained_internal_node	Ancistroides_gemmifer_kawahara2023;Ancistroides_longicornis_kawahara2023;Ancistroides_nigrita_mydata;Notocrypta_curvifascia_corinda_kawahara2023;Notocrypta_feisthamelii_kawahara2023;Notocrypta_feisthamelii_ncbi;Notocrypta_paralysos_mydata;Udaspes_folus_kawahara2023;Udaspes_folus_mydata	Ancistroides_gemmifer_kawahara2023;Ancistroides_longicornis_kawahara2023;Ancistroides_nigrita_mydata	Notocrypta_curvifascia_corinda_kawahara2023;Notocrypta_feisthamelii_kawahara2023;Notocrypta_feisthamelii_ncbi;Notocrypta_paralysos_mydata;Udaspes_folus_kawahara2023;Udaspes_folus_mydata
Amblyscirtes_Notamblyscirtes	N0553	100/100	collapsible_background_clade	Adopaeoides_prittwitzi_kawahara2023;Ancyloxypha_numitor_kawahara2023;Apaustus_gracilis_kawahara2023;Calpodes_ethlius_kawahara2023;Calpodes_ethlius_ncbi;Copaeodes_aurantiaca_kawahara2023;Copaeodes_aurantiaca_ncbi;Oarisma_garita_kawahara2023;Oarisma_garita_ncbi;Oarisma_powesheik_ncbi;Panoquina_ocola_ocola_kawahara2023;Panoquina_ocola_ocola_ncbi;Panoquina_panoquin_kawahara2023;Saliana_esperi_kawahara2023;Thymelicus_lineola_kawahara2023;Thymelicus_lineola_ncbi;Thymelicus_sylvestris_ncbi;Zenis_jebus_kawahara2023		Adopaeoides_prittwitzi_kawahara2023;Ancyloxypha_numitor_kawahara2023;Apaustus_gracilis_kawahara2023;Calpodes_ethlius_kawahara2023;Calpodes_ethlius_ncbi;Copaeodes_aurantiaca_kawahara2023;Copaeodes_aurantiaca_ncbi;Oarisma_garita_kawahara2023;Oarisma_garita_ncbi;Oarisma_powesheik_ncbi;Panoquina_ocola_ocola_kawahara2023;Panoquina_ocola_ocola_ncbi;Panoquina_panoquin_kawahara2023;Saliana_esperi_kawahara2023;Thymelicus_lineola_kawahara2023;Thymelicus_lineola_ncbi;Thymelicus_sylvestris_ncbi;Zenis_jebus_kawahara2023
Amblyscirtes_Notamblyscirtes	N0591	100/100	collapsible_background_clade	Arotis_derasa_brunnea_kawahara2023;Mnaseas_bicolor_kawahara2023		Arotis_derasa_brunnea_kawahara2023;Mnaseas_bicolor_kawahara2023
Amblyscirtes_Notamblyscirtes	N0595		collapsible_background_clade	Papias_trimacula_kawahara2023		Papias_trimacula_kawahara2023
Amblyscirtes_Notamblyscirtes	N0597		collapsible_background_clade	Euphyes_arpa_kawahara2023		Euphyes_arpa_kawahara2023
Amblyscirtes_Notamblyscirtes	N0599		collapsible_background_clade	Euphyes_dion_kawahara2023		Euphyes_dion_kawahara2023
Amblyscirtes_Notamblyscirtes	N0600		focal_tip	Notamblyscirtes_simius_ncbi	Notamblyscirtes_simius_ncbi	
Amblyscirtes_Notamblyscirtes	N0598	100/100	retained_internal_node	Euphyes_dion_kawahara2023;Notamblyscirtes_simius_ncbi	Notamblyscirtes_simius_ncbi	Euphyes_dion_kawahara2023
Amblyscirtes_Notamblyscirtes	N0596	100/100	retained_internal_node	Euphyes_arpa_kawahara2023;Euphyes_dion_kawahara2023;Notamblyscirtes_simius_ncbi	Notamblyscirtes_simius_ncbi	Euphyes_arpa_kawahara2023;Euphyes_dion_kawahara2023
Amblyscirtes_Notamblyscirtes	N0594	100/100	retained_internal_node	Euphyes_arpa_kawahara2023;Euphyes_dion_kawahara2023;Notamblyscirtes_simius_ncbi;Papias_trimacula_kawahara2023	Notamblyscirtes_simius_ncbi	Euphyes_arpa_kawahara2023;Euphyes_dion_kawahara2023;Papias_trimacula_kawahara2023
Amblyscirtes_Notamblyscirtes	N0590	100/100	retained_internal_node	Arotis_derasa_brunnea_kawahara2023;Euphyes_arpa_kawahara2023;Euphyes_dion_kawahara2023;Mnaseas_bicolor_kawahara2023;Notamblyscirtes_simius_ncbi;Papias_trimacula_kawahara2023	Notamblyscirtes_simius_ncbi	Arotis_derasa_brunnea_kawahara2023;Euphyes_arpa_kawahara2023;Euphyes_dion_kawahara2023;Mnaseas_bicolor_kawahara2023;Papias_trimacula_kawahara2023
Amblyscirtes_Notamblyscirtes	N0601	100/100	collapsible_background_clade	Chalcone_briquenydan_chalcone_kawahara2023;Cyclosma_sp._kawahara2023;Hansa_devergens_hydra_kawahara2023;Libra_aligula_aligula_kawahara2023;Lindra_brasus_kawahara2023;Metron_oropa_kawahara2023;Orthos_trinka_kawahara2023;Oxynthes_corusca_kawahara2023;Phemiades_pohli_cidra_kawahara2023;Propertius_dejongi_kawahara2023;Serdis_viridicans_kawahara2023;Tirynthoides_lotana_kawahara2023		Chalcone_briquenydan_chalcone_kawahara2023;Cyclosma_sp._kawahara2023;Hansa_devergens_hydra_kawahara2023;Libra_aligula_aligula_kawahara2023;Lindra_brasus_kawahara2023;Metron_oropa_kawahara2023;Orthos_trinka_kawahara2023;Oxynthes_corusca_kawahara2023;Phemiades_pohli_cidra_kawahara2023;Propertius_dejongi_kawahara2023;Serdis_viridicans_kawahara2023;Tirynthoides_lotana_kawahara2023
Amblyscirtes_Notamblyscirtes	N0589	100/100	retained_internal_node	Arotis_derasa_brunnea_kawahara2023;Chalcone_briquenydan_chalcone_kawahara2023;Cyclosma_sp._kawahara2023;Euphyes_arpa_kawahara2023;Euphyes_dion_kawahara2023;Hansa_devergens_hydra_kawahara2023;Libra_aligula_aligula_kawahara2023;Lindra_brasus_kawahara2023;Metron_oropa_kawahara2023;Mnaseas_bicolor_kawahara2023;Notamblyscirtes_simius_ncbi;Orthos_trinka_kawahara2023;Oxynthes_corusca_kawahara2023;Papias_trimacula_kawahara2023;Phemiades_pohli_cidra_kawahara2023;Propertius_dejongi_kawahara2023;Serdis_viridicans_kawahara2023;Tirynthoides_lotana_kawahara2023	Notamblyscirtes_simius_ncbi	Arotis_derasa_brunnea_kawahara2023;Chalcone_briquenydan_chalcone_kawahara2023;Cyclosma_sp._kawahara2023;Euphyes_arpa_kawahara2023;Euphyes_dion_kawahara2023;Hansa_devergens_hydra_kawahara2023;Libra_aligula_aligula_kawahara2023;Lindra_brasus_kawahara2023;Metron_oropa_kawahara2023;Mnaseas_bicolor_kawahara2023;Orthos_trinka_kawahara2023;Oxynthes_corusca_kawahara2023;Papias_trimacula_kawahara2023;Phemiades_pohli_cidra_kawahara2023;Propertius_dejongi_kawahara2023;Serdis_viridicans_kawahara2023;Tirynthoides_lotana_kawahara2023
Amblyscirtes_Notamblyscirtes	N0626		focal_tip	Amblyscirtes_simius_kawahara2023	Amblyscirtes_simius_kawahara2023	
Amblyscirtes_Notamblyscirtes	N0627	100/100	collapsible_background_clade	Anatrytone_logan_kawahara2023;Atrytone_arogos_iowa_kawahara2023;Buzyges_idothea_kawahara2023;Decinea_decinea_kawahara2023;Librita_librita_kawahara2023;Onespa_gala_kawahara2023;Problema_byssus_kawahara2023;Quasimellana_antipazina_kawahara2023;Tirynthia_conflua_kawahara2023;Zariaspes_mys_kawahara2023		Anatrytone_logan_kawahara2023;Atrytone_arogos_iowa_kawahara2023;Buzyges_idothea_kawahara2023;Decinea_decinea_kawahara2023;Librita_librita_kawahara2023;Onespa_gala_kawahara2023;Problema_byssus_kawahara2023;Quasimellana_antipazina_kawahara2023;Tirynthia_conflua_kawahara2023;Zariaspes_mys_kawahara2023
Amblyscirtes_Notamblyscirtes	N0625	100/100	retained_internal_node	Amblyscirtes_simius_kawahara2023;Anatrytone_logan_kawahara2023;Atrytone_arogos_iowa_kawahara2023;Buzyges_idothea_kawahara2023;Decinea_decinea_kawahara2023;Librita_librita_kawahara2023;Onespa_gala_kawahara2023;Problema_byssus_kawahara2023;Quasimellana_antipazina_kawahara2023;Tirynthia_conflua_kawahara2023;Zariaspes_mys_kawahara2023	Amblyscirtes_simius_kawahara2023	Anatrytone_logan_kawahara2023;Atrytone_arogos_iowa_kawahara2023;Buzyges_idothea_kawahara2023;Decinea_decinea_kawahara2023;Librita_librita_kawahara2023;Onespa_gala_kawahara2023;Problema_byssus_kawahara2023;Quasimellana_antipazina_kawahara2023;Tirynthia_conflua_kawahara2023;Zariaspes_mys_kawahara2023
Amblyscirtes_Notamblyscirtes	N0646	100/100	collapsible_background_clade	Appia_appia_kawahara2023;Atalopedes_campestris_kawahara2023;Atrytonopsis_edwardsi_kawahara2023;Atrytonopsis_hianna_hianna_ncbi;Atrytonopsis_hianna_kawahara2023;Cobaloides_argus_kawahara2023;Conga_chydaea_kawahara2023;Conga_zela_kawahara2023;Evansiella_cordela_kawahara2023;Hesperia_attalus_slossonae_ncbi;Hesperia_balcones_ncbi;Hesperia_colorado_sublima_ncbi;Hesperia_comma_kawahara2023;Hesperia_comma_ncbi;Hesperia_dacotae_ncbi;Hesperia_meskei_kawahara2023;Hesperia_meskei_straton_ncbi;Hesperia_nevada_nevada_ncbi;Hesperia_pahaska_williamsi_ncbi;Hesperia_viridis_ncbi;Hesperia_woodgatei_ncbi;Hylephila_phyleus_ncbi;Lon_zabulon_kawahara2023;Nyctelius_nyctelius_kawahara2023;Ochlodes_bouddha_mydata;Ochlodes_sylvanoides_omnigena_kawahara2023;Ochlodes_sylvanus_ncbi;Ochlodes_thibetana_mydata;Oligoria_maculata_kawahara2023;Parachoranthus_magdalia_kawahara2023;Paratrytone_snowi_kawahara2023;Polites_baracoa_baracoa_ncbi;Polites_carus_ncbi;Polites_draco_ncbi;Polites_mardon_ncbi;Polites_mystic_mydata;Polites_origenes_origenes_mydata;Polites_peckius_peckius_ncbi;Polites_rhesus_ncbi;Polites_sabuleti_sabuleti_ncbi;Polites_sonora_mydata;Polites_themistocles_turneri_ncbi;Polites_vibex_kawahara2023;Polites_vibex_praeceps_ncbi;Pompeius_amblyspila_ncbi;Pompeius_pompeius_kawahara2023;Pompeius_pompeius_ncbi;Pseudocopaeodes_eunus_kawahara2023;Stinga_morrisoni_kawahara2023;Thespieus_dalman_kawahara2023;Thespieus_ethemides_mydata;Thespieus_macareus_kawahara2023;Vacerra_bonfilius_kawahara2023;Vernia_verna_kawahara2023;Vernia_verna_ncbi;Wallengrenia_egeremet_ncbi;Wallengrenia_otho_ncbi;Wallengrenia_otho_otho_kawahara2023;Wallengrenia_premnas_kawahara2023;Xeniades_orchamus_kawahara2023		Appia_appia_kawahara2023;Atalopedes_campestris_kawahara2023;Atrytonopsis_edwardsi_kawahara2023;Atrytonopsis_hianna_hianna_ncbi;Atrytonopsis_hianna_kawahara2023;Cobaloides_argus_kawahara2023;Conga_chydaea_kawahara2023;Conga_zela_kawahara2023;Evansiella_cordela_kawahara2023;Hesperia_attalus_slossonae_ncbi;Hesperia_balcones_ncbi;Hesperia_colorado_sublima_ncbi;Hesperia_comma_kawahara2023;Hesperia_comma_ncbi;Hesperia_dacotae_ncbi;Hesperia_meskei_kawahara2023;Hesperia_meskei_straton_ncbi;Hesperia_nevada_nevada_ncbi;Hesperia_pahaska_williamsi_ncbi;Hesperia_viridis_ncbi;Hesperia_woodgatei_ncbi;Hylephila_phyleus_ncbi;Lon_zabulon_kawahara2023;Nyctelius_nyctelius_kawahara2023;Ochlodes_bouddha_mydata;Ochlodes_sylvanoides_omnigena_kawahara2023;Ochlodes_sylvanus_ncbi;Ochlodes_thibetana_mydata;Oligoria_maculata_kawahara2023;Parachoranthus_magdalia_kawahara2023;Paratrytone_snowi_kawahara2023;Polites_baracoa_baracoa_ncbi;Polites_carus_ncbi;Polites_draco_ncbi;Polites_mardon_ncbi;Polites_mystic_mydata;Polites_origenes_origenes_mydata;Polites_peckius_peckius_ncbi;Polites_rhesus_ncbi;Polites_sabuleti_sabuleti_ncbi;Polites_sonora_mydata;Polites_themistocles_turneri_ncbi;Polites_vibex_kawahara2023;Polites_vibex_praeceps_ncbi;Pompeius_amblyspila_ncbi;Pompeius_pompeius_kawahara2023;Pompeius_pompeius_ncbi;Pseudocopaeodes_eunus_kawahara2023;Stinga_morrisoni_kawahara2023;Thespieus_dalman_kawahara2023;Thespieus_ethemides_mydata;Thespieus_macareus_kawahara2023;Vacerra_bonfilius_kawahara2023;Vernia_verna_kawahara2023;Vernia_verna_ncbi;Wallengrenia_egeremet_ncbi;Wallengrenia_otho_ncbi;Wallengrenia_otho_otho_kawahara2023;Wallengrenia_premnas_kawahara2023;Xeniades_orchamus_kawahara2023
Amblyscirtes_Notamblyscirtes	N0624	99.8/100	retained_internal_node	Amblyscirtes_simius_kawahara2023;Anatrytone_logan_kawahara2023;Appia_appia_kawahara2023;Atalopedes_campestris_kawahara2023;Atrytone_arogos_iowa_kawahara2023;Atrytonopsis_edwardsi_kawahara2023;Atrytonopsis_hianna_hianna_ncbi;Atrytonopsis_hianna_kawahara2023;Buzyges_idothea_kawahara2023;Cobaloides_argus_kawahara2023;Conga_chydaea_kawahara2023;Conga_zela_kawahara2023;Decinea_decinea_kawahara2023;Evansiella_cordela_kawahara2023;Hesperia_attalus_slossonae_ncbi;Hesperia_balcones_ncbi;Hesperia_colorado_sublima_ncbi;Hesperia_comma_kawahara2023;Hesperia_comma_ncbi;Hesperia_dacotae_ncbi;Hesperia_meskei_kawahara2023;Hesperia_meskei_straton_ncbi;Hesperia_nevada_nevada_ncbi;Hesperia_pahaska_williamsi_ncbi;Hesperia_viridis_ncbi;Hesperia_woodgatei_ncbi;Hylephila_phyleus_ncbi;Librita_librita_kawahara2023;Lon_zabulon_kawahara2023;Nyctelius_nyctelius_kawahara2023;Ochlodes_bouddha_mydata;Ochlodes_sylvanoides_omnigena_kawahara2023;Ochlodes_sylvanus_ncbi;Ochlodes_thibetana_mydata;Oligoria_maculata_kawahara2023;Onespa_gala_kawahara2023;Parachoranthus_magdalia_kawahara2023;Paratrytone_snowi_kawahara2023;Polites_baracoa_baracoa_ncbi;Polites_carus_ncbi;Polites_draco_ncbi;Polites_mardon_ncbi;Polites_mystic_mydata;Polites_origenes_origenes_mydata;Polites_peckius_peckius_ncbi;Polites_rhesus_ncbi;Polites_sabuleti_sabuleti_ncbi;Polites_sonora_mydata;Polites_themistocles_turneri_ncbi;Polites_vibex_kawahara2023;Polites_vibex_praeceps_ncbi;Pompeius_amblyspila_ncbi;Pompeius_pompeius_kawahara2023;Pompeius_pompeius_ncbi;Problema_byssus_kawahara2023;Pseudocopaeodes_eunus_kawahara2023;Quasimellana_antipazina_kawahara2023;Stinga_morrisoni_kawahara2023;Thespieus_dalman_kawahara2023;Thespieus_ethemides_mydata;Thespieus_macareus_kawahara2023;Tirynthia_conflua_kawahara2023;Vacerra_bonfilius_kawahara2023;Vernia_verna_kawahara2023;Vernia_verna_ncbi;Wallengrenia_egeremet_ncbi;Wallengrenia_otho_ncbi;Wallengrenia_otho_otho_kawahara2023;Wallengrenia_premnas_kawahara2023;Xeniades_orchamus_kawahara2023;Zariaspes_mys_kawahara2023	Amblyscirtes_simius_kawahara2023	Anatrytone_logan_kawahara2023;Appia_appia_kawahara2023;Atalopedes_campestris_kawahara2023;Atrytone_arogos_iowa_kawahara2023;Atrytonopsis_edwardsi_kawahara2023;Atrytonopsis_hianna_hianna_ncbi;Atrytonopsis_hianna_kawahara2023;Buzyges_idothea_kawahara2023;Cobaloides_argus_kawahara2023;Conga_chydaea_kawahara2023;Conga_zela_kawahara2023;Decinea_decinea_kawahara2023;Evansiella_cordela_kawahara2023;Hesperia_attalus_slossonae_ncbi;Hesperia_balcones_ncbi;Hesperia_colorado_sublima_ncbi;Hesperia_comma_kawahara2023;Hesperia_comma_ncbi;Hesperia_dacotae_ncbi;Hesperia_meskei_kawahara2023;Hesperia_meskei_straton_ncbi;Hesperia_nevada_nevada_ncbi;Hesperia_pahaska_williamsi_ncbi;Hesperia_viridis_ncbi;Hesperia_woodgatei_ncbi;Hylephila_phyleus_ncbi;Librita_librita_kawahara2023;Lon_zabulon_kawahara2023;Nyctelius_nyctelius_kawahara2023;Ochlodes_bouddha_mydata;Ochlodes_sylvanoides_omnigena_kawahara2023;Ochlodes_sylvanus_ncbi;Ochlodes_thibetana_mydata;Oligoria_maculata_kawahara2023;Onespa_gala_kawahara2023;Parachoranthus_magdalia_kawahara2023;Paratrytone_snowi_kawahara2023;Polites_baracoa_baracoa_ncbi;Polites_carus_ncbi;Polites_draco_ncbi;Polites_mardon_ncbi;Polites_mystic_mydata;Polites_origenes_origenes_mydata;Polites_peckius_peckius_ncbi;Polites_rhesus_ncbi;Polites_sabuleti_sabuleti_ncbi;Polites_sonora_mydata;Polites_themistocles_turneri_ncbi;Polites_vibex_kawahara2023;Polites_vibex_praeceps_ncbi;Pompeius_amblyspila_ncbi;Pompeius_pompeius_kawahara2023;Pompeius_pompeius_ncbi;Problema_byssus_kawahara2023;Pseudocopaeodes_eunus_kawahara2023;Quasimellana_antipazina_kawahara2023;Stinga_morrisoni_kawahara2023;Thespieus_dalman_kawahara2023;Thespieus_ethemides_mydata;Thespieus_macareus_kawahara2023;Tirynthia_conflua_kawahara2023;Vacerra_bonfilius_kawahara2023;Vernia_verna_kawahara2023;Vernia_verna_ncbi;Wallengrenia_egeremet_ncbi;Wallengrenia_otho_ncbi;Wallengrenia_otho_otho_kawahara2023;Wallengrenia_premnas_kawahara2023;Xeniades_orchamus_kawahara2023;Zariaspes_mys_kawahara2023
Amblyscirtes_Notamblyscirtes	N0588	100/100	retained_internal_node	Amblyscirtes_simius_kawahara2023;Anatrytone_logan_kawahara2023;Appia_appia_kawahara2023;Arotis_derasa_brunnea_kawahara2023;Atalopedes_campestris_kawahara2023;Atrytone_arogos_iowa_kawahara2023;Atrytonopsis_edwardsi_kawahara2023;Atrytonopsis_hianna_hianna_ncbi;Atrytonopsis_hianna_kawahara2023;Buzyges_idothea_kawahara2023;Chalcone_briquenydan_chalcone_kawahara2023;Cobaloides_argus_kawahara2023;Conga_chydaea_kawahara2023;Conga_zela_kawahara2023;Cyclosma_sp._kawahara2023;Decinea_decinea_kawahara2023;Euphyes_arpa_kawahara2023;Euphyes_dion_kawahara2023;Evansiella_cordela_kawahara2023;Hansa_devergens_hydra_kawahara2023;Hesperia_attalus_slossonae_ncbi;Hesperia_balcones_ncbi;Hesperia_colorado_sublima_ncbi;Hesperia_comma_kawahara2023;Hesperia_comma_ncbi;Hesperia_dacotae_ncbi;Hesperia_meskei_kawahara2023;Hesperia_meskei_straton_ncbi;Hesperia_nevada_nevada_ncbi;Hesperia_pahaska_williamsi_ncbi;Hesperia_viridis_ncbi;Hesperia_woodgatei_ncbi;Hylephila_phyleus_ncbi;Libra_aligula_aligula_kawahara2023;Librita_librita_kawahara2023;Lindra_brasus_kawahara2023;Lon_zabulon_kawahara2023;Metron_oropa_kawahara2023;Mnaseas_bicolor_kawahara2023;Notamblyscirtes_simius_ncbi;Nyctelius_nyctelius_kawahara2023;Ochlodes_bouddha_mydata;Ochlodes_sylvanoides_omnigena_kawahara2023;Ochlodes_sylvanus_ncbi;Ochlodes_thibetana_mydata;Oligoria_maculata_kawahara2023;Onespa_gala_kawahara2023;Orthos_trinka_kawahara2023;Oxynthes_corusca_kawahara2023;Papias_trimacula_kawahara2023;Parachoranthus_magdalia_kawahara2023;Paratrytone_snowi_kawahara2023;Phemiades_pohli_cidra_kawahara2023;Polites_baracoa_baracoa_ncbi;Polites_carus_ncbi;Polites_draco_ncbi;Polites_mardon_ncbi;Polites_mystic_mydata;Polites_origenes_origenes_mydata;Polites_peckius_peckius_ncbi;Polites_rhesus_ncbi;Polites_sabuleti_sabuleti_ncbi;Polites_sonora_mydata;Polites_themistocles_turneri_ncbi;Polites_vibex_kawahara2023;Polites_vibex_praeceps_ncbi;Pompeius_amblyspila_ncbi;Pompeius_pompeius_kawahara2023;Pompeius_pompeius_ncbi;Problema_byssus_kawahara2023;Propertius_dejongi_kawahara2023;Pseudocopaeodes_eunus_kawahara2023;Quasimellana_antipazina_kawahara2023;Serdis_viridicans_kawahara2023;Stinga_morrisoni_kawahara2023;Thespieus_dalman_kawahara2023;Thespieus_ethemides_mydata;Thespieus_macareus_kawahara2023;Tirynthia_conflua_kawahara2023;Tirynthoides_lotana_kawahara2023;Vacerra_bonfilius_kawahara2023;Vernia_verna_kawahara2023;Vernia_verna_ncbi;Wallengrenia_egeremet_ncbi;Wallengrenia_otho_ncbi;Wallengrenia_otho_otho_kawahara2023;Wallengrenia_premnas_kawahara2023;Xeniades_orchamus_kawahara2023;Zariaspes_mys_kawahara2023	Amblyscirtes_simius_kawahara2023;Notamblyscirtes_simius_ncbi	Anatrytone_logan_kawahara2023;Appia_appia_kawahara2023;Arotis_derasa_brunnea_kawahara2023;Atalopedes_campestris_kawahara2023;Atrytone_arogos_iowa_kawahara2023;Atrytonopsis_edwardsi_kawahara2023;Atrytonopsis_hianna_hianna_ncbi;Atrytonopsis_hianna_kawahara2023;Buzyges_idothea_kawahara2023;Chalcone_briquenydan_chalcone_kawahara2023;Cobaloides_argus_kawahara2023;Conga_chydaea_kawahara2023;Conga_zela_kawahara2023;Cyclosma_sp._kawahara2023;Decinea_decinea_kawahara2023;Euphyes_arpa_kawahara2023;Euphyes_dion_kawahara2023;Evansiella_cordela_kawahara2023;Hansa_devergens_hydra_kawahara2023;Hesperia_attalus_slossonae_ncbi;Hesperia_balcones_ncbi;Hesperia_colorado_sublima_ncbi;Hesperia_comma_kawahara2023;Hesperia_comma_ncbi;Hesperia_dacotae_ncbi;Hesperia_meskei_kawahara2023;Hesperia_meskei_straton_ncbi;Hesperia_nevada_nevada_ncbi;Hesperia_pahaska_williamsi_ncbi;Hesperia_viridis_ncbi;Hesperia_woodgatei_ncbi;Hylephila_phyleus_ncbi;Libra_aligula_aligula_kawahara2023;Librita_librita_kawahara2023;Lindra_brasus_kawahara2023;Lon_zabulon_kawahara2023;Metron_oropa_kawahara2023;Mnaseas_bicolor_kawahara2023;Nyctelius_nyctelius_kawahara2023;Ochlodes_bouddha_mydata;Ochlodes_sylvanoides_omnigena_kawahara2023;Ochlodes_sylvanus_ncbi;Ochlodes_thibetana_mydata;Oligoria_maculata_kawahara2023;Onespa_gala_kawahara2023;Orthos_trinka_kawahara2023;Oxynthes_corusca_kawahara2023;Papias_trimacula_kawahara2023;Parachoranthus_magdalia_kawahara2023;Paratrytone_snowi_kawahara2023;Phemiades_pohli_cidra_kawahara2023;Polites_baracoa_baracoa_ncbi;Polites_carus_ncbi;Polites_draco_ncbi;Polites_mardon_ncbi;Polites_mystic_mydata;Polites_origenes_origenes_mydata;Polites_peckius_peckius_ncbi;Polites_rhesus_ncbi;Polites_sabuleti_sabuleti_ncbi;Polites_sonora_mydata;Polites_themistocles_turneri_ncbi;Polites_vibex_kawahara2023;Polites_vibex_praeceps_ncbi;Pompeius_amblyspila_ncbi;Pompeius_pompeius_kawahara2023;Pompeius_pompeius_ncbi;Problema_byssus_kawahara2023;Propertius_dejongi_kawahara2023;Pseudocopaeodes_eunus_kawahara2023;Quasimellana_antipazina_kawahara2023;Serdis_viridicans_kawahara2023;Stinga_morrisoni_kawahara2023;Thespieus_dalman_kawahara2023;Thespieus_ethemides_mydata;Thespieus_macareus_kawahara2023;Tirynthia_conflua_kawahara2023;Tirynthoides_lotana_kawahara2023;Vacerra_bonfilius_kawahara2023;Vernia_verna_kawahara2023;Vernia_verna_ncbi;Wallengrenia_egeremet_ncbi;Wallengrenia_otho_ncbi;Wallengrenia_otho_otho_kawahara2023;Wallengrenia_premnas_kawahara2023;Xeniades_orchamus_kawahara2023;Zariaspes_mys_kawahara2023
Amblyscirtes_Notamblyscirtes	N0552	82/84	retained_internal_node	Adopaeoides_prittwitzi_kawahara2023;Amblyscirtes_simius_kawahara2023;Anatrytone_logan_kawahara2023;Ancyloxypha_numitor_kawahara2023;Apaustus_gracilis_kawahara2023;Appia_appia_kawahara2023;Arotis_derasa_brunnea_kawahara2023;Atalopedes_campestris_kawahara2023;Atrytone_arogos_iowa_kawahara2023;Atrytonopsis_edwardsi_kawahara2023;Atrytonopsis_hianna_hianna_ncbi;Atrytonopsis_hianna_kawahara2023;Buzyges_idothea_kawahara2023;Calpodes_ethlius_kawahara2023;Calpodes_ethlius_ncbi;Chalcone_briquenydan_chalcone_kawahara2023;Cobaloides_argus_kawahara2023;Conga_chydaea_kawahara2023;Conga_zela_kawahara2023;Copaeodes_aurantiaca_kawahara2023;Copaeodes_aurantiaca_ncbi;Cyclosma_sp._kawahara2023;Decinea_decinea_kawahara2023;Euphyes_arpa_kawahara2023;Euphyes_dion_kawahara2023;Evansiella_cordela_kawahara2023;Hansa_devergens_hydra_kawahara2023;Hesperia_attalus_slossonae_ncbi;Hesperia_balcones_ncbi;Hesperia_colorado_sublima_ncbi;Hesperia_comma_kawahara2023;Hesperia_comma_ncbi;Hesperia_dacotae_ncbi;Hesperia_meskei_kawahara2023;Hesperia_meskei_straton_ncbi;Hesperia_nevada_nevada_ncbi;Hesperia_pahaska_williamsi_ncbi;Hesperia_viridis_ncbi;Hesperia_woodgatei_ncbi;Hylephila_phyleus_ncbi;Libra_aligula_aligula_kawahara2023;Librita_librita_kawahara2023;Lindra_brasus_kawahara2023;Lon_zabulon_kawahara2023;Metron_oropa_kawahara2023;Mnaseas_bicolor_kawahara2023;Notamblyscirtes_simius_ncbi;Nyctelius_nyctelius_kawahara2023;Oarisma_garita_kawahara2023;Oarisma_garita_ncbi;Oarisma_powesheik_ncbi;Ochlodes_bouddha_mydata;Ochlodes_sylvanoides_omnigena_kawahara2023;Ochlodes_sylvanus_ncbi;Ochlodes_thibetana_mydata;Oligoria_maculata_kawahara2023;Onespa_gala_kawahara2023;Orthos_trinka_kawahara2023;Oxynthes_corusca_kawahara2023;Panoquina_ocola_ocola_kawahara2023;Panoquina_ocola_ocola_ncbi;Panoquina_panoquin_kawahara2023;Papias_trimacula_kawahara2023;Parachoranthus_magdalia_kawahara2023;Paratrytone_snowi_kawahara2023;Phemiades_pohli_cidra_kawahara2023;Polites_baracoa_baracoa_ncbi;Polites_carus_ncbi;Polites_draco_ncbi;Polites_mardon_ncbi;Polites_mystic_mydata;Polites_origenes_origenes_mydata;Polites_peckius_peckius_ncbi;Polites_rhesus_ncbi;Polites_sabuleti_sabuleti_ncbi;Polites_sonora_mydata;Polites_themistocles_turneri_ncbi;Polites_vibex_kawahara2023;Polites_vibex_praeceps_ncbi;Pompeius_amblyspila_ncbi;Pompeius_pompeius_kawahara2023;Pompeius_pompeius_ncbi;Problema_byssus_kawahara2023;Propertius_dejongi_kawahara2023;Pseudocopaeodes_eunus_kawahara2023;Quasimellana_antipazina_kawahara2023;Saliana_esperi_kawahara2023;Serdis_viridicans_kawahara2023;Stinga_morrisoni_kawahara2023;Thespieus_dalman_kawahara2023;Thespieus_ethemides_mydata;Thespieus_macareus_kawahara2023;Thymelicus_lineola_kawahara2023;Thymelicus_lineola_ncbi;Thymelicus_sylvestris_ncbi;Tirynthia_conflua_kawahara2023;Tirynthoides_lotana_kawahara2023;Vacerra_bonfilius_kawahara2023;Vernia_verna_kawahara2023;Vernia_verna_ncbi;Wallengrenia_egeremet_ncbi;Wallengrenia_otho_ncbi;Wallengrenia_otho_otho_kawahara2023;Wallengrenia_premnas_kawahara2023;Xeniades_orchamus_kawahara2023;Zariaspes_mys_kawahara2023;Zenis_jebus_kawahara2023	Amblyscirtes_simius_kawahara2023;Notamblyscirtes_simius_ncbi	Adopaeoides_prittwitzi_kawahara2023;Anatrytone_logan_kawahara2023;Ancyloxypha_numitor_kawahara2023;Apaustus_gracilis_kawahara2023;Appia_appia_kawahara2023;Arotis_derasa_brunnea_kawahara2023;Atalopedes_campestris_kawahara2023;Atrytone_arogos_iowa_kawahara2023;Atrytonopsis_edwardsi_kawahara2023;Atrytonopsis_hianna_hianna_ncbi;Atrytonopsis_hianna_kawahara2023;Buzyges_idothea_kawahara2023;Calpodes_ethlius_kawahara2023;Calpodes_ethlius_ncbi;Chalcone_briquenydan_chalcone_kawahara2023;Cobaloides_argus_kawahara2023;Conga_chydaea_kawahara2023;Conga_zela_kawahara2023;Copaeodes_aurantiaca_kawahara2023;Copaeodes_aurantiaca_ncbi;Cyclosma_sp._kawahara2023;Decinea_decinea_kawahara2023;Euphyes_arpa_kawahara2023;Euphyes_dion_kawahara2023;Evansiella_cordela_kawahara2023;Hansa_devergens_hydra_kawahara2023;Hesperia_attalus_slossonae_ncbi;Hesperia_balcones_ncbi;Hesperia_colorado_sublima_ncbi;Hesperia_comma_kawahara2023;Hesperia_comma_ncbi;Hesperia_dacotae_ncbi;Hesperia_meskei_kawahara2023;Hesperia_meskei_straton_ncbi;Hesperia_nevada_nevada_ncbi;Hesperia_pahaska_williamsi_ncbi;Hesperia_viridis_ncbi;Hesperia_woodgatei_ncbi;Hylephila_phyleus_ncbi;Libra_aligula_aligula_kawahara2023;Librita_librita_kawahara2023;Lindra_brasus_kawahara2023;Lon_zabulon_kawahara2023;Metron_oropa_kawahara2023;Mnaseas_bicolor_kawahara2023;Nyctelius_nyctelius_kawahara2023;Oarisma_garita_kawahara2023;Oarisma_garita_ncbi;Oarisma_powesheik_ncbi;Ochlodes_bouddha_mydata;Ochlodes_sylvanoides_omnigena_kawahara2023;Ochlodes_sylvanus_ncbi;Ochlodes_thibetana_mydata;Oligoria_maculata_kawahara2023;Onespa_gala_kawahara2023;Orthos_trinka_kawahara2023;Oxynthes_corusca_kawahara2023;Panoquina_ocola_ocola_kawahara2023;Panoquina_ocola_ocola_ncbi;Panoquina_panoquin_kawahara2023;Papias_trimacula_kawahara2023;Parachoranthus_magdalia_kawahara2023;Paratrytone_snowi_kawahara2023;Phemiades_pohli_cidra_kawahara2023;Polites_baracoa_baracoa_ncbi;Polites_carus_ncbi;Polites_draco_ncbi;Polites_mardon_ncbi;Polites_mystic_mydata;Polites_origenes_origenes_mydata;Polites_peckius_peckius_ncbi;Polites_rhesus_ncbi;Polites_sabuleti_sabuleti_ncbi;Polites_sonora_mydata;Polites_themistocles_turneri_ncbi;Polites_vibex_kawahara2023;Polites_vibex_praeceps_ncbi;Pompeius_amblyspila_ncbi;Pompeius_pompeius_kawahara2023;Pompeius_pompeius_ncbi;Problema_byssus_kawahara2023;Propertius_dejongi_kawahara2023;Pseudocopaeodes_eunus_kawahara2023;Quasimellana_antipazina_kawahara2023;Saliana_esperi_kawahara2023;Serdis_viridicans_kawahara2023;Stinga_morrisoni_kawahara2023;Thespieus_dalman_kawahara2023;Thespieus_ethemides_mydata;Thespieus_macareus_kawahara2023;Thymelicus_lineola_kawahara2023;Thymelicus_lineola_ncbi;Thymelicus_sylvestris_ncbi;Tirynthia_conflua_kawahara2023;Tirynthoides_lotana_kawahara2023;Vacerra_bonfilius_kawahara2023;Vernia_verna_kawahara2023;Vernia_verna_ncbi;Wallengrenia_egeremet_ncbi;Wallengrenia_otho_ncbi;Wallengrenia_otho_otho_kawahara2023;Wallengrenia_premnas_kawahara2023;Xeniades_orchamus_kawahara2023;Zariaspes_mys_kawahara2023;Zenis_jebus_kawahara2023
Amblyscirtes_Notamblyscirtes	N0766	99.3/98	collapsible_background_clade	Anthoptus_epictetus_kawahara2023;Anthoptus_insignis_kawahara2023;Anthoptus_insignis_ncbi;Anthoptus_sp._kawahara2023;Asbolis_capucinus_kawahara2023;Asbolis_capucinus_ncbi;Choranthus_haitensis_kawahara2023;Choranthus_radians_kawahara2023;Choranthus_vitellius_ncbi;Corticea_corticea_kawahara2023;Falga_jeconia_kawahara2023;Flaccilla_aecas_kawahara2023;Methion_melas_kawahara2023;Methionopsis_ina_kawahara2023;Miltomiges_cinnamomea_kawahara2023;Mnasinous_patage_kawahara2023;Propapias_sipariana_kawahara2023;Pyrrhocalles_antiqua_antiqua_kawahara2023;Racta_chiria_kawahara2023;Racta_sp._kawahara2023;Synapte_salenus_salenus_kawahara2023;Synapte_silius_kawahara2023;Thargella_evansi_kawahara2023;Turesis_theste_kawahara2023		Anthoptus_epictetus_kawahara2023;Anthoptus_insignis_kawahara2023;Anthoptus_insignis_ncbi;Anthoptus_sp._kawahara2023;Asbolis_capucinus_kawahara2023;Asbolis_capucinus_ncbi;Choranthus_haitensis_kawahara2023;Choranthus_radians_kawahara2023;Choranthus_vitellius_ncbi;Corticea_corticea_kawahara2023;Falga_jeconia_kawahara2023;Flaccilla_aecas_kawahara2023;Methion_melas_kawahara2023;Methionopsis_ina_kawahara2023;Miltomiges_cinnamomea_kawahara2023;Mnasinous_patage_kawahara2023;Propapias_sipariana_kawahara2023;Pyrrhocalles_antiqua_antiqua_kawahara2023;Racta_chiria_kawahara2023;Racta_sp._kawahara2023;Synapte_salenus_salenus_kawahara2023;Synapte_silius_kawahara2023;Thargella_evansi_kawahara2023;Turesis_theste_kawahara2023
Amblyscirtes_Notamblyscirtes	N0814	100/100	collapsible_background_clade	Pamba_boyaca_kawahara2023;Psoralis_stacara_kawahara2023;Saniba_sabina_kawahara2023;Styriodes_quadrinotata_kawahara2023		Pamba_boyaca_kawahara2023;Psoralis_stacara_kawahara2023;Saniba_sabina_kawahara2023;Styriodes_quadrinotata_kawahara2023
Amblyscirtes_Notamblyscirtes	N0822	100/100	collapsible_background_clade	Adlerodea_petrovna_kawahara2023;Alychna_victa_kawahara2023;Alychna_victa_ncbi;Mucia_zygia_kawahara2023;Wahydra_kenava_kawahara2023;Wahydra_kenava_ncbi;Wahydra_sp._kawahara2023		Adlerodea_petrovna_kawahara2023;Alychna_victa_kawahara2023;Alychna_victa_ncbi;Mucia_zygia_kawahara2023;Wahydra_kenava_kawahara2023;Wahydra_kenava_ncbi;Wahydra_sp._kawahara2023
Amblyscirtes_Notamblyscirtes	N0836	100/100	collapsible_background_clade	Cynea_cynea_kawahara2023;Cynea_diluta_kawahara2023;Gallio_carasta_kawahara2023;Halotus_rica_kawahara2023;Joanna_joanna_kawahara2023;Moeris_striga_striga_kawahara2023;Neoxeniades_braesia_kawahara2023;Niconiades_incomptus_kawahara2023;Niconiades_incomptus_ncbi;Niconiades_xanthaphes_kawahara2023;Onophas_columbaria_kawahara2023;Paracarystus_hypargyra_kawahara2023;Punta_punta_kawahara2023;Quinta_cannae_kawahara2023;Rhinthon_cubana_kawahara2023;Thoon_modius_kawahara2023;Tigasis_arita_kawahara2023;Tricrista_advena_kawahara2023;Vinius_letis_kawahara2023		Cynea_cynea_kawahara2023;Cynea_diluta_kawahara2023;Gallio_carasta_kawahara2023;Halotus_rica_kawahara2023;Joanna_joanna_kawahara2023;Moeris_striga_striga_kawahara2023;Neoxeniades_braesia_kawahara2023;Niconiades_incomptus_kawahara2023;Niconiades_incomptus_ncbi;Niconiades_xanthaphes_kawahara2023;Onophas_columbaria_kawahara2023;Paracarystus_hypargyra_kawahara2023;Punta_punta_kawahara2023;Quinta_cannae_kawahara2023;Rhinthon_cubana_kawahara2023;Thoon_modius_kawahara2023;Tigasis_arita_kawahara2023;Tricrista_advena_kawahara2023;Vinius_letis_kawahara2023
Amblyscirtes_Notamblyscirtes	N0875	100/100	collapsible_background_clade	Mnasicles_geta_kawahara2023;Remella_rita_kawahara2023		Mnasicles_geta_kawahara2023;Remella_rita_kawahara2023
Amblyscirtes_Notamblyscirtes	N0879		focal_tip	Amblyscirtes_florus_kawahara2023	Amblyscirtes_florus_kawahara2023	
Amblyscirtes_Notamblyscirtes	N0881		focal_tip	Amblyscirtes_elissa_ncbi	Amblyscirtes_elissa_ncbi	
Amblyscirtes_Notamblyscirtes	N0883		focal_tip	Amblyscirtes_eos_kawahara2023	Amblyscirtes_eos_kawahara2023	
Amblyscirtes_Notamblyscirtes	N0885		focal_tip	Amblyscirtes_celia_ncbi	Amblyscirtes_celia_ncbi	
Amblyscirtes_Notamblyscirtes	N0886		focal_tip	Amblyscirtes_belli_ncbi	Amblyscirtes_belli_ncbi	
Amblyscirtes_Notamblyscirtes	N0884	100/100	retained_internal_node	Amblyscirtes_belli_ncbi;Amblyscirtes_celia_ncbi	Amblyscirtes_belli_ncbi;Amblyscirtes_celia_ncbi	
Amblyscirtes_Notamblyscirtes	N0882	100/100	retained_internal_node	Amblyscirtes_belli_ncbi;Amblyscirtes_celia_ncbi;Amblyscirtes_eos_kawahara2023	Amblyscirtes_belli_ncbi;Amblyscirtes_celia_ncbi;Amblyscirtes_eos_kawahara2023	
Amblyscirtes_Notamblyscirtes	N0880	100/100	retained_internal_node	Amblyscirtes_belli_ncbi;Amblyscirtes_celia_ncbi;Amblyscirtes_elissa_ncbi;Amblyscirtes_eos_kawahara2023	Amblyscirtes_belli_ncbi;Amblyscirtes_celia_ncbi;Amblyscirtes_elissa_ncbi;Amblyscirtes_eos_kawahara2023	
Amblyscirtes_Notamblyscirtes	N0878	100/100	retained_internal_node	Amblyscirtes_belli_ncbi;Amblyscirtes_celia_ncbi;Amblyscirtes_elissa_ncbi;Amblyscirtes_eos_kawahara2023;Amblyscirtes_florus_kawahara2023	Amblyscirtes_belli_ncbi;Amblyscirtes_celia_ncbi;Amblyscirtes_elissa_ncbi;Amblyscirtes_eos_kawahara2023;Amblyscirtes_florus_kawahara2023	
Amblyscirtes_Notamblyscirtes	N0874	100/100	retained_internal_node	Amblyscirtes_belli_ncbi;Amblyscirtes_celia_ncbi;Amblyscirtes_elissa_ncbi;Amblyscirtes_eos_kawahara2023;Amblyscirtes_florus_kawahara2023;Mnasicles_geta_kawahara2023;Remella_rita_kawahara2023	Amblyscirtes_belli_ncbi;Amblyscirtes_celia_ncbi;Amblyscirtes_elissa_ncbi;Amblyscirtes_eos_kawahara2023;Amblyscirtes_florus_kawahara2023	Mnasicles_geta_kawahara2023;Remella_rita_kawahara2023
Amblyscirtes_Notamblyscirtes	N0887	83/74	collapsible_background_clade	Artines_rica_kawahara2023;Callimormus_radiola_kawahara2023;Cantha_calva_kawahara2023;Cobalopsis_miaba_kawahara2023;Cumbre_cumbre_kawahara2023;Cymaenes_tripunctata_kawahara2023;Dion_gemmatus_kawahara2023;Duroca_duroca_duroca_ncbi;Duroca_duroca_kawahara2023;Enosis_sp._kawahara2023;Eprius_veleda_kawahara2023;Eutocus_sp._kawahara2023;Eutychide_physcella_kawahara2023;Ginungagapus_fiedleri_kawahara2023;Ginungagapus_ranesus_kawahara2023;Lamponia_lamponia_kawahara2023;Lento_lento_kawahara2023;Lerema_accius_kawahara2023;Lerema_lineosa_ncbi;Lerema_liris_ncbi;Lerodea_eufala_kawahara2023;Levina_levina_kawahara2023;Lucida_lucia_kawahara2023;Lychnuchus_celsus_kawahara2023;Misius_misius_kawahara2023;Mnasilus_allubita_kawahara2023;Mnasitheus_chrysophrys_kawahara2023;Mnestheus_ittona_kawahara2023;Molla_molla_kawahara2023;Monca_branca_kawahara2023;Morys_compta_kawahara2023;Naevolus_orius_kawahara2023;Nastra_julia_kawahara2023;Nastra_julia_ncbi;Panca_subpunctuli_kawahara2023;Papias_subcostulata_kawahara2023;Parphorus_storax_s._kawahara2023;Phanes_abaris_kawahara2023;Pheraeus_odilia_argus_kawahara2023;Rigga_hesia_kawahara2023;Rufocumbre_eberti_kawahara2023;Saturnus_metonidia_kawahara2023;Sodalia_sodalis_kawahara2023;Troyus_aurelius_ncbi;Troyus_diversus_maeon_ncbi;Troyus_fantasos_ncbi;Troyus_marcus_ncbi;Vehilius_celeus_kawahara2023;Venas_evans_kawahara2023;Vettius_lafrenaye_kawahara2023;Vidius_catarinae_kawahara2023;Virga_austrinus_kawahara2023		Artines_rica_kawahara2023;Callimormus_radiola_kawahara2023;Cantha_calva_kawahara2023;Cobalopsis_miaba_kawahara2023;Cumbre_cumbre_kawahara2023;Cymaenes_tripunctata_kawahara2023;Dion_gemmatus_kawahara2023;Duroca_duroca_duroca_ncbi;Duroca_duroca_kawahara2023;Enosis_sp._kawahara2023;Eprius_veleda_kawahara2023;Eutocus_sp._kawahara2023;Eutychide_physcella_kawahara2023;Ginungagapus_fiedleri_kawahara2023;Ginungagapus_ranesus_kawahara2023;Lamponia_lamponia_kawahara2023;Lento_lento_kawahara2023;Lerema_accius_kawahara2023;Lerema_lineosa_ncbi;Lerema_liris_ncbi;Lerodea_eufala_kawahara2023;Levina_levina_kawahara2023;Lucida_lucia_kawahara2023;Lychnuchus_celsus_kawahara2023;Misius_misius_kawahara2023;Mnasilus_allubita_kawahara2023;Mnasitheus_chrysophrys_kawahara2023;Mnestheus_ittona_kawahara2023;Molla_molla_kawahara2023;Monca_branca_kawahara2023;Morys_compta_kawahara2023;Naevolus_orius_kawahara2023;Nastra_julia_kawahara2023;Nastra_julia_ncbi;Panca_subpunctuli_kawahara2023;Papias_subcostulata_kawahara2023;Parphorus_storax_s._kawahara2023;Phanes_abaris_kawahara2023;Pheraeus_odilia_argus_kawahara2023;Rigga_hesia_kawahara2023;Rufocumbre_eberti_kawahara2023;Saturnus_metonidia_kawahara2023;Sodalia_sodalis_kawahara2023;Troyus_aurelius_ncbi;Troyus_diversus_maeon_ncbi;Troyus_fantasos_ncbi;Troyus_marcus_ncbi;Vehilius_celeus_kawahara2023;Venas_evans_kawahara2023;Vettius_lafrenaye_kawahara2023;Vidius_catarinae_kawahara2023;Virga_austrinus_kawahara2023
Amblyscirtes_Notamblyscirtes	N0873	100/100	retained_internal_node	Amblyscirtes_belli_ncbi;Amblyscirtes_celia_ncbi;Amblyscirtes_elissa_ncbi;Amblyscirtes_eos_kawahara2023;Amblyscirtes_florus_kawahara2023;Artines_rica_kawahara2023;Callimormus_radiola_kawahara2023;Cantha_calva_kawahara2023;Cobalopsis_miaba_kawahara2023;Cumbre_cumbre_kawahara2023;Cymaenes_tripunctata_kawahara2023;Dion_gemmatus_kawahara2023;Duroca_duroca_duroca_ncbi;Duroca_duroca_kawahara2023;Enosis_sp._kawahara2023;Eprius_veleda_kawahara2023;Eutocus_sp._kawahara2023;Eutychide_physcella_kawahara2023;Ginungagapus_fiedleri_kawahara2023;Ginungagapus_ranesus_kawahara2023;Lamponia_lamponia_kawahara2023;Lento_lento_kawahara2023;Lerema_accius_kawahara2023;Lerema_lineosa_ncbi;Lerema_liris_ncbi;Lerodea_eufala_kawahara2023;Levina_levina_kawahara2023;Lucida_lucia_kawahara2023;Lychnuchus_celsus_kawahara2023;Misius_misius_kawahara2023;Mnasicles_geta_kawahara2023;Mnasilus_allubita_kawahara2023;Mnasitheus_chrysophrys_kawahara2023;Mnestheus_ittona_kawahara2023;Molla_molla_kawahara2023;Monca_branca_kawahara2023;Morys_compta_kawahara2023;Naevolus_orius_kawahara2023;Nastra_julia_kawahara2023;Nastra_julia_ncbi;Panca_subpunctuli_kawahara2023;Papias_subcostulata_kawahara2023;Parphorus_storax_s._kawahara2023;Phanes_abaris_kawahara2023;Pheraeus_odilia_argus_kawahara2023;Remella_rita_kawahara2023;Rigga_hesia_kawahara2023;Rufocumbre_eberti_kawahara2023;Saturnus_metonidia_kawahara2023;Sodalia_sodalis_kawahara2023;Troyus_aurelius_ncbi;Troyus_diversus_maeon_ncbi;Troyus_fantasos_ncbi;Troyus_marcus_ncbi;Vehilius_celeus_kawahara2023;Venas_evans_kawahara2023;Vettius_lafrenaye_kawahara2023;Vidius_catarinae_kawahara2023;Virga_austrinus_kawahara2023	Amblyscirtes_belli_ncbi;Amblyscirtes_celia_ncbi;Amblyscirtes_elissa_ncbi;Amblyscirtes_eos_kawahara2023;Amblyscirtes_florus_kawahara2023	Artines_rica_kawahara2023;Callimormus_radiola_kawahara2023;Cantha_calva_kawahara2023;Cobalopsis_miaba_kawahara2023;Cumbre_cumbre_kawahara2023;Cymaenes_tripunctata_kawahara2023;Dion_gemmatus_kawahara2023;Duroca_duroca_duroca_ncbi;Duroca_duroca_kawahara2023;Enosis_sp._kawahara2023;Eprius_veleda_kawahara2023;Eutocus_sp._kawahara2023;Eutychide_physcella_kawahara2023;Ginungagapus_fiedleri_kawahara2023;Ginungagapus_ranesus_kawahara2023;Lamponia_lamponia_kawahara2023;Lento_lento_kawahara2023;Lerema_accius_kawahara2023;Lerema_lineosa_ncbi;Lerema_liris_ncbi;Lerodea_eufala_kawahara2023;Levina_levina_kawahara2023;Lucida_lucia_kawahara2023;Lychnuchus_celsus_kawahara2023;Misius_misius_kawahara2023;Mnasicles_geta_kawahara2023;Mnasilus_allubita_kawahara2023;Mnasitheus_chrysophrys_kawahara2023;Mnestheus_ittona_kawahara2023;Molla_molla_kawahara2023;Monca_branca_kawahara2023;Morys_compta_kawahara2023;Naevolus_orius_kawahara2023;Nastra_julia_kawahara2023;Nastra_julia_ncbi;Panca_subpunctuli_kawahara2023;Papias_subcostulata_kawahara2023;Parphorus_storax_s._kawahara2023;Phanes_abaris_kawahara2023;Pheraeus_odilia_argus_kawahara2023;Remella_rita_kawahara2023;Rigga_hesia_kawahara2023;Rufocumbre_eberti_kawahara2023;Saturnus_metonidia_kawahara2023;Sodalia_sodalis_kawahara2023;Troyus_aurelius_ncbi;Troyus_diversus_maeon_ncbi;Troyus_fantasos_ncbi;Troyus_marcus_ncbi;Vehilius_celeus_kawahara2023;Venas_evans_kawahara2023;Vettius_lafrenaye_kawahara2023;Vidius_catarinae_kawahara2023;Virga_austrinus_kawahara2023
Amblyscirtes_Notamblyscirtes	N0835	82/83	retained_internal_node	Amblyscirtes_belli_ncbi;Amblyscirtes_celia_ncbi;Amblyscirtes_elissa_ncbi;Amblyscirtes_eos_kawahara2023;Amblyscirtes_florus_kawahara2023;Artines_rica_kawahara2023;Callimormus_radiola_kawahara2023;Cantha_calva_kawahara2023;Cobalopsis_miaba_kawahara2023;Cumbre_cumbre_kawahara2023;Cymaenes_tripunctata_kawahara2023;Cynea_cynea_kawahara2023;Cynea_diluta_kawahara2023;Dion_gemmatus_kawahara2023;Duroca_duroca_duroca_ncbi;Duroca_duroca_kawahara2023;Enosis_sp._kawahara2023;Eprius_veleda_kawahara2023;Eutocus_sp._kawahara2023;Eutychide_physcella_kawahara2023;Gallio_carasta_kawahara2023;Ginungagapus_fiedleri_kawahara2023;Ginungagapus_ranesus_kawahara2023;Halotus_rica_kawahara2023;Joanna_joanna_kawahara2023;Lamponia_lamponia_kawahara2023;Lento_lento_kawahara2023;Lerema_accius_kawahara2023;Lerema_lineosa_ncbi;Lerema_liris_ncbi;Lerodea_eufala_kawahara2023;Levina_levina_kawahara2023;Lucida_lucia_kawahara2023;Lychnuchus_celsus_kawahara2023;Misius_misius_kawahara2023;Mnasicles_geta_kawahara2023;Mnasilus_allubita_kawahara2023;Mnasitheus_chrysophrys_kawahara2023;Mnestheus_ittona_kawahara2023;Moeris_striga_striga_kawahara2023;Molla_molla_kawahara2023;Monca_branca_kawahara2023;Morys_compta_kawahara2023;Naevolus_orius_kawahara2023;Nastra_julia_kawahara2023;Nastra_julia_ncbi;Neoxeniades_braesia_kawahara2023;Niconiades_incomptus_kawahara2023;Niconiades_incomptus_ncbi;Niconiades_xanthaphes_kawahara2023;Onophas_columbaria_kawahara2023;Panca_subpunctuli_kawahara2023;Papias_subcostulata_kawahara2023;Paracarystus_hypargyra_kawahara2023;Parphorus_storax_s._kawahara2023;Phanes_abaris_kawahara2023;Pheraeus_odilia_argus_kawahara2023;Punta_punta_kawahara2023;Quinta_cannae_kawahara2023;Remella_rita_kawahara2023;Rhinthon_cubana_kawahara2023;Rigga_hesia_kawahara2023;Rufocumbre_eberti_kawahara2023;Saturnus_metonidia_kawahara2023;Sodalia_sodalis_kawahara2023;Thoon_modius_kawahara2023;Tigasis_arita_kawahara2023;Tricrista_advena_kawahara2023;Troyus_aurelius_ncbi;Troyus_diversus_maeon_ncbi;Troyus_fantasos_ncbi;Troyus_marcus_ncbi;Vehilius_celeus_kawahara2023;Venas_evans_kawahara2023;Vettius_lafrenaye_kawahara2023;Vidius_catarinae_kawahara2023;Vinius_letis_kawahara2023;Virga_austrinus_kawahara2023	Amblyscirtes_belli_ncbi;Amblyscirtes_celia_ncbi;Amblyscirtes_elissa_ncbi;Amblyscirtes_eos_kawahara2023;Amblyscirtes_florus_kawahara2023	Artines_rica_kawahara2023;Callimormus_radiola_kawahara2023;Cantha_calva_kawahara2023;Cobalopsis_miaba_kawahara2023;Cumbre_cumbre_kawahara2023;Cymaenes_tripunctata_kawahara2023;Cynea_cynea_kawahara2023;Cynea_diluta_kawahara2023;Dion_gemmatus_kawahara2023;Duroca_duroca_duroca_ncbi;Duroca_duroca_kawahara2023;Enosis_sp._kawahara2023;Eprius_veleda_kawahara2023;Eutocus_sp._kawahara2023;Eutychide_physcella_kawahara2023;Gallio_carasta_kawahara2023;Ginungagapus_fiedleri_kawahara2023;Ginungagapus_ranesus_kawahara2023;Halotus_rica_kawahara2023;Joanna_joanna_kawahara2023;Lamponia_lamponia_kawahara2023;Lento_lento_kawahara2023;Lerema_accius_kawahara2023;Lerema_lineosa_ncbi;Lerema_liris_ncbi;Lerodea_eufala_kawahara2023;Levina_levina_kawahara2023;Lucida_lucia_kawahara2023;Lychnuchus_celsus_kawahara2023;Misius_misius_kawahara2023;Mnasicles_geta_kawahara2023;Mnasilus_allubita_kawahara2023;Mnasitheus_chrysophrys_kawahara2023;Mnestheus_ittona_kawahara2023;Moeris_striga_striga_kawahara2023;Molla_molla_kawahara2023;Monca_branca_kawahara2023;Morys_compta_kawahara2023;Naevolus_orius_kawahara2023;Nastra_julia_kawahara2023;Nastra_julia_ncbi;Neoxeniades_braesia_kawahara2023;Niconiades_incomptus_kawahara2023;Niconiades_incomptus_ncbi;Niconiades_xanthaphes_kawahara2023;Onophas_columbaria_kawahara2023;Panca_subpunctuli_kawahara2023;Papias_subcostulata_kawahara2023;Paracarystus_hypargyra_kawahara2023;Parphorus_storax_s._kawahara2023;Phanes_abaris_kawahara2023;Pheraeus_odilia_argus_kawahara2023;Punta_punta_kawahara2023;Quinta_cannae_kawahara2023;Remella_rita_kawahara2023;Rhinthon_cubana_kawahara2023;Rigga_hesia_kawahara2023;Rufocumbre_eberti_kawahara2023;Saturnus_metonidia_kawahara2023;Sodalia_sodalis_kawahara2023;Thoon_modius_kawahara2023;Tigasis_arita_kawahara2023;Tricrista_advena_kawahara2023;Troyus_aurelius_ncbi;Troyus_diversus_maeon_ncbi;Troyus_fantasos_ncbi;Troyus_marcus_ncbi;Vehilius_celeus_kawahara2023;Venas_evans_kawahara2023;Vettius_lafrenaye_kawahara2023;Vidius_catarinae_kawahara2023;Vinius_letis_kawahara2023;Virga_austrinus_kawahara2023
Amblyscirtes_Notamblyscirtes	N0821	100/100	retained_internal_node	Adlerodea_petrovna_kawahara2023;Alychna_victa_kawahara2023;Alychna_victa_ncbi;Amblyscirtes_belli_ncbi;Amblyscirtes_celia_ncbi;Amblyscirtes_elissa_ncbi;Amblyscirtes_eos_kawahara2023;Amblyscirtes_florus_kawahara2023;Artines_rica_kawahara2023;Callimormus_radiola_kawahara2023;Cantha_calva_kawahara2023;Cobalopsis_miaba_kawahara2023;Cumbre_cumbre_kawahara2023;Cymaenes_tripunctata_kawahara2023;Cynea_cynea_kawahara2023;Cynea_diluta_kawahara2023;Dion_gemmatus_kawahara2023;Duroca_duroca_duroca_ncbi;Duroca_duroca_kawahara2023;Enosis_sp._kawahara2023;Eprius_veleda_kawahara2023;Eutocus_sp._kawahara2023;Eutychide_physcella_kawahara2023;Gallio_carasta_kawahara2023;Ginungagapus_fiedleri_kawahara2023;Ginungagapus_ranesus_kawahara2023;Halotus_rica_kawahara2023;Joanna_joanna_kawahara2023;Lamponia_lamponia_kawahara2023;Lento_lento_kawahara2023;Lerema_accius_kawahara2023;Lerema_lineosa_ncbi;Lerema_liris_ncbi;Lerodea_eufala_kawahara2023;Levina_levina_kawahara2023;Lucida_lucia_kawahara2023;Lychnuchus_celsus_kawahara2023;Misius_misius_kawahara2023;Mnasicles_geta_kawahara2023;Mnasilus_allubita_kawahara2023;Mnasitheus_chrysophrys_kawahara2023;Mnestheus_ittona_kawahara2023;Moeris_striga_striga_kawahara2023;Molla_molla_kawahara2023;Monca_branca_kawahara2023;Morys_compta_kawahara2023;Mucia_zygia_kawahara2023;Naevolus_orius_kawahara2023;Nastra_julia_kawahara2023;Nastra_julia_ncbi;Neoxeniades_braesia_kawahara2023;Niconiades_incomptus_kawahara2023;Niconiades_incomptus_ncbi;Niconiades_xanthaphes_kawahara2023;Onophas_columbaria_kawahara2023;Panca_subpunctuli_kawahara2023;Papias_subcostulata_kawahara2023;Paracarystus_hypargyra_kawahara2023;Parphorus_storax_s._kawahara2023;Phanes_abaris_kawahara2023;Pheraeus_odilia_argus_kawahara2023;Punta_punta_kawahara2023;Quinta_cannae_kawahara2023;Remella_rita_kawahara2023;Rhinthon_cubana_kawahara2023;Rigga_hesia_kawahara2023;Rufocumbre_eberti_kawahara2023;Saturnus_metonidia_kawahara2023;Sodalia_sodalis_kawahara2023;Thoon_modius_kawahara2023;Tigasis_arita_kawahara2023;Tricrista_advena_kawahara2023;Troyus_aurelius_ncbi;Troyus_diversus_maeon_ncbi;Troyus_fantasos_ncbi;Troyus_marcus_ncbi;Vehilius_celeus_kawahara2023;Venas_evans_kawahara2023;Vettius_lafrenaye_kawahara2023;Vidius_catarinae_kawahara2023;Vinius_letis_kawahara2023;Virga_austrinus_kawahara2023;Wahydra_kenava_kawahara2023;Wahydra_kenava_ncbi;Wahydra_sp._kawahara2023	Amblyscirtes_belli_ncbi;Amblyscirtes_celia_ncbi;Amblyscirtes_elissa_ncbi;Amblyscirtes_eos_kawahara2023;Amblyscirtes_florus_kawahara2023	Adlerodea_petrovna_kawahara2023;Alychna_victa_kawahara2023;Alychna_victa_ncbi;Artines_rica_kawahara2023;Callimormus_radiola_kawahara2023;Cantha_calva_kawahara2023;Cobalopsis_miaba_kawahara2023;Cumbre_cumbre_kawahara2023;Cymaenes_tripunctata_kawahara2023;Cynea_cynea_kawahara2023;Cynea_diluta_kawahara2023;Dion_gemmatus_kawahara2023;Duroca_duroca_duroca_ncbi;Duroca_duroca_kawahara2023;Enosis_sp._kawahara2023;Eprius_veleda_kawahara2023;Eutocus_sp._kawahara2023;Eutychide_physcella_kawahara2023;Gallio_carasta_kawahara2023;Ginungagapus_fiedleri_kawahara2023;Ginungagapus_ranesus_kawahara2023;Halotus_rica_kawahara2023;Joanna_joanna_kawahara2023;Lamponia_lamponia_kawahara2023;Lento_lento_kawahara2023;Lerema_accius_kawahara2023;Lerema_lineosa_ncbi;Lerema_liris_ncbi;Lerodea_eufala_kawahara2023;Levina_levina_kawahara2023;Lucida_lucia_kawahara2023;Lychnuchus_celsus_kawahara2023;Misius_misius_kawahara2023;Mnasicles_geta_kawahara2023;Mnasilus_allubita_kawahara2023;Mnasitheus_chrysophrys_kawahara2023;Mnestheus_ittona_kawahara2023;Moeris_striga_striga_kawahara2023;Molla_molla_kawahara2023;Monca_branca_kawahara2023;Morys_compta_kawahara2023;Mucia_zygia_kawahara2023;Naevolus_orius_kawahara2023;Nastra_julia_kawahara2023;Nastra_julia_ncbi;Neoxeniades_braesia_kawahara2023;Niconiades_incomptus_kawahara2023;Niconiades_incomptus_ncbi;Niconiades_xanthaphes_kawahara2023;Onophas_columbaria_kawahara2023;Panca_subpunctuli_kawahara2023;Papias_subcostulata_kawahara2023;Paracarystus_hypargyra_kawahara2023;Parphorus_storax_s._kawahara2023;Phanes_abaris_kawahara2023;Pheraeus_odilia_argus_kawahara2023;Punta_punta_kawahara2023;Quinta_cannae_kawahara2023;Remella_rita_kawahara2023;Rhinthon_cubana_kawahara2023;Rigga_hesia_kawahara2023;Rufocumbre_eberti_kawahara2023;Saturnus_metonidia_kawahara2023;Sodalia_sodalis_kawahara2023;Thoon_modius_kawahara2023;Tigasis_arita_kawahara2023;Tricrista_advena_kawahara2023;Troyus_aurelius_ncbi;Troyus_diversus_maeon_ncbi;Troyus_fantasos_ncbi;Troyus_marcus_ncbi;Vehilius_celeus_kawahara2023;Venas_evans_kawahara2023;Vettius_lafrenaye_kawahara2023;Vidius_catarinae_kawahara2023;Vinius_letis_kawahara2023;Virga_austrinus_kawahara2023;Wahydra_kenava_kawahara2023;Wahydra_kenava_ncbi;Wahydra_sp._kawahara2023
Amblyscirtes_Notamblyscirtes	N0813	100/100	retained_internal_node	Adlerodea_petrovna_kawahara2023;Alychna_victa_kawahara2023;Alychna_victa_ncbi;Amblyscirtes_belli_ncbi;Amblyscirtes_celia_ncbi;Amblyscirtes_elissa_ncbi;Amblyscirtes_eos_kawahara2023;Amblyscirtes_florus_kawahara2023;Artines_rica_kawahara2023;Callimormus_radiola_kawahara2023;Cantha_calva_kawahara2023;Cobalopsis_miaba_kawahara2023;Cumbre_cumbre_kawahara2023;Cymaenes_tripunctata_kawahara2023;Cynea_cynea_kawahara2023;Cynea_diluta_kawahara2023;Dion_gemmatus_kawahara2023;Duroca_duroca_duroca_ncbi;Duroca_duroca_kawahara2023;Enosis_sp._kawahara2023;Eprius_veleda_kawahara2023;Eutocus_sp._kawahara2023;Eutychide_physcella_kawahara2023;Gallio_carasta_kawahara2023;Ginungagapus_fiedleri_kawahara2023;Ginungagapus_ranesus_kawahara2023;Halotus_rica_kawahara2023;Joanna_joanna_kawahara2023;Lamponia_lamponia_kawahara2023;Lento_lento_kawahara2023;Lerema_accius_kawahara2023;Lerema_lineosa_ncbi;Lerema_liris_ncbi;Lerodea_eufala_kawahara2023;Levina_levina_kawahara2023;Lucida_lucia_kawahara2023;Lychnuchus_celsus_kawahara2023;Misius_misius_kawahara2023;Mnasicles_geta_kawahara2023;Mnasilus_allubita_kawahara2023;Mnasitheus_chrysophrys_kawahara2023;Mnestheus_ittona_kawahara2023;Moeris_striga_striga_kawahara2023;Molla_molla_kawahara2023;Monca_branca_kawahara2023;Morys_compta_kawahara2023;Mucia_zygia_kawahara2023;Naevolus_orius_kawahara2023;Nastra_julia_kawahara2023;Nastra_julia_ncbi;Neoxeniades_braesia_kawahara2023;Niconiades_incomptus_kawahara2023;Niconiades_incomptus_ncbi;Niconiades_xanthaphes_kawahara2023;Onophas_columbaria_kawahara2023;Pamba_boyaca_kawahara2023;Panca_subpunctuli_kawahara2023;Papias_subcostulata_kawahara2023;Paracarystus_hypargyra_kawahara2023;Parphorus_storax_s._kawahara2023;Phanes_abaris_kawahara2023;Pheraeus_odilia_argus_kawahara2023;Psoralis_stacara_kawahara2023;Punta_punta_kawahara2023;Quinta_cannae_kawahara2023;Remella_rita_kawahara2023;Rhinthon_cubana_kawahara2023;Rigga_hesia_kawahara2023;Rufocumbre_eberti_kawahara2023;Saniba_sabina_kawahara2023;Saturnus_metonidia_kawahara2023;Sodalia_sodalis_kawahara2023;Styriodes_quadrinotata_kawahara2023;Thoon_modius_kawahara2023;Tigasis_arita_kawahara2023;Tricrista_advena_kawahara2023;Troyus_aurelius_ncbi;Troyus_diversus_maeon_ncbi;Troyus_fantasos_ncbi;Troyus_marcus_ncbi;Vehilius_celeus_kawahara2023;Venas_evans_kawahara2023;Vettius_lafrenaye_kawahara2023;Vidius_catarinae_kawahara2023;Vinius_letis_kawahara2023;Virga_austrinus_kawahara2023;Wahydra_kenava_kawahara2023;Wahydra_kenava_ncbi;Wahydra_sp._kawahara2023	Amblyscirtes_belli_ncbi;Amblyscirtes_celia_ncbi;Amblyscirtes_elissa_ncbi;Amblyscirtes_eos_kawahara2023;Amblyscirtes_florus_kawahara2023	Adlerodea_petrovna_kawahara2023;Alychna_victa_kawahara2023;Alychna_victa_ncbi;Artines_rica_kawahara2023;Callimormus_radiola_kawahara2023;Cantha_calva_kawahara2023;Cobalopsis_miaba_kawahara2023;Cumbre_cumbre_kawahara2023;Cymaenes_tripunctata_kawahara2023;Cynea_cynea_kawahara2023;Cynea_diluta_kawahara2023;Dion_gemmatus_kawahara2023;Duroca_duroca_duroca_ncbi;Duroca_duroca_kawahara2023;Enosis_sp._kawahara2023;Eprius_veleda_kawahara2023;Eutocus_sp._kawahara2023;Eutychide_physcella_kawahara2023;Gallio_carasta_kawahara2023;Ginungagapus_fiedleri_kawahara2023;Ginungagapus_ranesus_kawahara2023;Halotus_rica_kawahara2023;Joanna_joanna_kawahara2023;Lamponia_lamponia_kawahara2023;Lento_lento_kawahara2023;Lerema_accius_kawahara2023;Lerema_lineosa_ncbi;Lerema_liris_ncbi;Lerodea_eufala_kawahara2023;Levina_levina_kawahara2023;Lucida_lucia_kawahara2023;Lychnuchus_celsus_kawahara2023;Misius_misius_kawahara2023;Mnasicles_geta_kawahara2023;Mnasilus_allubita_kawahara2023;Mnasitheus_chrysophrys_kawahara2023;Mnestheus_ittona_kawahara2023;Moeris_striga_striga_kawahara2023;Molla_molla_kawahara2023;Monca_branca_kawahara2023;Morys_compta_kawahara2023;Mucia_zygia_kawahara2023;Naevolus_orius_kawahara2023;Nastra_julia_kawahara2023;Nastra_julia_ncbi;Neoxeniades_braesia_kawahara2023;Niconiades_incomptus_kawahara2023;Niconiades_incomptus_ncbi;Niconiades_xanthaphes_kawahara2023;Onophas_columbaria_kawahara2023;Pamba_boyaca_kawahara2023;Panca_subpunctuli_kawahara2023;Papias_subcostulata_kawahara2023;Paracarystus_hypargyra_kawahara2023;Parphorus_storax_s._kawahara2023;Phanes_abaris_kawahara2023;Pheraeus_odilia_argus_kawahara2023;Psoralis_stacara_kawahara2023;Punta_punta_kawahara2023;Quinta_cannae_kawahara2023;Remella_rita_kawahara2023;Rhinthon_cubana_kawahara2023;Rigga_hesia_kawahara2023;Rufocumbre_eberti_kawahara2023;Saniba_sabina_kawahara2023;Saturnus_metonidia_kawahara2023;Sodalia_sodalis_kawahara2023;Styriodes_quadrinotata_kawahara2023;Thoon_modius_kawahara2023;Tigasis_arita_kawahara2023;Tricrista_advena_kawahara2023;Troyus_aurelius_ncbi;Troyus_diversus_maeon_ncbi;Troyus_fantasos_ncbi;Troyus_marcus_ncbi;Vehilius_celeus_kawahara2023;Venas_evans_kawahara2023;Vettius_lafrenaye_kawahara2023;Vidius_catarinae_kawahara2023;Vinius_letis_kawahara2023;Virga_austrinus_kawahara2023;Wahydra_kenava_kawahara2023;Wahydra_kenava_ncbi;Wahydra_sp._kawahara2023
Amblyscirtes_Notamblyscirtes	N0765	100/100	retained_internal_node	Adlerodea_petrovna_kawahara2023;Alychna_victa_kawahara2023;Alychna_victa_ncbi;Amblyscirtes_belli_ncbi;Amblyscirtes_celia_ncbi;Amblyscirtes_elissa_ncbi;Amblyscirtes_eos_kawahara2023;Amblyscirtes_florus_kawahara2023;Anthoptus_epictetus_kawahara2023;Anthoptus_insignis_kawahara2023;Anthoptus_insignis_ncbi;Anthoptus_sp._kawahara2023;Artines_rica_kawahara2023;Asbolis_capucinus_kawahara2023;Asbolis_capucinus_ncbi;Callimormus_radiola_kawahara2023;Cantha_calva_kawahara2023;Choranthus_haitensis_kawahara2023;Choranthus_radians_kawahara2023;Choranthus_vitellius_ncbi;Cobalopsis_miaba_kawahara2023;Corticea_corticea_kawahara2023;Cumbre_cumbre_kawahara2023;Cymaenes_tripunctata_kawahara2023;Cynea_cynea_kawahara2023;Cynea_diluta_kawahara2023;Dion_gemmatus_kawahara2023;Duroca_duroca_duroca_ncbi;Duroca_duroca_kawahara2023;Enosis_sp._kawahara2023;Eprius_veleda_kawahara2023;Eutocus_sp._kawahara2023;Eutychide_physcella_kawahara2023;Falga_jeconia_kawahara2023;Flaccilla_aecas_kawahara2023;Gallio_carasta_kawahara2023;Ginungagapus_fiedleri_kawahara2023;Ginungagapus_ranesus_kawahara2023;Halotus_rica_kawahara2023;Joanna_joanna_kawahara2023;Lamponia_lamponia_kawahara2023;Lento_lento_kawahara2023;Lerema_accius_kawahara2023;Lerema_lineosa_ncbi;Lerema_liris_ncbi;Lerodea_eufala_kawahara2023;Levina_levina_kawahara2023;Lucida_lucia_kawahara2023;Lychnuchus_celsus_kawahara2023;Methion_melas_kawahara2023;Methionopsis_ina_kawahara2023;Miltomiges_cinnamomea_kawahara2023;Misius_misius_kawahara2023;Mnasicles_geta_kawahara2023;Mnasilus_allubita_kawahara2023;Mnasinous_patage_kawahara2023;Mnasitheus_chrysophrys_kawahara2023;Mnestheus_ittona_kawahara2023;Moeris_striga_striga_kawahara2023;Molla_molla_kawahara2023;Monca_branca_kawahara2023;Morys_compta_kawahara2023;Mucia_zygia_kawahara2023;Naevolus_orius_kawahara2023;Nastra_julia_kawahara2023;Nastra_julia_ncbi;Neoxeniades_braesia_kawahara2023;Niconiades_incomptus_kawahara2023;Niconiades_incomptus_ncbi;Niconiades_xanthaphes_kawahara2023;Onophas_columbaria_kawahara2023;Pamba_boyaca_kawahara2023;Panca_subpunctuli_kawahara2023;Papias_subcostulata_kawahara2023;Paracarystus_hypargyra_kawahara2023;Parphorus_storax_s._kawahara2023;Phanes_abaris_kawahara2023;Pheraeus_odilia_argus_kawahara2023;Propapias_sipariana_kawahara2023;Psoralis_stacara_kawahara2023;Punta_punta_kawahara2023;Pyrrhocalles_antiqua_antiqua_kawahara2023;Quinta_cannae_kawahara2023;Racta_chiria_kawahara2023;Racta_sp._kawahara2023;Remella_rita_kawahara2023;Rhinthon_cubana_kawahara2023;Rigga_hesia_kawahara2023;Rufocumbre_eberti_kawahara2023;Saniba_sabina_kawahara2023;Saturnus_metonidia_kawahara2023;Sodalia_sodalis_kawahara2023;Styriodes_quadrinotata_kawahara2023;Synapte_salenus_salenus_kawahara2023;Synapte_silius_kawahara2023;Thargella_evansi_kawahara2023;Thoon_modius_kawahara2023;Tigasis_arita_kawahara2023;Tricrista_advena_kawahara2023;Troyus_aurelius_ncbi;Troyus_diversus_maeon_ncbi;Troyus_fantasos_ncbi;Troyus_marcus_ncbi;Turesis_theste_kawahara2023;Vehilius_celeus_kawahara2023;Venas_evans_kawahara2023;Vettius_lafrenaye_kawahara2023;Vidius_catarinae_kawahara2023;Vinius_letis_kawahara2023;Virga_austrinus_kawahara2023;Wahydra_kenava_kawahara2023;Wahydra_kenava_ncbi;Wahydra_sp._kawahara2023	Amblyscirtes_belli_ncbi;Amblyscirtes_celia_ncbi;Amblyscirtes_elissa_ncbi;Amblyscirtes_eos_kawahara2023;Amblyscirtes_florus_kawahara2023	Adlerodea_petrovna_kawahara2023;Alychna_victa_kawahara2023;Alychna_victa_ncbi;Anthoptus_epictetus_kawahara2023;Anthoptus_insignis_kawahara2023;Anthoptus_insignis_ncbi;Anthoptus_sp._kawahara2023;Artines_rica_kawahara2023;Asbolis_capucinus_kawahara2023;Asbolis_capucinus_ncbi;Callimormus_radiola_kawahara2023;Cantha_calva_kawahara2023;Choranthus_haitensis_kawahara2023;Choranthus_radians_kawahara2023;Choranthus_vitellius_ncbi;Cobalopsis_miaba_kawahara2023;Corticea_corticea_kawahara2023;Cumbre_cumbre_kawahara2023;Cymaenes_tripunctata_kawahara2023;Cynea_cynea_kawahara2023;Cynea_diluta_kawahara2023;Dion_gemmatus_kawahara2023;Duroca_duroca_duroca_ncbi;Duroca_duroca_kawahara2023;Enosis_sp._kawahara2023;Eprius_veleda_kawahara2023;Eutocus_sp._kawahara2023;Eutychide_physcella_kawahara2023;Falga_jeconia_kawahara2023;Flaccilla_aecas_kawahara2023;Gallio_carasta_kawahara2023;Ginungagapus_fiedleri_kawahara2023;Ginungagapus_ranesus_kawahara2023;Halotus_rica_kawahara2023;Joanna_joanna_kawahara2023;Lamponia_lamponia_kawahara2023;Lento_lento_kawahara2023;Lerema_accius_kawahara2023;Lerema_lineosa_ncbi;Lerema_liris_ncbi;Lerodea_eufala_kawahara2023;Levina_levina_kawahara2023;Lucida_lucia_kawahara2023;Lychnuchus_celsus_kawahara2023;Methion_melas_kawahara2023;Methionopsis_ina_kawahara2023;Miltomiges_cinnamomea_kawahara2023;Misius_misius_kawahara2023;Mnasicles_geta_kawahara2023;Mnasilus_allubita_kawahara2023;Mnasinous_patage_kawahara2023;Mnasitheus_chrysophrys_kawahara2023;Mnestheus_ittona_kawahara2023;Moeris_striga_striga_kawahara2023;Molla_molla_kawahara2023;Monca_branca_kawahara2023;Morys_compta_kawahara2023;Mucia_zygia_kawahara2023;Naevolus_orius_kawahara2023;Nastra_julia_kawahara2023;Nastra_julia_ncbi;Neoxeniades_braesia_kawahara2023;Niconiades_incomptus_kawahara2023;Niconiades_incomptus_ncbi;Niconiades_xanthaphes_kawahara2023;Onophas_columbaria_kawahara2023;Pamba_boyaca_kawahara2023;Panca_subpunctuli_kawahara2023;Papias_subcostulata_kawahara2023;Paracarystus_hypargyra_kawahara2023;Parphorus_storax_s._kawahara2023;Phanes_abaris_kawahara2023;Pheraeus_odilia_argus_kawahara2023;Propapias_sipariana_kawahara2023;Psoralis_stacara_kawahara2023;Punta_punta_kawahara2023;Pyrrhocalles_antiqua_antiqua_kawahara2023;Quinta_cannae_kawahara2023;Racta_chiria_kawahara2023;Racta_sp._kawahara2023;Remella_rita_kawahara2023;Rhinthon_cubana_kawahara2023;Rigga_hesia_kawahara2023;Rufocumbre_eberti_kawahara2023;Saniba_sabina_kawahara2023;Saturnus_metonidia_kawahara2023;Sodalia_sodalis_kawahara2023;Styriodes_quadrinotata_kawahara2023;Synapte_salenus_salenus_kawahara2023;Synapte_silius_kawahara2023;Thargella_evansi_kawahara2023;Thoon_modius_kawahara2023;Tigasis_arita_kawahara2023;Tricrista_advena_kawahara2023;Troyus_aurelius_ncbi;Troyus_diversus_maeon_ncbi;Troyus_fantasos_ncbi;Troyus_marcus_ncbi;Turesis_theste_kawahara2023;Vehilius_celeus_kawahara2023;Venas_evans_kawahara2023;Vettius_lafrenaye_kawahara2023;Vidius_catarinae_kawahara2023;Vinius_letis_kawahara2023;Virga_austrinus_kawahara2023;Wahydra_kenava_kawahara2023;Wahydra_kenava_ncbi;Wahydra_sp._kawahara2023
Amblyscirtes_Notamblyscirtes	N0551	100/100	retained_internal_node	Adlerodea_petrovna_kawahara2023;Adopaeoides_prittwitzi_kawahara2023;Alychna_victa_kawahara2023;Alychna_victa_ncbi;Amblyscirtes_belli_ncbi;Amblyscirtes_celia_ncbi;Amblyscirtes_elissa_ncbi;Amblyscirtes_eos_kawahara2023;Amblyscirtes_florus_kawahara2023;Amblyscirtes_simius_kawahara2023;Anatrytone_logan_kawahara2023;Ancyloxypha_numitor_kawahara2023;Anthoptus_epictetus_kawahara2023;Anthoptus_insignis_kawahara2023;Anthoptus_insignis_ncbi;Anthoptus_sp._kawahara2023;Apaustus_gracilis_kawahara2023;Appia_appia_kawahara2023;Arotis_derasa_brunnea_kawahara2023;Artines_rica_kawahara2023;Asbolis_capucinus_kawahara2023;Asbolis_capucinus_ncbi;Atalopedes_campestris_kawahara2023;Atrytone_arogos_iowa_kawahara2023;Atrytonopsis_edwardsi_kawahara2023;Atrytonopsis_hianna_hianna_ncbi;Atrytonopsis_hianna_kawahara2023;Buzyges_idothea_kawahara2023;Callimormus_radiola_kawahara2023;Calpodes_ethlius_kawahara2023;Calpodes_ethlius_ncbi;Cantha_calva_kawahara2023;Chalcone_briquenydan_chalcone_kawahara2023;Choranthus_haitensis_kawahara2023;Choranthus_radians_kawahara2023;Choranthus_vitellius_ncbi;Cobaloides_argus_kawahara2023;Cobalopsis_miaba_kawahara2023;Conga_chydaea_kawahara2023;Conga_zela_kawahara2023;Copaeodes_aurantiaca_kawahara2023;Copaeodes_aurantiaca_ncbi;Corticea_corticea_kawahara2023;Cumbre_cumbre_kawahara2023;Cyclosma_sp._kawahara2023;Cymaenes_tripunctata_kawahara2023;Cynea_cynea_kawahara2023;Cynea_diluta_kawahara2023;Decinea_decinea_kawahara2023;Dion_gemmatus_kawahara2023;Duroca_duroca_duroca_ncbi;Duroca_duroca_kawahara2023;Enosis_sp._kawahara2023;Eprius_veleda_kawahara2023;Euphyes_arpa_kawahara2023;Euphyes_dion_kawahara2023;Eutocus_sp._kawahara2023;Eutychide_physcella_kawahara2023;Evansiella_cordela_kawahara2023;Falga_jeconia_kawahara2023;Flaccilla_aecas_kawahara2023;Gallio_carasta_kawahara2023;Ginungagapus_fiedleri_kawahara2023;Ginungagapus_ranesus_kawahara2023;Halotus_rica_kawahara2023;Hansa_devergens_hydra_kawahara2023;Hesperia_attalus_slossonae_ncbi;Hesperia_balcones_ncbi;Hesperia_colorado_sublima_ncbi;Hesperia_comma_kawahara2023;Hesperia_comma_ncbi;Hesperia_dacotae_ncbi;Hesperia_meskei_kawahara2023;Hesperia_meskei_straton_ncbi;Hesperia_nevada_nevada_ncbi;Hesperia_pahaska_williamsi_ncbi;Hesperia_viridis_ncbi;Hesperia_woodgatei_ncbi;Hylephila_phyleus_ncbi;Joanna_joanna_kawahara2023;Lamponia_lamponia_kawahara2023;Lento_lento_kawahara2023;Lerema_accius_kawahara2023;Lerema_lineosa_ncbi;Lerema_liris_ncbi;Lerodea_eufala_kawahara2023;Levina_levina_kawahara2023;Libra_aligula_aligula_kawahara2023;Librita_librita_kawahara2023;Lindra_brasus_kawahara2023;Lon_zabulon_kawahara2023;Lucida_lucia_kawahara2023;Lychnuchus_celsus_kawahara2023;Methion_melas_kawahara2023;Methionopsis_ina_kawahara2023;Metron_oropa_kawahara2023;Miltomiges_cinnamomea_kawahara2023;Misius_misius_kawahara2023;Mnaseas_bicolor_kawahara2023;Mnasicles_geta_kawahara2023;Mnasilus_allubita_kawahara2023;Mnasinous_patage_kawahara2023;Mnasitheus_chrysophrys_kawahara2023;Mnestheus_ittona_kawahara2023;Moeris_striga_striga_kawahara2023;Molla_molla_kawahara2023;Monca_branca_kawahara2023;Morys_compta_kawahara2023;Mucia_zygia_kawahara2023;Naevolus_orius_kawahara2023;Nastra_julia_kawahara2023;Nastra_julia_ncbi;Neoxeniades_braesia_kawahara2023;Niconiades_incomptus_kawahara2023;Niconiades_incomptus_ncbi;Niconiades_xanthaphes_kawahara2023;Notamblyscirtes_simius_ncbi;Nyctelius_nyctelius_kawahara2023;Oarisma_garita_kawahara2023;Oarisma_garita_ncbi;Oarisma_powesheik_ncbi;Ochlodes_bouddha_mydata;Ochlodes_sylvanoides_omnigena_kawahara2023;Ochlodes_sylvanus_ncbi;Ochlodes_thibetana_mydata;Oligoria_maculata_kawahara2023;Onespa_gala_kawahara2023;Onophas_columbaria_kawahara2023;Orthos_trinka_kawahara2023;Oxynthes_corusca_kawahara2023;Pamba_boyaca_kawahara2023;Panca_subpunctuli_kawahara2023;Panoquina_ocola_ocola_kawahara2023;Panoquina_ocola_ocola_ncbi;Panoquina_panoquin_kawahara2023;Papias_subcostulata_kawahara2023;Papias_trimacula_kawahara2023;Paracarystus_hypargyra_kawahara2023;Parachoranthus_magdalia_kawahara2023;Paratrytone_snowi_kawahara2023;Parphorus_storax_s._kawahara2023;Phanes_abaris_kawahara2023;Phemiades_pohli_cidra_kawahara2023;Pheraeus_odilia_argus_kawahara2023;Polites_baracoa_baracoa_ncbi;Polites_carus_ncbi;Polites_draco_ncbi;Polites_mardon_ncbi;Polites_mystic_mydata;Polites_origenes_origenes_mydata;Polites_peckius_peckius_ncbi;Polites_rhesus_ncbi;Polites_sabuleti_sabuleti_ncbi;Polites_sonora_mydata;Polites_themistocles_turneri_ncbi;Polites_vibex_kawahara2023;Polites_vibex_praeceps_ncbi;Pompeius_amblyspila_ncbi;Pompeius_pompeius_kawahara2023;Pompeius_pompeius_ncbi;Problema_byssus_kawahara2023;Propapias_sipariana_kawahara2023;Propertius_dejongi_kawahara2023;Pseudocopaeodes_eunus_kawahara2023;Psoralis_stacara_kawahara2023;Punta_punta_kawahara2023;Pyrrhocalles_antiqua_antiqua_kawahara2023;Quasimellana_antipazina_kawahara2023;Quinta_cannae_kawahara2023;Racta_chiria_kawahara2023;Racta_sp._kawahara2023;Remella_rita_kawahara2023;Rhinthon_cubana_kawahara2023;Rigga_hesia_kawahara2023;Rufocumbre_eberti_kawahara2023;Saliana_esperi_kawahara2023;Saniba_sabina_kawahara2023;Saturnus_metonidia_kawahara2023;Serdis_viridicans_kawahara2023;Sodalia_sodalis_kawahara2023;Stinga_morrisoni_kawahara2023;Styriodes_quadrinotata_kawahara2023;Synapte_salenus_salenus_kawahara2023;Synapte_silius_kawahara2023;Thargella_evansi_kawahara2023;Thespieus_dalman_kawahara2023;Thespieus_ethemides_mydata;Thespieus_macareus_kawahara2023;Thoon_modius_kawahara2023;Thymelicus_lineola_kawahara2023;Thymelicus_lineola_ncbi;Thymelicus_sylvestris_ncbi;Tigasis_arita_kawahara2023;Tirynthia_conflua_kawahara2023;Tirynthoides_lotana_kawahara2023;Tricrista_advena_kawahara2023;Troyus_aurelius_ncbi;Troyus_diversus_maeon_ncbi;Troyus_fantasos_ncbi;Troyus_marcus_ncbi;Turesis_theste_kawahara2023;Vacerra_bonfilius_kawahara2023;Vehilius_celeus_kawahara2023;Venas_evans_kawahara2023;Vernia_verna_kawahara2023;Vernia_verna_ncbi;Vettius_lafrenaye_kawahara2023;Vidius_catarinae_kawahara2023;Vinius_letis_kawahara2023;Virga_austrinus_kawahara2023;Wahydra_kenava_kawahara2023;Wahydra_kenava_ncbi;Wahydra_sp._kawahara2023;Wallengrenia_egeremet_ncbi;Wallengrenia_otho_ncbi;Wallengrenia_otho_otho_kawahara2023;Wallengrenia_premnas_kawahara2023;Xeniades_orchamus_kawahara2023;Zariaspes_mys_kawahara2023;Zenis_jebus_kawahara2023	Amblyscirtes_belli_ncbi;Amblyscirtes_celia_ncbi;Amblyscirtes_elissa_ncbi;Amblyscirtes_eos_kawahara2023;Amblyscirtes_florus_kawahara2023;Amblyscirtes_simius_kawahara2023;Notamblyscirtes_simius_ncbi	Adlerodea_petrovna_kawahara2023;Adopaeoides_prittwitzi_kawahara2023;Alychna_victa_kawahara2023;Alychna_victa_ncbi;Anatrytone_logan_kawahara2023;Ancyloxypha_numitor_kawahara2023;Anthoptus_epictetus_kawahara2023;Anthoptus_insignis_kawahara2023;Anthoptus_insignis_ncbi;Anthoptus_sp._kawahara2023;Apaustus_gracilis_kawahara2023;Appia_appia_kawahara2023;Arotis_derasa_brunnea_kawahara2023;Artines_rica_kawahara2023;Asbolis_capucinus_kawahara2023;Asbolis_capucinus_ncbi;Atalopedes_campestris_kawahara2023;Atrytone_arogos_iowa_kawahara2023;Atrytonopsis_edwardsi_kawahara2023;Atrytonopsis_hianna_hianna_ncbi;Atrytonopsis_hianna_kawahara2023;Buzyges_idothea_kawahara2023;Callimormus_radiola_kawahara2023;Calpodes_ethlius_kawahara2023;Calpodes_ethlius_ncbi;Cantha_calva_kawahara2023;Chalcone_briquenydan_chalcone_kawahara2023;Choranthus_haitensis_kawahara2023;Choranthus_radians_kawahara2023;Choranthus_vitellius_ncbi;Cobaloides_argus_kawahara2023;Cobalopsis_miaba_kawahara2023;Conga_chydaea_kawahara2023;Conga_zela_kawahara2023;Copaeodes_aurantiaca_kawahara2023;Copaeodes_aurantiaca_ncbi;Corticea_corticea_kawahara2023;Cumbre_cumbre_kawahara2023;Cyclosma_sp._kawahara2023;Cymaenes_tripunctata_kawahara2023;Cynea_cynea_kawahara2023;Cynea_diluta_kawahara2023;Decinea_decinea_kawahara2023;Dion_gemmatus_kawahara2023;Duroca_duroca_duroca_ncbi;Duroca_duroca_kawahara2023;Enosis_sp._kawahara2023;Eprius_veleda_kawahara2023;Euphyes_arpa_kawahara2023;Euphyes_dion_kawahara2023;Eutocus_sp._kawahara2023;Eutychide_physcella_kawahara2023;Evansiella_cordela_kawahara2023;Falga_jeconia_kawahara2023;Flaccilla_aecas_kawahara2023;Gallio_carasta_kawahara2023;Ginungagapus_fiedleri_kawahara2023;Ginungagapus_ranesus_kawahara2023;Halotus_rica_kawahara2023;Hansa_devergens_hydra_kawahara2023;Hesperia_attalus_slossonae_ncbi;Hesperia_balcones_ncbi;Hesperia_colorado_sublima_ncbi;Hesperia_comma_kawahara2023;Hesperia_comma_ncbi;Hesperia_dacotae_ncbi;Hesperia_meskei_kawahara2023;Hesperia_meskei_straton_ncbi;Hesperia_nevada_nevada_ncbi;Hesperia_pahaska_williamsi_ncbi;Hesperia_viridis_ncbi;Hesperia_woodgatei_ncbi;Hylephila_phyleus_ncbi;Joanna_joanna_kawahara2023;Lamponia_lamponia_kawahara2023;Lento_lento_kawahara2023;Lerema_accius_kawahara2023;Lerema_lineosa_ncbi;Lerema_liris_ncbi;Lerodea_eufala_kawahara2023;Levina_levina_kawahara2023;Libra_aligula_aligula_kawahara2023;Librita_librita_kawahara2023;Lindra_brasus_kawahara2023;Lon_zabulon_kawahara2023;Lucida_lucia_kawahara2023;Lychnuchus_celsus_kawahara2023;Methion_melas_kawahara2023;Methionopsis_ina_kawahara2023;Metron_oropa_kawahara2023;Miltomiges_cinnamomea_kawahara2023;Misius_misius_kawahara2023;Mnaseas_bicolor_kawahara2023;Mnasicles_geta_kawahara2023;Mnasilus_allubita_kawahara2023;Mnasinous_patage_kawahara2023;Mnasitheus_chrysophrys_kawahara2023;Mnestheus_ittona_kawahara2023;Moeris_striga_striga_kawahara2023;Molla_molla_kawahara2023;Monca_branca_kawahara2023;Morys_compta_kawahara2023;Mucia_zygia_kawahara2023;Naevolus_orius_kawahara2023;Nastra_julia_kawahara2023;Nastra_julia_ncbi;Neoxeniades_braesia_kawahara2023;Niconiades_incomptus_kawahara2023;Niconiades_incomptus_ncbi;Niconiades_xanthaphes_kawahara2023;Nyctelius_nyctelius_kawahara2023;Oarisma_garita_kawahara2023;Oarisma_garita_ncbi;Oarisma_powesheik_ncbi;Ochlodes_bouddha_mydata;Ochlodes_sylvanoides_omnigena_kawahara2023;Ochlodes_sylvanus_ncbi;Ochlodes_thibetana_mydata;Oligoria_maculata_kawahara2023;Onespa_gala_kawahara2023;Onophas_columbaria_kawahara2023;Orthos_trinka_kawahara2023;Oxynthes_corusca_kawahara2023;Pamba_boyaca_kawahara2023;Panca_subpunctuli_kawahara2023;Panoquina_ocola_ocola_kawahara2023;Panoquina_ocola_ocola_ncbi;Panoquina_panoquin_kawahara2023;Papias_subcostulata_kawahara2023;Papias_trimacula_kawahara2023;Paracarystus_hypargyra_kawahara2023;Parachoranthus_magdalia_kawahara2023;Paratrytone_snowi_kawahara2023;Parphorus_storax_s._kawahara2023;Phanes_abaris_kawahara2023;Phemiades_pohli_cidra_kawahara2023;Pheraeus_odilia_argus_kawahara2023;Polites_baracoa_baracoa_ncbi;Polites_carus_ncbi;Polites_draco_ncbi;Polites_mardon_ncbi;Polites_mystic_mydata;Polites_origenes_origenes_mydata;Polites_peckius_peckius_ncbi;Polites_rhesus_ncbi;Polites_sabuleti_sabuleti_ncbi;Polites_sonora_mydata;Polites_themistocles_turneri_ncbi;Polites_vibex_kawahara2023;Polites_vibex_praeceps_ncbi;Pompeius_amblyspila_ncbi;Pompeius_pompeius_kawahara2023;Pompeius_pompeius_ncbi;Problema_byssus_kawahara2023;Propapias_sipariana_kawahara2023;Propertius_dejongi_kawahara2023;Pseudocopaeodes_eunus_kawahara2023;Psoralis_stacara_kawahara2023;Punta_punta_kawahara2023;Pyrrhocalles_antiqua_antiqua_kawahara2023;Quasimellana_antipazina_kawahara2023;Quinta_cannae_kawahara2023;Racta_chiria_kawahara2023;Racta_sp._kawahara2023;Remella_rita_kawahara2023;Rhinthon_cubana_kawahara2023;Rigga_hesia_kawahara2023;Rufocumbre_eberti_kawahara2023;Saliana_esperi_kawahara2023;Saniba_sabina_kawahara2023;Saturnus_metonidia_kawahara2023;Serdis_viridicans_kawahara2023;Sodalia_sodalis_kawahara2023;Stinga_morrisoni_kawahara2023;Styriodes_quadrinotata_kawahara2023;Synapte_salenus_salenus_kawahara2023;Synapte_silius_kawahara2023;Thargella_evansi_kawahara2023;Thespieus_dalman_kawahara2023;Thespieus_ethemides_mydata;Thespieus_macareus_kawahara2023;Thoon_modius_kawahara2023;Thymelicus_lineola_kawahara2023;Thymelicus_lineola_ncbi;Thymelicus_sylvestris_ncbi;Tigasis_arita_kawahara2023;Tirynthia_conflua_kawahara2023;Tirynthoides_lotana_kawahara2023;Tricrista_advena_kawahara2023;Troyus_aurelius_ncbi;Troyus_diversus_maeon_ncbi;Troyus_fantasos_ncbi;Troyus_marcus_ncbi;Turesis_theste_kawahara2023;Vacerra_bonfilius_kawahara2023;Vehilius_celeus_kawahara2023;Venas_evans_kawahara2023;Vernia_verna_kawahara2023;Vernia_verna_ncbi;Vettius_lafrenaye_kawahara2023;Vidius_catarinae_kawahara2023;Vinius_letis_kawahara2023;Virga_austrinus_kawahara2023;Wahydra_kenava_kawahara2023;Wahydra_kenava_ncbi;Wahydra_sp._kawahara2023;Wallengrenia_egeremet_ncbi;Wallengrenia_otho_ncbi;Wallengrenia_otho_otho_kawahara2023;Wallengrenia_premnas_kawahara2023;Xeniades_orchamus_kawahara2023;Zariaspes_mys_kawahara2023;Zenis_jebus_kawahara2023
Polites_Pompeius_Appia_Wallengrenia	N0727		focal_tip	Polites_vibex_praeceps_ncbi	Polites_vibex_praeceps_ncbi	
Polites_Pompeius_Appia_Wallengrenia	N0728		focal_tip	Polites_vibex_kawahara2023	Polites_vibex_kawahara2023	
Polites_Pompeius_Appia_Wallengrenia	N0726	100/100	retained_internal_node	Polites_vibex_kawahara2023;Polites_vibex_praeceps_ncbi	Polites_vibex_kawahara2023;Polites_vibex_praeceps_ncbi	
Polites_Pompeius_Appia_Wallengrenia	N0731		focal_tip	Pompeius_pompeius_kawahara2023	Pompeius_pompeius_kawahara2023	
Polites_Pompeius_Appia_Wallengrenia	N0732		focal_tip	Pompeius_pompeius_ncbi	Pompeius_pompeius_ncbi	
Polites_Pompeius_Appia_Wallengrenia	N0730	100/100	retained_internal_node	Pompeius_pompeius_kawahara2023;Pompeius_pompeius_ncbi	Pompeius_pompeius_kawahara2023;Pompeius_pompeius_ncbi	
Polites_Pompeius_Appia_Wallengrenia	N0734		focal_tip	Pompeius_amblyspila_ncbi	Pompeius_amblyspila_ncbi	
Polites_Pompeius_Appia_Wallengrenia	N0735		focal_tip	Appia_appia_kawahara2023	Appia_appia_kawahara2023	
Polites_Pompeius_Appia_Wallengrenia	N0733	100/100	retained_internal_node	Appia_appia_kawahara2023;Pompeius_amblyspila_ncbi	Appia_appia_kawahara2023;Pompeius_amblyspila_ncbi	
Polites_Pompeius_Appia_Wallengrenia	N0729	100/100	retained_internal_node	Appia_appia_kawahara2023;Pompeius_amblyspila_ncbi;Pompeius_pompeius_kawahara2023;Pompeius_pompeius_ncbi	Appia_appia_kawahara2023;Pompeius_amblyspila_ncbi;Pompeius_pompeius_kawahara2023;Pompeius_pompeius_ncbi	
Polites_Pompeius_Appia_Wallengrenia	N0725	100/100	retained_internal_node	Appia_appia_kawahara2023;Polites_vibex_kawahara2023;Polites_vibex_praeceps_ncbi;Pompeius_amblyspila_ncbi;Pompeius_pompeius_kawahara2023;Pompeius_pompeius_ncbi	Appia_appia_kawahara2023;Polites_vibex_kawahara2023;Polites_vibex_praeceps_ncbi;Pompeius_amblyspila_ncbi;Pompeius_pompeius_kawahara2023;Pompeius_pompeius_ncbi	
Polites_Pompeius_Appia_Wallengrenia	N0738		focal_tip	Polites_origenes_origenes_mydata	Polites_origenes_origenes_mydata	
Polites_Pompeius_Appia_Wallengrenia	N0740		focal_tip	Polites_sonora_mydata	Polites_sonora_mydata	
Polites_Pompeius_Appia_Wallengrenia	N0741		focal_tip	Polites_mystic_mydata	Polites_mystic_mydata	
Polites_Pompeius_Appia_Wallengrenia	N0739	100/100	retained_internal_node	Polites_mystic_mydata;Polites_sonora_mydata	Polites_mystic_mydata;Polites_sonora_mydata	
Polites_Pompeius_Appia_Wallengrenia	N0737	100/100	retained_internal_node	Polites_mystic_mydata;Polites_origenes_origenes_mydata;Polites_sonora_mydata	Polites_mystic_mydata;Polites_origenes_origenes_mydata;Polites_sonora_mydata	
Polites_Pompeius_Appia_Wallengrenia	N0744		focal_tip	Wallengrenia_egeremet_ncbi	Wallengrenia_egeremet_ncbi	
Polites_Pompeius_Appia_Wallengrenia	N0746		focal_tip	Wallengrenia_premnas_kawahara2023	Wallengrenia_premnas_kawahara2023	
Polites_Pompeius_Appia_Wallengrenia	N0748		focal_tip	Wallengrenia_otho_otho_kawahara2023	Wallengrenia_otho_otho_kawahara2023	
Polites_Pompeius_Appia_Wallengrenia	N0749		focal_tip	Wallengrenia_otho_ncbi	Wallengrenia_otho_ncbi	
Polites_Pompeius_Appia_Wallengrenia	N0747	100/100	retained_internal_node	Wallengrenia_otho_ncbi;Wallengrenia_otho_otho_kawahara2023	Wallengrenia_otho_ncbi;Wallengrenia_otho_otho_kawahara2023	
Polites_Pompeius_Appia_Wallengrenia	N0745	100/100	retained_internal_node	Wallengrenia_otho_ncbi;Wallengrenia_otho_otho_kawahara2023;Wallengrenia_premnas_kawahara2023	Wallengrenia_otho_ncbi;Wallengrenia_otho_otho_kawahara2023;Wallengrenia_premnas_kawahara2023	
Polites_Pompeius_Appia_Wallengrenia	N0743	100/100	retained_internal_node	Wallengrenia_egeremet_ncbi;Wallengrenia_otho_ncbi;Wallengrenia_otho_otho_kawahara2023;Wallengrenia_premnas_kawahara2023	Wallengrenia_egeremet_ncbi;Wallengrenia_otho_ncbi;Wallengrenia_otho_otho_kawahara2023;Wallengrenia_premnas_kawahara2023	
Polites_Pompeius_Appia_Wallengrenia	N0752		focal_tip	Polites_baracoa_baracoa_ncbi	Polites_baracoa_baracoa_ncbi	
Polites_Pompeius_Appia_Wallengrenia	N0754		focal_tip	Polites_rhesus_ncbi	Polites_rhesus_ncbi	
Polites_Pompeius_Appia_Wallengrenia	N0755		focal_tip	Polites_carus_ncbi	Polites_carus_ncbi	
Polites_Pompeius_Appia_Wallengrenia	N0753	100/100	retained_internal_node	Polites_carus_ncbi;Polites_rhesus_ncbi	Polites_carus_ncbi;Polites_rhesus_ncbi	
Polites_Pompeius_Appia_Wallengrenia	N0751	100/100	retained_internal_node	Polites_baracoa_baracoa_ncbi;Polites_carus_ncbi;Polites_rhesus_ncbi	Polites_baracoa_baracoa_ncbi;Polites_carus_ncbi;Polites_rhesus_ncbi	
Polites_Pompeius_Appia_Wallengrenia	N0757		focal_tip	Polites_themistocles_turneri_ncbi	Polites_themistocles_turneri_ncbi	
Polites_Pompeius_Appia_Wallengrenia	N0760		focal_tip	Polites_mardon_ncbi	Polites_mardon_ncbi	
Polites_Pompeius_Appia_Wallengrenia	N0761		focal_tip	Polites_peckius_peckius_ncbi	Polites_peckius_peckius_ncbi	
Polites_Pompeius_Appia_Wallengrenia	N0759	99/97	retained_internal_node	Polites_mardon_ncbi;Polites_peckius_peckius_ncbi	Polites_mardon_ncbi;Polites_peckius_peckius_ncbi	
Polites_Pompeius_Appia_Wallengrenia	N0763		focal_tip	Polites_sabuleti_sabuleti_ncbi	Polites_sabuleti_sabuleti_ncbi	
Polites_Pompeius_Appia_Wallengrenia	N0764		focal_tip	Polites_draco_ncbi	Polites_draco_ncbi	
Polites_Pompeius_Appia_Wallengrenia	N0762	100/98	retained_internal_node	Polites_draco_ncbi;Polites_sabuleti_sabuleti_ncbi	Polites_draco_ncbi;Polites_sabuleti_sabuleti_ncbi	
Polites_Pompeius_Appia_Wallengrenia	N0758	100/100	retained_internal_node	Polites_draco_ncbi;Polites_mardon_ncbi;Polites_peckius_peckius_ncbi;Polites_sabuleti_sabuleti_ncbi	Polites_draco_ncbi;Polites_mardon_ncbi;Polites_peckius_peckius_ncbi;Polites_sabuleti_sabuleti_ncbi	
Polites_Pompeius_Appia_Wallengrenia	N0756	100/100	retained_internal_node	Polites_draco_ncbi;Polites_mardon_ncbi;Polites_peckius_peckius_ncbi;Polites_sabuleti_sabuleti_ncbi;Polites_themistocles_turneri_ncbi	Polites_draco_ncbi;Polites_mardon_ncbi;Polites_peckius_peckius_ncbi;Polites_sabuleti_sabuleti_ncbi;Polites_themistocles_turneri_ncbi	
Polites_Pompeius_Appia_Wallengrenia	N0750	100/100	retained_internal_node	Polites_baracoa_baracoa_ncbi;Polites_carus_ncbi;Polites_draco_ncbi;Polites_mardon_ncbi;Polites_peckius_peckius_ncbi;Polites_rhesus_ncbi;Polites_sabuleti_sabuleti_ncbi;Polites_themistocles_turneri_ncbi	Polites_baracoa_baracoa_ncbi;Polites_carus_ncbi;Polites_draco_ncbi;Polites_mardon_ncbi;Polites_peckius_peckius_ncbi;Polites_rhesus_ncbi;Polites_sabuleti_sabuleti_ncbi;Polites_themistocles_turneri_ncbi	
Polites_Pompeius_Appia_Wallengrenia	N0742	100/100	retained_internal_node	Polites_baracoa_baracoa_ncbi;Polites_carus_ncbi;Polites_draco_ncbi;Polites_mardon_ncbi;Polites_peckius_peckius_ncbi;Polites_rhesus_ncbi;Polites_sabuleti_sabuleti_ncbi;Polites_themistocles_turneri_ncbi;Wallengrenia_egeremet_ncbi;Wallengrenia_otho_ncbi;Wallengrenia_otho_otho_kawahara2023;Wallengrenia_premnas_kawahara2023	Polites_baracoa_baracoa_ncbi;Polites_carus_ncbi;Polites_draco_ncbi;Polites_mardon_ncbi;Polites_peckius_peckius_ncbi;Polites_rhesus_ncbi;Polites_sabuleti_sabuleti_ncbi;Polites_themistocles_turneri_ncbi;Wallengrenia_egeremet_ncbi;Wallengrenia_otho_ncbi;Wallengrenia_otho_otho_kawahara2023;Wallengrenia_premnas_kawahara2023	
Polites_Pompeius_Appia_Wallengrenia	N0736	100/100	retained_internal_node	Polites_baracoa_baracoa_ncbi;Polites_carus_ncbi;Polites_draco_ncbi;Polites_mardon_ncbi;Polites_mystic_mydata;Polites_origenes_origenes_mydata;Polites_peckius_peckius_ncbi;Polites_rhesus_ncbi;Polites_sabuleti_sabuleti_ncbi;Polites_sonora_mydata;Polites_themistocles_turneri_ncbi;Wallengrenia_egeremet_ncbi;Wallengrenia_otho_ncbi;Wallengrenia_otho_otho_kawahara2023;Wallengrenia_premnas_kawahara2023	Polites_baracoa_baracoa_ncbi;Polites_carus_ncbi;Polites_draco_ncbi;Polites_mardon_ncbi;Polites_mystic_mydata;Polites_origenes_origenes_mydata;Polites_peckius_peckius_ncbi;Polites_rhesus_ncbi;Polites_sabuleti_sabuleti_ncbi;Polites_sonora_mydata;Polites_themistocles_turneri_ncbi;Wallengrenia_egeremet_ncbi;Wallengrenia_otho_ncbi;Wallengrenia_otho_otho_kawahara2023;Wallengrenia_premnas_kawahara2023	
Polites_Pompeius_Appia_Wallengrenia	N0724	100/100	retained_internal_node	Appia_appia_kawahara2023;Polites_baracoa_baracoa_ncbi;Polites_carus_ncbi;Polites_draco_ncbi;Polites_mardon_ncbi;Polites_mystic_mydata;Polites_origenes_origenes_mydata;Polites_peckius_peckius_ncbi;Polites_rhesus_ncbi;Polites_sabuleti_sabuleti_ncbi;Polites_sonora_mydata;Polites_themistocles_turneri_ncbi;Polites_vibex_kawahara2023;Polites_vibex_praeceps_ncbi;Pompeius_amblyspila_ncbi;Pompeius_pompeius_kawahara2023;Pompeius_pompeius_ncbi;Wallengrenia_egeremet_ncbi;Wallengrenia_otho_ncbi;Wallengrenia_otho_otho_kawahara2023;Wallengrenia_premnas_kawahara2023	Appia_appia_kawahara2023;Polites_baracoa_baracoa_ncbi;Polites_carus_ncbi;Polites_draco_ncbi;Polites_mardon_ncbi;Polites_mystic_mydata;Polites_origenes_origenes_mydata;Polites_peckius_peckius_ncbi;Polites_rhesus_ncbi;Polites_sabuleti_sabuleti_ncbi;Polites_sonora_mydata;Polites_themistocles_turneri_ncbi;Polites_vibex_kawahara2023;Polites_vibex_praeceps_ncbi;Pompeius_amblyspila_ncbi;Pompeius_pompeius_kawahara2023;Pompeius_pompeius_ncbi;Wallengrenia_egeremet_ncbi;Wallengrenia_otho_ncbi;Wallengrenia_otho_otho_kawahara2023;Wallengrenia_premnas_kawahara2023	
Polytremis	N0419		focal_tip	Polytremis_nascens_mydata	Polytremis_nascens_mydata	
Polytremis	N0420		focal_tip	Polytremis_theca_mydata	Polytremis_theca_mydata	
Polytremis	N0418	100/100	retained_internal_node	Polytremis_nascens_mydata;Polytremis_theca_mydata	Polytremis_nascens_mydata;Polytremis_theca_mydata	
Polytremis	N0422		collapsible_background_clade	Zenonia_zeno_kawahara2023		Zenonia_zeno_kawahara2023
Polytremis	N0423		focal_tip	Polytremis_eltola_mydata	Polytremis_eltola_mydata	
Polytremis	N0421	100/100	retained_internal_node	Polytremis_eltola_mydata;Zenonia_zeno_kawahara2023	Polytremis_eltola_mydata	Zenonia_zeno_kawahara2023
Polytremis	N0417	100/100	retained_internal_node	Polytremis_eltola_mydata;Polytremis_nascens_mydata;Polytremis_theca_mydata;Zenonia_zeno_kawahara2023	Polytremis_eltola_mydata;Polytremis_nascens_mydata;Polytremis_theca_mydata	Zenonia_zeno_kawahara2023
Polytremis	N0425	100/100	collapsible_background_clade	Iton_semamora_semamora_kawahara2023;Iton_watsonii_mydata		Iton_semamora_semamora_kawahara2023;Iton_watsonii_mydata
Polytremis	N0430		collapsible_background_clade	Brusa_saxicola_kawahara2023		Brusa_saxicola_kawahara2023
Polytremis	N0432		focal_tip	Polytremis_lubricans_lubricans_kawahara2023	Polytremis_lubricans_lubricans_kawahara2023	
Polytremis	N0433	100/100	collapsible_background_clade	Borbo_borbonica_kawahara2023;Borbo_cinnara_kawahara2023;Borbo_cinnara_mydata;Gegenes_nostrodamus_ncbi;Gegenes_pumilio_kawahara2023		Borbo_borbonica_kawahara2023;Borbo_cinnara_kawahara2023;Borbo_cinnara_mydata;Gegenes_nostrodamus_ncbi;Gegenes_pumilio_kawahara2023
Polytremis	N0431	100/100	retained_internal_node	Borbo_borbonica_kawahara2023;Borbo_cinnara_kawahara2023;Borbo_cinnara_mydata;Gegenes_nostrodamus_ncbi;Gegenes_pumilio_kawahara2023;Polytremis_lubricans_lubricans_kawahara2023	Polytremis_lubricans_lubricans_kawahara2023	Borbo_borbonica_kawahara2023;Borbo_cinnara_kawahara2023;Borbo_cinnara_mydata;Gegenes_nostrodamus_ncbi;Gegenes_pumilio_kawahara2023
Polytremis	N0429	16.2/53	retained_internal_node	Borbo_borbonica_kawahara2023;Borbo_cinnara_kawahara2023;Borbo_cinnara_mydata;Brusa_saxicola_kawahara2023;Gegenes_nostrodamus_ncbi;Gegenes_pumilio_kawahara2023;Polytremis_lubricans_lubricans_kawahara2023	Polytremis_lubricans_lubricans_kawahara2023	Borbo_borbonica_kawahara2023;Borbo_cinnara_kawahara2023;Borbo_cinnara_mydata;Brusa_saxicola_kawahara2023;Gegenes_nostrodamus_ncbi;Gegenes_pumilio_kawahara2023
Polytremis	N0442	100/100	collapsible_background_clade	Baoris_farri_farri_kawahara2023;Baoris_farri_mydata;Baoris_oceia_kawahara2023;Caltoris_cahira_mydata;Caltoris_cormasa_kawahara2023;Caltoris_sirius_fusca_ncbi;Caltoris_sirius_kawahara2023;Pelopidas_agna_ncbi;Pelopidas_mathias_kawahara2023;Pelopidas_mathias_mydata;Pelopidas_sinensis_mydata;Prusiana_prusias_kawahara2023		Baoris_farri_farri_kawahara2023;Baoris_farri_mydata;Baoris_oceia_kawahara2023;Caltoris_cahira_mydata;Caltoris_cormasa_kawahara2023;Caltoris_sirius_fusca_ncbi;Caltoris_sirius_kawahara2023;Pelopidas_agna_ncbi;Pelopidas_mathias_kawahara2023;Pelopidas_mathias_mydata;Pelopidas_sinensis_mydata;Prusiana_prusias_kawahara2023
Polytremis	N0428	100/100	retained_internal_node	Baoris_farri_farri_kawahara2023;Baoris_farri_mydata;Baoris_oceia_kawahara2023;Borbo_borbonica_kawahara2023;Borbo_cinnara_kawahara2023;Borbo_cinnara_mydata;Brusa_saxicola_kawahara2023;Caltoris_cahira_mydata;Caltoris_cormasa_kawahara2023;Caltoris_sirius_fusca_ncbi;Caltoris_sirius_kawahara2023;Gegenes_nostrodamus_ncbi;Gegenes_pumilio_kawahara2023;Pelopidas_agna_ncbi;Pelopidas_mathias_kawahara2023;Pelopidas_mathias_mydata;Pelopidas_sinensis_mydata;Polytremis_lubricans_lubricans_kawahara2023;Prusiana_prusias_kawahara2023	Polytremis_lubricans_lubricans_kawahara2023	Baoris_farri_farri_kawahara2023;Baoris_farri_mydata;Baoris_oceia_kawahara2023;Borbo_borbonica_kawahara2023;Borbo_cinnara_kawahara2023;Borbo_cinnara_mydata;Brusa_saxicola_kawahara2023;Caltoris_cahira_mydata;Caltoris_cormasa_kawahara2023;Caltoris_sirius_fusca_ncbi;Caltoris_sirius_kawahara2023;Gegenes_nostrodamus_ncbi;Gegenes_pumilio_kawahara2023;Pelopidas_agna_ncbi;Pelopidas_mathias_kawahara2023;Pelopidas_mathias_mydata;Pelopidas_sinensis_mydata;Prusiana_prusias_kawahara2023
Polytremis	N0424	100/100	retained_internal_node	Baoris_farri_farri_kawahara2023;Baoris_farri_mydata;Baoris_oceia_kawahara2023;Borbo_borbonica_kawahara2023;Borbo_cinnara_kawahara2023;Borbo_cinnara_mydata;Brusa_saxicola_kawahara2023;Caltoris_cahira_mydata;Caltoris_cormasa_kawahara2023;Caltoris_sirius_fusca_ncbi;Caltoris_sirius_kawahara2023;Gegenes_nostrodamus_ncbi;Gegenes_pumilio_kawahara2023;Iton_semamora_semamora_kawahara2023;Iton_watsonii_mydata;Pelopidas_agna_ncbi;Pelopidas_mathias_kawahara2023;Pelopidas_mathias_mydata;Pelopidas_sinensis_mydata;Polytremis_lubricans_lubricans_kawahara2023;Prusiana_prusias_kawahara2023	Polytremis_lubricans_lubricans_kawahara2023	Baoris_farri_farri_kawahara2023;Baoris_farri_mydata;Baoris_oceia_kawahara2023;Borbo_borbonica_kawahara2023;Borbo_cinnara_kawahara2023;Borbo_cinnara_mydata;Brusa_saxicola_kawahara2023;Caltoris_cahira_mydata;Caltoris_cormasa_kawahara2023;Caltoris_sirius_fusca_ncbi;Caltoris_sirius_kawahara2023;Gegenes_nostrodamus_ncbi;Gegenes_pumilio_kawahara2023;Iton_semamora_semamora_kawahara2023;Iton_watsonii_mydata;Pelopidas_agna_ncbi;Pelopidas_mathias_kawahara2023;Pelopidas_mathias_mydata;Pelopidas_sinensis_mydata;Prusiana_prusias_kawahara2023
Polytremis	N0416	100/100	retained_internal_node	Baoris_farri_farri_kawahara2023;Baoris_farri_mydata;Baoris_oceia_kawahara2023;Borbo_borbonica_kawahara2023;Borbo_cinnara_kawahara2023;Borbo_cinnara_mydata;Brusa_saxicola_kawahara2023;Caltoris_cahira_mydata;Caltoris_cormasa_kawahara2023;Caltoris_sirius_fusca_ncbi;Caltoris_sirius_kawahara2023;Gegenes_nostrodamus_ncbi;Gegenes_pumilio_kawahara2023;Iton_semamora_semamora_kawahara2023;Iton_watsonii_mydata;Pelopidas_agna_ncbi;Pelopidas_mathias_kawahara2023;Pelopidas_mathias_mydata;Pelopidas_sinensis_mydata;Polytremis_eltola_mydata;Polytremis_lubricans_lubricans_kawahara2023;Polytremis_nascens_mydata;Polytremis_theca_mydata;Prusiana_prusias_kawahara2023;Zenonia_zeno_kawahara2023	Polytremis_eltola_mydata;Polytremis_lubricans_lubricans_kawahara2023;Polytremis_nascens_mydata;Polytremis_theca_mydata	Baoris_farri_farri_kawahara2023;Baoris_farri_mydata;Baoris_oceia_kawahara2023;Borbo_borbonica_kawahara2023;Borbo_cinnara_kawahara2023;Borbo_cinnara_mydata;Brusa_saxicola_kawahara2023;Caltoris_cahira_mydata;Caltoris_cormasa_kawahara2023;Caltoris_sirius_fusca_ncbi;Caltoris_sirius_kawahara2023;Gegenes_nostrodamus_ncbi;Gegenes_pumilio_kawahara2023;Iton_semamora_semamora_kawahara2023;Iton_watsonii_mydata;Pelopidas_agna_ncbi;Pelopidas_mathias_kawahara2023;Pelopidas_mathias_mydata;Pelopidas_sinensis_mydata;Prusiana_prusias_kawahara2023;Zenonia_zeno_kawahara2023
Potanthus_Taractrocera	N0249		focal_tip	Taractrocera_maevius_kawahara2023	Taractrocera_maevius_kawahara2023	
Potanthus_Taractrocera	N0250		focal_tip	Taractrocera_luzonensis_luzonensis_kawahara2023	Taractrocera_luzonensis_luzonensis_kawahara2023	
Potanthus_Taractrocera	N0248	100/100	retained_internal_node	Taractrocera_luzonensis_luzonensis_kawahara2023;Taractrocera_maevius_kawahara2023	Taractrocera_luzonensis_luzonensis_kawahara2023;Taractrocera_maevius_kawahara2023	
Potanthus_Taractrocera	N0252		collapsible_background_clade	Kobrona_kobros_kawahara2023		Kobrona_kobros_kawahara2023
Potanthus_Taractrocera	N0254	100/100	collapsible_background_clade	Ocybadistes_flavovittata_kawahara2023;Ocybadistes_walkeri_kawahara2023		Ocybadistes_flavovittata_kawahara2023;Ocybadistes_walkeri_kawahara2023
Potanthus_Taractrocera	N0258		collapsible_background_clade	Suniana_sunias_kawahara2023		Suniana_sunias_kawahara2023
Potanthus_Taractrocera	N0260		focal_tip	Potanthus_omaha_omaha_kawahara2023	Potanthus_omaha_omaha_kawahara2023	
Potanthus_Taractrocera	N0262		focal_tip	Potanthus_ganda_mydata	Potanthus_ganda_mydata	
Potanthus_Taractrocera	N0264		focal_tip	Potanthus_flavus_mydata	Potanthus_flavus_mydata	
Potanthus_Taractrocera	N0265		focal_tip	Potanthus_trachala_mydata	Potanthus_trachala_mydata	
Potanthus_Taractrocera	N0263	100/100	retained_internal_node	Potanthus_flavus_mydata;Potanthus_trachala_mydata	Potanthus_flavus_mydata;Potanthus_trachala_mydata	
Potanthus_Taractrocera	N0261	100/100	retained_internal_node	Potanthus_flavus_mydata;Potanthus_ganda_mydata;Potanthus_trachala_mydata	Potanthus_flavus_mydata;Potanthus_ganda_mydata;Potanthus_trachala_mydata	
Potanthus_Taractrocera	N0259	100/100	retained_internal_node	Potanthus_flavus_mydata;Potanthus_ganda_mydata;Potanthus_omaha_omaha_kawahara2023;Potanthus_trachala_mydata	Potanthus_flavus_mydata;Potanthus_ganda_mydata;Potanthus_omaha_omaha_kawahara2023;Potanthus_trachala_mydata	
Potanthus_Taractrocera	N0257	100/100	retained_internal_node	Potanthus_flavus_mydata;Potanthus_ganda_mydata;Potanthus_omaha_omaha_kawahara2023;Potanthus_trachala_mydata;Suniana_sunias_kawahara2023	Potanthus_flavus_mydata;Potanthus_ganda_mydata;Potanthus_omaha_omaha_kawahara2023;Potanthus_trachala_mydata	Suniana_sunias_kawahara2023
Potanthus_Taractrocera	N0253	100/100	retained_internal_node	Ocybadistes_flavovittata_kawahara2023;Ocybadistes_walkeri_kawahara2023;Potanthus_flavus_mydata;Potanthus_ganda_mydata;Potanthus_omaha_omaha_kawahara2023;Potanthus_trachala_mydata;Suniana_sunias_kawahara2023	Potanthus_flavus_mydata;Potanthus_ganda_mydata;Potanthus_omaha_omaha_kawahara2023;Potanthus_trachala_mydata	Ocybadistes_flavovittata_kawahara2023;Ocybadistes_walkeri_kawahara2023;Suniana_sunias_kawahara2023
Potanthus_Taractrocera	N0251	100/100	retained_internal_node	Kobrona_kobros_kawahara2023;Ocybadistes_flavovittata_kawahara2023;Ocybadistes_walkeri_kawahara2023;Potanthus_flavus_mydata;Potanthus_ganda_mydata;Potanthus_omaha_omaha_kawahara2023;Potanthus_trachala_mydata;Suniana_sunias_kawahara2023	Potanthus_flavus_mydata;Potanthus_ganda_mydata;Potanthus_omaha_omaha_kawahara2023;Potanthus_trachala_mydata	Kobrona_kobros_kawahara2023;Ocybadistes_flavovittata_kawahara2023;Ocybadistes_walkeri_kawahara2023;Suniana_sunias_kawahara2023
Potanthus_Taractrocera	N0247	100/100	retained_internal_node	Kobrona_kobros_kawahara2023;Ocybadistes_flavovittata_kawahara2023;Ocybadistes_walkeri_kawahara2023;Potanthus_flavus_mydata;Potanthus_ganda_mydata;Potanthus_omaha_omaha_kawahara2023;Potanthus_trachala_mydata;Suniana_sunias_kawahara2023;Taractrocera_luzonensis_luzonensis_kawahara2023;Taractrocera_maevius_kawahara2023	Potanthus_flavus_mydata;Potanthus_ganda_mydata;Potanthus_omaha_omaha_kawahara2023;Potanthus_trachala_mydata;Taractrocera_luzonensis_luzonensis_kawahara2023;Taractrocera_maevius_kawahara2023	Kobrona_kobros_kawahara2023;Ocybadistes_flavovittata_kawahara2023;Ocybadistes_walkeri_kawahara2023;Suniana_sunias_kawahara2023
