gene_id	cluster_id	taxon	evidence_category_v2	top_tie_groups_v2	main25_B_only_gene	sample_with_Aonly_Bonly_distinct_families	targeted_detail_gene	in_frozen_repeat_sensitivity_family	full_CDS_sequence_sha256	B_minus_A_best_bitscore	B_minus_A_best_raw_score	bitscore_difference_divided_by_query_nt	A_B_best_query_interval_sets_equal	no_A_qualifying_HSP_under_frozen_search	no_B_qualifying_HSP_under_frozen_search	significance_or_classification_threshold_applied	final_sample_supergroup	A_qualifying_HSPs	A_qualifying_references	A_best_bitscore	A_best_raw_score	A_best_bitscore_tie_raw_score_min	A_best_bitscore_tie_raw_score_max	A_best_bitscore_pident_min	A_best_bitscore_pident_max	A_best_bitscore_qcov_min	A_best_bitscore_qcov_max	A_best_bitscore_query_intervals	A_best_bitscore_reference_accessions	B_qualifying_HSPs	B_qualifying_references	B_best_bitscore	B_best_raw_score	B_best_bitscore_tie_raw_score_min	B_best_bitscore_tie_raw_score_max	B_best_bitscore_pident_min	B_best_bitscore_pident_max	B_best_bitscore_qcov_min	B_best_bitscore_qcov_max	B_best_bitscore_query_intervals	B_best_bitscore_reference_accessions	E_qualifying_HSPs	E_qualifying_references	E_best_bitscore	E_best_raw_score	E_best_bitscore_tie_raw_score_min	E_best_bitscore_tie_raw_score_max	E_best_bitscore_pident_min	E_best_bitscore_pident_max	E_best_bitscore_qcov_min	E_best_bitscore_qcov_max	E_best_bitscore_query_intervals	E_best_bitscore_reference_accessions	unknown_qualifying_HSPs	unknown_qualifying_references	unknown_best_bitscore	unknown_best_raw_score	unknown_best_bitscore_tie_raw_score_min	unknown_best_bitscore_tie_raw_score_max	unknown_best_bitscore_pident_min	unknown_best_bitscore_pident_max	unknown_best_bitscore_qcov_min	unknown_best_bitscore_qcov_max	unknown_best_bitscore_query_intervals	unknown_best_bitscore_reference_accessions
G919ca388f20b3dc9ce0464a6	P0294554494f5a8cec05865fd	Acerbas_sarala_chinensis	A_only	A	0	1	1	0	4e0275b233849f065c211fe603976e8ea940c201a1f4c22527f651875f01dbf1	-9	-10	-0.006134969325153374233128834356	1	0	0	False	NOT_ASSIGNED	82	82	2646	2934	2934	2934	100.000	100.000	1	1	1-1467	NZ_CP041215.1;NZ_CP054598.1;NZ_OX366332.1;NZ_OX366352.1;NZ_OX366353.1;NZ_OX366397.1;NZ_OZ034713.1;NZ_OZ034764.1;NZ_OZ034773.1;NZ_OZ034792.1	2	2	2637	2924	2924	2924	99.864	99.864	1	1	1-1467	NZ_OZ035002.1	0	0											13	13	2642	2929	2929	2929	99.932	99.932	1	1	1-1467	NZ_CP170632.1;NZ_CP175927.1
G3b3187276049a389776d8411	P0675c48295767aa3906ac372	Acerbas_sarala_chinensis	A_only	A	0	1	1	0	f61928a68957298e0716625e878bd41bc786fff1eb47c92db6f4bc20b890ac4b	-1067	-1184	-0.4832427536231884057971014493	0	0	0	False	NOT_ASSIGNED	33	33	3978	4411	4411	4411	99.955	99.955	1	1	1-2208	NZ_OZ034769.1	1	1	2911	3227	3227	3227	98.918	98.918	0.7522644927536231884057971014	0.7522644927536231884057971014	548-2208	NZ_OZ035002.1	0	0											4	4	2914	3231	3231	3231	98.977	98.977	0.7522644927536231884057971014	0.7522644927536231884057971014	548-2208	NZ_CP175927.1
G30ec6844ec505f241a1a2cce	P07f88e2bb1e56fb05f02e58a	Acerbas_sarala_chinensis	A_only	A	0	1	1	0	fef582c1646815bd784c221b72ec3ead077a781d928c34dd35b6e34a2d910435	-9	-10	-0.01127819548872180451127819549	1	0	0	False	NOT_ASSIGNED	77	75	1440	1596	1596	1596	100.000	100.000	1	1	1-798	CP003884.1;NZ_OX366332.1;NZ_OX366352.1;NZ_OX366359.1;NZ_OX366397.1;NZ_OZ034713.1;NZ_OZ034769.1;NZ_OZ034773.1;NZ_OZ034792.1	1	1	1431	1586	1586	1586	99.749	99.749	1	1	1-798	NZ_OZ035002.1	0	0											13	13	1435	1591	1591	1591	99.875	99.875	1	1	1-798	NZ_CP110359.1;OU953855.1
G6031d72893e09100db139135	P0c624e151735e4a9fed865d5	Acerbas_sarala_chinensis	A_only	A	0	1	1	0	466ce57dff8435b1b58a59770ce5d0c74cdc369098a7025f7b2a26f85fb8f699	-147	-163	-0.5157894736842105263157894737	0	0	0	False	NOT_ASSIGNED	55	55	515	570	570	570	100.000	100.000	1	1	1-285	CP003884.1;NZ_OX366332.1;NZ_OX366352.1;NZ_OX366353.1;NZ_OX366359.1;NZ_OX366397.1;NZ_OZ034764.1;NZ_OZ034792.1	71	71	368	407	407	407	96.018	96.018	0.7929824561403508771929824561	0.7929824561403508771929824561	16-241	NZ_OZ181655.1	0	0											36	36	510	565	565	565	99.649	99.649	1	1	1-285	NZ_CP110359.1
G291fc96d2963326bfaa91cf1	P0f7e8941919e9b634eb350c7	Acerbas_sarala_chinensis	A_only	A	0	1	1	0	bc2a3250a5d899db7839c72b92e1c066526c443d5a29b366b384b028748e6f5b	-118	-130	-0.1293859649122807017543859649	1	0	0	False	NOT_ASSIGNED	113	108	1644	1822	1822	1822	100.000	100.000	0.9989035087719298245614035088	0.9989035087719298245614035088	1-911	CP003884.1;NZ_OX366332.1;NZ_OX366397.1;NZ_OZ034713.1;NZ_OZ034764.1;NZ_OZ034773.1;NZ_OZ034792.1	73	73	1526	1692	1692	1692	97.146	97.146	0.9989035087719298245614035088	0.9989035087719298245614035088	1-911	NZ_OZ035002.1	1	1	901	998	998	998	82.202	82.202	0.9857456140350877192982456140	0.9857456140350877192982456140	13-911	NZ_OZ034692.1	40	40	1639	1817	1817	1817	99.890	99.890	0.9989035087719298245614035088	0.9989035087719298245614035088	1-911	NZ_CP110359.1
G105e81cadb13fa73bec24ff5	P105e81cadb13fa73bec24ff5	Acerbas_sarala_chinensis	A_only	A	0	1	1	0	62216abbc35cacc1419a978899dccf8645a5cdbe72b3cf99f5df61604568efca	-3767	-4178	-1.220278587625526401036605118	0	0	0	False	NOT_ASSIGNED	33	33	5554	6159	6159	6159	99.903	99.903	1	1	1-3087	NZ_OZ034769.1	1	1	1787	1981	1981	1981	75.984	75.984	0.8114674441205053449951409135	0.8114674441205053449951409135	1-2505	NZ_OZ181655.1	0	0											4	4	4320	4790	4790	4790	91.234	91.234	0.9970845481049562682215743440	0.9970845481049562682215743440	1-3078	CP091195.1
Gcf336d366dd9e38ca699cb84	P16ac9b89ff10a00bf5aef6dc	Acerbas_sarala_chinensis	A_only	A	0	1	1	0	c3247bc8cb0f826a75ef9bc0911d32f87b97ffbc5522e90b0b540f82e3b2c53d	-4	-5	-0.008771929824561403508771929825	1	0	0	False	NOT_ASSIGNED	80	80	823	912	912	912	100.000	100.000	1	1	1-456	CP003884.1;NZ_CP041215.1;NZ_CP054598.1;NZ_OX366332.1;NZ_OX366352.1;NZ_OX366397.1;NZ_OZ034713.1;NZ_OZ034764.1;NZ_OZ034769.1;NZ_OZ034773.1;NZ_OZ034792.1	1	1	819	907	907	907	99.781	99.781	1	1	1-456	NZ_OZ035002.1	0	0											15	15	819	907	907	907	99.781	99.781	1	1	1-456	CP076228.1;NZ_CP069053.1;NZ_CP069060.1;NZ_CP090902.1;NZ_CP136586.1;NZ_CP136587.1;NZ_CP157591.1;NZ_CP170632.1;NZ_CP175927.1;OU953855.1;OX384028.1
G367ba3050a84dc445c0a0d85	P1b1b9bd92b6d337fd150f16a	Acerbas_sarala_chinensis	A_unknown_tie	A;unknown	0	1	1	0	53b1df2b9fc24b69fe3a7820cee1e5159f23e3356a2e5df24344fb4861042435	-392	-434	-0.2923191648023862788963460104	0	0	0	False	NOT_ASSIGNED	32	32	2415	2677	2677	2677	99.925	99.925	1	1	1-1341	NZ_OZ034760.1	71	71	2023	2243	2243	2243	99.560	99.560	0.8463832960477255779269202088	0.8463832960477255779269202088	1-1135	NZ_OZ034708.1	0	0											26	26	2415	2677	2677	2677	99.925	99.925	1	1	1-1341	NZ_CP175923.1
G701da6ccc0a6dca9d220180b	P1b45d62aeeff39a57fb5f62e	Acerbas_sarala_chinensis	B_only	B	1	1	1	0	0dc6eb0212af7be40e29df3fe507d13ad6828fdbe2708a1c398b7e35e4811f83	84	93	0.08069164265129682997118155620	0	0	0	False	NOT_ASSIGNED	14	14	1661	1841	1841	1841	96.888	96.888	0.9481268011527377521613832853	0.9481268011527377521613832853	1-987	NZ_OZ034770.1	69	69	1745	1934	1934	1934	97.659	97.659	0.9759846301633045148895292988	0.9759846301633045148895292988	1-1016	NZ_OZ034708.1	0	0											16	16	1192	1321	1321	1321	87.050	87.050	0.9260326609029779058597502402	0.9260326609029779058597502402	25-988	NZ_CP087954.1
G6db2548114eb191f7acf632a	P1c6d0324297a9a0d8c4410e8	Acerbas_sarala_chinensis	A_only	A	0	1	1	0	2ec3b69c32b396cdcbfabd7f76049e8e7249aae19b6fec132b8d90c1cfd0e20b	-167	-185	-0.4383202099737532808398950131	1	0	0	False	NOT_ASSIGNED	8	8	688	762	762	762	100.000	100.000	1	1	1-381	NZ_OX366367.1;NZ_OZ034699.1;NZ_OZ034725.1;NZ_OZ034760.1	71	70	521	577	577	577	90.289	90.289	1	1	1-381	NZ_OZ034749.1	0	0											16	15	538	596	596	596	91.623	91.623	1	1	1-381	NZ_CP102058.1
Ga8651cdca20e322e70394d2f	P20dcc1f87621309dee9a6f80	Acerbas_sarala_chinensis	A_only	A	0	1	1	0	b5a30052a3fe751ea1ab92654877956144d2148774517b7367dc8a67d14c14d3	-52	-57	-0.04697380307136404697380307136	1	0	0	False	NOT_ASSIGNED	113	113	1993	2209	2209	2209	99.910	99.910	1	1	1-1107	NZ_OX366353.1;NZ_OZ034701.1	74	74	1941	2152	2152	2152	97.872	97.872	1	1	1-1107	NZ_OZ035002.1	1	1	810	897	897	897	84.048	84.048	0.6738934056007226738934056007	0.6738934056007226738934056007	358-1103	NZ_OZ034692.1	51	51	1984	2199	2199	2199	99.729	99.729	1	1	1-1107	NZ_CP090902.1
Ga285b3181860706950c37aa0	P23e7a20ecc5930faafdadf7b	Acerbas_sarala_chinensis	A_only	A	0	1	1	1	387d773b0a6a8c1e42a832fdda11d4ba1a13cb34cd54fbad051b0747b179b09c	-99	-110	-0.06860706860706860706860706861	1	0	0	False	NOT_ASSIGNED	114	113	2571	2851	2851	2851	99.515	99.515	1	1	1-1443	CP003884.1;NZ_CP041215.1;NZ_CP054598.1;NZ_OX366332.1;NZ_OX366352.1;NZ_OX366353.1;NZ_OX366359.1;NZ_OX366397.1;NZ_OZ034713.1;NZ_OZ034764.1;NZ_OZ034769.1;NZ_OZ034773.1;NZ_OZ034792.1	74	74	2472	2741	2741	2741	97.990	97.990	1	1	1-1443	NZ_OZ035002.1	1	1	1670	1851	1851	1851	85.655	85.655	1	1	1-1443	NZ_OZ034692.1	51	50	2486	2756	2756	2756	98.198	98.198	1	1	1-1443	OU953855.1
G8901122735584f610dfa0dbf	P2c83049b426ff56b08fe28b0	Acerbas_sarala_chinensis	A_only	A	0	1	1	0	8ca46e113107601fcba4e05967038fd0a74c97f9c912bc17ead04ca6b6eb9d55					0	1	False	NOT_ASSIGNED	30	30	2664	2954	2954	2954	99.865	99.865	1	1	1-1482	NZ_CP041215.1;NZ_OX366332.1;NZ_OX366352.1;NZ_OX366353.1;NZ_OX366397.1;NZ_OZ034764.1;NZ_OZ034769.1	0	0											0	0											0	0										
G362b82bd8a881d2898ba6ceb	P3e4fb06e9670f3171001e548	Acerbas_sarala_chinensis	A_unknown_tie	A;unknown	0	1	1	0	c88da66754d92c3e4978950bbb1e1ce5569cb159d223f4da32cf374d7a8ffb7d	-5	-5	-0.005393743257820927723840345200	1	0	0	False	NOT_ASSIGNED	47	47	1673	1854	1854	1854	100.000	100.000	1	1	1-927	CP003884.1;NZ_CP041215.1;NZ_OX366332.1;NZ_OX366348.1;NZ_OX366352.1;NZ_OX366359.1;NZ_OX366368.1;NZ_OX366369.1;NZ_OX366379.1;NZ_OX366387.1;NZ_OX366388.1;NZ_OX366397.1;NZ_OX366398.1;NZ_OX366399.1;NZ_OZ034713.1;NZ_OZ034769.1;NZ_OZ034773.1;NZ_OZ034779.1;NZ_OZ034793.1;NZ_OZ034796.1;NZ_OZ034913.1;NZ_OZ035007.1;NZ_OZ183482.1;OX366363.1	2	2	1668	1849	1849	1849	99.892	99.892	1	1	1-927	NZ_OZ035002.1	0	0											10	10	1673	1854	1854	1854	100.000	100.000	1	1	1-927	NZ_CP175927.1
G1b81ac5f3fe2ee338b1dfbf9	P44f6e46ea2ed589cedda429f	Acerbas_sarala_chinensis	A_only	A	0	1	1	0	635ad6401ad075751dd15461d2baf12ebc22c11804b0f8090dcc5ca75c5579ea					0	1	False	NOT_ASSIGNED	13	13	5288	5864	5864	5864	99.932	99.932	1	1	1-2937	NZ_OX366369.1;NZ_OZ034769.1	0	0											1	1	1872	2075	2075	2075	82.960	82.960	0.5948246510044262853251617297	0.5948246510044262853251617297	1191-2937	NZ_OZ034692.1	3	3	2235	2478	2478	2478	88.082	88.082	0.5948246510044262853251617297	0.5948246510044262853251617297	1191-2937	OU953855.1
G507058803c71333cf0b9f49f	P507058803c71333cf0b9f49f	Acerbas_sarala_chinensis	A_only	A	0	1	1	0	ff7f2563605f4b05feefe68718a95dc82542c4abe509f495f37fc2cc8ab910cd	-110	-121	-0.1437908496732026143790849673	0	0	0	False	NOT_ASSIGNED	113	113	1278	1416	1416	1416	97.361	97.361	0.9908496732026143790849673203	0.9908496732026143790849673203	1-758	NZ_OX366362.1	74	74	1168	1295	1295	1295	93.856	93.856	1	1	1-765	NZ_OZ034708.1	1	1	833	923	923	923	84.321	84.321	0.9921568627450980392156862745	0.9921568627450980392156862745	1-759	NZ_OZ034692.1	51	51	1214	1346	1346	1346	95.515	95.515	0.9908496732026143790849673203	0.9908496732026143790849673203	1-758	NZ_CP149530.1
G52a038d73fbb0dc2fce63fa2	P52a038d73fbb0dc2fce63fa2	Acerbas_sarala_chinensis	A_only	A	0	1	1	1	82a19fe23f557c1a5d39feab517002c509b15df31fc03c6c52583bb5285768a2	-15	-17	-0.01362397820163487738419618529	1	0	0	False	NOT_ASSIGNED	81	79	1986	2202	2202	2202	100.000	100.000	1	1	1-1101	CP003884.1;NZ_OX366332.1;NZ_OX366352.1;NZ_OZ034713.1;NZ_OZ034764.1;NZ_OZ034769.1;NZ_OZ034773.1	35	35	1971	2185	2185	2185	99.728	99.728	1	1	1-1101	NZ_OZ035002.1	0	0											20	19	1973	2187	2187	2187	99.728	99.728	1	1	1-1101	NZ_CP069053.1;NZ_CP069060.1;NZ_CP090902.1;NZ_CP170632.1;OX384028.1
G6d2ed2be8abdade4ae56bf4f	P642aafeefb367660a9b78c39	Acerbas_sarala_chinensis	A_only	A	0	1	1	1	2e6d4e9c7a7f8ec85cdf93a1690ac84e998505d904f25f0fcb5ab1b297a07fe8	-49	-54	-0.03589743589743589743589743590	0	0	0	False	NOT_ASSIGNED	114	113	2404	2665	2665	2665	99.048	99.048	1	1	1-1365	NZ_OX366344.1;NZ_OZ034756.1	74	74	2355	2611	2611	2611	98.739	98.739	0.9875457875457875457875457875	0.9875457875457875457875457875	1-1348	NZ_OZ034797.1	1	1	1455	1613	1613	1613	83.914	83.914	0.9882783882783882783882783883	0.9882783882783882783882783883	1-1349	NZ_OZ034692.1	51	50	2364	2621	2621	2621	98.887	98.887	0.9875457875457875457875457875	0.9875457875457875457875457875	1-1348	NZ_CP149530.1
G9b6e3b1594e867e1c4a53cb7	P6650f8af23e8baae78a43f97	Acerbas_sarala_chinensis	A_only	A	0	1	1	0	739791e6daf7d49e7a6334ba563aead3c92b3b1c51fa4d5fec8addbff34c390c	-5	-5	-0.01400560224089635854341736695	1	0	0	False	NOT_ASSIGNED	83	83	645	714	714	714	100.000	100.000	1	1	1-357	CP003884.1;NZ_CP041215.1;NZ_CP054598.1;NZ_OX366319.1;NZ_OX366326.1;NZ_OX366332.1;NZ_OX366351.1;NZ_OX366352.1;NZ_OX366353.1;NZ_OX366387.1;NZ_OX366395.1;NZ_OX366397.1;NZ_OX366400.1;NZ_OZ014602.1;NZ_OZ034690.1;NZ_OZ034702.1;NZ_OZ034706.1;NZ_OZ034713.1;NZ_OZ034716.1;NZ_OZ034720.1;NZ_OZ034721.1;NZ_OZ034726.1;NZ_OZ034728.1;NZ_OZ034762.1;NZ_OZ034764.1;NZ_OZ034769.1;NZ_OZ034773.1;NZ_OZ034792.1;NZ_OZ034913.1;NZ_OZ187004.1;NZ_OZ195525.1	1	1	640	709	709	709	99.720	99.720	1	1	1-357	NZ_OZ035002.1	0	0											15	15	640	709	709	709	99.720	99.720	1	1	1-357	NZ_CP069053.1;NZ_CP069060.1;NZ_CP136587.1;NZ_CP170632.1;NZ_CP175927.1
G4911cdc30072971e4e9ad0c0	P6e77e4124db35977ff81de98	Acerbas_sarala_chinensis	A_only	A	0	1	1	0	cdc920b1effc40c05994624fcdfd789e99db6ca0571b8fafb060f2dbc27bd75b	-277	-308	-0.5699588477366255144032921811	0	0	0	False	NOT_ASSIGNED	38	36	877	972	972	972	100.000	100.000	1	1	1-486	CP003884.1;NZ_CP041215.1;NZ_CP054557.1;NZ_OX366332.1;NZ_OX366352.1;NZ_OX366359.1;NZ_OX366397.1;NZ_OZ034706.1;NZ_OZ034769.1;NZ_OZ034773.1;NZ_OZ034791.1	1	1	600	664	664	664	100.000	100.000	0.6831275720164609053497942387	0.6831275720164609053497942387	1-332	NZ_OZ035002.1	0	0											7	5	873	967	967	967	99.794	99.794	1	1	1-486	NZ_CP157591.1
Gd92cb91f2f1e9a2b78263753	P8199b65d2f3a3eb73fd3881f	Acerbas_sarala_chinensis	A_unknown_tie	A;unknown	0	1	1	0	e986e5f28c170a865a391d345cd6abe71a9fe61ce8b05ea3c50852d1bd3efb90	-583	-647	-0.4615993665874901029295328583	0	0	0	False	NOT_ASSIGNED	21	18	1677	1859	1859	1859	89.153	89.153	1	1	1-1263	NZ_OX366327.1;NZ_OX366399.1;NZ_OX366400.1;NZ_OZ187004.1	2	1	1094	1212	1212	1212	85.000	85.000	0.7577197149643705463182897862	0.7577197149643705463182897862	307-1263	NZ_OX366345.1	0	0											1	1	1677	1859	1859	1859	89.153	89.153	1	1	1-1263	NZ_CP170632.1
G442cc83501b8b1e4fb049e9f	P8c07225efaa092ab30d53679	Acerbas_sarala_chinensis	A_only	A	0	1	1	0	5241960d02519f23e4ea78ecea67531eb6bae410be27d636ef55d11741f02b25	-9	-10	-0.009009009009009009009009009009	1	0	0	False	NOT_ASSIGNED	83	83	1792	1986	1986	1986	100.000	100.000	0.9939939939939939939939939940	0.9939939939939939939939939940	1-993	CP003884.1;NZ_CP041215.1;NZ_OX366332.1;NZ_OX366352.1;NZ_OX366359.1;NZ_OX366397.1;NZ_OZ034713.1;NZ_OZ034764.1;NZ_OZ034769.1;NZ_OZ034773.1;NZ_OZ034792.1	1	1	1783	1976	1976	1976	99.799	99.799	0.9939939939939939939939939940	0.9939939939939939939939939940	1-993	NZ_OZ035002.1	0	0											17	17	1783	1976	1976	1976	99.799	99.799	0.9939939939939939939939939940	0.9939939939939939939939939940	1-993	CP076228.1;NZ_CP069053.1;NZ_CP069060.1;NZ_CP090902.1;NZ_CP136587.1;NZ_CP170632.1;NZ_CP175927.1;OX384028.1
G939e75f82318cb9c061de47e	P8d6f063f581eb9f0d5456da6	Acerbas_sarala_chinensis	A_only	A	0	1	1	0	0a4f1d88dddac9b5470c07d87bf286d9c11b7597f02cd79e2d1641736dd8ba65	-4	-5	-0.004778972520908004778972520908	1	0	0	False	NOT_ASSIGNED	77	77	1510	1674	1674	1674	100.000	100.000	1	1	1-837	CP003884.1;NZ_CP041215.1;NZ_CP054598.1;NZ_OX366319.1;NZ_OX366327.1;NZ_OX366332.1;NZ_OX366352.1;NZ_OX366359.1;NZ_OX366369.1;NZ_OX366389.1;NZ_OX366397.1;NZ_OX366398.1;NZ_OZ034702.1;NZ_OZ034713.1;NZ_OZ034719.1;NZ_OZ034721.1;NZ_OZ034764.1;NZ_OZ034769.1;NZ_OZ034773.1;NZ_OZ034779.1;NZ_OZ034792.1;NZ_OZ034796.1;NZ_OZ034913.1;NZ_OZ195515.1	1	1	1506	1669	1669	1669	99.881	99.881	1	1	1-837	NZ_OZ035002.1	0	0											13	13	1506	1669	1669	1669	99.881	99.881	1	1	1-837	CP091195.1;NZ_CP069053.1;NZ_CP069060.1;NZ_CP090902.1;NZ_CP136587.1;NZ_CP170632.1;OU953855.1;OX384028.1
G234004a220087edc2140cc53	P942e1b2a3926d675d1974bf5	Acerbas_sarala_chinensis	A_only	A	0	1	1	0	af23929326c50fb142d7910fdf6d21671df07a9af9e9e209b3c58fc12252eef9	-9	-10	-0.01224489795918367346938775510	1	0	0	False	NOT_ASSIGNED	80	80	1326	1470	1470	1470	100.000	100.000	1	1	1-735	CP003884.1;NZ_CP054598.1;NZ_OX366352.1;NZ_OX366353.1;NZ_OX366359.1;NZ_OX366397.1;NZ_OZ034713.1;NZ_OZ034764.1;NZ_OZ034769.1;NZ_OZ034773.1	1	1	1317	1460	1460	1460	99.728	99.728	1	1	1-735	NZ_OZ035002.1	0	0											15	15	1317	1460	1460	1460	99.728	99.728	1	1	1-735	NZ_CP157591.1;NZ_CP170632.1;NZ_CP175927.1
Gf68cc4e375c22324a1a7996d	P95855010e0c2448a44e263ca	Acerbas_sarala_chinensis	A_only	A	0	1	1	0	76d343faa6dc085104277f6f181b1af156b8dc41d8d8f5ddaf0fa906300208f4	-22	-25	-0.03395061728395061728395061728	1	0	0	False	NOT_ASSIGNED	80	80	1169	1296	1296	1296	100.000	100.000	1	1	1-648	CP003884.1;NZ_CP041215.1;NZ_CP054598.1;NZ_OX366326.1;NZ_OX366332.1;NZ_OX366351.1;NZ_OX366352.1;NZ_OX366353.1;NZ_OX366389.1;NZ_OX366397.1;NZ_OX366398.1;NZ_OX366400.1;NZ_OZ014602.1;NZ_OZ034690.1;NZ_OZ034713.1;NZ_OZ034715.1;NZ_OZ034716.1;NZ_OZ034726.1;NZ_OZ034728.1;NZ_OZ034762.1;NZ_OZ034764.1;NZ_OZ034769.1;NZ_OZ034773.1;NZ_OZ034779.1;NZ_OZ034792.1;NZ_OZ187004.1;NZ_OZ195515.1;NZ_OZ195525.1	1	1	1147	1271	1271	1271	99.228	99.228	1	1	1-648	NZ_OZ035002.1	0	0											15	15	1165	1291	1291	1291	99.846	99.846	1	1	1-648	NZ_CP110359.1;NZ_OU909470.1;OU953855.1
Ga7a7b5bf5bb4dc96268405da	P9897241121f49b098577aa4d	Acerbas_sarala_chinensis	A_only	A	0	1	1	1	378df916bdf43fbe0bc7dc0f56cc24bfac8c32b6c17f6d7e4ad8cc334a102a3b	-14	-15	-0.04093567251461988304093567251	1	0	0	False	NOT_ASSIGNED	102	90	618	684	684	684	100.000	100.000	1	1	1-342	CP003884.1;NZ_CP041215.1;NZ_CP054598.1;NZ_OX366332.1;NZ_OX366352.1;NZ_OX366353.1;NZ_OX366359.1;NZ_OX366397.1;NZ_OZ034713.1;NZ_OZ034769.1;NZ_OZ034773.1;NZ_OZ034792.1	1	1	604	669	669	669	99.123	99.123	1	1	1-342	NZ_OZ035002.1	0	0											15	14	613	679	679	679	99.708	99.708	1	1	1-342	CP091195.1;NZ_CP110359.1
Ga81f6ce2722570c2ed87a58c	Pa2bce227857811250a569cd1	Acerbas_sarala_chinensis	A_only	A	0	1	1	0	5dd6595b77fd6d98bacaa85ca8c2d4f8ba6a85a07f09c167c064130b1236aaef	-9	-10	-0.02970297029702970297029702970	1	0	0	False	NOT_ASSIGNED	106	106	547	606	606	606	100.000	100.000	1	1	1-303	NZ_CP041215.1;NZ_CP054598.1;NZ_OX366319.1;NZ_OX366326.1;NZ_OX366332.1;NZ_OX366351.1;NZ_OX366352.1;NZ_OX366353.1;NZ_OX366356.1;NZ_OX366369.1;NZ_OX366397.1;NZ_OX366400.1;NZ_OZ014602.1;NZ_OZ034690.1;NZ_OZ034701.1;NZ_OZ034702.1;NZ_OZ034713.1;NZ_OZ034716.1;NZ_OZ034719.1;NZ_OZ034720.1;NZ_OZ034721.1;NZ_OZ034726.1;NZ_OZ034728.1;NZ_OZ034762.1;NZ_OZ034764.1;NZ_OZ034769.1;NZ_OZ034773.1;NZ_OZ034792.1;NZ_OZ034913.1;NZ_OZ187004.1;NZ_OZ195515.1;NZ_OZ195525.1	6	6	538	596	596	596	99.340	99.340	1	1	1-303	NZ_OZ035002.1	0	0											31	30	543	601	601	601	99.670	99.670	1	1	1-303	CP091195.1;NZ_CP110359.1;OU953855.1
G3da040ecb4d944ad5c1bca56	Pa87d72afcf636cec7bbf5d9e	Acerbas_sarala_chinensis	A_unknown_tie	A;unknown	0	1	1	0	dcc0dc6ce368564e82239f6cabe9ff333e7bf526507e9f29816809f18f28f7f3	-20	-22	-0.06006006006006006006006006006	0	0	0	False	NOT_ASSIGNED	104	104	601	666	666	666	100.000	100.000	1	1	1-333	NZ_CP041215.1;NZ_CP054598.1;NZ_OX366272.1;NZ_OX366327.1;NZ_OX366352.1;NZ_OX366353.1;NZ_OX366357.1;NZ_OX366359.1;NZ_OX366375.1;NZ_OX366378.1;NZ_OX366387.1;NZ_OX366388.1;NZ_OX366389.1;NZ_OX366395.1;NZ_OX366397.1;NZ_OX366398.1;NZ_OZ017714.1;NZ_OZ034695.1;NZ_OZ034701.1;NZ_OZ034712.1;NZ_OZ034713.1;NZ_OZ034717.1;NZ_OZ034720.1;NZ_OZ034763.1;NZ_OZ034764.1;NZ_OZ034769.1;NZ_OZ034773.1;NZ_OZ034779.1;NZ_OZ034785.1;NZ_OZ034792.1;NZ_OZ034796.1;NZ_OZ034998.1;NZ_OZ035007.1;NZ_OZ195518.1;OX366363.1;OZ034697.1	5	5	581	644	644	644	98.795	98.795	0.9969969969969969969969969970	0.9969969969969969969969969970	1-332	NZ_OZ035002.1	0	0											24	24	601	666	666	666	100.000	100.000	1	1	1-333	CP091195.1;NZ_OU909470.1;OU953855.1
G7a14f4b7ae4e78a1b6b843e5	Pb3f06ba9a36b08c87a7cccb2	Acerbas_sarala_chinensis	A_only	A	0	1	1	0	d1f3350f6106aa13c649cddae7269b147a3795ee03847db76cbfd9ddbffe29d4					0	1	False	NOT_ASSIGNED	32	32	747	828	828	828	100.000	100.000	1	1	1-414	CP003884.1;NZ_CP041215.1;NZ_OX366332.1;NZ_OX366352.1;NZ_OX366353.1;NZ_OX366359.1;NZ_OX366397.1;NZ_OZ034713.1;NZ_OZ034764.1;NZ_OZ034769.1;NZ_OZ034773.1	0	0											0	0											2	2	735	814	814	814	99.517	99.517	1	1	1-414	NZ_CP110359.1;NZ_OU909470.1
Gc58bb0027edd723c0f5e948a	Pb53b4d94c05a6d484ec8e538	Acerbas_sarala_chinensis	A_only	A	0	1	1	0	d80d4819e32f129f3f2cee80595291ad16017ba7fe274f88394c5a99b1cb2dad					0	1	False	NOT_ASSIGNED	32	32	785	870	870	870	100.000	100.000	1	1	1-435	CP003884.1;NZ_CP054598.1;NZ_OX366332.1;NZ_OX366353.1;NZ_OX366359.1;NZ_OX366397.1;NZ_OZ034713.1;NZ_OZ034764.1;NZ_OZ034769.1;NZ_OZ034773.1	0	0											0	0											3	3	764	846	846	846	99.080	99.080	1	1	1-435	NZ_OU909470.1
G06687490fe99a5dbaac9e346	Pbf111878b49f8635cfc0b308	Acerbas_sarala_chinensis	A_only	A	0	1	1	0	84b7a1c49c7d11f866ca34be33d43a50b61e768aebb3f28baafb41d864b4e545	-67	-75	-0.08524173027989821882951653944	1	0	0	False	NOT_ASSIGNED	53	53	1409	1562	1562	1562	99.746	99.746	1	1	1-786	CP003884.1;NZ_CP041215.1;NZ_OX366332.1;NZ_OX366352.1;NZ_OX366353.1;NZ_OX366397.1;NZ_OZ034713.1;NZ_OZ034769.1;NZ_OZ034773.1	2	2	1342	1487	1487	1487	97.837	97.837	1	1	1-786	NZ_OZ034708.1	0	0											11	11	1306	1448	1448	1448	96.939	96.939	0.9974554707379134860050890585	0.9974554707379134860050890585	1-784	NZ_CP110359.1
Gbfb42565c9fa797dd31365b6	Pbfb42565c9fa797dd31365b6	Acerbas_sarala_chinensis	A_only	A	0	1	1	0	fd0021a69422941a2a70240b4a40897e37f09dde699b1d28485593621bf88db0	-22	-24	-0.01767068273092369477911646586	1	0	0	False	NOT_ASSIGNED	87	87	2246	2490	2490	2490	100.000	100.000	1	1	1-1245	CP003884.1;NZ_CP041215.1;NZ_OX366332.1;NZ_OX366352.1;NZ_OX366397.1;NZ_OZ034713.1;NZ_OZ034764.1;NZ_OZ034769.1;NZ_OZ034773.1;NZ_OZ034792.1	69	69	2224	2466	2466	2466	99.679	99.679	1	1	1-1245	NZ_OZ035002.1	0	0											28	28	2237	2480	2480	2480	99.839	99.839	1	1	1-1245	NZ_CP090902.1;NZ_CP136587.1;OX384028.1
G8ba14e6461ed1e806cfc3efd	Pc399a2889a3327696ebea158	Acerbas_sarala_chinensis	A_only	A	0	1	1	1	9a8ae70db64e9b0961e14b32ca2a13752cce916e3a2b0377b27bdf52b708f075	-1636	-1815	-0.7961070559610705596107055961	0	0	0	False	NOT_ASSIGNED	47	47	3675	4075	4075	4075	99.659	99.659	1	1	1-2055	NZ_OZ034769.1	1	1	2039	2260	2260	2260	90.374	90.374	0.6530413625304136253041362530	0.6530413625304136253041362530	1-1342	NZ_OZ035002.1	0	0											13	13	3315	3676	3676	3676	93.463	93.463	1	1	1-2055	OU953855.1
Gf38324130e9420d08726c583	Pcd189dc1eefba4ae08285709	Acerbas_sarala_chinensis	A_only	A	0	1	1	0	989ee06912f065deac462a00378f0d7aad13a7092b5a2a4d7e3e26423014f6d0	-23	-25	-0.02203065134099616858237547893	1	0	0	False	NOT_ASSIGNED	87	85	1879	2083	2083	2083	99.904	99.904	1	1	1-1044	CP003884.1;NZ_CP041215.1;NZ_OX366352.1;NZ_OX366359.1;NZ_OX366387.1;NZ_OZ017714.1;NZ_OZ025779.1;NZ_OZ034695.1;NZ_OZ034763.1;NZ_OZ034764.1;NZ_OZ034769.1;NZ_OZ034792.1;NZ_OZ034793.1	5	5	1856	2058	2058	2058	99.425	99.425	1	1	1-1044	NZ_OZ035002.1	0	0											22	20	1870	2073	2073	2073	99.713	99.713	1	1	1-1044	NZ_CP110359.1
G3bc88ce0de945c2ed9ff98a1	Pd361fb920038257624d583f4	Acerbas_sarala_chinensis	A_only	A	0	1	1	0	4f19a8415044f384e762b40ed923622ac516963d0bdc3d3aa9e50d6f43871ea2					0	1	False	NOT_ASSIGNED	25	25	720	798	798	798	100.000	100.000	1	1	1-399	CP003884.1;CP042904.1;NZ_CP041215.1;NZ_OX366327.1;NZ_OX366332.1;NZ_OX366352.1;NZ_OX366353.1;NZ_OX366359.1;NZ_OX366375.1;NZ_OX366389.1;NZ_OX366397.1;NZ_OX366398.1;NZ_OZ034712.1;NZ_OZ034713.1;NZ_OZ034764.1;NZ_OZ034769.1;NZ_OZ034773.1;NZ_OZ034779.1;NZ_OZ034792.1;NZ_OZ034796.1;NZ_OZ195515.1;NZ_OZ195518.1;OZ034697.1	0	0											0	0											1	1	624	691	691	691	94.724	94.724	0.9974937343358395989974937343	0.9974937343358395989974937343	2-399	NZ_OZ195521.1
Gf56129be9ae68d99d3fb9d62	Pda2dffc75bee2718e9054d16	Acerbas_sarala_chinensis	A_only	A	0	1	1	0	58011873e3b2f00260f99821a0fa47995be265d78c31d2d9f5cb4cadaa8d1dad	-2424	-2688	-1.260530421216848673946957878	0	0	0	False	NOT_ASSIGNED	37	37	3464	3841	3841	3841	99.948	99.948	1	1	1-1923	NZ_OX366327.1;NZ_OX366332.1;NZ_OX366352.1;NZ_OX366359.1;NZ_OZ034764.1;NZ_OZ034769.1;NZ_OZ034792.1	1	1	1040	1153	1153	1153	76.764	76.764	0.7171086843473738949557982319	0.7171086843473738949557982319	1-1379	NZ_OZ181655.1	0	0											3	3	2931	3250	3250	3250	93.747	93.747	1	1	1-1923	CP091195.1
Ga52e1faba79b2db32df71839	Pdd5c78cc55f1937e37fb3db7	Acerbas_sarala_chinensis	A_only	A	0	1	1	0	365ef1987c3bf255e29631a776a9762e2ad00a7b6ddbe8c57fcde7a501f39ee4	-18	-20	-0.02803738317757009345794392523	1	0	0	False	NOT_ASSIGNED	80	80	1159	1284	1284	1284	100.000	100.000	1	1	1-642	NZ_CP041215.1;NZ_OX366326.1;NZ_OX366332.1;NZ_OX366351.1;NZ_OX366352.1;NZ_OX366353.1;NZ_OX366397.1;NZ_OX366400.1;NZ_OZ014602.1;NZ_OZ034690.1;NZ_OZ034713.1;NZ_OZ034716.1;NZ_OZ034726.1;NZ_OZ034762.1;NZ_OZ034764.1;NZ_OZ034769.1;NZ_OZ034773.1;NZ_OZ034792.1;NZ_OZ187004.1;NZ_OZ195525.1;OZ034694.1	1	1	1141	1264	1264	1264	99.377	99.377	1	1	1-642	NZ_OZ035002.1	0	0											15	15	1145	1269	1269	1269	99.533	99.533	1	1	1-642	NZ_CP090902.1;NZ_CP110359.1;NZ_CP136587.1;NZ_CP157591.1;NZ_CP170632.1;NZ_CP175927.1;OX384028.1
G74ce49ba228abbb2511196dd	Pfd55ca99eaf0d62d7a09bf25	Acerbas_sarala_chinensis	A_only	A	0	1	1	0	3093d4248fe298a9d637f36b2e035ffd27123eb4d389e3a9591a06916db5c7d2	-81	-90	-0.2477064220183486238532110092	0	0	0	False	NOT_ASSIGNED	47	47	586	649	649	649	99.694	99.694	1	1	1-327	CP003884.1;NZ_CP041215.1;NZ_OX366352.1;NZ_OX366353.1;NZ_OX366359.1;NZ_OX366397.1;NZ_OZ034713.1;NZ_OZ034720.1;NZ_OZ034764.1;NZ_OZ034769.1;NZ_OZ034773.1;NZ_OZ034792.1	2	2	505	559	559	559	95.886	95.886	0.9663608562691131498470948012	0.9663608562691131498470948012	1-316	NZ_OZ181655.1	0	0											4	4	541	599	599	599	97.239	97.239	0.9938837920489296636085626911	0.9938837920489296636085626911	1-325	NZ_CP175923.1
G90498dbd5af11c4fb60959d8	P0294554494f5a8cec05865fd	Aeromachus_catocyanea	A_only	A	0	0	0	0	72517b150f3493337d4d4569769cd3623c87c35c1b49d2a817074ae0a9b6dabb	-207	-230	-0.1411042944785276073619631902	1	0	0	False	NOT_ASSIGNED	82	82	2637	2924	2924	2924	99.864	99.864	1	1	1-1467	NZ_OZ025779.1	2	2	2430	2694	2694	2694	96.728	96.728	1	1	1-1467	NZ_OZ035002.1	0	0											13	13	2614	2898	2898	2898	99.523	99.523	1	1	1-1467	CP091195.1
G8390775545103665c378cf33	P07f88e2bb1e56fb05f02e58a	Aeromachus_catocyanea	A_only	A	0	0	0	0	0ea5fbdf16ec0fa91f5f1844f66bf2014c7fec1a127d3a7e4efbb2d05aaf1c97	-18	-20	-0.02255639097744360902255639098	1	0	0	False	NOT_ASSIGNED	77	75	1426	1581	1581	1581	99.624	99.624	1	1	1-798	NZ_OZ017714.1;NZ_OZ025779.1	1	1	1408	1561	1561	1561	99.123	99.123	1	1	1-798	NZ_OZ035002.1	0	0											13	13	1417	1571	1571	1571	99.373	99.373	1	1	1-798	CP091195.1
G391211fa1d8d9af6ba430c0a	P1440feb117cd723f6abb3813	Aeromachus_catocyanea	A_only	A	0	0	0	0	3da7ee8925bd9232d251f22c60ad770b892eaf37a55b16f3dac7eae1868bb120	-180	-200	-0.07058823529411764705882352941	1	0	0	False	NOT_ASSIGNED	113	113	4581	5080	5080	5080	99.843	99.843	1	1	1-2550	NZ_OZ025779.1	73	73	4401	4880	4880	4880	98.275	98.275	1	1	1-2550	NZ_OZ035002.1	0	0											46	46	4572	5070	5070	5070	99.765	99.765	1	1	1-2550	CP091195.1
G96a0aeb307c35340e0c5877e	P16ac9b89ff10a00bf5aef6dc	Aeromachus_catocyanea	A_unknown_tie	A;unknown	0	0	0	0	04bcb381b7bb754bf37d3f843d4a2e8c8394eef346fa7c321843a82c62c497ee	-59	-65	-0.1293859649122807017543859649	1	0	0	False	NOT_ASSIGNED	80	80	819	907	907	907	99.781	99.781	1	1	1-456	NZ_OX366378.1;NZ_OX366388.1;NZ_OZ017714.1;NZ_OZ025779.1;NZ_OZ034695.1;NZ_OZ034717.1;NZ_OZ034763.1;NZ_OZ034793.1;NZ_OZ034998.1	1	1	760	842	842	842	96.930	96.930	1	1	1-456	NZ_OZ035002.1	0	0											15	15	819	907	907	907	99.781	99.781	1	1	1-456	CP091195.1
G7d42e35081fcf779aa7dad56	P17c4a8f0e8f2f82c6ac338cd	Aeromachus_catocyanea	A_only	A	0	0	0	0	0cfffaac49f33896e06bd124f0ce86098ccd6124d2c25a917df9534c5e81e903	-813	-901	-1	0	0	0	False	NOT_ASSIGNED	76	68	1458	1616	1616	1616	99.754	99.754	1	1	1-813	NZ_OZ017714.1;NZ_OZ025779.1	1	1	645	715	715	715	78.961	78.961	0.9188191881918819188191881919	0.9188191881918819188191881919	67-813	NZ_OZ035002.1	0	0											18	18	873	967	967	967	83.641	83.641	0.9987699876998769987699876999	0.9987699876998769987699876999	1-812	NZ_CP175923.1
G966a83eb1ede329bdaca8945	P20dcc1f87621309dee9a6f80	Aeromachus_catocyanea	A_only	A	0	0	0	0	9772c0acd5fffaafedb2a27b7e7d834346c6a16f40a06f099ba5e562c9abf499	-63	-70	-0.05585106382978723404255319149	1	0	0	False	NOT_ASSIGNED	113	113	2026	2246	2246	2246	99.823	99.823	1	1	1-1128	NZ_OZ017714.1;NZ_OZ025779.1;NZ_OZ034695.1	74	74	1963	2176	2176	2176	98.582	98.582	1	1	1-1128	NZ_OZ035002.1	1	1	801	887	887	887	83.780	83.780	0.6613475177304964539007092199	0.6613475177304964539007092199	379-1124	NZ_OZ034692.1	51	51	2021	2241	2241	2241	99.734	99.734	1	1	1-1128	CP091195.1
Gc3d3240291a41815b43ae534	P22c5aea74644942fb02544bc	Aeromachus_catocyanea	A_unknown_tie	A;unknown	0	0	0	1	a1e53ba389022bca702eefd80f2865992d2111dbc21506fa7a2d0d4be60d8814	-9	-10	-0.004878048780487804878048780488	1	0	0	False	NOT_ASSIGNED	114	113	3319	3680	3680	3680	99.892	99.892	1	1	1-1845	NZ_OX366347.1;NZ_OX366378.1;NZ_OX366388.1;NZ_OZ017714.1;NZ_OZ025779.1;NZ_OZ034695.1;NZ_OZ034717.1;NZ_OZ034763.1;NZ_OZ034998.1;OX366363.1	74	74	3310	3670	3670	3670	99.783	99.783	1	1	1-1845	NZ_OZ035002.1	1	1	2217	2458	2458	2458	86.501	86.501	0.9989159891598915989159891599	0.9989159891598915989159891599	3-1845	NZ_OZ034692.1	51	50	3319	3680	3680	3680	99.892	99.892	1	1	1-1845	CP091195.1
Ga797672145507bfbe0e00740	P23e7a20ecc5930faafdadf7b	Aeromachus_catocyanea	A_only	A	0	0	0	1	1f0e47f686941c6c71ee15a8dd5f33148c0f676ea1b400afe95d15b98a25b53f	-95	-105	-0.06583506583506583506583506584	1	0	0	False	NOT_ASSIGNED	114	113	2590	2871	2871	2871	99.792	99.792	1	1	1-1443	NZ_OZ017714.1;NZ_OZ025779.1;NZ_OZ034695.1	74	74	2495	2766	2766	2766	98.337	98.337	1	1	1-1443	NZ_OZ035002.1	1	1	1634	1811	1811	1811	85.100	85.100	1	1	1-1443	NZ_OZ034692.1	51	50	2579	2859	2859	2859	99.654	99.654	1	1	1-1443	CP091195.1
Gb4f02b46f4630450570adac9	P642aafeefb367660a9b78c39	Aeromachus_catocyanea	A_only	A	0	0	0	1	08d0095ebc89db710c679c5e3976663d7e7897604697c6c34d627d3a3b3658ef	-86	-95	-0.06300366300366300366300366300	1	0	0	False	NOT_ASSIGNED	114	113	2458	2725	2725	2725	99.927	99.927	1	1	1-1365	NZ_OZ017714.1;NZ_OZ025779.1	74	74	2372	2630	2630	2630	98.535	98.535	1	1	1-1365	NZ_OZ035002.1	1	1	1424	1578	1578	1578	83.395	83.395	0.9882783882783882783882783883	0.9882783882783882783882783883	1-1349	NZ_OZ034692.1	51	50	2453	2720	2720	2720	99.853	99.853	1	1	1-1365	CP091195.1
Gbc42af7b94d234f846edd645	P6650f8af23e8baae78a43f97	Aeromachus_catocyanea	AB_unknown_tie	A;B;unknown	0	0	0	0	3e555b73d65e91a2d4d22f3fd83dbf1074960575ae984e1ed33b6ad7f511e8db	0	0	0	1	0	0	False	NOT_ASSIGNED	83	83	636	704	704	704	99.440	99.440	1	1	1-357	NZ_CP054557.1;NZ_OX366348.1;NZ_OX366368.1;NZ_OX366378.1;NZ_OX366379.1;NZ_OX366389.1;NZ_OX366398.1;NZ_OX366399.1;NZ_OZ017714.1;NZ_OZ025779.1;NZ_OZ034715.1;NZ_OZ034717.1;NZ_OZ034719.1;NZ_OZ034763.1;NZ_OZ034779.1;NZ_OZ034782.1;NZ_OZ034785.1;NZ_OZ034791.1;NZ_OZ034998.1;NZ_OZ183482.1;NZ_OZ195515.1;OZ034694.1	1	1	636	704	704	704	99.440	99.440	1	1	1-357	NZ_OZ035002.1	0	0											15	15	636	704	704	704	99.440	99.440	1	1	1-357	NZ_CP069053.1;NZ_CP069060.1;NZ_CP136587.1;NZ_CP170632.1;NZ_CP175927.1
Gd0063e725f405dd289f1e416	P69d68c4e9723a50f19464644	Aeromachus_catocyanea	A_only	A	0	0	0	0	1bbd2c85630f2fab5925931f61360e75932cec83dcc01a307219e5f146d773c8	-50	-55	-0.03858024691358024691358024691	1	0	0	False	NOT_ASSIGNED	87	87	2329	2582	2582	2582	99.846	99.846	1	1	1-1296	NZ_OZ017714.1;NZ_OZ034695.1;NZ_OZ034763.1;NZ_OZ034793.1	2	2	2279	2527	2527	2527	98.997	98.997	1	1	1-1296	NZ_OZ035002.1	0	0											17	17	2324	2577	2577	2577	99.769	99.769	1	1	1-1296	CP091195.1
G1c4341f64a179f6c6e72d7ae	P7b8604775adae8acd2294a64	Aeromachus_catocyanea	A_only	A	0	0	0	0	120560014ea2252deda0ff36b47423a732ad4f713474a985ad5569ce3ed965b1	-14	-15	-0.007843137254901960784313725490	1	0	0	False	NOT_ASSIGNED	105	105	3193	3540	3540	3540	99.664	99.664	1	1	1-1785	NZ_OZ017714.1;NZ_OZ034695.1;NZ_OZ034763.1	2	2	3179	3525	3525	3525	99.496	99.496	1	1	1-1785	NZ_OZ035002.1	0	0											22	22	3188	3535	3535	3535	99.608	99.608	1	1	1-1785	OU953855.1
Gb0f1bfd425863224860b7317	P8d6f063f581eb9f0d5456da6	Aeromachus_catocyanea	A_unknown_tie	A;unknown	0	0	0	0	a6564e0771ef4bed1a2333bd4a813bdf08769548e5abd774ef213d1507a495d5	-5	-5	-0.006060606060606060606060606061	1	0	0	False	NOT_ASSIGNED	77	77	1480	1640	1640	1640	99.758	99.758	1	1	1-825	CP003884.1;NZ_CP041215.1;NZ_CP054598.1;NZ_OX366319.1;NZ_OX366327.1;NZ_OX366332.1;NZ_OX366347.1;NZ_OX366352.1;NZ_OX366359.1;NZ_OX366369.1;NZ_OX366388.1;NZ_OX366389.1;NZ_OX366397.1;NZ_OX366398.1;NZ_OZ017714.1;NZ_OZ034695.1;NZ_OZ034702.1;NZ_OZ034713.1;NZ_OZ034717.1;NZ_OZ034719.1;NZ_OZ034721.1;NZ_OZ034764.1;NZ_OZ034769.1;NZ_OZ034773.1;NZ_OZ034779.1;NZ_OZ034792.1;NZ_OZ034793.1;NZ_OZ034796.1;NZ_OZ034913.1;NZ_OZ034998.1;NZ_OZ195515.1;OZ034697.1	1	1	1475	1635	1635	1635	99.636	99.636	1	1	1-825	NZ_OZ035002.1	0	0											13	13	1480	1640	1640	1640	99.758	99.758	1	1	1-825	CP091195.1;OU953855.1
G7132ceaf2a2239dc4aaa7609	P8fcb3dea8eb09c45fa38015a	Aeromachus_catocyanea	A_unknown_tie	A;unknown	0	0	0	0	d23edecfc95a3f1102d78378ae840727c83b438c44105e9c11e7e6d2c572f91a	-55	-60	-0.03525641025641025641025641026	1	0	0	False	NOT_ASSIGNED	113	113	2801	3105	3105	3105	99.808	99.808	1	1	1-1560	NZ_OX366378.1;NZ_OZ017714.1;NZ_OZ025779.1;NZ_OZ034695.1;NZ_OZ034717.1;NZ_OZ034793.1;NZ_OZ034998.1	74	74	2746	3045	3045	3045	99.038	99.038	1	1	1-1560	NZ_OZ035002.1	1	1	1596	1769	1769	1769	82.383	82.383	1	1	1-1560	NZ_OZ034692.1	49	49	2801	3105	3105	3105	99.808	99.808	1	1	1-1560	CP091195.1
Gfba6d4b20efe2fcbd3904c02	P942e1b2a3926d675d1974bf5	Aeromachus_catocyanea	A_unknown_tie	A;unknown	0	0	0	0	861ea77060f37a1b56777a343739f4b51dafa2a5ae9c29ab82e5d519cd9f1875	-72	-80	-0.09795918367346938775510204082	1	0	0	False	NOT_ASSIGNED	80	80	1322	1465	1465	1465	99.864	99.864	1	1	1-735	NZ_OX366378.1;NZ_OX366387.1;NZ_OX366388.1;NZ_OZ017714.1;NZ_OZ025779.1;NZ_OZ034695.1;NZ_OZ034717.1;NZ_OZ034763.1;NZ_OZ034793.1;NZ_OZ034998.1;NZ_OZ035007.1;OX366363.1;OZ034694.1	1	1	1250	1385	1385	1385	97.687	97.687	1	1	1-735	NZ_OZ035002.1	0	0											15	15	1322	1465	1465	1465	99.864	99.864	1	1	1-735	CP091195.1
G9ff20481f0f02bb9b6939995	P95855010e0c2448a44e263ca	Aeromachus_catocyanea	A_unknown_tie	A;unknown	0	0	0	0	4a1665111186ed75b00e5ecbe65561c3ad92c913ed8a94d9996aec06041bbf32	-31	-35	-0.04783950617283950617283950617	1	0	0	False	NOT_ASSIGNED	80	80	1160	1286	1286	1286	99.691	99.691	1	1	1-648	NZ_OX366378.1;NZ_OX366388.1;NZ_OZ017714.1;NZ_OZ025779.1;NZ_OZ034695.1;NZ_OZ034717.1;NZ_OZ034763.1;NZ_OZ034793.1;NZ_OZ034998.1	1	1	1129	1251	1251	1251	98.611	98.611	1	1	1-648	NZ_OZ035002.1	0	0											15	15	1160	1286	1286	1286	99.691	99.691	1	1	1-648	CP091195.1
G0c9b11a21c4eb2626e6fed55	P9897241121f49b098577aa4d	Aeromachus_catocyanea	A_unknown_tie	A;unknown	0	0	0	1	d8309374d631c857baf880064dfe60cf143a647d70abc84c6239d950eabc5bf2	-18	-20	-0.05263157894736842105263157895	1	0	0	False	NOT_ASSIGNED	102	90	618	684	684	684	100.000	100.000	1	1	1-342	NZ_OX366272.1;NZ_OX366374.1;NZ_OX366378.1;NZ_OX366388.1;NZ_OZ017714.1;NZ_OZ025779.1;NZ_OZ034695.1;NZ_OZ034717.1;NZ_OZ034720.1;NZ_OZ034725.1;NZ_OZ034793.1;NZ_OZ034998.1;OX366363.1	1	1	600	664	664	664	98.830	98.830	1	1	1-342	NZ_OZ035002.1	0	0											15	14	618	684	684	684	100.000	100.000	1	1	1-342	CP091195.1;NZ_CP110359.1
G20a68f21c85d27433d04f9ce	Pa2bce227857811250a569cd1	Aeromachus_catocyanea	A_only	A	0	0	0	0	5dd6595b77fd6d98bacaa85ca8c2d4f8ba6a85a07f09c167c064130b1236aaef	-9	-10	-0.02970297029702970297029702970	1	0	0	False	NOT_ASSIGNED	106	106	547	606	606	606	100.000	100.000	1	1	1-303	NZ_CP041215.1;NZ_CP054598.1;NZ_OX366319.1;NZ_OX366326.1;NZ_OX366332.1;NZ_OX366351.1;NZ_OX366352.1;NZ_OX366353.1;NZ_OX366356.1;NZ_OX366369.1;NZ_OX366397.1;NZ_OX366400.1;NZ_OZ014602.1;NZ_OZ034690.1;NZ_OZ034701.1;NZ_OZ034702.1;NZ_OZ034713.1;NZ_OZ034716.1;NZ_OZ034719.1;NZ_OZ034720.1;NZ_OZ034721.1;NZ_OZ034726.1;NZ_OZ034728.1;NZ_OZ034762.1;NZ_OZ034764.1;NZ_OZ034769.1;NZ_OZ034773.1;NZ_OZ034792.1;NZ_OZ034913.1;NZ_OZ187004.1;NZ_OZ195515.1;NZ_OZ195525.1	6	6	538	596	596	596	99.340	99.340	1	1	1-303	NZ_OZ035002.1	0	0											31	30	543	601	601	601	99.670	99.670	1	1	1-303	CP091195.1;NZ_CP110359.1;OU953855.1
G837ceb48a984b67083ef201f	Pa87d72afcf636cec7bbf5d9e	Aeromachus_catocyanea	A_unknown_tie	A;unknown	0	0	0	0	d3f1f17a43e25b7bc509212b20b1c0aa1b4b28e61528d80147e029c2ea833465	-20	-22	-0.06006006006006006006006006006	0	0	0	False	NOT_ASSIGNED	104	104	592	656	656	656	99.399	99.399	1	1	1-333	NZ_CP041215.1;NZ_CP054598.1;NZ_OX366272.1;NZ_OX366327.1;NZ_OX366352.1;NZ_OX366353.1;NZ_OX366357.1;NZ_OX366359.1;NZ_OX366375.1;NZ_OX366378.1;NZ_OX366387.1;NZ_OX366388.1;NZ_OX366389.1;NZ_OX366395.1;NZ_OX366397.1;NZ_OX366398.1;NZ_OZ017714.1;NZ_OZ034695.1;NZ_OZ034701.1;NZ_OZ034712.1;NZ_OZ034713.1;NZ_OZ034717.1;NZ_OZ034720.1;NZ_OZ034763.1;NZ_OZ034764.1;NZ_OZ034769.1;NZ_OZ034773.1;NZ_OZ034779.1;NZ_OZ034785.1;NZ_OZ034792.1;NZ_OZ034796.1;NZ_OZ034998.1;NZ_OZ035007.1;NZ_OZ195518.1;OX366363.1;OZ034697.1	5	5	572	634	634	634	98.193	98.193	0.9969969969969969969969969970	0.9969969969969969969969969970	1-332	NZ_OZ035002.1	0	0											24	24	592	656	656	656	99.399	99.399	1	1	1-333	CP091195.1;NZ_OU909470.1;OU953855.1
G68e91681589945cfe075a239	Pcd189dc1eefba4ae08285709	Aeromachus_catocyanea	A_only	A	0	0	0	0	48dbe910da2fe94c4ef9afd65274c847c08512a3a735919ace88ab7540b362b5	-18	-20	-0.01780415430267062314540059347	1	0	0	False	NOT_ASSIGNED	75	73	1755	1946	1946	1946	99.796	99.796	0.9673590504451038575667655786	0.9673590504451038575667655786	1-978	CP003884.1;NZ_CP041215.1;NZ_OX366352.1;NZ_OX366359.1;NZ_OX366387.1;NZ_OZ017714.1;NZ_OZ025779.1;NZ_OZ034695.1;NZ_OZ034763.1;NZ_OZ034764.1;NZ_OZ034769.1;NZ_OZ034792.1;NZ_OZ034793.1	5	5	1737	1926	1926	1926	99.387	99.387	0.9673590504451038575667655786	0.9673590504451038575667655786	1-978	NZ_OZ035002.1	0	0											21	19	1746	1936	1936	1936	99.591	99.591	0.9673590504451038575667655786	0.9673590504451038575667655786	1-978	NZ_CP110359.1
Ga806f3794fa04a7890aa26ab	Pdd5c78cc55f1937e37fb3db7	Aeromachus_catocyanea	A_unknown_tie	A;unknown	0	0	0	0	4a1f3b4ea40c4a3ad053ad77337240639359f3ab91b91c9786858e13f89a1927	-19	-20	-0.02959501557632398753894080997	1	0	0	False	NOT_ASSIGNED	80	80	1141	1264	1264	1264	99.377	99.377	1	1	1-642	NZ_OX366347.1;NZ_OX366378.1;NZ_OX366388.1;NZ_OZ017714.1;NZ_OZ025779.1;NZ_OZ034695.1;NZ_OZ034717.1;NZ_OZ034763.1;NZ_OZ034793.1;NZ_OZ034998.1	1	1	1122	1244	1244	1244	98.754	98.754	1	1	1-642	NZ_OZ035002.1	0	0											15	15	1141	1264	1264	1264	99.377	99.377	1	1	1-642	CP091195.1
Ge0c07bfc4ac37e7bcf432daf	Pfa51b8e46837a9b1625cc8c5	Aeromachus_catocyanea	A_only	A	0	0	0	1	c134a0c297ad5c7a1259f943f8fee7542a1d3fed54b56ab611097ecc4e3c380d	-632	-701	-0.1872592592592592592592592593	1	0	0	False	NOT_ASSIGNED	88	88	6051	6710	6710	6710	99.763	99.763	1	1	1-3375	NZ_OZ025779.1;NZ_OZ034695.1	62	61	5419	6009	6009	6009	95.585	95.585	1	1	1-3375	NZ_OZ034708.1	1	1	3065	3398	3398	3398	86.881	86.881	0.7472592592592592592592592593	0.7472592592592592592592592593	1-2522	NZ_OZ034692.1	37	37	6047	6705	6705	6705	99.733	99.733	1	1	1-3375	CP091195.1
G919c29a55dd4f45d801f1099	P13e05d070734305f12c2eb26	Aeromachus_nana	A_only	A	0	1	1	0	ddcb027886a6645565d81124afece9401205422c9beb34af67e9b6da46bdf738	-54	-60	-0.1730769230769230769230769231	0	0	0	False	NOT_ASSIGNED	20	20	563	624	624	624	100.000	100.000	1	1	1-312	NZ_OX366364.1;NZ_OX366367.1;NZ_OZ034699.1;NZ_OZ034760.1;NZ_OZ034985.1	1	1	509	564	564	564	95.283	95.283	0.9935897435897435897435897436	0.9935897435897435897435897436	1-310	NZ_OZ181655.1	0	0											2	2	547	606	606	606	99.351	99.351	0.9871794871794871794871794872	0.9871794871794871794871794872	1-308	NZ_CP175923.1
G8ea08406d8cff736699ca7a0	P1440feb117cd723f6abb3813	Aeromachus_nana	unknown_only	unknown	0	1	1	0	c0e55dce7eb77a5ab6bd838293a7f61348b65229e0e758147d91b3d417c390fe	-23	-25	-0.009159697331740342493030665074	1	0	0	False	NOT_ASSIGNED	113	113	4502	4992	4992	4992	99.761	99.761	1	1	1-2511	NZ_OX366364.1	73	73	4479	4967	4967	4967	99.562	99.562	1	1	1-2511	NZ_OZ034708.1	0	0											47	47	4507	4997	4997	4997	99.801	99.801	1	1	1-2511	NZ_CP175923.1
G45a3c6a9b31ca66a388c4b8f	P1b1b9bd92b6d337fd150f16a	Aeromachus_nana	A_unknown_tie	A;unknown	0	1	1	0	53b1df2b9fc24b69fe3a7820cee1e5159f23e3356a2e5df24344fb4861042435	-392	-434	-0.2923191648023862788963460104	0	0	0	False	NOT_ASSIGNED	32	32	2415	2677	2677	2677	99.925	99.925	1	1	1-1341	NZ_OZ034760.1	71	71	2023	2243	2243	2243	99.560	99.560	0.8463832960477255779269202088	0.8463832960477255779269202088	1-1135	NZ_OZ034708.1	0	0											26	26	2415	2677	2677	2677	99.925	99.925	1	1	1-1341	NZ_CP175923.1
Gbc873822911b8509729de45c	P1b45d62aeeff39a57fb5f62e	Aeromachus_nana	B_only	B	1	1	1	0	0dc6eb0212af7be40e29df3fe507d13ad6828fdbe2708a1c398b7e35e4811f83	84	93	0.08069164265129682997118155620	0	0	0	False	NOT_ASSIGNED	14	14	1661	1841	1841	1841	96.888	96.888	0.9481268011527377521613832853	0.9481268011527377521613832853	1-987	NZ_OZ034770.1	69	69	1745	1934	1934	1934	97.659	97.659	0.9759846301633045148895292988	0.9759846301633045148895292988	1-1016	NZ_OZ034708.1	0	0											16	16	1192	1321	1321	1321	87.050	87.050	0.9260326609029779058597502402	0.9260326609029779058597502402	25-988	NZ_CP087954.1
Gc2004d72ed4c5fc8ce90b53a	P1c6d0324297a9a0d8c4410e8	Aeromachus_nana	A_only	A	0	1	1	0	2ec3b69c32b396cdcbfabd7f76049e8e7249aae19b6fec132b8d90c1cfd0e20b	-167	-185	-0.4383202099737532808398950131	1	0	0	False	NOT_ASSIGNED	8	8	688	762	762	762	100.000	100.000	1	1	1-381	NZ_OX366367.1;NZ_OZ034699.1;NZ_OZ034725.1;NZ_OZ034760.1	71	70	521	577	577	577	90.289	90.289	1	1	1-381	NZ_OZ034749.1	0	0											16	15	538	596	596	596	91.623	91.623	1	1	1-381	NZ_CP102058.1
Gb388c58c09b4b1746cd7ac76	P23e7a20ecc5930faafdadf7b	Aeromachus_nana	B_only	B	1	1	1	1	6bedbc7842c398e733a45eb18d1642a8ce83ad9b1c926f5e992e93f993abc000	140	155	0.09702009702009702009702009702	1	0	0	False	NOT_ASSIGNED	114	113	2454	2721	2721	2721	97.713	97.713	1	1	1-1443	NZ_OX366367.1;NZ_OZ034699.1;NZ_OZ034760.1	74	74	2594	2876	2876	2876	99.861	99.861	1	1	1-1443	NZ_OZ034708.1	1	1	1674	1856	1856	1856	85.724	85.724	1	1	1-1443	NZ_OZ034692.1	51	50	2396	2656	2656	2656	96.812	96.812	1	1	1-1443	NZ_CP021120.1;NZ_CP149530.1
Gfb8e07f45187b6ccba1be928	P44f6e46ea2ed589cedda429f	Aeromachus_nana	A_only	A	0	1	1	0	9c8f2b43a741a204d0e0ad6a912f5c389679dd8f216dd2b7797cd68a53354dad					0	1	False	NOT_ASSIGNED	13	13	4563	5060	5060	5060	100.000	100.000	0.9909909909909909909909909910	0.9909909909909909909909909910	1-2530	NZ_OX366369.1;NZ_OZ034769.1;NZ_OZ035007.1	0	0											1	1	1302	1443	1443	1443	80.671	80.671	0.5248726987857422640031335684	0.5248726987857422640031335684	1191-2530	NZ_OZ034692.1	3	3	1528	1694	1694	1694	84.945	84.945	0.5248726987857422640031335684	0.5248726987857422640031335684	1191-2530	OU953855.1
Gb70d8e667c5aa915232e0213	P507058803c71333cf0b9f49f	Aeromachus_nana	A_only	A	0	1	1	0	ff7f2563605f4b05feefe68718a95dc82542c4abe509f495f37fc2cc8ab910cd	-110	-121	-0.1437908496732026143790849673	0	0	0	False	NOT_ASSIGNED	113	113	1278	1416	1416	1416	97.361	97.361	0.9908496732026143790849673203	0.9908496732026143790849673203	1-758	NZ_OX366362.1	74	74	1168	1295	1295	1295	93.856	93.856	1	1	1-765	NZ_OZ034708.1	1	1	833	923	923	923	84.321	84.321	0.9921568627450980392156862745	0.9921568627450980392156862745	1-759	NZ_OZ034692.1	51	51	1214	1346	1346	1346	95.515	95.515	0.9908496732026143790849673203	0.9908496732026143790849673203	1-758	NZ_CP149530.1
G5f3100a4b5cb390c9dc7c2d2	P642aafeefb367660a9b78c39	Aeromachus_nana	A_only	A	0	1	1	1	0e5df5132ff9d9c63d11247fba386af5f8debd4429c4388d7fbd120961aeaf75	-40	-45	-0.02930402930402930402930402930	0	0	0	False	NOT_ASSIGNED	114	113	2363	2620	2620	2620	98.388	98.388	1	1	1-1365	NZ_OX366344.1;NZ_OZ034756.1	74	74	2323	2575	2575	2575	97.520	97.520	0.9985347985347985347985347985	0.9985347985347985347985347985	1-1363	NC_010981.1;NZ_OX366317.1;NZ_OX366322.1;NZ_OX366330.1;NZ_OX366340.1;NZ_OX366358.1;NZ_OX366361.1;NZ_OX366365.1;NZ_OX366383.1;NZ_OX366392.1;NZ_OX366394.1;NZ_OZ034689.1;NZ_OZ034698.1;NZ_OZ034705.1;NZ_OZ034751.1;NZ_OZ034799.1;NZ_OZ077190.1;NZ_OZ238265.1	1	1	1460	1618	1618	1618	83.988	83.988	0.9882783882783882783882783883	0.9882783882783882783882783883	1-1349	NZ_OZ034692.1	51	50	2324	2576	2576	2576	98.220	98.220	0.9875457875457875457875457875	0.9875457875457875457875457875	1-1348	NZ_CP149530.1
G485e13bb6194a39aa0189b5e	P69d68c4e9723a50f19464644	Aeromachus_nana	A_only	A	0	1	1	0	15b3240de8f1a609c0c1d0a57c178674e0da3c1f00b187989c40f39a9c5bd802	-58	-65	-0.04475308641975308641975308642	1	0	0	False	NOT_ASSIGNED	87	87	2306	2557	2557	2557	99.460	99.460	1	1	1-1296	NZ_OX366367.1;NZ_OZ034699.1;NZ_OZ034760.1	2	2	2248	2492	2492	2492	98.457	98.457	1	1	1-1296	NZ_OZ181655.1	0	0											17	17	2267	2513	2513	2513	98.843	98.843	1	1	1-1296	NZ_CP175923.1
G71bb8c7f5b149dba1c7305d5	P71bb8c7f5b149dba1c7305d5	Aeromachus_nana	A_only	A	0	1	1	0	c6be24ca03170c1a63fd4c62e53bdc453eb7a8f9f804205fafe1777a967a97cb	-95	-105	-0.08870214752567693744164332400	1	0	0	False	NOT_ASSIGNED	76	74	1865	2067	2067	2067	99.712	99.712	0.9719887955182072829131652661	0.9719887955182072829131652661	1-1041	NZ_OX366367.1;NZ_OZ034699.1;NZ_OZ034760.1	1	1	1770	1962	1962	1962	97.695	97.695	0.9719887955182072829131652661	0.9719887955182072829131652661	1-1041	NZ_OZ035002.1	0	0											19	19	1770	1962	1962	1962	97.695	97.695	0.9719887955182072829131652661	0.9719887955182072829131652661	1-1041	NZ_CP069053.1;NZ_CP069060.1;NZ_CP090902.1;NZ_CP175927.1;OX384028.1
G69ee06537fb786ee7f3b7c20	P8199b65d2f3a3eb73fd3881f	Aeromachus_nana	A_unknown_tie	A;unknown	0	1	1	0	e986e5f28c170a865a391d345cd6abe71a9fe61ce8b05ea3c50852d1bd3efb90	-583	-647	-0.4615993665874901029295328583	0	0	0	False	NOT_ASSIGNED	21	18	1677	1859	1859	1859	89.153	89.153	1	1	1-1263	NZ_OX366327.1;NZ_OX366399.1;NZ_OX366400.1;NZ_OZ187004.1	2	1	1094	1212	1212	1212	85.000	85.000	0.7577197149643705463182897862	0.7577197149643705463182897862	307-1263	NZ_OX366345.1	0	0											1	1	1677	1859	1859	1859	89.153	89.153	1	1	1-1263	NZ_CP170632.1
Gca80789aaa7fdc10f82db10e	P8fcb3dea8eb09c45fa38015a	Aeromachus_nana	unknown_only	unknown	0	1	1	0	cee193b595fbaa23db98fdb37479764235ee0bd194bef2cee930078c088ec89a	-140	-155	-0.08974358974358974358974358974	1	0	0	False	NOT_ASSIGNED	113	113	2742	3040	3040	3040	98.974	98.974	1	1	1-1560	NZ_OX366364.1	74	74	2602	2885	2885	2885	96.987	96.987	1	1	1-1560	NZ_OZ035002.1;NZ_OZ181655.1	1	1	1587	1759	1759	1759	82.256	82.256	1	1	1-1560	NZ_OZ034692.1	49	49	2746	3045	3045	3045	99.038	99.038	1	1	1-1560	NZ_CP175923.1
Gf81eb7e4cac7897224b02cc4	Pc399a2889a3327696ebea158	Aeromachus_nana	A_only	A	0	1	1	1	84cc1c49f066b52856569afce147ae0b3c2b0082a13c04813ce809ce294d918e	-383	-425	-0.1888560157790927021696252465	1	0	0	False	NOT_ASSIGNED	56	56	3374	3741	3741	3741	96.548	96.548	1	1	1-2028	NZ_OX366388.1	1	1	2991	3316	3316	3316	88.338	88.338	1	1	1-2028	NZ_OZ035002.1	0	0											13	13	3093	3429	3429	3429	90.476	90.476	1	1	1-2028	NZ_CP069053.1;NZ_CP069060.1
G25161a06540c31b3bef6fdb1	Pfa51b8e46837a9b1625cc8c5	Aeromachus_nana	unknown_only	unknown	0	1	1	1	e2a39deafaeb6d8e6723e978d4f18f85d29c2ea6bba6b6bfb0c7fd9513c7aa52	-23	-26	-0.006814814814814814814814814815	1	0	0	False	NOT_ASSIGNED	88	88	5740	6365	6365	6365	97.719	97.719	1	1	1-3375	NZ_OX366364.1	56	55	5717	6339	6339	6339	97.541	97.541	1	1	1-3375	NZ_OZ034708.1	1	1	3069	3403	3403	3403	86.960	86.960	0.7472592592592592592592592593	0.7472592592592592592592592593	1-2522	NZ_OZ034692.1	36	36	5749	6375	6375	6375	97.778	97.778	1	1	1-3375	NZ_CP175923.1
G4f93a9b8a9865fea40f4f9cd	P0294554494f5a8cec05865fd	Ampittia_dioscorides_fabricius	A_only	A	0	0	0	0	4e0275b233849f065c211fe603976e8ea940c201a1f4c22527f651875f01dbf1	-9	-10	-0.006134969325153374233128834356	1	0	0	False	NOT_ASSIGNED	82	82	2646	2934	2934	2934	100.000	100.000	1	1	1-1467	NZ_CP041215.1;NZ_CP054598.1;NZ_OX366332.1;NZ_OX366352.1;NZ_OX366353.1;NZ_OX366397.1;NZ_OZ034713.1;NZ_OZ034764.1;NZ_OZ034773.1;NZ_OZ034792.1	2	2	2637	2924	2924	2924	99.864	99.864	1	1	1-1467	NZ_OZ035002.1	0	0											13	13	2642	2929	2929	2929	99.932	99.932	1	1	1-1467	NZ_CP170632.1;NZ_CP175927.1
G172dbad2e54fe4a97133861e	P0675c48295767aa3906ac372	Ampittia_dioscorides_fabricius	A_only	A	0	0	0	0	6fdacdb38cde080b58413e19008029a9807b7b71a749ad8be647c89c36acb925	-1068	-1184	-0.4836956521739130434782608696	0	0	0	False	NOT_ASSIGNED	33	33	3974	4406	4406	4406	99.909	99.909	1	1	1-2208	NZ_OZ034769.1	1	1	2906	3222	3222	3222	98.858	98.858	0.7522644927536231884057971014	0.7522644927536231884057971014	548-2208	NZ_OZ035002.1	0	0											4	4	2910	3226	3226	3226	98.917	98.917	0.7522644927536231884057971014	0.7522644927536231884057971014	548-2208	NZ_CP175927.1
Ge6f2706ca128f5d20a008fa6	P07f88e2bb1e56fb05f02e58a	Ampittia_dioscorides_fabricius	A_only	A	0	0	0	0	a0855695dc40080fb5c39f0c612c7df04781773218ad125895a80f7d80a53216	-9	-10	-0.01136363636363636363636363636	1	0	0	False	NOT_ASSIGNED	77	75	1423	1577	1577	1577	99.874	99.874	0.9987373737373737373737373737	0.9987373737373737373737373737	1-791	CP003884.1;NZ_OX366332.1;NZ_OX366352.1;NZ_OX366359.1;NZ_OX366397.1;NZ_OZ034713.1;NZ_OZ034769.1;NZ_OZ034773.1;NZ_OZ034792.1	1	1	1414	1567	1567	1567	99.621	99.621	0.9987373737373737373737373737	0.9987373737373737373737373737	1-791	NZ_OZ035002.1	0	0											13	13	1418	1572	1572	1572	99.747	99.747	0.9987373737373737373737373737	0.9987373737373737373737373737	1-791	NZ_CP110359.1;OU953855.1
Gc72edb205ee3d808610f0436	P0c624e151735e4a9fed865d5	Ampittia_dioscorides_fabricius	A_only	A	0	0	0	0	466ce57dff8435b1b58a59770ce5d0c74cdc369098a7025f7b2a26f85fb8f699	-147	-163	-0.5157894736842105263157894737	0	0	0	False	NOT_ASSIGNED	55	55	515	570	570	570	100.000	100.000	1	1	1-285	CP003884.1;NZ_OX366332.1;NZ_OX366352.1;NZ_OX366353.1;NZ_OX366359.1;NZ_OX366397.1;NZ_OZ034764.1;NZ_OZ034792.1	71	71	368	407	407	407	96.018	96.018	0.7929824561403508771929824561	0.7929824561403508771929824561	16-241	NZ_OZ181655.1	0	0											36	36	510	565	565	565	99.649	99.649	1	1	1-285	NZ_CP110359.1
G45d721ad01990e136ebc431e	P0f7e8941919e9b634eb350c7	Ampittia_dioscorides_fabricius	A_only	A	0	0	0	0	3ebeaf158a91a5e92efbda3df1c6a8b908bcf8b97b968f10031fafbf5ba445db	-117	-130	-0.1282894736842105263157894737	1	0	0	False	NOT_ASSIGNED	113	108	1639	1817	1817	1817	99.890	99.890	0.9989035087719298245614035088	0.9989035087719298245614035088	1-911	CP003884.1;NZ_OX366332.1;NZ_OX366397.1;NZ_OZ034713.1;NZ_OZ034764.1;NZ_OZ034773.1;NZ_OZ034792.1	73	73	1522	1687	1687	1687	97.036	97.036	0.9989035087719298245614035088	0.9989035087719298245614035088	1-911	NZ_OZ035002.1	1	1	896	993	993	993	82.091	82.091	0.9857456140350877192982456140	0.9857456140350877192982456140	13-911	NZ_OZ034692.1	40	40	1635	1812	1812	1812	99.780	99.780	0.9989035087719298245614035088	0.9989035087719298245614035088	1-911	NZ_CP110359.1
G9c362fd03bcf1e4ecc44f412	P105e81cadb13fa73bec24ff5	Ampittia_dioscorides_fabricius	A_only	A	0	0	0	0	17ed1b814c1fe55ea3c7c360f9301bca2970c2b7da07b5b2f116992c6f963946	-2994	-3320	-1.056084656084656084656084656	0	0	0	False	NOT_ASSIGNED	37	37	4772	5291	5291	5291	97.551	97.551	0.9940035273368606701940035273	0.9940035273368606701940035273	1-2818	NZ_OX366359.1	1	1	1778	1971	1971	1971	75.906	75.906	0.8835978835978835978835978836	0.8835978835978835978835978836	1-2505	NZ_OZ181655.1	0	0											4	4	4082	4526	4526	4526	92.130	92.130	0.9936507936507936507936507937	0.9936507936507936507936507937	1-2817	CP091195.1
Gcb01f2b713db01f1678cff6f	P13e05d070734305f12c2eb26	Ampittia_dioscorides_fabricius	A_only	A	0	0	0	0	d3560b5d4f4c5e3743342ec2bf83a1c3967d869780e61fe291fad16d63ec5e6f	-63	-70	-0.2019230769230769230769230769	0	0	0	False	NOT_ASSIGNED	20	20	563	624	624	624	100.000	100.000	1	1	1-312	CP003884.1;NZ_CP041215.1;NZ_CP054598.1;NZ_OX366332.1;NZ_OX366352.1;NZ_OX366359.1;NZ_OX366397.1;NZ_OZ034713.1;NZ_OZ034764.1;NZ_OZ034769.1;NZ_OZ034773.1;NZ_OZ034792.1	1	1	500	554	554	554	94.654	94.654	0.9935897435897435897435897436	0.9935897435897435897435897436	1-310	NZ_OZ181655.1	0	0											2	2	540	598	598	598	97.188	97.188	1	1	1-312	NZ_OW370537.1
Gb4c3bc2dbcc0ab07ce4a2c4f	P16ac9b89ff10a00bf5aef6dc	Ampittia_dioscorides_fabricius	A_only	A	0	0	0	0	c3247bc8cb0f826a75ef9bc0911d32f87b97ffbc5522e90b0b540f82e3b2c53d	-4	-5	-0.008771929824561403508771929825	1	0	0	False	NOT_ASSIGNED	80	80	823	912	912	912	100.000	100.000	1	1	1-456	CP003884.1;NZ_CP041215.1;NZ_CP054598.1;NZ_OX366332.1;NZ_OX366352.1;NZ_OX366397.1;NZ_OZ034713.1;NZ_OZ034764.1;NZ_OZ034769.1;NZ_OZ034773.1;NZ_OZ034792.1	1	1	819	907	907	907	99.781	99.781	1	1	1-456	NZ_OZ035002.1	0	0											15	15	819	907	907	907	99.781	99.781	1	1	1-456	CP076228.1;NZ_CP069053.1;NZ_CP069060.1;NZ_CP090902.1;NZ_CP136586.1;NZ_CP136587.1;NZ_CP157591.1;NZ_CP170632.1;NZ_CP175927.1;OU953855.1;OX384028.1
G485261e8f3dac2f6d6b1cb62	P17c4a8f0e8f2f82c6ac338cd	Ampittia_dioscorides_fabricius	A_only	A	0	0	0	0	d78519f08c2a5e81d2f58df6a52ad9932221bd1b9cd606e27be0e1bcccd7d8ce	-1024	-1135	-1.101075268817204301075268817	0	0	0	False	NOT_ASSIGNED	104	95	1651	1830	1830	1830	99.355	99.355	1	1	1-930	NZ_OZ034769.1	1	1	627	695	695	695	78.429	78.429	0.8032258064516129032258064516	0.8032258064516129032258064516	184-930	NZ_OZ035002.1	0	0											18	18	1067	1183	1183	1183	85.253	85.253	0.9989247311827956989247311828	0.9989247311827956989247311828	1-929	NZ_CP175923.1
Gc26e2cfaf9c9639bc7a7c858	P20dcc1f87621309dee9a6f80	Ampittia_dioscorides_fabricius	A_only	A	0	0	0	0	910c93a5e1159ea5550af600057b9b819948587198a1a0b0cd0a6340b975a120	-9	-10	-0.007978723404255319148936170213	1	0	0	False	NOT_ASSIGNED	113	113	2030	2251	2251	2251	99.911	99.911	1	1	1-1128	NZ_CP041215.1;NZ_OX366332.1;NZ_OX366352.1;NZ_OX366397.1;NZ_OZ034713.1;NZ_OZ034764.1;NZ_OZ034769.1;NZ_OZ034773.1;NZ_OZ034792.1	74	74	2021	2241	2241	2241	99.734	99.734	1	1	1-1128	NZ_OZ035002.1	1	1	810	897	897	897	84.048	84.048	0.6613475177304964539007092199	0.6613475177304964539007092199	379-1124	NZ_OZ034692.1	51	51	2021	2241	2241	2241	99.734	99.734	1	1	1-1128	CP076228.1;NZ_CP175927.1;OX384028.1
G15163a97c65c0fd5b5efb3cc	P22c5aea74644942fb02544bc	Ampittia_dioscorides_fabricius	A_only	A	0	0	0	1	e00b239ddb5e55c1432c085c7f2f6878ae26bbd5c4af27c437d3462d40b673b2	-236	-262	-0.1277056277056277056277056277	1	0	0	False	NOT_ASSIGNED	114	113	3324	3686	3686	3686	99.892	99.892	1	1	1-1848	CP003884.1;NZ_OX366332.1;NZ_OX366352.1;NZ_OX366353.1;NZ_OX366359.1;NZ_OZ034769.1;NZ_OZ034792.1	74	74	3088	3424	3424	3424	96.926	96.926	1	1	1-1848	NZ_OZ034718.1	1	1	2250	2495	2495	2495	86.933	86.933	0.9989177489177489177489177489	0.9989177489177489177489177489	3-1848	NZ_OZ034692.1	51	50	3088	3424	3424	3424	96.926	96.926	1	1	1-1848	NZ_CP192272.1
Gbacdf76bcff5919084145e27	P23e7a20ecc5930faafdadf7b	Ampittia_dioscorides_fabricius	A_only	A	0	0	0	1	f2d2e21fb5badbf9fbb97de570088dd19f97318c57561fcc482d58cf1b3f3b18	-109	-120	-0.07553707553707553707553707554	1	0	0	False	NOT_ASSIGNED	114	113	2599	2881	2881	2881	99.931	99.931	1	1	1-1443	CP003884.1;NZ_CP041215.1;NZ_CP054598.1;NZ_OX366332.1;NZ_OX366352.1;NZ_OX366353.1;NZ_OX366359.1;NZ_OX366397.1;NZ_OZ034713.1;NZ_OZ034764.1;NZ_OZ034769.1;NZ_OZ034773.1;NZ_OZ034792.1	74	74	2490	2761	2761	2761	98.267	98.267	1	1	1-1443	NZ_OZ035002.1	1	1	1661	1841	1841	1841	85.516	85.516	1	1	1-1443	NZ_OZ034692.1	51	50	2513	2786	2786	2786	98.614	98.614	1	1	1-1443	OU953855.1
G44f6e46ea2ed589cedda429f	P44f6e46ea2ed589cedda429f	Ampittia_dioscorides_fabricius	A_only	A	0	0	0	0	bda14d5b47249f75e914d082476d4fa6df999f1113119ce9ed2b38c4a553d6a1					0	1	False	NOT_ASSIGNED	13	13	5293	5869	5869	5869	99.966	99.966	1	1	1-2937	NZ_OX366369.1;NZ_OZ034769.1	0	0											1	1	1872	2075	2075	2075	82.960	82.960	0.5948246510044262853251617297	0.5948246510044262853251617297	1191-2937	NZ_OZ034692.1	3	3	2235	2478	2478	2478	88.082	88.082	0.5948246510044262853251617297	0.5948246510044262853251617297	1191-2937	OU953855.1
G692e6b9ec5f33945f2b24745	P493f6ff5725a58e31ceb52ab	Ampittia_dioscorides_fabricius	A_only	A	0	0	0	0	da0d8fe005def433e13416c834351fdcaf030b88f1ec8bfd59c61c9dfede4f16	-23	-25	-0.02123730378578024007386888273	1	0	0	False	NOT_ASSIGNED	76	76	1954	2166	2166	2166	100.000	100.000	1	1	1-1083	CP003884.1;NZ_CP041215.1;NZ_OX366332.1;NZ_OX366352.1;NZ_OX366353.1;NZ_OX366397.1;NZ_OZ034713.1;NZ_OZ034764.1;NZ_OZ034769.1;NZ_OZ034773.1;NZ_OZ034792.1	1	1	1931	2141	2141	2141	99.538	99.538	1	1	1-1083	NZ_OZ035002.1	0	0											19	19	1945	2156	2156	2156	99.815	99.815	1	1	1-1083	OU953855.1
G3afe9b1816c55a8e68c808c4	P52a038d73fbb0dc2fce63fa2	Ampittia_dioscorides_fabricius	A_only	A	0	0	0	1	1757183cef033e78d34092a26536a00b1e7932bfcace6d50d8156d43e77c98e3	-16	-17	-0.01453224341507720254314259764	1	0	0	False	NOT_ASSIGNED	81	79	1982	2197	2197	2197	99.909	99.909	1	1	1-1101	CP003884.1;NZ_OX366332.1;NZ_OX366352.1;NZ_OZ034713.1;NZ_OZ034764.1;NZ_OZ034769.1;NZ_OZ034773.1	35	35	1966	2180	2180	2180	99.637	99.637	1	1	1-1101	NZ_OZ035002.1	0	0											20	19	1968	2182	2182	2182	99.637	99.637	1	1	1-1101	NZ_CP069053.1;NZ_CP069060.1;NZ_CP090902.1;NZ_CP170632.1;OX384028.1
Ga420c7965a93e733db9b4cf4	P642aafeefb367660a9b78c39	Ampittia_dioscorides_fabricius	A_only	A	0	0	0	1	8ef93ad4d9ae166d885b22092e28a20ac05c29ec5f6a938bca7d0984d0743518	-94	-105	-0.06886446886446886446886446886	0	0	0	False	NOT_ASSIGNED	114	113	2462	2730	2730	2730	100.000	100.000	1	1	1-1365	CP003884.1;NZ_CP041215.1;NZ_CP054598.1;NZ_OX366332.1;NZ_OX366352.1;NZ_OX366353.1;NZ_OX366359.1;NZ_OX366397.1;NZ_OZ034713.1;NZ_OZ034764.1;NZ_OZ034769.1;NZ_OZ034792.1	74	74	2368	2625	2625	2625	98.249	98.249	0.9985347985347985347985347985	0.9985347985347985347985347985	1-1363	NZ_OX366334.1;OX366390.1	1	1	1460	1618	1618	1618	83.988	83.988	0.9882783882783882783882783883	0.9882783882783882783882783883	1-1349	NZ_OZ034692.1	51	50	2394	2654	2654	2654	98.616	98.616	1	1	1-1365	NZ_CP110359.1
G5d580d760bed59d992df92f7	P6650f8af23e8baae78a43f97	Ampittia_dioscorides_fabricius	A_only	A	0	0	0	0	739791e6daf7d49e7a6334ba563aead3c92b3b1c51fa4d5fec8addbff34c390c	-5	-5	-0.01400560224089635854341736695	1	0	0	False	NOT_ASSIGNED	83	83	645	714	714	714	100.000	100.000	1	1	1-357	CP003884.1;NZ_CP041215.1;NZ_CP054598.1;NZ_OX366319.1;NZ_OX366326.1;NZ_OX366332.1;NZ_OX366351.1;NZ_OX366352.1;NZ_OX366353.1;NZ_OX366387.1;NZ_OX366395.1;NZ_OX366397.1;NZ_OX366400.1;NZ_OZ014602.1;NZ_OZ034690.1;NZ_OZ034702.1;NZ_OZ034706.1;NZ_OZ034713.1;NZ_OZ034716.1;NZ_OZ034720.1;NZ_OZ034721.1;NZ_OZ034726.1;NZ_OZ034728.1;NZ_OZ034762.1;NZ_OZ034764.1;NZ_OZ034769.1;NZ_OZ034773.1;NZ_OZ034792.1;NZ_OZ034913.1;NZ_OZ187004.1;NZ_OZ195525.1	1	1	640	709	709	709	99.720	99.720	1	1	1-357	NZ_OZ035002.1	0	0											15	15	640	709	709	709	99.720	99.720	1	1	1-357	NZ_CP069053.1;NZ_CP069060.1;NZ_CP136587.1;NZ_CP170632.1;NZ_CP175927.1
G174564fe4212b76107edf10b	P69d68c4e9723a50f19464644	Ampittia_dioscorides_fabricius	A_only	A	0	0	0	0	6b7b4afa3fcd5e4b450e8347e45a33c38d08c1e4e15d0da2fc606ff55b6d9aa4	-45	-50	-0.03472222222222222222222222222	1	0	0	False	NOT_ASSIGNED	87	87	2333	2587	2587	2587	99.923	99.923	1	1	1-1296	NZ_CP041215.1;NZ_OX366332.1;NZ_OX366352.1;NZ_OX366397.1;NZ_OZ034713.1;NZ_OZ034764.1;NZ_OZ034769.1;NZ_OZ034773.1;NZ_OZ034792.1	2	2	2288	2537	2537	2537	99.151	99.151	1	1	1-1296	NZ_OZ035002.1	0	0											17	17	2288	2537	2537	2537	99.151	99.151	1	1	1-1296	NZ_CP069053.1;NZ_CP069060.1;NZ_CP090902.1;NZ_CP136587.1;OX384028.1
G8e2c909d85f18e39a97a34e5	P6e77e4124db35977ff81de98	Ampittia_dioscorides_fabricius	A_only	A	0	0	0	0	cdc920b1effc40c05994624fcdfd789e99db6ca0571b8fafb060f2dbc27bd75b	-277	-308	-0.5699588477366255144032921811	0	0	0	False	NOT_ASSIGNED	38	36	877	972	972	972	100.000	100.000	1	1	1-486	CP003884.1;NZ_CP041215.1;NZ_CP054557.1;NZ_OX366332.1;NZ_OX366352.1;NZ_OX366359.1;NZ_OX366397.1;NZ_OZ034706.1;NZ_OZ034769.1;NZ_OZ034773.1;NZ_OZ034791.1	1	1	600	664	664	664	100.000	100.000	0.6831275720164609053497942387	0.6831275720164609053497942387	1-332	NZ_OZ035002.1	0	0											7	5	873	967	967	967	99.794	99.794	1	1	1-486	NZ_CP157591.1
Gab673e3e4d9582286b16fc02	P71bb8c7f5b149dba1c7305d5	Ampittia_dioscorides_fabricius	A_only	A	0	0	0	0	3e638b89a48ce259c5d627465a66129756c14ce493876170d25f35658e61f2eb	-62	-69	-0.05990338164251207729468599034	1	0	0	False	NOT_ASSIGNED	76	74	1854	2055	2055	2055	99.710	99.710	1	1	1-1035	CP003884.1;NZ_CP041215.1;NZ_CP054598.1;NZ_OX366332.1;NZ_OX366352.1;NZ_OX366397.1;NZ_OZ034713.1;NZ_OZ034769.1;NZ_OZ034792.1	1	1	1792	1986	1986	1986	97.803	97.803	1	1	1-1035	NZ_OZ035002.1	0	0											19	19	1818	2015	2015	2015	98.937	98.937	1	1	1-1035	NZ_CP170632.1
G40f352d57752d1369bfc60f1	P7b8604775adae8acd2294a64	Ampittia_dioscorides_fabricius	A_only	A	0	0	0	0	d1f02e97eda527b5728af12323e50d3a45111f5e82c548b027e7291f82e90cbe	-13	-15	-0.007282913165266106442577030812	1	0	0	False	NOT_ASSIGNED	105	105	3215	3565	3565	3565	99.944	99.944	1	1	1-1785	NZ_CP041215.1;NZ_OX366332.1;NZ_OX366352.1;NZ_OZ034764.1;NZ_OZ034769.1;NZ_OZ034792.1;OZ034697.1	2	2	3202	3550	3550	3550	99.776	99.776	1	1	1-1785	NZ_OZ035002.1	0	0											22	22	3202	3550	3550	3550	99.776	99.776	1	1	1-1785	NZ_CP069053.1;NZ_CP069060.1;NZ_CP136587.1;NZ_CP170632.1;NZ_CP175927.1;OU953855.1;OX384028.1
G7545b47fa7e2b529e6687dde	P8c07225efaa092ab30d53679	Ampittia_dioscorides_fabricius	A_only	A	0	0	0	0	cbd070d362ecef0981b856b14895bcd820fa893fb511476964fd34e2a12c938e	-13	-15	-0.01231060606060606060606060606	1	0	0	False	NOT_ASSIGNED	83	83	1905	2112	2112	2112	100.000	100.000	1	1	1-1056	CP003884.1;NZ_CP041215.1;NZ_OX366332.1;NZ_OX366352.1;NZ_OX366359.1;NZ_OX366397.1;NZ_OZ034713.1;NZ_OZ034764.1;NZ_OZ034769.1;NZ_OZ034773.1;NZ_OZ034792.1	1	1	1892	2097	2097	2097	99.716	99.716	1	1	1-1056	NZ_OZ035002.1	0	0											17	17	1892	2097	2097	2097	99.716	99.716	1	1	1-1056	CP076228.1;NZ_CP069053.1;NZ_CP069060.1;NZ_CP090902.1;NZ_CP136587.1;NZ_CP170632.1;NZ_CP175927.1;OX384028.1
G516b58ab6caf13339eb33fe9	P8d6f063f581eb9f0d5456da6	Ampittia_dioscorides_fabricius	A_only	A	0	0	0	0	784032b07a6899c25c26f2b27237d28b434d11b10bdb3faa2d6ef89cd1f6ddd7	-4	-5	-0.004778972520908004778972520908	1	0	0	False	NOT_ASSIGNED	77	77	1501	1664	1664	1664	99.761	99.761	1	1	1-837	CP003884.1;NZ_CP041215.1;NZ_CP054598.1;NZ_OX366319.1;NZ_OX366327.1;NZ_OX366332.1;NZ_OX366352.1;NZ_OX366359.1;NZ_OX366369.1;NZ_OX366389.1;NZ_OX366397.1;NZ_OX366398.1;NZ_OZ034702.1;NZ_OZ034713.1;NZ_OZ034719.1;NZ_OZ034721.1;NZ_OZ034764.1;NZ_OZ034769.1;NZ_OZ034773.1;NZ_OZ034779.1;NZ_OZ034792.1;NZ_OZ034796.1;NZ_OZ034913.1;NZ_OZ195515.1	1	1	1497	1659	1659	1659	99.642	99.642	1	1	1-837	NZ_OZ035002.1	0	0											13	13	1497	1659	1659	1659	99.642	99.642	1	1	1-837	CP091195.1;NZ_CP069053.1;NZ_CP069060.1;NZ_CP090902.1;NZ_CP136587.1;NZ_CP170632.1;OU953855.1;OX384028.1
Gefddb9be046a99f6c2bc68a0	P8fcb3dea8eb09c45fa38015a	Ampittia_dioscorides_fabricius	A_only	A	0	0	0	0	47b601d9ff7670632a6ab847af20c27b375f06561db0487e5bea5c73f9d65763	-86	-95	-0.05512820512820512820512820513	1	0	0	False	NOT_ASSIGNED	113	113	2810	3115	3115	3115	99.936	99.936	1	1	1-1560	CP003884.1;NZ_OX366332.1;NZ_OX366352.1;NZ_OX366353.1;NZ_OX366359.1;NZ_OX366397.1;NZ_OZ034713.1;NZ_OZ034764.1;NZ_OZ034769.1;NZ_OZ034773.1;NZ_OZ034792.1	74	74	2724	3020	3020	3020	98.718	98.718	1	1	1-1560	NZ_OZ034708.1	1	1	1510	1674	1674	1674	81.179	81.179	1	1	1-1560	NZ_OZ034692.1	49	49	2625	2910	2910	2910	97.308	97.308	1	1	1-1560	NZ_CP102058.1
G46d4bc05de54e46617599493	P942e1b2a3926d675d1974bf5	Ampittia_dioscorides_fabricius	A_only	A	0	0	0	0	265e172bcb05a867fb6eb8617471fdfa6795deb03883603ace7e7c2420dfcdc6	-9	-10	-0.01224489795918367346938775510	1	0	0	False	NOT_ASSIGNED	80	80	1322	1465	1465	1465	99.864	99.864	1	1	1-735	CP003884.1;NZ_CP054598.1;NZ_OX366352.1;NZ_OX366353.1;NZ_OX366359.1;NZ_OX366397.1;NZ_OZ034713.1;NZ_OZ034764.1;NZ_OZ034769.1;NZ_OZ034773.1	1	1	1313	1455	1455	1455	99.592	99.592	1	1	1-735	NZ_OZ035002.1	0	0											15	15	1313	1455	1455	1455	99.592	99.592	1	1	1-735	NZ_CP157591.1;NZ_CP170632.1;NZ_CP175927.1
G6bd7e41bb03d65483920d9ae	P9897241121f49b098577aa4d	Ampittia_dioscorides_fabricius	A_only	A	0	0	0	1	378df916bdf43fbe0bc7dc0f56cc24bfac8c32b6c17f6d7e4ad8cc334a102a3b	-14	-15	-0.04093567251461988304093567251	1	0	0	False	NOT_ASSIGNED	102	90	618	684	684	684	100.000	100.000	1	1	1-342	CP003884.1;NZ_CP041215.1;NZ_CP054598.1;NZ_OX366332.1;NZ_OX366352.1;NZ_OX366353.1;NZ_OX366359.1;NZ_OX366397.1;NZ_OZ034713.1;NZ_OZ034769.1;NZ_OZ034773.1;NZ_OZ034792.1	1	1	604	669	669	669	99.123	99.123	1	1	1-342	NZ_OZ035002.1	0	0											15	14	613	679	679	679	99.708	99.708	1	1	1-342	CP091195.1;NZ_CP110359.1
Ge423cb915163fd9cf73ed4e0	Pa2bce227857811250a569cd1	Ampittia_dioscorides_fabricius	A_only	A	0	0	0	0	185ba7f5dd940939a6e60db63ba16a21503f9f738e3feb3f4881915c23be3aaf	-9	-10	-0.02970297029702970297029702970	1	0	0	False	NOT_ASSIGNED	106	106	543	601	601	601	99.670	99.670	1	1	1-303	NZ_CP041215.1;NZ_CP054598.1;NZ_OX366319.1;NZ_OX366326.1;NZ_OX366332.1;NZ_OX366351.1;NZ_OX366352.1;NZ_OX366353.1;NZ_OX366356.1;NZ_OX366369.1;NZ_OX366397.1;NZ_OX366400.1;NZ_OZ014602.1;NZ_OZ034690.1;NZ_OZ034701.1;NZ_OZ034702.1;NZ_OZ034713.1;NZ_OZ034716.1;NZ_OZ034719.1;NZ_OZ034720.1;NZ_OZ034721.1;NZ_OZ034726.1;NZ_OZ034728.1;NZ_OZ034762.1;NZ_OZ034764.1;NZ_OZ034769.1;NZ_OZ034773.1;NZ_OZ034792.1;NZ_OZ034913.1;NZ_OZ187004.1;NZ_OZ195515.1;NZ_OZ195525.1	6	6	534	591	591	591	99.010	99.010	1	1	1-303	NZ_OZ035002.1	0	0											31	30	538	596	596	596	99.340	99.340	1	1	1-303	CP091195.1;NZ_CP110359.1;OU953855.1
Ga87d72afcf636cec7bbf5d9e	Pa87d72afcf636cec7bbf5d9e	Ampittia_dioscorides_fabricius	A_unknown_tie	A;unknown	0	0	0	0	dcc0dc6ce368564e82239f6cabe9ff333e7bf526507e9f29816809f18f28f7f3	-20	-22	-0.06006006006006006006006006006	0	0	0	False	NOT_ASSIGNED	104	104	601	666	666	666	100.000	100.000	1	1	1-333	NZ_CP041215.1;NZ_CP054598.1;NZ_OX366272.1;NZ_OX366327.1;NZ_OX366352.1;NZ_OX366353.1;NZ_OX366357.1;NZ_OX366359.1;NZ_OX366375.1;NZ_OX366378.1;NZ_OX366387.1;NZ_OX366388.1;NZ_OX366389.1;NZ_OX366395.1;NZ_OX366397.1;NZ_OX366398.1;NZ_OZ017714.1;NZ_OZ034695.1;NZ_OZ034701.1;NZ_OZ034712.1;NZ_OZ034713.1;NZ_OZ034717.1;NZ_OZ034720.1;NZ_OZ034763.1;NZ_OZ034764.1;NZ_OZ034769.1;NZ_OZ034773.1;NZ_OZ034779.1;NZ_OZ034785.1;NZ_OZ034792.1;NZ_OZ034796.1;NZ_OZ034998.1;NZ_OZ035007.1;NZ_OZ195518.1;OX366363.1;OZ034697.1	5	5	581	644	644	644	98.795	98.795	0.9969969969969969969969969970	0.9969969969969969969969969970	1-332	NZ_OZ035002.1	0	0											24	24	601	666	666	666	100.000	100.000	1	1	1-333	CP091195.1;NZ_OU909470.1;OU953855.1
G43dcc890d47e5481ed955f26	Pb3f06ba9a36b08c87a7cccb2	Ampittia_dioscorides_fabricius	A_only	A	0	0	0	0	7fca411c8660cfc707c63ca307d911c1f1e80ccd5aed17d2616e0469033c7934					0	1	False	NOT_ASSIGNED	32	32	591	655	655	655	89.855	89.855	1	1	1-372	CP003884.1;NZ_CP041215.1;NZ_OX366332.1;NZ_OX366352.1;NZ_OX366353.1;NZ_OX366359.1;NZ_OX366397.1;NZ_OZ034713.1;NZ_OZ034764.1;NZ_OZ034769.1;NZ_OZ034773.1	0	0											0	0											2	2	579	641	641	641	89.372	89.372	1	1	1-372	NZ_CP110359.1;NZ_OU909470.1
G904ddbc929f3c53cddaad0eb	Pb53b4d94c05a6d484ec8e538	Ampittia_dioscorides_fabricius	A_only	A	0	0	0	0	d80d4819e32f129f3f2cee80595291ad16017ba7fe274f88394c5a99b1cb2dad					0	1	False	NOT_ASSIGNED	32	32	785	870	870	870	100.000	100.000	1	1	1-435	CP003884.1;NZ_CP054598.1;NZ_OX366332.1;NZ_OX366353.1;NZ_OX366359.1;NZ_OX366397.1;NZ_OZ034713.1;NZ_OZ034764.1;NZ_OZ034769.1;NZ_OZ034773.1	0	0											0	0											3	3	764	846	846	846	99.080	99.080	1	1	1-435	NZ_OU909470.1
G2b56415bc460c961276c02c7	Pcd189dc1eefba4ae08285709	Ampittia_dioscorides_fabricius	A_only	A	0	0	0	0	989ee06912f065deac462a00378f0d7aad13a7092b5a2a4d7e3e26423014f6d0	-23	-25	-0.02203065134099616858237547893	1	0	0	False	NOT_ASSIGNED	87	85	1879	2083	2083	2083	99.904	99.904	1	1	1-1044	CP003884.1;NZ_CP041215.1;NZ_OX366352.1;NZ_OX366359.1;NZ_OX366387.1;NZ_OZ017714.1;NZ_OZ025779.1;NZ_OZ034695.1;NZ_OZ034763.1;NZ_OZ034764.1;NZ_OZ034769.1;NZ_OZ034792.1;NZ_OZ034793.1	5	5	1856	2058	2058	2058	99.425	99.425	1	1	1-1044	NZ_OZ035002.1	0	0											22	20	1870	2073	2073	2073	99.713	99.713	1	1	1-1044	NZ_CP110359.1
G3588c963c25dfbcaeb4e0606	Pd361fb920038257624d583f4	Ampittia_dioscorides_fabricius	A_only	A	0	0	0	0	4f19a8415044f384e762b40ed923622ac516963d0bdc3d3aa9e50d6f43871ea2					0	1	False	NOT_ASSIGNED	25	25	720	798	798	798	100.000	100.000	1	1	1-399	CP003884.1;CP042904.1;NZ_CP041215.1;NZ_OX366327.1;NZ_OX366332.1;NZ_OX366352.1;NZ_OX366353.1;NZ_OX366359.1;NZ_OX366375.1;NZ_OX366389.1;NZ_OX366397.1;NZ_OX366398.1;NZ_OZ034712.1;NZ_OZ034713.1;NZ_OZ034764.1;NZ_OZ034769.1;NZ_OZ034773.1;NZ_OZ034779.1;NZ_OZ034792.1;NZ_OZ034796.1;NZ_OZ195515.1;NZ_OZ195518.1;OZ034697.1	0	0											0	0											1	1	624	691	691	691	94.724	94.724	0.9974937343358395989974937343	0.9974937343358395989974937343	2-399	NZ_OZ195521.1
G950cd54da55585e877aa321e	Pda2dffc75bee2718e9054d16	Ampittia_dioscorides_fabricius	A_only	A	0	0	0	0	5a5643d960c51271e6da2758beaba89cc61eacaa66a2e85cf3fbea2f358747b1	-2420	-2683	-1.258450338013520540821632865	0	0	0	False	NOT_ASSIGNED	37	37	3451	3826	3826	3826	99.792	99.792	1	1	1-1923	NZ_OX366327.1;NZ_OX366332.1;NZ_OX366352.1;NZ_OX366359.1;NZ_OZ034764.1;NZ_OZ034769.1;NZ_OZ034792.1	1	1	1031	1143	1143	1143	76.622	76.622	0.7171086843473738949557982319	0.7171086843473738949557982319	1-1379	NZ_OZ181655.1	0	0											3	3	2918	3235	3235	3235	93.592	93.592	1	1	1-1923	CP091195.1
Ga82bea6121791a34d58ca193	Pfd55ca99eaf0d62d7a09bf25	Ampittia_dioscorides_fabricius	A_only	A	0	0	0	0	1ed3704cf0b4f2f7f6a02c770aab99aa12963364842fe710073cc797844e2a20	-81	-90	-0.2477064220183486238532110092	0	0	0	False	NOT_ASSIGNED	47	47	590	654	654	654	100.000	100.000	1	1	1-327	CP003884.1;NZ_CP041215.1;NZ_OX366352.1;NZ_OX366353.1;NZ_OX366359.1;NZ_OX366397.1;NZ_OZ034713.1;NZ_OZ034720.1;NZ_OZ034764.1;NZ_OZ034769.1;NZ_OZ034773.1;NZ_OZ034792.1	2	2	509	564	564	564	96.203	96.203	0.9663608562691131498470948012	0.9663608562691131498470948012	1-316	NZ_OZ181655.1	0	0											4	4	545	604	604	604	97.546	97.546	0.9938837920489296636085626911	0.9938837920489296636085626911	1-325	NZ_CP175923.1
G7ed6b8a7dcc95d7f2de3af58	P0294554494f5a8cec05865fd	Ancistroides_nigrita	A_only	A	0	0	0	0	56ba08a6ef7cb1dd9aa88c90fe2916706a31ed19bbfdadd3885371b827af93e5	-9	-10	-0.006578947368421052631578947368	1	0	0	False	NOT_ASSIGNED	82	82	2460	2727	2727	2727	99.927	99.927	0.9985380116959064327485380117	0.9985380116959064327485380117	1-1366	NZ_CP041215.1;NZ_CP054598.1;NZ_OX366332.1;NZ_OX366352.1;NZ_OX366353.1;NZ_OX366397.1;NZ_OZ034713.1;NZ_OZ034764.1;NZ_OZ034769.1;NZ_OZ034773.1;NZ_OZ034792.1	2	2	2451	2717	2717	2717	99.780	99.780	0.9985380116959064327485380117	0.9985380116959064327485380117	1-1366	NZ_OZ035002.1	0	0											13	13	2455	2722	2722	2722	99.854	99.854	0.9985380116959064327485380117	0.9985380116959064327485380117	1-1366	NZ_CP170632.1;NZ_CP175927.1
G9940aadc824a682b49aa1486	P0675c48295767aa3906ac372	Ancistroides_nigrita	A_only	A	0	0	0	0	8a50c6ed2d3614e4ccae59b55efa6ce65ddd86d58d67109eb34932e789d0387a	-1068	-1184	-0.4836956521739130434782608696	0	0	0	False	NOT_ASSIGNED	33	33	3974	4406	4406	4406	99.909	99.909	1	1	1-2208	NZ_OZ034769.1	1	1	2906	3222	3222	3222	98.858	98.858	0.7522644927536231884057971014	0.7522644927536231884057971014	548-2208	NZ_OZ035002.1	0	0											4	4	2910	3226	3226	3226	98.917	98.917	0.7522644927536231884057971014	0.7522644927536231884057971014	548-2208	NZ_CP175927.1
G80435f69b6466f440a07c8f7	P07f88e2bb1e56fb05f02e58a	Ancistroides_nigrita	A_only	A	0	0	0	0	342628ff08ad026c88b9b9a757e42e42a5b7b15e5dfe44d1fcb0dc912f60c143	-9	-10	-0.01127819548872180451127819549	1	0	0	False	NOT_ASSIGNED	77	75	1435	1591	1591	1591	99.875	99.875	1	1	1-798	CP003884.1;NZ_OX366332.1;NZ_OX366352.1;NZ_OX366359.1;NZ_OX366397.1;NZ_OZ034713.1;NZ_OZ034769.1;NZ_OZ034773.1;NZ_OZ034792.1	1	1	1426	1581	1581	1581	99.624	99.624	1	1	1-798	NZ_OZ035002.1	0	0											13	13	1431	1586	1586	1586	99.749	99.749	1	1	1-798	NZ_CP110359.1;OU953855.1
G0a06d16db3c56d79297311c8	P0c624e151735e4a9fed865d5	Ancistroides_nigrita	A_only	A	0	0	0	0	466ce57dff8435b1b58a59770ce5d0c74cdc369098a7025f7b2a26f85fb8f699	-147	-163	-0.5157894736842105263157894737	0	0	0	False	NOT_ASSIGNED	55	55	515	570	570	570	100.000	100.000	1	1	1-285	CP003884.1;NZ_OX366332.1;NZ_OX366352.1;NZ_OX366353.1;NZ_OX366359.1;NZ_OX366397.1;NZ_OZ034764.1;NZ_OZ034792.1	71	71	368	407	407	407	96.018	96.018	0.7929824561403508771929824561	0.7929824561403508771929824561	16-241	NZ_OZ181655.1	0	0											36	36	510	565	565	565	99.649	99.649	1	1	1-285	NZ_CP110359.1
G87bb1f43499e78df486c7f8b	P0f7e8941919e9b634eb350c7	Ancistroides_nigrita	A_only	A	0	0	0	0	bc2a3250a5d899db7839c72b92e1c066526c443d5a29b366b384b028748e6f5b	-118	-130	-0.1293859649122807017543859649	1	0	0	False	NOT_ASSIGNED	113	108	1644	1822	1822	1822	100.000	100.000	0.9989035087719298245614035088	0.9989035087719298245614035088	1-911	CP003884.1;NZ_OX366332.1;NZ_OX366397.1;NZ_OZ034713.1;NZ_OZ034764.1;NZ_OZ034773.1;NZ_OZ034792.1	73	73	1526	1692	1692	1692	97.146	97.146	0.9989035087719298245614035088	0.9989035087719298245614035088	1-911	NZ_OZ035002.1	1	1	901	998	998	998	82.202	82.202	0.9857456140350877192982456140	0.9857456140350877192982456140	13-911	NZ_OZ034692.1	40	40	1639	1817	1817	1817	99.890	99.890	0.9989035087719298245614035088	0.9989035087719298245614035088	1-911	NZ_CP110359.1
G64e2fd7ff9c790cc2a03bf74	P105e81cadb13fa73bec24ff5	Ancistroides_nigrita	A_only	A	0	0	0	0	fef6bfb8b0a5925fa703ff051d8c9804d36fdf1c389e6d9b9b7c418afd65d1be	-2648	-2936	-0.9774824658545588778146917682	0	0	0	False	NOT_ASSIGNED	37	37	4450	4934	4934	4934	96.657	96.657	0.9937246216315983757844222961	0.9937246216315983757844222961	1-2692	NZ_OZ034792.1	1	1	1802	1998	1998	1998	76.111	76.111	0.9250645994832041343669250646	0.9250645994832041343669250646	1-2506	NZ_OZ181655.1	0	0											4	4	4121	4569	4569	4569	93.893	93.893	0.9966777408637873754152823920	0.9966777408637873754152823920	1-2700	CP091195.1
G1675cbb75cc72cd79d12dad6	P13e05d070734305f12c2eb26	Ancistroides_nigrita	A_only	A	0	0	0	0	d3560b5d4f4c5e3743342ec2bf83a1c3967d869780e61fe291fad16d63ec5e6f	-63	-70	-0.2019230769230769230769230769	0	0	0	False	NOT_ASSIGNED	20	20	563	624	624	624	100.000	100.000	1	1	1-312	CP003884.1;NZ_CP041215.1;NZ_CP054598.1;NZ_OX366332.1;NZ_OX366352.1;NZ_OX366359.1;NZ_OX366397.1;NZ_OZ034713.1;NZ_OZ034764.1;NZ_OZ034769.1;NZ_OZ034773.1;NZ_OZ034792.1	1	1	500	554	554	554	94.654	94.654	0.9935897435897435897435897436	0.9935897435897435897435897436	1-310	NZ_OZ181655.1	0	0											2	2	540	598	598	598	97.188	97.188	1	1	1-312	NZ_OW370537.1
Ge1aafedb57e0ec8a3ca6a47d	P1440feb117cd723f6abb3813	Ancistroides_nigrita	A_only	A	0	0	0	0	8605b8b27c18ff4db17305e8d938cc03c75ee4dd9864b2fe5bac4cbaf5caaa9b	-366	-406	-0.1426900584795321637426900585	1	0	0	False	NOT_ASSIGNED	113	113	4622	5125	5125	5125	99.961	99.961	1	1	1-2565	NZ_CP041215.1;NZ_OX366332.1;NZ_OX366352.1;NZ_OX366397.1;NZ_OZ034713.1;NZ_OZ034764.1;NZ_OZ034792.1	73	73	4256	4719	4719	4719	96.658	96.658	1	1	1-2565	NZ_OZ034708.1	0	0											47	47	4383	4860	4860	4860	97.895	97.895	1	1	1-2565	OU953855.1
Ged591d140ed983dd758090b2	P16ac9b89ff10a00bf5aef6dc	Ancistroides_nigrita	A_only	A	0	0	0	0	c3247bc8cb0f826a75ef9bc0911d32f87b97ffbc5522e90b0b540f82e3b2c53d	-4	-5	-0.008771929824561403508771929825	1	0	0	False	NOT_ASSIGNED	80	80	823	912	912	912	100.000	100.000	1	1	1-456	CP003884.1;NZ_CP041215.1;NZ_CP054598.1;NZ_OX366332.1;NZ_OX366352.1;NZ_OX366397.1;NZ_OZ034713.1;NZ_OZ034764.1;NZ_OZ034769.1;NZ_OZ034773.1;NZ_OZ034792.1	1	1	819	907	907	907	99.781	99.781	1	1	1-456	NZ_OZ035002.1	0	0											15	15	819	907	907	907	99.781	99.781	1	1	1-456	CP076228.1;NZ_CP069053.1;NZ_CP069060.1;NZ_CP090902.1;NZ_CP136586.1;NZ_CP136587.1;NZ_CP157591.1;NZ_CP170632.1;NZ_CP175927.1;OU953855.1;OX384028.1
G9b8be02576a0ff77648db0d7	P17c4a8f0e8f2f82c6ac338cd	Ancistroides_nigrita	A_only	A	0	0	0	0	556f368fb56fe9d70dae35e6fa5972b99d69636b92a3b18eeab31ca159cc9aa9	-1033	-1145	-1.110752688172043010752688172	0	0	0	False	NOT_ASSIGNED	104	95	1678	1860	1860	1860	100.000	100.000	1	1	1-930	NZ_OZ034769.1	1	1	645	715	715	715	78.961	78.961	0.8032258064516129032258064516	0.8032258064516129032258064516	184-930	NZ_OZ035002.1	0	0											18	18	1086	1203	1203	1203	85.684	85.684	0.9989247311827956989247311828	0.9989247311827956989247311828	1-929	NZ_CP175923.1
Gfdfa26b7c5a360a85cd620e5	P20dcc1f87621309dee9a6f80	Ancistroides_nigrita	A_only	A	0	0	0	0	b5a30052a3fe751ea1ab92654877956144d2148774517b7367dc8a67d14c14d3	-52	-57	-0.04697380307136404697380307136	1	0	0	False	NOT_ASSIGNED	113	113	1993	2209	2209	2209	99.910	99.910	1	1	1-1107	NZ_OX366353.1;NZ_OZ034701.1	74	74	1941	2152	2152	2152	97.872	97.872	1	1	1-1107	NZ_OZ035002.1	1	1	810	897	897	897	84.048	84.048	0.6738934056007226738934056007	0.6738934056007226738934056007	358-1103	NZ_OZ034692.1	51	51	1984	2199	2199	2199	99.729	99.729	1	1	1-1107	NZ_CP090902.1
G8beb67fa9fc17772b0b61a9d	P22c5aea74644942fb02544bc	Ancistroides_nigrita	A_only	A	0	0	0	1	469b1b881cf0bd089d2447dc3a732e8fc9af42e7417b6683e740aa3ae36697d8	-254	-282	-0.1372231226364127498649378714	1	0	0	False	NOT_ASSIGNED	114	113	3339	3702	3702	3702	100.000	100.000	1	1	1-1851	CP003884.1;NZ_OX366332.1;NZ_OX366352.1;NZ_OX366353.1;NZ_OX366359.1;NZ_OZ034769.1;NZ_OZ034792.1	74	74	3085	3420	3420	3420	96.823	96.823	1	1	1-1851	NZ_OZ034718.1	1	1	2246	2490	2490	2490	86.807	86.807	1	1	1-1851	NZ_OZ034692.1	51	50	3085	3420	3420	3420	96.823	96.823	1	1	1-1851	NZ_CP192272.1
G4d8816e5a0d5f1e78125b9e4	P2c83049b426ff56b08fe28b0	Ancistroides_nigrita	A_only	A	0	0	0	0	b733c890d27538443e1dcb6a7ac814f3874c2c1eaf6ce0634c5447c063862504					0	1	False	NOT_ASSIGNED	30	30	2669	2959	2959	2959	99.933	99.933	1	1	1-1482	NZ_CP041215.1;NZ_OX366332.1;NZ_OX366352.1;NZ_OX366353.1;NZ_OX366397.1;NZ_OZ034764.1;NZ_OZ034769.1	0	0											0	0											0	0										
G8c1e51021c038f14f71388ba	P3e4fb06e9670f3171001e548	Ancistroides_nigrita	A_unknown_tie	A;unknown	0	0	0	0	c88da66754d92c3e4978950bbb1e1ce5569cb159d223f4da32cf374d7a8ffb7d	-5	-5	-0.005393743257820927723840345200	1	0	0	False	NOT_ASSIGNED	47	47	1673	1854	1854	1854	100.000	100.000	1	1	1-927	CP003884.1;NZ_CP041215.1;NZ_OX366332.1;NZ_OX366348.1;NZ_OX366352.1;NZ_OX366359.1;NZ_OX366368.1;NZ_OX366369.1;NZ_OX366379.1;NZ_OX366387.1;NZ_OX366388.1;NZ_OX366397.1;NZ_OX366398.1;NZ_OX366399.1;NZ_OZ034713.1;NZ_OZ034769.1;NZ_OZ034773.1;NZ_OZ034779.1;NZ_OZ034793.1;NZ_OZ034796.1;NZ_OZ034913.1;NZ_OZ035007.1;NZ_OZ183482.1;OX366363.1	2	2	1668	1849	1849	1849	99.892	99.892	1	1	1-927	NZ_OZ035002.1	0	0											10	10	1673	1854	1854	1854	100.000	100.000	1	1	1-927	NZ_CP175927.1
G91015d6bb40d69453f08fa51	P44f6e46ea2ed589cedda429f	Ancistroides_nigrita	A_only	A	0	0	0	0	8f887b157280f5d6e74d3322352e2053ca369802e8245487f5ea5440b67b5eac					0	1	False	NOT_ASSIGNED	13	13	5284	5859	5859	5859	99.898	99.898	1	1	1-2937	NZ_OX366369.1;NZ_OZ034769.1	0	0											1	1	1872	2075	2075	2075	82.960	82.960	0.5948246510044262853251617297	0.5948246510044262853251617297	1191-2937	NZ_OZ034692.1	3	3	2235	2478	2478	2478	88.082	88.082	0.5948246510044262853251617297	0.5948246510044262853251617297	1191-2937	OU953855.1
G6afe3e1d9f3bac4817f75680	P493f6ff5725a58e31ceb52ab	Ancistroides_nigrita	A_only	A	0	0	0	0	9ff4214639df1e3d9a2f13e0a27e58f74dcf2eddb15d04843cd69fa106f885a4	-22	-25	-0.02031394275161588180978762696	1	0	0	False	NOT_ASSIGNED	76	76	1949	2161	2161	2161	99.908	99.908	1	1	1-1083	CP003884.1;NZ_CP041215.1;NZ_OX366332.1;NZ_OX366352.1;NZ_OX366353.1;NZ_OX366397.1;NZ_OZ034713.1;NZ_OZ034764.1;NZ_OZ034769.1;NZ_OZ034773.1;NZ_OZ034792.1	1	1	1927	2136	2136	2136	99.446	99.446	1	1	1-1083	NZ_OZ035002.1	0	0											19	19	1940	2151	2151	2151	99.723	99.723	1	1	1-1083	OU953855.1
G611d92324c42b71ef5d549a8	P52a038d73fbb0dc2fce63fa2	Ancistroides_nigrita	A_only	A	0	0	0	1	82a19fe23f557c1a5d39feab517002c509b15df31fc03c6c52583bb5285768a2	-15	-17	-0.01362397820163487738419618529	1	0	0	False	NOT_ASSIGNED	81	79	1986	2202	2202	2202	100.000	100.000	1	1	1-1101	CP003884.1;NZ_OX366332.1;NZ_OX366352.1;NZ_OZ034713.1;NZ_OZ034764.1;NZ_OZ034769.1;NZ_OZ034773.1	35	35	1971	2185	2185	2185	99.728	99.728	1	1	1-1101	NZ_OZ035002.1	0	0											20	19	1973	2187	2187	2187	99.728	99.728	1	1	1-1101	NZ_CP069053.1;NZ_CP069060.1;NZ_CP090902.1;NZ_CP170632.1;OX384028.1
G9ea56e6a920c68deff22c890	P642aafeefb367660a9b78c39	Ancistroides_nigrita	A_only	A	0	0	0	1	8ef93ad4d9ae166d885b22092e28a20ac05c29ec5f6a938bca7d0984d0743518	-94	-105	-0.06886446886446886446886446886	0	0	0	False	NOT_ASSIGNED	114	113	2462	2730	2730	2730	100.000	100.000	1	1	1-1365	CP003884.1;NZ_CP041215.1;NZ_CP054598.1;NZ_OX366332.1;NZ_OX366352.1;NZ_OX366353.1;NZ_OX366359.1;NZ_OX366397.1;NZ_OZ034713.1;NZ_OZ034764.1;NZ_OZ034769.1;NZ_OZ034792.1	74	74	2368	2625	2625	2625	98.249	98.249	0.9985347985347985347985347985	0.9985347985347985347985347985	1-1363	NZ_OX366334.1;OX366390.1	1	1	1460	1618	1618	1618	83.988	83.988	0.9882783882783882783882783883	0.9882783882783882783882783883	1-1349	NZ_OZ034692.1	51	50	2394	2654	2654	2654	98.616	98.616	1	1	1-1365	NZ_CP110359.1
Ga81d721540aa647c8bcb3580	P6650f8af23e8baae78a43f97	Ancistroides_nigrita	A_only	A	0	0	0	0	739791e6daf7d49e7a6334ba563aead3c92b3b1c51fa4d5fec8addbff34c390c	-5	-5	-0.01400560224089635854341736695	1	0	0	False	NOT_ASSIGNED	83	83	645	714	714	714	100.000	100.000	1	1	1-357	CP003884.1;NZ_CP041215.1;NZ_CP054598.1;NZ_OX366319.1;NZ_OX366326.1;NZ_OX366332.1;NZ_OX366351.1;NZ_OX366352.1;NZ_OX366353.1;NZ_OX366387.1;NZ_OX366395.1;NZ_OX366397.1;NZ_OX366400.1;NZ_OZ014602.1;NZ_OZ034690.1;NZ_OZ034702.1;NZ_OZ034706.1;NZ_OZ034713.1;NZ_OZ034716.1;NZ_OZ034720.1;NZ_OZ034721.1;NZ_OZ034726.1;NZ_OZ034728.1;NZ_OZ034762.1;NZ_OZ034764.1;NZ_OZ034769.1;NZ_OZ034773.1;NZ_OZ034792.1;NZ_OZ034913.1;NZ_OZ187004.1;NZ_OZ195525.1	1	1	640	709	709	709	99.720	99.720	1	1	1-357	NZ_OZ035002.1	0	0											15	15	640	709	709	709	99.720	99.720	1	1	1-357	NZ_CP069053.1;NZ_CP069060.1;NZ_CP136587.1;NZ_CP170632.1;NZ_CP175927.1
G057beffca44921e68c8d663f	P69d68c4e9723a50f19464644	Ancistroides_nigrita	A_only	A	0	0	0	0	ab80c69f77b8bc3fa09fa4ce985df6c0634b94f16931671d2c51a4b0110c2d17	-45	-50	-0.03472222222222222222222222222	1	0	0	False	NOT_ASSIGNED	87	87	2338	2592	2592	2592	100.000	100.000	1	1	1-1296	NZ_CP041215.1;NZ_OX366332.1;NZ_OX366352.1;NZ_OX366397.1;NZ_OZ034713.1;NZ_OZ034764.1;NZ_OZ034769.1;NZ_OZ034773.1;NZ_OZ034792.1	2	2	2293	2542	2542	2542	99.228	99.228	1	1	1-1296	NZ_OZ035002.1	0	0											17	17	2293	2542	2542	2542	99.228	99.228	1	1	1-1296	NZ_CP069053.1;NZ_CP069060.1;NZ_CP090902.1;NZ_CP136587.1;OX384028.1
G12a9832de7ccf3fc7524b8fa	P6e77e4124db35977ff81de98	Ancistroides_nigrita	A_only	A	0	0	0	0	cdc920b1effc40c05994624fcdfd789e99db6ca0571b8fafb060f2dbc27bd75b	-277	-308	-0.5699588477366255144032921811	0	0	0	False	NOT_ASSIGNED	38	36	877	972	972	972	100.000	100.000	1	1	1-486	CP003884.1;NZ_CP041215.1;NZ_CP054557.1;NZ_OX366332.1;NZ_OX366352.1;NZ_OX366359.1;NZ_OX366397.1;NZ_OZ034706.1;NZ_OZ034769.1;NZ_OZ034773.1;NZ_OZ034791.1	1	1	600	664	664	664	100.000	100.000	0.6831275720164609053497942387	0.6831275720164609053497942387	1-332	NZ_OZ035002.1	0	0											7	5	873	967	967	967	99.794	99.794	1	1	1-486	NZ_CP157591.1
Gd8fbc262ecc8479b8972fdfa	P71bb8c7f5b149dba1c7305d5	Ancistroides_nigrita	A_only	A	0	0	0	0	194eaa96d1dce94bf44fc6776bff308279f0e8c7d80901a4047a0896b03ae0bf	-62	-69	-0.05990338164251207729468599034	1	0	0	False	NOT_ASSIGNED	76	74	1867	2070	2070	2070	100.000	100.000	1	1	1-1035	CP003884.1;NZ_CP041215.1;NZ_CP054598.1;NZ_OX366332.1;NZ_OX366352.1;NZ_OX366397.1;NZ_OZ034713.1;NZ_OZ034769.1;NZ_OZ034792.1	1	1	1805	2001	2001	2001	98.090	98.090	1	1	1-1035	NZ_OZ035002.1	0	0											19	19	1831	2030	2030	2030	99.227	99.227	1	1	1-1035	NZ_CP170632.1
G7b8604775adae8acd2294a64	P7b8604775adae8acd2294a64	Ancistroides_nigrita	A_only	A	0	0	0	0	9b2ccc166677e14800d34318ff481928b5ff198e3aeb20ca08299db5ffdb3540	-14	-15	-0.007843137254901960784313725490	1	0	0	False	NOT_ASSIGNED	105	105	3220	3570	3570	3570	100.000	100.000	1	1	1-1785	NZ_CP041215.1;NZ_OX366332.1;NZ_OX366352.1;NZ_OZ034764.1;NZ_OZ034769.1;NZ_OZ034792.1;OZ034697.1	2	2	3206	3555	3555	3555	99.832	99.832	1	1	1-1785	NZ_OZ035002.1	0	0											22	22	3206	3555	3555	3555	99.832	99.832	1	1	1-1785	NZ_CP069053.1;NZ_CP069060.1;NZ_CP136587.1;NZ_CP170632.1;NZ_CP175927.1;OU953855.1;OX384028.1
G58f95c040dc18162a84c0eb6	P8199b65d2f3a3eb73fd3881f	Ancistroides_nigrita	A_unknown_tie	A;unknown	0	0	0	0	8bcbeef16536f8a5a9f0e79ef5b8e7cca04cd0c9662c9a593282ad3340a3e764	-804	-892	-0.7570621468926553672316384181	0	0	0	False	NOT_ASSIGNED	20	17	1916	2124	2124	2124	100.000	100.000	1	1	1-1062	NZ_OX366327.1;NZ_OX366352.1;NZ_OX366397.1;NZ_OX366399.1;NZ_OX366400.1;NZ_OZ034713.1;NZ_OZ034769.1;NZ_OZ034773.1;NZ_OZ187004.1	2	1	1112	1232	1232	1232	92.622	92.622	0.7118644067796610169491525424	0.7118644067796610169491525424	307-1062	NZ_OX366345.1	0	0											1	1	1916	2124	2124	2124	100.000	100.000	1	1	1-1062	NZ_CP170632.1
G5e038b35754023db52a4360d	P8c07225efaa092ab30d53679	Ancistroides_nigrita	A_only	A	0	0	0	0	67000beed57451b1f65691537a29dffb9bf6986a59c3c66f33fbdbc6d5d7fa4c	-13	-15	-0.01270772238514173998044965787	1	0	0	False	NOT_ASSIGNED	83	83	1841	2041	2041	2041	99.902	99.902	1	1	1-1023	CP003884.1;NZ_CP041215.1;NZ_OX366332.1;NZ_OX366352.1;NZ_OX366359.1;NZ_OX366397.1;NZ_OZ034713.1;NZ_OZ034764.1;NZ_OZ034769.1;NZ_OZ034773.1;NZ_OZ034792.1	1	1	1828	2026	2026	2026	99.609	99.609	1	1	1-1023	NZ_OZ035002.1	0	0											17	17	1828	2026	2026	2026	99.609	99.609	1	1	1-1023	CP076228.1;NZ_CP069053.1;NZ_CP069060.1;NZ_CP090902.1;NZ_CP136587.1;NZ_CP170632.1;NZ_CP175927.1;OX384028.1
G8d6f063f581eb9f0d5456da6	P8d6f063f581eb9f0d5456da6	Ancistroides_nigrita	A_only	A	0	0	0	0	0a4f1d88dddac9b5470c07d87bf286d9c11b7597f02cd79e2d1641736dd8ba65	-4	-5	-0.004778972520908004778972520908	1	0	0	False	NOT_ASSIGNED	77	77	1510	1674	1674	1674	100.000	100.000	1	1	1-837	CP003884.1;NZ_CP041215.1;NZ_CP054598.1;NZ_OX366319.1;NZ_OX366327.1;NZ_OX366332.1;NZ_OX366352.1;NZ_OX366359.1;NZ_OX366369.1;NZ_OX366389.1;NZ_OX366397.1;NZ_OX366398.1;NZ_OZ034702.1;NZ_OZ034713.1;NZ_OZ034719.1;NZ_OZ034721.1;NZ_OZ034764.1;NZ_OZ034769.1;NZ_OZ034773.1;NZ_OZ034779.1;NZ_OZ034792.1;NZ_OZ034796.1;NZ_OZ034913.1;NZ_OZ195515.1	1	1	1506	1669	1669	1669	99.881	99.881	1	1	1-837	NZ_OZ035002.1	0	0											13	13	1506	1669	1669	1669	99.881	99.881	1	1	1-837	CP091195.1;NZ_CP069053.1;NZ_CP069060.1;NZ_CP090902.1;NZ_CP136587.1;NZ_CP170632.1;OU953855.1;OX384028.1
G9dd4f5f65c2e40a0d77ae551	P8fcb3dea8eb09c45fa38015a	Ancistroides_nigrita	A_only	A	0	0	0	0	ab6f8ad35f9668a4ca3a7a35bcdf76ba5edc783a89968529a14adef02d1ff3bf	-86	-95	-0.05512820512820512820512820513	1	0	0	False	NOT_ASSIGNED	113	113	2814	3120	3120	3120	100.000	100.000	1	1	1-1560	CP003884.1;NZ_OX366332.1;NZ_OX366352.1;NZ_OX366353.1;NZ_OX366359.1;NZ_OX366397.1;NZ_OZ034713.1;NZ_OZ034764.1;NZ_OZ034769.1;NZ_OZ034773.1;NZ_OZ034792.1	74	74	2728	3025	3025	3025	98.782	98.782	1	1	1-1560	NZ_OZ034708.1	1	1	1515	1679	1679	1679	81.242	81.242	1	1	1-1560	NZ_OZ034692.1	49	49	2629	2915	2915	2915	97.372	97.372	1	1	1-1560	NZ_CP102058.1
Ga125e13b1bbe638a9dfaa3a1	P942e1b2a3926d675d1974bf5	Ancistroides_nigrita	A_only	A	0	0	0	0	af23929326c50fb142d7910fdf6d21671df07a9af9e9e209b3c58fc12252eef9	-9	-10	-0.01224489795918367346938775510	1	0	0	False	NOT_ASSIGNED	80	80	1326	1470	1470	1470	100.000	100.000	1	1	1-735	CP003884.1;NZ_CP054598.1;NZ_OX366352.1;NZ_OX366353.1;NZ_OX366359.1;NZ_OX366397.1;NZ_OZ034713.1;NZ_OZ034764.1;NZ_OZ034769.1;NZ_OZ034773.1	1	1	1317	1460	1460	1460	99.728	99.728	1	1	1-735	NZ_OZ035002.1	0	0											15	15	1317	1460	1460	1460	99.728	99.728	1	1	1-735	NZ_CP157591.1;NZ_CP170632.1;NZ_CP175927.1
Gcf38407ed56f5dcb6d44c74f	P95855010e0c2448a44e263ca	Ancistroides_nigrita	A_only	A	0	0	0	0	76d343faa6dc085104277f6f181b1af156b8dc41d8d8f5ddaf0fa906300208f4	-22	-25	-0.03395061728395061728395061728	1	0	0	False	NOT_ASSIGNED	80	80	1169	1296	1296	1296	100.000	100.000	1	1	1-648	CP003884.1;NZ_CP041215.1;NZ_CP054598.1;NZ_OX366326.1;NZ_OX366332.1;NZ_OX366351.1;NZ_OX366352.1;NZ_OX366353.1;NZ_OX366389.1;NZ_OX366397.1;NZ_OX366398.1;NZ_OX366400.1;NZ_OZ014602.1;NZ_OZ034690.1;NZ_OZ034713.1;NZ_OZ034715.1;NZ_OZ034716.1;NZ_OZ034726.1;NZ_OZ034728.1;NZ_OZ034762.1;NZ_OZ034764.1;NZ_OZ034769.1;NZ_OZ034773.1;NZ_OZ034779.1;NZ_OZ034792.1;NZ_OZ187004.1;NZ_OZ195515.1;NZ_OZ195525.1	1	1	1147	1271	1271	1271	99.228	99.228	1	1	1-648	NZ_OZ035002.1	0	0											15	15	1165	1291	1291	1291	99.846	99.846	1	1	1-648	NZ_CP110359.1;NZ_OU909470.1;OU953855.1
G91cd9fc47035485dabbebdb6	P9897241121f49b098577aa4d	Ancistroides_nigrita	A_only	A	0	0	0	1	378df916bdf43fbe0bc7dc0f56cc24bfac8c32b6c17f6d7e4ad8cc334a102a3b	-14	-15	-0.04093567251461988304093567251	1	0	0	False	NOT_ASSIGNED	102	90	618	684	684	684	100.000	100.000	1	1	1-342	CP003884.1;NZ_CP041215.1;NZ_CP054598.1;NZ_OX366332.1;NZ_OX366352.1;NZ_OX366353.1;NZ_OX366359.1;NZ_OX366397.1;NZ_OZ034713.1;NZ_OZ034769.1;NZ_OZ034773.1;NZ_OZ034792.1	1	1	604	669	669	669	99.123	99.123	1	1	1-342	NZ_OZ035002.1	0	0											15	14	613	679	679	679	99.708	99.708	1	1	1-342	CP091195.1;NZ_CP110359.1
G1de1d765aa1b513efe053702	Pa2bce227857811250a569cd1	Ancistroides_nigrita	A_only	A	0	0	0	0	5dd6595b77fd6d98bacaa85ca8c2d4f8ba6a85a07f09c167c064130b1236aaef	-9	-10	-0.02970297029702970297029702970	1	0	0	False	NOT_ASSIGNED	106	106	547	606	606	606	100.000	100.000	1	1	1-303	NZ_CP041215.1;NZ_CP054598.1;NZ_OX366319.1;NZ_OX366326.1;NZ_OX366332.1;NZ_OX366351.1;NZ_OX366352.1;NZ_OX366353.1;NZ_OX366356.1;NZ_OX366369.1;NZ_OX366397.1;NZ_OX366400.1;NZ_OZ014602.1;NZ_OZ034690.1;NZ_OZ034701.1;NZ_OZ034702.1;NZ_OZ034713.1;NZ_OZ034716.1;NZ_OZ034719.1;NZ_OZ034720.1;NZ_OZ034721.1;NZ_OZ034726.1;NZ_OZ034728.1;NZ_OZ034762.1;NZ_OZ034764.1;NZ_OZ034769.1;NZ_OZ034773.1;NZ_OZ034792.1;NZ_OZ034913.1;NZ_OZ187004.1;NZ_OZ195515.1;NZ_OZ195525.1	6	6	538	596	596	596	99.340	99.340	1	1	1-303	NZ_OZ035002.1	0	0											31	30	543	601	601	601	99.670	99.670	1	1	1-303	CP091195.1;NZ_CP110359.1;OU953855.1
G4681f9642d1f470343c1ee75	Pa87d72afcf636cec7bbf5d9e	Ancistroides_nigrita	A_unknown_tie	A;unknown	0	0	0	0	dcc0dc6ce368564e82239f6cabe9ff333e7bf526507e9f29816809f18f28f7f3	-20	-22	-0.06006006006006006006006006006	0	0	0	False	NOT_ASSIGNED	104	104	601	666	666	666	100.000	100.000	1	1	1-333	NZ_CP041215.1;NZ_CP054598.1;NZ_OX366272.1;NZ_OX366327.1;NZ_OX366352.1;NZ_OX366353.1;NZ_OX366357.1;NZ_OX366359.1;NZ_OX366375.1;NZ_OX366378.1;NZ_OX366387.1;NZ_OX366388.1;NZ_OX366389.1;NZ_OX366395.1;NZ_OX366397.1;NZ_OX366398.1;NZ_OZ017714.1;NZ_OZ034695.1;NZ_OZ034701.1;NZ_OZ034712.1;NZ_OZ034713.1;NZ_OZ034717.1;NZ_OZ034720.1;NZ_OZ034763.1;NZ_OZ034764.1;NZ_OZ034769.1;NZ_OZ034773.1;NZ_OZ034779.1;NZ_OZ034785.1;NZ_OZ034792.1;NZ_OZ034796.1;NZ_OZ034998.1;NZ_OZ035007.1;NZ_OZ195518.1;OX366363.1;OZ034697.1	5	5	581	644	644	644	98.795	98.795	0.9969969969969969969969969970	0.9969969969969969969969969970	1-332	NZ_OZ035002.1	0	0											24	24	601	666	666	666	100.000	100.000	1	1	1-333	CP091195.1;NZ_OU909470.1;OU953855.1
Gfbeb1f69f1153bdd39f75199	Pb3f06ba9a36b08c87a7cccb2	Ancistroides_nigrita	A_only	A	0	0	0	0	d1f3350f6106aa13c649cddae7269b147a3795ee03847db76cbfd9ddbffe29d4					0	1	False	NOT_ASSIGNED	32	32	747	828	828	828	100.000	100.000	1	1	1-414	CP003884.1;NZ_CP041215.1;NZ_OX366332.1;NZ_OX366352.1;NZ_OX366353.1;NZ_OX366359.1;NZ_OX366397.1;NZ_OZ034713.1;NZ_OZ034764.1;NZ_OZ034769.1;NZ_OZ034773.1	0	0											0	0											2	2	735	814	814	814	99.517	99.517	1	1	1-414	NZ_CP110359.1;NZ_OU909470.1
Gb6aecc1f8ca0140940f82407	Pb53b4d94c05a6d484ec8e538	Ancistroides_nigrita	A_only	A	0	0	0	0	d80d4819e32f129f3f2cee80595291ad16017ba7fe274f88394c5a99b1cb2dad					0	1	False	NOT_ASSIGNED	32	32	785	870	870	870	100.000	100.000	1	1	1-435	CP003884.1;NZ_CP054598.1;NZ_OX366332.1;NZ_OX366353.1;NZ_OX366359.1;NZ_OX366397.1;NZ_OZ034713.1;NZ_OZ034764.1;NZ_OZ034769.1;NZ_OZ034773.1	0	0											0	0											3	3	764	846	846	846	99.080	99.080	1	1	1-435	NZ_OU909470.1
G6379f02d3c7701540ffcc560	Pbf111878b49f8635cfc0b308	Ancistroides_nigrita	A_only	A	0	0	0	0	3934283253a0053603b857362c80f04f2c5da042c3ecc971bd4ad5e6a0f15672	-68	-75	-0.08651399491094147582697201018	1	0	0	False	NOT_ASSIGNED	53	53	1414	1567	1567	1567	99.873	99.873	1	1	1-786	CP003884.1;NZ_CP041215.1;NZ_OX366332.1;NZ_OX366352.1;NZ_OX366353.1;NZ_OX366397.1;NZ_OZ034713.1;NZ_OZ034769.1;NZ_OZ034773.1	2	2	1346	1492	1492	1492	97.964	97.964	1	1	1-786	NZ_OZ034708.1	0	0											11	11	1311	1453	1453	1453	97.066	97.066	0.9974554707379134860050890585	0.9974554707379134860050890585	1-784	NZ_CP110359.1
Gd0e4cbe9cbcf9fd0874e67e3	Pbfb42565c9fa797dd31365b6	Ancistroides_nigrita	A_only	A	0	0	0	0	18a075c8af9e5f6e9669dd82cd8cd9e2588d606583a4f1f39c6a8685c2c4d413	-17	-19	-0.01402640264026402640264026403	1	0	0	False	NOT_ASSIGNED	87	87	2186	2424	2424	2424	100.000	100.000	1	1	1-1212	CP003884.1;NZ_CP041215.1;NZ_OX366332.1;NZ_OX366352.1;NZ_OX366397.1;NZ_OZ034713.1;NZ_OZ034764.1;NZ_OZ034769.1;NZ_OZ034773.1;NZ_OZ034792.1	69	69	2169	2405	2405	2405	99.752	99.752	1	1	1-1212	NZ_OZ035002.1	0	0											30	30	2182	2419	2419	2419	99.917	99.917	1	1	1-1212	NZ_CP090902.1;NZ_CP136587.1;OX384028.1
G0b02e2d84ce40506ed4baafb	Pcd189dc1eefba4ae08285709	Ancistroides_nigrita	A_only	A	0	0	0	0	989ee06912f065deac462a00378f0d7aad13a7092b5a2a4d7e3e26423014f6d0	-23	-25	-0.02203065134099616858237547893	1	0	0	False	NOT_ASSIGNED	87	85	1879	2083	2083	2083	99.904	99.904	1	1	1-1044	CP003884.1;NZ_CP041215.1;NZ_OX366352.1;NZ_OX366359.1;NZ_OX366387.1;NZ_OZ017714.1;NZ_OZ025779.1;NZ_OZ034695.1;NZ_OZ034763.1;NZ_OZ034764.1;NZ_OZ034769.1;NZ_OZ034792.1;NZ_OZ034793.1	5	5	1856	2058	2058	2058	99.425	99.425	1	1	1-1044	NZ_OZ035002.1	0	0											22	20	1870	2073	2073	2073	99.713	99.713	1	1	1-1044	NZ_CP110359.1
Gcc2560f5558323db5144af0f	Pd361fb920038257624d583f4	Ancistroides_nigrita	A_only	A	0	0	0	0	4f19a8415044f384e762b40ed923622ac516963d0bdc3d3aa9e50d6f43871ea2					0	1	False	NOT_ASSIGNED	25	25	720	798	798	798	100.000	100.000	1	1	1-399	CP003884.1;CP042904.1;NZ_CP041215.1;NZ_OX366327.1;NZ_OX366332.1;NZ_OX366352.1;NZ_OX366353.1;NZ_OX366359.1;NZ_OX366375.1;NZ_OX366389.1;NZ_OX366397.1;NZ_OX366398.1;NZ_OZ034712.1;NZ_OZ034713.1;NZ_OZ034764.1;NZ_OZ034769.1;NZ_OZ034773.1;NZ_OZ034779.1;NZ_OZ034792.1;NZ_OZ034796.1;NZ_OZ195515.1;NZ_OZ195518.1;OZ034697.1	0	0											0	0											1	1	624	691	691	691	94.724	94.724	0.9974937343358395989974937343	0.9974937343358395989974937343	2-399	NZ_OZ195521.1
G613b8debcd1dde761c04af91	Pda2dffc75bee2718e9054d16	Ancistroides_nigrita	A_only	A	0	0	0	0	58011873e3b2f00260f99821a0fa47995be265d78c31d2d9f5cb4cadaa8d1dad	-2424	-2688	-1.260530421216848673946957878	0	0	0	False	NOT_ASSIGNED	37	37	3464	3841	3841	3841	99.948	99.948	1	1	1-1923	NZ_OX366327.1;NZ_OX366332.1;NZ_OX366352.1;NZ_OX366359.1;NZ_OZ034764.1;NZ_OZ034769.1;NZ_OZ034792.1	1	1	1040	1153	1153	1153	76.764	76.764	0.7171086843473738949557982319	0.7171086843473738949557982319	1-1379	NZ_OZ181655.1	0	0											3	3	2931	3250	3250	3250	93.747	93.747	1	1	1-1923	CP091195.1
Gb5dbf7d942a9c4087e1af16e	Pdd5c78cc55f1937e37fb3db7	Ancistroides_nigrita	A_only	A	0	0	0	0	365ef1987c3bf255e29631a776a9762e2ad00a7b6ddbe8c57fcde7a501f39ee4	-18	-20	-0.02803738317757009345794392523	1	0	0	False	NOT_ASSIGNED	80	80	1159	1284	1284	1284	100.000	100.000	1	1	1-642	NZ_CP041215.1;NZ_OX366326.1;NZ_OX366332.1;NZ_OX366351.1;NZ_OX366352.1;NZ_OX366353.1;NZ_OX366397.1;NZ_OX366400.1;NZ_OZ014602.1;NZ_OZ034690.1;NZ_OZ034713.1;NZ_OZ034716.1;NZ_OZ034726.1;NZ_OZ034762.1;NZ_OZ034764.1;NZ_OZ034769.1;NZ_OZ034773.1;NZ_OZ034792.1;NZ_OZ187004.1;NZ_OZ195525.1;OZ034694.1	1	1	1141	1264	1264	1264	99.377	99.377	1	1	1-642	NZ_OZ035002.1	0	0											15	15	1145	1269	1269	1269	99.533	99.533	1	1	1-642	NZ_CP090902.1;NZ_CP110359.1;NZ_CP136587.1;NZ_CP157591.1;NZ_CP170632.1;NZ_CP175927.1;OX384028.1
Gfa51b8e46837a9b1625cc8c5	Pfa51b8e46837a9b1625cc8c5	Ancistroides_nigrita	A_only	A	0	0	0	1	02ff27aa2360e82e099f706f669f2d7bbeb9220d9a0c166326913c1c0b9ab3e5	-320	-355	-0.09259259259259259259259259259	1	0	0	False	NOT_ASSIGNED	87	87	6229	6907	6907	6907	99.971	99.971	1	1	1-3456	NZ_OX366359.1;NZ_OX366397.1;NZ_OZ034773.1	13	13	5909	6552	6552	6552	97.917	97.917	1	1	1-3456	NZ_OZ035002.1	0	0											27	27	5913	6557	6557	6557	97.946	97.946	1	1	1-3456	NZ_CP069053.1;NZ_CP069060.1;NZ_CP136587.1;NZ_CP175927.1
Gff2c27605d3eebeb114c5bbd	Pfd55ca99eaf0d62d7a09bf25	Ancistroides_nigrita	A_only	A	0	0	0	0	1ed3704cf0b4f2f7f6a02c770aab99aa12963364842fe710073cc797844e2a20	-81	-90	-0.2477064220183486238532110092	0	0	0	False	NOT_ASSIGNED	47	47	590	654	654	654	100.000	100.000	1	1	1-327	CP003884.1;NZ_CP041215.1;NZ_OX366352.1;NZ_OX366353.1;NZ_OX366359.1;NZ_OX366397.1;NZ_OZ034713.1;NZ_OZ034720.1;NZ_OZ034764.1;NZ_OZ034769.1;NZ_OZ034773.1;NZ_OZ034792.1	2	2	509	564	564	564	96.203	96.203	0.9663608562691131498470948012	0.9663608562691131498470948012	1-316	NZ_OZ181655.1	0	0											4	4	545	604	604	604	97.546	97.546	0.9938837920489296636085626911	0.9938837920489296636085626911	1-325	NZ_CP175923.1
Ga12e2180cc7adf69c3fdac16	P0294554494f5a8cec05865fd	Cupitha_purreea	A_only	A	0	0	0	0	f20bb797022f551fb28867208b472b0e889f7dfc521cb6e20122886ef1f1583d	-9	-10	-0.006134969325153374233128834356	1	0	0	False	NOT_ASSIGNED	82	82	2642	2929	2929	2929	99.932	99.932	1	1	1-1467	NZ_CP041215.1;NZ_CP054598.1;NZ_OX366332.1;NZ_OX366352.1;NZ_OX366353.1;NZ_OX366397.1;NZ_OZ034713.1;NZ_OZ034764.1;NZ_OZ034773.1;NZ_OZ034792.1	2	2	2633	2919	2919	2919	99.796	99.796	1	1	1-1467	NZ_OZ035002.1	0	0											13	13	2637	2924	2924	2924	99.864	99.864	1	1	1-1467	NZ_CP170632.1;NZ_CP175927.1
Gaa36c926ab5cdb894079b9b7	P0675c48295767aa3906ac372	Cupitha_purreea	A_only	A	0	0	0	0	a3a9727d260835a1242b78a5abdd9b73924a98d45f671c79d5aa5954b29d9dca	-1063	-1179	-0.4814311594202898550724637681	0	0	0	False	NOT_ASSIGNED	33	33	3974	4406	4406	4406	99.909	99.909	1	1	1-2208	NZ_OZ034769.1	1	1	2911	3227	3227	3227	98.918	98.918	0.7522644927536231884057971014	0.7522644927536231884057971014	548-2208	NZ_OZ035002.1	0	0											4	4	2914	3231	3231	3231	98.977	98.977	0.7522644927536231884057971014	0.7522644927536231884057971014	548-2208	NZ_CP175927.1
G07f88e2bb1e56fb05f02e58a	P07f88e2bb1e56fb05f02e58a	Cupitha_purreea	A_only	A	0	0	0	0	fef582c1646815bd784c221b72ec3ead077a781d928c34dd35b6e34a2d910435	-9	-10	-0.01127819548872180451127819549	1	0	0	False	NOT_ASSIGNED	77	75	1440	1596	1596	1596	100.000	100.000	1	1	1-798	CP003884.1;NZ_OX366332.1;NZ_OX366352.1;NZ_OX366359.1;NZ_OX366397.1;NZ_OZ034713.1;NZ_OZ034769.1;NZ_OZ034773.1;NZ_OZ034792.1	1	1	1431	1586	1586	1586	99.749	99.749	1	1	1-798	NZ_OZ035002.1	0	0											13	13	1435	1591	1591	1591	99.875	99.875	1	1	1-798	NZ_CP110359.1;OU953855.1
G45f04c2ff2379899cf70412b	P0c624e151735e4a9fed865d5	Cupitha_purreea	A_only	A	0	0	0	0	d26141381ba78d429817a4f44a0a63feef37405733591275b4f025bd2bf52a26	-147	-163	-0.5157894736842105263157894737	0	0	0	False	NOT_ASSIGNED	55	55	510	565	565	565	99.649	99.649	1	1	1-285	CP003884.1;NZ_OX366332.1;NZ_OX366352.1;NZ_OX366353.1;NZ_OX366359.1;NZ_OX366397.1;NZ_OZ034764.1;NZ_OZ034792.1	71	71	363	402	402	402	95.575	95.575	0.7929824561403508771929824561	0.7929824561403508771929824561	16-241	NZ_OZ181655.1	0	0											36	36	506	560	560	560	99.298	99.298	1	1	1-285	NZ_CP110359.1
G147d5a2fae71a8f9b188af31	P0f7e8941919e9b634eb350c7	Cupitha_purreea	A_only	A	0	0	0	0	bc2a3250a5d899db7839c72b92e1c066526c443d5a29b366b384b028748e6f5b	-118	-130	-0.1293859649122807017543859649	1	0	0	False	NOT_ASSIGNED	113	108	1644	1822	1822	1822	100.000	100.000	0.9989035087719298245614035088	0.9989035087719298245614035088	1-911	CP003884.1;NZ_OX366332.1;NZ_OX366397.1;NZ_OZ034713.1;NZ_OZ034764.1;NZ_OZ034773.1;NZ_OZ034792.1	73	73	1526	1692	1692	1692	97.146	97.146	0.9989035087719298245614035088	0.9989035087719298245614035088	1-911	NZ_OZ035002.1	1	1	901	998	998	998	82.202	82.202	0.9857456140350877192982456140	0.9857456140350877192982456140	13-911	NZ_OZ034692.1	40	40	1639	1817	1817	1817	99.890	99.890	0.9989035087719298245614035088	0.9989035087719298245614035088	1-911	NZ_CP110359.1
Gf5011e8a26807f0a633bd9a4	P105e81cadb13fa73bec24ff5	Cupitha_purreea	A_only	A	0	0	0	0	1b53e83ab5f170fac54d8d063d6febad7cbfe61542f1ed0d801d6e01f8356bc8	-2742	-3041	-1.012181616832779623477297896	0	0	0	False	NOT_ASSIGNED	37	37	4531	5024	5024	5024	97.325	97.325	0.9937246216315983757844222961	0.9937246216315983757844222961	1-2692	NZ_OZ034792.1	1	1	1789	1983	1983	1983	75.994	75.994	0.9250645994832041343669250646	0.9250645994832041343669250646	1-2506	NZ_OZ181655.1	0	0											4	4	4136	4586	4586	4586	94.000	94.000	0.9966777408637873754152823920	0.9966777408637873754152823920	1-2700	CP091195.1
Gde3d28d8ca3d32537ae24518	P13e05d070734305f12c2eb26	Cupitha_purreea	A_only	A	0	0	0	0	d3560b5d4f4c5e3743342ec2bf83a1c3967d869780e61fe291fad16d63ec5e6f	-63	-70	-0.2019230769230769230769230769	0	0	0	False	NOT_ASSIGNED	20	20	563	624	624	624	100.000	100.000	1	1	1-312	CP003884.1;NZ_CP041215.1;NZ_CP054598.1;NZ_OX366332.1;NZ_OX366352.1;NZ_OX366359.1;NZ_OX366397.1;NZ_OZ034713.1;NZ_OZ034764.1;NZ_OZ034769.1;NZ_OZ034773.1;NZ_OZ034792.1	1	1	500	554	554	554	94.654	94.654	0.9935897435897435897435897436	0.9935897435897435897435897436	1-310	NZ_OZ181655.1	0	0											2	2	540	598	598	598	97.188	97.188	1	1	1-312	NZ_OW370537.1
G2a046bb82409ec5a80daebf9	P1440feb117cd723f6abb3813	Cupitha_purreea	A_only	A	0	0	0	0	ba5d0fabd5c25da087938ce7dbd629cb9f50a5820d221f35a9dde980f732b5b5	-366	-406	-0.1426900584795321637426900585	1	0	0	False	NOT_ASSIGNED	113	113	4626	5130	5130	5130	100.000	100.000	1	1	1-2565	NZ_CP041215.1;NZ_OX366332.1;NZ_OX366352.1;NZ_OX366397.1;NZ_OZ034713.1;NZ_OZ034764.1;NZ_OZ034792.1	73	73	4260	4724	4724	4724	96.696	96.696	1	1	1-2565	NZ_OZ034708.1	0	0											47	47	4387	4865	4865	4865	97.934	97.934	1	1	1-2565	OU953855.1
G16ac9b89ff10a00bf5aef6dc	P16ac9b89ff10a00bf5aef6dc	Cupitha_purreea	A_only	A	0	0	0	0	c3247bc8cb0f826a75ef9bc0911d32f87b97ffbc5522e90b0b540f82e3b2c53d	-4	-5	-0.008771929824561403508771929825	1	0	0	False	NOT_ASSIGNED	80	80	823	912	912	912	100.000	100.000	1	1	1-456	CP003884.1;NZ_CP041215.1;NZ_CP054598.1;NZ_OX366332.1;NZ_OX366352.1;NZ_OX366397.1;NZ_OZ034713.1;NZ_OZ034764.1;NZ_OZ034769.1;NZ_OZ034773.1;NZ_OZ034792.1	1	1	819	907	907	907	99.781	99.781	1	1	1-456	NZ_OZ035002.1	0	0											15	15	819	907	907	907	99.781	99.781	1	1	1-456	CP076228.1;NZ_CP069053.1;NZ_CP069060.1;NZ_CP090902.1;NZ_CP136586.1;NZ_CP136587.1;NZ_CP157591.1;NZ_CP170632.1;NZ_CP175927.1;OU953855.1;OX384028.1
G17c4a8f0e8f2f82c6ac338cd	P17c4a8f0e8f2f82c6ac338cd	Cupitha_purreea	A_only	A	0	0	0	0	674f5f3f95e2734c29f047fe2bb26521d3f065a4779a20e87d9964e6551e9376	-1028	-1140	-1.105376344086021505376344086	0	0	0	False	NOT_ASSIGNED	104	95	1673	1855	1855	1855	99.892	99.892	1	1	1-930	NZ_OZ034769.1	1	1	645	715	715	715	78.961	78.961	0.8032258064516129032258064516	0.8032258064516129032258064516	184-930	NZ_OZ035002.1	0	0											18	18	1081	1198	1198	1198	85.576	85.576	0.9989247311827956989247311828	0.9989247311827956989247311828	1-929	NZ_CP175923.1
G58996f09d1c838aa79ba5fc7	P20dcc1f87621309dee9a6f80	Cupitha_purreea	A_only	A	0	0	0	0	699e8bf5dd565e18655ec0b8a905dab6bed51479ef1a6c21f8873f430e91f779	-51	-57	-0.04607046070460704607046070461	1	0	0	False	NOT_ASSIGNED	113	113	1988	2204	2204	2204	99.819	99.819	1	1	1-1107	NZ_OX366353.1;NZ_OZ034701.1	74	74	1937	2147	2147	2147	97.784	97.784	1	1	1-1107	NZ_OZ035002.1	1	1	810	897	897	897	84.048	84.048	0.6738934056007226738934056007	0.6738934056007226738934056007	358-1103	NZ_OZ034692.1	51	51	1979	2194	2194	2194	99.639	99.639	1	1	1-1107	NZ_CP090902.1
G6144ef5fdf7579a01e10dbf8	P22c5aea74644942fb02544bc	Cupitha_purreea	A_only	A	0	0	0	1	469b1b881cf0bd089d2447dc3a732e8fc9af42e7417b6683e740aa3ae36697d8	-254	-282	-0.1372231226364127498649378714	1	0	0	False	NOT_ASSIGNED	114	113	3339	3702	3702	3702	100.000	100.000	1	1	1-1851	CP003884.1;NZ_OX366332.1;NZ_OX366352.1;NZ_OX366353.1;NZ_OX366359.1;NZ_OZ034769.1;NZ_OZ034792.1	74	74	3085	3420	3420	3420	96.823	96.823	1	1	1-1851	NZ_OZ034718.1	1	1	2246	2490	2490	2490	86.807	86.807	1	1	1-1851	NZ_OZ034692.1	51	50	3085	3420	3420	3420	96.823	96.823	1	1	1-1851	NZ_CP192272.1
G1d3efe9f97f91fc1b2c5c65a	P2c83049b426ff56b08fe28b0	Cupitha_purreea	A_only	A	0	0	0	0	c2c9fc0335028e802bf7d24ac633459eac3617b7e216f074ae776de78fee106c					0	1	False	NOT_ASSIGNED	30	30	2664	2954	2954	2954	99.865	99.865	1	1	1-1482	NZ_CP041215.1;NZ_OX366332.1;NZ_OX366352.1;NZ_OX366353.1;NZ_OX366397.1;NZ_OZ034764.1;NZ_OZ034769.1	0	0											0	0											0	0										
Ga1f07104e1a52615439f12be	P3e4fb06e9670f3171001e548	Cupitha_purreea	A_unknown_tie	A;unknown	0	0	0	0	c88da66754d92c3e4978950bbb1e1ce5569cb159d223f4da32cf374d7a8ffb7d	-5	-5	-0.005393743257820927723840345200	1	0	0	False	NOT_ASSIGNED	47	47	1673	1854	1854	1854	100.000	100.000	1	1	1-927	CP003884.1;NZ_CP041215.1;NZ_OX366332.1;NZ_OX366348.1;NZ_OX366352.1;NZ_OX366359.1;NZ_OX366368.1;NZ_OX366369.1;NZ_OX366379.1;NZ_OX366387.1;NZ_OX366388.1;NZ_OX366397.1;NZ_OX366398.1;NZ_OX366399.1;NZ_OZ034713.1;NZ_OZ034769.1;NZ_OZ034773.1;NZ_OZ034779.1;NZ_OZ034793.1;NZ_OZ034796.1;NZ_OZ034913.1;NZ_OZ035007.1;NZ_OZ183482.1;OX366363.1	2	2	1668	1849	1849	1849	99.892	99.892	1	1	1-927	NZ_OZ035002.1	0	0											10	10	1673	1854	1854	1854	100.000	100.000	1	1	1-927	NZ_CP175927.1
Gf0c3ccebc45a5c5c4893f299	P44f6e46ea2ed589cedda429f	Cupitha_purreea	A_only	A	0	0	0	0	635ad6401ad075751dd15461d2baf12ebc22c11804b0f8090dcc5ca75c5579ea					0	1	False	NOT_ASSIGNED	13	13	5288	5864	5864	5864	99.932	99.932	1	1	1-2937	NZ_OX366369.1;NZ_OZ034769.1	0	0											1	1	1872	2075	2075	2075	82.960	82.960	0.5948246510044262853251617297	0.5948246510044262853251617297	1191-2937	NZ_OZ034692.1	3	3	2235	2478	2478	2478	88.082	88.082	0.5948246510044262853251617297	0.5948246510044262853251617297	1191-2937	OU953855.1
G44d2fd30c4c9d0d105094985	P493f6ff5725a58e31ceb52ab	Cupitha_purreea	A_only	A	0	0	0	0	da0d8fe005def433e13416c834351fdcaf030b88f1ec8bfd59c61c9dfede4f16	-23	-25	-0.02123730378578024007386888273	1	0	0	False	NOT_ASSIGNED	76	76	1954	2166	2166	2166	100.000	100.000	1	1	1-1083	CP003884.1;NZ_CP041215.1;NZ_OX366332.1;NZ_OX366352.1;NZ_OX366353.1;NZ_OX366397.1;NZ_OZ034713.1;NZ_OZ034764.1;NZ_OZ034769.1;NZ_OZ034773.1;NZ_OZ034792.1	1	1	1931	2141	2141	2141	99.538	99.538	1	1	1-1083	NZ_OZ035002.1	0	0											19	19	1945	2156	2156	2156	99.815	99.815	1	1	1-1083	OU953855.1
G943f2b1d1a36cc8cd7bce4b7	P52a038d73fbb0dc2fce63fa2	Cupitha_purreea	A_only	A	0	0	0	1	82a19fe23f557c1a5d39feab517002c509b15df31fc03c6c52583bb5285768a2	-15	-17	-0.01362397820163487738419618529	1	0	0	False	NOT_ASSIGNED	81	79	1986	2202	2202	2202	100.000	100.000	1	1	1-1101	CP003884.1;NZ_OX366332.1;NZ_OX366352.1;NZ_OZ034713.1;NZ_OZ034764.1;NZ_OZ034769.1;NZ_OZ034773.1	35	35	1971	2185	2185	2185	99.728	99.728	1	1	1-1101	NZ_OZ035002.1	0	0											20	19	1973	2187	2187	2187	99.728	99.728	1	1	1-1101	NZ_CP069053.1;NZ_CP069060.1;NZ_CP090902.1;NZ_CP170632.1;OX384028.1
Gee0144ffb39bd408995d7bf1	P642aafeefb367660a9b78c39	Cupitha_purreea	A_only	A	0	0	0	1	b591d3486bcc6d418eb88c6ba364d5561fb2ff1712998fbdd7482002d989de89	-95	-105	-0.06959706959706959706959706960	0	0	0	False	NOT_ASSIGNED	114	113	2458	2725	2725	2725	99.927	99.927	1	1	1-1365	CP003884.1;NZ_CP041215.1;NZ_CP054598.1;NZ_OX366332.1;NZ_OX366352.1;NZ_OX366353.1;NZ_OX366359.1;NZ_OX366397.1;NZ_OZ034713.1;NZ_OZ034764.1;NZ_OZ034769.1;NZ_OZ034792.1	74	74	2363	2620	2620	2620	98.177	98.177	0.9985347985347985347985347985	0.9985347985347985347985347985	1-1363	NZ_OX366334.1;OX366390.1	1	1	1455	1613	1613	1613	83.914	83.914	0.9882783882783882783882783883	0.9882783882783882783882783883	1-1349	NZ_OZ034692.1	51	50	2389	2649	2649	2649	98.543	98.543	1	1	1-1365	NZ_CP110359.1
G2479865f39802b7013662775	P6650f8af23e8baae78a43f97	Cupitha_purreea	A_only	A	0	0	0	0	739791e6daf7d49e7a6334ba563aead3c92b3b1c51fa4d5fec8addbff34c390c	-5	-5	-0.01400560224089635854341736695	1	0	0	False	NOT_ASSIGNED	83	83	645	714	714	714	100.000	100.000	1	1	1-357	CP003884.1;NZ_CP041215.1;NZ_CP054598.1;NZ_OX366319.1;NZ_OX366326.1;NZ_OX366332.1;NZ_OX366351.1;NZ_OX366352.1;NZ_OX366353.1;NZ_OX366387.1;NZ_OX366395.1;NZ_OX366397.1;NZ_OX366400.1;NZ_OZ014602.1;NZ_OZ034690.1;NZ_OZ034702.1;NZ_OZ034706.1;NZ_OZ034713.1;NZ_OZ034716.1;NZ_OZ034720.1;NZ_OZ034721.1;NZ_OZ034726.1;NZ_OZ034728.1;NZ_OZ034762.1;NZ_OZ034764.1;NZ_OZ034769.1;NZ_OZ034773.1;NZ_OZ034792.1;NZ_OZ034913.1;NZ_OZ187004.1;NZ_OZ195525.1	1	1	640	709	709	709	99.720	99.720	1	1	1-357	NZ_OZ035002.1	0	0											15	15	640	709	709	709	99.720	99.720	1	1	1-357	NZ_CP069053.1;NZ_CP069060.1;NZ_CP136587.1;NZ_CP170632.1;NZ_CP175927.1
G093be6b488b0e02146cce4a6	P69d68c4e9723a50f19464644	Cupitha_purreea	A_only	A	0	0	0	0	ab80c69f77b8bc3fa09fa4ce985df6c0634b94f16931671d2c51a4b0110c2d17	-45	-50	-0.03472222222222222222222222222	1	0	0	False	NOT_ASSIGNED	87	87	2338	2592	2592	2592	100.000	100.000	1	1	1-1296	NZ_CP041215.1;NZ_OX366332.1;NZ_OX366352.1;NZ_OX366397.1;NZ_OZ034713.1;NZ_OZ034764.1;NZ_OZ034769.1;NZ_OZ034773.1;NZ_OZ034792.1	2	2	2293	2542	2542	2542	99.228	99.228	1	1	1-1296	NZ_OZ035002.1	0	0											17	17	2293	2542	2542	2542	99.228	99.228	1	1	1-1296	NZ_CP069053.1;NZ_CP069060.1;NZ_CP090902.1;NZ_CP136587.1;OX384028.1
G449c4d3ade4f37202a52bba7	P6e77e4124db35977ff81de98	Cupitha_purreea	A_only	A	0	0	0	0	cdc920b1effc40c05994624fcdfd789e99db6ca0571b8fafb060f2dbc27bd75b	-277	-308	-0.5699588477366255144032921811	0	0	0	False	NOT_ASSIGNED	38	36	877	972	972	972	100.000	100.000	1	1	1-486	CP003884.1;NZ_CP041215.1;NZ_CP054557.1;NZ_OX366332.1;NZ_OX366352.1;NZ_OX366359.1;NZ_OX366397.1;NZ_OZ034706.1;NZ_OZ034769.1;NZ_OZ034773.1;NZ_OZ034791.1	1	1	600	664	664	664	100.000	100.000	0.6831275720164609053497942387	0.6831275720164609053497942387	1-332	NZ_OZ035002.1	0	0											7	5	873	967	967	967	99.794	99.794	1	1	1-486	NZ_CP157591.1
G2849b210d01632cb3811baa4	P71bb8c7f5b149dba1c7305d5	Cupitha_purreea	A_only	A	0	0	0	0	194eaa96d1dce94bf44fc6776bff308279f0e8c7d80901a4047a0896b03ae0bf	-62	-69	-0.05990338164251207729468599034	1	0	0	False	NOT_ASSIGNED	76	74	1867	2070	2070	2070	100.000	100.000	1	1	1-1035	CP003884.1;NZ_CP041215.1;NZ_CP054598.1;NZ_OX366332.1;NZ_OX366352.1;NZ_OX366397.1;NZ_OZ034713.1;NZ_OZ034769.1;NZ_OZ034792.1	1	1	1805	2001	2001	2001	98.090	98.090	1	1	1-1035	NZ_OZ035002.1	0	0											19	19	1831	2030	2030	2030	99.227	99.227	1	1	1-1035	NZ_CP170632.1
G57e63a56b9667ffab734d596	P7b8604775adae8acd2294a64	Cupitha_purreea	A_only	A	0	0	0	0	9b2ccc166677e14800d34318ff481928b5ff198e3aeb20ca08299db5ffdb3540	-14	-15	-0.007843137254901960784313725490	1	0	0	False	NOT_ASSIGNED	105	105	3220	3570	3570	3570	100.000	100.000	1	1	1-1785	NZ_CP041215.1;NZ_OX366332.1;NZ_OX366352.1;NZ_OZ034764.1;NZ_OZ034769.1;NZ_OZ034792.1;OZ034697.1	2	2	3206	3555	3555	3555	99.832	99.832	1	1	1-1785	NZ_OZ035002.1	0	0											22	22	3206	3555	3555	3555	99.832	99.832	1	1	1-1785	NZ_CP069053.1;NZ_CP069060.1;NZ_CP136587.1;NZ_CP170632.1;NZ_CP175927.1;OU953855.1;OX384028.1
G3ed8178da2e76a7af1275124	P8199b65d2f3a3eb73fd3881f	Cupitha_purreea	A_unknown_tie	A;unknown	0	0	0	0	8bcbeef16536f8a5a9f0e79ef5b8e7cca04cd0c9662c9a593282ad3340a3e764	-804	-892	-0.7570621468926553672316384181	0	0	0	False	NOT_ASSIGNED	20	17	1916	2124	2124	2124	100.000	100.000	1	1	1-1062	NZ_OX366327.1;NZ_OX366352.1;NZ_OX366397.1;NZ_OX366399.1;NZ_OX366400.1;NZ_OZ034713.1;NZ_OZ034769.1;NZ_OZ034773.1;NZ_OZ187004.1	2	1	1112	1232	1232	1232	92.622	92.622	0.7118644067796610169491525424	0.7118644067796610169491525424	307-1062	NZ_OX366345.1	0	0											1	1	1916	2124	2124	2124	100.000	100.000	1	1	1-1062	NZ_CP170632.1
G4a55f878104f91d87b731548	P8c07225efaa092ab30d53679	Cupitha_purreea	A_only	A	0	0	0	0	e273bceebb98055610ddb0929e764058f3e432b2f61bfbed86323a94a4678808	-14	-15	-0.01368523949169110459433040078	1	0	0	False	NOT_ASSIGNED	83	83	1846	2046	2046	2046	100.000	100.000	1	1	1-1023	CP003884.1;NZ_CP041215.1;NZ_OX366332.1;NZ_OX366352.1;NZ_OX366359.1;NZ_OX366397.1;NZ_OZ034713.1;NZ_OZ034764.1;NZ_OZ034769.1;NZ_OZ034773.1;NZ_OZ034792.1	1	1	1832	2031	2031	2031	99.707	99.707	1	1	1-1023	NZ_OZ035002.1	0	0											17	17	1832	2031	2031	2031	99.707	99.707	1	1	1-1023	CP076228.1;NZ_CP069053.1;NZ_CP069060.1;NZ_CP090902.1;NZ_CP136587.1;NZ_CP170632.1;NZ_CP175927.1;OX384028.1
G8e7fc1da77b1f7ea879c5134	P8d6f063f581eb9f0d5456da6	Cupitha_purreea	A_only	A	0	0	0	0	0a4f1d88dddac9b5470c07d87bf286d9c11b7597f02cd79e2d1641736dd8ba65	-4	-5	-0.004778972520908004778972520908	1	0	0	False	NOT_ASSIGNED	77	77	1510	1674	1674	1674	100.000	100.000	1	1	1-837	CP003884.1;NZ_CP041215.1;NZ_CP054598.1;NZ_OX366319.1;NZ_OX366327.1;NZ_OX366332.1;NZ_OX366352.1;NZ_OX366359.1;NZ_OX366369.1;NZ_OX366389.1;NZ_OX366397.1;NZ_OX366398.1;NZ_OZ034702.1;NZ_OZ034713.1;NZ_OZ034719.1;NZ_OZ034721.1;NZ_OZ034764.1;NZ_OZ034769.1;NZ_OZ034773.1;NZ_OZ034779.1;NZ_OZ034792.1;NZ_OZ034796.1;NZ_OZ034913.1;NZ_OZ195515.1	1	1	1506	1669	1669	1669	99.881	99.881	1	1	1-837	NZ_OZ035002.1	0	0											13	13	1506	1669	1669	1669	99.881	99.881	1	1	1-837	CP091195.1;NZ_CP069053.1;NZ_CP069060.1;NZ_CP090902.1;NZ_CP136587.1;NZ_CP170632.1;OU953855.1;OX384028.1
Ge1bfa961babadb2f622609b9	P8fcb3dea8eb09c45fa38015a	Cupitha_purreea	A_only	A	0	0	0	0	ab6f8ad35f9668a4ca3a7a35bcdf76ba5edc783a89968529a14adef02d1ff3bf	-86	-95	-0.05512820512820512820512820513	1	0	0	False	NOT_ASSIGNED	113	113	2814	3120	3120	3120	100.000	100.000	1	1	1-1560	CP003884.1;NZ_OX366332.1;NZ_OX366352.1;NZ_OX366353.1;NZ_OX366359.1;NZ_OX366397.1;NZ_OZ034713.1;NZ_OZ034764.1;NZ_OZ034769.1;NZ_OZ034773.1;NZ_OZ034792.1	74	74	2728	3025	3025	3025	98.782	98.782	1	1	1-1560	NZ_OZ034708.1	1	1	1515	1679	1679	1679	81.242	81.242	1	1	1-1560	NZ_OZ034692.1	49	49	2629	2915	2915	2915	97.372	97.372	1	1	1-1560	NZ_CP102058.1
G942e1b2a3926d675d1974bf5	P942e1b2a3926d675d1974bf5	Cupitha_purreea	A_only	A	0	0	0	0	af23929326c50fb142d7910fdf6d21671df07a9af9e9e209b3c58fc12252eef9	-9	-10	-0.01224489795918367346938775510	1	0	0	False	NOT_ASSIGNED	80	80	1326	1470	1470	1470	100.000	100.000	1	1	1-735	CP003884.1;NZ_CP054598.1;NZ_OX366352.1;NZ_OX366353.1;NZ_OX366359.1;NZ_OX366397.1;NZ_OZ034713.1;NZ_OZ034764.1;NZ_OZ034769.1;NZ_OZ034773.1	1	1	1317	1460	1460	1460	99.728	99.728	1	1	1-735	NZ_OZ035002.1	0	0											15	15	1317	1460	1460	1460	99.728	99.728	1	1	1-735	NZ_CP157591.1;NZ_CP170632.1;NZ_CP175927.1
G95855010e0c2448a44e263ca	P95855010e0c2448a44e263ca	Cupitha_purreea	A_only	A	0	0	0	0	76d343faa6dc085104277f6f181b1af156b8dc41d8d8f5ddaf0fa906300208f4	-22	-25	-0.03395061728395061728395061728	1	0	0	False	NOT_ASSIGNED	80	80	1169	1296	1296	1296	100.000	100.000	1	1	1-648	CP003884.1;NZ_CP041215.1;NZ_CP054598.1;NZ_OX366326.1;NZ_OX366332.1;NZ_OX366351.1;NZ_OX366352.1;NZ_OX366353.1;NZ_OX366389.1;NZ_OX366397.1;NZ_OX366398.1;NZ_OX366400.1;NZ_OZ014602.1;NZ_OZ034690.1;NZ_OZ034713.1;NZ_OZ034715.1;NZ_OZ034716.1;NZ_OZ034726.1;NZ_OZ034728.1;NZ_OZ034762.1;NZ_OZ034764.1;NZ_OZ034769.1;NZ_OZ034773.1;NZ_OZ034779.1;NZ_OZ034792.1;NZ_OZ187004.1;NZ_OZ195515.1;NZ_OZ195525.1	1	1	1147	1271	1271	1271	99.228	99.228	1	1	1-648	NZ_OZ035002.1	0	0											15	15	1165	1291	1291	1291	99.846	99.846	1	1	1-648	NZ_CP110359.1;NZ_OU909470.1;OU953855.1
G34dc65b6021be2557e055c30	P9897241121f49b098577aa4d	Cupitha_purreea	A_only	A	0	0	0	1	378df916bdf43fbe0bc7dc0f56cc24bfac8c32b6c17f6d7e4ad8cc334a102a3b	-14	-15	-0.04093567251461988304093567251	1	0	0	False	NOT_ASSIGNED	102	90	618	684	684	684	100.000	100.000	1	1	1-342	CP003884.1;NZ_CP041215.1;NZ_CP054598.1;NZ_OX366332.1;NZ_OX366352.1;NZ_OX366353.1;NZ_OX366359.1;NZ_OX366397.1;NZ_OZ034713.1;NZ_OZ034769.1;NZ_OZ034773.1;NZ_OZ034792.1	1	1	604	669	669	669	99.123	99.123	1	1	1-342	NZ_OZ035002.1	0	0											15	14	613	679	679	679	99.708	99.708	1	1	1-342	CP091195.1;NZ_CP110359.1
G358390569ec5df6e285d2d9f	Pa2bce227857811250a569cd1	Cupitha_purreea	A_only	A	0	0	0	0	5dd6595b77fd6d98bacaa85ca8c2d4f8ba6a85a07f09c167c064130b1236aaef	-9	-10	-0.02970297029702970297029702970	1	0	0	False	NOT_ASSIGNED	106	106	547	606	606	606	100.000	100.000	1	1	1-303	NZ_CP041215.1;NZ_CP054598.1;NZ_OX366319.1;NZ_OX366326.1;NZ_OX366332.1;NZ_OX366351.1;NZ_OX366352.1;NZ_OX366353.1;NZ_OX366356.1;NZ_OX366369.1;NZ_OX366397.1;NZ_OX366400.1;NZ_OZ014602.1;NZ_OZ034690.1;NZ_OZ034701.1;NZ_OZ034702.1;NZ_OZ034713.1;NZ_OZ034716.1;NZ_OZ034719.1;NZ_OZ034720.1;NZ_OZ034721.1;NZ_OZ034726.1;NZ_OZ034728.1;NZ_OZ034762.1;NZ_OZ034764.1;NZ_OZ034769.1;NZ_OZ034773.1;NZ_OZ034792.1;NZ_OZ034913.1;NZ_OZ187004.1;NZ_OZ195515.1;NZ_OZ195525.1	6	6	538	596	596	596	99.340	99.340	1	1	1-303	NZ_OZ035002.1	0	0											31	30	543	601	601	601	99.670	99.670	1	1	1-303	CP091195.1;NZ_CP110359.1;OU953855.1
Gdbfe6e823cdb5bb8f0d2c2b1	Pa87d72afcf636cec7bbf5d9e	Cupitha_purreea	A_unknown_tie	A;unknown	0	0	0	0	dcc0dc6ce368564e82239f6cabe9ff333e7bf526507e9f29816809f18f28f7f3	-20	-22	-0.06006006006006006006006006006	0	0	0	False	NOT_ASSIGNED	104	104	601	666	666	666	100.000	100.000	1	1	1-333	NZ_CP041215.1;NZ_CP054598.1;NZ_OX366272.1;NZ_OX366327.1;NZ_OX366352.1;NZ_OX366353.1;NZ_OX366357.1;NZ_OX366359.1;NZ_OX366375.1;NZ_OX366378.1;NZ_OX366387.1;NZ_OX366388.1;NZ_OX366389.1;NZ_OX366395.1;NZ_OX366397.1;NZ_OX366398.1;NZ_OZ017714.1;NZ_OZ034695.1;NZ_OZ034701.1;NZ_OZ034712.1;NZ_OZ034713.1;NZ_OZ034717.1;NZ_OZ034720.1;NZ_OZ034763.1;NZ_OZ034764.1;NZ_OZ034769.1;NZ_OZ034773.1;NZ_OZ034779.1;NZ_OZ034785.1;NZ_OZ034792.1;NZ_OZ034796.1;NZ_OZ034998.1;NZ_OZ035007.1;NZ_OZ195518.1;OX366363.1;OZ034697.1	5	5	581	644	644	644	98.795	98.795	0.9969969969969969969969969970	0.9969969969969969969969969970	1-332	NZ_OZ035002.1	0	0											24	24	601	666	666	666	100.000	100.000	1	1	1-333	CP091195.1;NZ_OU909470.1;OU953855.1
Gb3f06ba9a36b08c87a7cccb2	Pb3f06ba9a36b08c87a7cccb2	Cupitha_purreea	A_only	A	0	0	0	0	d1f3350f6106aa13c649cddae7269b147a3795ee03847db76cbfd9ddbffe29d4					0	1	False	NOT_ASSIGNED	32	32	747	828	828	828	100.000	100.000	1	1	1-414	CP003884.1;NZ_CP041215.1;NZ_OX366332.1;NZ_OX366352.1;NZ_OX366353.1;NZ_OX366359.1;NZ_OX366397.1;NZ_OZ034713.1;NZ_OZ034764.1;NZ_OZ034769.1;NZ_OZ034773.1	0	0											0	0											2	2	735	814	814	814	99.517	99.517	1	1	1-414	NZ_CP110359.1;NZ_OU909470.1
Gb53b4d94c05a6d484ec8e538	Pb53b4d94c05a6d484ec8e538	Cupitha_purreea	A_only	A	0	0	0	0	d80d4819e32f129f3f2cee80595291ad16017ba7fe274f88394c5a99b1cb2dad					0	1	False	NOT_ASSIGNED	32	32	785	870	870	870	100.000	100.000	1	1	1-435	CP003884.1;NZ_CP054598.1;NZ_OX366332.1;NZ_OX366353.1;NZ_OX366359.1;NZ_OX366397.1;NZ_OZ034713.1;NZ_OZ034764.1;NZ_OZ034769.1;NZ_OZ034773.1	0	0											0	0											3	3	764	846	846	846	99.080	99.080	1	1	1-435	NZ_OU909470.1
G9d475fff221e5b029c2afdba	Pbf111878b49f8635cfc0b308	Cupitha_purreea	A_only	A	0	0	0	0	3934283253a0053603b857362c80f04f2c5da042c3ecc971bd4ad5e6a0f15672	-68	-75	-0.08651399491094147582697201018	1	0	0	False	NOT_ASSIGNED	53	53	1414	1567	1567	1567	99.873	99.873	1	1	1-786	CP003884.1;NZ_CP041215.1;NZ_OX366332.1;NZ_OX366352.1;NZ_OX366353.1;NZ_OX366397.1;NZ_OZ034713.1;NZ_OZ034769.1;NZ_OZ034773.1	2	2	1346	1492	1492	1492	97.964	97.964	1	1	1-786	NZ_OZ034708.1	0	0											11	11	1311	1453	1453	1453	97.066	97.066	0.9974554707379134860050890585	0.9974554707379134860050890585	1-784	NZ_CP110359.1
G135e163140c986bb7405406d	Pbfb42565c9fa797dd31365b6	Cupitha_purreea	A_only	A	0	0	0	0	e1f1e210395cf4231451562088a87d1d22243a2d7a5481abcf57d5a4193f3cad	-17	-19	-0.01402640264026402640264026403	1	0	0	False	NOT_ASSIGNED	87	87	2182	2419	2419	2419	99.917	99.917	1	1	1-1212	CP003884.1;NZ_CP041215.1;NZ_OX366332.1;NZ_OX366352.1;NZ_OX366397.1;NZ_OZ034713.1;NZ_OZ034764.1;NZ_OZ034769.1;NZ_OZ034773.1;NZ_OZ034792.1	69	69	2165	2400	2400	2400	99.670	99.670	1	1	1-1212	NZ_OZ035002.1	0	0											30	30	2177	2414	2414	2414	99.835	99.835	1	1	1-1212	NZ_CP090902.1;NZ_CP136587.1;OX384028.1
G494680240b5435d98f02bd98	Pc399a2889a3327696ebea158	Cupitha_purreea	A_only	A	0	0	0	1	177a5d1ec80b7270fb4a350ce4922e72833dcdf4c2d3e94daca050334fe283e2	-1703	-1889	-0.8215147129763627592860588519	0	0	0	False	NOT_ASSIGNED	47	47	3724	4129	4129	4129	99.855	99.855	1	1	1-2073	NZ_OZ034769.1	1	1	2021	2240	2240	2240	90.097	90.097	0.6473709599614085865894838398	0.6473709599614085865894838398	1-1342	NZ_OZ035002.1	0	0											13	13	3323	3685	3685	3685	93.290	93.290	1	1	1-2073	OU953855.1
G17ff7ef74e74c00bd541865b	Pcd189dc1eefba4ae08285709	Cupitha_purreea	A_only	A	0	0	0	0	989ee06912f065deac462a00378f0d7aad13a7092b5a2a4d7e3e26423014f6d0	-23	-25	-0.02203065134099616858237547893	1	0	0	False	NOT_ASSIGNED	87	85	1879	2083	2083	2083	99.904	99.904	1	1	1-1044	CP003884.1;NZ_CP041215.1;NZ_OX366352.1;NZ_OX366359.1;NZ_OX366387.1;NZ_OZ017714.1;NZ_OZ025779.1;NZ_OZ034695.1;NZ_OZ034763.1;NZ_OZ034764.1;NZ_OZ034769.1;NZ_OZ034792.1;NZ_OZ034793.1	5	5	1856	2058	2058	2058	99.425	99.425	1	1	1-1044	NZ_OZ035002.1	0	0											22	20	1870	2073	2073	2073	99.713	99.713	1	1	1-1044	NZ_CP110359.1
G57dce1cb86b87fb949c11364	Pd361fb920038257624d583f4	Cupitha_purreea	A_only	A	0	0	0	0	4f19a8415044f384e762b40ed923622ac516963d0bdc3d3aa9e50d6f43871ea2					0	1	False	NOT_ASSIGNED	25	25	720	798	798	798	100.000	100.000	1	1	1-399	CP003884.1;CP042904.1;NZ_CP041215.1;NZ_OX366327.1;NZ_OX366332.1;NZ_OX366352.1;NZ_OX366353.1;NZ_OX366359.1;NZ_OX366375.1;NZ_OX366389.1;NZ_OX366397.1;NZ_OX366398.1;NZ_OZ034712.1;NZ_OZ034713.1;NZ_OZ034764.1;NZ_OZ034769.1;NZ_OZ034773.1;NZ_OZ034779.1;NZ_OZ034792.1;NZ_OZ034796.1;NZ_OZ195515.1;NZ_OZ195518.1;OZ034697.1	0	0											0	0											1	1	624	691	691	691	94.724	94.724	0.9974937343358395989974937343	0.9974937343358395989974937343	2-399	NZ_OZ195521.1
G793e325e16ef24aed155c17b	Pda2dffc75bee2718e9054d16	Cupitha_purreea	A_only	A	0	0	0	0	54d94b16ba3f353577beb0b71cb547e05a54ebd7212d4031eca5ec177aa4e4a9	-2424	-2688	-1.260530421216848673946957878	0	0	0	False	NOT_ASSIGNED	37	37	3460	3836	3836	3836	99.896	99.896	1	1	1-1923	NZ_OX366327.1;NZ_OX366332.1;NZ_OX366352.1;NZ_OX366359.1;NZ_OZ034764.1;NZ_OZ034769.1;NZ_OZ034792.1	1	1	1036	1148	1148	1148	76.693	76.693	0.7171086843473738949557982319	0.7171086843473738949557982319	1-1379	NZ_OZ181655.1	0	0											3	3	2927	3245	3245	3245	93.695	93.695	1	1	1-1923	CP091195.1
Gdd5c78cc55f1937e37fb3db7	Pdd5c78cc55f1937e37fb3db7	Cupitha_purreea	A_only	A	0	0	0	0	68bfa5e12ee5c586813bf967c81075532da0ca5584cb4829470f4bb1f865165c	-18	-20	-0.02803738317757009345794392523	1	0	0	False	NOT_ASSIGNED	80	80	1154	1279	1279	1279	99.844	99.844	1	1	1-642	NZ_CP041215.1;NZ_OX366326.1;NZ_OX366332.1;NZ_OX366351.1;NZ_OX366352.1;NZ_OX366353.1;NZ_OX366397.1;NZ_OX366400.1;NZ_OZ014602.1;NZ_OZ034690.1;NZ_OZ034713.1;NZ_OZ034716.1;NZ_OZ034726.1;NZ_OZ034762.1;NZ_OZ034764.1;NZ_OZ034769.1;NZ_OZ034773.1;NZ_OZ034792.1;NZ_OZ187004.1;NZ_OZ195525.1;OZ034694.1	1	1	1136	1259	1259	1259	99.221	99.221	1	1	1-642	NZ_OZ035002.1	0	0											15	15	1141	1264	1264	1264	99.377	99.377	1	1	1-642	NZ_CP090902.1;NZ_CP110359.1;NZ_CP136587.1;NZ_CP157591.1;NZ_CP170632.1;NZ_CP175927.1;OX384028.1
G9f2978ceb9586a771ee11f2a	Pfa51b8e46837a9b1625cc8c5	Cupitha_purreea	A_only	A	0	0	0	1	4d38c8635a22e3681ff5e8a73034fd9701c16642416ddec4238e14f3f79687fc	-320	-355	-0.09259259259259259259259259259	1	0	0	False	NOT_ASSIGNED	87	87	6229	6907	6907	6907	99.971	99.971	1	1	1-3456	NZ_OX366359.1;NZ_OX366397.1;NZ_OZ034773.1	13	13	5909	6552	6552	6552	97.917	97.917	1	1	1-3456	NZ_OZ035002.1	0	0											27	27	5913	6557	6557	6557	97.946	97.946	1	1	1-3456	NZ_CP069053.1;NZ_CP069060.1;NZ_CP136587.1;NZ_CP175927.1
Gdb307f481330f5e2a26ec893	Pfd55ca99eaf0d62d7a09bf25	Cupitha_purreea	A_only	A	0	0	0	0	1ed3704cf0b4f2f7f6a02c770aab99aa12963364842fe710073cc797844e2a20	-81	-90	-0.2477064220183486238532110092	0	0	0	False	NOT_ASSIGNED	47	47	590	654	654	654	100.000	100.000	1	1	1-327	CP003884.1;NZ_CP041215.1;NZ_OX366352.1;NZ_OX366353.1;NZ_OX366359.1;NZ_OX366397.1;NZ_OZ034713.1;NZ_OZ034720.1;NZ_OZ034764.1;NZ_OZ034769.1;NZ_OZ034773.1;NZ_OZ034792.1	2	2	509	564	564	564	96.203	96.203	0.9663608562691131498470948012	0.9663608562691131498470948012	1-316	NZ_OZ181655.1	0	0											4	4	545	604	604	604	97.546	97.546	0.9938837920489296636085626911	0.9938837920489296636085626911	1-325	NZ_CP175923.1
G19cd9f4c858ee4765229f438	P0294554494f5a8cec05865fd	Halpe_concavimarginata	A_only	A	0	0	0	0	494b65f26859a0530832f907cc6d60d390f6b2ed46c7bca6b15c901218a4f651	-9	-10	-0.006134969325153374233128834356	1	0	0	False	NOT_ASSIGNED	82	82	2642	2929	2929	2929	99.932	99.932	1	1	1-1467	NZ_CP041215.1;NZ_CP054598.1;NZ_OX366332.1;NZ_OX366352.1;NZ_OX366353.1;NZ_OX366397.1;NZ_OZ034713.1;NZ_OZ034764.1;NZ_OZ034773.1;NZ_OZ034792.1	2	2	2633	2919	2919	2919	99.796	99.796	1	1	1-1467	NZ_OZ035002.1	0	0											13	13	2637	2924	2924	2924	99.864	99.864	1	1	1-1467	NZ_CP170632.1;NZ_CP175927.1
Gc298ead4bf0a154c304b89a2	P0675c48295767aa3906ac372	Halpe_concavimarginata	A_only	A	0	0	0	0	f61928a68957298e0716625e878bd41bc786fff1eb47c92db6f4bc20b890ac4b	-1067	-1184	-0.4832427536231884057971014493	0	0	0	False	NOT_ASSIGNED	33	33	3978	4411	4411	4411	99.955	99.955	1	1	1-2208	NZ_OZ034769.1	1	1	2911	3227	3227	3227	98.918	98.918	0.7522644927536231884057971014	0.7522644927536231884057971014	548-2208	NZ_OZ035002.1	0	0											4	4	2914	3231	3231	3231	98.977	98.977	0.7522644927536231884057971014	0.7522644927536231884057971014	548-2208	NZ_CP175927.1
G646198a183946e5d8ea07abb	P07f88e2bb1e56fb05f02e58a	Halpe_concavimarginata	A_only	A	0	0	0	0	90ace1b67179718278c92305f8505fd586002d5e7d46b55e84beabe5a190e5bb	-9	-10	-0.01127819548872180451127819549	1	0	0	False	NOT_ASSIGNED	77	75	1435	1591	1591	1591	99.875	99.875	1	1	1-798	CP003884.1;NZ_OX366332.1;NZ_OX366352.1;NZ_OX366359.1;NZ_OX366397.1;NZ_OZ034713.1;NZ_OZ034769.1;NZ_OZ034773.1;NZ_OZ034792.1	1	1	1426	1581	1581	1581	99.624	99.624	1	1	1-798	NZ_OZ035002.1	0	0											13	13	1431	1586	1586	1586	99.749	99.749	1	1	1-798	NZ_CP110359.1;OU953855.1
G8eb35c33d192cce1da2a35fc	P0c624e151735e4a9fed865d5	Halpe_concavimarginata	A_only	A	0	0	0	0	466ce57dff8435b1b58a59770ce5d0c74cdc369098a7025f7b2a26f85fb8f699	-147	-163	-0.5157894736842105263157894737	0	0	0	False	NOT_ASSIGNED	55	55	515	570	570	570	100.000	100.000	1	1	1-285	CP003884.1;NZ_OX366332.1;NZ_OX366352.1;NZ_OX366353.1;NZ_OX366359.1;NZ_OX366397.1;NZ_OZ034764.1;NZ_OZ034792.1	71	71	368	407	407	407	96.018	96.018	0.7929824561403508771929824561	0.7929824561403508771929824561	16-241	NZ_OZ181655.1	0	0											36	36	510	565	565	565	99.649	99.649	1	1	1-285	NZ_CP110359.1
Gf04e50fdfb938bf6781a3572	P0f7e8941919e9b634eb350c7	Halpe_concavimarginata	A_only	A	0	0	0	0	9e96c85c075a2a554a53f2453383f8bcb5bcc99df1b7325476cf76c47709409c	-117	-130	-0.1282894736842105263157894737	1	0	0	False	NOT_ASSIGNED	113	108	1639	1817	1817	1817	99.890	99.890	0.9989035087719298245614035088	0.9989035087719298245614035088	1-911	CP003884.1;NZ_OX366332.1;NZ_OX366397.1;NZ_OZ034713.1;NZ_OZ034764.1;NZ_OZ034773.1;NZ_OZ034792.1	73	73	1522	1687	1687	1687	97.036	97.036	0.9989035087719298245614035088	0.9989035087719298245614035088	1-911	NZ_OZ035002.1	1	1	905	1003	1003	1003	82.314	82.314	0.9857456140350877192982456140	0.9857456140350877192982456140	13-911	NZ_OZ034692.1	40	40	1635	1812	1812	1812	99.780	99.780	0.9989035087719298245614035088	0.9989035087719298245614035088	1-911	NZ_CP110359.1
Gf76bcac7e4396a1e9da5a3c3	P105e81cadb13fa73bec24ff5	Halpe_concavimarginata	A_only	A	0	0	0	0	e12c007dda73e93f631432ed252e6a2449911bec90138e5d9faf7e74adfea80a	-3767	-4178	-1.220278587625526401036605118	0	0	0	False	NOT_ASSIGNED	33	33	5559	6164	6164	6164	99.935	99.935	1	1	1-3087	NZ_OZ034769.1	1	1	1792	1986	1986	1986	76.023	76.023	0.8114674441205053449951409135	0.8114674441205053449951409135	1-2505	NZ_OZ181655.1	0	0											4	4	4324	4795	4795	4795	91.266	91.266	0.9970845481049562682215743440	0.9970845481049562682215743440	1-3078	CP091195.1
G0cfe5a3b666077074613076c	P13e05d070734305f12c2eb26	Halpe_concavimarginata	A_only	A	0	0	0	0	d3560b5d4f4c5e3743342ec2bf83a1c3967d869780e61fe291fad16d63ec5e6f	-63	-70	-0.2019230769230769230769230769	0	0	0	False	NOT_ASSIGNED	20	20	563	624	624	624	100.000	100.000	1	1	1-312	CP003884.1;NZ_CP041215.1;NZ_CP054598.1;NZ_OX366332.1;NZ_OX366352.1;NZ_OX366359.1;NZ_OX366397.1;NZ_OZ034713.1;NZ_OZ034764.1;NZ_OZ034769.1;NZ_OZ034773.1;NZ_OZ034792.1	1	1	500	554	554	554	94.654	94.654	0.9935897435897435897435897436	0.9935897435897435897435897436	1-310	NZ_OZ181655.1	0	0											2	2	540	598	598	598	97.188	97.188	1	1	1-312	NZ_OW370537.1
G087f102d1635f05f89ef78cc	P16ac9b89ff10a00bf5aef6dc	Halpe_concavimarginata	A_only	A	0	0	0	0	c3247bc8cb0f826a75ef9bc0911d32f87b97ffbc5522e90b0b540f82e3b2c53d	-4	-5	-0.008771929824561403508771929825	1	0	0	False	NOT_ASSIGNED	80	80	823	912	912	912	100.000	100.000	1	1	1-456	CP003884.1;NZ_CP041215.1;NZ_CP054598.1;NZ_OX366332.1;NZ_OX366352.1;NZ_OX366397.1;NZ_OZ034713.1;NZ_OZ034764.1;NZ_OZ034769.1;NZ_OZ034773.1;NZ_OZ034792.1	1	1	819	907	907	907	99.781	99.781	1	1	1-456	NZ_OZ035002.1	0	0											15	15	819	907	907	907	99.781	99.781	1	1	1-456	CP076228.1;NZ_CP069053.1;NZ_CP069060.1;NZ_CP090902.1;NZ_CP136586.1;NZ_CP136587.1;NZ_CP157591.1;NZ_CP170632.1;NZ_CP175927.1;OU953855.1;OX384028.1
Gfa8348de3c0f5af6053c9d47	P23e7a20ecc5930faafdadf7b	Halpe_concavimarginata	A_only	A	0	0	0	1	7e8e9556265d0ac712d308c3f06122d48ea9e01fa0e0cdff8f637c9808d1134b	-63	-70	-0.04365904365904365904365904366	1	0	0	False	NOT_ASSIGNED	114	113	2441	2706	2706	2706	97.505	97.505	1	1	1-1443	NZ_OZ034798.1	74	74	2378	2636	2636	2636	96.535	96.535	1	1	1-1443	NZ_OX366324.1;NZ_OZ034711.1;NZ_OZ034758.1;NZ_OZ035002.1	1	1	1602	1776	1776	1776	84.615	84.615	1	1	1-1443	NZ_OZ034692.1	51	50	2387	2646	2646	2646	96.674	96.674	1	1	1-1443	NZ_OU909470.1
G54f7caa3e443e2a7b6a49107	P2c83049b426ff56b08fe28b0	Halpe_concavimarginata	A_only	A	0	0	0	0	b733c890d27538443e1dcb6a7ac814f3874c2c1eaf6ce0634c5447c063862504					0	1	False	NOT_ASSIGNED	30	30	2669	2959	2959	2959	99.933	99.933	1	1	1-1482	NZ_CP041215.1;NZ_OX366332.1;NZ_OX366352.1;NZ_OX366353.1;NZ_OX366397.1;NZ_OZ034764.1;NZ_OZ034769.1	0	0											0	0											0	0										
Gc49e4ab49ff73f79b82671bb	P3e4fb06e9670f3171001e548	Halpe_concavimarginata	A_unknown_tie	A;unknown	0	0	0	0	c6d4d5bbb83246068fc5a10c8942e7fc6ac72f2b698a6d0d9383ea9fd50de6e9	-5	-5	-0.005393743257820927723840345200	1	0	0	False	NOT_ASSIGNED	47	47	1668	1849	1849	1849	99.892	99.892	1	1	1-927	CP003884.1;NZ_CP041215.1;NZ_OX366332.1;NZ_OX366348.1;NZ_OX366352.1;NZ_OX366359.1;NZ_OX366368.1;NZ_OX366369.1;NZ_OX366379.1;NZ_OX366387.1;NZ_OX366388.1;NZ_OX366397.1;NZ_OX366398.1;NZ_OX366399.1;NZ_OZ034713.1;NZ_OZ034769.1;NZ_OZ034773.1;NZ_OZ034779.1;NZ_OZ034793.1;NZ_OZ034796.1;NZ_OZ034913.1;NZ_OZ035007.1;NZ_OZ183482.1;OX366363.1	2	2	1663	1844	1844	1844	99.784	99.784	1	1	1-927	NZ_OZ035002.1	0	0											10	10	1668	1849	1849	1849	99.892	99.892	1	1	1-927	NZ_CP175927.1
Gf57a467b554b67f7530b2e40	P44f6e46ea2ed589cedda429f	Halpe_concavimarginata	A_only	A	0	0	0	0	635ad6401ad075751dd15461d2baf12ebc22c11804b0f8090dcc5ca75c5579ea					0	1	False	NOT_ASSIGNED	13	13	5288	5864	5864	5864	99.932	99.932	1	1	1-2937	NZ_OX366369.1;NZ_OZ034769.1	0	0											1	1	1872	2075	2075	2075	82.960	82.960	0.5948246510044262853251617297	0.5948246510044262853251617297	1191-2937	NZ_OZ034692.1	3	3	2235	2478	2478	2478	88.082	88.082	0.5948246510044262853251617297	0.5948246510044262853251617297	1191-2937	OU953855.1
G493f6ff5725a58e31ceb52ab	P493f6ff5725a58e31ceb52ab	Halpe_concavimarginata	A_only	A	0	0	0	0	dbbcaf63043a6026080b53c5152e1fc772eb6dce3365c3cecfce1787eb04501a	-18	-20	-0.01662049861495844875346260388	1	0	0	False	NOT_ASSIGNED	76	76	1940	2151	2151	2151	99.723	99.723	1	1	1-1083	NZ_OX366388.1;NZ_OZ017714.1;NZ_OZ025779.1;NZ_OZ034695.1;NZ_OZ034701.1;NZ_OZ034717.1;NZ_OZ034763.1;NZ_OZ034998.1	1	1	1922	2131	2131	2131	99.354	99.354	1	1	1-1083	NZ_OZ035002.1	0	0											19	19	1936	2146	2146	2146	99.631	99.631	1	1	1-1083	CP091195.1
Ge42cc9ed65bec85e3b217ddb	P642aafeefb367660a9b78c39	Halpe_concavimarginata	A_unknown_tie	A;unknown	0	0	0	1	6ed15d9c432ee97cef8d10aa73630eae21edac59f97cd4b97a5ce4e582205b5f	-22	-25	-0.01611721611721611721611721612	0	0	0	False	NOT_ASSIGNED	114	113	2345	2600	2600	2600	98.095	98.095	1	1	1-1365	CP003884.1;NZ_CP041215.1;NZ_CP054598.1;NZ_OX366332.1;NZ_OX366349.1;NZ_OX366352.1;NZ_OX366353.1;NZ_OX366359.1;NZ_OX366372.1;NZ_OX366397.1;NZ_OZ034713.1;NZ_OZ034727.1;NZ_OZ034757.1;NZ_OZ034764.1;NZ_OZ034769.1;NZ_OZ034774.1;NZ_OZ034792.1;NZ_OZ035014.1	74	74	2323	2575	2575	2575	97.520	97.520	0.9985347985347985347985347985	0.9985347985347985347985347985	1-1363	NZ_OX366334.1;OX366390.1	1	1	1428	1583	1583	1583	83.469	83.469	0.9882783882783882783882783883	0.9882783882783882783882783883	1-1349	NZ_OZ034692.1	51	50	2345	2600	2600	2600	98.095	98.095	1	1	1-1365	NZ_CP102118.1
Gd06161fc4b0c81bc287f73c4	P6650f8af23e8baae78a43f97	Halpe_concavimarginata	A_only	A	0	0	0	0	739791e6daf7d49e7a6334ba563aead3c92b3b1c51fa4d5fec8addbff34c390c	-5	-5	-0.01400560224089635854341736695	1	0	0	False	NOT_ASSIGNED	83	83	645	714	714	714	100.000	100.000	1	1	1-357	CP003884.1;NZ_CP041215.1;NZ_CP054598.1;NZ_OX366319.1;NZ_OX366326.1;NZ_OX366332.1;NZ_OX366351.1;NZ_OX366352.1;NZ_OX366353.1;NZ_OX366387.1;NZ_OX366395.1;NZ_OX366397.1;NZ_OX366400.1;NZ_OZ014602.1;NZ_OZ034690.1;NZ_OZ034702.1;NZ_OZ034706.1;NZ_OZ034713.1;NZ_OZ034716.1;NZ_OZ034720.1;NZ_OZ034721.1;NZ_OZ034726.1;NZ_OZ034728.1;NZ_OZ034762.1;NZ_OZ034764.1;NZ_OZ034769.1;NZ_OZ034773.1;NZ_OZ034792.1;NZ_OZ034913.1;NZ_OZ187004.1;NZ_OZ195525.1	1	1	640	709	709	709	99.720	99.720	1	1	1-357	NZ_OZ035002.1	0	0											15	15	640	709	709	709	99.720	99.720	1	1	1-357	NZ_CP069053.1;NZ_CP069060.1;NZ_CP136587.1;NZ_CP170632.1;NZ_CP175927.1
G1ea155662c1ce20928c444c0	P6e77e4124db35977ff81de98	Halpe_concavimarginata	A_only	A	0	0	0	0	cdc920b1effc40c05994624fcdfd789e99db6ca0571b8fafb060f2dbc27bd75b	-277	-308	-0.5699588477366255144032921811	0	0	0	False	NOT_ASSIGNED	38	36	877	972	972	972	100.000	100.000	1	1	1-486	CP003884.1;NZ_CP041215.1;NZ_CP054557.1;NZ_OX366332.1;NZ_OX366352.1;NZ_OX366359.1;NZ_OX366397.1;NZ_OZ034706.1;NZ_OZ034769.1;NZ_OZ034773.1;NZ_OZ034791.1	1	1	600	664	664	664	100.000	100.000	0.6831275720164609053497942387	0.6831275720164609053497942387	1-332	NZ_OZ035002.1	0	0											7	5	873	967	967	967	99.794	99.794	1	1	1-486	NZ_CP157591.1
Gc0a665be5d38078080251876	P71bb8c7f5b149dba1c7305d5	Halpe_concavimarginata	A_unknown_tie	A;unknown	0	0	0	0	2f4b68ab90bd4b7a1477e19aaf31149c1d3bcfcb7148bf3834a6cc2741ba2594	-63	-70	-0.06017191977077363896848137536	1	0	0	False	NOT_ASSIGNED	76	74	1839	2039	2039	2039	98.949	98.949	1	1	1-1047	NZ_OX366385.1	1	1	1776	1969	1969	1969	97.612	97.612	1	1	1-1047	NZ_OZ035002.1	0	0											19	19	1839	2039	2039	2039	98.949	98.949	1	1	1-1047	NZ_OU909470.1
G8e0442658921cea656a2232b	P7b8604775adae8acd2294a64	Halpe_concavimarginata	A_only	A	0	0	0	0	9b2ccc166677e14800d34318ff481928b5ff198e3aeb20ca08299db5ffdb3540	-14	-15	-0.007843137254901960784313725490	1	0	0	False	NOT_ASSIGNED	105	105	3220	3570	3570	3570	100.000	100.000	1	1	1-1785	NZ_CP041215.1;NZ_OX366332.1;NZ_OX366352.1;NZ_OZ034764.1;NZ_OZ034769.1;NZ_OZ034792.1;OZ034697.1	2	2	3206	3555	3555	3555	99.832	99.832	1	1	1-1785	NZ_OZ035002.1	0	0											22	22	3206	3555	3555	3555	99.832	99.832	1	1	1-1785	NZ_CP069053.1;NZ_CP069060.1;NZ_CP136587.1;NZ_CP170632.1;NZ_CP175927.1;OU953855.1;OX384028.1
Gaebd26829d5ae79edea35abd	P8199b65d2f3a3eb73fd3881f	Halpe_concavimarginata	A_unknown_tie	A;unknown	0	0	0	0	210856b560fb64ebcf99422d7c338a363e131e965183918d8e8663868bc175b9	-804	-892	-0.7570621468926553672316384181	0	0	0	False	NOT_ASSIGNED	20	17	1911	2119	2119	2119	99.906	99.906	1	1	1-1062	NZ_OX366327.1;NZ_OX366352.1;NZ_OX366397.1;NZ_OX366399.1;NZ_OX366400.1;NZ_OZ034713.1;NZ_OZ034769.1;NZ_OZ034773.1;NZ_OZ187004.1	2	1	1107	1227	1227	1227	92.490	92.490	0.7118644067796610169491525424	0.7118644067796610169491525424	307-1062	NZ_OX366345.1	0	0											1	1	1911	2119	2119	2119	99.906	99.906	1	1	1-1062	NZ_CP170632.1
G60eff6d8e647b2f1322187f6	P8d6f063f581eb9f0d5456da6	Halpe_concavimarginata	A_only	A	0	0	0	0	9b17f1b41f09f419de171cfda707ff6a9c6a5df2ff0cef044d49f1339492af74	-5	-5	-0.005973715651135005973715651135	1	0	0	False	NOT_ASSIGNED	77	77	1506	1669	1669	1669	99.881	99.881	1	1	1-837	CP003884.1;NZ_CP041215.1;NZ_CP054598.1;NZ_OX366319.1;NZ_OX366327.1;NZ_OX366332.1;NZ_OX366352.1;NZ_OX366359.1;NZ_OX366369.1;NZ_OX366389.1;NZ_OX366397.1;NZ_OX366398.1;NZ_OZ034702.1;NZ_OZ034713.1;NZ_OZ034719.1;NZ_OZ034721.1;NZ_OZ034764.1;NZ_OZ034769.1;NZ_OZ034773.1;NZ_OZ034779.1;NZ_OZ034792.1;NZ_OZ034796.1;NZ_OZ034913.1;NZ_OZ195515.1	1	1	1501	1664	1664	1664	99.761	99.761	1	1	1-837	NZ_OZ035002.1	0	0											13	13	1501	1664	1664	1664	99.761	99.761	1	1	1-837	CP091195.1;NZ_CP069053.1;NZ_CP069060.1;NZ_CP090902.1;NZ_CP136587.1;NZ_CP170632.1;OU953855.1;OX384028.1
G35fb529ea20bdc71b014619d	P8fcb3dea8eb09c45fa38015a	Halpe_concavimarginata	A_only	A	0	0	0	0	6482693ebbecc2ebee6495eb48a29014c34644020daef0053e39c247e0524d51	-72	-80	-0.04615384615384615384615384615	1	0	0	False	NOT_ASSIGNED	113	113	2733	3030	3030	3030	98.846	98.846	1	1	1-1560	NZ_OX366380.1;NZ_OZ034787.1	74	74	2661	2950	2950	2950	97.821	97.821	1	1	1-1560	NZ_OZ181655.1	1	1	1546	1714	1714	1714	81.686	81.686	1	1	1-1560	NZ_OZ034692.1	49	49	2702	2996	2996	2996	98.462	98.462	1	1	1-1560	NZ_CP102118.1
G472b156b713b07bf0edb5ec3	P942e1b2a3926d675d1974bf5	Halpe_concavimarginata	A_only	A	0	0	0	0	af23929326c50fb142d7910fdf6d21671df07a9af9e9e209b3c58fc12252eef9	-9	-10	-0.01224489795918367346938775510	1	0	0	False	NOT_ASSIGNED	80	80	1326	1470	1470	1470	100.000	100.000	1	1	1-735	CP003884.1;NZ_CP054598.1;NZ_OX366352.1;NZ_OX366353.1;NZ_OX366359.1;NZ_OX366397.1;NZ_OZ034713.1;NZ_OZ034764.1;NZ_OZ034769.1;NZ_OZ034773.1	1	1	1317	1460	1460	1460	99.728	99.728	1	1	1-735	NZ_OZ035002.1	0	0											15	15	1317	1460	1460	1460	99.728	99.728	1	1	1-735	NZ_CP157591.1;NZ_CP170632.1;NZ_CP175927.1
G7c81e604864093a06dc42a50	P95855010e0c2448a44e263ca	Halpe_concavimarginata	A_only	A	0	0	0	0	76d343faa6dc085104277f6f181b1af156b8dc41d8d8f5ddaf0fa906300208f4	-22	-25	-0.03395061728395061728395061728	1	0	0	False	NOT_ASSIGNED	80	80	1169	1296	1296	1296	100.000	100.000	1	1	1-648	CP003884.1;NZ_CP041215.1;NZ_CP054598.1;NZ_OX366326.1;NZ_OX366332.1;NZ_OX366351.1;NZ_OX366352.1;NZ_OX366353.1;NZ_OX366389.1;NZ_OX366397.1;NZ_OX366398.1;NZ_OX366400.1;NZ_OZ014602.1;NZ_OZ034690.1;NZ_OZ034713.1;NZ_OZ034715.1;NZ_OZ034716.1;NZ_OZ034726.1;NZ_OZ034728.1;NZ_OZ034762.1;NZ_OZ034764.1;NZ_OZ034769.1;NZ_OZ034773.1;NZ_OZ034779.1;NZ_OZ034792.1;NZ_OZ187004.1;NZ_OZ195515.1;NZ_OZ195525.1	1	1	1147	1271	1271	1271	99.228	99.228	1	1	1-648	NZ_OZ035002.1	0	0											15	15	1165	1291	1291	1291	99.846	99.846	1	1	1-648	NZ_CP110359.1;NZ_OU909470.1;OU953855.1
G8e8ea63b54eff6a0f9f2fa3e	P9897241121f49b098577aa4d	Halpe_concavimarginata	A_only	A	0	0	0	1	378df916bdf43fbe0bc7dc0f56cc24bfac8c32b6c17f6d7e4ad8cc334a102a3b	-14	-15	-0.04093567251461988304093567251	1	0	0	False	NOT_ASSIGNED	102	90	618	684	684	684	100.000	100.000	1	1	1-342	CP003884.1;NZ_CP041215.1;NZ_CP054598.1;NZ_OX366332.1;NZ_OX366352.1;NZ_OX366353.1;NZ_OX366359.1;NZ_OX366397.1;NZ_OZ034713.1;NZ_OZ034769.1;NZ_OZ034773.1;NZ_OZ034792.1	1	1	604	669	669	669	99.123	99.123	1	1	1-342	NZ_OZ035002.1	0	0											15	14	613	679	679	679	99.708	99.708	1	1	1-342	CP091195.1;NZ_CP110359.1
G709c93314aec9706b121012e	Pa2bce227857811250a569cd1	Halpe_concavimarginata	A_only	A	0	0	0	0	5dd6595b77fd6d98bacaa85ca8c2d4f8ba6a85a07f09c167c064130b1236aaef	-9	-10	-0.02970297029702970297029702970	1	0	0	False	NOT_ASSIGNED	106	106	547	606	606	606	100.000	100.000	1	1	1-303	NZ_CP041215.1;NZ_CP054598.1;NZ_OX366319.1;NZ_OX366326.1;NZ_OX366332.1;NZ_OX366351.1;NZ_OX366352.1;NZ_OX366353.1;NZ_OX366356.1;NZ_OX366369.1;NZ_OX366397.1;NZ_OX366400.1;NZ_OZ014602.1;NZ_OZ034690.1;NZ_OZ034701.1;NZ_OZ034702.1;NZ_OZ034713.1;NZ_OZ034716.1;NZ_OZ034719.1;NZ_OZ034720.1;NZ_OZ034721.1;NZ_OZ034726.1;NZ_OZ034728.1;NZ_OZ034762.1;NZ_OZ034764.1;NZ_OZ034769.1;NZ_OZ034773.1;NZ_OZ034792.1;NZ_OZ034913.1;NZ_OZ187004.1;NZ_OZ195515.1;NZ_OZ195525.1	6	6	538	596	596	596	99.340	99.340	1	1	1-303	NZ_OZ035002.1	0	0											31	30	543	601	601	601	99.670	99.670	1	1	1-303	CP091195.1;NZ_CP110359.1;OU953855.1
G63c494b895cce67b1bad9576	Pa87d72afcf636cec7bbf5d9e	Halpe_concavimarginata	A_unknown_tie	A;unknown	0	0	0	0	8cd482ca5ab8c7405e3bac0cb8b34bec4fdca64ce8d2cab171008cef769ec306	-20	-22	-0.06006006006006006006006006006	0	0	0	False	NOT_ASSIGNED	104	104	597	661	661	661	99.700	99.700	1	1	1-333	NZ_CP041215.1;NZ_CP054598.1;NZ_OX366272.1;NZ_OX366327.1;NZ_OX366352.1;NZ_OX366353.1;NZ_OX366357.1;NZ_OX366359.1;NZ_OX366375.1;NZ_OX366378.1;NZ_OX366387.1;NZ_OX366388.1;NZ_OX366389.1;NZ_OX366395.1;NZ_OX366397.1;NZ_OX366398.1;NZ_OZ017714.1;NZ_OZ034695.1;NZ_OZ034701.1;NZ_OZ034712.1;NZ_OZ034713.1;NZ_OZ034717.1;NZ_OZ034720.1;NZ_OZ034763.1;NZ_OZ034764.1;NZ_OZ034769.1;NZ_OZ034773.1;NZ_OZ034779.1;NZ_OZ034785.1;NZ_OZ034792.1;NZ_OZ034796.1;NZ_OZ034998.1;NZ_OZ035007.1;NZ_OZ195518.1;OX366363.1;OZ034697.1	5	5	577	639	639	639	98.494	98.494	0.9969969969969969969969969970	0.9969969969969969969969969970	1-332	NZ_OZ035002.1	0	0											24	24	597	661	661	661	99.700	99.700	1	1	1-333	CP091195.1;NZ_OU909470.1;OU953855.1
G52ed6c2d2daea14f79d2b22b	Pb3f06ba9a36b08c87a7cccb2	Halpe_concavimarginata	A_only	A	0	0	0	0	d1f3350f6106aa13c649cddae7269b147a3795ee03847db76cbfd9ddbffe29d4					0	1	False	NOT_ASSIGNED	32	32	747	828	828	828	100.000	100.000	1	1	1-414	CP003884.1;NZ_CP041215.1;NZ_OX366332.1;NZ_OX366352.1;NZ_OX366353.1;NZ_OX366359.1;NZ_OX366397.1;NZ_OZ034713.1;NZ_OZ034764.1;NZ_OZ034769.1;NZ_OZ034773.1	0	0											0	0											2	2	735	814	814	814	99.517	99.517	1	1	1-414	NZ_CP110359.1;NZ_OU909470.1
G85691cc956572b49093ef5c5	Pb53b4d94c05a6d484ec8e538	Halpe_concavimarginata	A_only	A	0	0	0	0	d80d4819e32f129f3f2cee80595291ad16017ba7fe274f88394c5a99b1cb2dad					0	1	False	NOT_ASSIGNED	32	32	785	870	870	870	100.000	100.000	1	1	1-435	CP003884.1;NZ_CP054598.1;NZ_OX366332.1;NZ_OX366353.1;NZ_OX366359.1;NZ_OX366397.1;NZ_OZ034713.1;NZ_OZ034764.1;NZ_OZ034769.1;NZ_OZ034773.1	0	0											0	0											3	3	764	846	846	846	99.080	99.080	1	1	1-435	NZ_OU909470.1
Ge33083eea4ea7785caf577e7	Pbf111878b49f8635cfc0b308	Halpe_concavimarginata	A_only	A	0	0	0	0	21b5c5b263fb00d02603caed4708e588bb873db27aa801c1f6bfa8764cb7b067	-67	-75	-0.09305555555555555555555555556	1	0	0	False	NOT_ASSIGNED	53	53	1287	1427	1427	1427	99.860	99.860	0.9944444444444444444444444444	0.9944444444444444444444444444	5-720	CP003884.1;NZ_CP041215.1;NZ_OX366332.1;NZ_OX366352.1;NZ_OX366353.1;NZ_OX366397.1;NZ_OZ034713.1;NZ_OZ034769.1;NZ_OZ034773.1	2	2	1220	1352	1352	1352	97.765	97.765	0.9944444444444444444444444444	0.9944444444444444444444444444	5-720	NZ_OZ034708.1	0	0											11	11	1189	1318	1318	1318	96.919	96.919	0.9916666666666666666666666667	0.9916666666666666666666666667	5-718	NZ_CP110359.1
Gbfec3a35409666e6b35aca03	Pc399a2889a3327696ebea158	Halpe_concavimarginata	A_only	A	0	0	0	1	e5c670b545dfab49a5df0ffda3b8aa12fbe91b0c957a58879f15bcb061c5b9a9	-1703	-1889	-0.8215147129763627592860588519	0	0	0	False	NOT_ASSIGNED	47	47	3733	4139	4139	4139	99.952	99.952	1	1	1-2073	NZ_OZ034769.1	1	1	2030	2250	2250	2250	90.235	90.235	0.6473709599614085865894838398	0.6473709599614085865894838398	1-1342	NZ_OZ035002.1	0	0											13	13	3333	3695	3695	3695	93.382	93.382	1	1	1-2073	OU953855.1
Gdbff790a560119555f5c3394	Pcd189dc1eefba4ae08285709	Halpe_concavimarginata	A_only	A	0	0	0	0	f101eb8ae581bceca039fb15f22c01e8414b057341621448b4c9a0db6b2b885b	-22	-25	-0.02107279693486590038314176245	1	0	0	False	NOT_ASSIGNED	87	85	1874	2078	2078	2078	99.808	99.808	1	1	1-1044	CP003884.1;NZ_CP041215.1;NZ_OX366352.1;NZ_OX366359.1;NZ_OX366387.1;NZ_OZ017714.1;NZ_OZ025779.1;NZ_OZ034695.1;NZ_OZ034763.1;NZ_OZ034764.1;NZ_OZ034769.1;NZ_OZ034792.1;NZ_OZ034793.1	5	5	1852	2053	2053	2053	99.330	99.330	1	1	1-1044	NZ_OZ035002.1	0	0											22	20	1865	2068	2068	2068	99.617	99.617	1	1	1-1044	NZ_CP110359.1
Gf566790840141193a8bef85c	Pd361fb920038257624d583f4	Halpe_concavimarginata	A_only	A	0	0	0	0	4f19a8415044f384e762b40ed923622ac516963d0bdc3d3aa9e50d6f43871ea2					0	1	False	NOT_ASSIGNED	25	25	720	798	798	798	100.000	100.000	1	1	1-399	CP003884.1;CP042904.1;NZ_CP041215.1;NZ_OX366327.1;NZ_OX366332.1;NZ_OX366352.1;NZ_OX366353.1;NZ_OX366359.1;NZ_OX366375.1;NZ_OX366389.1;NZ_OX366397.1;NZ_OX366398.1;NZ_OZ034712.1;NZ_OZ034713.1;NZ_OZ034764.1;NZ_OZ034769.1;NZ_OZ034773.1;NZ_OZ034779.1;NZ_OZ034792.1;NZ_OZ034796.1;NZ_OZ195515.1;NZ_OZ195518.1;OZ034697.1	0	0											0	0											1	1	624	691	691	691	94.724	94.724	0.9974937343358395989974937343	0.9974937343358395989974937343	2-399	NZ_OZ195521.1
G0fe41bc1f4e5060ccd7f7285	Pda2dffc75bee2718e9054d16	Halpe_concavimarginata	A_only	A	0	0	0	0	58011873e3b2f00260f99821a0fa47995be265d78c31d2d9f5cb4cadaa8d1dad	-2424	-2688	-1.260530421216848673946957878	0	0	0	False	NOT_ASSIGNED	37	37	3464	3841	3841	3841	99.948	99.948	1	1	1-1923	NZ_OX366327.1;NZ_OX366332.1;NZ_OX366352.1;NZ_OX366359.1;NZ_OZ034764.1;NZ_OZ034769.1;NZ_OZ034792.1	1	1	1040	1153	1153	1153	76.764	76.764	0.7171086843473738949557982319	0.7171086843473738949557982319	1-1379	NZ_OZ181655.1	0	0											3	3	2931	3250	3250	3250	93.747	93.747	1	1	1-1923	CP091195.1
G91db61c9d7014a5f0e1e36e9	Pdd5c78cc55f1937e37fb3db7	Halpe_concavimarginata	A_only	A	0	0	0	0	365ef1987c3bf255e29631a776a9762e2ad00a7b6ddbe8c57fcde7a501f39ee4	-18	-20	-0.02803738317757009345794392523	1	0	0	False	NOT_ASSIGNED	80	80	1159	1284	1284	1284	100.000	100.000	1	1	1-642	NZ_CP041215.1;NZ_OX366326.1;NZ_OX366332.1;NZ_OX366351.1;NZ_OX366352.1;NZ_OX366353.1;NZ_OX366397.1;NZ_OX366400.1;NZ_OZ014602.1;NZ_OZ034690.1;NZ_OZ034713.1;NZ_OZ034716.1;NZ_OZ034726.1;NZ_OZ034762.1;NZ_OZ034764.1;NZ_OZ034769.1;NZ_OZ034773.1;NZ_OZ034792.1;NZ_OZ187004.1;NZ_OZ195525.1;OZ034694.1	1	1	1141	1264	1264	1264	99.377	99.377	1	1	1-642	NZ_OZ035002.1	0	0											15	15	1145	1269	1269	1269	99.533	99.533	1	1	1-642	NZ_CP090902.1;NZ_CP110359.1;NZ_CP136587.1;NZ_CP157591.1;NZ_CP170632.1;NZ_CP175927.1;OX384028.1
G1c1db52d1cc487a768c7a8dd	Pfd55ca99eaf0d62d7a09bf25	Halpe_concavimarginata	A_only	A	0	0	0	0	1ed3704cf0b4f2f7f6a02c770aab99aa12963364842fe710073cc797844e2a20	-81	-90	-0.2477064220183486238532110092	0	0	0	False	NOT_ASSIGNED	47	47	590	654	654	654	100.000	100.000	1	1	1-327	CP003884.1;NZ_CP041215.1;NZ_OX366352.1;NZ_OX366353.1;NZ_OX366359.1;NZ_OX366397.1;NZ_OZ034713.1;NZ_OZ034720.1;NZ_OZ034764.1;NZ_OZ034769.1;NZ_OZ034773.1;NZ_OZ034792.1	2	2	509	564	564	564	96.203	96.203	0.9663608562691131498470948012	0.9663608562691131498470948012	1-316	NZ_OZ181655.1	0	0											4	4	545	604	604	604	97.546	97.546	0.9938837920489296636085626911	0.9938837920489296636085626911	1-325	NZ_CP175923.1
G602611a17fb35330e72ddade	P0c73e7dda09d8a40b8e20092	Halpe_porus	unknown_only	unknown	0	0	0	0	f6553fac24f5d56f3584349991bbe94927408620291c52460ff4a946a0998e94	4	5	0.007207207207207207207207207207	1	0	0	False	NOT_ASSIGNED	3	3	993	1100	1100	1100	99.640	99.640	1	1	1-555	NZ_OZ034991.1	67	67	997	1105	1105	1105	99.820	99.820	1	1	1-555	NC_010981.1	0	0											7	7	1002	1110	1110	1110	100.000	100.000	1	1	1-555	NZ_CP021120.1
Gc038c508a5d526a30aaddcc2	P1b1b9bd92b6d337fd150f16a	Halpe_porus	AB_unknown_tie	A;B;unknown	0	0	0	0	5a421f7f6f5d3cb3673dd6c4696ee7d989832ee807ef8e962da667c586d3f09a	0	0	0	1	0	0	False	NOT_ASSIGNED	32	32	2370	2628	2628	2628	100.000	100.000	1	1	1-1314	NZ_OZ034991.1	71	71	2370	2628	2628	2628	100.000	100.000	1	1	1-1314	NZ_OX366317.1;NZ_OX366321.1;NZ_OX366322.1;NZ_OX366323.1;NZ_OX366328.1;NZ_OX366330.1;NZ_OX366331.1;NZ_OX366336.1;NZ_OX366337.1;NZ_OX366340.1;NZ_OX366343.1;NZ_OX366346.1;NZ_OX366358.1;NZ_OX366361.1;NZ_OX366365.1;NZ_OX366373.1;NZ_OX366386.1;NZ_OX366392.1;NZ_OX366401.1;NZ_OZ034698.1;NZ_OZ034705.1;NZ_OZ034718.1;NZ_OZ034723.1;NZ_OZ034751.1;NZ_OZ034752.1;NZ_OZ034765.1;NZ_OZ034771.1;NZ_OZ034783.1;NZ_OZ034789.1;NZ_OZ034799.1;NZ_OZ034910.1;NZ_OZ034914.1;NZ_OZ077190.1;NZ_OZ195524.1;NZ_OZ238265.1	0	0											27	27	2370	2628	2628	2628	100.000	100.000	1	1	1-1314	NZ_CP021120.1;NZ_CP087954.1;NZ_CP092526.1
G8ee2d534f3373a77e48c3e5d	P1c6d0324297a9a0d8c4410e8	Halpe_porus	AB_unknown_tie	A;B;unknown	0	0	0	0	8c9764015c18d769203d9f1903bd1b303c84f7b06da2e19096d9dca50386f3c2	0	0	0	1	0	0	False	NOT_ASSIGNED	8	8	688	762	762	762	100.000	100.000	1	1	1-381	NZ_OZ034991.1	71	70	688	762	762	762	100.000	100.000	1	1	1-381	NC_010981.1;NZ_OX366317.1;NZ_OX366328.1;NZ_OX366329.1;NZ_OX366330.1;NZ_OX366336.1;NZ_OX366337.1;NZ_OX366340.1;NZ_OX366343.1;NZ_OX366358.1;NZ_OX366361.1;NZ_OX366365.1;NZ_OX366373.1;NZ_OX366386.1;NZ_OX366392.1;NZ_OX366394.1;NZ_OX366401.1;NZ_OZ034689.1;NZ_OZ034698.1;NZ_OZ034705.1;NZ_OZ034723.1;NZ_OZ034751.1;NZ_OZ034752.1;NZ_OZ034765.1;NZ_OZ034771.1;NZ_OZ034777.1;NZ_OZ034783.1;NZ_OZ034789.1;NZ_OZ034795.1;NZ_OZ034799.1;NZ_OZ034914.1;NZ_OZ077190.1;NZ_OZ195524.1;NZ_OZ238265.1	0	0											16	15	688	762	762	762	100.000	100.000	1	1	1-381	NZ_CP021120.1;NZ_CP087954.1;NZ_CP092526.1
G41b8e7acc13ad9bae1d0277e	P20dcc1f87621309dee9a6f80	Halpe_porus	A_only	A	0	0	0	0	edec2685869ca163baa53956c182b44840d8ae63750f686f953e144b5461e535	-299	-332	-0.2622807017543859649122807018	1	0	0	False	NOT_ASSIGNED	113	113	1966	2180	2180	2180	98.246	98.246	1	1	1-1140	NZ_OX366385.1	74	74	1667	1848	1848	1848	91.819	91.819	1	1	1-1140	NZ_OZ035002.1	1	1	787	872	872	872	83.378	83.378	0.6543859649122807017543859649	0.6543859649122807017543859649	391-1136	NZ_OZ034692.1	51	51	1962	2175	2175	2175	98.158	98.158	1	1	1-1140	NZ_OU909470.1
Ge8e768ebb57407220cc68742	P22c5aea74644942fb02544bc	Halpe_porus	A_only	A	0	0	0	1	794798234e9cab32b21b1bc20709cbd718d508b9752ca3945503e5a6b02a7c5b	-262	-290	-0.1410877759827679052234787291	1	0	0	False	NOT_ASSIGNED	114	113	3255	3609	3609	3609	98.869	98.869	1	1	1-1857	NZ_OX366380.1	74	74	2993	3319	3319	3319	95.746	95.746	1	1	1-1857	NZ_OX366320.1	1	1	2299	2549	2549	2549	87.453	87.453	1	1	1-1857	NZ_OZ034692.1	51	50	3242	3595	3595	3595	98.761	98.761	1	1	1-1857	NZ_OU909470.1
G95f3b97fd77fd7859335e03e	P2334edc5add04f8c7e6edc90	Halpe_porus	unknown_only	unknown	0	0	0	0	d6eeb3aebfd15496b7167d4263d70b9689e937c4922fd01630d4e9f355914d75	167	185	0.2272108843537414965986394558	1	0	0	False	NOT_ASSIGNED	3	3	1132	1255	1255	1255	94.150	94.150	1	1	1-735	NZ_OZ181654.1	71	71	1299	1440	1440	1440	99.184	99.184	1	1	1-735	OX366390.1	0	0											15	15	1326	1470	1470	1470	100.000	100.000	1	1	1-735	NZ_CP021120.1
Gf36384ffc02fd11825e3875a	P23e7a20ecc5930faafdadf7b	Halpe_porus	A_only	A	0	0	0	1	95a6766694986a6d508cd8c5ed102ebf002cf87c944fc449c37ba692749660ba	-86	-95	-0.05959805959805959805959805960	1	0	0	False	NOT_ASSIGNED	114	113	2585	2866	2866	2866	99.723	99.723	1	1	1-1443	NZ_OX366357.1	74	74	2499	2771	2771	2771	98.406	98.406	1	1	1-1443	NZ_OZ034766.1	1	1	1619	1795	1795	1795	84.972	84.972	1	1	1-1443	NZ_OZ034692.1	51	50	2562	2841	2841	2841	99.376	99.376	1	1	1-1443	NZ_OU909470.1
Gadf3569816df498de8fe4715	P3401dac7e10825aca4057dca	Halpe_porus	AB_unknown_tie	A;B;unknown	0	0	0	0	fe2ec930449ef2b6a381dfbf478b39ff18f1ac63e7a2ca8ba611575e89ea92ed	0	0	0	1	0	0	False	NOT_ASSIGNED	3	3	650	720	720	720	100.000	100.000	1	1	1-360	NZ_OZ034991.1	71	71	650	720	720	720	100.000	100.000	1	1	1-360	NZ_OX366321.1;NZ_OX366323.1;NZ_OX366330.1;NZ_OX366331.1;NZ_OX366336.1;NZ_OX366337.1;NZ_OX366340.1;NZ_OX366343.1;NZ_OX366346.1;NZ_OX366358.1;NZ_OX366360.1;NZ_OX366361.1;NZ_OX366365.1;NZ_OX366373.1;NZ_OX366386.1;NZ_OX366394.1;NZ_OX366401.1;NZ_OZ034689.1;NZ_OZ034698.1;NZ_OZ034705.1;NZ_OZ034718.1;NZ_OZ034751.1;NZ_OZ034752.1;NZ_OZ034765.1;NZ_OZ034777.1;NZ_OZ034783.1;NZ_OZ034789.1;NZ_OZ034795.1;NZ_OZ034799.1;NZ_OZ034910.1;NZ_OZ077190.1;NZ_OZ238265.1	0	0											14	14	650	720	720	720	100.000	100.000	1	1	1-360	NZ_CP021120.1;NZ_CP087954.1
G2aea5d0070108b0af3456b12	P507058803c71333cf0b9f49f	Halpe_porus	AB_unknown_tie	A;B;unknown	0	0	0	0	835152585ed467696d3173e56600cefe968ee926d3760bb9dfb142f83ae745bc	0	0	0	1	0	0	False	NOT_ASSIGNED	113	113	1375	1524	1524	1524	100.000	100.000	1	1	1-762	NZ_OZ034991.1	74	74	1375	1524	1524	1524	100.000	100.000	1	1	1-762	NZ_OX366328.1;NZ_OX366329.1;NZ_OX366330.1;NZ_OX366340.1;NZ_OX366358.1;NZ_OX366361.1;NZ_OX366365.1;NZ_OZ034698.1;NZ_OZ034705.1;NZ_OZ034723.1;NZ_OZ034751.1;NZ_OZ034754.1;NZ_OZ034777.1;NZ_OZ034799.1;NZ_OZ034910.1;NZ_OZ077190.1;NZ_OZ195524.1;NZ_OZ238265.1	1	1	713	790	790	790	81.793	81.793	0.9514435695538057742782152231	0.9514435695538057742782152231	32-756	NZ_OZ034692.1	51	51	1375	1524	1524	1524	100.000	100.000	1	1	1-762	NZ_CP021120.1;NZ_CP087954.1;NZ_CP092526.1
G952961a5069ac0604d8902ad	P69d68c4e9723a50f19464644	Halpe_porus	A_only	A	0	0	0	0	29546dd5a21ca9ebb1bf1aa9a0d4d491c8e78f12ba052ae77a7f94406cfeaf89	-36	-40	-0.02777777777777777777777777778	1	0	0	False	NOT_ASSIGNED	87	87	2329	2582	2582	2582	99.846	99.846	1	1	1-1296	NZ_OX366272.1;NZ_OZ034719.1	2	2	2293	2542	2542	2542	99.228	99.228	1	1	1-1296	NZ_OZ035002.1	0	0											17	17	2320	2572	2572	2572	99.691	99.691	1	1	1-1296	OU953855.1
G8fb7947b282dbe4fa40fdee8	P71bb8c7f5b149dba1c7305d5	Halpe_porus	unknown_only	unknown	0	0	0	0	f13f84c6c58ba249ce83a49e074cd15466b18838671420bdfee007cee9d50762	-108	-120	-0.1031518624641833810888252149	1	0	0	False	NOT_ASSIGNED	76	74	1857	2059	2059	2059	99.331	99.331	1	1	1-1047	NZ_OX366385.1	1	1	1749	1939	1939	1939	97.039	97.039	1	1	1-1047	NZ_OZ035002.1	0	0											19	19	1866	2069	2069	2069	99.522	99.522	1	1	1-1047	NZ_OU909470.1
G036e636d9d77b7b2d28036c4	P72ae142d3355c55e688b5d5c	Halpe_porus	B_unknown_tie	B;unknown	0	0	0	0	a5ff0c5af57c3ce7fa28c959c4f003bb140d3e8825960230abd97dabacbc9394	5	5	0.006265664160401002506265664160	1	0	0	False	NOT_ASSIGNED	4	4	1435	1591	1591	1591	99.875	99.875	1	1	1-798	NZ_OZ034991.1	69	69	1440	1596	1596	1596	100.000	100.000	1	1	1-798	NC_010981.1	0	0											13	13	1440	1596	1596	1596	100.000	100.000	1	1	1-798	NZ_CP021120.1;NZ_CP051608.1
G222f769a24cc1d17bf525535	P8c07225efaa092ab30d53679	Halpe_porus	A_only	A	0	0	0	0	323bbb3cc7fcfc4920eafb1c160ca535494200303f41fd40ada71fce6a42df7f	-67	-74	-0.06549364613880742913000977517	0	0	0	False	NOT_ASSIGNED	83	83	1846	2046	2046	2046	100.000	100.000	1	1	1-1023	NZ_OX366380.1;NZ_OX366385.1	1	1	1779	1972	1972	1972	98.629	98.629	0.9980449657869012707722385142	0.9980449657869012707722385142	1-1021	NZ_OZ035002.1	0	0											17	17	1841	2041	2041	2041	99.902	99.902	1	1	1-1023	NZ_OU909470.1
G67a9d55f3c662cf6958f246c	Pa87d72afcf636cec7bbf5d9e	Halpe_porus	A_unknown_tie	A;unknown	0	0	0	0	dcc0dc6ce368564e82239f6cabe9ff333e7bf526507e9f29816809f18f28f7f3	-20	-22	-0.06006006006006006006006006006	0	0	0	False	NOT_ASSIGNED	104	104	601	666	666	666	100.000	100.000	1	1	1-333	NZ_CP041215.1;NZ_CP054598.1;NZ_OX366272.1;NZ_OX366327.1;NZ_OX366352.1;NZ_OX366353.1;NZ_OX366357.1;NZ_OX366359.1;NZ_OX366375.1;NZ_OX366378.1;NZ_OX366387.1;NZ_OX366388.1;NZ_OX366389.1;NZ_OX366395.1;NZ_OX366397.1;NZ_OX366398.1;NZ_OZ017714.1;NZ_OZ034695.1;NZ_OZ034701.1;NZ_OZ034712.1;NZ_OZ034713.1;NZ_OZ034717.1;NZ_OZ034720.1;NZ_OZ034763.1;NZ_OZ034764.1;NZ_OZ034769.1;NZ_OZ034773.1;NZ_OZ034779.1;NZ_OZ034785.1;NZ_OZ034792.1;NZ_OZ034796.1;NZ_OZ034998.1;NZ_OZ035007.1;NZ_OZ195518.1;OX366363.1;OZ034697.1	5	5	581	644	644	644	98.795	98.795	0.9969969969969969969969969970	0.9969969969969969969969969970	1-332	NZ_OZ035002.1	0	0											24	24	601	666	666	666	100.000	100.000	1	1	1-333	CP091195.1;NZ_OU909470.1;OU953855.1
G8f6541ec018ef67e6cd4c584	Pcd189dc1eefba4ae08285709	Halpe_porus	A_only	A	0	0	0	0	6ff431d5badf23a9b0e685b75bd5ca5ffa9d27a4c27a588d1253d2dad9ae491d	-22	-25	-0.02107279693486590038314176245	1	0	0	False	NOT_ASSIGNED	87	85	1856	2058	2058	2058	99.425	99.425	1	1	1-1044	CP003884.1;NZ_CP041215.1;NZ_OX366352.1;NZ_OX366359.1;NZ_OX366387.1;NZ_OZ017714.1;NZ_OZ025779.1;NZ_OZ034695.1;NZ_OZ034763.1;NZ_OZ034764.1;NZ_OZ034769.1;NZ_OZ034792.1;NZ_OZ034793.1	5	5	1834	2033	2033	2033	98.946	98.946	1	1	1-1044	NZ_OZ035002.1	0	0											22	20	1852	2053	2053	2053	99.330	99.330	1	1	1-1044	NZ_OU909470.1
G5373e55d5ceffbed7f72e0b2	P0294554494f5a8cec05865fd	Idmon_fujianana	A_only	A	0	0	0	0	4e0275b233849f065c211fe603976e8ea940c201a1f4c22527f651875f01dbf1	-9	-10	-0.006134969325153374233128834356	1	0	0	False	NOT_ASSIGNED	82	82	2646	2934	2934	2934	100.000	100.000	1	1	1-1467	NZ_CP041215.1;NZ_CP054598.1;NZ_OX366332.1;NZ_OX366352.1;NZ_OX366353.1;NZ_OX366397.1;NZ_OZ034713.1;NZ_OZ034764.1;NZ_OZ034773.1;NZ_OZ034792.1	2	2	2637	2924	2924	2924	99.864	99.864	1	1	1-1467	NZ_OZ035002.1	0	0											13	13	2642	2929	2929	2929	99.932	99.932	1	1	1-1467	NZ_CP170632.1;NZ_CP175927.1
G4d2e7d95526d70f9da7f1983	P0675c48295767aa3906ac372	Idmon_fujianana	A_only	A	0	0	0	0	f61928a68957298e0716625e878bd41bc786fff1eb47c92db6f4bc20b890ac4b	-1067	-1184	-0.4832427536231884057971014493	0	0	0	False	NOT_ASSIGNED	33	33	3978	4411	4411	4411	99.955	99.955	1	1	1-2208	NZ_OZ034769.1	1	1	2911	3227	3227	3227	98.918	98.918	0.7522644927536231884057971014	0.7522644927536231884057971014	548-2208	NZ_OZ035002.1	0	0											4	4	2914	3231	3231	3231	98.977	98.977	0.7522644927536231884057971014	0.7522644927536231884057971014	548-2208	NZ_CP175927.1
Ge1424eb105da33c0b4bbd322	P07f88e2bb1e56fb05f02e58a	Idmon_fujianana	A_only	A	0	0	0	0	fef582c1646815bd784c221b72ec3ead077a781d928c34dd35b6e34a2d910435	-9	-10	-0.01127819548872180451127819549	1	0	0	False	NOT_ASSIGNED	77	75	1440	1596	1596	1596	100.000	100.000	1	1	1-798	CP003884.1;NZ_OX366332.1;NZ_OX366352.1;NZ_OX366359.1;NZ_OX366397.1;NZ_OZ034713.1;NZ_OZ034769.1;NZ_OZ034773.1;NZ_OZ034792.1	1	1	1431	1586	1586	1586	99.749	99.749	1	1	1-798	NZ_OZ035002.1	0	0											13	13	1435	1591	1591	1591	99.875	99.875	1	1	1-798	NZ_CP110359.1;OU953855.1
Gd0ee30f2bf871f46275d9993	P0c624e151735e4a9fed865d5	Idmon_fujianana	A_only	A	0	0	0	0	466ce57dff8435b1b58a59770ce5d0c74cdc369098a7025f7b2a26f85fb8f699	-147	-163	-0.5157894736842105263157894737	0	0	0	False	NOT_ASSIGNED	55	55	515	570	570	570	100.000	100.000	1	1	1-285	CP003884.1;NZ_OX366332.1;NZ_OX366352.1;NZ_OX366353.1;NZ_OX366359.1;NZ_OX366397.1;NZ_OZ034764.1;NZ_OZ034792.1	71	71	368	407	407	407	96.018	96.018	0.7929824561403508771929824561	0.7929824561403508771929824561	16-241	NZ_OZ181655.1	0	0											36	36	510	565	565	565	99.649	99.649	1	1	1-285	NZ_CP110359.1
Gdb9d83de557da63eed81f2ca	P0f7e8941919e9b634eb350c7	Idmon_fujianana	A_only	A	0	0	0	0	bc2a3250a5d899db7839c72b92e1c066526c443d5a29b366b384b028748e6f5b	-118	-130	-0.1293859649122807017543859649	1	0	0	False	NOT_ASSIGNED	113	108	1644	1822	1822	1822	100.000	100.000	0.9989035087719298245614035088	0.9989035087719298245614035088	1-911	CP003884.1;NZ_OX366332.1;NZ_OX366397.1;NZ_OZ034713.1;NZ_OZ034764.1;NZ_OZ034773.1;NZ_OZ034792.1	73	73	1526	1692	1692	1692	97.146	97.146	0.9989035087719298245614035088	0.9989035087719298245614035088	1-911	NZ_OZ035002.1	1	1	901	998	998	998	82.202	82.202	0.9857456140350877192982456140	0.9857456140350877192982456140	13-911	NZ_OZ034692.1	40	40	1639	1817	1817	1817	99.890	99.890	0.9989035087719298245614035088	0.9989035087719298245614035088	1-911	NZ_CP110359.1
Gecd9dc32f1706ea6fccf41d4	P105e81cadb13fa73bec24ff5	Idmon_fujianana	A_only	A	0	0	0	0	e12c007dda73e93f631432ed252e6a2449911bec90138e5d9faf7e74adfea80a	-3767	-4178	-1.220278587625526401036605118	0	0	0	False	NOT_ASSIGNED	33	33	5559	6164	6164	6164	99.935	99.935	1	1	1-3087	NZ_OZ034769.1	1	1	1792	1986	1986	1986	76.023	76.023	0.8114674441205053449951409135	0.8114674441205053449951409135	1-2505	NZ_OZ181655.1	0	0											4	4	4324	4795	4795	4795	91.266	91.266	0.9970845481049562682215743440	0.9970845481049562682215743440	1-3078	CP091195.1
Gb6d56e7c4ad4f6a51b1c1af5	P13e05d070734305f12c2eb26	Idmon_fujianana	A_only	A	0	0	0	0	d3560b5d4f4c5e3743342ec2bf83a1c3967d869780e61fe291fad16d63ec5e6f	-63	-70	-0.2019230769230769230769230769	0	0	0	False	NOT_ASSIGNED	20	20	563	624	624	624	100.000	100.000	1	1	1-312	CP003884.1;NZ_CP041215.1;NZ_CP054598.1;NZ_OX366332.1;NZ_OX366352.1;NZ_OX366359.1;NZ_OX366397.1;NZ_OZ034713.1;NZ_OZ034764.1;NZ_OZ034769.1;NZ_OZ034773.1;NZ_OZ034792.1	1	1	500	554	554	554	94.654	94.654	0.9935897435897435897435897436	0.9935897435897435897435897436	1-310	NZ_OZ181655.1	0	0											2	2	540	598	598	598	97.188	97.188	1	1	1-312	NZ_OW370537.1
G953b6ea2ea87e89f791d38b8	P1440feb117cd723f6abb3813	Idmon_fujianana	A_only	A	0	0	0	0	ba5d0fabd5c25da087938ce7dbd629cb9f50a5820d221f35a9dde980f732b5b5	-366	-406	-0.1426900584795321637426900585	1	0	0	False	NOT_ASSIGNED	113	113	4626	5130	5130	5130	100.000	100.000	1	1	1-2565	NZ_CP041215.1;NZ_OX366332.1;NZ_OX366352.1;NZ_OX366397.1;NZ_OZ034713.1;NZ_OZ034764.1;NZ_OZ034792.1	73	73	4260	4724	4724	4724	96.696	96.696	1	1	1-2565	NZ_OZ034708.1	0	0											47	47	4387	4865	4865	4865	97.934	97.934	1	1	1-2565	OU953855.1
G91f5e7115c484f49f1960688	P16ac9b89ff10a00bf5aef6dc	Idmon_fujianana	A_only	A	0	0	0	0	c3247bc8cb0f826a75ef9bc0911d32f87b97ffbc5522e90b0b540f82e3b2c53d	-4	-5	-0.008771929824561403508771929825	1	0	0	False	NOT_ASSIGNED	80	80	823	912	912	912	100.000	100.000	1	1	1-456	CP003884.1;NZ_CP041215.1;NZ_CP054598.1;NZ_OX366332.1;NZ_OX366352.1;NZ_OX366397.1;NZ_OZ034713.1;NZ_OZ034764.1;NZ_OZ034769.1;NZ_OZ034773.1;NZ_OZ034792.1	1	1	819	907	907	907	99.781	99.781	1	1	1-456	NZ_OZ035002.1	0	0											15	15	819	907	907	907	99.781	99.781	1	1	1-456	CP076228.1;NZ_CP069053.1;NZ_CP069060.1;NZ_CP090902.1;NZ_CP136586.1;NZ_CP136587.1;NZ_CP157591.1;NZ_CP170632.1;NZ_CP175927.1;OU953855.1;OX384028.1
G67976705b950a91fddb5b768	P17c4a8f0e8f2f82c6ac338cd	Idmon_fujianana	A_only	A	0	0	0	0	556f368fb56fe9d70dae35e6fa5972b99d69636b92a3b18eeab31ca159cc9aa9	-1033	-1145	-1.110752688172043010752688172	0	0	0	False	NOT_ASSIGNED	104	95	1678	1860	1860	1860	100.000	100.000	1	1	1-930	NZ_OZ034769.1	1	1	645	715	715	715	78.961	78.961	0.8032258064516129032258064516	0.8032258064516129032258064516	184-930	NZ_OZ035002.1	0	0											18	18	1086	1203	1203	1203	85.684	85.684	0.9989247311827956989247311828	0.9989247311827956989247311828	1-929	NZ_CP175923.1
Ge990fe5287b3a4d69c0b116f	P20dcc1f87621309dee9a6f80	Idmon_fujianana	A_only	A	0	0	0	0	b5a30052a3fe751ea1ab92654877956144d2148774517b7367dc8a67d14c14d3	-52	-57	-0.04697380307136404697380307136	1	0	0	False	NOT_ASSIGNED	113	113	1993	2209	2209	2209	99.910	99.910	1	1	1-1107	NZ_OX366353.1;NZ_OZ034701.1	74	74	1941	2152	2152	2152	97.872	97.872	1	1	1-1107	NZ_OZ035002.1	1	1	810	897	897	897	84.048	84.048	0.6738934056007226738934056007	0.6738934056007226738934056007	358-1103	NZ_OZ034692.1	51	51	1984	2199	2199	2199	99.729	99.729	1	1	1-1107	NZ_CP090902.1
G9f6774aeb4da226805c92024	P22c5aea74644942fb02544bc	Idmon_fujianana	A_only	A	0	0	0	1	469b1b881cf0bd089d2447dc3a732e8fc9af42e7417b6683e740aa3ae36697d8	-254	-282	-0.1372231226364127498649378714	1	0	0	False	NOT_ASSIGNED	114	113	3339	3702	3702	3702	100.000	100.000	1	1	1-1851	CP003884.1;NZ_OX366332.1;NZ_OX366352.1;NZ_OX366353.1;NZ_OX366359.1;NZ_OZ034769.1;NZ_OZ034792.1	74	74	3085	3420	3420	3420	96.823	96.823	1	1	1-1851	NZ_OZ034718.1	1	1	2246	2490	2490	2490	86.807	86.807	1	1	1-1851	NZ_OZ034692.1	51	50	3085	3420	3420	3420	96.823	96.823	1	1	1-1851	NZ_CP192272.1
G2c83049b426ff56b08fe28b0	P2c83049b426ff56b08fe28b0	Idmon_fujianana	A_only	A	0	0	0	0	b733c890d27538443e1dcb6a7ac814f3874c2c1eaf6ce0634c5447c063862504					0	1	False	NOT_ASSIGNED	30	30	2669	2959	2959	2959	99.933	99.933	1	1	1-1482	NZ_CP041215.1;NZ_OX366332.1;NZ_OX366352.1;NZ_OX366353.1;NZ_OX366397.1;NZ_OZ034764.1;NZ_OZ034769.1	0	0											0	0											0	0										
G0cf903d7df9a66cc00a9c5ac	P3e4fb06e9670f3171001e548	Idmon_fujianana	A_unknown_tie	A;unknown	0	0	0	0	c88da66754d92c3e4978950bbb1e1ce5569cb159d223f4da32cf374d7a8ffb7d	-5	-5	-0.005393743257820927723840345200	1	0	0	False	NOT_ASSIGNED	47	47	1673	1854	1854	1854	100.000	100.000	1	1	1-927	CP003884.1;NZ_CP041215.1;NZ_OX366332.1;NZ_OX366348.1;NZ_OX366352.1;NZ_OX366359.1;NZ_OX366368.1;NZ_OX366369.1;NZ_OX366379.1;NZ_OX366387.1;NZ_OX366388.1;NZ_OX366397.1;NZ_OX366398.1;NZ_OX366399.1;NZ_OZ034713.1;NZ_OZ034769.1;NZ_OZ034773.1;NZ_OZ034779.1;NZ_OZ034793.1;NZ_OZ034796.1;NZ_OZ034913.1;NZ_OZ035007.1;NZ_OZ183482.1;OX366363.1	2	2	1668	1849	1849	1849	99.892	99.892	1	1	1-927	NZ_OZ035002.1	0	0											10	10	1673	1854	1854	1854	100.000	100.000	1	1	1-927	NZ_CP175927.1
G620f1fddf6b4b925488ec12b	P493f6ff5725a58e31ceb52ab	Idmon_fujianana	A_only	A	0	0	0	0	da0d8fe005def433e13416c834351fdcaf030b88f1ec8bfd59c61c9dfede4f16	-23	-25	-0.02123730378578024007386888273	1	0	0	False	NOT_ASSIGNED	76	76	1954	2166	2166	2166	100.000	100.000	1	1	1-1083	CP003884.1;NZ_CP041215.1;NZ_OX366332.1;NZ_OX366352.1;NZ_OX366353.1;NZ_OX366397.1;NZ_OZ034713.1;NZ_OZ034764.1;NZ_OZ034769.1;NZ_OZ034773.1;NZ_OZ034792.1	1	1	1931	2141	2141	2141	99.538	99.538	1	1	1-1083	NZ_OZ035002.1	0	0											19	19	1945	2156	2156	2156	99.815	99.815	1	1	1-1083	OU953855.1
G7ee4595fd8a4060c77f550d5	P52a038d73fbb0dc2fce63fa2	Idmon_fujianana	A_only	A	0	0	0	1	82a19fe23f557c1a5d39feab517002c509b15df31fc03c6c52583bb5285768a2	-15	-17	-0.01362397820163487738419618529	1	0	0	False	NOT_ASSIGNED	81	79	1986	2202	2202	2202	100.000	100.000	1	1	1-1101	CP003884.1;NZ_OX366332.1;NZ_OX366352.1;NZ_OZ034713.1;NZ_OZ034764.1;NZ_OZ034769.1;NZ_OZ034773.1	35	35	1971	2185	2185	2185	99.728	99.728	1	1	1-1101	NZ_OZ035002.1	0	0											20	19	1973	2187	2187	2187	99.728	99.728	1	1	1-1101	NZ_CP069053.1;NZ_CP069060.1;NZ_CP090902.1;NZ_CP170632.1;OX384028.1
G93d109a6c4e62cfdf5740dde	P642aafeefb367660a9b78c39	Idmon_fujianana	A_only	A	0	0	0	1	8ef93ad4d9ae166d885b22092e28a20ac05c29ec5f6a938bca7d0984d0743518	-94	-105	-0.06886446886446886446886446886	0	0	0	False	NOT_ASSIGNED	114	113	2462	2730	2730	2730	100.000	100.000	1	1	1-1365	CP003884.1;NZ_CP041215.1;NZ_CP054598.1;NZ_OX366332.1;NZ_OX366352.1;NZ_OX366353.1;NZ_OX366359.1;NZ_OX366397.1;NZ_OZ034713.1;NZ_OZ034764.1;NZ_OZ034769.1;NZ_OZ034792.1	74	74	2368	2625	2625	2625	98.249	98.249	0.9985347985347985347985347985	0.9985347985347985347985347985	1-1363	NZ_OX366334.1;OX366390.1	1	1	1460	1618	1618	1618	83.988	83.988	0.9882783882783882783882783883	0.9882783882783882783882783883	1-1349	NZ_OZ034692.1	51	50	2394	2654	2654	2654	98.616	98.616	1	1	1-1365	NZ_CP110359.1
G4b0717eb1097cbf7e9f4dd13	P6650f8af23e8baae78a43f97	Idmon_fujianana	A_only	A	0	0	0	0	739791e6daf7d49e7a6334ba563aead3c92b3b1c51fa4d5fec8addbff34c390c	-5	-5	-0.01400560224089635854341736695	1	0	0	False	NOT_ASSIGNED	83	83	645	714	714	714	100.000	100.000	1	1	1-357	CP003884.1;NZ_CP041215.1;NZ_CP054598.1;NZ_OX366319.1;NZ_OX366326.1;NZ_OX366332.1;NZ_OX366351.1;NZ_OX366352.1;NZ_OX366353.1;NZ_OX366387.1;NZ_OX366395.1;NZ_OX366397.1;NZ_OX366400.1;NZ_OZ014602.1;NZ_OZ034690.1;NZ_OZ034702.1;NZ_OZ034706.1;NZ_OZ034713.1;NZ_OZ034716.1;NZ_OZ034720.1;NZ_OZ034721.1;NZ_OZ034726.1;NZ_OZ034728.1;NZ_OZ034762.1;NZ_OZ034764.1;NZ_OZ034769.1;NZ_OZ034773.1;NZ_OZ034792.1;NZ_OZ034913.1;NZ_OZ187004.1;NZ_OZ195525.1	1	1	640	709	709	709	99.720	99.720	1	1	1-357	NZ_OZ035002.1	0	0											15	15	640	709	709	709	99.720	99.720	1	1	1-357	NZ_CP069053.1;NZ_CP069060.1;NZ_CP136587.1;NZ_CP170632.1;NZ_CP175927.1
G69d68c4e9723a50f19464644	P69d68c4e9723a50f19464644	Idmon_fujianana	A_only	A	0	0	0	0	ab80c69f77b8bc3fa09fa4ce985df6c0634b94f16931671d2c51a4b0110c2d17	-45	-50	-0.03472222222222222222222222222	1	0	0	False	NOT_ASSIGNED	87	87	2338	2592	2592	2592	100.000	100.000	1	1	1-1296	NZ_CP041215.1;NZ_OX366332.1;NZ_OX366352.1;NZ_OX366397.1;NZ_OZ034713.1;NZ_OZ034764.1;NZ_OZ034769.1;NZ_OZ034773.1;NZ_OZ034792.1	2	2	2293	2542	2542	2542	99.228	99.228	1	1	1-1296	NZ_OZ035002.1	0	0											17	17	2293	2542	2542	2542	99.228	99.228	1	1	1-1296	NZ_CP069053.1;NZ_CP069060.1;NZ_CP090902.1;NZ_CP136587.1;OX384028.1
Gff64c85db0775d4e663bc265	P6e77e4124db35977ff81de98	Idmon_fujianana	A_only	A	0	0	0	0	cdc920b1effc40c05994624fcdfd789e99db6ca0571b8fafb060f2dbc27bd75b	-277	-308	-0.5699588477366255144032921811	0	0	0	False	NOT_ASSIGNED	38	36	877	972	972	972	100.000	100.000	1	1	1-486	CP003884.1;NZ_CP041215.1;NZ_CP054557.1;NZ_OX366332.1;NZ_OX366352.1;NZ_OX366359.1;NZ_OX366397.1;NZ_OZ034706.1;NZ_OZ034769.1;NZ_OZ034773.1;NZ_OZ034791.1	1	1	600	664	664	664	100.000	100.000	0.6831275720164609053497942387	0.6831275720164609053497942387	1-332	NZ_OZ035002.1	0	0											7	5	873	967	967	967	99.794	99.794	1	1	1-486	NZ_CP157591.1
G734237d89bdcfda02b837f93	P71bb8c7f5b149dba1c7305d5	Idmon_fujianana	A_only	A	0	0	0	0	194eaa96d1dce94bf44fc6776bff308279f0e8c7d80901a4047a0896b03ae0bf	-62	-69	-0.05990338164251207729468599034	1	0	0	False	NOT_ASSIGNED	76	74	1867	2070	2070	2070	100.000	100.000	1	1	1-1035	CP003884.1;NZ_CP041215.1;NZ_CP054598.1;NZ_OX366332.1;NZ_OX366352.1;NZ_OX366397.1;NZ_OZ034713.1;NZ_OZ034769.1;NZ_OZ034792.1	1	1	1805	2001	2001	2001	98.090	98.090	1	1	1-1035	NZ_OZ035002.1	0	0											19	19	1831	2030	2030	2030	99.227	99.227	1	1	1-1035	NZ_CP170632.1
G08b82c3bdbebea80c12e19e5	P7b8604775adae8acd2294a64	Idmon_fujianana	A_only	A	0	0	0	0	9b2ccc166677e14800d34318ff481928b5ff198e3aeb20ca08299db5ffdb3540	-14	-15	-0.007843137254901960784313725490	1	0	0	False	NOT_ASSIGNED	105	105	3220	3570	3570	3570	100.000	100.000	1	1	1-1785	NZ_CP041215.1;NZ_OX366332.1;NZ_OX366352.1;NZ_OZ034764.1;NZ_OZ034769.1;NZ_OZ034792.1;OZ034697.1	2	2	3206	3555	3555	3555	99.832	99.832	1	1	1-1785	NZ_OZ035002.1	0	0											22	22	3206	3555	3555	3555	99.832	99.832	1	1	1-1785	NZ_CP069053.1;NZ_CP069060.1;NZ_CP136587.1;NZ_CP170632.1;NZ_CP175927.1;OU953855.1;OX384028.1
G8199b65d2f3a3eb73fd3881f	P8199b65d2f3a3eb73fd3881f	Idmon_fujianana	A_unknown_tie	A;unknown	0	0	0	0	8bcbeef16536f8a5a9f0e79ef5b8e7cca04cd0c9662c9a593282ad3340a3e764	-804	-892	-0.7570621468926553672316384181	0	0	0	False	NOT_ASSIGNED	20	17	1916	2124	2124	2124	100.000	100.000	1	1	1-1062	NZ_OX366327.1;NZ_OX366352.1;NZ_OX366397.1;NZ_OX366399.1;NZ_OX366400.1;NZ_OZ034713.1;NZ_OZ034769.1;NZ_OZ034773.1;NZ_OZ187004.1	2	1	1112	1232	1232	1232	92.622	92.622	0.7118644067796610169491525424	0.7118644067796610169491525424	307-1062	NZ_OX366345.1	0	0											1	1	1916	2124	2124	2124	100.000	100.000	1	1	1-1062	NZ_CP170632.1
G10c184e57d93f40c87f2b23c	P8c07225efaa092ab30d53679	Idmon_fujianana	A_only	A	0	0	0	0	e273bceebb98055610ddb0929e764058f3e432b2f61bfbed86323a94a4678808	-14	-15	-0.01368523949169110459433040078	1	0	0	False	NOT_ASSIGNED	83	83	1846	2046	2046	2046	100.000	100.000	1	1	1-1023	CP003884.1;NZ_CP041215.1;NZ_OX366332.1;NZ_OX366352.1;NZ_OX366359.1;NZ_OX366397.1;NZ_OZ034713.1;NZ_OZ034764.1;NZ_OZ034769.1;NZ_OZ034773.1;NZ_OZ034792.1	1	1	1832	2031	2031	2031	99.707	99.707	1	1	1-1023	NZ_OZ035002.1	0	0											17	17	1832	2031	2031	2031	99.707	99.707	1	1	1-1023	CP076228.1;NZ_CP069053.1;NZ_CP069060.1;NZ_CP090902.1;NZ_CP136587.1;NZ_CP170632.1;NZ_CP175927.1;OX384028.1
G02c61f0d3212744feb4cc579	P8d6f063f581eb9f0d5456da6	Idmon_fujianana	A_only	A	0	0	0	0	0a4f1d88dddac9b5470c07d87bf286d9c11b7597f02cd79e2d1641736dd8ba65	-4	-5	-0.004778972520908004778972520908	1	0	0	False	NOT_ASSIGNED	77	77	1510	1674	1674	1674	100.000	100.000	1	1	1-837	CP003884.1;NZ_CP041215.1;NZ_CP054598.1;NZ_OX366319.1;NZ_OX366327.1;NZ_OX366332.1;NZ_OX366352.1;NZ_OX366359.1;NZ_OX366369.1;NZ_OX366389.1;NZ_OX366397.1;NZ_OX366398.1;NZ_OZ034702.1;NZ_OZ034713.1;NZ_OZ034719.1;NZ_OZ034721.1;NZ_OZ034764.1;NZ_OZ034769.1;NZ_OZ034773.1;NZ_OZ034779.1;NZ_OZ034792.1;NZ_OZ034796.1;NZ_OZ034913.1;NZ_OZ195515.1	1	1	1506	1669	1669	1669	99.881	99.881	1	1	1-837	NZ_OZ035002.1	0	0											13	13	1506	1669	1669	1669	99.881	99.881	1	1	1-837	CP091195.1;NZ_CP069053.1;NZ_CP069060.1;NZ_CP090902.1;NZ_CP136587.1;NZ_CP170632.1;OU953855.1;OX384028.1
G7416314064def089640b05eb	P8fcb3dea8eb09c45fa38015a	Idmon_fujianana	A_only	A	0	0	0	0	ab6f8ad35f9668a4ca3a7a35bcdf76ba5edc783a89968529a14adef02d1ff3bf	-86	-95	-0.05512820512820512820512820513	1	0	0	False	NOT_ASSIGNED	113	113	2814	3120	3120	3120	100.000	100.000	1	1	1-1560	CP003884.1;NZ_OX366332.1;NZ_OX366352.1;NZ_OX366353.1;NZ_OX366359.1;NZ_OX366397.1;NZ_OZ034713.1;NZ_OZ034764.1;NZ_OZ034769.1;NZ_OZ034773.1;NZ_OZ034792.1	74	74	2728	3025	3025	3025	98.782	98.782	1	1	1-1560	NZ_OZ034708.1	1	1	1515	1679	1679	1679	81.242	81.242	1	1	1-1560	NZ_OZ034692.1	49	49	2629	2915	2915	2915	97.372	97.372	1	1	1-1560	NZ_CP102058.1
G6bf5f00b52af2bd7931378ba	P942e1b2a3926d675d1974bf5	Idmon_fujianana	A_only	A	0	0	0	0	af23929326c50fb142d7910fdf6d21671df07a9af9e9e209b3c58fc12252eef9	-9	-10	-0.01224489795918367346938775510	1	0	0	False	NOT_ASSIGNED	80	80	1326	1470	1470	1470	100.000	100.000	1	1	1-735	CP003884.1;NZ_CP054598.1;NZ_OX366352.1;NZ_OX366353.1;NZ_OX366359.1;NZ_OX366397.1;NZ_OZ034713.1;NZ_OZ034764.1;NZ_OZ034769.1;NZ_OZ034773.1	1	1	1317	1460	1460	1460	99.728	99.728	1	1	1-735	NZ_OZ035002.1	0	0											15	15	1317	1460	1460	1460	99.728	99.728	1	1	1-735	NZ_CP157591.1;NZ_CP170632.1;NZ_CP175927.1
Gc0ea4e533a12bcac4be1836e	P95855010e0c2448a44e263ca	Idmon_fujianana	A_only	A	0	0	0	0	bfc87a8ec9732b66e3247e9eef10a958639e5d5283216536449b24d4b935f3d7	-27	-30	-0.04166666666666666666666666667	1	0	0	False	NOT_ASSIGNED	80	80	1169	1296	1296	1296	100.000	100.000	1	1	1-648	NZ_OZ034782.1	1	1	1142	1266	1266	1266	99.074	99.074	1	1	1-648	NZ_OZ035002.1	0	0											15	15	1160	1286	1286	1286	99.691	99.691	1	1	1-648	NZ_CP110359.1;NZ_OU909470.1;OU953855.1
G484dc2de1343e75af6f53e4d	P9897241121f49b098577aa4d	Idmon_fujianana	A_only	A	0	0	0	1	378df916bdf43fbe0bc7dc0f56cc24bfac8c32b6c17f6d7e4ad8cc334a102a3b	-14	-15	-0.04093567251461988304093567251	1	0	0	False	NOT_ASSIGNED	102	90	618	684	684	684	100.000	100.000	1	1	1-342	CP003884.1;NZ_CP041215.1;NZ_CP054598.1;NZ_OX366332.1;NZ_OX366352.1;NZ_OX366353.1;NZ_OX366359.1;NZ_OX366397.1;NZ_OZ034713.1;NZ_OZ034769.1;NZ_OZ034773.1;NZ_OZ034792.1	1	1	604	669	669	669	99.123	99.123	1	1	1-342	NZ_OZ035002.1	0	0											15	14	613	679	679	679	99.708	99.708	1	1	1-342	CP091195.1;NZ_CP110359.1
Gcfbfdcbb92e663c45d7c67d7	Pa2bce227857811250a569cd1	Idmon_fujianana	A_only	A	0	0	0	0	5dd6595b77fd6d98bacaa85ca8c2d4f8ba6a85a07f09c167c064130b1236aaef	-9	-10	-0.02970297029702970297029702970	1	0	0	False	NOT_ASSIGNED	106	106	547	606	606	606	100.000	100.000	1	1	1-303	NZ_CP041215.1;NZ_CP054598.1;NZ_OX366319.1;NZ_OX366326.1;NZ_OX366332.1;NZ_OX366351.1;NZ_OX366352.1;NZ_OX366353.1;NZ_OX366356.1;NZ_OX366369.1;NZ_OX366397.1;NZ_OX366400.1;NZ_OZ014602.1;NZ_OZ034690.1;NZ_OZ034701.1;NZ_OZ034702.1;NZ_OZ034713.1;NZ_OZ034716.1;NZ_OZ034719.1;NZ_OZ034720.1;NZ_OZ034721.1;NZ_OZ034726.1;NZ_OZ034728.1;NZ_OZ034762.1;NZ_OZ034764.1;NZ_OZ034769.1;NZ_OZ034773.1;NZ_OZ034792.1;NZ_OZ034913.1;NZ_OZ187004.1;NZ_OZ195515.1;NZ_OZ195525.1	6	6	538	596	596	596	99.340	99.340	1	1	1-303	NZ_OZ035002.1	0	0											31	30	543	601	601	601	99.670	99.670	1	1	1-303	CP091195.1;NZ_CP110359.1;OU953855.1
Gf0db0c3715fc6efb7bac0d7e	Pa87d72afcf636cec7bbf5d9e	Idmon_fujianana	A_unknown_tie	A;unknown	0	0	0	0	dcc0dc6ce368564e82239f6cabe9ff333e7bf526507e9f29816809f18f28f7f3	-20	-22	-0.06006006006006006006006006006	0	0	0	False	NOT_ASSIGNED	104	104	601	666	666	666	100.000	100.000	1	1	1-333	NZ_CP041215.1;NZ_CP054598.1;NZ_OX366272.1;NZ_OX366327.1;NZ_OX366352.1;NZ_OX366353.1;NZ_OX366357.1;NZ_OX366359.1;NZ_OX366375.1;NZ_OX366378.1;NZ_OX366387.1;NZ_OX366388.1;NZ_OX366389.1;NZ_OX366395.1;NZ_OX366397.1;NZ_OX366398.1;NZ_OZ017714.1;NZ_OZ034695.1;NZ_OZ034701.1;NZ_OZ034712.1;NZ_OZ034713.1;NZ_OZ034717.1;NZ_OZ034720.1;NZ_OZ034763.1;NZ_OZ034764.1;NZ_OZ034769.1;NZ_OZ034773.1;NZ_OZ034779.1;NZ_OZ034785.1;NZ_OZ034792.1;NZ_OZ034796.1;NZ_OZ034998.1;NZ_OZ035007.1;NZ_OZ195518.1;OX366363.1;OZ034697.1	5	5	581	644	644	644	98.795	98.795	0.9969969969969969969969969970	0.9969969969969969969969969970	1-332	NZ_OZ035002.1	0	0											24	24	601	666	666	666	100.000	100.000	1	1	1-333	CP091195.1;NZ_OU909470.1;OU953855.1
G165b18598bc88f4281dc2406	Pb3f06ba9a36b08c87a7cccb2	Idmon_fujianana	A_only	A	0	0	0	0	d1f3350f6106aa13c649cddae7269b147a3795ee03847db76cbfd9ddbffe29d4					0	1	False	NOT_ASSIGNED	32	32	747	828	828	828	100.000	100.000	1	1	1-414	CP003884.1;NZ_CP041215.1;NZ_OX366332.1;NZ_OX366352.1;NZ_OX366353.1;NZ_OX366359.1;NZ_OX366397.1;NZ_OZ034713.1;NZ_OZ034764.1;NZ_OZ034769.1;NZ_OZ034773.1	0	0											0	0											2	2	735	814	814	814	99.517	99.517	1	1	1-414	NZ_CP110359.1;NZ_OU909470.1
G2e6936f83373007617499e30	Pb53b4d94c05a6d484ec8e538	Idmon_fujianana	A_only	A	0	0	0	0	d80d4819e32f129f3f2cee80595291ad16017ba7fe274f88394c5a99b1cb2dad					0	1	False	NOT_ASSIGNED	32	32	785	870	870	870	100.000	100.000	1	1	1-435	CP003884.1;NZ_CP054598.1;NZ_OX366332.1;NZ_OX366353.1;NZ_OX366359.1;NZ_OX366397.1;NZ_OZ034713.1;NZ_OZ034764.1;NZ_OZ034769.1;NZ_OZ034773.1	0	0											0	0											3	3	764	846	846	846	99.080	99.080	1	1	1-435	NZ_OU909470.1
G17e9f3823167d922d87ca85c	Pbf111878b49f8635cfc0b308	Idmon_fujianana	A_only	A	0	0	0	0	3934283253a0053603b857362c80f04f2c5da042c3ecc971bd4ad5e6a0f15672	-68	-75	-0.08651399491094147582697201018	1	0	0	False	NOT_ASSIGNED	53	53	1414	1567	1567	1567	99.873	99.873	1	1	1-786	CP003884.1;NZ_CP041215.1;NZ_OX366332.1;NZ_OX366352.1;NZ_OX366353.1;NZ_OX366397.1;NZ_OZ034713.1;NZ_OZ034769.1;NZ_OZ034773.1	2	2	1346	1492	1492	1492	97.964	97.964	1	1	1-786	NZ_OZ034708.1	0	0											11	11	1311	1453	1453	1453	97.066	97.066	0.9974554707379134860050890585	0.9974554707379134860050890585	1-784	NZ_CP110359.1
Gd59afbdb7d2d1994c9c50fcb	Pbfb42565c9fa797dd31365b6	Idmon_fujianana	A_only	A	0	0	0	0	18a075c8af9e5f6e9669dd82cd8cd9e2588d606583a4f1f39c6a8685c2c4d413	-17	-19	-0.01402640264026402640264026403	1	0	0	False	NOT_ASSIGNED	87	87	2186	2424	2424	2424	100.000	100.000	1	1	1-1212	CP003884.1;NZ_CP041215.1;NZ_OX366332.1;NZ_OX366352.1;NZ_OX366397.1;NZ_OZ034713.1;NZ_OZ034764.1;NZ_OZ034769.1;NZ_OZ034773.1;NZ_OZ034792.1	69	69	2169	2405	2405	2405	99.752	99.752	1	1	1-1212	NZ_OZ035002.1	0	0											30	30	2182	2419	2419	2419	99.917	99.917	1	1	1-1212	NZ_CP090902.1;NZ_CP136587.1;OX384028.1
Gd2fb5c734e58a2c8617d834b	Pc399a2889a3327696ebea158	Idmon_fujianana	A_only	A	0	0	0	1	e5c670b545dfab49a5df0ffda3b8aa12fbe91b0c957a58879f15bcb061c5b9a9	-1703	-1889	-0.8215147129763627592860588519	0	0	0	False	NOT_ASSIGNED	47	47	3733	4139	4139	4139	99.952	99.952	1	1	1-2073	NZ_OZ034769.1	1	1	2030	2250	2250	2250	90.235	90.235	0.6473709599614085865894838398	0.6473709599614085865894838398	1-1342	NZ_OZ035002.1	0	0											13	13	3333	3695	3695	3695	93.382	93.382	1	1	1-2073	OU953855.1
G0cfe4316ad0735b2152c2d1d	Pcd189dc1eefba4ae08285709	Idmon_fujianana	A_only	A	0	0	0	0	989ee06912f065deac462a00378f0d7aad13a7092b5a2a4d7e3e26423014f6d0	-23	-25	-0.02203065134099616858237547893	1	0	0	False	NOT_ASSIGNED	87	85	1879	2083	2083	2083	99.904	99.904	1	1	1-1044	CP003884.1;NZ_CP041215.1;NZ_OX366352.1;NZ_OX366359.1;NZ_OX366387.1;NZ_OZ017714.1;NZ_OZ025779.1;NZ_OZ034695.1;NZ_OZ034763.1;NZ_OZ034764.1;NZ_OZ034769.1;NZ_OZ034792.1;NZ_OZ034793.1	5	5	1856	2058	2058	2058	99.425	99.425	1	1	1-1044	NZ_OZ035002.1	0	0											22	20	1870	2073	2073	2073	99.713	99.713	1	1	1-1044	NZ_CP110359.1
Gf830fcf2f4c1730df06624a4	Pd361fb920038257624d583f4	Idmon_fujianana	A_only	A	0	0	0	0	4f19a8415044f384e762b40ed923622ac516963d0bdc3d3aa9e50d6f43871ea2					0	1	False	NOT_ASSIGNED	25	25	720	798	798	798	100.000	100.000	1	1	1-399	CP003884.1;CP042904.1;NZ_CP041215.1;NZ_OX366327.1;NZ_OX366332.1;NZ_OX366352.1;NZ_OX366353.1;NZ_OX366359.1;NZ_OX366375.1;NZ_OX366389.1;NZ_OX366397.1;NZ_OX366398.1;NZ_OZ034712.1;NZ_OZ034713.1;NZ_OZ034764.1;NZ_OZ034769.1;NZ_OZ034773.1;NZ_OZ034779.1;NZ_OZ034792.1;NZ_OZ034796.1;NZ_OZ195515.1;NZ_OZ195518.1;OZ034697.1	0	0											0	0											1	1	624	691	691	691	94.724	94.724	0.9974937343358395989974937343	0.9974937343358395989974937343	2-399	NZ_OZ195521.1
G40016a83a881e2d2b715a87a	Pda2dffc75bee2718e9054d16	Idmon_fujianana	A_only	A	0	0	0	0	58011873e3b2f00260f99821a0fa47995be265d78c31d2d9f5cb4cadaa8d1dad	-2424	-2688	-1.260530421216848673946957878	0	0	0	False	NOT_ASSIGNED	37	37	3464	3841	3841	3841	99.948	99.948	1	1	1-1923	NZ_OX366327.1;NZ_OX366332.1;NZ_OX366352.1;NZ_OX366359.1;NZ_OZ034764.1;NZ_OZ034769.1;NZ_OZ034792.1	1	1	1040	1153	1153	1153	76.764	76.764	0.7171086843473738949557982319	0.7171086843473738949557982319	1-1379	NZ_OZ181655.1	0	0											3	3	2931	3250	3250	3250	93.747	93.747	1	1	1-1923	CP091195.1
G97518b33360fd5e35f7f79b5	Pdd5c78cc55f1937e37fb3db7	Idmon_fujianana	A_only	A	0	0	0	0	365ef1987c3bf255e29631a776a9762e2ad00a7b6ddbe8c57fcde7a501f39ee4	-18	-20	-0.02803738317757009345794392523	1	0	0	False	NOT_ASSIGNED	80	80	1159	1284	1284	1284	100.000	100.000	1	1	1-642	NZ_CP041215.1;NZ_OX366326.1;NZ_OX366332.1;NZ_OX366351.1;NZ_OX366352.1;NZ_OX366353.1;NZ_OX366397.1;NZ_OX366400.1;NZ_OZ014602.1;NZ_OZ034690.1;NZ_OZ034713.1;NZ_OZ034716.1;NZ_OZ034726.1;NZ_OZ034762.1;NZ_OZ034764.1;NZ_OZ034769.1;NZ_OZ034773.1;NZ_OZ034792.1;NZ_OZ187004.1;NZ_OZ195525.1;OZ034694.1	1	1	1141	1264	1264	1264	99.377	99.377	1	1	1-642	NZ_OZ035002.1	0	0											15	15	1145	1269	1269	1269	99.533	99.533	1	1	1-642	NZ_CP090902.1;NZ_CP110359.1;NZ_CP136587.1;NZ_CP157591.1;NZ_CP170632.1;NZ_CP175927.1;OX384028.1
Gcbfcb8dbefa122866066cdf7	Pfa51b8e46837a9b1625cc8c5	Idmon_fujianana	A_only	A	0	0	0	1	4187862981802a89517c70911e1a937a05cc2dd19b4a716b57702be67830ed6c	-320	-355	-0.09259259259259259259259259259	1	0	0	False	NOT_ASSIGNED	87	87	6233	6912	6912	6912	100.000	100.000	1	1	1-3456	NZ_OX366359.1;NZ_OX366397.1;NZ_OZ034773.1	13	13	5913	6557	6557	6557	97.946	97.946	1	1	1-3456	NZ_OZ035002.1	0	0											27	27	5918	6562	6562	6562	97.975	97.975	1	1	1-3456	NZ_CP069053.1;NZ_CP069060.1;NZ_CP136587.1;NZ_CP175927.1
G55a531744b93849504bce0e5	Pfd55ca99eaf0d62d7a09bf25	Idmon_fujianana	A_only	A	0	0	0	0	1ed3704cf0b4f2f7f6a02c770aab99aa12963364842fe710073cc797844e2a20	-81	-90	-0.2477064220183486238532110092	0	0	0	False	NOT_ASSIGNED	47	47	590	654	654	654	100.000	100.000	1	1	1-327	CP003884.1;NZ_CP041215.1;NZ_OX366352.1;NZ_OX366353.1;NZ_OX366359.1;NZ_OX366397.1;NZ_OZ034713.1;NZ_OZ034720.1;NZ_OZ034764.1;NZ_OZ034769.1;NZ_OZ034773.1;NZ_OZ034792.1	2	2	509	564	564	564	96.203	96.203	0.9663608562691131498470948012	0.9663608562691131498470948012	1-316	NZ_OZ181655.1	0	0											4	4	545	604	604	604	97.546	97.546	0.9938837920489296636085626911	0.9938837920489296636085626911	1-325	NZ_CP175923.1
Gc15ec0c826bf69bf683c9474	P0c73e7dda09d8a40b8e20092	Isoteinon_lamprospilus	B_only	B	1	0	1	0	b1521d76edda502b593d23a8d0791d348bbc7be62de44c9d427dc3bbac12a551	27	30	0.05084745762711864406779661017	0	0	0	False	NOT_ASSIGNED	3	3	931	1032	1032	1032	100.000	100.000	0.9717514124293785310734463277	0.9717514124293785310734463277	16-531	NZ_OZ034991.1	67	67	958	1062	1062	1062	100.000	100.000	1	1	1-531	NZ_OZ034723.1	0	0											7	7	931	1032	1032	1032	100.000	100.000	0.9717514124293785310734463277	0.9717514124293785310734463277	16-531	NZ_CP087954.1;NZ_CP092526.1;NZ_CP192272.1
G256843bda8c2b7cfea217d6f	P1440feb117cd723f6abb3813	Isoteinon_lamprospilus	AB_unknown_tie	A;B;unknown	0	0	0	0	c4275813fb11a640eb221025d94824ee12f702727b1115a1a598b255a16bb3af	0	0	0	1	0	0	False	NOT_ASSIGNED	113	113	4513	5004	5004	5004	100.000	100.000	1	1	1-2502	NZ_OZ034991.1	73	73	4513	5004	5004	5004	100.000	100.000	1	1	1-2502	NZ_OX366328.1;NZ_OX366329.1;NZ_OX366340.1;NZ_OX366358.1;NZ_OX366361.1;NZ_OX366365.1;NZ_OZ034698.1;NZ_OZ034705.1;NZ_OZ034723.1;NZ_OZ034751.1;NZ_OZ034777.1;NZ_OZ034799.1;NZ_OZ034910.1;NZ_OZ034914.1;NZ_OZ077190.1;NZ_OZ195524.1;NZ_OZ238265.1	0	0											47	47	4513	5004	5004	5004	100.000	100.000	1	1	1-2502	NZ_CP021120.1;NZ_CP087954.1;NZ_CP092526.1
Gea71383894fe24b6222938e5	P1b1b9bd92b6d337fd150f16a	Isoteinon_lamprospilus	AB_unknown_tie	A;B;unknown	0	0	0	0	5a421f7f6f5d3cb3673dd6c4696ee7d989832ee807ef8e962da667c586d3f09a	0	0	0	1	0	0	False	NOT_ASSIGNED	32	32	2370	2628	2628	2628	100.000	100.000	1	1	1-1314	NZ_OZ034991.1	71	71	2370	2628	2628	2628	100.000	100.000	1	1	1-1314	NZ_OX366317.1;NZ_OX366321.1;NZ_OX366322.1;NZ_OX366323.1;NZ_OX366328.1;NZ_OX366330.1;NZ_OX366331.1;NZ_OX366336.1;NZ_OX366337.1;NZ_OX366340.1;NZ_OX366343.1;NZ_OX366346.1;NZ_OX366358.1;NZ_OX366361.1;NZ_OX366365.1;NZ_OX366373.1;NZ_OX366386.1;NZ_OX366392.1;NZ_OX366401.1;NZ_OZ034698.1;NZ_OZ034705.1;NZ_OZ034718.1;NZ_OZ034723.1;NZ_OZ034751.1;NZ_OZ034752.1;NZ_OZ034765.1;NZ_OZ034771.1;NZ_OZ034783.1;NZ_OZ034789.1;NZ_OZ034799.1;NZ_OZ034910.1;NZ_OZ034914.1;NZ_OZ077190.1;NZ_OZ195524.1;NZ_OZ238265.1	0	0											27	27	2370	2628	2628	2628	100.000	100.000	1	1	1-1314	NZ_CP021120.1;NZ_CP087954.1;NZ_CP092526.1
G7d40f843337dee349627dc14	P1b45d62aeeff39a57fb5f62e	Isoteinon_lamprospilus	AB_unknown_tie	A;B;unknown	0	0	0	0	035663bf4f4aff0f1b1fee3fad1f69b6bc016f4493400a0f7c9e5d85e075915f	0	0	0	1	0	0	False	NOT_ASSIGNED	14	14	1981	2196	2196	2196	100.000	100.000	1	1	1-1098	NZ_OZ034991.1	69	69	1981	2196	2196	2196	100.000	100.000	1	1	1-1098	NZ_OX366321.1;NZ_OX366323.1;NZ_OX366330.1;NZ_OX366331.1;NZ_OX366340.1;NZ_OX366346.1;NZ_OX366358.1;NZ_OX366361.1;NZ_OX366365.1;NZ_OX366394.1;NZ_OZ034689.1;NZ_OZ034698.1;NZ_OZ034705.1;NZ_OZ034751.1;NZ_OZ034799.1;NZ_OZ077190.1;NZ_OZ238265.1	0	0											16	16	1981	2196	2196	2196	100.000	100.000	1	1	1-1098	NZ_CP087954.1
Ga28beeb94284f7b7883f11b9	P1c6d0324297a9a0d8c4410e8	Isoteinon_lamprospilus	AB_unknown_tie	A;B;unknown	0	0	0	0	8c9764015c18d769203d9f1903bd1b303c84f7b06da2e19096d9dca50386f3c2	0	0	0	1	0	0	False	NOT_ASSIGNED	8	8	688	762	762	762	100.000	100.000	1	1	1-381	NZ_OZ034991.1	71	70	688	762	762	762	100.000	100.000	1	1	1-381	NC_010981.1;NZ_OX366317.1;NZ_OX366328.1;NZ_OX366329.1;NZ_OX366330.1;NZ_OX366336.1;NZ_OX366337.1;NZ_OX366340.1;NZ_OX366343.1;NZ_OX366358.1;NZ_OX366361.1;NZ_OX366365.1;NZ_OX366373.1;NZ_OX366386.1;NZ_OX366392.1;NZ_OX366394.1;NZ_OX366401.1;NZ_OZ034689.1;NZ_OZ034698.1;NZ_OZ034705.1;NZ_OZ034723.1;NZ_OZ034751.1;NZ_OZ034752.1;NZ_OZ034765.1;NZ_OZ034771.1;NZ_OZ034777.1;NZ_OZ034783.1;NZ_OZ034789.1;NZ_OZ034795.1;NZ_OZ034799.1;NZ_OZ034914.1;NZ_OZ077190.1;NZ_OZ195524.1;NZ_OZ238265.1	0	0											16	15	688	762	762	762	100.000	100.000	1	1	1-381	NZ_CP021120.1;NZ_CP087954.1;NZ_CP092526.1
G22c5aea74644942fb02544bc	P22c5aea74644942fb02544bc	Isoteinon_lamprospilus	AB_unknown_tie	A;B;unknown	0	0	0	1	608ce2aadd8b47af7ce8f807d8684a98d4d596126739c836f9f5cec4845480f5	0	0	0	1	0	0	False	NOT_ASSIGNED	114	113	3350	3714	3714	3714	100.000	100.000	1	1	1-1857	NZ_OZ034991.1	74	74	3350	3714	3714	3714	100.000	100.000	1	1	1-1857	NZ_OX366328.1;NZ_OX366329.1;NZ_OX366330.1;NZ_OX366336.1;NZ_OX366337.1;NZ_OX366340.1;NZ_OX366343.1;NZ_OX366358.1;NZ_OX366361.1;NZ_OX366365.1;NZ_OX366373.1;NZ_OX366386.1;NZ_OX366394.1;NZ_OX366401.1;NZ_OZ034689.1;NZ_OZ034698.1;NZ_OZ034705.1;NZ_OZ034723.1;NZ_OZ034751.1;NZ_OZ034752.1;NZ_OZ034754.1;NZ_OZ034765.1;NZ_OZ034771.1;NZ_OZ034783.1;NZ_OZ034789.1;NZ_OZ034799.1;NZ_OZ034914.1;NZ_OZ077190.1;NZ_OZ195524.1;NZ_OZ238265.1	1	1	2250	2494	2494	2494	86.861	86.861	1	1	1-1857	NZ_OZ034692.1	51	50	3350	3714	3714	3714	100.000	100.000	1	1	1-1857	NZ_CP087954.1;NZ_CP092526.1
G87df8293afd62c083bb4bf1e	P2334edc5add04f8c7e6edc90	Isoteinon_lamprospilus	AB_unknown_tie	A;B;unknown	0	0	0	0	0874cf997dba2a03605ba34f40dfe1d8b702777e65f433c5ae9dc50f5c2de34a	0	0	0	1	0	0	False	NOT_ASSIGNED	3	3	1332	1476	1476	1476	100.000	100.000	1	1	1-738	NZ_OZ034991.1	71	71	1332	1476	1476	1476	100.000	100.000	1	1	1-738	NZ_OX366330.1;NZ_OX366340.1;NZ_OX366358.1;NZ_OX366361.1;NZ_OX366365.1;NZ_OZ034698.1;NZ_OZ034705.1;NZ_OZ034751.1;NZ_OZ034799.1;NZ_OZ077190.1;NZ_OZ238265.1	0	0											15	15	1332	1476	1476	1476	100.000	100.000	1	1	1-738	NZ_CP087954.1
G34f38dccfa561c88d81ad8f2	P23e7a20ecc5930faafdadf7b	Isoteinon_lamprospilus	AB_tie	A;B	0	0	0	1	b5b5ce0d4d97080a85c58a3c3ac3214d5ea5101c4cd7ab82fb5f6ba5ceb21c0e	0	0	0	1	0	0	False	NOT_ASSIGNED	114	113	2603	2886	2886	2886	100.000	100.000	1	1	1-1443	NZ_OZ034991.1	74	74	2603	2886	2886	2886	100.000	100.000	1	1	1-1443	NZ_OX366330.1;NZ_OX366340.1;NZ_OX366358.1;NZ_OX366365.1;NZ_OZ034698.1;NZ_OZ034705.1;NZ_OZ034751.1;NZ_OZ034799.1;NZ_OZ077190.1;NZ_OZ238265.1	1	1	1647	1826	1826	1826	85.308	85.308	1	1	1-1443	NZ_OZ034692.1	51	50	2599	2881	2881	2881	99.931	99.931	1	1	1-1443	NZ_CP087954.1
Gc1df84cc8521e4e967325bb5	P3401dac7e10825aca4057dca	Isoteinon_lamprospilus	AB_unknown_tie	A;B;unknown	0	0	0	0	fe2ec930449ef2b6a381dfbf478b39ff18f1ac63e7a2ca8ba611575e89ea92ed	0	0	0	1	0	0	False	NOT_ASSIGNED	3	3	650	720	720	720	100.000	100.000	1	1	1-360	NZ_OZ034991.1	71	71	650	720	720	720	100.000	100.000	1	1	1-360	NZ_OX366321.1;NZ_OX366323.1;NZ_OX366330.1;NZ_OX366331.1;NZ_OX366336.1;NZ_OX366337.1;NZ_OX366340.1;NZ_OX366343.1;NZ_OX366346.1;NZ_OX366358.1;NZ_OX366360.1;NZ_OX366361.1;NZ_OX366365.1;NZ_OX366373.1;NZ_OX366386.1;NZ_OX366394.1;NZ_OX366401.1;NZ_OZ034689.1;NZ_OZ034698.1;NZ_OZ034705.1;NZ_OZ034718.1;NZ_OZ034751.1;NZ_OZ034752.1;NZ_OZ034765.1;NZ_OZ034777.1;NZ_OZ034783.1;NZ_OZ034789.1;NZ_OZ034795.1;NZ_OZ034799.1;NZ_OZ034910.1;NZ_OZ077190.1;NZ_OZ238265.1	0	0											14	14	650	720	720	720	100.000	100.000	1	1	1-360	NZ_CP021120.1;NZ_CP087954.1
G740dc6f858847cca347719d0	P507058803c71333cf0b9f49f	Isoteinon_lamprospilus	AB_unknown_tie	A;B;unknown	0	0	0	0	835152585ed467696d3173e56600cefe968ee926d3760bb9dfb142f83ae745bc	0	0	0	1	0	0	False	NOT_ASSIGNED	113	113	1375	1524	1524	1524	100.000	100.000	1	1	1-762	NZ_OZ034991.1	74	74	1375	1524	1524	1524	100.000	100.000	1	1	1-762	NZ_OX366328.1;NZ_OX366329.1;NZ_OX366330.1;NZ_OX366340.1;NZ_OX366358.1;NZ_OX366361.1;NZ_OX366365.1;NZ_OZ034698.1;NZ_OZ034705.1;NZ_OZ034723.1;NZ_OZ034751.1;NZ_OZ034754.1;NZ_OZ034777.1;NZ_OZ034799.1;NZ_OZ034910.1;NZ_OZ077190.1;NZ_OZ195524.1;NZ_OZ238265.1	1	1	713	790	790	790	81.793	81.793	0.9514435695538057742782152231	0.9514435695538057742782152231	32-756	NZ_OZ034692.1	51	51	1375	1524	1524	1524	100.000	100.000	1	1	1-762	NZ_CP021120.1;NZ_CP087954.1;NZ_CP092526.1
G25d3103b731e2cb14cf8f723	P52a038d73fbb0dc2fce63fa2	Isoteinon_lamprospilus	AB_unknown_tie	A;B;unknown	0	0	0	1	b6b5cfe936374d4a531a551d881888878139174c0b54ba442a52e10f9bd40c13	0	0	0	1	0	0	False	NOT_ASSIGNED	81	79	1981	2196	2196	2196	100.000	100.000	1	1	1-1098	NZ_OZ034991.1	35	35	1981	2196	2196	2196	100.000	100.000	1	1	1-1098	NC_010981.1;NZ_OX366330.1;NZ_OX366335.1;NZ_OX366340.1;NZ_OX366341.1;NZ_OX366345.1;NZ_OX366358.1;NZ_OX366361.1;NZ_OX366365.1;NZ_OX366382.1;NZ_OX366391.1;NZ_OX366394.1;NZ_OZ034689.1;NZ_OZ034698.1;NZ_OZ034700.1;NZ_OZ034703.1;NZ_OZ034705.1;NZ_OZ034751.1;NZ_OZ034777.1;NZ_OZ034799.1;NZ_OZ077190.1;NZ_OZ238265.1;OX366384.1	0	0											20	19	1981	2196	2196	2196	100.000	100.000	1	1	1-1098	NZ_CP087954.1
G642aafeefb367660a9b78c39	P642aafeefb367660a9b78c39	Isoteinon_lamprospilus	AB_unknown_tie	A;B;unknown	0	0	0	1	1b09f19ce310bdb3c7b07fed6ca455861f952c8d10f8b934b276c27ebbedb07c	0	0	0	1	0	0	False	NOT_ASSIGNED	114	113	2500	2772	2772	2772	100.000	100.000	1	1	1-1386	NZ_OZ034991.1	74	74	2500	2772	2772	2772	100.000	100.000	1	1	1-1386	NC_010981.1;NZ_OX366317.1;NZ_OX366322.1;NZ_OX366330.1;NZ_OX366340.1;NZ_OX366358.1;NZ_OX366361.1;NZ_OX366365.1;NZ_OX366392.1;NZ_OX366394.1;NZ_OZ034689.1;NZ_OZ034698.1;NZ_OZ034705.1;NZ_OZ034751.1;NZ_OZ034799.1;NZ_OZ077190.1;NZ_OZ238265.1	1	1	1453	1611	1611	1611	83.467	83.467	0.9906204906204906204906204906	0.9906204906204906204906204906	1-1373	NZ_OZ034692.1	51	50	2500	2772	2772	2772	100.000	100.000	1	1	1-1386	NZ_CP087954.1;NZ_CP192272.1
G3eae2759f56e0f05e569c180	P72ae142d3355c55e688b5d5c	Isoteinon_lamprospilus	AB_unknown_tie	A;B;unknown	0	0	0	0	75b762e19f2760861f9d88c86c5fffd6092716966d3498e8d1159c3353b8e5eb	0	0	0	1	0	0	False	NOT_ASSIGNED	4	4	1440	1596	1596	1596	100.000	100.000	1	1	1-798	NZ_OZ034991.1	69	69	1440	1596	1596	1596	100.000	100.000	1	1	1-798	NZ_OX366317.1;NZ_OX366321.1;NZ_OX366322.1;NZ_OX366328.1;NZ_OX366329.1;NZ_OX366330.1;NZ_OX366331.1;NZ_OX366340.1;NZ_OX366346.1;NZ_OX366358.1;NZ_OX366360.1;NZ_OX366361.1;NZ_OX366365.1;NZ_OX366392.1;NZ_OX366394.1;NZ_OZ034689.1;NZ_OZ034698.1;NZ_OZ034705.1;NZ_OZ034718.1;NZ_OZ034723.1;NZ_OZ034751.1;NZ_OZ034754.1;NZ_OZ034777.1;NZ_OZ034795.1;NZ_OZ034799.1;NZ_OZ034910.1;NZ_OZ034914.1;NZ_OZ077190.1;NZ_OZ195524.1;NZ_OZ238265.1	0	0											13	13	1440	1596	1596	1596	100.000	100.000	1	1	1-798	NZ_CP087954.1;NZ_CP092526.1
Gfa6f9f682d2adeb5092dd199	P8fcb3dea8eb09c45fa38015a	Isoteinon_lamprospilus	AB_unknown_tie	A;B;unknown	0	0	0	0	a398c77e9b187d95a6a51a52493a89812e772d9ef15ee8eb1b2e0ef9bf1475f7	0	0	0	1	0	0	False	NOT_ASSIGNED	113	113	2814	3120	3120	3120	100.000	100.000	1	1	1-1560	NZ_OZ034991.1	74	74	2814	3120	3120	3120	100.000	100.000	1	1	1-1560	NZ_OX366321.1;NZ_OX366323.1;NZ_OX366330.1;NZ_OX366331.1;NZ_OX366340.1;NZ_OX366346.1;NZ_OX366358.1;NZ_OX366361.1;NZ_OX366365.1;NZ_OZ034698.1;NZ_OZ034705.1;NZ_OZ034751.1;NZ_OZ034754.1;NZ_OZ034777.1;NZ_OZ034799.1;NZ_OZ034910.1;NZ_OZ077190.1;NZ_OZ238265.1	1	1	1479	1639	1639	1639	80.735	80.735	1	1	1-1560	NZ_OZ034692.1	49	49	2814	3120	3120	3120	100.000	100.000	1	1	1-1560	NZ_CP087954.1
G4205260906acc093ec26071b	Pfa51b8e46837a9b1625cc8c5	Isoteinon_lamprospilus	AB_unknown_tie	A;B;unknown	0	0	0	1	b6123879d588ddb65d2313aa6f90fd2c12a9800dae59b2676b42ae181a0ada9e	0	0	0	1	0	0	False	NOT_ASSIGNED	44	44	5806	6438	6438	6438	100.000	100.000	1	1	1-3219	NZ_OZ034991.1	74	73	5806	6438	6438	6438	100.000	100.000	1	1	1-3219	NZ_OX366336.1;NZ_OX366337.1;NZ_OX366340.1;NZ_OX366361.1;NZ_OX366365.1;NZ_OX366373.1;NZ_OX366394.1;NZ_OX366401.1;NZ_OZ034689.1;NZ_OZ034698.1;NZ_OZ034705.1;NZ_OZ034751.1;NZ_OZ034752.1;NZ_OZ034765.1;NZ_OZ034771.1;NZ_OZ034783.1;NZ_OZ034789.1;NZ_OZ034799.1;NZ_OZ077190.1	1	1	3813	4228	4228	4228	86.297	86.297	0.9944082013047530288909599254	0.9944082013047530288909599254	1-3201	NZ_OZ034692.1	39	39	5806	6438	6438	6438	100.000	100.000	1	1	1-3219	NZ_CP087954.1
G0294554494f5a8cec05865fd	P0294554494f5a8cec05865fd	Matapa_druna	A_only	A	0	0	0	0	4e0275b233849f065c211fe603976e8ea940c201a1f4c22527f651875f01dbf1	-9	-10	-0.006134969325153374233128834356	1	0	0	False	NOT_ASSIGNED	82	82	2646	2934	2934	2934	100.000	100.000	1	1	1-1467	NZ_CP041215.1;NZ_CP054598.1;NZ_OX366332.1;NZ_OX366352.1;NZ_OX366353.1;NZ_OX366397.1;NZ_OZ034713.1;NZ_OZ034764.1;NZ_OZ034773.1;NZ_OZ034792.1	2	2	2637	2924	2924	2924	99.864	99.864	1	1	1-1467	NZ_OZ035002.1	0	0											13	13	2642	2929	2929	2929	99.932	99.932	1	1	1-1467	NZ_CP170632.1;NZ_CP175927.1
G5caf5086387ae68fd1e73d04	P07f88e2bb1e56fb05f02e58a	Matapa_druna	A_only	A	0	0	0	0	fef582c1646815bd784c221b72ec3ead077a781d928c34dd35b6e34a2d910435	-9	-10	-0.01127819548872180451127819549	1	0	0	False	NOT_ASSIGNED	77	75	1440	1596	1596	1596	100.000	100.000	1	1	1-798	CP003884.1;NZ_OX366332.1;NZ_OX366352.1;NZ_OX366359.1;NZ_OX366397.1;NZ_OZ034713.1;NZ_OZ034769.1;NZ_OZ034773.1;NZ_OZ034792.1	1	1	1431	1586	1586	1586	99.749	99.749	1	1	1-798	NZ_OZ035002.1	0	0											13	13	1435	1591	1591	1591	99.875	99.875	1	1	1-798	NZ_CP110359.1;OU953855.1
Gbf1c9938085f9347530613ea	P0c624e151735e4a9fed865d5	Matapa_druna	A_only	A	0	0	0	0	466ce57dff8435b1b58a59770ce5d0c74cdc369098a7025f7b2a26f85fb8f699	-147	-163	-0.5157894736842105263157894737	0	0	0	False	NOT_ASSIGNED	55	55	515	570	570	570	100.000	100.000	1	1	1-285	CP003884.1;NZ_OX366332.1;NZ_OX366352.1;NZ_OX366353.1;NZ_OX366359.1;NZ_OX366397.1;NZ_OZ034764.1;NZ_OZ034792.1	71	71	368	407	407	407	96.018	96.018	0.7929824561403508771929824561	0.7929824561403508771929824561	16-241	NZ_OZ181655.1	0	0											36	36	510	565	565	565	99.649	99.649	1	1	1-285	NZ_CP110359.1
G6c454cec4a294d325b77f0a1	P0f7e8941919e9b634eb350c7	Matapa_druna	A_only	A	0	0	0	0	bc2a3250a5d899db7839c72b92e1c066526c443d5a29b366b384b028748e6f5b	-118	-130	-0.1293859649122807017543859649	1	0	0	False	NOT_ASSIGNED	113	108	1644	1822	1822	1822	100.000	100.000	0.9989035087719298245614035088	0.9989035087719298245614035088	1-911	CP003884.1;NZ_OX366332.1;NZ_OX366397.1;NZ_OZ034713.1;NZ_OZ034764.1;NZ_OZ034773.1;NZ_OZ034792.1	73	73	1526	1692	1692	1692	97.146	97.146	0.9989035087719298245614035088	0.9989035087719298245614035088	1-911	NZ_OZ035002.1	1	1	901	998	998	998	82.202	82.202	0.9857456140350877192982456140	0.9857456140350877192982456140	13-911	NZ_OZ034692.1	40	40	1639	1817	1817	1817	99.890	99.890	0.9989035087719298245614035088	0.9989035087719298245614035088	1-911	NZ_CP110359.1
G7970c18960438bb7d3548f91	P105e81cadb13fa73bec24ff5	Matapa_druna	A_only	A	0	0	0	0	e12c007dda73e93f631432ed252e6a2449911bec90138e5d9faf7e74adfea80a	-3767	-4178	-1.220278587625526401036605118	0	0	0	False	NOT_ASSIGNED	33	33	5559	6164	6164	6164	99.935	99.935	1	1	1-3087	NZ_OZ034769.1	1	1	1792	1986	1986	1986	76.023	76.023	0.8114674441205053449951409135	0.8114674441205053449951409135	1-2505	NZ_OZ181655.1	0	0											4	4	4324	4795	4795	4795	91.266	91.266	0.9970845481049562682215743440	0.9970845481049562682215743440	1-3078	CP091195.1
G03dfa2f1b4269b7653a4cfd1	P13e05d070734305f12c2eb26	Matapa_druna	A_only	A	0	0	0	0	d3560b5d4f4c5e3743342ec2bf83a1c3967d869780e61fe291fad16d63ec5e6f	-63	-70	-0.2019230769230769230769230769	0	0	0	False	NOT_ASSIGNED	20	20	563	624	624	624	100.000	100.000	1	1	1-312	CP003884.1;NZ_CP041215.1;NZ_CP054598.1;NZ_OX366332.1;NZ_OX366352.1;NZ_OX366359.1;NZ_OX366397.1;NZ_OZ034713.1;NZ_OZ034764.1;NZ_OZ034769.1;NZ_OZ034773.1;NZ_OZ034792.1	1	1	500	554	554	554	94.654	94.654	0.9935897435897435897435897436	0.9935897435897435897435897436	1-310	NZ_OZ181655.1	0	0											2	2	540	598	598	598	97.188	97.188	1	1	1-312	NZ_OW370537.1
Ge8d47568decaa79e980c1a87	P1440feb117cd723f6abb3813	Matapa_druna	A_only	A	0	0	0	0	5d943db838ab4f06fd59b3b3f5c3f67e1a52e26a2969fd3b5899718353015d41	-366	-406	-0.1426900584795321637426900585	1	0	0	False	NOT_ASSIGNED	113	113	4622	5125	5125	5125	99.961	99.961	1	1	1-2565	NZ_CP041215.1;NZ_OX366332.1;NZ_OX366352.1;NZ_OX366397.1;NZ_OZ034713.1;NZ_OZ034764.1;NZ_OZ034792.1	73	73	4256	4719	4719	4719	96.658	96.658	1	1	1-2565	NZ_OZ034708.1	0	0											47	47	4383	4860	4860	4860	97.895	97.895	1	1	1-2565	OU953855.1
G4a4fe445f9f65f069ffcd587	P16ac9b89ff10a00bf5aef6dc	Matapa_druna	A_only	A	0	0	0	0	c3247bc8cb0f826a75ef9bc0911d32f87b97ffbc5522e90b0b540f82e3b2c53d	-4	-5	-0.008771929824561403508771929825	1	0	0	False	NOT_ASSIGNED	80	80	823	912	912	912	100.000	100.000	1	1	1-456	CP003884.1;NZ_CP041215.1;NZ_CP054598.1;NZ_OX366332.1;NZ_OX366352.1;NZ_OX366397.1;NZ_OZ034713.1;NZ_OZ034764.1;NZ_OZ034769.1;NZ_OZ034773.1;NZ_OZ034792.1	1	1	819	907	907	907	99.781	99.781	1	1	1-456	NZ_OZ035002.1	0	0											15	15	819	907	907	907	99.781	99.781	1	1	1-456	CP076228.1;NZ_CP069053.1;NZ_CP069060.1;NZ_CP090902.1;NZ_CP136586.1;NZ_CP136587.1;NZ_CP157591.1;NZ_CP170632.1;NZ_CP175927.1;OU953855.1;OX384028.1
G39688e7f020f868616d5151f	P17c4a8f0e8f2f82c6ac338cd	Matapa_druna	A_only	A	0	0	0	0	556f368fb56fe9d70dae35e6fa5972b99d69636b92a3b18eeab31ca159cc9aa9	-1033	-1145	-1.110752688172043010752688172	0	0	0	False	NOT_ASSIGNED	104	95	1678	1860	1860	1860	100.000	100.000	1	1	1-930	NZ_OZ034769.1	1	1	645	715	715	715	78.961	78.961	0.8032258064516129032258064516	0.8032258064516129032258064516	184-930	NZ_OZ035002.1	0	0											18	18	1086	1203	1203	1203	85.684	85.684	0.9989247311827956989247311828	0.9989247311827956989247311828	1-929	NZ_CP175923.1
Gb70dd05f6bb95a6ae1eafd97	P20dcc1f87621309dee9a6f80	Matapa_druna	A_only	A	0	0	0	0	d52dc30f72a49b53474e73985e9f94172f46767abd04e6cdb26aed3f01abb3c7	-42	-47	-0.03794037940379403794037940379	1	0	0	False	NOT_ASSIGNED	113	113	1988	2204	2204	2204	99.819	99.819	1	1	1-1107	CP003884.1;NZ_OX366353.1;NZ_OX366387.1;NZ_OZ034701.1;NZ_OZ034719.1;NZ_OZ034791.1	74	74	1946	2157	2157	2157	97.961	97.961	1	1	1-1107	NZ_OZ035002.1	1	1	810	897	897	897	84.048	84.048	0.6738934056007226738934056007	0.6738934056007226738934056007	358-1103	NZ_OZ034692.1	51	51	1979	2194	2194	2194	99.639	99.639	1	1	1-1107	NZ_CP069053.1;NZ_CP069060.1;NZ_CP090902.1
Gd687c04d673e1e1bd51ed7f6	P22c5aea74644942fb02544bc	Matapa_druna	A_only	A	0	0	0	1	1160bf42ac997b09c317df51f9f52a37b94024757aeba71e37ef490c1d0b2bb4	-254	-282	-0.1372231226364127498649378714	1	0	0	False	NOT_ASSIGNED	114	113	3334	3697	3697	3697	99.946	99.946	1	1	1-1851	CP003884.1;NZ_OX366332.1;NZ_OX366352.1;NZ_OX366353.1;NZ_OX366359.1;NZ_OZ034769.1;NZ_OZ034792.1	74	74	3080	3415	3415	3415	96.769	96.769	1	1	1-1851	NZ_OZ034718.1	1	1	2241	2485	2485	2485	86.753	86.753	1	1	1-1851	NZ_OZ034692.1	51	50	3080	3415	3415	3415	96.769	96.769	1	1	1-1851	NZ_CP192272.1
G4862d4566dd8d453d9f511de	P2c83049b426ff56b08fe28b0	Matapa_druna	A_only	A	0	0	0	0	b733c890d27538443e1dcb6a7ac814f3874c2c1eaf6ce0634c5447c063862504					0	1	False	NOT_ASSIGNED	30	30	2669	2959	2959	2959	99.933	99.933	1	1	1-1482	NZ_CP041215.1;NZ_OX366332.1;NZ_OX366352.1;NZ_OX366353.1;NZ_OX366397.1;NZ_OZ034764.1;NZ_OZ034769.1	0	0											0	0											0	0										
G8bdea60a6ecb5fce47b05dda	P3e4fb06e9670f3171001e548	Matapa_druna	A_unknown_tie	A;unknown	0	0	0	0	c88da66754d92c3e4978950bbb1e1ce5569cb159d223f4da32cf374d7a8ffb7d	-5	-5	-0.005393743257820927723840345200	1	0	0	False	NOT_ASSIGNED	47	47	1673	1854	1854	1854	100.000	100.000	1	1	1-927	CP003884.1;NZ_CP041215.1;NZ_OX366332.1;NZ_OX366348.1;NZ_OX366352.1;NZ_OX366359.1;NZ_OX366368.1;NZ_OX366369.1;NZ_OX366379.1;NZ_OX366387.1;NZ_OX366388.1;NZ_OX366397.1;NZ_OX366398.1;NZ_OX366399.1;NZ_OZ034713.1;NZ_OZ034769.1;NZ_OZ034773.1;NZ_OZ034779.1;NZ_OZ034793.1;NZ_OZ034796.1;NZ_OZ034913.1;NZ_OZ035007.1;NZ_OZ183482.1;OX366363.1	2	2	1668	1849	1849	1849	99.892	99.892	1	1	1-927	NZ_OZ035002.1	0	0											10	10	1673	1854	1854	1854	100.000	100.000	1	1	1-927	NZ_CP175927.1
G8b1c74bff345eb9983c723a4	P44f6e46ea2ed589cedda429f	Matapa_druna	A_only	A	0	0	0	0	ae1ce298b0744cb4d13ca1fa9e421057c1fbc7e618f91997f8e56ef16bb99a14					0	1	False	NOT_ASSIGNED	13	13	5284	5859	5859	5859	99.898	99.898	1	1	1-2937	NZ_OX366369.1;NZ_OZ034769.1	0	0											1	1	1872	2075	2075	2075	82.960	82.960	0.5948246510044262853251617297	0.5948246510044262853251617297	1191-2937	NZ_OZ034692.1	3	3	2231	2473	2473	2473	88.025	88.025	0.5948246510044262853251617297	0.5948246510044262853251617297	1191-2937	OU953855.1
G1d1a7e9ee3ba0bbf4bc74ff5	P493f6ff5725a58e31ceb52ab	Matapa_druna	A_only	A	0	0	0	0	da0d8fe005def433e13416c834351fdcaf030b88f1ec8bfd59c61c9dfede4f16	-23	-25	-0.02123730378578024007386888273	1	0	0	False	NOT_ASSIGNED	76	76	1954	2166	2166	2166	100.000	100.000	1	1	1-1083	CP003884.1;NZ_CP041215.1;NZ_OX366332.1;NZ_OX366352.1;NZ_OX366353.1;NZ_OX366397.1;NZ_OZ034713.1;NZ_OZ034764.1;NZ_OZ034769.1;NZ_OZ034773.1;NZ_OZ034792.1	1	1	1931	2141	2141	2141	99.538	99.538	1	1	1-1083	NZ_OZ035002.1	0	0											19	19	1945	2156	2156	2156	99.815	99.815	1	1	1-1083	OU953855.1
G17fd2c6c7eb7080f798ce410	P52a038d73fbb0dc2fce63fa2	Matapa_druna	A_only	A	0	0	0	1	d873f2c48b3f86e72ca919d59b2f9ab4ea8e11175e2a92763eb31cf3c8d3320f	-16	-17	-0.01453224341507720254314259764	1	0	0	False	NOT_ASSIGNED	81	79	1982	2197	2197	2197	99.909	99.909	1	1	1-1101	CP003884.1;NZ_OX366332.1;NZ_OX366352.1;NZ_OZ034713.1;NZ_OZ034764.1;NZ_OZ034769.1;NZ_OZ034773.1	35	35	1966	2180	2180	2180	99.637	99.637	1	1	1-1101	NZ_OZ035002.1	0	0											20	19	1968	2182	2182	2182	99.637	99.637	1	1	1-1101	NZ_CP069053.1;NZ_CP069060.1;NZ_CP090902.1;NZ_CP170632.1;OX384028.1
G360765e16e641a76ab4b4a85	P642aafeefb367660a9b78c39	Matapa_druna	A_only	A	0	0	0	1	8ef93ad4d9ae166d885b22092e28a20ac05c29ec5f6a938bca7d0984d0743518	-94	-105	-0.06886446886446886446886446886	0	0	0	False	NOT_ASSIGNED	114	113	2462	2730	2730	2730	100.000	100.000	1	1	1-1365	CP003884.1;NZ_CP041215.1;NZ_CP054598.1;NZ_OX366332.1;NZ_OX366352.1;NZ_OX366353.1;NZ_OX366359.1;NZ_OX366397.1;NZ_OZ034713.1;NZ_OZ034764.1;NZ_OZ034769.1;NZ_OZ034792.1	74	74	2368	2625	2625	2625	98.249	98.249	0.9985347985347985347985347985	0.9985347985347985347985347985	1-1363	NZ_OX366334.1;OX366390.1	1	1	1460	1618	1618	1618	83.988	83.988	0.9882783882783882783882783883	0.9882783882783882783882783883	1-1349	NZ_OZ034692.1	51	50	2394	2654	2654	2654	98.616	98.616	1	1	1-1365	NZ_CP110359.1
G10d9db636010392426f3de69	P6650f8af23e8baae78a43f97	Matapa_druna	A_only	A	0	0	0	0	739791e6daf7d49e7a6334ba563aead3c92b3b1c51fa4d5fec8addbff34c390c	-5	-5	-0.01400560224089635854341736695	1	0	0	False	NOT_ASSIGNED	83	83	645	714	714	714	100.000	100.000	1	1	1-357	CP003884.1;NZ_CP041215.1;NZ_CP054598.1;NZ_OX366319.1;NZ_OX366326.1;NZ_OX366332.1;NZ_OX366351.1;NZ_OX366352.1;NZ_OX366353.1;NZ_OX366387.1;NZ_OX366395.1;NZ_OX366397.1;NZ_OX366400.1;NZ_OZ014602.1;NZ_OZ034690.1;NZ_OZ034702.1;NZ_OZ034706.1;NZ_OZ034713.1;NZ_OZ034716.1;NZ_OZ034720.1;NZ_OZ034721.1;NZ_OZ034726.1;NZ_OZ034728.1;NZ_OZ034762.1;NZ_OZ034764.1;NZ_OZ034769.1;NZ_OZ034773.1;NZ_OZ034792.1;NZ_OZ034913.1;NZ_OZ187004.1;NZ_OZ195525.1	1	1	640	709	709	709	99.720	99.720	1	1	1-357	NZ_OZ035002.1	0	0											15	15	640	709	709	709	99.720	99.720	1	1	1-357	NZ_CP069053.1;NZ_CP069060.1;NZ_CP136587.1;NZ_CP170632.1;NZ_CP175927.1
Gc249bed306e250f25003152c	P69d68c4e9723a50f19464644	Matapa_druna	A_only	A	0	0	0	0	ab80c69f77b8bc3fa09fa4ce985df6c0634b94f16931671d2c51a4b0110c2d17	-45	-50	-0.03472222222222222222222222222	1	0	0	False	NOT_ASSIGNED	87	87	2338	2592	2592	2592	100.000	100.000	1	1	1-1296	NZ_CP041215.1;NZ_OX366332.1;NZ_OX366352.1;NZ_OX366397.1;NZ_OZ034713.1;NZ_OZ034764.1;NZ_OZ034769.1;NZ_OZ034773.1;NZ_OZ034792.1	2	2	2293	2542	2542	2542	99.228	99.228	1	1	1-1296	NZ_OZ035002.1	0	0											17	17	2293	2542	2542	2542	99.228	99.228	1	1	1-1296	NZ_CP069053.1;NZ_CP069060.1;NZ_CP090902.1;NZ_CP136587.1;OX384028.1
G9b96fe5c4a06932cb758fdbf	P6e77e4124db35977ff81de98	Matapa_druna	A_only	A	0	0	0	0	cdc920b1effc40c05994624fcdfd789e99db6ca0571b8fafb060f2dbc27bd75b	-277	-308	-0.5699588477366255144032921811	0	0	0	False	NOT_ASSIGNED	38	36	877	972	972	972	100.000	100.000	1	1	1-486	CP003884.1;NZ_CP041215.1;NZ_CP054557.1;NZ_OX366332.1;NZ_OX366352.1;NZ_OX366359.1;NZ_OX366397.1;NZ_OZ034706.1;NZ_OZ034769.1;NZ_OZ034773.1;NZ_OZ034791.1	1	1	600	664	664	664	100.000	100.000	0.6831275720164609053497942387	0.6831275720164609053497942387	1-332	NZ_OZ035002.1	0	0											7	5	873	967	967	967	99.794	99.794	1	1	1-486	NZ_CP157591.1
Gd6c5e0718daf32dfe238d6bc	P71bb8c7f5b149dba1c7305d5	Matapa_druna	A_only	A	0	0	0	0	bfa57ba92a0394006696778011c47a5aca0d08280bb24da885155502bd73b261	-62	-69	-0.05990338164251207729468599034	1	0	0	False	NOT_ASSIGNED	76	74	1863	2065	2065	2065	99.903	99.903	1	1	1-1035	CP003884.1;NZ_CP041215.1;NZ_CP054598.1;NZ_OX366332.1;NZ_OX366352.1;NZ_OX366397.1;NZ_OZ034713.1;NZ_OZ034769.1;NZ_OZ034792.1	1	1	1801	1996	1996	1996	97.994	97.994	1	1	1-1035	NZ_OZ035002.1	0	0											19	19	1827	2025	2025	2025	99.130	99.130	1	1	1-1035	NZ_CP170632.1
Gf71067dadd1334d24d31e513	P7b8604775adae8acd2294a64	Matapa_druna	A_only	A	0	0	0	0	9b2ccc166677e14800d34318ff481928b5ff198e3aeb20ca08299db5ffdb3540	-14	-15	-0.007843137254901960784313725490	1	0	0	False	NOT_ASSIGNED	105	105	3220	3570	3570	3570	100.000	100.000	1	1	1-1785	NZ_CP041215.1;NZ_OX366332.1;NZ_OX366352.1;NZ_OZ034764.1;NZ_OZ034769.1;NZ_OZ034792.1;OZ034697.1	2	2	3206	3555	3555	3555	99.832	99.832	1	1	1-1785	NZ_OZ035002.1	0	0											22	22	3206	3555	3555	3555	99.832	99.832	1	1	1-1785	NZ_CP069053.1;NZ_CP069060.1;NZ_CP136587.1;NZ_CP170632.1;NZ_CP175927.1;OU953855.1;OX384028.1
Geda0270ee14d64fef06ddda3	P8199b65d2f3a3eb73fd3881f	Matapa_druna	A_unknown_tie	A;unknown	0	0	0	0	8bcbeef16536f8a5a9f0e79ef5b8e7cca04cd0c9662c9a593282ad3340a3e764	-804	-892	-0.7570621468926553672316384181	0	0	0	False	NOT_ASSIGNED	20	17	1916	2124	2124	2124	100.000	100.000	1	1	1-1062	NZ_OX366327.1;NZ_OX366352.1;NZ_OX366397.1;NZ_OX366399.1;NZ_OX366400.1;NZ_OZ034713.1;NZ_OZ034769.1;NZ_OZ034773.1;NZ_OZ187004.1	2	1	1112	1232	1232	1232	92.622	92.622	0.7118644067796610169491525424	0.7118644067796610169491525424	307-1062	NZ_OX366345.1	0	0											1	1	1916	2124	2124	2124	100.000	100.000	1	1	1-1062	NZ_CP170632.1
G6ecf8934a2ff048fa72d549c	P8d6f063f581eb9f0d5456da6	Matapa_druna	A_only	A	0	0	0	0	0a4f1d88dddac9b5470c07d87bf286d9c11b7597f02cd79e2d1641736dd8ba65	-4	-5	-0.004778972520908004778972520908	1	0	0	False	NOT_ASSIGNED	77	77	1510	1674	1674	1674	100.000	100.000	1	1	1-837	CP003884.1;NZ_CP041215.1;NZ_CP054598.1;NZ_OX366319.1;NZ_OX366327.1;NZ_OX366332.1;NZ_OX366352.1;NZ_OX366359.1;NZ_OX366369.1;NZ_OX366389.1;NZ_OX366397.1;NZ_OX366398.1;NZ_OZ034702.1;NZ_OZ034713.1;NZ_OZ034719.1;NZ_OZ034721.1;NZ_OZ034764.1;NZ_OZ034769.1;NZ_OZ034773.1;NZ_OZ034779.1;NZ_OZ034792.1;NZ_OZ034796.1;NZ_OZ034913.1;NZ_OZ195515.1	1	1	1506	1669	1669	1669	99.881	99.881	1	1	1-837	NZ_OZ035002.1	0	0											13	13	1506	1669	1669	1669	99.881	99.881	1	1	1-837	CP091195.1;NZ_CP069053.1;NZ_CP069060.1;NZ_CP090902.1;NZ_CP136587.1;NZ_CP170632.1;OU953855.1;OX384028.1
Gabf96785fdb758ea0b141b8d	P8fcb3dea8eb09c45fa38015a	Matapa_druna	A_only	A	0	0	0	0	a9c14d0d3be435eb6a071c4500cb65b041cb11cec7e1075ebf4812c06a1d6d1d	-86	-95	-0.05512820512820512820512820513	1	0	0	False	NOT_ASSIGNED	113	113	2810	3115	3115	3115	99.936	99.936	1	1	1-1560	CP003884.1;NZ_OX366332.1;NZ_OX366352.1;NZ_OX366353.1;NZ_OX366359.1;NZ_OX366397.1;NZ_OZ034713.1;NZ_OZ034764.1;NZ_OZ034769.1;NZ_OZ034773.1;NZ_OZ034792.1	74	74	2724	3020	3020	3020	98.718	98.718	1	1	1-1560	NZ_OZ034708.1	1	1	1515	1679	1679	1679	81.242	81.242	1	1	1-1560	NZ_OZ034692.1	49	49	2625	2910	2910	2910	97.308	97.308	1	1	1-1560	NZ_CP102058.1
G14a58b543cf73bfc7a27eb9a	P942e1b2a3926d675d1974bf5	Matapa_druna	A_only	A	0	0	0	0	af23929326c50fb142d7910fdf6d21671df07a9af9e9e209b3c58fc12252eef9	-9	-10	-0.01224489795918367346938775510	1	0	0	False	NOT_ASSIGNED	80	80	1326	1470	1470	1470	100.000	100.000	1	1	1-735	CP003884.1;NZ_CP054598.1;NZ_OX366352.1;NZ_OX366353.1;NZ_OX366359.1;NZ_OX366397.1;NZ_OZ034713.1;NZ_OZ034764.1;NZ_OZ034769.1;NZ_OZ034773.1	1	1	1317	1460	1460	1460	99.728	99.728	1	1	1-735	NZ_OZ035002.1	0	0											15	15	1317	1460	1460	1460	99.728	99.728	1	1	1-735	NZ_CP157591.1;NZ_CP170632.1;NZ_CP175927.1
Ge83597ea104cc6dc0c2a966a	P95855010e0c2448a44e263ca	Matapa_druna	A_only	A	0	0	0	0	76d343faa6dc085104277f6f181b1af156b8dc41d8d8f5ddaf0fa906300208f4	-22	-25	-0.03395061728395061728395061728	1	0	0	False	NOT_ASSIGNED	80	80	1169	1296	1296	1296	100.000	100.000	1	1	1-648	CP003884.1;NZ_CP041215.1;NZ_CP054598.1;NZ_OX366326.1;NZ_OX366332.1;NZ_OX366351.1;NZ_OX366352.1;NZ_OX366353.1;NZ_OX366389.1;NZ_OX366397.1;NZ_OX366398.1;NZ_OX366400.1;NZ_OZ014602.1;NZ_OZ034690.1;NZ_OZ034713.1;NZ_OZ034715.1;NZ_OZ034716.1;NZ_OZ034726.1;NZ_OZ034728.1;NZ_OZ034762.1;NZ_OZ034764.1;NZ_OZ034769.1;NZ_OZ034773.1;NZ_OZ034779.1;NZ_OZ034792.1;NZ_OZ187004.1;NZ_OZ195515.1;NZ_OZ195525.1	1	1	1147	1271	1271	1271	99.228	99.228	1	1	1-648	NZ_OZ035002.1	0	0											15	15	1165	1291	1291	1291	99.846	99.846	1	1	1-648	NZ_CP110359.1;NZ_OU909470.1;OU953855.1
G730415727027a5c1bd6646aa	P9897241121f49b098577aa4d	Matapa_druna	A_only	A	0	0	0	1	378df916bdf43fbe0bc7dc0f56cc24bfac8c32b6c17f6d7e4ad8cc334a102a3b	-14	-15	-0.04093567251461988304093567251	1	0	0	False	NOT_ASSIGNED	102	90	618	684	684	684	100.000	100.000	1	1	1-342	CP003884.1;NZ_CP041215.1;NZ_CP054598.1;NZ_OX366332.1;NZ_OX366352.1;NZ_OX366353.1;NZ_OX366359.1;NZ_OX366397.1;NZ_OZ034713.1;NZ_OZ034769.1;NZ_OZ034773.1;NZ_OZ034792.1	1	1	604	669	669	669	99.123	99.123	1	1	1-342	NZ_OZ035002.1	0	0											15	14	613	679	679	679	99.708	99.708	1	1	1-342	CP091195.1;NZ_CP110359.1
Ga2bce227857811250a569cd1	Pa2bce227857811250a569cd1	Matapa_druna	A_only	A	0	0	0	0	5dd6595b77fd6d98bacaa85ca8c2d4f8ba6a85a07f09c167c064130b1236aaef	-9	-10	-0.02970297029702970297029702970	1	0	0	False	NOT_ASSIGNED	106	106	547	606	606	606	100.000	100.000	1	1	1-303	NZ_CP041215.1;NZ_CP054598.1;NZ_OX366319.1;NZ_OX366326.1;NZ_OX366332.1;NZ_OX366351.1;NZ_OX366352.1;NZ_OX366353.1;NZ_OX366356.1;NZ_OX366369.1;NZ_OX366397.1;NZ_OX366400.1;NZ_OZ014602.1;NZ_OZ034690.1;NZ_OZ034701.1;NZ_OZ034702.1;NZ_OZ034713.1;NZ_OZ034716.1;NZ_OZ034719.1;NZ_OZ034720.1;NZ_OZ034721.1;NZ_OZ034726.1;NZ_OZ034728.1;NZ_OZ034762.1;NZ_OZ034764.1;NZ_OZ034769.1;NZ_OZ034773.1;NZ_OZ034792.1;NZ_OZ034913.1;NZ_OZ187004.1;NZ_OZ195515.1;NZ_OZ195525.1	6	6	538	596	596	596	99.340	99.340	1	1	1-303	NZ_OZ035002.1	0	0											31	30	543	601	601	601	99.670	99.670	1	1	1-303	CP091195.1;NZ_CP110359.1;OU953855.1
G4e4c36846b23dfc8188f5292	Pa87d72afcf636cec7bbf5d9e	Matapa_druna	A_unknown_tie	A;unknown	0	0	0	0	dcc0dc6ce368564e82239f6cabe9ff333e7bf526507e9f29816809f18f28f7f3	-20	-22	-0.06006006006006006006006006006	0	0	0	False	NOT_ASSIGNED	104	104	601	666	666	666	100.000	100.000	1	1	1-333	NZ_CP041215.1;NZ_CP054598.1;NZ_OX366272.1;NZ_OX366327.1;NZ_OX366352.1;NZ_OX366353.1;NZ_OX366357.1;NZ_OX366359.1;NZ_OX366375.1;NZ_OX366378.1;NZ_OX366387.1;NZ_OX366388.1;NZ_OX366389.1;NZ_OX366395.1;NZ_OX366397.1;NZ_OX366398.1;NZ_OZ017714.1;NZ_OZ034695.1;NZ_OZ034701.1;NZ_OZ034712.1;NZ_OZ034713.1;NZ_OZ034717.1;NZ_OZ034720.1;NZ_OZ034763.1;NZ_OZ034764.1;NZ_OZ034769.1;NZ_OZ034773.1;NZ_OZ034779.1;NZ_OZ034785.1;NZ_OZ034792.1;NZ_OZ034796.1;NZ_OZ034998.1;NZ_OZ035007.1;NZ_OZ195518.1;OX366363.1;OZ034697.1	5	5	581	644	644	644	98.795	98.795	0.9969969969969969969969969970	0.9969969969969969969969969970	1-332	NZ_OZ035002.1	0	0											24	24	601	666	666	666	100.000	100.000	1	1	1-333	CP091195.1;NZ_OU909470.1;OU953855.1
G9e3ea5f188c8d8e0956102ba	Pb3f06ba9a36b08c87a7cccb2	Matapa_druna	A_only	A	0	0	0	0	d1f3350f6106aa13c649cddae7269b147a3795ee03847db76cbfd9ddbffe29d4					0	1	False	NOT_ASSIGNED	32	32	747	828	828	828	100.000	100.000	1	1	1-414	CP003884.1;NZ_CP041215.1;NZ_OX366332.1;NZ_OX366352.1;NZ_OX366353.1;NZ_OX366359.1;NZ_OX366397.1;NZ_OZ034713.1;NZ_OZ034764.1;NZ_OZ034769.1;NZ_OZ034773.1	0	0											0	0											2	2	735	814	814	814	99.517	99.517	1	1	1-414	NZ_CP110359.1;NZ_OU909470.1
Gc274da2ba082527d24784f1c	Pb53b4d94c05a6d484ec8e538	Matapa_druna	A_only	A	0	0	0	0	d80d4819e32f129f3f2cee80595291ad16017ba7fe274f88394c5a99b1cb2dad					0	1	False	NOT_ASSIGNED	32	32	785	870	870	870	100.000	100.000	1	1	1-435	CP003884.1;NZ_CP054598.1;NZ_OX366332.1;NZ_OX366353.1;NZ_OX366359.1;NZ_OX366397.1;NZ_OZ034713.1;NZ_OZ034764.1;NZ_OZ034769.1;NZ_OZ034773.1	0	0											0	0											3	3	764	846	846	846	99.080	99.080	1	1	1-435	NZ_OU909470.1
G36307a6c33da8e594dd73676	Pbf111878b49f8635cfc0b308	Matapa_druna	A_only	A	0	0	0	0	3934283253a0053603b857362c80f04f2c5da042c3ecc971bd4ad5e6a0f15672	-68	-75	-0.08651399491094147582697201018	1	0	0	False	NOT_ASSIGNED	53	53	1414	1567	1567	1567	99.873	99.873	1	1	1-786	CP003884.1;NZ_CP041215.1;NZ_OX366332.1;NZ_OX366352.1;NZ_OX366353.1;NZ_OX366397.1;NZ_OZ034713.1;NZ_OZ034769.1;NZ_OZ034773.1	2	2	1346	1492	1492	1492	97.964	97.964	1	1	1-786	NZ_OZ034708.1	0	0											11	11	1311	1453	1453	1453	97.066	97.066	0.9974554707379134860050890585	0.9974554707379134860050890585	1-784	NZ_CP110359.1
G3e72b0b42f0b4fd8c78cc693	Pbfb42565c9fa797dd31365b6	Matapa_druna	A_only	A	0	0	0	0	18a075c8af9e5f6e9669dd82cd8cd9e2588d606583a4f1f39c6a8685c2c4d413	-17	-19	-0.01402640264026402640264026403	1	0	0	False	NOT_ASSIGNED	87	87	2186	2424	2424	2424	100.000	100.000	1	1	1-1212	CP003884.1;NZ_CP041215.1;NZ_OX366332.1;NZ_OX366352.1;NZ_OX366397.1;NZ_OZ034713.1;NZ_OZ034764.1;NZ_OZ034769.1;NZ_OZ034773.1;NZ_OZ034792.1	69	69	2169	2405	2405	2405	99.752	99.752	1	1	1-1212	NZ_OZ035002.1	0	0											30	30	2182	2419	2419	2419	99.917	99.917	1	1	1-1212	NZ_CP090902.1;NZ_CP136587.1;OX384028.1
G64cbfac8e9883ccd03f124c0	Pc399a2889a3327696ebea158	Matapa_druna	A_only	A	0	0	0	1	db8c997bb330e73ee02bb30a4e849babc823d5577b3609e9b817f13e035255dc	-1677	-1860	-0.8160583941605839416058394161	0	0	0	False	NOT_ASSIGNED	47	47	3702	4105	4105	4105	99.951	99.951	1	1	1-2055	NZ_OZ034769.1	1	1	2025	2245	2245	2245	90.166	90.166	0.6530413625304136253041362530	0.6530413625304136253041362530	1-1342	NZ_OZ035002.1	0	0											13	13	3302	3661	3661	3661	93.324	93.324	1	1	1-2055	OU953855.1
G866389ca219ad9ad2792392c	Pcd189dc1eefba4ae08285709	Matapa_druna	A_only	A	0	0	0	0	989ee06912f065deac462a00378f0d7aad13a7092b5a2a4d7e3e26423014f6d0	-23	-25	-0.02203065134099616858237547893	1	0	0	False	NOT_ASSIGNED	87	85	1879	2083	2083	2083	99.904	99.904	1	1	1-1044	CP003884.1;NZ_CP041215.1;NZ_OX366352.1;NZ_OX366359.1;NZ_OX366387.1;NZ_OZ017714.1;NZ_OZ025779.1;NZ_OZ034695.1;NZ_OZ034763.1;NZ_OZ034764.1;NZ_OZ034769.1;NZ_OZ034792.1;NZ_OZ034793.1	5	5	1856	2058	2058	2058	99.425	99.425	1	1	1-1044	NZ_OZ035002.1	0	0											22	20	1870	2073	2073	2073	99.713	99.713	1	1	1-1044	NZ_CP110359.1
Gd361fb920038257624d583f4	Pd361fb920038257624d583f4	Matapa_druna	A_only	A	0	0	0	0	4f19a8415044f384e762b40ed923622ac516963d0bdc3d3aa9e50d6f43871ea2					0	1	False	NOT_ASSIGNED	25	25	720	798	798	798	100.000	100.000	1	1	1-399	CP003884.1;CP042904.1;NZ_CP041215.1;NZ_OX366327.1;NZ_OX366332.1;NZ_OX366352.1;NZ_OX366353.1;NZ_OX366359.1;NZ_OX366375.1;NZ_OX366389.1;NZ_OX366397.1;NZ_OX366398.1;NZ_OZ034712.1;NZ_OZ034713.1;NZ_OZ034764.1;NZ_OZ034769.1;NZ_OZ034773.1;NZ_OZ034779.1;NZ_OZ034792.1;NZ_OZ034796.1;NZ_OZ195515.1;NZ_OZ195518.1;OZ034697.1	0	0											0	0											1	1	624	691	691	691	94.724	94.724	0.9974937343358395989974937343	0.9974937343358395989974937343	2-399	NZ_OZ195521.1
G78b16a428b48908463a89953	Pda2dffc75bee2718e9054d16	Matapa_druna	A_only	A	0	0	0	0	58011873e3b2f00260f99821a0fa47995be265d78c31d2d9f5cb4cadaa8d1dad	-2424	-2688	-1.260530421216848673946957878	0	0	0	False	NOT_ASSIGNED	37	37	3464	3841	3841	3841	99.948	99.948	1	1	1-1923	NZ_OX366327.1;NZ_OX366332.1;NZ_OX366352.1;NZ_OX366359.1;NZ_OZ034764.1;NZ_OZ034769.1;NZ_OZ034792.1	1	1	1040	1153	1153	1153	76.764	76.764	0.7171086843473738949557982319	0.7171086843473738949557982319	1-1379	NZ_OZ181655.1	0	0											3	3	2931	3250	3250	3250	93.747	93.747	1	1	1-1923	CP091195.1
G2e7ee673ec80e8275ac511d5	Pdd5c78cc55f1937e37fb3db7	Matapa_druna	A_only	A	0	0	0	0	365ef1987c3bf255e29631a776a9762e2ad00a7b6ddbe8c57fcde7a501f39ee4	-18	-20	-0.02803738317757009345794392523	1	0	0	False	NOT_ASSIGNED	80	80	1159	1284	1284	1284	100.000	100.000	1	1	1-642	NZ_CP041215.1;NZ_OX366326.1;NZ_OX366332.1;NZ_OX366351.1;NZ_OX366352.1;NZ_OX366353.1;NZ_OX366397.1;NZ_OX366400.1;NZ_OZ014602.1;NZ_OZ034690.1;NZ_OZ034713.1;NZ_OZ034716.1;NZ_OZ034726.1;NZ_OZ034762.1;NZ_OZ034764.1;NZ_OZ034769.1;NZ_OZ034773.1;NZ_OZ034792.1;NZ_OZ187004.1;NZ_OZ195525.1;OZ034694.1	1	1	1141	1264	1264	1264	99.377	99.377	1	1	1-642	NZ_OZ035002.1	0	0											15	15	1145	1269	1269	1269	99.533	99.533	1	1	1-642	NZ_CP090902.1;NZ_CP110359.1;NZ_CP136587.1;NZ_CP157591.1;NZ_CP170632.1;NZ_CP175927.1;OX384028.1
Geb53352fa88bb7116f6d12ff	Pfa51b8e46837a9b1625cc8c5	Matapa_druna	A_only	A	0	0	0	1	86d454ec67b714e315fcd6b6caad8ed4bc4037b9e6dbe6f5e096586544ddb1d4	-311	-345	-0.08998842592592592592592592593	1	0	0	False	NOT_ASSIGNED	87	87	6215	6892	6892	6892	99.884	99.884	1	1	1-3456	NZ_OX366359.1;NZ_OX366397.1;NZ_OZ034773.1	13	13	5904	6547	6547	6547	97.888	97.888	1	1	1-3456	NZ_OZ035002.1	0	0											27	27	5909	6552	6552	6552	97.917	97.917	1	1	1-3456	NZ_CP069053.1;NZ_CP069060.1;NZ_CP136587.1;NZ_CP175927.1
Gf303cb3e90ad88ce521c75ea	Pfd55ca99eaf0d62d7a09bf25	Matapa_druna	A_only	A	0	0	0	0	1ed3704cf0b4f2f7f6a02c770aab99aa12963364842fe710073cc797844e2a20	-81	-90	-0.2477064220183486238532110092	0	0	0	False	NOT_ASSIGNED	47	47	590	654	654	654	100.000	100.000	1	1	1-327	CP003884.1;NZ_CP041215.1;NZ_OX366352.1;NZ_OX366353.1;NZ_OX366359.1;NZ_OX366397.1;NZ_OZ034713.1;NZ_OZ034720.1;NZ_OZ034764.1;NZ_OZ034769.1;NZ_OZ034773.1;NZ_OZ034792.1	2	2	509	564	564	564	96.203	96.203	0.9663608562691131498470948012	0.9663608562691131498470948012	1-316	NZ_OZ181655.1	0	0											4	4	545	604	604	604	97.546	97.546	0.9938837920489296636085626911	0.9938837920489296636085626911	1-325	NZ_CP175923.1
G3dca8ad0b69db7b6a9d3f710	P0294554494f5a8cec05865fd	Ochlodes_bouddha	A_unknown_tie	A;unknown	0	0	0	0	f67b6f82769ffecb759fc9b4eaec9fe5bbef65bb00ba832fff2b83b17d23d554	-4	-5	-0.002726653033401499659168370825	1	0	0	False	NOT_ASSIGNED	82	82	2646	2934	2934	2934	100.000	100.000	1	1	1-1467	CP042904.1;NZ_OX366319.1;NZ_OX366351.1;NZ_OX366368.1;NZ_OX366375.1;NZ_OX366379.1;NZ_OX366396.1;NZ_OX366399.1;NZ_OX366400.1;NZ_OZ014602.1;NZ_OZ034690.1;NZ_OZ034702.1;NZ_OZ034706.1;NZ_OZ034712.1;NZ_OZ034715.1;NZ_OZ034716.1;NZ_OZ034719.1;NZ_OZ034721.1;NZ_OZ034726.1;NZ_OZ034728.1;NZ_OZ034762.1;NZ_OZ034782.1;NZ_OZ034784.1;NZ_OZ034785.1;NZ_OZ034791.1;NZ_OZ034913.1;NZ_OZ183482.1;NZ_OZ187004.1;NZ_OZ195515.1;NZ_OZ195518.1	2	2	2642	2929	2929	2929	99.932	99.932	1	1	1-1467	NZ_OZ035002.1	0	0											13	13	2646	2934	2934	2934	100.000	100.000	1	1	1-1467	NZ_CP170632.1;NZ_CP175927.1
G0675c48295767aa3906ac372	P0675c48295767aa3906ac372	Ochlodes_bouddha	A_only	A	0	0	0	0	eeae42579afcc2023644c4a60a9217cc382ecd6b3225bf18d8288e0207290702	-31	-34	-0.01288445552784704904405652535	1	0	0	False	NOT_ASSIGNED	35	35	4318	4788	4788	4788	99.834	99.834	1	1	1-2406	NZ_OX366369.1;NZ_OZ034702.1	1	1	4287	4754	4754	4754	99.543	99.543	1	1	1-2406	NZ_OZ035002.1	0	0											4	4	4291	4758	4758	4758	99.584	99.584	1	1	1-2406	NZ_CP175927.1
G42c8bb2adceb62359699dfd4	P07f88e2bb1e56fb05f02e58a	Ochlodes_bouddha	AB_unknown_tie	A;B;unknown	0	0	0	0	fb0b8ce2c334d325dde9c22e41a89cac08e71bb96b7544b2fcefd9bbc241c49a	0	0	0	1	0	0	False	NOT_ASSIGNED	77	75	1440	1596	1596	1596	100.000	100.000	1	1	1-798	CP042904.1;NZ_OX366387.1;NZ_OX366389.1;NZ_OX366398.1;NZ_OZ034706.1;NZ_OZ034779.1;NZ_OZ035007.1;NZ_OZ195515.1;NZ_OZ195518.1	1	1	1440	1596	1596	1596	100.000	100.000	1	1	1-798	NZ_OZ035002.1	0	0											13	13	1440	1596	1596	1596	100.000	100.000	1	1	1-798	NZ_CP157591.1;NZ_CP170632.1;NZ_CP175927.1
Gd326737e602bb403b7bd2906	P105e81cadb13fa73bec24ff5	Ochlodes_bouddha	A_only	A	0	0	0	0	ecb26e664bb5cf8fe4fe8c04cfd58da65101fca8e248fd7cda1c1af80103aad7	-2700	-2994	-1.011235955056179775280898876	0	0	0	False	NOT_ASSIGNED	36	36	4488	4976	4976	4976	97.728	97.728	0.9883895131086142322097378277	0.9883895131086142322097378277	1-2639	NZ_OZ034763.1	1	1	1788	1982	1982	1982	76.081	76.081	0.9385767790262172284644194757	0.9385767790262172284644194757	1-2506	NZ_OZ181655.1	0	0											4	4	4332	4804	4804	4804	96.718	96.718	0.9805243445692883895131086142	0.9805243445692883895131086142	1-2618	CP091195.1
G1440feb117cd723f6abb3813	P1440feb117cd723f6abb3813	Ochlodes_bouddha	A_only	A	0	0	0	0	460ce75be96b8c1ad50c5dacde8e74cc95937c199e7abf21e55b001b362e02b7	-357	-396	-0.1391812865497076023391812865	1	0	0	False	NOT_ASSIGNED	112	112	4622	5125	5125	5125	99.961	99.961	1	1	1-2565	NZ_OZ034706.1	73	73	4265	4729	4729	4729	96.735	96.735	1	1	1-2565	NZ_OZ034708.1	0	0											47	47	4473	4960	4960	4960	98.674	98.674	1	1	1-2565	OU953855.1
G728aaa3fe261d21fa4706c29	P16ac9b89ff10a00bf5aef6dc	Ochlodes_bouddha	A_unknown_tie	A;unknown	0	0	0	0	85322c18c2a1ee64ffc885b3e5d170fd8e1c9c28d4f8458d834973476e347ddc	-45	-50	-0.09868421052631578947368421053	1	0	0	False	NOT_ASSIGNED	80	80	823	912	912	912	100.000	100.000	1	1	1-456	NZ_OX366387.1;NZ_OZ035007.1;NZ_OZ195515.1;OZ034694.1	1	1	778	862	862	862	97.807	97.807	1	1	1-456	NZ_OZ035002.1	0	0											15	15	823	912	912	912	100.000	100.000	1	1	1-456	NZ_CP110359.1
G01aac445558f41711e428c71	P17c4a8f0e8f2f82c6ac338cd	Ochlodes_bouddha	A_only	A	0	0	0	0	e66a7545a20e4c145170c5fb3cb47d45ee54894894341df31167000ca6db043a	-1019	-1130	-1.095698924731182795698924731	0	0	0	False	NOT_ASSIGNED	104	95	1664	1845	1845	1845	99.677	99.677	1	1	1-930	NZ_OZ034701.1	1	1	645	715	715	715	78.961	78.961	0.8032258064516129032258064516	0.8032258064516129032258064516	184-930	NZ_OZ035002.1	0	0											18	18	1081	1198	1198	1198	85.576	85.576	0.9989247311827956989247311828	0.9989247311827956989247311828	1-929	NZ_CP175923.1
G10a5770e1793aaecd4afffb1	P20dcc1f87621309dee9a6f80	Ochlodes_bouddha	A_only	A	0	0	0	0	4422dcab85a8cd1e709e9e8d48d9613ab6dae97a1b055e7372f17f1d80afb234	-5	-5	-0.004432624113475177304964539007	1	0	0	False	NOT_ASSIGNED	113	113	2035	2256	2256	2256	100.000	100.000	1	1	1-1128	NZ_OX366389.1;NZ_OZ034706.1;NZ_OZ034712.1;NZ_OZ034715.1;NZ_OZ034779.1;NZ_OZ034782.1;NZ_OZ034785.1;NZ_OZ034796.1;NZ_OZ195515.1;OX366363.1;OZ034694.1	74	74	2030	2251	2251	2251	99.911	99.911	1	1	1-1128	NZ_OZ035002.1	1	1	810	897	897	897	84.048	84.048	0.6613475177304964539007092199	0.6613475177304964539007092199	379-1124	NZ_OZ034692.1	51	51	2030	2251	2251	2251	99.911	99.911	1	1	1-1128	CP076228.1;NZ_CP175927.1;OX384028.1
Gffd2ccfbf1793b849dbc1756	P22c5aea74644942fb02544bc	Ochlodes_bouddha	A_only	A	0	0	0	1	c0822fab653f31f91161f3044d8bd683bd589f72b23284f2fac5ad330dfad531	-13	-15	-0.007034632034632034632034632035	1	0	0	False	NOT_ASSIGNED	114	113	3333	3696	3696	3696	100.000	100.000	1	1	1-1848	NZ_OX366319.1;NZ_OX366369.1;NZ_OX366387.1;NZ_OZ034702.1;NZ_OZ034706.1;NZ_OZ034721.1;NZ_OZ034913.1	74	74	3320	3681	3681	3681	99.838	99.838	1	1	1-1848	NZ_OZ035002.1	1	1	2217	2458	2458	2458	86.430	86.430	1	1	1-1848	NZ_OZ034692.1	51	50	3320	3681	3681	3681	99.838	99.838	1	1	1-1848	NZ_CP069053.1;NZ_CP069060.1;NZ_CP090902.1;NZ_CP136586.1;NZ_CP136587.1;NZ_CP157591.1;NZ_CP170632.1;NZ_CP175927.1;OX384028.1
G5525308712d9a3b311bfb637	P23e7a20ecc5930faafdadf7b	Ochlodes_bouddha	A_only	A	0	0	0	1	51a27e5c38f14880ebec20743d6a6398cb724175fe076d2093c7841b985d6d4b	-63	-70	-0.04365904365904365904365904366	1	0	0	False	NOT_ASSIGNED	114	113	2603	2886	2886	2886	100.000	100.000	1	1	1-1443	NZ_OX366319.1;NZ_OX366369.1;NZ_OX366387.1;NZ_OZ034702.1;NZ_OZ034706.1;NZ_OZ034721.1;NZ_OZ034913.1;NZ_OZ035007.1	74	74	2540	2816	2816	2816	99.030	99.030	1	1	1-1443	NZ_OZ035002.1	1	1	1646	1825	1825	1825	85.388	85.388	1	1	1-1443	NZ_OZ034692.1	51	50	2547	2824	2824	2824	99.170	99.170	1	1	1-1443	NZ_CP110359.1
G9d06d5917619c8ce0733b552	P2c83049b426ff56b08fe28b0	Ochlodes_bouddha	A_only	A	0	0	0	0	49e472fe43caf120df684c53b93c95631a792e9e8714e389c21896751d1e886d					0	1	False	NOT_ASSIGNED	30	30	2669	2959	2959	2959	99.933	99.933	1	1	1-1482	NZ_OX366387.1;NZ_OZ034706.1	0	0											0	0											0	0										
G3f523ce33e4ad045868bc117	P44f6e46ea2ed589cedda429f	Ochlodes_bouddha	A_only	A	0	0	0	0	d65c331deaf7bbb004f925030e190b7db0174c729215af849adf8d4c1823f702					0	1	False	NOT_ASSIGNED	13	13	4253	4716	4716	4716	100.000	100.000	0.9987293519695044472681067344	0.9987293519695044472681067344	4-2361	NZ_OZ035007.1	0	0											1	1	1876	2080	2080	2080	83.016	83.016	0.7399407030919102075391783143	0.7399407030919102075391783143	615-2361	NZ_OZ034692.1	3	3	2240	2483	2483	2483	88.138	88.138	0.7399407030919102075391783143	0.7399407030919102075391783143	615-2361	OU953855.1
G5d5a5b65ec39f01d4f03557e	P493f6ff5725a58e31ceb52ab	Ochlodes_bouddha	A_only	A	0	0	0	0	daf29bb772d8912e41215f28e78eb58cd6afc40369bbfb5edc224c647fdc48de	-41	-45	-0.03785780240073868882733148661	1	0	0	False	NOT_ASSIGNED	76	76	1954	2166	2166	2166	100.000	100.000	1	1	1-1083	NZ_OX366319.1;NZ_OX366369.1;NZ_OX366387.1;NZ_OZ034702.1;NZ_OZ034721.1;NZ_OZ034913.1;NZ_OZ035007.1	1	1	1913	2121	2121	2121	99.169	99.169	1	1	1-1083	NZ_OZ035002.1	0	0											19	19	1918	2126	2126	2126	99.261	99.261	1	1	1-1083	CP091195.1
G14d0d58154b9ab7a1f4c2248	P642aafeefb367660a9b78c39	Ochlodes_bouddha	A_only	A	0	0	0	1	9946cac0582336879437c62cb585a35e35099a130ca37766246def0cbab08d6c	-85	-95	-0.06227106227106227106227106227	1	0	0	False	NOT_ASSIGNED	114	113	2462	2730	2730	2730	100.000	100.000	1	1	1-1365	NZ_OZ034706.1	74	74	2377	2635	2635	2635	98.608	98.608	1	1	1-1365	NZ_OZ035002.1	1	1	1424	1578	1578	1578	83.395	83.395	0.9882783882783882783882783883	0.9882783882783882783882783883	1-1349	NZ_OZ034692.1	51	50	2377	2635	2635	2635	98.608	98.608	1	1	1-1365	CP076228.1;NZ_CP069053.1;NZ_CP069060.1;NZ_CP136587.1;NZ_CP157591.1;NZ_CP170632.1
G1cf13e75ce6ced00277ed5ce	P6650f8af23e8baae78a43f97	Ochlodes_bouddha	A_only	A	0	0	0	0	739791e6daf7d49e7a6334ba563aead3c92b3b1c51fa4d5fec8addbff34c390c	-5	-5	-0.01400560224089635854341736695	1	0	0	False	NOT_ASSIGNED	83	83	645	714	714	714	100.000	100.000	1	1	1-357	CP003884.1;NZ_CP041215.1;NZ_CP054598.1;NZ_OX366319.1;NZ_OX366326.1;NZ_OX366332.1;NZ_OX366351.1;NZ_OX366352.1;NZ_OX366353.1;NZ_OX366387.1;NZ_OX366395.1;NZ_OX366397.1;NZ_OX366400.1;NZ_OZ014602.1;NZ_OZ034690.1;NZ_OZ034702.1;NZ_OZ034706.1;NZ_OZ034713.1;NZ_OZ034716.1;NZ_OZ034720.1;NZ_OZ034721.1;NZ_OZ034726.1;NZ_OZ034728.1;NZ_OZ034762.1;NZ_OZ034764.1;NZ_OZ034769.1;NZ_OZ034773.1;NZ_OZ034792.1;NZ_OZ034913.1;NZ_OZ187004.1;NZ_OZ195525.1	1	1	640	709	709	709	99.720	99.720	1	1	1-357	NZ_OZ035002.1	0	0											15	15	640	709	709	709	99.720	99.720	1	1	1-357	NZ_CP069053.1;NZ_CP069060.1;NZ_CP136587.1;NZ_CP170632.1;NZ_CP175927.1
G27b51fccb0d2552b8f892037	P69d68c4e9723a50f19464644	Ochlodes_bouddha	A_only	A	0	0	0	0	8fc5d1b73715cd584e5108cc5e8f45398e7cdc8588cc55a111e44a178bcd847d	-85	-95	-0.06558641975308641975308641975	1	0	0	False	NOT_ASSIGNED	87	87	2333	2587	2587	2587	99.923	99.923	1	1	1-1296	NZ_OX366387.1;NZ_OZ035007.1	2	2	2248	2492	2492	2492	98.457	98.457	1	1	1-1296	NZ_OZ035002.1	0	0											17	17	2257	2502	2502	2502	98.611	98.611	1	1	1-1296	NZ_OU909470.1
Ga91341dff6c7464918505547	P7b8604775adae8acd2294a64	Ochlodes_bouddha	AB_unknown_tie	A;B;unknown	0	0	0	0	e9feff25d7c316ffb61c5ae48dec01a8e4c01d6cbccfd5ea88d71ec6b1219da6	0	0	0	1	0	0	False	NOT_ASSIGNED	105	105	3220	3570	3570	3570	100.000	100.000	1	1	1-1785	NZ_CP011148.1;NZ_OX366319.1;NZ_OX366326.1;NZ_OX366368.1;NZ_OX366369.1;NZ_OX366379.1;NZ_OX366399.1;NZ_OX366400.1;NZ_OZ014602.1;NZ_OZ034690.1;NZ_OZ034702.1;NZ_OZ034706.1;NZ_OZ034716.1;NZ_OZ034719.1;NZ_OZ034721.1;NZ_OZ034726.1;NZ_OZ034728.1;NZ_OZ034762.1;NZ_OZ034785.1;NZ_OZ034791.1;NZ_OZ034913.1;NZ_OZ035007.1;NZ_OZ183482.1;NZ_OZ187004.1;NZ_OZ195525.1	2	2	3220	3570	3570	3570	100.000	100.000	1	1	1-1785	NZ_OZ035002.1	0	0											22	22	3220	3570	3570	3570	100.000	100.000	1	1	1-1785	NZ_CP069053.1;NZ_CP069060.1;NZ_CP136587.1;NZ_CP170632.1;NZ_CP175927.1;OX384028.1
G79b222542cc9a714c077ec19	P8c07225efaa092ab30d53679	Ochlodes_bouddha	A_only	A	0	0	0	0	2641dc95d08bf6c48602cb489544a30880d3e65c82525c53aa681aee4dd5b142	-9	-10	-0.008797653958944281524926686217	1	0	0	False	NOT_ASSIGNED	83	83	1846	2046	2046	2046	100.000	100.000	1	1	1-1023	NZ_OZ034706.1;NZ_OZ035007.1	1	1	1837	2036	2036	2036	99.804	99.804	1	1	1-1023	NZ_OZ035002.1	0	0											17	17	1837	2036	2036	2036	99.804	99.804	1	1	1-1023	CP076228.1;NZ_CP069053.1;NZ_CP069060.1;NZ_CP090902.1;NZ_CP136587.1;NZ_CP170632.1;NZ_CP175927.1;OX384028.1
G8fcb3dea8eb09c45fa38015a	P8fcb3dea8eb09c45fa38015a	Ochlodes_bouddha	A_only	A	0	0	0	0	760b71c3afe564d9027f42d759a4aaf0ad925a8287a8fb15846867014edb28a3	-45	-50	-0.02884615384615384615384615385	1	0	0	False	NOT_ASSIGNED	113	113	2814	3120	3120	3120	100.000	100.000	1	1	1-1560	NZ_OX366375.1;NZ_OX366387.1;NZ_OX366388.1;NZ_OZ034712.1;NZ_OZ034796.1;OX366363.1;OZ034694.1	74	74	2769	3070	3070	3070	99.359	99.359	1	1	1-1560	NZ_OZ035002.1	1	1	1587	1759	1759	1759	82.256	82.256	1	1	1-1560	NZ_OZ034692.1	49	49	2773	3075	3075	3075	99.423	99.423	1	1	1-1560	NZ_CP110359.1
G8a6ba1521ceb1349d8ddb046	P942e1b2a3926d675d1974bf5	Ochlodes_bouddha	A_unknown_tie	A;unknown	0	0	0	0	8155afbde6ffcd73ab948bb4c0986d5b7717f6719a24a3d39f240c4f0db4fa4e	-72	-80	-0.09795918367346938775510204082	1	0	0	False	NOT_ASSIGNED	80	80	1322	1465	1465	1465	99.864	99.864	1	1	1-735	NZ_OX366378.1;NZ_OX366387.1;NZ_OX366388.1;NZ_OZ017714.1;NZ_OZ025779.1;NZ_OZ034695.1;NZ_OZ034717.1;NZ_OZ034763.1;NZ_OZ034793.1;NZ_OZ034998.1;NZ_OZ035007.1;OX366363.1;OZ034694.1	1	1	1250	1385	1385	1385	97.687	97.687	1	1	1-735	NZ_OZ035002.1	0	0											15	15	1322	1465	1465	1465	99.864	99.864	1	1	1-735	CP091195.1
Gc8952d2b405d3599993696f6	P95855010e0c2448a44e263ca	Ochlodes_bouddha	A_unknown_tie	A;unknown	0	0	0	0	d9b8a71cdc3109e3f6be296d83ab15d9edead64caa045468588aacfbf5f5b3a0	-27	-30	-0.04166666666666666666666666667	1	0	0	False	NOT_ASSIGNED	80	80	1165	1291	1291	1291	99.846	99.846	1	1	1-648	CP042904.1;NZ_OX366272.1;NZ_OX366319.1;NZ_OX366347.1;NZ_OX366369.1;NZ_OX366375.1;NZ_OX366387.1;NZ_OX366396.1;NZ_OZ034701.1;NZ_OZ034702.1;NZ_OZ034706.1;NZ_OZ034796.1;NZ_OZ035007.1;NZ_OZ195518.1;OZ034694.1;OZ034697.1	1	1	1138	1261	1261	1261	98.920	98.920	1	1	1-648	NZ_OZ035002.1	0	0											15	15	1165	1291	1291	1291	99.846	99.846	1	1	1-648	NZ_CP110359.1;NZ_OU909470.1;OU953855.1
G7ca391e4dc863d0f034a5616	P9897241121f49b098577aa4d	Ochlodes_bouddha	A_unknown_tie	A;unknown	0	0	0	1	d8309374d631c857baf880064dfe60cf143a647d70abc84c6239d950eabc5bf2	-18	-20	-0.05263157894736842105263157895	1	0	0	False	NOT_ASSIGNED	102	90	618	684	684	684	100.000	100.000	1	1	1-342	NZ_OX366272.1;NZ_OX366374.1;NZ_OX366378.1;NZ_OX366388.1;NZ_OZ017714.1;NZ_OZ025779.1;NZ_OZ034695.1;NZ_OZ034717.1;NZ_OZ034720.1;NZ_OZ034725.1;NZ_OZ034793.1;NZ_OZ034998.1;OX366363.1	1	1	600	664	664	664	98.830	98.830	1	1	1-342	NZ_OZ035002.1	0	0											15	14	618	684	684	684	100.000	100.000	1	1	1-342	CP091195.1;NZ_CP110359.1
G9d0720ee1a6cd0551246f00f	Pa2bce227857811250a569cd1	Ochlodes_bouddha	A_unknown_tie	A;unknown	0	0	0	0	6a18e00f384fbb34c4808c4f27b8935711e978c99348bc0935aecda3cb1f1eec	-4	-5	-0.01320132013201320132013201320	1	0	0	False	NOT_ASSIGNED	106	106	547	606	606	606	100.000	100.000	1	1	1-303	NZ_CP054557.1;NZ_OX366347.1;NZ_OX366348.1;NZ_OX366375.1;NZ_OX366378.1;NZ_OX366388.1;NZ_OX366389.1;NZ_OX366398.1;NZ_OZ017714.1;NZ_OZ025779.1;NZ_OZ034695.1;NZ_OZ034706.1;NZ_OZ034712.1;NZ_OZ034715.1;NZ_OZ034717.1;NZ_OZ034779.1;NZ_OZ034782.1;NZ_OZ034784.1;NZ_OZ034785.1;NZ_OZ034791.1;NZ_OZ034793.1;NZ_OZ034796.1;NZ_OZ034998.1;NZ_OZ035007.1;OX366363.1;OZ034694.1	6	6	543	601	601	601	99.670	99.670	1	1	1-303	NZ_OZ035002.1	0	0											30	29	547	606	606	606	100.000	100.000	1	1	1-303	CP091195.1;NZ_CP110359.1;OU953855.1
G419bd9c1d0dc562f7c34a11d	Pa87d72afcf636cec7bbf5d9e	Ochlodes_bouddha	A_unknown_tie	A;unknown	0	0	0	0	dcc0dc6ce368564e82239f6cabe9ff333e7bf526507e9f29816809f18f28f7f3	-20	-22	-0.06006006006006006006006006006	0	0	0	False	NOT_ASSIGNED	104	104	601	666	666	666	100.000	100.000	1	1	1-333	NZ_CP041215.1;NZ_CP054598.1;NZ_OX366272.1;NZ_OX366327.1;NZ_OX366352.1;NZ_OX366353.1;NZ_OX366357.1;NZ_OX366359.1;NZ_OX366375.1;NZ_OX366378.1;NZ_OX366387.1;NZ_OX366388.1;NZ_OX366389.1;NZ_OX366395.1;NZ_OX366397.1;NZ_OX366398.1;NZ_OZ017714.1;NZ_OZ034695.1;NZ_OZ034701.1;NZ_OZ034712.1;NZ_OZ034713.1;NZ_OZ034717.1;NZ_OZ034720.1;NZ_OZ034763.1;NZ_OZ034764.1;NZ_OZ034769.1;NZ_OZ034773.1;NZ_OZ034779.1;NZ_OZ034785.1;NZ_OZ034792.1;NZ_OZ034796.1;NZ_OZ034998.1;NZ_OZ035007.1;NZ_OZ195518.1;OX366363.1;OZ034697.1	5	5	581	644	644	644	98.795	98.795	0.9969969969969969969969969970	0.9969969969969969969969969970	1-332	NZ_OZ035002.1	0	0											24	24	601	666	666	666	100.000	100.000	1	1	1-333	CP091195.1;NZ_OU909470.1;OU953855.1
G1401bc6a2ec19713f0090d6b	Pbfb42565c9fa797dd31365b6	Ochlodes_bouddha	unknown_only	unknown	0	0	0	0	dc966fcd50ef9c9d966ed54b534dd0761f5dc1e970625650b0a4ed684a3580d9	-33	-37	-0.02709359605911330049261083744	0	0	0	False	NOT_ASSIGNED	87	87	2169	2405	2405	2405	99.835	99.835	0.9926108374384236453201970443	0.9926108374384236453201970443	1-1209	NZ_OZ035007.1	69	69	2136	2368	2368	2368	99.832	99.832	0.9778325123152709359605911330	0.9778325123152709359605911330	1-1191	NZ_OZ035002.1	0	0											30	30	2177	2413	2413	2413	99.917	99.917	0.9926108374384236453201970443	0.9926108374384236453201970443	1-1209	NZ_CP069053.1;NZ_CP069060.1
Ga7b345b4ad24f6e173d95854	Pcd189dc1eefba4ae08285709	Ochlodes_bouddha	A_only	A	0	0	0	0	d954726aae03a38c7ece5a59bd95ca5b026e925847b24f6b289d8d0ba16e4a40	-23	-25	-0.02203065134099616858237547893	1	0	0	False	NOT_ASSIGNED	87	85	1884	2088	2088	2088	100.000	100.000	1	1	1-1044	CP003884.1;NZ_CP041215.1;NZ_OX366352.1;NZ_OX366359.1;NZ_OX366387.1;NZ_OZ017714.1;NZ_OZ025779.1;NZ_OZ034695.1;NZ_OZ034763.1;NZ_OZ034764.1;NZ_OZ034769.1;NZ_OZ034792.1;NZ_OZ034793.1	5	5	1861	2063	2063	2063	99.521	99.521	1	1	1-1044	NZ_OZ035002.1	0	0											22	20	1874	2078	2078	2078	99.808	99.808	1	1	1-1044	NZ_CP110359.1
G0003817d8f57c150a63d1ee4	Pdd5c78cc55f1937e37fb3db7	Ochlodes_bouddha	A_unknown_tie	A;unknown	0	0	0	0	d0413ce29844714a44c138095602e867632ee310e6b27e69b889ffc8939683e3	-23	-25	-0.03582554517133956386292834891	1	0	0	False	NOT_ASSIGNED	80	80	1159	1284	1284	1284	100.000	100.000	1	1	1-642	NZ_OX366272.1;NZ_OX366387.1;NZ_OZ034706.1;NZ_OZ035007.1	1	1	1136	1259	1259	1259	99.221	99.221	1	1	1-642	NZ_OZ035002.1	0	0											15	15	1159	1284	1284	1284	100.000	100.000	1	1	1-642	NZ_CP110359.1
G3c555b59f4e83b453711ed98	P0294554494f5a8cec05865fd	Oriens_gola	A_only	A	0	0	0	0	0de36291192e8bc7b9e8bafb20a7d4deb4a63cd3932556daea0040d8a4102fb3	-9	-10	-0.006134969325153374233128834356	1	0	0	False	NOT_ASSIGNED	82	82	2642	2929	2929	2929	99.932	99.932	1	1	1-1467	NZ_CP041215.1;NZ_CP054598.1;NZ_OX366332.1;NZ_OX366352.1;NZ_OX366353.1;NZ_OX366397.1;NZ_OZ034713.1;NZ_OZ034764.1;NZ_OZ034773.1;NZ_OZ034792.1	2	2	2633	2919	2919	2919	99.796	99.796	1	1	1-1467	NZ_OZ035002.1	0	0											13	13	2637	2924	2924	2924	99.864	99.864	1	1	1-1467	NZ_CP170632.1;NZ_CP175927.1
G176e2eba7a185ad135ec9d11	P0675c48295767aa3906ac372	Oriens_gola	A_only	A	0	0	0	0	4d522222fd8f0104514e18bf82bd83a881aa6963ac959601a8f023536ebdab75	-1059	-1174	-0.4796195652173913043478260870	0	0	0	False	NOT_ASSIGNED	33	33	3965	4396	4396	4396	99.819	99.819	1	1	1-2208	NZ_OZ034769.1	1	1	2906	3222	3222	3222	98.858	98.858	0.7522644927536231884057971014	0.7522644927536231884057971014	548-2208	NZ_OZ035002.1	0	0											4	4	2910	3226	3226	3226	98.917	98.917	0.7522644927536231884057971014	0.7522644927536231884057971014	548-2208	NZ_CP175927.1
G3a44a5d46483b3a52e1e8d6a	P07f88e2bb1e56fb05f02e58a	Oriens_gola	A_only	A	0	0	0	0	fef582c1646815bd784c221b72ec3ead077a781d928c34dd35b6e34a2d910435	-9	-10	-0.01127819548872180451127819549	1	0	0	False	NOT_ASSIGNED	77	75	1440	1596	1596	1596	100.000	100.000	1	1	1-798	CP003884.1;NZ_OX366332.1;NZ_OX366352.1;NZ_OX366359.1;NZ_OX366397.1;NZ_OZ034713.1;NZ_OZ034769.1;NZ_OZ034773.1;NZ_OZ034792.1	1	1	1431	1586	1586	1586	99.749	99.749	1	1	1-798	NZ_OZ035002.1	0	0											13	13	1435	1591	1591	1591	99.875	99.875	1	1	1-798	NZ_CP110359.1;OU953855.1
G21142e124ff0acc03cb357bc	P0c624e151735e4a9fed865d5	Oriens_gola	A_only	A	0	0	0	0	466ce57dff8435b1b58a59770ce5d0c74cdc369098a7025f7b2a26f85fb8f699	-147	-163	-0.5157894736842105263157894737	0	0	0	False	NOT_ASSIGNED	55	55	515	570	570	570	100.000	100.000	1	1	1-285	CP003884.1;NZ_OX366332.1;NZ_OX366352.1;NZ_OX366353.1;NZ_OX366359.1;NZ_OX366397.1;NZ_OZ034764.1;NZ_OZ034792.1	71	71	368	407	407	407	96.018	96.018	0.7929824561403508771929824561	0.7929824561403508771929824561	16-241	NZ_OZ181655.1	0	0											36	36	510	565	565	565	99.649	99.649	1	1	1-285	NZ_CP110359.1
Gaa2bc989f1d85ea1d49158a6	P0c73e7dda09d8a40b8e20092	Oriens_gola	unknown_only	unknown	0	0	0	0	f6553fac24f5d56f3584349991bbe94927408620291c52460ff4a946a0998e94	4	5	0.007207207207207207207207207207	1	0	0	False	NOT_ASSIGNED	3	3	993	1100	1100	1100	99.640	99.640	1	1	1-555	NZ_OZ034991.1	67	67	997	1105	1105	1105	99.820	99.820	1	1	1-555	NC_010981.1	0	0											7	7	1002	1110	1110	1110	100.000	100.000	1	1	1-555	NZ_CP021120.1
G830a82c6ef1f778f49243676	P0f7e8941919e9b634eb350c7	Oriens_gola	A_only	A	0	0	0	0	bc2a3250a5d899db7839c72b92e1c066526c443d5a29b366b384b028748e6f5b	-118	-130	-0.1293859649122807017543859649	1	0	0	False	NOT_ASSIGNED	113	108	1644	1822	1822	1822	100.000	100.000	0.9989035087719298245614035088	0.9989035087719298245614035088	1-911	CP003884.1;NZ_OX366332.1;NZ_OX366397.1;NZ_OZ034713.1;NZ_OZ034764.1;NZ_OZ034773.1;NZ_OZ034792.1	73	73	1526	1692	1692	1692	97.146	97.146	0.9989035087719298245614035088	0.9989035087719298245614035088	1-911	NZ_OZ035002.1	1	1	901	998	998	998	82.202	82.202	0.9857456140350877192982456140	0.9857456140350877192982456140	13-911	NZ_OZ034692.1	40	40	1639	1817	1817	1817	99.890	99.890	0.9989035087719298245614035088	0.9989035087719298245614035088	1-911	NZ_CP110359.1
Gb7d5fa868483589d430a8a80	P105e81cadb13fa73bec24ff5	Oriens_gola	A_only	A	0	0	0	0	68503509e64624fa6d4d4211632f666e5510c37d345e3f1b0017663ea5271a22	-2499	-2771	-0.9224806201550387596899224806	0	0	0	False	NOT_ASSIGNED	35	35	4300	4768	4768	4768	95.335	95.335	0.9966777408637873754152823920	0.9966777408637873754152823920	1-2700	NZ_OX366353.1	1	1	1801	1997	1997	1997	76.159	76.159	0.9250645994832041343669250646	0.9250645994832041343669250646	1-2506	NZ_OZ181655.1	0	0											4	4	4103	4549	4549	4549	93.819	93.819	0.9966777408637873754152823920	0.9966777408637873754152823920	1-2700	CP091195.1
G859ccc72edbbbfa3b81d54a7	P13e05d070734305f12c2eb26	Oriens_gola	A_only	A	0	0	0	0	d3560b5d4f4c5e3743342ec2bf83a1c3967d869780e61fe291fad16d63ec5e6f	-63	-70	-0.2019230769230769230769230769	0	0	0	False	NOT_ASSIGNED	20	20	563	624	624	624	100.000	100.000	1	1	1-312	CP003884.1;NZ_CP041215.1;NZ_CP054598.1;NZ_OX366332.1;NZ_OX366352.1;NZ_OX366359.1;NZ_OX366397.1;NZ_OZ034713.1;NZ_OZ034764.1;NZ_OZ034769.1;NZ_OZ034773.1;NZ_OZ034792.1	1	1	500	554	554	554	94.654	94.654	0.9935897435897435897435897436	0.9935897435897435897435897436	1-310	NZ_OZ181655.1	0	0											2	2	540	598	598	598	97.188	97.188	1	1	1-312	NZ_OW370537.1
G398647f0754c8a310b303763	P16ac9b89ff10a00bf5aef6dc	Oriens_gola	A_only	A	0	0	0	0	c3247bc8cb0f826a75ef9bc0911d32f87b97ffbc5522e90b0b540f82e3b2c53d	-4	-5	-0.008771929824561403508771929825	1	0	0	False	NOT_ASSIGNED	80	80	823	912	912	912	100.000	100.000	1	1	1-456	CP003884.1;NZ_CP041215.1;NZ_CP054598.1;NZ_OX366332.1;NZ_OX366352.1;NZ_OX366397.1;NZ_OZ034713.1;NZ_OZ034764.1;NZ_OZ034769.1;NZ_OZ034773.1;NZ_OZ034792.1	1	1	819	907	907	907	99.781	99.781	1	1	1-456	NZ_OZ035002.1	0	0											15	15	819	907	907	907	99.781	99.781	1	1	1-456	CP076228.1;NZ_CP069053.1;NZ_CP069060.1;NZ_CP090902.1;NZ_CP136586.1;NZ_CP136587.1;NZ_CP157591.1;NZ_CP170632.1;NZ_CP175927.1;OU953855.1;OX384028.1
Ga5a5064fb03e4ecec92d8ed9	P17c4a8f0e8f2f82c6ac338cd	Oriens_gola	A_only	A	0	0	0	0	556f368fb56fe9d70dae35e6fa5972b99d69636b92a3b18eeab31ca159cc9aa9	-1033	-1145	-1.110752688172043010752688172	0	0	0	False	NOT_ASSIGNED	104	95	1678	1860	1860	1860	100.000	100.000	1	1	1-930	NZ_OZ034769.1	1	1	645	715	715	715	78.961	78.961	0.8032258064516129032258064516	0.8032258064516129032258064516	184-930	NZ_OZ035002.1	0	0											18	18	1086	1203	1203	1203	85.684	85.684	0.9989247311827956989247311828	0.9989247311827956989247311828	1-929	NZ_CP175923.1
Gb25a0affdc16505aa14272ed	P1b1b9bd92b6d337fd150f16a	Oriens_gola	AB_unknown_tie	A;B;unknown	0	0	0	0	5a421f7f6f5d3cb3673dd6c4696ee7d989832ee807ef8e962da667c586d3f09a	0	0	0	1	0	0	False	NOT_ASSIGNED	32	32	2370	2628	2628	2628	100.000	100.000	1	1	1-1314	NZ_OZ034991.1	71	71	2370	2628	2628	2628	100.000	100.000	1	1	1-1314	NZ_OX366317.1;NZ_OX366321.1;NZ_OX366322.1;NZ_OX366323.1;NZ_OX366328.1;NZ_OX366330.1;NZ_OX366331.1;NZ_OX366336.1;NZ_OX366337.1;NZ_OX366340.1;NZ_OX366343.1;NZ_OX366346.1;NZ_OX366358.1;NZ_OX366361.1;NZ_OX366365.1;NZ_OX366373.1;NZ_OX366386.1;NZ_OX366392.1;NZ_OX366401.1;NZ_OZ034698.1;NZ_OZ034705.1;NZ_OZ034718.1;NZ_OZ034723.1;NZ_OZ034751.1;NZ_OZ034752.1;NZ_OZ034765.1;NZ_OZ034771.1;NZ_OZ034783.1;NZ_OZ034789.1;NZ_OZ034799.1;NZ_OZ034910.1;NZ_OZ034914.1;NZ_OZ077190.1;NZ_OZ195524.1;NZ_OZ238265.1	0	0											27	27	2370	2628	2628	2628	100.000	100.000	1	1	1-1314	NZ_CP021120.1;NZ_CP087954.1;NZ_CP092526.1
Gd51c100d7fb55765e45c3352	P1c6d0324297a9a0d8c4410e8	Oriens_gola	AB_unknown_tie	A;B;unknown	0	0	0	0	dacf1bb6a8aa65e098de76c7ac625aa477b794d6a9664c03a0c0c756a400c0c6	0	0	0	1	0	0	False	NOT_ASSIGNED	8	8	683	757	757	757	99.738	99.738	1	1	1-381	NZ_OZ034991.1	71	70	683	757	757	757	99.738	99.738	1	1	1-381	NC_010981.1;NZ_OX366317.1;NZ_OX366328.1;NZ_OX366329.1;NZ_OX366330.1;NZ_OX366336.1;NZ_OX366337.1;NZ_OX366340.1;NZ_OX366343.1;NZ_OX366358.1;NZ_OX366361.1;NZ_OX366365.1;NZ_OX366373.1;NZ_OX366386.1;NZ_OX366392.1;NZ_OX366394.1;NZ_OX366401.1;NZ_OZ034689.1;NZ_OZ034698.1;NZ_OZ034705.1;NZ_OZ034723.1;NZ_OZ034751.1;NZ_OZ034752.1;NZ_OZ034765.1;NZ_OZ034771.1;NZ_OZ034777.1;NZ_OZ034783.1;NZ_OZ034789.1;NZ_OZ034795.1;NZ_OZ034799.1;NZ_OZ034914.1;NZ_OZ077190.1;NZ_OZ195524.1;NZ_OZ238265.1	0	0											16	15	683	757	757	757	99.738	99.738	1	1	1-381	NZ_CP021120.1;NZ_CP087954.1;NZ_CP092526.1
G61251887bbb49b80c180ff7b	P20dcc1f87621309dee9a6f80	Oriens_gola	A_only	A	0	0	0	0	910c93a5e1159ea5550af600057b9b819948587198a1a0b0cd0a6340b975a120	-9	-10	-0.007978723404255319148936170213	1	0	0	False	NOT_ASSIGNED	113	113	2030	2251	2251	2251	99.911	99.911	1	1	1-1128	NZ_CP041215.1;NZ_OX366332.1;NZ_OX366352.1;NZ_OX366397.1;NZ_OZ034713.1;NZ_OZ034764.1;NZ_OZ034769.1;NZ_OZ034773.1;NZ_OZ034792.1	74	74	2021	2241	2241	2241	99.734	99.734	1	1	1-1128	NZ_OZ035002.1	1	1	810	897	897	897	84.048	84.048	0.6613475177304964539007092199	0.6613475177304964539007092199	379-1124	NZ_OZ034692.1	51	51	2021	2241	2241	2241	99.734	99.734	1	1	1-1128	CP076228.1;NZ_CP175927.1;OX384028.1
G44d2071e254d7f3d34b523ea	P22c5aea74644942fb02544bc	Oriens_gola	unknown_only	unknown	0	0	0	1	1ee9913b147d1b82dcee85040a99a49dd82c5fcd1bd3976d2e421f708e37dbd0	0	0	0	1	0	0	False	NOT_ASSIGNED	114	113	3246	3599	3599	3599	98.761	98.761	1	1	1-1857	NZ_OZ034991.1	74	74	3246	3599	3599	3599	98.761	98.761	1	1	1-1857	NZ_OX366328.1;NZ_OX366329.1;NZ_OX366330.1;NZ_OX366336.1;NZ_OX366337.1;NZ_OX366340.1;NZ_OX366343.1;NZ_OX366358.1;NZ_OX366361.1;NZ_OX366365.1;NZ_OX366373.1;NZ_OX366386.1;NZ_OX366394.1;NZ_OX366401.1;NZ_OZ034689.1;NZ_OZ034698.1;NZ_OZ034705.1;NZ_OZ034723.1;NZ_OZ034751.1;NZ_OZ034752.1;NZ_OZ034754.1;NZ_OZ034765.1;NZ_OZ034771.1;NZ_OZ034783.1;NZ_OZ034789.1;NZ_OZ034799.1;NZ_OZ034914.1;NZ_OZ077190.1;NZ_OZ195524.1;NZ_OZ238265.1	1	1	2241	2484	2484	2484	86.753	86.753	1	1	1-1857	NZ_OZ034692.1	51	50	3350	3714	3714	3714	100.000	100.000	1	1	1-1857	NZ_CP021120.1
G6f1c0cdf00fd8e2c08e168e8	P2334edc5add04f8c7e6edc90	Oriens_gola	unknown_only	unknown	0	0	0	0	d6eeb3aebfd15496b7167d4263d70b9689e937c4922fd01630d4e9f355914d75	167	185	0.2272108843537414965986394558	1	0	0	False	NOT_ASSIGNED	3	3	1132	1255	1255	1255	94.150	94.150	1	1	1-735	NZ_OZ181654.1	71	71	1299	1440	1440	1440	99.184	99.184	1	1	1-735	OX366390.1	0	0											15	15	1326	1470	1470	1470	100.000	100.000	1	1	1-735	NZ_CP021120.1
Gb6afa3e9c552317972101df2	P2c83049b426ff56b08fe28b0	Oriens_gola	A_only	A	0	0	0	0	b733c890d27538443e1dcb6a7ac814f3874c2c1eaf6ce0634c5447c063862504					0	1	False	NOT_ASSIGNED	30	30	2669	2959	2959	2959	99.933	99.933	1	1	1-1482	NZ_CP041215.1;NZ_OX366332.1;NZ_OX366352.1;NZ_OX366353.1;NZ_OX366397.1;NZ_OZ034764.1;NZ_OZ034769.1	0	0											0	0											0	0										
G0771615f903968a7a277e17f	P3401dac7e10825aca4057dca	Oriens_gola	AB_unknown_tie	A;B;unknown	0	0	0	0	fe2ec930449ef2b6a381dfbf478b39ff18f1ac63e7a2ca8ba611575e89ea92ed	0	0	0	1	0	0	False	NOT_ASSIGNED	3	3	650	720	720	720	100.000	100.000	1	1	1-360	NZ_OZ034991.1	71	71	650	720	720	720	100.000	100.000	1	1	1-360	NZ_OX366321.1;NZ_OX366323.1;NZ_OX366330.1;NZ_OX366331.1;NZ_OX366336.1;NZ_OX366337.1;NZ_OX366340.1;NZ_OX366343.1;NZ_OX366346.1;NZ_OX366358.1;NZ_OX366360.1;NZ_OX366361.1;NZ_OX366365.1;NZ_OX366373.1;NZ_OX366386.1;NZ_OX366394.1;NZ_OX366401.1;NZ_OZ034689.1;NZ_OZ034698.1;NZ_OZ034705.1;NZ_OZ034718.1;NZ_OZ034751.1;NZ_OZ034752.1;NZ_OZ034765.1;NZ_OZ034777.1;NZ_OZ034783.1;NZ_OZ034789.1;NZ_OZ034795.1;NZ_OZ034799.1;NZ_OZ034910.1;NZ_OZ077190.1;NZ_OZ238265.1	0	0											14	14	650	720	720	720	100.000	100.000	1	1	1-360	NZ_CP021120.1;NZ_CP087954.1
G240c6a7c7e5fbe71111219ba	P44f6e46ea2ed589cedda429f	Oriens_gola	A_only	A	0	0	0	0	9b7814ec591d49bba11e4f91ae7dbb5dd2d67bc76a8e3e58f5794951ece691dd					0	1	False	NOT_ASSIGNED	13	13	5284	5859	5859	5859	99.898	99.898	1	1	1-2937	NZ_OX366369.1;NZ_OZ034769.1	0	0											1	1	1872	2075	2075	2075	82.960	82.960	0.5948246510044262853251617297	0.5948246510044262853251617297	1191-2937	NZ_OZ034692.1	3	3	2235	2478	2478	2478	88.082	88.082	0.5948246510044262853251617297	0.5948246510044262853251617297	1191-2937	OU953855.1
G7b5d69d484c102119dfa9d39	P493f6ff5725a58e31ceb52ab	Oriens_gola	A_only	A	0	0	0	0	da0d8fe005def433e13416c834351fdcaf030b88f1ec8bfd59c61c9dfede4f16	-23	-25	-0.02123730378578024007386888273	1	0	0	False	NOT_ASSIGNED	76	76	1954	2166	2166	2166	100.000	100.000	1	1	1-1083	CP003884.1;NZ_CP041215.1;NZ_OX366332.1;NZ_OX366352.1;NZ_OX366353.1;NZ_OX366397.1;NZ_OZ034713.1;NZ_OZ034764.1;NZ_OZ034769.1;NZ_OZ034773.1;NZ_OZ034792.1	1	1	1931	2141	2141	2141	99.538	99.538	1	1	1-1083	NZ_OZ035002.1	0	0											19	19	1945	2156	2156	2156	99.815	99.815	1	1	1-1083	OU953855.1
Gd6dca447542a2c94f68901f6	P507058803c71333cf0b9f49f	Oriens_gola	AB_unknown_tie	A;B;unknown	0	0	0	0	835152585ed467696d3173e56600cefe968ee926d3760bb9dfb142f83ae745bc	0	0	0	1	0	0	False	NOT_ASSIGNED	113	113	1375	1524	1524	1524	100.000	100.000	1	1	1-762	NZ_OZ034991.1	74	74	1375	1524	1524	1524	100.000	100.000	1	1	1-762	NZ_OX366328.1;NZ_OX366329.1;NZ_OX366330.1;NZ_OX366340.1;NZ_OX366358.1;NZ_OX366361.1;NZ_OX366365.1;NZ_OZ034698.1;NZ_OZ034705.1;NZ_OZ034723.1;NZ_OZ034751.1;NZ_OZ034754.1;NZ_OZ034777.1;NZ_OZ034799.1;NZ_OZ034910.1;NZ_OZ077190.1;NZ_OZ195524.1;NZ_OZ238265.1	1	1	713	790	790	790	81.793	81.793	0.9514435695538057742782152231	0.9514435695538057742782152231	32-756	NZ_OZ034692.1	51	51	1375	1524	1524	1524	100.000	100.000	1	1	1-762	NZ_CP021120.1;NZ_CP087954.1;NZ_CP092526.1
Gff65720983be3429a2cc7a6f	P52a038d73fbb0dc2fce63fa2	Oriens_gola	A_only	A	0	0	0	1	4c6c53e069982116c20f1b66e61d133eba462f36e7692c943db8385220d87834	-16	-17	-0.01453224341507720254314259764	1	0	0	False	NOT_ASSIGNED	81	79	1982	2197	2197	2197	99.909	99.909	1	1	1-1101	CP003884.1;NZ_OX366332.1;NZ_OX366352.1;NZ_OZ034713.1;NZ_OZ034764.1;NZ_OZ034769.1;NZ_OZ034773.1	35	35	1966	2180	2180	2180	99.637	99.637	1	1	1-1101	NZ_OZ035002.1	0	0											20	19	1968	2182	2182	2182	99.637	99.637	1	1	1-1101	NZ_CP069053.1;NZ_CP069060.1;NZ_CP090902.1;NZ_CP170632.1;OX384028.1
G7af21d7b41e9ff2e72a00e9d	P642aafeefb367660a9b78c39	Oriens_gola	unknown_only	unknown	0	0	0	1	b4c794b347304adecd9017dfaf7e34c4586627540482c8b713b0d14345d7e2ef	12	13	0.008639308855291576673866090713	0	0	0	False	NOT_ASSIGNED	114	113	2397	2658	2658	2658	98.272	98.272	1	1	1-1389	NZ_OZ181654.1	74	74	2409	2671	2671	2671	98.908	98.908	0.9884809215262778977681785457	0.9884809215262778977681785457	1-1373	NZ_OX366336.1;NZ_OX366337.1;NZ_OX366343.1;NZ_OX366373.1;NZ_OX366386.1;NZ_OX366401.1;NZ_OZ034752.1;NZ_OZ034765.1;NZ_OZ034771.1;NZ_OZ034783.1;NZ_OZ034789.1	1	1	1462	1621	1621	1621	83.357	83.357	0.9992800575953923686105111591	0.9992800575953923686105111591	1-1388	NZ_OZ034692.1	51	50	2506	2778	2778	2778	100.000	100.000	1	1	1-1389	NZ_CP021120.1
Gea6369d72b97e8c539791327	P6650f8af23e8baae78a43f97	Oriens_gola	A_only	A	0	0	0	0	739791e6daf7d49e7a6334ba563aead3c92b3b1c51fa4d5fec8addbff34c390c	-5	-5	-0.01400560224089635854341736695	1	0	0	False	NOT_ASSIGNED	83	83	645	714	714	714	100.000	100.000	1	1	1-357	CP003884.1;NZ_CP041215.1;NZ_CP054598.1;NZ_OX366319.1;NZ_OX366326.1;NZ_OX366332.1;NZ_OX366351.1;NZ_OX366352.1;NZ_OX366353.1;NZ_OX366387.1;NZ_OX366395.1;NZ_OX366397.1;NZ_OX366400.1;NZ_OZ014602.1;NZ_OZ034690.1;NZ_OZ034702.1;NZ_OZ034706.1;NZ_OZ034713.1;NZ_OZ034716.1;NZ_OZ034720.1;NZ_OZ034721.1;NZ_OZ034726.1;NZ_OZ034728.1;NZ_OZ034762.1;NZ_OZ034764.1;NZ_OZ034769.1;NZ_OZ034773.1;NZ_OZ034792.1;NZ_OZ034913.1;NZ_OZ187004.1;NZ_OZ195525.1	1	1	640	709	709	709	99.720	99.720	1	1	1-357	NZ_OZ035002.1	0	0											15	15	640	709	709	709	99.720	99.720	1	1	1-357	NZ_CP069053.1;NZ_CP069060.1;NZ_CP136587.1;NZ_CP170632.1;NZ_CP175927.1
G1fc64c3837dd4e5ed313413d	P69d68c4e9723a50f19464644	Oriens_gola	A_only	A	0	0	0	0	805a29e4c016aa27731c7f07e7d1aa3c486cc981b4160dabf896f3840e72fd59	-45	-50	-0.03472222222222222222222222222	1	0	0	False	NOT_ASSIGNED	87	87	2333	2587	2587	2587	99.923	99.923	1	1	1-1296	NZ_CP041215.1;NZ_OX366332.1;NZ_OX366352.1;NZ_OX366397.1;NZ_OZ034713.1;NZ_OZ034764.1;NZ_OZ034769.1;NZ_OZ034773.1;NZ_OZ034792.1	2	2	2288	2537	2537	2537	99.151	99.151	1	1	1-1296	NZ_OZ035002.1	0	0											17	17	2288	2537	2537	2537	99.151	99.151	1	1	1-1296	NZ_CP069053.1;NZ_CP069060.1;NZ_CP090902.1;NZ_CP136587.1;OX384028.1
G6e77e4124db35977ff81de98	P6e77e4124db35977ff81de98	Oriens_gola	A_only	A	0	0	0	0	cdc920b1effc40c05994624fcdfd789e99db6ca0571b8fafb060f2dbc27bd75b	-277	-308	-0.5699588477366255144032921811	0	0	0	False	NOT_ASSIGNED	38	36	877	972	972	972	100.000	100.000	1	1	1-486	CP003884.1;NZ_CP041215.1;NZ_CP054557.1;NZ_OX366332.1;NZ_OX366352.1;NZ_OX366359.1;NZ_OX366397.1;NZ_OZ034706.1;NZ_OZ034769.1;NZ_OZ034773.1;NZ_OZ034791.1	1	1	600	664	664	664	100.000	100.000	0.6831275720164609053497942387	0.6831275720164609053497942387	1-332	NZ_OZ035002.1	0	0											7	5	873	967	967	967	99.794	99.794	1	1	1-486	NZ_CP157591.1
Gb6cda3a23847a062dbc3549d	P71bb8c7f5b149dba1c7305d5	Oriens_gola	A_only	A	0	0	0	0	194eaa96d1dce94bf44fc6776bff308279f0e8c7d80901a4047a0896b03ae0bf	-62	-69	-0.05990338164251207729468599034	1	0	0	False	NOT_ASSIGNED	76	74	1867	2070	2070	2070	100.000	100.000	1	1	1-1035	CP003884.1;NZ_CP041215.1;NZ_CP054598.1;NZ_OX366332.1;NZ_OX366352.1;NZ_OX366397.1;NZ_OZ034713.1;NZ_OZ034769.1;NZ_OZ034792.1	1	1	1805	2001	2001	2001	98.090	98.090	1	1	1-1035	NZ_OZ035002.1	0	0											19	19	1831	2030	2030	2030	99.227	99.227	1	1	1-1035	NZ_CP170632.1
Ga03ddca214afc11094591acf	P72ae142d3355c55e688b5d5c	Oriens_gola	B_unknown_tie	B;unknown	0	0	0	0	a5ff0c5af57c3ce7fa28c959c4f003bb140d3e8825960230abd97dabacbc9394	5	5	0.006265664160401002506265664160	1	0	0	False	NOT_ASSIGNED	4	4	1435	1591	1591	1591	99.875	99.875	1	1	1-798	NZ_OZ034991.1	69	69	1440	1596	1596	1596	100.000	100.000	1	1	1-798	NC_010981.1	0	0											13	13	1440	1596	1596	1596	100.000	100.000	1	1	1-798	NZ_CP021120.1;NZ_CP051608.1
G323d319f8d40fe48e619911a	P7b8604775adae8acd2294a64	Oriens_gola	A_only	A	0	0	0	0	4f8247ae1ad6e7fcb2e05912343882e51967c8b773ce3090a53cf92d0e6ca060	-13	-15	-0.007282913165266106442577030812	1	0	0	False	NOT_ASSIGNED	105	105	3215	3565	3565	3565	99.944	99.944	1	1	1-1785	NZ_CP041215.1;NZ_OX366332.1;NZ_OX366352.1;NZ_OZ034764.1;NZ_OZ034769.1;NZ_OZ034792.1;OZ034697.1	2	2	3202	3550	3550	3550	99.776	99.776	1	1	1-1785	NZ_OZ035002.1	0	0											22	22	3202	3550	3550	3550	99.776	99.776	1	1	1-1785	NZ_CP069053.1;NZ_CP069060.1;NZ_CP136587.1;NZ_CP170632.1;NZ_CP175927.1;OU953855.1;OX384028.1
Ge1fc79eda87313b8b49cb74c	P8199b65d2f3a3eb73fd3881f	Oriens_gola	A_unknown_tie	A;unknown	0	0	0	0	8bcbeef16536f8a5a9f0e79ef5b8e7cca04cd0c9662c9a593282ad3340a3e764	-804	-892	-0.7570621468926553672316384181	0	0	0	False	NOT_ASSIGNED	20	17	1916	2124	2124	2124	100.000	100.000	1	1	1-1062	NZ_OX366327.1;NZ_OX366352.1;NZ_OX366397.1;NZ_OX366399.1;NZ_OX366400.1;NZ_OZ034713.1;NZ_OZ034769.1;NZ_OZ034773.1;NZ_OZ187004.1	2	1	1112	1232	1232	1232	92.622	92.622	0.7118644067796610169491525424	0.7118644067796610169491525424	307-1062	NZ_OX366345.1	0	0											1	1	1916	2124	2124	2124	100.000	100.000	1	1	1-1062	NZ_CP170632.1
G8de921160ca3fdd6ba9a19e7	P8c07225efaa092ab30d53679	Oriens_gola	A_only	A	0	0	0	0	e273bceebb98055610ddb0929e764058f3e432b2f61bfbed86323a94a4678808	-14	-15	-0.01368523949169110459433040078	1	0	0	False	NOT_ASSIGNED	83	83	1846	2046	2046	2046	100.000	100.000	1	1	1-1023	CP003884.1;NZ_CP041215.1;NZ_OX366332.1;NZ_OX366352.1;NZ_OX366359.1;NZ_OX366397.1;NZ_OZ034713.1;NZ_OZ034764.1;NZ_OZ034769.1;NZ_OZ034773.1;NZ_OZ034792.1	1	1	1832	2031	2031	2031	99.707	99.707	1	1	1-1023	NZ_OZ035002.1	0	0											17	17	1832	2031	2031	2031	99.707	99.707	1	1	1-1023	CP076228.1;NZ_CP069053.1;NZ_CP069060.1;NZ_CP090902.1;NZ_CP136587.1;NZ_CP170632.1;NZ_CP175927.1;OX384028.1
G46fe0af26b407f281e547d74	P8d6f063f581eb9f0d5456da6	Oriens_gola	A_only	A	0	0	0	0	0a4f1d88dddac9b5470c07d87bf286d9c11b7597f02cd79e2d1641736dd8ba65	-4	-5	-0.004778972520908004778972520908	1	0	0	False	NOT_ASSIGNED	77	77	1510	1674	1674	1674	100.000	100.000	1	1	1-837	CP003884.1;NZ_CP041215.1;NZ_CP054598.1;NZ_OX366319.1;NZ_OX366327.1;NZ_OX366332.1;NZ_OX366352.1;NZ_OX366359.1;NZ_OX366369.1;NZ_OX366389.1;NZ_OX366397.1;NZ_OX366398.1;NZ_OZ034702.1;NZ_OZ034713.1;NZ_OZ034719.1;NZ_OZ034721.1;NZ_OZ034764.1;NZ_OZ034769.1;NZ_OZ034773.1;NZ_OZ034779.1;NZ_OZ034792.1;NZ_OZ034796.1;NZ_OZ034913.1;NZ_OZ195515.1	1	1	1506	1669	1669	1669	99.881	99.881	1	1	1-837	NZ_OZ035002.1	0	0											13	13	1506	1669	1669	1669	99.881	99.881	1	1	1-837	CP091195.1;NZ_CP069053.1;NZ_CP069060.1;NZ_CP090902.1;NZ_CP136587.1;NZ_CP170632.1;OU953855.1;OX384028.1
G8e3a49592ee62958f74fc0da	P942e1b2a3926d675d1974bf5	Oriens_gola	A_only	A	0	0	0	0	af23929326c50fb142d7910fdf6d21671df07a9af9e9e209b3c58fc12252eef9	-9	-10	-0.01224489795918367346938775510	1	0	0	False	NOT_ASSIGNED	80	80	1326	1470	1470	1470	100.000	100.000	1	1	1-735	CP003884.1;NZ_CP054598.1;NZ_OX366352.1;NZ_OX366353.1;NZ_OX366359.1;NZ_OX366397.1;NZ_OZ034713.1;NZ_OZ034764.1;NZ_OZ034769.1;NZ_OZ034773.1	1	1	1317	1460	1460	1460	99.728	99.728	1	1	1-735	NZ_OZ035002.1	0	0											15	15	1317	1460	1460	1460	99.728	99.728	1	1	1-735	NZ_CP157591.1;NZ_CP170632.1;NZ_CP175927.1
Ge11a3d7aa7628a7caaf1f26b	P95855010e0c2448a44e263ca	Oriens_gola	A_only	A	0	0	0	0	76d343faa6dc085104277f6f181b1af156b8dc41d8d8f5ddaf0fa906300208f4	-22	-25	-0.03395061728395061728395061728	1	0	0	False	NOT_ASSIGNED	80	80	1169	1296	1296	1296	100.000	100.000	1	1	1-648	CP003884.1;NZ_CP041215.1;NZ_CP054598.1;NZ_OX366326.1;NZ_OX366332.1;NZ_OX366351.1;NZ_OX366352.1;NZ_OX366353.1;NZ_OX366389.1;NZ_OX366397.1;NZ_OX366398.1;NZ_OX366400.1;NZ_OZ014602.1;NZ_OZ034690.1;NZ_OZ034713.1;NZ_OZ034715.1;NZ_OZ034716.1;NZ_OZ034726.1;NZ_OZ034728.1;NZ_OZ034762.1;NZ_OZ034764.1;NZ_OZ034769.1;NZ_OZ034773.1;NZ_OZ034779.1;NZ_OZ034792.1;NZ_OZ187004.1;NZ_OZ195515.1;NZ_OZ195525.1	1	1	1147	1271	1271	1271	99.228	99.228	1	1	1-648	NZ_OZ035002.1	0	0											15	15	1165	1291	1291	1291	99.846	99.846	1	1	1-648	NZ_CP110359.1;NZ_OU909470.1;OU953855.1
G1be7b9f4884dc5e1c6ca042c	P9897241121f49b098577aa4d	Oriens_gola	A_only	A	0	0	0	1	378df916bdf43fbe0bc7dc0f56cc24bfac8c32b6c17f6d7e4ad8cc334a102a3b	-14	-15	-0.04093567251461988304093567251	1	0	0	False	NOT_ASSIGNED	102	90	618	684	684	684	100.000	100.000	1	1	1-342	CP003884.1;NZ_CP041215.1;NZ_CP054598.1;NZ_OX366332.1;NZ_OX366352.1;NZ_OX366353.1;NZ_OX366359.1;NZ_OX366397.1;NZ_OZ034713.1;NZ_OZ034769.1;NZ_OZ034773.1;NZ_OZ034792.1	1	1	604	669	669	669	99.123	99.123	1	1	1-342	NZ_OZ035002.1	0	0											15	14	613	679	679	679	99.708	99.708	1	1	1-342	CP091195.1;NZ_CP110359.1
G742fa3b4434d82f95c9a38ca	Pa2bce227857811250a569cd1	Oriens_gola	A_only	A	0	0	0	0	5dd6595b77fd6d98bacaa85ca8c2d4f8ba6a85a07f09c167c064130b1236aaef	-9	-10	-0.02970297029702970297029702970	1	0	0	False	NOT_ASSIGNED	106	106	547	606	606	606	100.000	100.000	1	1	1-303	NZ_CP041215.1;NZ_CP054598.1;NZ_OX366319.1;NZ_OX366326.1;NZ_OX366332.1;NZ_OX366351.1;NZ_OX366352.1;NZ_OX366353.1;NZ_OX366356.1;NZ_OX366369.1;NZ_OX366397.1;NZ_OX366400.1;NZ_OZ014602.1;NZ_OZ034690.1;NZ_OZ034701.1;NZ_OZ034702.1;NZ_OZ034713.1;NZ_OZ034716.1;NZ_OZ034719.1;NZ_OZ034720.1;NZ_OZ034721.1;NZ_OZ034726.1;NZ_OZ034728.1;NZ_OZ034762.1;NZ_OZ034764.1;NZ_OZ034769.1;NZ_OZ034773.1;NZ_OZ034792.1;NZ_OZ034913.1;NZ_OZ187004.1;NZ_OZ195515.1;NZ_OZ195525.1	6	6	538	596	596	596	99.340	99.340	1	1	1-303	NZ_OZ035002.1	0	0											31	30	543	601	601	601	99.670	99.670	1	1	1-303	CP091195.1;NZ_CP110359.1;OU953855.1
G83a41bf26f3478794d11c21c	Pa87d72afcf636cec7bbf5d9e	Oriens_gola	A_unknown_tie	A;unknown	0	0	0	0	dcc0dc6ce368564e82239f6cabe9ff333e7bf526507e9f29816809f18f28f7f3	-20	-22	-0.06006006006006006006006006006	0	0	0	False	NOT_ASSIGNED	104	104	601	666	666	666	100.000	100.000	1	1	1-333	NZ_CP041215.1;NZ_CP054598.1;NZ_OX366272.1;NZ_OX366327.1;NZ_OX366352.1;NZ_OX366353.1;NZ_OX366357.1;NZ_OX366359.1;NZ_OX366375.1;NZ_OX366378.1;NZ_OX366387.1;NZ_OX366388.1;NZ_OX366389.1;NZ_OX366395.1;NZ_OX366397.1;NZ_OX366398.1;NZ_OZ017714.1;NZ_OZ034695.1;NZ_OZ034701.1;NZ_OZ034712.1;NZ_OZ034713.1;NZ_OZ034717.1;NZ_OZ034720.1;NZ_OZ034763.1;NZ_OZ034764.1;NZ_OZ034769.1;NZ_OZ034773.1;NZ_OZ034779.1;NZ_OZ034785.1;NZ_OZ034792.1;NZ_OZ034796.1;NZ_OZ034998.1;NZ_OZ035007.1;NZ_OZ195518.1;OX366363.1;OZ034697.1	5	5	581	644	644	644	98.795	98.795	0.9969969969969969969969969970	0.9969969969969969969969969970	1-332	NZ_OZ035002.1	0	0											24	24	601	666	666	666	100.000	100.000	1	1	1-333	CP091195.1;NZ_OU909470.1;OU953855.1
Gd14ed92d0b7b661930f76175	Pb3f06ba9a36b08c87a7cccb2	Oriens_gola	A_only	A	0	0	0	0	d1f3350f6106aa13c649cddae7269b147a3795ee03847db76cbfd9ddbffe29d4					0	1	False	NOT_ASSIGNED	32	32	747	828	828	828	100.000	100.000	1	1	1-414	CP003884.1;NZ_CP041215.1;NZ_OX366332.1;NZ_OX366352.1;NZ_OX366353.1;NZ_OX366359.1;NZ_OX366397.1;NZ_OZ034713.1;NZ_OZ034764.1;NZ_OZ034769.1;NZ_OZ034773.1	0	0											0	0											2	2	735	814	814	814	99.517	99.517	1	1	1-414	NZ_CP110359.1;NZ_OU909470.1
G88f136edecfec64c86569072	Pb53b4d94c05a6d484ec8e538	Oriens_gola	A_only	A	0	0	0	0	d80d4819e32f129f3f2cee80595291ad16017ba7fe274f88394c5a99b1cb2dad					0	1	False	NOT_ASSIGNED	32	32	785	870	870	870	100.000	100.000	1	1	1-435	CP003884.1;NZ_CP054598.1;NZ_OX366332.1;NZ_OX366353.1;NZ_OX366359.1;NZ_OX366397.1;NZ_OZ034713.1;NZ_OZ034764.1;NZ_OZ034769.1;NZ_OZ034773.1	0	0											0	0											3	3	764	846	846	846	99.080	99.080	1	1	1-435	NZ_OU909470.1
G60906af66967caa32210b82b	Pbf111878b49f8635cfc0b308	Oriens_gola	A_only	A	0	0	0	0	3934283253a0053603b857362c80f04f2c5da042c3ecc971bd4ad5e6a0f15672	-68	-75	-0.08651399491094147582697201018	1	0	0	False	NOT_ASSIGNED	53	53	1414	1567	1567	1567	99.873	99.873	1	1	1-786	CP003884.1;NZ_CP041215.1;NZ_OX366332.1;NZ_OX366352.1;NZ_OX366353.1;NZ_OX366397.1;NZ_OZ034713.1;NZ_OZ034769.1;NZ_OZ034773.1	2	2	1346	1492	1492	1492	97.964	97.964	1	1	1-786	NZ_OZ034708.1	0	0											11	11	1311	1453	1453	1453	97.066	97.066	0.9974554707379134860050890585	0.9974554707379134860050890585	1-784	NZ_CP110359.1
Ga2176133eda26ef9ce0638e9	Pbfb42565c9fa797dd31365b6	Oriens_gola	A_only	A	0	0	0	0	8e71e6ed4000842ca3a7db5d83e6273dc38b66ba0333fca4ad8f56234ec70561	-17	-19	-0.01402640264026402640264026403	1	0	0	False	NOT_ASSIGNED	87	87	2182	2419	2419	2419	99.917	99.917	1	1	1-1212	CP003884.1;NZ_CP041215.1;NZ_OX366332.1;NZ_OX366352.1;NZ_OX366397.1;NZ_OZ034713.1;NZ_OZ034764.1;NZ_OZ034769.1;NZ_OZ034773.1;NZ_OZ034792.1	69	69	2165	2400	2400	2400	99.670	99.670	1	1	1-1212	NZ_OZ035002.1	0	0											30	30	2177	2414	2414	2414	99.835	99.835	1	1	1-1212	NZ_CP090902.1;NZ_CP136587.1;OX384028.1
G1d7a3cafd1382d0a28df33aa	Pc399a2889a3327696ebea158	Oriens_gola	A_only	A	0	0	0	1	e5c670b545dfab49a5df0ffda3b8aa12fbe91b0c957a58879f15bcb061c5b9a9	-1703	-1889	-0.8215147129763627592860588519	0	0	0	False	NOT_ASSIGNED	47	47	3733	4139	4139	4139	99.952	99.952	1	1	1-2073	NZ_OZ034769.1	1	1	2030	2250	2250	2250	90.235	90.235	0.6473709599614085865894838398	0.6473709599614085865894838398	1-1342	NZ_OZ035002.1	0	0											13	13	3333	3695	3695	3695	93.382	93.382	1	1	1-2073	OU953855.1
G6de70487bfdf3f77829b1f46	Pcd189dc1eefba4ae08285709	Oriens_gola	A_only	A	0	0	0	0	989ee06912f065deac462a00378f0d7aad13a7092b5a2a4d7e3e26423014f6d0	-23	-25	-0.02203065134099616858237547893	1	0	0	False	NOT_ASSIGNED	87	85	1879	2083	2083	2083	99.904	99.904	1	1	1-1044	CP003884.1;NZ_CP041215.1;NZ_OX366352.1;NZ_OX366359.1;NZ_OX366387.1;NZ_OZ017714.1;NZ_OZ025779.1;NZ_OZ034695.1;NZ_OZ034763.1;NZ_OZ034764.1;NZ_OZ034769.1;NZ_OZ034792.1;NZ_OZ034793.1	5	5	1856	2058	2058	2058	99.425	99.425	1	1	1-1044	NZ_OZ035002.1	0	0											22	20	1870	2073	2073	2073	99.713	99.713	1	1	1-1044	NZ_CP110359.1
G95def3cd200553bfb2f435dd	Pd361fb920038257624d583f4	Oriens_gola	A_only	A	0	0	0	0	4f19a8415044f384e762b40ed923622ac516963d0bdc3d3aa9e50d6f43871ea2					0	1	False	NOT_ASSIGNED	25	25	720	798	798	798	100.000	100.000	1	1	1-399	CP003884.1;CP042904.1;NZ_CP041215.1;NZ_OX366327.1;NZ_OX366332.1;NZ_OX366352.1;NZ_OX366353.1;NZ_OX366359.1;NZ_OX366375.1;NZ_OX366389.1;NZ_OX366397.1;NZ_OX366398.1;NZ_OZ034712.1;NZ_OZ034713.1;NZ_OZ034764.1;NZ_OZ034769.1;NZ_OZ034773.1;NZ_OZ034779.1;NZ_OZ034792.1;NZ_OZ034796.1;NZ_OZ195515.1;NZ_OZ195518.1;OZ034697.1	0	0											0	0											1	1	624	691	691	691	94.724	94.724	0.9974937343358395989974937343	0.9974937343358395989974937343	2-399	NZ_OZ195521.1
Gfe2b55296372afa9b039e818	Pda2dffc75bee2718e9054d16	Oriens_gola	A_only	A	0	0	0	0	58011873e3b2f00260f99821a0fa47995be265d78c31d2d9f5cb4cadaa8d1dad	-2424	-2688	-1.260530421216848673946957878	0	0	0	False	NOT_ASSIGNED	37	37	3464	3841	3841	3841	99.948	99.948	1	1	1-1923	NZ_OX366327.1;NZ_OX366332.1;NZ_OX366352.1;NZ_OX366359.1;NZ_OZ034764.1;NZ_OZ034769.1;NZ_OZ034792.1	1	1	1040	1153	1153	1153	76.764	76.764	0.7171086843473738949557982319	0.7171086843473738949557982319	1-1379	NZ_OZ181655.1	0	0											3	3	2931	3250	3250	3250	93.747	93.747	1	1	1-1923	CP091195.1
G0f9edd42d7f6fbc6b567a2d4	Pdd5c78cc55f1937e37fb3db7	Oriens_gola	A_only	A	0	0	0	0	321041820a41bce4cdfda26a06a47cda05b6a486e29a870492ac5de325859c0b	-18	-20	-0.02803738317757009345794392523	1	0	0	False	NOT_ASSIGNED	80	80	1154	1279	1279	1279	99.844	99.844	1	1	1-642	NZ_CP041215.1;NZ_OX366326.1;NZ_OX366332.1;NZ_OX366351.1;NZ_OX366352.1;NZ_OX366353.1;NZ_OX366397.1;NZ_OX366400.1;NZ_OZ014602.1;NZ_OZ034690.1;NZ_OZ034713.1;NZ_OZ034716.1;NZ_OZ034726.1;NZ_OZ034762.1;NZ_OZ034764.1;NZ_OZ034769.1;NZ_OZ034773.1;NZ_OZ034792.1;NZ_OZ187004.1;NZ_OZ195525.1;OZ034694.1	1	1	1136	1259	1259	1259	99.221	99.221	1	1	1-642	NZ_OZ035002.1	0	0											15	15	1141	1264	1264	1264	99.377	99.377	1	1	1-642	NZ_CP090902.1;NZ_CP110359.1;NZ_CP136587.1;NZ_CP157591.1;NZ_CP170632.1;NZ_CP175927.1;OX384028.1
G948abe1a9fbf76cfdf78d685	Pfd55ca99eaf0d62d7a09bf25	Oriens_gola	A_only	A	0	0	0	0	1ed3704cf0b4f2f7f6a02c770aab99aa12963364842fe710073cc797844e2a20	-81	-90	-0.2477064220183486238532110092	0	0	0	False	NOT_ASSIGNED	47	47	590	654	654	654	100.000	100.000	1	1	1-327	CP003884.1;NZ_CP041215.1;NZ_OX366352.1;NZ_OX366353.1;NZ_OX366359.1;NZ_OX366397.1;NZ_OZ034713.1;NZ_OZ034720.1;NZ_OZ034764.1;NZ_OZ034769.1;NZ_OZ034773.1;NZ_OZ034792.1	2	2	509	564	564	564	96.203	96.203	0.9663608562691131498470948012	0.9663608562691131498470948012	1-316	NZ_OZ181655.1	0	0											4	4	545	604	604	604	97.546	97.546	0.9938837920489296636085626911	0.9938837920489296636085626911	1-325	NZ_CP175923.1
Gacce44b567a0b941381410be	P0294554494f5a8cec05865fd	Pedesta_masuriensis	A_unknown_tie	A;unknown	0	0	0	0	4b0bf342d4612fe34a239c0cf5a18284aac2f2a0136f024b0042c685535d2b7a	-5	-5	-0.003408316291751874573960463531	1	0	0	False	NOT_ASSIGNED	82	82	2642	2929	2929	2929	99.932	99.932	1	1	1-1467	CP042904.1;NZ_OX366319.1;NZ_OX366351.1;NZ_OX366368.1;NZ_OX366375.1;NZ_OX366379.1;NZ_OX366396.1;NZ_OX366399.1;NZ_OX366400.1;NZ_OZ014602.1;NZ_OZ034690.1;NZ_OZ034702.1;NZ_OZ034706.1;NZ_OZ034712.1;NZ_OZ034715.1;NZ_OZ034716.1;NZ_OZ034719.1;NZ_OZ034721.1;NZ_OZ034726.1;NZ_OZ034728.1;NZ_OZ034762.1;NZ_OZ034782.1;NZ_OZ034784.1;NZ_OZ034785.1;NZ_OZ034791.1;NZ_OZ034913.1;NZ_OZ183482.1;NZ_OZ187004.1;NZ_OZ195515.1;NZ_OZ195518.1	2	2	2637	2924	2924	2924	99.864	99.864	1	1	1-1467	NZ_OZ035002.1	0	0											13	13	2642	2929	2929	2929	99.932	99.932	1	1	1-1467	NZ_CP170632.1;NZ_CP175927.1
G4bc3b70518eeeb7678e7ee48	P105e81cadb13fa73bec24ff5	Pedesta_masuriensis	A_only	A	0	0	0	0	436e9b3c89b2b21557a65f3ec269a1f411967021c156382ef9048f5d1605feb8	-2670	-2962	-0.8666017526777020447906523856	0	0	0	False	NOT_ASSIGNED	13	13	5442	6035	6035	6035	99.835	99.835	0.9834469328140214216163583252	0.9834469328140214216163583252	1-3030	NZ_OX366387.1	1	1	2772	3073	3073	3073	87.433	87.433	0.7234664070107108081791626095	0.7234664070107108081791626095	42-2270	NZ_OZ181655.1	0	0											3	3	4560	5056	5056	5056	93.338	93.338	0.9763063940279130152547874067	0.9763063940279130152547874067	1-3008	NZ_CP175923.1
Ga28c711842604c22ef55637d	P16ac9b89ff10a00bf5aef6dc	Pedesta_masuriensis	A_unknown_tie	A;unknown	0	0	0	0	577c30296809bca64a307033c4d3d22846472cc8c9113d0d00771c97be0d54c3	-45	-50	-0.09868421052631578947368421053	1	0	0	False	NOT_ASSIGNED	80	80	819	907	907	907	99.781	99.781	1	1	1-456	NZ_OX366387.1;NZ_OZ035007.1;NZ_OZ195515.1;OZ034694.1	1	1	774	857	857	857	97.588	97.588	1	1	1-456	NZ_OZ035002.1	0	0											15	15	819	907	907	907	99.781	99.781	1	1	1-456	NZ_CP110359.1
G2ebbea90aca54ce125f92ae9	P17c4a8f0e8f2f82c6ac338cd	Pedesta_masuriensis	A_only	A	0	0	0	0	f58dd85c23d02abdf34326d46df6034d11f15e76efabff2c60b0a2dbce8de50a	-1028	-1140	-1.105376344086021505376344086	0	0	0	False	NOT_ASSIGNED	107	95	1678	1860	1860	1860	100.000	100.000	1	1	1-930	NZ_OX366352.1;NZ_OX366369.1;NZ_OX366397.1;NZ_OZ034702.1;NZ_OZ034713.1;NZ_OZ034721.1;NZ_OZ034764.1;NZ_OZ034773.1;NZ_OZ034792.1;NZ_OZ034913.1;NZ_OZ035007.1	1	1	650	720	720	720	79.095	79.095	0.8032258064516129032258064516	0.8032258064516129032258064516	184-930	NZ_OZ035002.1	0	0											18	18	1090	1208	1208	1208	85.791	85.791	0.9989247311827956989247311828	0.9989247311827956989247311828	1-929	NZ_CP175923.1
Gf6b2d21c9bcafdf330df09e5	P20dcc1f87621309dee9a6f80	Pedesta_masuriensis	A_only	A	0	0	0	0	33c5e745c5536351375ff3d6225b80b5ed469c1a9f81afef13a1b86b5094a702	-51	-57	-0.04607046070460704607046070461	1	0	0	False	NOT_ASSIGNED	113	113	1997	2214	2214	2214	100.000	100.000	1	1	1-1107	NZ_OX366353.1;NZ_OZ034701.1	74	74	1946	2157	2157	2157	97.961	97.961	1	1	1-1107	NZ_OZ035002.1	1	1	810	897	897	897	84.048	84.048	0.6738934056007226738934056007	0.6738934056007226738934056007	358-1103	NZ_OZ034692.1	51	51	1988	2204	2204	2204	99.819	99.819	1	1	1-1107	NZ_CP090902.1
G5317fece30b0a68e32a4cdf9	P22c5aea74644942fb02544bc	Pedesta_masuriensis	A_only	A	0	0	0	1	c0822fab653f31f91161f3044d8bd683bd589f72b23284f2fac5ad330dfad531	-13	-15	-0.007034632034632034632034632035	1	0	0	False	NOT_ASSIGNED	114	113	3333	3696	3696	3696	100.000	100.000	1	1	1-1848	NZ_OX366319.1;NZ_OX366369.1;NZ_OX366387.1;NZ_OZ034702.1;NZ_OZ034706.1;NZ_OZ034721.1;NZ_OZ034913.1	74	74	3320	3681	3681	3681	99.838	99.838	1	1	1-1848	NZ_OZ035002.1	1	1	2217	2458	2458	2458	86.430	86.430	1	1	1-1848	NZ_OZ034692.1	51	50	3320	3681	3681	3681	99.838	99.838	1	1	1-1848	NZ_CP069053.1;NZ_CP069060.1;NZ_CP090902.1;NZ_CP136586.1;NZ_CP136587.1;NZ_CP157591.1;NZ_CP170632.1;NZ_CP175927.1;OX384028.1
G30a20c3046961112d4d6ffcc	P23e7a20ecc5930faafdadf7b	Pedesta_masuriensis	A_only	A	0	0	0	1	68bd73041c57ceab8bf4c5ac8e2a223a7111b408953d0cff27302000d7a4d654	-63	-70	-0.04365904365904365904365904366	1	0	0	False	NOT_ASSIGNED	114	113	2594	2876	2876	2876	99.861	99.861	1	1	1-1443	NZ_OX366319.1;NZ_OX366369.1;NZ_OX366387.1;NZ_OZ034702.1;NZ_OZ034706.1;NZ_OZ034721.1;NZ_OZ034913.1;NZ_OZ035007.1	74	74	2531	2806	2806	2806	98.891	98.891	1	1	1-1443	NZ_OZ035002.1	1	1	1637	1815	1815	1815	85.249	85.249	1	1	1-1443	NZ_OZ034692.1	51	50	2538	2814	2814	2814	99.031	99.031	1	1	1-1443	NZ_CP110359.1
Gbe73063b5c0d95a8fe8716f0	P2c83049b426ff56b08fe28b0	Pedesta_masuriensis	A_only	A	0	0	0	0	4c4c01283fddfc343e9ecda74eb9a9c0d0c70d718ca8691b2b141b622f429203					0	1	False	NOT_ASSIGNED	30	30	2673	2964	2964	2964	100.000	100.000	1	1	1-1482	NZ_OX366387.1;NZ_OZ034706.1	0	0											0	0											0	0										
Gdca2c48406decc4a2942e08e	P493f6ff5725a58e31ceb52ab	Pedesta_masuriensis	A_only	A	0	0	0	0	daf29bb772d8912e41215f28e78eb58cd6afc40369bbfb5edc224c647fdc48de	-41	-45	-0.03785780240073868882733148661	1	0	0	False	NOT_ASSIGNED	76	76	1954	2166	2166	2166	100.000	100.000	1	1	1-1083	NZ_OX366319.1;NZ_OX366369.1;NZ_OX366387.1;NZ_OZ034702.1;NZ_OZ034721.1;NZ_OZ034913.1;NZ_OZ035007.1	1	1	1913	2121	2121	2121	99.169	99.169	1	1	1-1083	NZ_OZ035002.1	0	0											19	19	1918	2126	2126	2126	99.261	99.261	1	1	1-1083	CP091195.1
Ge69df389376886d2cbb06f6f	P52a038d73fbb0dc2fce63fa2	Pedesta_masuriensis	A_only	A	0	0	0	1	97c74ac6bccbf40a0fc3cabf061916fba0318d895050db6f91b649b89acb39f2	-7	-7	-0.006357856494096276112624886467	1	0	0	False	NOT_ASSIGNED	81	79	1982	2197	2197	2197	99.909	99.909	1	1	1-1101	CP003884.1;NZ_OX366332.1;NZ_OX366352.1;NZ_OX366399.1;NZ_OZ034706.1;NZ_OZ034713.1;NZ_OZ034764.1;NZ_OZ034769.1;NZ_OZ034773.1;NZ_OZ034785.1	35	35	1975	2190	2190	2190	99.819	99.819	1	1	1-1101	NZ_OZ035002.1	0	0											20	19	1977	2192	2192	2192	99.818	99.818	1	1	1-1101	NZ_CP069053.1;NZ_CP069060.1;NZ_CP090902.1;NZ_CP170632.1;OX384028.1
G92fb1027221f8d0f5806a242	P642aafeefb367660a9b78c39	Pedesta_masuriensis	A_only	A	0	0	0	1	9946cac0582336879437c62cb585a35e35099a130ca37766246def0cbab08d6c	-85	-95	-0.06227106227106227106227106227	1	0	0	False	NOT_ASSIGNED	114	113	2462	2730	2730	2730	100.000	100.000	1	1	1-1365	NZ_OZ034706.1	74	74	2377	2635	2635	2635	98.608	98.608	1	1	1-1365	NZ_OZ035002.1	1	1	1424	1578	1578	1578	83.395	83.395	0.9882783882783882783882783883	0.9882783882783882783882783883	1-1349	NZ_OZ034692.1	51	50	2377	2635	2635	2635	98.608	98.608	1	1	1-1365	CP076228.1;NZ_CP069053.1;NZ_CP069060.1;NZ_CP136587.1;NZ_CP157591.1;NZ_CP170632.1
G7783ea40d334918b9c3ab954	P6650f8af23e8baae78a43f97	Pedesta_masuriensis	A_only	A	0	0	0	0	739791e6daf7d49e7a6334ba563aead3c92b3b1c51fa4d5fec8addbff34c390c	-5	-5	-0.01400560224089635854341736695	1	0	0	False	NOT_ASSIGNED	83	83	645	714	714	714	100.000	100.000	1	1	1-357	CP003884.1;NZ_CP041215.1;NZ_CP054598.1;NZ_OX366319.1;NZ_OX366326.1;NZ_OX366332.1;NZ_OX366351.1;NZ_OX366352.1;NZ_OX366353.1;NZ_OX366387.1;NZ_OX366395.1;NZ_OX366397.1;NZ_OX366400.1;NZ_OZ014602.1;NZ_OZ034690.1;NZ_OZ034702.1;NZ_OZ034706.1;NZ_OZ034713.1;NZ_OZ034716.1;NZ_OZ034720.1;NZ_OZ034721.1;NZ_OZ034726.1;NZ_OZ034728.1;NZ_OZ034762.1;NZ_OZ034764.1;NZ_OZ034769.1;NZ_OZ034773.1;NZ_OZ034792.1;NZ_OZ034913.1;NZ_OZ187004.1;NZ_OZ195525.1	1	1	640	709	709	709	99.720	99.720	1	1	1-357	NZ_OZ035002.1	0	0											15	15	640	709	709	709	99.720	99.720	1	1	1-357	NZ_CP069053.1;NZ_CP069060.1;NZ_CP136587.1;NZ_CP170632.1;NZ_CP175927.1
Gff37ac67f75440f57ba584b6	P69d68c4e9723a50f19464644	Pedesta_masuriensis	A_only	A	0	0	0	0	34505fe65c28fb8cccf28997bede40634160e5c1eeeeae468b2b74b6888b77a9	-85	-95	-0.06558641975308641975308641975	1	0	0	False	NOT_ASSIGNED	87	87	2333	2587	2587	2587	99.923	99.923	1	1	1-1296	NZ_OX366387.1;NZ_OZ035007.1	2	2	2248	2492	2492	2492	98.457	98.457	1	1	1-1296	NZ_OZ035002.1	0	0											17	17	2257	2502	2502	2502	98.611	98.611	1	1	1-1296	NZ_OU909470.1
G916b5a9b5d8bb1ea30a6df7a	P7b8604775adae8acd2294a64	Pedesta_masuriensis	AB_unknown_tie	A;B;unknown	0	0	0	0	e9feff25d7c316ffb61c5ae48dec01a8e4c01d6cbccfd5ea88d71ec6b1219da6	0	0	0	1	0	0	False	NOT_ASSIGNED	105	105	3220	3570	3570	3570	100.000	100.000	1	1	1-1785	NZ_CP011148.1;NZ_OX366319.1;NZ_OX366326.1;NZ_OX366368.1;NZ_OX366369.1;NZ_OX366379.1;NZ_OX366399.1;NZ_OX366400.1;NZ_OZ014602.1;NZ_OZ034690.1;NZ_OZ034702.1;NZ_OZ034706.1;NZ_OZ034716.1;NZ_OZ034719.1;NZ_OZ034721.1;NZ_OZ034726.1;NZ_OZ034728.1;NZ_OZ034762.1;NZ_OZ034785.1;NZ_OZ034791.1;NZ_OZ034913.1;NZ_OZ035007.1;NZ_OZ183482.1;NZ_OZ187004.1;NZ_OZ195525.1	2	2	3220	3570	3570	3570	100.000	100.000	1	1	1-1785	NZ_OZ035002.1	0	0											22	22	3220	3570	3570	3570	100.000	100.000	1	1	1-1785	NZ_CP069053.1;NZ_CP069060.1;NZ_CP136587.1;NZ_CP170632.1;NZ_CP175927.1;OX384028.1
G8701e95b1a880d6b12730216	P8c07225efaa092ab30d53679	Pedesta_masuriensis	A_only	A	0	0	0	0	2641dc95d08bf6c48602cb489544a30880d3e65c82525c53aa681aee4dd5b142	-9	-10	-0.008797653958944281524926686217	1	0	0	False	NOT_ASSIGNED	83	83	1846	2046	2046	2046	100.000	100.000	1	1	1-1023	NZ_OZ034706.1;NZ_OZ035007.1	1	1	1837	2036	2036	2036	99.804	99.804	1	1	1-1023	NZ_OZ035002.1	0	0											17	17	1837	2036	2036	2036	99.804	99.804	1	1	1-1023	CP076228.1;NZ_CP069053.1;NZ_CP069060.1;NZ_CP090902.1;NZ_CP136587.1;NZ_CP170632.1;NZ_CP175927.1;OX384028.1
Gf8779d18df1765dac694d675	P8d6f063f581eb9f0d5456da6	Pedesta_masuriensis	A_only	A	0	0	0	0	38b52874c3148757a9436916927e335342b0cb3ce0662c1714be582a21bb424c	-9	-10	-0.01075268817204301075268817204	1	0	0	False	NOT_ASSIGNED	77	77	1506	1669	1669	1669	99.881	99.881	1	1	1-837	NZ_OZ034706.1	1	1	1497	1659	1659	1659	99.642	99.642	1	1	1-837	NZ_OZ035002.1	0	0											13	13	1497	1659	1659	1659	99.642	99.642	1	1	1-837	CP091195.1;NZ_CP069053.1;NZ_CP069060.1;NZ_CP090902.1;NZ_CP136587.1;NZ_CP170632.1;OU953855.1;OX384028.1
Gcf4576690c3dfed74c2f48af	P8fcb3dea8eb09c45fa38015a	Pedesta_masuriensis	A_only	A	0	0	0	0	760b71c3afe564d9027f42d759a4aaf0ad925a8287a8fb15846867014edb28a3	-45	-50	-0.02884615384615384615384615385	1	0	0	False	NOT_ASSIGNED	113	113	2814	3120	3120	3120	100.000	100.000	1	1	1-1560	NZ_OX366375.1;NZ_OX366387.1;NZ_OX366388.1;NZ_OZ034712.1;NZ_OZ034796.1;OX366363.1;OZ034694.1	74	74	2769	3070	3070	3070	99.359	99.359	1	1	1-1560	NZ_OZ035002.1	1	1	1587	1759	1759	1759	82.256	82.256	1	1	1-1560	NZ_OZ034692.1	49	49	2773	3075	3075	3075	99.423	99.423	1	1	1-1560	NZ_CP110359.1
Gf41f5af4fc2568cd9a66e6c8	P942e1b2a3926d675d1974bf5	Pedesta_masuriensis	A_unknown_tie	A;unknown	0	0	0	0	f848a00d6baedfcbc362d0b779ba4bbd449b2ad9d72804f8ae14fdd4d92a9269	-72	-80	-0.09795918367346938775510204082	1	0	0	False	NOT_ASSIGNED	80	80	1326	1470	1470	1470	100.000	100.000	1	1	1-735	NZ_OX366378.1;NZ_OX366387.1;NZ_OX366388.1;NZ_OZ017714.1;NZ_OZ025779.1;NZ_OZ034695.1;NZ_OZ034717.1;NZ_OZ034763.1;NZ_OZ034793.1;NZ_OZ034998.1;NZ_OZ035007.1;OX366363.1;OZ034694.1	1	1	1254	1390	1390	1390	97.823	97.823	1	1	1-735	NZ_OZ035002.1	0	0											15	15	1326	1470	1470	1470	100.000	100.000	1	1	1-735	CP091195.1
Gfb4edd6b4f0fa1bbaac0fe8b	P95855010e0c2448a44e263ca	Pedesta_masuriensis	A_unknown_tie	A;unknown	0	0	0	0	57b7296a420ff3bcd0cc3ad2aa499f091e9a1280eb5f68fd0b1fe1bb9436c87a	-27	-30	-0.04166666666666666666666666667	1	0	0	False	NOT_ASSIGNED	80	80	1165	1291	1291	1291	99.846	99.846	1	1	1-648	CP042904.1;NZ_OX366272.1;NZ_OX366319.1;NZ_OX366347.1;NZ_OX366369.1;NZ_OX366375.1;NZ_OX366387.1;NZ_OX366396.1;NZ_OZ034701.1;NZ_OZ034702.1;NZ_OZ034706.1;NZ_OZ034796.1;NZ_OZ035007.1;NZ_OZ195518.1;OZ034694.1;OZ034697.1	1	1	1138	1261	1261	1261	98.920	98.920	1	1	1-648	NZ_OZ035002.1	0	0											15	15	1165	1291	1291	1291	99.846	99.846	1	1	1-648	NZ_CP110359.1;NZ_OU909470.1;OU953855.1
Gca09c190942c2cc259e145f5	P9897241121f49b098577aa4d	Pedesta_masuriensis	A_only	A	0	0	0	1	b3d34c642c60bdc68449c24d34b132d6e52a8992781a671f0b803dad19a3b9b7	-9	-10	-0.02631578947368421052631578947	1	0	0	False	NOT_ASSIGNED	102	90	618	684	684	684	100.000	100.000	1	1	1-342	NZ_OX366319.1;NZ_OX366327.1;NZ_OX366369.1;NZ_OX366387.1;NZ_OX366396.1;NZ_OZ034701.1;NZ_OZ034702.1;NZ_OZ034706.1;NZ_OZ034721.1;NZ_OZ034913.1;NZ_OZ035007.1;OZ034697.1	1	1	609	674	674	674	99.415	99.415	1	1	1-342	NZ_OZ035002.1	0	0											15	14	609	674	674	674	99.415	99.415	1	1	1-342	CP091195.1;NZ_CP069053.1;NZ_CP069060.1;NZ_CP090902.1;NZ_CP110359.1;NZ_CP136586.1;NZ_CP136587.1;NZ_CP157591.1;NZ_CP170632.1;NZ_CP175927.1;OX384028.1
G3f7e337b1278cc12d89c309c	Pa2bce227857811250a569cd1	Pedesta_masuriensis	A_unknown_tie	A;unknown	0	0	0	0	6a18e00f384fbb34c4808c4f27b8935711e978c99348bc0935aecda3cb1f1eec	-4	-5	-0.01320132013201320132013201320	1	0	0	False	NOT_ASSIGNED	106	106	547	606	606	606	100.000	100.000	1	1	1-303	NZ_CP054557.1;NZ_OX366347.1;NZ_OX366348.1;NZ_OX366375.1;NZ_OX366378.1;NZ_OX366388.1;NZ_OX366389.1;NZ_OX366398.1;NZ_OZ017714.1;NZ_OZ025779.1;NZ_OZ034695.1;NZ_OZ034706.1;NZ_OZ034712.1;NZ_OZ034715.1;NZ_OZ034717.1;NZ_OZ034779.1;NZ_OZ034782.1;NZ_OZ034784.1;NZ_OZ034785.1;NZ_OZ034791.1;NZ_OZ034793.1;NZ_OZ034796.1;NZ_OZ034998.1;NZ_OZ035007.1;OX366363.1;OZ034694.1	6	6	543	601	601	601	99.670	99.670	1	1	1-303	NZ_OZ035002.1	0	0											30	29	547	606	606	606	100.000	100.000	1	1	1-303	CP091195.1;NZ_CP110359.1;OU953855.1
Gaef990efeac582510aeb0ab2	Pa87d72afcf636cec7bbf5d9e	Pedesta_masuriensis	A_unknown_tie	A;unknown	0	0	0	0	dcc0dc6ce368564e82239f6cabe9ff333e7bf526507e9f29816809f18f28f7f3	-20	-22	-0.06006006006006006006006006006	0	0	0	False	NOT_ASSIGNED	104	104	601	666	666	666	100.000	100.000	1	1	1-333	NZ_CP041215.1;NZ_CP054598.1;NZ_OX366272.1;NZ_OX366327.1;NZ_OX366352.1;NZ_OX366353.1;NZ_OX366357.1;NZ_OX366359.1;NZ_OX366375.1;NZ_OX366378.1;NZ_OX366387.1;NZ_OX366388.1;NZ_OX366389.1;NZ_OX366395.1;NZ_OX366397.1;NZ_OX366398.1;NZ_OZ017714.1;NZ_OZ034695.1;NZ_OZ034701.1;NZ_OZ034712.1;NZ_OZ034713.1;NZ_OZ034717.1;NZ_OZ034720.1;NZ_OZ034763.1;NZ_OZ034764.1;NZ_OZ034769.1;NZ_OZ034773.1;NZ_OZ034779.1;NZ_OZ034785.1;NZ_OZ034792.1;NZ_OZ034796.1;NZ_OZ034998.1;NZ_OZ035007.1;NZ_OZ195518.1;OX366363.1;OZ034697.1	5	5	581	644	644	644	98.795	98.795	0.9969969969969969969969969970	0.9969969969969969969969969970	1-332	NZ_OZ035002.1	0	0											24	24	601	666	666	666	100.000	100.000	1	1	1-333	CP091195.1;NZ_OU909470.1;OU953855.1
Gd6a8b44998a253b634d40c2b	Pd361fb920038257624d583f4	Pedesta_masuriensis	A_only	A	0	0	0	0	4f19a8415044f384e762b40ed923622ac516963d0bdc3d3aa9e50d6f43871ea2					0	1	False	NOT_ASSIGNED	25	25	720	798	798	798	100.000	100.000	1	1	1-399	CP003884.1;CP042904.1;NZ_CP041215.1;NZ_OX366327.1;NZ_OX366332.1;NZ_OX366352.1;NZ_OX366353.1;NZ_OX366359.1;NZ_OX366375.1;NZ_OX366389.1;NZ_OX366397.1;NZ_OX366398.1;NZ_OZ034712.1;NZ_OZ034713.1;NZ_OZ034764.1;NZ_OZ034769.1;NZ_OZ034773.1;NZ_OZ034779.1;NZ_OZ034792.1;NZ_OZ034796.1;NZ_OZ195515.1;NZ_OZ195518.1;OZ034697.1	0	0											0	0											1	1	624	691	691	691	94.724	94.724	0.9974937343358395989974937343	0.9974937343358395989974937343	2-399	NZ_OZ195521.1
G93fe212f0b8dad2e4a8a4543	Pdd5c78cc55f1937e37fb3db7	Pedesta_masuriensis	A_only	A	0	0	0	0	5487220307ccd6107f6ea30bca727f0eefe966dbb5ccbb5618e4251feae02650	-28	-30	-0.04361370716510903426791277259	1	0	0	False	NOT_ASSIGNED	80	80	1159	1284	1284	1284	100.000	100.000	1	1	1-642	NZ_OX366347.1	1	1	1131	1254	1254	1254	99.065	99.065	1	1	1-642	NZ_OZ035002.1	0	0											15	15	1154	1279	1279	1279	99.844	99.844	1	1	1-642	NZ_CP110359.1
Gfd55ca99eaf0d62d7a09bf25	Pfd55ca99eaf0d62d7a09bf25	Pedesta_masuriensis	A_only	A	0	0	0	0	1ed3704cf0b4f2f7f6a02c770aab99aa12963364842fe710073cc797844e2a20	-81	-90	-0.2477064220183486238532110092	0	0	0	False	NOT_ASSIGNED	47	47	590	654	654	654	100.000	100.000	1	1	1-327	CP003884.1;NZ_CP041215.1;NZ_OX366352.1;NZ_OX366353.1;NZ_OX366359.1;NZ_OX366397.1;NZ_OZ034713.1;NZ_OZ034720.1;NZ_OZ034764.1;NZ_OZ034769.1;NZ_OZ034773.1;NZ_OZ034792.1	2	2	509	564	564	564	96.203	96.203	0.9663608562691131498470948012	0.9663608562691131498470948012	1-316	NZ_OZ181655.1	0	0											4	4	545	604	604	604	97.546	97.546	0.9938837920489296636085626911	0.9938837920489296636085626911	1-325	NZ_CP175923.1
G4d4ab7ea29d971be688e8590	P0294554494f5a8cec05865fd	Pedesta_rubella	A_only	A	0	0	0	0	4e0275b233849f065c211fe603976e8ea940c201a1f4c22527f651875f01dbf1	-9	-10	-0.006134969325153374233128834356	1	0	0	False	NOT_ASSIGNED	82	82	2646	2934	2934	2934	100.000	100.000	1	1	1-1467	NZ_CP041215.1;NZ_CP054598.1;NZ_OX366332.1;NZ_OX366352.1;NZ_OX366353.1;NZ_OX366397.1;NZ_OZ034713.1;NZ_OZ034764.1;NZ_OZ034773.1;NZ_OZ034792.1	2	2	2637	2924	2924	2924	99.864	99.864	1	1	1-1467	NZ_OZ035002.1	0	0											13	13	2642	2929	2929	2929	99.932	99.932	1	1	1-1467	NZ_CP170632.1;NZ_CP175927.1
Gc67d7bd863d5ece3e3bfae75	P07f88e2bb1e56fb05f02e58a	Pedesta_rubella	A_only	A	0	0	0	0	8b0d02f72aca2ae0e78b164e59f59c4df047fdc7593dfede9e27b7549637dedf	-9	-10	-0.01127819548872180451127819549	1	0	0	False	NOT_ASSIGNED	77	75	1431	1586	1586	1586	99.749	99.749	1	1	1-798	CP003884.1;NZ_OX366332.1;NZ_OX366352.1;NZ_OX366359.1;NZ_OX366397.1;NZ_OZ034713.1;NZ_OZ034769.1;NZ_OZ034773.1;NZ_OZ034792.1	1	1	1422	1576	1576	1576	99.499	99.499	1	1	1-798	NZ_OZ035002.1	0	0											13	13	1426	1581	1581	1581	99.624	99.624	1	1	1-798	NZ_CP110359.1;OU953855.1
G0c624e151735e4a9fed865d5	P0c624e151735e4a9fed865d5	Pedesta_rubella	A_only	A	0	0	0	0	466ce57dff8435b1b58a59770ce5d0c74cdc369098a7025f7b2a26f85fb8f699	-147	-163	-0.5157894736842105263157894737	0	0	0	False	NOT_ASSIGNED	55	55	515	570	570	570	100.000	100.000	1	1	1-285	CP003884.1;NZ_OX366332.1;NZ_OX366352.1;NZ_OX366353.1;NZ_OX366359.1;NZ_OX366397.1;NZ_OZ034764.1;NZ_OZ034792.1	71	71	368	407	407	407	96.018	96.018	0.7929824561403508771929824561	0.7929824561403508771929824561	16-241	NZ_OZ181655.1	0	0											36	36	510	565	565	565	99.649	99.649	1	1	1-285	NZ_CP110359.1
Gdb29ca74a82d72a1e316948c	P0f7e8941919e9b634eb350c7	Pedesta_rubella	A_only	A	0	0	0	0	bc2a3250a5d899db7839c72b92e1c066526c443d5a29b366b384b028748e6f5b	-118	-130	-0.1293859649122807017543859649	1	0	0	False	NOT_ASSIGNED	113	108	1644	1822	1822	1822	100.000	100.000	0.9989035087719298245614035088	0.9989035087719298245614035088	1-911	CP003884.1;NZ_OX366332.1;NZ_OX366397.1;NZ_OZ034713.1;NZ_OZ034764.1;NZ_OZ034773.1;NZ_OZ034792.1	73	73	1526	1692	1692	1692	97.146	97.146	0.9989035087719298245614035088	0.9989035087719298245614035088	1-911	NZ_OZ035002.1	1	1	901	998	998	998	82.202	82.202	0.9857456140350877192982456140	0.9857456140350877192982456140	13-911	NZ_OZ034692.1	40	40	1639	1817	1817	1817	99.890	99.890	0.9989035087719298245614035088	0.9989035087719298245614035088	1-911	NZ_CP110359.1
G349897e74712cf4f500d5f19	P105e81cadb13fa73bec24ff5	Pedesta_rubella	A_only	A	0	0	0	0	b2aefcc7a9a869d3524f3d630fe8e7154b37c20b46b58ca23479761a082ef6c6	-3078	-3414	-1.14	0	0	0	False	NOT_ASSIGNED	37	37	4870	5400	5400	5400	100.000	100.000	1	1	1-2700	NZ_OZ034764.1	1	1	1792	1986	1986	1986	76.023	76.023	0.9277777777777777777777777778	0.9277777777777777777777777778	1-2505	NZ_OZ181655.1	0	0											4	4	4083	4527	4527	4527	93.593	93.593	1	1	1-2700	CP091195.1
G13e05d070734305f12c2eb26	P13e05d070734305f12c2eb26	Pedesta_rubella	A_only	A	0	0	0	0	d3560b5d4f4c5e3743342ec2bf83a1c3967d869780e61fe291fad16d63ec5e6f	-63	-70	-0.2019230769230769230769230769	0	0	0	False	NOT_ASSIGNED	20	20	563	624	624	624	100.000	100.000	1	1	1-312	CP003884.1;NZ_CP041215.1;NZ_CP054598.1;NZ_OX366332.1;NZ_OX366352.1;NZ_OX366359.1;NZ_OX366397.1;NZ_OZ034713.1;NZ_OZ034764.1;NZ_OZ034769.1;NZ_OZ034773.1;NZ_OZ034792.1	1	1	500	554	554	554	94.654	94.654	0.9935897435897435897435897436	0.9935897435897435897435897436	1-310	NZ_OZ181655.1	0	0											2	2	540	598	598	598	97.188	97.188	1	1	1-312	NZ_OW370537.1
Gc7017a6a1b4bfdeff80041c6	P1440feb117cd723f6abb3813	Pedesta_rubella	A_only	A	0	0	0	0	ba5d0fabd5c25da087938ce7dbd629cb9f50a5820d221f35a9dde980f732b5b5	-366	-406	-0.1426900584795321637426900585	1	0	0	False	NOT_ASSIGNED	113	113	4626	5130	5130	5130	100.000	100.000	1	1	1-2565	NZ_CP041215.1;NZ_OX366332.1;NZ_OX366352.1;NZ_OX366397.1;NZ_OZ034713.1;NZ_OZ034764.1;NZ_OZ034792.1	73	73	4260	4724	4724	4724	96.696	96.696	1	1	1-2565	NZ_OZ034708.1	0	0											47	47	4387	4865	4865	4865	97.934	97.934	1	1	1-2565	OU953855.1
G28349f6be81a20267dd7e351	P16ac9b89ff10a00bf5aef6dc	Pedesta_rubella	A_only	A	0	0	0	0	c3378cabf3c085f163732a3a5da9d150a7da79000565b4cf1b63d870c780c7fb	-5	-5	-0.01096491228070175438596491228	1	0	0	False	NOT_ASSIGNED	80	80	819	907	907	907	99.781	99.781	1	1	1-456	CP003884.1;NZ_CP041215.1;NZ_CP054598.1;NZ_OX366332.1;NZ_OX366352.1;NZ_OX366397.1;NZ_OZ034713.1;NZ_OZ034764.1;NZ_OZ034769.1;NZ_OZ034773.1;NZ_OZ034792.1	1	1	814	902	902	902	99.561	99.561	1	1	1-456	NZ_OZ035002.1	0	0											15	15	814	902	902	902	99.561	99.561	1	1	1-456	CP076228.1;NZ_CP069053.1;NZ_CP069060.1;NZ_CP090902.1;NZ_CP136586.1;NZ_CP136587.1;NZ_CP157591.1;NZ_CP170632.1;NZ_CP175927.1;OU953855.1;OX384028.1
G1224b4e3512ea01aa1d90210	P17c4a8f0e8f2f82c6ac338cd	Pedesta_rubella	A_only	A	0	0	0	0	556f368fb56fe9d70dae35e6fa5972b99d69636b92a3b18eeab31ca159cc9aa9	-1033	-1145	-1.110752688172043010752688172	0	0	0	False	NOT_ASSIGNED	104	95	1678	1860	1860	1860	100.000	100.000	1	1	1-930	NZ_OZ034769.1	1	1	645	715	715	715	78.961	78.961	0.8032258064516129032258064516	0.8032258064516129032258064516	184-930	NZ_OZ035002.1	0	0											18	18	1086	1203	1203	1203	85.684	85.684	0.9989247311827956989247311828	0.9989247311827956989247311828	1-929	NZ_CP175923.1
G46d32a1ea614623e58c9f90f	P20dcc1f87621309dee9a6f80	Pedesta_rubella	A_only	A	0	0	0	0	b5a30052a3fe751ea1ab92654877956144d2148774517b7367dc8a67d14c14d3	-52	-57	-0.04697380307136404697380307136	1	0	0	False	NOT_ASSIGNED	113	113	1993	2209	2209	2209	99.910	99.910	1	1	1-1107	NZ_OX366353.1;NZ_OZ034701.1	74	74	1941	2152	2152	2152	97.872	97.872	1	1	1-1107	NZ_OZ035002.1	1	1	810	897	897	897	84.048	84.048	0.6738934056007226738934056007	0.6738934056007226738934056007	358-1103	NZ_OZ034692.1	51	51	1984	2199	2199	2199	99.729	99.729	1	1	1-1107	NZ_CP090902.1
G4beb8e5f545f63c6aa4373e2	P22c5aea74644942fb02544bc	Pedesta_rubella	A_only	A	0	0	0	1	469b1b881cf0bd089d2447dc3a732e8fc9af42e7417b6683e740aa3ae36697d8	-254	-282	-0.1372231226364127498649378714	1	0	0	False	NOT_ASSIGNED	114	113	3339	3702	3702	3702	100.000	100.000	1	1	1-1851	CP003884.1;NZ_OX366332.1;NZ_OX366352.1;NZ_OX366353.1;NZ_OX366359.1;NZ_OZ034769.1;NZ_OZ034792.1	74	74	3085	3420	3420	3420	96.823	96.823	1	1	1-1851	NZ_OZ034718.1	1	1	2246	2490	2490	2490	86.807	86.807	1	1	1-1851	NZ_OZ034692.1	51	50	3085	3420	3420	3420	96.823	96.823	1	1	1-1851	NZ_CP192272.1
G739283488e48ca2cf1d19923	P2c83049b426ff56b08fe28b0	Pedesta_rubella	A_only	A	0	0	0	0	b733c890d27538443e1dcb6a7ac814f3874c2c1eaf6ce0634c5447c063862504					0	1	False	NOT_ASSIGNED	30	30	2669	2959	2959	2959	99.933	99.933	1	1	1-1482	NZ_CP041215.1;NZ_OX366332.1;NZ_OX366352.1;NZ_OX366353.1;NZ_OX366397.1;NZ_OZ034764.1;NZ_OZ034769.1	0	0											0	0											0	0										
G23c2174dc24d9f04da0df31c	P3e4fb06e9670f3171001e548	Pedesta_rubella	A_unknown_tie	A;unknown	0	0	0	0	c88da66754d92c3e4978950bbb1e1ce5569cb159d223f4da32cf374d7a8ffb7d	-5	-5	-0.005393743257820927723840345200	1	0	0	False	NOT_ASSIGNED	47	47	1673	1854	1854	1854	100.000	100.000	1	1	1-927	CP003884.1;NZ_CP041215.1;NZ_OX366332.1;NZ_OX366348.1;NZ_OX366352.1;NZ_OX366359.1;NZ_OX366368.1;NZ_OX366369.1;NZ_OX366379.1;NZ_OX366387.1;NZ_OX366388.1;NZ_OX366397.1;NZ_OX366398.1;NZ_OX366399.1;NZ_OZ034713.1;NZ_OZ034769.1;NZ_OZ034773.1;NZ_OZ034779.1;NZ_OZ034793.1;NZ_OZ034796.1;NZ_OZ034913.1;NZ_OZ035007.1;NZ_OZ183482.1;OX366363.1	2	2	1668	1849	1849	1849	99.892	99.892	1	1	1-927	NZ_OZ035002.1	0	0											10	10	1673	1854	1854	1854	100.000	100.000	1	1	1-927	NZ_CP175927.1
G46fd7c9ff97e1ae78cdaf167	P44f6e46ea2ed589cedda429f	Pedesta_rubella	A_only	A	0	0	0	0	635ad6401ad075751dd15461d2baf12ebc22c11804b0f8090dcc5ca75c5579ea					0	1	False	NOT_ASSIGNED	13	13	5288	5864	5864	5864	99.932	99.932	1	1	1-2937	NZ_OX366369.1;NZ_OZ034769.1	0	0											1	1	1872	2075	2075	2075	82.960	82.960	0.5948246510044262853251617297	0.5948246510044262853251617297	1191-2937	NZ_OZ034692.1	3	3	2235	2478	2478	2478	88.082	88.082	0.5948246510044262853251617297	0.5948246510044262853251617297	1191-2937	OU953855.1
G2bfb9c086c088ed1a0ac0dcf	P493f6ff5725a58e31ceb52ab	Pedesta_rubella	A_only	A	0	0	0	0	da0d8fe005def433e13416c834351fdcaf030b88f1ec8bfd59c61c9dfede4f16	-23	-25	-0.02123730378578024007386888273	1	0	0	False	NOT_ASSIGNED	76	76	1954	2166	2166	2166	100.000	100.000	1	1	1-1083	CP003884.1;NZ_CP041215.1;NZ_OX366332.1;NZ_OX366352.1;NZ_OX366353.1;NZ_OX366397.1;NZ_OZ034713.1;NZ_OZ034764.1;NZ_OZ034769.1;NZ_OZ034773.1;NZ_OZ034792.1	1	1	1931	2141	2141	2141	99.538	99.538	1	1	1-1083	NZ_OZ035002.1	0	0											19	19	1945	2156	2156	2156	99.815	99.815	1	1	1-1083	OU953855.1
G09b74737ace36c8a4c125e3e	P52a038d73fbb0dc2fce63fa2	Pedesta_rubella	A_only	A	0	0	0	1	82a19fe23f557c1a5d39feab517002c509b15df31fc03c6c52583bb5285768a2	-15	-17	-0.01362397820163487738419618529	1	0	0	False	NOT_ASSIGNED	81	79	1986	2202	2202	2202	100.000	100.000	1	1	1-1101	CP003884.1;NZ_OX366332.1;NZ_OX366352.1;NZ_OZ034713.1;NZ_OZ034764.1;NZ_OZ034769.1;NZ_OZ034773.1	35	35	1971	2185	2185	2185	99.728	99.728	1	1	1-1101	NZ_OZ035002.1	0	0											20	19	1973	2187	2187	2187	99.728	99.728	1	1	1-1101	NZ_CP069053.1;NZ_CP069060.1;NZ_CP090902.1;NZ_CP170632.1;OX384028.1
Gc221b679f7312bbd2cbe7ee2	P642aafeefb367660a9b78c39	Pedesta_rubella	A_only	A	0	0	0	1	8ef93ad4d9ae166d885b22092e28a20ac05c29ec5f6a938bca7d0984d0743518	-94	-105	-0.06886446886446886446886446886	0	0	0	False	NOT_ASSIGNED	114	113	2462	2730	2730	2730	100.000	100.000	1	1	1-1365	CP003884.1;NZ_CP041215.1;NZ_CP054598.1;NZ_OX366332.1;NZ_OX366352.1;NZ_OX366353.1;NZ_OX366359.1;NZ_OX366397.1;NZ_OZ034713.1;NZ_OZ034764.1;NZ_OZ034769.1;NZ_OZ034792.1	74	74	2368	2625	2625	2625	98.249	98.249	0.9985347985347985347985347985	0.9985347985347985347985347985	1-1363	NZ_OX366334.1;OX366390.1	1	1	1460	1618	1618	1618	83.988	83.988	0.9882783882783882783882783883	0.9882783882783882783882783883	1-1349	NZ_OZ034692.1	51	50	2394	2654	2654	2654	98.616	98.616	1	1	1-1365	NZ_CP110359.1
G8bdd1bc0261e07f97baec800	P6650f8af23e8baae78a43f97	Pedesta_rubella	A_only	A	0	0	0	0	739791e6daf7d49e7a6334ba563aead3c92b3b1c51fa4d5fec8addbff34c390c	-5	-5	-0.01400560224089635854341736695	1	0	0	False	NOT_ASSIGNED	83	83	645	714	714	714	100.000	100.000	1	1	1-357	CP003884.1;NZ_CP041215.1;NZ_CP054598.1;NZ_OX366319.1;NZ_OX366326.1;NZ_OX366332.1;NZ_OX366351.1;NZ_OX366352.1;NZ_OX366353.1;NZ_OX366387.1;NZ_OX366395.1;NZ_OX366397.1;NZ_OX366400.1;NZ_OZ014602.1;NZ_OZ034690.1;NZ_OZ034702.1;NZ_OZ034706.1;NZ_OZ034713.1;NZ_OZ034716.1;NZ_OZ034720.1;NZ_OZ034721.1;NZ_OZ034726.1;NZ_OZ034728.1;NZ_OZ034762.1;NZ_OZ034764.1;NZ_OZ034769.1;NZ_OZ034773.1;NZ_OZ034792.1;NZ_OZ034913.1;NZ_OZ187004.1;NZ_OZ195525.1	1	1	640	709	709	709	99.720	99.720	1	1	1-357	NZ_OZ035002.1	0	0											15	15	640	709	709	709	99.720	99.720	1	1	1-357	NZ_CP069053.1;NZ_CP069060.1;NZ_CP136587.1;NZ_CP170632.1;NZ_CP175927.1
G7f959789266b55a2d3a75fad	P69d68c4e9723a50f19464644	Pedesta_rubella	A_only	A	0	0	0	0	b35e5b1f2e893c92f0f0d84c040f855781ad39468094c6684ba8a08f36585b07	-45	-50	-0.03472222222222222222222222222	1	0	0	False	NOT_ASSIGNED	87	87	2329	2582	2582	2582	99.846	99.846	1	1	1-1296	NZ_CP041215.1;NZ_OX366332.1;NZ_OX366352.1;NZ_OX366397.1;NZ_OZ034713.1;NZ_OZ034764.1;NZ_OZ034769.1;NZ_OZ034773.1;NZ_OZ034792.1	2	2	2284	2532	2532	2532	99.074	99.074	1	1	1-1296	NZ_OZ035002.1	0	0											17	17	2284	2532	2532	2532	99.074	99.074	1	1	1-1296	NZ_CP069053.1;NZ_CP069060.1;NZ_CP090902.1;NZ_CP136587.1;OX384028.1
G4b3d80772ce9ecbdf54f1cee	P6e77e4124db35977ff81de98	Pedesta_rubella	A_only	A	0	0	0	0	cdc920b1effc40c05994624fcdfd789e99db6ca0571b8fafb060f2dbc27bd75b	-277	-308	-0.5699588477366255144032921811	0	0	0	False	NOT_ASSIGNED	38	36	877	972	972	972	100.000	100.000	1	1	1-486	CP003884.1;NZ_CP041215.1;NZ_CP054557.1;NZ_OX366332.1;NZ_OX366352.1;NZ_OX366359.1;NZ_OX366397.1;NZ_OZ034706.1;NZ_OZ034769.1;NZ_OZ034773.1;NZ_OZ034791.1	1	1	600	664	664	664	100.000	100.000	0.6831275720164609053497942387	0.6831275720164609053497942387	1-332	NZ_OZ035002.1	0	0											7	5	873	967	967	967	99.794	99.794	1	1	1-486	NZ_CP157591.1
Gc5b35a4cde813eca342e51a3	P71bb8c7f5b149dba1c7305d5	Pedesta_rubella	A_only	A	0	0	0	0	194eaa96d1dce94bf44fc6776bff308279f0e8c7d80901a4047a0896b03ae0bf	-62	-69	-0.05990338164251207729468599034	1	0	0	False	NOT_ASSIGNED	76	74	1867	2070	2070	2070	100.000	100.000	1	1	1-1035	CP003884.1;NZ_CP041215.1;NZ_CP054598.1;NZ_OX366332.1;NZ_OX366352.1;NZ_OX366397.1;NZ_OZ034713.1;NZ_OZ034769.1;NZ_OZ034792.1	1	1	1805	2001	2001	2001	98.090	98.090	1	1	1-1035	NZ_OZ035002.1	0	0											19	19	1831	2030	2030	2030	99.227	99.227	1	1	1-1035	NZ_CP170632.1
Gd99a7e79fd5d20b92c665b19	P8199b65d2f3a3eb73fd3881f	Pedesta_rubella	A_unknown_tie	A;unknown	0	0	0	0	8bcbeef16536f8a5a9f0e79ef5b8e7cca04cd0c9662c9a593282ad3340a3e764	-804	-892	-0.7570621468926553672316384181	0	0	0	False	NOT_ASSIGNED	20	17	1916	2124	2124	2124	100.000	100.000	1	1	1-1062	NZ_OX366327.1;NZ_OX366352.1;NZ_OX366397.1;NZ_OX366399.1;NZ_OX366400.1;NZ_OZ034713.1;NZ_OZ034769.1;NZ_OZ034773.1;NZ_OZ187004.1	2	1	1112	1232	1232	1232	92.622	92.622	0.7118644067796610169491525424	0.7118644067796610169491525424	307-1062	NZ_OX366345.1	0	0											1	1	1916	2124	2124	2124	100.000	100.000	1	1	1-1062	NZ_CP170632.1
Ga83300a570c5b985a6dca519	P8c07225efaa092ab30d53679	Pedesta_rubella	A_only	A	0	0	0	0	e273bceebb98055610ddb0929e764058f3e432b2f61bfbed86323a94a4678808	-14	-15	-0.01368523949169110459433040078	1	0	0	False	NOT_ASSIGNED	83	83	1846	2046	2046	2046	100.000	100.000	1	1	1-1023	CP003884.1;NZ_CP041215.1;NZ_OX366332.1;NZ_OX366352.1;NZ_OX366359.1;NZ_OX366397.1;NZ_OZ034713.1;NZ_OZ034764.1;NZ_OZ034769.1;NZ_OZ034773.1;NZ_OZ034792.1	1	1	1832	2031	2031	2031	99.707	99.707	1	1	1-1023	NZ_OZ035002.1	0	0											17	17	1832	2031	2031	2031	99.707	99.707	1	1	1-1023	CP076228.1;NZ_CP069053.1;NZ_CP069060.1;NZ_CP090902.1;NZ_CP136587.1;NZ_CP170632.1;NZ_CP175927.1;OX384028.1
Gf5a265e417f545812a752113	P8d6f063f581eb9f0d5456da6	Pedesta_rubella	A_only	A	0	0	0	0	0a4f1d88dddac9b5470c07d87bf286d9c11b7597f02cd79e2d1641736dd8ba65	-4	-5	-0.004778972520908004778972520908	1	0	0	False	NOT_ASSIGNED	77	77	1510	1674	1674	1674	100.000	100.000	1	1	1-837	CP003884.1;NZ_CP041215.1;NZ_CP054598.1;NZ_OX366319.1;NZ_OX366327.1;NZ_OX366332.1;NZ_OX366352.1;NZ_OX366359.1;NZ_OX366369.1;NZ_OX366389.1;NZ_OX366397.1;NZ_OX366398.1;NZ_OZ034702.1;NZ_OZ034713.1;NZ_OZ034719.1;NZ_OZ034721.1;NZ_OZ034764.1;NZ_OZ034769.1;NZ_OZ034773.1;NZ_OZ034779.1;NZ_OZ034792.1;NZ_OZ034796.1;NZ_OZ034913.1;NZ_OZ195515.1	1	1	1506	1669	1669	1669	99.881	99.881	1	1	1-837	NZ_OZ035002.1	0	0											13	13	1506	1669	1669	1669	99.881	99.881	1	1	1-837	CP091195.1;NZ_CP069053.1;NZ_CP069060.1;NZ_CP090902.1;NZ_CP136587.1;NZ_CP170632.1;OU953855.1;OX384028.1
G46df637294cbd46054d0a533	P8fcb3dea8eb09c45fa38015a	Pedesta_rubella	A_only	A	0	0	0	0	ab6f8ad35f9668a4ca3a7a35bcdf76ba5edc783a89968529a14adef02d1ff3bf	-86	-95	-0.05512820512820512820512820513	1	0	0	False	NOT_ASSIGNED	113	113	2814	3120	3120	3120	100.000	100.000	1	1	1-1560	CP003884.1;NZ_OX366332.1;NZ_OX366352.1;NZ_OX366353.1;NZ_OX366359.1;NZ_OX366397.1;NZ_OZ034713.1;NZ_OZ034764.1;NZ_OZ034769.1;NZ_OZ034773.1;NZ_OZ034792.1	74	74	2728	3025	3025	3025	98.782	98.782	1	1	1-1560	NZ_OZ034708.1	1	1	1515	1679	1679	1679	81.242	81.242	1	1	1-1560	NZ_OZ034692.1	49	49	2629	2915	2915	2915	97.372	97.372	1	1	1-1560	NZ_CP102058.1
Gffb901e4aece395b5f124113	P942e1b2a3926d675d1974bf5	Pedesta_rubella	A_only	A	0	0	0	0	af23929326c50fb142d7910fdf6d21671df07a9af9e9e209b3c58fc12252eef9	-9	-10	-0.01224489795918367346938775510	1	0	0	False	NOT_ASSIGNED	80	80	1326	1470	1470	1470	100.000	100.000	1	1	1-735	CP003884.1;NZ_CP054598.1;NZ_OX366352.1;NZ_OX366353.1;NZ_OX366359.1;NZ_OX366397.1;NZ_OZ034713.1;NZ_OZ034764.1;NZ_OZ034769.1;NZ_OZ034773.1	1	1	1317	1460	1460	1460	99.728	99.728	1	1	1-735	NZ_OZ035002.1	0	0											15	15	1317	1460	1460	1460	99.728	99.728	1	1	1-735	NZ_CP157591.1;NZ_CP170632.1;NZ_CP175927.1
G870497eabbdf0ec866ad9518	P95855010e0c2448a44e263ca	Pedesta_rubella	A_only	A	0	0	0	0	76d343faa6dc085104277f6f181b1af156b8dc41d8d8f5ddaf0fa906300208f4	-22	-25	-0.03395061728395061728395061728	1	0	0	False	NOT_ASSIGNED	80	80	1169	1296	1296	1296	100.000	100.000	1	1	1-648	CP003884.1;NZ_CP041215.1;NZ_CP054598.1;NZ_OX366326.1;NZ_OX366332.1;NZ_OX366351.1;NZ_OX366352.1;NZ_OX366353.1;NZ_OX366389.1;NZ_OX366397.1;NZ_OX366398.1;NZ_OX366400.1;NZ_OZ014602.1;NZ_OZ034690.1;NZ_OZ034713.1;NZ_OZ034715.1;NZ_OZ034716.1;NZ_OZ034726.1;NZ_OZ034728.1;NZ_OZ034762.1;NZ_OZ034764.1;NZ_OZ034769.1;NZ_OZ034773.1;NZ_OZ034779.1;NZ_OZ034792.1;NZ_OZ187004.1;NZ_OZ195515.1;NZ_OZ195525.1	1	1	1147	1271	1271	1271	99.228	99.228	1	1	1-648	NZ_OZ035002.1	0	0											15	15	1165	1291	1291	1291	99.846	99.846	1	1	1-648	NZ_CP110359.1;NZ_OU909470.1;OU953855.1
G9c634e9ce3b2659d72b50699	P9897241121f49b098577aa4d	Pedesta_rubella	A_only	A	0	0	0	1	378df916bdf43fbe0bc7dc0f56cc24bfac8c32b6c17f6d7e4ad8cc334a102a3b	-14	-15	-0.04093567251461988304093567251	1	0	0	False	NOT_ASSIGNED	102	90	618	684	684	684	100.000	100.000	1	1	1-342	CP003884.1;NZ_CP041215.1;NZ_CP054598.1;NZ_OX366332.1;NZ_OX366352.1;NZ_OX366353.1;NZ_OX366359.1;NZ_OX366397.1;NZ_OZ034713.1;NZ_OZ034769.1;NZ_OZ034773.1;NZ_OZ034792.1	1	1	604	669	669	669	99.123	99.123	1	1	1-342	NZ_OZ035002.1	0	0											15	14	613	679	679	679	99.708	99.708	1	1	1-342	CP091195.1;NZ_CP110359.1
Gcda6725d50b6ed8bcc295f5b	Pa2bce227857811250a569cd1	Pedesta_rubella	A_only	A	0	0	0	0	5dd6595b77fd6d98bacaa85ca8c2d4f8ba6a85a07f09c167c064130b1236aaef	-9	-10	-0.02970297029702970297029702970	1	0	0	False	NOT_ASSIGNED	106	106	547	606	606	606	100.000	100.000	1	1	1-303	NZ_CP041215.1;NZ_CP054598.1;NZ_OX366319.1;NZ_OX366326.1;NZ_OX366332.1;NZ_OX366351.1;NZ_OX366352.1;NZ_OX366353.1;NZ_OX366356.1;NZ_OX366369.1;NZ_OX366397.1;NZ_OX366400.1;NZ_OZ014602.1;NZ_OZ034690.1;NZ_OZ034701.1;NZ_OZ034702.1;NZ_OZ034713.1;NZ_OZ034716.1;NZ_OZ034719.1;NZ_OZ034720.1;NZ_OZ034721.1;NZ_OZ034726.1;NZ_OZ034728.1;NZ_OZ034762.1;NZ_OZ034764.1;NZ_OZ034769.1;NZ_OZ034773.1;NZ_OZ034792.1;NZ_OZ034913.1;NZ_OZ187004.1;NZ_OZ195515.1;NZ_OZ195525.1	6	6	538	596	596	596	99.340	99.340	1	1	1-303	NZ_OZ035002.1	0	0											31	30	543	601	601	601	99.670	99.670	1	1	1-303	CP091195.1;NZ_CP110359.1;OU953855.1
G0e6d319ae7e3f3d9e08877da	Pa87d72afcf636cec7bbf5d9e	Pedesta_rubella	A_unknown_tie	A;unknown	0	0	0	0	dcc0dc6ce368564e82239f6cabe9ff333e7bf526507e9f29816809f18f28f7f3	-20	-22	-0.06006006006006006006006006006	0	0	0	False	NOT_ASSIGNED	104	104	601	666	666	666	100.000	100.000	1	1	1-333	NZ_CP041215.1;NZ_CP054598.1;NZ_OX366272.1;NZ_OX366327.1;NZ_OX366352.1;NZ_OX366353.1;NZ_OX366357.1;NZ_OX366359.1;NZ_OX366375.1;NZ_OX366378.1;NZ_OX366387.1;NZ_OX366388.1;NZ_OX366389.1;NZ_OX366395.1;NZ_OX366397.1;NZ_OX366398.1;NZ_OZ017714.1;NZ_OZ034695.1;NZ_OZ034701.1;NZ_OZ034712.1;NZ_OZ034713.1;NZ_OZ034717.1;NZ_OZ034720.1;NZ_OZ034763.1;NZ_OZ034764.1;NZ_OZ034769.1;NZ_OZ034773.1;NZ_OZ034779.1;NZ_OZ034785.1;NZ_OZ034792.1;NZ_OZ034796.1;NZ_OZ034998.1;NZ_OZ035007.1;NZ_OZ195518.1;OX366363.1;OZ034697.1	5	5	581	644	644	644	98.795	98.795	0.9969969969969969969969969970	0.9969969969969969969969969970	1-332	NZ_OZ035002.1	0	0											24	24	601	666	666	666	100.000	100.000	1	1	1-333	CP091195.1;NZ_OU909470.1;OU953855.1
G67a62d75b79839f009149c14	Pb3f06ba9a36b08c87a7cccb2	Pedesta_rubella	A_only	A	0	0	0	0	d1f3350f6106aa13c649cddae7269b147a3795ee03847db76cbfd9ddbffe29d4					0	1	False	NOT_ASSIGNED	32	32	747	828	828	828	100.000	100.000	1	1	1-414	CP003884.1;NZ_CP041215.1;NZ_OX366332.1;NZ_OX366352.1;NZ_OX366353.1;NZ_OX366359.1;NZ_OX366397.1;NZ_OZ034713.1;NZ_OZ034764.1;NZ_OZ034769.1;NZ_OZ034773.1	0	0											0	0											2	2	735	814	814	814	99.517	99.517	1	1	1-414	NZ_CP110359.1;NZ_OU909470.1
Gc2f485f2d9a0a32b44fe50bc	Pb53b4d94c05a6d484ec8e538	Pedesta_rubella	A_only	A	0	0	0	0	d80d4819e32f129f3f2cee80595291ad16017ba7fe274f88394c5a99b1cb2dad					0	1	False	NOT_ASSIGNED	32	32	785	870	870	870	100.000	100.000	1	1	1-435	CP003884.1;NZ_CP054598.1;NZ_OX366332.1;NZ_OX366353.1;NZ_OX366359.1;NZ_OX366397.1;NZ_OZ034713.1;NZ_OZ034764.1;NZ_OZ034769.1;NZ_OZ034773.1	0	0											0	0											3	3	764	846	846	846	99.080	99.080	1	1	1-435	NZ_OU909470.1
G2a02631729d082ab3bd5d8d2	Pbf111878b49f8635cfc0b308	Pedesta_rubella	A_only	A	0	0	0	0	b8bb69c9b1bc192012c7d0240ad01f7779361558ef57090d9d57bebbf2d9530b	-59	-65	-0.09104938271604938271604938272	1	0	0	False	NOT_ASSIGNED	53	53	1165	1291	1291	1291	99.846	99.846	1	1	1-648	CP003884.1;NZ_CP041215.1;NZ_OX366332.1;NZ_OX366352.1;NZ_OX366353.1;NZ_OX366397.1;NZ_OZ034713.1;NZ_OZ034769.1;NZ_OZ034773.1	2	2	1106	1226	1226	1226	97.840	97.840	1	1	1-648	NZ_OZ034708.1	0	0											11	11	1067	1182	1182	1182	96.594	96.594	0.9969135802469135802469135802	0.9969135802469135802469135802	1-646	NZ_CP069053.1;NZ_CP090902.1;NZ_CP110359.1;NZ_CP136586.1;NZ_CP136587.1;NZ_CP157591.1;NZ_CP175927.1;OX384028.1
Gc1ad5ba13886fb5da3eeb283	Pbfb42565c9fa797dd31365b6	Pedesta_rubella	A_only	A	0	0	0	0	18a075c8af9e5f6e9669dd82cd8cd9e2588d606583a4f1f39c6a8685c2c4d413	-17	-19	-0.01402640264026402640264026403	1	0	0	False	NOT_ASSIGNED	87	87	2186	2424	2424	2424	100.000	100.000	1	1	1-1212	CP003884.1;NZ_CP041215.1;NZ_OX366332.1;NZ_OX366352.1;NZ_OX366397.1;NZ_OZ034713.1;NZ_OZ034764.1;NZ_OZ034769.1;NZ_OZ034773.1;NZ_OZ034792.1	69	69	2169	2405	2405	2405	99.752	99.752	1	1	1-1212	NZ_OZ035002.1	0	0											30	30	2182	2419	2419	2419	99.917	99.917	1	1	1-1212	NZ_CP090902.1;NZ_CP136587.1;OX384028.1
G82e4738b22d1d2844c78c96d	Pcd189dc1eefba4ae08285709	Pedesta_rubella	A_only	A	0	0	0	0	989ee06912f065deac462a00378f0d7aad13a7092b5a2a4d7e3e26423014f6d0	-23	-25	-0.02203065134099616858237547893	1	0	0	False	NOT_ASSIGNED	87	85	1879	2083	2083	2083	99.904	99.904	1	1	1-1044	CP003884.1;NZ_CP041215.1;NZ_OX366352.1;NZ_OX366359.1;NZ_OX366387.1;NZ_OZ017714.1;NZ_OZ025779.1;NZ_OZ034695.1;NZ_OZ034763.1;NZ_OZ034764.1;NZ_OZ034769.1;NZ_OZ034792.1;NZ_OZ034793.1	5	5	1856	2058	2058	2058	99.425	99.425	1	1	1-1044	NZ_OZ035002.1	0	0											22	20	1870	2073	2073	2073	99.713	99.713	1	1	1-1044	NZ_CP110359.1
Ga66685629eb34b35ffbfd55f	Pd361fb920038257624d583f4	Pedesta_rubella	A_only	A	0	0	0	0	4f19a8415044f384e762b40ed923622ac516963d0bdc3d3aa9e50d6f43871ea2					0	1	False	NOT_ASSIGNED	25	25	720	798	798	798	100.000	100.000	1	1	1-399	CP003884.1;CP042904.1;NZ_CP041215.1;NZ_OX366327.1;NZ_OX366332.1;NZ_OX366352.1;NZ_OX366353.1;NZ_OX366359.1;NZ_OX366375.1;NZ_OX366389.1;NZ_OX366397.1;NZ_OX366398.1;NZ_OZ034712.1;NZ_OZ034713.1;NZ_OZ034764.1;NZ_OZ034769.1;NZ_OZ034773.1;NZ_OZ034779.1;NZ_OZ034792.1;NZ_OZ034796.1;NZ_OZ195515.1;NZ_OZ195518.1;OZ034697.1	0	0											0	0											1	1	624	691	691	691	94.724	94.724	0.9974937343358395989974937343	0.9974937343358395989974937343	2-399	NZ_OZ195521.1
Gda2dffc75bee2718e9054d16	Pda2dffc75bee2718e9054d16	Pedesta_rubella	A_only	A	0	0	0	0	58011873e3b2f00260f99821a0fa47995be265d78c31d2d9f5cb4cadaa8d1dad	-2424	-2688	-1.260530421216848673946957878	0	0	0	False	NOT_ASSIGNED	37	37	3464	3841	3841	3841	99.948	99.948	1	1	1-1923	NZ_OX366327.1;NZ_OX366332.1;NZ_OX366352.1;NZ_OX366359.1;NZ_OZ034764.1;NZ_OZ034769.1;NZ_OZ034792.1	1	1	1040	1153	1153	1153	76.764	76.764	0.7171086843473738949557982319	0.7171086843473738949557982319	1-1379	NZ_OZ181655.1	0	0											3	3	2931	3250	3250	3250	93.747	93.747	1	1	1-1923	CP091195.1
G2702d4e36726067f23013027	Pdd5c78cc55f1937e37fb3db7	Pedesta_rubella	A_only	A	0	0	0	0	365ef1987c3bf255e29631a776a9762e2ad00a7b6ddbe8c57fcde7a501f39ee4	-18	-20	-0.02803738317757009345794392523	1	0	0	False	NOT_ASSIGNED	80	80	1159	1284	1284	1284	100.000	100.000	1	1	1-642	NZ_CP041215.1;NZ_OX366326.1;NZ_OX366332.1;NZ_OX366351.1;NZ_OX366352.1;NZ_OX366353.1;NZ_OX366397.1;NZ_OX366400.1;NZ_OZ014602.1;NZ_OZ034690.1;NZ_OZ034713.1;NZ_OZ034716.1;NZ_OZ034726.1;NZ_OZ034762.1;NZ_OZ034764.1;NZ_OZ034769.1;NZ_OZ034773.1;NZ_OZ034792.1;NZ_OZ187004.1;NZ_OZ195525.1;OZ034694.1	1	1	1141	1264	1264	1264	99.377	99.377	1	1	1-642	NZ_OZ035002.1	0	0											15	15	1145	1269	1269	1269	99.533	99.533	1	1	1-642	NZ_CP090902.1;NZ_CP110359.1;NZ_CP136587.1;NZ_CP157591.1;NZ_CP170632.1;NZ_CP175927.1;OX384028.1
Gc5958f55243c573ed22ce6e6	Pfd55ca99eaf0d62d7a09bf25	Pedesta_rubella	A_only	A	0	0	0	0	1ed3704cf0b4f2f7f6a02c770aab99aa12963364842fe710073cc797844e2a20	-81	-90	-0.2477064220183486238532110092	0	0	0	False	NOT_ASSIGNED	47	47	590	654	654	654	100.000	100.000	1	1	1-327	CP003884.1;NZ_CP041215.1;NZ_OX366352.1;NZ_OX366353.1;NZ_OX366359.1;NZ_OX366397.1;NZ_OZ034713.1;NZ_OZ034720.1;NZ_OZ034764.1;NZ_OZ034769.1;NZ_OZ034773.1;NZ_OZ034792.1	2	2	509	564	564	564	96.203	96.203	0.9663608562691131498470948012	0.9663608562691131498470948012	1-316	NZ_OZ181655.1	0	0											4	4	545	604	604	604	97.546	97.546	0.9938837920489296636085626911	0.9938837920489296636085626911	1-325	NZ_CP175923.1
Ge4618335ae40ba0820600bbc	P0294554494f5a8cec05865fd	Perichares_adela	A_unknown_tie	A;unknown	0	0	0	0	4327c5c4ab2cf11416698a4aef7b6e2a7a22ecb5099728e1c7fa8d98c66a7d28	-5	-5	-0.003408316291751874573960463531	1	0	0	False	NOT_ASSIGNED	82	82	2642	2929	2929	2929	99.932	99.932	1	1	1-1467	CP042904.1;NZ_OX366319.1;NZ_OX366351.1;NZ_OX366368.1;NZ_OX366375.1;NZ_OX366379.1;NZ_OX366396.1;NZ_OX366399.1;NZ_OX366400.1;NZ_OZ014602.1;NZ_OZ034690.1;NZ_OZ034702.1;NZ_OZ034706.1;NZ_OZ034712.1;NZ_OZ034715.1;NZ_OZ034716.1;NZ_OZ034719.1;NZ_OZ034721.1;NZ_OZ034726.1;NZ_OZ034728.1;NZ_OZ034762.1;NZ_OZ034782.1;NZ_OZ034784.1;NZ_OZ034785.1;NZ_OZ034791.1;NZ_OZ034913.1;NZ_OZ183482.1;NZ_OZ187004.1;NZ_OZ195515.1;NZ_OZ195518.1	2	2	2637	2924	2924	2924	99.864	99.864	1	1	1-1467	NZ_OZ035002.1	0	0											13	13	2642	2929	2929	2929	99.932	99.932	1	1	1-1467	NZ_CP170632.1;NZ_CP175927.1
Gedc00ed15fe3e3854c4a93dd	P0675c48295767aa3906ac372	Perichares_adela	A_only	A	0	0	0	0	d77a9aee2eb488c93349360082c8264f12baa633634b4fbb43de590203ac03fd	-8	-9	-0.003724394785847299813780260708	1	0	0	False	NOT_ASSIGNED	35	35	3854	4273	4273	4273	99.814	99.814	1	1	1-2148	NZ_OX366327.1;NZ_OX366368.1;NZ_OX366379.1;NZ_OZ195515.1	1	1	3846	4264	4264	4264	99.721	99.721	1	1	1-2148	NZ_OZ035002.1	0	0											4	4	3849	4268	4268	4268	99.767	99.767	1	1	1-2148	NZ_CP175927.1
Gcb8797fe1b2fd56b9eeb5f91	P07f88e2bb1e56fb05f02e58a	Perichares_adela	AB_unknown_tie	A;B;unknown	0	0	0	0	6f2972bcea9f6c4951daa43339cfd2116e5fb251a8d12752259e78fb4ae334b9	0	0	0	1	0	0	False	NOT_ASSIGNED	77	75	1435	1591	1591	1591	99.875	99.875	1	1	1-798	CP042904.1;NZ_OX366387.1;NZ_OX366389.1;NZ_OX366398.1;NZ_OZ034706.1;NZ_OZ034779.1;NZ_OZ035007.1;NZ_OZ195515.1;NZ_OZ195518.1	1	1	1435	1591	1591	1591	99.875	99.875	1	1	1-798	NZ_OZ035002.1	0	0											13	13	1435	1591	1591	1591	99.875	99.875	1	1	1-798	NZ_CP157591.1;NZ_CP170632.1;NZ_CP175927.1;OX384028.1
Gd948cbf29322aa6def682460	P16ac9b89ff10a00bf5aef6dc	Perichares_adela	AB_unknown_tie	A;B;unknown	0	0	0	0	f044ef97e3c72ca95756b2698cabf7f981948aa4007cc0c7ec94e009f2fd6c78	0	0	0	1	0	0	False	NOT_ASSIGNED	80	80	823	912	912	912	100.000	100.000	1	1	1-456	NZ_CP011148.1;NZ_CP042446.1;NZ_CP054557.1;NZ_OX366326.1;NZ_OX366348.1;NZ_OX366351.1;NZ_OX366368.1;NZ_OX366379.1;NZ_OX366389.1;NZ_OX366398.1;NZ_OX366399.1;NZ_OX366400.1;NZ_OZ014602.1;NZ_OZ034690.1;NZ_OZ034716.1;NZ_OZ034719.1;NZ_OZ034726.1;NZ_OZ034728.1;NZ_OZ034762.1;NZ_OZ034779.1;NZ_OZ034784.1;NZ_OZ034791.1;NZ_OZ034988.1;NZ_OZ183482.1;NZ_OZ187004.1;NZ_OZ195525.1	1	1	823	912	912	912	100.000	100.000	1	1	1-456	NZ_OZ035002.1	0	0											15	15	823	912	912	912	100.000	100.000	1	1	1-456	CP076228.1;NZ_CP069053.1;NZ_CP069060.1;NZ_CP090902.1;NZ_CP136586.1;NZ_CP136587.1;NZ_CP157591.1;NZ_CP170632.1;NZ_CP175927.1;OU953855.1;OX384028.1
G2102e54e85f838f41b080e67	P20dcc1f87621309dee9a6f80	Perichares_adela	AB_unknown_tie	A;B;unknown	0	0	0	0	9faa791764133aa4a0c5df0141e6e64268d89143bc72f5d9fafcee4a28995639	0	0	0	1	0	0	False	NOT_ASSIGNED	113	113	2035	2256	2256	2256	100.000	100.000	1	1	1-1128	NZ_OX366368.1;NZ_OX366379.1;NZ_OX366399.1;NZ_OZ034988.1;NZ_OZ183482.1	74	74	2035	2256	2256	2256	100.000	100.000	1	1	1-1128	NZ_OZ035002.1	1	1	810	897	897	897	84.048	84.048	0.6613475177304964539007092199	0.6613475177304964539007092199	379-1124	NZ_OZ034692.1	51	51	2035	2256	2256	2256	100.000	100.000	1	1	1-1128	CP076228.1;NZ_CP175927.1;OX384028.1
G9c5ee7dd95668f0477169cdf	P22c5aea74644942fb02544bc	Perichares_adela	AB_unknown_tie	A;B;unknown	0	0	0	1	fe7fe869f68807d7e263d2234e7db0e19d959c29d311e2e61558a870881b859c	0	0	0	1	0	0	False	NOT_ASSIGNED	114	113	3329	3691	3691	3691	99.946	99.946	1	1	1-1848	NZ_CP011148.1;NZ_CP042446.1;NZ_OX366368.1;NZ_OX366379.1;NZ_OX366389.1;NZ_OX366398.1;NZ_OX366399.1;NZ_OX366400.1;NZ_OZ034715.1;NZ_OZ034716.1;NZ_OZ034728.1;NZ_OZ034762.1;NZ_OZ034782.1;NZ_OZ034791.1;NZ_OZ034988.1;NZ_OZ183482.1;NZ_OZ187004.1;NZ_OZ195515.1;NZ_OZ195525.1;OZ034694.1	74	74	3329	3691	3691	3691	99.946	99.946	1	1	1-1848	NZ_OZ035002.1	1	1	2226	2468	2468	2468	86.537	86.537	1	1	1-1848	NZ_OZ034692.1	51	50	3329	3691	3691	3691	99.946	99.946	1	1	1-1848	NZ_CP069053.1;NZ_CP069060.1;NZ_CP090902.1;NZ_CP136586.1;NZ_CP136587.1;NZ_CP157591.1;NZ_CP170632.1;NZ_CP175927.1;OX384028.1
G28fbfd7b025168e698573bee	P23e7a20ecc5930faafdadf7b	Perichares_adela	A_unknown_tie	A;unknown	0	0	0	1	b613817dfd2f72b87a7f1333cc0829bc81eafb41b834938829f88d4f29a09e2a	-4	-5	-0.002772002772002772002772002772	1	0	0	False	NOT_ASSIGNED	114	113	2603	2886	2886	2886	100.000	100.000	1	1	1-1443	NZ_CP011148.1;NZ_CP042446.1;NZ_OX366348.1;NZ_OX366368.1;NZ_OX366399.1;NZ_OZ034715.1;NZ_OZ034785.1;NZ_OZ183482.1;NZ_OZ195515.1;OZ034694.1	74	74	2599	2881	2881	2881	99.931	99.931	1	1	1-1443	NZ_OZ035002.1	1	1	1633	1810	1810	1810	85.180	85.180	1	1	1-1443	NZ_OZ034692.1	51	50	2603	2886	2886	2886	100.000	100.000	1	1	1-1443	CP076228.1;NZ_CP090902.1;NZ_CP136586.1;NZ_CP136587.1;NZ_CP157591.1;NZ_CP175927.1;OX384028.1
G9bc2f99958632ef5d6cadb7f	P3e4fb06e9670f3171001e548	Perichares_adela	A_unknown_tie	A;unknown	0	0	0	0	c88da66754d92c3e4978950bbb1e1ce5569cb159d223f4da32cf374d7a8ffb7d	-5	-5	-0.005393743257820927723840345200	1	0	0	False	NOT_ASSIGNED	47	47	1673	1854	1854	1854	100.000	100.000	1	1	1-927	CP003884.1;NZ_CP041215.1;NZ_OX366332.1;NZ_OX366348.1;NZ_OX366352.1;NZ_OX366359.1;NZ_OX366368.1;NZ_OX366369.1;NZ_OX366379.1;NZ_OX366387.1;NZ_OX366388.1;NZ_OX366397.1;NZ_OX366398.1;NZ_OX366399.1;NZ_OZ034713.1;NZ_OZ034769.1;NZ_OZ034773.1;NZ_OZ034779.1;NZ_OZ034793.1;NZ_OZ034796.1;NZ_OZ034913.1;NZ_OZ035007.1;NZ_OZ183482.1;OX366363.1	2	2	1668	1849	1849	1849	99.892	99.892	1	1	1-927	NZ_OZ035002.1	0	0											10	10	1673	1854	1854	1854	100.000	100.000	1	1	1-927	NZ_CP175927.1
Gf8a06e1bb3514b20062c5e5b	P493f6ff5725a58e31ceb52ab	Perichares_adela	AB_unknown_tie	A;B;unknown	0	0	0	0	e4bd210e11337947d6a5d20f55da49e1721ddb88d93fad771dcfc7ed81621f8a	0	0	0	1	0	0	False	NOT_ASSIGNED	76	76	1954	2166	2166	2166	100.000	100.000	1	1	1-1083	NZ_CP042446.1;NZ_OX366368.1;NZ_OX366379.1;NZ_OX366399.1;NZ_OZ034988.1;NZ_OZ183482.1	1	1	1954	2166	2166	2166	100.000	100.000	1	1	1-1083	NZ_OZ035002.1	0	0											19	19	1954	2166	2166	2166	100.000	100.000	1	1	1-1083	NZ_CP069053.1;NZ_CP069060.1;NZ_CP090902.1;NZ_CP136586.1;NZ_CP136587.1;NZ_CP157591.1;NZ_CP170632.1;NZ_CP175927.1;OX384028.1
G0c93a4bae9ee8d9065debe66	P52a038d73fbb0dc2fce63fa2	Perichares_adela	A_only	A	0	0	0	1	793e2b8d346501b15c8b661310612688dc09e763a2b6c8fd6f6e03806cd53284	-6	-7	-0.005449591280653950953678474114	1	0	0	False	NOT_ASSIGNED	81	79	1977	2192	2192	2192	99.818	99.818	1	1	1-1101	NZ_OX366399.1;NZ_OZ034785.1	35	35	1971	2185	2185	2185	99.728	99.728	1	1	1-1101	NZ_OZ035002.1	0	0											20	19	1973	2187	2187	2187	99.728	99.728	1	1	1-1101	NZ_CP069053.1;NZ_CP069060.1;NZ_CP090902.1;NZ_CP170632.1;OX384028.1
Gd00b7aedeac41c294c514db3	P642aafeefb367660a9b78c39	Perichares_adela	AB_unknown_tie	A;B;unknown	0	0	0	1	feba3247e7b63bda3cfe7d137ec97a57a2e61eb9843e20ddb7d270eff1135357	0	0	0	1	0	0	False	NOT_ASSIGNED	114	113	2458	2725	2725	2725	99.927	99.927	1	1	1-1365	NZ_OX366368.1;NZ_OX366379.1;NZ_OX366399.1;NZ_OZ034988.1;NZ_OZ183482.1	74	74	2458	2725	2725	2725	99.927	99.927	1	1	1-1365	NZ_OZ035002.1	1	1	1406	1558	1558	1558	83.099	83.099	0.9882783882783882783882783883	0.9882783882783882783882783883	1-1349	NZ_OZ034692.1	51	50	2458	2725	2725	2725	99.927	99.927	1	1	1-1365	CP076228.1;NZ_CP069053.1;NZ_CP069060.1;NZ_CP136587.1;NZ_CP157591.1;NZ_CP170632.1
G6650f8af23e8baae78a43f97	P6650f8af23e8baae78a43f97	Perichares_adela	AB_unknown_tie	A;B;unknown	0	0	0	0	7659c00976035b47c5bfadf2a143901d7625845b361fa9bc5695ad20ddd5d7a6	0	0	0	1	0	0	False	NOT_ASSIGNED	83	83	645	714	714	714	100.000	100.000	1	1	1-357	NZ_CP054557.1;NZ_OX366348.1;NZ_OX366368.1;NZ_OX366378.1;NZ_OX366379.1;NZ_OX366389.1;NZ_OX366398.1;NZ_OX366399.1;NZ_OZ017714.1;NZ_OZ025779.1;NZ_OZ034715.1;NZ_OZ034717.1;NZ_OZ034719.1;NZ_OZ034763.1;NZ_OZ034779.1;NZ_OZ034782.1;NZ_OZ034785.1;NZ_OZ034791.1;NZ_OZ034998.1;NZ_OZ183482.1;NZ_OZ195515.1;OZ034694.1	1	1	645	714	714	714	100.000	100.000	1	1	1-357	NZ_OZ035002.1	0	0											15	15	645	714	714	714	100.000	100.000	1	1	1-357	NZ_CP069053.1;NZ_CP069060.1;NZ_CP136587.1;NZ_CP170632.1;NZ_CP175927.1
Gd8cd92428759e34e5fbd60b1	P69d68c4e9723a50f19464644	Perichares_adela	AB_unknown_tie	A;B;unknown	0	0	0	0	db85536c709caa400b3d8c6596b2358c444ef4341d77d5fdc7a16e592b6853ba	0	0	0	1	0	0	False	NOT_ASSIGNED	87	87	2333	2587	2587	2587	99.923	99.923	1	1	1-1296	NZ_CP042446.1;NZ_OX366368.1;NZ_OX366379.1;NZ_OX366399.1;NZ_OZ034784.1;NZ_OZ183482.1	2	2	2333	2587	2587	2587	99.923	99.923	1	1	1-1296	NZ_OZ035002.1	0	0											17	17	2333	2587	2587	2587	99.923	99.923	1	1	1-1296	NZ_CP069053.1;NZ_CP069060.1;NZ_CP090902.1;NZ_CP136587.1;OX384028.1
G93e5b13e3ebcae0360922d51	P6e77e4124db35977ff81de98	Perichares_adela	A_only	A	0	0	0	0	cdc920b1effc40c05994624fcdfd789e99db6ca0571b8fafb060f2dbc27bd75b	-277	-308	-0.5699588477366255144032921811	0	0	0	False	NOT_ASSIGNED	38	36	877	972	972	972	100.000	100.000	1	1	1-486	CP003884.1;NZ_CP041215.1;NZ_CP054557.1;NZ_OX366332.1;NZ_OX366352.1;NZ_OX366359.1;NZ_OX366397.1;NZ_OZ034706.1;NZ_OZ034769.1;NZ_OZ034773.1;NZ_OZ034791.1	1	1	600	664	664	664	100.000	100.000	0.6831275720164609053497942387	0.6831275720164609053497942387	1-332	NZ_OZ035002.1	0	0											7	5	873	967	967	967	99.794	99.794	1	1	1-486	NZ_CP157591.1
G5b8d8dab4f1d85de9ffb78e3	P7b8604775adae8acd2294a64	Perichares_adela	AB_unknown_tie	A;B;unknown	0	0	0	0	e9feff25d7c316ffb61c5ae48dec01a8e4c01d6cbccfd5ea88d71ec6b1219da6	0	0	0	1	0	0	False	NOT_ASSIGNED	105	105	3220	3570	3570	3570	100.000	100.000	1	1	1-1785	NZ_CP011148.1;NZ_OX366319.1;NZ_OX366326.1;NZ_OX366368.1;NZ_OX366369.1;NZ_OX366379.1;NZ_OX366399.1;NZ_OX366400.1;NZ_OZ014602.1;NZ_OZ034690.1;NZ_OZ034702.1;NZ_OZ034706.1;NZ_OZ034716.1;NZ_OZ034719.1;NZ_OZ034721.1;NZ_OZ034726.1;NZ_OZ034728.1;NZ_OZ034762.1;NZ_OZ034785.1;NZ_OZ034791.1;NZ_OZ034913.1;NZ_OZ035007.1;NZ_OZ183482.1;NZ_OZ187004.1;NZ_OZ195525.1	2	2	3220	3570	3570	3570	100.000	100.000	1	1	1-1785	NZ_OZ035002.1	0	0											22	22	3220	3570	3570	3570	100.000	100.000	1	1	1-1785	NZ_CP069053.1;NZ_CP069060.1;NZ_CP136587.1;NZ_CP170632.1;NZ_CP175927.1;OX384028.1
G8c07225efaa092ab30d53679	P8c07225efaa092ab30d53679	Perichares_adela	AB_unknown_tie	A;B;unknown	0	0	0	0	e47d2b957315fa218446b40238b9bd9fb791255ffb1f5eddb1f277245d215992	0	0	0	1	0	0	False	NOT_ASSIGNED	83	83	1905	2112	2112	2112	100.000	100.000	1	1	1-1056	NZ_CP042446.1;NZ_OX366368.1;NZ_OX366379.1;NZ_OX366388.1;NZ_OZ034715.1;NZ_OZ034720.1;NZ_OZ034725.1;NZ_OZ034782.1;NZ_OZ183482.1	1	1	1905	2112	2112	2112	100.000	100.000	1	1	1-1056	NZ_OZ035002.1	0	0											17	17	1905	2112	2112	2112	100.000	100.000	1	1	1-1056	CP076228.1;NZ_CP069053.1;NZ_CP069060.1;NZ_CP090902.1;NZ_CP136587.1;NZ_CP170632.1;NZ_CP175927.1;OX384028.1
Gca8ab47e9b6fc2e51c31aa2b	P8d6f063f581eb9f0d5456da6	Perichares_adela	AB_unknown_tie	A;B;unknown	0	0	0	0	6ad17feeb3acd1cd3099d63fc0f665f8bf85d2c266de1a3d4db3fd2c8f6e0aed	0	0	0	1	0	0	False	NOT_ASSIGNED	77	77	1510	1674	1674	1674	100.000	100.000	1	1	1-837	NZ_CP042446.1;NZ_OX366368.1;NZ_OX366379.1;NZ_OX366399.1;NZ_OX366400.1;NZ_OZ034762.1;NZ_OZ034791.1;NZ_OZ183482.1;NZ_OZ187004.1	1	1	1510	1674	1674	1674	100.000	100.000	1	1	1-837	NZ_OZ035002.1	0	0											13	13	1510	1674	1674	1674	100.000	100.000	1	1	1-837	NZ_CP069053.1;NZ_CP069060.1;NZ_CP090902.1;NZ_CP136587.1;NZ_CP170632.1;OX384028.1
Gb13a4c8c9f6c4c06013c4e2d	P8fcb3dea8eb09c45fa38015a	Perichares_adela	AB_unknown_tie	A;B;unknown	0	0	0	0	37d8b94434a3accc80b01d7a97b3bbb9eb3c5b57edfc2052f604236c5948e4f6	0	0	0	1	0	0	False	NOT_ASSIGNED	113	113	2810	3115	3115	3115	99.936	99.936	1	1	1-1560	NZ_CP054557.1;NZ_OX366368.1;NZ_OX366379.1;NZ_OX366399.1;NZ_OZ034784.1;NZ_OZ034988.1;NZ_OZ183482.1	74	74	2810	3115	3115	3115	99.936	99.936	1	1	1-1560	NZ_OZ035002.1	1	1	1600	1774	1774	1774	82.446	82.446	1	1	1-1560	NZ_OZ034692.1	49	49	2810	3115	3115	3115	99.936	99.936	1	1	1-1560	CP076228.1;NZ_CP136586.1;NZ_CP157591.1;NZ_CP170632.1;NZ_CP175927.1
G0d23cfd8566f96f054ccc52a	P942e1b2a3926d675d1974bf5	Perichares_adela	AB_unknown_tie	A;B;unknown	0	0	0	0	cbd9b5d17980b2f2e1d4ae84c00b505cb68cec671896d2ee5f63cd664f913495	0	0	0	1	0	0	False	NOT_ASSIGNED	80	80	1326	1470	1470	1470	100.000	100.000	1	1	1-735	NZ_CP054557.1;NZ_OX366368.1;NZ_OX366379.1;NZ_OX366399.1;NZ_OZ034784.1;NZ_OZ034785.1;NZ_OZ034791.1;NZ_OZ034988.1;NZ_OZ183482.1	1	1	1326	1470	1470	1470	100.000	100.000	1	1	1-735	NZ_OZ035002.1	0	0											15	15	1326	1470	1470	1470	100.000	100.000	1	1	1-735	NZ_CP157591.1;NZ_CP170632.1;NZ_CP175927.1
G8c0a5c3c15422d527d883488	P95855010e0c2448a44e263ca	Perichares_adela	AB_unknown_tie	A;B;unknown	0	0	0	0	c515e0d2a79dac6cf4da2fb37f2e54c70cb67f02542343e9a4d2e00b87d34a97	0	0	0	1	0	0	False	NOT_ASSIGNED	80	80	1169	1296	1296	1296	100.000	100.000	1	1	1-648	NZ_CP011148.1;NZ_CP042446.1;NZ_CP054557.1;NZ_OX366379.1;NZ_OX366399.1;NZ_OZ034784.1;NZ_OZ034785.1;NZ_OZ034791.1;NZ_OZ034988.1;NZ_OZ183482.1	1	1	1169	1296	1296	1296	100.000	100.000	1	1	1-648	NZ_OZ035002.1	0	0											15	15	1169	1296	1296	1296	100.000	100.000	1	1	1-648	CP076228.1;NZ_CP069053.1;NZ_CP069060.1;NZ_CP090902.1;NZ_CP136586.1;NZ_CP136587.1;NZ_CP157591.1;NZ_CP170632.1;OX384028.1
G3c461730e114c4f93c39522e	P9897241121f49b098577aa4d	Perichares_adela	AB_unknown_tie	A;B;unknown	0	0	0	1	bcc0e08e3575ca6fbbcb751b72d54de4dcbb10ae6b7d94bde49d53388f29ca8d	0	0	0	1	0	0	False	NOT_ASSIGNED	102	90	618	684	684	684	100.000	100.000	1	1	1-342	NZ_CP011148.1;NZ_CP042446.1;NZ_OX366368.1;NZ_OX366379.1;NZ_OX366399.1;NZ_OZ034988.1;NZ_OZ183482.1	1	1	618	684	684	684	100.000	100.000	1	1	1-342	NZ_OZ035002.1	0	0											15	14	618	684	684	684	100.000	100.000	1	1	1-342	NZ_CP069053.1;NZ_CP069060.1;NZ_CP090902.1;NZ_CP136586.1;NZ_CP136587.1;NZ_CP157591.1;NZ_CP170632.1;NZ_CP175927.1;OX384028.1
Gb5ec2c87f2834f8a24fcd03b	Pa2bce227857811250a569cd1	Perichares_adela	AB_unknown_tie	A;B;unknown	0	0	0	0	5064c01b630a9ff12d13cd45a3134e8100488934982e0e71d78dfa67f2f46ab2	0	0	0	1	0	0	False	NOT_ASSIGNED	106	106	398	441	441	441	99.552	99.552	0.7824561403508771929824561404	0.7824561403508771929824561404	1-223	NZ_CP042446.1;NZ_CP054557.1;NZ_OX366272.1;NZ_OX366347.1;NZ_OX366348.1;NZ_OX366368.1;NZ_OX366375.1;NZ_OX366378.1;NZ_OX366379.1;NZ_OX366387.1;NZ_OX366388.1;NZ_OX366389.1;NZ_OX366398.1;NZ_OX366399.1;NZ_OZ017714.1;NZ_OZ025779.1;NZ_OZ034695.1;NZ_OZ034706.1;NZ_OZ034712.1;NZ_OZ034715.1;NZ_OZ034717.1;NZ_OZ034763.1;NZ_OZ034779.1;NZ_OZ034782.1;NZ_OZ034784.1;NZ_OZ034785.1;NZ_OZ034791.1;NZ_OZ034793.1;NZ_OZ034796.1;NZ_OZ034998.1;NZ_OZ035007.1;NZ_OZ183482.1;OX366363.1;OZ034694.1	6	6	398	441	441	441	99.552	99.552	0.7824561403508771929824561404	0.7824561403508771929824561404	1-223	NZ_OZ035002.1	0	0											30	29	398	441	441	441	99.552	99.552	0.7824561403508771929824561404	0.7824561403508771929824561404	1-223	CP076228.1;CP091195.1;NZ_CP069053.1;NZ_CP069060.1;NZ_CP090902.1;NZ_CP110359.1;NZ_CP136586.1;NZ_CP157591.1;NZ_CP170632.1;NZ_CP175927.1;OU953855.1;OX384028.1
Gd0acd99c5e89e8971d218cec	Pa87d72afcf636cec7bbf5d9e	Perichares_adela	AB_unknown_tie	A;B;unknown	0	0	0	0	56b0f1b9e5e20e13a07a0bb81f3c28c5f166322461763f203c3ed1a5f4ba9e10	0	0	0	1	0	0	False	NOT_ASSIGNED	104	104	531	588	588	588	100.000	100.000	1	1	1-294	NZ_CP042446.1;NZ_CP054557.1;NZ_OX366348.1;NZ_OX366368.1;NZ_OX366379.1;NZ_OX366399.1;NZ_OZ034784.1;NZ_OZ034791.1;NZ_OZ183482.1	4	4	531	588	588	588	100.000	100.000	1	1	1-294	NZ_OZ035002.1	0	0											24	24	531	588	588	588	100.000	100.000	1	1	1-294	CP076228.1;NZ_CP069053.1;NZ_CP069060.1;NZ_CP090902.1;NZ_CP136586.1;NZ_CP136587.1;NZ_CP157591.1;NZ_CP170632.1;NZ_CP175927.1;OX384028.1
Gec7f89ea22e56c94940f5599	Pbf111878b49f8635cfc0b308	Perichares_adela	A_unknown_tie	A;unknown	0	0	0	0	a18d9ea6c335efbf4c7f2ca5620f19f6e5188867d292e200892fdfab79511f92	-4	-5	-0.006172839506172839506172839506	1	0	0	False	NOT_ASSIGNED	53	53	1169	1296	1296	1296	100.000	100.000	1	1	1-648	NZ_CP011148.1;NZ_CP042446.1;NZ_OX366368.1;NZ_OX366379.1;NZ_OX366399.1;NZ_OZ034988.1;NZ_OZ183482.1	2	2	1165	1291	1291	1291	99.846	99.846	1	1	1-648	NZ_OZ035002.1	0	0											11	11	1169	1296	1296	1296	100.000	100.000	1	1	1-648	NZ_CP069053.1;NZ_CP090902.1;NZ_CP136586.1;NZ_CP136587.1;NZ_CP157591.1;NZ_CP175927.1;OX384028.1
G7cb237fea1d8178e047e1bf9	Pbfb42565c9fa797dd31365b6	Perichares_adela	A_unknown_tie	A;unknown	0	0	0	0	d7548d421d5ab9a9be4bb8ce42fc1c91da1a5a1bf7c807105a3aa857e5718d62	-13	-14	-0.01044176706827309236947791165	1	0	0	False	NOT_ASSIGNED	87	87	2246	2490	2490	2490	100.000	100.000	1	1	1-1245	NZ_CP011148.1;NZ_CP042446.1;NZ_OX366351.1;NZ_OX366379.1;NZ_OX366399.1;NZ_OX366400.1;NZ_OZ034690.1;NZ_OZ034716.1;NZ_OZ034726.1;NZ_OZ034728.1;NZ_OZ034762.1;NZ_OZ183482.1;NZ_OZ195525.1	69	69	2233	2476	2476	2476	99.839	99.839	1	1	1-1245	NZ_OZ035002.1	0	0											28	28	2246	2490	2490	2490	100.000	100.000	1	1	1-1245	NZ_CP090902.1;NZ_CP136587.1;OX384028.1
G88c15fecb40e8bc1de2797af	Pc399a2889a3327696ebea158	Perichares_adela	A_only	A	0	0	0	1	6fa7d9b78fdb17f5d691350b455d1bde2ff3c14900a7da8aad0238a1005d824c	-106	-118	-0.04624781849912739965095986038	1	0	0	False	NOT_ASSIGNED	55	55	3966	4398	4398	4398	99.909	99.909	0.9620418848167539267015706806	0.9620418848167539267015706806	88-2292	NZ_OX366368.1;OX366363.1	1	1	3860	4280	4280	4280	97.522	97.522	0.9620418848167539267015706806	0.9620418848167539267015706806	88-2292	NZ_OZ035002.1	0	0											13	13	3964	4395	4395	4395	99.864	99.864	0.9620418848167539267015706806	0.9620418848167539267015706806	88-2292	OX384028.1
Gcd189dc1eefba4ae08285709	Pcd189dc1eefba4ae08285709	Perichares_adela	AB_unknown_tie	A;B;unknown	0	0	0	0	d2c71063ec60e2e24fb35b60a0db601832b7fffa5052a6edeb57ee7332358fe4	0	0	0	1	0	0	False	NOT_ASSIGNED	87	85	1884	2088	2088	2088	100.000	100.000	1	1	1-1044	NZ_CP042446.1;NZ_OX366368.1;NZ_OX366399.1;NZ_OZ183482.1	5	5	1884	2088	2088	2088	100.000	100.000	1	1	1-1044	NZ_OZ035002.1	0	0											22	20	1884	2088	2088	2088	100.000	100.000	1	1	1-1044	NZ_CP090902.1;NZ_CP136587.1;NZ_CP175927.1;OX384028.1
G3335d19613d3ea595f34eebb	Pdd5c78cc55f1937e37fb3db7	Perichares_adela	A_unknown_tie	A;unknown	0	0	0	0	b459808443086a1ba2a1213ead63af43171a9aed74358e0990631e2cb463d442	-5	-5	-0.007788161993769470404984423676	1	0	0	False	NOT_ASSIGNED	80	80	1159	1284	1284	1284	100.000	100.000	1	1	1-642	NZ_CP042446.1;NZ_OX366368.1;NZ_OX366379.1;NZ_OX366399.1;NZ_OZ183482.1	1	1	1154	1279	1279	1279	99.844	99.844	1	1	1-642	NZ_OZ035002.1	0	0											15	15	1159	1284	1284	1284	100.000	100.000	1	1	1-642	NZ_CP090902.1;NZ_CP136587.1;NZ_CP157591.1;NZ_CP170632.1;NZ_CP175927.1;OX384028.1
Ge9751c9e0a893de4506ff665	P0294554494f5a8cec05865fd	Pithauria_linus	A_unknown_tie	A;unknown	0	0	0	0	f67b6f82769ffecb759fc9b4eaec9fe5bbef65bb00ba832fff2b83b17d23d554	-4	-5	-0.002726653033401499659168370825	1	0	0	False	NOT_ASSIGNED	82	82	2646	2934	2934	2934	100.000	100.000	1	1	1-1467	CP042904.1;NZ_OX366319.1;NZ_OX366351.1;NZ_OX366368.1;NZ_OX366375.1;NZ_OX366379.1;NZ_OX366396.1;NZ_OX366399.1;NZ_OX366400.1;NZ_OZ014602.1;NZ_OZ034690.1;NZ_OZ034702.1;NZ_OZ034706.1;NZ_OZ034712.1;NZ_OZ034715.1;NZ_OZ034716.1;NZ_OZ034719.1;NZ_OZ034721.1;NZ_OZ034726.1;NZ_OZ034728.1;NZ_OZ034762.1;NZ_OZ034782.1;NZ_OZ034784.1;NZ_OZ034785.1;NZ_OZ034791.1;NZ_OZ034913.1;NZ_OZ183482.1;NZ_OZ187004.1;NZ_OZ195515.1;NZ_OZ195518.1	2	2	2642	2929	2929	2929	99.932	99.932	1	1	1-1467	NZ_OZ035002.1	0	0											13	13	2646	2934	2934	2934	100.000	100.000	1	1	1-1467	NZ_CP170632.1;NZ_CP175927.1
G75b6b2935b1f5b878b0393ab	P07f88e2bb1e56fb05f02e58a	Pithauria_linus	AB_unknown_tie	A;B;unknown	0	0	0	0	fb0b8ce2c334d325dde9c22e41a89cac08e71bb96b7544b2fcefd9bbc241c49a	0	0	0	1	0	0	False	NOT_ASSIGNED	77	75	1440	1596	1596	1596	100.000	100.000	1	1	1-798	CP042904.1;NZ_OX366387.1;NZ_OX366389.1;NZ_OX366398.1;NZ_OZ034706.1;NZ_OZ034779.1;NZ_OZ035007.1;NZ_OZ195515.1;NZ_OZ195518.1	1	1	1440	1596	1596	1596	100.000	100.000	1	1	1-798	NZ_OZ035002.1	0	0											13	13	1440	1596	1596	1596	100.000	100.000	1	1	1-798	NZ_CP157591.1;NZ_CP170632.1;NZ_CP175927.1
Gdad759b180cbacb5b62bb369	P16ac9b89ff10a00bf5aef6dc	Pithauria_linus	A_only	A	0	0	0	0	4c8a036b142ec00b225b654ec0be301624599bae4e63392e2477adc3a3e71a6f	-68	-75	-0.1491228070175438596491228070	1	0	0	False	NOT_ASSIGNED	80	80	823	912	912	912	100.000	100.000	1	1	1-456	CP042904.1;NZ_OZ195518.1	1	1	755	837	837	837	96.711	96.711	1	1	1-456	NZ_OZ035002.1	0	0											15	15	755	837	837	837	96.711	96.711	1	1	1-456	CP076228.1;NZ_CP069053.1;NZ_CP069060.1;NZ_CP090902.1;NZ_CP136586.1;NZ_CP136587.1;NZ_CP157591.1;NZ_CP170632.1;NZ_CP175927.1;OU953855.1;OX384028.1
G6e7e335ee1ce043b5c09df70	P17c4a8f0e8f2f82c6ac338cd	Pithauria_linus	A_only	A	0	0	0	0	0af391673f49b0f1783731daa15264bd39de8abfb5edde292ce6e86c1b4251ab					0	1	False	NOT_ASSIGNED	28	28	1998	2215	2215	2215	99.910	99.910	1	1	1-1110	CP042904.1;NZ_OZ195518.1	0	0											0	0											0	0										
G608932f785cc0f5e157a3207	P1b45d62aeeff39a57fb5f62e	Pithauria_linus	A_only	A	0	0	0	0	02095d84b39f907634db6d5f87b59dd38512f3dad1316667d7670fa7abbd0f6c	-277	-307	-0.2515894641235240690281562216	0	0	0	False	NOT_ASSIGNED	14	14	1977	2192	2192	2192	99.818	99.818	1	1	1-1101	NZ_OX366344.1;NZ_OZ034756.1	69	69	1700	1885	1885	1885	97.889	97.889	0.9037238873751135331516802906	0.9037238873751135331516802906	1-995	NZ_OZ034708.1	0	0											16	16	1232	1365	1365	1365	87.068	87.068	0.9200726612170753860127157130	0.9200726612170753860127157130	1-1013	NZ_CP087954.1
Gda87c9fce485aa4a4dd184f8	P20dcc1f87621309dee9a6f80	Pithauria_linus	A_only	A	0	0	0	0	93486a566d516ae3f8b2eb26ab251a680c358f40e5f7a324fa50c37bf5d41ffd	-9	-10	-0.007978723404255319148936170213	1	0	0	False	NOT_ASSIGNED	113	113	2035	2256	2256	2256	100.000	100.000	1	1	1-1128	CP042904.1;NZ_OZ195518.1	74	74	2026	2246	2246	2246	99.823	99.823	1	1	1-1128	NZ_OZ035002.1	1	1	814	902	902	902	84.182	84.182	0.6613475177304964539007092199	0.6613475177304964539007092199	379-1124	NZ_OZ034692.1	51	51	2026	2246	2246	2246	99.823	99.823	1	1	1-1128	CP076228.1;NZ_CP175927.1;OX384028.1
G657eed783deaa0806f044a17	P22c5aea74644942fb02544bc	Pithauria_linus	A_only	A	0	0	0	1	2142a182fbf6c9dc5f7d33eddb1683ae2d3bd1d1907d5f146ed82fa007c2000f	-168	-186	-0.09046849757673667205169628433	1	0	0	False	NOT_ASSIGNED	114	113	3350	3714	3714	3714	100.000	100.000	1	1	1-1857	CP042904.1;NZ_OZ195518.1	74	74	3182	3528	3528	3528	97.954	97.954	1	1	1-1857	NZ_OZ035002.1	1	1	2272	2519	2519	2519	87.130	87.130	1	1	1-1857	NZ_OZ034692.1	51	50	3182	3528	3528	3528	97.954	97.954	1	1	1-1857	CP091195.1;NZ_CP069053.1;NZ_CP069060.1;NZ_CP090902.1;NZ_CP136586.1;NZ_CP136587.1;NZ_CP157591.1;NZ_CP170632.1;NZ_CP175927.1;OU953855.1;OX384028.1
Gec4e9eb58ec84a36f27353b5	P2c83049b426ff56b08fe28b0	Pithauria_linus	A_only	A	0	0	0	0	d85e56f699cce79d4a4d451f8a7f23afbf81f8197c22dd5aa8af2f47a15cf5f1					0	1	False	NOT_ASSIGNED	30	30	2673	2964	2964	2964	100.000	100.000	1	1	1-1482	NZ_OZ195518.1	0	0											0	0											0	0										
Gb088153519d8bd74eaabaee5	P493f6ff5725a58e31ceb52ab	Pithauria_linus	A_only	A	0	0	0	0	d9755daafb91448bc3d4e6cac23d0458b553ca4495999f1449c29e1a36af39e4	-18	-20	-0.01662049861495844875346260388	1	0	0	False	NOT_ASSIGNED	76	76	1954	2166	2166	2166	100.000	100.000	1	1	1-1083	CP042904.1;NZ_OZ195518.1	1	1	1936	2146	2146	2146	99.631	99.631	1	1	1-1083	NZ_OZ035002.1	0	0											19	19	1940	2151	2151	2151	99.723	99.723	1	1	1-1083	OU953855.1
Gf9acb7ca8d77dc05d5f636ff	P642aafeefb367660a9b78c39	Pithauria_linus	A_only	A	0	0	0	1	40f099b31f312f565d0cc68977d591bab06f524088f1810e0e1ade3417b0bf68	-122	-135	-0.08937728937728937728937728938	0	0	0	False	NOT_ASSIGNED	114	113	2440	2705	2705	2705	99.634	99.634	1	1	1-1365	CP042904.1;NZ_OZ195518.1	74	74	2318	2570	2570	2570	97.447	97.447	0.9985347985347985347985347985	0.9985347985347985347985347985	1-1363	NZ_OX366334.1;OX366390.1	1	1	1455	1613	1613	1613	83.914	83.914	0.9882783882783882783882783883	0.9882783882783882783882783883	1-1349	NZ_OZ034692.1	51	50	2336	2590	2590	2590	97.949	97.949	1	1	1-1365	NZ_CP102118.1
G6c524fd3d18d891e3505be02	P69d68c4e9723a50f19464644	Pithauria_linus	A_only	A	0	0	0	0	9f8214b0a3662cd85d6f31ae3b7af766cd7595c4a338ef9f1f8c9425bd09a6bc	-45	-50	-0.03472222222222222222222222222	1	0	0	False	NOT_ASSIGNED	87	87	2338	2592	2592	2592	100.000	100.000	1	1	1-1296	CP042904.1;NZ_OZ195518.1	2	2	2293	2542	2542	2542	99.228	99.228	1	1	1-1296	NZ_OZ181655.1	0	0											17	17	2279	2527	2527	2527	98.997	98.997	1	1	1-1296	NZ_CP069053.1;NZ_CP069060.1;NZ_CP090902.1;NZ_CP136587.1;NZ_OU909470.1;OX384028.1
Gf9d15eca7ebf8e059e226f3b	P71bb8c7f5b149dba1c7305d5	Pithauria_linus	A_only	A	0	0	0	0	899fd3e9119279fb939100c1d74db60951621ceb2f61b1a4638b471a28ba42f1	-63	-70	-0.06017191977077363896848137536	1	0	0	False	NOT_ASSIGNED	76	74	1889	2094	2094	2094	100.000	100.000	1	1	1-1047	NZ_OZ195518.1	1	1	1826	2024	2024	2024	98.663	98.663	1	1	1-1047	NZ_OZ035002.1	0	0											19	19	1826	2024	2024	2024	98.663	98.663	1	1	1-1047	NZ_CP069053.1;NZ_CP069060.1;NZ_CP090902.1;NZ_CP175927.1;OX384028.1
G5c2814f9ad83fd445481d267	P7b8604775adae8acd2294a64	Pithauria_linus	A_only	A	0	0	0	0	4741b0a115d5d4aa391d27e9562d01d46d050b8798c4eeda8f649370a2974d08	-18	-20	-0.01008403361344537815126050420	1	0	0	False	NOT_ASSIGNED	105	105	3220	3570	3570	3570	100.000	100.000	1	1	1-1785	CP042904.1;NZ_OZ195518.1	2	2	3202	3550	3550	3550	99.776	99.776	1	1	1-1785	NZ_OZ035002.1	0	0											22	22	3202	3550	3550	3550	99.776	99.776	1	1	1-1785	NZ_CP069053.1;NZ_CP069060.1;NZ_CP136587.1;NZ_CP170632.1;NZ_CP175927.1;OU953855.1;OX384028.1
Gf178b9e9da04cc02c57b7be2	P8c07225efaa092ab30d53679	Pithauria_linus	A_only	A	0	0	0	0	03bc2028328e18e16541011a5159ea2f6e961ce705e5bd0300ebe8c6c0560e3d	-14	-15	-0.01368523949169110459433040078	1	0	0	False	NOT_ASSIGNED	83	83	1846	2046	2046	2046	100.000	100.000	1	1	1-1023	CP042904.1;NZ_OZ195518.1	1	1	1832	2031	2031	2031	99.707	99.707	1	1	1-1023	NZ_OZ035002.1	0	0											17	17	1832	2031	2031	2031	99.707	99.707	1	1	1-1023	CP076228.1;NZ_CP069053.1;NZ_CP069060.1;NZ_CP090902.1;NZ_CP136587.1;NZ_CP170632.1;NZ_CP175927.1;OU953855.1;OX384028.1
Ga93ab1c1847d5492ad5928e4	P8fcb3dea8eb09c45fa38015a	Pithauria_linus	A_only	A	0	0	0	0	3a29c649f4e7dd20508307996ba8715b0039271e037acf724ed60fd2addc7712	-131	-145	-0.08397435897435897435897435897	1	0	0	False	NOT_ASSIGNED	113	113	2814	3120	3120	3120	100.000	100.000	1	1	1-1560	CP042904.1;NZ_OZ195518.1	74	74	2683	2975	2975	2975	98.141	98.141	1	1	1-1560	NZ_OZ034708.1	1	1	1488	1649	1649	1649	80.862	80.862	1	1	1-1560	NZ_OZ034692.1	49	49	2584	2865	2865	2865	96.731	96.731	1	1	1-1560	NZ_CP102058.1
G257e45c89bf4ff561750597c	P942e1b2a3926d675d1974bf5	Pithauria_linus	A_only	A	0	0	0	0	31cd7c13f384d1b452e6f37d87d4257f26f4e8fcebf076a55991a1cb46ec5a6d	-63	-70	-0.08571428571428571428571428571	1	0	0	False	NOT_ASSIGNED	80	80	1326	1470	1470	1470	100.000	100.000	1	1	1-735	CP042904.1;NZ_OZ195518.1	1	1	1263	1400	1400	1400	98.095	98.095	1	1	1-735	NZ_OZ035002.1	0	0											15	15	1322	1465	1465	1465	99.864	99.864	1	1	1-735	OU953855.1
Gdc06939bfa54d0b9ebdfc4e2	P95855010e0c2448a44e263ca	Pithauria_linus	A_unknown_tie	A;unknown	0	0	0	0	634c77a8d4e40acedc34a782f772387594fbef2b24fe88fcb56856dbafadb543	-27	-30	-0.04166666666666666666666666667	1	0	0	False	NOT_ASSIGNED	80	80	1169	1296	1296	1296	100.000	100.000	1	1	1-648	CP042904.1;NZ_OX366272.1;NZ_OX366319.1;NZ_OX366347.1;NZ_OX366369.1;NZ_OX366375.1;NZ_OX366387.1;NZ_OX366396.1;NZ_OZ034701.1;NZ_OZ034702.1;NZ_OZ034706.1;NZ_OZ034796.1;NZ_OZ035007.1;NZ_OZ195518.1;OZ034694.1;OZ034697.1	1	1	1142	1266	1266	1266	99.074	99.074	1	1	1-648	NZ_OZ035002.1	0	0											15	15	1169	1296	1296	1296	100.000	100.000	1	1	1-648	NZ_CP110359.1;NZ_OU909470.1;OU953855.1
G2896f0512191cc6496e51ff6	Pa87d72afcf636cec7bbf5d9e	Pithauria_linus	A_unknown_tie	A;unknown	0	0	0	0	dcc0dc6ce368564e82239f6cabe9ff333e7bf526507e9f29816809f18f28f7f3	-20	-22	-0.06006006006006006006006006006	0	0	0	False	NOT_ASSIGNED	104	104	601	666	666	666	100.000	100.000	1	1	1-333	NZ_CP041215.1;NZ_CP054598.1;NZ_OX366272.1;NZ_OX366327.1;NZ_OX366352.1;NZ_OX366353.1;NZ_OX366357.1;NZ_OX366359.1;NZ_OX366375.1;NZ_OX366378.1;NZ_OX366387.1;NZ_OX366388.1;NZ_OX366389.1;NZ_OX366395.1;NZ_OX366397.1;NZ_OX366398.1;NZ_OZ017714.1;NZ_OZ034695.1;NZ_OZ034701.1;NZ_OZ034712.1;NZ_OZ034713.1;NZ_OZ034717.1;NZ_OZ034720.1;NZ_OZ034763.1;NZ_OZ034764.1;NZ_OZ034769.1;NZ_OZ034773.1;NZ_OZ034779.1;NZ_OZ034785.1;NZ_OZ034792.1;NZ_OZ034796.1;NZ_OZ034998.1;NZ_OZ035007.1;NZ_OZ195518.1;OX366363.1;OZ034697.1	5	5	581	644	644	644	98.795	98.795	0.9969969969969969969969969970	0.9969969969969969969969969970	1-332	NZ_OZ035002.1	0	0											24	24	601	666	666	666	100.000	100.000	1	1	1-333	CP091195.1;NZ_OU909470.1;OU953855.1
Gd84637be0ec2300e60fd0289	Pbf111878b49f8635cfc0b308	Pithauria_linus	A_only	A	0	0	0	0	4319164b4f90997614e2ebba024933f9b7383c8546956b12566d67664384de77	-53	-59	-0.06743002544529262086513994911	0	0	0	False	NOT_ASSIGNED	53	53	1418	1572	1572	1572	100.000	100.000	1	1	1-786	NZ_OZ195518.1	2	2	1365	1513	1513	1513	98.597	98.597	0.9974554707379134860050890585	0.9974554707379134860050890585	1-784	NZ_OZ034708.1	0	0											11	11	1351	1497	1497	1497	98.092	98.092	1	1	1-786	NZ_CP069053.1;NZ_CP136586.1;NZ_CP136587.1;NZ_CP157591.1;NZ_CP175927.1
G45730737c47a0a11602143f1	Pbfb42565c9fa797dd31365b6	Pithauria_linus	A_only	A	0	0	0	0	a007ac3db73a67f8fbeb9e0cf6676867f4a9c31a83fa3f0deb15ccafdf242d0a	-879	-974	-0.7512820512820512820512820513	0	0	0	False	NOT_ASSIGNED	86	86	2111	2340	2340	2340	100.000	100.000	1	1	1-1170	CP042904.1;NZ_OZ195518.1	69	69	1232	1366	1366	1366	98.865	98.865	0.6025641025641025641025641026	0.6025641025641025641025641026	466-1170	NZ_OZ035002.1	0	0											30	30	2076	2301	2301	2301	99.402	99.402	1	1	1-1170	NZ_CP110359.1
G17dde45e8a2dcd95eb87691d	Pd361fb920038257624d583f4	Pithauria_linus	A_only	A	0	0	0	0	4f19a8415044f384e762b40ed923622ac516963d0bdc3d3aa9e50d6f43871ea2					0	1	False	NOT_ASSIGNED	25	25	720	798	798	798	100.000	100.000	1	1	1-399	CP003884.1;CP042904.1;NZ_CP041215.1;NZ_OX366327.1;NZ_OX366332.1;NZ_OX366352.1;NZ_OX366353.1;NZ_OX366359.1;NZ_OX366375.1;NZ_OX366389.1;NZ_OX366397.1;NZ_OX366398.1;NZ_OZ034712.1;NZ_OZ034713.1;NZ_OZ034764.1;NZ_OZ034769.1;NZ_OZ034773.1;NZ_OZ034779.1;NZ_OZ034792.1;NZ_OZ034796.1;NZ_OZ195515.1;NZ_OZ195518.1;OZ034697.1	0	0											0	0											1	1	624	691	691	691	94.724	94.724	0.9974937343358395989974937343	0.9974937343358395989974937343	2-399	NZ_OZ195521.1
G44122ac0c57af1a66c0299fd	Pda2dffc75bee2718e9054d16	Pithauria_linus	A_only	A	0	0	0	0	6979450dc5c2ef1e1880541c077eb5daddae16c091430850633de3bc3911351c	-2433	-2698	-1.265210608424336973478939158	0	0	0	False	NOT_ASSIGNED	37	37	3469	3846	3846	3846	100.000	100.000	1	1	1-1923	NZ_OZ195518.1	1	1	1036	1148	1148	1148	76.693	76.693	0.7171086843473738949557982319	0.7171086843473738949557982319	1-1379	NZ_OZ181655.1	0	0											3	3	2931	3250	3250	3250	93.747	93.747	1	1	1-1923	CP091195.1
G718ebfa9940ebcb294e31a34	Pdd5c78cc55f1937e37fb3db7	Pithauria_linus	A_only	A	0	0	0	0	3aa5e40520d90d858aa27120a13a872be75d03b8c27e05e350afca42ffaecd85	-41	-45	-0.06386292834890965732087227414	1	0	0	False	NOT_ASSIGNED	80	80	1159	1284	1284	1284	100.000	100.000	1	1	1-642	CP042904.1;NZ_OZ195518.1	1	1	1118	1239	1239	1239	98.598	98.598	1	1	1-642	NZ_OZ035002.1	0	0											15	15	1127	1249	1249	1249	98.910	98.910	1	1	1-642	CP091195.1
Gbc8d9153b3bfd0fbff352ea6	P0294554494f5a8cec05865fd	Pithauria_stramineipennis	A_only	A	0	0	0	0	4e0275b233849f065c211fe603976e8ea940c201a1f4c22527f651875f01dbf1	-9	-10	-0.006134969325153374233128834356	1	0	0	False	NOT_ASSIGNED	82	82	2646	2934	2934	2934	100.000	100.000	1	1	1-1467	NZ_CP041215.1;NZ_CP054598.1;NZ_OX366332.1;NZ_OX366352.1;NZ_OX366353.1;NZ_OX366397.1;NZ_OZ034713.1;NZ_OZ034764.1;NZ_OZ034773.1;NZ_OZ034792.1	2	2	2637	2924	2924	2924	99.864	99.864	1	1	1-1467	NZ_OZ035002.1	0	0											13	13	2642	2929	2929	2929	99.932	99.932	1	1	1-1467	NZ_CP170632.1;NZ_CP175927.1
G3282b058a99c66d773583dcb	P0675c48295767aa3906ac372	Pithauria_stramineipennis	A_only	A	0	0	0	0	804433e9569a3f4602ecf39581b9b3e84a7267c9059b02cb6edac8dfdc8d1cdb	-1068	-1184	-0.4836956521739130434782608696	0	0	0	False	NOT_ASSIGNED	33	33	3974	4406	4406	4406	99.909	99.909	1	1	1-2208	NZ_OZ034769.1	1	1	2906	3222	3222	3222	98.858	98.858	0.7522644927536231884057971014	0.7522644927536231884057971014	548-2208	NZ_OZ035002.1	0	0											4	4	2910	3226	3226	3226	98.917	98.917	0.7522644927536231884057971014	0.7522644927536231884057971014	548-2208	NZ_CP175927.1
G181b6c9f178f52f650ab188c	P07f88e2bb1e56fb05f02e58a	Pithauria_stramineipennis	A_only	A	0	0	0	0	fef582c1646815bd784c221b72ec3ead077a781d928c34dd35b6e34a2d910435	-9	-10	-0.01127819548872180451127819549	1	0	0	False	NOT_ASSIGNED	77	75	1440	1596	1596	1596	100.000	100.000	1	1	1-798	CP003884.1;NZ_OX366332.1;NZ_OX366352.1;NZ_OX366359.1;NZ_OX366397.1;NZ_OZ034713.1;NZ_OZ034769.1;NZ_OZ034773.1;NZ_OZ034792.1	1	1	1431	1586	1586	1586	99.749	99.749	1	1	1-798	NZ_OZ035002.1	0	0											13	13	1435	1591	1591	1591	99.875	99.875	1	1	1-798	NZ_CP110359.1;OU953855.1
G3e8de8241d59f107ebee5fc9	P0c624e151735e4a9fed865d5	Pithauria_stramineipennis	A_only	A	0	0	0	0	466ce57dff8435b1b58a59770ce5d0c74cdc369098a7025f7b2a26f85fb8f699	-147	-163	-0.5157894736842105263157894737	0	0	0	False	NOT_ASSIGNED	55	55	515	570	570	570	100.000	100.000	1	1	1-285	CP003884.1;NZ_OX366332.1;NZ_OX366352.1;NZ_OX366353.1;NZ_OX366359.1;NZ_OX366397.1;NZ_OZ034764.1;NZ_OZ034792.1	71	71	368	407	407	407	96.018	96.018	0.7929824561403508771929824561	0.7929824561403508771929824561	16-241	NZ_OZ181655.1	0	0											36	36	510	565	565	565	99.649	99.649	1	1	1-285	NZ_CP110359.1
G0f7e8941919e9b634eb350c7	P0f7e8941919e9b634eb350c7	Pithauria_stramineipennis	A_only	A	0	0	0	0	bc2a3250a5d899db7839c72b92e1c066526c443d5a29b366b384b028748e6f5b	-118	-130	-0.1293859649122807017543859649	1	0	0	False	NOT_ASSIGNED	113	108	1644	1822	1822	1822	100.000	100.000	0.9989035087719298245614035088	0.9989035087719298245614035088	1-911	CP003884.1;NZ_OX366332.1;NZ_OX366397.1;NZ_OZ034713.1;NZ_OZ034764.1;NZ_OZ034773.1;NZ_OZ034792.1	73	73	1526	1692	1692	1692	97.146	97.146	0.9989035087719298245614035088	0.9989035087719298245614035088	1-911	NZ_OZ035002.1	1	1	901	998	998	998	82.202	82.202	0.9857456140350877192982456140	0.9857456140350877192982456140	13-911	NZ_OZ034692.1	40	40	1639	1817	1817	1817	99.890	99.890	0.9989035087719298245614035088	0.9989035087719298245614035088	1-911	NZ_CP110359.1
G0e08f6dae12e59d885138c6c	P105e81cadb13fa73bec24ff5	Pithauria_stramineipennis	A_only	A	0	0	0	0	c65f92611f3b05eb49e9830d4bf4f24705526453038173ec23cff261524a62e8	-2715	-3011	-1.054778554778554778554778555	0	0	0	False	NOT_ASSIGNED	37	37	4504	4994	4994	4994	98.834	98.834	1	1	1-2574	NZ_OZ034792.1	1	1	1789	1983	1983	1983	75.994	75.994	0.9735819735819735819735819736	0.9735819735819735819735819736	1-2506	NZ_OZ181655.1	0	0											4	4	4050	4491	4491	4491	95.320	95.320	0.9879564879564879564879564880	0.9879564879564879564879564880	1-2543	CP091195.1
G267e9b7c4a41b5f1fa2a8e9a	P13e05d070734305f12c2eb26	Pithauria_stramineipennis	A_only	A	0	0	0	0	d3560b5d4f4c5e3743342ec2bf83a1c3967d869780e61fe291fad16d63ec5e6f	-63	-70	-0.2019230769230769230769230769	0	0	0	False	NOT_ASSIGNED	20	20	563	624	624	624	100.000	100.000	1	1	1-312	CP003884.1;NZ_CP041215.1;NZ_CP054598.1;NZ_OX366332.1;NZ_OX366352.1;NZ_OX366359.1;NZ_OX366397.1;NZ_OZ034713.1;NZ_OZ034764.1;NZ_OZ034769.1;NZ_OZ034773.1;NZ_OZ034792.1	1	1	500	554	554	554	94.654	94.654	0.9935897435897435897435897436	0.9935897435897435897435897436	1-310	NZ_OZ181655.1	0	0											2	2	540	598	598	598	97.188	97.188	1	1	1-312	NZ_OW370537.1
G9641e50a5e9c0c06285c80e5	P1440feb117cd723f6abb3813	Pithauria_stramineipennis	A_only	A	0	0	0	0	6fdae2b12ca02275ea553c45208ce5579192683cad6e1946b5690a362f1f7678	-366	-406	-0.1426900584795321637426900585	1	0	0	False	NOT_ASSIGNED	113	113	4622	5125	5125	5125	99.961	99.961	1	1	1-2565	NZ_CP041215.1;NZ_OX366332.1;NZ_OX366352.1;NZ_OX366397.1;NZ_OZ034713.1;NZ_OZ034764.1;NZ_OZ034792.1	73	73	4256	4719	4719	4719	96.658	96.658	1	1	1-2565	NZ_OZ034708.1	0	0											47	47	4383	4860	4860	4860	97.895	97.895	1	1	1-2565	OU953855.1
Gabffd34b924fa9563a10d57f	P16ac9b89ff10a00bf5aef6dc	Pithauria_stramineipennis	A_only	A	0	0	0	0	c3247bc8cb0f826a75ef9bc0911d32f87b97ffbc5522e90b0b540f82e3b2c53d	-4	-5	-0.008771929824561403508771929825	1	0	0	False	NOT_ASSIGNED	80	80	823	912	912	912	100.000	100.000	1	1	1-456	CP003884.1;NZ_CP041215.1;NZ_CP054598.1;NZ_OX366332.1;NZ_OX366352.1;NZ_OX366397.1;NZ_OZ034713.1;NZ_OZ034764.1;NZ_OZ034769.1;NZ_OZ034773.1;NZ_OZ034792.1	1	1	819	907	907	907	99.781	99.781	1	1	1-456	NZ_OZ035002.1	0	0											15	15	819	907	907	907	99.781	99.781	1	1	1-456	CP076228.1;NZ_CP069053.1;NZ_CP069060.1;NZ_CP090902.1;NZ_CP136586.1;NZ_CP136587.1;NZ_CP157591.1;NZ_CP170632.1;NZ_CP175927.1;OU953855.1;OX384028.1
G444cf5d94ad096fc69e4d280	P17c4a8f0e8f2f82c6ac338cd	Pithauria_stramineipennis	A_only	A	0	0	0	0	556f368fb56fe9d70dae35e6fa5972b99d69636b92a3b18eeab31ca159cc9aa9	-1033	-1145	-1.110752688172043010752688172	0	0	0	False	NOT_ASSIGNED	104	95	1678	1860	1860	1860	100.000	100.000	1	1	1-930	NZ_OZ034769.1	1	1	645	715	715	715	78.961	78.961	0.8032258064516129032258064516	0.8032258064516129032258064516	184-930	NZ_OZ035002.1	0	0											18	18	1086	1203	1203	1203	85.684	85.684	0.9989247311827956989247311828	0.9989247311827956989247311828	1-929	NZ_CP175923.1
Gbdd9c8f4d4ba0afb505ac8cd	P20dcc1f87621309dee9a6f80	Pithauria_stramineipennis	A_only	A	0	0	0	0	910c93a5e1159ea5550af600057b9b819948587198a1a0b0cd0a6340b975a120	-9	-10	-0.007978723404255319148936170213	1	0	0	False	NOT_ASSIGNED	113	113	2030	2251	2251	2251	99.911	99.911	1	1	1-1128	NZ_CP041215.1;NZ_OX366332.1;NZ_OX366352.1;NZ_OX366397.1;NZ_OZ034713.1;NZ_OZ034764.1;NZ_OZ034769.1;NZ_OZ034773.1;NZ_OZ034792.1	74	74	2021	2241	2241	2241	99.734	99.734	1	1	1-1128	NZ_OZ035002.1	1	1	810	897	897	897	84.048	84.048	0.6613475177304964539007092199	0.6613475177304964539007092199	379-1124	NZ_OZ034692.1	51	51	2021	2241	2241	2241	99.734	99.734	1	1	1-1128	CP076228.1;NZ_CP175927.1;OX384028.1
Ge90fb6d61d33b1f890f3d70e	P22c5aea74644942fb02544bc	Pithauria_stramineipennis	A_only	A	0	0	0	1	469b1b881cf0bd089d2447dc3a732e8fc9af42e7417b6683e740aa3ae36697d8	-254	-282	-0.1372231226364127498649378714	1	0	0	False	NOT_ASSIGNED	114	113	3339	3702	3702	3702	100.000	100.000	1	1	1-1851	CP003884.1;NZ_OX366332.1;NZ_OX366352.1;NZ_OX366353.1;NZ_OX366359.1;NZ_OZ034769.1;NZ_OZ034792.1	74	74	3085	3420	3420	3420	96.823	96.823	1	1	1-1851	NZ_OZ034718.1	1	1	2246	2490	2490	2490	86.807	86.807	1	1	1-1851	NZ_OZ034692.1	51	50	3085	3420	3420	3420	96.823	96.823	1	1	1-1851	NZ_CP192272.1
Gb4f0397f3020eeb670a67200	P2334edc5add04f8c7e6edc90	Pithauria_stramineipennis	B_unknown_tie	B;unknown	0	0	0	0	58f20beba23c4c0c4f24f42157f9ea96ebb2c865421e2c3454221df58e636949	275	305	0.3741496598639455782312925170	1	0	0	False	NOT_ASSIGNED	3	3	1051	1165	1165	1165	91.701	91.701	1	1	1-735	NZ_OZ181654.1	71	71	1326	1470	1470	1470	100.000	100.000	1	1	1-735	NZ_OZ034749.1	0	0											15	15	1326	1470	1470	1470	100.000	100.000	1	1	1-735	CP067976.1
G4dddc26fbea5cbe368bcf073	P2c83049b426ff56b08fe28b0	Pithauria_stramineipennis	A_only	A	0	0	0	0	b733c890d27538443e1dcb6a7ac814f3874c2c1eaf6ce0634c5447c063862504					0	1	False	NOT_ASSIGNED	30	30	2669	2959	2959	2959	99.933	99.933	1	1	1-1482	NZ_CP041215.1;NZ_OX366332.1;NZ_OX366352.1;NZ_OX366353.1;NZ_OX366397.1;NZ_OZ034764.1;NZ_OZ034769.1	0	0											0	0											0	0										
Gbab2106554d4745f74f94714	P3e4fb06e9670f3171001e548	Pithauria_stramineipennis	A_unknown_tie	A;unknown	0	0	0	0	a6e71ee4f8ed54cf92842727c2fe52804997b657624313cfbd8bd6596c463c97	-4	-5	-0.004314994606256742179072276160	1	0	0	False	NOT_ASSIGNED	47	47	1663	1844	1844	1844	99.784	99.784	1	1	1-927	CP003884.1;NZ_CP041215.1;NZ_OX366332.1;NZ_OX366348.1;NZ_OX366352.1;NZ_OX366359.1;NZ_OX366368.1;NZ_OX366369.1;NZ_OX366379.1;NZ_OX366387.1;NZ_OX366388.1;NZ_OX366397.1;NZ_OX366398.1;NZ_OX366399.1;NZ_OZ034713.1;NZ_OZ034769.1;NZ_OZ034773.1;NZ_OZ034779.1;NZ_OZ034793.1;NZ_OZ034796.1;NZ_OZ034913.1;NZ_OZ035007.1;NZ_OZ183482.1;OX366363.1	2	2	1659	1839	1839	1839	99.676	99.676	1	1	1-927	NZ_OZ035002.1	0	0											10	10	1663	1844	1844	1844	99.784	99.784	1	1	1-927	NZ_CP175927.1
G33ab677b09f4c00f8e8aade9	P44f6e46ea2ed589cedda429f	Pithauria_stramineipennis	A_only	A	0	0	0	0	5263277385031bc41b8b30449f1bb7ce1aed65c439553ca68fad51e7e37bbc69					0	1	False	NOT_ASSIGNED	13	13	5288	5864	5864	5864	99.932	99.932	1	1	1-2937	NZ_OX366369.1;NZ_OZ034769.1	0	0											1	1	1876	2080	2080	2080	83.016	83.016	0.5948246510044262853251617297	0.5948246510044262853251617297	1191-2937	NZ_OZ034692.1	3	3	2240	2483	2483	2483	88.138	88.138	0.5948246510044262853251617297	0.5948246510044262853251617297	1191-2937	OU953855.1
G9bc3258f848f82b0cca464cd	P52a038d73fbb0dc2fce63fa2	Pithauria_stramineipennis	A_only	A	0	0	0	1	82a19fe23f557c1a5d39feab517002c509b15df31fc03c6c52583bb5285768a2	-15	-17	-0.01362397820163487738419618529	1	0	0	False	NOT_ASSIGNED	81	79	1986	2202	2202	2202	100.000	100.000	1	1	1-1101	CP003884.1;NZ_OX366332.1;NZ_OX366352.1;NZ_OZ034713.1;NZ_OZ034764.1;NZ_OZ034769.1;NZ_OZ034773.1	35	35	1971	2185	2185	2185	99.728	99.728	1	1	1-1101	NZ_OZ035002.1	0	0											20	19	1973	2187	2187	2187	99.728	99.728	1	1	1-1101	NZ_CP069053.1;NZ_CP069060.1;NZ_CP090902.1;NZ_CP170632.1;OX384028.1
Gd7e2f1c135e4e55e33c39475	P642aafeefb367660a9b78c39	Pithauria_stramineipennis	A_only	A	0	0	0	1	8ef93ad4d9ae166d885b22092e28a20ac05c29ec5f6a938bca7d0984d0743518	-94	-105	-0.06886446886446886446886446886	0	0	0	False	NOT_ASSIGNED	114	113	2462	2730	2730	2730	100.000	100.000	1	1	1-1365	CP003884.1;NZ_CP041215.1;NZ_CP054598.1;NZ_OX366332.1;NZ_OX366352.1;NZ_OX366353.1;NZ_OX366359.1;NZ_OX366397.1;NZ_OZ034713.1;NZ_OZ034764.1;NZ_OZ034769.1;NZ_OZ034792.1	74	74	2368	2625	2625	2625	98.249	98.249	0.9985347985347985347985347985	0.9985347985347985347985347985	1-1363	NZ_OX366334.1;OX366390.1	1	1	1460	1618	1618	1618	83.988	83.988	0.9882783882783882783882783883	0.9882783882783882783882783883	1-1349	NZ_OZ034692.1	51	50	2394	2654	2654	2654	98.616	98.616	1	1	1-1365	NZ_CP110359.1
G183ec76c144a7080b2aa5bb8	P6650f8af23e8baae78a43f97	Pithauria_stramineipennis	A_only	A	0	0	0	0	739791e6daf7d49e7a6334ba563aead3c92b3b1c51fa4d5fec8addbff34c390c	-5	-5	-0.01400560224089635854341736695	1	0	0	False	NOT_ASSIGNED	83	83	645	714	714	714	100.000	100.000	1	1	1-357	CP003884.1;NZ_CP041215.1;NZ_CP054598.1;NZ_OX366319.1;NZ_OX366326.1;NZ_OX366332.1;NZ_OX366351.1;NZ_OX366352.1;NZ_OX366353.1;NZ_OX366387.1;NZ_OX366395.1;NZ_OX366397.1;NZ_OX366400.1;NZ_OZ014602.1;NZ_OZ034690.1;NZ_OZ034702.1;NZ_OZ034706.1;NZ_OZ034713.1;NZ_OZ034716.1;NZ_OZ034720.1;NZ_OZ034721.1;NZ_OZ034726.1;NZ_OZ034728.1;NZ_OZ034762.1;NZ_OZ034764.1;NZ_OZ034769.1;NZ_OZ034773.1;NZ_OZ034792.1;NZ_OZ034913.1;NZ_OZ187004.1;NZ_OZ195525.1	1	1	640	709	709	709	99.720	99.720	1	1	1-357	NZ_OZ035002.1	0	0											15	15	640	709	709	709	99.720	99.720	1	1	1-357	NZ_CP069053.1;NZ_CP069060.1;NZ_CP136587.1;NZ_CP170632.1;NZ_CP175927.1
G9d801faa53d85adc7dbb451a	P69d68c4e9723a50f19464644	Pithauria_stramineipennis	A_only	A	0	0	0	0	9f3e282611da9a34c459ef8f8a7bf75ca5ac747cf80040369bd229db5fdb27e0	-45	-50	-0.03472222222222222222222222222	1	0	0	False	NOT_ASSIGNED	87	87	2333	2587	2587	2587	99.923	99.923	1	1	1-1296	NZ_CP041215.1;NZ_OX366332.1;NZ_OX366352.1;NZ_OX366397.1;NZ_OZ034713.1;NZ_OZ034764.1;NZ_OZ034769.1;NZ_OZ034773.1;NZ_OZ034792.1	2	2	2288	2537	2537	2537	99.151	99.151	1	1	1-1296	NZ_OZ035002.1	0	0											17	17	2288	2537	2537	2537	99.151	99.151	1	1	1-1296	NZ_CP069053.1;NZ_CP069060.1;NZ_CP090902.1;NZ_CP136587.1;OX384028.1
Gbc050d78ca672f019b774614	P6e77e4124db35977ff81de98	Pithauria_stramineipennis	A_only	A	0	0	0	0	cdc920b1effc40c05994624fcdfd789e99db6ca0571b8fafb060f2dbc27bd75b	-277	-308	-0.5699588477366255144032921811	0	0	0	False	NOT_ASSIGNED	38	36	877	972	972	972	100.000	100.000	1	1	1-486	CP003884.1;NZ_CP041215.1;NZ_CP054557.1;NZ_OX366332.1;NZ_OX366352.1;NZ_OX366359.1;NZ_OX366397.1;NZ_OZ034706.1;NZ_OZ034769.1;NZ_OZ034773.1;NZ_OZ034791.1	1	1	600	664	664	664	100.000	100.000	0.6831275720164609053497942387	0.6831275720164609053497942387	1-332	NZ_OZ035002.1	0	0											7	5	873	967	967	967	99.794	99.794	1	1	1-486	NZ_CP157591.1
Ga450a72ce3db2dd68a3b5fe0	P71bb8c7f5b149dba1c7305d5	Pithauria_stramineipennis	A_only	A	0	0	0	0	abeaf88067f534d20bc1473e7b23844201d6a452de03d5dd079912fa9c14a573	-62	-69	-0.05990338164251207729468599034	1	0	0	False	NOT_ASSIGNED	76	74	1863	2065	2065	2065	99.903	99.903	1	1	1-1035	CP003884.1;NZ_CP041215.1;NZ_CP054598.1;NZ_OX366332.1;NZ_OX366352.1;NZ_OX366397.1;NZ_OZ034713.1;NZ_OZ034769.1;NZ_OZ034792.1	1	1	1801	1996	1996	1996	97.994	97.994	1	1	1-1035	NZ_OZ035002.1	0	0											19	19	1827	2025	2025	2025	99.130	99.130	1	1	1-1035	NZ_CP170632.1
Gdc5a9897e2d843b7842d9046	P7b8604775adae8acd2294a64	Pithauria_stramineipennis	A_only	A	0	0	0	0	9b2ccc166677e14800d34318ff481928b5ff198e3aeb20ca08299db5ffdb3540	-14	-15	-0.007843137254901960784313725490	1	0	0	False	NOT_ASSIGNED	105	105	3220	3570	3570	3570	100.000	100.000	1	1	1-1785	NZ_CP041215.1;NZ_OX366332.1;NZ_OX366352.1;NZ_OZ034764.1;NZ_OZ034769.1;NZ_OZ034792.1;OZ034697.1	2	2	3206	3555	3555	3555	99.832	99.832	1	1	1-1785	NZ_OZ035002.1	0	0											22	22	3206	3555	3555	3555	99.832	99.832	1	1	1-1785	NZ_CP069053.1;NZ_CP069060.1;NZ_CP136587.1;NZ_CP170632.1;NZ_CP175927.1;OU953855.1;OX384028.1
G4cd239e9b50f6d59dcd2ecba	P8199b65d2f3a3eb73fd3881f	Pithauria_stramineipennis	A_unknown_tie	A;unknown	0	0	0	0	8bcbeef16536f8a5a9f0e79ef5b8e7cca04cd0c9662c9a593282ad3340a3e764	-804	-892	-0.7570621468926553672316384181	0	0	0	False	NOT_ASSIGNED	20	17	1916	2124	2124	2124	100.000	100.000	1	1	1-1062	NZ_OX366327.1;NZ_OX366352.1;NZ_OX366397.1;NZ_OX366399.1;NZ_OX366400.1;NZ_OZ034713.1;NZ_OZ034769.1;NZ_OZ034773.1;NZ_OZ187004.1	2	1	1112	1232	1232	1232	92.622	92.622	0.7118644067796610169491525424	0.7118644067796610169491525424	307-1062	NZ_OX366345.1	0	0											1	1	1916	2124	2124	2124	100.000	100.000	1	1	1-1062	NZ_CP170632.1
G518f15958d128f80dae43de9	P8c07225efaa092ab30d53679	Pithauria_stramineipennis	A_only	A	0	0	0	0	e273bceebb98055610ddb0929e764058f3e432b2f61bfbed86323a94a4678808	-14	-15	-0.01368523949169110459433040078	1	0	0	False	NOT_ASSIGNED	83	83	1846	2046	2046	2046	100.000	100.000	1	1	1-1023	CP003884.1;NZ_CP041215.1;NZ_OX366332.1;NZ_OX366352.1;NZ_OX366359.1;NZ_OX366397.1;NZ_OZ034713.1;NZ_OZ034764.1;NZ_OZ034769.1;NZ_OZ034773.1;NZ_OZ034792.1	1	1	1832	2031	2031	2031	99.707	99.707	1	1	1-1023	NZ_OZ035002.1	0	0											17	17	1832	2031	2031	2031	99.707	99.707	1	1	1-1023	CP076228.1;NZ_CP069053.1;NZ_CP069060.1;NZ_CP090902.1;NZ_CP136587.1;NZ_CP170632.1;NZ_CP175927.1;OX384028.1
Ga44039440c1a0276183ea612	P8d6f063f581eb9f0d5456da6	Pithauria_stramineipennis	A_only	A	0	0	0	0	4acb865a9bed262af87982999944b12957d5cf5e3dbc4d159ac330bfc67928b1	-5	-5	-0.005973715651135005973715651135	1	0	0	False	NOT_ASSIGNED	77	77	1506	1669	1669	1669	99.881	99.881	1	1	1-837	CP003884.1;NZ_CP041215.1;NZ_CP054598.1;NZ_OX366319.1;NZ_OX366327.1;NZ_OX366332.1;NZ_OX366352.1;NZ_OX366359.1;NZ_OX366369.1;NZ_OX366389.1;NZ_OX366397.1;NZ_OX366398.1;NZ_OZ034702.1;NZ_OZ034713.1;NZ_OZ034719.1;NZ_OZ034721.1;NZ_OZ034764.1;NZ_OZ034769.1;NZ_OZ034773.1;NZ_OZ034779.1;NZ_OZ034792.1;NZ_OZ034796.1;NZ_OZ034913.1;NZ_OZ195515.1	1	1	1501	1664	1664	1664	99.761	99.761	1	1	1-837	NZ_OZ035002.1	0	0											13	13	1501	1664	1664	1664	99.761	99.761	1	1	1-837	CP091195.1;NZ_CP069053.1;NZ_CP069060.1;NZ_CP090902.1;NZ_CP136587.1;NZ_CP170632.1;OU953855.1;OX384028.1
G549e6e26e05d75113f7b55f5	P8fcb3dea8eb09c45fa38015a	Pithauria_stramineipennis	A_only	A	0	0	0	0	ab6f8ad35f9668a4ca3a7a35bcdf76ba5edc783a89968529a14adef02d1ff3bf	-86	-95	-0.05512820512820512820512820513	1	0	0	False	NOT_ASSIGNED	113	113	2814	3120	3120	3120	100.000	100.000	1	1	1-1560	CP003884.1;NZ_OX366332.1;NZ_OX366352.1;NZ_OX366353.1;NZ_OX366359.1;NZ_OX366397.1;NZ_OZ034713.1;NZ_OZ034764.1;NZ_OZ034769.1;NZ_OZ034773.1;NZ_OZ034792.1	74	74	2728	3025	3025	3025	98.782	98.782	1	1	1-1560	NZ_OZ034708.1	1	1	1515	1679	1679	1679	81.242	81.242	1	1	1-1560	NZ_OZ034692.1	49	49	2629	2915	2915	2915	97.372	97.372	1	1	1-1560	NZ_CP102058.1
Gfa6aed9c8c0b27a12170a60e	P942e1b2a3926d675d1974bf5	Pithauria_stramineipennis	A_only	A	0	0	0	0	af23929326c50fb142d7910fdf6d21671df07a9af9e9e209b3c58fc12252eef9	-9	-10	-0.01224489795918367346938775510	1	0	0	False	NOT_ASSIGNED	80	80	1326	1470	1470	1470	100.000	100.000	1	1	1-735	CP003884.1;NZ_CP054598.1;NZ_OX366352.1;NZ_OX366353.1;NZ_OX366359.1;NZ_OX366397.1;NZ_OZ034713.1;NZ_OZ034764.1;NZ_OZ034769.1;NZ_OZ034773.1	1	1	1317	1460	1460	1460	99.728	99.728	1	1	1-735	NZ_OZ035002.1	0	0											15	15	1317	1460	1460	1460	99.728	99.728	1	1	1-735	NZ_CP157591.1;NZ_CP170632.1;NZ_CP175927.1
Gc8eaef754f5019dc9e40abcf	P95855010e0c2448a44e263ca	Pithauria_stramineipennis	A_only	A	0	0	0	0	76d343faa6dc085104277f6f181b1af156b8dc41d8d8f5ddaf0fa906300208f4	-22	-25	-0.03395061728395061728395061728	1	0	0	False	NOT_ASSIGNED	80	80	1169	1296	1296	1296	100.000	100.000	1	1	1-648	CP003884.1;NZ_CP041215.1;NZ_CP054598.1;NZ_OX366326.1;NZ_OX366332.1;NZ_OX366351.1;NZ_OX366352.1;NZ_OX366353.1;NZ_OX366389.1;NZ_OX366397.1;NZ_OX366398.1;NZ_OX366400.1;NZ_OZ014602.1;NZ_OZ034690.1;NZ_OZ034713.1;NZ_OZ034715.1;NZ_OZ034716.1;NZ_OZ034726.1;NZ_OZ034728.1;NZ_OZ034762.1;NZ_OZ034764.1;NZ_OZ034769.1;NZ_OZ034773.1;NZ_OZ034779.1;NZ_OZ034792.1;NZ_OZ187004.1;NZ_OZ195515.1;NZ_OZ195525.1	1	1	1147	1271	1271	1271	99.228	99.228	1	1	1-648	NZ_OZ035002.1	0	0											15	15	1165	1291	1291	1291	99.846	99.846	1	1	1-648	NZ_CP110359.1;NZ_OU909470.1;OU953855.1
Gaa34f3ec97d93c3cc2b5d175	P9897241121f49b098577aa4d	Pithauria_stramineipennis	A_only	A	0	0	0	1	378df916bdf43fbe0bc7dc0f56cc24bfac8c32b6c17f6d7e4ad8cc334a102a3b	-14	-15	-0.04093567251461988304093567251	1	0	0	False	NOT_ASSIGNED	102	90	618	684	684	684	100.000	100.000	1	1	1-342	CP003884.1;NZ_CP041215.1;NZ_CP054598.1;NZ_OX366332.1;NZ_OX366352.1;NZ_OX366353.1;NZ_OX366359.1;NZ_OX366397.1;NZ_OZ034713.1;NZ_OZ034769.1;NZ_OZ034773.1;NZ_OZ034792.1	1	1	604	669	669	669	99.123	99.123	1	1	1-342	NZ_OZ035002.1	0	0											15	14	613	679	679	679	99.708	99.708	1	1	1-342	CP091195.1;NZ_CP110359.1
G0d03921b32ca60ad664d316c	Pa2bce227857811250a569cd1	Pithauria_stramineipennis	A_only	A	0	0	0	0	761a3d56e3e1bb4aaf827cb96fc3d52d6e147cf0c1f4698cacc256ee2793cd7c	-9	-10	-0.02970297029702970297029702970	1	0	0	False	NOT_ASSIGNED	106	106	543	601	601	601	99.670	99.670	1	1	1-303	NZ_CP041215.1;NZ_CP054598.1;NZ_OX366319.1;NZ_OX366326.1;NZ_OX366332.1;NZ_OX366351.1;NZ_OX366352.1;NZ_OX366353.1;NZ_OX366356.1;NZ_OX366369.1;NZ_OX366397.1;NZ_OX366400.1;NZ_OZ014602.1;NZ_OZ034690.1;NZ_OZ034701.1;NZ_OZ034702.1;NZ_OZ034713.1;NZ_OZ034716.1;NZ_OZ034719.1;NZ_OZ034720.1;NZ_OZ034721.1;NZ_OZ034726.1;NZ_OZ034728.1;NZ_OZ034762.1;NZ_OZ034764.1;NZ_OZ034769.1;NZ_OZ034773.1;NZ_OZ034792.1;NZ_OZ034913.1;NZ_OZ187004.1;NZ_OZ195515.1;NZ_OZ195525.1	6	6	534	591	591	591	99.010	99.010	1	1	1-303	NZ_OZ035002.1	0	0											31	30	538	596	596	596	99.340	99.340	1	1	1-303	CP091195.1;NZ_CP110359.1;OU953855.1
Gc5dc32904d84015b8b733855	Pa87d72afcf636cec7bbf5d9e	Pithauria_stramineipennis	A_unknown_tie	A;unknown	0	0	0	0	dcc0dc6ce368564e82239f6cabe9ff333e7bf526507e9f29816809f18f28f7f3	-20	-22	-0.06006006006006006006006006006	0	0	0	False	NOT_ASSIGNED	104	104	601	666	666	666	100.000	100.000	1	1	1-333	NZ_CP041215.1;NZ_CP054598.1;NZ_OX366272.1;NZ_OX366327.1;NZ_OX366352.1;NZ_OX366353.1;NZ_OX366357.1;NZ_OX366359.1;NZ_OX366375.1;NZ_OX366378.1;NZ_OX366387.1;NZ_OX366388.1;NZ_OX366389.1;NZ_OX366395.1;NZ_OX366397.1;NZ_OX366398.1;NZ_OZ017714.1;NZ_OZ034695.1;NZ_OZ034701.1;NZ_OZ034712.1;NZ_OZ034713.1;NZ_OZ034717.1;NZ_OZ034720.1;NZ_OZ034763.1;NZ_OZ034764.1;NZ_OZ034769.1;NZ_OZ034773.1;NZ_OZ034779.1;NZ_OZ034785.1;NZ_OZ034792.1;NZ_OZ034796.1;NZ_OZ034998.1;NZ_OZ035007.1;NZ_OZ195518.1;OX366363.1;OZ034697.1	5	5	581	644	644	644	98.795	98.795	0.9969969969969969969969969970	0.9969969969969969969969969970	1-332	NZ_OZ035002.1	0	0											24	24	601	666	666	666	100.000	100.000	1	1	1-333	CP091195.1;NZ_OU909470.1;OU953855.1
G233a60229152db7e4cd29cec	Pb3f06ba9a36b08c87a7cccb2	Pithauria_stramineipennis	A_only	A	0	0	0	0	d1f3350f6106aa13c649cddae7269b147a3795ee03847db76cbfd9ddbffe29d4					0	1	False	NOT_ASSIGNED	32	32	747	828	828	828	100.000	100.000	1	1	1-414	CP003884.1;NZ_CP041215.1;NZ_OX366332.1;NZ_OX366352.1;NZ_OX366353.1;NZ_OX366359.1;NZ_OX366397.1;NZ_OZ034713.1;NZ_OZ034764.1;NZ_OZ034769.1;NZ_OZ034773.1	0	0											0	0											2	2	735	814	814	814	99.517	99.517	1	1	1-414	NZ_CP110359.1;NZ_OU909470.1
G8edfd5a15da519034bad8398	Pb53b4d94c05a6d484ec8e538	Pithauria_stramineipennis	A_only	A	0	0	0	0	d80d4819e32f129f3f2cee80595291ad16017ba7fe274f88394c5a99b1cb2dad					0	1	False	NOT_ASSIGNED	32	32	785	870	870	870	100.000	100.000	1	1	1-435	CP003884.1;NZ_CP054598.1;NZ_OX366332.1;NZ_OX366353.1;NZ_OX366359.1;NZ_OX366397.1;NZ_OZ034713.1;NZ_OZ034764.1;NZ_OZ034769.1;NZ_OZ034773.1	0	0											0	0											3	3	764	846	846	846	99.080	99.080	1	1	1-435	NZ_OU909470.1
G7e51fa3501ccb1c73abefee7	Pbf111878b49f8635cfc0b308	Pithauria_stramineipennis	A_only	A	0	0	0	0	3934283253a0053603b857362c80f04f2c5da042c3ecc971bd4ad5e6a0f15672	-68	-75	-0.08651399491094147582697201018	1	0	0	False	NOT_ASSIGNED	53	53	1414	1567	1567	1567	99.873	99.873	1	1	1-786	CP003884.1;NZ_CP041215.1;NZ_OX366332.1;NZ_OX366352.1;NZ_OX366353.1;NZ_OX366397.1;NZ_OZ034713.1;NZ_OZ034769.1;NZ_OZ034773.1	2	2	1346	1492	1492	1492	97.964	97.964	1	1	1-786	NZ_OZ034708.1	0	0											11	11	1311	1453	1453	1453	97.066	97.066	0.9974554707379134860050890585	0.9974554707379134860050890585	1-784	NZ_CP110359.1
G2ec545e027c037bbd4e927eb	Pbfb42565c9fa797dd31365b6	Pithauria_stramineipennis	A_only	A	0	0	0	0	18a075c8af9e5f6e9669dd82cd8cd9e2588d606583a4f1f39c6a8685c2c4d413	-17	-19	-0.01402640264026402640264026403	1	0	0	False	NOT_ASSIGNED	87	87	2186	2424	2424	2424	100.000	100.000	1	1	1-1212	CP003884.1;NZ_CP041215.1;NZ_OX366332.1;NZ_OX366352.1;NZ_OX366397.1;NZ_OZ034713.1;NZ_OZ034764.1;NZ_OZ034769.1;NZ_OZ034773.1;NZ_OZ034792.1	69	69	2169	2405	2405	2405	99.752	99.752	1	1	1-1212	NZ_OZ035002.1	0	0											30	30	2182	2419	2419	2419	99.917	99.917	1	1	1-1212	NZ_CP090902.1;NZ_CP136587.1;OX384028.1
G53602399d3605bf81f9b46fd	Pcd189dc1eefba4ae08285709	Pithauria_stramineipennis	A_only	A	0	0	0	0	08e99b487d7710cdb5e51a87e3164e79776e549b06c39ae00b1d7964c9d72c88	-22	-25	-0.02107279693486590038314176245	1	0	0	False	NOT_ASSIGNED	87	85	1874	2078	2078	2078	99.808	99.808	1	1	1-1044	CP003884.1;NZ_CP041215.1;NZ_OX366352.1;NZ_OX366359.1;NZ_OX366387.1;NZ_OZ017714.1;NZ_OZ025779.1;NZ_OZ034695.1;NZ_OZ034763.1;NZ_OZ034764.1;NZ_OZ034769.1;NZ_OZ034792.1;NZ_OZ034793.1	5	5	1852	2053	2053	2053	99.330	99.330	1	1	1-1044	NZ_OZ035002.1	0	0											22	20	1865	2068	2068	2068	99.617	99.617	1	1	1-1044	NZ_CP110359.1
G168dc35de5781df438f43f8b	Pd361fb920038257624d583f4	Pithauria_stramineipennis	A_only	A	0	0	0	0	4f19a8415044f384e762b40ed923622ac516963d0bdc3d3aa9e50d6f43871ea2					0	1	False	NOT_ASSIGNED	25	25	720	798	798	798	100.000	100.000	1	1	1-399	CP003884.1;CP042904.1;NZ_CP041215.1;NZ_OX366327.1;NZ_OX366332.1;NZ_OX366352.1;NZ_OX366353.1;NZ_OX366359.1;NZ_OX366375.1;NZ_OX366389.1;NZ_OX366397.1;NZ_OX366398.1;NZ_OZ034712.1;NZ_OZ034713.1;NZ_OZ034764.1;NZ_OZ034769.1;NZ_OZ034773.1;NZ_OZ034779.1;NZ_OZ034792.1;NZ_OZ034796.1;NZ_OZ195515.1;NZ_OZ195518.1;OZ034697.1	0	0											0	0											1	1	624	691	691	691	94.724	94.724	0.9974937343358395989974937343	0.9974937343358395989974937343	2-399	NZ_OZ195521.1
Ge74283581fd87c0176d71ebe	Pda2dffc75bee2718e9054d16	Pithauria_stramineipennis	A_only	A	0	0	0	0	58011873e3b2f00260f99821a0fa47995be265d78c31d2d9f5cb4cadaa8d1dad	-2424	-2688	-1.260530421216848673946957878	0	0	0	False	NOT_ASSIGNED	37	37	3464	3841	3841	3841	99.948	99.948	1	1	1-1923	NZ_OX366327.1;NZ_OX366332.1;NZ_OX366352.1;NZ_OX366359.1;NZ_OZ034764.1;NZ_OZ034769.1;NZ_OZ034792.1	1	1	1040	1153	1153	1153	76.764	76.764	0.7171086843473738949557982319	0.7171086843473738949557982319	1-1379	NZ_OZ181655.1	0	0											3	3	2931	3250	3250	3250	93.747	93.747	1	1	1-1923	CP091195.1
Gdbc11363e9ad2cc95aa60663	Pdd5c78cc55f1937e37fb3db7	Pithauria_stramineipennis	A_only	A	0	0	0	0	365ef1987c3bf255e29631a776a9762e2ad00a7b6ddbe8c57fcde7a501f39ee4	-18	-20	-0.02803738317757009345794392523	1	0	0	False	NOT_ASSIGNED	80	80	1159	1284	1284	1284	100.000	100.000	1	1	1-642	NZ_CP041215.1;NZ_OX366326.1;NZ_OX366332.1;NZ_OX366351.1;NZ_OX366352.1;NZ_OX366353.1;NZ_OX366397.1;NZ_OX366400.1;NZ_OZ014602.1;NZ_OZ034690.1;NZ_OZ034713.1;NZ_OZ034716.1;NZ_OZ034726.1;NZ_OZ034762.1;NZ_OZ034764.1;NZ_OZ034769.1;NZ_OZ034773.1;NZ_OZ034792.1;NZ_OZ187004.1;NZ_OZ195525.1;OZ034694.1	1	1	1141	1264	1264	1264	99.377	99.377	1	1	1-642	NZ_OZ035002.1	0	0											15	15	1145	1269	1269	1269	99.533	99.533	1	1	1-642	NZ_CP090902.1;NZ_CP110359.1;NZ_CP136587.1;NZ_CP157591.1;NZ_CP170632.1;NZ_CP175927.1;OX384028.1
Ge3ba8c4721f94bb919c5ff8f	Pfa51b8e46837a9b1625cc8c5	Pithauria_stramineipennis	A_only	A	0	0	0	1	75f33684bba9647fce9b46ba1d610dc896bd01061db41f247137ea48780238d3	-320	-355	-0.09259259259259259259259259259	1	0	0	False	NOT_ASSIGNED	87	87	6224	6902	6902	6902	99.942	99.942	1	1	1-3456	NZ_OX366359.1;NZ_OX366397.1;NZ_OZ034773.1	13	13	5904	6547	6547	6547	97.888	97.888	1	1	1-3456	NZ_OZ035002.1	0	0											27	27	5909	6552	6552	6552	97.917	97.917	1	1	1-3456	NZ_CP069053.1;NZ_CP069060.1;NZ_CP136587.1;NZ_CP175927.1
G56594c0211f5729d380c9699	Pfd55ca99eaf0d62d7a09bf25	Pithauria_stramineipennis	A_only	A	0	0	0	0	1ed3704cf0b4f2f7f6a02c770aab99aa12963364842fe710073cc797844e2a20	-81	-90	-0.2477064220183486238532110092	0	0	0	False	NOT_ASSIGNED	47	47	590	654	654	654	100.000	100.000	1	1	1-327	CP003884.1;NZ_CP041215.1;NZ_OX366352.1;NZ_OX366353.1;NZ_OX366359.1;NZ_OX366397.1;NZ_OZ034713.1;NZ_OZ034720.1;NZ_OZ034764.1;NZ_OZ034769.1;NZ_OZ034773.1;NZ_OZ034792.1	2	2	509	564	564	564	96.203	96.203	0.9663608562691131498470948012	0.9663608562691131498470948012	1-316	NZ_OZ181655.1	0	0											4	4	545	604	604	604	97.546	97.546	0.9938837920489296636085626911	0.9938837920489296636085626911	1-325	NZ_CP175923.1
Gd56c56c0f1f9f254c483238a	P0294554494f5a8cec05865fd	Polytremis_eltola	A_only	A	0	1	1	0	4e0275b233849f065c211fe603976e8ea940c201a1f4c22527f651875f01dbf1	-9	-10	-0.006134969325153374233128834356	1	0	0	False	NOT_ASSIGNED	82	82	2646	2934	2934	2934	100.000	100.000	1	1	1-1467	NZ_CP041215.1;NZ_CP054598.1;NZ_OX366332.1;NZ_OX366352.1;NZ_OX366353.1;NZ_OX366397.1;NZ_OZ034713.1;NZ_OZ034764.1;NZ_OZ034773.1;NZ_OZ034792.1	2	2	2637	2924	2924	2924	99.864	99.864	1	1	1-1467	NZ_OZ035002.1	0	0											13	13	2642	2929	2929	2929	99.932	99.932	1	1	1-1467	NZ_CP170632.1;NZ_CP175927.1
G9280e838937fa2c3cf684a16	P0675c48295767aa3906ac372	Polytremis_eltola	A_only	A	0	1	1	0	f61928a68957298e0716625e878bd41bc786fff1eb47c92db6f4bc20b890ac4b	-1067	-1184	-0.4832427536231884057971014493	0	0	0	False	NOT_ASSIGNED	33	33	3978	4411	4411	4411	99.955	99.955	1	1	1-2208	NZ_OZ034769.1	1	1	2911	3227	3227	3227	98.918	98.918	0.7522644927536231884057971014	0.7522644927536231884057971014	548-2208	NZ_OZ035002.1	0	0											4	4	2914	3231	3231	3231	98.977	98.977	0.7522644927536231884057971014	0.7522644927536231884057971014	548-2208	NZ_CP175927.1
Ga967d3e7e3dcb5453d857da8	P07f88e2bb1e56fb05f02e58a	Polytremis_eltola	A_only	A	0	1	1	0	139aec1aa5446cfb642f0e3809f0ae713554a012614b5a4fd3848862e6cecc24	-9	-10	-0.01127819548872180451127819549	1	0	0	False	NOT_ASSIGNED	77	75	1435	1591	1591	1591	99.875	99.875	1	1	1-798	CP003884.1;NZ_OX366332.1;NZ_OX366352.1;NZ_OX366359.1;NZ_OX366397.1;NZ_OZ034713.1;NZ_OZ034769.1;NZ_OZ034773.1;NZ_OZ034792.1	1	1	1426	1581	1581	1581	99.624	99.624	1	1	1-798	NZ_OZ035002.1	0	0											13	13	1431	1586	1586	1586	99.749	99.749	1	1	1-798	NZ_CP110359.1;OU953855.1
Gcd2d7c454c1e9e8c0eee4d17	P0c624e151735e4a9fed865d5	Polytremis_eltola	A_only	A	0	1	1	0	466ce57dff8435b1b58a59770ce5d0c74cdc369098a7025f7b2a26f85fb8f699	-147	-163	-0.5157894736842105263157894737	0	0	0	False	NOT_ASSIGNED	55	55	515	570	570	570	100.000	100.000	1	1	1-285	CP003884.1;NZ_OX366332.1;NZ_OX366352.1;NZ_OX366353.1;NZ_OX366359.1;NZ_OX366397.1;NZ_OZ034764.1;NZ_OZ034792.1	71	71	368	407	407	407	96.018	96.018	0.7929824561403508771929824561	0.7929824561403508771929824561	16-241	NZ_OZ181655.1	0	0											36	36	510	565	565	565	99.649	99.649	1	1	1-285	NZ_CP110359.1
G0c73e7dda09d8a40b8e20092	P0c73e7dda09d8a40b8e20092	Polytremis_eltola	AB_unknown_tie	A;B;unknown	0	1	1	0	2351c5ae70bc2b0c728904586c5f3f5bfdc40de9d061b28ae8157db8c4fa8970	0	0	0	1	0	0	False	NOT_ASSIGNED	3	3	1002	1110	1110	1110	100.000	100.000	1	1	1-555	NZ_OZ034991.1	67	67	1002	1110	1110	1110	100.000	100.000	1	1	1-555	NZ_OX366317.1;NZ_OX366321.1;NZ_OX366322.1;NZ_OX366323.1;NZ_OX366328.1;NZ_OX366329.1;NZ_OX366330.1;NZ_OX366331.1;NZ_OX366336.1;NZ_OX366337.1;NZ_OX366340.1;NZ_OX366343.1;NZ_OX366346.1;NZ_OX366358.1;NZ_OX366361.1;NZ_OX366365.1;NZ_OX366373.1;NZ_OX366386.1;NZ_OX366394.1;NZ_OX366401.1;NZ_OZ034689.1;NZ_OZ034698.1;NZ_OZ034705.1;NZ_OZ034718.1;NZ_OZ034751.1;NZ_OZ034752.1;NZ_OZ034765.1;NZ_OZ034771.1;NZ_OZ034777.1;NZ_OZ034783.1;NZ_OZ034799.1;NZ_OZ034910.1;NZ_OZ034914.1;NZ_OZ077190.1;NZ_OZ195524.1;NZ_OZ238265.1	0	0											7	7	1002	1110	1110	1110	100.000	100.000	1	1	1-555	NZ_CP087954.1;NZ_CP092526.1;NZ_CP192272.1
G4fecc9f5d190eb1c3bf7e1fc	P0f7e8941919e9b634eb350c7	Polytremis_eltola	A_only	A	0	1	1	0	bc2a3250a5d899db7839c72b92e1c066526c443d5a29b366b384b028748e6f5b	-118	-130	-0.1293859649122807017543859649	1	0	0	False	NOT_ASSIGNED	113	108	1644	1822	1822	1822	100.000	100.000	0.9989035087719298245614035088	0.9989035087719298245614035088	1-911	CP003884.1;NZ_OX366332.1;NZ_OX366397.1;NZ_OZ034713.1;NZ_OZ034764.1;NZ_OZ034773.1;NZ_OZ034792.1	73	73	1526	1692	1692	1692	97.146	97.146	0.9989035087719298245614035088	0.9989035087719298245614035088	1-911	NZ_OZ035002.1	1	1	901	998	998	998	82.202	82.202	0.9857456140350877192982456140	0.9857456140350877192982456140	13-911	NZ_OZ034692.1	40	40	1639	1817	1817	1817	99.890	99.890	0.9989035087719298245614035088	0.9989035087719298245614035088	1-911	NZ_CP110359.1
G180344af7a4e0c2c5dbaa9ba	P105e81cadb13fa73bec24ff5	Polytremis_eltola	A_only	A	0	1	1	0	e12c007dda73e93f631432ed252e6a2449911bec90138e5d9faf7e74adfea80a	-3767	-4178	-1.220278587625526401036605118	0	0	0	False	NOT_ASSIGNED	33	33	5559	6164	6164	6164	99.935	99.935	1	1	1-3087	NZ_OZ034769.1	1	1	1792	1986	1986	1986	76.023	76.023	0.8114674441205053449951409135	0.8114674441205053449951409135	1-2505	NZ_OZ181655.1	0	0											4	4	4324	4795	4795	4795	91.266	91.266	0.9970845481049562682215743440	0.9970845481049562682215743440	1-3078	CP091195.1
G1a5004648cc38d23907ab572	P13e05d070734305f12c2eb26	Polytremis_eltola	A_only	A	0	1	1	0	d3560b5d4f4c5e3743342ec2bf83a1c3967d869780e61fe291fad16d63ec5e6f	-63	-70	-0.2019230769230769230769230769	0	0	0	False	NOT_ASSIGNED	20	20	563	624	624	624	100.000	100.000	1	1	1-312	CP003884.1;NZ_CP041215.1;NZ_CP054598.1;NZ_OX366332.1;NZ_OX366352.1;NZ_OX366359.1;NZ_OX366397.1;NZ_OZ034713.1;NZ_OZ034764.1;NZ_OZ034769.1;NZ_OZ034773.1;NZ_OZ034792.1	1	1	500	554	554	554	94.654	94.654	0.9935897435897435897435897436	0.9935897435897435897435897436	1-310	NZ_OZ181655.1	0	0											2	2	540	598	598	598	97.188	97.188	1	1	1-312	NZ_OW370537.1
G4a46868162f293fa8d7a88d0	P16ac9b89ff10a00bf5aef6dc	Polytremis_eltola	A_only	A	0	1	1	0	c3247bc8cb0f826a75ef9bc0911d32f87b97ffbc5522e90b0b540f82e3b2c53d	-4	-5	-0.008771929824561403508771929825	1	0	0	False	NOT_ASSIGNED	80	80	823	912	912	912	100.000	100.000	1	1	1-456	CP003884.1;NZ_CP041215.1;NZ_CP054598.1;NZ_OX366332.1;NZ_OX366352.1;NZ_OX366397.1;NZ_OZ034713.1;NZ_OZ034764.1;NZ_OZ034769.1;NZ_OZ034773.1;NZ_OZ034792.1	1	1	819	907	907	907	99.781	99.781	1	1	1-456	NZ_OZ035002.1	0	0											15	15	819	907	907	907	99.781	99.781	1	1	1-456	CP076228.1;NZ_CP069053.1;NZ_CP069060.1;NZ_CP090902.1;NZ_CP136586.1;NZ_CP136587.1;NZ_CP157591.1;NZ_CP170632.1;NZ_CP175927.1;OU953855.1;OX384028.1
Gea4afaf2b2c357a533339680	P17c4a8f0e8f2f82c6ac338cd	Polytremis_eltola	A_only	A	0	1	1	0	d9e39940d5c0536224947fd6aaa719195d0f14ed5e74680fc39dd6e2706f61a0	-1030	-1143	-1.107526881720430107526881720	0	0	0	False	NOT_ASSIGNED	104	95	1673	1855	1855	1855	99.892	99.892	1	1	1-930	NZ_OZ034769.1	1	1	643	712	712	712	79.505	79.505	0.7774193548387096774193548387	0.7774193548387096774193548387	208-930	NZ_OZ035002.1	0	0											18	18	1081	1198	1198	1198	85.576	85.576	0.9989247311827956989247311828	0.9989247311827956989247311828	1-929	NZ_CP175923.1
G16314eb06542a1bfe2317458	P1b1b9bd92b6d337fd150f16a	Polytremis_eltola	AB_unknown_tie	A;B;unknown	0	1	1	0	5a421f7f6f5d3cb3673dd6c4696ee7d989832ee807ef8e962da667c586d3f09a	0	0	0	1	0	0	False	NOT_ASSIGNED	32	32	2370	2628	2628	2628	100.000	100.000	1	1	1-1314	NZ_OZ034991.1	71	71	2370	2628	2628	2628	100.000	100.000	1	1	1-1314	NZ_OX366317.1;NZ_OX366321.1;NZ_OX366322.1;NZ_OX366323.1;NZ_OX366328.1;NZ_OX366330.1;NZ_OX366331.1;NZ_OX366336.1;NZ_OX366337.1;NZ_OX366340.1;NZ_OX366343.1;NZ_OX366346.1;NZ_OX366358.1;NZ_OX366361.1;NZ_OX366365.1;NZ_OX366373.1;NZ_OX366386.1;NZ_OX366392.1;NZ_OX366401.1;NZ_OZ034698.1;NZ_OZ034705.1;NZ_OZ034718.1;NZ_OZ034723.1;NZ_OZ034751.1;NZ_OZ034752.1;NZ_OZ034765.1;NZ_OZ034771.1;NZ_OZ034783.1;NZ_OZ034789.1;NZ_OZ034799.1;NZ_OZ034910.1;NZ_OZ034914.1;NZ_OZ077190.1;NZ_OZ195524.1;NZ_OZ238265.1	0	0											27	27	2370	2628	2628	2628	100.000	100.000	1	1	1-1314	NZ_CP021120.1;NZ_CP087954.1;NZ_CP092526.1
G7e5df9fcd2bdbdbe5f1a3cd9	P1b45d62aeeff39a57fb5f62e	Polytremis_eltola	B_unknown_tie	B;unknown	0	1	1	0	9273991b9682e9d412f45951cc8567e16d8bbe8e73d18b32d47f02ffa651ef39	51	56	0.04670329670329670329670329670	0	0	0	False	NOT_ASSIGNED	14	14	1832	2031	2031	2031	97.335	97.335	0.9963369963369963369963369963	0.9963369963369963369963369963	1-1088	NZ_OZ034991.1	69	69	1883	2087	2087	2087	98.168	98.168	1	1	1-1092	NZ_OZ034718.1	0	0											16	16	1883	2087	2087	2087	98.168	98.168	1	1	1-1092	NZ_CP021120.1
G66c06abd9e32e18ed10c60db	P1c6d0324297a9a0d8c4410e8	Polytremis_eltola	B_only	B	1	1	1	0	1fc2351a8ca4045b25934a4e157582e27be1976b24355b4d63d819ffa0a9afea	9	10	0.02362204724409448818897637795	1	0	0	False	NOT_ASSIGNED	8	8	679	752	752	752	99.475	99.475	1	1	1-381	NZ_OZ034991.1	71	70	688	762	762	762	100.000	100.000	1	1	1-381	NZ_OZ034718.1	0	0											16	15	679	752	752	752	99.475	99.475	1	1	1-381	NZ_CP021120.1;NZ_CP087954.1;NZ_CP092526.1;NZ_CP154278.1
G20dcc1f87621309dee9a6f80	P20dcc1f87621309dee9a6f80	Polytremis_eltola	A_only	A	0	1	1	0	910c93a5e1159ea5550af600057b9b819948587198a1a0b0cd0a6340b975a120	-9	-10	-0.007978723404255319148936170213	1	0	0	False	NOT_ASSIGNED	113	113	2030	2251	2251	2251	99.911	99.911	1	1	1-1128	NZ_CP041215.1;NZ_OX366332.1;NZ_OX366352.1;NZ_OX366397.1;NZ_OZ034713.1;NZ_OZ034764.1;NZ_OZ034769.1;NZ_OZ034773.1;NZ_OZ034792.1	74	74	2021	2241	2241	2241	99.734	99.734	1	1	1-1128	NZ_OZ035002.1	1	1	810	897	897	897	84.048	84.048	0.6613475177304964539007092199	0.6613475177304964539007092199	379-1124	NZ_OZ034692.1	51	51	2021	2241	2241	2241	99.734	99.734	1	1	1-1128	CP076228.1;NZ_CP175927.1;OX384028.1
G7f3abd435bef2b7fcf9dbc4b	P2334edc5add04f8c7e6edc90	Polytremis_eltola	unknown_only	unknown	0	1	1	0	ab4f9b0a839fe095ae5a256e41fb1dbeb47c313db05d8ef2ac447f64799d689d	167	185	0.2272108843537414965986394558	1	0	0	False	NOT_ASSIGNED	3	3	1123	1245	1245	1245	93.878	93.878	1	1	1-735	NZ_OZ181654.1	71	71	1290	1430	1430	1430	98.912	98.912	1	1	1-735	OX366390.1	0	0											15	15	1317	1460	1460	1460	99.728	99.728	1	1	1-735	NZ_CP021120.1
Gfe114bd36c60e1db9f394c9e	P2c83049b426ff56b08fe28b0	Polytremis_eltola	A_only	A	0	1	1	0	b733c890d27538443e1dcb6a7ac814f3874c2c1eaf6ce0634c5447c063862504					0	1	False	NOT_ASSIGNED	30	30	2669	2959	2959	2959	99.933	99.933	1	1	1-1482	NZ_CP041215.1;NZ_OX366332.1;NZ_OX366352.1;NZ_OX366353.1;NZ_OX366397.1;NZ_OZ034764.1;NZ_OZ034769.1	0	0											0	0											0	0										
G9ac88e7baac87b0d269a230d	P3401dac7e10825aca4057dca	Polytremis_eltola	AB_unknown_tie	A;B;unknown	0	1	1	0	fe2ec930449ef2b6a381dfbf478b39ff18f1ac63e7a2ca8ba611575e89ea92ed	0	0	0	1	0	0	False	NOT_ASSIGNED	3	3	650	720	720	720	100.000	100.000	1	1	1-360	NZ_OZ034991.1	71	71	650	720	720	720	100.000	100.000	1	1	1-360	NZ_OX366321.1;NZ_OX366323.1;NZ_OX366330.1;NZ_OX366331.1;NZ_OX366336.1;NZ_OX366337.1;NZ_OX366340.1;NZ_OX366343.1;NZ_OX366346.1;NZ_OX366358.1;NZ_OX366360.1;NZ_OX366361.1;NZ_OX366365.1;NZ_OX366373.1;NZ_OX366386.1;NZ_OX366394.1;NZ_OX366401.1;NZ_OZ034689.1;NZ_OZ034698.1;NZ_OZ034705.1;NZ_OZ034718.1;NZ_OZ034751.1;NZ_OZ034752.1;NZ_OZ034765.1;NZ_OZ034777.1;NZ_OZ034783.1;NZ_OZ034789.1;NZ_OZ034795.1;NZ_OZ034799.1;NZ_OZ034910.1;NZ_OZ077190.1;NZ_OZ238265.1	0	0											14	14	650	720	720	720	100.000	100.000	1	1	1-360	NZ_CP021120.1;NZ_CP087954.1
G498b82c1d665c5511a84e28b	P3e4fb06e9670f3171001e548	Polytremis_eltola	A_unknown_tie	A;unknown	0	1	1	0	c88da66754d92c3e4978950bbb1e1ce5569cb159d223f4da32cf374d7a8ffb7d	-5	-5	-0.005393743257820927723840345200	1	0	0	False	NOT_ASSIGNED	47	47	1673	1854	1854	1854	100.000	100.000	1	1	1-927	CP003884.1;NZ_CP041215.1;NZ_OX366332.1;NZ_OX366348.1;NZ_OX366352.1;NZ_OX366359.1;NZ_OX366368.1;NZ_OX366369.1;NZ_OX366379.1;NZ_OX366387.1;NZ_OX366388.1;NZ_OX366397.1;NZ_OX366398.1;NZ_OX366399.1;NZ_OZ034713.1;NZ_OZ034769.1;NZ_OZ034773.1;NZ_OZ034779.1;NZ_OZ034793.1;NZ_OZ034796.1;NZ_OZ034913.1;NZ_OZ035007.1;NZ_OZ183482.1;OX366363.1	2	2	1668	1849	1849	1849	99.892	99.892	1	1	1-927	NZ_OZ035002.1	0	0											10	10	1673	1854	1854	1854	100.000	100.000	1	1	1-927	NZ_CP175927.1
G123c8edf3be9e16a5ee0732c	P44f6e46ea2ed589cedda429f	Polytremis_eltola	A_only	A	0	1	1	0	31b9e40c03da1c932b308074f088e73fefeef83a0cc860605f5a9d488055c826					0	1	False	NOT_ASSIGNED	13	13	5284	5859	5859	5859	99.898	99.898	1	1	1-2937	NZ_OX366369.1;NZ_OZ034769.1	0	0											1	1	1872	2075	2075	2075	82.960	82.960	0.5948246510044262853251617297	0.5948246510044262853251617297	1191-2937	NZ_OZ034692.1	3	3	2235	2478	2478	2478	88.082	88.082	0.5948246510044262853251617297	0.5948246510044262853251617297	1191-2937	OU953855.1
Gbbf22fd090fde3743646adae	P493f6ff5725a58e31ceb52ab	Polytremis_eltola	A_only	A	0	1	1	0	da0d8fe005def433e13416c834351fdcaf030b88f1ec8bfd59c61c9dfede4f16	-23	-25	-0.02123730378578024007386888273	1	0	0	False	NOT_ASSIGNED	76	76	1954	2166	2166	2166	100.000	100.000	1	1	1-1083	CP003884.1;NZ_CP041215.1;NZ_OX366332.1;NZ_OX366352.1;NZ_OX366353.1;NZ_OX366397.1;NZ_OZ034713.1;NZ_OZ034764.1;NZ_OZ034769.1;NZ_OZ034773.1;NZ_OZ034792.1	1	1	1931	2141	2141	2141	99.538	99.538	1	1	1-1083	NZ_OZ035002.1	0	0											19	19	1945	2156	2156	2156	99.815	99.815	1	1	1-1083	OU953855.1
G330336169f6fd946131817c1	P507058803c71333cf0b9f49f	Polytremis_eltola	B_only	B	1	1	1	0	d3a706c7687af066a12bb52737b84bd6150b686e2a119811477349489707496a	32	35	0.04199475065616797900262467192	1	0	0	False	NOT_ASSIGNED	113	113	1334	1479	1479	1479	98.819	98.819	1	1	1-762	NZ_OZ034991.1	74	74	1366	1514	1514	1514	99.738	99.738	1	1	1-762	NZ_OX366325.1	1	1	722	800	800	800	82.069	82.069	0.9514435695538057742782152231	0.9514435695538057742782152231	32-756	NZ_OZ034692.1	51	51	1334	1479	1479	1479	98.819	98.819	1	1	1-762	NZ_CP021120.1;NZ_CP087954.1;NZ_CP092526.1
Geebd8f385e94cc26cf7b7c19	P52a038d73fbb0dc2fce63fa2	Polytremis_eltola	A_only	A	0	1	1	1	82a19fe23f557c1a5d39feab517002c509b15df31fc03c6c52583bb5285768a2	-15	-17	-0.01362397820163487738419618529	1	0	0	False	NOT_ASSIGNED	81	79	1986	2202	2202	2202	100.000	100.000	1	1	1-1101	CP003884.1;NZ_OX366332.1;NZ_OX366352.1;NZ_OZ034713.1;NZ_OZ034764.1;NZ_OZ034769.1;NZ_OZ034773.1	35	35	1971	2185	2185	2185	99.728	99.728	1	1	1-1101	NZ_OZ035002.1	0	0											20	19	1973	2187	2187	2187	99.728	99.728	1	1	1-1101	NZ_CP069053.1;NZ_CP069060.1;NZ_CP090902.1;NZ_CP170632.1;OX384028.1
Ga9e2fdd50584b34a09769c53	P6650f8af23e8baae78a43f97	Polytremis_eltola	A_only	A	0	1	1	0	739791e6daf7d49e7a6334ba563aead3c92b3b1c51fa4d5fec8addbff34c390c	-5	-5	-0.01400560224089635854341736695	1	0	0	False	NOT_ASSIGNED	83	83	645	714	714	714	100.000	100.000	1	1	1-357	CP003884.1;NZ_CP041215.1;NZ_CP054598.1;NZ_OX366319.1;NZ_OX366326.1;NZ_OX366332.1;NZ_OX366351.1;NZ_OX366352.1;NZ_OX366353.1;NZ_OX366387.1;NZ_OX366395.1;NZ_OX366397.1;NZ_OX366400.1;NZ_OZ014602.1;NZ_OZ034690.1;NZ_OZ034702.1;NZ_OZ034706.1;NZ_OZ034713.1;NZ_OZ034716.1;NZ_OZ034720.1;NZ_OZ034721.1;NZ_OZ034726.1;NZ_OZ034728.1;NZ_OZ034762.1;NZ_OZ034764.1;NZ_OZ034769.1;NZ_OZ034773.1;NZ_OZ034792.1;NZ_OZ034913.1;NZ_OZ187004.1;NZ_OZ195525.1	1	1	640	709	709	709	99.720	99.720	1	1	1-357	NZ_OZ035002.1	0	0											15	15	640	709	709	709	99.720	99.720	1	1	1-357	NZ_CP069053.1;NZ_CP069060.1;NZ_CP136587.1;NZ_CP170632.1;NZ_CP175927.1
Ga49bc6700cd8ae83692b0d80	P69d68c4e9723a50f19464644	Polytremis_eltola	A_only	A	0	1	1	0	ab80c69f77b8bc3fa09fa4ce985df6c0634b94f16931671d2c51a4b0110c2d17	-45	-50	-0.03472222222222222222222222222	1	0	0	False	NOT_ASSIGNED	87	87	2338	2592	2592	2592	100.000	100.000	1	1	1-1296	NZ_CP041215.1;NZ_OX366332.1;NZ_OX366352.1;NZ_OX366397.1;NZ_OZ034713.1;NZ_OZ034764.1;NZ_OZ034769.1;NZ_OZ034773.1;NZ_OZ034792.1	2	2	2293	2542	2542	2542	99.228	99.228	1	1	1-1296	NZ_OZ035002.1	0	0											17	17	2293	2542	2542	2542	99.228	99.228	1	1	1-1296	NZ_CP069053.1;NZ_CP069060.1;NZ_CP090902.1;NZ_CP136587.1;OX384028.1
G1305e1f181da7e3222f25c21	P6e77e4124db35977ff81de98	Polytremis_eltola	A_only	A	0	1	1	0	cdc920b1effc40c05994624fcdfd789e99db6ca0571b8fafb060f2dbc27bd75b	-277	-308	-0.5699588477366255144032921811	0	0	0	False	NOT_ASSIGNED	38	36	877	972	972	972	100.000	100.000	1	1	1-486	CP003884.1;NZ_CP041215.1;NZ_CP054557.1;NZ_OX366332.1;NZ_OX366352.1;NZ_OX366359.1;NZ_OX366397.1;NZ_OZ034706.1;NZ_OZ034769.1;NZ_OZ034773.1;NZ_OZ034791.1	1	1	600	664	664	664	100.000	100.000	0.6831275720164609053497942387	0.6831275720164609053497942387	1-332	NZ_OZ035002.1	0	0											7	5	873	967	967	967	99.794	99.794	1	1	1-486	NZ_CP157591.1
Gf9c0542ee28af2fff8333869	P71bb8c7f5b149dba1c7305d5	Polytremis_eltola	A_only	A	0	1	1	0	0c97d00fd5b03fab3e03dbe196ef30c192ff2056e8a43e18012aa28bf50aebaf	-62	-69	-0.05990338164251207729468599034	1	0	0	False	NOT_ASSIGNED	76	74	1863	2065	2065	2065	99.903	99.903	1	1	1-1035	CP003884.1;NZ_CP041215.1;NZ_CP054598.1;NZ_OX366332.1;NZ_OX366352.1;NZ_OX366397.1;NZ_OZ034713.1;NZ_OZ034769.1;NZ_OZ034792.1	1	1	1801	1996	1996	1996	97.994	97.994	1	1	1-1035	NZ_OZ035002.1	0	0											19	19	1827	2025	2025	2025	99.130	99.130	1	1	1-1035	NZ_CP170632.1
Gfe02afc21ec3a15f4ea348cc	P72ae142d3355c55e688b5d5c	Polytremis_eltola	B_unknown_tie	B;unknown	0	1	1	0	a5ff0c5af57c3ce7fa28c959c4f003bb140d3e8825960230abd97dabacbc9394	5	5	0.006265664160401002506265664160	1	0	0	False	NOT_ASSIGNED	4	4	1435	1591	1591	1591	99.875	99.875	1	1	1-798	NZ_OZ034991.1	69	69	1440	1596	1596	1596	100.000	100.000	1	1	1-798	NC_010981.1	0	0											13	13	1440	1596	1596	1596	100.000	100.000	1	1	1-798	NZ_CP021120.1;NZ_CP051608.1
Gdaa47bc6c933c2ec86a752f5	P7b8604775adae8acd2294a64	Polytremis_eltola	A_only	A	0	1	1	0	9b2ccc166677e14800d34318ff481928b5ff198e3aeb20ca08299db5ffdb3540	-14	-15	-0.007843137254901960784313725490	1	0	0	False	NOT_ASSIGNED	105	105	3220	3570	3570	3570	100.000	100.000	1	1	1-1785	NZ_CP041215.1;NZ_OX366332.1;NZ_OX366352.1;NZ_OZ034764.1;NZ_OZ034769.1;NZ_OZ034792.1;OZ034697.1	2	2	3206	3555	3555	3555	99.832	99.832	1	1	1-1785	NZ_OZ035002.1	0	0											22	22	3206	3555	3555	3555	99.832	99.832	1	1	1-1785	NZ_CP069053.1;NZ_CP069060.1;NZ_CP136587.1;NZ_CP170632.1;NZ_CP175927.1;OU953855.1;OX384028.1
G79cd7d5c2595876e2319fb55	P8199b65d2f3a3eb73fd3881f	Polytremis_eltola	A_unknown_tie	A;unknown	0	1	1	0	8bcbeef16536f8a5a9f0e79ef5b8e7cca04cd0c9662c9a593282ad3340a3e764	-804	-892	-0.7570621468926553672316384181	0	0	0	False	NOT_ASSIGNED	20	17	1916	2124	2124	2124	100.000	100.000	1	1	1-1062	NZ_OX366327.1;NZ_OX366352.1;NZ_OX366397.1;NZ_OX366399.1;NZ_OX366400.1;NZ_OZ034713.1;NZ_OZ034769.1;NZ_OZ034773.1;NZ_OZ187004.1	2	1	1112	1232	1232	1232	92.622	92.622	0.7118644067796610169491525424	0.7118644067796610169491525424	307-1062	NZ_OX366345.1	0	0											1	1	1916	2124	2124	2124	100.000	100.000	1	1	1-1062	NZ_CP170632.1
G7fa22fbef96aea2d25e63e15	P8c07225efaa092ab30d53679	Polytremis_eltola	A_only	A	0	1	1	0	e273bceebb98055610ddb0929e764058f3e432b2f61bfbed86323a94a4678808	-14	-15	-0.01368523949169110459433040078	1	0	0	False	NOT_ASSIGNED	83	83	1846	2046	2046	2046	100.000	100.000	1	1	1-1023	CP003884.1;NZ_CP041215.1;NZ_OX366332.1;NZ_OX366352.1;NZ_OX366359.1;NZ_OX366397.1;NZ_OZ034713.1;NZ_OZ034764.1;NZ_OZ034769.1;NZ_OZ034773.1;NZ_OZ034792.1	1	1	1832	2031	2031	2031	99.707	99.707	1	1	1-1023	NZ_OZ035002.1	0	0											17	17	1832	2031	2031	2031	99.707	99.707	1	1	1-1023	CP076228.1;NZ_CP069053.1;NZ_CP069060.1;NZ_CP090902.1;NZ_CP136587.1;NZ_CP170632.1;NZ_CP175927.1;OX384028.1
G69c66b5655790d6a362b0b20	P8d6f063f581eb9f0d5456da6	Polytremis_eltola	A_only	A	0	1	1	0	0a4f1d88dddac9b5470c07d87bf286d9c11b7597f02cd79e2d1641736dd8ba65	-4	-5	-0.004778972520908004778972520908	1	0	0	False	NOT_ASSIGNED	77	77	1510	1674	1674	1674	100.000	100.000	1	1	1-837	CP003884.1;NZ_CP041215.1;NZ_CP054598.1;NZ_OX366319.1;NZ_OX366327.1;NZ_OX366332.1;NZ_OX366352.1;NZ_OX366359.1;NZ_OX366369.1;NZ_OX366389.1;NZ_OX366397.1;NZ_OX366398.1;NZ_OZ034702.1;NZ_OZ034713.1;NZ_OZ034719.1;NZ_OZ034721.1;NZ_OZ034764.1;NZ_OZ034769.1;NZ_OZ034773.1;NZ_OZ034779.1;NZ_OZ034792.1;NZ_OZ034796.1;NZ_OZ034913.1;NZ_OZ195515.1	1	1	1506	1669	1669	1669	99.881	99.881	1	1	1-837	NZ_OZ035002.1	0	0											13	13	1506	1669	1669	1669	99.881	99.881	1	1	1-837	CP091195.1;NZ_CP069053.1;NZ_CP069060.1;NZ_CP090902.1;NZ_CP136587.1;NZ_CP170632.1;OU953855.1;OX384028.1
G7785446da05c3adc7820af59	P942e1b2a3926d675d1974bf5	Polytremis_eltola	A_only	A	0	1	1	0	af23929326c50fb142d7910fdf6d21671df07a9af9e9e209b3c58fc12252eef9	-9	-10	-0.01224489795918367346938775510	1	0	0	False	NOT_ASSIGNED	80	80	1326	1470	1470	1470	100.000	100.000	1	1	1-735	CP003884.1;NZ_CP054598.1;NZ_OX366352.1;NZ_OX366353.1;NZ_OX366359.1;NZ_OX366397.1;NZ_OZ034713.1;NZ_OZ034764.1;NZ_OZ034769.1;NZ_OZ034773.1	1	1	1317	1460	1460	1460	99.728	99.728	1	1	1-735	NZ_OZ035002.1	0	0											15	15	1317	1460	1460	1460	99.728	99.728	1	1	1-735	NZ_CP157591.1;NZ_CP170632.1;NZ_CP175927.1
G5db1d6643c186bba63e619a2	P95855010e0c2448a44e263ca	Polytremis_eltola	A_only	A	0	1	1	0	76d343faa6dc085104277f6f181b1af156b8dc41d8d8f5ddaf0fa906300208f4	-22	-25	-0.03395061728395061728395061728	1	0	0	False	NOT_ASSIGNED	80	80	1169	1296	1296	1296	100.000	100.000	1	1	1-648	CP003884.1;NZ_CP041215.1;NZ_CP054598.1;NZ_OX366326.1;NZ_OX366332.1;NZ_OX366351.1;NZ_OX366352.1;NZ_OX366353.1;NZ_OX366389.1;NZ_OX366397.1;NZ_OX366398.1;NZ_OX366400.1;NZ_OZ014602.1;NZ_OZ034690.1;NZ_OZ034713.1;NZ_OZ034715.1;NZ_OZ034716.1;NZ_OZ034726.1;NZ_OZ034728.1;NZ_OZ034762.1;NZ_OZ034764.1;NZ_OZ034769.1;NZ_OZ034773.1;NZ_OZ034779.1;NZ_OZ034792.1;NZ_OZ187004.1;NZ_OZ195515.1;NZ_OZ195525.1	1	1	1147	1271	1271	1271	99.228	99.228	1	1	1-648	NZ_OZ035002.1	0	0											15	15	1165	1291	1291	1291	99.846	99.846	1	1	1-648	NZ_CP110359.1;NZ_OU909470.1;OU953855.1
Ga17ec93dad23be742872cb6b	P9897241121f49b098577aa4d	Polytremis_eltola	A_only	A	0	1	1	1	378df916bdf43fbe0bc7dc0f56cc24bfac8c32b6c17f6d7e4ad8cc334a102a3b	-14	-15	-0.04093567251461988304093567251	1	0	0	False	NOT_ASSIGNED	102	90	618	684	684	684	100.000	100.000	1	1	1-342	CP003884.1;NZ_CP041215.1;NZ_CP054598.1;NZ_OX366332.1;NZ_OX366352.1;NZ_OX366353.1;NZ_OX366359.1;NZ_OX366397.1;NZ_OZ034713.1;NZ_OZ034769.1;NZ_OZ034773.1;NZ_OZ034792.1	1	1	604	669	669	669	99.123	99.123	1	1	1-342	NZ_OZ035002.1	0	0											15	14	613	679	679	679	99.708	99.708	1	1	1-342	CP091195.1;NZ_CP110359.1
G41e105b8fe9d38dfc0ecd3a9	Pa2bce227857811250a569cd1	Polytremis_eltola	A_only	A	0	1	1	0	5dd6595b77fd6d98bacaa85ca8c2d4f8ba6a85a07f09c167c064130b1236aaef	-9	-10	-0.02970297029702970297029702970	1	0	0	False	NOT_ASSIGNED	106	106	547	606	606	606	100.000	100.000	1	1	1-303	NZ_CP041215.1;NZ_CP054598.1;NZ_OX366319.1;NZ_OX366326.1;NZ_OX366332.1;NZ_OX366351.1;NZ_OX366352.1;NZ_OX366353.1;NZ_OX366356.1;NZ_OX366369.1;NZ_OX366397.1;NZ_OX366400.1;NZ_OZ014602.1;NZ_OZ034690.1;NZ_OZ034701.1;NZ_OZ034702.1;NZ_OZ034713.1;NZ_OZ034716.1;NZ_OZ034719.1;NZ_OZ034720.1;NZ_OZ034721.1;NZ_OZ034726.1;NZ_OZ034728.1;NZ_OZ034762.1;NZ_OZ034764.1;NZ_OZ034769.1;NZ_OZ034773.1;NZ_OZ034792.1;NZ_OZ034913.1;NZ_OZ187004.1;NZ_OZ195515.1;NZ_OZ195525.1	6	6	538	596	596	596	99.340	99.340	1	1	1-303	NZ_OZ035002.1	0	0											31	30	543	601	601	601	99.670	99.670	1	1	1-303	CP091195.1;NZ_CP110359.1;OU953855.1
G072eb62b082ce097544ef002	Pa87d72afcf636cec7bbf5d9e	Polytremis_eltola	A_unknown_tie	A;unknown	0	1	1	0	dcc0dc6ce368564e82239f6cabe9ff333e7bf526507e9f29816809f18f28f7f3	-20	-22	-0.06006006006006006006006006006	0	0	0	False	NOT_ASSIGNED	104	104	601	666	666	666	100.000	100.000	1	1	1-333	NZ_CP041215.1;NZ_CP054598.1;NZ_OX366272.1;NZ_OX366327.1;NZ_OX366352.1;NZ_OX366353.1;NZ_OX366357.1;NZ_OX366359.1;NZ_OX366375.1;NZ_OX366378.1;NZ_OX366387.1;NZ_OX366388.1;NZ_OX366389.1;NZ_OX366395.1;NZ_OX366397.1;NZ_OX366398.1;NZ_OZ017714.1;NZ_OZ034695.1;NZ_OZ034701.1;NZ_OZ034712.1;NZ_OZ034713.1;NZ_OZ034717.1;NZ_OZ034720.1;NZ_OZ034763.1;NZ_OZ034764.1;NZ_OZ034769.1;NZ_OZ034773.1;NZ_OZ034779.1;NZ_OZ034785.1;NZ_OZ034792.1;NZ_OZ034796.1;NZ_OZ034998.1;NZ_OZ035007.1;NZ_OZ195518.1;OX366363.1;OZ034697.1	5	5	581	644	644	644	98.795	98.795	0.9969969969969969969969969970	0.9969969969969969969969969970	1-332	NZ_OZ035002.1	0	0											24	24	601	666	666	666	100.000	100.000	1	1	1-333	CP091195.1;NZ_OU909470.1;OU953855.1
G851a108ee8794c4416b8cce1	Pb3f06ba9a36b08c87a7cccb2	Polytremis_eltola	A_only	A	0	1	1	0	d1f3350f6106aa13c649cddae7269b147a3795ee03847db76cbfd9ddbffe29d4					0	1	False	NOT_ASSIGNED	32	32	747	828	828	828	100.000	100.000	1	1	1-414	CP003884.1;NZ_CP041215.1;NZ_OX366332.1;NZ_OX366352.1;NZ_OX366353.1;NZ_OX366359.1;NZ_OX366397.1;NZ_OZ034713.1;NZ_OZ034764.1;NZ_OZ034769.1;NZ_OZ034773.1	0	0											0	0											2	2	735	814	814	814	99.517	99.517	1	1	1-414	NZ_CP110359.1;NZ_OU909470.1
G15f4fd3224c292ffed2b650c	Pb53b4d94c05a6d484ec8e538	Polytremis_eltola	A_only	A	0	1	1	0	d80d4819e32f129f3f2cee80595291ad16017ba7fe274f88394c5a99b1cb2dad					0	1	False	NOT_ASSIGNED	32	32	785	870	870	870	100.000	100.000	1	1	1-435	CP003884.1;NZ_CP054598.1;NZ_OX366332.1;NZ_OX366353.1;NZ_OX366359.1;NZ_OX366397.1;NZ_OZ034713.1;NZ_OZ034764.1;NZ_OZ034769.1;NZ_OZ034773.1	0	0											0	0											3	3	764	846	846	846	99.080	99.080	1	1	1-435	NZ_OU909470.1
Gbf111878b49f8635cfc0b308	Pbf111878b49f8635cfc0b308	Polytremis_eltola	A_only	A	0	1	1	0	3934283253a0053603b857362c80f04f2c5da042c3ecc971bd4ad5e6a0f15672	-68	-75	-0.08651399491094147582697201018	1	0	0	False	NOT_ASSIGNED	53	53	1414	1567	1567	1567	99.873	99.873	1	1	1-786	CP003884.1;NZ_CP041215.1;NZ_OX366332.1;NZ_OX366352.1;NZ_OX366353.1;NZ_OX366397.1;NZ_OZ034713.1;NZ_OZ034769.1;NZ_OZ034773.1	2	2	1346	1492	1492	1492	97.964	97.964	1	1	1-786	NZ_OZ034708.1	0	0											11	11	1311	1453	1453	1453	97.066	97.066	0.9974554707379134860050890585	0.9974554707379134860050890585	1-784	NZ_CP110359.1
G48ae0b98ec7f513d1da281f3	Pbfb42565c9fa797dd31365b6	Polytremis_eltola	A_only	A	0	1	1	0	c621060cb69785bcf2ccd25a2e080ac5e4d6bd72cea77aa95f67f2f7a1ff9683	-17	-19	-0.01556776556776556776556776557	1	0	0	False	NOT_ASSIGNED	87	87	1970	2184	2184	2184	100.000	100.000	1	1	1-1092	CP003884.1;NZ_CP041215.1;NZ_OX366332.1;NZ_OX366352.1;NZ_OX366397.1;NZ_OZ034713.1;NZ_OZ034764.1;NZ_OZ034769.1;NZ_OZ034773.1;NZ_OZ034792.1	69	69	1953	2165	2165	2165	99.725	99.725	1	1	1-1092	NZ_OZ035002.1	0	0											30	30	1966	2179	2179	2179	99.908	99.908	1	1	1-1092	NZ_CP090902.1;NZ_CP136587.1;OX384028.1
G8efb3ce7dc09acabb56ab1ff	Pc399a2889a3327696ebea158	Polytremis_eltola	A_only	A	0	1	1	1	e5c670b545dfab49a5df0ffda3b8aa12fbe91b0c957a58879f15bcb061c5b9a9	-1703	-1889	-0.8215147129763627592860588519	0	0	0	False	NOT_ASSIGNED	47	47	3733	4139	4139	4139	99.952	99.952	1	1	1-2073	NZ_OZ034769.1	1	1	2030	2250	2250	2250	90.235	90.235	0.6473709599614085865894838398	0.6473709599614085865894838398	1-1342	NZ_OZ035002.1	0	0											13	13	3333	3695	3695	3695	93.382	93.382	1	1	1-2073	OU953855.1
G0cac373188697f4c09bc6a2f	Pcd189dc1eefba4ae08285709	Polytremis_eltola	A_only	A	0	1	1	0	989ee06912f065deac462a00378f0d7aad13a7092b5a2a4d7e3e26423014f6d0	-23	-25	-0.02203065134099616858237547893	1	0	0	False	NOT_ASSIGNED	87	85	1879	2083	2083	2083	99.904	99.904	1	1	1-1044	CP003884.1;NZ_CP041215.1;NZ_OX366352.1;NZ_OX366359.1;NZ_OX366387.1;NZ_OZ017714.1;NZ_OZ025779.1;NZ_OZ034695.1;NZ_OZ034763.1;NZ_OZ034764.1;NZ_OZ034769.1;NZ_OZ034792.1;NZ_OZ034793.1	5	5	1856	2058	2058	2058	99.425	99.425	1	1	1-1044	NZ_OZ035002.1	0	0											22	20	1870	2073	2073	2073	99.713	99.713	1	1	1-1044	NZ_CP110359.1
Geccd680f1cd223176225682b	Pd361fb920038257624d583f4	Polytremis_eltola	A_only	A	0	1	1	0	4f19a8415044f384e762b40ed923622ac516963d0bdc3d3aa9e50d6f43871ea2					0	1	False	NOT_ASSIGNED	25	25	720	798	798	798	100.000	100.000	1	1	1-399	CP003884.1;CP042904.1;NZ_CP041215.1;NZ_OX366327.1;NZ_OX366332.1;NZ_OX366352.1;NZ_OX366353.1;NZ_OX366359.1;NZ_OX366375.1;NZ_OX366389.1;NZ_OX366397.1;NZ_OX366398.1;NZ_OZ034712.1;NZ_OZ034713.1;NZ_OZ034764.1;NZ_OZ034769.1;NZ_OZ034773.1;NZ_OZ034779.1;NZ_OZ034792.1;NZ_OZ034796.1;NZ_OZ195515.1;NZ_OZ195518.1;OZ034697.1	0	0											0	0											1	1	624	691	691	691	94.724	94.724	0.9974937343358395989974937343	0.9974937343358395989974937343	2-399	NZ_OZ195521.1
G19bf206c89b40d966ea4c21c	Pda2dffc75bee2718e9054d16	Polytremis_eltola	A_only	A	0	1	1	0	58011873e3b2f00260f99821a0fa47995be265d78c31d2d9f5cb4cadaa8d1dad	-2424	-2688	-1.260530421216848673946957878	0	0	0	False	NOT_ASSIGNED	37	37	3464	3841	3841	3841	99.948	99.948	1	1	1-1923	NZ_OX366327.1;NZ_OX366332.1;NZ_OX366352.1;NZ_OX366359.1;NZ_OZ034764.1;NZ_OZ034769.1;NZ_OZ034792.1	1	1	1040	1153	1153	1153	76.764	76.764	0.7171086843473738949557982319	0.7171086843473738949557982319	1-1379	NZ_OZ181655.1	0	0											3	3	2931	3250	3250	3250	93.747	93.747	1	1	1-1923	CP091195.1
G1fc060e7b6d307392c736255	Pdd5c78cc55f1937e37fb3db7	Polytremis_eltola	A_only	A	0	1	1	0	365ef1987c3bf255e29631a776a9762e2ad00a7b6ddbe8c57fcde7a501f39ee4	-18	-20	-0.02803738317757009345794392523	1	0	0	False	NOT_ASSIGNED	80	80	1159	1284	1284	1284	100.000	100.000	1	1	1-642	NZ_CP041215.1;NZ_OX366326.1;NZ_OX366332.1;NZ_OX366351.1;NZ_OX366352.1;NZ_OX366353.1;NZ_OX366397.1;NZ_OX366400.1;NZ_OZ014602.1;NZ_OZ034690.1;NZ_OZ034713.1;NZ_OZ034716.1;NZ_OZ034726.1;NZ_OZ034762.1;NZ_OZ034764.1;NZ_OZ034769.1;NZ_OZ034773.1;NZ_OZ034792.1;NZ_OZ187004.1;NZ_OZ195525.1;OZ034694.1	1	1	1141	1264	1264	1264	99.377	99.377	1	1	1-642	NZ_OZ035002.1	0	0											15	15	1145	1269	1269	1269	99.533	99.533	1	1	1-642	NZ_CP090902.1;NZ_CP110359.1;NZ_CP136587.1;NZ_CP157591.1;NZ_CP170632.1;NZ_CP175927.1;OX384028.1
G06a9afe4e03ec1f341756392	Pfd55ca99eaf0d62d7a09bf25	Polytremis_eltola	A_only	A	0	1	1	0	1ed3704cf0b4f2f7f6a02c770aab99aa12963364842fe710073cc797844e2a20	-81	-90	-0.2477064220183486238532110092	0	0	0	False	NOT_ASSIGNED	47	47	590	654	654	654	100.000	100.000	1	1	1-327	CP003884.1;NZ_CP041215.1;NZ_OX366352.1;NZ_OX366353.1;NZ_OX366359.1;NZ_OX366397.1;NZ_OZ034713.1;NZ_OZ034720.1;NZ_OZ034764.1;NZ_OZ034769.1;NZ_OZ034773.1;NZ_OZ034792.1	2	2	509	564	564	564	96.203	96.203	0.9663608562691131498470948012	0.9663608562691131498470948012	1-316	NZ_OZ181655.1	0	0											4	4	545	604	604	604	97.546	97.546	0.9938837920489296636085626911	0.9938837920489296636085626911	1-325	NZ_CP175923.1
Ge531c24e63b6a9da7e9b0138	P0294554494f5a8cec05865fd	Polytremis_theca	A_unknown_tie	A;unknown	0	0	0	0	f67b6f82769ffecb759fc9b4eaec9fe5bbef65bb00ba832fff2b83b17d23d554	-4	-5	-0.002726653033401499659168370825	1	0	0	False	NOT_ASSIGNED	82	82	2646	2934	2934	2934	100.000	100.000	1	1	1-1467	CP042904.1;NZ_OX366319.1;NZ_OX366351.1;NZ_OX366368.1;NZ_OX366375.1;NZ_OX366379.1;NZ_OX366396.1;NZ_OX366399.1;NZ_OX366400.1;NZ_OZ014602.1;NZ_OZ034690.1;NZ_OZ034702.1;NZ_OZ034706.1;NZ_OZ034712.1;NZ_OZ034715.1;NZ_OZ034716.1;NZ_OZ034719.1;NZ_OZ034721.1;NZ_OZ034726.1;NZ_OZ034728.1;NZ_OZ034762.1;NZ_OZ034782.1;NZ_OZ034784.1;NZ_OZ034785.1;NZ_OZ034791.1;NZ_OZ034913.1;NZ_OZ183482.1;NZ_OZ187004.1;NZ_OZ195515.1;NZ_OZ195518.1	2	2	2642	2929	2929	2929	99.932	99.932	1	1	1-1467	NZ_OZ035002.1	0	0											13	13	2646	2934	2934	2934	100.000	100.000	1	1	1-1467	NZ_CP170632.1;NZ_CP175927.1
G729918a1e752f3feec4447e9	P0675c48295767aa3906ac372	Polytremis_theca	A_only	A	0	0	0	0	f61928a68957298e0716625e878bd41bc786fff1eb47c92db6f4bc20b890ac4b	-1067	-1184	-0.4832427536231884057971014493	0	0	0	False	NOT_ASSIGNED	33	33	3978	4411	4411	4411	99.955	99.955	1	1	1-2208	NZ_OZ034769.1	1	1	2911	3227	3227	3227	98.918	98.918	0.7522644927536231884057971014	0.7522644927536231884057971014	548-2208	NZ_OZ035002.1	0	0											4	4	2914	3231	3231	3231	98.977	98.977	0.7522644927536231884057971014	0.7522644927536231884057971014	548-2208	NZ_CP175927.1
Gd0ed56df54a918c62ff4a2da	P07f88e2bb1e56fb05f02e58a	Polytremis_theca	AB_unknown_tie	A;B;unknown	0	0	0	0	8f97191611b043d85f232ea6f6de65a4ae09cc2b95545a547871d89978edcd17	0	0	0	1	0	0	False	NOT_ASSIGNED	77	75	1431	1586	1586	1586	99.749	99.749	1	1	1-798	CP042904.1;NZ_CP054557.1;NZ_OX366387.1;NZ_OX366389.1;NZ_OX366398.1;NZ_OZ034706.1;NZ_OZ034779.1;NZ_OZ035007.1;NZ_OZ195515.1;NZ_OZ195518.1	1	1	1431	1586	1586	1586	99.749	99.749	1	1	1-798	NZ_OZ035002.1	0	0											13	13	1431	1586	1586	1586	99.749	99.749	1	1	1-798	NZ_CP157591.1;NZ_CP170632.1;NZ_CP175927.1
G00b8666fa545d6cead315642	P0c624e151735e4a9fed865d5	Polytremis_theca	A_only	A	0	0	0	0	466ce57dff8435b1b58a59770ce5d0c74cdc369098a7025f7b2a26f85fb8f699	-147	-163	-0.5157894736842105263157894737	0	0	0	False	NOT_ASSIGNED	55	55	515	570	570	570	100.000	100.000	1	1	1-285	CP003884.1;NZ_OX366332.1;NZ_OX366352.1;NZ_OX366353.1;NZ_OX366359.1;NZ_OX366397.1;NZ_OZ034764.1;NZ_OZ034792.1	71	71	368	407	407	407	96.018	96.018	0.7929824561403508771929824561	0.7929824561403508771929824561	16-241	NZ_OZ181655.1	0	0											36	36	510	565	565	565	99.649	99.649	1	1	1-285	NZ_CP110359.1
Gf0acfa314f5513484974b423	P105e81cadb13fa73bec24ff5	Polytremis_theca	A_only	A	0	0	0	0	bff939af3193ab8030ad72b6d788f7c07ade0833697005f13f28dc0e9980d655	-3268	-3624	-1.160099396521121760738374157	0	0	0	False	NOT_ASSIGNED	36	36	5055	5605	5605	5605	99.893	99.893	0.9975150869719559815406460774	0.9975150869719559815406460774	1-2810	NZ_OZ034769.1	1	1	1787	1981	1981	1981	75.984	75.984	0.8892438764643237486687965921	0.8892438764643237486687965921	1-2505	NZ_OZ181655.1	0	0											4	4	4145	4596	4596	4596	92.740	92.740	0.9975150869719559815406460774	0.9975150869719559815406460774	1-2810	CP091195.1
G94833667ba609fce0b33c90e	P13e05d070734305f12c2eb26	Polytremis_theca	A_only	A	0	0	0	0	d3560b5d4f4c5e3743342ec2bf83a1c3967d869780e61fe291fad16d63ec5e6f	-63	-70	-0.2019230769230769230769230769	0	0	0	False	NOT_ASSIGNED	20	20	563	624	624	624	100.000	100.000	1	1	1-312	CP003884.1;NZ_CP041215.1;NZ_CP054598.1;NZ_OX366332.1;NZ_OX366352.1;NZ_OX366359.1;NZ_OX366397.1;NZ_OZ034713.1;NZ_OZ034764.1;NZ_OZ034769.1;NZ_OZ034773.1;NZ_OZ034792.1	1	1	500	554	554	554	94.654	94.654	0.9935897435897435897435897436	0.9935897435897435897435897436	1-310	NZ_OZ181655.1	0	0											2	2	540	598	598	598	97.188	97.188	1	1	1-312	NZ_OW370537.1
Gdd576e52c84958ff5a4805c5	P16ac9b89ff10a00bf5aef6dc	Polytremis_theca	A_unknown_tie	A;unknown	0	0	0	0	f73dc7143bfd0522ec7b341862abc276894570eb82ed3f87a4f807a5aaad4848	-45	-50	-0.09868421052631578947368421053	1	0	0	False	NOT_ASSIGNED	80	80	819	907	907	907	99.781	99.781	1	1	1-456	NZ_OX366387.1;NZ_OZ035007.1;NZ_OZ195515.1;OZ034694.1	1	1	774	857	857	857	97.588	97.588	1	1	1-456	NZ_OZ035002.1	0	0											15	15	819	907	907	907	99.781	99.781	1	1	1-456	NZ_CP110359.1
G73e314ed280b4121899f6ae3	P17c4a8f0e8f2f82c6ac338cd	Polytremis_theca	A_only	A	0	0	0	0	556f368fb56fe9d70dae35e6fa5972b99d69636b92a3b18eeab31ca159cc9aa9	-1033	-1145	-1.110752688172043010752688172	0	0	0	False	NOT_ASSIGNED	104	95	1678	1860	1860	1860	100.000	100.000	1	1	1-930	NZ_OZ034769.1	1	1	645	715	715	715	78.961	78.961	0.8032258064516129032258064516	0.8032258064516129032258064516	184-930	NZ_OZ035002.1	0	0											18	18	1086	1203	1203	1203	85.684	85.684	0.9989247311827956989247311828	0.9989247311827956989247311828	1-929	NZ_CP175923.1
G1b1b9bd92b6d337fd150f16a	P1b1b9bd92b6d337fd150f16a	Polytremis_theca	unknown_only	unknown	0	0	0	0	19fbcfd3fb7f13f13be8b30ad92c0c7fd33f3eff910df6a325de6871984c8707	-207	-229	-0.1600928074245939675174013921	0	0	0	False	NOT_ASSIGNED	32	32	2150	2383	2383	2383	97.557	97.557	0.9814385150812064965197215777	0.9814385150812064965197215777	1-1269	NZ_OZ034729.1	71	71	1943	2154	2154	2154	95.399	95.399	0.9412219644238205723124516628	0.9412219644238205723124516628	1-1217	NZ_OZ181655.1	0	0											27	27	2278	2526	2526	2526	99.072	99.072	1	1	1-1293	NZ_OU909470.1
G23e7a20ecc5930faafdadf7b	P23e7a20ecc5930faafdadf7b	Polytremis_theca	A_unknown_tie	A;unknown	0	0	0	1	3796a6b3a4ed2a0a49a2095922f6969f1ecbae373eb353627c59db5d02879a9d	-5	-5	-0.003465003465003465003465003465	1	0	0	False	NOT_ASSIGNED	114	113	2558	2836	2836	2836	99.307	99.307	1	1	1-1443	NZ_CP011148.1;NZ_CP042446.1;NZ_OX366348.1;NZ_OX366368.1;NZ_OX366399.1;NZ_OZ034715.1;NZ_OZ034785.1;NZ_OZ183482.1;NZ_OZ195515.1;OZ034694.1	74	74	2553	2831	2831	2831	99.238	99.238	1	1	1-1443	NZ_OZ035002.1	1	1	1637	1815	1815	1815	85.249	85.249	1	1	1-1443	NZ_OZ034692.1	51	50	2558	2836	2836	2836	99.307	99.307	1	1	1-1443	CP076228.1;NZ_CP090902.1;NZ_CP136586.1;NZ_CP136587.1;NZ_CP157591.1;NZ_CP175927.1;OX384028.1
G8cb2a0a974cb2a0be41ba8ff	P493f6ff5725a58e31ceb52ab	Polytremis_theca	A_only	A	0	0	0	0	d798bfdcdb96546803b2950d1b3e1086386e4c12125b95fc8dbc7bc25d103806	-23	-25	-0.02123730378578024007386888273	1	0	0	False	NOT_ASSIGNED	76	76	1954	2166	2166	2166	100.000	100.000	1	1	1-1083	NZ_OX366389.1;NZ_OX366398.1;NZ_OZ034715.1;NZ_OZ034779.1;NZ_OZ034782.1;NZ_OZ195515.1;OZ034694.1	1	1	1931	2141	2141	2141	99.538	99.538	1	1	1-1083	NZ_OZ035002.1	0	0											19	19	1931	2141	2141	2141	99.538	99.538	1	1	1-1083	NZ_CP069053.1;NZ_CP069060.1;NZ_CP090902.1;NZ_CP136586.1;NZ_CP136587.1;NZ_CP157591.1;NZ_CP170632.1;NZ_CP175927.1;OX384028.1
G4d9e45ee85ad4e5e277a2c79	P52a038d73fbb0dc2fce63fa2	Polytremis_theca	A_only	A	0	0	0	1	8fc879ff8e265876d2f34c38675f4c06e1e76bed563062435fd6fcf852eaa07f	-87	-96	-0.07945205479452054794520547945	0	0	0	False	NOT_ASSIGNED	81	79	1971	2185	2185	2185	99.909	99.909	1	1	1-1095	NZ_OX366389.1;NZ_OX366398.1;NZ_OZ034779.1;OZ034694.1	35	35	1884	2089	2089	2089	98.086	98.086	0.9926940639269406392694063927	0.9926940639269406392694063927	1-1087	NZ_OZ035002.1	0	0											20	19	1886	2091	2091	2091	98.084	98.084	0.9926940639269406392694063927	0.9926940639269406392694063927	1-1087	NZ_CP069053.1;NZ_CP069060.1;NZ_CP090902.1;NZ_CP170632.1;OX384028.1
G58afa3b7b23f801f165ad57d	P6650f8af23e8baae78a43f97	Polytremis_theca	AB_unknown_tie	A;B;unknown	0	0	0	0	7659c00976035b47c5bfadf2a143901d7625845b361fa9bc5695ad20ddd5d7a6	0	0	0	1	0	0	False	NOT_ASSIGNED	83	83	645	714	714	714	100.000	100.000	1	1	1-357	NZ_CP054557.1;NZ_OX366348.1;NZ_OX366368.1;NZ_OX366378.1;NZ_OX366379.1;NZ_OX366389.1;NZ_OX366398.1;NZ_OX366399.1;NZ_OZ017714.1;NZ_OZ025779.1;NZ_OZ034715.1;NZ_OZ034717.1;NZ_OZ034719.1;NZ_OZ034763.1;NZ_OZ034779.1;NZ_OZ034782.1;NZ_OZ034785.1;NZ_OZ034791.1;NZ_OZ034998.1;NZ_OZ183482.1;NZ_OZ195515.1;OZ034694.1	1	1	645	714	714	714	100.000	100.000	1	1	1-357	NZ_OZ035002.1	0	0											15	15	645	714	714	714	100.000	100.000	1	1	1-357	NZ_CP069053.1;NZ_CP069060.1;NZ_CP136587.1;NZ_CP170632.1;NZ_CP175927.1
G402f7be0fdb36d716f146d3a	P69d68c4e9723a50f19464644	Polytremis_theca	A_only	A	0	0	0	0	9aa9d864817500149e99af53f166a533c188a48fd132d62fbaa7889b162c1e69	-18	-20	-0.01388888888888888888888888889	1	0	0	False	NOT_ASSIGNED	87	87	2329	2582	2582	2582	99.846	99.846	1	1	1-1296	OZ034694.1	2	2	2311	2562	2562	2562	99.537	99.537	1	1	1-1296	NZ_OZ035002.1	0	0											17	17	2311	2562	2562	2562	99.537	99.537	1	1	1-1296	NZ_CP069053.1;NZ_CP069060.1;NZ_CP090902.1;NZ_CP136587.1;OX384028.1
G3224a50379a3b6d8fd0f1e3d	P71bb8c7f5b149dba1c7305d5	Polytremis_theca	A_unknown_tie	A;unknown	0	0	0	0	fe31c1ade487ddd43dd11713d470c598acd93b303267e27f33d9b0d5736c68c8	-26	-29	-0.02512077294685990338164251208	1	0	0	False	NOT_ASSIGNED	76	74	1854	2055	2055	2055	99.710	99.710	1	1	1-1035	NZ_OZ034719.1;NZ_OZ034720.1;NZ_OZ034721.1	1	1	1828	2026	2026	2026	98.567	98.567	1	1	1-1035	NZ_OZ035002.1	0	0											19	19	1854	2055	2055	2055	99.710	99.710	1	1	1-1035	NZ_CP170632.1
G833a53705fc40095fa867ea0	P7b8604775adae8acd2294a64	Polytremis_theca	A_only	A	0	0	0	0	0e3e79a2d76a492255e259ed4180a12a0ee6d83cc7640f528c3ad99ea7ec2483	-4	-5	-0.002240896358543417366946778711	1	0	0	False	NOT_ASSIGNED	105	105	3206	3555	3555	3555	99.832	99.832	1	1	1-1785	OZ034694.1	2	2	3202	3550	3550	3550	99.776	99.776	1	1	1-1785	NZ_OZ035002.1	0	0											22	22	3202	3550	3550	3550	99.776	99.776	1	1	1-1785	NZ_CP069053.1;NZ_CP069060.1;NZ_CP136587.1;NZ_CP170632.1;NZ_CP175927.1;OX384028.1
G3bc245b7b4c41f77762eff89	P8199b65d2f3a3eb73fd3881f	Polytremis_theca	A_unknown_tie	A;unknown	0	0	0	0	8bcbeef16536f8a5a9f0e79ef5b8e7cca04cd0c9662c9a593282ad3340a3e764	-804	-892	-0.7570621468926553672316384181	0	0	0	False	NOT_ASSIGNED	20	17	1916	2124	2124	2124	100.000	100.000	1	1	1-1062	NZ_OX366327.1;NZ_OX366352.1;NZ_OX366397.1;NZ_OX366399.1;NZ_OX366400.1;NZ_OZ034713.1;NZ_OZ034769.1;NZ_OZ034773.1;NZ_OZ187004.1	2	1	1112	1232	1232	1232	92.622	92.622	0.7118644067796610169491525424	0.7118644067796610169491525424	307-1062	NZ_OX366345.1	0	0											1	1	1916	2124	2124	2124	100.000	100.000	1	1	1-1062	NZ_CP170632.1
Gb23ebc424ce37aeb6968ce85	P8d6f063f581eb9f0d5456da6	Polytremis_theca	AB_unknown_tie	A;B;unknown	0	0	0	0	6ad17feeb3acd1cd3099d63fc0f665f8bf85d2c266de1a3d4db3fd2c8f6e0aed	0	0	0	1	0	0	False	NOT_ASSIGNED	77	77	1510	1674	1674	1674	100.000	100.000	1	1	1-837	NZ_CP042446.1;NZ_OX366368.1;NZ_OX366379.1;NZ_OX366399.1;NZ_OX366400.1;NZ_OZ034762.1;NZ_OZ034791.1;NZ_OZ183482.1;NZ_OZ187004.1	1	1	1510	1674	1674	1674	100.000	100.000	1	1	1-837	NZ_OZ035002.1	0	0											13	13	1510	1674	1674	1674	100.000	100.000	1	1	1-837	NZ_CP069053.1;NZ_CP069060.1;NZ_CP090902.1;NZ_CP136587.1;NZ_CP170632.1;OX384028.1
G2733ce337024023bcda44ad0	P942e1b2a3926d675d1974bf5	Polytremis_theca	A_unknown_tie	A;unknown	0	0	0	0	f848a00d6baedfcbc362d0b779ba4bbd449b2ad9d72804f8ae14fdd4d92a9269	-72	-80	-0.09795918367346938775510204082	1	0	0	False	NOT_ASSIGNED	80	80	1326	1470	1470	1470	100.000	100.000	1	1	1-735	NZ_OX366378.1;NZ_OX366387.1;NZ_OX366388.1;NZ_OZ017714.1;NZ_OZ025779.1;NZ_OZ034695.1;NZ_OZ034717.1;NZ_OZ034763.1;NZ_OZ034793.1;NZ_OZ034998.1;NZ_OZ035007.1;OX366363.1;OZ034694.1	1	1	1254	1390	1390	1390	97.823	97.823	1	1	1-735	NZ_OZ035002.1	0	0											15	15	1326	1470	1470	1470	100.000	100.000	1	1	1-735	CP091195.1
G73b3cc5fcf9cb33d51bf8d45	P95855010e0c2448a44e263ca	Polytremis_theca	A_unknown_tie	A;unknown	0	0	0	0	634c77a8d4e40acedc34a782f772387594fbef2b24fe88fcb56856dbafadb543	-27	-30	-0.04166666666666666666666666667	1	0	0	False	NOT_ASSIGNED	80	80	1169	1296	1296	1296	100.000	100.000	1	1	1-648	CP042904.1;NZ_OX366272.1;NZ_OX366319.1;NZ_OX366347.1;NZ_OX366369.1;NZ_OX366375.1;NZ_OX366387.1;NZ_OX366396.1;NZ_OZ034701.1;NZ_OZ034702.1;NZ_OZ034706.1;NZ_OZ034796.1;NZ_OZ035007.1;NZ_OZ195518.1;OZ034694.1;OZ034697.1	1	1	1142	1266	1266	1266	99.074	99.074	1	1	1-648	NZ_OZ035002.1	0	0											15	15	1169	1296	1296	1296	100.000	100.000	1	1	1-648	NZ_CP110359.1;NZ_OU909470.1;OU953855.1
Gc82f3ea4878c4f09d1a1d61e	P9897241121f49b098577aa4d	Polytremis_theca	A_only	A	0	0	0	1	9e3fcaf8b0b8652c69032fecc8926f75e9d327ed5043be07d066ce4b246fc52e	-5	-5	-0.01461988304093567251461988304	1	0	0	False	NOT_ASSIGNED	102	90	618	684	684	684	100.000	100.000	1	1	1-342	NZ_CP054557.1;NZ_OX366326.1;NZ_OX366347.1;NZ_OX366351.1;NZ_OX366389.1;NZ_OX366398.1;NZ_OX366400.1;NZ_OZ014602.1;NZ_OZ034690.1;NZ_OZ034715.1;NZ_OZ034716.1;NZ_OZ034726.1;NZ_OZ034728.1;NZ_OZ034762.1;NZ_OZ034779.1;NZ_OZ034784.1;NZ_OZ034785.1;NZ_OZ187004.1;NZ_OZ195515.1;NZ_OZ195525.1;OZ034694.1	1	1	613	679	679	679	99.708	99.708	1	1	1-342	NZ_OZ035002.1	0	0											15	14	613	679	679	679	99.708	99.708	1	1	1-342	NZ_CP069053.1;NZ_CP069060.1;NZ_CP090902.1;NZ_CP136586.1;NZ_CP136587.1;NZ_CP157591.1;NZ_CP170632.1;NZ_CP175927.1;OX384028.1
Ga7c1c2ed1d69f256298127e5	Pa2bce227857811250a569cd1	Polytremis_theca	A_unknown_tie	A;unknown	0	0	0	0	6a18e00f384fbb34c4808c4f27b8935711e978c99348bc0935aecda3cb1f1eec	-4	-5	-0.01320132013201320132013201320	1	0	0	False	NOT_ASSIGNED	106	106	547	606	606	606	100.000	100.000	1	1	1-303	NZ_CP054557.1;NZ_OX366347.1;NZ_OX366348.1;NZ_OX366375.1;NZ_OX366378.1;NZ_OX366388.1;NZ_OX366389.1;NZ_OX366398.1;NZ_OZ017714.1;NZ_OZ025779.1;NZ_OZ034695.1;NZ_OZ034706.1;NZ_OZ034712.1;NZ_OZ034715.1;NZ_OZ034717.1;NZ_OZ034779.1;NZ_OZ034782.1;NZ_OZ034784.1;NZ_OZ034785.1;NZ_OZ034791.1;NZ_OZ034793.1;NZ_OZ034796.1;NZ_OZ034998.1;NZ_OZ035007.1;OX366363.1;OZ034694.1	6	6	543	601	601	601	99.670	99.670	1	1	1-303	NZ_OZ035002.1	0	0											30	29	547	606	606	606	100.000	100.000	1	1	1-303	CP091195.1;NZ_CP110359.1;OU953855.1
Ge77f65bdbb2b52cc5aa2ef07	Pa87d72afcf636cec7bbf5d9e	Polytremis_theca	A_only	A	0	0	0	0	6318ce887d8558cbde8bea4959e6fd6a28396f91f22aebae2c30e338c390305e	-20	-22	-0.06006006006006006006006006006	0	0	0	False	NOT_ASSIGNED	104	104	601	666	666	666	100.000	100.000	1	1	1-333	OZ034694.1	5	5	581	644	644	644	98.795	98.795	0.9969969969969969969969969970	0.9969969969969969969969969970	1-332	NZ_OZ035002.1	0	0											24	24	592	656	656	656	99.399	99.399	1	1	1-333	CP091195.1;NZ_OU909470.1;OU953855.1
G121ad9cf8b5b92e6dfbd8580	Pb3f06ba9a36b08c87a7cccb2	Polytremis_theca	A_only	A	0	0	0	0	d1f3350f6106aa13c649cddae7269b147a3795ee03847db76cbfd9ddbffe29d4					0	1	False	NOT_ASSIGNED	32	32	747	828	828	828	100.000	100.000	1	1	1-414	CP003884.1;NZ_CP041215.1;NZ_OX366332.1;NZ_OX366352.1;NZ_OX366353.1;NZ_OX366359.1;NZ_OX366397.1;NZ_OZ034713.1;NZ_OZ034764.1;NZ_OZ034769.1;NZ_OZ034773.1	0	0											0	0											2	2	735	814	814	814	99.517	99.517	1	1	1-414	NZ_CP110359.1;NZ_OU909470.1
G8865c8e2ab3a2e51c57d0d9f	Pb53b4d94c05a6d484ec8e538	Polytremis_theca	A_only	A	0	0	0	0	d80d4819e32f129f3f2cee80595291ad16017ba7fe274f88394c5a99b1cb2dad					0	1	False	NOT_ASSIGNED	32	32	785	870	870	870	100.000	100.000	1	1	1-435	CP003884.1;NZ_CP054598.1;NZ_OX366332.1;NZ_OX366353.1;NZ_OX366359.1;NZ_OX366397.1;NZ_OZ034713.1;NZ_OZ034764.1;NZ_OZ034769.1;NZ_OZ034773.1	0	0											0	0											3	3	764	846	846	846	99.080	99.080	1	1	1-435	NZ_OU909470.1
Ga2ca25fee8d8995f5c3f3b78	Pbfb42565c9fa797dd31365b6	Polytremis_theca	A_only	A	0	0	0	0	e921163860f40defdecce8426398618b844007966b90e9b06b3e8b50bb5ce5d2	-17	-19	-0.01365461847389558232931726908	1	0	0	False	NOT_ASSIGNED	87	87	2246	2490	2490	2490	100.000	100.000	1	1	1-1245	NZ_OZ195515.1	69	69	2229	2471	2471	2471	99.759	99.759	1	1	1-1245	NZ_OZ035002.1	0	0											28	28	2241	2485	2485	2485	99.920	99.920	1	1	1-1245	NZ_CP090902.1;NZ_CP136587.1;OX384028.1
Gbe907b23928c7eb1a550e3cf	Pcd189dc1eefba4ae08285709	Polytremis_theca	A_only	A	0	0	0	0	beb4d043bd2108f71be0c84ac6aac65fc3f40c32b2e0a8d249f8a6d457f1d7d2	-9	-10	-0.008620689655172413793103448276	1	0	0	False	NOT_ASSIGNED	87	85	1879	2083	2083	2083	99.904	99.904	1	1	1-1044	NZ_OZ034782.1;NZ_OZ034784.1;OZ034694.1	5	5	1870	2073	2073	2073	99.713	99.713	1	1	1-1044	NZ_OZ035002.1	0	0											22	20	1870	2073	2073	2073	99.713	99.713	1	1	1-1044	NZ_CP090902.1;NZ_CP136587.1;NZ_CP175927.1;OX384028.1
G8bd19c22143327313c66531a	Pd361fb920038257624d583f4	Polytremis_theca	A_only	A	0	0	0	0	4f19a8415044f384e762b40ed923622ac516963d0bdc3d3aa9e50d6f43871ea2					0	1	False	NOT_ASSIGNED	25	25	720	798	798	798	100.000	100.000	1	1	1-399	CP003884.1;CP042904.1;NZ_CP041215.1;NZ_OX366327.1;NZ_OX366332.1;NZ_OX366352.1;NZ_OX366353.1;NZ_OX366359.1;NZ_OX366375.1;NZ_OX366389.1;NZ_OX366397.1;NZ_OX366398.1;NZ_OZ034712.1;NZ_OZ034713.1;NZ_OZ034764.1;NZ_OZ034769.1;NZ_OZ034773.1;NZ_OZ034779.1;NZ_OZ034792.1;NZ_OZ034796.1;NZ_OZ195515.1;NZ_OZ195518.1;OZ034697.1	0	0											0	0											1	1	624	691	691	691	94.724	94.724	0.9974937343358395989974937343	0.9974937343358395989974937343	2-399	NZ_OZ195521.1
G3bd134c5f39e7f604f034e32	Pda2dffc75bee2718e9054d16	Polytremis_theca	A_only	A	0	0	0	0	2352ea9da5d362ced50d2684ece6dd69fd11826f7b9363a58d6f55f93c601d35	-2424	-2688	-1.260530421216848673946957878	0	0	0	False	NOT_ASSIGNED	37	37	3455	3831	3831	3831	99.844	99.844	1	1	1-1923	NZ_OX366327.1;NZ_OX366332.1;NZ_OX366352.1;NZ_OX366359.1;NZ_OZ034764.1;NZ_OZ034769.1;NZ_OZ034792.1	1	1	1031	1143	1143	1143	76.622	76.622	0.7171086843473738949557982319	0.7171086843473738949557982319	1-1379	NZ_OZ181655.1	0	0											3	3	2922	3240	3240	3240	93.643	93.643	1	1	1-1923	CP091195.1
G79e357cc0be586c6e2afa2db	Pdd5c78cc55f1937e37fb3db7	Polytremis_theca	A_only	A	0	0	0	0	365ef1987c3bf255e29631a776a9762e2ad00a7b6ddbe8c57fcde7a501f39ee4	-18	-20	-0.02803738317757009345794392523	1	0	0	False	NOT_ASSIGNED	80	80	1159	1284	1284	1284	100.000	100.000	1	1	1-642	NZ_CP041215.1;NZ_OX366326.1;NZ_OX366332.1;NZ_OX366351.1;NZ_OX366352.1;NZ_OX366353.1;NZ_OX366397.1;NZ_OX366400.1;NZ_OZ014602.1;NZ_OZ034690.1;NZ_OZ034713.1;NZ_OZ034716.1;NZ_OZ034726.1;NZ_OZ034762.1;NZ_OZ034764.1;NZ_OZ034769.1;NZ_OZ034773.1;NZ_OZ034792.1;NZ_OZ187004.1;NZ_OZ195525.1;OZ034694.1	1	1	1141	1264	1264	1264	99.377	99.377	1	1	1-642	NZ_OZ035002.1	0	0											15	15	1145	1269	1269	1269	99.533	99.533	1	1	1-642	NZ_CP090902.1;NZ_CP110359.1;NZ_CP136587.1;NZ_CP157591.1;NZ_CP170632.1;NZ_CP175927.1;OX384028.1
Gcdcc4802b10583445348f1e5	Pfd55ca99eaf0d62d7a09bf25	Polytremis_theca	A_only	A	0	0	0	0	1ed3704cf0b4f2f7f6a02c770aab99aa12963364842fe710073cc797844e2a20	-81	-90	-0.2477064220183486238532110092	0	0	0	False	NOT_ASSIGNED	47	47	590	654	654	654	100.000	100.000	1	1	1-327	CP003884.1;NZ_CP041215.1;NZ_OX366352.1;NZ_OX366353.1;NZ_OX366359.1;NZ_OX366397.1;NZ_OZ034713.1;NZ_OZ034720.1;NZ_OZ034764.1;NZ_OZ034769.1;NZ_OZ034773.1;NZ_OZ034792.1	2	2	509	564	564	564	96.203	96.203	0.9663608562691131498470948012	0.9663608562691131498470948012	1-316	NZ_OZ181655.1	0	0											4	4	545	604	604	604	97.546	97.546	0.9938837920489296636085626911	0.9938837920489296636085626911	1-325	NZ_CP175923.1
G19e88ef5d61a67ae05f28847	P0c73e7dda09d8a40b8e20092	Potanthus_trachala	AB_unknown_tie	A;B;unknown	0	0	0	0	2351c5ae70bc2b0c728904586c5f3f5bfdc40de9d061b28ae8157db8c4fa8970	0	0	0	1	0	0	False	NOT_ASSIGNED	3	3	1002	1110	1110	1110	100.000	100.000	1	1	1-555	NZ_OZ034991.1	67	67	1002	1110	1110	1110	100.000	100.000	1	1	1-555	NZ_OX366317.1;NZ_OX366321.1;NZ_OX366322.1;NZ_OX366323.1;NZ_OX366328.1;NZ_OX366329.1;NZ_OX366330.1;NZ_OX366331.1;NZ_OX366336.1;NZ_OX366337.1;NZ_OX366340.1;NZ_OX366343.1;NZ_OX366346.1;NZ_OX366358.1;NZ_OX366361.1;NZ_OX366365.1;NZ_OX366373.1;NZ_OX366386.1;NZ_OX366394.1;NZ_OX366401.1;NZ_OZ034689.1;NZ_OZ034698.1;NZ_OZ034705.1;NZ_OZ034718.1;NZ_OZ034751.1;NZ_OZ034752.1;NZ_OZ034765.1;NZ_OZ034771.1;NZ_OZ034777.1;NZ_OZ034783.1;NZ_OZ034799.1;NZ_OZ034910.1;NZ_OZ034914.1;NZ_OZ077190.1;NZ_OZ195524.1;NZ_OZ238265.1	0	0											7	7	1002	1110	1110	1110	100.000	100.000	1	1	1-555	NZ_CP087954.1;NZ_CP092526.1;NZ_CP192272.1
Ga6c150379c3a0b5460a5c1c2	P1440feb117cd723f6abb3813	Potanthus_trachala	B_only	B	1	0	1	0	dbace169cfb13ba83000f8458f2042c67a192d4b5e53256866f5aa25ad893937	14	15	0.005595523581135091926458832934	1	0	0	False	NOT_ASSIGNED	113	113	4499	4989	4989	4989	99.880	99.880	1	1	1-2502	NZ_OZ034991.1	73	73	4513	5004	5004	5004	100.000	100.000	1	1	1-2502	NZ_OX366317.1;NZ_OX366322.1;NZ_OX366336.1;NZ_OX366337.1;NZ_OX366343.1;NZ_OX366373.1;NZ_OX366386.1;NZ_OX366392.1;NZ_OX366394.1;NZ_OX366401.1;NZ_OZ034689.1;NZ_OZ034752.1;NZ_OZ034765.1;NZ_OZ034783.1;NZ_OZ034789.1	0	0											47	47	4499	4989	4989	4989	99.880	99.880	1	1	1-2502	NZ_CP021120.1;NZ_CP087954.1;NZ_CP092526.1
G150ac91bb8f18d23cd75fb7f	P1b1b9bd92b6d337fd150f16a	Potanthus_trachala	B_only	B	1	0	1	0	338ae9ff093c4960aee146fea30c13fd2c08203fe6c4100e6abc7545030e3c23	4	5	0.003044140030441400304414003044	1	0	0	False	NOT_ASSIGNED	32	32	2366	2623	2623	2623	99.924	99.924	1	1	1-1314	NZ_OZ034991.1	71	71	2370	2628	2628	2628	100.000	100.000	1	1	1-1314	NZ_OX366394.1;NZ_OZ034689.1	0	0											27	27	2366	2623	2623	2623	99.924	99.924	1	1	1-1314	NZ_CP021120.1;NZ_CP087954.1;NZ_CP092526.1
G01f109c1f68825eeef6db2ff	P1b45d62aeeff39a57fb5f62e	Potanthus_trachala	AB_unknown_tie	A;B;unknown	0	0	0	0	035663bf4f4aff0f1b1fee3fad1f69b6bc016f4493400a0f7c9e5d85e075915f	0	0	0	1	0	0	False	NOT_ASSIGNED	14	14	1981	2196	2196	2196	100.000	100.000	1	1	1-1098	NZ_OZ034991.1	69	69	1981	2196	2196	2196	100.000	100.000	1	1	1-1098	NZ_OX366321.1;NZ_OX366323.1;NZ_OX366330.1;NZ_OX366331.1;NZ_OX366340.1;NZ_OX366346.1;NZ_OX366358.1;NZ_OX366361.1;NZ_OX366365.1;NZ_OX366394.1;NZ_OZ034689.1;NZ_OZ034698.1;NZ_OZ034705.1;NZ_OZ034751.1;NZ_OZ034799.1;NZ_OZ077190.1;NZ_OZ238265.1	0	0											16	16	1981	2196	2196	2196	100.000	100.000	1	1	1-1098	NZ_CP087954.1
G17746d95fcc58840a6c36ac0	P1c6d0324297a9a0d8c4410e8	Potanthus_trachala	AB_unknown_tie	A;B;unknown	0	0	0	0	8c9764015c18d769203d9f1903bd1b303c84f7b06da2e19096d9dca50386f3c2	0	0	0	1	0	0	False	NOT_ASSIGNED	8	8	688	762	762	762	100.000	100.000	1	1	1-381	NZ_OZ034991.1	71	70	688	762	762	762	100.000	100.000	1	1	1-381	NC_010981.1;NZ_OX366317.1;NZ_OX366328.1;NZ_OX366329.1;NZ_OX366330.1;NZ_OX366336.1;NZ_OX366337.1;NZ_OX366340.1;NZ_OX366343.1;NZ_OX366358.1;NZ_OX366361.1;NZ_OX366365.1;NZ_OX366373.1;NZ_OX366386.1;NZ_OX366392.1;NZ_OX366394.1;NZ_OX366401.1;NZ_OZ034689.1;NZ_OZ034698.1;NZ_OZ034705.1;NZ_OZ034723.1;NZ_OZ034751.1;NZ_OZ034752.1;NZ_OZ034765.1;NZ_OZ034771.1;NZ_OZ034777.1;NZ_OZ034783.1;NZ_OZ034789.1;NZ_OZ034795.1;NZ_OZ034799.1;NZ_OZ034914.1;NZ_OZ077190.1;NZ_OZ195524.1;NZ_OZ238265.1	0	0											16	15	688	762	762	762	100.000	100.000	1	1	1-381	NZ_CP021120.1;NZ_CP087954.1;NZ_CP092526.1
G1722e4aa4b955391257b9ac3	P22c5aea74644942fb02544bc	Potanthus_trachala	AB_unknown_tie	A;B;unknown	0	0	0	1	608ce2aadd8b47af7ce8f807d8684a98d4d596126739c836f9f5cec4845480f5	0	0	0	1	0	0	False	NOT_ASSIGNED	114	113	3350	3714	3714	3714	100.000	100.000	1	1	1-1857	NZ_OZ034991.1	74	74	3350	3714	3714	3714	100.000	100.000	1	1	1-1857	NZ_OX366328.1;NZ_OX366329.1;NZ_OX366330.1;NZ_OX366336.1;NZ_OX366337.1;NZ_OX366340.1;NZ_OX366343.1;NZ_OX366358.1;NZ_OX366361.1;NZ_OX366365.1;NZ_OX366373.1;NZ_OX366386.1;NZ_OX366394.1;NZ_OX366401.1;NZ_OZ034689.1;NZ_OZ034698.1;NZ_OZ034705.1;NZ_OZ034723.1;NZ_OZ034751.1;NZ_OZ034752.1;NZ_OZ034754.1;NZ_OZ034765.1;NZ_OZ034771.1;NZ_OZ034783.1;NZ_OZ034789.1;NZ_OZ034799.1;NZ_OZ034914.1;NZ_OZ077190.1;NZ_OZ195524.1;NZ_OZ238265.1	1	1	2250	2494	2494	2494	86.861	86.861	1	1	1-1857	NZ_OZ034692.1	51	50	3350	3714	3714	3714	100.000	100.000	1	1	1-1857	NZ_CP087954.1;NZ_CP092526.1
G44736a01b73311af0067566d	P2334edc5add04f8c7e6edc90	Potanthus_trachala	B_only	B	1	0	1	0	1be41c25fb5052664617ade00067d653d740f544905c77fe377edc43d4df736c	5	5	0.006775067750677506775067750678	1	0	0	False	NOT_ASSIGNED	3	3	1327	1471	1471	1471	99.864	99.864	1	1	1-738	NZ_OZ034790.1	71	71	1332	1476	1476	1476	100.000	100.000	1	1	1-738	NZ_OZ034689.1	0	0											15	15	1327	1471	1471	1471	99.864	99.864	1	1	1-738	NZ_CP092526.1;NZ_CP192272.1
G8936abbc14d54dc592c75bbf	P23e7a20ecc5930faafdadf7b	Potanthus_trachala	B_only	B	1	0	1	1	a9216d4ec9834cd2aff3900fae0ffd80285b58bb9a148188a709d6e5c71386d1	4	5	0.002772002772002772002772002772	1	0	0	False	NOT_ASSIGNED	114	113	2599	2881	2881	2881	99.931	99.931	1	1	1-1443	NZ_OZ034991.1	74	74	2603	2886	2886	2886	100.000	100.000	1	1	1-1443	NC_010981.1;NZ_OX366317.1;NZ_OX366322.1;NZ_OX366392.1;NZ_OZ034689.1;NZ_OZ034718.1	1	1	1652	1831	1831	1831	85.378	85.378	1	1	1-1443	NZ_OZ034692.1	51	50	2599	2881	2881	2881	99.931	99.931	1	1	1-1443	NZ_CP192272.1
G769103f999f7b3ce2a2ec68b	P3401dac7e10825aca4057dca	Potanthus_trachala	AB_unknown_tie	A;B;unknown	0	0	0	0	fe2ec930449ef2b6a381dfbf478b39ff18f1ac63e7a2ca8ba611575e89ea92ed	0	0	0	1	0	0	False	NOT_ASSIGNED	3	3	650	720	720	720	100.000	100.000	1	1	1-360	NZ_OZ034991.1	71	71	650	720	720	720	100.000	100.000	1	1	1-360	NZ_OX366321.1;NZ_OX366323.1;NZ_OX366330.1;NZ_OX366331.1;NZ_OX366336.1;NZ_OX366337.1;NZ_OX366340.1;NZ_OX366343.1;NZ_OX366346.1;NZ_OX366358.1;NZ_OX366360.1;NZ_OX366361.1;NZ_OX366365.1;NZ_OX366373.1;NZ_OX366386.1;NZ_OX366394.1;NZ_OX366401.1;NZ_OZ034689.1;NZ_OZ034698.1;NZ_OZ034705.1;NZ_OZ034718.1;NZ_OZ034751.1;NZ_OZ034752.1;NZ_OZ034765.1;NZ_OZ034777.1;NZ_OZ034783.1;NZ_OZ034789.1;NZ_OZ034795.1;NZ_OZ034799.1;NZ_OZ034910.1;NZ_OZ077190.1;NZ_OZ238265.1	0	0											14	14	650	720	720	720	100.000	100.000	1	1	1-360	NZ_CP021120.1;NZ_CP087954.1
G04246a23813b528e5901bd0e	P507058803c71333cf0b9f49f	Potanthus_trachala	B_only	B	1	0	1	0	fc51f41d733ba5084f6da7b78da6612a2fdecab1daadfadbd2e539c3db8f9e72	144	160	0.1889763779527559055118110236	1	0	0	False	NOT_ASSIGNED	113	113	1231	1364	1364	1364	95.801	95.801	1	1	1-762	NZ_OZ034991.1	74	74	1375	1524	1524	1524	100.000	100.000	1	1	1-762	NZ_OX366394.1;NZ_OZ034689.1	1	1	682	755	755	755	80.828	80.828	0.9514435695538057742782152231	0.9514435695538057742782152231	32-756	NZ_OZ034692.1	50	50	1343	1489	1489	1489	99.081	99.081	1	1	1-762	NZ_CP114181.1
G8030b3a509cb4f198776857a	P52a038d73fbb0dc2fce63fa2	Potanthus_trachala	AB_unknown_tie	A;B;unknown	0	0	0	1	b6b5cfe936374d4a531a551d881888878139174c0b54ba442a52e10f9bd40c13	0	0	0	1	0	0	False	NOT_ASSIGNED	81	79	1981	2196	2196	2196	100.000	100.000	1	1	1-1098	NZ_OZ034991.1	35	35	1981	2196	2196	2196	100.000	100.000	1	1	1-1098	NC_010981.1;NZ_OX366330.1;NZ_OX366335.1;NZ_OX366340.1;NZ_OX366341.1;NZ_OX366345.1;NZ_OX366358.1;NZ_OX366361.1;NZ_OX366365.1;NZ_OX366382.1;NZ_OX366391.1;NZ_OX366394.1;NZ_OZ034689.1;NZ_OZ034698.1;NZ_OZ034700.1;NZ_OZ034703.1;NZ_OZ034705.1;NZ_OZ034751.1;NZ_OZ034777.1;NZ_OZ034799.1;NZ_OZ077190.1;NZ_OZ238265.1;OX366384.1	0	0											20	19	1981	2196	2196	2196	100.000	100.000	1	1	1-1098	NZ_CP087954.1
Gddd7100375ebe74dea15a065	P642aafeefb367660a9b78c39	Potanthus_trachala	AB_unknown_tie	A;B;unknown	0	0	0	1	1b09f19ce310bdb3c7b07fed6ca455861f952c8d10f8b934b276c27ebbedb07c	0	0	0	1	0	0	False	NOT_ASSIGNED	114	113	2500	2772	2772	2772	100.000	100.000	1	1	1-1386	NZ_OZ034991.1	74	74	2500	2772	2772	2772	100.000	100.000	1	1	1-1386	NC_010981.1;NZ_OX366317.1;NZ_OX366322.1;NZ_OX366330.1;NZ_OX366340.1;NZ_OX366358.1;NZ_OX366361.1;NZ_OX366365.1;NZ_OX366392.1;NZ_OX366394.1;NZ_OZ034689.1;NZ_OZ034698.1;NZ_OZ034705.1;NZ_OZ034751.1;NZ_OZ034799.1;NZ_OZ077190.1;NZ_OZ238265.1	1	1	1453	1611	1611	1611	83.467	83.467	0.9906204906204906204906204906	0.9906204906204906204906204906	1-1373	NZ_OZ034692.1	51	50	2500	2772	2772	2772	100.000	100.000	1	1	1-1386	NZ_CP087954.1;NZ_CP192272.1
Gf85df2477e691adac61860fd	P72ae142d3355c55e688b5d5c	Potanthus_trachala	AB_unknown_tie	A;B;unknown	0	0	0	0	75b762e19f2760861f9d88c86c5fffd6092716966d3498e8d1159c3353b8e5eb	0	0	0	1	0	0	False	NOT_ASSIGNED	4	4	1440	1596	1596	1596	100.000	100.000	1	1	1-798	NZ_OZ034991.1	69	69	1440	1596	1596	1596	100.000	100.000	1	1	1-798	NZ_OX366317.1;NZ_OX366321.1;NZ_OX366322.1;NZ_OX366328.1;NZ_OX366329.1;NZ_OX366330.1;NZ_OX366331.1;NZ_OX366340.1;NZ_OX366346.1;NZ_OX366358.1;NZ_OX366360.1;NZ_OX366361.1;NZ_OX366365.1;NZ_OX366392.1;NZ_OX366394.1;NZ_OZ034689.1;NZ_OZ034698.1;NZ_OZ034705.1;NZ_OZ034718.1;NZ_OZ034723.1;NZ_OZ034751.1;NZ_OZ034754.1;NZ_OZ034777.1;NZ_OZ034795.1;NZ_OZ034799.1;NZ_OZ034910.1;NZ_OZ034914.1;NZ_OZ077190.1;NZ_OZ195524.1;NZ_OZ238265.1	0	0											13	13	1440	1596	1596	1596	100.000	100.000	1	1	1-798	NZ_CP087954.1;NZ_CP092526.1
G2529d34ea08af94e9ffb012b	P8fcb3dea8eb09c45fa38015a	Potanthus_trachala	B_only	B	1	0	1	0	13ba2a846f392a6ae42ed1cdd83bf36de9d8e1d410617e8ed2158de66e551f6a	4	5	0.002564102564102564102564102564	1	0	0	False	NOT_ASSIGNED	113	113	2810	3115	3115	3115	99.936	99.936	1	1	1-1560	NZ_OZ034991.1	74	74	2814	3120	3120	3120	100.000	100.000	1	1	1-1560	NZ_OX366394.1;NZ_OZ034689.1	1	1	1474	1634	1634	1634	80.672	80.672	1	1	1-1560	NZ_OZ034692.1	49	49	2810	3115	3115	3115	99.936	99.936	1	1	1-1560	NZ_CP087954.1
G38f8d02b99344088fdf858fd	Pfa51b8e46837a9b1625cc8c5	Potanthus_trachala	AB_unknown_tie	A;B;unknown	0	0	0	1	b6123879d588ddb65d2313aa6f90fd2c12a9800dae59b2676b42ae181a0ada9e	0	0	0	1	0	0	False	NOT_ASSIGNED	44	44	5806	6438	6438	6438	100.000	100.000	1	1	1-3219	NZ_OZ034991.1	74	73	5806	6438	6438	6438	100.000	100.000	1	1	1-3219	NZ_OX366336.1;NZ_OX366337.1;NZ_OX366340.1;NZ_OX366361.1;NZ_OX366365.1;NZ_OX366373.1;NZ_OX366394.1;NZ_OX366401.1;NZ_OZ034689.1;NZ_OZ034698.1;NZ_OZ034705.1;NZ_OZ034751.1;NZ_OZ034752.1;NZ_OZ034765.1;NZ_OZ034771.1;NZ_OZ034783.1;NZ_OZ034789.1;NZ_OZ034799.1;NZ_OZ077190.1	1	1	3813	4228	4228	4228	86.297	86.297	0.9944082013047530288909599254	0.9944082013047530288909599254	1-3201	NZ_OZ034692.1	39	39	5806	6438	6438	6438	100.000	100.000	1	1	1-3219	NZ_CP087954.1
G0797b797177b7c573fb119f8	P0c73e7dda09d8a40b8e20092	Sovia_lucasii_lucasii	AB_unknown_tie	A;B;unknown	0	0	0	0	2351c5ae70bc2b0c728904586c5f3f5bfdc40de9d061b28ae8157db8c4fa8970	0	0	0	1	0	0	False	NOT_ASSIGNED	3	3	1002	1110	1110	1110	100.000	100.000	1	1	1-555	NZ_OZ034991.1	67	67	1002	1110	1110	1110	100.000	100.000	1	1	1-555	NZ_OX366317.1;NZ_OX366321.1;NZ_OX366322.1;NZ_OX366323.1;NZ_OX366328.1;NZ_OX366329.1;NZ_OX366330.1;NZ_OX366331.1;NZ_OX366336.1;NZ_OX366337.1;NZ_OX366340.1;NZ_OX366343.1;NZ_OX366346.1;NZ_OX366358.1;NZ_OX366361.1;NZ_OX366365.1;NZ_OX366373.1;NZ_OX366386.1;NZ_OX366394.1;NZ_OX366401.1;NZ_OZ034689.1;NZ_OZ034698.1;NZ_OZ034705.1;NZ_OZ034718.1;NZ_OZ034751.1;NZ_OZ034752.1;NZ_OZ034765.1;NZ_OZ034771.1;NZ_OZ034777.1;NZ_OZ034783.1;NZ_OZ034799.1;NZ_OZ034910.1;NZ_OZ034914.1;NZ_OZ077190.1;NZ_OZ195524.1;NZ_OZ238265.1	0	0											7	7	1002	1110	1110	1110	100.000	100.000	1	1	1-555	NZ_CP087954.1;NZ_CP092526.1;NZ_CP192272.1
Ga26405a766d77f8ef3f50ab4	P1440feb117cd723f6abb3813	Sovia_lucasii_lucasii	B_only	B	1	0	1	0	dbace169cfb13ba83000f8458f2042c67a192d4b5e53256866f5aa25ad893937	14	15	0.005595523581135091926458832934	1	0	0	False	NOT_ASSIGNED	113	113	4499	4989	4989	4989	99.880	99.880	1	1	1-2502	NZ_OZ034991.1	73	73	4513	5004	5004	5004	100.000	100.000	1	1	1-2502	NZ_OX366317.1;NZ_OX366322.1;NZ_OX366336.1;NZ_OX366337.1;NZ_OX366343.1;NZ_OX366373.1;NZ_OX366386.1;NZ_OX366392.1;NZ_OX366394.1;NZ_OX366401.1;NZ_OZ034689.1;NZ_OZ034752.1;NZ_OZ034765.1;NZ_OZ034783.1;NZ_OZ034789.1	0	0											47	47	4499	4989	4989	4989	99.880	99.880	1	1	1-2502	NZ_CP021120.1;NZ_CP087954.1;NZ_CP092526.1
G3fe899ccfd8a0804841b9763	P1b1b9bd92b6d337fd150f16a	Sovia_lucasii_lucasii	B_only	B	1	0	1	0	338ae9ff093c4960aee146fea30c13fd2c08203fe6c4100e6abc7545030e3c23	4	5	0.003044140030441400304414003044	1	0	0	False	NOT_ASSIGNED	32	32	2366	2623	2623	2623	99.924	99.924	1	1	1-1314	NZ_OZ034991.1	71	71	2370	2628	2628	2628	100.000	100.000	1	1	1-1314	NZ_OX366394.1;NZ_OZ034689.1	0	0											27	27	2366	2623	2623	2623	99.924	99.924	1	1	1-1314	NZ_CP021120.1;NZ_CP087954.1;NZ_CP092526.1
G065be9235ce0aa8d1de8090c	P1b45d62aeeff39a57fb5f62e	Sovia_lucasii_lucasii	AB_unknown_tie	A;B;unknown	0	0	0	0	035663bf4f4aff0f1b1fee3fad1f69b6bc016f4493400a0f7c9e5d85e075915f	0	0	0	1	0	0	False	NOT_ASSIGNED	14	14	1981	2196	2196	2196	100.000	100.000	1	1	1-1098	NZ_OZ034991.1	69	69	1981	2196	2196	2196	100.000	100.000	1	1	1-1098	NZ_OX366321.1;NZ_OX366323.1;NZ_OX366330.1;NZ_OX366331.1;NZ_OX366340.1;NZ_OX366346.1;NZ_OX366358.1;NZ_OX366361.1;NZ_OX366365.1;NZ_OX366394.1;NZ_OZ034689.1;NZ_OZ034698.1;NZ_OZ034705.1;NZ_OZ034751.1;NZ_OZ034799.1;NZ_OZ077190.1;NZ_OZ238265.1	0	0											16	16	1981	2196	2196	2196	100.000	100.000	1	1	1-1098	NZ_CP087954.1
Gcf57c22022e9ee445e843507	P1c6d0324297a9a0d8c4410e8	Sovia_lucasii_lucasii	AB_unknown_tie	A;B;unknown	0	0	0	0	8c9764015c18d769203d9f1903bd1b303c84f7b06da2e19096d9dca50386f3c2	0	0	0	1	0	0	False	NOT_ASSIGNED	8	8	688	762	762	762	100.000	100.000	1	1	1-381	NZ_OZ034991.1	71	70	688	762	762	762	100.000	100.000	1	1	1-381	NC_010981.1;NZ_OX366317.1;NZ_OX366328.1;NZ_OX366329.1;NZ_OX366330.1;NZ_OX366336.1;NZ_OX366337.1;NZ_OX366340.1;NZ_OX366343.1;NZ_OX366358.1;NZ_OX366361.1;NZ_OX366365.1;NZ_OX366373.1;NZ_OX366386.1;NZ_OX366392.1;NZ_OX366394.1;NZ_OX366401.1;NZ_OZ034689.1;NZ_OZ034698.1;NZ_OZ034705.1;NZ_OZ034723.1;NZ_OZ034751.1;NZ_OZ034752.1;NZ_OZ034765.1;NZ_OZ034771.1;NZ_OZ034777.1;NZ_OZ034783.1;NZ_OZ034789.1;NZ_OZ034795.1;NZ_OZ034799.1;NZ_OZ034914.1;NZ_OZ077190.1;NZ_OZ195524.1;NZ_OZ238265.1	0	0											16	15	688	762	762	762	100.000	100.000	1	1	1-381	NZ_CP021120.1;NZ_CP087954.1;NZ_CP092526.1
G46782dceb7513767849c7d44	P22c5aea74644942fb02544bc	Sovia_lucasii_lucasii	AB_unknown_tie	A;B;unknown	0	0	0	1	608ce2aadd8b47af7ce8f807d8684a98d4d596126739c836f9f5cec4845480f5	0	0	0	1	0	0	False	NOT_ASSIGNED	114	113	3350	3714	3714	3714	100.000	100.000	1	1	1-1857	NZ_OZ034991.1	74	74	3350	3714	3714	3714	100.000	100.000	1	1	1-1857	NZ_OX366328.1;NZ_OX366329.1;NZ_OX366330.1;NZ_OX366336.1;NZ_OX366337.1;NZ_OX366340.1;NZ_OX366343.1;NZ_OX366358.1;NZ_OX366361.1;NZ_OX366365.1;NZ_OX366373.1;NZ_OX366386.1;NZ_OX366394.1;NZ_OX366401.1;NZ_OZ034689.1;NZ_OZ034698.1;NZ_OZ034705.1;NZ_OZ034723.1;NZ_OZ034751.1;NZ_OZ034752.1;NZ_OZ034754.1;NZ_OZ034765.1;NZ_OZ034771.1;NZ_OZ034783.1;NZ_OZ034789.1;NZ_OZ034799.1;NZ_OZ034914.1;NZ_OZ077190.1;NZ_OZ195524.1;NZ_OZ238265.1	1	1	2250	2494	2494	2494	86.861	86.861	1	1	1-1857	NZ_OZ034692.1	51	50	3350	3714	3714	3714	100.000	100.000	1	1	1-1857	NZ_CP087954.1;NZ_CP092526.1
Ge9cd7de7a342672db602343f	P2334edc5add04f8c7e6edc90	Sovia_lucasii_lucasii	B_only	B	1	0	1	0	1be41c25fb5052664617ade00067d653d740f544905c77fe377edc43d4df736c	5	5	0.006775067750677506775067750678	1	0	0	False	NOT_ASSIGNED	3	3	1327	1471	1471	1471	99.864	99.864	1	1	1-738	NZ_OZ034790.1	71	71	1332	1476	1476	1476	100.000	100.000	1	1	1-738	NZ_OZ034689.1	0	0											15	15	1327	1471	1471	1471	99.864	99.864	1	1	1-738	NZ_CP092526.1;NZ_CP192272.1
G38ab22ffe1e36a2033c6edb5	P23e7a20ecc5930faafdadf7b	Sovia_lucasii_lucasii	B_only	B	1	0	1	1	a07284064890da2b4087f9fed89ea18a0df2d11cdf7710c9ced7b37502951a46	5	5	0.003465003465003465003465003465	1	0	0	False	NOT_ASSIGNED	114	113	2594	2876	2876	2876	99.861	99.861	1	1	1-1443	NZ_OZ034991.1	74	74	2599	2881	2881	2881	99.931	99.931	1	1	1-1443	NC_010981.1;NZ_OX366317.1;NZ_OX366322.1;NZ_OX366392.1;NZ_OZ034689.1;NZ_OZ034718.1	1	1	1647	1826	1826	1826	85.308	85.308	1	1	1-1443	NZ_OZ034692.1	51	50	2594	2876	2876	2876	99.861	99.861	1	1	1-1443	NZ_CP192272.1
Ged549c237e14dd50ca85fc78	P3401dac7e10825aca4057dca	Sovia_lucasii_lucasii	AB_unknown_tie	A;B;unknown	0	0	0	0	fe2ec930449ef2b6a381dfbf478b39ff18f1ac63e7a2ca8ba611575e89ea92ed	0	0	0	1	0	0	False	NOT_ASSIGNED	3	3	650	720	720	720	100.000	100.000	1	1	1-360	NZ_OZ034991.1	71	71	650	720	720	720	100.000	100.000	1	1	1-360	NZ_OX366321.1;NZ_OX366323.1;NZ_OX366330.1;NZ_OX366331.1;NZ_OX366336.1;NZ_OX366337.1;NZ_OX366340.1;NZ_OX366343.1;NZ_OX366346.1;NZ_OX366358.1;NZ_OX366360.1;NZ_OX366361.1;NZ_OX366365.1;NZ_OX366373.1;NZ_OX366386.1;NZ_OX366394.1;NZ_OX366401.1;NZ_OZ034689.1;NZ_OZ034698.1;NZ_OZ034705.1;NZ_OZ034718.1;NZ_OZ034751.1;NZ_OZ034752.1;NZ_OZ034765.1;NZ_OZ034777.1;NZ_OZ034783.1;NZ_OZ034789.1;NZ_OZ034795.1;NZ_OZ034799.1;NZ_OZ034910.1;NZ_OZ077190.1;NZ_OZ238265.1	0	0											14	14	650	720	720	720	100.000	100.000	1	1	1-360	NZ_CP021120.1;NZ_CP087954.1
G69c0b8f88e82a80d37fb1d9b	P507058803c71333cf0b9f49f	Sovia_lucasii_lucasii	B_only	B	1	0	1	0	fc51f41d733ba5084f6da7b78da6612a2fdecab1daadfadbd2e539c3db8f9e72	144	160	0.1889763779527559055118110236	1	0	0	False	NOT_ASSIGNED	113	113	1231	1364	1364	1364	95.801	95.801	1	1	1-762	NZ_OZ034991.1	74	74	1375	1524	1524	1524	100.000	100.000	1	1	1-762	NZ_OX366394.1;NZ_OZ034689.1	1	1	682	755	755	755	80.828	80.828	0.9514435695538057742782152231	0.9514435695538057742782152231	32-756	NZ_OZ034692.1	50	50	1343	1489	1489	1489	99.081	99.081	1	1	1-762	NZ_CP114181.1
G5add342a03cdfedaf9e618a3	P52a038d73fbb0dc2fce63fa2	Sovia_lucasii_lucasii	AB_unknown_tie	A;B;unknown	0	0	0	1	b6b5cfe936374d4a531a551d881888878139174c0b54ba442a52e10f9bd40c13	0	0	0	1	0	0	False	NOT_ASSIGNED	81	79	1981	2196	2196	2196	100.000	100.000	1	1	1-1098	NZ_OZ034991.1	35	35	1981	2196	2196	2196	100.000	100.000	1	1	1-1098	NC_010981.1;NZ_OX366330.1;NZ_OX366335.1;NZ_OX366340.1;NZ_OX366341.1;NZ_OX366345.1;NZ_OX366358.1;NZ_OX366361.1;NZ_OX366365.1;NZ_OX366382.1;NZ_OX366391.1;NZ_OX366394.1;NZ_OZ034689.1;NZ_OZ034698.1;NZ_OZ034700.1;NZ_OZ034703.1;NZ_OZ034705.1;NZ_OZ034751.1;NZ_OZ034777.1;NZ_OZ034799.1;NZ_OZ077190.1;NZ_OZ238265.1;OX366384.1	0	0											20	19	1981	2196	2196	2196	100.000	100.000	1	1	1-1098	NZ_CP087954.1
Gdebc38f1392101eb87c1aaa0	P642aafeefb367660a9b78c39	Sovia_lucasii_lucasii	AB_unknown_tie	A;B;unknown	0	0	0	1	1b09f19ce310bdb3c7b07fed6ca455861f952c8d10f8b934b276c27ebbedb07c	0	0	0	1	0	0	False	NOT_ASSIGNED	114	113	2500	2772	2772	2772	100.000	100.000	1	1	1-1386	NZ_OZ034991.1	74	74	2500	2772	2772	2772	100.000	100.000	1	1	1-1386	NC_010981.1;NZ_OX366317.1;NZ_OX366322.1;NZ_OX366330.1;NZ_OX366340.1;NZ_OX366358.1;NZ_OX366361.1;NZ_OX366365.1;NZ_OX366392.1;NZ_OX366394.1;NZ_OZ034689.1;NZ_OZ034698.1;NZ_OZ034705.1;NZ_OZ034751.1;NZ_OZ034799.1;NZ_OZ077190.1;NZ_OZ238265.1	1	1	1453	1611	1611	1611	83.467	83.467	0.9906204906204906204906204906	0.9906204906204906204906204906	1-1373	NZ_OZ034692.1	51	50	2500	2772	2772	2772	100.000	100.000	1	1	1-1386	NZ_CP087954.1;NZ_CP192272.1
G648458e6d34f381a487d48ad	P72ae142d3355c55e688b5d5c	Sovia_lucasii_lucasii	AB_unknown_tie	A;B;unknown	0	0	0	0	75b762e19f2760861f9d88c86c5fffd6092716966d3498e8d1159c3353b8e5eb	0	0	0	1	0	0	False	NOT_ASSIGNED	4	4	1440	1596	1596	1596	100.000	100.000	1	1	1-798	NZ_OZ034991.1	69	69	1440	1596	1596	1596	100.000	100.000	1	1	1-798	NZ_OX366317.1;NZ_OX366321.1;NZ_OX366322.1;NZ_OX366328.1;NZ_OX366329.1;NZ_OX366330.1;NZ_OX366331.1;NZ_OX366340.1;NZ_OX366346.1;NZ_OX366358.1;NZ_OX366360.1;NZ_OX366361.1;NZ_OX366365.1;NZ_OX366392.1;NZ_OX366394.1;NZ_OZ034689.1;NZ_OZ034698.1;NZ_OZ034705.1;NZ_OZ034718.1;NZ_OZ034723.1;NZ_OZ034751.1;NZ_OZ034754.1;NZ_OZ034777.1;NZ_OZ034795.1;NZ_OZ034799.1;NZ_OZ034910.1;NZ_OZ034914.1;NZ_OZ077190.1;NZ_OZ195524.1;NZ_OZ238265.1	0	0											13	13	1440	1596	1596	1596	100.000	100.000	1	1	1-798	NZ_CP087954.1;NZ_CP092526.1
Ga39b8d16a0ab4ed0411f3f74	P8fcb3dea8eb09c45fa38015a	Sovia_lucasii_lucasii	B_only	B	1	0	1	0	13ba2a846f392a6ae42ed1cdd83bf36de9d8e1d410617e8ed2158de66e551f6a	4	5	0.002564102564102564102564102564	1	0	0	False	NOT_ASSIGNED	113	113	2810	3115	3115	3115	99.936	99.936	1	1	1-1560	NZ_OZ034991.1	74	74	2814	3120	3120	3120	100.000	100.000	1	1	1-1560	NZ_OX366394.1;NZ_OZ034689.1	1	1	1474	1634	1634	1634	80.672	80.672	1	1	1-1560	NZ_OZ034692.1	49	49	2810	3115	3115	3115	99.936	99.936	1	1	1-1560	NZ_CP087954.1
G57a2b99ca8b25603de5e1209	Pfa51b8e46837a9b1625cc8c5	Sovia_lucasii_lucasii	AB_unknown_tie	A;B;unknown	0	0	0	1	b6123879d588ddb65d2313aa6f90fd2c12a9800dae59b2676b42ae181a0ada9e	0	0	0	1	0	0	False	NOT_ASSIGNED	44	44	5806	6438	6438	6438	100.000	100.000	1	1	1-3219	NZ_OZ034991.1	74	73	5806	6438	6438	6438	100.000	100.000	1	1	1-3219	NZ_OX366336.1;NZ_OX366337.1;NZ_OX366340.1;NZ_OX366361.1;NZ_OX366365.1;NZ_OX366373.1;NZ_OX366394.1;NZ_OX366401.1;NZ_OZ034689.1;NZ_OZ034698.1;NZ_OZ034705.1;NZ_OZ034751.1;NZ_OZ034752.1;NZ_OZ034765.1;NZ_OZ034771.1;NZ_OZ034783.1;NZ_OZ034789.1;NZ_OZ034799.1;NZ_OZ077190.1	1	1	3813	4228	4228	4228	86.297	86.297	0.9944082013047530288909599254	0.9944082013047530288909599254	1-3201	NZ_OZ034692.1	39	39	5806	6438	6438	6438	100.000	100.000	1	1	1-3219	NZ_CP087954.1
Gfed92f1ec90966e208cdc3ff	P0294554494f5a8cec05865fd	Sovia_subflava	A_only	A	0	1	1	0	4e0275b233849f065c211fe603976e8ea940c201a1f4c22527f651875f01dbf1	-9	-10	-0.006134969325153374233128834356	1	0	0	False	NOT_ASSIGNED	82	82	2646	2934	2934	2934	100.000	100.000	1	1	1-1467	NZ_CP041215.1;NZ_CP054598.1;NZ_OX366332.1;NZ_OX366352.1;NZ_OX366353.1;NZ_OX366397.1;NZ_OZ034713.1;NZ_OZ034764.1;NZ_OZ034773.1;NZ_OZ034792.1	2	2	2637	2924	2924	2924	99.864	99.864	1	1	1-1467	NZ_OZ035002.1	0	0											13	13	2642	2929	2929	2929	99.932	99.932	1	1	1-1467	NZ_CP170632.1;NZ_CP175927.1
G21f18bdba181693d411cffe3	P0675c48295767aa3906ac372	Sovia_subflava	A_only	A	0	1	1	0	f61928a68957298e0716625e878bd41bc786fff1eb47c92db6f4bc20b890ac4b	-1067	-1184	-0.4832427536231884057971014493	0	0	0	False	NOT_ASSIGNED	33	33	3978	4411	4411	4411	99.955	99.955	1	1	1-2208	NZ_OZ034769.1	1	1	2911	3227	3227	3227	98.918	98.918	0.7522644927536231884057971014	0.7522644927536231884057971014	548-2208	NZ_OZ035002.1	0	0											4	4	2914	3231	3231	3231	98.977	98.977	0.7522644927536231884057971014	0.7522644927536231884057971014	548-2208	NZ_CP175927.1
G5ef0feafab575c58b845c170	P07f88e2bb1e56fb05f02e58a	Sovia_subflava	A_only	A	0	1	1	0	421e362f83705220ebe23bb06c6328e2854795296d98b6bcb051dca870d273ec	-9	-10	-0.01276595744680851063829787234	1	0	0	False	NOT_ASSIGNED	77	75	1268	1405	1405	1405	99.858	99.858	1	1	1-705	CP003884.1;NZ_OX366332.1;NZ_OX366352.1;NZ_OX366359.1;NZ_OX366397.1;NZ_OZ034713.1;NZ_OZ034769.1;NZ_OZ034773.1;NZ_OZ034792.1	1	1	1259	1395	1395	1395	99.574	99.574	1	1	1-705	NZ_OZ035002.1	0	0											13	13	1263	1400	1400	1400	99.716	99.716	1	1	1-705	NZ_CP110359.1;OU953855.1
G912988578ee777f22ed1c90e	P0c624e151735e4a9fed865d5	Sovia_subflava	A_only	A	0	1	1	0	466ce57dff8435b1b58a59770ce5d0c74cdc369098a7025f7b2a26f85fb8f699	-147	-163	-0.5157894736842105263157894737	0	0	0	False	NOT_ASSIGNED	55	55	515	570	570	570	100.000	100.000	1	1	1-285	CP003884.1;NZ_OX366332.1;NZ_OX366352.1;NZ_OX366353.1;NZ_OX366359.1;NZ_OX366397.1;NZ_OZ034764.1;NZ_OZ034792.1	71	71	368	407	407	407	96.018	96.018	0.7929824561403508771929824561	0.7929824561403508771929824561	16-241	NZ_OZ181655.1	0	0											36	36	510	565	565	565	99.649	99.649	1	1	1-285	NZ_CP110359.1
G29d4e3940f2fa9d887147e8f	P0f7e8941919e9b634eb350c7	Sovia_subflava	A_only	A	0	1	1	0	bc2a3250a5d899db7839c72b92e1c066526c443d5a29b366b384b028748e6f5b	-118	-130	-0.1293859649122807017543859649	1	0	0	False	NOT_ASSIGNED	113	108	1644	1822	1822	1822	100.000	100.000	0.9989035087719298245614035088	0.9989035087719298245614035088	1-911	CP003884.1;NZ_OX366332.1;NZ_OX366397.1;NZ_OZ034713.1;NZ_OZ034764.1;NZ_OZ034773.1;NZ_OZ034792.1	73	73	1526	1692	1692	1692	97.146	97.146	0.9989035087719298245614035088	0.9989035087719298245614035088	1-911	NZ_OZ035002.1	1	1	901	998	998	998	82.202	82.202	0.9857456140350877192982456140	0.9857456140350877192982456140	13-911	NZ_OZ034692.1	40	40	1639	1817	1817	1817	99.890	99.890	0.9989035087719298245614035088	0.9989035087719298245614035088	1-911	NZ_CP110359.1
Gff75f031dea627134125e810	P105e81cadb13fa73bec24ff5	Sovia_subflava	A_only	A	0	1	1	0	f2537b21a24966ff92d3fc102427953f3f4c08364549de6a42f72ceb5f45dca0	-2998	-3325	-1.057495590828924162257495591	0	0	0	False	NOT_ASSIGNED	37	37	4790	5311	5311	5311	97.693	97.693	0.9940035273368606701940035273	0.9940035273368606701940035273	1-2818	NZ_OX366359.1	1	1	1792	1986	1986	1986	76.023	76.023	0.8835978835978835978835978836	0.8835978835978835978835978836	1-2505	NZ_OZ181655.1	0	0											4	4	4100	4546	4546	4546	92.272	92.272	0.9936507936507936507936507937	0.9936507936507936507936507937	1-2817	CP091195.1
Ge13fad88cddb192838c38582	P16ac9b89ff10a00bf5aef6dc	Sovia_subflava	A_only	A	0	1	1	0	c3247bc8cb0f826a75ef9bc0911d32f87b97ffbc5522e90b0b540f82e3b2c53d	-4	-5	-0.008771929824561403508771929825	1	0	0	False	NOT_ASSIGNED	80	80	823	912	912	912	100.000	100.000	1	1	1-456	CP003884.1;NZ_CP041215.1;NZ_CP054598.1;NZ_OX366332.1;NZ_OX366352.1;NZ_OX366397.1;NZ_OZ034713.1;NZ_OZ034764.1;NZ_OZ034769.1;NZ_OZ034773.1;NZ_OZ034792.1	1	1	819	907	907	907	99.781	99.781	1	1	1-456	NZ_OZ035002.1	0	0											15	15	819	907	907	907	99.781	99.781	1	1	1-456	CP076228.1;NZ_CP069053.1;NZ_CP069060.1;NZ_CP090902.1;NZ_CP136586.1;NZ_CP136587.1;NZ_CP157591.1;NZ_CP170632.1;NZ_CP175927.1;OU953855.1;OX384028.1
Gec64eb3c6fd6c4d367eb3188	P1b1b9bd92b6d337fd150f16a	Sovia_subflava	A_unknown_tie	A;unknown	0	1	1	0	64e5648b1ebd03cd828b604942f855fea9bd02f3572aba9876e10c199c46630b	-20	-22	-0.01816530426884650317892824705	1	0	0	False	NOT_ASSIGNED	32	32	1978	2193	2193	2193	99.909	99.909	0.9981834695731153496821071753	0.9981834695731153496821071753	1-1099	NZ_OZ034760.1	73	73	1958	2171	2171	2171	99.545	99.545	0.9981834695731153496821071753	0.9981834695731153496821071753	1-1099	NZ_OZ034708.1	0	0											27	27	1978	2193	2193	2193	99.909	99.909	0.9981834695731153496821071753	0.9981834695731153496821071753	1-1099	NZ_CP175923.1
Gec423488537be8037fa9b97b	P1b45d62aeeff39a57fb5f62e	Sovia_subflava	B_only	B	1	1	1	0	4f521bfb212f393d115bc1b026716656ab0cd6e17a748f11b9f02db6c2453da8	84	93	0.08069164265129682997118155620	0	0	0	False	NOT_ASSIGNED	14	14	1656	1836	1836	1836	96.787	96.787	0.9481268011527377521613832853	0.9481268011527377521613832853	1-987	NZ_OZ034770.1	69	69	1740	1929	1929	1929	97.561	97.561	0.9759846301633045148895292988	0.9759846301633045148895292988	1-1016	NZ_OZ034708.1	0	0											16	16	1187	1316	1316	1316	86.948	86.948	0.9260326609029779058597502402	0.9260326609029779058597502402	25-988	NZ_CP087954.1
G4f2ad6954c028ee702bc9c17	P1c6d0324297a9a0d8c4410e8	Sovia_subflava	A_only	A	0	1	1	0	2ec3b69c32b396cdcbfabd7f76049e8e7249aae19b6fec132b8d90c1cfd0e20b	-167	-185	-0.4383202099737532808398950131	1	0	0	False	NOT_ASSIGNED	8	8	688	762	762	762	100.000	100.000	1	1	1-381	NZ_OX366367.1;NZ_OZ034699.1;NZ_OZ034725.1;NZ_OZ034760.1	71	70	521	577	577	577	90.289	90.289	1	1	1-381	NZ_OZ034749.1	0	0											16	15	538	596	596	596	91.623	91.623	1	1	1-381	NZ_CP102058.1
G42ad7229dc7018111ed6b2af	P20dcc1f87621309dee9a6f80	Sovia_subflava	A_only	A	0	1	1	0	b5a30052a3fe751ea1ab92654877956144d2148774517b7367dc8a67d14c14d3	-52	-57	-0.04697380307136404697380307136	1	0	0	False	NOT_ASSIGNED	113	113	1993	2209	2209	2209	99.910	99.910	1	1	1-1107	NZ_OX366353.1;NZ_OZ034701.1	74	74	1941	2152	2152	2152	97.872	97.872	1	1	1-1107	NZ_OZ035002.1	1	1	810	897	897	897	84.048	84.048	0.6738934056007226738934056007	0.6738934056007226738934056007	358-1103	NZ_OZ034692.1	51	51	1984	2199	2199	2199	99.729	99.729	1	1	1-1107	NZ_CP090902.1
G9e1d3e6813e1d72fef8da908	P22c5aea74644942fb02544bc	Sovia_subflava	A_only	A	0	1	1	1	469b1b881cf0bd089d2447dc3a732e8fc9af42e7417b6683e740aa3ae36697d8	-254	-282	-0.1372231226364127498649378714	1	0	0	False	NOT_ASSIGNED	114	113	3339	3702	3702	3702	100.000	100.000	1	1	1-1851	CP003884.1;NZ_OX366332.1;NZ_OX366352.1;NZ_OX366353.1;NZ_OX366359.1;NZ_OZ034769.1;NZ_OZ034792.1	74	74	3085	3420	3420	3420	96.823	96.823	1	1	1-1851	NZ_OZ034718.1	1	1	2246	2490	2490	2490	86.807	86.807	1	1	1-1851	NZ_OZ034692.1	51	50	3085	3420	3420	3420	96.823	96.823	1	1	1-1851	NZ_CP192272.1
G2206d7796b6bb517abb9d154	P2c83049b426ff56b08fe28b0	Sovia_subflava	A_only	A	0	1	1	0	b733c890d27538443e1dcb6a7ac814f3874c2c1eaf6ce0634c5447c063862504					0	1	False	NOT_ASSIGNED	30	30	2669	2959	2959	2959	99.933	99.933	1	1	1-1482	NZ_CP041215.1;NZ_OX366332.1;NZ_OX366352.1;NZ_OX366353.1;NZ_OX366397.1;NZ_OZ034764.1;NZ_OZ034769.1	0	0											0	0											0	0										
Gfb3af030bcd4d9cbaa03a981	P3e4fb06e9670f3171001e548	Sovia_subflava	A_unknown_tie	A;unknown	0	1	1	0	c88da66754d92c3e4978950bbb1e1ce5569cb159d223f4da32cf374d7a8ffb7d	-5	-5	-0.005393743257820927723840345200	1	0	0	False	NOT_ASSIGNED	47	47	1673	1854	1854	1854	100.000	100.000	1	1	1-927	CP003884.1;NZ_CP041215.1;NZ_OX366332.1;NZ_OX366348.1;NZ_OX366352.1;NZ_OX366359.1;NZ_OX366368.1;NZ_OX366369.1;NZ_OX366379.1;NZ_OX366387.1;NZ_OX366388.1;NZ_OX366397.1;NZ_OX366398.1;NZ_OX366399.1;NZ_OZ034713.1;NZ_OZ034769.1;NZ_OZ034773.1;NZ_OZ034779.1;NZ_OZ034793.1;NZ_OZ034796.1;NZ_OZ034913.1;NZ_OZ035007.1;NZ_OZ183482.1;OX366363.1	2	2	1668	1849	1849	1849	99.892	99.892	1	1	1-927	NZ_OZ035002.1	0	0											10	10	1673	1854	1854	1854	100.000	100.000	1	1	1-927	NZ_CP175927.1
Gacf62f9cd54786514a91ca11	P44f6e46ea2ed589cedda429f	Sovia_subflava	A_only	A	0	1	1	0	57bd621dc2fbd57a2bc1de113a9fd1a60110b78cc5000a17457b7982cefe0600					0	1	False	NOT_ASSIGNED	13	13	4550	5045	5045	5045	99.881	99.881	0.9909909909909909909909909910	0.9909909909909909909909909910	1-2530	NZ_OX366369.1;NZ_OZ034769.1;NZ_OZ035007.1	0	0											1	1	1297	1438	1438	1438	80.598	80.598	0.5248726987857422640031335684	0.5248726987857422640031335684	1191-2530	NZ_OZ034692.1	3	3	1524	1689	1689	1689	84.871	84.871	0.5248726987857422640031335684	0.5248726987857422640031335684	1191-2530	OU953855.1
Gb54960b5d32c0a13322fc9ff	P493f6ff5725a58e31ceb52ab	Sovia_subflava	A_only	A	0	1	1	0	da0d8fe005def433e13416c834351fdcaf030b88f1ec8bfd59c61c9dfede4f16	-23	-25	-0.02123730378578024007386888273	1	0	0	False	NOT_ASSIGNED	76	76	1954	2166	2166	2166	100.000	100.000	1	1	1-1083	CP003884.1;NZ_CP041215.1;NZ_OX366332.1;NZ_OX366352.1;NZ_OX366353.1;NZ_OX366397.1;NZ_OZ034713.1;NZ_OZ034764.1;NZ_OZ034769.1;NZ_OZ034773.1;NZ_OZ034792.1	1	1	1931	2141	2141	2141	99.538	99.538	1	1	1-1083	NZ_OZ035002.1	0	0											19	19	1945	2156	2156	2156	99.815	99.815	1	1	1-1083	OU953855.1
G617a145fb3addbd3fe16eea8	P507058803c71333cf0b9f49f	Sovia_subflava	A_only	A	0	1	1	0	ff7f2563605f4b05feefe68718a95dc82542c4abe509f495f37fc2cc8ab910cd	-110	-121	-0.1437908496732026143790849673	0	0	0	False	NOT_ASSIGNED	113	113	1278	1416	1416	1416	97.361	97.361	0.9908496732026143790849673203	0.9908496732026143790849673203	1-758	NZ_OX366362.1	74	74	1168	1295	1295	1295	93.856	93.856	1	1	1-765	NZ_OZ034708.1	1	1	833	923	923	923	84.321	84.321	0.9921568627450980392156862745	0.9921568627450980392156862745	1-759	NZ_OZ034692.1	51	51	1214	1346	1346	1346	95.515	95.515	0.9908496732026143790849673203	0.9908496732026143790849673203	1-758	NZ_CP149530.1
G7e76788cf66d816aafbe22ce	P52a038d73fbb0dc2fce63fa2	Sovia_subflava	A_only	A	0	1	1	1	82a19fe23f557c1a5d39feab517002c509b15df31fc03c6c52583bb5285768a2	-15	-17	-0.01362397820163487738419618529	1	0	0	False	NOT_ASSIGNED	81	79	1986	2202	2202	2202	100.000	100.000	1	1	1-1101	CP003884.1;NZ_OX366332.1;NZ_OX366352.1;NZ_OZ034713.1;NZ_OZ034764.1;NZ_OZ034769.1;NZ_OZ034773.1	35	35	1971	2185	2185	2185	99.728	99.728	1	1	1-1101	NZ_OZ035002.1	0	0											20	19	1973	2187	2187	2187	99.728	99.728	1	1	1-1101	NZ_CP069053.1;NZ_CP069060.1;NZ_CP090902.1;NZ_CP170632.1;OX384028.1
G4e955ae056efb577c1abcee9	P642aafeefb367660a9b78c39	Sovia_subflava	A_only	A	0	1	1	1	5d53eac5f9981692068e499f691aec7214ca81b409fbfda50e9c2e714d9dc07e	-95	-105	-0.06959706959706959706959706960	0	0	0	False	NOT_ASSIGNED	114	113	2458	2725	2725	2725	99.927	99.927	1	1	1-1365	CP003884.1;NZ_CP041215.1;NZ_CP054598.1;NZ_OX366332.1;NZ_OX366352.1;NZ_OX366353.1;NZ_OX366359.1;NZ_OX366397.1;NZ_OZ034713.1;NZ_OZ034764.1;NZ_OZ034769.1;NZ_OZ034792.1	74	74	2363	2620	2620	2620	98.177	98.177	0.9985347985347985347985347985	0.9985347985347985347985347985	1-1363	NZ_OX366334.1;OX366390.1	1	1	1455	1613	1613	1613	83.914	83.914	0.9882783882783882783882783883	0.9882783882783882783882783883	1-1349	NZ_OZ034692.1	51	50	2389	2649	2649	2649	98.543	98.543	1	1	1-1365	NZ_CP110359.1
G4237923dac76aa8c27540cc7	P6650f8af23e8baae78a43f97	Sovia_subflava	A_only	A	0	1	1	0	739791e6daf7d49e7a6334ba563aead3c92b3b1c51fa4d5fec8addbff34c390c	-5	-5	-0.01400560224089635854341736695	1	0	0	False	NOT_ASSIGNED	83	83	645	714	714	714	100.000	100.000	1	1	1-357	CP003884.1;NZ_CP041215.1;NZ_CP054598.1;NZ_OX366319.1;NZ_OX366326.1;NZ_OX366332.1;NZ_OX366351.1;NZ_OX366352.1;NZ_OX366353.1;NZ_OX366387.1;NZ_OX366395.1;NZ_OX366397.1;NZ_OX366400.1;NZ_OZ014602.1;NZ_OZ034690.1;NZ_OZ034702.1;NZ_OZ034706.1;NZ_OZ034713.1;NZ_OZ034716.1;NZ_OZ034720.1;NZ_OZ034721.1;NZ_OZ034726.1;NZ_OZ034728.1;NZ_OZ034762.1;NZ_OZ034764.1;NZ_OZ034769.1;NZ_OZ034773.1;NZ_OZ034792.1;NZ_OZ034913.1;NZ_OZ187004.1;NZ_OZ195525.1	1	1	640	709	709	709	99.720	99.720	1	1	1-357	NZ_OZ035002.1	0	0											15	15	640	709	709	709	99.720	99.720	1	1	1-357	NZ_CP069053.1;NZ_CP069060.1;NZ_CP136587.1;NZ_CP170632.1;NZ_CP175927.1
G17fe40dea345f75091d4f19b	P6e77e4124db35977ff81de98	Sovia_subflava	A_only	A	0	1	1	0	cdc920b1effc40c05994624fcdfd789e99db6ca0571b8fafb060f2dbc27bd75b	-277	-308	-0.5699588477366255144032921811	0	0	0	False	NOT_ASSIGNED	38	36	877	972	972	972	100.000	100.000	1	1	1-486	CP003884.1;NZ_CP041215.1;NZ_CP054557.1;NZ_OX366332.1;NZ_OX366352.1;NZ_OX366359.1;NZ_OX366397.1;NZ_OZ034706.1;NZ_OZ034769.1;NZ_OZ034773.1;NZ_OZ034791.1	1	1	600	664	664	664	100.000	100.000	0.6831275720164609053497942387	0.6831275720164609053497942387	1-332	NZ_OZ035002.1	0	0											7	5	873	967	967	967	99.794	99.794	1	1	1-486	NZ_CP157591.1
G7dd3bb414d0a986def6d790c	P8c07225efaa092ab30d53679	Sovia_subflava	A_only	A	0	1	1	0	e273bceebb98055610ddb0929e764058f3e432b2f61bfbed86323a94a4678808	-14	-15	-0.01368523949169110459433040078	1	0	0	False	NOT_ASSIGNED	83	83	1846	2046	2046	2046	100.000	100.000	1	1	1-1023	CP003884.1;NZ_CP041215.1;NZ_OX366332.1;NZ_OX366352.1;NZ_OX366359.1;NZ_OX366397.1;NZ_OZ034713.1;NZ_OZ034764.1;NZ_OZ034769.1;NZ_OZ034773.1;NZ_OZ034792.1	1	1	1832	2031	2031	2031	99.707	99.707	1	1	1-1023	NZ_OZ035002.1	0	0											17	17	1832	2031	2031	2031	99.707	99.707	1	1	1-1023	CP076228.1;NZ_CP069053.1;NZ_CP069060.1;NZ_CP090902.1;NZ_CP136587.1;NZ_CP170632.1;NZ_CP175927.1;OX384028.1
Gd95383ddaa3f3b93903c5443	P8d6f063f581eb9f0d5456da6	Sovia_subflava	A_only	A	0	1	1	0	0a4f1d88dddac9b5470c07d87bf286d9c11b7597f02cd79e2d1641736dd8ba65	-4	-5	-0.004778972520908004778972520908	1	0	0	False	NOT_ASSIGNED	77	77	1510	1674	1674	1674	100.000	100.000	1	1	1-837	CP003884.1;NZ_CP041215.1;NZ_CP054598.1;NZ_OX366319.1;NZ_OX366327.1;NZ_OX366332.1;NZ_OX366352.1;NZ_OX366359.1;NZ_OX366369.1;NZ_OX366389.1;NZ_OX366397.1;NZ_OX366398.1;NZ_OZ034702.1;NZ_OZ034713.1;NZ_OZ034719.1;NZ_OZ034721.1;NZ_OZ034764.1;NZ_OZ034769.1;NZ_OZ034773.1;NZ_OZ034779.1;NZ_OZ034792.1;NZ_OZ034796.1;NZ_OZ034913.1;NZ_OZ195515.1	1	1	1506	1669	1669	1669	99.881	99.881	1	1	1-837	NZ_OZ035002.1	0	0											13	13	1506	1669	1669	1669	99.881	99.881	1	1	1-837	CP091195.1;NZ_CP069053.1;NZ_CP069060.1;NZ_CP090902.1;NZ_CP136587.1;NZ_CP170632.1;OU953855.1;OX384028.1
G233da453be61ff53342793ff	P8fcb3dea8eb09c45fa38015a	Sovia_subflava	A_only	A	0	1	1	0	ab6f8ad35f9668a4ca3a7a35bcdf76ba5edc783a89968529a14adef02d1ff3bf	-86	-95	-0.05512820512820512820512820513	1	0	0	False	NOT_ASSIGNED	113	113	2814	3120	3120	3120	100.000	100.000	1	1	1-1560	CP003884.1;NZ_OX366332.1;NZ_OX366352.1;NZ_OX366353.1;NZ_OX366359.1;NZ_OX366397.1;NZ_OZ034713.1;NZ_OZ034764.1;NZ_OZ034769.1;NZ_OZ034773.1;NZ_OZ034792.1	74	74	2728	3025	3025	3025	98.782	98.782	1	1	1-1560	NZ_OZ034708.1	1	1	1515	1679	1679	1679	81.242	81.242	1	1	1-1560	NZ_OZ034692.1	49	49	2629	2915	2915	2915	97.372	97.372	1	1	1-1560	NZ_CP102058.1
Gf90151126ee4dfdd868e0c89	P942e1b2a3926d675d1974bf5	Sovia_subflava	A_only	A	0	1	1	0	af23929326c50fb142d7910fdf6d21671df07a9af9e9e209b3c58fc12252eef9	-9	-10	-0.01224489795918367346938775510	1	0	0	False	NOT_ASSIGNED	80	80	1326	1470	1470	1470	100.000	100.000	1	1	1-735	CP003884.1;NZ_CP054598.1;NZ_OX366352.1;NZ_OX366353.1;NZ_OX366359.1;NZ_OX366397.1;NZ_OZ034713.1;NZ_OZ034764.1;NZ_OZ034769.1;NZ_OZ034773.1	1	1	1317	1460	1460	1460	99.728	99.728	1	1	1-735	NZ_OZ035002.1	0	0											15	15	1317	1460	1460	1460	99.728	99.728	1	1	1-735	NZ_CP157591.1;NZ_CP170632.1;NZ_CP175927.1
Ge1fb1ea223b7c096e5b18a06	P95855010e0c2448a44e263ca	Sovia_subflava	A_only	A	0	1	1	0	76d343faa6dc085104277f6f181b1af156b8dc41d8d8f5ddaf0fa906300208f4	-22	-25	-0.03395061728395061728395061728	1	0	0	False	NOT_ASSIGNED	80	80	1169	1296	1296	1296	100.000	100.000	1	1	1-648	CP003884.1;NZ_CP041215.1;NZ_CP054598.1;NZ_OX366326.1;NZ_OX366332.1;NZ_OX366351.1;NZ_OX366352.1;NZ_OX366353.1;NZ_OX366389.1;NZ_OX366397.1;NZ_OX366398.1;NZ_OX366400.1;NZ_OZ014602.1;NZ_OZ034690.1;NZ_OZ034713.1;NZ_OZ034715.1;NZ_OZ034716.1;NZ_OZ034726.1;NZ_OZ034728.1;NZ_OZ034762.1;NZ_OZ034764.1;NZ_OZ034769.1;NZ_OZ034773.1;NZ_OZ034779.1;NZ_OZ034792.1;NZ_OZ187004.1;NZ_OZ195515.1;NZ_OZ195525.1	1	1	1147	1271	1271	1271	99.228	99.228	1	1	1-648	NZ_OZ035002.1	0	0											15	15	1165	1291	1291	1291	99.846	99.846	1	1	1-648	NZ_CP110359.1;NZ_OU909470.1;OU953855.1
G9897241121f49b098577aa4d	P9897241121f49b098577aa4d	Sovia_subflava	A_only	A	0	1	1	1	378df916bdf43fbe0bc7dc0f56cc24bfac8c32b6c17f6d7e4ad8cc334a102a3b	-14	-15	-0.04093567251461988304093567251	1	0	0	False	NOT_ASSIGNED	102	90	618	684	684	684	100.000	100.000	1	1	1-342	CP003884.1;NZ_CP041215.1;NZ_CP054598.1;NZ_OX366332.1;NZ_OX366352.1;NZ_OX366353.1;NZ_OX366359.1;NZ_OX366397.1;NZ_OZ034713.1;NZ_OZ034769.1;NZ_OZ034773.1;NZ_OZ034792.1	1	1	604	669	669	669	99.123	99.123	1	1	1-342	NZ_OZ035002.1	0	0											15	14	613	679	679	679	99.708	99.708	1	1	1-342	CP091195.1;NZ_CP110359.1
Gdbbf5e6bbcc9c6d22839433d	Pa2bce227857811250a569cd1	Sovia_subflava	A_only	A	0	1	1	0	87fa6021b0e95c15df2795acb92e83c9abfb60b436f4d0665809ebc81cf6e37b	-9	-10	-0.03296703296703296703296703297	1	0	0	False	NOT_ASSIGNED	106	106	489	541	541	541	99.634	99.634	1	1	1-273	NZ_CP041215.1;NZ_CP054598.1;NZ_OX366319.1;NZ_OX366326.1;NZ_OX366332.1;NZ_OX366351.1;NZ_OX366352.1;NZ_OX366353.1;NZ_OX366356.1;NZ_OX366369.1;NZ_OX366397.1;NZ_OX366400.1;NZ_OZ014602.1;NZ_OZ034690.1;NZ_OZ034701.1;NZ_OZ034702.1;NZ_OZ034713.1;NZ_OZ034716.1;NZ_OZ034719.1;NZ_OZ034720.1;NZ_OZ034721.1;NZ_OZ034726.1;NZ_OZ034728.1;NZ_OZ034762.1;NZ_OZ034764.1;NZ_OZ034769.1;NZ_OZ034773.1;NZ_OZ034792.1;NZ_OZ034913.1;NZ_OZ187004.1;NZ_OZ195515.1;NZ_OZ195525.1	6	6	480	531	531	531	98.901	98.901	1	1	1-273	NZ_OZ035002.1	0	0											30	29	484	536	536	536	99.267	99.267	1	1	1-273	CP091195.1;NZ_CP110359.1;OU953855.1
Gc8ede2d14670f342c0090487	Pa87d72afcf636cec7bbf5d9e	Sovia_subflava	A_unknown_tie	A;unknown	0	1	1	0	dcc0dc6ce368564e82239f6cabe9ff333e7bf526507e9f29816809f18f28f7f3	-20	-22	-0.06006006006006006006006006006	0	0	0	False	NOT_ASSIGNED	104	104	601	666	666	666	100.000	100.000	1	1	1-333	NZ_CP041215.1;NZ_CP054598.1;NZ_OX366272.1;NZ_OX366327.1;NZ_OX366352.1;NZ_OX366353.1;NZ_OX366357.1;NZ_OX366359.1;NZ_OX366375.1;NZ_OX366378.1;NZ_OX366387.1;NZ_OX366388.1;NZ_OX366389.1;NZ_OX366395.1;NZ_OX366397.1;NZ_OX366398.1;NZ_OZ017714.1;NZ_OZ034695.1;NZ_OZ034701.1;NZ_OZ034712.1;NZ_OZ034713.1;NZ_OZ034717.1;NZ_OZ034720.1;NZ_OZ034763.1;NZ_OZ034764.1;NZ_OZ034769.1;NZ_OZ034773.1;NZ_OZ034779.1;NZ_OZ034785.1;NZ_OZ034792.1;NZ_OZ034796.1;NZ_OZ034998.1;NZ_OZ035007.1;NZ_OZ195518.1;OX366363.1;OZ034697.1	5	5	581	644	644	644	98.795	98.795	0.9969969969969969969969969970	0.9969969969969969969969969970	1-332	NZ_OZ035002.1	0	0											24	24	601	666	666	666	100.000	100.000	1	1	1-333	CP091195.1;NZ_OU909470.1;OU953855.1
Gc6aad390e171eb28479a2c01	Pb3f06ba9a36b08c87a7cccb2	Sovia_subflava	A_only	A	0	1	1	0	d1f3350f6106aa13c649cddae7269b147a3795ee03847db76cbfd9ddbffe29d4					0	1	False	NOT_ASSIGNED	32	32	747	828	828	828	100.000	100.000	1	1	1-414	CP003884.1;NZ_CP041215.1;NZ_OX366332.1;NZ_OX366352.1;NZ_OX366353.1;NZ_OX366359.1;NZ_OX366397.1;NZ_OZ034713.1;NZ_OZ034764.1;NZ_OZ034769.1;NZ_OZ034773.1	0	0											0	0											2	2	735	814	814	814	99.517	99.517	1	1	1-414	NZ_CP110359.1;NZ_OU909470.1
G4b0a89927f45a1a9ae51b8dd	Pb53b4d94c05a6d484ec8e538	Sovia_subflava	A_only	A	0	1	1	0	d80d4819e32f129f3f2cee80595291ad16017ba7fe274f88394c5a99b1cb2dad					0	1	False	NOT_ASSIGNED	32	32	785	870	870	870	100.000	100.000	1	1	1-435	CP003884.1;NZ_CP054598.1;NZ_OX366332.1;NZ_OX366353.1;NZ_OX366359.1;NZ_OX366397.1;NZ_OZ034713.1;NZ_OZ034764.1;NZ_OZ034769.1;NZ_OZ034773.1	0	0											0	0											3	3	764	846	846	846	99.080	99.080	1	1	1-435	NZ_OU909470.1
Gc364656cc802f8fc5b49624e	Pbf111878b49f8635cfc0b308	Sovia_subflava	A_only	A	0	1	1	0	3934283253a0053603b857362c80f04f2c5da042c3ecc971bd4ad5e6a0f15672	-68	-75	-0.08651399491094147582697201018	1	0	0	False	NOT_ASSIGNED	53	53	1414	1567	1567	1567	99.873	99.873	1	1	1-786	CP003884.1;NZ_CP041215.1;NZ_OX366332.1;NZ_OX366352.1;NZ_OX366353.1;NZ_OX366397.1;NZ_OZ034713.1;NZ_OZ034769.1;NZ_OZ034773.1	2	2	1346	1492	1492	1492	97.964	97.964	1	1	1-786	NZ_OZ034708.1	0	0											11	11	1311	1453	1453	1453	97.066	97.066	0.9974554707379134860050890585	0.9974554707379134860050890585	1-784	NZ_CP110359.1
G339f144eda1ddb3f8451ab8b	Pbfb42565c9fa797dd31365b6	Sovia_subflava	A_only	A	0	1	1	0	18a075c8af9e5f6e9669dd82cd8cd9e2588d606583a4f1f39c6a8685c2c4d413	-17	-19	-0.01402640264026402640264026403	1	0	0	False	NOT_ASSIGNED	87	87	2186	2424	2424	2424	100.000	100.000	1	1	1-1212	CP003884.1;NZ_CP041215.1;NZ_OX366332.1;NZ_OX366352.1;NZ_OX366397.1;NZ_OZ034713.1;NZ_OZ034764.1;NZ_OZ034769.1;NZ_OZ034773.1;NZ_OZ034792.1	69	69	2169	2405	2405	2405	99.752	99.752	1	1	1-1212	NZ_OZ035002.1	0	0											30	30	2182	2419	2419	2419	99.917	99.917	1	1	1-1212	NZ_CP090902.1;NZ_CP136587.1;OX384028.1
G8eba09c13b4f24bf50f36f4d	Pcd189dc1eefba4ae08285709	Sovia_subflava	A_only	A	0	1	1	0	989ee06912f065deac462a00378f0d7aad13a7092b5a2a4d7e3e26423014f6d0	-23	-25	-0.02203065134099616858237547893	1	0	0	False	NOT_ASSIGNED	87	85	1879	2083	2083	2083	99.904	99.904	1	1	1-1044	CP003884.1;NZ_CP041215.1;NZ_OX366352.1;NZ_OX366359.1;NZ_OX366387.1;NZ_OZ017714.1;NZ_OZ025779.1;NZ_OZ034695.1;NZ_OZ034763.1;NZ_OZ034764.1;NZ_OZ034769.1;NZ_OZ034792.1;NZ_OZ034793.1	5	5	1856	2058	2058	2058	99.425	99.425	1	1	1-1044	NZ_OZ035002.1	0	0											22	20	1870	2073	2073	2073	99.713	99.713	1	1	1-1044	NZ_CP110359.1
Ge529cf7f59dc7c26209f2134	Pd361fb920038257624d583f4	Sovia_subflava	A_only	A	0	1	1	0	4f19a8415044f384e762b40ed923622ac516963d0bdc3d3aa9e50d6f43871ea2					0	1	False	NOT_ASSIGNED	25	25	720	798	798	798	100.000	100.000	1	1	1-399	CP003884.1;CP042904.1;NZ_CP041215.1;NZ_OX366327.1;NZ_OX366332.1;NZ_OX366352.1;NZ_OX366353.1;NZ_OX366359.1;NZ_OX366375.1;NZ_OX366389.1;NZ_OX366397.1;NZ_OX366398.1;NZ_OZ034712.1;NZ_OZ034713.1;NZ_OZ034764.1;NZ_OZ034769.1;NZ_OZ034773.1;NZ_OZ034779.1;NZ_OZ034792.1;NZ_OZ034796.1;NZ_OZ195515.1;NZ_OZ195518.1;OZ034697.1	0	0											0	0											1	1	624	691	691	691	94.724	94.724	0.9974937343358395989974937343	0.9974937343358395989974937343	2-399	NZ_OZ195521.1
G78881f8010a5db8ba66360dc	Pda2dffc75bee2718e9054d16	Sovia_subflava	A_only	A	0	1	1	0	58011873e3b2f00260f99821a0fa47995be265d78c31d2d9f5cb4cadaa8d1dad	-2424	-2688	-1.260530421216848673946957878	0	0	0	False	NOT_ASSIGNED	37	37	3464	3841	3841	3841	99.948	99.948	1	1	1-1923	NZ_OX366327.1;NZ_OX366332.1;NZ_OX366352.1;NZ_OX366359.1;NZ_OZ034764.1;NZ_OZ034769.1;NZ_OZ034792.1	1	1	1040	1153	1153	1153	76.764	76.764	0.7171086843473738949557982319	0.7171086843473738949557982319	1-1379	NZ_OZ181655.1	0	0											3	3	2931	3250	3250	3250	93.747	93.747	1	1	1-1923	CP091195.1
G0d987efb4ed21015661cd6ac	Pdd5c78cc55f1937e37fb3db7	Sovia_subflava	A_only	A	0	1	1	0	365ef1987c3bf255e29631a776a9762e2ad00a7b6ddbe8c57fcde7a501f39ee4	-18	-20	-0.02803738317757009345794392523	1	0	0	False	NOT_ASSIGNED	80	80	1159	1284	1284	1284	100.000	100.000	1	1	1-642	NZ_CP041215.1;NZ_OX366326.1;NZ_OX366332.1;NZ_OX366351.1;NZ_OX366352.1;NZ_OX366353.1;NZ_OX366397.1;NZ_OX366400.1;NZ_OZ014602.1;NZ_OZ034690.1;NZ_OZ034713.1;NZ_OZ034716.1;NZ_OZ034726.1;NZ_OZ034762.1;NZ_OZ034764.1;NZ_OZ034769.1;NZ_OZ034773.1;NZ_OZ034792.1;NZ_OZ187004.1;NZ_OZ195525.1;OZ034694.1	1	1	1141	1264	1264	1264	99.377	99.377	1	1	1-642	NZ_OZ035002.1	0	0											15	15	1145	1269	1269	1269	99.533	99.533	1	1	1-642	NZ_CP090902.1;NZ_CP110359.1;NZ_CP136587.1;NZ_CP157591.1;NZ_CP170632.1;NZ_CP175927.1;OX384028.1
G37b77850b09e62824af916e2	Pfd55ca99eaf0d62d7a09bf25	Sovia_subflava	A_only	A	0	1	1	0	1ed3704cf0b4f2f7f6a02c770aab99aa12963364842fe710073cc797844e2a20	-81	-90	-0.2477064220183486238532110092	0	0	0	False	NOT_ASSIGNED	47	47	590	654	654	654	100.000	100.000	1	1	1-327	CP003884.1;NZ_CP041215.1;NZ_OX366352.1;NZ_OX366353.1;NZ_OX366359.1;NZ_OX366397.1;NZ_OZ034713.1;NZ_OZ034720.1;NZ_OZ034764.1;NZ_OZ034769.1;NZ_OZ034773.1;NZ_OZ034792.1	2	2	509	564	564	564	96.203	96.203	0.9663608562691131498470948012	0.9663608562691131498470948012	1-316	NZ_OZ181655.1	0	0											4	4	545	604	604	604	97.546	97.546	0.9938837920489296636085626911	0.9938837920489296636085626911	1-325	NZ_CP175923.1
G92a2f1fc7dfad24d67aaef61	P0294554494f5a8cec05865fd	Telicota_bambusae	A_only	A	0	0	0	0	46b1afd4da2e6c95716555183fa4908cd7bb86d5e6baeea7c1561cacce642240	-9	-10	-0.006134969325153374233128834356	1	0	0	False	NOT_ASSIGNED	82	82	2642	2929	2929	2929	99.932	99.932	1	1	1-1467	NZ_CP041215.1;NZ_CP054598.1;NZ_OX366332.1;NZ_OX366352.1;NZ_OX366353.1;NZ_OX366397.1;NZ_OZ034713.1;NZ_OZ034764.1;NZ_OZ034773.1;NZ_OZ034792.1	2	2	2633	2919	2919	2919	99.796	99.796	1	1	1-1467	NZ_OZ035002.1	0	0											13	13	2637	2924	2924	2924	99.864	99.864	1	1	1-1467	NZ_CP170632.1;NZ_CP175927.1
Ga9d0628e0e3cf232f0dface1	P0675c48295767aa3906ac372	Telicota_bambusae	A_only	A	0	0	0	0	2569e966d08fc6e1cc80d55e2a7180123a8e8d502fc45303ea361f320f4c17d9	-1067	-1184	-0.4832427536231884057971014493	0	0	0	False	NOT_ASSIGNED	33	33	3969	4401	4401	4401	99.864	99.864	1	1	1-2208	NZ_OZ034769.1	1	1	2902	3217	3217	3217	98.798	98.798	0.7522644927536231884057971014	0.7522644927536231884057971014	548-2208	NZ_OZ035002.1	0	0											4	4	2905	3221	3221	3221	98.857	98.857	0.7522644927536231884057971014	0.7522644927536231884057971014	548-2208	NZ_CP175927.1
G35f7a246111b6d179c80673f	P07f88e2bb1e56fb05f02e58a	Telicota_bambusae	A_only	A	0	0	0	0	fef582c1646815bd784c221b72ec3ead077a781d928c34dd35b6e34a2d910435	-9	-10	-0.01127819548872180451127819549	1	0	0	False	NOT_ASSIGNED	77	75	1440	1596	1596	1596	100.000	100.000	1	1	1-798	CP003884.1;NZ_OX366332.1;NZ_OX366352.1;NZ_OX366359.1;NZ_OX366397.1;NZ_OZ034713.1;NZ_OZ034769.1;NZ_OZ034773.1;NZ_OZ034792.1	1	1	1431	1586	1586	1586	99.749	99.749	1	1	1-798	NZ_OZ035002.1	0	0											13	13	1435	1591	1591	1591	99.875	99.875	1	1	1-798	NZ_CP110359.1;OU953855.1
G1b25ec89bcd051a54da847e2	P0c624e151735e4a9fed865d5	Telicota_bambusae	A_only	A	0	0	0	0	466ce57dff8435b1b58a59770ce5d0c74cdc369098a7025f7b2a26f85fb8f699	-147	-163	-0.5157894736842105263157894737	0	0	0	False	NOT_ASSIGNED	55	55	515	570	570	570	100.000	100.000	1	1	1-285	CP003884.1;NZ_OX366332.1;NZ_OX366352.1;NZ_OX366353.1;NZ_OX366359.1;NZ_OX366397.1;NZ_OZ034764.1;NZ_OZ034792.1	71	71	368	407	407	407	96.018	96.018	0.7929824561403508771929824561	0.7929824561403508771929824561	16-241	NZ_OZ181655.1	0	0											36	36	510	565	565	565	99.649	99.649	1	1	1-285	NZ_CP110359.1
G10dadc143319b4aabd539eb4	P0f7e8941919e9b634eb350c7	Telicota_bambusae	A_only	A	0	0	0	0	bc2a3250a5d899db7839c72b92e1c066526c443d5a29b366b384b028748e6f5b	-118	-130	-0.1293859649122807017543859649	1	0	0	False	NOT_ASSIGNED	113	108	1644	1822	1822	1822	100.000	100.000	0.9989035087719298245614035088	0.9989035087719298245614035088	1-911	CP003884.1;NZ_OX366332.1;NZ_OX366397.1;NZ_OZ034713.1;NZ_OZ034764.1;NZ_OZ034773.1;NZ_OZ034792.1	73	73	1526	1692	1692	1692	97.146	97.146	0.9989035087719298245614035088	0.9989035087719298245614035088	1-911	NZ_OZ035002.1	1	1	901	998	998	998	82.202	82.202	0.9857456140350877192982456140	0.9857456140350877192982456140	13-911	NZ_OZ034692.1	40	40	1639	1817	1817	1817	99.890	99.890	0.9989035087719298245614035088	0.9989035087719298245614035088	1-911	NZ_CP110359.1
G348569ccf1ad785dc9f2df12	P105e81cadb13fa73bec24ff5	Telicota_bambusae	A_only	A	0	0	0	0	73b84f199146e9b0c103879f314e2efb3776cd0fdf88a1a9a99058464a3c5601	-3764	-4175	-1.219306770327178490443796566	0	0	0	False	NOT_ASSIGNED	33	33	5554	6159	6159	6159	99.903	99.903	1	1	1-3087	NZ_OZ034769.1	1	1	1790	1984	1984	1984	76.042	76.042	0.8114674441205053449951409135	0.8114674441205053449951409135	1-2505	NZ_OZ181655.1	0	0											4	4	4320	4790	4790	4790	91.234	91.234	0.9970845481049562682215743440	0.9970845481049562682215743440	1-3078	CP091195.1
Gf404937f30515961cace1ade	P13e05d070734305f12c2eb26	Telicota_bambusae	A_only	A	0	0	0	0	d3560b5d4f4c5e3743342ec2bf83a1c3967d869780e61fe291fad16d63ec5e6f	-63	-70	-0.2019230769230769230769230769	0	0	0	False	NOT_ASSIGNED	20	20	563	624	624	624	100.000	100.000	1	1	1-312	CP003884.1;NZ_CP041215.1;NZ_CP054598.1;NZ_OX366332.1;NZ_OX366352.1;NZ_OX366359.1;NZ_OX366397.1;NZ_OZ034713.1;NZ_OZ034764.1;NZ_OZ034769.1;NZ_OZ034773.1;NZ_OZ034792.1	1	1	500	554	554	554	94.654	94.654	0.9935897435897435897435897436	0.9935897435897435897435897436	1-310	NZ_OZ181655.1	0	0											2	2	540	598	598	598	97.188	97.188	1	1	1-312	NZ_OW370537.1
G581d8f0072b3e7f743096072	P1440feb117cd723f6abb3813	Telicota_bambusae	A_only	A	0	0	0	0	ba5d0fabd5c25da087938ce7dbd629cb9f50a5820d221f35a9dde980f732b5b5	-366	-406	-0.1426900584795321637426900585	1	0	0	False	NOT_ASSIGNED	113	113	4626	5130	5130	5130	100.000	100.000	1	1	1-2565	NZ_CP041215.1;NZ_OX366332.1;NZ_OX366352.1;NZ_OX366397.1;NZ_OZ034713.1;NZ_OZ034764.1;NZ_OZ034792.1	73	73	4260	4724	4724	4724	96.696	96.696	1	1	1-2565	NZ_OZ034708.1	0	0											47	47	4387	4865	4865	4865	97.934	97.934	1	1	1-2565	OU953855.1
Gd77dddc3ac322a53fa928699	P16ac9b89ff10a00bf5aef6dc	Telicota_bambusae	A_only	A	0	0	0	0	c3247bc8cb0f826a75ef9bc0911d32f87b97ffbc5522e90b0b540f82e3b2c53d	-4	-5	-0.008771929824561403508771929825	1	0	0	False	NOT_ASSIGNED	80	80	823	912	912	912	100.000	100.000	1	1	1-456	CP003884.1;NZ_CP041215.1;NZ_CP054598.1;NZ_OX366332.1;NZ_OX366352.1;NZ_OX366397.1;NZ_OZ034713.1;NZ_OZ034764.1;NZ_OZ034769.1;NZ_OZ034773.1;NZ_OZ034792.1	1	1	819	907	907	907	99.781	99.781	1	1	1-456	NZ_OZ035002.1	0	0											15	15	819	907	907	907	99.781	99.781	1	1	1-456	CP076228.1;NZ_CP069053.1;NZ_CP069060.1;NZ_CP090902.1;NZ_CP136586.1;NZ_CP136587.1;NZ_CP157591.1;NZ_CP170632.1;NZ_CP175927.1;OU953855.1;OX384028.1
G4262f5e24e11c2aa4ffc7a32	P17c4a8f0e8f2f82c6ac338cd	Telicota_bambusae	A_only	A	0	0	0	0	556f368fb56fe9d70dae35e6fa5972b99d69636b92a3b18eeab31ca159cc9aa9	-1033	-1145	-1.110752688172043010752688172	0	0	0	False	NOT_ASSIGNED	104	95	1678	1860	1860	1860	100.000	100.000	1	1	1-930	NZ_OZ034769.1	1	1	645	715	715	715	78.961	78.961	0.8032258064516129032258064516	0.8032258064516129032258064516	184-930	NZ_OZ035002.1	0	0											18	18	1086	1203	1203	1203	85.684	85.684	0.9989247311827956989247311828	0.9989247311827956989247311828	1-929	NZ_CP175923.1
Gc3c24a87080704349bf4ab47	P20dcc1f87621309dee9a6f80	Telicota_bambusae	A_only	A	0	0	0	0	b5a30052a3fe751ea1ab92654877956144d2148774517b7367dc8a67d14c14d3	-52	-57	-0.04697380307136404697380307136	1	0	0	False	NOT_ASSIGNED	113	113	1993	2209	2209	2209	99.910	99.910	1	1	1-1107	NZ_OX366353.1;NZ_OZ034701.1	74	74	1941	2152	2152	2152	97.872	97.872	1	1	1-1107	NZ_OZ035002.1	1	1	810	897	897	897	84.048	84.048	0.6738934056007226738934056007	0.6738934056007226738934056007	358-1103	NZ_OZ034692.1	51	51	1984	2199	2199	2199	99.729	99.729	1	1	1-1107	NZ_CP090902.1
G634aa956fad142031350e519	P22c5aea74644942fb02544bc	Telicota_bambusae	A_only	A	0	0	0	1	469b1b881cf0bd089d2447dc3a732e8fc9af42e7417b6683e740aa3ae36697d8	-254	-282	-0.1372231226364127498649378714	1	0	0	False	NOT_ASSIGNED	114	113	3339	3702	3702	3702	100.000	100.000	1	1	1-1851	CP003884.1;NZ_OX366332.1;NZ_OX366352.1;NZ_OX366353.1;NZ_OX366359.1;NZ_OZ034769.1;NZ_OZ034792.1	74	74	3085	3420	3420	3420	96.823	96.823	1	1	1-1851	NZ_OZ034718.1	1	1	2246	2490	2490	2490	86.807	86.807	1	1	1-1851	NZ_OZ034692.1	51	50	3085	3420	3420	3420	96.823	96.823	1	1	1-1851	NZ_CP192272.1
G6c13640e76715905e597af00	P2c83049b426ff56b08fe28b0	Telicota_bambusae	A_only	A	0	0	0	0	fc03727d90d29ba81bd1aca32206313892089846d57e8d2df1dd2ac3750f4869					0	1	False	NOT_ASSIGNED	30	30	2664	2954	2954	2954	99.865	99.865	1	1	1-1482	NZ_CP041215.1;NZ_OX366332.1;NZ_OX366352.1;NZ_OX366353.1;NZ_OX366397.1;NZ_OZ034764.1;NZ_OZ034769.1	0	0											0	0											0	0										
Gc01911ecc9da5ab6d5900619	P3e4fb06e9670f3171001e548	Telicota_bambusae	A_unknown_tie	A;unknown	0	0	0	0	c88da66754d92c3e4978950bbb1e1ce5569cb159d223f4da32cf374d7a8ffb7d	-5	-5	-0.005393743257820927723840345200	1	0	0	False	NOT_ASSIGNED	47	47	1673	1854	1854	1854	100.000	100.000	1	1	1-927	CP003884.1;NZ_CP041215.1;NZ_OX366332.1;NZ_OX366348.1;NZ_OX366352.1;NZ_OX366359.1;NZ_OX366368.1;NZ_OX366369.1;NZ_OX366379.1;NZ_OX366387.1;NZ_OX366388.1;NZ_OX366397.1;NZ_OX366398.1;NZ_OX366399.1;NZ_OZ034713.1;NZ_OZ034769.1;NZ_OZ034773.1;NZ_OZ034779.1;NZ_OZ034793.1;NZ_OZ034796.1;NZ_OZ034913.1;NZ_OZ035007.1;NZ_OZ183482.1;OX366363.1	2	2	1668	1849	1849	1849	99.892	99.892	1	1	1-927	NZ_OZ035002.1	0	0											10	10	1673	1854	1854	1854	100.000	100.000	1	1	1-927	NZ_CP175927.1
G09744e8e072d0d7d5d6a8dc7	P44f6e46ea2ed589cedda429f	Telicota_bambusae	A_only	A	0	0	0	0	f79dd1fd2284a57958564616e41339546787ec0b5eb9aa86a18f74820da57a48					0	1	False	NOT_ASSIGNED	13	13	5279	5854	5854	5854	99.864	99.864	1	1	1-2937	NZ_OX366369.1;NZ_OZ034769.1	0	0											1	1	1872	2075	2075	2075	82.960	82.960	0.5948246510044262853251617297	0.5948246510044262853251617297	1191-2937	NZ_OZ034692.1	3	3	2235	2478	2478	2478	88.082	88.082	0.5948246510044262853251617297	0.5948246510044262853251617297	1191-2937	OU953855.1
G6612c427c890d886c3d56439	P493f6ff5725a58e31ceb52ab	Telicota_bambusae	A_only	A	0	0	0	0	da0d8fe005def433e13416c834351fdcaf030b88f1ec8bfd59c61c9dfede4f16	-23	-25	-0.02123730378578024007386888273	1	0	0	False	NOT_ASSIGNED	76	76	1954	2166	2166	2166	100.000	100.000	1	1	1-1083	CP003884.1;NZ_CP041215.1;NZ_OX366332.1;NZ_OX366352.1;NZ_OX366353.1;NZ_OX366397.1;NZ_OZ034713.1;NZ_OZ034764.1;NZ_OZ034769.1;NZ_OZ034773.1;NZ_OZ034792.1	1	1	1931	2141	2141	2141	99.538	99.538	1	1	1-1083	NZ_OZ035002.1	0	0											19	19	1945	2156	2156	2156	99.815	99.815	1	1	1-1083	OU953855.1
Gf97a4ede6552a61b22de6f28	P52a038d73fbb0dc2fce63fa2	Telicota_bambusae	A_only	A	0	0	0	1	82a19fe23f557c1a5d39feab517002c509b15df31fc03c6c52583bb5285768a2	-15	-17	-0.01362397820163487738419618529	1	0	0	False	NOT_ASSIGNED	81	79	1986	2202	2202	2202	100.000	100.000	1	1	1-1101	CP003884.1;NZ_OX366332.1;NZ_OX366352.1;NZ_OZ034713.1;NZ_OZ034764.1;NZ_OZ034769.1;NZ_OZ034773.1	35	35	1971	2185	2185	2185	99.728	99.728	1	1	1-1101	NZ_OZ035002.1	0	0											20	19	1973	2187	2187	2187	99.728	99.728	1	1	1-1101	NZ_CP069053.1;NZ_CP069060.1;NZ_CP090902.1;NZ_CP170632.1;OX384028.1
G2d21fd380ba16feab0539b23	P642aafeefb367660a9b78c39	Telicota_bambusae	A_only	A	0	0	0	1	8ef93ad4d9ae166d885b22092e28a20ac05c29ec5f6a938bca7d0984d0743518	-94	-105	-0.06886446886446886446886446886	0	0	0	False	NOT_ASSIGNED	114	113	2462	2730	2730	2730	100.000	100.000	1	1	1-1365	CP003884.1;NZ_CP041215.1;NZ_CP054598.1;NZ_OX366332.1;NZ_OX366352.1;NZ_OX366353.1;NZ_OX366359.1;NZ_OX366397.1;NZ_OZ034713.1;NZ_OZ034764.1;NZ_OZ034769.1;NZ_OZ034792.1	74	74	2368	2625	2625	2625	98.249	98.249	0.9985347985347985347985347985	0.9985347985347985347985347985	1-1363	NZ_OX366334.1;OX366390.1	1	1	1460	1618	1618	1618	83.988	83.988	0.9882783882783882783882783883	0.9882783882783882783882783883	1-1349	NZ_OZ034692.1	51	50	2394	2654	2654	2654	98.616	98.616	1	1	1-1365	NZ_CP110359.1
G6fa436625c35d84adc0410b9	P6650f8af23e8baae78a43f97	Telicota_bambusae	A_only	A	0	0	0	0	739791e6daf7d49e7a6334ba563aead3c92b3b1c51fa4d5fec8addbff34c390c	-5	-5	-0.01400560224089635854341736695	1	0	0	False	NOT_ASSIGNED	83	83	645	714	714	714	100.000	100.000	1	1	1-357	CP003884.1;NZ_CP041215.1;NZ_CP054598.1;NZ_OX366319.1;NZ_OX366326.1;NZ_OX366332.1;NZ_OX366351.1;NZ_OX366352.1;NZ_OX366353.1;NZ_OX366387.1;NZ_OX366395.1;NZ_OX366397.1;NZ_OX366400.1;NZ_OZ014602.1;NZ_OZ034690.1;NZ_OZ034702.1;NZ_OZ034706.1;NZ_OZ034713.1;NZ_OZ034716.1;NZ_OZ034720.1;NZ_OZ034721.1;NZ_OZ034726.1;NZ_OZ034728.1;NZ_OZ034762.1;NZ_OZ034764.1;NZ_OZ034769.1;NZ_OZ034773.1;NZ_OZ034792.1;NZ_OZ034913.1;NZ_OZ187004.1;NZ_OZ195525.1	1	1	640	709	709	709	99.720	99.720	1	1	1-357	NZ_OZ035002.1	0	0											15	15	640	709	709	709	99.720	99.720	1	1	1-357	NZ_CP069053.1;NZ_CP069060.1;NZ_CP136587.1;NZ_CP170632.1;NZ_CP175927.1
G12142e5ea0e6f4bcb44d7b48	P69d68c4e9723a50f19464644	Telicota_bambusae	A_only	A	0	0	0	0	ab80c69f77b8bc3fa09fa4ce985df6c0634b94f16931671d2c51a4b0110c2d17	-45	-50	-0.03472222222222222222222222222	1	0	0	False	NOT_ASSIGNED	87	87	2338	2592	2592	2592	100.000	100.000	1	1	1-1296	NZ_CP041215.1;NZ_OX366332.1;NZ_OX366352.1;NZ_OX366397.1;NZ_OZ034713.1;NZ_OZ034764.1;NZ_OZ034769.1;NZ_OZ034773.1;NZ_OZ034792.1	2	2	2293	2542	2542	2542	99.228	99.228	1	1	1-1296	NZ_OZ035002.1	0	0											17	17	2293	2542	2542	2542	99.228	99.228	1	1	1-1296	NZ_CP069053.1;NZ_CP069060.1;NZ_CP090902.1;NZ_CP136587.1;OX384028.1
G3e4bd5a635eb80b87c7d01e4	P6e77e4124db35977ff81de98	Telicota_bambusae	A_only	A	0	0	0	0	cdc920b1effc40c05994624fcdfd789e99db6ca0571b8fafb060f2dbc27bd75b	-277	-308	-0.5699588477366255144032921811	0	0	0	False	NOT_ASSIGNED	38	36	877	972	972	972	100.000	100.000	1	1	1-486	CP003884.1;NZ_CP041215.1;NZ_CP054557.1;NZ_OX366332.1;NZ_OX366352.1;NZ_OX366359.1;NZ_OX366397.1;NZ_OZ034706.1;NZ_OZ034769.1;NZ_OZ034773.1;NZ_OZ034791.1	1	1	600	664	664	664	100.000	100.000	0.6831275720164609053497942387	0.6831275720164609053497942387	1-332	NZ_OZ035002.1	0	0											7	5	873	967	967	967	99.794	99.794	1	1	1-486	NZ_CP157591.1
Gba345eee468b43f7fe5e4fc5	P71bb8c7f5b149dba1c7305d5	Telicota_bambusae	A_only	A	0	0	0	0	194eaa96d1dce94bf44fc6776bff308279f0e8c7d80901a4047a0896b03ae0bf	-62	-69	-0.05990338164251207729468599034	1	0	0	False	NOT_ASSIGNED	76	74	1867	2070	2070	2070	100.000	100.000	1	1	1-1035	CP003884.1;NZ_CP041215.1;NZ_CP054598.1;NZ_OX366332.1;NZ_OX366352.1;NZ_OX366397.1;NZ_OZ034713.1;NZ_OZ034769.1;NZ_OZ034792.1	1	1	1805	2001	2001	2001	98.090	98.090	1	1	1-1035	NZ_OZ035002.1	0	0											19	19	1831	2030	2030	2030	99.227	99.227	1	1	1-1035	NZ_CP170632.1
Gb0c22681a0d596bf46e4a2ad	P7b8604775adae8acd2294a64	Telicota_bambusae	A_only	A	0	0	0	0	5c6e772f7347cfaa1d4a99da1e818c68d5f26b225e06a43b5828ae95aa492709	-13	-15	-0.007282913165266106442577030812	1	0	0	False	NOT_ASSIGNED	105	105	3215	3565	3565	3565	99.944	99.944	1	1	1-1785	NZ_CP041215.1;NZ_OX366332.1;NZ_OX366352.1;NZ_OZ034764.1;NZ_OZ034769.1;NZ_OZ034792.1;OZ034697.1	2	2	3202	3550	3550	3550	99.776	99.776	1	1	1-1785	NZ_OZ035002.1	0	0											22	22	3202	3550	3550	3550	99.776	99.776	1	1	1-1785	NZ_CP069053.1;NZ_CP069060.1;NZ_CP136587.1;NZ_CP170632.1;NZ_CP175927.1;OU953855.1;OX384028.1
G0f14cc47e38a770316346976	P8c07225efaa092ab30d53679	Telicota_bambusae	A_only	A	0	0	0	0	e273bceebb98055610ddb0929e764058f3e432b2f61bfbed86323a94a4678808	-14	-15	-0.01368523949169110459433040078	1	0	0	False	NOT_ASSIGNED	83	83	1846	2046	2046	2046	100.000	100.000	1	1	1-1023	CP003884.1;NZ_CP041215.1;NZ_OX366332.1;NZ_OX366352.1;NZ_OX366359.1;NZ_OX366397.1;NZ_OZ034713.1;NZ_OZ034764.1;NZ_OZ034769.1;NZ_OZ034773.1;NZ_OZ034792.1	1	1	1832	2031	2031	2031	99.707	99.707	1	1	1-1023	NZ_OZ035002.1	0	0											17	17	1832	2031	2031	2031	99.707	99.707	1	1	1-1023	CP076228.1;NZ_CP069053.1;NZ_CP069060.1;NZ_CP090902.1;NZ_CP136587.1;NZ_CP170632.1;NZ_CP175927.1;OX384028.1
G9d5f390528fa2bfff23448ee	P8d6f063f581eb9f0d5456da6	Telicota_bambusae	A_only	A	0	0	0	0	0a4f1d88dddac9b5470c07d87bf286d9c11b7597f02cd79e2d1641736dd8ba65	-4	-5	-0.004778972520908004778972520908	1	0	0	False	NOT_ASSIGNED	77	77	1510	1674	1674	1674	100.000	100.000	1	1	1-837	CP003884.1;NZ_CP041215.1;NZ_CP054598.1;NZ_OX366319.1;NZ_OX366327.1;NZ_OX366332.1;NZ_OX366352.1;NZ_OX366359.1;NZ_OX366369.1;NZ_OX366389.1;NZ_OX366397.1;NZ_OX366398.1;NZ_OZ034702.1;NZ_OZ034713.1;NZ_OZ034719.1;NZ_OZ034721.1;NZ_OZ034764.1;NZ_OZ034769.1;NZ_OZ034773.1;NZ_OZ034779.1;NZ_OZ034792.1;NZ_OZ034796.1;NZ_OZ034913.1;NZ_OZ195515.1	1	1	1506	1669	1669	1669	99.881	99.881	1	1	1-837	NZ_OZ035002.1	0	0											13	13	1506	1669	1669	1669	99.881	99.881	1	1	1-837	CP091195.1;NZ_CP069053.1;NZ_CP069060.1;NZ_CP090902.1;NZ_CP136587.1;NZ_CP170632.1;OU953855.1;OX384028.1
G879d64dd230fdda0e6543426	P8fcb3dea8eb09c45fa38015a	Telicota_bambusae	A_only	A	0	0	0	0	ab6f8ad35f9668a4ca3a7a35bcdf76ba5edc783a89968529a14adef02d1ff3bf	-86	-95	-0.05512820512820512820512820513	1	0	0	False	NOT_ASSIGNED	113	113	2814	3120	3120	3120	100.000	100.000	1	1	1-1560	CP003884.1;NZ_OX366332.1;NZ_OX366352.1;NZ_OX366353.1;NZ_OX366359.1;NZ_OX366397.1;NZ_OZ034713.1;NZ_OZ034764.1;NZ_OZ034769.1;NZ_OZ034773.1;NZ_OZ034792.1	74	74	2728	3025	3025	3025	98.782	98.782	1	1	1-1560	NZ_OZ034708.1	1	1	1515	1679	1679	1679	81.242	81.242	1	1	1-1560	NZ_OZ034692.1	49	49	2629	2915	2915	2915	97.372	97.372	1	1	1-1560	NZ_CP102058.1
G2e517b11d1fd530a42b98f77	P942e1b2a3926d675d1974bf5	Telicota_bambusae	A_only	A	0	0	0	0	af23929326c50fb142d7910fdf6d21671df07a9af9e9e209b3c58fc12252eef9	-9	-10	-0.01224489795918367346938775510	1	0	0	False	NOT_ASSIGNED	80	80	1326	1470	1470	1470	100.000	100.000	1	1	1-735	CP003884.1;NZ_CP054598.1;NZ_OX366352.1;NZ_OX366353.1;NZ_OX366359.1;NZ_OX366397.1;NZ_OZ034713.1;NZ_OZ034764.1;NZ_OZ034769.1;NZ_OZ034773.1	1	1	1317	1460	1460	1460	99.728	99.728	1	1	1-735	NZ_OZ035002.1	0	0											15	15	1317	1460	1460	1460	99.728	99.728	1	1	1-735	NZ_CP157591.1;NZ_CP170632.1;NZ_CP175927.1
G4552cb1356a0b01503fd066c	P95855010e0c2448a44e263ca	Telicota_bambusae	A_only	A	0	0	0	0	76d343faa6dc085104277f6f181b1af156b8dc41d8d8f5ddaf0fa906300208f4	-22	-25	-0.03395061728395061728395061728	1	0	0	False	NOT_ASSIGNED	80	80	1169	1296	1296	1296	100.000	100.000	1	1	1-648	CP003884.1;NZ_CP041215.1;NZ_CP054598.1;NZ_OX366326.1;NZ_OX366332.1;NZ_OX366351.1;NZ_OX366352.1;NZ_OX366353.1;NZ_OX366389.1;NZ_OX366397.1;NZ_OX366398.1;NZ_OX366400.1;NZ_OZ014602.1;NZ_OZ034690.1;NZ_OZ034713.1;NZ_OZ034715.1;NZ_OZ034716.1;NZ_OZ034726.1;NZ_OZ034728.1;NZ_OZ034762.1;NZ_OZ034764.1;NZ_OZ034769.1;NZ_OZ034773.1;NZ_OZ034779.1;NZ_OZ034792.1;NZ_OZ187004.1;NZ_OZ195515.1;NZ_OZ195525.1	1	1	1147	1271	1271	1271	99.228	99.228	1	1	1-648	NZ_OZ035002.1	0	0											15	15	1165	1291	1291	1291	99.846	99.846	1	1	1-648	NZ_CP110359.1;NZ_OU909470.1;OU953855.1
Gc610bf09fc56fc4548a0e17d	P9897241121f49b098577aa4d	Telicota_bambusae	A_only	A	0	0	0	1	378df916bdf43fbe0bc7dc0f56cc24bfac8c32b6c17f6d7e4ad8cc334a102a3b	-14	-15	-0.04093567251461988304093567251	1	0	0	False	NOT_ASSIGNED	102	90	618	684	684	684	100.000	100.000	1	1	1-342	CP003884.1;NZ_CP041215.1;NZ_CP054598.1;NZ_OX366332.1;NZ_OX366352.1;NZ_OX366353.1;NZ_OX366359.1;NZ_OX366397.1;NZ_OZ034713.1;NZ_OZ034769.1;NZ_OZ034773.1;NZ_OZ034792.1	1	1	604	669	669	669	99.123	99.123	1	1	1-342	NZ_OZ035002.1	0	0											15	14	613	679	679	679	99.708	99.708	1	1	1-342	CP091195.1;NZ_CP110359.1
Gc85d7bfff80d6057372d6a8f	Pa2bce227857811250a569cd1	Telicota_bambusae	A_only	A	0	0	0	0	5dd6595b77fd6d98bacaa85ca8c2d4f8ba6a85a07f09c167c064130b1236aaef	-9	-10	-0.02970297029702970297029702970	1	0	0	False	NOT_ASSIGNED	106	106	547	606	606	606	100.000	100.000	1	1	1-303	NZ_CP041215.1;NZ_CP054598.1;NZ_OX366319.1;NZ_OX366326.1;NZ_OX366332.1;NZ_OX366351.1;NZ_OX366352.1;NZ_OX366353.1;NZ_OX366356.1;NZ_OX366369.1;NZ_OX366397.1;NZ_OX366400.1;NZ_OZ014602.1;NZ_OZ034690.1;NZ_OZ034701.1;NZ_OZ034702.1;NZ_OZ034713.1;NZ_OZ034716.1;NZ_OZ034719.1;NZ_OZ034720.1;NZ_OZ034721.1;NZ_OZ034726.1;NZ_OZ034728.1;NZ_OZ034762.1;NZ_OZ034764.1;NZ_OZ034769.1;NZ_OZ034773.1;NZ_OZ034792.1;NZ_OZ034913.1;NZ_OZ187004.1;NZ_OZ195515.1;NZ_OZ195525.1	6	6	538	596	596	596	99.340	99.340	1	1	1-303	NZ_OZ035002.1	0	0											31	30	543	601	601	601	99.670	99.670	1	1	1-303	CP091195.1;NZ_CP110359.1;OU953855.1
Gf43dc30ec5f4c07d336e858c	Pa87d72afcf636cec7bbf5d9e	Telicota_bambusae	A_unknown_tie	A;unknown	0	0	0	0	dcc0dc6ce368564e82239f6cabe9ff333e7bf526507e9f29816809f18f28f7f3	-20	-22	-0.06006006006006006006006006006	0	0	0	False	NOT_ASSIGNED	104	104	601	666	666	666	100.000	100.000	1	1	1-333	NZ_CP041215.1;NZ_CP054598.1;NZ_OX366272.1;NZ_OX366327.1;NZ_OX366352.1;NZ_OX366353.1;NZ_OX366357.1;NZ_OX366359.1;NZ_OX366375.1;NZ_OX366378.1;NZ_OX366387.1;NZ_OX366388.1;NZ_OX366389.1;NZ_OX366395.1;NZ_OX366397.1;NZ_OX366398.1;NZ_OZ017714.1;NZ_OZ034695.1;NZ_OZ034701.1;NZ_OZ034712.1;NZ_OZ034713.1;NZ_OZ034717.1;NZ_OZ034720.1;NZ_OZ034763.1;NZ_OZ034764.1;NZ_OZ034769.1;NZ_OZ034773.1;NZ_OZ034779.1;NZ_OZ034785.1;NZ_OZ034792.1;NZ_OZ034796.1;NZ_OZ034998.1;NZ_OZ035007.1;NZ_OZ195518.1;OX366363.1;OZ034697.1	5	5	581	644	644	644	98.795	98.795	0.9969969969969969969969969970	0.9969969969969969969969969970	1-332	NZ_OZ035002.1	0	0											24	24	601	666	666	666	100.000	100.000	1	1	1-333	CP091195.1;NZ_OU909470.1;OU953855.1
Gb31f8e120f5085de72f50b14	Pb3f06ba9a36b08c87a7cccb2	Telicota_bambusae	A_only	A	0	0	0	0	d1f3350f6106aa13c649cddae7269b147a3795ee03847db76cbfd9ddbffe29d4					0	1	False	NOT_ASSIGNED	32	32	747	828	828	828	100.000	100.000	1	1	1-414	CP003884.1;NZ_CP041215.1;NZ_OX366332.1;NZ_OX366352.1;NZ_OX366353.1;NZ_OX366359.1;NZ_OX366397.1;NZ_OZ034713.1;NZ_OZ034764.1;NZ_OZ034769.1;NZ_OZ034773.1	0	0											0	0											2	2	735	814	814	814	99.517	99.517	1	1	1-414	NZ_CP110359.1;NZ_OU909470.1
Gfc168cd777522f20e0274376	Pb53b4d94c05a6d484ec8e538	Telicota_bambusae	A_only	A	0	0	0	0	d80d4819e32f129f3f2cee80595291ad16017ba7fe274f88394c5a99b1cb2dad					0	1	False	NOT_ASSIGNED	32	32	785	870	870	870	100.000	100.000	1	1	1-435	CP003884.1;NZ_CP054598.1;NZ_OX366332.1;NZ_OX366353.1;NZ_OX366359.1;NZ_OX366397.1;NZ_OZ034713.1;NZ_OZ034764.1;NZ_OZ034769.1;NZ_OZ034773.1	0	0											0	0											3	3	764	846	846	846	99.080	99.080	1	1	1-435	NZ_OU909470.1
G43d2d58a7ae719f9282a14e7	Pbf111878b49f8635cfc0b308	Telicota_bambusae	A_only	A	0	0	0	0	3934283253a0053603b857362c80f04f2c5da042c3ecc971bd4ad5e6a0f15672	-68	-75	-0.08651399491094147582697201018	1	0	0	False	NOT_ASSIGNED	53	53	1414	1567	1567	1567	99.873	99.873	1	1	1-786	CP003884.1;NZ_CP041215.1;NZ_OX366332.1;NZ_OX366352.1;NZ_OX366353.1;NZ_OX366397.1;NZ_OZ034713.1;NZ_OZ034769.1;NZ_OZ034773.1	2	2	1346	1492	1492	1492	97.964	97.964	1	1	1-786	NZ_OZ034708.1	0	0											11	11	1311	1453	1453	1453	97.066	97.066	0.9974554707379134860050890585	0.9974554707379134860050890585	1-784	NZ_CP110359.1
Gc399a2889a3327696ebea158	Pc399a2889a3327696ebea158	Telicota_bambusae	A_only	A	0	0	0	1	95aca293a502ea7cad8f86de42766500d9276697ec986ca30230b6e92cdd2eb0	-1703	-1889	-0.8215147129763627592860588519	0	0	0	False	NOT_ASSIGNED	47	47	3728	4134	4134	4134	99.904	99.904	1	1	1-2073	NZ_OZ034769.1	1	1	2025	2245	2245	2245	90.166	90.166	0.6473709599614085865894838398	0.6473709599614085865894838398	1-1342	NZ_OZ035002.1	0	0											13	13	3328	3690	3690	3690	93.336	93.336	1	1	1-2073	OU953855.1
G6c84b983326ee0a7a6b8eab4	Pcd189dc1eefba4ae08285709	Telicota_bambusae	A_only	A	0	0	0	0	989ee06912f065deac462a00378f0d7aad13a7092b5a2a4d7e3e26423014f6d0	-23	-25	-0.02203065134099616858237547893	1	0	0	False	NOT_ASSIGNED	87	85	1879	2083	2083	2083	99.904	99.904	1	1	1-1044	CP003884.1;NZ_CP041215.1;NZ_OX366352.1;NZ_OX366359.1;NZ_OX366387.1;NZ_OZ017714.1;NZ_OZ025779.1;NZ_OZ034695.1;NZ_OZ034763.1;NZ_OZ034764.1;NZ_OZ034769.1;NZ_OZ034792.1;NZ_OZ034793.1	5	5	1856	2058	2058	2058	99.425	99.425	1	1	1-1044	NZ_OZ035002.1	0	0											22	20	1870	2073	2073	2073	99.713	99.713	1	1	1-1044	NZ_CP110359.1
G32aad80009e5dad6e599ef1a	Pd361fb920038257624d583f4	Telicota_bambusae	A_only	A	0	0	0	0	4f19a8415044f384e762b40ed923622ac516963d0bdc3d3aa9e50d6f43871ea2					0	1	False	NOT_ASSIGNED	25	25	720	798	798	798	100.000	100.000	1	1	1-399	CP003884.1;CP042904.1;NZ_CP041215.1;NZ_OX366327.1;NZ_OX366332.1;NZ_OX366352.1;NZ_OX366353.1;NZ_OX366359.1;NZ_OX366375.1;NZ_OX366389.1;NZ_OX366397.1;NZ_OX366398.1;NZ_OZ034712.1;NZ_OZ034713.1;NZ_OZ034764.1;NZ_OZ034769.1;NZ_OZ034773.1;NZ_OZ034779.1;NZ_OZ034792.1;NZ_OZ034796.1;NZ_OZ195515.1;NZ_OZ195518.1;OZ034697.1	0	0											0	0											1	1	624	691	691	691	94.724	94.724	0.9974937343358395989974937343	0.9974937343358395989974937343	2-399	NZ_OZ195521.1
G846aa87d0ca73d17b2f1f4c5	Pda2dffc75bee2718e9054d16	Telicota_bambusae	A_only	A	0	0	0	0	58011873e3b2f00260f99821a0fa47995be265d78c31d2d9f5cb4cadaa8d1dad	-2424	-2688	-1.260530421216848673946957878	0	0	0	False	NOT_ASSIGNED	37	37	3464	3841	3841	3841	99.948	99.948	1	1	1-1923	NZ_OX366327.1;NZ_OX366332.1;NZ_OX366352.1;NZ_OX366359.1;NZ_OZ034764.1;NZ_OZ034769.1;NZ_OZ034792.1	1	1	1040	1153	1153	1153	76.764	76.764	0.7171086843473738949557982319	0.7171086843473738949557982319	1-1379	NZ_OZ181655.1	0	0											3	3	2931	3250	3250	3250	93.747	93.747	1	1	1-1923	CP091195.1
G82f7ca2da62f6a22a19c0004	Pdd5c78cc55f1937e37fb3db7	Telicota_bambusae	A_only	A	0	0	0	0	365ef1987c3bf255e29631a776a9762e2ad00a7b6ddbe8c57fcde7a501f39ee4	-18	-20	-0.02803738317757009345794392523	1	0	0	False	NOT_ASSIGNED	80	80	1159	1284	1284	1284	100.000	100.000	1	1	1-642	NZ_CP041215.1;NZ_OX366326.1;NZ_OX366332.1;NZ_OX366351.1;NZ_OX366352.1;NZ_OX366353.1;NZ_OX366397.1;NZ_OX366400.1;NZ_OZ014602.1;NZ_OZ034690.1;NZ_OZ034713.1;NZ_OZ034716.1;NZ_OZ034726.1;NZ_OZ034762.1;NZ_OZ034764.1;NZ_OZ034769.1;NZ_OZ034773.1;NZ_OZ034792.1;NZ_OZ187004.1;NZ_OZ195525.1;OZ034694.1	1	1	1141	1264	1264	1264	99.377	99.377	1	1	1-642	NZ_OZ035002.1	0	0											15	15	1145	1269	1269	1269	99.533	99.533	1	1	1-642	NZ_CP090902.1;NZ_CP110359.1;NZ_CP136587.1;NZ_CP157591.1;NZ_CP170632.1;NZ_CP175927.1;OX384028.1
Gea2fdf4fc29a9ca1a51f40bb	Pfa51b8e46837a9b1625cc8c5	Telicota_bambusae	A_only	A	0	0	0	1	4187862981802a89517c70911e1a937a05cc2dd19b4a716b57702be67830ed6c	-320	-355	-0.09259259259259259259259259259	1	0	0	False	NOT_ASSIGNED	87	87	6233	6912	6912	6912	100.000	100.000	1	1	1-3456	NZ_OX366359.1;NZ_OX366397.1;NZ_OZ034773.1	13	13	5913	6557	6557	6557	97.946	97.946	1	1	1-3456	NZ_OZ035002.1	0	0											27	27	5918	6562	6562	6562	97.975	97.975	1	1	1-3456	NZ_CP069053.1;NZ_CP069060.1;NZ_CP136587.1;NZ_CP175927.1
G8e63cb07b6733e9be7e28721	Pfd55ca99eaf0d62d7a09bf25	Telicota_bambusae	A_only	A	0	0	0	0	1ed3704cf0b4f2f7f6a02c770aab99aa12963364842fe710073cc797844e2a20	-81	-90	-0.2477064220183486238532110092	0	0	0	False	NOT_ASSIGNED	47	47	590	654	654	654	100.000	100.000	1	1	1-327	CP003884.1;NZ_CP041215.1;NZ_OX366352.1;NZ_OX366353.1;NZ_OX366359.1;NZ_OX366397.1;NZ_OZ034713.1;NZ_OZ034720.1;NZ_OZ034764.1;NZ_OZ034769.1;NZ_OZ034773.1;NZ_OZ034792.1	2	2	509	564	564	564	96.203	96.203	0.9663608562691131498470948012	0.9663608562691131498470948012	1-316	NZ_OZ181655.1	0	0											4	4	545	604	604	604	97.546	97.546	0.9938837920489296636085626911	0.9938837920489296636085626911	1-325	NZ_CP175923.1
Gcfaae58862f945b7684be3ac	P13e05d070734305f12c2eb26	Thoressa_kuata	A_only	A	0	1	1	0	ddcb027886a6645565d81124afece9401205422c9beb34af67e9b6da46bdf738	-54	-60	-0.1730769230769230769230769231	0	0	0	False	NOT_ASSIGNED	20	20	563	624	624	624	100.000	100.000	1	1	1-312	NZ_OX366364.1;NZ_OX366367.1;NZ_OZ034699.1;NZ_OZ034760.1;NZ_OZ034985.1	1	1	509	564	564	564	95.283	95.283	0.9935897435897435897435897436	0.9935897435897435897435897436	1-310	NZ_OZ181655.1	0	0											2	2	547	606	606	606	99.351	99.351	0.9871794871794871794871794872	0.9871794871794871794871794872	1-308	NZ_CP175923.1
Gf08d86011a960f4e81f0d29c	P1440feb117cd723f6abb3813	Thoressa_kuata	unknown_only	unknown	0	1	1	0	89fc485b19b7acf610e3f69ab40f6a5a652ddbb20a476e3153892f5a0de36a4b	-22	-25	-0.008761449621664675428116288331	1	0	0	False	NOT_ASSIGNED	113	113	4434	4917	4917	4917	99.164	99.164	1	1	1-2511	NZ_OX366364.1	73	73	4412	4892	4892	4892	98.965	98.965	1	1	1-2511	NZ_OZ034708.1	0	0											47	47	4439	4922	4922	4922	99.204	99.204	1	1	1-2511	NZ_CP175923.1
G6f728ec6eefb3e7a8766e05d	P1b1b9bd92b6d337fd150f16a	Thoressa_kuata	A_unknown_tie	A;unknown	0	1	1	0	53b1df2b9fc24b69fe3a7820cee1e5159f23e3356a2e5df24344fb4861042435	-392	-434	-0.2923191648023862788963460104	0	0	0	False	NOT_ASSIGNED	32	32	2415	2677	2677	2677	99.925	99.925	1	1	1-1341	NZ_OZ034760.1	71	71	2023	2243	2243	2243	99.560	99.560	0.8463832960477255779269202088	0.8463832960477255779269202088	1-1135	NZ_OZ034708.1	0	0											26	26	2415	2677	2677	2677	99.925	99.925	1	1	1-1341	NZ_CP175923.1
G8055e4ff523be14c4bb30eda	P1b45d62aeeff39a57fb5f62e	Thoressa_kuata	B_only	B	1	1	1	0	0dc6eb0212af7be40e29df3fe507d13ad6828fdbe2708a1c398b7e35e4811f83	84	93	0.08069164265129682997118155620	0	0	0	False	NOT_ASSIGNED	14	14	1661	1841	1841	1841	96.888	96.888	0.9481268011527377521613832853	0.9481268011527377521613832853	1-987	NZ_OZ034770.1	69	69	1745	1934	1934	1934	97.659	97.659	0.9759846301633045148895292988	0.9759846301633045148895292988	1-1016	NZ_OZ034708.1	0	0											16	16	1192	1321	1321	1321	87.050	87.050	0.9260326609029779058597502402	0.9260326609029779058597502402	25-988	NZ_CP087954.1
Gefd8ea36dccb0308fb17588d	P1c6d0324297a9a0d8c4410e8	Thoressa_kuata	A_only	A	0	1	1	0	2ec3b69c32b396cdcbfabd7f76049e8e7249aae19b6fec132b8d90c1cfd0e20b	-167	-185	-0.4383202099737532808398950131	1	0	0	False	NOT_ASSIGNED	8	8	688	762	762	762	100.000	100.000	1	1	1-381	NZ_OX366367.1;NZ_OZ034699.1;NZ_OZ034725.1;NZ_OZ034760.1	71	70	521	577	577	577	90.289	90.289	1	1	1-381	NZ_OZ034749.1	0	0											16	15	538	596	596	596	91.623	91.623	1	1	1-381	NZ_CP102058.1
Gd509b794f40409acccc08236	P23e7a20ecc5930faafdadf7b	Thoressa_kuata	B_only	B	1	1	1	1	6bedbc7842c398e733a45eb18d1642a8ce83ad9b1c926f5e992e93f993abc000	140	155	0.09702009702009702009702009702	1	0	0	False	NOT_ASSIGNED	114	113	2454	2721	2721	2721	97.713	97.713	1	1	1-1443	NZ_OX366367.1;NZ_OZ034699.1;NZ_OZ034760.1	74	74	2594	2876	2876	2876	99.861	99.861	1	1	1-1443	NZ_OZ034708.1	1	1	1674	1856	1856	1856	85.724	85.724	1	1	1-1443	NZ_OZ034692.1	51	50	2396	2656	2656	2656	96.812	96.812	1	1	1-1443	NZ_CP021120.1;NZ_CP149530.1
G0e84bdfebb9848e54b24c048	P3401dac7e10825aca4057dca	Thoressa_kuata	AB_unknown_tie	A;B;unknown	0	1	1	0	83aec123eba6599ec1e9275b5970ba195478cc91e404bba4be45efcd1c46ee8d	0	0	0	1	0	0	False	NOT_ASSIGNED	3	3	542	600	600	600	100.000	100.000	1	1	1-300	NZ_OZ034991.1	71	71	542	600	600	600	100.000	100.000	1	1	1-300	NZ_OX366321.1;NZ_OX366323.1;NZ_OX366330.1;NZ_OX366331.1;NZ_OX366336.1;NZ_OX366337.1;NZ_OX366340.1;NZ_OX366343.1;NZ_OX366346.1;NZ_OX366358.1;NZ_OX366360.1;NZ_OX366361.1;NZ_OX366365.1;NZ_OX366373.1;NZ_OX366386.1;NZ_OX366394.1;NZ_OX366401.1;NZ_OZ034689.1;NZ_OZ034698.1;NZ_OZ034705.1;NZ_OZ034718.1;NZ_OZ034751.1;NZ_OZ034752.1;NZ_OZ034765.1;NZ_OZ034777.1;NZ_OZ034783.1;NZ_OZ034789.1;NZ_OZ034795.1;NZ_OZ034799.1;NZ_OZ034910.1;NZ_OZ077190.1;NZ_OZ238265.1	0	0											14	14	542	600	600	600	100.000	100.000	1	1	1-300	NZ_CP021120.1;NZ_CP087954.1
Ga83dca3015c9c43baddccaf4	P507058803c71333cf0b9f49f	Thoressa_kuata	A_only	A	0	1	1	0	ff7f2563605f4b05feefe68718a95dc82542c4abe509f495f37fc2cc8ab910cd	-110	-121	-0.1437908496732026143790849673	0	0	0	False	NOT_ASSIGNED	113	113	1278	1416	1416	1416	97.361	97.361	0.9908496732026143790849673203	0.9908496732026143790849673203	1-758	NZ_OX366362.1	74	74	1168	1295	1295	1295	93.856	93.856	1	1	1-765	NZ_OZ034708.1	1	1	833	923	923	923	84.321	84.321	0.9921568627450980392156862745	0.9921568627450980392156862745	1-759	NZ_OZ034692.1	51	51	1214	1346	1346	1346	95.515	95.515	0.9908496732026143790849673203	0.9908496732026143790849673203	1-758	NZ_CP149530.1
Gbfa963e37b91cfdf7be223d2	P642aafeefb367660a9b78c39	Thoressa_kuata	A_only	A	0	1	1	1	0652fdb6ccada8b7c670468df21dd9781d128b72f1e7ff3d318465d843453711	-31	-35	-0.02271062271062271062271062271	0	0	0	False	NOT_ASSIGNED	114	113	2372	2630	2630	2630	98.535	98.535	1	1	1-1365	NZ_OX366344.1;NZ_OZ034756.1	74	74	2341	2595	2595	2595	97.812	97.812	0.9985347985347985347985347985	0.9985347985347985347985347985	1-1363	NC_010981.1;NZ_OX366317.1;NZ_OX366322.1;NZ_OX366330.1;NZ_OX366340.1;NZ_OX366358.1;NZ_OX366361.1;NZ_OX366365.1;NZ_OX366392.1;NZ_OX366394.1;NZ_OZ034689.1;NZ_OZ034698.1;NZ_OZ034705.1;NZ_OZ034751.1;NZ_OZ034799.1;NZ_OZ077190.1;NZ_OZ238265.1	1	1	1460	1618	1618	1618	83.988	83.988	0.9882783882783882783882783883	0.9882783882783882783882783883	1-1349	NZ_OZ034692.1	51	50	2341	2595	2595	2595	97.812	97.812	0.9985347985347985347985347985	0.9985347985347985347985347985	1-1363	NZ_CP087954.1;NZ_CP192272.1
G6ed64aae0f70065dfb1ddfaf	P71bb8c7f5b149dba1c7305d5	Thoressa_kuata	A_only	A	0	1	1	0	c6be24ca03170c1a63fd4c62e53bdc453eb7a8f9f804205fafe1777a967a97cb	-95	-105	-0.08870214752567693744164332400	1	0	0	False	NOT_ASSIGNED	76	74	1865	2067	2067	2067	99.712	99.712	0.9719887955182072829131652661	0.9719887955182072829131652661	1-1041	NZ_OX366367.1;NZ_OZ034699.1;NZ_OZ034760.1	1	1	1770	1962	1962	1962	97.695	97.695	0.9719887955182072829131652661	0.9719887955182072829131652661	1-1041	NZ_OZ035002.1	0	0											19	19	1770	1962	1962	1962	97.695	97.695	0.9719887955182072829131652661	0.9719887955182072829131652661	1-1041	NZ_CP069053.1;NZ_CP069060.1;NZ_CP090902.1;NZ_CP175927.1;OX384028.1
Gddfb97e8fd29a0bb40302fc3	P72ae142d3355c55e688b5d5c	Thoressa_kuata	AB_unknown_tie	A;B;unknown	0	1	1	0	75b762e19f2760861f9d88c86c5fffd6092716966d3498e8d1159c3353b8e5eb	0	0	0	1	0	0	False	NOT_ASSIGNED	4	4	1440	1596	1596	1596	100.000	100.000	1	1	1-798	NZ_OZ034991.1	69	69	1440	1596	1596	1596	100.000	100.000	1	1	1-798	NZ_OX366317.1;NZ_OX366321.1;NZ_OX366322.1;NZ_OX366328.1;NZ_OX366329.1;NZ_OX366330.1;NZ_OX366331.1;NZ_OX366340.1;NZ_OX366346.1;NZ_OX366358.1;NZ_OX366360.1;NZ_OX366361.1;NZ_OX366365.1;NZ_OX366392.1;NZ_OX366394.1;NZ_OZ034689.1;NZ_OZ034698.1;NZ_OZ034705.1;NZ_OZ034718.1;NZ_OZ034723.1;NZ_OZ034751.1;NZ_OZ034754.1;NZ_OZ034777.1;NZ_OZ034795.1;NZ_OZ034799.1;NZ_OZ034910.1;NZ_OZ034914.1;NZ_OZ077190.1;NZ_OZ195524.1;NZ_OZ238265.1	0	0											13	13	1440	1596	1596	1596	100.000	100.000	1	1	1-798	NZ_CP087954.1;NZ_CP092526.1
Gf50ffe8d8a7f17883ca7e0ed	P8199b65d2f3a3eb73fd3881f	Thoressa_kuata	A_unknown_tie	A;unknown	0	1	1	0	e986e5f28c170a865a391d345cd6abe71a9fe61ce8b05ea3c50852d1bd3efb90	-583	-647	-0.4615993665874901029295328583	0	0	0	False	NOT_ASSIGNED	21	18	1677	1859	1859	1859	89.153	89.153	1	1	1-1263	NZ_OX366327.1;NZ_OX366399.1;NZ_OX366400.1;NZ_OZ187004.1	2	1	1094	1212	1212	1212	85.000	85.000	0.7577197149643705463182897862	0.7577197149643705463182897862	307-1263	NZ_OX366345.1	0	0											1	1	1677	1859	1859	1859	89.153	89.153	1	1	1-1263	NZ_CP170632.1
Gd14855e23c599be17c532195	P8fcb3dea8eb09c45fa38015a	Thoressa_kuata	unknown_only	unknown	0	1	1	0	0c9740491fa8f8d1019905f5ff4f3090142b7649970fde8e41c80c80b73ae8d5	-130	-145	-0.08333333333333333333333333333	1	0	0	False	NOT_ASSIGNED	113	113	2737	3035	3035	3035	98.910	98.910	1	1	1-1560	NZ_OX366364.1	74	74	2607	2890	2890	2890	97.051	97.051	1	1	1-1560	NZ_OZ035002.1;NZ_OZ181655.1	1	1	1582	1754	1754	1754	82.193	82.193	1	1	1-1560	NZ_OZ034692.1	49	49	2742	3040	3040	3040	98.974	98.974	1	1	1-1560	NZ_CP175923.1
G4b8ce13ea4e95a6c58af4ac0	Pc399a2889a3327696ebea158	Thoressa_kuata	A_only	A	0	1	1	1	84cc1c49f066b52856569afce147ae0b3c2b0082a13c04813ce809ce294d918e	-383	-425	-0.1888560157790927021696252465	1	0	0	False	NOT_ASSIGNED	56	56	3374	3741	3741	3741	96.548	96.548	1	1	1-2028	NZ_OX366388.1	1	1	2991	3316	3316	3316	88.338	88.338	1	1	1-2028	NZ_OZ035002.1	0	0											13	13	3093	3429	3429	3429	90.476	90.476	1	1	1-2028	NZ_CP069053.1;NZ_CP069060.1
Gf3d677544794f70ccd3ef374	Pfa51b8e46837a9b1625cc8c5	Thoressa_kuata	unknown_only	unknown	0	1	1	1	0a4214b662c7d175372c0f7f88d578d886129e6e7c57f81d18f077cfd1de4649	-14	-16	-0.004148148148148148148148148148	1	0	0	False	NOT_ASSIGNED	88	88	5735	6360	6360	6360	97.689	97.689	1	1	1-3375	NZ_OX366364.1	56	55	5721	6344	6344	6344	97.570	97.570	1	1	1-3375	NZ_OZ034708.1	1	1	3069	3403	3403	3403	86.960	86.960	0.7472592592592592592592592593	0.7472592592592592592592592593	1-2522	NZ_OZ034692.1	36	36	5745	6370	6370	6370	97.748	97.748	1	1	1-3375	NZ_CP175923.1
